from,to,open,high,low,close
2026-09-25T01:55:00Z,2026-09-25T02:00:00Z,0.356355,0.358285,0.349175,0.349745
2026-09-25T02:00:00Z,2026-09-25T02:05:00Z,0.349695,0.351455,0.340785,0.347405
2026-09-25T02:05:00Z,2026-09-25T02:10:00Z,0.347345,0.353945,0.344325,0.349115
2026-09-25T02:10:00Z,2026-09-25T02:15:00Z,0.349145,0.353815,0.346585,0.351935
2026-09-25T02:15:00Z,2026-09-25T02:20:00Z,0.351955,0.358315,0.350605,0.352765
2026-09-25T02:20:00Z,2026-09-25T02:25:00Z,0.352815,0.359165,0.344515,0.345475
2026-09-25T02:25:00Z,2026-09-25T02:30:00Z,0.345655,0.355235,0.340545,0.340975
2026-09-25T02:30:00Z,2026-09-25T02:35:00Z,0.340935,0.348645,0.340845,0.344225
2026-09-25T02:35:00Z,2026-09-25T02:40:00Z,0.344265,0.345175,0.339035,0.342615
2026-09-25T02:40:00Z,2026-09-25T02:45:00Z,0.342425,0.346845,0.341145,0.344135
2026-09-25T02:45:00Z,2026-09-25T02:50:00Z,0.344255,0.347295,0.336645,0.336645
2026-09-25T02:50:00Z,2026-09-25T02:55:00Z,0.336845,0.343275,0.332775,0.340685
2026-09-25T02:55:00Z,2026-09-25T03:00:00Z,0.340265,0.353315,0.339495,0.353005
2026-09-25T03:00:00Z,2026-09-25T03:05:00Z,0.352825,0.352955,0.340945,0.341585
2026-09-25T03:05:00Z,2026-09-25T03:10:00Z,0.341695,0.351345,0.340795,0.343585
2026-09-25T03:10:00Z,2026-09-25T03:15:00Z,0.343505,0.349025,0.340235,0.342535
2026-09-25T03:15:00Z,2026-09-25T03:20:00Z,0.342565,0.350835,0.341795,0.349575
2026-09-25T03:20:00Z,2026-09-25T03:25:00Z,0.349695,0.351945,0.345295,0.350595
2026-09-25T03:25:00Z,2026-09-25T03:30:00Z,0.350545,0.365015,0.349505,0.363745
2026-09-25T03:30:00Z,2026-09-25T03:35:00Z,0.363355,0.363355,0.352585,0.360115
2026-09-25T03:35:00Z,2026-09-25T03:40:00Z,0.360235,0.361305,0.351505,0.354125
2026-09-25T03:40:00Z,2026-09-25T03:45:00Z,0.354145,0.359035,0.351025,0.357545
2026-09-25T03:45:00Z,2026-09-25T03:50:00Z,0.357635,0.363805,0.354525,0.358325
2026-09-25T03:50:00Z,2026-09-25T03:55:00Z,0.357645,0.367435,0.355215,0.365145
2026-09-25T03:55:00Z,2026-09-25T04:00:00Z,0.365265,0.365995,0.350655,0.353835
2026-09-25T04:00:00Z,2026-09-25T04:05:00Z,0.353925,0.354385,0.345335,0.350145
2026-09-25T04:05:00Z,2026-09-25T04:10:00Z,0.349955,0.352325,0.344755,0.348105
2026-09-25T04:10:00Z,2026-09-25T04:15:00Z,0.348185,0.356465,0.344505,0.351605
2026-09-25T04:15:00Z,2026-09-25T04:20:00Z,0.351425,0.356145,0.344825,0.354785
2026-09-25T04:20:00Z,2026-09-25T04:25:00Z,0.354855,0.355145,0.342265,0.344035
2026-09-25T04:25:00Z,2026-09-25T04:30:00Z,0.343875,0.349085,0.341075,0.345425
2026-09-25T04:30:00Z,2026-09-25T04:35:00Z,0.345545,0.350535,0.342715,0.347495
2026-09-25T04:35:00Z,2026-09-25T04:40:00Z,0.347245,0.355795,0.346505,0.351965
2026-09-25T04:40:00Z,2026-09-25T04:45:00Z,0.351875,0.353875,0.342775,0.342775
2026-09-25T04:45:00Z,2026-09-25T04:50:00Z,0.342945,0.345645,0.336785,0.341465
2026-09-25T04:50:00Z,2026-09-25T04:55:00Z,0.341265,0.355235,0.341075,0.354955
2026-09-25T04:55:00Z,2026-09-25T05:00:00Z,0.354745,0.365885,0.354525,0.358365
2026-09-25T05:00:00Z,2026-09-25T05:05:00Z,0.358185,0.361895,0.350105,0.354135
2026-09-25T05:05:00Z,2026-09-25T05:10:00Z,0.354265,0.359205,0.349665,0.358845
2026-09-25T05:10:00Z,2026-09-25T05:15:00Z,0.359175,0.362665,0.347585,0.349195
2026-09-25T05:15:00Z,2026-09-25T05:20:00Z,0.348915,0.357955,0.341695,0.357955
2026-09-25T05:20:00Z,2026-09-25T05:25:00Z,0.357875,0.361195,0.347705,0.360725
2026-09-25T05:25:00Z,2026-09-25T05:30:00Z,0.360505,0.362095,0.347875,0.354055
2026-09-25T05:30:00Z,2026-09-25T05:35:00Z,0.353835,0.365285,0.351825,0.352825
2026-09-25T05:35:00Z,2026-09-25T05:40:00Z,0.353095,0.360845,0.349795,0.358145
2026-09-25T05:40:00Z,2026-09-25T05:45:00Z,0.358235,0.365745,0.354865,0.363945
2026-09-25T05:45:00Z,2026-09-25T05:50:00Z,0.364155,0.369165,0.362505,0.367765
2026-09-25T05:50:00Z,2026-09-25T05:55:00Z,0.367785,0.385135,0.363135,0.383675
2026-09-25T05:55:00Z,2026-09-25T06:00:00Z,0.383575,0.385285,0.372095,0.372095
2026-09-25T06:00:00Z,2026-09-25T06:05:00Z,0.371905,0.385525,0.368585,0.375925
2026-09-25T06:05:00Z,2026-09-25T06:10:00Z,0.376055,0.378695,0.367855,0.378045
2026-09-25T06:10:00Z,2026-09-25T06:15:00Z,0.378015,0.379465,0.372285,0.374015
2026-09-25T06:15:00Z,2026-09-25T06:20:00Z,0.373305,0.376675,0.369185,0.372195
2026-09-25T06:20:00Z,2026-09-25T06:25:00Z,0.372255,0.382975,0.368075,0.380425
2026-09-25T06:25:00Z,2026-09-25T06:30:00Z,0.380665,0.380915,0.371725,0.372135
2026-09-25T06:30:00Z,2026-09-25T06:35:00Z,0.372395,0.385915,0.371395,0.385915
2026-09-25T06:35:00Z,2026-09-25T06:40:00Z,0.385765,0.393645,0.383345,0.386435
2026-09-25T06:40:00Z,2026-09-25T06:45:00Z,0.386805,0.387235,0.373425,0.374615
2026-09-25T06:45:00Z,2026-09-25T06:50:00Z,0.374695,0.380825,0.370775,0.373295
2026-09-25T06:50:00Z,2026-09-25T06:55:00Z,0.373355,0.376855,0.369485,0.374675
2026-09-25T06:55:00Z,2026-09-25T07:00:00Z,0.374735,0.390515,0.374645,0.388725
2026-09-25T07:00:00Z,2026-09-25T07:05:00Z,0.388685,0.392825,0.384235,0.387905
2026-09-25T07:05:00Z,2026-09-25T07:10:00Z,0.387765,0.400805,0.386715,0.400555
2026-09-25T07:10:00Z,2026-09-25T07:15:00Z,0.400605,0.401165,0.392695,0.398345
2026-09-25T07:15:00Z,2026-09-25T07:20:00Z,0.398195,0.399505,0.388395,0.390385
2026-09-25T07:20:00Z,2026-09-25T07:25:00Z,0.390205,0.393245,0.377905,0.380515
2026-09-25T07:25:00Z,2026-09-25T07:30:00Z,0.379985,0.385505,0.373655,0.384615
2026-09-25T07:30:00Z,2026-09-25T07:35:00Z,0.384605,0.392305,0.381515,0.382295
2026-09-25T07:35:00Z,2026-09-25T07:40:00Z,0.381785,0.386655,0.376665,0.378315
2026-09-25T07:40:00Z,2026-09-25T07:45:00Z,0.377785,0.383215,0.370925,0.371905
2026-09-25T07:45:00Z,2026-09-25T07:50:00Z,0.371885,0.372115,0.364495,0.366255
2026-09-25T07:50:00Z,2026-09-25T07:55:00Z,0.366355,0.373235,0.366125,0.372035
2026-09-25T07:55:00Z,2026-09-25T08:00:00Z,0.372665,0.378125,0.366325,0.373055
2026-09-25T08:00:00Z,2026-09-25T08:05:00Z,0.372595,0.372925,0.361785,0.363555
2026-09-25T08:05:00Z,2026-09-25T08:10:00Z,0.363775,0.366935,0.357565,0.361405
2026-09-25T08:10:00Z,2026-09-25T08:15:00Z,0.361185,0.371905,0.360375,0.369365
2026-09-25T08:15:00Z,2026-09-25T08:20:00Z,0.369505,0.376175,0.364125,0.373135
2026-09-25T08:20:00Z,2026-09-25T08:25:00Z,0.373195,0.381925,0.368805,0.377235
2026-09-25T08:25:00Z,2026-09-25T08:30:00Z,0.377125,0.381015,0.372895,0.380465
2026-09-25T08:30:00Z,2026-09-25T08:35:00Z,0.380675,0.383525,0.371785,0.376605
2026-09-25T08:35:00Z,2026-09-25T08:40:00Z,0.377055,0.378965,0.371415,0.375735
2026-09-25T08:40:00Z,2026-09-25T08:45:00Z,0.375675,0.381895,0.368815,0.370885
2026-09-25T08:45:00Z,2026-09-25T08:50:00Z,0.370805,0.375605,0.364725,0.370405
2026-09-25T08:50:00Z,2026-09-25T08:55:00Z,0.370215,0.371075,0.362615,0.366465
2026-09-25T08:55:00Z,2026-09-25T09:00:00Z,0.366625,0.377795,0.364955,0.372295
2026-09-25T09:00:00Z,2026-09-25T09:05:00Z,0.372505,0.372725,0.364965,0.371175
2026-09-25T09:05:00Z,2026-09-25T09:10:00Z,0.371155,0.371345,0.358705,0.359585
2026-09-25T09:10:00Z,2026-09-25T09:15:00Z,0.359655,0.364095,0.351835,0.354175
2026-09-25T09:15:00Z,2026-09-25T09:20:00Z,0.354005,0.367345,0.352445,0.360795
2026-09-25T09:20:00Z,2026-09-25T09:25:00Z,0.360685,0.366185,0.355385,0.365135
2026-09-25T09:25:00Z,2026-09-25T09:30:00Z,0.365365,0.371465,0.359825,0.363295
2026-09-25T09:30:00Z,2026-09-25T09:35:00Z,0.363215,0.373145,0.362245,0.363385
2026-09-25T09:35:00Z,2026-09-25T09:40:00Z,0.363455,0.367955,0.358145,0.359145
2026-09-25T09:40:00Z,2026-09-25T09:45:00Z,0.359195,0.364425,0.354615,0.355145
2026-09-25T09:45:00Z,2026-09-25T09:50:00Z,0.354935,0.356105,0.348175,0.350305
2026-09-25T09:50:00Z,2026-09-25T09:55:00Z,0.350605,0.356925,0.350165,0.356475
2026-09-25T09:55:00Z,2026-09-25T10:00:00Z,0.355835,0.358405,0.349915,0.350755
2026-09-25T10:00:00Z,2026-09-25T10:05:00Z,0.350785,0.366825,0.349075,0.362845
2026-09-25T10:05:00Z,2026-09-25T10:10:00Z,0.362965,0.365505,0.357495,0.359325
2026-09-25T10:10:00Z,2026-09-25T10:15:00Z,0.359435,0.362455,0.354185,0.359125
2026-09-25T10:15:00Z,2026-09-25T10:20:00Z,0.358505,0.370155,0.356405,0.367885
2026-09-25T10:20:00Z,2026-09-25T10:25:00Z,0.368075,0.376155,0.366045,0.372755
2026-09-25T10:25:00Z,2026-09-25T10:30:00Z,0.372535,0.377325,0.368545,0.376475
2026-09-25T10:30:00Z,2026-09-25T10:35:00Z,0.376595,0.380065,0.373335,0.375095
2026-09-25T10:35:00Z,2026-09-25T10:40:00Z,0.374855,0.377165,0.364865,0.366195
2026-09-25T10:40:00Z,2026-09-25T10:45:00Z,0.366215,0.374335,0.361895,0.362495
2026-09-25T10:45:00Z,2026-09-25T10:50:00Z,0.362275,0.375375,0.360245,0.370305
2026-09-25T10:50:00Z,2026-09-25T10:55:00Z,0.370555,0.371405,0.364975,0.365775
2026-09-25T10:55:00Z,2026-09-25T11:00:00Z,0.365665,0.367275,0.359585,0.363175
2026-09-25T11:00:00Z,2026-09-25T11:05:00Z,0.363105,0.367875,0.361945,0.366015
2026-09-25T11:05:00Z,2026-09-25T11:10:00Z,0.366135,0.381615,0.366005,0.381295
2026-09-25T11:10:00Z,2026-09-25T11:15:00Z,0.381185,0.384525,0.370305,0.374365
2026-09-25T11:15:00Z,2026-09-25T11:20:00Z,0.374575,0.375035,0.369065,0.373725
2026-09-25T11:20:00Z,2026-09-25T11:25:00Z,0.374195,0.385295,0.373875,0.377435
2026-09-25T11:25:00Z,2026-09-25T11:30:00Z,0.377645,0.383325,0.372825,0.373825
2026-09-25T11:30:00Z,2026-09-25T11:35:00Z,0.373915,0.380745,0.371085,0.379445
2026-09-25T11:35:00Z,2026-09-25T11:40:00Z,0.378975,0.385145,0.376735,0.381445
2026-09-25T11:40:00Z,2026-09-25T11:45:00Z,0.381415,0.382205,0.370885,0.376275
2026-09-25T11:45:00Z,2026-09-25T11:50:00Z,0.376075,0.382755,0.374575,0.375655
2026-09-25T11:50:00Z,2026-09-25T11:55:00Z,0.375815,0.387125,0.374985,0.383365
2026-09-25T11:55:00Z,2026-09-25T12:00:00Z,0.383145,0.387945,0.372705,0.373975
2026-09-25T12:00:00Z,2026-09-25T12:05:00Z,0.373925,0.374395,0.362155,0.369685
2026-09-25T12:05:00Z,2026-09-25T12:10:00Z,0.369445,0.376495,0.367845,0.376465
2026-09-25T12:10:00Z,2026-09-25T12:15:00Z,0.376285,0.389755,0.373605,0.384305
2026-09-25T12:15:00Z,2026-09-25T12:20:00Z,0.384365,0.388295,0.381785,0.387085
2026-09-25T12:20:00Z,2026-09-25T12:25:00Z,0.387265,0.403845,0.387265,0.400795
2026-09-25T12:25:00Z,2026-09-25T12:30:00Z,0.400595,0.403685,0.396015,0.400715
2026-09-25T12:30:00Z,2026-09-25T12:35:00Z,0.400555,0.405065,0.390205,0.398805
2026-09-25T12:35:00Z,2026-09-25T12:40:00Z,0.398795,0.410565,0.395005,0.410125
2026-09-25T12:40:00Z,2026-09-25T12:45:00Z,0.410385,0.424415,0.410385,0.421225
2026-09-25T12:45:00Z,2026-09-25T12:50:00Z,0.421355,0.423705,0.409215,0.409575
2026-09-25T12:50:00Z,2026-09-25T12:55:00Z,0.410125,0.414755,0.402925,0.402995
2026-09-25T12:55:00Z,2026-09-25T13:00:00Z,0.403215,0.412575,0.403215,0.405955
2026-09-25T13:00:00Z,2026-09-25T13:05:00Z,0.405695,0.406305,0.396305,0.396875
2026-09-25T13:05:00Z,2026-09-25T13:10:00Z,0.397045,0.398085,0.379305,0.382405
2026-09-25T13:10:00Z,2026-09-25T13:15:00Z,0.381755,0.396035,0.380335,0.391915
2026-09-25T13:15:00Z,2026-09-25T13:20:00Z,0.391705,0.412615,0.389575,0.409905
2026-09-25T13:20:00Z,2026-09-25T13:25:00Z,0.409875,0.414615,0.404815,0.405025
2026-09-25T13:25:00Z,2026-09-25T13:30:00Z,0.404915,0.405675,0.396985,0.400925
2026-09-25T13:30:00Z,2026-09-25T13:35:00Z,0.400725,0.400845,0.383305,0.386855
2026-09-25T13:35:00Z,2026-09-25T13:40:00Z,0.387015,0.394445,0.386245,0.388055
2026-09-25T13:40:00Z,2026-09-25T13:45:00Z,0.388175,0.388295,0.372665,0.374175
2026-09-25T13:45:00Z,2026-09-25T13:50:00Z,0.374755,0.377965,0.365505,0.370635
2026-09-25T13:50:00Z,2026-09-25T13:55:00Z,0.370875,0.372585,0.363885,0.365965
2026-09-25T13:55:00Z,2026-09-25T14:00:00Z,0.366165,0.367955,0.358175,0.364185
2026-09-25T14:00:00Z,2026-09-25T14:05:00Z,0.364355,0.369825,0.360475,0.369435
2026-09-25T14:05:00Z,2026-09-25T14:10:00Z,0.369245,0.378885,0.368035,0.377815
2026-09-25T14:10:00Z,2026-09-25T14:15:00Z,0.378045,0.379265,0.368365,0.369135
2026-09-25T14:15:00Z,2026-09-25T14:20:00Z,0.369295,0.371905,0.362105,0.371445
2026-09-25T14:20:00Z,2026-09-25T14:25:00Z,0.371325,0.373455,0.361575,0.361575
2026-09-25T14:25:00Z,2026-09-25T14:30:00Z,0.361645,0.369685,0.361085,0.365785
2026-09-25T14:30:00Z,2026-09-25T14:35:00Z,0.365985,0.373905,0.362135,0.371745
2026-09-25T14:35:00Z,2026-09-25T14:40:00Z,0.371135,0.377295,0.366365,0.376815
2026-09-25T14:40:00Z,2026-09-25T14:45:00Z,0.376915,0.388745,0.376545,0.388635
2026-09-25T14:45:00Z,2026-09-25T14:50:00Z,0.388005,0.388925,0.375955,0.384235
2026-09-25T14:50:00Z,2026-09-25T14:55:00Z,0.384125,0.386595,0.373145,0.375545
2026-09-25T14:55:00Z,2026-09-25T15:00:00Z,0.375755,0.379195,0.363845,0.370975
2026-09-25T15:00:00Z,2026-09-25T15:05:00Z,0.370845,0.374015,0.367155,0.369425
2026-09-25T15:05:00Z,2026-09-25T15:10:00Z,0.369295,0.376065,0.366805,0.375585
2026-09-25T15:10:00Z,2026-09-25T15:15:00Z,0.375775,0.386405,0.375375,0.381355
2026-09-25T15:15:00Z,2026-09-25T15:20:00Z,0.381425,0.394165,0.381305,0.388225
2026-09-25T15:20:00Z,2026-09-25T15:25:00Z,0.388005,0.388005,0.379985,0.380645
2026-09-25T15:25:00Z,2026-09-25T15:30:00Z,0.380435,0.383905,0.372775,0.373305
2026-09-25T15:30:00Z,2026-09-25T15:35:00Z,0.373525,0.384095,0.369695,0.369695
2026-09-25T15:35:00Z,2026-09-25T15:40:00Z,0.369465,0.374325,0.362285,0.373695
2026-09-25T15:40:00Z,2026-09-25T15:45:00Z,0.374255,0.387665,0.369795,0.383165
2026-09-25T15:45:00Z,2026-09-25T15:50:00Z,0.383655,0.390335,0.380465,0.382815
2026-09-25T15:50:00Z,2026-09-25T15:55:00Z,0.382905,0.388295,0.375635,0.384795
2026-09-25T15:55:00Z,2026-09-25T16:00:00Z,0.385015,0.395785,0.384865,0.386075
2026-09-25T16:00:00Z,2026-09-25T16:05:00Z,0.386265,0.386695,0.378425,0.381555
2026-09-25T16:05:00Z,2026-09-25T16:10:00Z,0.380985,0.391575,0.379765,0.391475
2026-09-25T16:10:00Z,2026-09-25T16:15:00Z,0.391715,0.394935,0.386635,0.387525
2026-09-25T16:15:00Z,2026-09-25T16:20:00Z,0.387405,0.401245,0.385385,0.397555
2026-09-25T16:20:00Z,2026-09-25T16:25:00Z,0.397475,0.405545,0.395765,0.401295
2026-09-25T16:25:00Z,2026-09-25T16:30:00Z,0.401225,0.402275,0.379555,0.381435
2026-09-25T16:30:00Z,2026-09-25T16:35:00Z,0.381375,0.391565,0.381225,0.381805
2026-09-25T16:35:00Z,2026-09-25T16:40:00Z,0.381615,0.384395,0.371035,0.371535
2026-09-25T16:40:00Z,2026-09-25T16:45:00Z,0.371695,0.374145,0.362895,0.373145
2026-09-25T16:45:00Z,2026-09-25T16:50:00Z,0.373095,0.377235,0.363775,0.364525
2026-09-25T16:50:00Z,2026-09-25T16:55:00Z,0.364295,0.371765,0.362255,0.363435
2026-09-25T16:55:00Z,2026-09-25T17:00:00Z,0.363625,0.364265,0.353835,0.354795
2026-09-25T17:00:00Z,2026-09-25T17:05:00Z,0.354815,0.363935,0.352075,0.363855
2026-09-25T17:05:00Z,2026-09-25T17:10:00Z,0.363965,0.372155,0.360775,0.371855
2026-09-25T17:10:00Z,2026-09-25T17:15:00Z,0.371635,0.374365,0.363755,0.367445
2026-09-25T17:15:00Z,2026-09-25T17:20:00Z,0.367565,0.380035,0.365055,0.375425
2026-09-25T17:20:00Z,2026-09-25T17:25:00Z,0.375435,0.384535,0.369565,0.384275
2026-09-25T17:25:00Z,2026-09-25T17:30:00Z,0.383865,0.384175,0.369565,0.371745
2026-09-25T17:30:00Z,2026-09-25T17:35:00Z,0.371905,0.375975,0.366795,0.367985
2026-09-25T17:35:00Z,2026-09-25T17:40:00Z,0.368095,0.368935,0.360835,0.364955
2026-09-25T17:40:00Z,2026-09-25T17:45:00Z,0.364745,0.374745,0.364155,0.369075
2026-09-25T17:45:00Z,2026-09-25T17:50:00Z,0.368915,0.379995,0.366665,0.378495
2026-09-25T17:50:00Z,2026-09-25T17:55:00Z,0.378765,0.379855,0.368205,0.368765
2026-09-25T17:55:00Z,2026-09-25T18:00:00Z,0.368845,0.371985,0.362615,0.363445
2026-09-25T18:00:00Z,2026-09-25T18:05:00Z,0.363315,0.365515,0.357945,0.357945
2026-09-25T18:05:00Z,2026-09-25T18:10:00Z,0.358085,0.369605,0.354495,0.368735
2026-09-25T18:10:00Z,2026-09-25T18:15:00Z,0.368335,0.368875,0.356715,0.357325
2026-09-25T18:15:00Z,2026-09-25T18:20:00Z,0.357375,0.357565,0.349835,0.354875
2026-09-25T18:20:00Z,2026-09-25T18:25:00Z,0.355075,0.356675,0.349275,0.353405
2026-09-25T18:25:00Z,2026-09-25T18:30:00Z,0.353425,0.354965,0.344825,0.351965
2026-09-25T18:30:00Z,2026-09-25T18:35:00Z,0.351825,0.359115,0.349115,0.358055
2026-09-25T18:35:00Z,2026-09-25T18:40:00Z,0.357875,0.361115,0.351405,0.359815
2026-09-25T18:40:00Z,2026-09-25T18:45:00Z,0.360255,0.362105,0.352765,0.357515
2026-09-25T18:45:00Z,2026-09-25T18:50:00Z,0.357655,0.364975,0.355625,0.357175
2026-09-25T18:50:00Z,2026-09-25T18:55:00Z,0.357065,0.375295,0.354745,0.373295
2026-09-25T18:55:00Z,2026-09-25T19:00:00Z,0.373225,0.380895,0.363755,0.379875
2026-09-25T19:00:00Z,2026-09-25T19:05:00Z,0.379615,0.387965,0.377815,0.386735
2026-09-25T19:05:00Z,2026-09-25T19:10:00Z,0.386845,0.400875,0.383515,0.399525
2026-09-25T19:10:00Z,2026-09-25T19:15:00Z,0.399485,0.415475,0.397055,0.413445
2026-09-25T19:15:00Z,2026-09-25T19:20:00Z,0.413555,0.419205,0.404095,0.411215
2026-09-25T19:20:00Z,2026-09-25T19:25:00Z,0.411125,0.416875,0.408765,0.415675
2026-09-25T19:25:00Z,2026-09-25T19:30:00Z,0.415485,0.418255,0.401785,0.410045
2026-09-25T19:30:00Z,2026-09-25T19:35:00Z,0.409925,0.412825,0.395585,0.399095
2026-09-25T19:35:00Z,2026-09-25T19:40:00Z,0.398325,0.398475,0.383585,0.384445
2026-09-25T19:40:00Z,2026-09-25T19:45:00Z,0.384685,0.397095,0.383735,0.390765
2026-09-25T19:45:00Z,2026-09-25T19:50:00Z,0.390565,0.391495,0.378545,0.380155
2026-09-25T19:50:00Z,2026-09-25T19:55:00Z,0.379755,0.387385,0.377635,0.382885
2026-09-25T19:55:00Z,2026-09-25T20:00:00Z,0.382965,0.389265,0.378825,0.388735
2026-09-25T20:00:00Z,2026-09-25T20:05:00Z,0.388855,0.391795,0.386465,0.390065
2026-09-25T20:05:00Z,2026-09-25T20:10:00Z,0.389855,0.390625,0.374715,0.375575
2026-09-25T20:10:00Z,2026-09-25T20:15:00Z,0.375345,0.388395,0.372845,0.388215
2026-09-25T20:15:00Z,2026-09-25T20:20:00Z,0.388085,0.388715,0.379875,0.383585
2026-09-25T20:20:00Z,2026-09-25T20:25:00Z,0.384045,0.384045,0.369355,0.376185
2026-09-25T20:25:00Z,2026-09-25T20:30:00Z,0.376205,0.378645,0.369665,0.376595
2026-09-25T20:30:00Z,2026-09-25T20:35:00Z,0.376785,0.390025,0.375485,0.380375
2026-09-25T20:35:00Z,2026-09-25T20:40:00Z,0.380225,0.386055,0.377695,0.385045
2026-09-25T20:40:00Z,2026-09-25T20:45:00Z,0.384825,0.389955,0.383185,0.386465
2026-09-25T20:50:00Z,2026-09-25T20:55:00Z,0.386465,0.386465,0.334615,0.336065
2026-09-25T20:55:00Z,2026-09-25T21:00:00Z,0.336255,0.336755,0.329085,0.329465
2026-09-25T21:00:00Z,2026-09-25T21:05:00Z,0.329655,0.333245,0.324095,0.326925
2026-09-25T21:05:00Z,2026-09-25T21:10:00Z,0.327065,0.339105,0.326775,0.338905
2026-09-25T21:10:00Z,2026-09-25T21:15:00Z,0.338715,0.344675,0.338035,0.339925
2026-09-25T21:15:00Z,2026-09-25T21:20:00Z,0.339945,0.358595,0.339615,0.358175
2026-09-25T21:20:00Z,2026-09-25T21:25:00Z,0.357945,0.360755,0.349685,0.352475
2026-09-25T21:25:00Z,2026-09-25T21:30:00Z,0.352485,0.365375,0.351795,0.362855
2026-09-25T21:30:00Z,2026-09-25T21:35:00Z,0.362905,0.368855,0.356665,0.357955
2026-09-25T21:35:00Z,2026-09-25T21:40:00Z,0.358035,0.361375,0.350745,0.361375
2026-09-25T21:40:00Z,2026-09-25T21:45:00Z,0.361215,0.363985,0.338805,0.339955
2026-09-25T21:45:00Z,2026-09-25T21:50:00Z,0.339755,0.348835,0.337025,0.346475
2026-09-25T21:50:00Z,2026-09-25T21:55:00Z,0.346485,0.347395,0.331035,0.332085
2026-09-25T21:55:00Z,2026-09-25T22:00:00Z,0.331785,0.333405,0.324165,0.328925
2026-09-25T22:00:00Z,2026-09-25T22:05:00Z,0.328975,0.339275,0.328975,0.337775
2026-09-25T22:05:00Z,2026-09-25T22:10:00Z,0.338175,0.339555,0.326295,0.329365
2026-09-25T22:10:00Z,2026-09-25T22:15:00Z,0.329305,0.330045,0.324965,0.327785
2026-09-25T22:15:00Z,2026-09-25T22:20:00Z,0.327615,0.332535,0.325535,0.331115
2026-09-25T22:20:00Z,2026-09-25T22:25:00Z,0.331315,0.332025,0.320885,0.323135
2026-09-25T22:25:00Z,2026-09-25T22:30:00Z,0.323025,0.324455,0.312805,0.314515
2026-09-25T22:30:00Z,2026-09-25T22:35:00Z,0.314585,0.326625,0.313925,0.323935
2026-09-25T22:35:00Z,2026-09-25T22:40:00Z,0.323355,0.324695,0.317675,0.320805
2026-09-25T22:40:00Z,2026-09-25T22:45:00Z,0.320665,0.324095,0.316595,0.317685
2026-09-25T22:45:00Z,2026-09-25T22:50:00Z,0.317895,0.330925,0.317145,0.330825
2026-09-25T22:50:00Z,2026-09-25T22:55:00Z,0.330775,0.339645,0.329315,0.337365
2026-09-25T22:55:00Z,2026-09-25T23:00:00Z,0.337445,0.341745,0.330285,0.332665
2026-09-25T23:00:00Z,2026-09-25T23:05:00Z,0.332755,0.335715,0.322275,0.322405
2026-09-25T23:05:00Z,2026-09-25T23:10:00Z,0.322375,0.329635,0.316185,0.325555
2026-09-25T23:10:00Z,2026-09-25T23:15:00Z,0.326025,0.331465,0.323805,0.324325
2026-09-25T23:15:00Z,2026-09-25T23:20:00Z,0.324375,0.330725,0.320145,0.320185
2026-09-25T23:20:00Z,2026-09-25T23:25:00Z,0.320095,0.327225,0.318615,0.323195
2026-09-25T23:25:00Z,2026-09-25T23:30:00Z,0.323015,0.326705,0.318085,0.321085
2026-09-25T23:30:00Z,2026-09-25T23:35:00Z,0.321275,0.325695,0.319965,0.323545
2026-09-25T23:35:00Z,2026-09-25T23:40:00Z,0.323395,0.330135,0.319995,0.327585
2026-09-25T23:40:00Z,2026-09-25T23:45:00Z,0.327715,0.339675,0.327575,0.337685
2026-09-25T23:45:00Z,2026-09-25T23:50:00Z,0.337755,0.342915,0.326285,0.328575
2026-09-25T23:50:00Z,2026-09-25T23:55:00Z,0.328435,0.330285,0.322625,0.327995
2026-09-25T23:55:00Z,2026-09-26T00:00:00Z,0.328195,0.329535,0.321605,0.328215
2026-09-26T00:00:00Z,2026-09-26T00:05:00Z,0.328145,0.329715,0.321285,0.323225
2026-09-26T00:05:00Z,2026-09-26T00:10:00Z,0.323085,0.332745,0.322515,0.328895
2026-09-26T00:10:00Z,2026-09-26T00:15:00Z,0.328695,0.333725,0.326825,0.331835
2026-09-26T00:15:00Z,2026-09-26T00:20:00Z,0.331775,0.339765,0.328955,0.339765
2026-09-26T00:20:00Z,2026-09-26T00:25:00Z,0.339925,0.351145,0.335615,0.349135
2026-09-26T00:25:00Z,2026-09-26T00:30:00Z,0.349305,0.350775,0.335795,0.336505
2026-09-26T00:30:00Z,2026-09-26T00:35:00Z,0.337065,0.341505,0.328545,0.328545
2026-09-26T00:35:00Z,2026-09-26T00:40:00Z,0.328515,0.335305,0.325545,0.334545
2026-09-26T00:40:00Z,2026-09-26T00:45:00Z,0.334565,0.339805,0.328055,0.328055
2026-09-26T00:45:00Z,2026-09-26T00:50:00Z,0.328105,0.331175,0.319595,0.330065
2026-09-26T00:50:00Z,2026-09-26T00:55:00Z,0.329685,0.333685,0.324525,0.326985
2026-09-26T00:55:00Z,2026-09-26T01:00:00Z,0.327365,0.339405,0.324495,0.333515
2026-09-26T01:00:00Z,2026-09-26T01:05:00Z,0.333625,0.337685,0.327395,0.330445
2026-09-26T01:05:00Z,2026-09-26T01:10:00Z,0.330855,0.334045,0.326015,0.329925
2026-09-26T01:10:00Z,2026-09-26T01:15:00Z,0.330035,0.337925,0.329485,0.334345
2026-09-26T01:15:00Z,2026-09-26T01:20:00Z,0.333955,0.355325,0.333955,0.351935
2026-09-26T01:20:00Z,2026-09-26T01:25:00Z,0.351535,0.353945,0.343445,0.345285
2026-09-26T01:25:00Z,2026-09-26T01:30:00Z,0.345785,0.352395,0.345175,0.351765
2026-09-26T01:30:00Z,2026-09-26T01:35:00Z,0.351905,0.352065,0.343505,0.349765
2026-09-26T01:35:00Z,2026-09-26T01:40:00Z,0.349565,0.352095,0.340395,0.340585
2026-09-26T01:40:00Z,2026-09-26T01:45:00Z,0.340815,0.350795,0.339275,0.348075
2026-09-26T01:45:00Z,2026-09-26T01:50:00Z,0.347955,0.354995,0.345415,0.349835
2026-09-26T01:50:00Z,2026-09-26T01:55:00Z,0.349195,0.361455,0.345955,0.357675
2026-09-26T01:55:00Z,2026-09-26T02:00:00Z,0.357635,0.374835,0.357135,0.374735
2026-09-26T02:00:00Z,2026-09-26T02:05:00Z,0.374965,0.383385,0.372505,0.381945
2026-09-26T02:05:00Z,2026-09-26T02:10:00Z,0.382135,0.384285,0.373845,0.380215
2026-09-26T02:10:00Z,2026-09-26T02:15:00Z,0.380125,0.383905,0.374795,0.377785
2026-09-26T02:15:00Z,2026-09-26T02:20:00Z,0.377555,0.381395,0.372675,0.378765
2026-09-26T02:20:00Z,2026-09-26T02:25:00Z,0.378775,0.391185,0.375385,0.375385
2026-09-26T02:25:00Z,2026-09-26T02:30:00Z,0.375605,0.381945,0.372545,0.373975
2026-09-26T02:30:00Z,2026-09-26T02:35:00Z,0.373565,0.382555,0.373165,0.379985
2026-09-26T02:35:00Z,2026-09-26T02:40:00Z,0.380025,0.386655,0.374945,0.386655
2026-09-26T02:40:00Z,2026-09-26T02:45:00Z,0.386845,0.390475,0.381485,0.384425
2026-09-26T02:45:00Z,2026-09-26T02:50:00Z,0.384505,0.394205,0.383775,0.391005
2026-09-26T02:50:00Z,2026-09-26T02:55:00Z,0.391225,0.397995,0.389625,0.394055
2026-09-26T02:55:00Z,2026-09-26T03:00:00Z,0.394155,0.394525,0.372895,0.376505
2026-09-26T03:00:00Z,2026-09-26T03:05:00Z,0.376335,0.377145,0.365525,0.371515
2026-09-26T03:05:00Z,2026-09-26T03:10:00Z,0.371535,0.374925,0.369145,0.373895
2026-09-26T03:10:00Z,2026-09-26T03:15:00Z,0.373845,0.383025,0.368285,0.383025
2026-09-26T03:15:00Z,2026-09-26T03:20:00Z,0.382825,0.390085,0.378985,0.381905
2026-09-26T03:20:00Z,2026-09-26T03:25:00Z,0.382025,0.397315,0.380505,0.396005
2026-09-26T03:25:00Z,2026-09-26T03:30:00Z,0.395835,0.401835,0.391085,0.395605
2026-09-26T03:30:00Z,2026-09-26T03:35:00Z,0.394865,0.403015,0.391515,0.400915
2026-09-26T03:35:00Z,2026-09-26T03:40:00Z,0.401105,0.405505,0.392495,0.392495
2026-09-26T03:40:00Z,2026-09-26T03:45:00Z,0.392485,0.402785,0.392285,0.397065
2026-09-26T03:45:00Z,2026-09-26T03:50:00Z,0.397115,0.399875,0.389125,0.398125
2026-09-26T03:50:00Z,2026-09-26T03:55:00Z,0.398325,0.405005,0.395965,0.401005
2026-09-26T03:55:00Z,2026-09-26T04:00:00Z,0.401235,0.405605,0.391335,0.392295
2026-09-26T04:00:00Z,2026-09-26T04:05:00Z,0.392185,0.395815,0.381655,0.384625
2026-09-26T04:05:00Z,2026-09-26T04:10:00Z,0.384515,0.387525,0.378825,0.381655
2026-09-26T04:10:00Z,2026-09-26T04:15:00Z,0.381435,0.388005,0.378535,0.380895
2026-09-26T04:15:00Z,2026-09-26T04:20:00Z,0.380735,0.382505,0.372315,0.373655
2026-09-26T04:20:00Z,2026-09-26T04:25:00Z,0.373625,0.388415,0.373455,0.382195
2026-09-26T04:25:00Z,2026-09-26T04:30:00Z,0.382205,0.383715,0.373685,0.374215
2026-09-26T04:30:00Z,2026-09-26T04:35:00Z,0.374155,0.385155,0.372295,0.372335
2026-09-26T04:35:00Z,2026-09-26T04:40:00Z,0.372115,0.383155,0.371985,0.381095
2026-09-26T04:40:00Z,2026-09-26T04:45:00Z,0.381215,0.383245,0.373765,0.377845
2026-09-26T04:45:00Z,2026-09-26T04:50:00Z,0.378025,0.379365,0.360545,0.361195
2026-09-26T04:50:00Z,2026-09-26T04:55:00Z,0.360975,0.366835,0.355055,0.363045
2026-09-26T04:55:00Z,2026-09-26T05:00:00Z,0.362955,0.365475,0.355285,0.364175
2026-09-26T05:00:00Z,2026-09-26T05:05:00Z,0.364315,0.368105,0.353715,0.359235
2026-09-26T05:05:00Z,2026-09-26T05:10:00Z,0.359075,0.363435,0.352015,0.352115
2026-09-26T05:10:00Z,2026-09-26T05:15:00Z,0.351975,0.366985,0.349995,0.365585
2026-09-26T05:15:00Z,2026-09-26T05:20:00Z,0.365515,0.365515,0.353345,0.356885
2026-09-26T05:20:00Z,2026-09-26T05:25:00Z,0.357385,0.374575,0.356145,0.366955
2026-09-26T05:25:00Z,2026-09-26T05:30:00Z,0.366765,0.375705,0.366525,0.374865
2026-09-26T05:30:00Z,2026-09-26T05:35:00Z,0.374705,0.376695,0.367265,0.370825
2026-09-26T05:35:00Z,2026-09-26T05:40:00Z,0.370965,0.387265,0.369495,0.383985
2026-09-26T05:40:00Z,2026-09-26T05:45:00Z,0.384195,0.386105,0.375915,0.382605
2026-09-26T05:45:00Z,2026-09-26T05:50:00Z,0.382425,0.382755,0.365015,0.367635
2026-09-26T05:50:00Z,2026-09-26T05:55:00Z,0.367645,0.369325,0.362525,0.363715
2026-09-26T05:55:00Z,2026-09-26T06:00:00Z,0.363685,0.370175,0.360765,0.370175
2026-09-26T06:00:00Z,2026-09-26T06:05:00Z,0.370115,0.380185,0.364305,0.379705
2026-09-26T06:05:00Z,2026-09-26T06:10:00Z,0.379555,0.390845,0.377355,0.382805
2026-09-26T06:10:00Z,2026-09-26T06:15:00Z,0.382745,0.383365,0.371875,0.376045
2026-09-26T06:15:00Z,2026-09-26T06:20:00Z,0.376005,0.385995,0.375615,0.380785
2026-09-26T06:20:00Z,2026-09-26T06:25:00Z,0.380955,0.381465,0.373575,0.375395
2026-09-26T06:25:00Z,2026-09-26T06:30:00Z,0.375405,0.379605,0.368565,0.368645
2026-09-26T06:30:00Z,2026-09-26T06:35:00Z,0.368575,0.374775,0.363535,0.366985
2026-09-26T06:35:00Z,2026-09-26T06:40:00Z,0.367085,0.368745,0.359085,0.359235
2026-09-26T06:40:00Z,2026-09-26T06:45:00Z,0.359465,0.362065,0.353125,0.361155
2026-09-26T06:45:00Z,2026-09-26T06:50:00Z,0.360985,0.367885,0.359715,0.365405
2026-09-26T06:50:00Z,2026-09-26T06:55:00Z,0.365415,0.370455,0.359185,0.369335
2026-09-26T06:55:00Z,2026-09-26T07:00:00Z,0.369575,0.374315,0.365725,0.368775
2026-09-26T07:00:00Z,2026-09-26T07:05:00Z,0.368565,0.368565,0.353795,0.361355
2026-09-26T07:05:00Z,2026-09-26T07:10:00Z,0.361125,0.365475,0.354945,0.356565
2026-09-26T07:10:00Z,2026-09-26T07:15:00Z,0.356625,0.360595,0.347875,0.350845
2026-09-26T07:15:00Z,2026-09-26T07:20:00Z,0.350665,0.351225,0.333755,0.337055
2026-09-26T07:20:00Z,2026-09-26T07:25:00Z,0.337145,0.343495,0.332185,0.343495
2026-09-26T07:25:00Z,2026-09-26T07:30:00Z,0.344015,0.344435,0.334705,0.339045
2026-09-26T07:30:00Z,2026-09-26T07:35:00Z,0.338455,0.340645,0.331365,0.333375
2026-09-26T07:35:00Z,2026-09-26T07:40:00Z,0.333245,0.335055,0.322095,0.322395
2026-09-26T07:40:00Z,2026-09-26T07:45:00Z,0.322315,0.338205,0.322065,0.335605
2026-09-26T07:45:00Z,2026-09-26T07:50:00Z,0.335525,0.335525,0.327725,0.330005
2026-09-26T07:50:00Z,2026-09-26T07:55:00Z,0.330305,0.335805,0.324365,0.328115
2026-09-26T07:55:00Z,2026-09-26T08:00:00Z,0.328285,0.328305,0.320705,0.323965
2026-09-26T08:00:00Z,2026-09-26T08:05:00Z,0.323915,0.325745,0.319555,0.321995
2026-09-26T08:05:00Z,2026-09-26T08:10:00Z,0.321815,0.322835,0.309875,0.312835
2026-09-26T08:10:00Z,2026-09-26T08:15:00Z,0.312975,0.315585,0.308165,0.312255
2026-09-26T08:15:00Z,2026-09-26T08:20:00Z,0.312335,0.317225,0.311215,0.315595
2026-09-26T08:20:00Z,2026-09-26T08:25:00Z,0.316135,0.321525,0.315525,0.316165
2026-09-26T08:25:00Z,2026-09-26T08:30:00Z,0.316025,0.324465,0.312635,0.315375
2026-09-26T08:30:00Z,2026-09-26T08:35:00Z,0.315235,0.318275,0.308045,0.316775
2026-09-26T08:35:00Z,2026-09-26T08:40:00Z,0.316855,0.320505,0.312145,0.313065
2026-09-26T08:40:00Z,2026-09-26T08:45:00Z,0.312645,0.313205,0.302385,0.303605
2026-09-26T08:45:00Z,2026-09-26T08:50:00Z,0.303765,0.306765,0.297685,0.299395
2026-09-26T08:50:00Z,2026-09-26T08:55:00Z,0.299385,0.304775,0.295825,0.302075
2026-09-26T08:55:00Z,2026-09-26T09:00:00Z,0.302235,0.303875,0.291805,0.293295
2026-09-26T09:00:00Z,2026-09-26T09:05:00Z,0.293365,0.300895,0.292775,0.298895
2026-09-26T09:05:00Z,2026-09-26T09:10:00Z,0.298865,0.299065,0.291585,0.296045
2026-09-26T09:10:00Z,2026-09-26T09:15:00Z,0.295945,0.303525,0.294785,0.302485
2026-09-26T09:15:00Z,2026-09-26T09:20:00Z,0.302325,0.309215,0.297895,0.299345
2026-09-26T09:20:00Z,2026-09-26T09:25:00Z,0.299205,0.300035,0.292505,0.297155
2026-09-26T09:25:00Z,2026-09-26T09:30:00Z,0.296995,0.300695,0.295975,0.297765
2026-09-26T09:30:00Z,2026-09-26T09:35:00Z,0.297185,0.299465,0.287145,0.289055
2026-09-26T09:35:00Z,2026-09-26T09:40:00Z,0.289075,0.290645,0.284515,0.287595
2026-09-26T09:40:00Z,2026-09-26T09:45:00Z,0.287715,0.291085,0.280305,0.286335
2026-09-26T09:45:00Z,2026-09-26T09:50:00Z,0.286815,0.297215,0.286115,0.295545
2026-09-26T09:50:00Z,2026-09-26T09:55:00Z,0.295515,0.307995,0.293905,0.306925
2026-09-26T09:55:00Z,2026-09-26T10:00:00Z,0.306935,0.315325,0.304895,0.311265
2026-09-26T10:00:00Z,2026-09-26T10:05:00Z,0.311125,0.321815,0.310325,0.321215
2026-09-26T10:05:00Z,2026-09-26T10:10:00Z,0.321265,0.325985,0.318595,0.323955
2026-09-26T10:10:00Z,2026-09-26T10:15:00Z,0.323965,0.326075,0.320015,0.321095
2026-09-26T10:15:00Z,2026-09-26T10:20:00Z,0.320965,0.325635,0.317235,0.320825
2026-09-26T10:20:00Z,2026-09-26T10:25:00Z,0.321005,0.321415,0.312665,0.318275
2026-09-26T10:25:00Z,2026-09-26T10:30:00Z,0.318035,0.323575,0.314935,0.316145
2026-09-26T10:30:00Z,2026-09-26T10:35:00Z,0.316325,0.317445,0.312205,0.312525
2026-09-26T10:35:00Z,2026-09-26T10:40:00Z,0.312665,0.313425,0.303575,0.303615
2026-09-26T10:40:00Z,2026-09-26T10:45:00Z,0.303495,0.305505,0.297775,0.297925
2026-09-26T10:45:00Z,2026-09-26T10:50:00Z,0.297555,0.300945,0.294335,0.297595
2026-09-26T10:50:00Z,2026-09-26T10:55:00Z,0.297615,0.311035,0.296655,0.309355
2026-09-26T10:55:00Z,2026-09-26T11:00:00Z,0.309455,0.313495,0.305655,0.310975
2026-09-26T11:00:00Z,2026-09-26T11:05:00Z,0.310925,0.316475,0.308565,0.310885
2026-09-26T11:05:00Z,2026-09-26T11:10:00Z,0.310795,0.321215,0.310405,0.316835
2026-09-26T11:10:00Z,2026-09-26T11:15:00Z,0.316665,0.316665,0.304225,0.309255
2026-09-26T11:15:00Z,2026-09-26T11:20:00Z,0.309505,0.313275,0.301785,0.302445
2026-09-26T11:20:00Z,2026-09-26T11:25:00Z,0.302585,0.305615,0.295035,0.302815
2026-09-26T11:25:00Z,2026-09-26T11:30:00Z,0.302915,0.303165,0.294575,0.298055
2026-09-26T11:30:00Z,2026-09-26T11:35:00Z,0.298045,0.299555,0.290105,0.290155
2026-09-26T11:35:00Z,2026-09-26T11:40:00Z,0.290265,0.291265,0.284225,0.289925
2026-09-26T11:40:00Z,2026-09-26T11:45:00Z,0.289975,0.296055,0.289135,0.293265
2026-09-26T11:45:00Z,2026-09-26T11:50:00Z,0.293325,0.294725,0.287355,0.294725
2026-09-26T11:50:00Z,2026-09-26T11:55:00Z,0.295125,0.295745,0.282345,0.282345
2026-09-26T11:55:00Z,2026-09-26T12:00:00Z,0.282175,0.287635,0.279515,0.280675
2026-09-26T12:00:00Z,2026-09-26T12:05:00Z,0.280725,0.280725,0.272065,0.275635
2026-09-26T12:05:00Z,2026-09-26T12:10:00Z,0.275865,0.278585,0.271555,0.272965
2026-09-26T12:10:00Z,2026-09-26T12:15:00Z,0.272825,0.275765,0.267835,0.271755
2026-09-26T12:15:00Z,2026-09-26T12:20:00Z,0.271765,0.272535,0.256695,0.259145
2026-09-26T12:20:00Z,2026-09-26T12:25:00Z,0.259215,0.266135,0.257985,0.262935
2026-09-26T12:25:00Z,2026-09-26T12:30:00Z,0.262795,0.270505,0.262795,0.264955
2026-09-26T12:30:00Z,2026-09-26T12:35:00Z,0.264795,0.266625,0.262845,0.265245
2026-09-26T12:35:00Z,2026-09-26T12:40:00Z,0.265225,0.270515,0.263005,0.266905
2026-09-26T12:40:00Z,2026-09-26T12:45:00Z,0.266785,0.267195,0.259385,0.261085
2026-09-26T12:45:00Z,2026-09-26T12:50:00Z,0.261175,0.261575,0.255415,0.259705
2026-09-26T12:50:00Z,2026-09-26T12:55:00Z,0.259575,0.260965,0.252945,0.253155
2026-09-26T12:55:00Z,2026-09-26T13:00:00Z,0.253115,0.254125,0.248025,0.252625
2026-09-26T13:00:00Z,2026-09-26T13:05:00Z,0.252715,0.261635,0.250195,0.259845
2026-09-26T13:05:00Z,2026-09-26T13:10:00Z,0.259885,0.261715,0.256055,0.259355
2026-09-26T13:10:00Z,2026-09-26T13:15:00Z,0.259295,0.264275,0.256555,0.259795
2026-09-26T13:15:00Z,2026-09-26T13:20:00Z,0.259645,0.262245,0.250175,0.252035
2026-09-26T13:20:00Z,2026-09-26T13:25:00Z,0.251995,0.256285,0.249995,0.255875
2026-09-26T13:25:00Z,2026-09-26T13:30:00Z,0.255795,0.263785,0.254395,0.261085
2026-09-26T13:30:00Z,2026-09-26T13:35:00Z,0.261035,0.261475,0.252435,0.256345
2026-09-26T13:35:00Z,2026-09-26T13:40:00Z,0.256485,0.265015,0.252545,0.262975
2026-09-26T13:40:00Z,2026-09-26T13:45:00Z,0.263045,0.263445,0.255995,0.263025
2026-09-26T13:45:00Z,2026-09-26T13:50:00Z,0.263115,0.269885,0.260425,0.269445
2026-09-26T13:50:00Z,2026-09-26T13:55:00Z,0.269545,0.277865,0.269515,0.272065
2026-09-26T13:55:00Z,2026-09-26T14:00:00Z,0.272215,0.273195,0.264685,0.266745
2026-09-26T14:00:00Z,2026-09-26T14:05:00Z,0.266695,0.271495,0.265235,0.266365
2026-09-26T14:05:00Z,2026-09-26T14:10:00Z,0.266345,0.269035,0.259545,0.259545
2026-09-26T14:10:00Z,2026-09-26T14:15:00Z,0.259435,0.266545,0.259305,0.265875
2026-09-26T14:15:00Z,2026-09-26T14:20:00Z,0.265515,0.276345,0.262985,0.275805
2026-09-26T14:20:00Z,2026-09-26T14:25:00Z,0.275785,0.278995,0.273545,0.277755
2026-09-26T14:25:00Z,2026-09-26T14:30:00Z,0.277855,0.279595,0.271845,0.278015
2026-09-26T14:30:00Z,2026-09-26T14:35:00Z,0.278115,0.281365,0.274675,0.278385
2026-09-26T14:35:00Z,2026-09-26T14:40:00Z,0.278545,0.284585,0.278095,0.279375
2026-09-26T14:40:00Z,2026-09-26T14:45:00Z,0.279455,0.290525,0.278935,0.282845
2026-09-26T14:45:00Z,2026-09-26T14:50:00Z,0.282855,0.289095,0.281905,0.289095
2026-09-26T14:50:00Z,2026-09-26T14:55:00Z,0.289015,0.294725,0.286765,0.292675
2026-09-26T14:55:00Z,2026-09-26T15:00:00Z,0.292545,0.293285,0.286375,0.288775
2026-09-26T15:00:00Z,2026-09-26T15:05:00Z,0.289235,0.291315,0.284755,0.289915
2026-09-26T15:05:00Z,2026-09-26T15:10:00Z,0.289795,0.290855,0.284905,0.286795
2026-09-26T15:10:00Z,2026-09-26T15:15:00Z,0.286545,0.286865,0.278185,0.280975
2026-09-26T15:15:00Z,2026-09-26T15:20:00Z,0.281065,0.282715,0.276675,0.277165
2026-09-26T15:20:00Z,2026-09-26T15:25:00Z,0.277325,0.279895,0.273075,0.276235
2026-09-26T15:25:00Z,2026-09-26T15:30:00Z,0.276125,0.279565,0.272065,0.277665
2026-09-26T15:30:00Z,2026-09-26T15:35:00Z,0.277745,0.279195,0.271365,0.278595
2026-09-26T15:35:00Z,2026-09-26T15:40:00Z,0.278515,0.280445,0.273725,0.278605
2026-09-26T15:40:00Z,2026-09-26T15:45:00Z,0.279125,0.279165,0.270725,0.270775
2026-09-26T15:45:00Z,2026-09-26T15:50:00Z,0.270705,0.275145,0.270195,0.273825
2026-09-26T15:50:00Z,2026-09-26T15:55:00Z,0.273635,0.274355,0.268065,0.272365
2026-09-26T15:55:00Z,2026-09-26T16:00:00Z,0.272345,0.277125,0.270665,0.273865
2026-09-26T16:00:00Z,2026-09-26T16:05:00Z,0.273915,0.274895,0.266985,0.270795
2026-09-26T16:05:00Z,2026-09-26T16:10:00Z,0.270715,0.271975,0.259135,0.260755
2026-09-26T16:10:00Z,2026-09-26T16:15:00Z,0.260835,0.264625,0.257665,0.258265
2026-09-26T16:15:00Z,2026-09-26T16:20:00Z,0.258105,0.264485,0.256205,0.262735
2026-09-26T16:20:00Z,2026-09-26T16:25:00Z,0.262665,0.266475,0.260265,0.262715
2026-09-26T16:25:00Z,2026-09-26T16:30:00Z,0.262695,0.262825,0.253175,0.253455
2026-09-26T16:30:00Z,2026-09-26T16:35:00Z,0.253565,0.257795,0.252995,0.256475
2026-09-26T16:35:00Z,2026-09-26T16:40:00Z,0.256385,0.256645,0.249715,0.251025
2026-09-26T16:40:00Z,2026-09-26T16:45:00Z,0.251165,0.258615,0.248985,0.256765
2026-09-26T16:45:00Z,2026-09-26T16:50:00Z,0.256605,0.260575,0.254775,0.259455
2026-09-26T16:50:00Z,2026-09-26T16:55:00Z,0.259395,0.263515,0.256765,0.260445
2026-09-26T16:55:00Z,2026-09-26T17:00:00Z,0.259995,0.266055,0.259265,0.261935
2026-09-26T17:00:00Z,2026-09-26T17:05:00Z,0.261785,0.261825,0.250075,0.251835
2026-09-26T17:05:00Z,2026-09-26T17:10:00Z,0.251905,0.255705,0.248385,0.255275
2026-09-26T17:10:00Z,2026-09-26T17:15:00Z,0.255315,0.256685,0.250575,0.251445
2026-09-26T17:15:00Z,2026-09-26T17:20:00Z,0.251525,0.256175,0.250215,0.252365
2026-09-26T17:20:00Z,2026-09-26T17:25:00Z,0.252525,0.255655,0.244065,0.244175
2026-09-26T17:25:00Z,2026-09-26T17:30:00Z,0.244555,0.245255,0.241005,0.241525
2026-09-26T17:30:00Z,2026-09-26T17:35:00Z,0.241575,0.243735,0.234745,0.236405
2026-09-26T17:35:00Z,2026-09-26T17:40:00Z,0.236505,0.239365,0.232805,0.236935
2026-09-26T17:40:00Z,2026-09-26T17:45:00Z,0.236805,0.242445,0.231325,0.241905
2026-09-26T17:45:00Z,2026-09-26T17:50:00Z,0.241795,0.242485,0.235865,0.241605
2026-09-26T17:50:00Z,2026-09-26T17:55:00Z,0.241635,0.245585,0.239135,0.240225
2026-09-26T17:55:00Z,2026-09-26T18:00:00Z,0.239895,0.248175,0.239235,0.248095
2026-09-26T18:00:00Z,2026-09-26T18:05:00Z,0.247805,0.248225,0.238285,0.240335
2026-09-26T18:05:00Z,2026-09-26T18:10:00Z,0.240215,0.244655,0.239015,0.244505
2026-09-26T18:10:00Z,2026-09-26T18:15:00Z,0.244105,0.247395,0.237295,0.237625
2026-09-26T18:15:00Z,2026-09-26T18:20:00Z,0.237545,0.240195,0.233975,0.233975
2026-09-26T18:20:00Z,2026-09-26T18:25:00Z,0.234415,0.241615,0.233525,0.237865
2026-09-26T18:25:00Z,2026-09-26T18:30:00Z,0.237985,0.241515,0.236255,0.241025
2026-09-26T18:30:00Z,2026-09-26T18:35:00Z,0.241255,0.244195,0.238935,0.238935
2026-09-26T18:35:00Z,2026-09-26T18:40:00Z,0.238885,0.243075,0.236665,0.238405
2026-09-26T18:40:00Z,2026-09-26T18:45:00Z,0.238485,0.238485,0.226565,0.228595
2026-09-26T18:45:00Z,2026-09-26T18:50:00Z,0.228695,0.229095,0.216415,0.218075
2026-09-26T18:50:00Z,2026-09-26T18:55:00Z,0.217975,0.219995,0.214285,0.216175
2026-09-26T18:55:00Z,2026-09-26T19:00:00Z,0.216255,0.216505,0.206385,0.206895
2026-09-26T19:00:00Z,2026-09-26T19:05:00Z,0.206915,0.215505,0.206915,0.215425
2026-09-26T19:05:00Z,2026-09-26T19:10:00Z,0.215365,0.217405,0.212315,0.216415
2026-09-26T19:10:00Z,2026-09-26T19:15:00Z,0.216425,0.219295,0.211435,0.213185
2026-09-26T19:15:00Z,2026-09-26T19:20:00Z,0.213065,0.215145,0.212105,0.214925
2026-09-26T19:20:00Z,2026-09-26T19:25:00Z,0.214965,0.220445,0.214575,0.215265
2026-09-26T19:25:00Z,2026-09-26T19:30:00Z,0.215245,0.220235,0.214735,0.218265
2026-09-26T19:30:00Z,2026-09-26T19:35:00Z,0.217865,0.217865,0.209675,0.210285
2026-09-26T19:35:00Z,2026-09-26T19:40:00Z,0.210355,0.210945,0.207585,0.208185
2026-09-26T19:40:00Z,2026-09-26T19:45:00Z,0.208235,0.213925,0.207775,0.213775
2026-09-26T19:45:00Z,2026-09-26T19:50:00Z,0.213655,0.214215,0.207085,0.212745
2026-09-26T19:50:00Z,2026-09-26T19:55:00Z,0.212765,0.215975,0.209215,0.214615
2026-09-26T19:55:00Z,2026-09-26T20:00:00Z,0.214505,0.214725,0.205065,0.207085
2026-09-26T20:00:00Z,2026-09-26T20:05:00Z,0.206905,0.212195,0.206525,0.210865
2026-09-26T20:05:00Z,2026-09-26T20:10:00Z,0.211155,0.214615,0.210605,0.212665
2026-09-26T20:10:00Z,2026-09-26T20:15:00Z,0.212865,0.213835,0.205945,0.207805
2026-09-26T20:15:00Z,2026-09-26T20:20:00Z,0.207885,0.221215,0.206215,0.219385
2026-09-26T20:20:00Z,2026-09-26T20:25:00Z,0.219395,0.221105,0.215805,0.216405
2026-09-26T20:25:00Z,2026-09-26T20:30:00Z,0.216445,0.220945,0.214375,0.215605
2026-09-26T20:30:00Z,2026-09-26T20:35:00Z,0.215455,0.216295,0.210065,0.210105
2026-09-26T20:35:00Z,2026-09-26T20:40:00Z,0.210075,0.212285,0.204935,0.211365
2026-09-26T20:40:00Z,2026-09-26T20:45:00Z,0.211495,0.214415,0.207835,0.213725
2026-09-26T20:50:00Z,2026-09-26T20:55:00Z,0.213725,0.338245,0.213725,0.331885
2026-09-26T20:55:00Z,2026-09-26T21:00:00Z,0.332055,0.333095,0.325645,0.329115
2026-09-26T21:00:00Z,2026-09-26T21:05:00Z,0.328985,0.336045,0.328245,0.331495
2026-09-26T21:05:00Z,2026-09-26T21:10:00Z,0.331405,0.335755,0.327205,0.327895
2026-09-26T21:10:00Z,2026-09-26T21:15:00Z,0.327845,0.330775,0.318525,0.318635
2026-09-26T21:15:00Z,2026-09-26T21:20:00Z,0.318485,0.319765,0.311575,0.315485
2026-09-26T21:20:00Z,2026-09-26T21:25:00Z,0.315425,0.318115,0.311795,0.313545
2026-09-26T21:25:00Z,2026-09-26T21:30:00Z,0.313425,0.315405,0.308335,0.312335
2026-09-26T21:30:00Z,2026-09-26T21:35:00Z,0.312415,0.318365,0.308765,0.316445
2026-09-26T21:35:00Z,2026-09-26T21:40:00Z,0.316535,0.323245,0.314155,0.322175
2026-09-26T21:40:00Z,2026-09-26T21:45:00Z,0.321995,0.323985,0.315745,0.316595
2026-09-26T21:45:00Z,2026-09-26T21:50:00Z,0.316385,0.324975,0.315615,0.322165
2026-09-26T21:50:00Z,2026-09-26T21:55:00Z,0.322105,0.326145,0.314715,0.316625
2026-09-26T21:55:00Z,2026-09-26T22:00:00Z,0.316595,0.326505,0.316285,0.319415
2026-09-26T22:00:00Z,2026-09-26T22:05:00Z,0.319525,0.319525,0.313915,0.313955
2026-09-26T22:05:00Z,2026-09-26T22:10:00Z,0.313755,0.316005,0.310275,0.311915
2026-09-26T22:10:00Z,2026-09-26T22:15:00Z,0.311815,0.312975,0.302925,0.304635
2026-09-26T22:15:00Z,2026-09-26T22:20:00Z,0.304475,0.307095,0.294295,0.297925
2026-09-26T22:20:00Z,2026-09-26T22:25:00Z,0.297815,0.298335,0.289475,0.289575
2026-09-26T22:25:00Z,2026-09-26T22:30:00Z,0.289505,0.293845,0.287125,0.292085
2026-09-26T22:30:00Z,2026-09-26T22:35:00Z,0.292005,0.295025,0.289525,0.291835
2026-09-26T22:35:00Z,2026-09-26T22:40:00Z,0.292215,0.292615,0.283385,0.284555
2026-09-26T22:40:00Z,2026-09-26T22:45:00Z,0.284495,0.285635,0.279275,0.283135
2026-09-26T22:45:00Z,2026-09-26T22:50:00Z,0.283315,0.284315,0.278105,0.280645
2026-09-26T22:50:00Z,2026-09-26T22:55:00Z,0.280935,0.281505,0.271645,0.271695
2026-09-26T22:55:00Z,2026-09-26T23:00:00Z,0.271705,0.277065,0.271015,0.276045
2026-09-26T23:00:00Z,2026-09-26T23:05:00Z,0.276195,0.284005,0.275775,0.279425
2026-09-26T23:05:00Z,2026-09-26T23:10:00Z,0.279455,0.295025,0.279345,0.294255
2026-09-26T23:10:00Z,2026-09-26T23:15:00Z,0.294005,0.295045,0.286295,0.294455
2026-09-26T23:15:00Z,2026-09-26T23:20:00Z,0.294295,0.296495,0.285145,0.291295
2026-09-26T23:20:00Z,2026-09-26T23:25:00Z,0.291415,0.296735,0.289925,0.290705
2026-09-26T23:25:00Z,2026-09-26T23:30:00Z,0.290525,0.291615,0.285325,0.285325
2026-09-26T23:30:00Z,2026-09-26T23:35:00Z,0.285185,0.286395,0.279755,0.282245
2026-09-26T23:35:00Z,2026-09-26T23:40:00Z,0.282375,0.292265,0.282285,0.288645
2026-09-26T23:40:00Z,2026-09-26T23:45:00Z,0.288415,0.289025,0.281115,0.283645
2026-09-26T23:45:00Z,2026-09-26T23:50:00Z,0.283485,0.287555,0.281015,0.283965
2026-09-26T23:50:00Z,2026-09-26T23:55:00Z,0.284085,0.286305,0.274245,0.277955
2026-09-26T23:55:00Z,2026-09-27T00:00:00Z,0.277645,0.282275,0.276075,0.276805
2026-09-27T00:00:00Z,2026-09-27T00:05:00Z,0.276725,0.281885,0.275185,0.276515
2026-09-27T00:05:00Z,2026-09-27T00:10:00Z,0.276605,0.281725,0.274075,0.275595
2026-09-27T00:10:00Z,2026-09-27T00:15:00Z,0.275605,0.277675,0.267775,0.269095
2026-09-27T00:15:00Z,2026-09-27T00:20:00Z,0.269145,0.271465,0.264225,0.270545
2026-09-27T00:20:00Z,2026-09-27T00:25:00Z,0.270455,0.276095,0.266415,0.272585
2026-09-27T00:25:00Z,2026-09-27T00:30:00Z,0.272505,0.280045,0.271105,0.274725
2026-09-27T00:30:00Z,2026-09-27T00:35:00Z,0.274865,0.277095,0.272755,0.276395
2026-09-27T00:35:00Z,2026-09-27T00:40:00Z,0.276305,0.276945,0.270105,0.270365
2026-09-27T00:40:00Z,2026-09-27T00:45:00Z,0.270595,0.273815,0.266115,0.266655
2026-09-27T00:45:00Z,2026-09-27T00:50:00Z,0.266345,0.270125,0.263885,0.265315
2026-09-27T00:50:00Z,2026-09-27T00:55:00Z,0.265205,0.266255,0.257565,0.258915
2026-09-27T00:55:00Z,2026-09-27T01:00:00Z,0.258945,0.265315,0.257975,0.261945
2026-09-27T01:00:00Z,2026-09-27T01:05:00Z,0.261825,0.265155,0.261345,0.261725
2026-09-27T01:05:00Z,2026-09-27T01:10:00Z,0.261505,0.262585,0.256605,0.259615
2026-09-27T01:10:00Z,2026-09-27T01:15:00Z,0.259605,0.263395,0.258115,0.262555
2026-09-27T01:15:00Z,2026-09-27T01:20:00Z,0.262655,0.267405,0.261845,0.266475
2026-09-27T01:20:00Z,2026-09-27T01:25:00Z,0.266145,0.269035,0.263705,0.266355
2026-09-27T01:25:00Z,2026-09-27T01:30:00Z,0.266245,0.266775,0.260805,0.265055
2026-09-27T01:30:00Z,2026-09-27T01:35:00Z,0.265135,0.268975,0.262985,0.265065
2026-09-27T01:35:00Z,2026-09-27T01:40:00Z,0.265165,0.271115,0.263925,0.269695
2026-09-27T01:40:00Z,2026-09-27T01:45:00Z,0.269595,0.270945,0.264555,0.266765
2026-09-27T01:45:00Z,2026-09-27T01:50:00Z,0.266645,0.266845,0.259985,0.261305
2026-09-27T01:50:00Z,2026-09-27T01:55:00Z,0.261275,0.266305,0.259215,0.260565
2026-09-27T01:55:00Z,2026-09-27T02:00:00Z,0.260655,0.266885,0.259515,0.262925
2026-09-27T02:00:00Z,2026-09-27T02:05:00Z,0.263235,0.264065,0.258145,0.260535
2026-09-27T02:05:00Z,2026-09-27T02:10:00Z,0.260695,0.262335,0.253265,0.257695
2026-09-27T02:10:00Z,2026-09-27T02:15:00Z,0.257585,0.260425,0.254655,0.255855
2026-09-27T02:15:00Z,2026-09-27T02:20:00Z,0.255985,0.256315,0.249005,0.249835
2026-09-27T02:20:00Z,2026-09-27T02:25:00Z,0.249845,0.250215,0.243835,0.245865
2026-09-27T02:25:00Z,2026-09-27T02:30:00Z,0.245935,0.249875,0.243825,0.249465
2026-09-27T02:30:00Z,2026-09-27T02:35:00Z,0.249495,0.256265,0.248695,0.254385
2026-09-27T02:35:00Z,2026-09-27T02:40:00Z,0.254395,0.256555,0.252005,0.253895
2026-09-27T02:40:00Z,2026-09-27T02:45:00Z,0.253625,0.259285,0.252165,0.257145
2026-09-27T02:45:00Z,2026-09-27T02:50:00Z,0.257255,0.257495,0.250215,0.253835
2026-09-27T02:50:00Z,2026-09-27T02:55:00Z,0.253875,0.255885,0.250395,0.252735
2026-09-27T02:55:00Z,2026-09-27T03:00:00Z,0.252635,0.257215,0.249635,0.257215
2026-09-27T03:00:00Z,2026-09-27T03:05:00Z,0.257175,0.260345,0.253905,0.258675
2026-09-27T03:05:00Z,2026-09-27T03:10:00Z,0.258685,0.262205,0.255765,0.256585
2026-09-27T03:10:00Z,2026-09-27T03:15:00Z,0.256685,0.259295,0.253695,0.257695
2026-09-27T03:15:00Z,2026-09-27T03:20:00Z,0.257905,0.264455,0.257425,0.261675
2026-09-27T03:20:00Z,2026-09-27T03:25:00Z,0.261835,0.270405,0.260545,0.265335
2026-09-27T03:25:00Z,2026-09-27T03:30:00Z,0.265305,0.267195,0.259285,0.259975
2026-09-27T03:30:00Z,2026-09-27T03:35:00Z,0.260255,0.263485,0.251805,0.253215
2026-09-27T03:35:00Z,2026-09-27T03:40:00Z,0.253415,0.257925,0.251305,0.257535
2026-09-27T03:40:00Z,2026-09-27T03:45:00Z,0.257165,0.261845,0.255205,0.257175
2026-09-27T03:45:00Z,2026-09-27T03:50:00Z,0.257025,0.263025,0.254925,0.262445
2026-09-27T03:50:00Z,2026-09-27T03:55:00Z,0.262605,0.266885,0.260335,0.266885
2026-09-27T03:55:00Z,2026-09-27T04:00:00Z,0.266965,0.273395,0.264175,0.270355
2026-09-27T04:00:00Z,2026-09-27T04:05:00Z,0.270435,0.281445,0.270045,0.279455
2026-09-27T04:05:00Z,2026-09-27T04:10:00Z,0.279085,0.281115,0.273805,0.274705
2026-09-27T04:10:00Z,2026-09-27T04:15:00Z,0.274765,0.281785,0.274275,0.279165
2026-09-27T04:15:00Z,2026-09-27T04:20:00Z,0.279005,0.285085,0.278895,0.282065
2026-09-27T04:20:00Z,2026-09-27T04:25:00Z,0.282185,0.283125,0.277785,0.280135
2026-09-27T04:25:00Z,2026-09-27T04:30:00Z,0.280345,0.282595,0.277285,0.278085
2026-09-27T04:30:00Z,2026-09-27T04:35:00Z,0.278155,0.283995,0.276685,0.281675
2026-09-27T04:35:00Z,2026-09-27T04:40:00Z,0.281845,0.291205,0.281235,0.290255
2026-09-27T04:40:00Z,2026-09-27T04:45:00Z,0.290085,0.292415,0.282535,0.282535
2026-09-27T04:45:00Z,2026-09-27T04:50:00Z,0.282475,0.293435,0.282245,0.291905
2026-09-27T04:50:00Z,2026-09-27T04:55:00Z,0.292015,0.297115,0.290155,0.293765
2026-09-27T04:55:00Z,2026-09-27T05:00:00Z,0.293795,0.296505,0.287725,0.294275
2026-09-27T05:00:00Z,2026-09-27T05:05:00Z,0.294335,0.300605,0.290975,0.299395
2026-09-27T05:05:00Z,2026-09-27T05:10:00Z,0.299535,0.300305,0.290945,0.294085
2026-09-27T05:10:00Z,2026-09-27T05:15:00Z,0.294065,0.298335,0.291545,0.294015
2026-09-27T05:15:00Z,2026-09-27T05:20:00Z,0.293955,0.294345,0.284025,0.285225
2026-09-27T05:20:00Z,2026-09-27T05:25:00Z,0.285115,0.289565,0.282605,0.287965
2026-09-27T05:25:00Z,2026-09-27T05:30:00Z,0.287975,0.292315,0.287345,0.290435
2026-09-27T05:30:00Z,2026-09-27T05:35:00Z,0.290365,0.292225,0.284325,0.290805
2026-09-27T05:35:00Z,2026-09-27T05:40:00Z,0.290625,0.291505,0.281325,0.283315
2026-09-27T05:40:00Z,2026-09-27T05:45:00Z,0.283145,0.287135,0.273405,0.274275
2026-09-27T05:45:00Z,2026-09-27T05:50:00Z,0.274365,0.276475,0.263645,0.265255
2026-09-27T05:50:00Z,2026-09-27T05:55:00Z,0.265285,0.265855,0.260925,0.264425
2026-09-27T05:55:00Z,2026-09-27T06:00:00Z,0.264235,0.267305,0.263055,0.264245
2026-09-27T06:00:00Z,2026-09-27T06:05:00Z,0.264275,0.269465,0.260775,0.262625
2026-09-27T06:05:00Z,2026-09-27T06:10:00Z,0.262575,0.267675,0.261295,0.262695
2026-09-27T06:10:00Z,2026-09-27T06:15:00Z,0.262675,0.273055,0.260185,0.270535
2026-09-27T06:15:00Z,2026-09-27T06:20:00Z,0.270485,0.273815,0.265435,0.270895
2026-09-27T06:20:00Z,2026-09-27T06:25:00Z,0.270805,0.270805,0.259935,0.263725
2026-09-27T06:25:00Z,2026-09-27T06:30:00Z,0.263825,0.266625,0.253485,0.253705
2026-09-27T06:30:00Z,2026-09-27T06:35:00Z,0.253905,0.253925,0.235275,0.235585
2026-09-27T06:35:00Z,2026-09-27T06:40:00Z,0.235625,0.241535,0.231755,0.240935
2026-09-27T06:40:00Z,2026-09-27T06:45:00Z,0.241025,0.244695,0.237615,0.240885
2026-09-27T06:45:00Z,2026-09-27T06:50:00Z,0.240995,0.242565,0.237105,0.237665
2026-09-27T06:50:00Z,2026-09-27T06:55:00Z,0.237605,0.237605,0.231225,0.234265
2026-09-27T06:55:00Z,2026-09-27T07:00:00Z,0.234205,0.236685,0.232795,0.236625
2026-09-27T07:00:00Z,2026-09-27T07:05:00Z,0.236725,0.240805,0.232545,0.234355
2026-09-27T07:05:00Z,2026-09-27T07:10:00Z,0.234415,0.239885,0.233515,0.236725
2026-09-27T07:10:00Z,2026-09-27T07:15:00Z,0.236825,0.239595,0.234715,0.239275
2026-09-27T07:15:00Z,2026-09-27T07:20:00Z,0.239385,0.240895,0.232465,0.236145
2026-09-27T07:20:00Z,2026-09-27T07:25:00Z,0.236245,0.238085,0.234015,0.237275
2026-09-27T07:25:00Z,2026-09-27T07:30:00Z,0.237225,0.239735,0.233695,0.235535
2026-09-27T07:30:00Z,2026-09-27T07:35:00Z,0.235545,0.239635,0.234255,0.236305
2026-09-27T07:35:00Z,2026-09-27T07:40:00Z,0.236445,0.241185,0.234725,0.239715
2026-09-27T07:40:00Z,2026-09-27T07:45:00Z,0.239825,0.240195,0.234115,0.235965
2026-09-27T07:45:00Z,2026-09-27T07:50:00Z,0.236025,0.245595,0.235485,0.245445
2026-09-27T07:50:00Z,2026-09-27T07:55:00Z,0.245595,0.246895,0.239715,0.240485
2026-09-27T07:55:00Z,2026-09-27T08:00:00Z,0.240595,0.246785,0.236645,0.244565
2026-09-27T08:00:00Z,2026-09-27T08:05:00Z,0.244545,0.248665,0.241895,0.243415
2026-09-27T08:05:00Z,2026-09-27T08:10:00Z,0.243325,0.247075,0.239145,0.241705
2026-09-27T08:10:00Z,2026-09-27T08:15:00Z,0.241615,0.244325,0.238015,0.241625
2026-09-27T08:15:00Z,2026-09-27T08:20:00Z,0.241675,0.251585,0.240695,0.247585
2026-09-27T08:20:00Z,2026-09-27T08:25:00Z,0.247735,0.249185,0.241325,0.241795
2026-09-27T08:25:00Z,2026-09-27T08:30:00Z,0.241905,0.247095,0.241035,0.245175
2026-09-27T08:30:00Z,2026-09-27T08:35:00Z,0.244805,0.245815,0.240125,0.243545
2026-09-27T08:35:00Z,2026-09-27T08:40:00Z,0.243555,0.245105,0.239335,0.241765
2026-09-27T08:40:00Z,2026-09-27T08:45:00Z,0.242055,0.245595,0.236595,0.242225
2026-09-27T08:45:00Z,2026-09-27T08:50:00Z,0.242335,0.243985,0.238455,0.241715
2026-09-27T08:50:00Z,2026-09-27T08:55:00Z,0.241565,0.258825,0.241165,0.258825
2026-09-27T08:55:00Z,2026-09-27T09:00:00Z,0.258885,0.264985,0.258685,0.262935
2026-09-27T09:00:00Z,2026-09-27T09:05:00Z,0.263065,0.263385,0.254645,0.260435
2026-09-27T09:05:00Z,2026-09-27T09:10:00Z,0.260505,0.260505,0.256015,0.258305
2026-09-27T09:10:00Z,2026-09-27T09:15:00Z,0.258275,0.264995,0.258175,0.263845
2026-09-27T09:15:00Z,2026-09-27T09:20:00Z,0.263715,0.267155,0.259645,0.265775
2026-09-27T09:20:00Z,2026-09-27T09:25:00Z,0.265795,0.276725,0.265795,0.276255
2026-09-27T09:25:00Z,2026-09-27T09:30:00Z,0.275925,0.279725,0.273715,0.279695
2026-09-27T09:30:00Z,2026-09-27T09:35:00Z,0.279645,0.284675,0.277895,0.282805
2026-09-27T09:35:00Z,2026-09-27T09:40:00Z,0.282725,0.285365,0.278325,0.282755
2026-09-27T09:40:00Z,2026-09-27T09:45:00Z,0.282875,0.285075,0.275875,0.284815
2026-09-27T09:45:00Z,2026-09-27T09:50:00Z,0.284845,0.287535,0.280665,0.282675
2026-09-27T09:50:00Z,2026-09-27T09:55:00Z,0.282575,0.283645,0.271765,0.272535
2026-09-27T09:55:00Z,2026-09-27T10:00:00Z,0.272355,0.279395,0.269455,0.275845
2026-09-27T10:00:00Z,2026-09-27T10:05:00Z,0.275805,0.282735,0.274945,0.275235
2026-09-27T10:05:00Z,2026-09-27T10:10:00Z,0.275385,0.283635,0.275295,0.280865
2026-09-27T10:10:00Z,2026-09-27T10:15:00Z,0.281005,0.283225,0.278185,0.281345
2026-09-27T10:15:00Z,2026-09-27T10:20:00Z,0.281465,0.285975,0.279915,0.281235
2026-09-27T10:20:00Z,2026-09-27T10:25:00Z,0.280835,0.282735,0.275915,0.281195
2026-09-27T10:25:00Z,2026-09-27T10:30:00Z,0.281145,0.284155,0.277545,0.280415
2026-09-27T10:30:00Z,2026-09-27T10:35:00Z,0.280475,0.288435,0.280475,0.281895
2026-09-27T10:35:00Z,2026-09-27T10:40:00Z,0.281915,0.283455,0.275025,0.283455
2026-09-27T10:40:00Z,2026-09-27T10:45:00Z,0.283585,0.288005,0.278585,0.278835
2026-09-27T10:45:00Z,2026-09-27T10:50:00Z,0.278985,0.283015,0.274855,0.283015
2026-09-27T10:50:00Z,2026-09-27T10:55:00Z,0.282845,0.290585,0.281745,0.289685
2026-09-27T10:55:00Z,2026-09-27T11:00:00Z,0.289755,0.297475,0.287635,0.297475
2026-09-27T11:00:00Z,2026-09-27T11:05:00Z,0.297645,0.306295,0.294305,0.300815
2026-09-27T11:05:00Z,2026-09-27T11:10:00Z,0.300805,0.308745,0.298315,0.308375
2026-09-27T11:10:00Z,2026-09-27T11:15:00Z,0.308295,0.316735,0.304485,0.315625
2026-09-27T11:15:00Z,2026-09-27T11:20:00Z,0.315835,0.318625,0.310345,0.313145
2026-09-27T11:20:00Z,2026-09-27T11:25:00Z,0.312955,0.322115,0.312145,0.319885
2026-09-27T11:25:00Z,2026-09-27T11:30:00Z,0.319815,0.331675,0.319315,0.328405
2026-09-27T11:30:00Z,2026-09-27T11:35:00Z,0.328275,0.330075,0.321375,0.326935
2026-09-27T11:35:00Z,2026-09-27T11:40:00Z,0.326645,0.342265,0.326435,0.340885
2026-09-27T11:40:00Z,2026-09-27T11:45:00Z,0.340835,0.347135,0.337225,0.343785
2026-09-27T11:45:00Z,2026-09-27T11:50:00Z,0.343935,0.356385,0.339355,0.354045
2026-09-27T11:50:00Z,2026-09-27T11:55:00Z,0.354235,0.359325,0.352695,0.354535
2026-09-27T11:55:00Z,2026-09-27T12:00:00Z,0.354445,0.361195,0.353875,0.357285
2026-09-27T12:00:00Z,2026-09-27T12:05:00Z,0.357195,0.360845,0.350265,0.360035
2026-09-27T12:05:00Z,2026-09-27T12:10:00Z,0.360265,0.368955,0.358165,0.368685
2026-09-27T12:10:00Z,2026-09-27T12:15:00Z,0.368595,0.368865,0.357395,0.358485
2026-09-27T12:15:00Z,2026-09-27T12:20:00Z,0.358915,0.367725,0.356805,0.366235
2026-09-27T12:20:00Z,2026-09-27T12:25:00Z,0.366525,0.373625,0.364955,0.370445
2026-09-27T12:25:00Z,2026-09-27T12:30:00Z,0.371005,0.378825,0.370255,0.376505
2026-09-27T12:30:00Z,2026-09-27T12:35:00Z,0.376555,0.381195,0.371815,0.379335
2026-09-27T12:35:00Z,2026-09-27T12:40:00Z,0.379245,0.395615,0.377335,0.395505
2026-09-27T12:40:00Z,2026-09-27T12:45:00Z,0.395545,0.396925,0.388135,0.391435
2026-09-27T12:45:00Z,2026-09-27T12:50:00Z,0.391255,0.402855,0.386165,0.401905
2026-09-27T12:50:00Z,2026-09-27T12:55:00Z,0.401705,0.412155,0.400295,0.405435
2026-09-27T12:55:00Z,2026-09-27T13:00:00Z,0.405355,0.416005,0.403635,0.414035
2026-09-27T13:00:00Z,2026-09-27T13:05:00Z,0.413825,0.422105,0.411385,0.415055
2026-09-27T13:05:00Z,2026-09-27T13:10:00Z,0.414095,0.421005,0.411975,0.419835
2026-09-27T13:10:00Z,2026-09-27T13:15:00Z,0.419985,0.431265,0.418645,0.428425
2026-09-27T13:15:00Z,2026-09-27T13:20:00Z,0.428445,0.455045,0.427495,0.450875
2026-09-27T13:20:00Z,2026-09-27T13:25:00Z,0.451355,0.451865,0.438665,0.445995
2026-09-27T13:25:00Z,2026-09-27T13:30:00Z,0.446275,0.449135,0.439195,0.441465
2026-09-27T13:30:00Z,2026-09-27T13:35:00Z,0.441275,0.453305,0.437835,0.439455
2026-09-27T13:35:00Z,2026-09-27T13:40:00Z,0.439235,0.442425,0.432915,0.440725
2026-09-27T13:40:00Z,2026-09-27T13:45:00Z,0.440745,0.450635,0.436245,0.448105
2026-09-27T13:45:00Z,2026-09-27T13:50:00Z,0.448325,0.456605,0.445295,0.454515
2026-09-27T13:50:00Z,2026-09-27T13:55:00Z,0.454975,0.458655,0.446125,0.449025
2026-09-27T13:55:00Z,2026-09-27T14:00:00Z,0.448765,0.452065,0.438685,0.444815
2026-09-27T14:00:00Z,2026-09-27T14:05:00Z,0.445065,0.449665,0.433925,0.435555
2026-09-27T14:05:00Z,2026-09-27T14:10:00Z,0.435545,0.452425,0.432135,0.450955
2026-09-27T14:10:00Z,2026-09-27T14:15:00Z,0.451735,0.451895,0.434015,0.441525
2026-09-27T14:15:00Z,2026-09-27T14:20:00Z,0.441625,0.445355,0.436185,0.443035
2026-09-27T14:20:00Z,2026-09-27T14:25:00Z,0.443125,0.445375,0.437515,0.441195
2026-09-27T14:25:00Z,2026-09-27T14:30:00Z,0.441135,0.443325,0.435545,0.440695
2026-09-27T14:30:00Z,2026-09-27T14:35:00Z,0.440015,0.445305,0.434145,0.434545
2026-09-27T14:35:00Z,2026-09-27T14:40:00Z,0.434775,0.434995,0.419425,0.420495
2026-09-27T14:40:00Z,2026-09-27T14:45:00Z,0.420305,0.425215,0.413805,0.423935
2026-09-27T14:45:00Z,2026-09-27T14:50:00Z,0.424105,0.427435,0.410835,0.412465
2026-09-27T14:50:00Z,2026-09-27T14:55:00Z,0.412485,0.421215,0.412485,0.421025
2026-09-27T14:55:00Z,2026-09-27T15:00:00Z,0.420795,0.421295,0.408535,0.410105
2026-09-27T15:00:00Z,2026-09-27T15:05:00Z,0.409875,0.417965,0.408055,0.412495
2026-09-27T15:05:00Z,2026-09-27T15:10:00Z,0.412645,0.430185,0.411335,0.430185
2026-09-27T15:10:00Z,2026-09-27T15:15:00Z,0.430045,0.435435,0.412425,0.412885
2026-09-27T15:15:00Z,2026-09-27T15:20:00Z,0.412825,0.419005,0.409395,0.415745
2026-09-27T15:20:00Z,2026-09-27T15:25:00Z,0.415885,0.420125,0.410115,0.410215
2026-09-27T15:25:00Z,2026-09-27T15:30:00Z,0.410505,0.415435,0.402385,0.402515
2026-09-27T15:30:00Z,2026-09-27T15:35:00Z,0.402305,0.416475,0.400855,0.415995
2026-09-27T15:35:00Z,2026-09-27T15:40:00Z,0.416255,0.417765,0.404535,0.404885
2026-09-27T15:40:00Z,2026-09-27T15:45:00Z,0.404635,0.405405,0.390745,0.397105
2026-09-27T15:45:00Z,2026-09-27T15:50:00Z,0.397045,0.407625,0.394265,0.398125
2026-09-27T15:50:00Z,2026-09-27T15:55:00Z,0.398035,0.400015,0.392835,0.398395
2026-09-27T15:55:00Z,2026-09-27T16:00:00Z,0.397745,0.412165,0.395675,0.412165
2026-09-27T16:00:00Z,2026-09-27T16:05:00Z,0.412755,0.413855,0.391175,0.395005
2026-09-27T16:05:00Z,2026-09-27T16:10:00Z,0.394795,0.397515,0.387305,0.393925
2026-09-27T16:10:00Z,2026-09-27T16:15:00Z,0.393555,0.400245,0.390715,0.397435
2026-09-27T16:15:00Z,2026-09-27T16:20:00Z,0.397555,0.411605,0.391015,0.407775
2026-09-27T16:20:00Z,2026-09-27T16:25:00Z,0.408495,0.427805,0.408495,0.421865
2026-09-27T16:25:00Z,2026-09-27T16:30:00Z,0.421775,0.422805,0.412825,0.414425
2026-09-27T16:30:00Z,2026-09-27T16:35:00Z,0.414565,0.417035,0.408775,0.409965
2026-09-27T16:35:00Z,2026-09-27T16:40:00Z,0.409775,0.410185,0.398205,0.406805
2026-09-27T16:40:00Z,2026-09-27T16:45:00Z,0.406665,0.408715,0.394235,0.399265
2026-09-27T16:45:00Z,2026-09-27T16:50:00Z,0.398765,0.407065,0.396635,0.405265
2026-09-27T16:50:00Z,2026-09-27T16:55:00Z,0.405355,0.411585,0.403555,0.410875
2026-09-27T16:55:00Z,2026-09-27T17:00:00Z,0.410855,0.413805,0.400795,0.406605
2026-09-27T17:00:00Z,2026-09-27T17:05:00Z,0.406555,0.411465,0.399035,0.400635
2026-09-27T17:05:00Z,2026-09-27T17:10:00Z,0.400835,0.409455,0.399675,0.404145
2026-09-27T17:10:00Z,2026-09-27T17:15:00Z,0.403965,0.409855,0.395215,0.395835
2026-09-27T17:15:00Z,2026-09-27T17:20:00Z,0.396085,0.397845,0.389915,0.396895
2026-09-27T17:20:00Z,2026-09-27T17:25:00Z,0.396955,0.403745,0.394955,0.396705
2026-09-27T17:25:00Z,2026-09-27T17:30:00Z,0.396905,0.402575,0.391515,0.395255
2026-09-27T17:30:00Z,2026-09-27T17:35:00Z,0.395165,0.405815,0.392535,0.405625
2026-09-27T17:35:00Z,2026-09-27T17:40:00Z,0.405425,0.411205,0.399885,0.408875
2026-09-27T17:40:00Z,2026-09-27T17:45:00Z,0.408775,0.411945,0.401915,0.408715
2026-09-27T17:45:00Z,2026-09-27T17:50:00Z,0.408905,0.408905,0.394135,0.395725
2026-09-27T17:50:00Z,2026-09-27T17:55:00Z,0.395805,0.402295,0.393635,0.398295
2026-09-27T17:55:00Z,2026-09-27T18:00:00Z,0.398175,0.406665,0.392745,0.394535
2026-09-27T18:00:00Z,2026-09-27T18:05:00Z,0.394645,0.403465,0.385115,0.398335
2026-09-27T18:05:00Z,2026-09-27T18:10:00Z,0.398235,0.403815,0.393535,0.400685
2026-09-27T18:10:00Z,2026-09-27T18:15:00Z,0.400885,0.413575,0.398305,0.411615
2026-09-27T18:15:00Z,2026-09-27T18:20:00Z,0.411705,0.415785,0.403555,0.404195
2026-09-27T18:20:00Z,2026-09-27T18:25:00Z,0.404285,0.418555,0.403735,0.415605
2026-09-27T18:25:00Z,2026-09-27T18:30:00Z,0.415545,0.429805,0.414615,0.424435
2026-09-27T18:30:00Z,2026-09-27T18:35:00Z,0.424255,0.426365,0.417915,0.424165
2026-09-27T18:35:00Z,2026-09-27T18:40:00Z,0.424365,0.430515,0.420875,0.427515
2026-09-27T18:40:00Z,2026-09-27T18:45:00Z,0.427565,0.430855,0.422635,0.426535
2026-09-27T18:45:00Z,2026-09-27T18:50:00Z,0.426305,0.437815,0.425665,0.434935
2026-09-27T18:50:00Z,2026-09-27T18:55:00Z,0.434855,0.437985,0.425005,0.425565
2026-09-27T18:55:00Z,2026-09-27T19:00:00Z,0.425655,0.427175,0.410865,0.413185
2026-09-27T19:00:00Z,2026-09-27T19:05:00Z,0.413325,0.421565,0.407585,0.420815
2026-09-27T19:05:00Z,2026-09-27T19:10:00Z,0.420545,0.433995,0.419325,0.430025
2026-09-27T19:10:00Z,2026-09-27T19:15:00Z,0.430275,0.431595,0.412725,0.416065
2026-09-27T19:15:00Z,2026-09-27T19:20:00Z,0.416255,0.427115,0.415495,0.424695
2026-09-27T19:20:00Z,2026-09-27T19:25:00Z,0.424795,0.428405,0.416515,0.419965
2026-09-27T19:25:00Z,2026-09-27T19:30:00Z,0.420665,0.429505,0.418875,0.423175
2026-09-27T19:30:00Z,2026-09-27T19:35:00Z,0.423775,0.425325,0.409315,0.414395
2026-09-27T19:35:00Z,2026-09-27T19:40:00Z,0.414445,0.428365,0.412575,0.425625
2026-09-27T19:40:00Z,2026-09-27T19:45:00Z,0.425615,0.434135,0.423185,0.428575
2026-09-27T19:45:00Z,2026-09-27T19:50:00Z,0.428725,0.433755,0.424355,0.426715
2026-09-27T19:50:00Z,2026-09-27T19:55:00Z,0.426215,0.434185,0.425335,0.430785
2026-09-27T19:55:00Z,2026-09-27T20:00:00Z,0.430865,0.439535,0.423505,0.437755
2026-09-27T20:00:00Z,2026-09-27T20:05:00Z,0.438095,0.441745,0.430665,0.431945
2026-09-27T20:05:00Z,2026-09-27T20:10:00Z,0.431955,0.441575,0.431915,0.438965
2026-09-27T20:10:00Z,2026-09-27T20:15:00Z,0.438775,0.451455,0.437755,0.450705
2026-09-27T20:15:00Z,2026-09-27T20:20:00Z,0.450655,0.451425,0.427675,0.427685
2026-09-27T20:20:00Z,2026-09-27T20:25:00Z,0.427715,0.433275,0.424665,0.431185
2026-09-27T20:25:00Z,2026-09-27T20:30:00Z,0.431255,0.438495,0.428305,0.437545
2026-09-27T20:30:00Z,2026-09-27T20:35:00Z,0.437675,0.445645,0.433565,0.436795
2026-09-27T20:35:00Z,2026-09-27T20:40:00Z,0.436635,0.439475,0.425335,0.425345
2026-09-27T20:40:00Z,2026-09-27T20:45:00Z,0.425315,0.435695,0.422905,0.432125
2026-09-27T20:50:00Z,2026-09-27T20:55:00Z,0.432125,0.432125,0.341505,0.350705
2026-09-27T20:55:00Z,2026-09-27T21:00:00Z,0.350335,0.351325,0.341165,0.342955
2026-09-27T21:00:00Z,2026-09-27T21:05:00Z,0.343615,0.353695,0.343435,0.351815
2026-09-27T21:05:00Z,2026-09-27T21:10:00Z,0.351755,0.359335,0.346235,0.358915
2026-09-27T21:10:00Z,2026-09-27T21:15:00Z,0.358965,0.366415,0.357395,0.360325
2026-09-27T21:15:00Z,2026-09-27T21:20:00Z,0.360415,0.369135,0.359235,0.360645
2026-09-27T21:20:00Z,2026-09-27T21:25:00Z,0.359985,0.369055,0.359845,0.365815
2026-09-27T21:25:00Z,2026-09-27T21:30:00Z,0.365845,0.374265,0.365285,0.366485
2026-09-27T21:30:00Z,2026-09-27T21:35:00Z,0.366555,0.367675,0.354305,0.361135
2026-09-27T21:35:00Z,2026-09-27T21:40:00Z,0.361315,0.368765,0.361185,0.367215
2026-09-27T21:40:00Z,2026-09-27T21:45:00Z,0.367275,0.367375,0.354675,0.355175
2026-09-27T21:45:00Z,2026-09-27T21:50:00Z,0.355265,0.355265,0.346625,0.347085
2026-09-27T21:50:00Z,2026-09-27T21:55:00Z,0.347385,0.348425,0.338205,0.343225
2026-09-27T21:55:00Z,2026-09-27T22:00:00Z,0.343305,0.352545,0.341905,0.352025
2026-09-27T22:00:00Z,2026-09-27T22:05:00Z,0.351865,0.370785,0.351775,0.370135
2026-09-27T22:05:00Z,2026-09-27T22:10:00Z,0.369945,0.379385,0.360205,0.377465
2026-09-27T22:10:00Z,2026-09-27T22:15:00Z,0.377345,0.380295,0.371835,0.379085
2026-09-27T22:15:00Z,2026-09-27T22:20:00Z,0.379175,0.387005,0.378195,0.384235
2026-09-27T22:20:00Z,2026-09-27T22:25:00Z,0.384425,0.387315,0.374525,0.380685
2026-09-27T22:25:00Z,2026-09-27T22:30:00Z,0.380645,0.380885,0.371235,0.372855
2026-09-27T22:30:00Z,2026-09-27T22:35:00Z,0.373085,0.374925,0.368145,0.372865
2026-09-27T22:35:00Z,2026-09-27T22:40:00Z,0.373425,0.377545,0.367195,0.375125
2026-09-27T22:40:00Z,2026-09-27T22:45:00Z,0.374815,0.388655,0.373185,0.384685
2026-09-27T22:45:00Z,2026-09-27T22:50:00Z,0.385305,0.387895,0.373605,0.377055
2026-09-27T22:50:00Z,2026-09-27T22:55:00Z,0.377035,0.389615,0.376465,0.386455
2026-09-27T22:55:00Z,2026-09-27T23:00:00Z,0.386315,0.388015,0.378215,0.379595
2026-09-27T23:00:00Z,2026-09-27T23:05:00Z,0.379555,0.381615,0.373695,0.373695
2026-09-27T23:05:00Z,2026-09-27T23:10:00Z,0.373655,0.378665,0.367795,0.369985
2026-09-27T23:10:00Z,2026-09-27T23:15:00Z,0.369895,0.376235,0.366135,0.369595
2026-09-27T23:15:00Z,2026-09-27T23:20:00Z,0.369405,0.370525,0.359735,0.366395
2026-09-27T23:20:00Z,2026-09-27T23:25:00Z,0.365905,0.375645,0.360845,0.373835
2026-09-27T23:25:00Z,2026-09-27T23:30:00Z,0.374025,0.381735,0.368925,0.380575
2026-09-27T23:30:00Z,2026-09-27T23:35:00Z,0.380485,0.387835,0.379205,0.382795
2026-09-27T23:35:00Z,2026-09-27T23:40:00Z,0.382665,0.390235,0.378195,0.380785
2026-09-27T23:40:00Z,2026-09-27T23:45:00Z,0.380705,0.388025,0.379785,0.386235
2026-09-27T23:45:00Z,2026-09-27T23:50:00Z,0.386345,0.400255,0.381505,0.399555
2026-09-27T23:50:00Z,2026-09-27T23:55:00Z,0.399305,0.400625,0.388825,0.393055
2026-09-27T23:55:00Z,2026-09-28T00:00:00Z,0.393105,0.394965,0.381205,0.381855
2026-09-28T00:00:00Z,2026-09-28T00:05:00Z,0.382065,0.390595,0.380325,0.388035
2026-09-28T00:05:00Z,2026-09-28T00:10:00Z,0.388005,0.397245,0.386215,0.392375
2026-09-28T00:10:00Z,2026-09-28T00:15:00Z,0.392655,0.404275,0.392655,0.401795
2026-09-28T00:15:00Z,2026-09-28T00:20:00Z,0.401825,0.411535,0.400395,0.410545
2026-09-28T00:20:00Z,2026-09-28T00:25:00Z,0.410775,0.420345,0.410775,0.415305
2026-09-28T00:25:00Z,2026-09-28T00:30:00Z,0.415445,0.420895,0.412395,0.412745
2026-09-28T00:30:00Z,2026-09-28T00:35:00Z,0.412575,0.418845,0.406365,0.406585
2026-09-28T00:35:00Z,2026-09-28T00:40:00Z,0.406495,0.415285,0.405175,0.410155
2026-09-28T00:40:00Z,2026-09-28T00:45:00Z,0.410055,0.419295,0.402005,0.415315
2026-09-28T00:45:00Z,2026-09-28T00:50:00Z,0.415485,0.425285,0.415275,0.423295
2026-09-28T00:50:00Z,2026-09-28T00:55:00Z,0.423245,0.429595,0.421805,0.426475
2026-09-28T00:55:00Z,2026-09-28T01:00:00Z,0.426435,0.433175,0.423175,0.423445
2026-09-28T01:00:00Z,2026-09-28T01:05:00Z,0.423395,0.430645,0.413655,0.430645
2026-09-28T01:05:00Z,2026-09-28T01:10:00Z,0.430695,0.434455,0.424455,0.426475
2026-09-28T01:10:00Z,2026-09-28T01:15:00Z,0.426405,0.432435,0.421825,0.426955
2026-09-28T01:15:00Z,2026-09-28T01:20:00Z,0.427015,0.432425,0.422915,0.429875
2026-09-28T01:20:00Z,2026-09-28T01:25:00Z,0.430345,0.434495,0.423115,0.427785
2026-09-28T01:25:00Z,2026-09-28T01:30:00Z,0.427825,0.429265,0.418095,0.423705
2026-09-28T01:30:00Z,2026-09-28T01:35:00Z,0.423655,0.431115,0.421085,0.429615
2026-09-28T01:35:00Z,2026-09-28T01:40:00Z,0.429655,0.432785,0.424045,0.429745
2026-09-28T01:40:00Z,2026-09-28T01:45:00Z,0.429945,0.442085,0.429835,0.437045
2026-09-28T01:45:00Z,2026-09-28T01:50:00Z,0.437055,0.440235,0.430755,0.437225
2026-09-28T01:50:00Z,2026-09-28T01:55:00Z,0.437375,0.442415,0.429985,0.438015
2026-09-28T01:55:00Z,2026-09-28T02:00:00Z,0.438085,0.450135,0.436865,0.446315
2026-09-28T02:00:00Z,2026-09-28T02:05:00Z,0.446575,0.447705,0.423285,0.423765
2026-09-28T02:05:00Z,2026-09-28T02:10:00Z,0.423575,0.431375,0.421055,0.429645
2026-09-28T02:10:00Z,2026-09-28T02:15:00Z,0.429635,0.439195,0.424275,0.436535
2026-09-28T02:15:00Z,2026-09-28T02:20:00Z,0.436565,0.442895,0.427795,0.438945
2026-09-28T02:20:00Z,2026-09-28T02:25:00Z,0.438855,0.443685,0.424525,0.427215
2026-09-28T02:25:00Z,2026-09-28T02:30:00Z,0.427425,0.437915,0.424375,0.437605
2026-09-28T02:30:00Z,2026-09-28T02:35:00Z,0.437385,0.462025,0.434125,0.461765
2026-09-28T02:35:00Z,2026-09-28T02:40:00Z,0.461905,0.462115,0.436705,0.438625
2026-09-28T02:40:00Z,2026-09-28T02:45:00Z,0.438465,0.441365,0.429125,0.431575
2026-09-28T02:45:00Z,2026-09-28T02:50:00Z,0.431765,0.435715,0.425465,0.434065
2026-09-28T02:50:00Z,2026-09-28T02:55:00Z,0.433915,0.442685,0.431195,0.432695
2026-09-28T02:55:00Z,2026-09-28T03:00:00Z,0.432595,0.436155,0.425655,0.431485
2026-09-28T03:00:00Z,2026-09-28T03:05:00Z,0.430705,0.436975,0.425805,0.436415
2026-09-28T03:05:00Z,2026-09-28T03:10:00Z,0.436475,0.441855,0.432105,0.436485
2026-09-28T03:10:00Z,2026-09-28T03:15:00Z,0.436185,0.436875,0.425785,0.436705
2026-09-28T03:15:00Z,2026-09-28T03:20:00Z,0.436715,0.448065,0.430805,0.444865
2026-09-28T03:20:00Z,2026-09-28T03:25:00Z,0.444915,0.450745,0.434565,0.437285
2026-09-28T03:25:00Z,2026-09-28T03:30:00Z,0.437265,0.437615,0.420165,0.420835
2026-09-28T03:30:00Z,2026-09-28T03:35:00Z,0.421295,0.424215,0.415545,0.419525
2026-09-28T03:35:00Z,2026-09-28T03:40:00Z,0.419725,0.423555,0.414685,0.416335
2026-09-28T03:40:00Z,2026-09-28T03:45:00Z,0.416485,0.420265,0.411665,0.418545
2026-09-28T03:45:00Z,2026-09-28T03:50:00Z,0.418495,0.418495,0.393705,0.399485
2026-09-28T03:50:00Z,2026-09-28T03:55:00Z,0.399675,0.402045,0.392525,0.394795
2026-09-28T03:55:00Z,2026-09-28T04:00:00Z,0.394985,0.397195,0.388795,0.394515
2026-09-28T04:00:00Z,2026-09-28T04:05:00Z,0.394695,0.398795,0.389715,0.390155
2026-09-28T04:05:00Z,2026-09-28T04:10:00Z,0.390135,0.401715,0.387365,0.395315
2026-09-28T04:10:00Z,2026-09-28T04:15:00Z,0.395555,0.401995,0.393665,0.397385
2026-09-28T04:15:00Z,2026-09-28T04:20:00Z,0.397435,0.398075,0.387205,0.389365
2026-09-28T04:20:00Z,2026-09-28T04:25:00Z,0.389355,0.395145,0.385995,0.394905
2026-09-28T04:25:00Z,2026-09-28T04:30:00Z,0.395015,0.395265,0.386145,0.387265
2026-09-28T04:30:00Z,2026-09-28T04:35:00Z,0.387355,0.388165,0.375495,0.378545
2026-09-28T04:35:00Z,2026-09-28T04:40:00Z,0.378205,0.392535,0.376915,0.389645
2026-09-28T04:40:00Z,2026-09-28T04:45:00Z,0.389685,0.396115,0.385815,0.390535
2026-09-28T04:45:00Z,2026-09-28T04:50:00Z,0.390395,0.398495,0.389745,0.396975
2026-09-28T04:50:00Z,2026-09-28T04:55:00Z,0.396815,0.403265,0.394665,0.399595
2026-09-28T04:55:00Z,2026-09-28T05:00:00Z,0.399605,0.407815,0.398465,0.404695
2026-09-28T05:00:00Z,2026-09-28T05:05:00Z,0.404615,0.404635,0.388405,0.401085
2026-09-28T05:05:00Z,2026-09-28T05:10:00Z,0.401245,0.406705,0.397585,0.399855
2026-09-28T05:10:00Z,2026-09-28T05:15:00Z,0.399865,0.403835,0.394465,0.401175
2026-09-28T05:15:00Z,2026-09-28T05:20:00Z,0.401785,0.403495,0.397085,0.402685
2026-09-28T05:20:00Z,2026-09-28T05:25:00Z,0.402785,0.408715,0.393855,0.408715
2026-09-28T05:25:00Z,2026-09-28T05:30:00Z,0.408705,0.415915,0.404535,0.404785
2026-09-28T05:30:00Z,2026-09-28T05:35:00Z,0.404565,0.408235,0.398075,0.405955
2026-09-28T05:35:00Z,2026-09-28T05:40:00Z,0.405295,0.422005,0.404445,0.418915
2026-09-28T05:40:00Z,2026-09-28T05:45:00Z,0.419005,0.432495,0.412665,0.430995
2026-09-28T05:45:00Z,2026-09-28T05:50:00Z,0.430915,0.440015,0.427635,0.431805
2026-09-28T05:50:00Z,2026-09-28T05:55:00Z,0.431765,0.438165,0.424815,0.425595
2026-09-28T05:55:00Z,2026-09-28T06:00:00Z,0.425615,0.428905,0.416265,0.416705
2026-09-28T06:00:00Z,2026-09-28T06:05:00Z,0.416925,0.424365,0.416095,0.419915
2026-09-28T06:05:00Z,2026-09-28T06:10:00Z,0.419865,0.423675,0.408855,0.410675
2026-09-28T06:10:00Z,2026-09-28T06:15:00Z,0.410805,0.416455,0.402145,0.405675
2026-09-28T06:15:00Z,2026-09-28T06:20:00Z,0.405825,0.406065,0.398035,0.402065
2026-09-28T06:20:00Z,2026-09-28T06:25:00Z,0.402235,0.404715,0.394805,0.400705
2026-09-28T06:25:00Z,2026-09-28T06:30:00Z,0.400585,0.405275,0.388945,0.389425
2026-09-28T06:30:00Z,2026-09-28T06:35:00Z,0.389305,0.395925,0.388285,0.392815
2026-09-28T06:35:00Z,2026-09-28T06:40:00Z,0.392685,0.398425,0.386455,0.396395
2026-09-28T06:40:00Z,2026-09-28T06:45:00Z,0.396615,0.404175,0.394985,0.399145
2026-09-28T06:45:00Z,2026-09-28T06:50:00Z,0.398955,0.403655,0.393975,0.398045
2026-09-28T06:50:00Z,2026-09-28T06:55:00Z,0.397775,0.405815,0.393985,0.401845
2026-09-28T06:55:00Z,2026-09-28T07:00:00Z,0.401985,0.405605,0.397975,0.400085
2026-09-28T07:00:00Z,2026-09-28T07:05:00Z,0.399935,0.403425,0.389395,0.396795
2026-09-28T07:05:00Z,2026-09-28T07:10:00Z,0.396735,0.401205,0.380985,0.381405
2026-09-28T07:10:00Z,2026-09-28T07:15:00Z,0.381635,0.382705,0.372415,0.375075
2026-09-28T07:15:00Z,2026-09-28T07:20:00Z,0.375055,0.379575,0.366445,0.366785
2026-09-28T07:20:00Z,2026-09-28T07:25:00Z,0.366555,0.366605,0.355135,0.360375
2026-09-28T07:25:00Z,2026-09-28T07:30:00Z,0.360755,0.361385,0.344205,0.359405
2026-09-28T07:30:00Z,2026-09-28T07:35:00Z,0.359495,0.370915,0.358715,0.369475
2026-09-28T07:35:00Z,2026-09-28T07:40:00Z,0.369355,0.381415,0.369335,0.380695
2026-09-28T07:40:00Z,2026-09-28T07:45:00Z,0.380555,0.380585,0.360945,0.364255
2026-09-28T07:45:00Z,2026-09-28T07:50:00Z,0.364075,0.369865,0.362665,0.364355
2026-09-28T07:50:00Z,2026-09-28T07:55:00Z,0.364285,0.374075,0.362815,0.371215
2026-09-28T07:55:00Z,2026-09-28T08:00:00Z,0.371135,0.379345,0.369055,0.376375
2026-09-28T08:00:00Z,2026-09-28T08:05:00Z,0.376835,0.382075,0.372065,0.375465
2026-09-28T08:05:00Z,2026-09-28T08:10:00Z,0.375415,0.392475,0.372945,0.392315
2026-09-28T08:10:00Z,2026-09-28T08:15:00Z,0.392335,0.403415,0.388495,0.403125
2026-09-28T08:15:00Z,2026-09-28T08:20:00Z,0.403305,0.414005,0.399205,0.408345
2026-09-28T08:20:00Z,2026-09-28T08:25:00Z,0.408115,0.409245,0.400605,0.405595
2026-09-28T08:25:00Z,2026-09-28T08:30:00Z,0.405375,0.414615,0.402085,0.412165
2026-09-28T08:30:00Z,2026-09-28T08:35:00Z,0.412085,0.413255,0.403645,0.405525
2026-09-28T08:35:00Z,2026-09-28T08:40:00Z,0.405875,0.408925,0.394545,0.401885
2026-09-28T08:40:00Z,2026-09-28T08:45:00Z,0.402105,0.403935,0.391795,0.393485
2026-09-28T08:45:00Z,2026-09-28T08:50:00Z,0.393895,0.395945,0.388625,0.392185
2026-09-28T08:50:00Z,2026-09-28T08:55:00Z,0.391775,0.396995,0.384395,0.384395
2026-09-28T08:55:00Z,2026-09-28T09:00:00Z,0.384505,0.394005,0.381945,0.392785
2026-09-28T09:00:00Z,2026-09-28T09:05:00Z,0.392795,0.406115,0.392795,0.404885
2026-09-28T09:05:00Z,2026-09-28T09:10:00Z,0.405115,0.405135,0.395765,0.401835
2026-09-28T09:10:00Z,2026-09-28T09:15:00Z,0.402035,0.409905,0.400805,0.404515
2026-09-28T09:15:00Z,2026-09-28T09:20:00Z,0.404355,0.413675,0.403475,0.405875
2026-09-28T09:20:00Z,2026-09-28T09:25:00Z,0.405945,0.418875,0.403455,0.415385
2026-09-28T09:25:00Z,2026-09-28T09:30:00Z,0.415145,0.424685,0.413915,0.421335
2026-09-28T09:30:00Z,2026-09-28T09:35:00Z,0.421315,0.423485,0.407195,0.420825
2026-09-28T09:35:00Z,2026-09-28T09:40:00Z,0.421105,0.435055,0.420665,0.433525
2026-09-28T09:40:00Z,2026-09-28T09:45:00Z,0.433455,0.437295,0.425305,0.433945
2026-09-28T09:45:00Z,2026-09-28T09:50:00Z,0.433795,0.433795,0.420195,0.425995
2026-09-28T09:50:00Z,2026-09-28T09:55:00Z,0.426095,0.426095,0.413225,0.416655
2026-09-28T09:55:00Z,2026-09-28T10:00:00Z,0.416765,0.421855,0.411945,0.414055
2026-09-28T10:00:00Z,2026-09-28T10:05:00Z,0.414155,0.414645,0.404685,0.406685
2026-09-28T10:05:00Z,2026-09-28T10:10:00Z,0.406545,0.408955,0.398315,0.400865
2026-09-28T10:10:00Z,2026-09-28T10:15:00Z,0.400845,0.405685,0.397445,0.403615
2026-09-28T10:15:00Z,2026-09-28T10:20:00Z,0.403445,0.414875,0.403445,0.406485
2026-09-28T10:20:00Z,2026-09-28T10:25:00Z,0.406195,0.410975,0.400805,0.409725
2026-09-28T10:25:00Z,2026-09-28T10:30:00Z,0.409935,0.413265,0.407355,0.409585
2026-09-28T10:30:00Z,2026-09-28T10:35:00Z,0.409125,0.410705,0.400295,0.401945
2026-09-28T10:35:00Z,2026-09-28T10:40:00Z,0.401965,0.411705,0.398925,0.408395
2026-09-28T10:40:00Z,2026-09-28T10:45:00Z,0.408185,0.415985,0.406545,0.412765
2026-09-28T10:45:00Z,2026-09-28T10:50:00Z,0.412895,0.427985,0.412615,0.424575
2026-09-28T10:50:00Z,2026-09-28T10:55:00Z,0.424485,0.427485,0.410525,0.410665
2026-09-28T10:55:00Z,2026-09-28T11:00:00Z,0.410755,0.414985,0.401125,0.409945
2026-09-28T11:00:00Z,2026-09-28T11:05:00Z,0.409815,0.417125,0.408505,0.415485
2026-09-28T11:05:00Z,2026-09-28T11:10:00Z,0.415755,0.416035,0.402335,0.414745
2026-09-28T11:10:00Z,2026-09-28T11:15:00Z,0.414995,0.415235,0.403485,0.407055
2026-09-28T11:15:00Z,2026-09-28T11:20:00Z,0.407235,0.409075,0.402595,0.405265
2026-09-28T11:20:00Z,2026-09-28T11:25:00Z,0.405105,0.407825,0.392585,0.397135
2026-09-28T11:25:00Z,2026-09-28T11:30:00Z,0.396765,0.404665,0.391855,0.401595
2026-09-28T11:30:00Z,2026-09-28T11:35:00Z,0.401785,0.404295,0.395515,0.396925
2026-09-28T11:35:00Z,2026-09-28T11:40:00Z,0.396875,0.402695,0.391215,0.392165
2026-09-28T11:40:00Z,2026-09-28T11:45:00Z,0.392255,0.393955,0.386375,0.392755
2026-09-28T11:45:00Z,2026-09-28T11:50:00Z,0.392735,0.399205,0.390645,0.391465
2026-09-28T11:50:00Z,2026-09-28T11:55:00Z,0.390515,0.392215,0.378645,0.382055
2026-09-28T11:55:00Z,2026-09-28T12:00:00Z,0.382145,0.389065,0.379975,0.386065
2026-09-28T12:00:00Z,2026-09-28T12:05:00Z,0.386295,0.396325,0.385805,0.388375
2026-09-28T12:05:00Z,2026-09-28T12:10:00Z,0.388155,0.398575,0.384875,0.396215
2026-09-28T12:10:00Z,2026-09-28T12:15:00Z,0.396205,0.400965,0.387545,0.399415
2026-09-28T12:15:00Z,2026-09-28T12:20:00Z,0.399475,0.411165,0.398505,0.408835
2026-09-28T12:20:00Z,2026-09-28T12:25:00Z,0.408705,0.427095,0.408315,0.427055
2026-09-28T12:25:00Z,2026-09-28T12:30:00Z,0.427105,0.436405,0.424805,0.424975
2026-09-28T12:30:00Z,2026-09-28T12:35:00Z,0.425295,0.427995,0.414155,0.416405
2026-09-28T12:35:00Z,2026-09-28T12:40:00Z,0.416275,0.423255,0.416045,0.420535
2026-09-28T12:40:00Z,2026-09-28T12:45:00Z,0.419975,0.422615,0.411965,0.420255
2026-09-28T12:45:00Z,2026-09-28T12:50:00Z,0.420115,0.425085,0.414585,0.421215
2026-09-28T12:50:00Z,2026-09-28T12:55:00Z,0.421175,0.424895,0.416925,0.417535
2026-09-28T12:55:00Z,2026-09-28T13:00:00Z,0.417805,0.427575,0.417165,0.425115
2026-09-28T13:00:00Z,2026-09-28T13:05:00Z,0.425125,0.433075,0.417685,0.430605
2026-09-28T13:05:00Z,2026-09-28T13:10:00Z,0.430735,0.431955,0.421425,0.426285
2026-09-28T13:10:00Z,2026-09-28T13:15:00Z,0.426015,0.429445,0.421495,0.424425
2026-09-28T13:15:00Z,2026-09-28T13:20:00Z,0.425485,0.425925,0.409665,0.418805
2026-09-28T13:20:00Z,2026-09-28T13:25:00Z,0.418935,0.439095,0.417035,0.435785
2026-09-28T13:25:00Z,2026-09-28T13:30:00Z,0.435995,0.435995,0.418435,0.421985
2026-09-25T02:15:00Z,2026-09-25T02:20:00Z,0.351955,0.358315,0.350605,0.352765
2026-09-25T02:20:00Z,2026-09-25T02:25:00Z,0.352815,0.359165,0.344515,0.345475
2026-09-25T02:25:00Z,2026-09-25T02:30:00Z,0.345655,0.355235,0.340545,0.340975
2026-09-25T02:30:00Z,2026-09-25T02:35:00Z,0.340935,0.348645,0.340845,0.344225
2026-09-25T02:35:00Z,2026-09-25T02:40:00Z,0.344265,0.345175,0.339035,0.342615
2026-09-25T02:40:00Z,2026-09-25T02:45:00Z,0.342425,0.346845,0.341145,0.344135
2026-09-25T02:45:00Z,2026-09-25T02:50:00Z,0.344255,0.347295,0.336645,0.336645
2026-09-25T02:50:00Z,2026-09-25T02:55:00Z,0.336845,0.343275,0.332775,0.340685
2026-09-25T02:55:00Z,2026-09-25T03:00:00Z,0.340265,0.353315,0.339495,0.353005
2026-09-25T03:00:00Z,2026-09-25T03:05:00Z,0.352825,0.352955,0.340945,0.341585
2026-09-25T03:05:00Z,2026-09-25T03:10:00Z,0.341695,0.351345,0.340795,0.343585
2026-09-25T03:10:00Z,2026-09-25T03:15:00Z,0.343505,0.349025,0.340235,0.342535
2026-09-25T03:15:00Z,2026-09-25T03:20:00Z,0.342565,0.350835,0.341795,0.349575
2026-09-25T03:20:00Z,2026-09-25T03:25:00Z,0.349695,0.351945,0.345295,0.350595
2026-09-25T03:25:00Z,2026-09-25T03:30:00Z,0.350545,0.365015,0.349505,0.363745
2026-09-25T03:30:00Z,2026-09-25T03:35:00Z,0.363355,0.363355,0.352585,0.360115
2026-09-25T03:35:00Z,2026-09-25T03:40:00Z,0.360235,0.361305,0.351505,0.354125
2026-09-25T03:40:00Z,2026-09-25T03:45:00Z,0.354145,0.359035,0.351025,0.357545
2026-09-25T03:45:00Z,2026-09-25T03:50:00Z,0.357635,0.363805,0.354525,0.358325
2026-09-25T03:50:00Z,2026-09-25T03:55:00Z,0.357645,0.367435,0.355215,0.365145
2026-09-25T03:55:00Z,2026-09-25T04:00:00Z,0.365265,0.365995,0.350655,0.353835
2026-09-25T04:00:00Z,2026-09-25T04:05:00Z,0.353925,0.354385,0.345335,0.350145
2026-09-25T04:05:00Z,2026-09-25T04:10:00Z,0.349955,0.352325,0.344755,0.348105
2026-09-25T04:10:00Z,2026-09-25T04:15:00Z,0.348185,0.356465,0.344505,0.351605
2026-09-25T04:15:00Z,2026-09-25T04:20:00Z,0.351425,0.356145,0.344825,0.354785
2026-09-25T04:20:00Z,2026-09-25T04:25:00Z,0.354855,0.355145,0.342265,0.344035
2026-09-25T04:25:00Z,2026-09-25T04:30:00Z,0.343875,0.349085,0.341075,0.345425
2026-09-25T04:30:00Z,2026-09-25T04:35:00Z,0.345545,0.350535,0.342715,0.347495
2026-09-25T04:35:00Z,2026-09-25T04:40:00Z,0.347245,0.355795,0.346505,0.351965
2026-09-25T04:40:00Z,2026-09-25T04:45:00Z,0.351875,0.353875,0.342775,0.342775
2026-09-25T04:45:00Z,2026-09-25T04:50:00Z,0.342945,0.345645,0.336785,0.341465
2026-09-25T04:50:00Z,2026-09-25T04:55:00Z,0.341265,0.355235,0.341075,0.354955
2026-09-25T04:55:00Z,2026-09-25T05:00:00Z,0.354745,0.365885,0.354525,0.358365
2026-09-25T05:00:00Z,2026-09-25T05:05:00Z,0.358185,0.361895,0.350105,0.354135
2026-09-25T05:05:00Z,2026-09-25T05:10:00Z,0.354265,0.359205,0.349665,0.358845
2026-09-25T05:10:00Z,2026-09-25T05:15:00Z,0.359175,0.362665,0.347585,0.349195
2026-09-25T05:15:00Z,2026-09-25T05:20:00Z,0.348915,0.357955,0.341695,0.357955
2026-09-25T05:20:00Z,2026-09-25T05:25:00Z,0.357875,0.361195,0.347705,0.360725
2026-09-25T05:25:00Z,2026-09-25T05:30:00Z,0.360505,0.362095,0.347875,0.354055
2026-09-25T05:30:00Z,2026-09-25T05:35:00Z,0.353835,0.365285,0.351825,0.352825
2026-09-25T05:35:00Z,2026-09-25T05:40:00Z,0.353095,0.360845,0.349795,0.358145
2026-09-25T05:40:00Z,2026-09-25T05:45:00Z,0.358235,0.365745,0.354865,0.363945
2026-09-25T05:45:00Z,2026-09-25T05:50:00Z,0.364155,0.369165,0.362505,0.367765
2026-09-25T05:50:00Z,2026-09-25T05:55:00Z,0.367785,0.385135,0.363135,0.383675
2026-09-25T05:55:00Z,2026-09-25T06:00:00Z,0.383575,0.385285,0.372095,0.372095
2026-09-25T06:00:00Z,2026-09-25T06:05:00Z,0.371905,0.385525,0.368585,0.375925
2026-09-25T06:05:00Z,2026-09-25T06:10:00Z,0.376055,0.378695,0.367855,0.378045
2026-09-25T06:10:00Z,2026-09-25T06:15:00Z,0.378015,0.379465,0.372285,0.374015
2026-09-25T06:15:00Z,2026-09-25T06:20:00Z,0.373305,0.376675,0.369185,0.372195
2026-09-25T06:20:00Z,2026-09-25T06:25:00Z,0.372255,0.382975,0.368075,0.380425
2026-09-25T06:25:00Z,2026-09-25T06:30:00Z,0.380665,0.380915,0.371725,0.372135
2026-09-25T06:30:00Z,2026-09-25T06:35:00Z,0.372395,0.385915,0.371395,0.385915
2026-09-25T06:35:00Z,2026-09-25T06:40:00Z,0.385765,0.393645,0.383345,0.386435
2026-09-25T06:40:00Z,2026-09-25T06:45:00Z,0.386805,0.387235,0.373425,0.374615
2026-09-25T06:45:00Z,2026-09-25T06:50:00Z,0.374695,0.380825,0.370775,0.373295
2026-09-25T06:50:00Z,2026-09-25T06:55:00Z,0.373355,0.376855,0.369485,0.374675
2026-09-25T06:55:00Z,2026-09-25T07:00:00Z,0.374735,0.390515,0.374645,0.388725
2026-09-25T07:00:00Z,2026-09-25T07:05:00Z,0.388685,0.392825,0.384235,0.387905
2026-09-25T07:05:00Z,2026-09-25T07:10:00Z,0.387765,0.400805,0.386715,0.400555
2026-09-25T07:10:00Z,2026-09-25T07:15:00Z,0.400605,0.401165,0.392695,0.398345
2026-09-25T07:15:00Z,2026-09-25T07:20:00Z,0.398195,0.399505,0.388395,0.390385
2026-09-25T07:20:00Z,2026-09-25T07:25:00Z,0.390205,0.393245,0.377905,0.380515
2026-09-25T07:25:00Z,2026-09-25T07:30:00Z,0.379985,0.385505,0.373655,0.384615
2026-09-25T07:30:00Z,2026-09-25T07:35:00Z,0.384605,0.392305,0.381515,0.382295
2026-09-25T07:35:00Z,2026-09-25T07:40:00Z,0.381785,0.386655,0.376665,0.378315
2026-09-25T07:40:00Z,2026-09-25T07:45:00Z,0.377785,0.383215,0.370925,0.371905
2026-09-25T07:45:00Z,2026-09-25T07:50:00Z,0.371885,0.372115,0.364495,0.366255
2026-09-25T07:50:00Z,2026-09-25T07:55:00Z,0.366355,0.373235,0.366125,0.372035
2026-09-25T07:55:00Z,2026-09-25T08:00:00Z,0.372665,0.378125,0.366325,0.373055
2026-09-25T08:00:00Z,2026-09-25T08:05:00Z,0.372595,0.372925,0.361785,0.363555
2026-09-25T08:05:00Z,2026-09-25T08:10:00Z,0.363775,0.366935,0.357565,0.361405
2026-09-25T08:10:00Z,2026-09-25T08:15:00Z,0.361185,0.371905,0.360375,0.369365
2026-09-25T08:15:00Z,2026-09-25T08:20:00Z,0.369505,0.376175,0.364125,0.373135
2026-09-25T08:20:00Z,2026-09-25T08:25:00Z,0.373195,0.381925,0.368805,0.377235
2026-09-25T08:25:00Z,2026-09-25T08:30:00Z,0.377125,0.381015,0.372895,0.380465
2026-09-25T08:30:00Z,2026-09-25T08:35:00Z,0.380675,0.383525,0.371785,0.376605
2026-09-25T08:35:00Z,2026-09-25T08:40:00Z,0.377055,0.378965,0.371415,0.375735
2026-09-25T08:40:00Z,2026-09-25T08:45:00Z,0.375675,0.381895,0.368815,0.370885
2026-09-25T08:45:00Z,2026-09-25T08:50:00Z,0.370805,0.375605,0.364725,0.370405
2026-09-25T08:50:00Z,2026-09-25T08:55:00Z,0.370215,0.371075,0.362615,0.366465
2026-09-25T08:55:00Z,2026-09-25T09:00:00Z,0.366625,0.377795,0.364955,0.372295
2026-09-25T09:00:00Z,2026-09-25T09:05:00Z,0.372505,0.372725,0.364965,0.371175
2026-09-25T09:05:00Z,2026-09-25T09:10:00Z,0.371155,0.371345,0.358705,0.359585
2026-09-25T09:10:00Z,2026-09-25T09:15:00Z,0.359655,0.364095,0.351835,0.354175
2026-09-25T09:15:00Z,2026-09-25T09:20:00Z,0.354005,0.367345,0.352445,0.360795
2026-09-25T09:20:00Z,2026-09-25T09:25:00Z,0.360685,0.366185,0.355385,0.365135
2026-09-25T09:25:00Z,2026-09-25T09:30:00Z,0.365365,0.371465,0.359825,0.363295
2026-09-25T09:30:00Z,2026-09-25T09:35:00Z,0.363215,0.373145,0.362245,0.363385
2026-09-25T09:35:00Z,2026-09-25T09:40:00Z,0.363455,0.367955,0.358145,0.359145
2026-09-25T09:40:00Z,2026-09-25T09:45:00Z,0.359195,0.364425,0.354615,0.355145
2026-09-25T09:45:00Z,2026-09-25T09:50:00Z,0.354935,0.356105,0.348175,0.350305
2026-09-25T09:50:00Z,2026-09-25T09:55:00Z,0.350605,0.356925,0.350165,0.356475
2026-09-25T09:55:00Z,2026-09-25T10:00:00Z,0.355835,0.358405,0.349915,0.350755
2026-09-25T10:00:00Z,2026-09-25T10:05:00Z,0.350785,0.366825,0.349075,0.362845
2026-09-25T10:05:00Z,2026-09-25T10:10:00Z,0.362965,0.365505,0.357495,0.359325
2026-09-25T10:10:00Z,2026-09-25T10:15:00Z,0.359435,0.362455,0.354185,0.359125
2026-09-25T10:15:00Z,2026-09-25T10:20:00Z,0.358505,0.370155,0.356405,0.367885
2026-09-25T10:20:00Z,2026-09-25T10:25:00Z,0.368075,0.376155,0.366045,0.372755
2026-09-25T10:25:00Z,2026-09-25T10:30:00Z,0.372535,0.377325,0.368545,0.376475
2026-09-25T10:30:00Z,2026-09-25T10:35:00Z,0.376595,0.380065,0.373335,0.375095
2026-09-25T10:35:00Z,2026-09-25T10:40:00Z,0.374855,0.377165,0.364865,0.366195
2026-09-25T10:40:00Z,2026-09-25T10:45:00Z,0.366215,0.374335,0.361895,0.362495
2026-09-25T10:45:00Z,2026-09-25T10:50:00Z,0.362275,0.375375,0.360245,0.370305
2026-09-25T10:50:00Z,2026-09-25T10:55:00Z,0.370555,0.371405,0.364975,0.365775
2026-09-25T10:55:00Z,2026-09-25T11:00:00Z,0.365665,0.367275,0.359585,0.363175
2026-09-25T11:00:00Z,2026-09-25T11:05:00Z,0.363105,0.367875,0.361945,0.366015
2026-09-25T11:05:00Z,2026-09-25T11:10:00Z,0.366135,0.381615,0.366005,0.381295
2026-09-25T11:10:00Z,2026-09-25T11:15:00Z,0.381185,0.384525,0.370305,0.374365
2026-09-25T11:15:00Z,2026-09-25T11:20:00Z,0.374575,0.375035,0.369065,0.373725
2026-09-25T11:20:00Z,2026-09-25T11:25:00Z,0.374195,0.385295,0.373875,0.377435
2026-09-25T11:25:00Z,2026-09-25T11:30:00Z,0.377645,0.383325,0.372825,0.373825
2026-09-25T11:30:00Z,2026-09-25T11:35:00Z,0.373915,0.380745,0.371085,0.379445
2026-09-25T11:35:00Z,2026-09-25T11:40:00Z,0.378975,0.385145,0.376735,0.381445
2026-09-25T11:40:00Z,2026-09-25T11:45:00Z,0.381415,0.382205,0.370885,0.376275
2026-09-25T11:45:00Z,2026-09-25T11:50:00Z,0.376075,0.382755,0.374575,0.375655
2026-09-25T11:50:00Z,2026-09-25T11:55:00Z,0.375815,0.387125,0.374985,0.383365
2026-09-25T11:55:00Z,2026-09-25T12:00:00Z,0.383145,0.387945,0.372705,0.373975
2026-09-25T12:00:00Z,2026-09-25T12:05:00Z,0.373925,0.374395,0.362155,0.369685
2026-09-25T12:05:00Z,2026-09-25T12:10:00Z,0.369445,0.376495,0.367845,0.376465
2026-09-25T12:10:00Z,2026-09-25T12:15:00Z,0.376285,0.389755,0.373605,0.384305
2026-09-25T12:15:00Z,2026-09-25T12:20:00Z,0.384365,0.388295,0.381785,0.387085
2026-09-25T12:20:00Z,2026-09-25T12:25:00Z,0.387265,0.403845,0.387265,0.400795
2026-09-25T12:25:00Z,2026-09-25T12:30:00Z,0.400595,0.403685,0.396015,0.400715
2026-09-25T12:30:00Z,2026-09-25T12:35:00Z,0.400555,0.405065,0.390205,0.398805
2026-09-25T12:35:00Z,2026-09-25T12:40:00Z,0.398795,0.410565,0.395005,0.410125
2026-09-25T12:40:00Z,2026-09-25T12:45:00Z,0.410385,0.424415,0.410385,0.421225
2026-09-25T12:45:00Z,2026-09-25T12:50:00Z,0.421355,0.423705,0.409215,0.409575
2026-09-25T12:50:00Z,2026-09-25T12:55:00Z,0.410125,0.414755,0.402925,0.402995
2026-09-25T12:55:00Z,2026-09-25T13:00:00Z,0.403215,0.412575,0.403215,0.405955
2026-09-25T13:00:00Z,2026-09-25T13:05:00Z,0.405695,0.406305,0.396305,0.396875
2026-09-25T13:05:00Z,2026-09-25T13:10:00Z,0.397045,0.398085,0.379305,0.382405
2026-09-25T13:10:00Z,2026-09-25T13:15:00Z,0.381755,0.396035,0.380335,0.391915
2026-09-25T13:15:00Z,2026-09-25T13:20:00Z,0.391705,0.412615,0.389575,0.409905
2026-09-25T13:20:00Z,2026-09-25T13:25:00Z,0.409875,0.414615,0.404815,0.405025
2026-09-25T13:25:00Z,2026-09-25T13:30:00Z,0.404915,0.405675,0.396985,0.400925
2026-09-25T13:30:00Z,2026-09-25T13:35:00Z,0.400725,0.400845,0.383305,0.386855
2026-09-25T13:35:00Z,2026-09-25T13:40:00Z,0.387015,0.394445,0.386245,0.388055
2026-09-25T13:40:00Z,2026-09-25T13:45:00Z,0.388175,0.388295,0.372665,0.374175
2026-09-25T13:45:00Z,2026-09-25T13:50:00Z,0.374755,0.377965,0.365505,0.370635
2026-09-25T13:50:00Z,2026-09-25T13:55:00Z,0.370875,0.372585,0.363885,0.365965
2026-09-25T13:55:00Z,2026-09-25T14:00:00Z,0.366165,0.367955,0.358175,0.364185
2026-09-25T14:00:00Z,2026-09-25T14:05:00Z,0.364355,0.369825,0.360475,0.369435
2026-09-25T14:05:00Z,2026-09-25T14:10:00Z,0.369245,0.378885,0.368035,0.377815
2026-09-25T14:10:00Z,2026-09-25T14:15:00Z,0.378045,0.379265,0.368365,0.369135
2026-09-25T14:15:00Z,2026-09-25T14:20:00Z,0.369295,0.371905,0.362105,0.371445
2026-09-25T14:20:00Z,2026-09-25T14:25:00Z,0.371325,0.373455,0.361575,0.361575
2026-09-25T14:25:00Z,2026-09-25T14:30:00Z,0.361645,0.369685,0.361085,0.365785
2026-09-25T14:30:00Z,2026-09-25T14:35:00Z,0.365985,0.373905,0.362135,0.371745
2026-09-25T14:35:00Z,2026-09-25T14:40:00Z,0.371135,0.377295,0.366365,0.376815
2026-09-25T14:40:00Z,2026-09-25T14:45:00Z,0.376915,0.388745,0.376545,0.388635
2026-09-25T14:45:00Z,2026-09-25T14:50:00Z,0.388005,0.388925,0.375955,0.384235
2026-09-25T14:50:00Z,2026-09-25T14:55:00Z,0.384125,0.386595,0.373145,0.375545
2026-09-25T14:55:00Z,2026-09-25T15:00:00Z,0.375755,0.379195,0.363845,0.370975
2026-09-25T15:00:00Z,2026-09-25T15:05:00Z,0.370845,0.374015,0.367155,0.369425
2026-09-25T15:05:00Z,2026-09-25T15:10:00Z,0.369295,0.376065,0.366805,0.375585
2026-09-25T15:10:00Z,2026-09-25T15:15:00Z,0.375775,0.386405,0.375375,0.381355
2026-09-25T15:15:00Z,2026-09-25T15:20:00Z,0.381425,0.394165,0.381305,0.388225
2026-09-25T15:20:00Z,2026-09-25T15:25:00Z,0.388005,0.388005,0.379985,0.380645
2026-09-25T15:25:00Z,2026-09-25T15:30:00Z,0.380435,0.383905,0.372775,0.373305
2026-09-25T15:30:00Z,2026-09-25T15:35:00Z,0.373525,0.384095,0.369695,0.369695
2026-09-25T15:35:00Z,2026-09-25T15:40:00Z,0.369465,0.374325,0.362285,0.373695
2026-09-25T15:40:00Z,2026-09-25T15:45:00Z,0.374255,0.387665,0.369795,0.383165
2026-09-25T15:45:00Z,2026-09-25T15:50:00Z,0.383655,0.390335,0.380465,0.382815
2026-09-25T15:50:00Z,2026-09-25T15:55:00Z,0.382905,0.388295,0.375635,0.384795
2026-09-25T15:55:00Z,2026-09-25T16:00:00Z,0.385015,0.395785,0.384865,0.386075
2026-09-25T16:00:00Z,2026-09-25T16:05:00Z,0.386265,0.386695,0.378425,0.381555
2026-09-25T16:05:00Z,2026-09-25T16:10:00Z,0.380985,0.391575,0.379765,0.391475
2026-09-25T16:10:00Z,2026-09-25T16:15:00Z,0.391715,0.394935,0.386635,0.387525
2026-09-25T16:15:00Z,2026-09-25T16:20:00Z,0.387405,0.401245,0.385385,0.397555
2026-09-25T16:20:00Z,2026-09-25T16:25:00Z,0.397475,0.405545,0.395765,0.401295
2026-09-25T16:25:00Z,2026-09-25T16:30:00Z,0.401225,0.402275,0.379555,0.381435
2026-09-25T16:30:00Z,2026-09-25T16:35:00Z,0.381375,0.391565,0.381225,0.381805
2026-09-25T16:35:00Z,2026-09-25T16:40:00Z,0.381615,0.384395,0.371035,0.371535
2026-09-25T16:40:00Z,2026-09-25T16:45:00Z,0.371695,0.374145,0.362895,0.373145
2026-09-25T16:45:00Z,2026-09-25T16:50:00Z,0.373095,0.377235,0.363775,0.364525
2026-09-25T16:50:00Z,2026-09-25T16:55:00Z,0.364295,0.371765,0.362255,0.363435
2026-09-25T16:55:00Z,2026-09-25T17:00:00Z,0.363625,0.364265,0.353835,0.354795
2026-09-25T17:00:00Z,2026-09-25T17:05:00Z,0.354815,0.363935,0.352075,0.363855
2026-09-25T17:05:00Z,2026-09-25T17:10:00Z,0.363965,0.372155,0.360775,0.371855
2026-09-25T17:10:00Z,2026-09-25T17:15:00Z,0.371635,0.374365,0.363755,0.367445
2026-09-25T17:15:00Z,2026-09-25T17:20:00Z,0.367565,0.380035,0.365055,0.375425
2026-09-25T17:20:00Z,2026-09-25T17:25:00Z,0.375435,0.384535,0.369565,0.384275
2026-09-25T17:25:00Z,2026-09-25T17:30:00Z,0.383865,0.384175,0.369565,0.371745
2026-09-25T17:30:00Z,2026-09-25T17:35:00Z,0.371905,0.375975,0.366795,0.367985
2026-09-25T17:35:00Z,2026-09-25T17:40:00Z,0.368095,0.368935,0.360835,0.364955
2026-09-25T17:40:00Z,2026-09-25T17:45:00Z,0.364745,0.374745,0.364155,0.369075
2026-09-25T17:45:00Z,2026-09-25T17:50:00Z,0.368915,0.379995,0.366665,0.378495
2026-09-25T17:50:00Z,2026-09-25T17:55:00Z,0.378765,0.379855,0.368205,0.368765
2026-09-25T17:55:00Z,2026-09-25T18:00:00Z,0.368845,0.371985,0.362615,0.363445
2026-09-25T18:00:00Z,2026-09-25T18:05:00Z,0.363315,0.365515,0.357945,0.357945
2026-09-25T18:05:00Z,2026-09-25T18:10:00Z,0.358085,0.369605,0.354495,0.368735
2026-09-25T18:10:00Z,2026-09-25T18:15:00Z,0.368335,0.368875,0.356715,0.357325
2026-09-25T18:15:00Z,2026-09-25T18:20:00Z,0.357375,0.357565,0.349835,0.354875
2026-09-25T18:20:00Z,2026-09-25T18:25:00Z,0.355075,0.356675,0.349275,0.353405
2026-09-25T18:25:00Z,2026-09-25T18:30:00Z,0.353425,0.354965,0.344825,0.351965
2026-09-25T18:30:00Z,2026-09-25T18:35:00Z,0.351825,0.359115,0.349115,0.358055
2026-09-25T18:35:00Z,2026-09-25T18:40:00Z,0.357875,0.361115,0.351405,0.359815
2026-09-25T18:40:00Z,2026-09-25T18:45:00Z,0.360255,0.362105,0.352765,0.357515
2026-09-25T18:45:00Z,2026-09-25T18:50:00Z,0.357655,0.364975,0.355625,0.357175
2026-09-25T18:50:00Z,2026-09-25T18:55:00Z,0.357065,0.375295,0.354745,0.373295
2026-09-25T18:55:00Z,2026-09-25T19:00:00Z,0.373225,0.380895,0.363755,0.379875
2026-09-25T19:00:00Z,2026-09-25T19:05:00Z,0.379615,0.387965,0.377815,0.386735
2026-09-25T19:05:00Z,2026-09-25T19:10:00Z,0.386845,0.400875,0.383515,0.399525
2026-09-25T19:10:00Z,2026-09-25T19:15:00Z,0.399485,0.415475,0.397055,0.413445
2026-09-25T19:15:00Z,2026-09-25T19:20:00Z,0.413555,0.419205,0.404095,0.411215
2026-09-25T19:20:00Z,2026-09-25T19:25:00Z,0.411125,0.416875,0.408765,0.415675
2026-09-25T19:25:00Z,2026-09-25T19:30:00Z,0.415485,0.418255,0.401785,0.410045
2026-09-25T19:30:00Z,2026-09-25T19:35:00Z,0.409925,0.412825,0.395585,0.399095
2026-09-25T19:35:00Z,2026-09-25T19:40:00Z,0.398325,0.398475,0.383585,0.384445
2026-09-25T19:40:00Z,2026-09-25T19:45:00Z,0.384685,0.397095,0.383735,0.390765
2026-09-25T19:45:00Z,2026-09-25T19:50:00Z,0.390565,0.391495,0.378545,0.380155
2026-09-25T19:50:00Z,2026-09-25T19:55:00Z,0.379755,0.387385,0.377635,0.382885
2026-09-25T19:55:00Z,2026-09-25T20:00:00Z,0.382965,0.389265,0.378825,0.388735
2026-09-25T20:00:00Z,2026-09-25T20:05:00Z,0.388855,0.391795,0.386465,0.390065
2026-09-25T20:05:00Z,2026-09-25T20:10:00Z,0.389855,0.390625,0.374715,0.375575
2026-09-25T20:10:00Z,2026-09-25T20:15:00Z,0.375345,0.388395,0.372845,0.388215
2026-09-25T20:15:00Z,2026-09-25T20:20:00Z,0.388085,0.388715,0.379875,0.383585
2026-09-25T20:20:00Z,2026-09-25T20:25:00Z,0.384045,0.384045,0.369355,0.376185
2026-09-25T20:25:00Z,2026-09-25T20:30:00Z,0.376205,0.378645,0.369665,0.376595
2026-09-25T20:30:00Z,2026-09-25T20:35:00Z,0.376785,0.390025,0.375485,0.380375
2026-09-25T20:35:00Z,2026-09-25T20:40:00Z,0.380225,0.386055,0.377695,0.385045
2026-09-25T20:40:00Z,2026-09-25T20:45:00Z,0.384825,0.389955,0.383185,0.386465
2026-09-25T20:50:00Z,2026-09-25T20:55:00Z,0.386465,0.386465,0.334615,0.336065
2026-09-25T20:55:00Z,2026-09-25T21:00:00Z,0.336255,0.336755,0.329085,0.329465
2026-09-25T21:00:00Z,2026-09-25T21:05:00Z,0.329655,0.333245,0.324095,0.326925
2026-09-25T21:05:00Z,2026-09-25T21:10:00Z,0.327065,0.339105,0.326775,0.338905
2026-09-25T21:10:00Z,2026-09-25T21:15:00Z,0.338715,0.344675,0.338035,0.339925
2026-09-25T21:15:00Z,2026-09-25T21:20:00Z,0.339945,0.358595,0.339615,0.358175
2026-09-25T21:20:00Z,2026-09-25T21:25:00Z,0.357945,0.360755,0.349685,0.352475
2026-09-25T21:25:00Z,2026-09-25T21:30:00Z,0.352485,0.365375,0.351795,0.362855
2026-09-25T21:30:00Z,2026-09-25T21:35:00Z,0.362905,0.368855,0.356665,0.357955
2026-09-25T21:35:00Z,2026-09-25T21:40:00Z,0.358035,0.361375,0.350745,0.361375
2026-09-25T21:40:00Z,2026-09-25T21:45:00Z,0.361215,0.363985,0.338805,0.339955
2026-09-25T21:45:00Z,2026-09-25T21:50:00Z,0.339755,0.348835,0.337025,0.346475
2026-09-25T21:50:00Z,2026-09-25T21:55:00Z,0.346485,0.347395,0.331035,0.332085
2026-09-25T21:55:00Z,2026-09-25T22:00:00Z,0.331785,0.333405,0.324165,0.328925
2026-09-25T22:00:00Z,2026-09-25T22:05:00Z,0.328975,0.339275,0.328975,0.337775
2026-09-25T22:05:00Z,2026-09-25T22:10:00Z,0.338175,0.339555,0.326295,0.329365
2026-09-25T22:10:00Z,2026-09-25T22:15:00Z,0.329305,0.330045,0.324965,0.327785
2026-09-25T22:15:00Z,2026-09-25T22:20:00Z,0.327615,0.332535,0.325535,0.331115
2026-09-25T22:20:00Z,2026-09-25T22:25:00Z,0.331315,0.332025,0.320885,0.323135
2026-09-25T22:25:00Z,2026-09-25T22:30:00Z,0.323025,0.324455,0.312805,0.314515
2026-09-25T22:30:00Z,2026-09-25T22:35:00Z,0.314585,0.326625,0.313925,0.323935
2026-09-25T22:35:00Z,2026-09-25T22:40:00Z,0.323355,0.324695,0.317675,0.320805
2026-09-25T22:40:00Z,2026-09-25T22:45:00Z,0.320665,0.324095,0.316595,0.317685
2026-09-25T22:45:00Z,2026-09-25T22:50:00Z,0.317895,0.330925,0.317145,0.330825
2026-09-25T22:50:00Z,2026-09-25T22:55:00Z,0.330775,0.339645,0.329315,0.337365
2026-09-25T22:55:00Z,2026-09-25T23:00:00Z,0.337445,0.341745,0.330285,0.332665
2026-09-25T23:00:00Z,2026-09-25T23:05:00Z,0.332755,0.335715,0.322275,0.322405
2026-09-25T23:05:00Z,2026-09-25T23:10:00Z,0.322375,0.329635,0.316185,0.325555
2026-09-25T23:10:00Z,2026-09-25T23:15:00Z,0.326025,0.331465,0.323805,0.324325
2026-09-25T23:15:00Z,2026-09-25T23:20:00Z,0.324375,0.330725,0.320145,0.320185
2026-09-25T23:20:00Z,2026-09-25T23:25:00Z,0.320095,0.327225,0.318615,0.323195
2026-09-25T23:25:00Z,2026-09-25T23:30:00Z,0.323015,0.326705,0.318085,0.321085
2026-09-25T23:30:00Z,2026-09-25T23:35:00Z,0.321275,0.325695,0.319965,0.323545
2026-09-25T23:35:00Z,2026-09-25T23:40:00Z,0.323395,0.330135,0.319995,0.327585
2026-09-25T23:40:00Z,2026-09-25T23:45:00Z,0.327715,0.339675,0.327575,0.337685
2026-09-25T23:45:00Z,2026-09-25T23:50:00Z,0.337755,0.342915,0.326285,0.328575
2026-09-25T23:50:00Z,2026-09-25T23:55:00Z,0.328435,0.330285,0.322625,0.327995
2026-09-25T23:55:00Z,2026-09-26T00:00:00Z,0.328195,0.329535,0.321605,0.328215
2026-09-26T00:00:00Z,2026-09-26T00:05:00Z,0.328145,0.329715,0.321285,0.323225
2026-09-26T00:05:00Z,2026-09-26T00:10:00Z,0.323085,0.332745,0.322515,0.328895
2026-09-26T00:10:00Z,2026-09-26T00:15:00Z,0.328695,0.333725,0.326825,0.331835
2026-09-26T00:15:00Z,2026-09-26T00:20:00Z,0.331775,0.339765,0.328955,0.339765
2026-09-26T00:20:00Z,2026-09-26T00:25:00Z,0.339925,0.351145,0.335615,0.349135
2026-09-26T00:25:00Z,2026-09-26T00:30:00Z,0.349305,0.350775,0.335795,0.336505
2026-09-26T00:30:00Z,2026-09-26T00:35:00Z,0.337065,0.341505,0.328545,0.328545
2026-09-26T00:35:00Z,2026-09-26T00:40:00Z,0.328515,0.335305,0.325545,0.334545
2026-09-26T00:40:00Z,2026-09-26T00:45:00Z,0.334565,0.339805,0.328055,0.328055
2026-09-26T00:45:00Z,2026-09-26T00:50:00Z,0.328105,0.331175,0.319595,0.330065
2026-09-26T00:50:00Z,2026-09-26T00:55:00Z,0.329685,0.333685,0.324525,0.326985
2026-09-26T00:55:00Z,2026-09-26T01:00:00Z,0.327365,0.339405,0.324495,0.333515
2026-09-26T01:00:00Z,2026-09-26T01:05:00Z,0.333625,0.337685,0.327395,0.330445
2026-09-26T01:05:00Z,2026-09-26T01:10:00Z,0.330855,0.334045,0.326015,0.329925
2026-09-26T01:10:00Z,2026-09-26T01:15:00Z,0.330035,0.337925,0.329485,0.334345
2026-09-26T01:15:00Z,2026-09-26T01:20:00Z,0.333955,0.355325,0.333955,0.351935
2026-09-26T01:20:00Z,2026-09-26T01:25:00Z,0.351535,0.353945,0.343445,0.345285
2026-09-26T01:25:00Z,2026-09-26T01:30:00Z,0.345785,0.352395,0.345175,0.351765
2026-09-26T01:30:00Z,2026-09-26T01:35:00Z,0.351905,0.352065,0.343505,0.349765
2026-09-26T01:35:00Z,2026-09-26T01:40:00Z,0.349565,0.352095,0.340395,0.340585
2026-09-26T01:40:00Z,2026-09-26T01:45:00Z,0.340815,0.350795,0.339275,0.348075
2026-09-26T01:45:00Z,2026-09-26T01:50:00Z,0.347955,0.354995,0.345415,0.349835
2026-09-26T01:50:00Z,2026-09-26T01:55:00Z,0.349195,0.361455,0.345955,0.357675
2026-09-26T01:55:00Z,2026-09-26T02:00:00Z,0.357635,0.374835,0.357135,0.374735
2026-09-26T02:00:00Z,2026-09-26T02:05:00Z,0.374965,0.383385,0.372505,0.381945
2026-09-26T02:05:00Z,2026-09-26T02:10:00Z,0.382135,0.384285,0.373845,0.380215
2026-09-26T02:10:00Z,2026-09-26T02:15:00Z,0.380125,0.383905,0.374795,0.377785
2026-09-26T02:15:00Z,2026-09-26T02:20:00Z,0.377555,0.381395,0.372675,0.378765
2026-09-26T02:20:00Z,2026-09-26T02:25:00Z,0.378775,0.391185,0.375385,0.375385
2026-09-26T02:25:00Z,2026-09-26T02:30:00Z,0.375605,0.381945,0.372545,0.373975
2026-09-26T02:30:00Z,2026-09-26T02:35:00Z,0.373565,0.382555,0.373165,0.379985
2026-09-26T02:35:00Z,2026-09-26T02:40:00Z,0.380025,0.386655,0.374945,0.386655
2026-09-26T02:40:00Z,2026-09-26T02:45:00Z,0.386845,0.390475,0.381485,0.384425
2026-09-26T02:45:00Z,2026-09-26T02:50:00Z,0.384505,0.394205,0.383775,0.391005
2026-09-26T02:50:00Z,2026-09-26T02:55:00Z,0.391225,0.397995,0.389625,0.394055
2026-09-26T02:55:00Z,2026-09-26T03:00:00Z,0.394155,0.394525,0.372895,0.376505
2026-09-26T03:00:00Z,2026-09-26T03:05:00Z,0.376335,0.377145,0.365525,0.371515
2026-09-26T03:05:00Z,2026-09-26T03:10:00Z,0.371535,0.374925,0.369145,0.373895
2026-09-26T03:10:00Z,2026-09-26T03:15:00Z,0.373845,0.383025,0.368285,0.383025
2026-09-26T03:15:00Z,2026-09-26T03:20:00Z,0.382825,0.390085,0.378985,0.381905
2026-09-26T03:20:00Z,2026-09-26T03:25:00Z,0.382025,0.397315,0.380505,0.396005
2026-09-26T03:25:00Z,2026-09-26T03:30:00Z,0.395835,0.401835,0.391085,0.395605
2026-09-26T03:30:00Z,2026-09-26T03:35:00Z,0.394865,0.403015,0.391515,0.400915
2026-09-26T03:35:00Z,2026-09-26T03:40:00Z,0.401105,0.405505,0.392495,0.392495
2026-09-26T03:40:00Z,2026-09-26T03:45:00Z,0.392485,0.402785,0.392285,0.397065
2026-09-26T03:45:00Z,2026-09-26T03:50:00Z,0.397115,0.399875,0.389125,0.398125
2026-09-26T03:50:00Z,2026-09-26T03:55:00Z,0.398325,0.405005,0.395965,0.401005
2026-09-26T03:55:00Z,2026-09-26T04:00:00Z,0.401235,0.405605,0.391335,0.392295
2026-09-26T04:00:00Z,2026-09-26T04:05:00Z,0.392185,0.395815,0.381655,0.384625
2026-09-26T04:05:00Z,2026-09-26T04:10:00Z,0.384515,0.387525,0.378825,0.381655
2026-09-26T04:10:00Z,2026-09-26T04:15:00Z,0.381435,0.388005,0.378535,0.380895
2026-09-26T04:15:00Z,2026-09-26T04:20:00Z,0.380735,0.382505,0.372315,0.373655
2026-09-26T04:20:00Z,2026-09-26T04:25:00Z,0.373625,0.388415,0.373455,0.382195
2026-09-26T04:25:00Z,2026-09-26T04:30:00Z,0.382205,0.383715,0.373685,0.374215
2026-09-26T04:30:00Z,2026-09-26T04:35:00Z,0.374155,0.385155,0.372295,0.372335
2026-09-26T04:35:00Z,2026-09-26T04:40:00Z,0.372115,0.383155,0.371985,0.381095
2026-09-26T04:40:00Z,2026-09-26T04:45:00Z,0.381215,0.383245,0.373765,0.377845
2026-09-26T04:45:00Z,2026-09-26T04:50:00Z,0.378025,0.379365,0.360545,0.361195
2026-09-26T04:50:00Z,2026-09-26T04:55:00Z,0.360975,0.366835,0.355055,0.363045
2026-09-26T04:55:00Z,2026-09-26T05:00:00Z,0.362955,0.365475,0.355285,0.364175
2026-09-26T05:00:00Z,2026-09-26T05:05:00Z,0.364315,0.368105,0.353715,0.359235
2026-09-26T05:05:00Z,2026-09-26T05:10:00Z,0.359075,0.363435,0.352015,0.352115
2026-09-26T05:10:00Z,2026-09-26T05:15:00Z,0.351975,0.366985,0.349995,0.365585
2026-09-26T05:15:00Z,2026-09-26T05:20:00Z,0.365515,0.365515,0.353345,0.356885
2026-09-26T05:20:00Z,2026-09-26T05:25:00Z,0.357385,0.374575,0.356145,0.366955
2026-09-26T05:25:00Z,2026-09-26T05:30:00Z,0.366765,0.375705,0.366525,0.374865
2026-09-26T05:30:00Z,2026-09-26T05:35:00Z,0.374705,0.376695,0.367265,0.370825
2026-09-26T05:35:00Z,2026-09-26T05:40:00Z,0.370965,0.387265,0.369495,0.383985
2026-09-26T05:40:00Z,2026-09-26T05:45:00Z,0.384195,0.386105,0.375915,0.382605
2026-09-26T05:45:00Z,2026-09-26T05:50:00Z,0.382425,0.382755,0.365015,0.367635
2026-09-26T05:50:00Z,2026-09-26T05:55:00Z,0.367645,0.369325,0.362525,0.363715
2026-09-26T05:55:00Z,2026-09-26T06:00:00Z,0.363685,0.370175,0.360765,0.370175
2026-09-26T06:00:00Z,2026-09-26T06:05:00Z,0.370115,0.380185,0.364305,0.379705
2026-09-26T06:05:00Z,2026-09-26T06:10:00Z,0.379555,0.390845,0.377355,0.382805
2026-09-26T06:10:00Z,2026-09-26T06:15:00Z,0.382745,0.383365,0.371875,0.376045
2026-09-26T06:15:00Z,2026-09-26T06:20:00Z,0.376005,0.385995,0.375615,0.380785
2026-09-26T06:20:00Z,2026-09-26T06:25:00Z,0.380955,0.381465,0.373575,0.375395
2026-09-26T06:25:00Z,2026-09-26T06:30:00Z,0.375405,0.379605,0.368565,0.368645
2026-09-26T06:30:00Z,2026-09-26T06:35:00Z,0.368575,0.374775,0.363535,0.366985
2026-09-26T06:35:00Z,2026-09-26T06:40:00Z,0.367085,0.368745,0.359085,0.359235
2026-09-26T06:40:00Z,2026-09-26T06:45:00Z,0.359465,0.362065,0.353125,0.361155
2026-09-26T06:45:00Z,2026-09-26T06:50:00Z,0.360985,0.367885,0.359715,0.365405
2026-09-26T06:50:00Z,2026-09-26T06:55:00Z,0.365415,0.370455,0.359185,0.369335
2026-09-26T06:55:00Z,2026-09-26T07:00:00Z,0.369575,0.374315,0.365725,0.368775
2026-09-26T07:00:00Z,2026-09-26T07:05:00Z,0.368565,0.368565,0.353795,0.361355
2026-09-26T07:05:00Z,2026-09-26T07:10:00Z,0.361125,0.365475,0.354945,0.356565
2026-09-26T07:10:00Z,2026-09-26T07:15:00Z,0.356625,0.360595,0.347875,0.350845
2026-09-26T07:15:00Z,2026-09-26T07:20:00Z,0.350665,0.351225,0.333755,0.337055
2026-09-26T07:20:00Z,2026-09-26T07:25:00Z,0.337145,0.343495,0.332185,0.343495
2026-09-26T07:25:00Z,2026-09-26T07:30:00Z,0.344015,0.344435,0.334705,0.339045
2026-09-26T07:30:00Z,2026-09-26T07:35:00Z,0.338455,0.340645,0.331365,0.333375
2026-09-26T07:35:00Z,2026-09-26T07:40:00Z,0.333245,0.335055,0.322095,0.322395
2026-09-26T07:40:00Z,2026-09-26T07:45:00Z,0.322315,0.338205,0.322065,0.335605
2026-09-26T07:45:00Z,2026-09-26T07:50:00Z,0.335525,0.335525,0.327725,0.330005
2026-09-26T07:50:00Z,2026-09-26T07:55:00Z,0.330305,0.335805,0.324365,0.328115
2026-09-26T07:55:00Z,2026-09-26T08:00:00Z,0.328285,0.328305,0.320705,0.323965
2026-09-26T08:00:00Z,2026-09-26T08:05:00Z,0.323915,0.325745,0.319555,0.321995
2026-09-26T08:05:00Z,2026-09-26T08:10:00Z,0.321815,0.322835,0.309875,0.312835
2026-09-26T08:10:00Z,2026-09-26T08:15:00Z,0.312975,0.315585,0.308165,0.312255
2026-09-26T08:15:00Z,2026-09-26T08:20:00Z,0.312335,0.317225,0.311215,0.315595
2026-09-26T08:20:00Z,2026-09-26T08:25:00Z,0.316135,0.321525,0.315525,0.316165
2026-09-26T08:25:00Z,2026-09-26T08:30:00Z,0.316025,0.324465,0.312635,0.315375
2026-09-26T08:30:00Z,2026-09-26T08:35:00Z,0.315235,0.318275,0.308045,0.316775
2026-09-26T08:35:00Z,2026-09-26T08:40:00Z,0.316855,0.320505,0.312145,0.313065
2026-09-26T08:40:00Z,2026-09-26T08:45:00Z,0.312645,0.313205,0.302385,0.303605
2026-09-26T08:45:00Z,2026-09-26T08:50:00Z,0.303765,0.306765,0.297685,0.299395
2026-09-26T08:50:00Z,2026-09-26T08:55:00Z,0.299385,0.304775,0.295825,0.302075
2026-09-26T08:55:00Z,2026-09-26T09:00:00Z,0.302235,0.303875,0.291805,0.293295
2026-09-26T09:00:00Z,2026-09-26T09:05:00Z,0.293365,0.300895,0.292775,0.298895
2026-09-26T09:05:00Z,2026-09-26T09:10:00Z,0.298865,0.299065,0.291585,0.296045
2026-09-26T09:10:00Z,2026-09-26T09:15:00Z,0.295945,0.303525,0.294785,0.302485
2026-09-26T09:15:00Z,2026-09-26T09:20:00Z,0.302325,0.309215,0.297895,0.299345
2026-09-26T09:20:00Z,2026-09-26T09:25:00Z,0.299205,0.300035,0.292505,0.297155
2026-09-26T09:25:00Z,2026-09-26T09:30:00Z,0.296995,0.300695,0.295975,0.297765
2026-09-26T09:30:00Z,2026-09-26T09:35:00Z,0.297185,0.299465,0.287145,0.289055
2026-09-26T09:35:00Z,2026-09-26T09:40:00Z,0.289075,0.290645,0.284515,0.287595
2026-09-26T09:40:00Z,2026-09-26T09:45:00Z,0.287715,0.291085,0.280305,0.286335
2026-09-26T09:45:00Z,2026-09-26T09:50:00Z,0.286815,0.297215,0.286115,0.295545
2026-09-26T09:50:00Z,2026-09-26T09:55:00Z,0.295515,0.307995,0.293905,0.306925
2026-09-26T09:55:00Z,2026-09-26T10:00:00Z,0.306935,0.315325,0.304895,0.311265
2026-09-26T10:00:00Z,2026-09-26T10:05:00Z,0.311125,0.321815,0.310325,0.321215
2026-09-26T10:05:00Z,2026-09-26T10:10:00Z,0.321265,0.325985,0.318595,0.323955
2026-09-26T10:10:00Z,2026-09-26T10:15:00Z,0.323965,0.326075,0.320015,0.321095
2026-09-26T10:15:00Z,2026-09-26T10:20:00Z,0.320965,0.325635,0.317235,0.320825
2026-09-26T10:20:00Z,2026-09-26T10:25:00Z,0.321005,0.321415,0.312665,0.318275
2026-09-26T10:25:00Z,2026-09-26T10:30:00Z,0.318035,0.323575,0.314935,0.316145
2026-09-26T10:30:00Z,2026-09-26T10:35:00Z,0.316325,0.317445,0.312205,0.312525
2026-09-26T10:35:00Z,2026-09-26T10:40:00Z,0.312665,0.313425,0.303575,0.303615
2026-09-26T10:40:00Z,2026-09-26T10:45:00Z,0.303495,0.305505,0.297775,0.297925
2026-09-26T10:45:00Z,2026-09-26T10:50:00Z,0.297555,0.300945,0.294335,0.297595
2026-09-26T10:50:00Z,2026-09-26T10:55:00Z,0.297615,0.311035,0.296655,0.309355
2026-09-26T10:55:00Z,2026-09-26T11:00:00Z,0.309455,0.313495,0.305655,0.310975
2026-09-26T11:00:00Z,2026-09-26T11:05:00Z,0.310925,0.316475,0.308565,0.310885
2026-09-26T11:05:00Z,2026-09-26T11:10:00Z,0.310795,0.321215,0.310405,0.316835
2026-09-26T11:10:00Z,2026-09-26T11:15:00Z,0.316665,0.316665,0.304225,0.309255
2026-09-26T11:15:00Z,2026-09-26T11:20:00Z,0.309505,0.313275,0.301785,0.302445
2026-09-26T11:20:00Z,2026-09-26T11:25:00Z,0.302585,0.305615,0.295035,0.302815
2026-09-26T11:25:00Z,2026-09-26T11:30:00Z,0.302915,0.303165,0.294575,0.298055
2026-09-26T11:30:00Z,2026-09-26T11:35:00Z,0.298045,0.299555,0.290105,0.290155
2026-09-26T11:35:00Z,2026-09-26T11:40:00Z,0.290265,0.291265,0.284225,0.289925
2026-09-26T11:40:00Z,2026-09-26T11:45:00Z,0.289975,0.296055,0.289135,0.293265
2026-09-26T11:45:00Z,2026-09-26T11:50:00Z,0.293325,0.294725,0.287355,0.294725
2026-09-26T11:50:00Z,2026-09-26T11:55:00Z,0.295125,0.295745,0.282345,0.282345
2026-09-26T11:55:00Z,2026-09-26T12:00:00Z,0.282175,0.287635,0.279515,0.280675
2026-09-26T12:00:00Z,2026-09-26T12:05:00Z,0.280725,0.280725,0.272065,0.275635
2026-09-26T12:05:00Z,2026-09-26T12:10:00Z,0.275865,0.278585,0.271555,0.272965
2026-09-26T12:10:00Z,2026-09-26T12:15:00Z,0.272825,0.275765,0.267835,0.271755
2026-09-26T12:15:00Z,2026-09-26T12:20:00Z,0.271765,0.272535,0.256695,0.259145
2026-09-26T12:20:00Z,2026-09-26T12:25:00Z,0.259215,0.266135,0.257985,0.262935
2026-09-26T12:25:00Z,2026-09-26T12:30:00Z,0.262795,0.270505,0.262795,0.264955
2026-09-26T12:30:00Z,2026-09-26T12:35:00Z,0.264795,0.266625,0.262845,0.265245
2026-09-26T12:35:00Z,2026-09-26T12:40:00Z,0.265225,0.270515,0.263005,0.266905
2026-09-26T12:40:00Z,2026-09-26T12:45:00Z,0.266785,0.267195,0.259385,0.261085
2026-09-26T12:45:00Z,2026-09-26T12:50:00Z,0.261175,0.261575,0.255415,0.259705
2026-09-26T12:50:00Z,2026-09-26T12:55:00Z,0.259575,0.260965,0.252945,0.253155
2026-09-26T12:55:00Z,2026-09-26T13:00:00Z,0.253115,0.254125,0.248025,0.252625
2026-09-26T13:00:00Z,2026-09-26T13:05:00Z,0.252715,0.261635,0.250195,0.259845
2026-09-26T13:05:00Z,2026-09-26T13:10:00Z,0.259885,0.261715,0.256055,0.259355
2026-09-26T13:10:00Z,2026-09-26T13:15:00Z,0.259295,0.264275,0.256555,0.259795
2026-09-26T13:15:00Z,2026-09-26T13:20:00Z,0.259645,0.262245,0.250175,0.252035
2026-09-26T13:20:00Z,2026-09-26T13:25:00Z,0.251995,0.256285,0.249995,0.255875
2026-09-26T13:25:00Z,2026-09-26T13:30:00Z,0.255795,0.263785,0.254395,0.261085
2026-09-26T13:30:00Z,2026-09-26T13:35:00Z,0.261035,0.261475,0.252435,0.256345
2026-09-26T13:35:00Z,2026-09-26T13:40:00Z,0.256485,0.265015,0.252545,0.262975
2026-09-26T13:40:00Z,2026-09-26T13:45:00Z,0.263045,0.263445,0.255995,0.263025
2026-09-26T13:45:00Z,2026-09-26T13:50:00Z,0.263115,0.269885,0.260425,0.269445
2026-09-26T13:50:00Z,2026-09-26T13:55:00Z,0.269545,0.277865,0.269515,0.272065
2026-09-26T13:55:00Z,2026-09-26T14:00:00Z,0.272215,0.273195,0.264685,0.266745
2026-09-26T14:00:00Z,2026-09-26T14:05:00Z,0.266695,0.271495,0.265235,0.266365
2026-09-26T14:05:00Z,2026-09-26T14:10:00Z,0.266345,0.269035,0.259545,0.259545
2026-09-26T14:10:00Z,2026-09-26T14:15:00Z,0.259435,0.266545,0.259305,0.265875
2026-09-26T14:15:00Z,2026-09-26T14:20:00Z,0.265515,0.276345,0.262985,0.275805
2026-09-26T14:20:00Z,2026-09-26T14:25:00Z,0.275785,0.278995,0.273545,0.277755
2026-09-26T14:25:00Z,2026-09-26T14:30:00Z,0.277855,0.279595,0.271845,0.278015
2026-09-26T14:30:00Z,2026-09-26T14:35:00Z,0.278115,0.281365,0.274675,0.278385
2026-09-26T14:35:00Z,2026-09-26T14:40:00Z,0.278545,0.284585,0.278095,0.279375
2026-09-26T14:40:00Z,2026-09-26T14:45:00Z,0.279455,0.290525,0.278935,0.282845
2026-09-26T14:45:00Z,2026-09-26T14:50:00Z,0.282855,0.289095,0.281905,0.289095
2026-09-26T14:50:00Z,2026-09-26T14:55:00Z,0.289015,0.294725,0.286765,0.292675
2026-09-26T14:55:00Z,2026-09-26T15:00:00Z,0.292545,0.293285,0.286375,0.288775
2026-09-26T15:00:00Z,2026-09-26T15:05:00Z,0.289235,0.291315,0.284755,0.289915
2026-09-26T15:05:00Z,2026-09-26T15:10:00Z,0.289795,0.290855,0.284905,0.286795
2026-09-26T15:10:00Z,2026-09-26T15:15:00Z,0.286545,0.286865,0.278185,0.280975
2026-09-26T15:15:00Z,2026-09-26T15:20:00Z,0.281065,0.282715,0.276675,0.277165
2026-09-26T15:20:00Z,2026-09-26T15:25:00Z,0.277325,0.279895,0.273075,0.276235
2026-09-26T15:25:00Z,2026-09-26T15:30:00Z,0.276125,0.279565,0.272065,0.277665
2026-09-26T15:30:00Z,2026-09-26T15:35:00Z,0.277745,0.279195,0.271365,0.278595
2026-09-26T15:35:00Z,2026-09-26T15:40:00Z,0.278515,0.280445,0.273725,0.278605
2026-09-26T15:40:00Z,2026-09-26T15:45:00Z,0.279125,0.279165,0.270725,0.270775
2026-09-26T15:45:00Z,2026-09-26T15:50:00Z,0.270705,0.275145,0.270195,0.273825
2026-09-26T15:50:00Z,2026-09-26T15:55:00Z,0.273635,0.274355,0.268065,0.272365
2026-09-26T15:55:00Z,2026-09-26T16:00:00Z,0.272345,0.277125,0.270665,0.273865
2026-09-26T16:00:00Z,2026-09-26T16:05:00Z,0.273915,0.274895,0.266985,0.270795
2026-09-26T16:05:00Z,2026-09-26T16:10:00Z,0.270715,0.271975,0.259135,0.260755
2026-09-26T16:10:00Z,2026-09-26T16:15:00Z,0.260835,0.264625,0.257665,0.258265
2026-09-26T16:15:00Z,2026-09-26T16:20:00Z,0.258105,0.264485,0.256205,0.262735
2026-09-26T16:20:00Z,2026-09-26T16:25:00Z,0.262665,0.266475,0.260265,0.262715
2026-09-26T16:25:00Z,2026-09-26T16:30:00Z,0.262695,0.262825,0.253175,0.253455
2026-09-26T16:30:00Z,2026-09-26T16:35:00Z,0.253565,0.257795,0.252995,0.256475
2026-09-26T16:35:00Z,2026-09-26T16:40:00Z,0.256385,0.256645,0.249715,0.251025
2026-09-26T16:40:00Z,2026-09-26T16:45:00Z,0.251165,0.258615,0.248985,0.256765
2026-09-26T16:45:00Z,2026-09-26T16:50:00Z,0.256605,0.260575,0.254775,0.259455
2026-09-26T16:50:00Z,2026-09-26T16:55:00Z,0.259395,0.263515,0.256765,0.260445
2026-09-26T16:55:00Z,2026-09-26T17:00:00Z,0.259995,0.266055,0.259265,0.261935
2026-09-26T17:00:00Z,2026-09-26T17:05:00Z,0.261785,0.261825,0.250075,0.251835
2026-09-26T17:05:00Z,2026-09-26T17:10:00Z,0.251905,0.255705,0.248385,0.255275
2026-09-26T17:10:00Z,2026-09-26T17:15:00Z,0.255315,0.256685,0.250575,0.251445
2026-09-26T17:15:00Z,2026-09-26T17:20:00Z,0.251525,0.256175,0.250215,0.252365
2026-09-26T17:20:00Z,2026-09-26T17:25:00Z,0.252525,0.255655,0.244065,0.244175
2026-09-26T17:25:00Z,2026-09-26T17:30:00Z,0.244555,0.245255,0.241005,0.241525
2026-09-26T17:30:00Z,2026-09-26T17:35:00Z,0.241575,0.243735,0.234745,0.236405
2026-09-26T17:35:00Z,2026-09-26T17:40:00Z,0.236505,0.239365,0.232805,0.236935
2026-09-26T17:40:00Z,2026-09-26T17:45:00Z,0.236805,0.242445,0.231325,0.241905
2026-09-26T17:45:00Z,2026-09-26T17:50:00Z,0.241795,0.242485,0.235865,0.241605
2026-09-26T17:50:00Z,2026-09-26T17:55:00Z,0.241635,0.245585,0.239135,0.240225
2026-09-26T17:55:00Z,2026-09-26T18:00:00Z,0.239895,0.248175,0.239235,0.248095
2026-09-26T18:00:00Z,2026-09-26T18:05:00Z,0.247805,0.248225,0.238285,0.240335
2026-09-26T18:05:00Z,2026-09-26T18:10:00Z,0.240215,0.244655,0.239015,0.244505
2026-09-26T18:10:00Z,2026-09-26T18:15:00Z,0.244105,0.247395,0.237295,0.237625
2026-09-26T18:15:00Z,2026-09-26T18:20:00Z,0.237545,0.240195,0.233975,0.233975
2026-09-26T18:20:00Z,2026-09-26T18:25:00Z,0.234415,0.241615,0.233525,0.237865
2026-09-26T18:25:00Z,2026-09-26T18:30:00Z,0.237985,0.241515,0.236255,0.241025
2026-09-26T18:30:00Z,2026-09-26T18:35:00Z,0.241255,0.244195,0.238935,0.238935
2026-09-26T18:35:00Z,2026-09-26T18:40:00Z,0.238885,0.243075,0.236665,0.238405
2026-09-26T18:40:00Z,2026-09-26T18:45:00Z,0.238485,0.238485,0.226565,0.228595
2026-09-26T18:45:00Z,2026-09-26T18:50:00Z,0.228695,0.229095,0.216415,0.218075
2026-09-26T18:50:00Z,2026-09-26T18:55:00Z,0.217975,0.219995,0.214285,0.216175
2026-09-26T18:55:00Z,2026-09-26T19:00:00Z,0.216255,0.216505,0.206385,0.206895
2026-09-26T19:00:00Z,2026-09-26T19:05:00Z,0.206915,0.215505,0.206915,0.215425
2026-09-26T19:05:00Z,2026-09-26T19:10:00Z,0.215365,0.217405,0.212315,0.216415
2026-09-26T19:10:00Z,2026-09-26T19:15:00Z,0.216425,0.219295,0.211435,0.213185
2026-09-26T19:15:00Z,2026-09-26T19:20:00Z,0.213065,0.215145,0.212105,0.214925
2026-09-26T19:20:00Z,2026-09-26T19:25:00Z,0.214965,0.220445,0.214575,0.215265
2026-09-26T19:25:00Z,2026-09-26T19:30:00Z,0.215245,0.220235,0.214735,0.218265
2026-09-26T19:30:00Z,2026-09-26T19:35:00Z,0.217865,0.217865,0.209675,0.210285
2026-09-26T19:35:00Z,2026-09-26T19:40:00Z,0.210355,0.210945,0.207585,0.208185
2026-09-26T19:40:00Z,2026-09-26T19:45:00Z,0.208235,0.213925,0.207775,0.213775
2026-09-26T19:45:00Z,2026-09-26T19:50:00Z,0.213655,0.214215,0.207085,0.212745
2026-09-26T19:50:00Z,2026-09-26T19:55:00Z,0.212765,0.215975,0.209215,0.214615
2026-09-26T19:55:00Z,2026-09-26T20:00:00Z,0.214505,0.214725,0.205065,0.207085
2026-09-26T20:00:00Z,2026-09-26T20:05:00Z,0.206905,0.212195,0.206525,0.210865
2026-09-26T20:05:00Z,2026-09-26T20:10:00Z,0.211155,0.214615,0.210605,0.212665
2026-09-26T20:10:00Z,2026-09-26T20:15:00Z,0.212865,0.213835,0.205945,0.207805
2026-09-26T20:15:00Z,2026-09-26T20:20:00Z,0.207885,0.221215,0.206215,0.219385
2026-09-26T20:20:00Z,2026-09-26T20:25:00Z,0.219395,0.221105,0.215805,0.216405
2026-09-26T20:25:00Z,2026-09-26T20:30:00Z,0.216445,0.220945,0.214375,0.215605
2026-09-26T20:30:00Z,2026-09-26T20:35:00Z,0.215455,0.216295,0.210065,0.210105
2026-09-26T20:35:00Z,2026-09-26T20:40:00Z,0.210075,0.212285,0.204935,0.211365
2026-09-26T20:40:00Z,2026-09-26T20:45:00Z,0.211495,0.214415,0.207835,0.213725
2026-09-26T20:50:00Z,2026-09-26T20:55:00Z,0.213725,0.338245,0.213725,0.331885
2026-09-26T20:55:00Z,2026-09-26T21:00:00Z,0.332055,0.333095,0.325645,0.329115
2026-09-26T21:00:00Z,2026-09-26T21:05:00Z,0.328985,0.336045,0.328245,0.331495
2026-09-26T21:05:00Z,2026-09-26T21:10:00Z,0.331405,0.335755,0.327205,0.327895
2026-09-26T21:10:00Z,2026-09-26T21:15:00Z,0.327845,0.330775,0.318525,0.318635
2026-09-26T21:15:00Z,2026-09-26T21:20:00Z,0.318485,0.319765,0.311575,0.315485
2026-09-26T21:20:00Z,2026-09-26T21:25:00Z,0.315425,0.318115,0.311795,0.313545
2026-09-26T21:25:00Z,2026-09-26T21:30:00Z,0.313425,0.315405,0.308335,0.312335
2026-09-26T21:30:00Z,2026-09-26T21:35:00Z,0.312415,0.318365,0.308765,0.316445
2026-09-26T21:35:00Z,2026-09-26T21:40:00Z,0.316535,0.323245,0.314155,0.322175
2026-09-26T21:40:00Z,2026-09-26T21:45:00Z,0.321995,0.323985,0.315745,0.316595
2026-09-26T21:45:00Z,2026-09-26T21:50:00Z,0.316385,0.324975,0.315615,0.322165
2026-09-26T21:50:00Z,2026-09-26T21:55:00Z,0.322105,0.326145,0.314715,0.316625
2026-09-26T21:55:00Z,2026-09-26T22:00:00Z,0.316595,0.326505,0.316285,0.319415
2026-09-26T22:00:00Z,2026-09-26T22:05:00Z,0.319525,0.319525,0.313915,0.313955
2026-09-26T22:05:00Z,2026-09-26T22:10:00Z,0.313755,0.316005,0.310275,0.311915
2026-09-26T22:10:00Z,2026-09-26T22:15:00Z,0.311815,0.312975,0.302925,0.304635
2026-09-26T22:15:00Z,2026-09-26T22:20:00Z,0.304475,0.307095,0.294295,0.297925
2026-09-26T22:20:00Z,2026-09-26T22:25:00Z,0.297815,0.298335,0.289475,0.289575
2026-09-26T22:25:00Z,2026-09-26T22:30:00Z,0.289505,0.293845,0.287125,0.292085
2026-09-26T22:30:00Z,2026-09-26T22:35:00Z,0.292005,0.295025,0.289525,0.291835
2026-09-26T22:35:00Z,2026-09-26T22:40:00Z,0.292215,0.292615,0.283385,0.284555
2026-09-26T22:40:00Z,2026-09-26T22:45:00Z,0.284495,0.285635,0.279275,0.283135
2026-09-26T22:45:00Z,2026-09-26T22:50:00Z,0.283315,0.284315,0.278105,0.280645
2026-09-26T22:50:00Z,2026-09-26T22:55:00Z,0.280935,0.281505,0.271645,0.271695
2026-09-26T22:55:00Z,2026-09-26T23:00:00Z,0.271705,0.277065,0.271015,0.276045
2026-09-26T23:00:00Z,2026-09-26T23:05:00Z,0.276195,0.284005,0.275775,0.279425
2026-09-26T23:05:00Z,2026-09-26T23:10:00Z,0.279455,0.295025,0.279345,0.294255
2026-09-26T23:10:00Z,2026-09-26T23:15:00Z,0.294005,0.295045,0.286295,0.294455
2026-09-26T23:15:00Z,2026-09-26T23:20:00Z,0.294295,0.296495,0.285145,0.291295
2026-09-26T23:20:00Z,2026-09-26T23:25:00Z,0.291415,0.296735,0.289925,0.290705
2026-09-26T23:25:00Z,2026-09-26T23:30:00Z,0.290525,0.291615,0.285325,0.285325
2026-09-26T23:30:00Z,2026-09-26T23:35:00Z,0.285185,0.286395,0.279755,0.282245
2026-09-26T23:35:00Z,2026-09-26T23:40:00Z,0.282375,0.292265,0.282285,0.288645
2026-09-26T23:40:00Z,2026-09-26T23:45:00Z,0.288415,0.289025,0.281115,0.283645
2026-09-26T23:45:00Z,2026-09-26T23:50:00Z,0.283485,0.287555,0.281015,0.283965
2026-09-26T23:50:00Z,2026-09-26T23:55:00Z,0.284085,0.286305,0.274245,0.277955
2026-09-26T23:55:00Z,2026-09-27T00:00:00Z,0.277645,0.282275,0.276075,0.276805
2026-09-27T00:00:00Z,2026-09-27T00:05:00Z,0.276725,0.281885,0.275185,0.276515
2026-09-27T00:05:00Z,2026-09-27T00:10:00Z,0.276605,0.281725,0.274075,0.275595
2026-09-27T00:10:00Z,2026-09-27T00:15:00Z,0.275605,0.277675,0.267775,0.269095
2026-09-27T00:15:00Z,2026-09-27T00:20:00Z,0.269145,0.271465,0.264225,0.270545
2026-09-27T00:20:00Z,2026-09-27T00:25:00Z,0.270455,0.276095,0.266415,0.272585
2026-09-27T00:25:00Z,2026-09-27T00:30:00Z,0.272505,0.280045,0.271105,0.274725
2026-09-27T00:30:00Z,2026-09-27T00:35:00Z,0.274865,0.277095,0.272755,0.276395
2026-09-27T00:35:00Z,2026-09-27T00:40:00Z,0.276305,0.276945,0.270105,0.270365
2026-09-27T00:40:00Z,2026-09-27T00:45:00Z,0.270595,0.273815,0.266115,0.266655
2026-09-27T00:45:00Z,2026-09-27T00:50:00Z,0.266345,0.270125,0.263885,0.265315
2026-09-27T00:50:00Z,2026-09-27T00:55:00Z,0.265205,0.266255,0.257565,0.258915
2026-09-27T00:55:00Z,2026-09-27T01:00:00Z,0.258945,0.265315,0.257975,0.261945
2026-09-27T01:00:00Z,2026-09-27T01:05:00Z,0.261825,0.265155,0.261345,0.261725
2026-09-27T01:05:00Z,2026-09-27T01:10:00Z,0.261505,0.262585,0.256605,0.259615
2026-09-27T01:10:00Z,2026-09-27T01:15:00Z,0.259605,0.263395,0.258115,0.262555
2026-09-27T01:15:00Z,2026-09-27T01:20:00Z,0.262655,0.267405,0.261845,0.266475
2026-09-27T01:20:00Z,2026-09-27T01:25:00Z,0.266145,0.269035,0.263705,0.266355
2026-09-27T01:25:00Z,2026-09-27T01:30:00Z,0.266245,0.266775,0.260805,0.265055
2026-09-27T01:30:00Z,2026-09-27T01:35:00Z,0.265135,0.268975,0.262985,0.265065
2026-09-27T01:35:00Z,2026-09-27T01:40:00Z,0.265165,0.271115,0.263925,0.269695
2026-09-27T01:40:00Z,2026-09-27T01:45:00Z,0.269595,0.270945,0.264555,0.266765
2026-09-27T01:45:00Z,2026-09-27T01:50:00Z,0.266645,0.266845,0.259985,0.261305
2026-09-27T01:50:00Z,2026-09-27T01:55:00Z,0.261275,0.266305,0.259215,0.260565
2026-09-27T01:55:00Z,2026-09-27T02:00:00Z,0.260655,0.266885,0.259515,0.262925
2026-09-27T02:00:00Z,2026-09-27T02:05:00Z,0.263235,0.264065,0.258145,0.260535
2026-09-27T02:05:00Z,2026-09-27T02:10:00Z,0.260695,0.262335,0.253265,0.257695
2026-09-27T02:10:00Z,2026-09-27T02:15:00Z,0.257585,0.260425,0.254655,0.255855
2026-09-27T02:15:00Z,2026-09-27T02:20:00Z,0.255985,0.256315,0.249005,0.249835
2026-09-27T02:20:00Z,2026-09-27T02:25:00Z,0.249845,0.250215,0.243835,0.245865
2026-09-27T02:25:00Z,2026-09-27T02:30:00Z,0.245935,0.249875,0.243825,0.249465
2026-09-27T02:30:00Z,2026-09-27T02:35:00Z,0.249495,0.256265,0.248695,0.254385
2026-09-27T02:35:00Z,2026-09-27T02:40:00Z,0.254395,0.256555,0.252005,0.253895
2026-09-27T02:40:00Z,2026-09-27T02:45:00Z,0.253625,0.259285,0.252165,0.257145
2026-09-27T02:45:00Z,2026-09-27T02:50:00Z,0.257255,0.257495,0.250215,0.253835
2026-09-27T02:50:00Z,2026-09-27T02:55:00Z,0.253875,0.255885,0.250395,0.252735
2026-09-27T02:55:00Z,2026-09-27T03:00:00Z,0.252635,0.257215,0.249635,0.257215
2026-09-27T03:00:00Z,2026-09-27T03:05:00Z,0.257175,0.260345,0.253905,0.258675
2026-09-27T03:05:00Z,2026-09-27T03:10:00Z,0.258685,0.262205,0.255765,0.256585
2026-09-27T03:10:00Z,2026-09-27T03:15:00Z,0.256685,0.259295,0.253695,0.257695
2026-09-27T03:15:00Z,2026-09-27T03:20:00Z,0.257905,0.264455,0.257425,0.261675
2026-09-27T03:20:00Z,2026-09-27T03:25:00Z,0.261835,0.270405,0.260545,0.265335
2026-09-27T03:25:00Z,2026-09-27T03:30:00Z,0.265305,0.267195,0.259285,0.259975
2026-09-27T03:30:00Z,2026-09-27T03:35:00Z,0.260255,0.263485,0.251805,0.253215
2026-09-27T03:35:00Z,2026-09-27T03:40:00Z,0.253415,0.257925,0.251305,0.257535
2026-09-27T03:40:00Z,2026-09-27T03:45:00Z,0.257165,0.261845,0.255205,0.257175
2026-09-27T03:45:00Z,2026-09-27T03:50:00Z,0.257025,0.263025,0.254925,0.262445
2026-09-27T03:50:00Z,2026-09-27T03:55:00Z,0.262605,0.266885,0.260335,0.266885
2026-09-27T03:55:00Z,2026-09-27T04:00:00Z,0.266965,0.273395,0.264175,0.270355
2026-09-27T04:00:00Z,2026-09-27T04:05:00Z,0.270435,0.281445,0.270045,0.279455
2026-09-27T04:05:00Z,2026-09-27T04:10:00Z,0.279085,0.281115,0.273805,0.274705
2026-09-27T04:10:00Z,2026-09-27T04:15:00Z,0.274765,0.281785,0.274275,0.279165
2026-09-27T04:15:00Z,2026-09-27T04:20:00Z,0.279005,0.285085,0.278895,0.282065
2026-09-27T04:20:00Z,2026-09-27T04:25:00Z,0.282185,0.283125,0.277785,0.280135
2026-09-27T04:25:00Z,2026-09-27T04:30:00Z,0.280345,0.282595,0.277285,0.278085
2026-09-27T04:30:00Z,2026-09-27T04:35:00Z,0.278155,0.283995,0.276685,0.281675
2026-09-27T04:35:00Z,2026-09-27T04:40:00Z,0.281845,0.291205,0.281235,0.290255
2026-09-27T04:40:00Z,2026-09-27T04:45:00Z,0.290085,0.292415,0.282535,0.282535
2026-09-27T04:45:00Z,2026-09-27T04:50:00Z,0.282475,0.293435,0.282245,0.291905
2026-09-27T04:50:00Z,2026-09-27T04:55:00Z,0.292015,0.297115,0.290155,0.293765
2026-09-27T04:55:00Z,2026-09-27T05:00:00Z,0.293795,0.296505,0.287725,0.294275
2026-09-27T05:00:00Z,2026-09-27T05:05:00Z,0.294335,0.300605,0.290975,0.299395
2026-09-27T05:05:00Z,2026-09-27T05:10:00Z,0.299535,0.300305,0.290945,0.294085
2026-09-27T05:10:00Z,2026-09-27T05:15:00Z,0.294065,0.298335,0.291545,0.294015
2026-09-27T05:15:00Z,2026-09-27T05:20:00Z,0.293955,0.294345,0.284025,0.285225
2026-09-27T05:20:00Z,2026-09-27T05:25:00Z,0.285115,0.289565,0.282605,0.287965
2026-09-27T05:25:00Z,2026-09-27T05:30:00Z,0.287975,0.292315,0.287345,0.290435
2026-09-27T05:30:00Z,2026-09-27T05:35:00Z,0.290365,0.292225,0.284325,0.290805
2026-09-27T05:35:00Z,2026-09-27T05:40:00Z,0.290625,0.291505,0.281325,0.283315
2026-09-27T05:40:00Z,2026-09-27T05:45:00Z,0.283145,0.287135,0.273405,0.274275
2026-09-27T05:45:00Z,2026-09-27T05:50:00Z,0.274365,0.276475,0.263645,0.265255
2026-09-27T05:50:00Z,2026-09-27T05:55:00Z,0.265285,0.265855,0.260925,0.264425
2026-09-27T05:55:00Z,2026-09-27T06:00:00Z,0.264235,0.267305,0.263055,0.264245
2026-09-27T06:00:00Z,2026-09-27T06:05:00Z,0.264275,0.269465,0.260775,0.262625
2026-09-27T06:05:00Z,2026-09-27T06:10:00Z,0.262575,0.267675,0.261295,0.262695
2026-09-27T06:10:00Z,2026-09-27T06:15:00Z,0.262675,0.273055,0.260185,0.270535
2026-09-27T06:15:00Z,2026-09-27T06:20:00Z,0.270485,0.273815,0.265435,0.270895
2026-09-27T06:20:00Z,2026-09-27T06:25:00Z,0.270805,0.270805,0.259935,0.263725
2026-09-27T06:25:00Z,2026-09-27T06:30:00Z,0.263825,0.266625,0.253485,0.253705
2026-09-27T06:30:00Z,2026-09-27T06:35:00Z,0.253905,0.253925,0.235275,0.235585
2026-09-27T06:35:00Z,2026-09-27T06:40:00Z,0.235625,0.241535,0.231755,0.240935
2026-09-27T06:40:00Z,2026-09-27T06:45:00Z,0.241025,0.244695,0.237615,0.240885
2026-09-27T06:45:00Z,2026-09-27T06:50:00Z,0.240995,0.242565,0.237105,0.237665
2026-09-27T06:50:00Z,2026-09-27T06:55:00Z,0.237605,0.237605,0.231225,0.234265
2026-09-27T06:55:00Z,2026-09-27T07:00:00Z,0.234205,0.236685,0.232795,0.236625
2026-09-27T07:00:00Z,2026-09-27T07:05:00Z,0.236725,0.240805,0.232545,0.234355
2026-09-27T07:05:00Z,2026-09-27T07:10:00Z,0.234415,0.239885,0.233515,0.236725
2026-09-27T07:10:00Z,2026-09-27T07:15:00Z,0.236825,0.239595,0.234715,0.239275
2026-09-27T07:15:00Z,2026-09-27T07:20:00Z,0.239385,0.240895,0.232465,0.236145
2026-09-27T07:20:00Z,2026-09-27T07:25:00Z,0.236245,0.238085,0.234015,0.237275
2026-09-27T07:25:00Z,2026-09-27T07:30:00Z,0.237225,0.239735,0.233695,0.235535
2026-09-27T07:30:00Z,2026-09-27T07:35:00Z,0.235545,0.239635,0.234255,0.236305
2026-09-27T07:35:00Z,2026-09-27T07:40:00Z,0.236445,0.241185,0.234725,0.239715
2026-09-27T07:40:00Z,2026-09-27T07:45:00Z,0.239825,0.240195,0.234115,0.235965
2026-09-27T07:45:00Z,2026-09-27T07:50:00Z,0.236025,0.245595,0.235485,0.245445
2026-09-27T07:50:00Z,2026-09-27T07:55:00Z,0.245595,0.246895,0.239715,0.240485
2026-09-27T07:55:00Z,2026-09-27T08:00:00Z,0.240595,0.246785,0.236645,0.244565
2026-09-27T08:00:00Z,2026-09-27T08:05:00Z,0.244545,0.248665,0.241895,0.243415
2026-09-27T08:05:00Z,2026-09-27T08:10:00Z,0.243325,0.247075,0.239145,0.241705
2026-09-27T08:10:00Z,2026-09-27T08:15:00Z,0.241615,0.244325,0.238015,0.241625
2026-09-27T08:15:00Z,2026-09-27T08:20:00Z,0.241675,0.251585,0.240695,0.247585
2026-09-27T08:20:00Z,2026-09-27T08:25:00Z,0.247735,0.249185,0.241325,0.241795
2026-09-27T08:25:00Z,2026-09-27T08:30:00Z,0.241905,0.247095,0.241035,0.245175
2026-09-27T08:30:00Z,2026-09-27T08:35:00Z,0.244805,0.245815,0.240125,0.243545
2026-09-27T08:35:00Z,2026-09-27T08:40:00Z,0.243555,0.245105,0.239335,0.241765
2026-09-27T08:40:00Z,2026-09-27T08:45:00Z,0.242055,0.245595,0.236595,0.242225
2026-09-27T08:45:00Z,2026-09-27T08:50:00Z,0.242335,0.243985,0.238455,0.241715
2026-09-27T08:50:00Z,2026-09-27T08:55:00Z,0.241565,0.258825,0.241165,0.258825
2026-09-27T08:55:00Z,2026-09-27T09:00:00Z,0.258885,0.264985,0.258685,0.262935
2026-09-27T09:00:00Z,2026-09-27T09:05:00Z,0.263065,0.263385,0.254645,0.260435
2026-09-27T09:05:00Z,2026-09-27T09:10:00Z,0.260505,0.260505,0.256015,0.258305
2026-09-27T09:10:00Z,2026-09-27T09:15:00Z,0.258275,0.264995,0.258175,0.263845
2026-09-27T09:15:00Z,2026-09-27T09:20:00Z,0.263715,0.267155,0.259645,0.265775
2026-09-27T09:20:00Z,2026-09-27T09:25:00Z,0.265795,0.276725,0.265795,0.276255
2026-09-27T09:25:00Z,2026-09-27T09:30:00Z,0.275925,0.279725,0.273715,0.279695
2026-09-27T09:30:00Z,2026-09-27T09:35:00Z,0.279645,0.284675,0.277895,0.282805
2026-09-27T09:35:00Z,2026-09-27T09:40:00Z,0.282725,0.285365,0.278325,0.282755
2026-09-27T09:40:00Z,2026-09-27T09:45:00Z,0.282875,0.285075,0.275875,0.284815
2026-09-27T09:45:00Z,2026-09-27T09:50:00Z,0.284845,0.287535,0.280665,0.282675
2026-09-27T09:50:00Z,2026-09-27T09:55:00Z,0.282575,0.283645,0.271765,0.272535
2026-09-27T09:55:00Z,2026-09-27T10:00:00Z,0.272355,0.279395,0.269455,0.275845
2026-09-27T10:00:00Z,2026-09-27T10:05:00Z,0.275805,0.282735,0.274945,0.275235
2026-09-27T10:05:00Z,2026-09-27T10:10:00Z,0.275385,0.283635,0.275295,0.280865
2026-09-27T10:10:00Z,2026-09-27T10:15:00Z,0.281005,0.283225,0.278185,0.281345
2026-09-27T10:15:00Z,2026-09-27T10:20:00Z,0.281465,0.285975,0.279915,0.281235
2026-09-27T10:20:00Z,2026-09-27T10:25:00Z,0.280835,0.282735,0.275915,0.281195
2026-09-27T10:25:00Z,2026-09-27T10:30:00Z,0.281145,0.284155,0.277545,0.280415
2026-09-27T10:30:00Z,2026-09-27T10:35:00Z,0.280475,0.288435,0.280475,0.281895
2026-09-27T10:35:00Z,2026-09-27T10:40:00Z,0.281915,0.283455,0.275025,0.283455
2026-09-27T10:40:00Z,2026-09-27T10:45:00Z,0.283585,0.288005,0.278585,0.278835
2026-09-27T10:45:00Z,2026-09-27T10:50:00Z,0.278985,0.283015,0.274855,0.283015
2026-09-27T10:50:00Z,2026-09-27T10:55:00Z,0.282845,0.290585,0.281745,0.289685
2026-09-27T10:55:00Z,2026-09-27T11:00:00Z,0.289755,0.297475,0.287635,0.297475
2026-09-27T11:00:00Z,2026-09-27T11:05:00Z,0.297645,0.306295,0.294305,0.300815
2026-09-27T11:05:00Z,2026-09-27T11:10:00Z,0.300805,0.308745,0.298315,0.308375
2026-09-27T11:10:00Z,2026-09-27T11:15:00Z,0.308295,0.316735,0.304485,0.315625
2026-09-27T11:15:00Z,2026-09-27T11:20:00Z,0.315835,0.318625,0.310345,0.313145
2026-09-27T11:20:00Z,2026-09-27T11:25:00Z,0.312955,0.322115,0.312145,0.319885
2026-09-27T11:25:00Z,2026-09-27T11:30:00Z,0.319815,0.331675,0.319315,0.328405
2026-09-27T11:30:00Z,2026-09-27T11:35:00Z,0.328275,0.330075,0.321375,0.326935
2026-09-27T11:35:00Z,2026-09-27T11:40:00Z,0.326645,0.342265,0.326435,0.340885
2026-09-27T11:40:00Z,2026-09-27T11:45:00Z,0.340835,0.347135,0.337225,0.343785
2026-09-27T11:45:00Z,2026-09-27T11:50:00Z,0.343935,0.356385,0.339355,0.354045
2026-09-27T11:50:00Z,2026-09-27T11:55:00Z,0.354235,0.359325,0.352695,0.354535
2026-09-27T11:55:00Z,2026-09-27T12:00:00Z,0.354445,0.361195,0.353875,0.357285
2026-09-27T12:00:00Z,2026-09-27T12:05:00Z,0.357195,0.360845,0.350265,0.360035
2026-09-27T12:05:00Z,2026-09-27T12:10:00Z,0.360265,0.368955,0.358165,0.368685
2026-09-27T12:10:00Z,2026-09-27T12:15:00Z,0.368595,0.368865,0.357395,0.358485
2026-09-27T12:15:00Z,2026-09-27T12:20:00Z,0.358915,0.367725,0.356805,0.366235
2026-09-27T12:20:00Z,2026-09-27T12:25:00Z,0.366525,0.373625,0.364955,0.370445
2026-09-27T12:25:00Z,2026-09-27T12:30:00Z,0.371005,0.378825,0.370255,0.376505
2026-09-27T12:30:00Z,2026-09-27T12:35:00Z,0.376555,0.381195,0.371815,0.379335
2026-09-27T12:35:00Z,2026-09-27T12:40:00Z,0.379245,0.395615,0.377335,0.395505
2026-09-27T12:40:00Z,2026-09-27T12:45:00Z,0.395545,0.396925,0.388135,0.391435
2026-09-27T12:45:00Z,2026-09-27T12:50:00Z,0.391255,0.402855,0.386165,0.401905
2026-09-27T12:50:00Z,2026-09-27T12:55:00Z,0.401705,0.412155,0.400295,0.405435
2026-09-27T12:55:00Z,2026-09-27T13:00:00Z,0.405355,0.416005,0.403635,0.414035
2026-09-27T13:00:00Z,2026-09-27T13:05:00Z,0.413825,0.422105,0.411385,0.415055
2026-09-27T13:05:00Z,2026-09-27T13:10:00Z,0.414095,0.421005,0.411975,0.419835
2026-09-27T13:10:00Z,2026-09-27T13:15:00Z,0.419985,0.431265,0.418645,0.428425
2026-09-27T13:15:00Z,2026-09-27T13:20:00Z,0.428445,0.455045,0.427495,0.450875
2026-09-27T13:20:00Z,2026-09-27T13:25:00Z,0.451355,0.451865,0.438665,0.445995
2026-09-27T13:25:00Z,2026-09-27T13:30:00Z,0.446275,0.449135,0.439195,0.441465
2026-09-27T13:30:00Z,2026-09-27T13:35:00Z,0.441275,0.453305,0.437835,0.439455
2026-09-27T13:35:00Z,2026-09-27T13:40:00Z,0.439235,0.442425,0.432915,0.440725
2026-09-27T13:40:00Z,2026-09-27T13:45:00Z,0.440745,0.450635,0.436245,0.448105
2026-09-27T13:45:00Z,2026-09-27T13:50:00Z,0.448325,0.456605,0.445295,0.454515
2026-09-27T13:50:00Z,2026-09-27T13:55:00Z,0.454975,0.458655,0.446125,0.449025
2026-09-27T13:55:00Z,2026-09-27T14:00:00Z,0.448765,0.452065,0.438685,0.444815
2026-09-27T14:00:00Z,2026-09-27T14:05:00Z,0.445065,0.449665,0.433925,0.435555
2026-09-27T14:05:00Z,2026-09-27T14:10:00Z,0.435545,0.452425,0.432135,0.450955
2026-09-27T14:10:00Z,2026-09-27T14:15:00Z,0.451735,0.451895,0.434015,0.441525
2026-09-27T14:15:00Z,2026-09-27T14:20:00Z,0.441625,0.445355,0.436185,0.443035
2026-09-27T14:20:00Z,2026-09-27T14:25:00Z,0.443125,0.445375,0.437515,0.441195
2026-09-27T14:25:00Z,2026-09-27T14:30:00Z,0.441135,0.443325,0.435545,0.440695
2026-09-27T14:30:00Z,2026-09-27T14:35:00Z,0.440015,0.445305,0.434145,0.434545
2026-09-27T14:35:00Z,2026-09-27T14:40:00Z,0.434775,0.434995,0.419425,0.420495
2026-09-27T14:40:00Z,2026-09-27T14:45:00Z,0.420305,0.425215,0.413805,0.423935
2026-09-27T14:45:00Z,2026-09-27T14:50:00Z,0.424105,0.427435,0.410835,0.412465
2026-09-27T14:50:00Z,2026-09-27T14:55:00Z,0.412485,0.421215,0.412485,0.421025
2026-09-27T14:55:00Z,2026-09-27T15:00:00Z,0.420795,0.421295,0.408535,0.410105
2026-09-27T15:00:00Z,2026-09-27T15:05:00Z,0.409875,0.417965,0.408055,0.412495
2026-09-27T15:05:00Z,2026-09-27T15:10:00Z,0.412645,0.430185,0.411335,0.430185
2026-09-27T15:10:00Z,2026-09-27T15:15:00Z,0.430045,0.435435,0.412425,0.412885
2026-09-27T15:15:00Z,2026-09-27T15:20:00Z,0.412825,0.419005,0.409395,0.415745
2026-09-27T15:20:00Z,2026-09-27T15:25:00Z,0.415885,0.420125,0.410115,0.410215
2026-09-27T15:25:00Z,2026-09-27T15:30:00Z,0.410505,0.415435,0.402385,0.402515
2026-09-27T15:30:00Z,2026-09-27T15:35:00Z,0.402305,0.416475,0.400855,0.415995
2026-09-27T15:35:00Z,2026-09-27T15:40:00Z,0.416255,0.417765,0.404535,0.404885
2026-09-27T15:40:00Z,2026-09-27T15:45:00Z,0.404635,0.405405,0.390745,0.397105
2026-09-27T15:45:00Z,2026-09-27T15:50:00Z,0.397045,0.407625,0.394265,0.398125
2026-09-27T15:50:00Z,2026-09-27T15:55:00Z,0.398035,0.400015,0.392835,0.398395
2026-09-27T15:55:00Z,2026-09-27T16:00:00Z,0.397745,0.412165,0.395675,0.412165
2026-09-27T16:00:00Z,2026-09-27T16:05:00Z,0.412755,0.413855,0.391175,0.395005
2026-09-27T16:05:00Z,2026-09-27T16:10:00Z,0.394795,0.397515,0.387305,0.393925
2026-09-27T16:10:00Z,2026-09-27T16:15:00Z,0.393555,0.400245,0.390715,0.397435
2026-09-27T16:15:00Z,2026-09-27T16:20:00Z,0.397555,0.411605,0.391015,0.407775
2026-09-27T16:20:00Z,2026-09-27T16:25:00Z,0.408495,0.427805,0.408495,0.421865
2026-09-27T16:25:00Z,2026-09-27T16:30:00Z,0.421775,0.422805,0.412825,0.414425
2026-09-27T16:30:00Z,2026-09-27T16:35:00Z,0.414565,0.417035,0.408775,0.409965
2026-09-27T16:35:00Z,2026-09-27T16:40:00Z,0.409775,0.410185,0.398205,0.406805
2026-09-27T16:40:00Z,2026-09-27T16:45:00Z,0.406665,0.408715,0.394235,0.399265
2026-09-27T16:45:00Z,2026-09-27T16:50:00Z,0.398765,0.407065,0.396635,0.405265
2026-09-27T16:50:00Z,2026-09-27T16:55:00Z,0.405355,0.411585,0.403555,0.410875
2026-09-27T16:55:00Z,2026-09-27T17:00:00Z,0.410855,0.413805,0.400795,0.406605
2026-09-27T17:00:00Z,2026-09-27T17:05:00Z,0.406555,0.411465,0.399035,0.400635
2026-09-27T17:05:00Z,2026-09-27T17:10:00Z,0.400835,0.409455,0.399675,0.404145
2026-09-27T17:10:00Z,2026-09-27T17:15:00Z,0.403965,0.409855,0.395215,0.395835
2026-09-27T17:15:00Z,2026-09-27T17:20:00Z,0.396085,0.397845,0.389915,0.396895
2026-09-27T17:20:00Z,2026-09-27T17:25:00Z,0.396955,0.403745,0.394955,0.396705
2026-09-27T17:25:00Z,2026-09-27T17:30:00Z,0.396905,0.402575,0.391515,0.395255
2026-09-27T17:30:00Z,2026-09-27T17:35:00Z,0.395165,0.405815,0.392535,0.405625
2026-09-27T17:35:00Z,2026-09-27T17:40:00Z,0.405425,0.411205,0.399885,0.408875
2026-09-27T17:40:00Z,2026-09-27T17:45:00Z,0.408775,0.411945,0.401915,0.408715
2026-09-27T17:45:00Z,2026-09-27T17:50:00Z,0.408905,0.408905,0.394135,0.395725
2026-09-27T17:50:00Z,2026-09-27T17:55:00Z,0.395805,0.402295,0.393635,0.398295
2026-09-27T17:55:00Z,2026-09-27T18:00:00Z,0.398175,0.406665,0.392745,0.394535
2026-09-27T18:00:00Z,2026-09-27T18:05:00Z,0.394645,0.403465,0.385115,0.398335
2026-09-27T18:05:00Z,2026-09-27T18:10:00Z,0.398235,0.403815,0.393535,0.400685
2026-09-27T18:10:00Z,2026-09-27T18:15:00Z,0.400885,0.413575,0.398305,0.411615
2026-09-27T18:15:00Z,2026-09-27T18:20:00Z,0.411705,0.415785,0.403555,0.404195
2026-09-27T18:20:00Z,2026-09-27T18:25:00Z,0.404285,0.418555,0.403735,0.415605
2026-09-27T18:25:00Z,2026-09-27T18:30:00Z,0.415545,0.429805,0.414615,0.424435
2026-09-27T18:30:00Z,2026-09-27T18:35:00Z,0.424255,0.426365,0.417915,0.424165
2026-09-27T18:35:00Z,2026-09-27T18:40:00Z,0.424365,0.430515,0.420875,0.427515
2026-09-27T18:40:00Z,2026-09-27T18:45:00Z,0.427565,0.430855,0.422635,0.426535
2026-09-27T18:45:00Z,2026-09-27T18:50:00Z,0.426305,0.437815,0.425665,0.434935
2026-09-27T18:50:00Z,2026-09-27T18:55:00Z,0.434855,0.437985,0.425005,0.425565
2026-09-27T18:55:00Z,2026-09-27T19:00:00Z,0.425655,0.427175,0.410865,0.413185
2026-09-27T19:00:00Z,2026-09-27T19:05:00Z,0.413325,0.421565,0.407585,0.420815
2026-09-27T19:05:00Z,2026-09-27T19:10:00Z,0.420545,0.433995,0.419325,0.430025
2026-09-27T19:10:00Z,2026-09-27T19:15:00Z,0.430275,0.431595,0.412725,0.416065
2026-09-27T19:15:00Z,2026-09-27T19:20:00Z,0.416255,0.427115,0.415495,0.424695
2026-09-27T19:20:00Z,2026-09-27T19:25:00Z,0.424795,0.428405,0.416515,0.419965
2026-09-27T19:25:00Z,2026-09-27T19:30:00Z,0.420665,0.429505,0.418875,0.423175
2026-09-27T19:30:00Z,2026-09-27T19:35:00Z,0.423775,0.425325,0.409315,0.414395
2026-09-27T19:35:00Z,2026-09-27T19:40:00Z,0.414445,0.428365,0.412575,0.425625
2026-09-27T19:40:00Z,2026-09-27T19:45:00Z,0.425615,0.434135,0.423185,0.428575
2026-09-27T19:45:00Z,2026-09-27T19:50:00Z,0.428725,0.433755,0.424355,0.426715
2026-09-27T19:50:00Z,2026-09-27T19:55:00Z,0.426215,0.434185,0.425335,0.430785
2026-09-27T19:55:00Z,2026-09-27T20:00:00Z,0.430865,0.439535,0.423505,0.437755
2026-09-27T20:00:00Z,2026-09-27T20:05:00Z,0.438095,0.441745,0.430665,0.431945
2026-09-27T20:05:00Z,2026-09-27T20:10:00Z,0.431955,0.441575,0.431915,0.438965
2026-09-27T20:10:00Z,2026-09-27T20:15:00Z,0.438775,0.451455,0.437755,0.450705
2026-09-27T20:15:00Z,2026-09-27T20:20:00Z,0.450655,0.451425,0.427675,0.427685
2026-09-27T20:20:00Z,2026-09-27T20:25:00Z,0.427715,0.433275,0.424665,0.431185
2026-09-27T20:25:00Z,2026-09-27T20:30:00Z,0.431255,0.438495,0.428305,0.437545
2026-09-27T20:30:00Z,2026-09-27T20:35:00Z,0.437675,0.445645,0.433565,0.436795
2026-09-27T20:35:00Z,2026-09-27T20:40:00Z,0.436635,0.439475,0.425335,0.425345
2026-09-27T20:40:00Z,2026-09-27T20:45:00Z,0.425315,0.435695,0.422905,0.432125
2026-09-27T20:50:00Z,2026-09-27T20:55:00Z,0.432125,0.432125,0.341505,0.350705
2026-09-27T20:55:00Z,2026-09-27T21:00:00Z,0.350335,0.351325,0.341165,0.342955
2026-09-27T21:00:00Z,2026-09-27T21:05:00Z,0.343615,0.353695,0.343435,0.351815
2026-09-27T21:05:00Z,2026-09-27T21:10:00Z,0.351755,0.359335,0.346235,0.358915
2026-09-27T21:10:00Z,2026-09-27T21:15:00Z,0.358965,0.366415,0.357395,0.360325
2026-09-27T21:15:00Z,2026-09-27T21:20:00Z,0.360415,0.369135,0.359235,0.360645
2026-09-27T21:20:00Z,2026-09-27T21:25:00Z,0.359985,0.369055,0.359845,0.365815
2026-09-27T21:25:00Z,2026-09-27T21:30:00Z,0.365845,0.374265,0.365285,0.366485
2026-09-27T21:30:00Z,2026-09-27T21:35:00Z,0.366555,0.367675,0.354305,0.361135
2026-09-27T21:35:00Z,2026-09-27T21:40:00Z,0.361315,0.368765,0.361185,0.367215
2026-09-27T21:40:00Z,2026-09-27T21:45:00Z,0.367275,0.367375,0.354675,0.355175
2026-09-27T21:45:00Z,2026-09-27T21:50:00Z,0.355265,0.355265,0.346625,0.347085
2026-09-27T21:50:00Z,2026-09-27T21:55:00Z,0.347385,0.348425,0.338205,0.343225
2026-09-27T21:55:00Z,2026-09-27T22:00:00Z,0.343305,0.352545,0.341905,0.352025
2026-09-27T22:00:00Z,2026-09-27T22:05:00Z,0.351865,0.370785,0.351775,0.370135
2026-09-27T22:05:00Z,2026-09-27T22:10:00Z,0.369945,0.379385,0.360205,0.377465
2026-09-27T22:10:00Z,2026-09-27T22:15:00Z,0.377345,0.380295,0.371835,0.379085
2026-09-27T22:15:00Z,2026-09-27T22:20:00Z,0.379175,0.387005,0.378195,0.384235
2026-09-27T22:20:00Z,2026-09-27T22:25:00Z,0.384425,0.387315,0.374525,0.380685
2026-09-27T22:25:00Z,2026-09-27T22:30:00Z,0.380645,0.380885,0.371235,0.372855
2026-09-27T22:30:00Z,2026-09-27T22:35:00Z,0.373085,0.374925,0.368145,0.372865
2026-09-27T22:35:00Z,2026-09-27T22:40:00Z,0.373425,0.377545,0.367195,0.375125
2026-09-27T22:40:00Z,2026-09-27T22:45:00Z,0.374815,0.388655,0.373185,0.384685
2026-09-27T22:45:00Z,2026-09-27T22:50:00Z,0.385305,0.387895,0.373605,0.377055
2026-09-27T22:50:00Z,2026-09-27T22:55:00Z,0.377035,0.389615,0.376465,0.386455
2026-09-27T22:55:00Z,2026-09-27T23:00:00Z,0.386315,0.388015,0.378215,0.379595
2026-09-27T23:00:00Z,2026-09-27T23:05:00Z,0.379555,0.381615,0.373695,0.373695
2026-09-27T23:05:00Z,2026-09-27T23:10:00Z,0.373655,0.378665,0.367795,0.369985
2026-09-27T23:10:00Z,2026-09-27T23:15:00Z,0.369895,0.376235,0.366135,0.369595
2026-09-27T23:15:00Z,2026-09-27T23:20:00Z,0.369405,0.370525,0.359735,0.366395
2026-09-27T23:20:00Z,2026-09-27T23:25:00Z,0.365905,0.375645,0.360845,0.373835
2026-09-27T23:25:00Z,2026-09-27T23:30:00Z,0.374025,0.381735,0.368925,0.380575
2026-09-27T23:30:00Z,2026-09-27T23:35:00Z,0.380485,0.387835,0.379205,0.382795
2026-09-27T23:35:00Z,2026-09-27T23:40:00Z,0.382665,0.390235,0.378195,0.380785
2026-09-27T23:40:00Z,2026-09-27T23:45:00Z,0.380705,0.388025,0.379785,0.386235
2026-09-27T23:45:00Z,2026-09-27T23:50:00Z,0.386345,0.400255,0.381505,0.399555
2026-09-27T23:50:00Z,2026-09-27T23:55:00Z,0.399305,0.400625,0.388825,0.393055
2026-09-27T23:55:00Z,2026-09-28T00:00:00Z,0.393105,0.394965,0.381205,0.381855
2026-09-28T00:00:00Z,2026-09-28T00:05:00Z,0.382065,0.390595,0.380325,0.388035
2026-09-28T00:05:00Z,2026-09-28T00:10:00Z,0.388005,0.397245,0.386215,0.392375
2026-09-28T00:10:00Z,2026-09-28T00:15:00Z,0.392655,0.404275,0.392655,0.401795
2026-09-28T00:15:00Z,2026-09-28T00:20:00Z,0.401825,0.411535,0.400395,0.410545
2026-09-28T00:20:00Z,2026-09-28T00:25:00Z,0.410775,0.420345,0.410775,0.415305
2026-09-28T00:25:00Z,2026-09-28T00:30:00Z,0.415445,0.420895,0.412395,0.412745
2026-09-28T00:30:00Z,2026-09-28T00:35:00Z,0.412575,0.418845,0.406365,0.406585
2026-09-28T00:35:00Z,2026-09-28T00:40:00Z,0.406495,0.415285,0.405175,0.410155
2026-09-28T00:40:00Z,2026-09-28T00:45:00Z,0.410055,0.419295,0.402005,0.415315
2026-09-28T00:45:00Z,2026-09-28T00:50:00Z,0.415485,0.425285,0.415275,0.423295
2026-09-28T00:50:00Z,2026-09-28T00:55:00Z,0.423245,0.429595,0.421805,0.426475
2026-09-28T00:55:00Z,2026-09-28T01:00:00Z,0.426435,0.433175,0.423175,0.423445
2026-09-28T01:00:00Z,2026-09-28T01:05:00Z,0.423395,0.430645,0.413655,0.430645
2026-09-28T01:05:00Z,2026-09-28T01:10:00Z,0.430695,0.434455,0.424455,0.426475
2026-09-28T01:10:00Z,2026-09-28T01:15:00Z,0.426405,0.432435,0.421825,0.426955
2026-09-28T01:15:00Z,2026-09-28T01:20:00Z,0.427015,0.432425,0.422915,0.429875
2026-09-28T01:20:00Z,2026-09-28T01:25:00Z,0.430345,0.434495,0.423115,0.427785
2026-09-28T01:25:00Z,2026-09-28T01:30:00Z,0.427825,0.429265,0.418095,0.423705
2026-09-28T01:30:00Z,2026-09-28T01:35:00Z,0.423655,0.431115,0.421085,0.429615
2026-09-28T01:35:00Z,2026-09-28T01:40:00Z,0.429655,0.432785,0.424045,0.429745
2026-09-28T01:40:00Z,2026-09-28T01:45:00Z,0.429945,0.442085,0.429835,0.437045
2026-09-28T01:45:00Z,2026-09-28T01:50:00Z,0.437055,0.440235,0.430755,0.437225
2026-09-28T01:50:00Z,2026-09-28T01:55:00Z,0.437375,0.442415,0.429985,0.438015
2026-09-28T01:55:00Z,2026-09-28T02:00:00Z,0.438085,0.450135,0.436865,0.446315
2026-09-28T02:00:00Z,2026-09-28T02:05:00Z,0.446575,0.447705,0.423285,0.423765
2026-09-28T02:05:00Z,2026-09-28T02:10:00Z,0.423575,0.431375,0.421055,0.429645
2026-09-28T02:10:00Z,2026-09-28T02:15:00Z,0.429635,0.439195,0.424275,0.436535
2026-09-28T02:15:00Z,2026-09-28T02:20:00Z,0.436565,0.442895,0.427795,0.438945
2026-09-28T02:20:00Z,2026-09-28T02:25:00Z,0.438855,0.443685,0.424525,0.427215
2026-09-28T02:25:00Z,2026-09-28T02:30:00Z,0.427425,0.437915,0.424375,0.437605
2026-09-28T02:30:00Z,2026-09-28T02:35:00Z,0.437385,0.462025,0.434125,0.461765
2026-09-28T02:35:00Z,2026-09-28T02:40:00Z,0.461905,0.462115,0.436705,0.438625
2026-09-28T02:40:00Z,2026-09-28T02:45:00Z,0.438465,0.441365,0.429125,0.431575
2026-09-28T02:45:00Z,2026-09-28T02:50:00Z,0.431765,0.435715,0.425465,0.434065
2026-09-28T02:50:00Z,2026-09-28T02:55:00Z,0.433915,0.442685,0.431195,0.432695
2026-09-28T02:55:00Z,2026-09-28T03:00:00Z,0.432595,0.436155,0.425655,0.431485
2026-09-28T03:00:00Z,2026-09-28T03:05:00Z,0.430705,0.436975,0.425805,0.436415
2026-09-28T03:05:00Z,2026-09-28T03:10:00Z,0.436475,0.441855,0.432105,0.436485
2026-09-28T03:10:00Z,2026-09-28T03:15:00Z,0.436185,0.436875,0.425785,0.436705
2026-09-28T03:15:00Z,2026-09-28T03:20:00Z,0.436715,0.448065,0.430805,0.444865
2026-09-28T03:20:00Z,2026-09-28T03:25:00Z,0.444915,0.450745,0.434565,0.437285
2026-09-28T03:25:00Z,2026-09-28T03:30:00Z,0.437265,0.437615,0.420165,0.420835
2026-09-28T03:30:00Z,2026-09-28T03:35:00Z,0.421295,0.424215,0.415545,0.419525
2026-09-28T03:35:00Z,2026-09-28T03:40:00Z,0.419725,0.423555,0.414685,0.416335
2026-09-28T03:40:00Z,2026-09-28T03:45:00Z,0.416485,0.420265,0.411665,0.418545
2026-09-28T03:45:00Z,2026-09-28T03:50:00Z,0.418495,0.418495,0.393705,0.399485
2026-09-28T03:50:00Z,2026-09-28T03:55:00Z,0.399675,0.402045,0.392525,0.394795
2026-09-28T03:55:00Z,2026-09-28T04:00:00Z,0.394985,0.397195,0.388795,0.394515
2026-09-28T04:00:00Z,2026-09-28T04:05:00Z,0.394695,0.398795,0.389715,0.390155
2026-09-28T04:05:00Z,2026-09-28T04:10:00Z,0.390135,0.401715,0.387365,0.395315
2026-09-28T04:10:00Z,2026-09-28T04:15:00Z,0.395555,0.401995,0.393665,0.397385
2026-09-28T04:15:00Z,2026-09-28T04:20:00Z,0.397435,0.398075,0.387205,0.389365
2026-09-28T04:20:00Z,2026-09-28T04:25:00Z,0.389355,0.395145,0.385995,0.394905
2026-09-28T04:25:00Z,2026-09-28T04:30:00Z,0.395015,0.395265,0.386145,0.387265
2026-09-28T04:30:00Z,2026-09-28T04:35:00Z,0.387355,0.388165,0.375495,0.378545
2026-09-28T04:35:00Z,2026-09-28T04:40:00Z,0.378205,0.392535,0.376915,0.389645
2026-09-28T04:40:00Z,2026-09-28T04:45:00Z,0.389685,0.396115,0.385815,0.390535
2026-09-28T04:45:00Z,2026-09-28T04:50:00Z,0.390395,0.398495,0.389745,0.396975
2026-09-28T04:50:00Z,2026-09-28T04:55:00Z,0.396815,0.403265,0.394665,0.399595
2026-09-28T04:55:00Z,2026-09-28T05:00:00Z,0.399605,0.407815,0.398465,0.404695
2026-09-28T05:00:00Z,2026-09-28T05:05:00Z,0.404615,0.404635,0.388405,0.401085
2026-09-28T05:05:00Z,2026-09-28T05:10:00Z,0.401245,0.406705,0.397585,0.399855
2026-09-28T05:10:00Z,2026-09-28T05:15:00Z,0.399865,0.403835,0.394465,0.401175
2026-09-28T05:15:00Z,2026-09-28T05:20:00Z,0.401785,0.403495,0.397085,0.402685
2026-09-28T05:20:00Z,2026-09-28T05:25:00Z,0.402785,0.408715,0.393855,0.408715
2026-09-28T05:25:00Z,2026-09-28T05:30:00Z,0.408705,0.415915,0.404535,0.404785
2026-09-28T05:30:00Z,2026-09-28T05:35:00Z,0.404565,0.408235,0.398075,0.405955
2026-09-28T05:35:00Z,2026-09-28T05:40:00Z,0.405295,0.422005,0.404445,0.418915
2026-09-28T05:40:00Z,2026-09-28T05:45:00Z,0.419005,0.432495,0.412665,0.430995
2026-09-28T05:45:00Z,2026-09-28T05:50:00Z,0.430915,0.440015,0.427635,0.431805
2026-09-28T05:50:00Z,2026-09-28T05:55:00Z,0.431765,0.438165,0.424815,0.425595
2026-09-28T05:55:00Z,2026-09-28T06:00:00Z,0.425615,0.428905,0.416265,0.416705
2026-09-28T06:00:00Z,2026-09-28T06:05:00Z,0.416925,0.424365,0.416095,0.419915
2026-09-28T06:05:00Z,2026-09-28T06:10:00Z,0.419865,0.423675,0.408855,0.410675
2026-09-28T06:10:00Z,2026-09-28T06:15:00Z,0.410805,0.416455,0.402145,0.405675
2026-09-28T06:15:00Z,2026-09-28T06:20:00Z,0.405825,0.406065,0.398035,0.402065
2026-09-28T06:20:00Z,2026-09-28T06:25:00Z,0.402235,0.404715,0.394805,0.400705
2026-09-28T06:25:00Z,2026-09-28T06:30:00Z,0.400585,0.405275,0.388945,0.389425
2026-09-28T06:30:00Z,2026-09-28T06:35:00Z,0.389305,0.395925,0.388285,0.392815
2026-09-28T06:35:00Z,2026-09-28T06:40:00Z,0.392685,0.398425,0.386455,0.396395
2026-09-28T06:40:00Z,2026-09-28T06:45:00Z,0.396615,0.404175,0.394985,0.399145
2026-09-28T06:45:00Z,2026-09-28T06:50:00Z,0.398955,0.403655,0.393975,0.398045
2026-09-28T06:50:00Z,2026-09-28T06:55:00Z,0.397775,0.405815,0.393985,0.401845
2026-09-28T06:55:00Z,2026-09-28T07:00:00Z,0.401985,0.405605,0.397975,0.400085
2026-09-28T07:00:00Z,2026-09-28T07:05:00Z,0.399935,0.403425,0.389395,0.396795
2026-09-28T07:05:00Z,2026-09-28T07:10:00Z,0.396735,0.401205,0.380985,0.381405
2026-09-28T07:10:00Z,2026-09-28T07:15:00Z,0.381635,0.382705,0.372415,0.375075
2026-09-28T07:15:00Z,2026-09-28T07:20:00Z,0.375055,0.379575,0.366445,0.366785
2026-09-28T07:20:00Z,2026-09-28T07:25:00Z,0.366555,0.366605,0.355135,0.360375
2026-09-28T07:25:00Z,2026-09-28T07:30:00Z,0.360755,0.361385,0.344205,0.359405
2026-09-28T07:30:00Z,2026-09-28T07:35:00Z,0.359495,0.370915,0.358715,0.369475
2026-09-28T07:35:00Z,2026-09-28T07:40:00Z,0.369355,0.381415,0.369335,0.380695
2026-09-28T07:40:00Z,2026-09-28T07:45:00Z,0.380555,0.380585,0.360945,0.364255
2026-09-28T07:45:00Z,2026-09-28T07:50:00Z,0.364075,0.369865,0.362665,0.364355
2026-09-28T07:50:00Z,2026-09-28T07:55:00Z,0.364285,0.374075,0.362815,0.371215
2026-09-28T07:55:00Z,2026-09-28T08:00:00Z,0.371135,0.379345,0.369055,0.376375
2026-09-28T08:00:00Z,2026-09-28T08:05:00Z,0.376835,0.382075,0.372065,0.375465
2026-09-28T08:05:00Z,2026-09-28T08:10:00Z,0.375415,0.392475,0.372945,0.392315
2026-09-28T08:10:00Z,2026-09-28T08:15:00Z,0.392335,0.403415,0.388495,0.403125
2026-09-28T08:15:00Z,2026-09-28T08:20:00Z,0.403305,0.414005,0.399205,0.408345
2026-09-28T08:20:00Z,2026-09-28T08:25:00Z,0.408115,0.409245,0.400605,0.405595
2026-09-28T08:25:00Z,2026-09-28T08:30:00Z,0.405375,0.414615,0.402085,0.412165
2026-09-28T08:30:00Z,2026-09-28T08:35:00Z,0.412085,0.413255,0.403645,0.405525
2026-09-28T08:35:00Z,2026-09-28T08:40:00Z,0.405875,0.408925,0.394545,0.401885
2026-09-28T08:40:00Z,2026-09-28T08:45:00Z,0.402105,0.403935,0.391795,0.393485
2026-09-28T08:45:00Z,2026-09-28T08:50:00Z,0.393895,0.395945,0.388625,0.392185
2026-09-28T08:50:00Z,2026-09-28T08:55:00Z,0.391775,0.396995,0.384395,0.384395
2026-09-28T08:55:00Z,2026-09-28T09:00:00Z,0.384505,0.394005,0.381945,0.392785
2026-09-28T09:00:00Z,2026-09-28T09:05:00Z,0.392795,0.406115,0.392795,0.404885
2026-09-28T09:05:00Z,2026-09-28T09:10:00Z,0.405115,0.405135,0.395765,0.401835
2026-09-28T09:10:00Z,2026-09-28T09:15:00Z,0.402035,0.409905,0.400805,0.404515
2026-09-28T09:15:00Z,2026-09-28T09:20:00Z,0.404355,0.413675,0.403475,0.405875
2026-09-28T09:20:00Z,2026-09-28T09:25:00Z,0.405945,0.418875,0.403455,0.415385
2026-09-28T09:25:00Z,2026-09-28T09:30:00Z,0.415145,0.424685,0.413915,0.421335
2026-09-28T09:30:00Z,2026-09-28T09:35:00Z,0.421315,0.423485,0.407195,0.420825
2026-09-28T09:35:00Z,2026-09-28T09:40:00Z,0.421105,0.435055,0.420665,0.433525
2026-09-28T09:40:00Z,2026-09-28T09:45:00Z,0.433455,0.437295,0.425305,0.433945
2026-09-28T09:45:00Z,2026-09-28T09:50:00Z,0.433795,0.433795,0.420195,0.425995
2026-09-28T09:50:00Z,2026-09-28T09:55:00Z,0.426095,0.426095,0.413225,0.416655
2026-09-28T09:55:00Z,2026-09-28T10:00:00Z,0.416765,0.421855,0.411945,0.414055
2026-09-28T10:00:00Z,2026-09-28T10:05:00Z,0.414155,0.414645,0.404685,0.406685
2026-09-28T10:05:00Z,2026-09-28T10:10:00Z,0.406545,0.408955,0.398315,0.400865
2026-09-28T10:10:00Z,2026-09-28T10:15:00Z,0.400845,0.405685,0.397445,0.403615
2026-09-28T10:15:00Z,2026-09-28T10:20:00Z,0.403445,0.414875,0.403445,0.406485
2026-09-28T10:20:00Z,2026-09-28T10:25:00Z,0.406195,0.410975,0.400805,0.409725
2026-09-28T10:25:00Z,2026-09-28T10:30:00Z,0.409935,0.413265,0.407355,0.409585
2026-09-28T10:30:00Z,2026-09-28T10:35:00Z,0.409125,0.410705,0.400295,0.401945
2026-09-28T10:35:00Z,2026-09-28T10:40:00Z,0.401965,0.411705,0.398925,0.408395
2026-09-28T10:40:00Z,2026-09-28T10:45:00Z,0.408185,0.415985,0.406545,0.412765
2026-09-28T10:45:00Z,2026-09-28T10:50:00Z,0.412895,0.427985,0.412615,0.424575
2026-09-28T10:50:00Z,2026-09-28T10:55:00Z,0.424485,0.427485,0.410525,0.410665
2026-09-28T10:55:00Z,2026-09-28T11:00:00Z,0.410755,0.414985,0.401125,0.409945
2026-09-28T11:00:00Z,2026-09-28T11:05:00Z,0.409815,0.417125,0.408505,0.415485
2026-09-28T11:05:00Z,2026-09-28T11:10:00Z,0.415755,0.416035,0.402335,0.414745
2026-09-28T11:10:00Z,2026-09-28T11:15:00Z,0.414995,0.415235,0.403485,0.407055
2026-09-28T11:15:00Z,2026-09-28T11:20:00Z,0.407235,0.409075,0.402595,0.405265
2026-09-28T11:20:00Z,2026-09-28T11:25:00Z,0.405105,0.407825,0.392585,0.397135
2026-09-28T11:25:00Z,2026-09-28T11:30:00Z,0.396765,0.404665,0.391855,0.401595
2026-09-28T11:30:00Z,2026-09-28T11:35:00Z,0.401785,0.404295,0.395515,0.396925
2026-09-28T11:35:00Z,2026-09-28T11:40:00Z,0.396875,0.402695,0.391215,0.392165
2026-09-28T11:40:00Z,2026-09-28T11:45:00Z,0.392255,0.393955,0.386375,0.392755
2026-09-28T11:45:00Z,2026-09-28T11:50:00Z,0.392735,0.399205,0.390645,0.391465
2026-09-28T11:50:00Z,2026-09-28T11:55:00Z,0.390515,0.392215,0.378645,0.382055
2026-09-28T11:55:00Z,2026-09-28T12:00:00Z,0.382145,0.389065,0.379975,0.386065
2026-09-28T12:00:00Z,2026-09-28T12:05:00Z,0.386295,0.396325,0.385805,0.388375
2026-09-28T12:05:00Z,2026-09-28T12:10:00Z,0.388155,0.398575,0.384875,0.396215
2026-09-28T12:10:00Z,2026-09-28T12:15:00Z,0.396205,0.400965,0.387545,0.399415
2026-09-28T12:15:00Z,2026-09-28T12:20:00Z,0.399475,0.411165,0.398505,0.408835
2026-09-28T12:20:00Z,2026-09-28T12:25:00Z,0.408705,0.427095,0.408315,0.427055
2026-09-28T12:25:00Z,2026-09-28T12:30:00Z,0.427105,0.436405,0.424805,0.424975
2026-09-28T12:30:00Z,2026-09-28T12:35:00Z,0.425295,0.427995,0.414155,0.416405
2026-09-28T12:35:00Z,2026-09-28T12:40:00Z,0.416275,0.423255,0.416045,0.420535
2026-09-28T12:40:00Z,2026-09-28T12:45:00Z,0.419975,0.422615,0.411965,0.420255
2026-09-28T12:45:00Z,2026-09-28T12:50:00Z,0.420115,0.425085,0.414585,0.421215
2026-09-28T12:50:00Z,2026-09-28T12:55:00Z,0.421175,0.424895,0.416925,0.417535
2026-09-28T12:55:00Z,2026-09-28T13:00:00Z,0.417805,0.427575,0.417165,0.425115
2026-09-28T13:00:00Z,2026-09-28T13:05:00Z,0.425125,0.433075,0.417685,0.430605
2026-09-28T13:05:00Z,2026-09-28T13:10:00Z,0.430735,0.431955,0.421425,0.426285
2026-09-28T13:10:00Z,2026-09-28T13:15:00Z,0.426015,0.429445,0.421495,0.424425
2026-09-28T13:15:00Z,2026-09-28T13:20:00Z,0.425485,0.425925,0.409665,0.418805
2026-09-28T13:20:00Z,2026-09-28T13:25:00Z,0.418935,0.439095,0.417035,0.435785
2026-09-28T13:25:00Z,2026-09-28T13:30:00Z,0.435995,0.435995,0.418435,0.423425
2026-09-28T13:30:00Z,2026-09-28T13:35:00Z,0.423515,0.423945,0.406365,0.406685
2026-09-28T13:35:00Z,2026-09-28T13:40:00Z,0.406505,0.408775,0.392555,0.395515
2026-09-28T13:40:00Z,2026-09-28T13:45:00Z,0.395525,0.406445,0.394085,0.403895
2026-09-28T13:45:00Z,2026-09-28T13:50:00Z,0.404135,0.405235,0.397185,0.400985
2026-09-25T02:25:00Z,2026-09-25T02:30:00Z,0.345655,0.355235,0.340545,0.340975
2026-09-25T02:30:00Z,2026-09-25T02:35:00Z,0.340935,0.348645,0.340845,0.344225
2026-09-25T02:35:00Z,2026-09-25T02:40:00Z,0.344265,0.345175,0.339035,0.342615
2026-09-25T02:40:00Z,2026-09-25T02:45:00Z,0.342425,0.346845,0.341145,0.344135
2026-09-25T02:45:00Z,2026-09-25T02:50:00Z,0.344255,0.347295,0.336645,0.336645
2026-09-25T02:50:00Z,2026-09-25T02:55:00Z,0.336845,0.343275,0.332775,0.340685
2026-09-25T02:55:00Z,2026-09-25T03:00:00Z,0.340265,0.353315,0.339495,0.353005
2026-09-25T03:00:00Z,2026-09-25T03:05:00Z,0.352825,0.352955,0.340945,0.341585
2026-09-25T03:05:00Z,2026-09-25T03:10:00Z,0.341695,0.351345,0.340795,0.343585
2026-09-25T03:10:00Z,2026-09-25T03:15:00Z,0.343505,0.349025,0.340235,0.342535
2026-09-25T03:15:00Z,2026-09-25T03:20:00Z,0.342565,0.350835,0.341795,0.349575
2026-09-25T03:20:00Z,2026-09-25T03:25:00Z,0.349695,0.351945,0.345295,0.350595
2026-09-25T03:25:00Z,2026-09-25T03:30:00Z,0.350545,0.365015,0.349505,0.363745
2026-09-25T03:30:00Z,2026-09-25T03:35:00Z,0.363355,0.363355,0.352585,0.360115
2026-09-25T03:35:00Z,2026-09-25T03:40:00Z,0.360235,0.361305,0.351505,0.354125
2026-09-25T03:40:00Z,2026-09-25T03:45:00Z,0.354145,0.359035,0.351025,0.357545
2026-09-25T03:45:00Z,2026-09-25T03:50:00Z,0.357635,0.363805,0.354525,0.358325
2026-09-25T03:50:00Z,2026-09-25T03:55:00Z,0.357645,0.367435,0.355215,0.365145
2026-09-25T03:55:00Z,2026-09-25T04:00:00Z,0.365265,0.365995,0.350655,0.353835
2026-09-25T04:00:00Z,2026-09-25T04:05:00Z,0.353925,0.354385,0.345335,0.350145
2026-09-25T04:05:00Z,2026-09-25T04:10:00Z,0.349955,0.352325,0.344755,0.348105
2026-09-25T04:10:00Z,2026-09-25T04:15:00Z,0.348185,0.356465,0.344505,0.351605
2026-09-25T04:15:00Z,2026-09-25T04:20:00Z,0.351425,0.356145,0.344825,0.354785
2026-09-25T04:20:00Z,2026-09-25T04:25:00Z,0.354855,0.355145,0.342265,0.344035
2026-09-25T04:25:00Z,2026-09-25T04:30:00Z,0.343875,0.349085,0.341075,0.345425
2026-09-25T04:30:00Z,2026-09-25T04:35:00Z,0.345545,0.350535,0.342715,0.347495
2026-09-25T04:35:00Z,2026-09-25T04:40:00Z,0.347245,0.355795,0.346505,0.351965
2026-09-25T04:40:00Z,2026-09-25T04:45:00Z,0.351875,0.353875,0.342775,0.342775
2026-09-25T04:45:00Z,2026-09-25T04:50:00Z,0.342945,0.345645,0.336785,0.341465
2026-09-25T04:50:00Z,2026-09-25T04:55:00Z,0.341265,0.355235,0.341075,0.354955
2026-09-25T04:55:00Z,2026-09-25T05:00:00Z,0.354745,0.365885,0.354525,0.358365
2026-09-25T05:00:00Z,2026-09-25T05:05:00Z,0.358185,0.361895,0.350105,0.354135
2026-09-25T05:05:00Z,2026-09-25T05:10:00Z,0.354265,0.359205,0.349665,0.358845
2026-09-25T05:10:00Z,2026-09-25T05:15:00Z,0.359175,0.362665,0.347585,0.349195
2026-09-25T05:15:00Z,2026-09-25T05:20:00Z,0.348915,0.357955,0.341695,0.357955
2026-09-25T05:20:00Z,2026-09-25T05:25:00Z,0.357875,0.361195,0.347705,0.360725
2026-09-25T05:25:00Z,2026-09-25T05:30:00Z,0.360505,0.362095,0.347875,0.354055
2026-09-25T05:30:00Z,2026-09-25T05:35:00Z,0.353835,0.365285,0.351825,0.352825
2026-09-25T05:35:00Z,2026-09-25T05:40:00Z,0.353095,0.360845,0.349795,0.358145
2026-09-25T05:40:00Z,2026-09-25T05:45:00Z,0.358235,0.365745,0.354865,0.363945
2026-09-25T05:45:00Z,2026-09-25T05:50:00Z,0.364155,0.369165,0.362505,0.367765
2026-09-25T05:50:00Z,2026-09-25T05:55:00Z,0.367785,0.385135,0.363135,0.383675
2026-09-25T05:55:00Z,2026-09-25T06:00:00Z,0.383575,0.385285,0.372095,0.372095
2026-09-25T06:00:00Z,2026-09-25T06:05:00Z,0.371905,0.385525,0.368585,0.375925
2026-09-25T06:05:00Z,2026-09-25T06:10:00Z,0.376055,0.378695,0.367855,0.378045
2026-09-25T06:10:00Z,2026-09-25T06:15:00Z,0.378015,0.379465,0.372285,0.374015
2026-09-25T06:15:00Z,2026-09-25T06:20:00Z,0.373305,0.376675,0.369185,0.372195
2026-09-25T06:20:00Z,2026-09-25T06:25:00Z,0.372255,0.382975,0.368075,0.380425
2026-09-25T06:25:00Z,2026-09-25T06:30:00Z,0.380665,0.380915,0.371725,0.372135
2026-09-25T06:30:00Z,2026-09-25T06:35:00Z,0.372395,0.385915,0.371395,0.385915
2026-09-25T06:35:00Z,2026-09-25T06:40:00Z,0.385765,0.393645,0.383345,0.386435
2026-09-25T06:40:00Z,2026-09-25T06:45:00Z,0.386805,0.387235,0.373425,0.374615
2026-09-25T06:45:00Z,2026-09-25T06:50:00Z,0.374695,0.380825,0.370775,0.373295
2026-09-25T06:50:00Z,2026-09-25T06:55:00Z,0.373355,0.376855,0.369485,0.374675
2026-09-25T06:55:00Z,2026-09-25T07:00:00Z,0.374735,0.390515,0.374645,0.388725
2026-09-25T07:00:00Z,2026-09-25T07:05:00Z,0.388685,0.392825,0.384235,0.387905
2026-09-25T07:05:00Z,2026-09-25T07:10:00Z,0.387765,0.400805,0.386715,0.400555
2026-09-25T07:10:00Z,2026-09-25T07:15:00Z,0.400605,0.401165,0.392695,0.398345
2026-09-25T07:15:00Z,2026-09-25T07:20:00Z,0.398195,0.399505,0.388395,0.390385
2026-09-25T07:20:00Z,2026-09-25T07:25:00Z,0.390205,0.393245,0.377905,0.380515
2026-09-25T07:25:00Z,2026-09-25T07:30:00Z,0.379985,0.385505,0.373655,0.384615
2026-09-25T07:30:00Z,2026-09-25T07:35:00Z,0.384605,0.392305,0.381515,0.382295
2026-09-25T07:35:00Z,2026-09-25T07:40:00Z,0.381785,0.386655,0.376665,0.378315
2026-09-25T07:40:00Z,2026-09-25T07:45:00Z,0.377785,0.383215,0.370925,0.371905
2026-09-25T07:45:00Z,2026-09-25T07:50:00Z,0.371885,0.372115,0.364495,0.366255
2026-09-25T07:50:00Z,2026-09-25T07:55:00Z,0.366355,0.373235,0.366125,0.372035
2026-09-25T07:55:00Z,2026-09-25T08:00:00Z,0.372665,0.378125,0.366325,0.373055
2026-09-25T08:00:00Z,2026-09-25T08:05:00Z,0.372595,0.372925,0.361785,0.363555
2026-09-25T08:05:00Z,2026-09-25T08:10:00Z,0.363775,0.366935,0.357565,0.361405
2026-09-25T08:10:00Z,2026-09-25T08:15:00Z,0.361185,0.371905,0.360375,0.369365
2026-09-25T08:15:00Z,2026-09-25T08:20:00Z,0.369505,0.376175,0.364125,0.373135
2026-09-25T08:20:00Z,2026-09-25T08:25:00Z,0.373195,0.381925,0.368805,0.377235
2026-09-25T08:25:00Z,2026-09-25T08:30:00Z,0.377125,0.381015,0.372895,0.380465
2026-09-25T08:30:00Z,2026-09-25T08:35:00Z,0.380675,0.383525,0.371785,0.376605
2026-09-25T08:35:00Z,2026-09-25T08:40:00Z,0.377055,0.378965,0.371415,0.375735
2026-09-25T08:40:00Z,2026-09-25T08:45:00Z,0.375675,0.381895,0.368815,0.370885
2026-09-25T08:45:00Z,2026-09-25T08:50:00Z,0.370805,0.375605,0.364725,0.370405
2026-09-25T08:50:00Z,2026-09-25T08:55:00Z,0.370215,0.371075,0.362615,0.366465
2026-09-25T08:55:00Z,2026-09-25T09:00:00Z,0.366625,0.377795,0.364955,0.372295
2026-09-25T09:00:00Z,2026-09-25T09:05:00Z,0.372505,0.372725,0.364965,0.371175
2026-09-25T09:05:00Z,2026-09-25T09:10:00Z,0.371155,0.371345,0.358705,0.359585
2026-09-25T09:10:00Z,2026-09-25T09:15:00Z,0.359655,0.364095,0.351835,0.354175
2026-09-25T09:15:00Z,2026-09-25T09:20:00Z,0.354005,0.367345,0.352445,0.360795
2026-09-25T09:20:00Z,2026-09-25T09:25:00Z,0.360685,0.366185,0.355385,0.365135
2026-09-25T09:25:00Z,2026-09-25T09:30:00Z,0.365365,0.371465,0.359825,0.363295
2026-09-25T09:30:00Z,2026-09-25T09:35:00Z,0.363215,0.373145,0.362245,0.363385
2026-09-25T09:35:00Z,2026-09-25T09:40:00Z,0.363455,0.367955,0.358145,0.359145
2026-09-25T09:40:00Z,2026-09-25T09:45:00Z,0.359195,0.364425,0.354615,0.355145
2026-09-25T09:45:00Z,2026-09-25T09:50:00Z,0.354935,0.356105,0.348175,0.350305
2026-09-25T09:50:00Z,2026-09-25T09:55:00Z,0.350605,0.356925,0.350165,0.356475
2026-09-25T09:55:00Z,2026-09-25T10:00:00Z,0.355835,0.358405,0.349915,0.350755
2026-09-25T10:00:00Z,2026-09-25T10:05:00Z,0.350785,0.366825,0.349075,0.362845
2026-09-25T10:05:00Z,2026-09-25T10:10:00Z,0.362965,0.365505,0.357495,0.359325
2026-09-25T10:10:00Z,2026-09-25T10:15:00Z,0.359435,0.362455,0.354185,0.359125
2026-09-25T10:15:00Z,2026-09-25T10:20:00Z,0.358505,0.370155,0.356405,0.367885
2026-09-25T10:20:00Z,2026-09-25T10:25:00Z,0.368075,0.376155,0.366045,0.372755
2026-09-25T10:25:00Z,2026-09-25T10:30:00Z,0.372535,0.377325,0.368545,0.376475
2026-09-25T10:30:00Z,2026-09-25T10:35:00Z,0.376595,0.380065,0.373335,0.375095
2026-09-25T10:35:00Z,2026-09-25T10:40:00Z,0.374855,0.377165,0.364865,0.366195
2026-09-25T10:40:00Z,2026-09-25T10:45:00Z,0.366215,0.374335,0.361895,0.362495
2026-09-25T10:45:00Z,2026-09-25T10:50:00Z,0.362275,0.375375,0.360245,0.370305
2026-09-25T10:50:00Z,2026-09-25T10:55:00Z,0.370555,0.371405,0.364975,0.365775
2026-09-25T10:55:00Z,2026-09-25T11:00:00Z,0.365665,0.367275,0.359585,0.363175
2026-09-25T11:00:00Z,2026-09-25T11:05:00Z,0.363105,0.367875,0.361945,0.366015
2026-09-25T11:05:00Z,2026-09-25T11:10:00Z,0.366135,0.381615,0.366005,0.381295
2026-09-25T11:10:00Z,2026-09-25T11:15:00Z,0.381185,0.384525,0.370305,0.374365
2026-09-25T11:15:00Z,2026-09-25T11:20:00Z,0.374575,0.375035,0.369065,0.373725
2026-09-25T11:20:00Z,2026-09-25T11:25:00Z,0.374195,0.385295,0.373875,0.377435
2026-09-25T11:25:00Z,2026-09-25T11:30:00Z,0.377645,0.383325,0.372825,0.373825
2026-09-25T11:30:00Z,2026-09-25T11:35:00Z,0.373915,0.380745,0.371085,0.379445
2026-09-25T11:35:00Z,2026-09-25T11:40:00Z,0.378975,0.385145,0.376735,0.381445
2026-09-25T11:40:00Z,2026-09-25T11:45:00Z,0.381415,0.382205,0.370885,0.376275
2026-09-25T11:45:00Z,2026-09-25T11:50:00Z,0.376075,0.382755,0.374575,0.375655
2026-09-25T11:50:00Z,2026-09-25T11:55:00Z,0.375815,0.387125,0.374985,0.383365
2026-09-25T11:55:00Z,2026-09-25T12:00:00Z,0.383145,0.387945,0.372705,0.373975
2026-09-25T12:00:00Z,2026-09-25T12:05:00Z,0.373925,0.374395,0.362155,0.369685
2026-09-25T12:05:00Z,2026-09-25T12:10:00Z,0.369445,0.376495,0.367845,0.376465
2026-09-25T12:10:00Z,2026-09-25T12:15:00Z,0.376285,0.389755,0.373605,0.384305
2026-09-25T12:15:00Z,2026-09-25T12:20:00Z,0.384365,0.388295,0.381785,0.387085
2026-09-25T12:20:00Z,2026-09-25T12:25:00Z,0.387265,0.403845,0.387265,0.400795
2026-09-25T12:25:00Z,2026-09-25T12:30:00Z,0.400595,0.403685,0.396015,0.400715
2026-09-25T12:30:00Z,2026-09-25T12:35:00Z,0.400555,0.405065,0.390205,0.398805
2026-09-25T12:35:00Z,2026-09-25T12:40:00Z,0.398795,0.410565,0.395005,0.410125
2026-09-25T12:40:00Z,2026-09-25T12:45:00Z,0.410385,0.424415,0.410385,0.421225
2026-09-25T12:45:00Z,2026-09-25T12:50:00Z,0.421355,0.423705,0.409215,0.409575
2026-09-25T12:50:00Z,2026-09-25T12:55:00Z,0.410125,0.414755,0.402925,0.402995
2026-09-25T12:55:00Z,2026-09-25T13:00:00Z,0.403215,0.412575,0.403215,0.405955
2026-09-25T13:00:00Z,2026-09-25T13:05:00Z,0.405695,0.406305,0.396305,0.396875
2026-09-25T13:05:00Z,2026-09-25T13:10:00Z,0.397045,0.398085,0.379305,0.382405
2026-09-25T13:10:00Z,2026-09-25T13:15:00Z,0.381755,0.396035,0.380335,0.391915
2026-09-25T13:15:00Z,2026-09-25T13:20:00Z,0.391705,0.412615,0.389575,0.409905
2026-09-25T13:20:00Z,2026-09-25T13:25:00Z,0.409875,0.414615,0.404815,0.405025
2026-09-25T13:25:00Z,2026-09-25T13:30:00Z,0.404915,0.405675,0.396985,0.400925
2026-09-25T13:30:00Z,2026-09-25T13:35:00Z,0.400725,0.400845,0.383305,0.386855
2026-09-25T13:35:00Z,2026-09-25T13:40:00Z,0.387015,0.394445,0.386245,0.388055
2026-09-25T13:40:00Z,2026-09-25T13:45:00Z,0.388175,0.388295,0.372665,0.374175
2026-09-25T13:45:00Z,2026-09-25T13:50:00Z,0.374755,0.377965,0.365505,0.370635
2026-09-25T13:50:00Z,2026-09-25T13:55:00Z,0.370875,0.372585,0.363885,0.365965
2026-09-25T13:55:00Z,2026-09-25T14:00:00Z,0.366165,0.367955,0.358175,0.364185
2026-09-25T14:00:00Z,2026-09-25T14:05:00Z,0.364355,0.369825,0.360475,0.369435
2026-09-25T14:05:00Z,2026-09-25T14:10:00Z,0.369245,0.378885,0.368035,0.377815
2026-09-25T14:10:00Z,2026-09-25T14:15:00Z,0.378045,0.379265,0.368365,0.369135
2026-09-25T14:15:00Z,2026-09-25T14:20:00Z,0.369295,0.371905,0.362105,0.371445
2026-09-25T14:20:00Z,2026-09-25T14:25:00Z,0.371325,0.373455,0.361575,0.361575
2026-09-25T14:25:00Z,2026-09-25T14:30:00Z,0.361645,0.369685,0.361085,0.365785
2026-09-25T14:30:00Z,2026-09-25T14:35:00Z,0.365985,0.373905,0.362135,0.371745
2026-09-25T14:35:00Z,2026-09-25T14:40:00Z,0.371135,0.377295,0.366365,0.376815
2026-09-25T14:40:00Z,2026-09-25T14:45:00Z,0.376915,0.388745,0.376545,0.388635
2026-09-25T14:45:00Z,2026-09-25T14:50:00Z,0.388005,0.388925,0.375955,0.384235
2026-09-25T14:50:00Z,2026-09-25T14:55:00Z,0.384125,0.386595,0.373145,0.375545
2026-09-25T14:55:00Z,2026-09-25T15:00:00Z,0.375755,0.379195,0.363845,0.370975
2026-09-25T15:00:00Z,2026-09-25T15:05:00Z,0.370845,0.374015,0.367155,0.369425
2026-09-25T15:05:00Z,2026-09-25T15:10:00Z,0.369295,0.376065,0.366805,0.375585
2026-09-25T15:10:00Z,2026-09-25T15:15:00Z,0.375775,0.386405,0.375375,0.381355
2026-09-25T15:15:00Z,2026-09-25T15:20:00Z,0.381425,0.394165,0.381305,0.388225
2026-09-25T15:20:00Z,2026-09-25T15:25:00Z,0.388005,0.388005,0.379985,0.380645
2026-09-25T15:25:00Z,2026-09-25T15:30:00Z,0.380435,0.383905,0.372775,0.373305
2026-09-25T15:30:00Z,2026-09-25T15:35:00Z,0.373525,0.384095,0.369695,0.369695
2026-09-25T15:35:00Z,2026-09-25T15:40:00Z,0.369465,0.374325,0.362285,0.373695
2026-09-25T15:40:00Z,2026-09-25T15:45:00Z,0.374255,0.387665,0.369795,0.383165
2026-09-25T15:45:00Z,2026-09-25T15:50:00Z,0.383655,0.390335,0.380465,0.382815
2026-09-25T15:50:00Z,2026-09-25T15:55:00Z,0.382905,0.388295,0.375635,0.384795
2026-09-25T15:55:00Z,2026-09-25T16:00:00Z,0.385015,0.395785,0.384865,0.386075
2026-09-25T16:00:00Z,2026-09-25T16:05:00Z,0.386265,0.386695,0.378425,0.381555
2026-09-25T16:05:00Z,2026-09-25T16:10:00Z,0.380985,0.391575,0.379765,0.391475
2026-09-25T16:10:00Z,2026-09-25T16:15:00Z,0.391715,0.394935,0.386635,0.387525
2026-09-25T16:15:00Z,2026-09-25T16:20:00Z,0.387405,0.401245,0.385385,0.397555
2026-09-25T16:20:00Z,2026-09-25T16:25:00Z,0.397475,0.405545,0.395765,0.401295
2026-09-25T16:25:00Z,2026-09-25T16:30:00Z,0.401225,0.402275,0.379555,0.381435
2026-09-25T16:30:00Z,2026-09-25T16:35:00Z,0.381375,0.391565,0.381225,0.381805
2026-09-25T16:35:00Z,2026-09-25T16:40:00Z,0.381615,0.384395,0.371035,0.371535
2026-09-25T16:40:00Z,2026-09-25T16:45:00Z,0.371695,0.374145,0.362895,0.373145
2026-09-25T16:45:00Z,2026-09-25T16:50:00Z,0.373095,0.377235,0.363775,0.364525
2026-09-25T16:50:00Z,2026-09-25T16:55:00Z,0.364295,0.371765,0.362255,0.363435
2026-09-25T16:55:00Z,2026-09-25T17:00:00Z,0.363625,0.364265,0.353835,0.354795
2026-09-25T17:00:00Z,2026-09-25T17:05:00Z,0.354815,0.363935,0.352075,0.363855
2026-09-25T17:05:00Z,2026-09-25T17:10:00Z,0.363965,0.372155,0.360775,0.371855
2026-09-25T17:10:00Z,2026-09-25T17:15:00Z,0.371635,0.374365,0.363755,0.367445
2026-09-25T17:15:00Z,2026-09-25T17:20:00Z,0.367565,0.380035,0.365055,0.375425
2026-09-25T17:20:00Z,2026-09-25T17:25:00Z,0.375435,0.384535,0.369565,0.384275
2026-09-25T17:25:00Z,2026-09-25T17:30:00Z,0.383865,0.384175,0.369565,0.371745
2026-09-25T17:30:00Z,2026-09-25T17:35:00Z,0.371905,0.375975,0.366795,0.367985
2026-09-25T17:35:00Z,2026-09-25T17:40:00Z,0.368095,0.368935,0.360835,0.364955
2026-09-25T17:40:00Z,2026-09-25T17:45:00Z,0.364745,0.374745,0.364155,0.369075
2026-09-25T17:45:00Z,2026-09-25T17:50:00Z,0.368915,0.379995,0.366665,0.378495
2026-09-25T17:50:00Z,2026-09-25T17:55:00Z,0.378765,0.379855,0.368205,0.368765
2026-09-25T17:55:00Z,2026-09-25T18:00:00Z,0.368845,0.371985,0.362615,0.363445
2026-09-25T18:00:00Z,2026-09-25T18:05:00Z,0.363315,0.365515,0.357945,0.357945
2026-09-25T18:05:00Z,2026-09-25T18:10:00Z,0.358085,0.369605,0.354495,0.368735
2026-09-25T18:10:00Z,2026-09-25T18:15:00Z,0.368335,0.368875,0.356715,0.357325
2026-09-25T18:15:00Z,2026-09-25T18:20:00Z,0.357375,0.357565,0.349835,0.354875
2026-09-25T18:20:00Z,2026-09-25T18:25:00Z,0.355075,0.356675,0.349275,0.353405
2026-09-25T18:25:00Z,2026-09-25T18:30:00Z,0.353425,0.354965,0.344825,0.351965
2026-09-25T18:30:00Z,2026-09-25T18:35:00Z,0.351825,0.359115,0.349115,0.358055
2026-09-25T18:35:00Z,2026-09-25T18:40:00Z,0.357875,0.361115,0.351405,0.359815
2026-09-25T18:40:00Z,2026-09-25T18:45:00Z,0.360255,0.362105,0.352765,0.357515
2026-09-25T18:45:00Z,2026-09-25T18:50:00Z,0.357655,0.364975,0.355625,0.357175
2026-09-25T18:50:00Z,2026-09-25T18:55:00Z,0.357065,0.375295,0.354745,0.373295
2026-09-25T18:55:00Z,2026-09-25T19:00:00Z,0.373225,0.380895,0.363755,0.379875
2026-09-25T19:00:00Z,2026-09-25T19:05:00Z,0.379615,0.387965,0.377815,0.386735
2026-09-25T19:05:00Z,2026-09-25T19:10:00Z,0.386845,0.400875,0.383515,0.399525
2026-09-25T19:10:00Z,2026-09-25T19:15:00Z,0.399485,0.415475,0.397055,0.413445
2026-09-25T19:15:00Z,2026-09-25T19:20:00Z,0.413555,0.419205,0.404095,0.411215
2026-09-25T19:20:00Z,2026-09-25T19:25:00Z,0.411125,0.416875,0.408765,0.415675
2026-09-25T19:25:00Z,2026-09-25T19:30:00Z,0.415485,0.418255,0.401785,0.410045
2026-09-25T19:30:00Z,2026-09-25T19:35:00Z,0.409925,0.412825,0.395585,0.399095
2026-09-25T19:35:00Z,2026-09-25T19:40:00Z,0.398325,0.398475,0.383585,0.384445
2026-09-25T19:40:00Z,2026-09-25T19:45:00Z,0.384685,0.397095,0.383735,0.390765
2026-09-25T19:45:00Z,2026-09-25T19:50:00Z,0.390565,0.391495,0.378545,0.380155
2026-09-25T19:50:00Z,2026-09-25T19:55:00Z,0.379755,0.387385,0.377635,0.382885
2026-09-25T19:55:00Z,2026-09-25T20:00:00Z,0.382965,0.389265,0.378825,0.388735
2026-09-25T20:00:00Z,2026-09-25T20:05:00Z,0.388855,0.391795,0.386465,0.390065
2026-09-25T20:05:00Z,2026-09-25T20:10:00Z,0.389855,0.390625,0.374715,0.375575
2026-09-25T20:10:00Z,2026-09-25T20:15:00Z,0.375345,0.388395,0.372845,0.388215
2026-09-25T20:15:00Z,2026-09-25T20:20:00Z,0.388085,0.388715,0.379875,0.383585
2026-09-25T20:20:00Z,2026-09-25T20:25:00Z,0.384045,0.384045,0.369355,0.376185
2026-09-25T20:25:00Z,2026-09-25T20:30:00Z,0.376205,0.378645,0.369665,0.376595
2026-09-25T20:30:00Z,2026-09-25T20:35:00Z,0.376785,0.390025,0.375485,0.380375
2026-09-25T20:35:00Z,2026-09-25T20:40:00Z,0.380225,0.386055,0.377695,0.385045
2026-09-25T20:40:00Z,2026-09-25T20:45:00Z,0.384825,0.389955,0.383185,0.386465
2026-09-25T20:50:00Z,2026-09-25T20:55:00Z,0.386465,0.386465,0.334615,0.336065
2026-09-25T20:55:00Z,2026-09-25T21:00:00Z,0.336255,0.336755,0.329085,0.329465
2026-09-25T21:00:00Z,2026-09-25T21:05:00Z,0.329655,0.333245,0.324095,0.326925
2026-09-25T21:05:00Z,2026-09-25T21:10:00Z,0.327065,0.339105,0.326775,0.338905
2026-09-25T21:10:00Z,2026-09-25T21:15:00Z,0.338715,0.344675,0.338035,0.339925
2026-09-25T21:15:00Z,2026-09-25T21:20:00Z,0.339945,0.358595,0.339615,0.358175
2026-09-25T21:20:00Z,2026-09-25T21:25:00Z,0.357945,0.360755,0.349685,0.352475
2026-09-25T21:25:00Z,2026-09-25T21:30:00Z,0.352485,0.365375,0.351795,0.362855
2026-09-25T21:30:00Z,2026-09-25T21:35:00Z,0.362905,0.368855,0.356665,0.357955
2026-09-25T21:35:00Z,2026-09-25T21:40:00Z,0.358035,0.361375,0.350745,0.361375
2026-09-25T21:40:00Z,2026-09-25T21:45:00Z,0.361215,0.363985,0.338805,0.339955
2026-09-25T21:45:00Z,2026-09-25T21:50:00Z,0.339755,0.348835,0.337025,0.346475
2026-09-25T21:50:00Z,2026-09-25T21:55:00Z,0.346485,0.347395,0.331035,0.332085
2026-09-25T21:55:00Z,2026-09-25T22:00:00Z,0.331785,0.333405,0.324165,0.328925
2026-09-25T22:00:00Z,2026-09-25T22:05:00Z,0.328975,0.339275,0.328975,0.337775
2026-09-25T22:05:00Z,2026-09-25T22:10:00Z,0.338175,0.339555,0.326295,0.329365
2026-09-25T22:10:00Z,2026-09-25T22:15:00Z,0.329305,0.330045,0.324965,0.327785
2026-09-25T22:15:00Z,2026-09-25T22:20:00Z,0.327615,0.332535,0.325535,0.331115
2026-09-25T22:20:00Z,2026-09-25T22:25:00Z,0.331315,0.332025,0.320885,0.323135
2026-09-25T22:25:00Z,2026-09-25T22:30:00Z,0.323025,0.324455,0.312805,0.314515
2026-09-25T22:30:00Z,2026-09-25T22:35:00Z,0.314585,0.326625,0.313925,0.323935
2026-09-25T22:35:00Z,2026-09-25T22:40:00Z,0.323355,0.324695,0.317675,0.320805
2026-09-25T22:40:00Z,2026-09-25T22:45:00Z,0.320665,0.324095,0.316595,0.317685
2026-09-25T22:45:00Z,2026-09-25T22:50:00Z,0.317895,0.330925,0.317145,0.330825
2026-09-25T22:50:00Z,2026-09-25T22:55:00Z,0.330775,0.339645,0.329315,0.337365
2026-09-25T22:55:00Z,2026-09-25T23:00:00Z,0.337445,0.341745,0.330285,0.332665
2026-09-25T23:00:00Z,2026-09-25T23:05:00Z,0.332755,0.335715,0.322275,0.322405
2026-09-25T23:05:00Z,2026-09-25T23:10:00Z,0.322375,0.329635,0.316185,0.325555
2026-09-25T23:10:00Z,2026-09-25T23:15:00Z,0.326025,0.331465,0.323805,0.324325
2026-09-25T23:15:00Z,2026-09-25T23:20:00Z,0.324375,0.330725,0.320145,0.320185
2026-09-25T23:20:00Z,2026-09-25T23:25:00Z,0.320095,0.327225,0.318615,0.323195
2026-09-25T23:25:00Z,2026-09-25T23:30:00Z,0.323015,0.326705,0.318085,0.321085
2026-09-25T23:30:00Z,2026-09-25T23:35:00Z,0.321275,0.325695,0.319965,0.323545
2026-09-25T23:35:00Z,2026-09-25T23:40:00Z,0.323395,0.330135,0.319995,0.327585
2026-09-25T23:40:00Z,2026-09-25T23:45:00Z,0.327715,0.339675,0.327575,0.337685
2026-09-25T23:45:00Z,2026-09-25T23:50:00Z,0.337755,0.342915,0.326285,0.328575
2026-09-25T23:50:00Z,2026-09-25T23:55:00Z,0.328435,0.330285,0.322625,0.327995
2026-09-25T23:55:00Z,2026-09-26T00:00:00Z,0.328195,0.329535,0.321605,0.328215
2026-09-26T00:00:00Z,2026-09-26T00:05:00Z,0.328145,0.329715,0.321285,0.323225
2026-09-26T00:05:00Z,2026-09-26T00:10:00Z,0.323085,0.332745,0.322515,0.328895
2026-09-26T00:10:00Z,2026-09-26T00:15:00Z,0.328695,0.333725,0.326825,0.331835
2026-09-26T00:15:00Z,2026-09-26T00:20:00Z,0.331775,0.339765,0.328955,0.339765
2026-09-26T00:20:00Z,2026-09-26T00:25:00Z,0.339925,0.351145,0.335615,0.349135
2026-09-26T00:25:00Z,2026-09-26T00:30:00Z,0.349305,0.350775,0.335795,0.336505
2026-09-26T00:30:00Z,2026-09-26T00:35:00Z,0.337065,0.341505,0.328545,0.328545
2026-09-26T00:35:00Z,2026-09-26T00:40:00Z,0.328515,0.335305,0.325545,0.334545
2026-09-26T00:40:00Z,2026-09-26T00:45:00Z,0.334565,0.339805,0.328055,0.328055
2026-09-26T00:45:00Z,2026-09-26T00:50:00Z,0.328105,0.331175,0.319595,0.330065
2026-09-26T00:50:00Z,2026-09-26T00:55:00Z,0.329685,0.333685,0.324525,0.326985
2026-09-26T00:55:00Z,2026-09-26T01:00:00Z,0.327365,0.339405,0.324495,0.333515
2026-09-26T01:00:00Z,2026-09-26T01:05:00Z,0.333625,0.337685,0.327395,0.330445
2026-09-26T01:05:00Z,2026-09-26T01:10:00Z,0.330855,0.334045,0.326015,0.329925
2026-09-26T01:10:00Z,2026-09-26T01:15:00Z,0.330035,0.337925,0.329485,0.334345
2026-09-26T01:15:00Z,2026-09-26T01:20:00Z,0.333955,0.355325,0.333955,0.351935
2026-09-26T01:20:00Z,2026-09-26T01:25:00Z,0.351535,0.353945,0.343445,0.345285
2026-09-26T01:25:00Z,2026-09-26T01:30:00Z,0.345785,0.352395,0.345175,0.351765
2026-09-26T01:30:00Z,2026-09-26T01:35:00Z,0.351905,0.352065,0.343505,0.349765
2026-09-26T01:35:00Z,2026-09-26T01:40:00Z,0.349565,0.352095,0.340395,0.340585
2026-09-26T01:40:00Z,2026-09-26T01:45:00Z,0.340815,0.350795,0.339275,0.348075
2026-09-26T01:45:00Z,2026-09-26T01:50:00Z,0.347955,0.354995,0.345415,0.349835
2026-09-26T01:50:00Z,2026-09-26T01:55:00Z,0.349195,0.361455,0.345955,0.357675
2026-09-26T01:55:00Z,2026-09-26T02:00:00Z,0.357635,0.374835,0.357135,0.374735
2026-09-26T02:00:00Z,2026-09-26T02:05:00Z,0.374965,0.383385,0.372505,0.381945
2026-09-26T02:05:00Z,2026-09-26T02:10:00Z,0.382135,0.384285,0.373845,0.380215
2026-09-26T02:10:00Z,2026-09-26T02:15:00Z,0.380125,0.383905,0.374795,0.377785
2026-09-26T02:15:00Z,2026-09-26T02:20:00Z,0.377555,0.381395,0.372675,0.378765
2026-09-26T02:20:00Z,2026-09-26T02:25:00Z,0.378775,0.391185,0.375385,0.375385
2026-09-26T02:25:00Z,2026-09-26T02:30:00Z,0.375605,0.381945,0.372545,0.373975
2026-09-26T02:30:00Z,2026-09-26T02:35:00Z,0.373565,0.382555,0.373165,0.379985
2026-09-26T02:35:00Z,2026-09-26T02:40:00Z,0.380025,0.386655,0.374945,0.386655
2026-09-26T02:40:00Z,2026-09-26T02:45:00Z,0.386845,0.390475,0.381485,0.384425
2026-09-26T02:45:00Z,2026-09-26T02:50:00Z,0.384505,0.394205,0.383775,0.391005
2026-09-26T02:50:00Z,2026-09-26T02:55:00Z,0.391225,0.397995,0.389625,0.394055
2026-09-26T02:55:00Z,2026-09-26T03:00:00Z,0.394155,0.394525,0.372895,0.376505
2026-09-26T03:00:00Z,2026-09-26T03:05:00Z,0.376335,0.377145,0.365525,0.371515
2026-09-26T03:05:00Z,2026-09-26T03:10:00Z,0.371535,0.374925,0.369145,0.373895
2026-09-26T03:10:00Z,2026-09-26T03:15:00Z,0.373845,0.383025,0.368285,0.383025
2026-09-26T03:15:00Z,2026-09-26T03:20:00Z,0.382825,0.390085,0.378985,0.381905
2026-09-26T03:20:00Z,2026-09-26T03:25:00Z,0.382025,0.397315,0.380505,0.396005
2026-09-26T03:25:00Z,2026-09-26T03:30:00Z,0.395835,0.401835,0.391085,0.395605
2026-09-26T03:30:00Z,2026-09-26T03:35:00Z,0.394865,0.403015,0.391515,0.400915
2026-09-26T03:35:00Z,2026-09-26T03:40:00Z,0.401105,0.405505,0.392495,0.392495
2026-09-26T03:40:00Z,2026-09-26T03:45:00Z,0.392485,0.402785,0.392285,0.397065
2026-09-26T03:45:00Z,2026-09-26T03:50:00Z,0.397115,0.399875,0.389125,0.398125
2026-09-26T03:50:00Z,2026-09-26T03:55:00Z,0.398325,0.405005,0.395965,0.401005
2026-09-26T03:55:00Z,2026-09-26T04:00:00Z,0.401235,0.405605,0.391335,0.392295
2026-09-26T04:00:00Z,2026-09-26T04:05:00Z,0.392185,0.395815,0.381655,0.384625
2026-09-26T04:05:00Z,2026-09-26T04:10:00Z,0.384515,0.387525,0.378825,0.381655
2026-09-26T04:10:00Z,2026-09-26T04:15:00Z,0.381435,0.388005,0.378535,0.380895
2026-09-26T04:15:00Z,2026-09-26T04:20:00Z,0.380735,0.382505,0.372315,0.373655
2026-09-26T04:20:00Z,2026-09-26T04:25:00Z,0.373625,0.388415,0.373455,0.382195
2026-09-26T04:25:00Z,2026-09-26T04:30:00Z,0.382205,0.383715,0.373685,0.374215
2026-09-26T04:30:00Z,2026-09-26T04:35:00Z,0.374155,0.385155,0.372295,0.372335
2026-09-26T04:35:00Z,2026-09-26T04:40:00Z,0.372115,0.383155,0.371985,0.381095
2026-09-26T04:40:00Z,2026-09-26T04:45:00Z,0.381215,0.383245,0.373765,0.377845
2026-09-26T04:45:00Z,2026-09-26T04:50:00Z,0.378025,0.379365,0.360545,0.361195
2026-09-26T04:50:00Z,2026-09-26T04:55:00Z,0.360975,0.366835,0.355055,0.363045
2026-09-26T04:55:00Z,2026-09-26T05:00:00Z,0.362955,0.365475,0.355285,0.364175
2026-09-26T05:00:00Z,2026-09-26T05:05:00Z,0.364315,0.368105,0.353715,0.359235
2026-09-26T05:05:00Z,2026-09-26T05:10:00Z,0.359075,0.363435,0.352015,0.352115
2026-09-26T05:10:00Z,2026-09-26T05:15:00Z,0.351975,0.366985,0.349995,0.365585
2026-09-26T05:15:00Z,2026-09-26T05:20:00Z,0.365515,0.365515,0.353345,0.356885
2026-09-26T05:20:00Z,2026-09-26T05:25:00Z,0.357385,0.374575,0.356145,0.366955
2026-09-26T05:25:00Z,2026-09-26T05:30:00Z,0.366765,0.375705,0.366525,0.374865
2026-09-26T05:30:00Z,2026-09-26T05:35:00Z,0.374705,0.376695,0.367265,0.370825
2026-09-26T05:35:00Z,2026-09-26T05:40:00Z,0.370965,0.387265,0.369495,0.383985
2026-09-26T05:40:00Z,2026-09-26T05:45:00Z,0.384195,0.386105,0.375915,0.382605
2026-09-26T05:45:00Z,2026-09-26T05:50:00Z,0.382425,0.382755,0.365015,0.367635
2026-09-26T05:50:00Z,2026-09-26T05:55:00Z,0.367645,0.369325,0.362525,0.363715
2026-09-26T05:55:00Z,2026-09-26T06:00:00Z,0.363685,0.370175,0.360765,0.370175
2026-09-26T06:00:00Z,2026-09-26T06:05:00Z,0.370115,0.380185,0.364305,0.379705
2026-09-26T06:05:00Z,2026-09-26T06:10:00Z,0.379555,0.390845,0.377355,0.382805
2026-09-26T06:10:00Z,2026-09-26T06:15:00Z,0.382745,0.383365,0.371875,0.376045
2026-09-26T06:15:00Z,2026-09-26T06:20:00Z,0.376005,0.385995,0.375615,0.380785
2026-09-26T06:20:00Z,2026-09-26T06:25:00Z,0.380955,0.381465,0.373575,0.375395
2026-09-26T06:25:00Z,2026-09-26T06:30:00Z,0.375405,0.379605,0.368565,0.368645
2026-09-26T06:30:00Z,2026-09-26T06:35:00Z,0.368575,0.374775,0.363535,0.366985
2026-09-26T06:35:00Z,2026-09-26T06:40:00Z,0.367085,0.368745,0.359085,0.359235
2026-09-26T06:40:00Z,2026-09-26T06:45:00Z,0.359465,0.362065,0.353125,0.361155
2026-09-26T06:45:00Z,2026-09-26T06:50:00Z,0.360985,0.367885,0.359715,0.365405
2026-09-26T06:50:00Z,2026-09-26T06:55:00Z,0.365415,0.370455,0.359185,0.369335
2026-09-26T06:55:00Z,2026-09-26T07:00:00Z,0.369575,0.374315,0.365725,0.368775
2026-09-26T07:00:00Z,2026-09-26T07:05:00Z,0.368565,0.368565,0.353795,0.361355
2026-09-26T07:05:00Z,2026-09-26T07:10:00Z,0.361125,0.365475,0.354945,0.356565
2026-09-26T07:10:00Z,2026-09-26T07:15:00Z,0.356625,0.360595,0.347875,0.350845
2026-09-26T07:15:00Z,2026-09-26T07:20:00Z,0.350665,0.351225,0.333755,0.337055
2026-09-26T07:20:00Z,2026-09-26T07:25:00Z,0.337145,0.343495,0.332185,0.343495
2026-09-26T07:25:00Z,2026-09-26T07:30:00Z,0.344015,0.344435,0.334705,0.339045
2026-09-26T07:30:00Z,2026-09-26T07:35:00Z,0.338455,0.340645,0.331365,0.333375
2026-09-26T07:35:00Z,2026-09-26T07:40:00Z,0.333245,0.335055,0.322095,0.322395
2026-09-26T07:40:00Z,2026-09-26T07:45:00Z,0.322315,0.338205,0.322065,0.335605
2026-09-26T07:45:00Z,2026-09-26T07:50:00Z,0.335525,0.335525,0.327725,0.330005
2026-09-26T07:50:00Z,2026-09-26T07:55:00Z,0.330305,0.335805,0.324365,0.328115
2026-09-26T07:55:00Z,2026-09-26T08:00:00Z,0.328285,0.328305,0.320705,0.323965
2026-09-26T08:00:00Z,2026-09-26T08:05:00Z,0.323915,0.325745,0.319555,0.321995
2026-09-26T08:05:00Z,2026-09-26T08:10:00Z,0.321815,0.322835,0.309875,0.312835
2026-09-26T08:10:00Z,2026-09-26T08:15:00Z,0.312975,0.315585,0.308165,0.312255
2026-09-26T08:15:00Z,2026-09-26T08:20:00Z,0.312335,0.317225,0.311215,0.315595
2026-09-26T08:20:00Z,2026-09-26T08:25:00Z,0.316135,0.321525,0.315525,0.316165
2026-09-26T08:25:00Z,2026-09-26T08:30:00Z,0.316025,0.324465,0.312635,0.315375
2026-09-26T08:30:00Z,2026-09-26T08:35:00Z,0.315235,0.318275,0.308045,0.316775
2026-09-26T08:35:00Z,2026-09-26T08:40:00Z,0.316855,0.320505,0.312145,0.313065
2026-09-26T08:40:00Z,2026-09-26T08:45:00Z,0.312645,0.313205,0.302385,0.303605
2026-09-26T08:45:00Z,2026-09-26T08:50:00Z,0.303765,0.306765,0.297685,0.299395
2026-09-26T08:50:00Z,2026-09-26T08:55:00Z,0.299385,0.304775,0.295825,0.302075
2026-09-26T08:55:00Z,2026-09-26T09:00:00Z,0.302235,0.303875,0.291805,0.293295
2026-09-26T09:00:00Z,2026-09-26T09:05:00Z,0.293365,0.300895,0.292775,0.298895
2026-09-26T09:05:00Z,2026-09-26T09:10:00Z,0.298865,0.299065,0.291585,0.296045
2026-09-26T09:10:00Z,2026-09-26T09:15:00Z,0.295945,0.303525,0.294785,0.302485
2026-09-26T09:15:00Z,2026-09-26T09:20:00Z,0.302325,0.309215,0.297895,0.299345
2026-09-26T09:20:00Z,2026-09-26T09:25:00Z,0.299205,0.300035,0.292505,0.297155
2026-09-26T09:25:00Z,2026-09-26T09:30:00Z,0.296995,0.300695,0.295975,0.297765
2026-09-26T09:30:00Z,2026-09-26T09:35:00Z,0.297185,0.299465,0.287145,0.289055
2026-09-26T09:35:00Z,2026-09-26T09:40:00Z,0.289075,0.290645,0.284515,0.287595
2026-09-26T09:40:00Z,2026-09-26T09:45:00Z,0.287715,0.291085,0.280305,0.286335
2026-09-26T09:45:00Z,2026-09-26T09:50:00Z,0.286815,0.297215,0.286115,0.295545
2026-09-26T09:50:00Z,2026-09-26T09:55:00Z,0.295515,0.307995,0.293905,0.306925
2026-09-26T09:55:00Z,2026-09-26T10:00:00Z,0.306935,0.315325,0.304895,0.311265
2026-09-26T10:00:00Z,2026-09-26T10:05:00Z,0.311125,0.321815,0.310325,0.321215
2026-09-26T10:05:00Z,2026-09-26T10:10:00Z,0.321265,0.325985,0.318595,0.323955
2026-09-26T10:10:00Z,2026-09-26T10:15:00Z,0.323965,0.326075,0.320015,0.321095
2026-09-26T10:15:00Z,2026-09-26T10:20:00Z,0.320965,0.325635,0.317235,0.320825
2026-09-26T10:20:00Z,2026-09-26T10:25:00Z,0.321005,0.321415,0.312665,0.318275
2026-09-26T10:25:00Z,2026-09-26T10:30:00Z,0.318035,0.323575,0.314935,0.316145
2026-09-26T10:30:00Z,2026-09-26T10:35:00Z,0.316325,0.317445,0.312205,0.312525
2026-09-26T10:35:00Z,2026-09-26T10:40:00Z,0.312665,0.313425,0.303575,0.303615
2026-09-26T10:40:00Z,2026-09-26T10:45:00Z,0.303495,0.305505,0.297775,0.297925
2026-09-26T10:45:00Z,2026-09-26T10:50:00Z,0.297555,0.300945,0.294335,0.297595
2026-09-26T10:50:00Z,2026-09-26T10:55:00Z,0.297615,0.311035,0.296655,0.309355
2026-09-26T10:55:00Z,2026-09-26T11:00:00Z,0.309455,0.313495,0.305655,0.310975
2026-09-26T11:00:00Z,2026-09-26T11:05:00Z,0.310925,0.316475,0.308565,0.310885
2026-09-26T11:05:00Z,2026-09-26T11:10:00Z,0.310795,0.321215,0.310405,0.316835
2026-09-26T11:10:00Z,2026-09-26T11:15:00Z,0.316665,0.316665,0.304225,0.309255
2026-09-26T11:15:00Z,2026-09-26T11:20:00Z,0.309505,0.313275,0.301785,0.302445
2026-09-26T11:20:00Z,2026-09-26T11:25:00Z,0.302585,0.305615,0.295035,0.302815
2026-09-26T11:25:00Z,2026-09-26T11:30:00Z,0.302915,0.303165,0.294575,0.298055
2026-09-26T11:30:00Z,2026-09-26T11:35:00Z,0.298045,0.299555,0.290105,0.290155
2026-09-26T11:35:00Z,2026-09-26T11:40:00Z,0.290265,0.291265,0.284225,0.289925
2026-09-26T11:40:00Z,2026-09-26T11:45:00Z,0.289975,0.296055,0.289135,0.293265
2026-09-26T11:45:00Z,2026-09-26T11:50:00Z,0.293325,0.294725,0.287355,0.294725
2026-09-26T11:50:00Z,2026-09-26T11:55:00Z,0.295125,0.295745,0.282345,0.282345
2026-09-26T11:55:00Z,2026-09-26T12:00:00Z,0.282175,0.287635,0.279515,0.280675
2026-09-26T12:00:00Z,2026-09-26T12:05:00Z,0.280725,0.280725,0.272065,0.275635
2026-09-26T12:05:00Z,2026-09-26T12:10:00Z,0.275865,0.278585,0.271555,0.272965
2026-09-26T12:10:00Z,2026-09-26T12:15:00Z,0.272825,0.275765,0.267835,0.271755
2026-09-26T12:15:00Z,2026-09-26T12:20:00Z,0.271765,0.272535,0.256695,0.259145
2026-09-26T12:20:00Z,2026-09-26T12:25:00Z,0.259215,0.266135,0.257985,0.262935
2026-09-26T12:25:00Z,2026-09-26T12:30:00Z,0.262795,0.270505,0.262795,0.264955
2026-09-26T12:30:00Z,2026-09-26T12:35:00Z,0.264795,0.266625,0.262845,0.265245
2026-09-26T12:35:00Z,2026-09-26T12:40:00Z,0.265225,0.270515,0.263005,0.266905
2026-09-26T12:40:00Z,2026-09-26T12:45:00Z,0.266785,0.267195,0.259385,0.261085
2026-09-26T12:45:00Z,2026-09-26T12:50:00Z,0.261175,0.261575,0.255415,0.259705
2026-09-26T12:50:00Z,2026-09-26T12:55:00Z,0.259575,0.260965,0.252945,0.253155
2026-09-26T12:55:00Z,2026-09-26T13:00:00Z,0.253115,0.254125,0.248025,0.252625
2026-09-26T13:00:00Z,2026-09-26T13:05:00Z,0.252715,0.261635,0.250195,0.259845
2026-09-26T13:05:00Z,2026-09-26T13:10:00Z,0.259885,0.261715,0.256055,0.259355
2026-09-26T13:10:00Z,2026-09-26T13:15:00Z,0.259295,0.264275,0.256555,0.259795
2026-09-26T13:15:00Z,2026-09-26T13:20:00Z,0.259645,0.262245,0.250175,0.252035
2026-09-26T13:20:00Z,2026-09-26T13:25:00Z,0.251995,0.256285,0.249995,0.255875
2026-09-26T13:25:00Z,2026-09-26T13:30:00Z,0.255795,0.263785,0.254395,0.261085
2026-09-26T13:30:00Z,2026-09-26T13:35:00Z,0.261035,0.261475,0.252435,0.256345
2026-09-26T13:35:00Z,2026-09-26T13:40:00Z,0.256485,0.265015,0.252545,0.262975
2026-09-26T13:40:00Z,2026-09-26T13:45:00Z,0.263045,0.263445,0.255995,0.263025
2026-09-26T13:45:00Z,2026-09-26T13:50:00Z,0.263115,0.269885,0.260425,0.269445
2026-09-26T13:50:00Z,2026-09-26T13:55:00Z,0.269545,0.277865,0.269515,0.272065
2026-09-26T13:55:00Z,2026-09-26T14:00:00Z,0.272215,0.273195,0.264685,0.266745
2026-09-26T14:00:00Z,2026-09-26T14:05:00Z,0.266695,0.271495,0.265235,0.266365
2026-09-26T14:05:00Z,2026-09-26T14:10:00Z,0.266345,0.269035,0.259545,0.259545
2026-09-26T14:10:00Z,2026-09-26T14:15:00Z,0.259435,0.266545,0.259305,0.265875
2026-09-26T14:15:00Z,2026-09-26T14:20:00Z,0.265515,0.276345,0.262985,0.275805
2026-09-26T14:20:00Z,2026-09-26T14:25:00Z,0.275785,0.278995,0.273545,0.277755
2026-09-26T14:25:00Z,2026-09-26T14:30:00Z,0.277855,0.279595,0.271845,0.278015
2026-09-26T14:30:00Z,2026-09-26T14:35:00Z,0.278115,0.281365,0.274675,0.278385
2026-09-26T14:35:00Z,2026-09-26T14:40:00Z,0.278545,0.284585,0.278095,0.279375
2026-09-26T14:40:00Z,2026-09-26T14:45:00Z,0.279455,0.290525,0.278935,0.282845
2026-09-26T14:45:00Z,2026-09-26T14:50:00Z,0.282855,0.289095,0.281905,0.289095
2026-09-26T14:50:00Z,2026-09-26T14:55:00Z,0.289015,0.294725,0.286765,0.292675
2026-09-26T14:55:00Z,2026-09-26T15:00:00Z,0.292545,0.293285,0.286375,0.288775
2026-09-26T15:00:00Z,2026-09-26T15:05:00Z,0.289235,0.291315,0.284755,0.289915
2026-09-26T15:05:00Z,2026-09-26T15:10:00Z,0.289795,0.290855,0.284905,0.286795
2026-09-26T15:10:00Z,2026-09-26T15:15:00Z,0.286545,0.286865,0.278185,0.280975
2026-09-26T15:15:00Z,2026-09-26T15:20:00Z,0.281065,0.282715,0.276675,0.277165
2026-09-26T15:20:00Z,2026-09-26T15:25:00Z,0.277325,0.279895,0.273075,0.276235
2026-09-26T15:25:00Z,2026-09-26T15:30:00Z,0.276125,0.279565,0.272065,0.277665
2026-09-26T15:30:00Z,2026-09-26T15:35:00Z,0.277745,0.279195,0.271365,0.278595
2026-09-26T15:35:00Z,2026-09-26T15:40:00Z,0.278515,0.280445,0.273725,0.278605
2026-09-26T15:40:00Z,2026-09-26T15:45:00Z,0.279125,0.279165,0.270725,0.270775
2026-09-26T15:45:00Z,2026-09-26T15:50:00Z,0.270705,0.275145,0.270195,0.273825
2026-09-26T15:50:00Z,2026-09-26T15:55:00Z,0.273635,0.274355,0.268065,0.272365
2026-09-26T15:55:00Z,2026-09-26T16:00:00Z,0.272345,0.277125,0.270665,0.273865
2026-09-26T16:00:00Z,2026-09-26T16:05:00Z,0.273915,0.274895,0.266985,0.270795
2026-09-26T16:05:00Z,2026-09-26T16:10:00Z,0.270715,0.271975,0.259135,0.260755
2026-09-26T16:10:00Z,2026-09-26T16:15:00Z,0.260835,0.264625,0.257665,0.258265
2026-09-26T16:15:00Z,2026-09-26T16:20:00Z,0.258105,0.264485,0.256205,0.262735
2026-09-26T16:20:00Z,2026-09-26T16:25:00Z,0.262665,0.266475,0.260265,0.262715
2026-09-26T16:25:00Z,2026-09-26T16:30:00Z,0.262695,0.262825,0.253175,0.253455
2026-09-26T16:30:00Z,2026-09-26T16:35:00Z,0.253565,0.257795,0.252995,0.256475
2026-09-26T16:35:00Z,2026-09-26T16:40:00Z,0.256385,0.256645,0.249715,0.251025
2026-09-26T16:40:00Z,2026-09-26T16:45:00Z,0.251165,0.258615,0.248985,0.256765
2026-09-26T16:45:00Z,2026-09-26T16:50:00Z,0.256605,0.260575,0.254775,0.259455
2026-09-26T16:50:00Z,2026-09-26T16:55:00Z,0.259395,0.263515,0.256765,0.260445
2026-09-26T16:55:00Z,2026-09-26T17:00:00Z,0.259995,0.266055,0.259265,0.261935
2026-09-26T17:00:00Z,2026-09-26T17:05:00Z,0.261785,0.261825,0.250075,0.251835
2026-09-26T17:05:00Z,2026-09-26T17:10:00Z,0.251905,0.255705,0.248385,0.255275
2026-09-26T17:10:00Z,2026-09-26T17:15:00Z,0.255315,0.256685,0.250575,0.251445
2026-09-26T17:15:00Z,2026-09-26T17:20:00Z,0.251525,0.256175,0.250215,0.252365
2026-09-26T17:20:00Z,2026-09-26T17:25:00Z,0.252525,0.255655,0.244065,0.244175
2026-09-26T17:25:00Z,2026-09-26T17:30:00Z,0.244555,0.245255,0.241005,0.241525
2026-09-26T17:30:00Z,2026-09-26T17:35:00Z,0.241575,0.243735,0.234745,0.236405
2026-09-26T17:35:00Z,2026-09-26T17:40:00Z,0.236505,0.239365,0.232805,0.236935
2026-09-26T17:40:00Z,2026-09-26T17:45:00Z,0.236805,0.242445,0.231325,0.241905
2026-09-26T17:45:00Z,2026-09-26T17:50:00Z,0.241795,0.242485,0.235865,0.241605
2026-09-26T17:50:00Z,2026-09-26T17:55:00Z,0.241635,0.245585,0.239135,0.240225
2026-09-26T17:55:00Z,2026-09-26T18:00:00Z,0.239895,0.248175,0.239235,0.248095
2026-09-26T18:00:00Z,2026-09-26T18:05:00Z,0.247805,0.248225,0.238285,0.240335
2026-09-26T18:05:00Z,2026-09-26T18:10:00Z,0.240215,0.244655,0.239015,0.244505
2026-09-26T18:10:00Z,2026-09-26T18:15:00Z,0.244105,0.247395,0.237295,0.237625
2026-09-26T18:15:00Z,2026-09-26T18:20:00Z,0.237545,0.240195,0.233975,0.233975
2026-09-26T18:20:00Z,2026-09-26T18:25:00Z,0.234415,0.241615,0.233525,0.237865
2026-09-26T18:25:00Z,2026-09-26T18:30:00Z,0.237985,0.241515,0.236255,0.241025
2026-09-26T18:30:00Z,2026-09-26T18:35:00Z,0.241255,0.244195,0.238935,0.238935
2026-09-26T18:35:00Z,2026-09-26T18:40:00Z,0.238885,0.243075,0.236665,0.238405
2026-09-26T18:40:00Z,2026-09-26T18:45:00Z,0.238485,0.238485,0.226565,0.228595
2026-09-26T18:45:00Z,2026-09-26T18:50:00Z,0.228695,0.229095,0.216415,0.218075
2026-09-26T18:50:00Z,2026-09-26T18:55:00Z,0.217975,0.219995,0.214285,0.216175
2026-09-26T18:55:00Z,2026-09-26T19:00:00Z,0.216255,0.216505,0.206385,0.206895
2026-09-26T19:00:00Z,2026-09-26T19:05:00Z,0.206915,0.215505,0.206915,0.215425
2026-09-26T19:05:00Z,2026-09-26T19:10:00Z,0.215365,0.217405,0.212315,0.216415
2026-09-26T19:10:00Z,2026-09-26T19:15:00Z,0.216425,0.219295,0.211435,0.213185
2026-09-26T19:15:00Z,2026-09-26T19:20:00Z,0.213065,0.215145,0.212105,0.214925
2026-09-26T19:20:00Z,2026-09-26T19:25:00Z,0.214965,0.220445,0.214575,0.215265
2026-09-26T19:25:00Z,2026-09-26T19:30:00Z,0.215245,0.220235,0.214735,0.218265
2026-09-26T19:30:00Z,2026-09-26T19:35:00Z,0.217865,0.217865,0.209675,0.210285
2026-09-26T19:35:00Z,2026-09-26T19:40:00Z,0.210355,0.210945,0.207585,0.208185
2026-09-26T19:40:00Z,2026-09-26T19:45:00Z,0.208235,0.213925,0.207775,0.213775
2026-09-26T19:45:00Z,2026-09-26T19:50:00Z,0.213655,0.214215,0.207085,0.212745
2026-09-26T19:50:00Z,2026-09-26T19:55:00Z,0.212765,0.215975,0.209215,0.214615
2026-09-26T19:55:00Z,2026-09-26T20:00:00Z,0.214505,0.214725,0.205065,0.207085
2026-09-26T20:00:00Z,2026-09-26T20:05:00Z,0.206905,0.212195,0.206525,0.210865
2026-09-26T20:05:00Z,2026-09-26T20:10:00Z,0.211155,0.214615,0.210605,0.212665
2026-09-26T20:10:00Z,2026-09-26T20:15:00Z,0.212865,0.213835,0.205945,0.207805
2026-09-26T20:15:00Z,2026-09-26T20:20:00Z,0.207885,0.221215,0.206215,0.219385
2026-09-26T20:20:00Z,2026-09-26T20:25:00Z,0.219395,0.221105,0.215805,0.216405
2026-09-26T20:25:00Z,2026-09-26T20:30:00Z,0.216445,0.220945,0.214375,0.215605
2026-09-26T20:30:00Z,2026-09-26T20:35:00Z,0.215455,0.216295,0.210065,0.210105
2026-09-26T20:35:00Z,2026-09-26T20:40:00Z,0.210075,0.212285,0.204935,0.211365
2026-09-26T20:40:00Z,2026-09-26T20:45:00Z,0.211495,0.214415,0.207835,0.213725
2026-09-26T20:50:00Z,2026-09-26T20:55:00Z,0.213725,0.338245,0.213725,0.331885
2026-09-26T20:55:00Z,2026-09-26T21:00:00Z,0.332055,0.333095,0.325645,0.329115
2026-09-26T21:00:00Z,2026-09-26T21:05:00Z,0.328985,0.336045,0.328245,0.331495
2026-09-26T21:05:00Z,2026-09-26T21:10:00Z,0.331405,0.335755,0.327205,0.327895
2026-09-26T21:10:00Z,2026-09-26T21:15:00Z,0.327845,0.330775,0.318525,0.318635
2026-09-26T21:15:00Z,2026-09-26T21:20:00Z,0.318485,0.319765,0.311575,0.315485
2026-09-26T21:20:00Z,2026-09-26T21:25:00Z,0.315425,0.318115,0.311795,0.313545
2026-09-26T21:25:00Z,2026-09-26T21:30:00Z,0.313425,0.315405,0.308335,0.312335
2026-09-26T21:30:00Z,2026-09-26T21:35:00Z,0.312415,0.318365,0.308765,0.316445
2026-09-26T21:35:00Z,2026-09-26T21:40:00Z,0.316535,0.323245,0.314155,0.322175
2026-09-26T21:40:00Z,2026-09-26T21:45:00Z,0.321995,0.323985,0.315745,0.316595
2026-09-26T21:45:00Z,2026-09-26T21:50:00Z,0.316385,0.324975,0.315615,0.322165
2026-09-26T21:50:00Z,2026-09-26T21:55:00Z,0.322105,0.326145,0.314715,0.316625
2026-09-26T21:55:00Z,2026-09-26T22:00:00Z,0.316595,0.326505,0.316285,0.319415
2026-09-26T22:00:00Z,2026-09-26T22:05:00Z,0.319525,0.319525,0.313915,0.313955
2026-09-26T22:05:00Z,2026-09-26T22:10:00Z,0.313755,0.316005,0.310275,0.311915
2026-09-26T22:10:00Z,2026-09-26T22:15:00Z,0.311815,0.312975,0.302925,0.304635
2026-09-26T22:15:00Z,2026-09-26T22:20:00Z,0.304475,0.307095,0.294295,0.297925
2026-09-26T22:20:00Z,2026-09-26T22:25:00Z,0.297815,0.298335,0.289475,0.289575
2026-09-26T22:25:00Z,2026-09-26T22:30:00Z,0.289505,0.293845,0.287125,0.292085
2026-09-26T22:30:00Z,2026-09-26T22:35:00Z,0.292005,0.295025,0.289525,0.291835
2026-09-26T22:35:00Z,2026-09-26T22:40:00Z,0.292215,0.292615,0.283385,0.284555
2026-09-26T22:40:00Z,2026-09-26T22:45:00Z,0.284495,0.285635,0.279275,0.283135
2026-09-26T22:45:00Z,2026-09-26T22:50:00Z,0.283315,0.284315,0.278105,0.280645
2026-09-26T22:50:00Z,2026-09-26T22:55:00Z,0.280935,0.281505,0.271645,0.271695
2026-09-26T22:55:00Z,2026-09-26T23:00:00Z,0.271705,0.277065,0.271015,0.276045
2026-09-26T23:00:00Z,2026-09-26T23:05:00Z,0.276195,0.284005,0.275775,0.279425
2026-09-26T23:05:00Z,2026-09-26T23:10:00Z,0.279455,0.295025,0.279345,0.294255
2026-09-26T23:10:00Z,2026-09-26T23:15:00Z,0.294005,0.295045,0.286295,0.294455
2026-09-26T23:15:00Z,2026-09-26T23:20:00Z,0.294295,0.296495,0.285145,0.291295
2026-09-26T23:20:00Z,2026-09-26T23:25:00Z,0.291415,0.296735,0.289925,0.290705
2026-09-26T23:25:00Z,2026-09-26T23:30:00Z,0.290525,0.291615,0.285325,0.285325
2026-09-26T23:30:00Z,2026-09-26T23:35:00Z,0.285185,0.286395,0.279755,0.282245
2026-09-26T23:35:00Z,2026-09-26T23:40:00Z,0.282375,0.292265,0.282285,0.288645
2026-09-26T23:40:00Z,2026-09-26T23:45:00Z,0.288415,0.289025,0.281115,0.283645
2026-09-26T23:45:00Z,2026-09-26T23:50:00Z,0.283485,0.287555,0.281015,0.283965
2026-09-26T23:50:00Z,2026-09-26T23:55:00Z,0.284085,0.286305,0.274245,0.277955
2026-09-26T23:55:00Z,2026-09-27T00:00:00Z,0.277645,0.282275,0.276075,0.276805
2026-09-27T00:00:00Z,2026-09-27T00:05:00Z,0.276725,0.281885,0.275185,0.276515
2026-09-27T00:05:00Z,2026-09-27T00:10:00Z,0.276605,0.281725,0.274075,0.275595
2026-09-27T00:10:00Z,2026-09-27T00:15:00Z,0.275605,0.277675,0.267775,0.269095
2026-09-27T00:15:00Z,2026-09-27T00:20:00Z,0.269145,0.271465,0.264225,0.270545
2026-09-27T00:20:00Z,2026-09-27T00:25:00Z,0.270455,0.276095,0.266415,0.272585
2026-09-27T00:25:00Z,2026-09-27T00:30:00Z,0.272505,0.280045,0.271105,0.274725
2026-09-27T00:30:00Z,2026-09-27T00:35:00Z,0.274865,0.277095,0.272755,0.276395
2026-09-27T00:35:00Z,2026-09-27T00:40:00Z,0.276305,0.276945,0.270105,0.270365
2026-09-27T00:40:00Z,2026-09-27T00:45:00Z,0.270595,0.273815,0.266115,0.266655
2026-09-27T00:45:00Z,2026-09-27T00:50:00Z,0.266345,0.270125,0.263885,0.265315
2026-09-27T00:50:00Z,2026-09-27T00:55:00Z,0.265205,0.266255,0.257565,0.258915
2026-09-27T00:55:00Z,2026-09-27T01:00:00Z,0.258945,0.265315,0.257975,0.261945
2026-09-27T01:00:00Z,2026-09-27T01:05:00Z,0.261825,0.265155,0.261345,0.261725
2026-09-27T01:05:00Z,2026-09-27T01:10:00Z,0.261505,0.262585,0.256605,0.259615
2026-09-27T01:10:00Z,2026-09-27T01:15:00Z,0.259605,0.263395,0.258115,0.262555
2026-09-27T01:15:00Z,2026-09-27T01:20:00Z,0.262655,0.267405,0.261845,0.266475
2026-09-27T01:20:00Z,2026-09-27T01:25:00Z,0.266145,0.269035,0.263705,0.266355
2026-09-27T01:25:00Z,2026-09-27T01:30:00Z,0.266245,0.266775,0.260805,0.265055
2026-09-27T01:30:00Z,2026-09-27T01:35:00Z,0.265135,0.268975,0.262985,0.265065
2026-09-27T01:35:00Z,2026-09-27T01:40:00Z,0.265165,0.271115,0.263925,0.269695
2026-09-27T01:40:00Z,2026-09-27T01:45:00Z,0.269595,0.270945,0.264555,0.266765
2026-09-27T01:45:00Z,2026-09-27T01:50:00Z,0.266645,0.266845,0.259985,0.261305
2026-09-27T01:50:00Z,2026-09-27T01:55:00Z,0.261275,0.266305,0.259215,0.260565
2026-09-27T01:55:00Z,2026-09-27T02:00:00Z,0.260655,0.266885,0.259515,0.262925
2026-09-27T02:00:00Z,2026-09-27T02:05:00Z,0.263235,0.264065,0.258145,0.260535
2026-09-27T02:05:00Z,2026-09-27T02:10:00Z,0.260695,0.262335,0.253265,0.257695
2026-09-27T02:10:00Z,2026-09-27T02:15:00Z,0.257585,0.260425,0.254655,0.255855
2026-09-27T02:15:00Z,2026-09-27T02:20:00Z,0.255985,0.256315,0.249005,0.249835
2026-09-27T02:20:00Z,2026-09-27T02:25:00Z,0.249845,0.250215,0.243835,0.245865
2026-09-27T02:25:00Z,2026-09-27T02:30:00Z,0.245935,0.249875,0.243825,0.249465
2026-09-27T02:30:00Z,2026-09-27T02:35:00Z,0.249495,0.256265,0.248695,0.254385
2026-09-27T02:35:00Z,2026-09-27T02:40:00Z,0.254395,0.256555,0.252005,0.253895
2026-09-27T02:40:00Z,2026-09-27T02:45:00Z,0.253625,0.259285,0.252165,0.257145
2026-09-27T02:45:00Z,2026-09-27T02:50:00Z,0.257255,0.257495,0.250215,0.253835
2026-09-27T02:50:00Z,2026-09-27T02:55:00Z,0.253875,0.255885,0.250395,0.252735
2026-09-27T02:55:00Z,2026-09-27T03:00:00Z,0.252635,0.257215,0.249635,0.257215
2026-09-27T03:00:00Z,2026-09-27T03:05:00Z,0.257175,0.260345,0.253905,0.258675
2026-09-27T03:05:00Z,2026-09-27T03:10:00Z,0.258685,0.262205,0.255765,0.256585
2026-09-27T03:10:00Z,2026-09-27T03:15:00Z,0.256685,0.259295,0.253695,0.257695
2026-09-27T03:15:00Z,2026-09-27T03:20:00Z,0.257905,0.264455,0.257425,0.261675
2026-09-27T03:20:00Z,2026-09-27T03:25:00Z,0.261835,0.270405,0.260545,0.265335
2026-09-27T03:25:00Z,2026-09-27T03:30:00Z,0.265305,0.267195,0.259285,0.259975
2026-09-27T03:30:00Z,2026-09-27T03:35:00Z,0.260255,0.263485,0.251805,0.253215
2026-09-27T03:35:00Z,2026-09-27T03:40:00Z,0.253415,0.257925,0.251305,0.257535
2026-09-27T03:40:00Z,2026-09-27T03:45:00Z,0.257165,0.261845,0.255205,0.257175
2026-09-27T03:45:00Z,2026-09-27T03:50:00Z,0.257025,0.263025,0.254925,0.262445
2026-09-27T03:50:00Z,2026-09-27T03:55:00Z,0.262605,0.266885,0.260335,0.266885
2026-09-27T03:55:00Z,2026-09-27T04:00:00Z,0.266965,0.273395,0.264175,0.270355
2026-09-27T04:00:00Z,2026-09-27T04:05:00Z,0.270435,0.281445,0.270045,0.279455
2026-09-27T04:05:00Z,2026-09-27T04:10:00Z,0.279085,0.281115,0.273805,0.274705
2026-09-27T04:10:00Z,2026-09-27T04:15:00Z,0.274765,0.281785,0.274275,0.279165
2026-09-27T04:15:00Z,2026-09-27T04:20:00Z,0.279005,0.285085,0.278895,0.282065
2026-09-27T04:20:00Z,2026-09-27T04:25:00Z,0.282185,0.283125,0.277785,0.280135
2026-09-27T04:25:00Z,2026-09-27T04:30:00Z,0.280345,0.282595,0.277285,0.278085
2026-09-27T04:30:00Z,2026-09-27T04:35:00Z,0.278155,0.283995,0.276685,0.281675
2026-09-27T04:35:00Z,2026-09-27T04:40:00Z,0.281845,0.291205,0.281235,0.290255
2026-09-27T04:40:00Z,2026-09-27T04:45:00Z,0.290085,0.292415,0.282535,0.282535
2026-09-27T04:45:00Z,2026-09-27T04:50:00Z,0.282475,0.293435,0.282245,0.291905
2026-09-27T04:50:00Z,2026-09-27T04:55:00Z,0.292015,0.297115,0.290155,0.293765
2026-09-27T04:55:00Z,2026-09-27T05:00:00Z,0.293795,0.296505,0.287725,0.294275
2026-09-27T05:00:00Z,2026-09-27T05:05:00Z,0.294335,0.300605,0.290975,0.299395
2026-09-27T05:05:00Z,2026-09-27T05:10:00Z,0.299535,0.300305,0.290945,0.294085
2026-09-27T05:10:00Z,2026-09-27T05:15:00Z,0.294065,0.298335,0.291545,0.294015
2026-09-27T05:15:00Z,2026-09-27T05:20:00Z,0.293955,0.294345,0.284025,0.285225
2026-09-27T05:20:00Z,2026-09-27T05:25:00Z,0.285115,0.289565,0.282605,0.287965
2026-09-27T05:25:00Z,2026-09-27T05:30:00Z,0.287975,0.292315,0.287345,0.290435
2026-09-27T05:30:00Z,2026-09-27T05:35:00Z,0.290365,0.292225,0.284325,0.290805
2026-09-27T05:35:00Z,2026-09-27T05:40:00Z,0.290625,0.291505,0.281325,0.283315
2026-09-27T05:40:00Z,2026-09-27T05:45:00Z,0.283145,0.287135,0.273405,0.274275
2026-09-27T05:45:00Z,2026-09-27T05:50:00Z,0.274365,0.276475,0.263645,0.265255
2026-09-27T05:50:00Z,2026-09-27T05:55:00Z,0.265285,0.265855,0.260925,0.264425
2026-09-27T05:55:00Z,2026-09-27T06:00:00Z,0.264235,0.267305,0.263055,0.264245
2026-09-27T06:00:00Z,2026-09-27T06:05:00Z,0.264275,0.269465,0.260775,0.262625
2026-09-27T06:05:00Z,2026-09-27T06:10:00Z,0.262575,0.267675,0.261295,0.262695
2026-09-27T06:10:00Z,2026-09-27T06:15:00Z,0.262675,0.273055,0.260185,0.270535
2026-09-27T06:15:00Z,2026-09-27T06:20:00Z,0.270485,0.273815,0.265435,0.270895
2026-09-27T06:20:00Z,2026-09-27T06:25:00Z,0.270805,0.270805,0.259935,0.263725
2026-09-27T06:25:00Z,2026-09-27T06:30:00Z,0.263825,0.266625,0.253485,0.253705
2026-09-27T06:30:00Z,2026-09-27T06:35:00Z,0.253905,0.253925,0.235275,0.235585
2026-09-27T06:35:00Z,2026-09-27T06:40:00Z,0.235625,0.241535,0.231755,0.240935
2026-09-27T06:40:00Z,2026-09-27T06:45:00Z,0.241025,0.244695,0.237615,0.240885
2026-09-27T06:45:00Z,2026-09-27T06:50:00Z,0.240995,0.242565,0.237105,0.237665
2026-09-27T06:50:00Z,2026-09-27T06:55:00Z,0.237605,0.237605,0.231225,0.234265
2026-09-27T06:55:00Z,2026-09-27T07:00:00Z,0.234205,0.236685,0.232795,0.236625
2026-09-27T07:00:00Z,2026-09-27T07:05:00Z,0.236725,0.240805,0.232545,0.234355
2026-09-27T07:05:00Z,2026-09-27T07:10:00Z,0.234415,0.239885,0.233515,0.236725
2026-09-27T07:10:00Z,2026-09-27T07:15:00Z,0.236825,0.239595,0.234715,0.239275
2026-09-27T07:15:00Z,2026-09-27T07:20:00Z,0.239385,0.240895,0.232465,0.236145
2026-09-27T07:20:00Z,2026-09-27T07:25:00Z,0.236245,0.238085,0.234015,0.237275
2026-09-27T07:25:00Z,2026-09-27T07:30:00Z,0.237225,0.239735,0.233695,0.235535
2026-09-27T07:30:00Z,2026-09-27T07:35:00Z,0.235545,0.239635,0.234255,0.236305
2026-09-27T07:35:00Z,2026-09-27T07:40:00Z,0.236445,0.241185,0.234725,0.239715
2026-09-27T07:40:00Z,2026-09-27T07:45:00Z,0.239825,0.240195,0.234115,0.235965
2026-09-27T07:45:00Z,2026-09-27T07:50:00Z,0.236025,0.245595,0.235485,0.245445
2026-09-27T07:50:00Z,2026-09-27T07:55:00Z,0.245595,0.246895,0.239715,0.240485
2026-09-27T07:55:00Z,2026-09-27T08:00:00Z,0.240595,0.246785,0.236645,0.244565
2026-09-27T08:00:00Z,2026-09-27T08:05:00Z,0.244545,0.248665,0.241895,0.243415
2026-09-27T08:05:00Z,2026-09-27T08:10:00Z,0.243325,0.247075,0.239145,0.241705
2026-09-27T08:10:00Z,2026-09-27T08:15:00Z,0.241615,0.244325,0.238015,0.241625
2026-09-27T08:15:00Z,2026-09-27T08:20:00Z,0.241675,0.251585,0.240695,0.247585
2026-09-27T08:20:00Z,2026-09-27T08:25:00Z,0.247735,0.249185,0.241325,0.241795
2026-09-27T08:25:00Z,2026-09-27T08:30:00Z,0.241905,0.247095,0.241035,0.245175
2026-09-27T08:30:00Z,2026-09-27T08:35:00Z,0.244805,0.245815,0.240125,0.243545
2026-09-27T08:35:00Z,2026-09-27T08:40:00Z,0.243555,0.245105,0.239335,0.241765
2026-09-27T08:40:00Z,2026-09-27T08:45:00Z,0.242055,0.245595,0.236595,0.242225
2026-09-27T08:45:00Z,2026-09-27T08:50:00Z,0.242335,0.243985,0.238455,0.241715
2026-09-27T08:50:00Z,2026-09-27T08:55:00Z,0.241565,0.258825,0.241165,0.258825
2026-09-27T08:55:00Z,2026-09-27T09:00:00Z,0.258885,0.264985,0.258685,0.262935
2026-09-27T09:00:00Z,2026-09-27T09:05:00Z,0.263065,0.263385,0.254645,0.260435
2026-09-27T09:05:00Z,2026-09-27T09:10:00Z,0.260505,0.260505,0.256015,0.258305
2026-09-27T09:10:00Z,2026-09-27T09:15:00Z,0.258275,0.264995,0.258175,0.263845
2026-09-27T09:15:00Z,2026-09-27T09:20:00Z,0.263715,0.267155,0.259645,0.265775
2026-09-27T09:20:00Z,2026-09-27T09:25:00Z,0.265795,0.276725,0.265795,0.276255
2026-09-27T09:25:00Z,2026-09-27T09:30:00Z,0.275925,0.279725,0.273715,0.279695
2026-09-27T09:30:00Z,2026-09-27T09:35:00Z,0.279645,0.284675,0.277895,0.282805
2026-09-27T09:35:00Z,2026-09-27T09:40:00Z,0.282725,0.285365,0.278325,0.282755
2026-09-27T09:40:00Z,2026-09-27T09:45:00Z,0.282875,0.285075,0.275875,0.284815
2026-09-27T09:45:00Z,2026-09-27T09:50:00Z,0.284845,0.287535,0.280665,0.282675
2026-09-27T09:50:00Z,2026-09-27T09:55:00Z,0.282575,0.283645,0.271765,0.272535
2026-09-27T09:55:00Z,2026-09-27T10:00:00Z,0.272355,0.279395,0.269455,0.275845
2026-09-27T10:00:00Z,2026-09-27T10:05:00Z,0.275805,0.282735,0.274945,0.275235
2026-09-27T10:05:00Z,2026-09-27T10:10:00Z,0.275385,0.283635,0.275295,0.280865
2026-09-27T10:10:00Z,2026-09-27T10:15:00Z,0.281005,0.283225,0.278185,0.281345
2026-09-27T10:15:00Z,2026-09-27T10:20:00Z,0.281465,0.285975,0.279915,0.281235
2026-09-27T10:20:00Z,2026-09-27T10:25:00Z,0.280835,0.282735,0.275915,0.281195
2026-09-27T10:25:00Z,2026-09-27T10:30:00Z,0.281145,0.284155,0.277545,0.280415
2026-09-27T10:30:00Z,2026-09-27T10:35:00Z,0.280475,0.288435,0.280475,0.281895
2026-09-27T10:35:00Z,2026-09-27T10:40:00Z,0.281915,0.283455,0.275025,0.283455
2026-09-27T10:40:00Z,2026-09-27T10:45:00Z,0.283585,0.288005,0.278585,0.278835
2026-09-27T10:45:00Z,2026-09-27T10:50:00Z,0.278985,0.283015,0.274855,0.283015
2026-09-27T10:50:00Z,2026-09-27T10:55:00Z,0.282845,0.290585,0.281745,0.289685
2026-09-27T10:55:00Z,2026-09-27T11:00:00Z,0.289755,0.297475,0.287635,0.297475
2026-09-27T11:00:00Z,2026-09-27T11:05:00Z,0.297645,0.306295,0.294305,0.300815
2026-09-27T11:05:00Z,2026-09-27T11:10:00Z,0.300805,0.308745,0.298315,0.308375
2026-09-27T11:10:00Z,2026-09-27T11:15:00Z,0.308295,0.316735,0.304485,0.315625
2026-09-27T11:15:00Z,2026-09-27T11:20:00Z,0.315835,0.318625,0.310345,0.313145
2026-09-27T11:20:00Z,2026-09-27T11:25:00Z,0.312955,0.322115,0.312145,0.319885
2026-09-27T11:25:00Z,2026-09-27T11:30:00Z,0.319815,0.331675,0.319315,0.328405
2026-09-27T11:30:00Z,2026-09-27T11:35:00Z,0.328275,0.330075,0.321375,0.326935
2026-09-27T11:35:00Z,2026-09-27T11:40:00Z,0.326645,0.342265,0.326435,0.340885
2026-09-27T11:40:00Z,2026-09-27T11:45:00Z,0.340835,0.347135,0.337225,0.343785
2026-09-27T11:45:00Z,2026-09-27T11:50:00Z,0.343935,0.356385,0.339355,0.354045
2026-09-27T11:50:00Z,2026-09-27T11:55:00Z,0.354235,0.359325,0.352695,0.354535
2026-09-27T11:55:00Z,2026-09-27T12:00:00Z,0.354445,0.361195,0.353875,0.357285
2026-09-27T12:00:00Z,2026-09-27T12:05:00Z,0.357195,0.360845,0.350265,0.360035
2026-09-27T12:05:00Z,2026-09-27T12:10:00Z,0.360265,0.368955,0.358165,0.368685
2026-09-27T12:10:00Z,2026-09-27T12:15:00Z,0.368595,0.368865,0.357395,0.358485
2026-09-27T12:15:00Z,2026-09-27T12:20:00Z,0.358915,0.367725,0.356805,0.366235
2026-09-27T12:20:00Z,2026-09-27T12:25:00Z,0.366525,0.373625,0.364955,0.370445
2026-09-27T12:25:00Z,2026-09-27T12:30:00Z,0.371005,0.378825,0.370255,0.376505
2026-09-27T12:30:00Z,2026-09-27T12:35:00Z,0.376555,0.381195,0.371815,0.379335
2026-09-27T12:35:00Z,2026-09-27T12:40:00Z,0.379245,0.395615,0.377335,0.395505
2026-09-27T12:40:00Z,2026-09-27T12:45:00Z,0.395545,0.396925,0.388135,0.391435
2026-09-27T12:45:00Z,2026-09-27T12:50:00Z,0.391255,0.402855,0.386165,0.401905
2026-09-27T12:50:00Z,2026-09-27T12:55:00Z,0.401705,0.412155,0.400295,0.405435
2026-09-27T12:55:00Z,2026-09-27T13:00:00Z,0.405355,0.416005,0.403635,0.414035
2026-09-27T13:00:00Z,2026-09-27T13:05:00Z,0.413825,0.422105,0.411385,0.415055
2026-09-27T13:05:00Z,2026-09-27T13:10:00Z,0.414095,0.421005,0.411975,0.419835
2026-09-27T13:10:00Z,2026-09-27T13:15:00Z,0.419985,0.431265,0.418645,0.428425
2026-09-27T13:15:00Z,2026-09-27T13:20:00Z,0.428445,0.455045,0.427495,0.450875
2026-09-27T13:20:00Z,2026-09-27T13:25:00Z,0.451355,0.451865,0.438665,0.445995
2026-09-27T13:25:00Z,2026-09-27T13:30:00Z,0.446275,0.449135,0.439195,0.441465
2026-09-27T13:30:00Z,2026-09-27T13:35:00Z,0.441275,0.453305,0.437835,0.439455
2026-09-27T13:35:00Z,2026-09-27T13:40:00Z,0.439235,0.442425,0.432915,0.440725
2026-09-27T13:40:00Z,2026-09-27T13:45:00Z,0.440745,0.450635,0.436245,0.448105
2026-09-27T13:45:00Z,2026-09-27T13:50:00Z,0.448325,0.456605,0.445295,0.454515
2026-09-27T13:50:00Z,2026-09-27T13:55:00Z,0.454975,0.458655,0.446125,0.449025
2026-09-27T13:55:00Z,2026-09-27T14:00:00Z,0.448765,0.452065,0.438685,0.444815
2026-09-27T14:00:00Z,2026-09-27T14:05:00Z,0.445065,0.449665,0.433925,0.435555
2026-09-27T14:05:00Z,2026-09-27T14:10:00Z,0.435545,0.452425,0.432135,0.450955
2026-09-27T14:10:00Z,2026-09-27T14:15:00Z,0.451735,0.451895,0.434015,0.441525
2026-09-27T14:15:00Z,2026-09-27T14:20:00Z,0.441625,0.445355,0.436185,0.443035
2026-09-27T14:20:00Z,2026-09-27T14:25:00Z,0.443125,0.445375,0.437515,0.441195
2026-09-27T14:25:00Z,2026-09-27T14:30:00Z,0.441135,0.443325,0.435545,0.440695
2026-09-27T14:30:00Z,2026-09-27T14:35:00Z,0.440015,0.445305,0.434145,0.434545
2026-09-27T14:35:00Z,2026-09-27T14:40:00Z,0.434775,0.434995,0.419425,0.420495
2026-09-27T14:40:00Z,2026-09-27T14:45:00Z,0.420305,0.425215,0.413805,0.423935
2026-09-27T14:45:00Z,2026-09-27T14:50:00Z,0.424105,0.427435,0.410835,0.412465
2026-09-27T14:50:00Z,2026-09-27T14:55:00Z,0.412485,0.421215,0.412485,0.421025
2026-09-27T14:55:00Z,2026-09-27T15:00:00Z,0.420795,0.421295,0.408535,0.410105
2026-09-27T15:00:00Z,2026-09-27T15:05:00Z,0.409875,0.417965,0.408055,0.412495
2026-09-27T15:05:00Z,2026-09-27T15:10:00Z,0.412645,0.430185,0.411335,0.430185
2026-09-27T15:10:00Z,2026-09-27T15:15:00Z,0.430045,0.435435,0.412425,0.412885
2026-09-27T15:15:00Z,2026-09-27T15:20:00Z,0.412825,0.419005,0.409395,0.415745
2026-09-27T15:20:00Z,2026-09-27T15:25:00Z,0.415885,0.420125,0.410115,0.410215
2026-09-27T15:25:00Z,2026-09-27T15:30:00Z,0.410505,0.415435,0.402385,0.402515
2026-09-27T15:30:00Z,2026-09-27T15:35:00Z,0.402305,0.416475,0.400855,0.415995
2026-09-27T15:35:00Z,2026-09-27T15:40:00Z,0.416255,0.417765,0.404535,0.404885
2026-09-27T15:40:00Z,2026-09-27T15:45:00Z,0.404635,0.405405,0.390745,0.397105
2026-09-27T15:45:00Z,2026-09-27T15:50:00Z,0.397045,0.407625,0.394265,0.398125
2026-09-27T15:50:00Z,2026-09-27T15:55:00Z,0.398035,0.400015,0.392835,0.398395
2026-09-27T15:55:00Z,2026-09-27T16:00:00Z,0.397745,0.412165,0.395675,0.412165
2026-09-27T16:00:00Z,2026-09-27T16:05:00Z,0.412755,0.413855,0.391175,0.395005
2026-09-27T16:05:00Z,2026-09-27T16:10:00Z,0.394795,0.397515,0.387305,0.393925
2026-09-27T16:10:00Z,2026-09-27T16:15:00Z,0.393555,0.400245,0.390715,0.397435
2026-09-27T16:15:00Z,2026-09-27T16:20:00Z,0.397555,0.411605,0.391015,0.407775
2026-09-27T16:20:00Z,2026-09-27T16:25:00Z,0.408495,0.427805,0.408495,0.421865
2026-09-27T16:25:00Z,2026-09-27T16:30:00Z,0.421775,0.422805,0.412825,0.414425
2026-09-27T16:30:00Z,2026-09-27T16:35:00Z,0.414565,0.417035,0.408775,0.409965
2026-09-27T16:35:00Z,2026-09-27T16:40:00Z,0.409775,0.410185,0.398205,0.406805
2026-09-27T16:40:00Z,2026-09-27T16:45:00Z,0.406665,0.408715,0.394235,0.399265
2026-09-27T16:45:00Z,2026-09-27T16:50:00Z,0.398765,0.407065,0.396635,0.405265
2026-09-27T16:50:00Z,2026-09-27T16:55:00Z,0.405355,0.411585,0.403555,0.410875
2026-09-27T16:55:00Z,2026-09-27T17:00:00Z,0.410855,0.413805,0.400795,0.406605
2026-09-27T17:00:00Z,2026-09-27T17:05:00Z,0.406555,0.411465,0.399035,0.400635
2026-09-27T17:05:00Z,2026-09-27T17:10:00Z,0.400835,0.409455,0.399675,0.404145
2026-09-27T17:10:00Z,2026-09-27T17:15:00Z,0.403965,0.409855,0.395215,0.395835
2026-09-27T17:15:00Z,2026-09-27T17:20:00Z,0.396085,0.397845,0.389915,0.396895
2026-09-27T17:20:00Z,2026-09-27T17:25:00Z,0.396955,0.403745,0.394955,0.396705
2026-09-27T17:25:00Z,2026-09-27T17:30:00Z,0.396905,0.402575,0.391515,0.395255
2026-09-27T17:30:00Z,2026-09-27T17:35:00Z,0.395165,0.405815,0.392535,0.405625
2026-09-27T17:35:00Z,2026-09-27T17:40:00Z,0.405425,0.411205,0.399885,0.408875
2026-09-27T17:40:00Z,2026-09-27T17:45:00Z,0.408775,0.411945,0.401915,0.408715
2026-09-27T17:45:00Z,2026-09-27T17:50:00Z,0.408905,0.408905,0.394135,0.395725
2026-09-27T17:50:00Z,2026-09-27T17:55:00Z,0.395805,0.402295,0.393635,0.398295
2026-09-27T17:55:00Z,2026-09-27T18:00:00Z,0.398175,0.406665,0.392745,0.394535
2026-09-27T18:00:00Z,2026-09-27T18:05:00Z,0.394645,0.403465,0.385115,0.398335
2026-09-27T18:05:00Z,2026-09-27T18:10:00Z,0.398235,0.403815,0.393535,0.400685
2026-09-27T18:10:00Z,2026-09-27T18:15:00Z,0.400885,0.413575,0.398305,0.411615
2026-09-27T18:15:00Z,2026-09-27T18:20:00Z,0.411705,0.415785,0.403555,0.404195
2026-09-27T18:20:00Z,2026-09-27T18:25:00Z,0.404285,0.418555,0.403735,0.415605
2026-09-27T18:25:00Z,2026-09-27T18:30:00Z,0.415545,0.429805,0.414615,0.424435
2026-09-27T18:30:00Z,2026-09-27T18:35:00Z,0.424255,0.426365,0.417915,0.424165
2026-09-27T18:35:00Z,2026-09-27T18:40:00Z,0.424365,0.430515,0.420875,0.427515
2026-09-27T18:40:00Z,2026-09-27T18:45:00Z,0.427565,0.430855,0.422635,0.426535
2026-09-27T18:45:00Z,2026-09-27T18:50:00Z,0.426305,0.437815,0.425665,0.434935
2026-09-27T18:50:00Z,2026-09-27T18:55:00Z,0.434855,0.437985,0.425005,0.425565
2026-09-27T18:55:00Z,2026-09-27T19:00:00Z,0.425655,0.427175,0.410865,0.413185
2026-09-27T19:00:00Z,2026-09-27T19:05:00Z,0.413325,0.421565,0.407585,0.420815
2026-09-27T19:05:00Z,2026-09-27T19:10:00Z,0.420545,0.433995,0.419325,0.430025
2026-09-27T19:10:00Z,2026-09-27T19:15:00Z,0.430275,0.431595,0.412725,0.416065
2026-09-27T19:15:00Z,2026-09-27T19:20:00Z,0.416255,0.427115,0.415495,0.424695
2026-09-27T19:20:00Z,2026-09-27T19:25:00Z,0.424795,0.428405,0.416515,0.419965
2026-09-27T19:25:00Z,2026-09-27T19:30:00Z,0.420665,0.429505,0.418875,0.423175
2026-09-27T19:30:00Z,2026-09-27T19:35:00Z,0.423775,0.425325,0.409315,0.414395
2026-09-27T19:35:00Z,2026-09-27T19:40:00Z,0.414445,0.428365,0.412575,0.425625
2026-09-27T19:40:00Z,2026-09-27T19:45:00Z,0.425615,0.434135,0.423185,0.428575
2026-09-27T19:45:00Z,2026-09-27T19:50:00Z,0.428725,0.433755,0.424355,0.426715
2026-09-27T19:50:00Z,2026-09-27T19:55:00Z,0.426215,0.434185,0.425335,0.430785
2026-09-27T19:55:00Z,2026-09-27T20:00:00Z,0.430865,0.439535,0.423505,0.437755
2026-09-27T20:00:00Z,2026-09-27T20:05:00Z,0.438095,0.441745,0.430665,0.431945
2026-09-27T20:05:00Z,2026-09-27T20:10:00Z,0.431955,0.441575,0.431915,0.438965
2026-09-27T20:10:00Z,2026-09-27T20:15:00Z,0.438775,0.451455,0.437755,0.450705
2026-09-27T20:15:00Z,2026-09-27T20:20:00Z,0.450655,0.451425,0.427675,0.427685
2026-09-27T20:20:00Z,2026-09-27T20:25:00Z,0.427715,0.433275,0.424665,0.431185
2026-09-27T20:25:00Z,2026-09-27T20:30:00Z,0.431255,0.438495,0.428305,0.437545
2026-09-27T20:30:00Z,2026-09-27T20:35:00Z,0.437675,0.445645,0.433565,0.436795
2026-09-27T20:35:00Z,2026-09-27T20:40:00Z,0.436635,0.439475,0.425335,0.425345
2026-09-27T20:40:00Z,2026-09-27T20:45:00Z,0.425315,0.435695,0.422905,0.432125
2026-09-27T20:50:00Z,2026-09-27T20:55:00Z,0.432125,0.432125,0.341505,0.350705
2026-09-27T20:55:00Z,2026-09-27T21:00:00Z,0.350335,0.351325,0.341165,0.342955
2026-09-27T21:00:00Z,2026-09-27T21:05:00Z,0.343615,0.353695,0.343435,0.351815
2026-09-27T21:05:00Z,2026-09-27T21:10:00Z,0.351755,0.359335,0.346235,0.358915
2026-09-27T21:10:00Z,2026-09-27T21:15:00Z,0.358965,0.366415,0.357395,0.360325
2026-09-27T21:15:00Z,2026-09-27T21:20:00Z,0.360415,0.369135,0.359235,0.360645
2026-09-27T21:20:00Z,2026-09-27T21:25:00Z,0.359985,0.369055,0.359845,0.365815
2026-09-27T21:25:00Z,2026-09-27T21:30:00Z,0.365845,0.374265,0.365285,0.366485
2026-09-27T21:30:00Z,2026-09-27T21:35:00Z,0.366555,0.367675,0.354305,0.361135
2026-09-27T21:35:00Z,2026-09-27T21:40:00Z,0.361315,0.368765,0.361185,0.367215
2026-09-27T21:40:00Z,2026-09-27T21:45:00Z,0.367275,0.367375,0.354675,0.355175
2026-09-27T21:45:00Z,2026-09-27T21:50:00Z,0.355265,0.355265,0.346625,0.347085
2026-09-27T21:50:00Z,2026-09-27T21:55:00Z,0.347385,0.348425,0.338205,0.343225
2026-09-27T21:55:00Z,2026-09-27T22:00:00Z,0.343305,0.352545,0.341905,0.352025
2026-09-27T22:00:00Z,2026-09-27T22:05:00Z,0.351865,0.370785,0.351775,0.370135
2026-09-27T22:05:00Z,2026-09-27T22:10:00Z,0.369945,0.379385,0.360205,0.377465
2026-09-27T22:10:00Z,2026-09-27T22:15:00Z,0.377345,0.380295,0.371835,0.379085
2026-09-27T22:15:00Z,2026-09-27T22:20:00Z,0.379175,0.387005,0.378195,0.384235
2026-09-27T22:20:00Z,2026-09-27T22:25:00Z,0.384425,0.387315,0.374525,0.380685
2026-09-27T22:25:00Z,2026-09-27T22:30:00Z,0.380645,0.380885,0.371235,0.372855
2026-09-27T22:30:00Z,2026-09-27T22:35:00Z,0.373085,0.374925,0.368145,0.372865
2026-09-27T22:35:00Z,2026-09-27T22:40:00Z,0.373425,0.377545,0.367195,0.375125
2026-09-27T22:40:00Z,2026-09-27T22:45:00Z,0.374815,0.388655,0.373185,0.384685
2026-09-27T22:45:00Z,2026-09-27T22:50:00Z,0.385305,0.387895,0.373605,0.377055
2026-09-27T22:50:00Z,2026-09-27T22:55:00Z,0.377035,0.389615,0.376465,0.386455
2026-09-27T22:55:00Z,2026-09-27T23:00:00Z,0.386315,0.388015,0.378215,0.379595
2026-09-27T23:00:00Z,2026-09-27T23:05:00Z,0.379555,0.381615,0.373695,0.373695
2026-09-27T23:05:00Z,2026-09-27T23:10:00Z,0.373655,0.378665,0.367795,0.369985
2026-09-27T23:10:00Z,2026-09-27T23:15:00Z,0.369895,0.376235,0.366135,0.369595
2026-09-27T23:15:00Z,2026-09-27T23:20:00Z,0.369405,0.370525,0.359735,0.366395
2026-09-27T23:20:00Z,2026-09-27T23:25:00Z,0.365905,0.375645,0.360845,0.373835
2026-09-27T23:25:00Z,2026-09-27T23:30:00Z,0.374025,0.381735,0.368925,0.380575
2026-09-27T23:30:00Z,2026-09-27T23:35:00Z,0.380485,0.387835,0.379205,0.382795
2026-09-27T23:35:00Z,2026-09-27T23:40:00Z,0.382665,0.390235,0.378195,0.380785
2026-09-27T23:40:00Z,2026-09-27T23:45:00Z,0.380705,0.388025,0.379785,0.386235
2026-09-27T23:45:00Z,2026-09-27T23:50:00Z,0.386345,0.400255,0.381505,0.399555
2026-09-27T23:50:00Z,2026-09-27T23:55:00Z,0.399305,0.400625,0.388825,0.393055
2026-09-27T23:55:00Z,2026-09-28T00:00:00Z,0.393105,0.394965,0.381205,0.381855
2026-09-28T00:00:00Z,2026-09-28T00:05:00Z,0.382065,0.390595,0.380325,0.388035
2026-09-28T00:05:00Z,2026-09-28T00:10:00Z,0.388005,0.397245,0.386215,0.392375
2026-09-28T00:10:00Z,2026-09-28T00:15:00Z,0.392655,0.404275,0.392655,0.401795
2026-09-28T00:15:00Z,2026-09-28T00:20:00Z,0.401825,0.411535,0.400395,0.410545
2026-09-28T00:20:00Z,2026-09-28T00:25:00Z,0.410775,0.420345,0.410775,0.415305
2026-09-28T00:25:00Z,2026-09-28T00:30:00Z,0.415445,0.420895,0.412395,0.412745
2026-09-28T00:30:00Z,2026-09-28T00:35:00Z,0.412575,0.418845,0.406365,0.406585
2026-09-28T00:35:00Z,2026-09-28T00:40:00Z,0.406495,0.415285,0.405175,0.410155
2026-09-28T00:40:00Z,2026-09-28T00:45:00Z,0.410055,0.419295,0.402005,0.415315
2026-09-28T00:45:00Z,2026-09-28T00:50:00Z,0.415485,0.425285,0.415275,0.423295
2026-09-28T00:50:00Z,2026-09-28T00:55:00Z,0.423245,0.429595,0.421805,0.426475
2026-09-28T00:55:00Z,2026-09-28T01:00:00Z,0.426435,0.433175,0.423175,0.423445
2026-09-28T01:00:00Z,2026-09-28T01:05:00Z,0.423395,0.430645,0.413655,0.430645
2026-09-28T01:05:00Z,2026-09-28T01:10:00Z,0.430695,0.434455,0.424455,0.426475
2026-09-28T01:10:00Z,2026-09-28T01:15:00Z,0.426405,0.432435,0.421825,0.426955
2026-09-28T01:15:00Z,2026-09-28T01:20:00Z,0.427015,0.432425,0.422915,0.429875
2026-09-28T01:20:00Z,2026-09-28T01:25:00Z,0.430345,0.434495,0.423115,0.427785
2026-09-28T01:25:00Z,2026-09-28T01:30:00Z,0.427825,0.429265,0.418095,0.423705
2026-09-28T01:30:00Z,2026-09-28T01:35:00Z,0.423655,0.431115,0.421085,0.429615
2026-09-28T01:35:00Z,2026-09-28T01:40:00Z,0.429655,0.432785,0.424045,0.429745
2026-09-28T01:40:00Z,2026-09-28T01:45:00Z,0.429945,0.442085,0.429835,0.437045
2026-09-28T01:45:00Z,2026-09-28T01:50:00Z,0.437055,0.440235,0.430755,0.437225
2026-09-28T01:50:00Z,2026-09-28T01:55:00Z,0.437375,0.442415,0.429985,0.438015
2026-09-28T01:55:00Z,2026-09-28T02:00:00Z,0.438085,0.450135,0.436865,0.446315
2026-09-28T02:00:00Z,2026-09-28T02:05:00Z,0.446575,0.447705,0.423285,0.423765
2026-09-28T02:05:00Z,2026-09-28T02:10:00Z,0.423575,0.431375,0.421055,0.429645
2026-09-28T02:10:00Z,2026-09-28T02:15:00Z,0.429635,0.439195,0.424275,0.436535
2026-09-28T02:15:00Z,2026-09-28T02:20:00Z,0.436565,0.442895,0.427795,0.438945
2026-09-28T02:20:00Z,2026-09-28T02:25:00Z,0.438855,0.443685,0.424525,0.427215
2026-09-28T02:25:00Z,2026-09-28T02:30:00Z,0.427425,0.437915,0.424375,0.437605
2026-09-28T02:30:00Z,2026-09-28T02:35:00Z,0.437385,0.462025,0.434125,0.461765
2026-09-28T02:35:00Z,2026-09-28T02:40:00Z,0.461905,0.462115,0.436705,0.438625
2026-09-28T02:40:00Z,2026-09-28T02:45:00Z,0.438465,0.441365,0.429125,0.431575
2026-09-28T02:45:00Z,2026-09-28T02:50:00Z,0.431765,0.435715,0.425465,0.434065
2026-09-28T02:50:00Z,2026-09-28T02:55:00Z,0.433915,0.442685,0.431195,0.432695
2026-09-28T02:55:00Z,2026-09-28T03:00:00Z,0.432595,0.436155,0.425655,0.431485
2026-09-28T03:00:00Z,2026-09-28T03:05:00Z,0.430705,0.436975,0.425805,0.436415
2026-09-28T03:05:00Z,2026-09-28T03:10:00Z,0.436475,0.441855,0.432105,0.436485
2026-09-28T03:10:00Z,2026-09-28T03:15:00Z,0.436185,0.436875,0.425785,0.436705
2026-09-28T03:15:00Z,2026-09-28T03:20:00Z,0.436715,0.448065,0.430805,0.444865
2026-09-28T03:20:00Z,2026-09-28T03:25:00Z,0.444915,0.450745,0.434565,0.437285
2026-09-28T03:25:00Z,2026-09-28T03:30:00Z,0.437265,0.437615,0.420165,0.420835
2026-09-28T03:30:00Z,2026-09-28T03:35:00Z,0.421295,0.424215,0.415545,0.419525
2026-09-28T03:35:00Z,2026-09-28T03:40:00Z,0.419725,0.423555,0.414685,0.416335
2026-09-28T03:40:00Z,2026-09-28T03:45:00Z,0.416485,0.420265,0.411665,0.418545
2026-09-28T03:45:00Z,2026-09-28T03:50:00Z,0.418495,0.418495,0.393705,0.399485
2026-09-28T03:50:00Z,2026-09-28T03:55:00Z,0.399675,0.402045,0.392525,0.394795
2026-09-28T03:55:00Z,2026-09-28T04:00:00Z,0.394985,0.397195,0.388795,0.394515
2026-09-28T04:00:00Z,2026-09-28T04:05:00Z,0.394695,0.398795,0.389715,0.390155
2026-09-28T04:05:00Z,2026-09-28T04:10:00Z,0.390135,0.401715,0.387365,0.395315
2026-09-28T04:10:00Z,2026-09-28T04:15:00Z,0.395555,0.401995,0.393665,0.397385
2026-09-28T04:15:00Z,2026-09-28T04:20:00Z,0.397435,0.398075,0.387205,0.389365
2026-09-28T04:20:00Z,2026-09-28T04:25:00Z,0.389355,0.395145,0.385995,0.394905
2026-09-28T04:25:00Z,2026-09-28T04:30:00Z,0.395015,0.395265,0.386145,0.387265
2026-09-28T04:30:00Z,2026-09-28T04:35:00Z,0.387355,0.388165,0.375495,0.378545
2026-09-28T04:35:00Z,2026-09-28T04:40:00Z,0.378205,0.392535,0.376915,0.389645
2026-09-28T04:40:00Z,2026-09-28T04:45:00Z,0.389685,0.396115,0.385815,0.390535
2026-09-28T04:45:00Z,2026-09-28T04:50:00Z,0.390395,0.398495,0.389745,0.396975
2026-09-28T04:50:00Z,2026-09-28T04:55:00Z,0.396815,0.403265,0.394665,0.399595
2026-09-28T04:55:00Z,2026-09-28T05:00:00Z,0.399605,0.407815,0.398465,0.404695
2026-09-28T05:00:00Z,2026-09-28T05:05:00Z,0.404615,0.404635,0.388405,0.401085
2026-09-28T05:05:00Z,2026-09-28T05:10:00Z,0.401245,0.406705,0.397585,0.399855
2026-09-28T05:10:00Z,2026-09-28T05:15:00Z,0.399865,0.403835,0.394465,0.401175
2026-09-28T05:15:00Z,2026-09-28T05:20:00Z,0.401785,0.403495,0.397085,0.402685
2026-09-28T05:20:00Z,2026-09-28T05:25:00Z,0.402785,0.408715,0.393855,0.408715
2026-09-28T05:25:00Z,2026-09-28T05:30:00Z,0.408705,0.415915,0.404535,0.404785
2026-09-28T05:30:00Z,2026-09-28T05:35:00Z,0.404565,0.408235,0.398075,0.405955
2026-09-28T05:35:00Z,2026-09-28T05:40:00Z,0.405295,0.422005,0.404445,0.418915
2026-09-28T05:40:00Z,2026-09-28T05:45:00Z,0.419005,0.432495,0.412665,0.430995
2026-09-28T05:45:00Z,2026-09-28T05:50:00Z,0.430915,0.440015,0.427635,0.431805
2026-09-28T05:50:00Z,2026-09-28T05:55:00Z,0.431765,0.438165,0.424815,0.425595
2026-09-28T05:55:00Z,2026-09-28T06:00:00Z,0.425615,0.428905,0.416265,0.416705
2026-09-28T06:00:00Z,2026-09-28T06:05:00Z,0.416925,0.424365,0.416095,0.419915
2026-09-28T06:05:00Z,2026-09-28T06:10:00Z,0.419865,0.423675,0.408855,0.410675
2026-09-28T06:10:00Z,2026-09-28T06:15:00Z,0.410805,0.416455,0.402145,0.405675
2026-09-28T06:15:00Z,2026-09-28T06:20:00Z,0.405825,0.406065,0.398035,0.402065
2026-09-28T06:20:00Z,2026-09-28T06:25:00Z,0.402235,0.404715,0.394805,0.400705
2026-09-28T06:25:00Z,2026-09-28T06:30:00Z,0.400585,0.405275,0.388945,0.389425
2026-09-28T06:30:00Z,2026-09-28T06:35:00Z,0.389305,0.395925,0.388285,0.392815
2026-09-28T06:35:00Z,2026-09-28T06:40:00Z,0.392685,0.398425,0.386455,0.396395
2026-09-28T06:40:00Z,2026-09-28T06:45:00Z,0.396615,0.404175,0.394985,0.399145
2026-09-28T06:45:00Z,2026-09-28T06:50:00Z,0.398955,0.403655,0.393975,0.398045
2026-09-28T06:50:00Z,2026-09-28T06:55:00Z,0.397775,0.405815,0.393985,0.401845
2026-09-28T06:55:00Z,2026-09-28T07:00:00Z,0.401985,0.405605,0.397975,0.400085
2026-09-28T07:00:00Z,2026-09-28T07:05:00Z,0.399935,0.403425,0.389395,0.396795
2026-09-28T07:05:00Z,2026-09-28T07:10:00Z,0.396735,0.401205,0.380985,0.381405
2026-09-28T07:10:00Z,2026-09-28T07:15:00Z,0.381635,0.382705,0.372415,0.375075
2026-09-28T07:15:00Z,2026-09-28T07:20:00Z,0.375055,0.379575,0.366445,0.366785
2026-09-28T07:20:00Z,2026-09-28T07:25:00Z,0.366555,0.366605,0.355135,0.360375
2026-09-28T07:25:00Z,2026-09-28T07:30:00Z,0.360755,0.361385,0.344205,0.359405
2026-09-28T07:30:00Z,2026-09-28T07:35:00Z,0.359495,0.370915,0.358715,0.369475
2026-09-28T07:35:00Z,2026-09-28T07:40:00Z,0.369355,0.381415,0.369335,0.380695
2026-09-28T07:40:00Z,2026-09-28T07:45:00Z,0.380555,0.380585,0.360945,0.364255
2026-09-28T07:45:00Z,2026-09-28T07:50:00Z,0.364075,0.369865,0.362665,0.364355
2026-09-28T07:50:00Z,2026-09-28T07:55:00Z,0.364285,0.374075,0.362815,0.371215
2026-09-28T07:55:00Z,2026-09-28T08:00:00Z,0.371135,0.379345,0.369055,0.376375
2026-09-28T08:00:00Z,2026-09-28T08:05:00Z,0.376835,0.382075,0.372065,0.375465
2026-09-28T08:05:00Z,2026-09-28T08:10:00Z,0.375415,0.392475,0.372945,0.392315
2026-09-28T08:10:00Z,2026-09-28T08:15:00Z,0.392335,0.403415,0.388495,0.403125
2026-09-28T08:15:00Z,2026-09-28T08:20:00Z,0.403305,0.414005,0.399205,0.408345
2026-09-28T08:20:00Z,2026-09-28T08:25:00Z,0.408115,0.409245,0.400605,0.405595
2026-09-28T08:25:00Z,2026-09-28T08:30:00Z,0.405375,0.414615,0.402085,0.412165
2026-09-28T08:30:00Z,2026-09-28T08:35:00Z,0.412085,0.413255,0.403645,0.405525
2026-09-28T08:35:00Z,2026-09-28T08:40:00Z,0.405875,0.408925,0.394545,0.401885
2026-09-28T08:40:00Z,2026-09-28T08:45:00Z,0.402105,0.403935,0.391795,0.393485
2026-09-28T08:45:00Z,2026-09-28T08:50:00Z,0.393895,0.395945,0.388625,0.392185
2026-09-28T08:50:00Z,2026-09-28T08:55:00Z,0.391775,0.396995,0.384395,0.384395
2026-09-28T08:55:00Z,2026-09-28T09:00:00Z,0.384505,0.394005,0.381945,0.392785
2026-09-28T09:00:00Z,2026-09-28T09:05:00Z,0.392795,0.406115,0.392795,0.404885
2026-09-28T09:05:00Z,2026-09-28T09:10:00Z,0.405115,0.405135,0.395765,0.401835
2026-09-28T09:10:00Z,2026-09-28T09:15:00Z,0.402035,0.409905,0.400805,0.404515
2026-09-28T09:15:00Z,2026-09-28T09:20:00Z,0.404355,0.413675,0.403475,0.405875
2026-09-28T09:20:00Z,2026-09-28T09:25:00Z,0.405945,0.418875,0.403455,0.415385
2026-09-28T09:25:00Z,2026-09-28T09:30:00Z,0.415145,0.424685,0.413915,0.421335
2026-09-28T09:30:00Z,2026-09-28T09:35:00Z,0.421315,0.423485,0.407195,0.420825
2026-09-28T09:35:00Z,2026-09-28T09:40:00Z,0.421105,0.435055,0.420665,0.433525
2026-09-28T09:40:00Z,2026-09-28T09:45:00Z,0.433455,0.437295,0.425305,0.433945
2026-09-28T09:45:00Z,2026-09-28T09:50:00Z,0.433795,0.433795,0.420195,0.425995
2026-09-28T09:50:00Z,2026-09-28T09:55:00Z,0.426095,0.426095,0.413225,0.416655
2026-09-28T09:55:00Z,2026-09-28T10:00:00Z,0.416765,0.421855,0.411945,0.414055
2026-09-28T10:00:00Z,2026-09-28T10:05:00Z,0.414155,0.414645,0.404685,0.406685
2026-09-28T10:05:00Z,2026-09-28T10:10:00Z,0.406545,0.408955,0.398315,0.400865
2026-09-28T10:10:00Z,2026-09-28T10:15:00Z,0.400845,0.405685,0.397445,0.403615
2026-09-28T10:15:00Z,2026-09-28T10:20:00Z,0.403445,0.414875,0.403445,0.406485
2026-09-28T10:20:00Z,2026-09-28T10:25:00Z,0.406195,0.410975,0.400805,0.409725
2026-09-28T10:25:00Z,2026-09-28T10:30:00Z,0.409935,0.413265,0.407355,0.409585
2026-09-28T10:30:00Z,2026-09-28T10:35:00Z,0.409125,0.410705,0.400295,0.401945
2026-09-28T10:35:00Z,2026-09-28T10:40:00Z,0.401965,0.411705,0.398925,0.408395
2026-09-28T10:40:00Z,2026-09-28T10:45:00Z,0.408185,0.415985,0.406545,0.412765
2026-09-28T10:45:00Z,2026-09-28T10:50:00Z,0.412895,0.427985,0.412615,0.424575
2026-09-28T10:50:00Z,2026-09-28T10:55:00Z,0.424485,0.427485,0.410525,0.410665
2026-09-28T10:55:00Z,2026-09-28T11:00:00Z,0.410755,0.414985,0.401125,0.409945
2026-09-28T11:00:00Z,2026-09-28T11:05:00Z,0.409815,0.417125,0.408505,0.415485
2026-09-28T11:05:00Z,2026-09-28T11:10:00Z,0.415755,0.416035,0.402335,0.414745
2026-09-28T11:10:00Z,2026-09-28T11:15:00Z,0.414995,0.415235,0.403485,0.407055
2026-09-28T11:15:00Z,2026-09-28T11:20:00Z,0.407235,0.409075,0.402595,0.405265
2026-09-28T11:20:00Z,2026-09-28T11:25:00Z,0.405105,0.407825,0.392585,0.397135
2026-09-28T11:25:00Z,2026-09-28T11:30:00Z,0.396765,0.404665,0.391855,0.401595
2026-09-28T11:30:00Z,2026-09-28T11:35:00Z,0.401785,0.404295,0.395515,0.396925
2026-09-28T11:35:00Z,2026-09-28T11:40:00Z,0.396875,0.402695,0.391215,0.392165
2026-09-28T11:40:00Z,2026-09-28T11:45:00Z,0.392255,0.393955,0.386375,0.392755
2026-09-28T11:45:00Z,2026-09-28T11:50:00Z,0.392735,0.399205,0.390645,0.391465
2026-09-28T11:50:00Z,2026-09-28T11:55:00Z,0.390515,0.392215,0.378645,0.382055
2026-09-28T11:55:00Z,2026-09-28T12:00:00Z,0.382145,0.389065,0.379975,0.386065
2026-09-28T12:00:00Z,2026-09-28T12:05:00Z,0.386295,0.396325,0.385805,0.388375
2026-09-28T12:05:00Z,2026-09-28T12:10:00Z,0.388155,0.398575,0.384875,0.396215
2026-09-28T12:10:00Z,2026-09-28T12:15:00Z,0.396205,0.400965,0.387545,0.399415
2026-09-28T12:15:00Z,2026-09-28T12:20:00Z,0.399475,0.411165,0.398505,0.408835
2026-09-28T12:20:00Z,2026-09-28T12:25:00Z,0.408705,0.427095,0.408315,0.427055
2026-09-28T12:25:00Z,2026-09-28T12:30:00Z,0.427105,0.436405,0.424805,0.424975
2026-09-28T12:30:00Z,2026-09-28T12:35:00Z,0.425295,0.427995,0.414155,0.416405
2026-09-28T12:35:00Z,2026-09-28T12:40:00Z,0.416275,0.423255,0.416045,0.420535
2026-09-28T12:40:00Z,2026-09-28T12:45:00Z,0.419975,0.422615,0.411965,0.420255
2026-09-28T12:45:00Z,2026-09-28T12:50:00Z,0.420115,0.425085,0.414585,0.421215
2026-09-28T12:50:00Z,2026-09-28T12:55:00Z,0.421175,0.424895,0.416925,0.417535
2026-09-28T12:55:00Z,2026-09-28T13:00:00Z,0.417805,0.427575,0.417165,0.425115
2026-09-28T13:00:00Z,2026-09-28T13:05:00Z,0.425125,0.433075,0.417685,0.430605
2026-09-28T13:05:00Z,2026-09-28T13:10:00Z,0.430735,0.431955,0.421425,0.426285
2026-09-28T13:10:00Z,2026-09-28T13:15:00Z,0.426015,0.429445,0.421495,0.424425
2026-09-28T13:15:00Z,2026-09-28T13:20:00Z,0.425485,0.425925,0.409665,0.418805
2026-09-28T13:20:00Z,2026-09-28T13:25:00Z,0.418935,0.439095,0.417035,0.435785
2026-09-28T13:25:00Z,2026-09-28T13:30:00Z,0.435995,0.435995,0.418435,0.423425
2026-09-28T13:30:00Z,2026-09-28T13:35:00Z,0.423515,0.423945,0.406365,0.406685
2026-09-28T13:35:00Z,2026-09-28T13:40:00Z,0.406505,0.408775,0.392555,0.395515
2026-09-28T13:40:00Z,2026-09-28T13:45:00Z,0.395525,0.406445,0.394085,0.403895
2026-09-28T13:45:00Z,2026-09-28T13:50:00Z,0.404135,0.405235,0.391375,0.394375
2026-09-28T13:50:00Z,2026-09-28T13:55:00Z,0.394335,0.406915,0.394105,0.402165
2026-09-28T13:55:00Z,2026-09-28T14:00:00Z,0.402115,0.413095,0.401705,0.405965
2026-09-25T02:45:00Z,2026-09-25T02:50:00Z,0.344255,0.347295,0.336645,0.336645
2026-09-25T02:50:00Z,2026-09-25T02:55:00Z,0.336845,0.343275,0.332775,0.340685
2026-09-25T02:55:00Z,2026-09-25T03:00:00Z,0.340265,0.353315,0.339495,0.353005
2026-09-25T03:00:00Z,2026-09-25T03:05:00Z,0.352825,0.352955,0.340945,0.341585
2026-09-25T03:05:00Z,2026-09-25T03:10:00Z,0.341695,0.351345,0.340795,0.343585
2026-09-25T03:10:00Z,2026-09-25T03:15:00Z,0.343505,0.349025,0.340235,0.342535
2026-09-25T03:15:00Z,2026-09-25T03:20:00Z,0.342565,0.350835,0.341795,0.349575
2026-09-25T03:20:00Z,2026-09-25T03:25:00Z,0.349695,0.351945,0.345295,0.350595
2026-09-25T03:25:00Z,2026-09-25T03:30:00Z,0.350545,0.365015,0.349505,0.363745
2026-09-25T03:30:00Z,2026-09-25T03:35:00Z,0.363355,0.363355,0.352585,0.360115
2026-09-25T03:35:00Z,2026-09-25T03:40:00Z,0.360235,0.361305,0.351505,0.354125
2026-09-25T03:40:00Z,2026-09-25T03:45:00Z,0.354145,0.359035,0.351025,0.357545
2026-09-25T03:45:00Z,2026-09-25T03:50:00Z,0.357635,0.363805,0.354525,0.358325
2026-09-25T03:50:00Z,2026-09-25T03:55:00Z,0.357645,0.367435,0.355215,0.365145
2026-09-25T03:55:00Z,2026-09-25T04:00:00Z,0.365265,0.365995,0.350655,0.353835
2026-09-25T04:00:00Z,2026-09-25T04:05:00Z,0.353925,0.354385,0.345335,0.350145
2026-09-25T04:05:00Z,2026-09-25T04:10:00Z,0.349955,0.352325,0.344755,0.348105
2026-09-25T04:10:00Z,2026-09-25T04:15:00Z,0.348185,0.356465,0.344505,0.351605
2026-09-25T04:15:00Z,2026-09-25T04:20:00Z,0.351425,0.356145,0.344825,0.354785
2026-09-25T04:20:00Z,2026-09-25T04:25:00Z,0.354855,0.355145,0.342265,0.344035
2026-09-25T04:25:00Z,2026-09-25T04:30:00Z,0.343875,0.349085,0.341075,0.345425
2026-09-25T04:30:00Z,2026-09-25T04:35:00Z,0.345545,0.350535,0.342715,0.347495
2026-09-25T04:35:00Z,2026-09-25T04:40:00Z,0.347245,0.355795,0.346505,0.351965
2026-09-25T04:40:00Z,2026-09-25T04:45:00Z,0.351875,0.353875,0.342775,0.342775
2026-09-25T04:45:00Z,2026-09-25T04:50:00Z,0.342945,0.345645,0.336785,0.341465
2026-09-25T04:50:00Z,2026-09-25T04:55:00Z,0.341265,0.355235,0.341075,0.354955
2026-09-25T04:55:00Z,2026-09-25T05:00:00Z,0.354745,0.365885,0.354525,0.358365
2026-09-25T05:00:00Z,2026-09-25T05:05:00Z,0.358185,0.361895,0.350105,0.354135
2026-09-25T05:05:00Z,2026-09-25T05:10:00Z,0.354265,0.359205,0.349665,0.358845
2026-09-25T05:10:00Z,2026-09-25T05:15:00Z,0.359175,0.362665,0.347585,0.349195
2026-09-25T05:15:00Z,2026-09-25T05:20:00Z,0.348915,0.357955,0.341695,0.357955
2026-09-25T05:20:00Z,2026-09-25T05:25:00Z,0.357875,0.361195,0.347705,0.360725
2026-09-25T05:25:00Z,2026-09-25T05:30:00Z,0.360505,0.362095,0.347875,0.354055
2026-09-25T05:30:00Z,2026-09-25T05:35:00Z,0.353835,0.365285,0.351825,0.352825
2026-09-25T05:35:00Z,2026-09-25T05:40:00Z,0.353095,0.360845,0.349795,0.358145
2026-09-25T05:40:00Z,2026-09-25T05:45:00Z,0.358235,0.365745,0.354865,0.363945
2026-09-25T05:45:00Z,2026-09-25T05:50:00Z,0.364155,0.369165,0.362505,0.367765
2026-09-25T05:50:00Z,2026-09-25T05:55:00Z,0.367785,0.385135,0.363135,0.383675
2026-09-25T05:55:00Z,2026-09-25T06:00:00Z,0.383575,0.385285,0.372095,0.372095
2026-09-25T06:00:00Z,2026-09-25T06:05:00Z,0.371905,0.385525,0.368585,0.375925
2026-09-25T06:05:00Z,2026-09-25T06:10:00Z,0.376055,0.378695,0.367855,0.378045
2026-09-25T06:10:00Z,2026-09-25T06:15:00Z,0.378015,0.379465,0.372285,0.374015
2026-09-25T06:15:00Z,2026-09-25T06:20:00Z,0.373305,0.376675,0.369185,0.372195
2026-09-25T06:20:00Z,2026-09-25T06:25:00Z,0.372255,0.382975,0.368075,0.380425
2026-09-25T06:25:00Z,2026-09-25T06:30:00Z,0.380665,0.380915,0.371725,0.372135
2026-09-25T06:30:00Z,2026-09-25T06:35:00Z,0.372395,0.385915,0.371395,0.385915
2026-09-25T06:35:00Z,2026-09-25T06:40:00Z,0.385765,0.393645,0.383345,0.386435
2026-09-25T06:40:00Z,2026-09-25T06:45:00Z,0.386805,0.387235,0.373425,0.374615
2026-09-25T06:45:00Z,2026-09-25T06:50:00Z,0.374695,0.380825,0.370775,0.373295
2026-09-25T06:50:00Z,2026-09-25T06:55:00Z,0.373355,0.376855,0.369485,0.374675
2026-09-25T06:55:00Z,2026-09-25T07:00:00Z,0.374735,0.390515,0.374645,0.388725
2026-09-25T07:00:00Z,2026-09-25T07:05:00Z,0.388685,0.392825,0.384235,0.387905
2026-09-25T07:05:00Z,2026-09-25T07:10:00Z,0.387765,0.400805,0.386715,0.400555
2026-09-25T07:10:00Z,2026-09-25T07:15:00Z,0.400605,0.401165,0.392695,0.398345
2026-09-25T07:15:00Z,2026-09-25T07:20:00Z,0.398195,0.399505,0.388395,0.390385
2026-09-25T07:20:00Z,2026-09-25T07:25:00Z,0.390205,0.393245,0.377905,0.380515
2026-09-25T07:25:00Z,2026-09-25T07:30:00Z,0.379985,0.385505,0.373655,0.384615
2026-09-25T07:30:00Z,2026-09-25T07:35:00Z,0.384605,0.392305,0.381515,0.382295
2026-09-25T07:35:00Z,2026-09-25T07:40:00Z,0.381785,0.386655,0.376665,0.378315
2026-09-25T07:40:00Z,2026-09-25T07:45:00Z,0.377785,0.383215,0.370925,0.371905
2026-09-25T07:45:00Z,2026-09-25T07:50:00Z,0.371885,0.372115,0.364495,0.366255
2026-09-25T07:50:00Z,2026-09-25T07:55:00Z,0.366355,0.373235,0.366125,0.372035
2026-09-25T07:55:00Z,2026-09-25T08:00:00Z,0.372665,0.378125,0.366325,0.373055
2026-09-25T08:00:00Z,2026-09-25T08:05:00Z,0.372595,0.372925,0.361785,0.363555
2026-09-25T08:05:00Z,2026-09-25T08:10:00Z,0.363775,0.366935,0.357565,0.361405
2026-09-25T08:10:00Z,2026-09-25T08:15:00Z,0.361185,0.371905,0.360375,0.369365
2026-09-25T08:15:00Z,2026-09-25T08:20:00Z,0.369505,0.376175,0.364125,0.373135
2026-09-25T08:20:00Z,2026-09-25T08:25:00Z,0.373195,0.381925,0.368805,0.377235
2026-09-25T08:25:00Z,2026-09-25T08:30:00Z,0.377125,0.381015,0.372895,0.380465
2026-09-25T08:30:00Z,2026-09-25T08:35:00Z,0.380675,0.383525,0.371785,0.376605
2026-09-25T08:35:00Z,2026-09-25T08:40:00Z,0.377055,0.378965,0.371415,0.375735
2026-09-25T08:40:00Z,2026-09-25T08:45:00Z,0.375675,0.381895,0.368815,0.370885
2026-09-25T08:45:00Z,2026-09-25T08:50:00Z,0.370805,0.375605,0.364725,0.370405
2026-09-25T08:50:00Z,2026-09-25T08:55:00Z,0.370215,0.371075,0.362615,0.366465
2026-09-25T08:55:00Z,2026-09-25T09:00:00Z,0.366625,0.377795,0.364955,0.372295
2026-09-25T09:00:00Z,2026-09-25T09:05:00Z,0.372505,0.372725,0.364965,0.371175
2026-09-25T09:05:00Z,2026-09-25T09:10:00Z,0.371155,0.371345,0.358705,0.359585
2026-09-25T09:10:00Z,2026-09-25T09:15:00Z,0.359655,0.364095,0.351835,0.354175
2026-09-25T09:15:00Z,2026-09-25T09:20:00Z,0.354005,0.367345,0.352445,0.360795
2026-09-25T09:20:00Z,2026-09-25T09:25:00Z,0.360685,0.366185,0.355385,0.365135
2026-09-25T09:25:00Z,2026-09-25T09:30:00Z,0.365365,0.371465,0.359825,0.363295
2026-09-25T09:30:00Z,2026-09-25T09:35:00Z,0.363215,0.373145,0.362245,0.363385
2026-09-25T09:35:00Z,2026-09-25T09:40:00Z,0.363455,0.367955,0.358145,0.359145
2026-09-25T09:40:00Z,2026-09-25T09:45:00Z,0.359195,0.364425,0.354615,0.355145
2026-09-25T09:45:00Z,2026-09-25T09:50:00Z,0.354935,0.356105,0.348175,0.350305
2026-09-25T09:50:00Z,2026-09-25T09:55:00Z,0.350605,0.356925,0.350165,0.356475
2026-09-25T09:55:00Z,2026-09-25T10:00:00Z,0.355835,0.358405,0.349915,0.350755
2026-09-25T10:00:00Z,2026-09-25T10:05:00Z,0.350785,0.366825,0.349075,0.362845
2026-09-25T10:05:00Z,2026-09-25T10:10:00Z,0.362965,0.365505,0.357495,0.359325
2026-09-25T10:10:00Z,2026-09-25T10:15:00Z,0.359435,0.362455,0.354185,0.359125
2026-09-25T10:15:00Z,2026-09-25T10:20:00Z,0.358505,0.370155,0.356405,0.367885
2026-09-25T10:20:00Z,2026-09-25T10:25:00Z,0.368075,0.376155,0.366045,0.372755
2026-09-25T10:25:00Z,2026-09-25T10:30:00Z,0.372535,0.377325,0.368545,0.376475
2026-09-25T10:30:00Z,2026-09-25T10:35:00Z,0.376595,0.380065,0.373335,0.375095
2026-09-25T10:35:00Z,2026-09-25T10:40:00Z,0.374855,0.377165,0.364865,0.366195
2026-09-25T10:40:00Z,2026-09-25T10:45:00Z,0.366215,0.374335,0.361895,0.362495
2026-09-25T10:45:00Z,2026-09-25T10:50:00Z,0.362275,0.375375,0.360245,0.370305
2026-09-25T10:50:00Z,2026-09-25T10:55:00Z,0.370555,0.371405,0.364975,0.365775
2026-09-25T10:55:00Z,2026-09-25T11:00:00Z,0.365665,0.367275,0.359585,0.363175
2026-09-25T11:00:00Z,2026-09-25T11:05:00Z,0.363105,0.367875,0.361945,0.366015
2026-09-25T11:05:00Z,2026-09-25T11:10:00Z,0.366135,0.381615,0.366005,0.381295
2026-09-25T11:10:00Z,2026-09-25T11:15:00Z,0.381185,0.384525,0.370305,0.374365
2026-09-25T11:15:00Z,2026-09-25T11:20:00Z,0.374575,0.375035,0.369065,0.373725
2026-09-25T11:20:00Z,2026-09-25T11:25:00Z,0.374195,0.385295,0.373875,0.377435
2026-09-25T11:25:00Z,2026-09-25T11:30:00Z,0.377645,0.383325,0.372825,0.373825
2026-09-25T11:30:00Z,2026-09-25T11:35:00Z,0.373915,0.380745,0.371085,0.379445
2026-09-25T11:35:00Z,2026-09-25T11:40:00Z,0.378975,0.385145,0.376735,0.381445
2026-09-25T11:40:00Z,2026-09-25T11:45:00Z,0.381415,0.382205,0.370885,0.376275
2026-09-25T11:45:00Z,2026-09-25T11:50:00Z,0.376075,0.382755,0.374575,0.375655
2026-09-25T11:50:00Z,2026-09-25T11:55:00Z,0.375815,0.387125,0.374985,0.383365
2026-09-25T11:55:00Z,2026-09-25T12:00:00Z,0.383145,0.387945,0.372705,0.373975
2026-09-25T12:00:00Z,2026-09-25T12:05:00Z,0.373925,0.374395,0.362155,0.369685
2026-09-25T12:05:00Z,2026-09-25T12:10:00Z,0.369445,0.376495,0.367845,0.376465
2026-09-25T12:10:00Z,2026-09-25T12:15:00Z,0.376285,0.389755,0.373605,0.384305
2026-09-25T12:15:00Z,2026-09-25T12:20:00Z,0.384365,0.388295,0.381785,0.387085
2026-09-25T12:20:00Z,2026-09-25T12:25:00Z,0.387265,0.403845,0.387265,0.400795
2026-09-25T12:25:00Z,2026-09-25T12:30:00Z,0.400595,0.403685,0.396015,0.400715
2026-09-25T12:30:00Z,2026-09-25T12:35:00Z,0.400555,0.405065,0.390205,0.398805
2026-09-25T12:35:00Z,2026-09-25T12:40:00Z,0.398795,0.410565,0.395005,0.410125
2026-09-25T12:40:00Z,2026-09-25T12:45:00Z,0.410385,0.424415,0.410385,0.421225
2026-09-25T12:45:00Z,2026-09-25T12:50:00Z,0.421355,0.423705,0.409215,0.409575
2026-09-25T12:50:00Z,2026-09-25T12:55:00Z,0.410125,0.414755,0.402925,0.402995
2026-09-25T12:55:00Z,2026-09-25T13:00:00Z,0.403215,0.412575,0.403215,0.405955
2026-09-25T13:00:00Z,2026-09-25T13:05:00Z,0.405695,0.406305,0.396305,0.396875
2026-09-25T13:05:00Z,2026-09-25T13:10:00Z,0.397045,0.398085,0.379305,0.382405
2026-09-25T13:10:00Z,2026-09-25T13:15:00Z,0.381755,0.396035,0.380335,0.391915
2026-09-25T13:15:00Z,2026-09-25T13:20:00Z,0.391705,0.412615,0.389575,0.409905
2026-09-25T13:20:00Z,2026-09-25T13:25:00Z,0.409875,0.414615,0.404815,0.405025
2026-09-25T13:25:00Z,2026-09-25T13:30:00Z,0.404915,0.405675,0.396985,0.400925
2026-09-25T13:30:00Z,2026-09-25T13:35:00Z,0.400725,0.400845,0.383305,0.386855
2026-09-25T13:35:00Z,2026-09-25T13:40:00Z,0.387015,0.394445,0.386245,0.388055
2026-09-25T13:40:00Z,2026-09-25T13:45:00Z,0.388175,0.388295,0.372665,0.374175
2026-09-25T13:45:00Z,2026-09-25T13:50:00Z,0.374755,0.377965,0.365505,0.370635
2026-09-25T13:50:00Z,2026-09-25T13:55:00Z,0.370875,0.372585,0.363885,0.365965
2026-09-25T13:55:00Z,2026-09-25T14:00:00Z,0.366165,0.367955,0.358175,0.364185
2026-09-25T14:00:00Z,2026-09-25T14:05:00Z,0.364355,0.369825,0.360475,0.369435
2026-09-25T14:05:00Z,2026-09-25T14:10:00Z,0.369245,0.378885,0.368035,0.377815
2026-09-25T14:10:00Z,2026-09-25T14:15:00Z,0.378045,0.379265,0.368365,0.369135
2026-09-25T14:15:00Z,2026-09-25T14:20:00Z,0.369295,0.371905,0.362105,0.371445
2026-09-25T14:20:00Z,2026-09-25T14:25:00Z,0.371325,0.373455,0.361575,0.361575
2026-09-25T14:25:00Z,2026-09-25T14:30:00Z,0.361645,0.369685,0.361085,0.365785
2026-09-25T14:30:00Z,2026-09-25T14:35:00Z,0.365985,0.373905,0.362135,0.371745
2026-09-25T14:35:00Z,2026-09-25T14:40:00Z,0.371135,0.377295,0.366365,0.376815
2026-09-25T14:40:00Z,2026-09-25T14:45:00Z,0.376915,0.388745,0.376545,0.388635
2026-09-25T14:45:00Z,2026-09-25T14:50:00Z,0.388005,0.388925,0.375955,0.384235
2026-09-25T14:50:00Z,2026-09-25T14:55:00Z,0.384125,0.386595,0.373145,0.375545
2026-09-25T14:55:00Z,2026-09-25T15:00:00Z,0.375755,0.379195,0.363845,0.370975
2026-09-25T15:00:00Z,2026-09-25T15:05:00Z,0.370845,0.374015,0.367155,0.369425
2026-09-25T15:05:00Z,2026-09-25T15:10:00Z,0.369295,0.376065,0.366805,0.375585
2026-09-25T15:10:00Z,2026-09-25T15:15:00Z,0.375775,0.386405,0.375375,0.381355
2026-09-25T15:15:00Z,2026-09-25T15:20:00Z,0.381425,0.394165,0.381305,0.388225
2026-09-25T15:20:00Z,2026-09-25T15:25:00Z,0.388005,0.388005,0.379985,0.380645
2026-09-25T15:25:00Z,2026-09-25T15:30:00Z,0.380435,0.383905,0.372775,0.373305
2026-09-25T15:30:00Z,2026-09-25T15:35:00Z,0.373525,0.384095,0.369695,0.369695
2026-09-25T15:35:00Z,2026-09-25T15:40:00Z,0.369465,0.374325,0.362285,0.373695
2026-09-25T15:40:00Z,2026-09-25T15:45:00Z,0.374255,0.387665,0.369795,0.383165
2026-09-25T15:45:00Z,2026-09-25T15:50:00Z,0.383655,0.390335,0.380465,0.382815
2026-09-25T15:50:00Z,2026-09-25T15:55:00Z,0.382905,0.388295,0.375635,0.384795
2026-09-25T15:55:00Z,2026-09-25T16:00:00Z,0.385015,0.395785,0.384865,0.386075
2026-09-25T16:00:00Z,2026-09-25T16:05:00Z,0.386265,0.386695,0.378425,0.381555
2026-09-25T16:05:00Z,2026-09-25T16:10:00Z,0.380985,0.391575,0.379765,0.391475
2026-09-25T16:10:00Z,2026-09-25T16:15:00Z,0.391715,0.394935,0.386635,0.387525
2026-09-25T16:15:00Z,2026-09-25T16:20:00Z,0.387405,0.401245,0.385385,0.397555
2026-09-25T16:20:00Z,2026-09-25T16:25:00Z,0.397475,0.405545,0.395765,0.401295
2026-09-25T16:25:00Z,2026-09-25T16:30:00Z,0.401225,0.402275,0.379555,0.381435
2026-09-25T16:30:00Z,2026-09-25T16:35:00Z,0.381375,0.391565,0.381225,0.381805
2026-09-25T16:35:00Z,2026-09-25T16:40:00Z,0.381615,0.384395,0.371035,0.371535
2026-09-25T16:40:00Z,2026-09-25T16:45:00Z,0.371695,0.374145,0.362895,0.373145
2026-09-25T16:45:00Z,2026-09-25T16:50:00Z,0.373095,0.377235,0.363775,0.364525
2026-09-25T16:50:00Z,2026-09-25T16:55:00Z,0.364295,0.371765,0.362255,0.363435
2026-09-25T16:55:00Z,2026-09-25T17:00:00Z,0.363625,0.364265,0.353835,0.354795
2026-09-25T17:00:00Z,2026-09-25T17:05:00Z,0.354815,0.363935,0.352075,0.363855
2026-09-25T17:05:00Z,2026-09-25T17:10:00Z,0.363965,0.372155,0.360775,0.371855
2026-09-25T17:10:00Z,2026-09-25T17:15:00Z,0.371635,0.374365,0.363755,0.367445
2026-09-25T17:15:00Z,2026-09-25T17:20:00Z,0.367565,0.380035,0.365055,0.375425
2026-09-25T17:20:00Z,2026-09-25T17:25:00Z,0.375435,0.384535,0.369565,0.384275
2026-09-25T17:25:00Z,2026-09-25T17:30:00Z,0.383865,0.384175,0.369565,0.371745
2026-09-25T17:30:00Z,2026-09-25T17:35:00Z,0.371905,0.375975,0.366795,0.367985
2026-09-25T17:35:00Z,2026-09-25T17:40:00Z,0.368095,0.368935,0.360835,0.364955
2026-09-25T17:40:00Z,2026-09-25T17:45:00Z,0.364745,0.374745,0.364155,0.369075
2026-09-25T17:45:00Z,2026-09-25T17:50:00Z,0.368915,0.379995,0.366665,0.378495
2026-09-25T17:50:00Z,2026-09-25T17:55:00Z,0.378765,0.379855,0.368205,0.368765
2026-09-25T17:55:00Z,2026-09-25T18:00:00Z,0.368845,0.371985,0.362615,0.363445
2026-09-25T18:00:00Z,2026-09-25T18:05:00Z,0.363315,0.365515,0.357945,0.357945
2026-09-25T18:05:00Z,2026-09-25T18:10:00Z,0.358085,0.369605,0.354495,0.368735
2026-09-25T18:10:00Z,2026-09-25T18:15:00Z,0.368335,0.368875,0.356715,0.357325
2026-09-25T18:15:00Z,2026-09-25T18:20:00Z,0.357375,0.357565,0.349835,0.354875
2026-09-25T18:20:00Z,2026-09-25T18:25:00Z,0.355075,0.356675,0.349275,0.353405
2026-09-25T18:25:00Z,2026-09-25T18:30:00Z,0.353425,0.354965,0.344825,0.351965
2026-09-25T18:30:00Z,2026-09-25T18:35:00Z,0.351825,0.359115,0.349115,0.358055
2026-09-25T18:35:00Z,2026-09-25T18:40:00Z,0.357875,0.361115,0.351405,0.359815
2026-09-25T18:40:00Z,2026-09-25T18:45:00Z,0.360255,0.362105,0.352765,0.357515
2026-09-25T18:45:00Z,2026-09-25T18:50:00Z,0.357655,0.364975,0.355625,0.357175
2026-09-25T18:50:00Z,2026-09-25T18:55:00Z,0.357065,0.375295,0.354745,0.373295
2026-09-25T18:55:00Z,2026-09-25T19:00:00Z,0.373225,0.380895,0.363755,0.379875
2026-09-25T19:00:00Z,2026-09-25T19:05:00Z,0.379615,0.387965,0.377815,0.386735
2026-09-25T19:05:00Z,2026-09-25T19:10:00Z,0.386845,0.400875,0.383515,0.399525
2026-09-25T19:10:00Z,2026-09-25T19:15:00Z,0.399485,0.415475,0.397055,0.413445
2026-09-25T19:15:00Z,2026-09-25T19:20:00Z,0.413555,0.419205,0.404095,0.411215
2026-09-25T19:20:00Z,2026-09-25T19:25:00Z,0.411125,0.416875,0.408765,0.415675
2026-09-25T19:25:00Z,2026-09-25T19:30:00Z,0.415485,0.418255,0.401785,0.410045
2026-09-25T19:30:00Z,2026-09-25T19:35:00Z,0.409925,0.412825,0.395585,0.399095
2026-09-25T19:35:00Z,2026-09-25T19:40:00Z,0.398325,0.398475,0.383585,0.384445
2026-09-25T19:40:00Z,2026-09-25T19:45:00Z,0.384685,0.397095,0.383735,0.390765
2026-09-25T19:45:00Z,2026-09-25T19:50:00Z,0.390565,0.391495,0.378545,0.380155
2026-09-25T19:50:00Z,2026-09-25T19:55:00Z,0.379755,0.387385,0.377635,0.382885
2026-09-25T19:55:00Z,2026-09-25T20:00:00Z,0.382965,0.389265,0.378825,0.388735
2026-09-25T20:00:00Z,2026-09-25T20:05:00Z,0.388855,0.391795,0.386465,0.390065
2026-09-25T20:05:00Z,2026-09-25T20:10:00Z,0.389855,0.390625,0.374715,0.375575
2026-09-25T20:10:00Z,2026-09-25T20:15:00Z,0.375345,0.388395,0.372845,0.388215
2026-09-25T20:15:00Z,2026-09-25T20:20:00Z,0.388085,0.388715,0.379875,0.383585
2026-09-25T20:20:00Z,2026-09-25T20:25:00Z,0.384045,0.384045,0.369355,0.376185
2026-09-25T20:25:00Z,2026-09-25T20:30:00Z,0.376205,0.378645,0.369665,0.376595
2026-09-25T20:30:00Z,2026-09-25T20:35:00Z,0.376785,0.390025,0.375485,0.380375
2026-09-25T20:35:00Z,2026-09-25T20:40:00Z,0.380225,0.386055,0.377695,0.385045
2026-09-25T20:40:00Z,2026-09-25T20:45:00Z,0.384825,0.389955,0.383185,0.386465
2026-09-25T20:50:00Z,2026-09-25T20:55:00Z,0.386465,0.386465,0.334615,0.336065
2026-09-25T20:55:00Z,2026-09-25T21:00:00Z,0.336255,0.336755,0.329085,0.329465
2026-09-25T21:00:00Z,2026-09-25T21:05:00Z,0.329655,0.333245,0.324095,0.326925
2026-09-25T21:05:00Z,2026-09-25T21:10:00Z,0.327065,0.339105,0.326775,0.338905
2026-09-25T21:10:00Z,2026-09-25T21:15:00Z,0.338715,0.344675,0.338035,0.339925
2026-09-25T21:15:00Z,2026-09-25T21:20:00Z,0.339945,0.358595,0.339615,0.358175
2026-09-25T21:20:00Z,2026-09-25T21:25:00Z,0.357945,0.360755,0.349685,0.352475
2026-09-25T21:25:00Z,2026-09-25T21:30:00Z,0.352485,0.365375,0.351795,0.362855
2026-09-25T21:30:00Z,2026-09-25T21:35:00Z,0.362905,0.368855,0.356665,0.357955
2026-09-25T21:35:00Z,2026-09-25T21:40:00Z,0.358035,0.361375,0.350745,0.361375
2026-09-25T21:40:00Z,2026-09-25T21:45:00Z,0.361215,0.363985,0.338805,0.339955
2026-09-25T21:45:00Z,2026-09-25T21:50:00Z,0.339755,0.348835,0.337025,0.346475
2026-09-25T21:50:00Z,2026-09-25T21:55:00Z,0.346485,0.347395,0.331035,0.332085
2026-09-25T21:55:00Z,2026-09-25T22:00:00Z,0.331785,0.333405,0.324165,0.328925
2026-09-25T22:00:00Z,2026-09-25T22:05:00Z,0.328975,0.339275,0.328975,0.337775
2026-09-25T22:05:00Z,2026-09-25T22:10:00Z,0.338175,0.339555,0.326295,0.329365
2026-09-25T22:10:00Z,2026-09-25T22:15:00Z,0.329305,0.330045,0.324965,0.327785
2026-09-25T22:15:00Z,2026-09-25T22:20:00Z,0.327615,0.332535,0.325535,0.331115
2026-09-25T22:20:00Z,2026-09-25T22:25:00Z,0.331315,0.332025,0.320885,0.323135
2026-09-25T22:25:00Z,2026-09-25T22:30:00Z,0.323025,0.324455,0.312805,0.314515
2026-09-25T22:30:00Z,2026-09-25T22:35:00Z,0.314585,0.326625,0.313925,0.323935
2026-09-25T22:35:00Z,2026-09-25T22:40:00Z,0.323355,0.324695,0.317675,0.320805
2026-09-25T22:40:00Z,2026-09-25T22:45:00Z,0.320665,0.324095,0.316595,0.317685
2026-09-25T22:45:00Z,2026-09-25T22:50:00Z,0.317895,0.330925,0.317145,0.330825
2026-09-25T22:50:00Z,2026-09-25T22:55:00Z,0.330775,0.339645,0.329315,0.337365
2026-09-25T22:55:00Z,2026-09-25T23:00:00Z,0.337445,0.341745,0.330285,0.332665
2026-09-25T23:00:00Z,2026-09-25T23:05:00Z,0.332755,0.335715,0.322275,0.322405
2026-09-25T23:05:00Z,2026-09-25T23:10:00Z,0.322375,0.329635,0.316185,0.325555
2026-09-25T23:10:00Z,2026-09-25T23:15:00Z,0.326025,0.331465,0.323805,0.324325
2026-09-25T23:15:00Z,2026-09-25T23:20:00Z,0.324375,0.330725,0.320145,0.320185
2026-09-25T23:20:00Z,2026-09-25T23:25:00Z,0.320095,0.327225,0.318615,0.323195
2026-09-25T23:25:00Z,2026-09-25T23:30:00Z,0.323015,0.326705,0.318085,0.321085
2026-09-25T23:30:00Z,2026-09-25T23:35:00Z,0.321275,0.325695,0.319965,0.323545
2026-09-25T23:35:00Z,2026-09-25T23:40:00Z,0.323395,0.330135,0.319995,0.327585
2026-09-25T23:40:00Z,2026-09-25T23:45:00Z,0.327715,0.339675,0.327575,0.337685
2026-09-25T23:45:00Z,2026-09-25T23:50:00Z,0.337755,0.342915,0.326285,0.328575
2026-09-25T23:50:00Z,2026-09-25T23:55:00Z,0.328435,0.330285,0.322625,0.327995
2026-09-25T23:55:00Z,2026-09-26T00:00:00Z,0.328195,0.329535,0.321605,0.328215
2026-09-26T00:00:00Z,2026-09-26T00:05:00Z,0.328145,0.329715,0.321285,0.323225
2026-09-26T00:05:00Z,2026-09-26T00:10:00Z,0.323085,0.332745,0.322515,0.328895
2026-09-26T00:10:00Z,2026-09-26T00:15:00Z,0.328695,0.333725,0.326825,0.331835
2026-09-26T00:15:00Z,2026-09-26T00:20:00Z,0.331775,0.339765,0.328955,0.339765
2026-09-26T00:20:00Z,2026-09-26T00:25:00Z,0.339925,0.351145,0.335615,0.349135
2026-09-26T00:25:00Z,2026-09-26T00:30:00Z,0.349305,0.350775,0.335795,0.336505
2026-09-26T00:30:00Z,2026-09-26T00:35:00Z,0.337065,0.341505,0.328545,0.328545
2026-09-26T00:35:00Z,2026-09-26T00:40:00Z,0.328515,0.335305,0.325545,0.334545
2026-09-26T00:40:00Z,2026-09-26T00:45:00Z,0.334565,0.339805,0.328055,0.328055
2026-09-26T00:45:00Z,2026-09-26T00:50:00Z,0.328105,0.331175,0.319595,0.330065
2026-09-26T00:50:00Z,2026-09-26T00:55:00Z,0.329685,0.333685,0.324525,0.326985
2026-09-26T00:55:00Z,2026-09-26T01:00:00Z,0.327365,0.339405,0.324495,0.333515
2026-09-26T01:00:00Z,2026-09-26T01:05:00Z,0.333625,0.337685,0.327395,0.330445
2026-09-26T01:05:00Z,2026-09-26T01:10:00Z,0.330855,0.334045,0.326015,0.329925
2026-09-26T01:10:00Z,2026-09-26T01:15:00Z,0.330035,0.337925,0.329485,0.334345
2026-09-26T01:15:00Z,2026-09-26T01:20:00Z,0.333955,0.355325,0.333955,0.351935
2026-09-26T01:20:00Z,2026-09-26T01:25:00Z,0.351535,0.353945,0.343445,0.345285
2026-09-26T01:25:00Z,2026-09-26T01:30:00Z,0.345785,0.352395,0.345175,0.351765
2026-09-26T01:30:00Z,2026-09-26T01:35:00Z,0.351905,0.352065,0.343505,0.349765
2026-09-26T01:35:00Z,2026-09-26T01:40:00Z,0.349565,0.352095,0.340395,0.340585
2026-09-26T01:40:00Z,2026-09-26T01:45:00Z,0.340815,0.350795,0.339275,0.348075
2026-09-26T01:45:00Z,2026-09-26T01:50:00Z,0.347955,0.354995,0.345415,0.349835
2026-09-26T01:50:00Z,2026-09-26T01:55:00Z,0.349195,0.361455,0.345955,0.357675
2026-09-26T01:55:00Z,2026-09-26T02:00:00Z,0.357635,0.374835,0.357135,0.374735
2026-09-26T02:00:00Z,2026-09-26T02:05:00Z,0.374965,0.383385,0.372505,0.381945
2026-09-26T02:05:00Z,2026-09-26T02:10:00Z,0.382135,0.384285,0.373845,0.380215
2026-09-26T02:10:00Z,2026-09-26T02:15:00Z,0.380125,0.383905,0.374795,0.377785
2026-09-26T02:15:00Z,2026-09-26T02:20:00Z,0.377555,0.381395,0.372675,0.378765
2026-09-26T02:20:00Z,2026-09-26T02:25:00Z,0.378775,0.391185,0.375385,0.375385
2026-09-26T02:25:00Z,2026-09-26T02:30:00Z,0.375605,0.381945,0.372545,0.373975
2026-09-26T02:30:00Z,2026-09-26T02:35:00Z,0.373565,0.382555,0.373165,0.379985
2026-09-26T02:35:00Z,2026-09-26T02:40:00Z,0.380025,0.386655,0.374945,0.386655
2026-09-26T02:40:00Z,2026-09-26T02:45:00Z,0.386845,0.390475,0.381485,0.384425
2026-09-26T02:45:00Z,2026-09-26T02:50:00Z,0.384505,0.394205,0.383775,0.391005
2026-09-26T02:50:00Z,2026-09-26T02:55:00Z,0.391225,0.397995,0.389625,0.394055
2026-09-26T02:55:00Z,2026-09-26T03:00:00Z,0.394155,0.394525,0.372895,0.376505
2026-09-26T03:00:00Z,2026-09-26T03:05:00Z,0.376335,0.377145,0.365525,0.371515
2026-09-26T03:05:00Z,2026-09-26T03:10:00Z,0.371535,0.374925,0.369145,0.373895
2026-09-26T03:10:00Z,2026-09-26T03:15:00Z,0.373845,0.383025,0.368285,0.383025
2026-09-26T03:15:00Z,2026-09-26T03:20:00Z,0.382825,0.390085,0.378985,0.381905
2026-09-26T03:20:00Z,2026-09-26T03:25:00Z,0.382025,0.397315,0.380505,0.396005
2026-09-26T03:25:00Z,2026-09-26T03:30:00Z,0.395835,0.401835,0.391085,0.395605
2026-09-26T03:30:00Z,2026-09-26T03:35:00Z,0.394865,0.403015,0.391515,0.400915
2026-09-26T03:35:00Z,2026-09-26T03:40:00Z,0.401105,0.405505,0.392495,0.392495
2026-09-26T03:40:00Z,2026-09-26T03:45:00Z,0.392485,0.402785,0.392285,0.397065
2026-09-26T03:45:00Z,2026-09-26T03:50:00Z,0.397115,0.399875,0.389125,0.398125
2026-09-26T03:50:00Z,2026-09-26T03:55:00Z,0.398325,0.405005,0.395965,0.401005
2026-09-26T03:55:00Z,2026-09-26T04:00:00Z,0.401235,0.405605,0.391335,0.392295
2026-09-26T04:00:00Z,2026-09-26T04:05:00Z,0.392185,0.395815,0.381655,0.384625
2026-09-26T04:05:00Z,2026-09-26T04:10:00Z,0.384515,0.387525,0.378825,0.381655
2026-09-26T04:10:00Z,2026-09-26T04:15:00Z,0.381435,0.388005,0.378535,0.380895
2026-09-26T04:15:00Z,2026-09-26T04:20:00Z,0.380735,0.382505,0.372315,0.373655
2026-09-26T04:20:00Z,2026-09-26T04:25:00Z,0.373625,0.388415,0.373455,0.382195
2026-09-26T04:25:00Z,2026-09-26T04:30:00Z,0.382205,0.383715,0.373685,0.374215
2026-09-26T04:30:00Z,2026-09-26T04:35:00Z,0.374155,0.385155,0.372295,0.372335
2026-09-26T04:35:00Z,2026-09-26T04:40:00Z,0.372115,0.383155,0.371985,0.381095
2026-09-26T04:40:00Z,2026-09-26T04:45:00Z,0.381215,0.383245,0.373765,0.377845
2026-09-26T04:45:00Z,2026-09-26T04:50:00Z,0.378025,0.379365,0.360545,0.361195
2026-09-26T04:50:00Z,2026-09-26T04:55:00Z,0.360975,0.366835,0.355055,0.363045
2026-09-26T04:55:00Z,2026-09-26T05:00:00Z,0.362955,0.365475,0.355285,0.364175
2026-09-26T05:00:00Z,2026-09-26T05:05:00Z,0.364315,0.368105,0.353715,0.359235
2026-09-26T05:05:00Z,2026-09-26T05:10:00Z,0.359075,0.363435,0.352015,0.352115
2026-09-26T05:10:00Z,2026-09-26T05:15:00Z,0.351975,0.366985,0.349995,0.365585
2026-09-26T05:15:00Z,2026-09-26T05:20:00Z,0.365515,0.365515,0.353345,0.356885
2026-09-26T05:20:00Z,2026-09-26T05:25:00Z,0.357385,0.374575,0.356145,0.366955
2026-09-26T05:25:00Z,2026-09-26T05:30:00Z,0.366765,0.375705,0.366525,0.374865
2026-09-26T05:30:00Z,2026-09-26T05:35:00Z,0.374705,0.376695,0.367265,0.370825
2026-09-26T05:35:00Z,2026-09-26T05:40:00Z,0.370965,0.387265,0.369495,0.383985
2026-09-26T05:40:00Z,2026-09-26T05:45:00Z,0.384195,0.386105,0.375915,0.382605
2026-09-26T05:45:00Z,2026-09-26T05:50:00Z,0.382425,0.382755,0.365015,0.367635
2026-09-26T05:50:00Z,2026-09-26T05:55:00Z,0.367645,0.369325,0.362525,0.363715
2026-09-26T05:55:00Z,2026-09-26T06:00:00Z,0.363685,0.370175,0.360765,0.370175
2026-09-26T06:00:00Z,2026-09-26T06:05:00Z,0.370115,0.380185,0.364305,0.379705
2026-09-26T06:05:00Z,2026-09-26T06:10:00Z,0.379555,0.390845,0.377355,0.382805
2026-09-26T06:10:00Z,2026-09-26T06:15:00Z,0.382745,0.383365,0.371875,0.376045
2026-09-26T06:15:00Z,2026-09-26T06:20:00Z,0.376005,0.385995,0.375615,0.380785
2026-09-26T06:20:00Z,2026-09-26T06:25:00Z,0.380955,0.381465,0.373575,0.375395
2026-09-26T06:25:00Z,2026-09-26T06:30:00Z,0.375405,0.379605,0.368565,0.368645
2026-09-26T06:30:00Z,2026-09-26T06:35:00Z,0.368575,0.374775,0.363535,0.366985
2026-09-26T06:35:00Z,2026-09-26T06:40:00Z,0.367085,0.368745,0.359085,0.359235
2026-09-26T06:40:00Z,2026-09-26T06:45:00Z,0.359465,0.362065,0.353125,0.361155
2026-09-26T06:45:00Z,2026-09-26T06:50:00Z,0.360985,0.367885,0.359715,0.365405
2026-09-26T06:50:00Z,2026-09-26T06:55:00Z,0.365415,0.370455,0.359185,0.369335
2026-09-26T06:55:00Z,2026-09-26T07:00:00Z,0.369575,0.374315,0.365725,0.368775
2026-09-26T07:00:00Z,2026-09-26T07:05:00Z,0.368565,0.368565,0.353795,0.361355
2026-09-26T07:05:00Z,2026-09-26T07:10:00Z,0.361125,0.365475,0.354945,0.356565
2026-09-26T07:10:00Z,2026-09-26T07:15:00Z,0.356625,0.360595,0.347875,0.350845
2026-09-26T07:15:00Z,2026-09-26T07:20:00Z,0.350665,0.351225,0.333755,0.337055
2026-09-26T07:20:00Z,2026-09-26T07:25:00Z,0.337145,0.343495,0.332185,0.343495
2026-09-26T07:25:00Z,2026-09-26T07:30:00Z,0.344015,0.344435,0.334705,0.339045
2026-09-26T07:30:00Z,2026-09-26T07:35:00Z,0.338455,0.340645,0.331365,0.333375
2026-09-26T07:35:00Z,2026-09-26T07:40:00Z,0.333245,0.335055,0.322095,0.322395
2026-09-26T07:40:00Z,2026-09-26T07:45:00Z,0.322315,0.338205,0.322065,0.335605
2026-09-26T07:45:00Z,2026-09-26T07:50:00Z,0.335525,0.335525,0.327725,0.330005
2026-09-26T07:50:00Z,2026-09-26T07:55:00Z,0.330305,0.335805,0.324365,0.328115
2026-09-26T07:55:00Z,2026-09-26T08:00:00Z,0.328285,0.328305,0.320705,0.323965
2026-09-26T08:00:00Z,2026-09-26T08:05:00Z,0.323915,0.325745,0.319555,0.321995
2026-09-26T08:05:00Z,2026-09-26T08:10:00Z,0.321815,0.322835,0.309875,0.312835
2026-09-26T08:10:00Z,2026-09-26T08:15:00Z,0.312975,0.315585,0.308165,0.312255
2026-09-26T08:15:00Z,2026-09-26T08:20:00Z,0.312335,0.317225,0.311215,0.315595
2026-09-26T08:20:00Z,2026-09-26T08:25:00Z,0.316135,0.321525,0.315525,0.316165
2026-09-26T08:25:00Z,2026-09-26T08:30:00Z,0.316025,0.324465,0.312635,0.315375
2026-09-26T08:30:00Z,2026-09-26T08:35:00Z,0.315235,0.318275,0.308045,0.316775
2026-09-26T08:35:00Z,2026-09-26T08:40:00Z,0.316855,0.320505,0.312145,0.313065
2026-09-26T08:40:00Z,2026-09-26T08:45:00Z,0.312645,0.313205,0.302385,0.303605
2026-09-26T08:45:00Z,2026-09-26T08:50:00Z,0.303765,0.306765,0.297685,0.299395
2026-09-26T08:50:00Z,2026-09-26T08:55:00Z,0.299385,0.304775,0.295825,0.302075
2026-09-26T08:55:00Z,2026-09-26T09:00:00Z,0.302235,0.303875,0.291805,0.293295
2026-09-26T09:00:00Z,2026-09-26T09:05:00Z,0.293365,0.300895,0.292775,0.298895
2026-09-26T09:05:00Z,2026-09-26T09:10:00Z,0.298865,0.299065,0.291585,0.296045
2026-09-26T09:10:00Z,2026-09-26T09:15:00Z,0.295945,0.303525,0.294785,0.302485
2026-09-26T09:15:00Z,2026-09-26T09:20:00Z,0.302325,0.309215,0.297895,0.299345
2026-09-26T09:20:00Z,2026-09-26T09:25:00Z,0.299205,0.300035,0.292505,0.297155
2026-09-26T09:25:00Z,2026-09-26T09:30:00Z,0.296995,0.300695,0.295975,0.297765
2026-09-26T09:30:00Z,2026-09-26T09:35:00Z,0.297185,0.299465,0.287145,0.289055
2026-09-26T09:35:00Z,2026-09-26T09:40:00Z,0.289075,0.290645,0.284515,0.287595
2026-09-26T09:40:00Z,2026-09-26T09:45:00Z,0.287715,0.291085,0.280305,0.286335
2026-09-26T09:45:00Z,2026-09-26T09:50:00Z,0.286815,0.297215,0.286115,0.295545
2026-09-26T09:50:00Z,2026-09-26T09:55:00Z,0.295515,0.307995,0.293905,0.306925
2026-09-26T09:55:00Z,2026-09-26T10:00:00Z,0.306935,0.315325,0.304895,0.311265
2026-09-26T10:00:00Z,2026-09-26T10:05:00Z,0.311125,0.321815,0.310325,0.321215
2026-09-26T10:05:00Z,2026-09-26T10:10:00Z,0.321265,0.325985,0.318595,0.323955
2026-09-26T10:10:00Z,2026-09-26T10:15:00Z,0.323965,0.326075,0.320015,0.321095
2026-09-26T10:15:00Z,2026-09-26T10:20:00Z,0.320965,0.325635,0.317235,0.320825
2026-09-26T10:20:00Z,2026-09-26T10:25:00Z,0.321005,0.321415,0.312665,0.318275
2026-09-26T10:25:00Z,2026-09-26T10:30:00Z,0.318035,0.323575,0.314935,0.316145
2026-09-26T10:30:00Z,2026-09-26T10:35:00Z,0.316325,0.317445,0.312205,0.312525
2026-09-26T10:35:00Z,2026-09-26T10:40:00Z,0.312665,0.313425,0.303575,0.303615
2026-09-26T10:40:00Z,2026-09-26T10:45:00Z,0.303495,0.305505,0.297775,0.297925
2026-09-26T10:45:00Z,2026-09-26T10:50:00Z,0.297555,0.300945,0.294335,0.297595
2026-09-26T10:50:00Z,2026-09-26T10:55:00Z,0.297615,0.311035,0.296655,0.309355
2026-09-26T10:55:00Z,2026-09-26T11:00:00Z,0.309455,0.313495,0.305655,0.310975
2026-09-26T11:00:00Z,2026-09-26T11:05:00Z,0.310925,0.316475,0.308565,0.310885
2026-09-26T11:05:00Z,2026-09-26T11:10:00Z,0.310795,0.321215,0.310405,0.316835
2026-09-26T11:10:00Z,2026-09-26T11:15:00Z,0.316665,0.316665,0.304225,0.309255
2026-09-26T11:15:00Z,2026-09-26T11:20:00Z,0.309505,0.313275,0.301785,0.302445
2026-09-26T11:20:00Z,2026-09-26T11:25:00Z,0.302585,0.305615,0.295035,0.302815
2026-09-26T11:25:00Z,2026-09-26T11:30:00Z,0.302915,0.303165,0.294575,0.298055
2026-09-26T11:30:00Z,2026-09-26T11:35:00Z,0.298045,0.299555,0.290105,0.290155
2026-09-26T11:35:00Z,2026-09-26T11:40:00Z,0.290265,0.291265,0.284225,0.289925
2026-09-26T11:40:00Z,2026-09-26T11:45:00Z,0.289975,0.296055,0.289135,0.293265
2026-09-26T11:45:00Z,2026-09-26T11:50:00Z,0.293325,0.294725,0.287355,0.294725
2026-09-26T11:50:00Z,2026-09-26T11:55:00Z,0.295125,0.295745,0.282345,0.282345
2026-09-26T11:55:00Z,2026-09-26T12:00:00Z,0.282175,0.287635,0.279515,0.280675
2026-09-26T12:00:00Z,2026-09-26T12:05:00Z,0.280725,0.280725,0.272065,0.275635
2026-09-26T12:05:00Z,2026-09-26T12:10:00Z,0.275865,0.278585,0.271555,0.272965
2026-09-26T12:10:00Z,2026-09-26T12:15:00Z,0.272825,0.275765,0.267835,0.271755
2026-09-26T12:15:00Z,2026-09-26T12:20:00Z,0.271765,0.272535,0.256695,0.259145
2026-09-26T12:20:00Z,2026-09-26T12:25:00Z,0.259215,0.266135,0.257985,0.262935
2026-09-26T12:25:00Z,2026-09-26T12:30:00Z,0.262795,0.270505,0.262795,0.264955
2026-09-26T12:30:00Z,2026-09-26T12:35:00Z,0.264795,0.266625,0.262845,0.265245
2026-09-26T12:35:00Z,2026-09-26T12:40:00Z,0.265225,0.270515,0.263005,0.266905
2026-09-26T12:40:00Z,2026-09-26T12:45:00Z,0.266785,0.267195,0.259385,0.261085
2026-09-26T12:45:00Z,2026-09-26T12:50:00Z,0.261175,0.261575,0.255415,0.259705
2026-09-26T12:50:00Z,2026-09-26T12:55:00Z,0.259575,0.260965,0.252945,0.253155
2026-09-26T12:55:00Z,2026-09-26T13:00:00Z,0.253115,0.254125,0.248025,0.252625
2026-09-26T13:00:00Z,2026-09-26T13:05:00Z,0.252715,0.261635,0.250195,0.259845
2026-09-26T13:05:00Z,2026-09-26T13:10:00Z,0.259885,0.261715,0.256055,0.259355
2026-09-26T13:10:00Z,2026-09-26T13:15:00Z,0.259295,0.264275,0.256555,0.259795
2026-09-26T13:15:00Z,2026-09-26T13:20:00Z,0.259645,0.262245,0.250175,0.252035
2026-09-26T13:20:00Z,2026-09-26T13:25:00Z,0.251995,0.256285,0.249995,0.255875
2026-09-26T13:25:00Z,2026-09-26T13:30:00Z,0.255795,0.263785,0.254395,0.261085
2026-09-26T13:30:00Z,2026-09-26T13:35:00Z,0.261035,0.261475,0.252435,0.256345
2026-09-26T13:35:00Z,2026-09-26T13:40:00Z,0.256485,0.265015,0.252545,0.262975
2026-09-26T13:40:00Z,2026-09-26T13:45:00Z,0.263045,0.263445,0.255995,0.263025
2026-09-26T13:45:00Z,2026-09-26T13:50:00Z,0.263115,0.269885,0.260425,0.269445
2026-09-26T13:50:00Z,2026-09-26T13:55:00Z,0.269545,0.277865,0.269515,0.272065
2026-09-26T13:55:00Z,2026-09-26T14:00:00Z,0.272215,0.273195,0.264685,0.266745
2026-09-26T14:00:00Z,2026-09-26T14:05:00Z,0.266695,0.271495,0.265235,0.266365
2026-09-26T14:05:00Z,2026-09-26T14:10:00Z,0.266345,0.269035,0.259545,0.259545
2026-09-26T14:10:00Z,2026-09-26T14:15:00Z,0.259435,0.266545,0.259305,0.265875
2026-09-26T14:15:00Z,2026-09-26T14:20:00Z,0.265515,0.276345,0.262985,0.275805
2026-09-26T14:20:00Z,2026-09-26T14:25:00Z,0.275785,0.278995,0.273545,0.277755
2026-09-26T14:25:00Z,2026-09-26T14:30:00Z,0.277855,0.279595,0.271845,0.278015
2026-09-26T14:30:00Z,2026-09-26T14:35:00Z,0.278115,0.281365,0.274675,0.278385
2026-09-26T14:35:00Z,2026-09-26T14:40:00Z,0.278545,0.284585,0.278095,0.279375
2026-09-26T14:40:00Z,2026-09-26T14:45:00Z,0.279455,0.290525,0.278935,0.282845
2026-09-26T14:45:00Z,2026-09-26T14:50:00Z,0.282855,0.289095,0.281905,0.289095
2026-09-26T14:50:00Z,2026-09-26T14:55:00Z,0.289015,0.294725,0.286765,0.292675
2026-09-26T14:55:00Z,2026-09-26T15:00:00Z,0.292545,0.293285,0.286375,0.288775
2026-09-26T15:00:00Z,2026-09-26T15:05:00Z,0.289235,0.291315,0.284755,0.289915
2026-09-26T15:05:00Z,2026-09-26T15:10:00Z,0.289795,0.290855,0.284905,0.286795
2026-09-26T15:10:00Z,2026-09-26T15:15:00Z,0.286545,0.286865,0.278185,0.280975
2026-09-26T15:15:00Z,2026-09-26T15:20:00Z,0.281065,0.282715,0.276675,0.277165
2026-09-26T15:20:00Z,2026-09-26T15:25:00Z,0.277325,0.279895,0.273075,0.276235
2026-09-26T15:25:00Z,2026-09-26T15:30:00Z,0.276125,0.279565,0.272065,0.277665
2026-09-26T15:30:00Z,2026-09-26T15:35:00Z,0.277745,0.279195,0.271365,0.278595
2026-09-26T15:35:00Z,2026-09-26T15:40:00Z,0.278515,0.280445,0.273725,0.278605
2026-09-26T15:40:00Z,2026-09-26T15:45:00Z,0.279125,0.279165,0.270725,0.270775
2026-09-26T15:45:00Z,2026-09-26T15:50:00Z,0.270705,0.275145,0.270195,0.273825
2026-09-26T15:50:00Z,2026-09-26T15:55:00Z,0.273635,0.274355,0.268065,0.272365
2026-09-26T15:55:00Z,2026-09-26T16:00:00Z,0.272345,0.277125,0.270665,0.273865
2026-09-26T16:00:00Z,2026-09-26T16:05:00Z,0.273915,0.274895,0.266985,0.270795
2026-09-26T16:05:00Z,2026-09-26T16:10:00Z,0.270715,0.271975,0.259135,0.260755
2026-09-26T16:10:00Z,2026-09-26T16:15:00Z,0.260835,0.264625,0.257665,0.258265
2026-09-26T16:15:00Z,2026-09-26T16:20:00Z,0.258105,0.264485,0.256205,0.262735
2026-09-26T16:20:00Z,2026-09-26T16:25:00Z,0.262665,0.266475,0.260265,0.262715
2026-09-26T16:25:00Z,2026-09-26T16:30:00Z,0.262695,0.262825,0.253175,0.253455
2026-09-26T16:30:00Z,2026-09-26T16:35:00Z,0.253565,0.257795,0.252995,0.256475
2026-09-26T16:35:00Z,2026-09-26T16:40:00Z,0.256385,0.256645,0.249715,0.251025
2026-09-26T16:40:00Z,2026-09-26T16:45:00Z,0.251165,0.258615,0.248985,0.256765
2026-09-26T16:45:00Z,2026-09-26T16:50:00Z,0.256605,0.260575,0.254775,0.259455
2026-09-26T16:50:00Z,2026-09-26T16:55:00Z,0.259395,0.263515,0.256765,0.260445
2026-09-26T16:55:00Z,2026-09-26T17:00:00Z,0.259995,0.266055,0.259265,0.261935
2026-09-26T17:00:00Z,2026-09-26T17:05:00Z,0.261785,0.261825,0.250075,0.251835
2026-09-26T17:05:00Z,2026-09-26T17:10:00Z,0.251905,0.255705,0.248385,0.255275
2026-09-26T17:10:00Z,2026-09-26T17:15:00Z,0.255315,0.256685,0.250575,0.251445
2026-09-26T17:15:00Z,2026-09-26T17:20:00Z,0.251525,0.256175,0.250215,0.252365
2026-09-26T17:20:00Z,2026-09-26T17:25:00Z,0.252525,0.255655,0.244065,0.244175
2026-09-26T17:25:00Z,2026-09-26T17:30:00Z,0.244555,0.245255,0.241005,0.241525
2026-09-26T17:30:00Z,2026-09-26T17:35:00Z,0.241575,0.243735,0.234745,0.236405
2026-09-26T17:35:00Z,2026-09-26T17:40:00Z,0.236505,0.239365,0.232805,0.236935
2026-09-26T17:40:00Z,2026-09-26T17:45:00Z,0.236805,0.242445,0.231325,0.241905
2026-09-26T17:45:00Z,2026-09-26T17:50:00Z,0.241795,0.242485,0.235865,0.241605
2026-09-26T17:50:00Z,2026-09-26T17:55:00Z,0.241635,0.245585,0.239135,0.240225
2026-09-26T17:55:00Z,2026-09-26T18:00:00Z,0.239895,0.248175,0.239235,0.248095
2026-09-26T18:00:00Z,2026-09-26T18:05:00Z,0.247805,0.248225,0.238285,0.240335
2026-09-26T18:05:00Z,2026-09-26T18:10:00Z,0.240215,0.244655,0.239015,0.244505
2026-09-26T18:10:00Z,2026-09-26T18:15:00Z,0.244105,0.247395,0.237295,0.237625
2026-09-26T18:15:00Z,2026-09-26T18:20:00Z,0.237545,0.240195,0.233975,0.233975
2026-09-26T18:20:00Z,2026-09-26T18:25:00Z,0.234415,0.241615,0.233525,0.237865
2026-09-26T18:25:00Z,2026-09-26T18:30:00Z,0.237985,0.241515,0.236255,0.241025
2026-09-26T18:30:00Z,2026-09-26T18:35:00Z,0.241255,0.244195,0.238935,0.238935
2026-09-26T18:35:00Z,2026-09-26T18:40:00Z,0.238885,0.243075,0.236665,0.238405
2026-09-26T18:40:00Z,2026-09-26T18:45:00Z,0.238485,0.238485,0.226565,0.228595
2026-09-26T18:45:00Z,2026-09-26T18:50:00Z,0.228695,0.229095,0.216415,0.218075
2026-09-26T18:50:00Z,2026-09-26T18:55:00Z,0.217975,0.219995,0.214285,0.216175
2026-09-26T18:55:00Z,2026-09-26T19:00:00Z,0.216255,0.216505,0.206385,0.206895
2026-09-26T19:00:00Z,2026-09-26T19:05:00Z,0.206915,0.215505,0.206915,0.215425
2026-09-26T19:05:00Z,2026-09-26T19:10:00Z,0.215365,0.217405,0.212315,0.216415
2026-09-26T19:10:00Z,2026-09-26T19:15:00Z,0.216425,0.219295,0.211435,0.213185
2026-09-26T19:15:00Z,2026-09-26T19:20:00Z,0.213065,0.215145,0.212105,0.214925
2026-09-26T19:20:00Z,2026-09-26T19:25:00Z,0.214965,0.220445,0.214575,0.215265
2026-09-26T19:25:00Z,2026-09-26T19:30:00Z,0.215245,0.220235,0.214735,0.218265
2026-09-26T19:30:00Z,2026-09-26T19:35:00Z,0.217865,0.217865,0.209675,0.210285
2026-09-26T19:35:00Z,2026-09-26T19:40:00Z,0.210355,0.210945,0.207585,0.208185
2026-09-26T19:40:00Z,2026-09-26T19:45:00Z,0.208235,0.213925,0.207775,0.213775
2026-09-26T19:45:00Z,2026-09-26T19:50:00Z,0.213655,0.214215,0.207085,0.212745
2026-09-26T19:50:00Z,2026-09-26T19:55:00Z,0.212765,0.215975,0.209215,0.214615
2026-09-26T19:55:00Z,2026-09-26T20:00:00Z,0.214505,0.214725,0.205065,0.207085
2026-09-26T20:00:00Z,2026-09-26T20:05:00Z,0.206905,0.212195,0.206525,0.210865
2026-09-26T20:05:00Z,2026-09-26T20:10:00Z,0.211155,0.214615,0.210605,0.212665
2026-09-26T20:10:00Z,2026-09-26T20:15:00Z,0.212865,0.213835,0.205945,0.207805
2026-09-26T20:15:00Z,2026-09-26T20:20:00Z,0.207885,0.221215,0.206215,0.219385
2026-09-26T20:20:00Z,2026-09-26T20:25:00Z,0.219395,0.221105,0.215805,0.216405
2026-09-26T20:25:00Z,2026-09-26T20:30:00Z,0.216445,0.220945,0.214375,0.215605
2026-09-26T20:30:00Z,2026-09-26T20:35:00Z,0.215455,0.216295,0.210065,0.210105
2026-09-26T20:35:00Z,2026-09-26T20:40:00Z,0.210075,0.212285,0.204935,0.211365
2026-09-26T20:40:00Z,2026-09-26T20:45:00Z,0.211495,0.214415,0.207835,0.213725
2026-09-26T20:50:00Z,2026-09-26T20:55:00Z,0.213725,0.338245,0.213725,0.331885
2026-09-26T20:55:00Z,2026-09-26T21:00:00Z,0.332055,0.333095,0.325645,0.329115
2026-09-26T21:00:00Z,2026-09-26T21:05:00Z,0.328985,0.336045,0.328245,0.331495
2026-09-26T21:05:00Z,2026-09-26T21:10:00Z,0.331405,0.335755,0.327205,0.327895
2026-09-26T21:10:00Z,2026-09-26T21:15:00Z,0.327845,0.330775,0.318525,0.318635
2026-09-26T21:15:00Z,2026-09-26T21:20:00Z,0.318485,0.319765,0.311575,0.315485
2026-09-26T21:20:00Z,2026-09-26T21:25:00Z,0.315425,0.318115,0.311795,0.313545
2026-09-26T21:25:00Z,2026-09-26T21:30:00Z,0.313425,0.315405,0.308335,0.312335
2026-09-26T21:30:00Z,2026-09-26T21:35:00Z,0.312415,0.318365,0.308765,0.316445
2026-09-26T21:35:00Z,2026-09-26T21:40:00Z,0.316535,0.323245,0.314155,0.322175
2026-09-26T21:40:00Z,2026-09-26T21:45:00Z,0.321995,0.323985,0.315745,0.316595
2026-09-26T21:45:00Z,2026-09-26T21:50:00Z,0.316385,0.324975,0.315615,0.322165
2026-09-26T21:50:00Z,2026-09-26T21:55:00Z,0.322105,0.326145,0.314715,0.316625
2026-09-26T21:55:00Z,2026-09-26T22:00:00Z,0.316595,0.326505,0.316285,0.319415
2026-09-26T22:00:00Z,2026-09-26T22:05:00Z,0.319525,0.319525,0.313915,0.313955
2026-09-26T22:05:00Z,2026-09-26T22:10:00Z,0.313755,0.316005,0.310275,0.311915
2026-09-26T22:10:00Z,2026-09-26T22:15:00Z,0.311815,0.312975,0.302925,0.304635
2026-09-26T22:15:00Z,2026-09-26T22:20:00Z,0.304475,0.307095,0.294295,0.297925
2026-09-26T22:20:00Z,2026-09-26T22:25:00Z,0.297815,0.298335,0.289475,0.289575
2026-09-26T22:25:00Z,2026-09-26T22:30:00Z,0.289505,0.293845,0.287125,0.292085
2026-09-26T22:30:00Z,2026-09-26T22:35:00Z,0.292005,0.295025,0.289525,0.291835
2026-09-26T22:35:00Z,2026-09-26T22:40:00Z,0.292215,0.292615,0.283385,0.284555
2026-09-26T22:40:00Z,2026-09-26T22:45:00Z,0.284495,0.285635,0.279275,0.283135
2026-09-26T22:45:00Z,2026-09-26T22:50:00Z,0.283315,0.284315,0.278105,0.280645
2026-09-26T22:50:00Z,2026-09-26T22:55:00Z,0.280935,0.281505,0.271645,0.271695
2026-09-26T22:55:00Z,2026-09-26T23:00:00Z,0.271705,0.277065,0.271015,0.276045
2026-09-26T23:00:00Z,2026-09-26T23:05:00Z,0.276195,0.284005,0.275775,0.279425
2026-09-26T23:05:00Z,2026-09-26T23:10:00Z,0.279455,0.295025,0.279345,0.294255
2026-09-26T23:10:00Z,2026-09-26T23:15:00Z,0.294005,0.295045,0.286295,0.294455
2026-09-26T23:15:00Z,2026-09-26T23:20:00Z,0.294295,0.296495,0.285145,0.291295
2026-09-26T23:20:00Z,2026-09-26T23:25:00Z,0.291415,0.296735,0.289925,0.290705
2026-09-26T23:25:00Z,2026-09-26T23:30:00Z,0.290525,0.291615,0.285325,0.285325
2026-09-26T23:30:00Z,2026-09-26T23:35:00Z,0.285185,0.286395,0.279755,0.282245
2026-09-26T23:35:00Z,2026-09-26T23:40:00Z,0.282375,0.292265,0.282285,0.288645
2026-09-26T23:40:00Z,2026-09-26T23:45:00Z,0.288415,0.289025,0.281115,0.283645
2026-09-26T23:45:00Z,2026-09-26T23:50:00Z,0.283485,0.287555,0.281015,0.283965
2026-09-26T23:50:00Z,2026-09-26T23:55:00Z,0.284085,0.286305,0.274245,0.277955
2026-09-26T23:55:00Z,2026-09-27T00:00:00Z,0.277645,0.282275,0.276075,0.276805
2026-09-27T00:00:00Z,2026-09-27T00:05:00Z,0.276725,0.281885,0.275185,0.276515
2026-09-27T00:05:00Z,2026-09-27T00:10:00Z,0.276605,0.281725,0.274075,0.275595
2026-09-27T00:10:00Z,2026-09-27T00:15:00Z,0.275605,0.277675,0.267775,0.269095
2026-09-27T00:15:00Z,2026-09-27T00:20:00Z,0.269145,0.271465,0.264225,0.270545
2026-09-27T00:20:00Z,2026-09-27T00:25:00Z,0.270455,0.276095,0.266415,0.272585
2026-09-27T00:25:00Z,2026-09-27T00:30:00Z,0.272505,0.280045,0.271105,0.274725
2026-09-27T00:30:00Z,2026-09-27T00:35:00Z,0.274865,0.277095,0.272755,0.276395
2026-09-27T00:35:00Z,2026-09-27T00:40:00Z,0.276305,0.276945,0.270105,0.270365
2026-09-27T00:40:00Z,2026-09-27T00:45:00Z,0.270595,0.273815,0.266115,0.266655
2026-09-27T00:45:00Z,2026-09-27T00:50:00Z,0.266345,0.270125,0.263885,0.265315
2026-09-27T00:50:00Z,2026-09-27T00:55:00Z,0.265205,0.266255,0.257565,0.258915
2026-09-27T00:55:00Z,2026-09-27T01:00:00Z,0.258945,0.265315,0.257975,0.261945
2026-09-27T01:00:00Z,2026-09-27T01:05:00Z,0.261825,0.265155,0.261345,0.261725
2026-09-27T01:05:00Z,2026-09-27T01:10:00Z,0.261505,0.262585,0.256605,0.259615
2026-09-27T01:10:00Z,2026-09-27T01:15:00Z,0.259605,0.263395,0.258115,0.262555
2026-09-27T01:15:00Z,2026-09-27T01:20:00Z,0.262655,0.267405,0.261845,0.266475
2026-09-27T01:20:00Z,2026-09-27T01:25:00Z,0.266145,0.269035,0.263705,0.266355
2026-09-27T01:25:00Z,2026-09-27T01:30:00Z,0.266245,0.266775,0.260805,0.265055
2026-09-27T01:30:00Z,2026-09-27T01:35:00Z,0.265135,0.268975,0.262985,0.265065
2026-09-27T01:35:00Z,2026-09-27T01:40:00Z,0.265165,0.271115,0.263925,0.269695
2026-09-27T01:40:00Z,2026-09-27T01:45:00Z,0.269595,0.270945,0.264555,0.266765
2026-09-27T01:45:00Z,2026-09-27T01:50:00Z,0.266645,0.266845,0.259985,0.261305
2026-09-27T01:50:00Z,2026-09-27T01:55:00Z,0.261275,0.266305,0.259215,0.260565
2026-09-27T01:55:00Z,2026-09-27T02:00:00Z,0.260655,0.266885,0.259515,0.262925
2026-09-27T02:00:00Z,2026-09-27T02:05:00Z,0.263235,0.264065,0.258145,0.260535
2026-09-27T02:05:00Z,2026-09-27T02:10:00Z,0.260695,0.262335,0.253265,0.257695
2026-09-27T02:10:00Z,2026-09-27T02:15:00Z,0.257585,0.260425,0.254655,0.255855
2026-09-27T02:15:00Z,2026-09-27T02:20:00Z,0.255985,0.256315,0.249005,0.249835
2026-09-27T02:20:00Z,2026-09-27T02:25:00Z,0.249845,0.250215,0.243835,0.245865
2026-09-27T02:25:00Z,2026-09-27T02:30:00Z,0.245935,0.249875,0.243825,0.249465
2026-09-27T02:30:00Z,2026-09-27T02:35:00Z,0.249495,0.256265,0.248695,0.254385
2026-09-27T02:35:00Z,2026-09-27T02:40:00Z,0.254395,0.256555,0.252005,0.253895
2026-09-27T02:40:00Z,2026-09-27T02:45:00Z,0.253625,0.259285,0.252165,0.257145
2026-09-27T02:45:00Z,2026-09-27T02:50:00Z,0.257255,0.257495,0.250215,0.253835
2026-09-27T02:50:00Z,2026-09-27T02:55:00Z,0.253875,0.255885,0.250395,0.252735
2026-09-27T02:55:00Z,2026-09-27T03:00:00Z,0.252635,0.257215,0.249635,0.257215
2026-09-27T03:00:00Z,2026-09-27T03:05:00Z,0.257175,0.260345,0.253905,0.258675
2026-09-27T03:05:00Z,2026-09-27T03:10:00Z,0.258685,0.262205,0.255765,0.256585
2026-09-27T03:10:00Z,2026-09-27T03:15:00Z,0.256685,0.259295,0.253695,0.257695
2026-09-27T03:15:00Z,2026-09-27T03:20:00Z,0.257905,0.264455,0.257425,0.261675
2026-09-27T03:20:00Z,2026-09-27T03:25:00Z,0.261835,0.270405,0.260545,0.265335
2026-09-27T03:25:00Z,2026-09-27T03:30:00Z,0.265305,0.267195,0.259285,0.259975
2026-09-27T03:30:00Z,2026-09-27T03:35:00Z,0.260255,0.263485,0.251805,0.253215
2026-09-27T03:35:00Z,2026-09-27T03:40:00Z,0.253415,0.257925,0.251305,0.257535
2026-09-27T03:40:00Z,2026-09-27T03:45:00Z,0.257165,0.261845,0.255205,0.257175
2026-09-27T03:45:00Z,2026-09-27T03:50:00Z,0.257025,0.263025,0.254925,0.262445
2026-09-27T03:50:00Z,2026-09-27T03:55:00Z,0.262605,0.266885,0.260335,0.266885
2026-09-27T03:55:00Z,2026-09-27T04:00:00Z,0.266965,0.273395,0.264175,0.270355
2026-09-27T04:00:00Z,2026-09-27T04:05:00Z,0.270435,0.281445,0.270045,0.279455
2026-09-27T04:05:00Z,2026-09-27T04:10:00Z,0.279085,0.281115,0.273805,0.274705
2026-09-27T04:10:00Z,2026-09-27T04:15:00Z,0.274765,0.281785,0.274275,0.279165
2026-09-27T04:15:00Z,2026-09-27T04:20:00Z,0.279005,0.285085,0.278895,0.282065
2026-09-27T04:20:00Z,2026-09-27T04:25:00Z,0.282185,0.283125,0.277785,0.280135
2026-09-27T04:25:00Z,2026-09-27T04:30:00Z,0.280345,0.282595,0.277285,0.278085
2026-09-27T04:30:00Z,2026-09-27T04:35:00Z,0.278155,0.283995,0.276685,0.281675
2026-09-27T04:35:00Z,2026-09-27T04:40:00Z,0.281845,0.291205,0.281235,0.290255
2026-09-27T04:40:00Z,2026-09-27T04:45:00Z,0.290085,0.292415,0.282535,0.282535
2026-09-27T04:45:00Z,2026-09-27T04:50:00Z,0.282475,0.293435,0.282245,0.291905
2026-09-27T04:50:00Z,2026-09-27T04:55:00Z,0.292015,0.297115,0.290155,0.293765
2026-09-27T04:55:00Z,2026-09-27T05:00:00Z,0.293795,0.296505,0.287725,0.294275
2026-09-27T05:00:00Z,2026-09-27T05:05:00Z,0.294335,0.300605,0.290975,0.299395
2026-09-27T05:05:00Z,2026-09-27T05:10:00Z,0.299535,0.300305,0.290945,0.294085
2026-09-27T05:10:00Z,2026-09-27T05:15:00Z,0.294065,0.298335,0.291545,0.294015
2026-09-27T05:15:00Z,2026-09-27T05:20:00Z,0.293955,0.294345,0.284025,0.285225
2026-09-27T05:20:00Z,2026-09-27T05:25:00Z,0.285115,0.289565,0.282605,0.287965
2026-09-27T05:25:00Z,2026-09-27T05:30:00Z,0.287975,0.292315,0.287345,0.290435
2026-09-27T05:30:00Z,2026-09-27T05:35:00Z,0.290365,0.292225,0.284325,0.290805
2026-09-27T05:35:00Z,2026-09-27T05:40:00Z,0.290625,0.291505,0.281325,0.283315
2026-09-27T05:40:00Z,2026-09-27T05:45:00Z,0.283145,0.287135,0.273405,0.274275
2026-09-27T05:45:00Z,2026-09-27T05:50:00Z,0.274365,0.276475,0.263645,0.265255
2026-09-27T05:50:00Z,2026-09-27T05:55:00Z,0.265285,0.265855,0.260925,0.264425
2026-09-27T05:55:00Z,2026-09-27T06:00:00Z,0.264235,0.267305,0.263055,0.264245
2026-09-27T06:00:00Z,2026-09-27T06:05:00Z,0.264275,0.269465,0.260775,0.262625
2026-09-27T06:05:00Z,2026-09-27T06:10:00Z,0.262575,0.267675,0.261295,0.262695
2026-09-27T06:10:00Z,2026-09-27T06:15:00Z,0.262675,0.273055,0.260185,0.270535
2026-09-27T06:15:00Z,2026-09-27T06:20:00Z,0.270485,0.273815,0.265435,0.270895
2026-09-27T06:20:00Z,2026-09-27T06:25:00Z,0.270805,0.270805,0.259935,0.263725
2026-09-27T06:25:00Z,2026-09-27T06:30:00Z,0.263825,0.266625,0.253485,0.253705
2026-09-27T06:30:00Z,2026-09-27T06:35:00Z,0.253905,0.253925,0.235275,0.235585
2026-09-27T06:35:00Z,2026-09-27T06:40:00Z,0.235625,0.241535,0.231755,0.240935
2026-09-27T06:40:00Z,2026-09-27T06:45:00Z,0.241025,0.244695,0.237615,0.240885
2026-09-27T06:45:00Z,2026-09-27T06:50:00Z,0.240995,0.242565,0.237105,0.237665
2026-09-27T06:50:00Z,2026-09-27T06:55:00Z,0.237605,0.237605,0.231225,0.234265
2026-09-27T06:55:00Z,2026-09-27T07:00:00Z,0.234205,0.236685,0.232795,0.236625
2026-09-27T07:00:00Z,2026-09-27T07:05:00Z,0.236725,0.240805,0.232545,0.234355
2026-09-27T07:05:00Z,2026-09-27T07:10:00Z,0.234415,0.239885,0.233515,0.236725
2026-09-27T07:10:00Z,2026-09-27T07:15:00Z,0.236825,0.239595,0.234715,0.239275
2026-09-27T07:15:00Z,2026-09-27T07:20:00Z,0.239385,0.240895,0.232465,0.236145
2026-09-27T07:20:00Z,2026-09-27T07:25:00Z,0.236245,0.238085,0.234015,0.237275
2026-09-27T07:25:00Z,2026-09-27T07:30:00Z,0.237225,0.239735,0.233695,0.235535
2026-09-27T07:30:00Z,2026-09-27T07:35:00Z,0.235545,0.239635,0.234255,0.236305
2026-09-27T07:35:00Z,2026-09-27T07:40:00Z,0.236445,0.241185,0.234725,0.239715
2026-09-27T07:40:00Z,2026-09-27T07:45:00Z,0.239825,0.240195,0.234115,0.235965
2026-09-27T07:45:00Z,2026-09-27T07:50:00Z,0.236025,0.245595,0.235485,0.245445
2026-09-27T07:50:00Z,2026-09-27T07:55:00Z,0.245595,0.246895,0.239715,0.240485
2026-09-27T07:55:00Z,2026-09-27T08:00:00Z,0.240595,0.246785,0.236645,0.244565
2026-09-27T08:00:00Z,2026-09-27T08:05:00Z,0.244545,0.248665,0.241895,0.243415
2026-09-27T08:05:00Z,2026-09-27T08:10:00Z,0.243325,0.247075,0.239145,0.241705
2026-09-27T08:10:00Z,2026-09-27T08:15:00Z,0.241615,0.244325,0.238015,0.241625
2026-09-27T08:15:00Z,2026-09-27T08:20:00Z,0.241675,0.251585,0.240695,0.247585
2026-09-27T08:20:00Z,2026-09-27T08:25:00Z,0.247735,0.249185,0.241325,0.241795
2026-09-27T08:25:00Z,2026-09-27T08:30:00Z,0.241905,0.247095,0.241035,0.245175
2026-09-27T08:30:00Z,2026-09-27T08:35:00Z,0.244805,0.245815,0.240125,0.243545
2026-09-27T08:35:00Z,2026-09-27T08:40:00Z,0.243555,0.245105,0.239335,0.241765
2026-09-27T08:40:00Z,2026-09-27T08:45:00Z,0.242055,0.245595,0.236595,0.242225
2026-09-27T08:45:00Z,2026-09-27T08:50:00Z,0.242335,0.243985,0.238455,0.241715
2026-09-27T08:50:00Z,2026-09-27T08:55:00Z,0.241565,0.258825,0.241165,0.258825
2026-09-27T08:55:00Z,2026-09-27T09:00:00Z,0.258885,0.264985,0.258685,0.262935
2026-09-27T09:00:00Z,2026-09-27T09:05:00Z,0.263065,0.263385,0.254645,0.260435
2026-09-27T09:05:00Z,2026-09-27T09:10:00Z,0.260505,0.260505,0.256015,0.258305
2026-09-27T09:10:00Z,2026-09-27T09:15:00Z,0.258275,0.264995,0.258175,0.263845
2026-09-27T09:15:00Z,2026-09-27T09:20:00Z,0.263715,0.267155,0.259645,0.265775
2026-09-27T09:20:00Z,2026-09-27T09:25:00Z,0.265795,0.276725,0.265795,0.276255
2026-09-27T09:25:00Z,2026-09-27T09:30:00Z,0.275925,0.279725,0.273715,0.279695
2026-09-27T09:30:00Z,2026-09-27T09:35:00Z,0.279645,0.284675,0.277895,0.282805
2026-09-27T09:35:00Z,2026-09-27T09:40:00Z,0.282725,0.285365,0.278325,0.282755
2026-09-27T09:40:00Z,2026-09-27T09:45:00Z,0.282875,0.285075,0.275875,0.284815
2026-09-27T09:45:00Z,2026-09-27T09:50:00Z,0.284845,0.287535,0.280665,0.282675
2026-09-27T09:50:00Z,2026-09-27T09:55:00Z,0.282575,0.283645,0.271765,0.272535
2026-09-27T09:55:00Z,2026-09-27T10:00:00Z,0.272355,0.279395,0.269455,0.275845
2026-09-27T10:00:00Z,2026-09-27T10:05:00Z,0.275805,0.282735,0.274945,0.275235
2026-09-27T10:05:00Z,2026-09-27T10:10:00Z,0.275385,0.283635,0.275295,0.280865
2026-09-27T10:10:00Z,2026-09-27T10:15:00Z,0.281005,0.283225,0.278185,0.281345
2026-09-27T10:15:00Z,2026-09-27T10:20:00Z,0.281465,0.285975,0.279915,0.281235
2026-09-27T10:20:00Z,2026-09-27T10:25:00Z,0.280835,0.282735,0.275915,0.281195
2026-09-27T10:25:00Z,2026-09-27T10:30:00Z,0.281145,0.284155,0.277545,0.280415
2026-09-27T10:30:00Z,2026-09-27T10:35:00Z,0.280475,0.288435,0.280475,0.281895
2026-09-27T10:35:00Z,2026-09-27T10:40:00Z,0.281915,0.283455,0.275025,0.283455
2026-09-27T10:40:00Z,2026-09-27T10:45:00Z,0.283585,0.288005,0.278585,0.278835
2026-09-27T10:45:00Z,2026-09-27T10:50:00Z,0.278985,0.283015,0.274855,0.283015
2026-09-27T10:50:00Z,2026-09-27T10:55:00Z,0.282845,0.290585,0.281745,0.289685
2026-09-27T10:55:00Z,2026-09-27T11:00:00Z,0.289755,0.297475,0.287635,0.297475
2026-09-27T11:00:00Z,2026-09-27T11:05:00Z,0.297645,0.306295,0.294305,0.300815
2026-09-27T11:05:00Z,2026-09-27T11:10:00Z,0.300805,0.308745,0.298315,0.308375
2026-09-27T11:10:00Z,2026-09-27T11:15:00Z,0.308295,0.316735,0.304485,0.315625
2026-09-27T11:15:00Z,2026-09-27T11:20:00Z,0.315835,0.318625,0.310345,0.313145
2026-09-27T11:20:00Z,2026-09-27T11:25:00Z,0.312955,0.322115,0.312145,0.319885
2026-09-27T11:25:00Z,2026-09-27T11:30:00Z,0.319815,0.331675,0.319315,0.328405
2026-09-27T11:30:00Z,2026-09-27T11:35:00Z,0.328275,0.330075,0.321375,0.326935
2026-09-27T11:35:00Z,2026-09-27T11:40:00Z,0.326645,0.342265,0.326435,0.340885
2026-09-27T11:40:00Z,2026-09-27T11:45:00Z,0.340835,0.347135,0.337225,0.343785
2026-09-27T11:45:00Z,2026-09-27T11:50:00Z,0.343935,0.356385,0.339355,0.354045
2026-09-27T11:50:00Z,2026-09-27T11:55:00Z,0.354235,0.359325,0.352695,0.354535
2026-09-27T11:55:00Z,2026-09-27T12:00:00Z,0.354445,0.361195,0.353875,0.357285
2026-09-27T12:00:00Z,2026-09-27T12:05:00Z,0.357195,0.360845,0.350265,0.360035
2026-09-27T12:05:00Z,2026-09-27T12:10:00Z,0.360265,0.368955,0.358165,0.368685
2026-09-27T12:10:00Z,2026-09-27T12:15:00Z,0.368595,0.368865,0.357395,0.358485
2026-09-27T12:15:00Z,2026-09-27T12:20:00Z,0.358915,0.367725,0.356805,0.366235
2026-09-27T12:20:00Z,2026-09-27T12:25:00Z,0.366525,0.373625,0.364955,0.370445
2026-09-27T12:25:00Z,2026-09-27T12:30:00Z,0.371005,0.378825,0.370255,0.376505
2026-09-27T12:30:00Z,2026-09-27T12:35:00Z,0.376555,0.381195,0.371815,0.379335
2026-09-27T12:35:00Z,2026-09-27T12:40:00Z,0.379245,0.395615,0.377335,0.395505
2026-09-27T12:40:00Z,2026-09-27T12:45:00Z,0.395545,0.396925,0.388135,0.391435
2026-09-27T12:45:00Z,2026-09-27T12:50:00Z,0.391255,0.402855,0.386165,0.401905
2026-09-27T12:50:00Z,2026-09-27T12:55:00Z,0.401705,0.412155,0.400295,0.405435
2026-09-27T12:55:00Z,2026-09-27T13:00:00Z,0.405355,0.416005,0.403635,0.414035
2026-09-27T13:00:00Z,2026-09-27T13:05:00Z,0.413825,0.422105,0.411385,0.415055
2026-09-27T13:05:00Z,2026-09-27T13:10:00Z,0.414095,0.421005,0.411975,0.419835
2026-09-27T13:10:00Z,2026-09-27T13:15:00Z,0.419985,0.431265,0.418645,0.428425
2026-09-27T13:15:00Z,2026-09-27T13:20:00Z,0.428445,0.455045,0.427495,0.450875
2026-09-27T13:20:00Z,2026-09-27T13:25:00Z,0.451355,0.451865,0.438665,0.445995
2026-09-27T13:25:00Z,2026-09-27T13:30:00Z,0.446275,0.449135,0.439195,0.441465
2026-09-27T13:30:00Z,2026-09-27T13:35:00Z,0.441275,0.453305,0.437835,0.439455
2026-09-27T13:35:00Z,2026-09-27T13:40:00Z,0.439235,0.442425,0.432915,0.440725
2026-09-27T13:40:00Z,2026-09-27T13:45:00Z,0.440745,0.450635,0.436245,0.448105
2026-09-27T13:45:00Z,2026-09-27T13:50:00Z,0.448325,0.456605,0.445295,0.454515
2026-09-27T13:50:00Z,2026-09-27T13:55:00Z,0.454975,0.458655,0.446125,0.449025
2026-09-27T13:55:00Z,2026-09-27T14:00:00Z,0.448765,0.452065,0.438685,0.444815
2026-09-27T14:00:00Z,2026-09-27T14:05:00Z,0.445065,0.449665,0.433925,0.435555
2026-09-27T14:05:00Z,2026-09-27T14:10:00Z,0.435545,0.452425,0.432135,0.450955
2026-09-27T14:10:00Z,2026-09-27T14:15:00Z,0.451735,0.451895,0.434015,0.441525
2026-09-27T14:15:00Z,2026-09-27T14:20:00Z,0.441625,0.445355,0.436185,0.443035
2026-09-27T14:20:00Z,2026-09-27T14:25:00Z,0.443125,0.445375,0.437515,0.441195
2026-09-27T14:25:00Z,2026-09-27T14:30:00Z,0.441135,0.443325,0.435545,0.440695
2026-09-27T14:30:00Z,2026-09-27T14:35:00Z,0.440015,0.445305,0.434145,0.434545
2026-09-27T14:35:00Z,2026-09-27T14:40:00Z,0.434775,0.434995,0.419425,0.420495
2026-09-27T14:40:00Z,2026-09-27T14:45:00Z,0.420305,0.425215,0.413805,0.423935
2026-09-27T14:45:00Z,2026-09-27T14:50:00Z,0.424105,0.427435,0.410835,0.412465
2026-09-27T14:50:00Z,2026-09-27T14:55:00Z,0.412485,0.421215,0.412485,0.421025
2026-09-27T14:55:00Z,2026-09-27T15:00:00Z,0.420795,0.421295,0.408535,0.410105
2026-09-27T15:00:00Z,2026-09-27T15:05:00Z,0.409875,0.417965,0.408055,0.412495
2026-09-27T15:05:00Z,2026-09-27T15:10:00Z,0.412645,0.430185,0.411335,0.430185
2026-09-27T15:10:00Z,2026-09-27T15:15:00Z,0.430045,0.435435,0.412425,0.412885
2026-09-27T15:15:00Z,2026-09-27T15:20:00Z,0.412825,0.419005,0.409395,0.415745
2026-09-27T15:20:00Z,2026-09-27T15:25:00Z,0.415885,0.420125,0.410115,0.410215
2026-09-27T15:25:00Z,2026-09-27T15:30:00Z,0.410505,0.415435,0.402385,0.402515
2026-09-27T15:30:00Z,2026-09-27T15:35:00Z,0.402305,0.416475,0.400855,0.415995
2026-09-27T15:35:00Z,2026-09-27T15:40:00Z,0.416255,0.417765,0.404535,0.404885
2026-09-27T15:40:00Z,2026-09-27T15:45:00Z,0.404635,0.405405,0.390745,0.397105
2026-09-27T15:45:00Z,2026-09-27T15:50:00Z,0.397045,0.407625,0.394265,0.398125
2026-09-27T15:50:00Z,2026-09-27T15:55:00Z,0.398035,0.400015,0.392835,0.398395
2026-09-27T15:55:00Z,2026-09-27T16:00:00Z,0.397745,0.412165,0.395675,0.412165
2026-09-27T16:00:00Z,2026-09-27T16:05:00Z,0.412755,0.413855,0.391175,0.395005
2026-09-27T16:05:00Z,2026-09-27T16:10:00Z,0.394795,0.397515,0.387305,0.393925
2026-09-27T16:10:00Z,2026-09-27T16:15:00Z,0.393555,0.400245,0.390715,0.397435
2026-09-27T16:15:00Z,2026-09-27T16:20:00Z,0.397555,0.411605,0.391015,0.407775
2026-09-27T16:20:00Z,2026-09-27T16:25:00Z,0.408495,0.427805,0.408495,0.421865
2026-09-27T16:25:00Z,2026-09-27T16:30:00Z,0.421775,0.422805,0.412825,0.414425
2026-09-27T16:30:00Z,2026-09-27T16:35:00Z,0.414565,0.417035,0.408775,0.409965
2026-09-27T16:35:00Z,2026-09-27T16:40:00Z,0.409775,0.410185,0.398205,0.406805
2026-09-27T16:40:00Z,2026-09-27T16:45:00Z,0.406665,0.408715,0.394235,0.399265
2026-09-27T16:45:00Z,2026-09-27T16:50:00Z,0.398765,0.407065,0.396635,0.405265
2026-09-27T16:50:00Z,2026-09-27T16:55:00Z,0.405355,0.411585,0.403555,0.410875
2026-09-27T16:55:00Z,2026-09-27T17:00:00Z,0.410855,0.413805,0.400795,0.406605
2026-09-27T17:00:00Z,2026-09-27T17:05:00Z,0.406555,0.411465,0.399035,0.400635
2026-09-27T17:05:00Z,2026-09-27T17:10:00Z,0.400835,0.409455,0.399675,0.404145
2026-09-27T17:10:00Z,2026-09-27T17:15:00Z,0.403965,0.409855,0.395215,0.395835
2026-09-27T17:15:00Z,2026-09-27T17:20:00Z,0.396085,0.397845,0.389915,0.396895
2026-09-27T17:20:00Z,2026-09-27T17:25:00Z,0.396955,0.403745,0.394955,0.396705
2026-09-27T17:25:00Z,2026-09-27T17:30:00Z,0.396905,0.402575,0.391515,0.395255
2026-09-27T17:30:00Z,2026-09-27T17:35:00Z,0.395165,0.405815,0.392535,0.405625
2026-09-27T17:35:00Z,2026-09-27T17:40:00Z,0.405425,0.411205,0.399885,0.408875
2026-09-27T17:40:00Z,2026-09-27T17:45:00Z,0.408775,0.411945,0.401915,0.408715
2026-09-27T17:45:00Z,2026-09-27T17:50:00Z,0.408905,0.408905,0.394135,0.395725
2026-09-27T17:50:00Z,2026-09-27T17:55:00Z,0.395805,0.402295,0.393635,0.398295
2026-09-27T17:55:00Z,2026-09-27T18:00:00Z,0.398175,0.406665,0.392745,0.394535
2026-09-27T18:00:00Z,2026-09-27T18:05:00Z,0.394645,0.403465,0.385115,0.398335
2026-09-27T18:05:00Z,2026-09-27T18:10:00Z,0.398235,0.403815,0.393535,0.400685
2026-09-27T18:10:00Z,2026-09-27T18:15:00Z,0.400885,0.413575,0.398305,0.411615
2026-09-27T18:15:00Z,2026-09-27T18:20:00Z,0.411705,0.415785,0.403555,0.404195
2026-09-27T18:20:00Z,2026-09-27T18:25:00Z,0.404285,0.418555,0.403735,0.415605
2026-09-27T18:25:00Z,2026-09-27T18:30:00Z,0.415545,0.429805,0.414615,0.424435
2026-09-27T18:30:00Z,2026-09-27T18:35:00Z,0.424255,0.426365,0.417915,0.424165
2026-09-27T18:35:00Z,2026-09-27T18:40:00Z,0.424365,0.430515,0.420875,0.427515
2026-09-27T18:40:00Z,2026-09-27T18:45:00Z,0.427565,0.430855,0.422635,0.426535
2026-09-27T18:45:00Z,2026-09-27T18:50:00Z,0.426305,0.437815,0.425665,0.434935
2026-09-27T18:50:00Z,2026-09-27T18:55:00Z,0.434855,0.437985,0.425005,0.425565
2026-09-27T18:55:00Z,2026-09-27T19:00:00Z,0.425655,0.427175,0.410865,0.413185
2026-09-27T19:00:00Z,2026-09-27T19:05:00Z,0.413325,0.421565,0.407585,0.420815
2026-09-27T19:05:00Z,2026-09-27T19:10:00Z,0.420545,0.433995,0.419325,0.430025
2026-09-27T19:10:00Z,2026-09-27T19:15:00Z,0.430275,0.431595,0.412725,0.416065
2026-09-27T19:15:00Z,2026-09-27T19:20:00Z,0.416255,0.427115,0.415495,0.424695
2026-09-27T19:20:00Z,2026-09-27T19:25:00Z,0.424795,0.428405,0.416515,0.419965
2026-09-27T19:25:00Z,2026-09-27T19:30:00Z,0.420665,0.429505,0.418875,0.423175
2026-09-27T19:30:00Z,2026-09-27T19:35:00Z,0.423775,0.425325,0.409315,0.414395
2026-09-27T19:35:00Z,2026-09-27T19:40:00Z,0.414445,0.428365,0.412575,0.425625
2026-09-27T19:40:00Z,2026-09-27T19:45:00Z,0.425615,0.434135,0.423185,0.428575
2026-09-27T19:45:00Z,2026-09-27T19:50:00Z,0.428725,0.433755,0.424355,0.426715
2026-09-27T19:50:00Z,2026-09-27T19:55:00Z,0.426215,0.434185,0.425335,0.430785
2026-09-27T19:55:00Z,2026-09-27T20:00:00Z,0.430865,0.439535,0.423505,0.437755
2026-09-27T20:00:00Z,2026-09-27T20:05:00Z,0.438095,0.441745,0.430665,0.431945
2026-09-27T20:05:00Z,2026-09-27T20:10:00Z,0.431955,0.441575,0.431915,0.438965
2026-09-27T20:10:00Z,2026-09-27T20:15:00Z,0.438775,0.451455,0.437755,0.450705
2026-09-27T20:15:00Z,2026-09-27T20:20:00Z,0.450655,0.451425,0.427675,0.427685
2026-09-27T20:20:00Z,2026-09-27T20:25:00Z,0.427715,0.433275,0.424665,0.431185
2026-09-27T20:25:00Z,2026-09-27T20:30:00Z,0.431255,0.438495,0.428305,0.437545
2026-09-27T20:30:00Z,2026-09-27T20:35:00Z,0.437675,0.445645,0.433565,0.436795
2026-09-27T20:35:00Z,2026-09-27T20:40:00Z,0.436635,0.439475,0.425335,0.425345
2026-09-27T20:40:00Z,2026-09-27T20:45:00Z,0.425315,0.435695,0.422905,0.432125
2026-09-27T20:50:00Z,2026-09-27T20:55:00Z,0.432125,0.432125,0.341505,0.350705
2026-09-27T20:55:00Z,2026-09-27T21:00:00Z,0.350335,0.351325,0.341165,0.342955
2026-09-27T21:00:00Z,2026-09-27T21:05:00Z,0.343615,0.353695,0.343435,0.351815
2026-09-27T21:05:00Z,2026-09-27T21:10:00Z,0.351755,0.359335,0.346235,0.358915
2026-09-27T21:10:00Z,2026-09-27T21:15:00Z,0.358965,0.366415,0.357395,0.360325
2026-09-27T21:15:00Z,2026-09-27T21:20:00Z,0.360415,0.369135,0.359235,0.360645
2026-09-27T21:20:00Z,2026-09-27T21:25:00Z,0.359985,0.369055,0.359845,0.365815
2026-09-27T21:25:00Z,2026-09-27T21:30:00Z,0.365845,0.374265,0.365285,0.366485
2026-09-27T21:30:00Z,2026-09-27T21:35:00Z,0.366555,0.367675,0.354305,0.361135
2026-09-27T21:35:00Z,2026-09-27T21:40:00Z,0.361315,0.368765,0.361185,0.367215
2026-09-27T21:40:00Z,2026-09-27T21:45:00Z,0.367275,0.367375,0.354675,0.355175
2026-09-27T21:45:00Z,2026-09-27T21:50:00Z,0.355265,0.355265,0.346625,0.347085
2026-09-27T21:50:00Z,2026-09-27T21:55:00Z,0.347385,0.348425,0.338205,0.343225
2026-09-27T21:55:00Z,2026-09-27T22:00:00Z,0.343305,0.352545,0.341905,0.352025
2026-09-27T22:00:00Z,2026-09-27T22:05:00Z,0.351865,0.370785,0.351775,0.370135
2026-09-27T22:05:00Z,2026-09-27T22:10:00Z,0.369945,0.379385,0.360205,0.377465
2026-09-27T22:10:00Z,2026-09-27T22:15:00Z,0.377345,0.380295,0.371835,0.379085
2026-09-27T22:15:00Z,2026-09-27T22:20:00Z,0.379175,0.387005,0.378195,0.384235
2026-09-27T22:20:00Z,2026-09-27T22:25:00Z,0.384425,0.387315,0.374525,0.380685
2026-09-27T22:25:00Z,2026-09-27T22:30:00Z,0.380645,0.380885,0.371235,0.372855
2026-09-27T22:30:00Z,2026-09-27T22:35:00Z,0.373085,0.374925,0.368145,0.372865
2026-09-27T22:35:00Z,2026-09-27T22:40:00Z,0.373425,0.377545,0.367195,0.375125
2026-09-27T22:40:00Z,2026-09-27T22:45:00Z,0.374815,0.388655,0.373185,0.384685
2026-09-27T22:45:00Z,2026-09-27T22:50:00Z,0.385305,0.387895,0.373605,0.377055
2026-09-27T22:50:00Z,2026-09-27T22:55:00Z,0.377035,0.389615,0.376465,0.386455
2026-09-27T22:55:00Z,2026-09-27T23:00:00Z,0.386315,0.388015,0.378215,0.379595
2026-09-27T23:00:00Z,2026-09-27T23:05:00Z,0.379555,0.381615,0.373695,0.373695
2026-09-27T23:05:00Z,2026-09-27T23:10:00Z,0.373655,0.378665,0.367795,0.369985
2026-09-27T23:10:00Z,2026-09-27T23:15:00Z,0.369895,0.376235,0.366135,0.369595
2026-09-27T23:15:00Z,2026-09-27T23:20:00Z,0.369405,0.370525,0.359735,0.366395
2026-09-27T23:20:00Z,2026-09-27T23:25:00Z,0.365905,0.375645,0.360845,0.373835
2026-09-27T23:25:00Z,2026-09-27T23:30:00Z,0.374025,0.381735,0.368925,0.380575
2026-09-27T23:30:00Z,2026-09-27T23:35:00Z,0.380485,0.387835,0.379205,0.382795
2026-09-27T23:35:00Z,2026-09-27T23:40:00Z,0.382665,0.390235,0.378195,0.380785
2026-09-27T23:40:00Z,2026-09-27T23:45:00Z,0.380705,0.388025,0.379785,0.386235
2026-09-27T23:45:00Z,2026-09-27T23:50:00Z,0.386345,0.400255,0.381505,0.399555
2026-09-27T23:50:00Z,2026-09-27T23:55:00Z,0.399305,0.400625,0.388825,0.393055
2026-09-27T23:55:00Z,2026-09-28T00:00:00Z,0.393105,0.394965,0.381205,0.381855
2026-09-28T00:00:00Z,2026-09-28T00:05:00Z,0.382065,0.390595,0.380325,0.388035
2026-09-28T00:05:00Z,2026-09-28T00:10:00Z,0.388005,0.397245,0.386215,0.392375
2026-09-28T00:10:00Z,2026-09-28T00:15:00Z,0.392655,0.404275,0.392655,0.401795
2026-09-28T00:15:00Z,2026-09-28T00:20:00Z,0.401825,0.411535,0.400395,0.410545
2026-09-28T00:20:00Z,2026-09-28T00:25:00Z,0.410775,0.420345,0.410775,0.415305
2026-09-28T00:25:00Z,2026-09-28T00:30:00Z,0.415445,0.420895,0.412395,0.412745
2026-09-28T00:30:00Z,2026-09-28T00:35:00Z,0.412575,0.418845,0.406365,0.406585
2026-09-28T00:35:00Z,2026-09-28T00:40:00Z,0.406495,0.415285,0.405175,0.410155
2026-09-28T00:40:00Z,2026-09-28T00:45:00Z,0.410055,0.419295,0.402005,0.415315
2026-09-28T00:45:00Z,2026-09-28T00:50:00Z,0.415485,0.425285,0.415275,0.423295
2026-09-28T00:50:00Z,2026-09-28T00:55:00Z,0.423245,0.429595,0.421805,0.426475
2026-09-28T00:55:00Z,2026-09-28T01:00:00Z,0.426435,0.433175,0.423175,0.423445
2026-09-28T01:00:00Z,2026-09-28T01:05:00Z,0.423395,0.430645,0.413655,0.430645
2026-09-28T01:05:00Z,2026-09-28T01:10:00Z,0.430695,0.434455,0.424455,0.426475
2026-09-28T01:10:00Z,2026-09-28T01:15:00Z,0.426405,0.432435,0.421825,0.426955
2026-09-28T01:15:00Z,2026-09-28T01:20:00Z,0.427015,0.432425,0.422915,0.429875
2026-09-28T01:20:00Z,2026-09-28T01:25:00Z,0.430345,0.434495,0.423115,0.427785
2026-09-28T01:25:00Z,2026-09-28T01:30:00Z,0.427825,0.429265,0.418095,0.423705
2026-09-28T01:30:00Z,2026-09-28T01:35:00Z,0.423655,0.431115,0.421085,0.429615
2026-09-28T01:35:00Z,2026-09-28T01:40:00Z,0.429655,0.432785,0.424045,0.429745
2026-09-28T01:40:00Z,2026-09-28T01:45:00Z,0.429945,0.442085,0.429835,0.437045
2026-09-28T01:45:00Z,2026-09-28T01:50:00Z,0.437055,0.440235,0.430755,0.437225
2026-09-28T01:50:00Z,2026-09-28T01:55:00Z,0.437375,0.442415,0.429985,0.438015
2026-09-28T01:55:00Z,2026-09-28T02:00:00Z,0.438085,0.450135,0.436865,0.446315
2026-09-28T02:00:00Z,2026-09-28T02:05:00Z,0.446575,0.447705,0.423285,0.423765
2026-09-28T02:05:00Z,2026-09-28T02:10:00Z,0.423575,0.431375,0.421055,0.429645
2026-09-28T02:10:00Z,2026-09-28T02:15:00Z,0.429635,0.439195,0.424275,0.436535
2026-09-28T02:15:00Z,2026-09-28T02:20:00Z,0.436565,0.442895,0.427795,0.438945
2026-09-28T02:20:00Z,2026-09-28T02:25:00Z,0.438855,0.443685,0.424525,0.427215
2026-09-28T02:25:00Z,2026-09-28T02:30:00Z,0.427425,0.437915,0.424375,0.437605
2026-09-28T02:30:00Z,2026-09-28T02:35:00Z,0.437385,0.462025,0.434125,0.461765
2026-09-28T02:35:00Z,2026-09-28T02:40:00Z,0.461905,0.462115,0.436705,0.438625
2026-09-28T02:40:00Z,2026-09-28T02:45:00Z,0.438465,0.441365,0.429125,0.431575
2026-09-28T02:45:00Z,2026-09-28T02:50:00Z,0.431765,0.435715,0.425465,0.434065
2026-09-28T02:50:00Z,2026-09-28T02:55:00Z,0.433915,0.442685,0.431195,0.432695
2026-09-28T02:55:00Z,2026-09-28T03:00:00Z,0.432595,0.436155,0.425655,0.431485
2026-09-28T03:00:00Z,2026-09-28T03:05:00Z,0.430705,0.436975,0.425805,0.436415
2026-09-28T03:05:00Z,2026-09-28T03:10:00Z,0.436475,0.441855,0.432105,0.436485
2026-09-28T03:10:00Z,2026-09-28T03:15:00Z,0.436185,0.436875,0.425785,0.436705
2026-09-28T03:15:00Z,2026-09-28T03:20:00Z,0.436715,0.448065,0.430805,0.444865
2026-09-28T03:20:00Z,2026-09-28T03:25:00Z,0.444915,0.450745,0.434565,0.437285
2026-09-28T03:25:00Z,2026-09-28T03:30:00Z,0.437265,0.437615,0.420165,0.420835
2026-09-28T03:30:00Z,2026-09-28T03:35:00Z,0.421295,0.424215,0.415545,0.419525
2026-09-28T03:35:00Z,2026-09-28T03:40:00Z,0.419725,0.423555,0.414685,0.416335
2026-09-28T03:40:00Z,2026-09-28T03:45:00Z,0.416485,0.420265,0.411665,0.418545
2026-09-28T03:45:00Z,2026-09-28T03:50:00Z,0.418495,0.418495,0.393705,0.399485
2026-09-28T03:50:00Z,2026-09-28T03:55:00Z,0.399675,0.402045,0.392525,0.394795
2026-09-28T03:55:00Z,2026-09-28T04:00:00Z,0.394985,0.397195,0.388795,0.394515
2026-09-28T04:00:00Z,2026-09-28T04:05:00Z,0.394695,0.398795,0.389715,0.390155
2026-09-28T04:05:00Z,2026-09-28T04:10:00Z,0.390135,0.401715,0.387365,0.395315
2026-09-28T04:10:00Z,2026-09-28T04:15:00Z,0.395555,0.401995,0.393665,0.397385
2026-09-28T04:15:00Z,2026-09-28T04:20:00Z,0.397435,0.398075,0.387205,0.389365
2026-09-28T04:20:00Z,2026-09-28T04:25:00Z,0.389355,0.395145,0.385995,0.394905
2026-09-28T04:25:00Z,2026-09-28T04:30:00Z,0.395015,0.395265,0.386145,0.387265
2026-09-28T04:30:00Z,2026-09-28T04:35:00Z,0.387355,0.388165,0.375495,0.378545
2026-09-28T04:35:00Z,2026-09-28T04:40:00Z,0.378205,0.392535,0.376915,0.389645
2026-09-28T04:40:00Z,2026-09-28T04:45:00Z,0.389685,0.396115,0.385815,0.390535
2026-09-28T04:45:00Z,2026-09-28T04:50:00Z,0.390395,0.398495,0.389745,0.396975
2026-09-28T04:50:00Z,2026-09-28T04:55:00Z,0.396815,0.403265,0.394665,0.399595
2026-09-28T04:55:00Z,2026-09-28T05:00:00Z,0.399605,0.407815,0.398465,0.404695
2026-09-28T05:00:00Z,2026-09-28T05:05:00Z,0.404615,0.404635,0.388405,0.401085
2026-09-28T05:05:00Z,2026-09-28T05:10:00Z,0.401245,0.406705,0.397585,0.399855
2026-09-28T05:10:00Z,2026-09-28T05:15:00Z,0.399865,0.403835,0.394465,0.401175
2026-09-28T05:15:00Z,2026-09-28T05:20:00Z,0.401785,0.403495,0.397085,0.402685
2026-09-28T05:20:00Z,2026-09-28T05:25:00Z,0.402785,0.408715,0.393855,0.408715
2026-09-28T05:25:00Z,2026-09-28T05:30:00Z,0.408705,0.415915,0.404535,0.404785
2026-09-28T05:30:00Z,2026-09-28T05:35:00Z,0.404565,0.408235,0.398075,0.405955
2026-09-28T05:35:00Z,2026-09-28T05:40:00Z,0.405295,0.422005,0.404445,0.418915
2026-09-28T05:40:00Z,2026-09-28T05:45:00Z,0.419005,0.432495,0.412665,0.430995
2026-09-28T05:45:00Z,2026-09-28T05:50:00Z,0.430915,0.440015,0.427635,0.431805
2026-09-28T05:50:00Z,2026-09-28T05:55:00Z,0.431765,0.438165,0.424815,0.425595
2026-09-28T05:55:00Z,2026-09-28T06:00:00Z,0.425615,0.428905,0.416265,0.416705
2026-09-28T06:00:00Z,2026-09-28T06:05:00Z,0.416925,0.424365,0.416095,0.419915
2026-09-28T06:05:00Z,2026-09-28T06:10:00Z,0.419865,0.423675,0.408855,0.410675
2026-09-28T06:10:00Z,2026-09-28T06:15:00Z,0.410805,0.416455,0.402145,0.405675
2026-09-28T06:15:00Z,2026-09-28T06:20:00Z,0.405825,0.406065,0.398035,0.402065
2026-09-28T06:20:00Z,2026-09-28T06:25:00Z,0.402235,0.404715,0.394805,0.400705
2026-09-28T06:25:00Z,2026-09-28T06:30:00Z,0.400585,0.405275,0.388945,0.389425
2026-09-28T06:30:00Z,2026-09-28T06:35:00Z,0.389305,0.395925,0.388285,0.392815
2026-09-28T06:35:00Z,2026-09-28T06:40:00Z,0.392685,0.398425,0.386455,0.396395
2026-09-28T06:40:00Z,2026-09-28T06:45:00Z,0.396615,0.404175,0.394985,0.399145
2026-09-28T06:45:00Z,2026-09-28T06:50:00Z,0.398955,0.403655,0.393975,0.398045
2026-09-28T06:50:00Z,2026-09-28T06:55:00Z,0.397775,0.405815,0.393985,0.401845
2026-09-28T06:55:00Z,2026-09-28T07:00:00Z,0.401985,0.405605,0.397975,0.400085
2026-09-28T07:00:00Z,2026-09-28T07:05:00Z,0.399935,0.403425,0.389395,0.396795
2026-09-28T07:05:00Z,2026-09-28T07:10:00Z,0.396735,0.401205,0.380985,0.381405
2026-09-28T07:10:00Z,2026-09-28T07:15:00Z,0.381635,0.382705,0.372415,0.375075
2026-09-28T07:15:00Z,2026-09-28T07:20:00Z,0.375055,0.379575,0.366445,0.366785
2026-09-28T07:20:00Z,2026-09-28T07:25:00Z,0.366555,0.366605,0.355135,0.360375
2026-09-28T07:25:00Z,2026-09-28T07:30:00Z,0.360755,0.361385,0.344205,0.359405
2026-09-28T07:30:00Z,2026-09-28T07:35:00Z,0.359495,0.370915,0.358715,0.369475
2026-09-28T07:35:00Z,2026-09-28T07:40:00Z,0.369355,0.381415,0.369335,0.380695
2026-09-28T07:40:00Z,2026-09-28T07:45:00Z,0.380555,0.380585,0.360945,0.364255
2026-09-28T07:45:00Z,2026-09-28T07:50:00Z,0.364075,0.369865,0.362665,0.364355
2026-09-28T07:50:00Z,2026-09-28T07:55:00Z,0.364285,0.374075,0.362815,0.371215
2026-09-28T07:55:00Z,2026-09-28T08:00:00Z,0.371135,0.379345,0.369055,0.376375
2026-09-28T08:00:00Z,2026-09-28T08:05:00Z,0.376835,0.382075,0.372065,0.375465
2026-09-28T08:05:00Z,2026-09-28T08:10:00Z,0.375415,0.392475,0.372945,0.392315
2026-09-28T08:10:00Z,2026-09-28T08:15:00Z,0.392335,0.403415,0.388495,0.403125
2026-09-28T08:15:00Z,2026-09-28T08:20:00Z,0.403305,0.414005,0.399205,0.408345
2026-09-28T08:20:00Z,2026-09-28T08:25:00Z,0.408115,0.409245,0.400605,0.405595
2026-09-28T08:25:00Z,2026-09-28T08:30:00Z,0.405375,0.414615,0.402085,0.412165
2026-09-28T08:30:00Z,2026-09-28T08:35:00Z,0.412085,0.413255,0.403645,0.405525
2026-09-28T08:35:00Z,2026-09-28T08:40:00Z,0.405875,0.408925,0.394545,0.401885
2026-09-28T08:40:00Z,2026-09-28T08:45:00Z,0.402105,0.403935,0.391795,0.393485
2026-09-28T08:45:00Z,2026-09-28T08:50:00Z,0.393895,0.395945,0.388625,0.392185
2026-09-28T08:50:00Z,2026-09-28T08:55:00Z,0.391775,0.396995,0.384395,0.384395
2026-09-28T08:55:00Z,2026-09-28T09:00:00Z,0.384505,0.394005,0.381945,0.392785
2026-09-28T09:00:00Z,2026-09-28T09:05:00Z,0.392795,0.406115,0.392795,0.404885
2026-09-28T09:05:00Z,2026-09-28T09:10:00Z,0.405115,0.405135,0.395765,0.401835
2026-09-28T09:10:00Z,2026-09-28T09:15:00Z,0.402035,0.409905,0.400805,0.404515
2026-09-28T09:15:00Z,2026-09-28T09:20:00Z,0.404355,0.413675,0.403475,0.405875
2026-09-28T09:20:00Z,2026-09-28T09:25:00Z,0.405945,0.418875,0.403455,0.415385
2026-09-28T09:25:00Z,2026-09-28T09:30:00Z,0.415145,0.424685,0.413915,0.421335
2026-09-28T09:30:00Z,2026-09-28T09:35:00Z,0.421315,0.423485,0.407195,0.420825
2026-09-28T09:35:00Z,2026-09-28T09:40:00Z,0.421105,0.435055,0.420665,0.433525
2026-09-28T09:40:00Z,2026-09-28T09:45:00Z,0.433455,0.437295,0.425305,0.433945
2026-09-28T09:45:00Z,2026-09-28T09:50:00Z,0.433795,0.433795,0.420195,0.425995
2026-09-28T09:50:00Z,2026-09-28T09:55:00Z,0.426095,0.426095,0.413225,0.416655
2026-09-28T09:55:00Z,2026-09-28T10:00:00Z,0.416765,0.421855,0.411945,0.414055
2026-09-28T10:00:00Z,2026-09-28T10:05:00Z,0.414155,0.414645,0.404685,0.406685
2026-09-28T10:05:00Z,2026-09-28T10:10:00Z,0.406545,0.408955,0.398315,0.400865
2026-09-28T10:10:00Z,2026-09-28T10:15:00Z,0.400845,0.405685,0.397445,0.403615
2026-09-28T10:15:00Z,2026-09-28T10:20:00Z,0.403445,0.414875,0.403445,0.406485
2026-09-28T10:20:00Z,2026-09-28T10:25:00Z,0.406195,0.410975,0.400805,0.409725
2026-09-28T10:25:00Z,2026-09-28T10:30:00Z,0.409935,0.413265,0.407355,0.409585
2026-09-28T10:30:00Z,2026-09-28T10:35:00Z,0.409125,0.410705,0.400295,0.401945
2026-09-28T10:35:00Z,2026-09-28T10:40:00Z,0.401965,0.411705,0.398925,0.408395
2026-09-28T10:40:00Z,2026-09-28T10:45:00Z,0.408185,0.415985,0.406545,0.412765
2026-09-28T10:45:00Z,2026-09-28T10:50:00Z,0.412895,0.427985,0.412615,0.424575
2026-09-28T10:50:00Z,2026-09-28T10:55:00Z,0.424485,0.427485,0.410525,0.410665
2026-09-28T10:55:00Z,2026-09-28T11:00:00Z,0.410755,0.414985,0.401125,0.409945
2026-09-28T11:00:00Z,2026-09-28T11:05:00Z,0.409815,0.417125,0.408505,0.415485
2026-09-28T11:05:00Z,2026-09-28T11:10:00Z,0.415755,0.416035,0.402335,0.414745
2026-09-28T11:10:00Z,2026-09-28T11:15:00Z,0.414995,0.415235,0.403485,0.407055
2026-09-28T11:15:00Z,2026-09-28T11:20:00Z,0.407235,0.409075,0.402595,0.405265
2026-09-28T11:20:00Z,2026-09-28T11:25:00Z,0.405105,0.407825,0.392585,0.397135
2026-09-28T11:25:00Z,2026-09-28T11:30:00Z,0.396765,0.404665,0.391855,0.401595
2026-09-28T11:30:00Z,2026-09-28T11:35:00Z,0.401785,0.404295,0.395515,0.396925
2026-09-28T11:35:00Z,2026-09-28T11:40:00Z,0.396875,0.402695,0.391215,0.392165
2026-09-28T11:40:00Z,2026-09-28T11:45:00Z,0.392255,0.393955,0.386375,0.392755
2026-09-28T11:45:00Z,2026-09-28T11:50:00Z,0.392735,0.399205,0.390645,0.391465
2026-09-28T11:50:00Z,2026-09-28T11:55:00Z,0.390515,0.392215,0.378645,0.382055
2026-09-28T11:55:00Z,2026-09-28T12:00:00Z,0.382145,0.389065,0.379975,0.386065
2026-09-28T12:00:00Z,2026-09-28T12:05:00Z,0.386295,0.396325,0.385805,0.388375
2026-09-28T12:05:00Z,2026-09-28T12:10:00Z,0.388155,0.398575,0.384875,0.396215
2026-09-28T12:10:00Z,2026-09-28T12:15:00Z,0.396205,0.400965,0.387545,0.399415
2026-09-28T12:15:00Z,2026-09-28T12:20:00Z,0.399475,0.411165,0.398505,0.408835
2026-09-28T12:20:00Z,2026-09-28T12:25:00Z,0.408705,0.427095,0.408315,0.427055
2026-09-28T12:25:00Z,2026-09-28T12:30:00Z,0.427105,0.436405,0.424805,0.424975
2026-09-28T12:30:00Z,2026-09-28T12:35:00Z,0.425295,0.427995,0.414155,0.416405
2026-09-28T12:35:00Z,2026-09-28T12:40:00Z,0.416275,0.423255,0.416045,0.420535
2026-09-28T12:40:00Z,2026-09-28T12:45:00Z,0.419975,0.422615,0.411965,0.420255
2026-09-28T12:45:00Z,2026-09-28T12:50:00Z,0.420115,0.425085,0.414585,0.421215
2026-09-28T12:50:00Z,2026-09-28T12:55:00Z,0.421175,0.424895,0.416925,0.417535
2026-09-28T12:55:00Z,2026-09-28T13:00:00Z,0.417805,0.427575,0.417165,0.425115
2026-09-28T13:00:00Z,2026-09-28T13:05:00Z,0.425125,0.433075,0.417685,0.430605
2026-09-28T13:05:00Z,2026-09-28T13:10:00Z,0.430735,0.431955,0.421425,0.426285
2026-09-28T13:10:00Z,2026-09-28T13:15:00Z,0.426015,0.429445,0.421495,0.424425
2026-09-28T13:15:00Z,2026-09-28T13:20:00Z,0.425485,0.425925,0.409665,0.418805
2026-09-28T13:20:00Z,2026-09-28T13:25:00Z,0.418935,0.439095,0.417035,0.435785
2026-09-28T13:25:00Z,2026-09-28T13:30:00Z,0.435995,0.435995,0.418435,0.423425
2026-09-28T13:30:00Z,2026-09-28T13:35:00Z,0.423515,0.423945,0.406365,0.406685
2026-09-28T13:35:00Z,2026-09-28T13:40:00Z,0.406505,0.408775,0.392555,0.395515
2026-09-28T13:40:00Z,2026-09-28T13:45:00Z,0.395525,0.406445,0.394085,0.403895
2026-09-28T13:45:00Z,2026-09-28T13:50:00Z,0.404135,0.405235,0.391375,0.394375
2026-09-28T13:50:00Z,2026-09-28T13:55:00Z,0.394335,0.406915,0.394105,0.402165
2026-09-28T13:55:00Z,2026-09-28T14:00:00Z,0.402115,0.413095,0.401705,0.410165
2026-09-28T14:00:00Z,2026-09-28T14:05:00Z,0.410235,0.422565,0.409665,0.417725
2026-09-28T14:05:00Z,2026-09-28T14:10:00Z,0.417455,0.429155,0.416405,0.417225
2026-09-28T14:10:00Z,2026-09-28T14:15:00Z,0.417445,0.421005,0.410365,0.416925
2026-09-28T14:15:00Z,2026-09-28T14:20:00Z,0.417115,0.417255,0.407265,0.411725
