from,to,open,high,low,close
2026-09-27T20:50:00Z,2026-09-27T20:51:00Z,1.273045,1.273045,1.262405,1.262405
2026-09-27T20:51:00Z,2026-09-27T20:52:00Z,1.262485,1.266415,1.262055,1.264305
2026-09-27T20:52:00Z,2026-09-27T20:53:00Z,1.264075,1.264635,1.258645,1.260515
2026-09-27T20:53:00Z,2026-09-27T20:54:00Z,1.260355,1.260595,1.255295,1.258155
2026-09-27T20:54:00Z,2026-09-27T20:55:00Z,1.258215,1.259645,1.255555,1.258305
2026-09-27T20:55:00Z,2026-09-27T20:56:00Z,1.258215,1.261195,1.255885,1.259675
2026-09-27T20:56:00Z,2026-09-27T20:57:00Z,1.259815,1.261275,1.256925,1.257755
2026-09-27T20:57:00Z,2026-09-27T20:58:00Z,1.257835,1.259175,1.254605,1.255245
2026-09-27T20:58:00Z,2026-09-27T20:59:00Z,1.255235,1.258875,1.253305,1.253315
2026-09-27T20:59:00Z,2026-09-27T21:00:00Z,1.253445,1.253745,1.245205,1.245205
2026-09-27T21:00:00Z,2026-09-27T21:01:00Z,1.245505,1.246495,1.240915,1.244375
2026-09-27T21:01:00Z,2026-09-27T21:02:00Z,1.244455,1.247845,1.243745,1.247065
2026-09-27T21:02:00Z,2026-09-27T21:03:00Z,1.247045,1.247045,1.241635,1.243695
2026-09-27T21:03:00Z,2026-09-27T21:04:00Z,1.243355,1.244315,1.241165,1.243965
2026-09-27T21:04:00Z,2026-09-27T21:05:00Z,1.243895,1.245525,1.241705,1.244695
2026-09-27T21:05:00Z,2026-09-27T21:06:00Z,1.244405,1.244985,1.239745,1.239745
2026-09-27T21:06:00Z,2026-09-27T21:07:00Z,1.239465,1.239875,1.236365,1.236575
2026-09-27T21:07:00Z,2026-09-27T21:08:00Z,1.236675,1.240925,1.232965,1.240925
2026-09-27T21:08:00Z,2026-09-27T21:09:00Z,1.240785,1.241125,1.237145,1.238405
2026-09-27T21:09:00Z,2026-09-27T21:10:00Z,1.238395,1.239605,1.236235,1.239115
2026-09-27T21:10:00Z,2026-09-27T21:11:00Z,1.239055,1.241065,1.237725,1.240215
2026-09-27T21:11:00Z,2026-09-27T21:12:00Z,1.240235,1.240625,1.235475,1.236645
2026-09-27T21:12:00Z,2026-09-27T21:13:00Z,1.236525,1.237705,1.233475,1.235285
2026-09-27T21:13:00Z,2026-09-27T21:14:00Z,1.235195,1.236695,1.232385,1.233385
2026-09-27T21:14:00Z,2026-09-27T21:15:00Z,1.234185,1.236675,1.232495,1.232895
2026-09-27T21:15:00Z,2026-09-27T21:16:00Z,1.232685,1.234505,1.230725,1.232965
2026-09-27T21:16:00Z,2026-09-27T21:17:00Z,1.233325,1.234565,1.226665,1.228125
2026-09-27T21:17:00Z,2026-09-27T21:18:00Z,1.228385,1.230195,1.226695,1.227195
2026-09-27T21:18:00Z,2026-09-27T21:19:00Z,1.227305,1.228495,1.225015,1.227885
2026-09-27T21:19:00Z,2026-09-27T21:20:00Z,1.227735,1.230505,1.225155,1.230405
2026-09-27T21:20:00Z,2026-09-27T21:21:00Z,1.230475,1.234615,1.228335,1.233025
2026-09-27T21:21:00Z,2026-09-27T21:22:00Z,1.233055,1.234295,1.228975,1.230215
2026-09-27T21:22:00Z,2026-09-27T21:23:00Z,1.230095,1.234545,1.228345,1.230255
2026-09-27T21:23:00Z,2026-09-27T21:24:00Z,1.230225,1.232285,1.226105,1.228455
2026-09-27T21:24:00Z,2026-09-27T21:25:00Z,1.228405,1.230015,1.222835,1.222915
2026-09-27T21:25:00Z,2026-09-27T21:26:00Z,1.223025,1.224475,1.221415,1.223065
2026-09-27T21:26:00Z,2026-09-27T21:27:00Z,1.222975,1.226155,1.221225,1.225565
2026-09-27T21:27:00Z,2026-09-27T21:28:00Z,1.225515,1.229665,1.223985,1.227925
2026-09-27T21:28:00Z,2026-09-27T21:29:00Z,1.227785,1.229355,1.223505,1.224555
2026-09-27T21:29:00Z,2026-09-27T21:30:00Z,1.224995,1.228595,1.224925,1.226825
2026-09-27T21:30:00Z,2026-09-27T21:31:00Z,1.226715,1.229845,1.225755,1.226535
2026-09-27T21:31:00Z,2026-09-27T21:32:00Z,1.226485,1.227265,1.222255,1.222655
2026-09-27T21:32:00Z,2026-09-27T21:33:00Z,1.222565,1.223765,1.219835,1.222395
2026-09-27T21:33:00Z,2026-09-27T21:34:00Z,1.222895,1.225585,1.221385,1.224755
2026-09-27T21:34:00Z,2026-09-27T21:35:00Z,1.224415,1.227345,1.219705,1.220305
2026-09-27T21:35:00Z,2026-09-27T21:36:00Z,1.220195,1.224785,1.220195,1.222555
2026-09-27T21:36:00Z,2026-09-27T21:37:00Z,1.222675,1.228855,1.222245,1.228855
2026-09-27T21:37:00Z,2026-09-27T21:38:00Z,1.228715,1.234705,1.228715,1.234275
2026-09-27T21:38:00Z,2026-09-27T21:39:00Z,1.234325,1.235525,1.231655,1.232365
2026-09-27T21:39:00Z,2026-09-27T21:40:00Z,1.232375,1.232375,1.228765,1.230665
2026-09-27T21:40:00Z,2026-09-27T21:41:00Z,1.230795,1.230795,1.224475,1.224795
2026-09-27T21:41:00Z,2026-09-27T21:42:00Z,1.224685,1.226115,1.216795,1.217345
2026-09-27T21:42:00Z,2026-09-27T21:43:00Z,1.217855,1.219745,1.215105,1.219045
2026-09-27T21:43:00Z,2026-09-27T21:44:00Z,1.219165,1.221435,1.217325,1.219655
2026-09-27T21:44:00Z,2026-09-27T21:45:00Z,1.219735,1.224075,1.218385,1.222835
2026-09-27T21:45:00Z,2026-09-27T21:46:00Z,1.222705,1.226225,1.221545,1.221545
2026-09-27T21:46:00Z,2026-09-27T21:47:00Z,1.221235,1.221895,1.213475,1.213475
2026-09-27T21:47:00Z,2026-09-27T21:48:00Z,1.213105,1.213215,1.204165,1.206135
2026-09-27T21:48:00Z,2026-09-27T21:49:00Z,1.206105,1.206165,1.200655,1.205205
2026-09-27T21:49:00Z,2026-09-27T21:50:00Z,1.205225,1.210925,1.205225,1.207485
2026-09-27T21:50:00Z,2026-09-27T21:51:00Z,1.207395,1.208005,1.202875,1.204895
2026-09-27T21:51:00Z,2026-09-27T21:52:00Z,1.204845,1.208625,1.204765,1.207765
2026-09-27T21:52:00Z,2026-09-27T21:53:00Z,1.207705,1.210655,1.206805,1.208875
2026-09-27T21:53:00Z,2026-09-27T21:54:00Z,1.208825,1.210115,1.205305,1.208745
2026-09-27T21:54:00Z,2026-09-27T21:55:00Z,1.208615,1.215955,1.208165,1.215955
2026-09-27T21:55:00Z,2026-09-27T21:56:00Z,1.215995,1.217385,1.212495,1.213085
2026-09-27T21:56:00Z,2026-09-27T21:57:00Z,1.213165,1.217085,1.212885,1.216905
2026-09-27T21:57:00Z,2026-09-27T21:58:00Z,1.217495,1.218595,1.216135,1.217125
2026-09-27T21:58:00Z,2026-09-27T21:59:00Z,1.217115,1.222245,1.215395,1.220775
2026-09-27T21:59:00Z,2026-09-27T22:00:00Z,1.220805,1.222335,1.216675,1.218905
2026-09-27T22:00:00Z,2026-09-27T22:01:00Z,1.218605,1.222075,1.217425,1.222015
2026-09-27T22:01:00Z,2026-09-27T22:02:00Z,1.221965,1.226725,1.220435,1.226275
2026-09-27T22:02:00Z,2026-09-27T22:03:00Z,1.226355,1.227335,1.223195,1.223315
2026-09-27T22:03:00Z,2026-09-27T22:04:00Z,1.223225,1.228985,1.223215,1.228175
2026-09-27T22:04:00Z,2026-09-27T22:05:00Z,1.228725,1.229575,1.225535,1.228885
2026-09-27T22:05:00Z,2026-09-27T22:06:00Z,1.228815,1.232145,1.228305,1.231505
2026-09-27T22:06:00Z,2026-09-27T22:07:00Z,1.231885,1.234015,1.231855,1.233275
2026-09-27T22:07:00Z,2026-09-27T22:08:00Z,1.233545,1.233745,1.229235,1.229395
2026-09-27T22:08:00Z,2026-09-27T22:09:00Z,1.229525,1.229715,1.224985,1.227815
2026-09-27T22:09:00Z,2026-09-27T22:10:00Z,1.227755,1.229425,1.223085,1.223865
2026-09-27T22:10:00Z,2026-09-27T22:11:00Z,1.223205,1.227565,1.222305,1.227565
2026-09-27T22:11:00Z,2026-09-27T22:12:00Z,1.227585,1.228505,1.225435,1.225475
2026-09-27T22:12:00Z,2026-09-27T22:13:00Z,1.225875,1.226785,1.222735,1.226025
2026-09-27T22:13:00Z,2026-09-27T22:14:00Z,1.225715,1.226525,1.223325,1.224395
2026-09-27T22:14:00Z,2026-09-27T22:15:00Z,1.224985,1.235045,1.224525,1.235045
2026-09-27T22:15:00Z,2026-09-27T22:16:00Z,1.235065,1.235545,1.229715,1.232945
2026-09-27T22:16:00Z,2026-09-27T22:17:00Z,1.233155,1.234615,1.228945,1.229695
2026-09-27T22:17:00Z,2026-09-27T22:18:00Z,1.229705,1.230405,1.227105,1.227105
2026-09-27T22:18:00Z,2026-09-27T22:19:00Z,1.227285,1.231175,1.227075,1.231005
2026-09-27T22:19:00Z,2026-09-27T22:20:00Z,1.231125,1.234385,1.229445,1.234275
2026-09-27T22:20:00Z,2026-09-27T22:21:00Z,1.234285,1.234815,1.230255,1.231565
2026-09-27T22:21:00Z,2026-09-27T22:22:00Z,1.231755,1.232505,1.227665,1.227725
2026-09-27T22:22:00Z,2026-09-27T22:23:00Z,1.227745,1.232015,1.227315,1.232015
2026-09-27T22:23:00Z,2026-09-27T22:24:00Z,1.231975,1.233025,1.229595,1.229735
2026-09-27T22:24:00Z,2026-09-27T22:25:00Z,1.230305,1.232215,1.227745,1.231705
2026-09-27T22:25:00Z,2026-09-27T22:26:00Z,1.231845,1.233955,1.227515,1.232825
2026-09-27T22:26:00Z,2026-09-27T22:27:00Z,1.232915,1.233115,1.225645,1.226635
2026-09-27T22:27:00Z,2026-09-27T22:28:00Z,1.226565,1.227085,1.222795,1.223875
2026-09-27T22:28:00Z,2026-09-27T22:29:00Z,1.223895,1.230815,1.222825,1.227915
2026-09-27T22:29:00Z,2026-09-27T22:30:00Z,1.228045,1.228345,1.222905,1.223395
2026-09-27T22:30:00Z,2026-09-27T22:31:00Z,1.223385,1.229325,1.223325,1.228465
2026-09-27T22:31:00Z,2026-09-27T22:32:00Z,1.228495,1.231035,1.226745,1.230975
2026-09-27T22:32:00Z,2026-09-27T22:33:00Z,1.231305,1.231875,1.228615,1.229785
2026-09-27T22:33:00Z,2026-09-27T22:34:00Z,1.229765,1.236625,1.229655,1.235555
2026-09-27T22:34:00Z,2026-09-27T22:35:00Z,1.235605,1.235955,1.233175,1.234145
2026-09-27T22:35:00Z,2026-09-27T22:36:00Z,1.234085,1.234375,1.228285,1.228295
2026-09-27T22:36:00Z,2026-09-27T22:37:00Z,1.228185,1.228515,1.225035,1.226985
2026-09-27T22:37:00Z,2026-09-27T22:38:00Z,1.227025,1.229085,1.224565,1.228135
2026-09-27T22:38:00Z,2026-09-27T22:39:00Z,1.228935,1.233435,1.228345,1.233125
2026-09-27T22:39:00Z,2026-09-27T22:40:00Z,1.232745,1.234855,1.230615,1.234855
2026-09-27T22:40:00Z,2026-09-27T22:41:00Z,1.234355,1.236155,1.231665,1.233255
2026-09-27T22:41:00Z,2026-09-27T22:42:00Z,1.233605,1.236875,1.233385,1.233565
2026-09-27T22:42:00Z,2026-09-27T22:43:00Z,1.234125,1.234715,1.231225,1.231705
2026-09-27T22:43:00Z,2026-09-27T22:44:00Z,1.231835,1.232375,1.228155,1.228195
2026-09-27T22:44:00Z,2026-09-27T22:45:00Z,1.227975,1.232005,1.226505,1.231555
2026-09-27T22:45:00Z,2026-09-27T22:46:00Z,1.232155,1.233305,1.227985,1.229345
2026-09-27T22:46:00Z,2026-09-27T22:47:00Z,1.229385,1.231785,1.227685,1.229955
2026-09-27T22:47:00Z,2026-09-27T22:48:00Z,1.230225,1.231755,1.226215,1.231295
2026-09-27T22:48:00Z,2026-09-27T22:49:00Z,1.231355,1.236765,1.230695,1.236175
2026-09-27T22:49:00Z,2026-09-27T22:50:00Z,1.235375,1.238785,1.234875,1.236805
2026-09-27T22:50:00Z,2026-09-27T22:51:00Z,1.236765,1.237185,1.233455,1.236235
2026-09-27T22:51:00Z,2026-09-27T22:52:00Z,1.236585,1.239505,1.235255,1.239505
2026-09-27T22:52:00Z,2026-09-27T22:53:00Z,1.239425,1.240465,1.238495,1.240225
2026-09-27T22:53:00Z,2026-09-27T22:54:00Z,1.240335,1.243365,1.238185,1.239185
2026-09-27T22:54:00Z,2026-09-27T22:55:00Z,1.238945,1.239725,1.236075,1.239285
2026-09-27T22:55:00Z,2026-09-27T22:56:00Z,1.239315,1.240985,1.234745,1.234795
2026-09-27T22:56:00Z,2026-09-27T22:57:00Z,1.234675,1.237645,1.233125,1.237645
2026-09-27T22:57:00Z,2026-09-27T22:58:00Z,1.237705,1.241095,1.237125,1.237705
2026-09-27T22:58:00Z,2026-09-27T22:59:00Z,1.237675,1.237875,1.234245,1.235155
2026-09-27T22:59:00Z,2026-09-27T23:00:00Z,1.235235,1.236545,1.233115,1.235255
2026-09-27T23:00:00Z,2026-09-27T23:01:00Z,1.235245,1.241655,1.235245,1.237005
2026-09-27T23:01:00Z,2026-09-27T23:02:00Z,1.237125,1.237165,1.232425,1.233865
2026-09-27T23:02:00Z,2026-09-27T23:03:00Z,1.233895,1.235065,1.229835,1.231025
2026-09-27T23:03:00Z,2026-09-27T23:04:00Z,1.230905,1.232095,1.227855,1.229055
2026-09-27T23:04:00Z,2026-09-27T23:05:00Z,1.229015,1.229995,1.225345,1.226685
2026-09-27T23:05:00Z,2026-09-27T23:06:00Z,1.226565,1.229795,1.226445,1.229125
2026-09-27T23:06:00Z,2026-09-27T23:07:00Z,1.229205,1.231695,1.227885,1.228075
2026-09-27T23:07:00Z,2026-09-27T23:08:00Z,1.228455,1.230155,1.222515,1.223155
2026-09-27T23:08:00Z,2026-09-27T23:09:00Z,1.223065,1.225315,1.222295,1.223705
2026-09-27T23:09:00Z,2026-09-27T23:10:00Z,1.223785,1.229125,1.223785,1.225975
2026-09-27T23:10:00Z,2026-09-27T23:11:00Z,1.226625,1.229725,1.224835,1.229725
2026-09-27T23:11:00Z,2026-09-27T23:12:00Z,1.229145,1.236475,1.229065,1.234815
2026-09-27T23:12:00Z,2026-09-27T23:13:00Z,1.234925,1.238255,1.232825,1.238185
2026-09-27T23:13:00Z,2026-09-27T23:14:00Z,1.238285,1.240845,1.237495,1.239155
2026-09-27T23:14:00Z,2026-09-27T23:15:00Z,1.239015,1.239105,1.234275,1.237505
2026-09-27T23:15:00Z,2026-09-27T23:16:00Z,1.237445,1.239105,1.234205,1.236825
2026-09-27T23:16:00Z,2026-09-27T23:17:00Z,1.236885,1.238515,1.231495,1.233245
2026-09-27T23:17:00Z,2026-09-27T23:18:00Z,1.232955,1.240325,1.232645,1.240075
2026-09-27T23:18:00Z,2026-09-27T23:19:00Z,1.240005,1.240855,1.237685,1.237885
2026-09-27T23:19:00Z,2026-09-27T23:20:00Z,1.237935,1.240675,1.237095,1.239745
2026-09-27T23:20:00Z,2026-09-27T23:21:00Z,1.239875,1.244245,1.238175,1.240035
2026-09-27T23:21:00Z,2026-09-27T23:22:00Z,1.239745,1.240865,1.237455,1.237805
2026-09-27T23:22:00Z,2026-09-27T23:23:00Z,1.237505,1.239455,1.234715,1.237925
2026-09-27T23:23:00Z,2026-09-27T23:24:00Z,1.237955,1.239605,1.234505,1.239445
2026-09-27T23:24:00Z,2026-09-27T23:25:00Z,1.239255,1.243835,1.239165,1.242535
2026-09-27T23:25:00Z,2026-09-27T23:26:00Z,1.242605,1.243095,1.237225,1.237575
2026-09-27T23:26:00Z,2026-09-27T23:27:00Z,1.237675,1.239645,1.235995,1.237265
2026-09-27T23:27:00Z,2026-09-27T23:28:00Z,1.236865,1.239105,1.235835,1.237735
2026-09-27T23:28:00Z,2026-09-27T23:29:00Z,1.237985,1.240705,1.237405,1.238425
2026-09-27T23:29:00Z,2026-09-27T23:30:00Z,1.238435,1.243525,1.238235,1.243525
2026-09-27T23:30:00Z,2026-09-27T23:31:00Z,1.243565,1.243745,1.238525,1.238685
2026-09-27T23:31:00Z,2026-09-27T23:32:00Z,1.238565,1.242305,1.238565,1.240645
2026-09-27T23:32:00Z,2026-09-27T23:33:00Z,1.240695,1.245325,1.239325,1.244245
2026-09-27T23:33:00Z,2026-09-27T23:34:00Z,1.244595,1.245465,1.237745,1.242835
2026-09-27T23:34:00Z,2026-09-27T23:35:00Z,1.243085,1.247305,1.242925,1.247085
2026-09-27T23:35:00Z,2026-09-27T23:36:00Z,1.247215,1.248495,1.241675,1.242895
2026-09-27T23:36:00Z,2026-09-27T23:37:00Z,1.242795,1.245575,1.242715,1.244835
2026-09-27T23:37:00Z,2026-09-27T23:38:00Z,1.244775,1.247005,1.242765,1.243515
2026-09-27T23:38:00Z,2026-09-27T23:39:00Z,1.243645,1.246725,1.242395,1.246585
2026-09-27T23:39:00Z,2026-09-27T23:40:00Z,1.246745,1.248495,1.244955,1.247125
2026-09-27T23:40:00Z,2026-09-27T23:41:00Z,1.247225,1.251725,1.246025,1.250915
2026-09-27T23:41:00Z,2026-09-27T23:42:00Z,1.250885,1.258465,1.249915,1.258465
2026-09-27T23:42:00Z,2026-09-27T23:43:00Z,1.258495,1.263395,1.255605,1.262315
2026-09-27T23:43:00Z,2026-09-27T23:44:00Z,1.262225,1.264515,1.254545,1.254545
2026-09-27T23:44:00Z,2026-09-27T23:45:00Z,1.254655,1.256105,1.248745,1.249165
2026-09-27T23:45:00Z,2026-09-27T23:46:00Z,1.248925,1.251825,1.248325,1.248725
2026-09-27T23:46:00Z,2026-09-27T23:47:00Z,1.248695,1.254505,1.247685,1.254205
2026-09-27T23:47:00Z,2026-09-27T23:48:00Z,1.254145,1.256855,1.252815,1.253505
2026-09-27T23:48:00Z,2026-09-27T23:49:00Z,1.253685,1.259355,1.252215,1.258665
2026-09-27T23:49:00Z,2026-09-27T23:50:00Z,1.258695,1.263665,1.258215,1.260675
2026-09-27T23:50:00Z,2026-09-27T23:51:00Z,1.260585,1.263975,1.257805,1.263975
2026-09-27T23:51:00Z,2026-09-27T23:52:00Z,1.263875,1.268225,1.263205,1.266055
2026-09-27T23:52:00Z,2026-09-27T23:53:00Z,1.266065,1.266945,1.261695,1.262825
2026-09-27T23:53:00Z,2026-09-27T23:54:00Z,1.263145,1.264355,1.260445,1.264215
2026-09-27T23:54:00Z,2026-09-27T23:55:00Z,1.263545,1.266045,1.261575,1.265725
2026-09-27T23:55:00Z,2026-09-27T23:56:00Z,1.265625,1.265745,1.261445,1.263355
2026-09-27T23:56:00Z,2026-09-27T23:57:00Z,1.263345,1.264845,1.259935,1.262445
2026-09-27T23:57:00Z,2026-09-27T23:58:00Z,1.262795,1.271075,1.262315,1.269925
2026-09-27T23:58:00Z,2026-09-27T23:59:00Z,1.269855,1.272755,1.266495,1.272055
2026-09-27T23:59:00Z,2026-09-28T00:00:00Z,1.272625,1.274155,1.265245,1.267895
2026-09-28T00:00:00Z,2026-09-28T00:01:00Z,1.267775,1.271505,1.267355,1.271505
2026-09-28T00:01:00Z,2026-09-28T00:02:00Z,1.271885,1.273455,1.269205,1.271195
2026-09-28T00:02:00Z,2026-09-28T00:03:00Z,1.271075,1.273785,1.266495,1.266495
2026-09-28T00:03:00Z,2026-09-28T00:04:00Z,1.266625,1.268745,1.265305,1.268065
2026-09-28T00:04:00Z,2026-09-28T00:05:00Z,1.268385,1.272125,1.267115,1.270485
2026-09-28T00:05:00Z,2026-09-28T00:06:00Z,1.270595,1.275995,1.270585,1.275915
2026-09-28T00:06:00Z,2026-09-28T00:07:00Z,1.276165,1.279605,1.274645,1.279305
2026-09-28T00:07:00Z,2026-09-28T00:08:00Z,1.279235,1.279545,1.275945,1.276525
2026-09-28T00:08:00Z,2026-09-28T00:09:00Z,1.276785,1.277965,1.271125,1.271385
2026-09-28T00:09:00Z,2026-09-28T00:10:00Z,1.271725,1.275465,1.270965,1.274915
2026-09-28T00:10:00Z,2026-09-28T00:11:00Z,1.274225,1.274225,1.266805,1.269855
2026-09-28T00:11:00Z,2026-09-28T00:12:00Z,1.269805,1.269855,1.266315,1.268815
2026-09-28T00:12:00Z,2026-09-28T00:13:00Z,1.269165,1.269265,1.263955,1.264655
2026-09-28T00:13:00Z,2026-09-28T00:14:00Z,1.264875,1.268575,1.264875,1.266665
2026-09-28T00:14:00Z,2026-09-28T00:15:00Z,1.266755,1.266995,1.257825,1.258015
2026-09-28T00:15:00Z,2026-09-28T00:16:00Z,1.258065,1.258635,1.251415,1.255275
2026-09-28T00:16:00Z,2026-09-28T00:17:00Z,1.254875,1.257195,1.252705,1.256115
2026-09-28T00:17:00Z,2026-09-28T00:18:00Z,1.256165,1.256165,1.249375,1.250505
2026-09-28T00:18:00Z,2026-09-28T00:19:00Z,1.250475,1.252785,1.249085,1.251555
2026-09-28T00:19:00Z,2026-09-28T00:20:00Z,1.251475,1.253745,1.250045,1.251975
2026-09-28T00:20:00Z,2026-09-28T00:21:00Z,1.252025,1.257815,1.252025,1.256215
2026-09-28T00:21:00Z,2026-09-28T00:22:00Z,1.255965,1.257115,1.252155,1.253415
2026-09-28T00:22:00Z,2026-09-28T00:23:00Z,1.253285,1.262405,1.253285,1.262105
2026-09-28T00:23:00Z,2026-09-28T00:24:00Z,1.262185,1.263505,1.260525,1.261265
2026-09-28T00:24:00Z,2026-09-28T00:25:00Z,1.261165,1.261945,1.257485,1.257915
2026-09-28T00:25:00Z,2026-09-28T00:26:00Z,1.257825,1.259385,1.255205,1.255275
2026-09-28T00:26:00Z,2026-09-28T00:27:00Z,1.256315,1.258395,1.255295,1.257335
2026-09-28T00:27:00Z,2026-09-28T00:28:00Z,1.257415,1.261445,1.257205,1.260885
2026-09-28T00:28:00Z,2026-09-28T00:29:00Z,1.260755,1.262535,1.256945,1.257925
2026-09-28T00:29:00Z,2026-09-28T00:30:00Z,1.257605,1.262175,1.256615,1.261885
2026-09-28T00:30:00Z,2026-09-28T00:31:00Z,1.261975,1.263385,1.259655,1.262605
2026-09-28T00:31:00Z,2026-09-28T00:32:00Z,1.262745,1.265605,1.262705,1.263515
2026-09-28T00:32:00Z,2026-09-28T00:33:00Z,1.263425,1.265225,1.262215,1.262625
2026-09-28T00:33:00Z,2026-09-28T00:34:00Z,1.262575,1.263435,1.259465,1.259795
2026-09-28T00:34:00Z,2026-09-28T00:35:00Z,1.259785,1.261165,1.255695,1.256025
2026-09-28T00:35:00Z,2026-09-28T00:36:00Z,1.256145,1.259595,1.254555,1.259495
2026-09-28T00:36:00Z,2026-09-28T00:37:00Z,1.259755,1.262355,1.259145,1.262065
2026-09-28T00:37:00Z,2026-09-28T00:38:00Z,1.262165,1.262165,1.256635,1.258185
2026-09-28T00:38:00Z,2026-09-28T00:39:00Z,1.258495,1.263955,1.257745,1.263925
2026-09-28T00:39:00Z,2026-09-28T00:40:00Z,1.264045,1.264845,1.262045,1.263815
2026-09-28T00:40:00Z,2026-09-28T00:41:00Z,1.263715,1.264065,1.257065,1.258895
2026-09-28T00:41:00Z,2026-09-28T00:42:00Z,1.259025,1.263575,1.258755,1.260175
2026-09-28T00:42:00Z,2026-09-28T00:43:00Z,1.259855,1.263975,1.259375,1.263975
2026-09-28T00:43:00Z,2026-09-28T00:44:00Z,1.263935,1.269855,1.263935,1.268425
2026-09-28T00:44:00Z,2026-09-28T00:45:00Z,1.268155,1.272095,1.264785,1.271445
2026-09-28T00:45:00Z,2026-09-28T00:46:00Z,1.271465,1.275105,1.268045,1.269755
2026-09-28T00:46:00Z,2026-09-28T00:47:00Z,1.269675,1.271615,1.264735,1.266905
2026-09-28T00:47:00Z,2026-09-28T00:48:00Z,1.266945,1.269475,1.264345,1.266385
2026-09-28T00:48:00Z,2026-09-28T00:49:00Z,1.266355,1.266955,1.258295,1.258675
2026-09-28T00:49:00Z,2026-09-28T00:50:00Z,1.258895,1.261355,1.257675,1.259815
2026-09-28T00:50:00Z,2026-09-28T00:51:00Z,1.259505,1.265335,1.259085,1.264125
2026-09-28T00:51:00Z,2026-09-28T00:52:00Z,1.264105,1.270435,1.263475,1.269415
2026-09-28T00:52:00Z,2026-09-28T00:53:00Z,1.269545,1.272125,1.268065,1.271795
2026-09-28T00:53:00Z,2026-09-28T00:54:00Z,1.271425,1.271505,1.264195,1.264325
2026-09-28T00:54:00Z,2026-09-28T00:55:00Z,1.264355,1.266015,1.261845,1.264645
2026-09-28T00:55:00Z,2026-09-28T00:56:00Z,1.264045,1.264805,1.261715,1.263585
2026-09-28T00:56:00Z,2026-09-28T00:57:00Z,1.263485,1.263485,1.258475,1.260945
2026-09-28T00:57:00Z,2026-09-28T00:58:00Z,1.260985,1.261335,1.255085,1.255225
2026-09-28T00:58:00Z,2026-09-28T00:59:00Z,1.254395,1.257135,1.252405,1.255865
2026-09-28T00:59:00Z,2026-09-28T01:00:00Z,1.255765,1.256365,1.250515,1.251605
2026-09-28T01:00:00Z,2026-09-28T01:01:00Z,1.251475,1.252015,1.247105,1.249545
2026-09-28T01:01:00Z,2026-09-28T01:02:00Z,1.249385,1.251875,1.247375,1.251755
2026-09-28T01:02:00Z,2026-09-28T01:03:00Z,1.251675,1.255485,1.251475,1.255485
2026-09-28T01:03:00Z,2026-09-28T01:04:00Z,1.255495,1.257385,1.252845,1.254785
2026-09-28T01:04:00Z,2026-09-28T01:05:00Z,1.254905,1.259545,1.254825,1.258225
2026-09-28T01:05:00Z,2026-09-28T01:06:00Z,1.258405,1.258765,1.254525,1.256285
2026-09-28T01:06:00Z,2026-09-28T01:07:00Z,1.256235,1.263665,1.256235,1.263445
2026-09-28T01:07:00Z,2026-09-28T01:08:00Z,1.263165,1.267465,1.262325,1.266775
2026-09-28T01:08:00Z,2026-09-28T01:09:00Z,1.267465,1.269535,1.261565,1.262255
2026-09-28T01:09:00Z,2026-09-28T01:10:00Z,1.262285,1.265175,1.260675,1.264485
2026-09-28T01:10:00Z,2026-09-28T01:11:00Z,1.264435,1.267535,1.262705,1.263315
2026-09-28T01:11:00Z,2026-09-28T01:12:00Z,1.262925,1.264455,1.258605,1.261945
2026-09-28T01:12:00Z,2026-09-28T01:13:00Z,1.261815,1.269215,1.261485,1.268055
2026-09-28T01:13:00Z,2026-09-28T01:14:00Z,1.267945,1.268185,1.263575,1.264415
2026-09-28T01:14:00Z,2026-09-28T01:15:00Z,1.264545,1.268805,1.262805,1.267195
2026-09-28T01:15:00Z,2026-09-28T01:16:00Z,1.267305,1.267885,1.264225,1.264355
2026-09-28T01:16:00Z,2026-09-28T01:17:00Z,1.264345,1.264345,1.258235,1.261105
2026-09-28T01:17:00Z,2026-09-28T01:18:00Z,1.261495,1.261785,1.257575,1.261075
2026-09-28T01:18:00Z,2026-09-28T01:19:00Z,1.261055,1.265085,1.260185,1.261995
2026-09-28T01:19:00Z,2026-09-28T01:20:00Z,1.261875,1.264225,1.258925,1.262625
2026-09-28T01:20:00Z,2026-09-28T01:21:00Z,1.262665,1.265815,1.261875,1.264535
2026-09-28T01:21:00Z,2026-09-28T01:22:00Z,1.265025,1.267615,1.264175,1.267615
2026-09-28T01:22:00Z,2026-09-28T01:23:00Z,1.267295,1.274795,1.265935,1.274275
2026-09-28T01:23:00Z,2026-09-28T01:24:00Z,1.273825,1.274745,1.271795,1.272445
2026-09-28T01:24:00Z,2026-09-28T01:25:00Z,1.272315,1.277075,1.271235,1.274675
2026-09-28T01:25:00Z,2026-09-28T01:26:00Z,1.274855,1.277675,1.273695,1.277295
2026-09-28T01:26:00Z,2026-09-28T01:27:00Z,1.277055,1.280765,1.273045,1.280515
2026-09-28T01:27:00Z,2026-09-28T01:28:00Z,1.280415,1.288725,1.279695,1.288485
2026-09-28T01:28:00Z,2026-09-28T01:29:00Z,1.288075,1.290825,1.286655,1.289285
2026-09-28T01:29:00Z,2026-09-28T01:30:00Z,1.288635,1.288965,1.283435,1.284825
2026-09-28T01:30:00Z,2026-09-28T01:31:00Z,1.284315,1.285355,1.279125,1.280885
2026-09-28T01:31:00Z,2026-09-28T01:32:00Z,1.281225,1.284435,1.279945,1.281275
2026-09-28T01:32:00Z,2026-09-28T01:33:00Z,1.280875,1.280875,1.277885,1.279395
2026-09-28T01:33:00Z,2026-09-28T01:34:00Z,1.279355,1.282245,1.277205,1.278525
2026-09-28T01:34:00Z,2026-09-28T01:35:00Z,1.278565,1.280115,1.273365,1.277615
2026-09-28T01:35:00Z,2026-09-28T01:36:00Z,1.277865,1.280315,1.275475,1.280065
2026-09-28T01:36:00Z,2026-09-28T01:37:00Z,1.279785,1.281605,1.276555,1.276725
2026-09-28T01:37:00Z,2026-09-28T01:38:00Z,1.276635,1.278605,1.275645,1.278095
2026-09-28T01:38:00Z,2026-09-28T01:39:00Z,1.278055,1.280185,1.274835,1.274835
2026-09-28T01:39:00Z,2026-09-28T01:40:00Z,1.274875,1.276305,1.272115,1.272545
2026-09-28T01:40:00Z,2026-09-28T01:41:00Z,1.272185,1.277205,1.270995,1.277205
2026-09-28T01:41:00Z,2026-09-28T01:42:00Z,1.276965,1.279975,1.276065,1.277665
2026-09-28T01:42:00Z,2026-09-28T01:43:00Z,1.277645,1.278895,1.272785,1.272905
2026-09-28T01:43:00Z,2026-09-28T01:44:00Z,1.272615,1.273215,1.270105,1.270185
2026-09-28T01:44:00Z,2026-09-28T01:45:00Z,1.270305,1.271895,1.268855,1.271665
2026-09-28T01:45:00Z,2026-09-28T01:46:00Z,1.271575,1.274385,1.269935,1.272975
2026-09-28T01:46:00Z,2026-09-28T01:47:00Z,1.272925,1.273205,1.268265,1.268415
2026-09-28T01:47:00Z,2026-09-28T01:48:00Z,1.268685,1.269665,1.265305,1.265535
2026-09-28T01:48:00Z,2026-09-28T01:49:00Z,1.265355,1.267205,1.262385,1.266895
2026-09-28T01:49:00Z,2026-09-28T01:50:00Z,1.267445,1.267445,1.261025,1.262425
2026-09-28T01:50:00Z,2026-09-28T01:51:00Z,1.262485,1.268175,1.262235,1.263855
2026-09-28T01:51:00Z,2026-09-28T01:52:00Z,1.263935,1.268765,1.263515,1.268765
2026-09-28T01:52:00Z,2026-09-28T01:53:00Z,1.268705,1.269515,1.264785,1.266295
2026-09-28T01:53:00Z,2026-09-28T01:54:00Z,1.266485,1.271285,1.265125,1.269755
2026-09-28T01:54:00Z,2026-09-28T01:55:00Z,1.269895,1.275445,1.269595,1.273455
2026-09-28T01:55:00Z,2026-09-28T01:56:00Z,1.273405,1.274785,1.270055,1.270995
2026-09-28T01:56:00Z,2026-09-28T01:57:00Z,1.271035,1.272815,1.259575,1.259575
2026-09-28T01:57:00Z,2026-09-28T01:58:00Z,1.259885,1.260545,1.257905,1.260005
2026-09-28T01:58:00Z,2026-09-28T01:59:00Z,1.260175,1.260415,1.256085,1.257305
2026-09-28T01:59:00Z,2026-09-28T02:00:00Z,1.257215,1.261255,1.257215,1.258685
2026-09-28T02:00:00Z,2026-09-28T02:01:00Z,1.258555,1.259485,1.253215,1.254915
2026-09-28T02:01:00Z,2026-09-28T02:02:00Z,1.255425,1.256435,1.251455,1.252165
2026-09-28T02:02:00Z,2026-09-28T02:03:00Z,1.252515,1.254385,1.250275,1.251475
2026-09-28T02:03:00Z,2026-09-28T02:04:00Z,1.251545,1.251725,1.243935,1.243935
2026-09-28T02:04:00Z,2026-09-28T02:05:00Z,1.243985,1.248115,1.243895,1.247045
2026-09-28T02:05:00Z,2026-09-28T02:06:00Z,1.247175,1.250895,1.245435,1.245595
2026-09-28T02:06:00Z,2026-09-28T02:07:00Z,1.245775,1.248635,1.245155,1.248145
2026-09-28T02:07:00Z,2026-09-28T02:08:00Z,1.248185,1.251635,1.246425,1.247615
2026-09-28T02:08:00Z,2026-09-28T02:09:00Z,1.247575,1.249925,1.245695,1.248375
2026-09-28T02:09:00Z,2026-09-28T02:10:00Z,1.248385,1.249415,1.244365,1.248875
2026-09-28T02:10:00Z,2026-09-28T02:11:00Z,1.248905,1.249045,1.242275,1.242275
2026-09-28T02:11:00Z,2026-09-28T02:12:00Z,1.242655,1.244545,1.239255,1.239255
2026-09-28T02:12:00Z,2026-09-28T02:13:00Z,1.238985,1.242295,1.238635,1.239965
2026-09-28T02:13:00Z,2026-09-28T02:14:00Z,1.240005,1.241945,1.235955,1.236905
2026-09-28T02:14:00Z,2026-09-28T02:15:00Z,1.237245,1.242855,1.236275,1.242265
2026-09-28T02:15:00Z,2026-09-28T02:16:00Z,1.242225,1.244805,1.240525,1.241685
2026-09-28T02:16:00Z,2026-09-28T02:17:00Z,1.241295,1.241585,1.236485,1.237795
2026-09-28T02:17:00Z,2026-09-28T02:18:00Z,1.237765,1.244415,1.236875,1.244015
2026-09-28T02:18:00Z,2026-09-28T02:19:00Z,1.244075,1.245605,1.242195,1.245065
2026-09-28T02:19:00Z,2026-09-28T02:20:00Z,1.245035,1.246575,1.237775,1.239085
2026-09-28T02:20:00Z,2026-09-28T02:21:00Z,1.239095,1.241615,1.234715,1.235315
2026-09-28T02:21:00Z,2026-09-28T02:22:00Z,1.235675,1.236155,1.226235,1.226685
2026-09-28T02:22:00Z,2026-09-28T02:23:00Z,1.226765,1.228015,1.220185,1.221085
2026-09-28T02:23:00Z,2026-09-28T02:24:00Z,1.221215,1.225915,1.218725,1.218725
2026-09-28T02:24:00Z,2026-09-28T02:25:00Z,1.218815,1.222455,1.217985,1.220795
2026-09-28T02:25:00Z,2026-09-28T02:26:00Z,1.220555,1.221515,1.218965,1.220725
2026-09-28T02:26:00Z,2026-09-28T02:27:00Z,1.220845,1.222925,1.218685,1.222925
2026-09-28T02:27:00Z,2026-09-28T02:28:00Z,1.223595,1.226365,1.221305,1.221305
2026-09-28T02:28:00Z,2026-09-28T02:29:00Z,1.220785,1.222085,1.218515,1.220315
2026-09-28T02:29:00Z,2026-09-28T02:30:00Z,1.220405,1.221415,1.215525,1.216045
2026-09-28T02:30:00Z,2026-09-28T02:31:00Z,1.215935,1.217845,1.212885,1.217845
2026-09-28T02:31:00Z,2026-09-28T02:32:00Z,1.218185,1.220595,1.217105,1.218855
2026-09-28T02:32:00Z,2026-09-28T02:33:00Z,1.218265,1.225565,1.217945,1.225415
2026-09-28T02:33:00Z,2026-09-28T02:34:00Z,1.225435,1.226035,1.220175,1.223235
2026-09-28T02:34:00Z,2026-09-28T02:35:00Z,1.223065,1.223345,1.219145,1.220925
2026-09-28T02:35:00Z,2026-09-28T02:36:00Z,1.220815,1.222065,1.217035,1.217365
2026-09-28T02:36:00Z,2026-09-28T02:37:00Z,1.217435,1.221605,1.216505,1.219785
2026-09-28T02:37:00Z,2026-09-28T02:38:00Z,1.219475,1.221145,1.217535,1.220745
2026-09-28T02:38:00Z,2026-09-28T02:39:00Z,1.220755,1.225045,1.220755,1.223225
2026-09-28T02:39:00Z,2026-09-28T02:40:00Z,1.222845,1.229475,1.221565,1.228405
2026-09-28T02:40:00Z,2026-09-28T02:41:00Z,1.228465,1.228975,1.221545,1.223855
2026-09-28T02:41:00Z,2026-09-28T02:42:00Z,1.223865,1.227185,1.222205,1.226855
2026-09-28T02:42:00Z,2026-09-28T02:43:00Z,1.227495,1.232805,1.227195,1.232255
2026-09-28T02:43:00Z,2026-09-28T02:44:00Z,1.232205,1.232695,1.229905,1.230575
2026-09-28T02:44:00Z,2026-09-28T02:45:00Z,1.230465,1.232885,1.229905,1.232625
2026-09-28T02:45:00Z,2026-09-28T02:46:00Z,1.232755,1.233225,1.230225,1.230485
2026-09-28T02:46:00Z,2026-09-28T02:47:00Z,1.230415,1.230645,1.228255,1.228915
2026-09-28T02:47:00Z,2026-09-28T02:48:00Z,1.228875,1.231065,1.227875,1.227985
2026-09-28T02:48:00Z,2026-09-28T02:49:00Z,1.227745,1.230955,1.225035,1.230645
2026-09-28T02:49:00Z,2026-09-28T02:50:00Z,1.230945,1.238445,1.229455,1.237565
2026-09-28T02:50:00Z,2026-09-28T02:51:00Z,1.237585,1.244265,1.236085,1.243855
2026-09-28T02:51:00Z,2026-09-28T02:52:00Z,1.243805,1.246635,1.242965,1.243485
2026-09-28T02:52:00Z,2026-09-28T02:53:00Z,1.243365,1.248875,1.240605,1.246255
2026-09-28T02:53:00Z,2026-09-28T02:54:00Z,1.246575,1.250005,1.246525,1.248745
2026-09-28T02:54:00Z,2026-09-28T02:55:00Z,1.248655,1.250185,1.247665,1.249645
2026-09-28T02:55:00Z,2026-09-28T02:56:00Z,1.249585,1.252655,1.248795,1.251095
2026-09-28T02:56:00Z,2026-09-28T02:57:00Z,1.251025,1.251345,1.243885,1.244665
2026-09-28T02:57:00Z,2026-09-28T02:58:00Z,1.244735,1.248425,1.244695,1.247735
2026-09-28T02:58:00Z,2026-09-28T02:59:00Z,1.248145,1.249415,1.244635,1.245595
2026-09-28T02:59:00Z,2026-09-28T03:00:00Z,1.245695,1.249375,1.245255,1.247715
2026-09-28T03:00:00Z,2026-09-28T03:01:00Z,1.248355,1.253265,1.248095,1.253015
2026-09-28T03:01:00Z,2026-09-28T03:02:00Z,1.252965,1.255195,1.252355,1.252685
2026-09-28T03:02:00Z,2026-09-28T03:03:00Z,1.252115,1.260855,1.251975,1.260765
2026-09-28T03:03:00Z,2026-09-28T03:04:00Z,1.261075,1.262285,1.257385,1.259295
2026-09-28T03:04:00Z,2026-09-28T03:05:00Z,1.259375,1.262415,1.259025,1.259585
2026-09-28T03:05:00Z,2026-09-28T03:06:00Z,1.259635,1.263015,1.255945,1.255945
2026-09-28T03:06:00Z,2026-09-28T03:07:00Z,1.255905,1.256305,1.252865,1.254025
2026-09-28T03:07:00Z,2026-09-28T03:08:00Z,1.254095,1.254095,1.250965,1.253305
2026-09-28T03:08:00Z,2026-09-28T03:09:00Z,1.253235,1.256775,1.253005,1.255795
2026-09-28T03:09:00Z,2026-09-28T03:10:00Z,1.256725,1.257735,1.251265,1.255845
2026-09-28T03:10:00Z,2026-09-28T03:11:00Z,1.255735,1.256695,1.248575,1.250155
2026-09-28T03:11:00Z,2026-09-28T03:12:00Z,1.250255,1.250805,1.246775,1.248395
2026-09-28T03:12:00Z,2026-09-28T03:13:00Z,1.248485,1.251735,1.247895,1.250045
2026-09-28T03:13:00Z,2026-09-28T03:14:00Z,1.250035,1.252155,1.246255,1.247835
2026-09-28T03:14:00Z,2026-09-28T03:15:00Z,1.247865,1.248195,1.241495,1.241815
2026-09-28T03:15:00Z,2026-09-28T03:16:00Z,1.242605,1.244525,1.240555,1.241625
2026-09-28T03:16:00Z,2026-09-28T03:17:00Z,1.241385,1.243025,1.239255,1.241295
2026-09-28T03:17:00Z,2026-09-28T03:18:00Z,1.241465,1.243005,1.234435,1.236645
2026-09-28T03:18:00Z,2026-09-28T03:19:00Z,1.236675,1.237785,1.231185,1.232845
2026-09-28T03:19:00Z,2026-09-28T03:20:00Z,1.232755,1.232965,1.229275,1.230715
2026-09-28T03:20:00Z,2026-09-28T03:21:00Z,1.230735,1.236015,1.229795,1.234835
2026-09-28T03:21:00Z,2026-09-28T03:22:00Z,1.234865,1.237585,1.232865,1.236575
2026-09-28T03:22:00Z,2026-09-28T03:23:00Z,1.237155,1.238405,1.234395,1.234475
2026-09-28T03:23:00Z,2026-09-28T03:24:00Z,1.234365,1.237405,1.233205,1.237345
2026-09-28T03:24:00Z,2026-09-28T03:25:00Z,1.237405,1.241415,1.236515,1.238945
2026-09-28T03:25:00Z,2026-09-28T03:26:00Z,1.238935,1.241345,1.237905,1.239055
2026-09-28T03:26:00Z,2026-09-28T03:27:00Z,1.238985,1.240475,1.235215,1.235395
2026-09-28T03:27:00Z,2026-09-28T03:28:00Z,1.234885,1.240495,1.234495,1.238945
2026-09-28T03:28:00Z,2026-09-28T03:29:00Z,1.239205,1.239675,1.233395,1.234165
2026-09-28T03:29:00Z,2026-09-28T03:30:00Z,1.234215,1.235135,1.230695,1.231415
2026-09-28T03:30:00Z,2026-09-28T03:31:00Z,1.231265,1.234325,1.230085,1.233975
2026-09-28T03:31:00Z,2026-09-28T03:32:00Z,1.233995,1.236165,1.232665,1.234365
2026-09-28T03:32:00Z,2026-09-28T03:33:00Z,1.234255,1.235955,1.229685,1.232675
2026-09-28T03:33:00Z,2026-09-28T03:34:00Z,1.232245,1.235315,1.227905,1.228125
2026-09-28T03:34:00Z,2026-09-28T03:35:00Z,1.228105,1.228835,1.225605,1.227955
2026-09-28T03:35:00Z,2026-09-28T03:36:00Z,1.228025,1.232545,1.227375,1.232545
2026-09-28T03:36:00Z,2026-09-28T03:37:00Z,1.232415,1.233155,1.229515,1.231325
2026-09-28T03:37:00Z,2026-09-28T03:38:00Z,1.231455,1.235145,1.230385,1.233575
2026-09-28T03:38:00Z,2026-09-28T03:39:00Z,1.233015,1.233765,1.230015,1.232435
2026-09-28T03:39:00Z,2026-09-28T03:40:00Z,1.232365,1.238025,1.230335,1.238025
2026-09-28T03:40:00Z,2026-09-28T03:41:00Z,1.238065,1.238195,1.230485,1.231015
2026-09-28T03:41:00Z,2026-09-28T03:42:00Z,1.231025,1.231645,1.225305,1.226855
2026-09-28T03:42:00Z,2026-09-28T03:43:00Z,1.226915,1.228055,1.222125,1.223005
2026-09-28T03:43:00Z,2026-09-28T03:44:00Z,1.222955,1.227835,1.221775,1.225495
2026-09-28T03:44:00Z,2026-09-28T03:45:00Z,1.225195,1.228075,1.224565,1.226925
2026-09-28T03:45:00Z,2026-09-28T03:46:00Z,1.226835,1.230595,1.225175,1.229375
2026-09-28T03:46:00Z,2026-09-28T03:47:00Z,1.229265,1.236415,1.228275,1.236275
2026-09-28T03:47:00Z,2026-09-28T03:48:00Z,1.236215,1.237945,1.234165,1.237785
2026-09-28T03:48:00Z,2026-09-28T03:49:00Z,1.237775,1.238545,1.230335,1.230835
2026-09-28T03:49:00Z,2026-09-28T03:50:00Z,1.230855,1.231965,1.226355,1.226935
2026-09-28T03:50:00Z,2026-09-28T03:51:00Z,1.226845,1.227785,1.221985,1.223055
2026-09-28T03:51:00Z,2026-09-28T03:52:00Z,1.223035,1.224405,1.220195,1.221535
2026-09-28T03:52:00Z,2026-09-28T03:53:00Z,1.221485,1.224315,1.221455,1.223315
2026-09-28T03:53:00Z,2026-09-28T03:54:00Z,1.223285,1.225435,1.220345,1.220935
2026-09-28T03:54:00Z,2026-09-28T03:55:00Z,1.220855,1.221585,1.217085,1.220975
2026-09-28T03:55:00Z,2026-09-28T03:56:00Z,1.220925,1.223485,1.214725,1.215145
2026-09-28T03:56:00Z,2026-09-28T03:57:00Z,1.214825,1.217715,1.213085,1.215935
2026-09-28T03:57:00Z,2026-09-28T03:58:00Z,1.215735,1.217345,1.210335,1.210575
2026-09-28T03:58:00Z,2026-09-28T03:59:00Z,1.210755,1.212625,1.209675,1.212215
2026-09-28T03:59:00Z,2026-09-28T04:00:00Z,1.212265,1.213825,1.211335,1.213095
2026-09-28T04:00:00Z,2026-09-28T04:01:00Z,1.213015,1.216535,1.212915,1.214815
2026-09-28T04:01:00Z,2026-09-28T04:02:00Z,1.214775,1.216855,1.211755,1.212885
2026-09-28T04:02:00Z,2026-09-28T04:03:00Z,1.213185,1.216105,1.212105,1.214085
2026-09-28T04:03:00Z,2026-09-28T04:04:00Z,1.214055,1.215295,1.212385,1.213045
2026-09-28T04:04:00Z,2026-09-28T04:05:00Z,1.212435,1.214675,1.211365,1.212835
2026-09-28T04:05:00Z,2026-09-28T04:06:00Z,1.212905,1.215525,1.210985,1.214215
2026-09-28T04:06:00Z,2026-09-28T04:07:00Z,1.213955,1.216375,1.212395,1.215905
2026-09-28T04:07:00Z,2026-09-28T04:08:00Z,1.216015,1.222955,1.214995,1.220535
2026-09-28T04:08:00Z,2026-09-28T04:09:00Z,1.220635,1.222755,1.219945,1.221115
2026-09-28T04:09:00Z,2026-09-28T04:10:00Z,1.220875,1.227255,1.219575,1.222415
2026-09-28T04:10:00Z,2026-09-28T04:11:00Z,1.222225,1.225145,1.220615,1.224485
2026-09-28T04:11:00Z,2026-09-28T04:12:00Z,1.224545,1.228695,1.224545,1.227185
2026-09-28T04:12:00Z,2026-09-28T04:13:00Z,1.227205,1.227315,1.224095,1.226645
2026-09-28T04:13:00Z,2026-09-28T04:14:00Z,1.226315,1.227455,1.224195,1.226515
2026-09-28T04:14:00Z,2026-09-28T04:15:00Z,1.226325,1.227385,1.222155,1.223645
2026-09-28T04:15:00Z,2026-09-28T04:16:00Z,1.223695,1.225035,1.221995,1.223905
2026-09-28T04:16:00Z,2026-09-28T04:17:00Z,1.223965,1.224805,1.217125,1.217125
2026-09-28T04:17:00Z,2026-09-28T04:18:00Z,1.217215,1.218185,1.213645,1.214835
2026-09-28T04:18:00Z,2026-09-28T04:19:00Z,1.214905,1.216385,1.212965,1.214655
2026-09-28T04:19:00Z,2026-09-28T04:20:00Z,1.214945,1.215745,1.212985,1.213505
2026-09-28T04:20:00Z,2026-09-28T04:21:00Z,1.212975,1.214305,1.211405,1.211455
2026-09-28T04:21:00Z,2026-09-28T04:22:00Z,1.211375,1.211375,1.204295,1.205985
2026-09-28T04:22:00Z,2026-09-28T04:23:00Z,1.206085,1.206545,1.200565,1.201275
2026-09-28T04:23:00Z,2026-09-28T04:24:00Z,1.201215,1.205435,1.200005,1.204145
2026-09-28T04:24:00Z,2026-09-28T04:25:00Z,1.204095,1.208755,1.203115,1.208735
2026-09-28T04:25:00Z,2026-09-28T04:26:00Z,1.208795,1.215505,1.207905,1.212205
2026-09-28T04:26:00Z,2026-09-28T04:27:00Z,1.211955,1.211955,1.208295,1.208415
2026-09-28T04:27:00Z,2026-09-28T04:28:00Z,1.208435,1.210645,1.204015,1.209815
2026-09-28T04:28:00Z,2026-09-28T04:29:00Z,1.210135,1.210285,1.204795,1.209415
2026-09-28T04:29:00Z,2026-09-28T04:30:00Z,1.209625,1.209865,1.204775,1.209515
2026-09-28T04:30:00Z,2026-09-28T04:31:00Z,1.209435,1.211445,1.206295,1.207215
2026-09-28T04:31:00Z,2026-09-28T04:32:00Z,1.207085,1.211755,1.205985,1.210595
2026-09-28T04:32:00Z,2026-09-28T04:33:00Z,1.210515,1.213465,1.208785,1.212545
2026-09-28T04:33:00Z,2026-09-28T04:34:00Z,1.212645,1.216115,1.210265,1.212835
2026-09-28T04:34:00Z,2026-09-28T04:35:00Z,1.212475,1.213325,1.207775,1.212735
2026-09-28T04:35:00Z,2026-09-28T04:36:00Z,1.212635,1.212945,1.208195,1.208585
2026-09-28T04:36:00Z,2026-09-28T04:37:00Z,1.208715,1.210465,1.207185,1.207565
2026-09-28T04:37:00Z,2026-09-28T04:38:00Z,1.207585,1.211235,1.206525,1.209125
2026-09-28T04:38:00Z,2026-09-28T04:39:00Z,1.209045,1.211845,1.208415,1.209065
2026-09-28T04:39:00Z,2026-09-28T04:40:00Z,1.209385,1.210785,1.207915,1.208235
2026-09-28T04:40:00Z,2026-09-28T04:41:00Z,1.208225,1.211655,1.207575,1.210125
2026-09-28T04:41:00Z,2026-09-28T04:42:00Z,1.210015,1.212645,1.207815,1.208815
2026-09-28T04:42:00Z,2026-09-28T04:43:00Z,1.208865,1.209825,1.205765,1.208825
2026-09-28T04:43:00Z,2026-09-28T04:44:00Z,1.208705,1.215435,1.208705,1.214505
2026-09-28T04:44:00Z,2026-09-28T04:45:00Z,1.214595,1.214625,1.207885,1.207885
2026-09-28T04:45:00Z,2026-09-28T04:46:00Z,1.207565,1.210315,1.206655,1.208775
2026-09-28T04:46:00Z,2026-09-28T04:47:00Z,1.209015,1.210605,1.207565,1.210265
2026-09-28T04:47:00Z,2026-09-28T04:48:00Z,1.210335,1.213345,1.208385,1.208385
2026-09-28T04:48:00Z,2026-09-28T04:49:00Z,1.208735,1.209385,1.205185,1.205335
2026-09-28T04:49:00Z,2026-09-28T04:50:00Z,1.205235,1.206615,1.202905,1.202935
2026-09-28T04:50:00Z,2026-09-28T04:51:00Z,1.202895,1.208545,1.202695,1.207035
2026-09-28T04:51:00Z,2026-09-28T04:52:00Z,1.207235,1.207435,1.202075,1.202745
2026-09-28T04:52:00Z,2026-09-28T04:53:00Z,1.202835,1.206765,1.201115,1.205535
2026-09-28T04:53:00Z,2026-09-28T04:54:00Z,1.205475,1.206105,1.200675,1.204545
2026-09-28T04:54:00Z,2026-09-28T04:55:00Z,1.204465,1.207585,1.203075,1.204845
2026-09-28T04:55:00Z,2026-09-28T04:56:00Z,1.204785,1.206585,1.203275,1.206355
2026-09-28T04:56:00Z,2026-09-28T04:57:00Z,1.206305,1.208725,1.203455,1.204985
2026-09-28T04:57:00Z,2026-09-28T04:58:00Z,1.205245,1.214525,1.205245,1.213645
2026-09-28T04:58:00Z,2026-09-28T04:59:00Z,1.213735,1.213965,1.208315,1.210575
2026-09-28T04:59:00Z,2026-09-28T05:00:00Z,1.210585,1.212805,1.206095,1.206275
2026-09-28T05:00:00Z,2026-09-28T05:01:00Z,1.206215,1.209735,1.205765,1.209735
2026-09-28T05:01:00Z,2026-09-28T05:02:00Z,1.209675,1.212835,1.207395,1.212375
2026-09-28T05:02:00Z,2026-09-28T05:03:00Z,1.212975,1.213345,1.210375,1.211965
2026-09-28T05:03:00Z,2026-09-28T05:04:00Z,1.211895,1.217495,1.211565,1.216255
2026-09-28T05:04:00Z,2026-09-28T05:05:00Z,1.216365,1.218275,1.215785,1.217155
2026-09-28T05:05:00Z,2026-09-28T05:06:00Z,1.216865,1.218305,1.214485,1.214695
2026-09-28T05:06:00Z,2026-09-28T05:07:00Z,1.214325,1.216145,1.212845,1.213765
2026-09-28T05:07:00Z,2026-09-28T05:08:00Z,1.214055,1.219685,1.213275,1.217145
2026-09-28T05:08:00Z,2026-09-28T05:09:00Z,1.216755,1.216825,1.211685,1.215625
2026-09-28T05:09:00Z,2026-09-28T05:10:00Z,1.215495,1.218155,1.211715,1.217495
2026-09-28T05:10:00Z,2026-09-28T05:11:00Z,1.217775,1.223745,1.216285,1.216365
2026-09-28T05:11:00Z,2026-09-28T05:12:00Z,1.216255,1.217935,1.213375,1.214725
2026-09-28T05:12:00Z,2026-09-28T05:13:00Z,1.214655,1.216945,1.213585,1.216945
2026-09-28T05:13:00Z,2026-09-28T05:14:00Z,1.217015,1.217015,1.212045,1.215915
2026-09-28T05:14:00Z,2026-09-28T05:15:00Z,1.215785,1.217145,1.213175,1.213255
2026-09-28T05:15:00Z,2026-09-28T05:16:00Z,1.212995,1.216175,1.212965,1.214255
2026-09-28T05:16:00Z,2026-09-28T05:17:00Z,1.214365,1.218795,1.214345,1.217555
2026-09-28T05:17:00Z,2026-09-28T05:18:00Z,1.217475,1.223265,1.215735,1.221585
2026-09-28T05:18:00Z,2026-09-28T05:19:00Z,1.221605,1.224225,1.220395,1.221215
2026-09-28T05:19:00Z,2026-09-28T05:20:00Z,1.220825,1.224465,1.220495,1.221295
2026-09-28T05:20:00Z,2026-09-28T05:21:00Z,1.221405,1.226455,1.221275,1.226455
2026-09-28T05:21:00Z,2026-09-28T05:22:00Z,1.226395,1.227555,1.222375,1.222475
2026-09-28T05:22:00Z,2026-09-28T05:23:00Z,1.222465,1.224635,1.219055,1.222595
2026-09-28T05:23:00Z,2026-09-28T05:24:00Z,1.222655,1.224775,1.218835,1.224525
2026-09-28T05:24:00Z,2026-09-28T05:25:00Z,1.224585,1.225075,1.219935,1.221915
2026-09-28T05:25:00Z,2026-09-28T05:26:00Z,1.221985,1.222215,1.214225,1.217365
2026-09-28T05:26:00Z,2026-09-28T05:27:00Z,1.217245,1.220955,1.215985,1.218195
2026-09-28T05:27:00Z,2026-09-28T05:28:00Z,1.218085,1.219255,1.216175,1.218275
2026-09-28T05:28:00Z,2026-09-28T05:29:00Z,1.218195,1.220825,1.217175,1.219465
2026-09-28T05:29:00Z,2026-09-28T05:30:00Z,1.219565,1.220405,1.215725,1.220375
2026-09-28T05:30:00Z,2026-09-28T05:31:00Z,1.220295,1.224895,1.219105,1.223685
2026-09-28T05:31:00Z,2026-09-28T05:32:00Z,1.223645,1.223805,1.219875,1.223035
2026-09-28T05:32:00Z,2026-09-28T05:33:00Z,1.222545,1.225065,1.221655,1.222025
2026-09-28T05:33:00Z,2026-09-28T05:34:00Z,1.222005,1.223305,1.220385,1.222485
2026-09-28T05:34:00Z,2026-09-28T05:35:00Z,1.223145,1.223405,1.216425,1.218725
2026-09-28T05:35:00Z,2026-09-28T05:36:00Z,1.219105,1.219105,1.209305,1.210195
2026-09-28T05:36:00Z,2026-09-28T05:37:00Z,1.210355,1.214875,1.209775,1.214875
2026-09-28T05:37:00Z,2026-09-28T05:38:00Z,1.214855,1.215525,1.211905,1.213415
2026-09-28T05:38:00Z,2026-09-28T05:39:00Z,1.213075,1.217655,1.212385,1.216495
2026-09-28T05:39:00Z,2026-09-28T05:40:00Z,1.216355,1.218625,1.215305,1.217885
2026-09-28T05:40:00Z,2026-09-28T05:41:00Z,1.218125,1.219475,1.215445,1.215465
2026-09-28T05:41:00Z,2026-09-28T05:42:00Z,1.215395,1.215675,1.211065,1.211835
2026-09-28T05:42:00Z,2026-09-28T05:43:00Z,1.211805,1.213305,1.209745,1.211965
2026-09-28T05:43:00Z,2026-09-28T05:44:00Z,1.211855,1.217715,1.211625,1.215585
2026-09-28T05:44:00Z,2026-09-28T05:45:00Z,1.215705,1.217115,1.212275,1.212385
2026-09-28T05:45:00Z,2026-09-28T05:46:00Z,1.212035,1.218375,1.211395,1.214575
2026-09-28T05:46:00Z,2026-09-28T05:47:00Z,1.214545,1.218135,1.213395,1.214545
2026-09-28T05:47:00Z,2026-09-28T05:48:00Z,1.214515,1.215315,1.207785,1.209945
2026-09-28T05:48:00Z,2026-09-28T05:49:00Z,1.210065,1.210225,1.206365,1.207755
2026-09-28T05:49:00Z,2026-09-28T05:50:00Z,1.207725,1.209015,1.204825,1.206435
2026-09-28T05:50:00Z,2026-09-28T05:51:00Z,1.206365,1.211765,1.205085,1.211155
2026-09-28T05:51:00Z,2026-09-28T05:52:00Z,1.211085,1.213235,1.207765,1.207875
2026-09-28T05:52:00Z,2026-09-28T05:53:00Z,1.207925,1.208015,1.205785,1.207865
2026-09-28T05:53:00Z,2026-09-28T05:54:00Z,1.207955,1.211315,1.203225,1.203425
2026-09-28T05:54:00Z,2026-09-28T05:55:00Z,1.203335,1.205325,1.201765,1.202135
2026-09-28T05:55:00Z,2026-09-28T05:56:00Z,1.202165,1.203965,1.200145,1.202945
2026-09-28T05:56:00Z,2026-09-28T05:57:00Z,1.202825,1.203245,1.198865,1.202635
2026-09-28T05:57:00Z,2026-09-28T05:58:00Z,1.202615,1.204795,1.199055,1.202695
2026-09-28T05:58:00Z,2026-09-28T05:59:00Z,1.202705,1.204015,1.200435,1.201095
2026-09-28T05:59:00Z,2026-09-28T06:00:00Z,1.200995,1.202945,1.199415,1.200765
2026-09-28T06:00:00Z,2026-09-28T06:01:00Z,1.199805,1.204685,1.199465,1.204115
2026-09-28T06:01:00Z,2026-09-28T06:02:00Z,1.204105,1.210635,1.204105,1.205705
2026-09-28T06:02:00Z,2026-09-28T06:03:00Z,1.205665,1.211455,1.205225,1.210595
2026-09-28T06:03:00Z,2026-09-28T06:04:00Z,1.210515,1.210515,1.202545,1.205035
2026-09-28T06:04:00Z,2026-09-28T06:05:00Z,1.205135,1.205575,1.201255,1.202235
2026-09-28T06:05:00Z,2026-09-28T06:06:00Z,1.202275,1.206985,1.199995,1.204255
2026-09-28T06:06:00Z,2026-09-28T06:07:00Z,1.204305,1.211775,1.203545,1.210195
2026-09-28T06:07:00Z,2026-09-28T06:08:00Z,1.210555,1.214185,1.209685,1.210225
2026-09-28T06:08:00Z,2026-09-28T06:09:00Z,1.210085,1.210405,1.206285,1.206445
2026-09-28T06:09:00Z,2026-09-28T06:10:00Z,1.206505,1.208275,1.200305,1.201045
2026-09-28T06:10:00Z,2026-09-28T06:11:00Z,1.201415,1.208835,1.200795,1.208385
2026-09-28T06:11:00Z,2026-09-28T06:12:00Z,1.208515,1.209425,1.203855,1.206485
2026-09-28T06:12:00Z,2026-09-28T06:13:00Z,1.206505,1.206505,1.200765,1.203685
2026-09-28T06:13:00Z,2026-09-28T06:14:00Z,1.203785,1.212525,1.203745,1.212525
2026-09-28T06:14:00Z,2026-09-28T06:15:00Z,1.212545,1.215925,1.210625,1.215925
2026-09-28T06:15:00Z,2026-09-28T06:16:00Z,1.215985,1.216685,1.213105,1.213715
2026-09-28T06:16:00Z,2026-09-28T06:17:00Z,1.213695,1.216115,1.211765,1.215245
2026-09-28T06:17:00Z,2026-09-28T06:18:00Z,1.215385,1.220975,1.214925,1.217855
2026-09-28T06:18:00Z,2026-09-28T06:19:00Z,1.217645,1.225565,1.217285,1.223995
2026-09-28T06:19:00Z,2026-09-28T06:20:00Z,1.223605,1.225205,1.219635,1.220615
2026-09-28T06:20:00Z,2026-09-28T06:21:00Z,1.220915,1.223495,1.216965,1.218825
2026-09-28T06:21:00Z,2026-09-28T06:22:00Z,1.218955,1.221355,1.217905,1.220085
2026-09-28T06:22:00Z,2026-09-28T06:23:00Z,1.220035,1.221895,1.218755,1.221265
2026-09-28T06:23:00Z,2026-09-28T06:24:00Z,1.221155,1.226175,1.221005,1.225025
2026-09-28T06:24:00Z,2026-09-28T06:25:00Z,1.224695,1.226695,1.221945,1.222925
2026-09-28T06:25:00Z,2026-09-28T06:26:00Z,1.222875,1.223765,1.215175,1.216555
2026-09-28T06:26:00Z,2026-09-28T06:27:00Z,1.216605,1.223305,1.216165,1.219935
2026-09-28T06:27:00Z,2026-09-28T06:28:00Z,1.220185,1.224455,1.219565,1.224455
2026-09-28T06:28:00Z,2026-09-28T06:29:00Z,1.224525,1.229125,1.223145,1.227205
2026-09-28T06:29:00Z,2026-09-28T06:30:00Z,1.226875,1.228725,1.222645,1.227275
2026-09-28T06:30:00Z,2026-09-28T06:31:00Z,1.227345,1.227345,1.220445,1.220445
2026-09-28T06:31:00Z,2026-09-28T06:32:00Z,1.220505,1.222975,1.217825,1.218895
2026-09-28T06:32:00Z,2026-09-28T06:33:00Z,1.218925,1.220675,1.216235,1.220295
2026-09-28T06:33:00Z,2026-09-28T06:34:00Z,1.220265,1.220265,1.211995,1.212795
2026-09-28T06:34:00Z,2026-09-28T06:35:00Z,1.212915,1.214025,1.210465,1.210505
2026-09-28T06:35:00Z,2026-09-28T06:36:00Z,1.210475,1.212535,1.208365,1.208965
2026-09-28T06:36:00Z,2026-09-28T06:37:00Z,1.209455,1.212235,1.208105,1.208245
2026-09-28T06:37:00Z,2026-09-28T06:38:00Z,1.208525,1.211855,1.208405,1.210975
2026-09-28T06:38:00Z,2026-09-28T06:39:00Z,1.211115,1.215745,1.211115,1.213535
2026-09-28T06:39:00Z,2026-09-28T06:40:00Z,1.213635,1.213665,1.210845,1.211565
2026-09-28T06:40:00Z,2026-09-28T06:41:00Z,1.211655,1.212055,1.206185,1.206685
2026-09-28T06:41:00Z,2026-09-28T06:42:00Z,1.206715,1.210435,1.206715,1.210205
2026-09-28T06:42:00Z,2026-09-28T06:43:00Z,1.210115,1.214745,1.209385,1.214335
2026-09-28T06:43:00Z,2026-09-28T06:44:00Z,1.214265,1.214585,1.209275,1.209275
2026-09-28T06:44:00Z,2026-09-28T06:45:00Z,1.209165,1.212355,1.207265,1.211945
2026-09-28T06:45:00Z,2026-09-28T06:46:00Z,1.212285,1.214475,1.210475,1.213275
2026-09-28T06:46:00Z,2026-09-28T06:47:00Z,1.213035,1.215625,1.212625,1.213635
2026-09-28T06:47:00Z,2026-09-28T06:48:00Z,1.213725,1.215355,1.212445,1.214615
2026-09-28T06:48:00Z,2026-09-28T06:49:00Z,1.214535,1.217425,1.213265,1.216165
2026-09-28T06:49:00Z,2026-09-28T06:50:00Z,1.216085,1.216085,1.211135,1.212165
2026-09-28T06:50:00Z,2026-09-28T06:51:00Z,1.212065,1.213775,1.210935,1.213475
2026-09-28T06:51:00Z,2026-09-28T06:52:00Z,1.214175,1.215365,1.209825,1.215055
2026-09-28T06:52:00Z,2026-09-28T06:53:00Z,1.215095,1.219335,1.214495,1.219335
2026-09-28T06:53:00Z,2026-09-28T06:54:00Z,1.219105,1.220075,1.216645,1.219275
2026-09-28T06:54:00Z,2026-09-28T06:55:00Z,1.219295,1.225915,1.219295,1.224225
2026-09-28T06:55:00Z,2026-09-28T06:56:00Z,1.224275,1.224915,1.220695,1.222825
2026-09-28T06:56:00Z,2026-09-28T06:57:00Z,1.222745,1.227155,1.221125,1.226545
2026-09-28T06:57:00Z,2026-09-28T06:58:00Z,1.226405,1.229135,1.224715,1.229135
2026-09-28T06:58:00Z,2026-09-28T06:59:00Z,1.229215,1.232465,1.228585,1.231875
2026-09-28T06:59:00Z,2026-09-28T07:00:00Z,1.231655,1.231825,1.228585,1.228825
2026-09-28T07:00:00Z,2026-09-28T07:01:00Z,1.228775,1.229485,1.225375,1.228625
2026-09-28T07:01:00Z,2026-09-28T07:02:00Z,1.228695,1.232435,1.226195,1.232435
2026-09-28T07:02:00Z,2026-09-28T07:03:00Z,1.232465,1.235475,1.228425,1.232465
2026-09-28T07:03:00Z,2026-09-28T07:04:00Z,1.232355,1.237015,1.231745,1.235875
2026-09-28T07:04:00Z,2026-09-28T07:05:00Z,1.235795,1.238355,1.233605,1.234025
2026-09-28T07:05:00Z,2026-09-28T07:06:00Z,1.234305,1.241165,1.233905,1.239785
2026-09-28T07:06:00Z,2026-09-28T07:07:00Z,1.240015,1.244695,1.239505,1.241815
2026-09-28T07:07:00Z,2026-09-28T07:08:00Z,1.241695,1.243285,1.239325,1.241655
2026-09-28T07:08:00Z,2026-09-28T07:09:00Z,1.241245,1.242355,1.236265,1.236265
2026-09-28T07:09:00Z,2026-09-28T07:10:00Z,1.236355,1.237055,1.232975,1.232975
2026-09-28T07:10:00Z,2026-09-28T07:11:00Z,1.233165,1.234905,1.231005,1.232995
2026-09-28T07:11:00Z,2026-09-28T07:12:00Z,1.232915,1.233385,1.225545,1.225625
2026-09-28T07:12:00Z,2026-09-28T07:13:00Z,1.225495,1.230055,1.224955,1.227245
2026-09-28T07:13:00Z,2026-09-28T07:14:00Z,1.227335,1.235115,1.227215,1.233745
2026-09-28T07:14:00Z,2026-09-28T07:15:00Z,1.233515,1.235465,1.232015,1.233665
2026-09-28T07:15:00Z,2026-09-28T07:16:00Z,1.233485,1.234635,1.228505,1.228505
2026-09-28T07:16:00Z,2026-09-28T07:17:00Z,1.228405,1.230225,1.227835,1.228365
2026-09-28T07:17:00Z,2026-09-28T07:18:00Z,1.228435,1.230525,1.226395,1.229585
2026-09-28T07:18:00Z,2026-09-28T07:19:00Z,1.229345,1.234495,1.229345,1.232315
2026-09-28T07:19:00Z,2026-09-28T07:20:00Z,1.232335,1.234635,1.230765,1.232135
2026-09-28T07:20:00Z,2026-09-28T07:21:00Z,1.232045,1.232245,1.225645,1.225645
2026-09-28T07:21:00Z,2026-09-28T07:22:00Z,1.225545,1.233145,1.225115,1.231695
2026-09-28T07:22:00Z,2026-09-28T07:23:00Z,1.231505,1.231515,1.227145,1.229845
2026-09-28T07:23:00Z,2026-09-28T07:24:00Z,1.229685,1.233915,1.229685,1.233915
2026-09-28T07:24:00Z,2026-09-28T07:25:00Z,1.234055,1.236765,1.233675,1.236475
2026-09-28T07:25:00Z,2026-09-28T07:26:00Z,1.236565,1.237955,1.234575,1.235755
2026-09-28T07:26:00Z,2026-09-28T07:27:00Z,1.235665,1.240545,1.234245,1.234585
2026-09-28T07:27:00Z,2026-09-28T07:28:00Z,1.234695,1.234755,1.231725,1.231785
2026-09-28T07:28:00Z,2026-09-28T07:29:00Z,1.231975,1.233055,1.229745,1.231425
2026-09-28T07:29:00Z,2026-09-28T07:30:00Z,1.231435,1.234165,1.229625,1.231125
2026-09-28T07:30:00Z,2026-09-28T07:31:00Z,1.231245,1.231985,1.223345,1.223885
2026-09-28T07:31:00Z,2026-09-28T07:32:00Z,1.223805,1.224055,1.219695,1.219825
2026-09-28T07:32:00Z,2026-09-28T07:33:00Z,1.219895,1.220285,1.207795,1.208795
2026-09-28T07:33:00Z,2026-09-28T07:34:00Z,1.208745,1.211135,1.208035,1.211135
2026-09-28T07:34:00Z,2026-09-28T07:35:00Z,1.211065,1.212695,1.208765,1.210115
2026-09-28T07:35:00Z,2026-09-28T07:36:00Z,1.209995,1.213405,1.208525,1.213215
2026-09-28T07:36:00Z,2026-09-28T07:37:00Z,1.213155,1.221045,1.212225,1.221045
2026-09-28T07:37:00Z,2026-09-28T07:38:00Z,1.221115,1.223275,1.218805,1.222075
2026-09-28T07:38:00Z,2026-09-28T07:39:00Z,1.222345,1.224445,1.218535,1.223855
2026-09-28T07:39:00Z,2026-09-28T07:40:00Z,1.223585,1.224335,1.214915,1.216455
2026-09-28T07:40:00Z,2026-09-28T07:41:00Z,1.216745,1.217295,1.213335,1.214345
2026-09-28T07:41:00Z,2026-09-28T07:42:00Z,1.214675,1.218505,1.214195,1.216885
2026-09-28T07:42:00Z,2026-09-28T07:43:00Z,1.217125,1.220995,1.215785,1.219285
2026-09-28T07:43:00Z,2026-09-28T07:44:00Z,1.219485,1.222215,1.219165,1.220575
2026-09-28T07:44:00Z,2026-09-28T07:45:00Z,1.220435,1.223695,1.219725,1.221185
2026-09-28T07:45:00Z,2026-09-28T07:46:00Z,1.221255,1.224855,1.218735,1.222605
2026-09-28T07:46:00Z,2026-09-28T07:47:00Z,1.222925,1.223945,1.217595,1.217765
2026-09-28T07:47:00Z,2026-09-28T07:48:00Z,1.217775,1.219325,1.213735,1.214785
2026-09-28T07:48:00Z,2026-09-28T07:49:00Z,1.214995,1.215795,1.210075,1.211905
2026-09-28T07:49:00Z,2026-09-28T07:50:00Z,1.212025,1.212375,1.209555,1.211645
2026-09-28T07:50:00Z,2026-09-28T07:51:00Z,1.211835,1.212925,1.202925,1.203665
2026-09-28T07:51:00Z,2026-09-28T07:52:00Z,1.203645,1.205885,1.202475,1.203345
2026-09-28T07:52:00Z,2026-09-28T07:53:00Z,1.203215,1.203215,1.199455,1.200115
2026-09-28T07:53:00Z,2026-09-28T07:54:00Z,1.200225,1.202035,1.198995,1.200745
2026-09-28T07:54:00Z,2026-09-28T07:55:00Z,1.200845,1.202995,1.197415,1.202995
2026-09-28T07:55:00Z,2026-09-28T07:56:00Z,1.203005,1.204745,1.200025,1.200245
2026-09-28T07:56:00Z,2026-09-28T07:57:00Z,1.200235,1.206935,1.200235,1.206095
2026-09-28T07:57:00Z,2026-09-28T07:58:00Z,1.205685,1.206365,1.202975,1.204095
2026-09-28T07:58:00Z,2026-09-28T07:59:00Z,1.204135,1.208825,1.203965,1.204585
2026-09-28T07:59:00Z,2026-09-28T08:00:00Z,1.204575,1.205535,1.201205,1.204935
2026-09-28T08:00:00Z,2026-09-28T08:01:00Z,1.205015,1.205015,1.201165,1.203595
2026-09-28T08:01:00Z,2026-09-28T08:02:00Z,1.203605,1.206905,1.201635,1.201755
2026-09-28T08:02:00Z,2026-09-28T08:03:00Z,1.202045,1.202045,1.196165,1.197185
2026-09-28T08:03:00Z,2026-09-28T08:04:00Z,1.197255,1.199425,1.193505,1.193505
2026-09-28T08:04:00Z,2026-09-28T08:05:00Z,1.193375,1.194105,1.187995,1.188355
2026-09-28T08:05:00Z,2026-09-28T08:06:00Z,1.188535,1.191675,1.187775,1.189415
2026-09-28T08:06:00Z,2026-09-28T08:07:00Z,1.189365,1.189725,1.183735,1.186975
2026-09-28T08:07:00Z,2026-09-28T08:08:00Z,1.186885,1.188685,1.184275,1.185135
2026-09-28T08:08:00Z,2026-09-28T08:09:00Z,1.185095,1.191825,1.183405,1.190415
2026-09-28T08:09:00Z,2026-09-28T08:10:00Z,1.189945,1.190865,1.187475,1.190865
2026-09-28T08:10:00Z,2026-09-28T08:11:00Z,1.190575,1.196935,1.190245,1.193995
2026-09-28T08:11:00Z,2026-09-28T08:12:00Z,1.193845,1.196155,1.192845,1.195585
2026-09-28T08:12:00Z,2026-09-28T08:13:00Z,1.196095,1.197835,1.193065,1.193065
2026-09-28T08:13:00Z,2026-09-28T08:14:00Z,1.193005,1.198225,1.192145,1.198205
2026-09-28T08:14:00Z,2026-09-28T08:15:00Z,1.198295,1.199035,1.195255,1.196175
2026-09-28T08:15:00Z,2026-09-28T08:16:00Z,1.196275,1.200085,1.196165,1.198265
2026-09-28T08:16:00Z,2026-09-28T08:17:00Z,1.198325,1.198975,1.193085,1.193985
2026-09-28T08:17:00Z,2026-09-28T08:18:00Z,1.194295,1.194465,1.190825,1.191875
2026-09-28T08:18:00Z,2026-09-28T08:19:00Z,1.191655,1.195005,1.189645,1.194545
2026-09-28T08:19:00Z,2026-09-28T08:20:00Z,1.194665,1.194755,1.191295,1.192535
2026-09-28T08:20:00Z,2026-09-28T08:21:00Z,1.192575,1.195965,1.192305,1.195375
2026-09-28T08:21:00Z,2026-09-28T08:22:00Z,1.195505,1.195695,1.191995,1.194165
2026-09-28T08:22:00Z,2026-09-28T08:23:00Z,1.194245,1.195885,1.189185,1.191425
2026-09-28T08:23:00Z,2026-09-28T08:24:00Z,1.191405,1.197225,1.190855,1.195745
2026-09-28T08:24:00Z,2026-09-28T08:25:00Z,1.195625,1.195625,1.190145,1.190675
2026-09-28T08:25:00Z,2026-09-28T08:26:00Z,1.190435,1.190735,1.188135,1.189705
2026-09-28T08:26:00Z,2026-09-28T08:27:00Z,1.189665,1.189715,1.186255,1.187725
2026-09-28T08:27:00Z,2026-09-28T08:28:00Z,1.187555,1.191735,1.186795,1.186795
2026-09-28T08:28:00Z,2026-09-28T08:29:00Z,1.186835,1.188515,1.181045,1.181175
2026-09-28T08:29:00Z,2026-09-28T08:30:00Z,1.181335,1.183055,1.179045,1.179045
2026-09-28T08:30:00Z,2026-09-28T08:31:00Z,1.178925,1.182565,1.178325,1.181965
2026-09-28T08:31:00Z,2026-09-28T08:32:00Z,1.181685,1.182405,1.179055,1.181135
2026-09-28T08:32:00Z,2026-09-28T08:33:00Z,1.181195,1.182175,1.178835,1.181065
2026-09-28T08:33:00Z,2026-09-28T08:34:00Z,1.180995,1.182725,1.178665,1.182185
2026-09-28T08:34:00Z,2026-09-28T08:35:00Z,1.182115,1.182115,1.176875,1.181525
2026-09-28T08:35:00Z,2026-09-28T08:36:00Z,1.181635,1.182725,1.179665,1.181265
2026-09-28T08:36:00Z,2026-09-28T08:37:00Z,1.181225,1.183995,1.180315,1.181245
2026-09-28T08:37:00Z,2026-09-28T08:38:00Z,1.181275,1.184335,1.179775,1.179775
2026-09-28T08:38:00Z,2026-09-28T08:39:00Z,1.179385,1.183515,1.179085,1.182915
2026-09-28T08:39:00Z,2026-09-28T08:40:00Z,1.182815,1.188095,1.181895,1.187085
2026-09-28T08:40:00Z,2026-09-28T08:41:00Z,1.186965,1.189655,1.186865,1.187975
2026-09-28T08:41:00Z,2026-09-28T08:42:00Z,1.188055,1.190395,1.186305,1.187245
2026-09-28T08:42:00Z,2026-09-28T08:43:00Z,1.187295,1.187785,1.182655,1.182705
2026-09-28T08:43:00Z,2026-09-28T08:44:00Z,1.182665,1.183175,1.179375,1.179535
2026-09-28T08:44:00Z,2026-09-28T08:45:00Z,1.179315,1.180885,1.178095,1.180765
2026-09-28T08:45:00Z,2026-09-28T08:46:00Z,1.180485,1.184765,1.179435,1.183495
2026-09-28T08:46:00Z,2026-09-28T08:47:00Z,1.183405,1.185115,1.181525,1.184335
2026-09-28T08:47:00Z,2026-09-28T08:48:00Z,1.184735,1.185835,1.183355,1.184295
2026-09-28T08:48:00Z,2026-09-28T08:49:00Z,1.184265,1.191955,1.183365,1.191945
2026-09-28T08:49:00Z,2026-09-28T08:50:00Z,1.192145,1.193675,1.190335,1.192655
2026-09-28T08:50:00Z,2026-09-28T08:51:00Z,1.192675,1.192725,1.189795,1.190585
2026-09-28T08:51:00Z,2026-09-28T08:52:00Z,1.190755,1.191925,1.188085,1.191215
2026-09-28T08:52:00Z,2026-09-28T08:53:00Z,1.191425,1.192605,1.189105,1.190585
2026-09-28T08:53:00Z,2026-09-28T08:54:00Z,1.190315,1.191525,1.187445,1.191525
2026-09-28T08:54:00Z,2026-09-28T08:55:00Z,1.192015,1.195535,1.191325,1.194745
2026-09-28T08:55:00Z,2026-09-28T08:56:00Z,1.194635,1.198735,1.194325,1.198705
2026-09-28T08:56:00Z,2026-09-28T08:57:00Z,1.198585,1.200875,1.197465,1.199265
2026-09-28T08:57:00Z,2026-09-28T08:58:00Z,1.199435,1.199645,1.195125,1.197065
2026-09-28T08:58:00Z,2026-09-28T08:59:00Z,1.197255,1.197465,1.194415,1.196025
2026-09-28T08:59:00Z,2026-09-28T09:00:00Z,1.196065,1.196725,1.192825,1.193305
2026-09-28T09:00:00Z,2026-09-28T09:01:00Z,1.193205,1.193325,1.188575,1.189955
2026-09-28T09:01:00Z,2026-09-28T09:02:00Z,1.190065,1.194945,1.188795,1.193735
2026-09-28T09:02:00Z,2026-09-28T09:03:00Z,1.193705,1.195335,1.190885,1.191345
2026-09-28T09:03:00Z,2026-09-28T09:04:00Z,1.191015,1.192115,1.187525,1.192115
2026-09-28T09:04:00Z,2026-09-28T09:05:00Z,1.192075,1.194065,1.190755,1.191145
2026-09-28T09:05:00Z,2026-09-28T09:06:00Z,1.191325,1.197295,1.190965,1.197025
2026-09-28T09:06:00Z,2026-09-28T09:07:00Z,1.197145,1.197145,1.193575,1.194185
2026-09-28T09:07:00Z,2026-09-28T09:08:00Z,1.194245,1.194885,1.188735,1.188775
2026-09-28T09:08:00Z,2026-09-28T09:09:00Z,1.188735,1.188735,1.181615,1.181825
2026-09-28T09:09:00Z,2026-09-28T09:10:00Z,1.181935,1.184815,1.179795,1.182035
2026-09-28T09:10:00Z,2026-09-28T09:11:00Z,1.181975,1.185495,1.181785,1.182535
2026-09-28T09:11:00Z,2026-09-28T09:12:00Z,1.182605,1.183445,1.180365,1.182635
2026-09-28T09:12:00Z,2026-09-28T09:13:00Z,1.183285,1.184155,1.179745,1.183905
2026-09-28T09:13:00Z,2026-09-28T09:14:00Z,1.183975,1.184355,1.180945,1.182245
2026-09-28T09:14:00Z,2026-09-28T09:15:00Z,1.182675,1.187145,1.181725,1.185075
2026-09-28T09:15:00Z,2026-09-28T09:16:00Z,1.184995,1.186515,1.182435,1.182445
2026-09-28T09:16:00Z,2026-09-28T09:17:00Z,1.182355,1.185715,1.180895,1.181355
2026-09-28T09:17:00Z,2026-09-28T09:18:00Z,1.181245,1.183245,1.177675,1.182735
2026-09-28T09:18:00Z,2026-09-28T09:19:00Z,1.182795,1.183525,1.175145,1.176895
2026-09-28T09:19:00Z,2026-09-28T09:20:00Z,1.176985,1.179795,1.174675,1.174705
2026-09-28T09:20:00Z,2026-09-28T09:21:00Z,1.174675,1.178815,1.174675,1.175625
2026-09-28T09:21:00Z,2026-09-28T09:22:00Z,1.175555,1.178185,1.174105,1.177725
2026-09-28T09:22:00Z,2026-09-28T09:23:00Z,1.177875,1.180665,1.177125,1.179025
2026-09-28T09:23:00Z,2026-09-28T09:24:00Z,1.179155,1.182495,1.178615,1.181675
2026-09-28T09:24:00Z,2026-09-28T09:25:00Z,1.181695,1.182645,1.175035,1.176945
2026-09-28T09:25:00Z,2026-09-28T09:26:00Z,1.176385,1.177145,1.174825,1.175565
2026-09-28T09:26:00Z,2026-09-28T09:27:00Z,1.175675,1.176865,1.173555,1.176265
2026-09-28T09:27:00Z,2026-09-28T09:28:00Z,1.176225,1.176695,1.173455,1.175375
2026-09-28T09:28:00Z,2026-09-28T09:29:00Z,1.175775,1.178525,1.175205,1.177185
2026-09-28T09:29:00Z,2026-09-28T09:30:00Z,1.177285,1.180855,1.177155,1.178125
2026-09-28T09:30:00Z,2026-09-28T09:31:00Z,1.178245,1.182175,1.177275,1.181275
2026-09-28T09:31:00Z,2026-09-28T09:32:00Z,1.181465,1.183235,1.178695,1.178985
2026-09-28T09:32:00Z,2026-09-28T09:33:00Z,1.178925,1.178925,1.172995,1.173085
2026-09-28T09:33:00Z,2026-09-28T09:34:00Z,1.173155,1.175805,1.171105,1.174725
2026-09-28T09:34:00Z,2026-09-28T09:35:00Z,1.174755,1.175605,1.172605,1.173845
2026-09-28T09:35:00Z,2026-09-28T09:36:00Z,1.173815,1.177145,1.172775,1.177025
2026-09-28T09:36:00Z,2026-09-28T09:37:00Z,1.177295,1.180685,1.176315,1.179025
2026-09-28T09:37:00Z,2026-09-28T09:38:00Z,1.179135,1.179785,1.176545,1.177185
2026-09-28T09:38:00Z,2026-09-28T09:39:00Z,1.176875,1.179615,1.175055,1.176255
2026-09-28T09:39:00Z,2026-09-28T09:40:00Z,1.176485,1.177435,1.173515,1.174945
2026-09-28T09:40:00Z,2026-09-28T09:41:00Z,1.174875,1.176995,1.173995,1.175895
2026-09-28T09:41:00Z,2026-09-28T09:42:00Z,1.175645,1.176035,1.169745,1.173445
2026-09-28T09:42:00Z,2026-09-28T09:43:00Z,1.173385,1.176005,1.171045,1.176005
2026-09-28T09:43:00Z,2026-09-28T09:44:00Z,1.176065,1.178835,1.174755,1.176565
2026-09-28T09:44:00Z,2026-09-28T09:45:00Z,1.176475,1.176475,1.171825,1.172715
2026-09-28T09:45:00Z,2026-09-28T09:46:00Z,1.172585,1.173545,1.170355,1.171065
2026-09-28T09:46:00Z,2026-09-28T09:47:00Z,1.171635,1.173955,1.171085,1.173655
2026-09-28T09:47:00Z,2026-09-28T09:48:00Z,1.173715,1.174635,1.170065,1.173635
2026-09-28T09:48:00Z,2026-09-28T09:49:00Z,1.173715,1.173785,1.165565,1.165565
2026-09-28T09:49:00Z,2026-09-28T09:50:00Z,1.165595,1.171435,1.165535,1.170685
2026-09-28T09:50:00Z,2026-09-28T09:51:00Z,1.170735,1.171345,1.166545,1.167265
2026-09-28T09:51:00Z,2026-09-28T09:52:00Z,1.167165,1.170795,1.164825,1.170795
2026-09-28T09:52:00Z,2026-09-28T09:53:00Z,1.170785,1.171165,1.168325,1.171025
2026-09-28T09:53:00Z,2026-09-28T09:54:00Z,1.170775,1.172405,1.167435,1.170875
2026-09-28T09:54:00Z,2026-09-28T09:55:00Z,1.170885,1.173385,1.163515,1.164265
2026-09-28T09:55:00Z,2026-09-28T09:56:00Z,1.163635,1.164705,1.162145,1.163155
2026-09-28T09:56:00Z,2026-09-28T09:57:00Z,1.163055,1.171785,1.162815,1.171085
2026-09-28T09:57:00Z,2026-09-28T09:58:00Z,1.171155,1.178255,1.171155,1.177495
2026-09-28T09:58:00Z,2026-09-28T09:59:00Z,1.177595,1.179555,1.176555,1.179555
2026-09-28T09:59:00Z,2026-09-28T10:00:00Z,1.179915,1.187485,1.179915,1.184725
2026-09-28T10:00:00Z,2026-09-28T10:01:00Z,1.184655,1.189395,1.183415,1.186475
2026-09-28T10:01:00Z,2026-09-28T10:02:00Z,1.186595,1.190985,1.185625,1.189265
2026-09-28T10:02:00Z,2026-09-28T10:03:00Z,1.189185,1.191325,1.187165,1.191315
2026-09-28T10:03:00Z,2026-09-28T10:04:00Z,1.190785,1.191665,1.186805,1.187715
2026-09-28T10:04:00Z,2026-09-28T10:05:00Z,1.188085,1.191805,1.188005,1.189685
2026-09-28T10:05:00Z,2026-09-28T10:06:00Z,1.189705,1.191865,1.188035,1.189785
2026-09-28T10:06:00Z,2026-09-28T10:07:00Z,1.189905,1.190785,1.185935,1.189775
2026-09-28T10:07:00Z,2026-09-28T10:08:00Z,1.189675,1.194605,1.189385,1.194605
2026-09-28T10:08:00Z,2026-09-28T10:09:00Z,1.194645,1.200085,1.194125,1.199945
2026-09-28T10:09:00Z,2026-09-28T10:10:00Z,1.199925,1.203495,1.198525,1.202205
2026-09-28T10:10:00Z,2026-09-28T10:11:00Z,1.202485,1.204085,1.200745,1.202295
2026-09-28T10:11:00Z,2026-09-28T10:12:00Z,1.202215,1.204905,1.200945,1.202385
2026-09-28T10:12:00Z,2026-09-28T10:13:00Z,1.202335,1.202395,1.197925,1.198175
2026-09-28T10:13:00Z,2026-09-28T10:14:00Z,1.198115,1.202275,1.197665,1.202195
2026-09-28T10:14:00Z,2026-09-28T10:15:00Z,1.202205,1.203705,1.198805,1.199655
2026-09-28T10:15:00Z,2026-09-28T10:16:00Z,1.199525,1.204625,1.199525,1.204035
2026-09-28T10:16:00Z,2026-09-28T10:17:00Z,1.204015,1.206335,1.201925,1.203505
2026-09-28T10:17:00Z,2026-09-28T10:18:00Z,1.203555,1.206965,1.201435,1.205415
2026-09-28T10:18:00Z,2026-09-28T10:19:00Z,1.205435,1.205435,1.193185,1.195175
2026-09-28T10:19:00Z,2026-09-28T10:20:00Z,1.195355,1.199135,1.195105,1.197765
2026-09-28T10:20:00Z,2026-09-28T10:21:00Z,1.197805,1.201435,1.195455,1.201435
2026-09-28T10:21:00Z,2026-09-28T10:22:00Z,1.201505,1.208115,1.200485,1.207175
2026-09-28T10:22:00Z,2026-09-28T10:23:00Z,1.207275,1.207905,1.204765,1.204825
2026-09-28T10:23:00Z,2026-09-28T10:24:00Z,1.205035,1.205115,1.203155,1.203605
2026-09-28T10:24:00Z,2026-09-28T10:25:00Z,1.203485,1.204185,1.199505,1.201975
2026-09-28T10:25:00Z,2026-09-28T10:26:00Z,1.202005,1.203125,1.199525,1.202945
2026-09-28T10:26:00Z,2026-09-28T10:27:00Z,1.203155,1.208485,1.203055,1.208335
2026-09-28T10:27:00Z,2026-09-28T10:28:00Z,1.208165,1.208165,1.203525,1.206085
2026-09-28T10:28:00Z,2026-09-28T10:29:00Z,1.206255,1.207045,1.202145,1.205055
2026-09-28T10:29:00Z,2026-09-28T10:30:00Z,1.204985,1.206905,1.204705,1.206645
2026-09-28T10:30:00Z,2026-09-28T10:31:00Z,1.206615,1.212415,1.206005,1.211545
2026-09-28T10:31:00Z,2026-09-28T10:32:00Z,1.211695,1.212445,1.206535,1.210495
2026-09-28T10:32:00Z,2026-09-28T10:33:00Z,1.210195,1.210195,1.206425,1.209695
2026-09-28T10:33:00Z,2026-09-28T10:34:00Z,1.209765,1.210975,1.205605,1.205605
2026-09-28T10:34:00Z,2026-09-28T10:35:00Z,1.205695,1.207505,1.203375,1.207395
2026-09-28T10:35:00Z,2026-09-28T10:36:00Z,1.207635,1.209905,1.207625,1.208395
2026-09-28T10:36:00Z,2026-09-28T10:37:00Z,1.208025,1.212735,1.207675,1.212295
2026-09-28T10:37:00Z,2026-09-28T10:38:00Z,1.212045,1.214415,1.208315,1.208765
2026-09-28T10:38:00Z,2026-09-28T10:39:00Z,1.208615,1.212195,1.208465,1.209345
2026-09-28T10:39:00Z,2026-09-28T10:40:00Z,1.209705,1.212675,1.209245,1.210945
2026-09-28T10:40:00Z,2026-09-28T10:41:00Z,1.210865,1.211355,1.204175,1.205845
2026-09-28T10:41:00Z,2026-09-28T10:42:00Z,1.205915,1.207685,1.204415,1.205445
2026-09-28T10:42:00Z,2026-09-28T10:43:00Z,1.205525,1.205825,1.201955,1.205365
2026-09-28T10:43:00Z,2026-09-28T10:44:00Z,1.205405,1.205405,1.201575,1.202765
2026-09-28T10:44:00Z,2026-09-28T10:45:00Z,1.202835,1.209455,1.201935,1.208955
2026-09-28T10:45:00Z,2026-09-28T10:46:00Z,1.208905,1.209255,1.203985,1.205025
2026-09-28T10:46:00Z,2026-09-28T10:47:00Z,1.204645,1.204845,1.200065,1.203205
2026-09-28T10:47:00Z,2026-09-28T10:48:00Z,1.203305,1.204465,1.199005,1.202065
2026-09-28T10:48:00Z,2026-09-28T10:49:00Z,1.201815,1.205095,1.199865,1.204505
2026-09-28T10:49:00Z,2026-09-28T10:50:00Z,1.204855,1.206025,1.199565,1.201245
2026-09-28T10:50:00Z,2026-09-28T10:51:00Z,1.201115,1.201735,1.195735,1.196015
2026-09-28T10:51:00Z,2026-09-28T10:52:00Z,1.195965,1.200705,1.195345,1.197715
2026-09-28T10:52:00Z,2026-09-28T10:53:00Z,1.197625,1.200155,1.196575,1.199175
2026-09-28T10:53:00Z,2026-09-28T10:54:00Z,1.199365,1.199675,1.192415,1.192825
2026-09-28T10:54:00Z,2026-09-28T10:55:00Z,1.192615,1.194825,1.188585,1.189685
2026-09-28T10:55:00Z,2026-09-28T10:56:00Z,1.189545,1.190445,1.184395,1.187095
2026-09-28T10:56:00Z,2026-09-28T10:57:00Z,1.186975,1.188875,1.183825,1.188415
2026-09-28T10:57:00Z,2026-09-28T10:58:00Z,1.188465,1.193375,1.186515,1.192105
2026-09-28T10:58:00Z,2026-09-28T10:59:00Z,1.192235,1.194395,1.190655,1.193275
2026-09-28T10:59:00Z,2026-09-28T11:00:00Z,1.193395,1.193655,1.187485,1.189495
2026-09-28T11:00:00Z,2026-09-28T11:01:00Z,1.189525,1.191795,1.187805,1.187825
2026-09-28T11:01:00Z,2026-09-28T11:02:00Z,1.187775,1.188405,1.183445,1.184765
2026-09-28T11:02:00Z,2026-09-28T11:03:00Z,1.184675,1.186635,1.182605,1.182945
2026-09-28T11:03:00Z,2026-09-28T11:04:00Z,1.183015,1.189425,1.181805,1.189425
2026-09-28T11:04:00Z,2026-09-28T11:05:00Z,1.189735,1.192645,1.188955,1.190825
2026-09-28T11:05:00Z,2026-09-28T11:06:00Z,1.190765,1.194075,1.190765,1.191805
2026-09-28T11:06:00Z,2026-09-28T11:07:00Z,1.191675,1.192105,1.188755,1.189095
2026-09-28T11:07:00Z,2026-09-28T11:08:00Z,1.189175,1.191415,1.188085,1.188815
2026-09-28T11:08:00Z,2026-09-28T11:09:00Z,1.188675,1.190615,1.186815,1.189885
2026-09-28T11:09:00Z,2026-09-28T11:10:00Z,1.189755,1.194125,1.189705,1.193645
2026-09-28T11:10:00Z,2026-09-28T11:11:00Z,1.193535,1.194155,1.189465,1.191925
2026-09-28T11:11:00Z,2026-09-28T11:12:00Z,1.192255,1.196795,1.189985,1.193285
2026-09-28T11:12:00Z,2026-09-28T11:13:00Z,1.193935,1.194625,1.189525,1.190325
2026-09-28T11:13:00Z,2026-09-28T11:14:00Z,1.190265,1.193275,1.190095,1.190835
2026-09-28T11:14:00Z,2026-09-28T11:15:00Z,1.190735,1.192115,1.188905,1.189415
2026-09-28T11:15:00Z,2026-09-28T11:16:00Z,1.189455,1.190605,1.185845,1.189005
2026-09-28T11:16:00Z,2026-09-28T11:17:00Z,1.188955,1.189635,1.184245,1.184895
2026-09-28T11:17:00Z,2026-09-28T11:18:00Z,1.184885,1.184915,1.178725,1.179855
2026-09-28T11:18:00Z,2026-09-28T11:19:00Z,1.179825,1.182535,1.179705,1.180415
2026-09-28T11:19:00Z,2026-09-28T11:20:00Z,1.180735,1.180805,1.176445,1.177845
2026-09-28T11:20:00Z,2026-09-28T11:21:00Z,1.177315,1.180905,1.175825,1.179775
2026-09-28T11:21:00Z,2026-09-28T11:22:00Z,1.179275,1.181595,1.178465,1.180085
2026-09-28T11:22:00Z,2026-09-28T11:23:00Z,1.180035,1.184395,1.179605,1.181415
2026-09-28T11:23:00Z,2026-09-28T11:24:00Z,1.181435,1.183415,1.179395,1.182895
2026-09-28T11:24:00Z,2026-09-28T11:25:00Z,1.182955,1.183205,1.178665,1.179545
2026-09-28T11:25:00Z,2026-09-28T11:26:00Z,1.179565,1.182605,1.177565,1.182065
2026-09-28T11:26:00Z,2026-09-28T11:27:00Z,1.181715,1.183115,1.176865,1.179205
2026-09-28T11:27:00Z,2026-09-28T11:28:00Z,1.179215,1.179265,1.174025,1.174025
2026-09-28T11:28:00Z,2026-09-28T11:29:00Z,1.174135,1.174835,1.169665,1.169665
2026-09-28T11:29:00Z,2026-09-28T11:30:00Z,1.170085,1.174125,1.170085,1.172535
2026-09-28T11:30:00Z,2026-09-28T11:31:00Z,1.172775,1.179915,1.170565,1.179915
2026-09-28T11:31:00Z,2026-09-28T11:32:00Z,1.179875,1.180745,1.174795,1.176905
2026-09-28T11:32:00Z,2026-09-28T11:33:00Z,1.176855,1.178485,1.175195,1.175325
2026-09-28T11:33:00Z,2026-09-28T11:34:00Z,1.175105,1.178125,1.173245,1.177155
2026-09-28T11:34:00Z,2026-09-28T11:35:00Z,1.177125,1.178275,1.175305,1.178205
2026-09-28T11:35:00Z,2026-09-28T11:36:00Z,1.178385,1.181435,1.177575,1.181165
2026-09-28T11:36:00Z,2026-09-28T11:37:00Z,1.181055,1.183295,1.180415,1.182405
2026-09-28T11:37:00Z,2026-09-28T11:38:00Z,1.182055,1.182815,1.177465,1.180025
2026-09-28T11:38:00Z,2026-09-28T11:39:00Z,1.179765,1.185705,1.179415,1.184715
2026-09-28T11:39:00Z,2026-09-28T11:40:00Z,1.185115,1.187635,1.183175,1.184875
2026-09-28T11:40:00Z,2026-09-28T11:41:00Z,1.184935,1.186495,1.183365,1.183905
2026-09-28T11:41:00Z,2026-09-28T11:42:00Z,1.183845,1.184275,1.176765,1.177655
2026-09-28T11:42:00Z,2026-09-28T11:43:00Z,1.177545,1.180795,1.176385,1.180165
2026-09-28T11:43:00Z,2026-09-28T11:44:00Z,1.180195,1.184105,1.179895,1.183015
2026-09-28T11:44:00Z,2026-09-28T11:45:00Z,1.182895,1.187645,1.182555,1.187285
2026-09-28T11:45:00Z,2026-09-28T11:46:00Z,1.187515,1.187655,1.182645,1.183175
2026-09-28T11:46:00Z,2026-09-28T11:47:00Z,1.183185,1.189825,1.182105,1.187095
2026-09-28T11:47:00Z,2026-09-28T11:48:00Z,1.187065,1.187615,1.183245,1.186035
2026-09-28T11:48:00Z,2026-09-28T11:49:00Z,1.186155,1.187365,1.182135,1.182135
2026-09-28T11:49:00Z,2026-09-28T11:50:00Z,1.182145,1.182225,1.178715,1.179955
2026-09-28T11:50:00Z,2026-09-28T11:51:00Z,1.180055,1.183795,1.178965,1.181655
2026-09-28T11:51:00Z,2026-09-28T11:52:00Z,1.181225,1.189065,1.181225,1.187935
2026-09-28T11:52:00Z,2026-09-28T11:53:00Z,1.188215,1.191595,1.187965,1.189935
2026-09-28T11:53:00Z,2026-09-28T11:54:00Z,1.190335,1.191785,1.188065,1.190605
2026-09-28T11:54:00Z,2026-09-28T11:55:00Z,1.190525,1.190695,1.188505,1.189235
2026-09-28T11:55:00Z,2026-09-28T11:56:00Z,1.189225,1.194495,1.188995,1.192445
2026-09-28T11:56:00Z,2026-09-28T11:57:00Z,1.192565,1.196325,1.191555,1.196285
2026-09-28T11:57:00Z,2026-09-28T11:58:00Z,1.196395,1.200785,1.196285,1.197845
2026-09-28T11:58:00Z,2026-09-28T11:59:00Z,1.197705,1.200315,1.196015,1.196395
2026-09-28T11:59:00Z,2026-09-28T12:00:00Z,1.196155,1.201575,1.194685,1.200775
2026-09-28T12:00:00Z,2026-09-28T12:01:00Z,1.200785,1.202955,1.197985,1.202895
2026-09-28T12:01:00Z,2026-09-28T12:02:00Z,1.203175,1.204035,1.200125,1.201825
2026-09-28T12:02:00Z,2026-09-28T12:03:00Z,1.201865,1.205425,1.201745,1.204515
2026-09-28T12:03:00Z,2026-09-28T12:04:00Z,1.204605,1.207765,1.203665,1.205715
2026-09-28T12:04:00Z,2026-09-28T12:05:00Z,1.205755,1.207595,1.200965,1.200965
2026-09-28T12:05:00Z,2026-09-28T12:06:00Z,1.200395,1.203695,1.199375,1.203015
2026-09-28T12:06:00Z,2026-09-28T12:07:00Z,1.202955,1.206765,1.202845,1.206695
2026-09-28T12:07:00Z,2026-09-28T12:08:00Z,1.206655,1.209955,1.206565,1.209415
2026-09-28T12:08:00Z,2026-09-28T12:09:00Z,1.209255,1.216795,1.209255,1.214335
2026-09-28T12:09:00Z,2026-09-28T12:10:00Z,1.214295,1.224635,1.214255,1.224185
2026-09-28T12:10:00Z,2026-09-28T12:11:00Z,1.223915,1.225805,1.222725,1.225085
2026-09-28T12:11:00Z,2026-09-28T12:12:00Z,1.225195,1.229785,1.224775,1.228285
2026-09-28T12:12:00Z,2026-09-28T12:13:00Z,1.228255,1.234465,1.227145,1.234465
2026-09-28T12:13:00Z,2026-09-28T12:14:00Z,1.234715,1.241515,1.233835,1.241285
2026-09-28T12:14:00Z,2026-09-28T12:15:00Z,1.241085,1.243635,1.239295,1.243635
2026-09-28T12:15:00Z,2026-09-28T12:16:00Z,1.244035,1.244345,1.239155,1.241085
2026-09-28T12:16:00Z,2026-09-28T12:17:00Z,1.241245,1.242865,1.239685,1.240475
2026-09-28T12:17:00Z,2026-09-28T12:18:00Z,1.240415,1.251105,1.240315,1.249965
2026-09-28T12:18:00Z,2026-09-28T12:19:00Z,1.250015,1.250905,1.242265,1.242755
2026-09-28T12:19:00Z,2026-09-28T12:20:00Z,1.242995,1.246945,1.241195,1.246295
2026-09-28T12:20:00Z,2026-09-28T12:21:00Z,1.246565,1.249985,1.246565,1.249985
2026-09-28T12:21:00Z,2026-09-28T12:22:00Z,1.249775,1.250585,1.245185,1.245285
2026-09-28T12:22:00Z,2026-09-28T12:23:00Z,1.245145,1.246985,1.243945,1.246105
2026-09-28T12:23:00Z,2026-09-28T12:24:00Z,1.245985,1.252125,1.245735,1.251205
2026-09-28T12:24:00Z,2026-09-28T12:25:00Z,1.251165,1.251755,1.248195,1.248905
2026-09-28T12:25:00Z,2026-09-28T12:26:00Z,1.248865,1.252615,1.247215,1.251655
2026-09-28T12:26:00Z,2026-09-28T12:27:00Z,1.251635,1.251635,1.248215,1.249685
2026-09-28T12:27:00Z,2026-09-28T12:28:00Z,1.249765,1.250145,1.247065,1.248775
2026-09-28T12:28:00Z,2026-09-28T12:29:00Z,1.249185,1.253215,1.249185,1.252615
2026-09-28T12:29:00Z,2026-09-28T12:30:00Z,1.252725,1.257845,1.251375,1.255275
2026-09-28T12:30:00Z,2026-09-28T12:31:00Z,1.255345,1.255415,1.251065,1.251295
2026-09-28T12:31:00Z,2026-09-28T12:32:00Z,1.251065,1.251805,1.248315,1.250205
2026-09-28T12:32:00Z,2026-09-28T12:33:00Z,1.250175,1.255345,1.250135,1.251455
2026-09-28T12:33:00Z,2026-09-28T12:34:00Z,1.251555,1.254025,1.248465,1.252785
2026-09-28T12:34:00Z,2026-09-28T12:35:00Z,1.252235,1.254535,1.251155,1.252505
2026-09-28T12:35:00Z,2026-09-28T12:36:00Z,1.252495,1.255585,1.248865,1.250615
2026-09-28T12:36:00Z,2026-09-28T12:37:00Z,1.250715,1.254645,1.250615,1.254285
2026-09-28T12:37:00Z,2026-09-28T12:38:00Z,1.254355,1.255435,1.251185,1.251185
2026-09-28T12:38:00Z,2026-09-28T12:39:00Z,1.251075,1.252575,1.246075,1.246145
2026-09-28T12:39:00Z,2026-09-28T12:40:00Z,1.246525,1.248675,1.243135,1.244205
2026-09-28T12:40:00Z,2026-09-28T12:41:00Z,1.244105,1.251305,1.244105,1.249905
2026-09-28T12:41:00Z,2026-09-28T12:42:00Z,1.249625,1.250745,1.248135,1.248135
2026-09-28T12:42:00Z,2026-09-28T12:43:00Z,1.247945,1.250965,1.247475,1.249285
2026-09-28T12:43:00Z,2026-09-28T12:44:00Z,1.249565,1.250585,1.248335,1.249195
2026-09-28T12:44:00Z,2026-09-28T12:45:00Z,1.249135,1.251825,1.249135,1.251225
2026-09-28T12:45:00Z,2026-09-28T12:46:00Z,1.250885,1.254515,1.250595,1.253235
2026-09-28T12:46:00Z,2026-09-28T12:47:00Z,1.253295,1.261445,1.253225,1.259495
2026-09-28T12:47:00Z,2026-09-28T12:48:00Z,1.259545,1.262635,1.255445,1.256725
2026-09-28T12:48:00Z,2026-09-28T12:49:00Z,1.257225,1.260565,1.255625,1.260115
2026-09-28T12:49:00Z,2026-09-28T12:50:00Z,1.259945,1.263665,1.259855,1.261595
2026-09-28T12:50:00Z,2026-09-28T12:51:00Z,1.261625,1.267405,1.260435,1.267395
2026-09-28T12:51:00Z,2026-09-28T12:52:00Z,1.267515,1.267765,1.263135,1.263235
2026-09-28T12:52:00Z,2026-09-28T12:53:00Z,1.263185,1.265685,1.262365,1.263425
2026-09-28T12:53:00Z,2026-09-28T12:54:00Z,1.263465,1.265345,1.260745,1.263945
2026-09-28T12:54:00Z,2026-09-28T12:55:00Z,1.264505,1.265775,1.259885,1.262355
2026-09-28T12:55:00Z,2026-09-28T12:56:00Z,1.263035,1.267335,1.262055,1.264015
2026-09-28T12:56:00Z,2026-09-28T12:57:00Z,1.263715,1.265595,1.261425,1.263865
2026-09-28T12:57:00Z,2026-09-28T12:58:00Z,1.263985,1.268335,1.263445,1.268335
2026-09-28T12:58:00Z,2026-09-28T12:59:00Z,1.268365,1.269165,1.260385,1.261085
2026-09-28T12:59:00Z,2026-09-28T13:00:00Z,1.261065,1.263925,1.259015,1.260495
2026-09-28T13:00:00Z,2026-09-28T13:01:00Z,1.260595,1.261965,1.256975,1.257375
2026-09-28T13:01:00Z,2026-09-28T13:02:00Z,1.257355,1.257875,1.249365,1.250415
2026-09-28T13:02:00Z,2026-09-28T13:03:00Z,1.250455,1.252555,1.243145,1.243145
2026-09-28T13:03:00Z,2026-09-28T13:04:00Z,1.243115,1.243645,1.240495,1.242485
2026-09-28T13:04:00Z,2026-09-28T13:05:00Z,1.242475,1.244645,1.237355,1.240165
2026-09-28T13:05:00Z,2026-09-28T13:06:00Z,1.240355,1.241055,1.236465,1.236505
2026-09-28T13:06:00Z,2026-09-28T13:07:00Z,1.236625,1.236845,1.234655,1.234795
2026-09-28T13:07:00Z,2026-09-28T13:08:00Z,1.234905,1.236245,1.232895,1.234015
2026-09-28T13:08:00Z,2026-09-28T13:09:00Z,1.233535,1.240765,1.232135,1.240545
2026-09-28T13:09:00Z,2026-09-28T13:10:00Z,1.240595,1.246165,1.240465,1.246165
2026-09-28T13:10:00Z,2026-09-28T13:11:00Z,1.246185,1.249735,1.244345,1.249735
2026-09-28T13:11:00Z,2026-09-28T13:12:00Z,1.249745,1.251275,1.246835,1.249925
2026-09-28T13:12:00Z,2026-09-28T13:13:00Z,1.249815,1.250075,1.247205,1.248605
2026-09-28T13:13:00Z,2026-09-28T13:14:00Z,1.248315,1.248595,1.243115,1.247075
2026-09-28T13:14:00Z,2026-09-28T13:15:00Z,1.247315,1.250645,1.246315,1.249535
2026-09-28T13:15:00Z,2026-09-28T13:16:00Z,1.249405,1.249815,1.243555,1.243925
2026-09-28T13:16:00Z,2026-09-28T13:17:00Z,1.243965,1.244955,1.240885,1.244955
2026-09-28T13:17:00Z,2026-09-28T13:18:00Z,1.244855,1.246445,1.242165,1.245425
2026-09-28T13:18:00Z,2026-09-28T13:19:00Z,1.245725,1.246215,1.242955,1.243655
2026-09-28T13:19:00Z,2026-09-28T13:20:00Z,1.244035,1.245295,1.241705,1.245295
2026-09-28T13:20:00Z,2026-09-28T13:21:00Z,1.245025,1.247015,1.243935,1.244865
2026-09-28T13:21:00Z,2026-09-28T13:22:00Z,1.244965,1.244965,1.239645,1.240125
2026-09-28T13:22:00Z,2026-09-28T13:23:00Z,1.239635,1.241595,1.237385,1.241115
2026-09-28T13:23:00Z,2026-09-28T13:24:00Z,1.241015,1.241695,1.234385,1.234385
2026-09-28T13:24:00Z,2026-09-28T13:25:00Z,1.233705,1.235405,1.232485,1.234595
2026-09-28T13:25:00Z,2026-09-28T13:26:00Z,1.234575,1.234805,1.229785,1.231085
2026-09-28T13:26:00Z,2026-09-28T13:27:00Z,1.230645,1.231085,1.228305,1.228755
2026-09-28T13:27:00Z,2026-09-28T13:28:00Z,1.228885,1.229135,1.225815,1.229135
2026-09-28T13:28:00Z,2026-09-28T13:29:00Z,1.229195,1.236415,1.228865,1.236265
2026-09-28T13:29:00Z,2026-09-28T13:30:00Z,1.236375,1.236995,1.234885,1.235205
2026-09-27T21:08:00Z,2026-09-27T21:09:00Z,1.240785,1.241125,1.237145,1.238405
2026-09-27T21:09:00Z,2026-09-27T21:10:00Z,1.238395,1.239605,1.236235,1.239115
2026-09-27T21:10:00Z,2026-09-27T21:11:00Z,1.239055,1.241065,1.237725,1.240215
2026-09-27T21:11:00Z,2026-09-27T21:12:00Z,1.240235,1.240625,1.235475,1.236645
2026-09-27T21:12:00Z,2026-09-27T21:13:00Z,1.236525,1.237705,1.233475,1.235285
2026-09-27T21:13:00Z,2026-09-27T21:14:00Z,1.235195,1.236695,1.232385,1.233385
2026-09-27T21:14:00Z,2026-09-27T21:15:00Z,1.234185,1.236675,1.232495,1.232895
2026-09-27T21:15:00Z,2026-09-27T21:16:00Z,1.232685,1.234505,1.230725,1.232965
2026-09-27T21:16:00Z,2026-09-27T21:17:00Z,1.233325,1.234565,1.226665,1.228125
2026-09-27T21:17:00Z,2026-09-27T21:18:00Z,1.228385,1.230195,1.226695,1.227195
2026-09-27T21:18:00Z,2026-09-27T21:19:00Z,1.227305,1.228495,1.225015,1.227885
2026-09-27T21:19:00Z,2026-09-27T21:20:00Z,1.227735,1.230505,1.225155,1.230405
2026-09-27T21:20:00Z,2026-09-27T21:21:00Z,1.230475,1.234615,1.228335,1.233025
2026-09-27T21:21:00Z,2026-09-27T21:22:00Z,1.233055,1.234295,1.228975,1.230215
2026-09-27T21:22:00Z,2026-09-27T21:23:00Z,1.230095,1.234545,1.228345,1.230255
2026-09-27T21:23:00Z,2026-09-27T21:24:00Z,1.230225,1.232285,1.226105,1.228455
2026-09-27T21:24:00Z,2026-09-27T21:25:00Z,1.228405,1.230015,1.222835,1.222915
2026-09-27T21:25:00Z,2026-09-27T21:26:00Z,1.223025,1.224475,1.221415,1.223065
2026-09-27T21:26:00Z,2026-09-27T21:27:00Z,1.222975,1.226155,1.221225,1.225565
2026-09-27T21:27:00Z,2026-09-27T21:28:00Z,1.225515,1.229665,1.223985,1.227925
2026-09-27T21:28:00Z,2026-09-27T21:29:00Z,1.227785,1.229355,1.223505,1.224555
2026-09-27T21:29:00Z,2026-09-27T21:30:00Z,1.224995,1.228595,1.224925,1.226825
2026-09-27T21:30:00Z,2026-09-27T21:31:00Z,1.226715,1.229845,1.225755,1.226535
2026-09-27T21:31:00Z,2026-09-27T21:32:00Z,1.226485,1.227265,1.222255,1.222655
2026-09-27T21:32:00Z,2026-09-27T21:33:00Z,1.222565,1.223765,1.219835,1.222395
2026-09-27T21:33:00Z,2026-09-27T21:34:00Z,1.222895,1.225585,1.221385,1.224755
2026-09-27T21:34:00Z,2026-09-27T21:35:00Z,1.224415,1.227345,1.219705,1.220305
2026-09-27T21:35:00Z,2026-09-27T21:36:00Z,1.220195,1.224785,1.220195,1.222555
2026-09-27T21:36:00Z,2026-09-27T21:37:00Z,1.222675,1.228855,1.222245,1.228855
2026-09-27T21:37:00Z,2026-09-27T21:38:00Z,1.228715,1.234705,1.228715,1.234275
2026-09-27T21:38:00Z,2026-09-27T21:39:00Z,1.234325,1.235525,1.231655,1.232365
2026-09-27T21:39:00Z,2026-09-27T21:40:00Z,1.232375,1.232375,1.228765,1.230665
2026-09-27T21:40:00Z,2026-09-27T21:41:00Z,1.230795,1.230795,1.224475,1.224795
2026-09-27T21:41:00Z,2026-09-27T21:42:00Z,1.224685,1.226115,1.216795,1.217345
2026-09-27T21:42:00Z,2026-09-27T21:43:00Z,1.217855,1.219745,1.215105,1.219045
2026-09-27T21:43:00Z,2026-09-27T21:44:00Z,1.219165,1.221435,1.217325,1.219655
2026-09-27T21:44:00Z,2026-09-27T21:45:00Z,1.219735,1.224075,1.218385,1.222835
2026-09-27T21:45:00Z,2026-09-27T21:46:00Z,1.222705,1.226225,1.221545,1.221545
2026-09-27T21:46:00Z,2026-09-27T21:47:00Z,1.221235,1.221895,1.213475,1.213475
2026-09-27T21:47:00Z,2026-09-27T21:48:00Z,1.213105,1.213215,1.204165,1.206135
2026-09-27T21:48:00Z,2026-09-27T21:49:00Z,1.206105,1.206165,1.200655,1.205205
2026-09-27T21:49:00Z,2026-09-27T21:50:00Z,1.205225,1.210925,1.205225,1.207485
2026-09-27T21:50:00Z,2026-09-27T21:51:00Z,1.207395,1.208005,1.202875,1.204895
2026-09-27T21:51:00Z,2026-09-27T21:52:00Z,1.204845,1.208625,1.204765,1.207765
2026-09-27T21:52:00Z,2026-09-27T21:53:00Z,1.207705,1.210655,1.206805,1.208875
2026-09-27T21:53:00Z,2026-09-27T21:54:00Z,1.208825,1.210115,1.205305,1.208745
2026-09-27T21:54:00Z,2026-09-27T21:55:00Z,1.208615,1.215955,1.208165,1.215955
2026-09-27T21:55:00Z,2026-09-27T21:56:00Z,1.215995,1.217385,1.212495,1.213085
2026-09-27T21:56:00Z,2026-09-27T21:57:00Z,1.213165,1.217085,1.212885,1.216905
2026-09-27T21:57:00Z,2026-09-27T21:58:00Z,1.217495,1.218595,1.216135,1.217125
2026-09-27T21:58:00Z,2026-09-27T21:59:00Z,1.217115,1.222245,1.215395,1.220775
2026-09-27T21:59:00Z,2026-09-27T22:00:00Z,1.220805,1.222335,1.216675,1.218905
2026-09-27T22:00:00Z,2026-09-27T22:01:00Z,1.218605,1.222075,1.217425,1.222015
2026-09-27T22:01:00Z,2026-09-27T22:02:00Z,1.221965,1.226725,1.220435,1.226275
2026-09-27T22:02:00Z,2026-09-27T22:03:00Z,1.226355,1.227335,1.223195,1.223315
2026-09-27T22:03:00Z,2026-09-27T22:04:00Z,1.223225,1.228985,1.223215,1.228175
2026-09-27T22:04:00Z,2026-09-27T22:05:00Z,1.228725,1.229575,1.225535,1.228885
2026-09-27T22:05:00Z,2026-09-27T22:06:00Z,1.228815,1.232145,1.228305,1.231505
2026-09-27T22:06:00Z,2026-09-27T22:07:00Z,1.231885,1.234015,1.231855,1.233275
2026-09-27T22:07:00Z,2026-09-27T22:08:00Z,1.233545,1.233745,1.229235,1.229395
2026-09-27T22:08:00Z,2026-09-27T22:09:00Z,1.229525,1.229715,1.224985,1.227815
2026-09-27T22:09:00Z,2026-09-27T22:10:00Z,1.227755,1.229425,1.223085,1.223865
2026-09-27T22:10:00Z,2026-09-27T22:11:00Z,1.223205,1.227565,1.222305,1.227565
2026-09-27T22:11:00Z,2026-09-27T22:12:00Z,1.227585,1.228505,1.225435,1.225475
2026-09-27T22:12:00Z,2026-09-27T22:13:00Z,1.225875,1.226785,1.222735,1.226025
2026-09-27T22:13:00Z,2026-09-27T22:14:00Z,1.225715,1.226525,1.223325,1.224395
2026-09-27T22:14:00Z,2026-09-27T22:15:00Z,1.224985,1.235045,1.224525,1.235045
2026-09-27T22:15:00Z,2026-09-27T22:16:00Z,1.235065,1.235545,1.229715,1.232945
2026-09-27T22:16:00Z,2026-09-27T22:17:00Z,1.233155,1.234615,1.228945,1.229695
2026-09-27T22:17:00Z,2026-09-27T22:18:00Z,1.229705,1.230405,1.227105,1.227105
2026-09-27T22:18:00Z,2026-09-27T22:19:00Z,1.227285,1.231175,1.227075,1.231005
2026-09-27T22:19:00Z,2026-09-27T22:20:00Z,1.231125,1.234385,1.229445,1.234275
2026-09-27T22:20:00Z,2026-09-27T22:21:00Z,1.234285,1.234815,1.230255,1.231565
2026-09-27T22:21:00Z,2026-09-27T22:22:00Z,1.231755,1.232505,1.227665,1.227725
2026-09-27T22:22:00Z,2026-09-27T22:23:00Z,1.227745,1.232015,1.227315,1.232015
2026-09-27T22:23:00Z,2026-09-27T22:24:00Z,1.231975,1.233025,1.229595,1.229735
2026-09-27T22:24:00Z,2026-09-27T22:25:00Z,1.230305,1.232215,1.227745,1.231705
2026-09-27T22:25:00Z,2026-09-27T22:26:00Z,1.231845,1.233955,1.227515,1.232825
2026-09-27T22:26:00Z,2026-09-27T22:27:00Z,1.232915,1.233115,1.225645,1.226635
2026-09-27T22:27:00Z,2026-09-27T22:28:00Z,1.226565,1.227085,1.222795,1.223875
2026-09-27T22:28:00Z,2026-09-27T22:29:00Z,1.223895,1.230815,1.222825,1.227915
2026-09-27T22:29:00Z,2026-09-27T22:30:00Z,1.228045,1.228345,1.222905,1.223395
2026-09-27T22:30:00Z,2026-09-27T22:31:00Z,1.223385,1.229325,1.223325,1.228465
2026-09-27T22:31:00Z,2026-09-27T22:32:00Z,1.228495,1.231035,1.226745,1.230975
2026-09-27T22:32:00Z,2026-09-27T22:33:00Z,1.231305,1.231875,1.228615,1.229785
2026-09-27T22:33:00Z,2026-09-27T22:34:00Z,1.229765,1.236625,1.229655,1.235555
2026-09-27T22:34:00Z,2026-09-27T22:35:00Z,1.235605,1.235955,1.233175,1.234145
2026-09-27T22:35:00Z,2026-09-27T22:36:00Z,1.234085,1.234375,1.228285,1.228295
2026-09-27T22:36:00Z,2026-09-27T22:37:00Z,1.228185,1.228515,1.225035,1.226985
2026-09-27T22:37:00Z,2026-09-27T22:38:00Z,1.227025,1.229085,1.224565,1.228135
2026-09-27T22:38:00Z,2026-09-27T22:39:00Z,1.228935,1.233435,1.228345,1.233125
2026-09-27T22:39:00Z,2026-09-27T22:40:00Z,1.232745,1.234855,1.230615,1.234855
2026-09-27T22:40:00Z,2026-09-27T22:41:00Z,1.234355,1.236155,1.231665,1.233255
2026-09-27T22:41:00Z,2026-09-27T22:42:00Z,1.233605,1.236875,1.233385,1.233565
2026-09-27T22:42:00Z,2026-09-27T22:43:00Z,1.234125,1.234715,1.231225,1.231705
2026-09-27T22:43:00Z,2026-09-27T22:44:00Z,1.231835,1.232375,1.228155,1.228195
2026-09-27T22:44:00Z,2026-09-27T22:45:00Z,1.227975,1.232005,1.226505,1.231555
2026-09-27T22:45:00Z,2026-09-27T22:46:00Z,1.232155,1.233305,1.227985,1.229345
2026-09-27T22:46:00Z,2026-09-27T22:47:00Z,1.229385,1.231785,1.227685,1.229955
2026-09-27T22:47:00Z,2026-09-27T22:48:00Z,1.230225,1.231755,1.226215,1.231295
2026-09-27T22:48:00Z,2026-09-27T22:49:00Z,1.231355,1.236765,1.230695,1.236175
2026-09-27T22:49:00Z,2026-09-27T22:50:00Z,1.235375,1.238785,1.234875,1.236805
2026-09-27T22:50:00Z,2026-09-27T22:51:00Z,1.236765,1.237185,1.233455,1.236235
2026-09-27T22:51:00Z,2026-09-27T22:52:00Z,1.236585,1.239505,1.235255,1.239505
2026-09-27T22:52:00Z,2026-09-27T22:53:00Z,1.239425,1.240465,1.238495,1.240225
2026-09-27T22:53:00Z,2026-09-27T22:54:00Z,1.240335,1.243365,1.238185,1.239185
2026-09-27T22:54:00Z,2026-09-27T22:55:00Z,1.238945,1.239725,1.236075,1.239285
2026-09-27T22:55:00Z,2026-09-27T22:56:00Z,1.239315,1.240985,1.234745,1.234795
2026-09-27T22:56:00Z,2026-09-27T22:57:00Z,1.234675,1.237645,1.233125,1.237645
2026-09-27T22:57:00Z,2026-09-27T22:58:00Z,1.237705,1.241095,1.237125,1.237705
2026-09-27T22:58:00Z,2026-09-27T22:59:00Z,1.237675,1.237875,1.234245,1.235155
2026-09-27T22:59:00Z,2026-09-27T23:00:00Z,1.235235,1.236545,1.233115,1.235255
2026-09-27T23:00:00Z,2026-09-27T23:01:00Z,1.235245,1.241655,1.235245,1.237005
2026-09-27T23:01:00Z,2026-09-27T23:02:00Z,1.237125,1.237165,1.232425,1.233865
2026-09-27T23:02:00Z,2026-09-27T23:03:00Z,1.233895,1.235065,1.229835,1.231025
2026-09-27T23:03:00Z,2026-09-27T23:04:00Z,1.230905,1.232095,1.227855,1.229055
2026-09-27T23:04:00Z,2026-09-27T23:05:00Z,1.229015,1.229995,1.225345,1.226685
2026-09-27T23:05:00Z,2026-09-27T23:06:00Z,1.226565,1.229795,1.226445,1.229125
2026-09-27T23:06:00Z,2026-09-27T23:07:00Z,1.229205,1.231695,1.227885,1.228075
2026-09-27T23:07:00Z,2026-09-27T23:08:00Z,1.228455,1.230155,1.222515,1.223155
2026-09-27T23:08:00Z,2026-09-27T23:09:00Z,1.223065,1.225315,1.222295,1.223705
2026-09-27T23:09:00Z,2026-09-27T23:10:00Z,1.223785,1.229125,1.223785,1.225975
2026-09-27T23:10:00Z,2026-09-27T23:11:00Z,1.226625,1.229725,1.224835,1.229725
2026-09-27T23:11:00Z,2026-09-27T23:12:00Z,1.229145,1.236475,1.229065,1.234815
2026-09-27T23:12:00Z,2026-09-27T23:13:00Z,1.234925,1.238255,1.232825,1.238185
2026-09-27T23:13:00Z,2026-09-27T23:14:00Z,1.238285,1.240845,1.237495,1.239155
2026-09-27T23:14:00Z,2026-09-27T23:15:00Z,1.239015,1.239105,1.234275,1.237505
2026-09-27T23:15:00Z,2026-09-27T23:16:00Z,1.237445,1.239105,1.234205,1.236825
2026-09-27T23:16:00Z,2026-09-27T23:17:00Z,1.236885,1.238515,1.231495,1.233245
2026-09-27T23:17:00Z,2026-09-27T23:18:00Z,1.232955,1.240325,1.232645,1.240075
2026-09-27T23:18:00Z,2026-09-27T23:19:00Z,1.240005,1.240855,1.237685,1.237885
2026-09-27T23:19:00Z,2026-09-27T23:20:00Z,1.237935,1.240675,1.237095,1.239745
2026-09-27T23:20:00Z,2026-09-27T23:21:00Z,1.239875,1.244245,1.238175,1.240035
2026-09-27T23:21:00Z,2026-09-27T23:22:00Z,1.239745,1.240865,1.237455,1.237805
2026-09-27T23:22:00Z,2026-09-27T23:23:00Z,1.237505,1.239455,1.234715,1.237925
2026-09-27T23:23:00Z,2026-09-27T23:24:00Z,1.237955,1.239605,1.234505,1.239445
2026-09-27T23:24:00Z,2026-09-27T23:25:00Z,1.239255,1.243835,1.239165,1.242535
2026-09-27T23:25:00Z,2026-09-27T23:26:00Z,1.242605,1.243095,1.237225,1.237575
2026-09-27T23:26:00Z,2026-09-27T23:27:00Z,1.237675,1.239645,1.235995,1.237265
2026-09-27T23:27:00Z,2026-09-27T23:28:00Z,1.236865,1.239105,1.235835,1.237735
2026-09-27T23:28:00Z,2026-09-27T23:29:00Z,1.237985,1.240705,1.237405,1.238425
2026-09-27T23:29:00Z,2026-09-27T23:30:00Z,1.238435,1.243525,1.238235,1.243525
2026-09-27T23:30:00Z,2026-09-27T23:31:00Z,1.243565,1.243745,1.238525,1.238685
2026-09-27T23:31:00Z,2026-09-27T23:32:00Z,1.238565,1.242305,1.238565,1.240645
2026-09-27T23:32:00Z,2026-09-27T23:33:00Z,1.240695,1.245325,1.239325,1.244245
2026-09-27T23:33:00Z,2026-09-27T23:34:00Z,1.244595,1.245465,1.237745,1.242835
2026-09-27T23:34:00Z,2026-09-27T23:35:00Z,1.243085,1.247305,1.242925,1.247085
2026-09-27T23:35:00Z,2026-09-27T23:36:00Z,1.247215,1.248495,1.241675,1.242895
2026-09-27T23:36:00Z,2026-09-27T23:37:00Z,1.242795,1.245575,1.242715,1.244835
2026-09-27T23:37:00Z,2026-09-27T23:38:00Z,1.244775,1.247005,1.242765,1.243515
2026-09-27T23:38:00Z,2026-09-27T23:39:00Z,1.243645,1.246725,1.242395,1.246585
2026-09-27T23:39:00Z,2026-09-27T23:40:00Z,1.246745,1.248495,1.244955,1.247125
2026-09-27T23:40:00Z,2026-09-27T23:41:00Z,1.247225,1.251725,1.246025,1.250915
2026-09-27T23:41:00Z,2026-09-27T23:42:00Z,1.250885,1.258465,1.249915,1.258465
2026-09-27T23:42:00Z,2026-09-27T23:43:00Z,1.258495,1.263395,1.255605,1.262315
2026-09-27T23:43:00Z,2026-09-27T23:44:00Z,1.262225,1.264515,1.254545,1.254545
2026-09-27T23:44:00Z,2026-09-27T23:45:00Z,1.254655,1.256105,1.248745,1.249165
2026-09-27T23:45:00Z,2026-09-27T23:46:00Z,1.248925,1.251825,1.248325,1.248725
2026-09-27T23:46:00Z,2026-09-27T23:47:00Z,1.248695,1.254505,1.247685,1.254205
2026-09-27T23:47:00Z,2026-09-27T23:48:00Z,1.254145,1.256855,1.252815,1.253505
2026-09-27T23:48:00Z,2026-09-27T23:49:00Z,1.253685,1.259355,1.252215,1.258665
2026-09-27T23:49:00Z,2026-09-27T23:50:00Z,1.258695,1.263665,1.258215,1.260675
2026-09-27T23:50:00Z,2026-09-27T23:51:00Z,1.260585,1.263975,1.257805,1.263975
2026-09-27T23:51:00Z,2026-09-27T23:52:00Z,1.263875,1.268225,1.263205,1.266055
2026-09-27T23:52:00Z,2026-09-27T23:53:00Z,1.266065,1.266945,1.261695,1.262825
2026-09-27T23:53:00Z,2026-09-27T23:54:00Z,1.263145,1.264355,1.260445,1.264215
2026-09-27T23:54:00Z,2026-09-27T23:55:00Z,1.263545,1.266045,1.261575,1.265725
2026-09-27T23:55:00Z,2026-09-27T23:56:00Z,1.265625,1.265745,1.261445,1.263355
2026-09-27T23:56:00Z,2026-09-27T23:57:00Z,1.263345,1.264845,1.259935,1.262445
2026-09-27T23:57:00Z,2026-09-27T23:58:00Z,1.262795,1.271075,1.262315,1.269925
2026-09-27T23:58:00Z,2026-09-27T23:59:00Z,1.269855,1.272755,1.266495,1.272055
2026-09-27T23:59:00Z,2026-09-28T00:00:00Z,1.272625,1.274155,1.265245,1.267895
2026-09-28T00:00:00Z,2026-09-28T00:01:00Z,1.267775,1.271505,1.267355,1.271505
2026-09-28T00:01:00Z,2026-09-28T00:02:00Z,1.271885,1.273455,1.269205,1.271195
2026-09-28T00:02:00Z,2026-09-28T00:03:00Z,1.271075,1.273785,1.266495,1.266495
2026-09-28T00:03:00Z,2026-09-28T00:04:00Z,1.266625,1.268745,1.265305,1.268065
2026-09-28T00:04:00Z,2026-09-28T00:05:00Z,1.268385,1.272125,1.267115,1.270485
2026-09-28T00:05:00Z,2026-09-28T00:06:00Z,1.270595,1.275995,1.270585,1.275915
2026-09-28T00:06:00Z,2026-09-28T00:07:00Z,1.276165,1.279605,1.274645,1.279305
2026-09-28T00:07:00Z,2026-09-28T00:08:00Z,1.279235,1.279545,1.275945,1.276525
2026-09-28T00:08:00Z,2026-09-28T00:09:00Z,1.276785,1.277965,1.271125,1.271385
2026-09-28T00:09:00Z,2026-09-28T00:10:00Z,1.271725,1.275465,1.270965,1.274915
2026-09-28T00:10:00Z,2026-09-28T00:11:00Z,1.274225,1.274225,1.266805,1.269855
2026-09-28T00:11:00Z,2026-09-28T00:12:00Z,1.269805,1.269855,1.266315,1.268815
2026-09-28T00:12:00Z,2026-09-28T00:13:00Z,1.269165,1.269265,1.263955,1.264655
2026-09-28T00:13:00Z,2026-09-28T00:14:00Z,1.264875,1.268575,1.264875,1.266665
2026-09-28T00:14:00Z,2026-09-28T00:15:00Z,1.266755,1.266995,1.257825,1.258015
2026-09-28T00:15:00Z,2026-09-28T00:16:00Z,1.258065,1.258635,1.251415,1.255275
2026-09-28T00:16:00Z,2026-09-28T00:17:00Z,1.254875,1.257195,1.252705,1.256115
2026-09-28T00:17:00Z,2026-09-28T00:18:00Z,1.256165,1.256165,1.249375,1.250505
2026-09-28T00:18:00Z,2026-09-28T00:19:00Z,1.250475,1.252785,1.249085,1.251555
2026-09-28T00:19:00Z,2026-09-28T00:20:00Z,1.251475,1.253745,1.250045,1.251975
2026-09-28T00:20:00Z,2026-09-28T00:21:00Z,1.252025,1.257815,1.252025,1.256215
2026-09-28T00:21:00Z,2026-09-28T00:22:00Z,1.255965,1.257115,1.252155,1.253415
2026-09-28T00:22:00Z,2026-09-28T00:23:00Z,1.253285,1.262405,1.253285,1.262105
2026-09-28T00:23:00Z,2026-09-28T00:24:00Z,1.262185,1.263505,1.260525,1.261265
2026-09-28T00:24:00Z,2026-09-28T00:25:00Z,1.261165,1.261945,1.257485,1.257915
2026-09-28T00:25:00Z,2026-09-28T00:26:00Z,1.257825,1.259385,1.255205,1.255275
2026-09-28T00:26:00Z,2026-09-28T00:27:00Z,1.256315,1.258395,1.255295,1.257335
2026-09-28T00:27:00Z,2026-09-28T00:28:00Z,1.257415,1.261445,1.257205,1.260885
2026-09-28T00:28:00Z,2026-09-28T00:29:00Z,1.260755,1.262535,1.256945,1.257925
2026-09-28T00:29:00Z,2026-09-28T00:30:00Z,1.257605,1.262175,1.256615,1.261885
2026-09-28T00:30:00Z,2026-09-28T00:31:00Z,1.261975,1.263385,1.259655,1.262605
2026-09-28T00:31:00Z,2026-09-28T00:32:00Z,1.262745,1.265605,1.262705,1.263515
2026-09-28T00:32:00Z,2026-09-28T00:33:00Z,1.263425,1.265225,1.262215,1.262625
2026-09-28T00:33:00Z,2026-09-28T00:34:00Z,1.262575,1.263435,1.259465,1.259795
2026-09-28T00:34:00Z,2026-09-28T00:35:00Z,1.259785,1.261165,1.255695,1.256025
2026-09-28T00:35:00Z,2026-09-28T00:36:00Z,1.256145,1.259595,1.254555,1.259495
2026-09-28T00:36:00Z,2026-09-28T00:37:00Z,1.259755,1.262355,1.259145,1.262065
2026-09-28T00:37:00Z,2026-09-28T00:38:00Z,1.262165,1.262165,1.256635,1.258185
2026-09-28T00:38:00Z,2026-09-28T00:39:00Z,1.258495,1.263955,1.257745,1.263925
2026-09-28T00:39:00Z,2026-09-28T00:40:00Z,1.264045,1.264845,1.262045,1.263815
2026-09-28T00:40:00Z,2026-09-28T00:41:00Z,1.263715,1.264065,1.257065,1.258895
2026-09-28T00:41:00Z,2026-09-28T00:42:00Z,1.259025,1.263575,1.258755,1.260175
2026-09-28T00:42:00Z,2026-09-28T00:43:00Z,1.259855,1.263975,1.259375,1.263975
2026-09-28T00:43:00Z,2026-09-28T00:44:00Z,1.263935,1.269855,1.263935,1.268425
2026-09-28T00:44:00Z,2026-09-28T00:45:00Z,1.268155,1.272095,1.264785,1.271445
2026-09-28T00:45:00Z,2026-09-28T00:46:00Z,1.271465,1.275105,1.268045,1.269755
2026-09-28T00:46:00Z,2026-09-28T00:47:00Z,1.269675,1.271615,1.264735,1.266905
2026-09-28T00:47:00Z,2026-09-28T00:48:00Z,1.266945,1.269475,1.264345,1.266385
2026-09-28T00:48:00Z,2026-09-28T00:49:00Z,1.266355,1.266955,1.258295,1.258675
2026-09-28T00:49:00Z,2026-09-28T00:50:00Z,1.258895,1.261355,1.257675,1.259815
2026-09-28T00:50:00Z,2026-09-28T00:51:00Z,1.259505,1.265335,1.259085,1.264125
2026-09-28T00:51:00Z,2026-09-28T00:52:00Z,1.264105,1.270435,1.263475,1.269415
2026-09-28T00:52:00Z,2026-09-28T00:53:00Z,1.269545,1.272125,1.268065,1.271795
2026-09-28T00:53:00Z,2026-09-28T00:54:00Z,1.271425,1.271505,1.264195,1.264325
2026-09-28T00:54:00Z,2026-09-28T00:55:00Z,1.264355,1.266015,1.261845,1.264645
2026-09-28T00:55:00Z,2026-09-28T00:56:00Z,1.264045,1.264805,1.261715,1.263585
2026-09-28T00:56:00Z,2026-09-28T00:57:00Z,1.263485,1.263485,1.258475,1.260945
2026-09-28T00:57:00Z,2026-09-28T00:58:00Z,1.260985,1.261335,1.255085,1.255225
2026-09-28T00:58:00Z,2026-09-28T00:59:00Z,1.254395,1.257135,1.252405,1.255865
2026-09-28T00:59:00Z,2026-09-28T01:00:00Z,1.255765,1.256365,1.250515,1.251605
2026-09-28T01:00:00Z,2026-09-28T01:01:00Z,1.251475,1.252015,1.247105,1.249545
2026-09-28T01:01:00Z,2026-09-28T01:02:00Z,1.249385,1.251875,1.247375,1.251755
2026-09-28T01:02:00Z,2026-09-28T01:03:00Z,1.251675,1.255485,1.251475,1.255485
2026-09-28T01:03:00Z,2026-09-28T01:04:00Z,1.255495,1.257385,1.252845,1.254785
2026-09-28T01:04:00Z,2026-09-28T01:05:00Z,1.254905,1.259545,1.254825,1.258225
2026-09-28T01:05:00Z,2026-09-28T01:06:00Z,1.258405,1.258765,1.254525,1.256285
2026-09-28T01:06:00Z,2026-09-28T01:07:00Z,1.256235,1.263665,1.256235,1.263445
2026-09-28T01:07:00Z,2026-09-28T01:08:00Z,1.263165,1.267465,1.262325,1.266775
2026-09-28T01:08:00Z,2026-09-28T01:09:00Z,1.267465,1.269535,1.261565,1.262255
2026-09-28T01:09:00Z,2026-09-28T01:10:00Z,1.262285,1.265175,1.260675,1.264485
2026-09-28T01:10:00Z,2026-09-28T01:11:00Z,1.264435,1.267535,1.262705,1.263315
2026-09-28T01:11:00Z,2026-09-28T01:12:00Z,1.262925,1.264455,1.258605,1.261945
2026-09-28T01:12:00Z,2026-09-28T01:13:00Z,1.261815,1.269215,1.261485,1.268055
2026-09-28T01:13:00Z,2026-09-28T01:14:00Z,1.267945,1.268185,1.263575,1.264415
2026-09-28T01:14:00Z,2026-09-28T01:15:00Z,1.264545,1.268805,1.262805,1.267195
2026-09-28T01:15:00Z,2026-09-28T01:16:00Z,1.267305,1.267885,1.264225,1.264355
2026-09-28T01:16:00Z,2026-09-28T01:17:00Z,1.264345,1.264345,1.258235,1.261105
2026-09-28T01:17:00Z,2026-09-28T01:18:00Z,1.261495,1.261785,1.257575,1.261075
2026-09-28T01:18:00Z,2026-09-28T01:19:00Z,1.261055,1.265085,1.260185,1.261995
2026-09-28T01:19:00Z,2026-09-28T01:20:00Z,1.261875,1.264225,1.258925,1.262625
2026-09-28T01:20:00Z,2026-09-28T01:21:00Z,1.262665,1.265815,1.261875,1.264535
2026-09-28T01:21:00Z,2026-09-28T01:22:00Z,1.265025,1.267615,1.264175,1.267615
2026-09-28T01:22:00Z,2026-09-28T01:23:00Z,1.267295,1.274795,1.265935,1.274275
2026-09-28T01:23:00Z,2026-09-28T01:24:00Z,1.273825,1.274745,1.271795,1.272445
2026-09-28T01:24:00Z,2026-09-28T01:25:00Z,1.272315,1.277075,1.271235,1.274675
2026-09-28T01:25:00Z,2026-09-28T01:26:00Z,1.274855,1.277675,1.273695,1.277295
2026-09-28T01:26:00Z,2026-09-28T01:27:00Z,1.277055,1.280765,1.273045,1.280515
2026-09-28T01:27:00Z,2026-09-28T01:28:00Z,1.280415,1.288725,1.279695,1.288485
2026-09-28T01:28:00Z,2026-09-28T01:29:00Z,1.288075,1.290825,1.286655,1.289285
2026-09-28T01:29:00Z,2026-09-28T01:30:00Z,1.288635,1.288965,1.283435,1.284825
2026-09-28T01:30:00Z,2026-09-28T01:31:00Z,1.284315,1.285355,1.279125,1.280885
2026-09-28T01:31:00Z,2026-09-28T01:32:00Z,1.281225,1.284435,1.279945,1.281275
2026-09-28T01:32:00Z,2026-09-28T01:33:00Z,1.280875,1.280875,1.277885,1.279395
2026-09-28T01:33:00Z,2026-09-28T01:34:00Z,1.279355,1.282245,1.277205,1.278525
2026-09-28T01:34:00Z,2026-09-28T01:35:00Z,1.278565,1.280115,1.273365,1.277615
2026-09-28T01:35:00Z,2026-09-28T01:36:00Z,1.277865,1.280315,1.275475,1.280065
2026-09-28T01:36:00Z,2026-09-28T01:37:00Z,1.279785,1.281605,1.276555,1.276725
2026-09-28T01:37:00Z,2026-09-28T01:38:00Z,1.276635,1.278605,1.275645,1.278095
2026-09-28T01:38:00Z,2026-09-28T01:39:00Z,1.278055,1.280185,1.274835,1.274835
2026-09-28T01:39:00Z,2026-09-28T01:40:00Z,1.274875,1.276305,1.272115,1.272545
2026-09-28T01:40:00Z,2026-09-28T01:41:00Z,1.272185,1.277205,1.270995,1.277205
2026-09-28T01:41:00Z,2026-09-28T01:42:00Z,1.276965,1.279975,1.276065,1.277665
2026-09-28T01:42:00Z,2026-09-28T01:43:00Z,1.277645,1.278895,1.272785,1.272905
2026-09-28T01:43:00Z,2026-09-28T01:44:00Z,1.272615,1.273215,1.270105,1.270185
2026-09-28T01:44:00Z,2026-09-28T01:45:00Z,1.270305,1.271895,1.268855,1.271665
2026-09-28T01:45:00Z,2026-09-28T01:46:00Z,1.271575,1.274385,1.269935,1.272975
2026-09-28T01:46:00Z,2026-09-28T01:47:00Z,1.272925,1.273205,1.268265,1.268415
2026-09-28T01:47:00Z,2026-09-28T01:48:00Z,1.268685,1.269665,1.265305,1.265535
2026-09-28T01:48:00Z,2026-09-28T01:49:00Z,1.265355,1.267205,1.262385,1.266895
2026-09-28T01:49:00Z,2026-09-28T01:50:00Z,1.267445,1.267445,1.261025,1.262425
2026-09-28T01:50:00Z,2026-09-28T01:51:00Z,1.262485,1.268175,1.262235,1.263855
2026-09-28T01:51:00Z,2026-09-28T01:52:00Z,1.263935,1.268765,1.263515,1.268765
2026-09-28T01:52:00Z,2026-09-28T01:53:00Z,1.268705,1.269515,1.264785,1.266295
2026-09-28T01:53:00Z,2026-09-28T01:54:00Z,1.266485,1.271285,1.265125,1.269755
2026-09-28T01:54:00Z,2026-09-28T01:55:00Z,1.269895,1.275445,1.269595,1.273455
2026-09-28T01:55:00Z,2026-09-28T01:56:00Z,1.273405,1.274785,1.270055,1.270995
2026-09-28T01:56:00Z,2026-09-28T01:57:00Z,1.271035,1.272815,1.259575,1.259575
2026-09-28T01:57:00Z,2026-09-28T01:58:00Z,1.259885,1.260545,1.257905,1.260005
2026-09-28T01:58:00Z,2026-09-28T01:59:00Z,1.260175,1.260415,1.256085,1.257305
2026-09-28T01:59:00Z,2026-09-28T02:00:00Z,1.257215,1.261255,1.257215,1.258685
2026-09-28T02:00:00Z,2026-09-28T02:01:00Z,1.258555,1.259485,1.253215,1.254915
2026-09-28T02:01:00Z,2026-09-28T02:02:00Z,1.255425,1.256435,1.251455,1.252165
2026-09-28T02:02:00Z,2026-09-28T02:03:00Z,1.252515,1.254385,1.250275,1.251475
2026-09-28T02:03:00Z,2026-09-28T02:04:00Z,1.251545,1.251725,1.243935,1.243935
2026-09-28T02:04:00Z,2026-09-28T02:05:00Z,1.243985,1.248115,1.243895,1.247045
2026-09-28T02:05:00Z,2026-09-28T02:06:00Z,1.247175,1.250895,1.245435,1.245595
2026-09-28T02:06:00Z,2026-09-28T02:07:00Z,1.245775,1.248635,1.245155,1.248145
2026-09-28T02:07:00Z,2026-09-28T02:08:00Z,1.248185,1.251635,1.246425,1.247615
2026-09-28T02:08:00Z,2026-09-28T02:09:00Z,1.247575,1.249925,1.245695,1.248375
2026-09-28T02:09:00Z,2026-09-28T02:10:00Z,1.248385,1.249415,1.244365,1.248875
2026-09-28T02:10:00Z,2026-09-28T02:11:00Z,1.248905,1.249045,1.242275,1.242275
2026-09-28T02:11:00Z,2026-09-28T02:12:00Z,1.242655,1.244545,1.239255,1.239255
2026-09-28T02:12:00Z,2026-09-28T02:13:00Z,1.238985,1.242295,1.238635,1.239965
2026-09-28T02:13:00Z,2026-09-28T02:14:00Z,1.240005,1.241945,1.235955,1.236905
2026-09-28T02:14:00Z,2026-09-28T02:15:00Z,1.237245,1.242855,1.236275,1.242265
2026-09-28T02:15:00Z,2026-09-28T02:16:00Z,1.242225,1.244805,1.240525,1.241685
2026-09-28T02:16:00Z,2026-09-28T02:17:00Z,1.241295,1.241585,1.236485,1.237795
2026-09-28T02:17:00Z,2026-09-28T02:18:00Z,1.237765,1.244415,1.236875,1.244015
2026-09-28T02:18:00Z,2026-09-28T02:19:00Z,1.244075,1.245605,1.242195,1.245065
2026-09-28T02:19:00Z,2026-09-28T02:20:00Z,1.245035,1.246575,1.237775,1.239085
2026-09-28T02:20:00Z,2026-09-28T02:21:00Z,1.239095,1.241615,1.234715,1.235315
2026-09-28T02:21:00Z,2026-09-28T02:22:00Z,1.235675,1.236155,1.226235,1.226685
2026-09-28T02:22:00Z,2026-09-28T02:23:00Z,1.226765,1.228015,1.220185,1.221085
2026-09-28T02:23:00Z,2026-09-28T02:24:00Z,1.221215,1.225915,1.218725,1.218725
2026-09-28T02:24:00Z,2026-09-28T02:25:00Z,1.218815,1.222455,1.217985,1.220795
2026-09-28T02:25:00Z,2026-09-28T02:26:00Z,1.220555,1.221515,1.218965,1.220725
2026-09-28T02:26:00Z,2026-09-28T02:27:00Z,1.220845,1.222925,1.218685,1.222925
2026-09-28T02:27:00Z,2026-09-28T02:28:00Z,1.223595,1.226365,1.221305,1.221305
2026-09-28T02:28:00Z,2026-09-28T02:29:00Z,1.220785,1.222085,1.218515,1.220315
2026-09-28T02:29:00Z,2026-09-28T02:30:00Z,1.220405,1.221415,1.215525,1.216045
2026-09-28T02:30:00Z,2026-09-28T02:31:00Z,1.215935,1.217845,1.212885,1.217845
2026-09-28T02:31:00Z,2026-09-28T02:32:00Z,1.218185,1.220595,1.217105,1.218855
2026-09-28T02:32:00Z,2026-09-28T02:33:00Z,1.218265,1.225565,1.217945,1.225415
2026-09-28T02:33:00Z,2026-09-28T02:34:00Z,1.225435,1.226035,1.220175,1.223235
2026-09-28T02:34:00Z,2026-09-28T02:35:00Z,1.223065,1.223345,1.219145,1.220925
2026-09-28T02:35:00Z,2026-09-28T02:36:00Z,1.220815,1.222065,1.217035,1.217365
2026-09-28T02:36:00Z,2026-09-28T02:37:00Z,1.217435,1.221605,1.216505,1.219785
2026-09-28T02:37:00Z,2026-09-28T02:38:00Z,1.219475,1.221145,1.217535,1.220745
2026-09-28T02:38:00Z,2026-09-28T02:39:00Z,1.220755,1.225045,1.220755,1.223225
2026-09-28T02:39:00Z,2026-09-28T02:40:00Z,1.222845,1.229475,1.221565,1.228405
2026-09-28T02:40:00Z,2026-09-28T02:41:00Z,1.228465,1.228975,1.221545,1.223855
2026-09-28T02:41:00Z,2026-09-28T02:42:00Z,1.223865,1.227185,1.222205,1.226855
2026-09-28T02:42:00Z,2026-09-28T02:43:00Z,1.227495,1.232805,1.227195,1.232255
2026-09-28T02:43:00Z,2026-09-28T02:44:00Z,1.232205,1.232695,1.229905,1.230575
2026-09-28T02:44:00Z,2026-09-28T02:45:00Z,1.230465,1.232885,1.229905,1.232625
2026-09-28T02:45:00Z,2026-09-28T02:46:00Z,1.232755,1.233225,1.230225,1.230485
2026-09-28T02:46:00Z,2026-09-28T02:47:00Z,1.230415,1.230645,1.228255,1.228915
2026-09-28T02:47:00Z,2026-09-28T02:48:00Z,1.228875,1.231065,1.227875,1.227985
2026-09-28T02:48:00Z,2026-09-28T02:49:00Z,1.227745,1.230955,1.225035,1.230645
2026-09-28T02:49:00Z,2026-09-28T02:50:00Z,1.230945,1.238445,1.229455,1.237565
2026-09-28T02:50:00Z,2026-09-28T02:51:00Z,1.237585,1.244265,1.236085,1.243855
2026-09-28T02:51:00Z,2026-09-28T02:52:00Z,1.243805,1.246635,1.242965,1.243485
2026-09-28T02:52:00Z,2026-09-28T02:53:00Z,1.243365,1.248875,1.240605,1.246255
2026-09-28T02:53:00Z,2026-09-28T02:54:00Z,1.246575,1.250005,1.246525,1.248745
2026-09-28T02:54:00Z,2026-09-28T02:55:00Z,1.248655,1.250185,1.247665,1.249645
2026-09-28T02:55:00Z,2026-09-28T02:56:00Z,1.249585,1.252655,1.248795,1.251095
2026-09-28T02:56:00Z,2026-09-28T02:57:00Z,1.251025,1.251345,1.243885,1.244665
2026-09-28T02:57:00Z,2026-09-28T02:58:00Z,1.244735,1.248425,1.244695,1.247735
2026-09-28T02:58:00Z,2026-09-28T02:59:00Z,1.248145,1.249415,1.244635,1.245595
2026-09-28T02:59:00Z,2026-09-28T03:00:00Z,1.245695,1.249375,1.245255,1.247715
2026-09-28T03:00:00Z,2026-09-28T03:01:00Z,1.248355,1.253265,1.248095,1.253015
2026-09-28T03:01:00Z,2026-09-28T03:02:00Z,1.252965,1.255195,1.252355,1.252685
2026-09-28T03:02:00Z,2026-09-28T03:03:00Z,1.252115,1.260855,1.251975,1.260765
2026-09-28T03:03:00Z,2026-09-28T03:04:00Z,1.261075,1.262285,1.257385,1.259295
2026-09-28T03:04:00Z,2026-09-28T03:05:00Z,1.259375,1.262415,1.259025,1.259585
2026-09-28T03:05:00Z,2026-09-28T03:06:00Z,1.259635,1.263015,1.255945,1.255945
2026-09-28T03:06:00Z,2026-09-28T03:07:00Z,1.255905,1.256305,1.252865,1.254025
2026-09-28T03:07:00Z,2026-09-28T03:08:00Z,1.254095,1.254095,1.250965,1.253305
2026-09-28T03:08:00Z,2026-09-28T03:09:00Z,1.253235,1.256775,1.253005,1.255795
2026-09-28T03:09:00Z,2026-09-28T03:10:00Z,1.256725,1.257735,1.251265,1.255845
2026-09-28T03:10:00Z,2026-09-28T03:11:00Z,1.255735,1.256695,1.248575,1.250155
2026-09-28T03:11:00Z,2026-09-28T03:12:00Z,1.250255,1.250805,1.246775,1.248395
2026-09-28T03:12:00Z,2026-09-28T03:13:00Z,1.248485,1.251735,1.247895,1.250045
2026-09-28T03:13:00Z,2026-09-28T03:14:00Z,1.250035,1.252155,1.246255,1.247835
2026-09-28T03:14:00Z,2026-09-28T03:15:00Z,1.247865,1.248195,1.241495,1.241815
2026-09-28T03:15:00Z,2026-09-28T03:16:00Z,1.242605,1.244525,1.240555,1.241625
2026-09-28T03:16:00Z,2026-09-28T03:17:00Z,1.241385,1.243025,1.239255,1.241295
2026-09-28T03:17:00Z,2026-09-28T03:18:00Z,1.241465,1.243005,1.234435,1.236645
2026-09-28T03:18:00Z,2026-09-28T03:19:00Z,1.236675,1.237785,1.231185,1.232845
2026-09-28T03:19:00Z,2026-09-28T03:20:00Z,1.232755,1.232965,1.229275,1.230715
2026-09-28T03:20:00Z,2026-09-28T03:21:00Z,1.230735,1.236015,1.229795,1.234835
2026-09-28T03:21:00Z,2026-09-28T03:22:00Z,1.234865,1.237585,1.232865,1.236575
2026-09-28T03:22:00Z,2026-09-28T03:23:00Z,1.237155,1.238405,1.234395,1.234475
2026-09-28T03:23:00Z,2026-09-28T03:24:00Z,1.234365,1.237405,1.233205,1.237345
2026-09-28T03:24:00Z,2026-09-28T03:25:00Z,1.237405,1.241415,1.236515,1.238945
2026-09-28T03:25:00Z,2026-09-28T03:26:00Z,1.238935,1.241345,1.237905,1.239055
2026-09-28T03:26:00Z,2026-09-28T03:27:00Z,1.238985,1.240475,1.235215,1.235395
2026-09-28T03:27:00Z,2026-09-28T03:28:00Z,1.234885,1.240495,1.234495,1.238945
2026-09-28T03:28:00Z,2026-09-28T03:29:00Z,1.239205,1.239675,1.233395,1.234165
2026-09-28T03:29:00Z,2026-09-28T03:30:00Z,1.234215,1.235135,1.230695,1.231415
2026-09-28T03:30:00Z,2026-09-28T03:31:00Z,1.231265,1.234325,1.230085,1.233975
2026-09-28T03:31:00Z,2026-09-28T03:32:00Z,1.233995,1.236165,1.232665,1.234365
2026-09-28T03:32:00Z,2026-09-28T03:33:00Z,1.234255,1.235955,1.229685,1.232675
2026-09-28T03:33:00Z,2026-09-28T03:34:00Z,1.232245,1.235315,1.227905,1.228125
2026-09-28T03:34:00Z,2026-09-28T03:35:00Z,1.228105,1.228835,1.225605,1.227955
2026-09-28T03:35:00Z,2026-09-28T03:36:00Z,1.228025,1.232545,1.227375,1.232545
2026-09-28T03:36:00Z,2026-09-28T03:37:00Z,1.232415,1.233155,1.229515,1.231325
2026-09-28T03:37:00Z,2026-09-28T03:38:00Z,1.231455,1.235145,1.230385,1.233575
2026-09-28T03:38:00Z,2026-09-28T03:39:00Z,1.233015,1.233765,1.230015,1.232435
2026-09-28T03:39:00Z,2026-09-28T03:40:00Z,1.232365,1.238025,1.230335,1.238025
2026-09-28T03:40:00Z,2026-09-28T03:41:00Z,1.238065,1.238195,1.230485,1.231015
2026-09-28T03:41:00Z,2026-09-28T03:42:00Z,1.231025,1.231645,1.225305,1.226855
2026-09-28T03:42:00Z,2026-09-28T03:43:00Z,1.226915,1.228055,1.222125,1.223005
2026-09-28T03:43:00Z,2026-09-28T03:44:00Z,1.222955,1.227835,1.221775,1.225495
2026-09-28T03:44:00Z,2026-09-28T03:45:00Z,1.225195,1.228075,1.224565,1.226925
2026-09-28T03:45:00Z,2026-09-28T03:46:00Z,1.226835,1.230595,1.225175,1.229375
2026-09-28T03:46:00Z,2026-09-28T03:47:00Z,1.229265,1.236415,1.228275,1.236275
2026-09-28T03:47:00Z,2026-09-28T03:48:00Z,1.236215,1.237945,1.234165,1.237785
2026-09-28T03:48:00Z,2026-09-28T03:49:00Z,1.237775,1.238545,1.230335,1.230835
2026-09-28T03:49:00Z,2026-09-28T03:50:00Z,1.230855,1.231965,1.226355,1.226935
2026-09-28T03:50:00Z,2026-09-28T03:51:00Z,1.226845,1.227785,1.221985,1.223055
2026-09-28T03:51:00Z,2026-09-28T03:52:00Z,1.223035,1.224405,1.220195,1.221535
2026-09-28T03:52:00Z,2026-09-28T03:53:00Z,1.221485,1.224315,1.221455,1.223315
2026-09-28T03:53:00Z,2026-09-28T03:54:00Z,1.223285,1.225435,1.220345,1.220935
2026-09-28T03:54:00Z,2026-09-28T03:55:00Z,1.220855,1.221585,1.217085,1.220975
2026-09-28T03:55:00Z,2026-09-28T03:56:00Z,1.220925,1.223485,1.214725,1.215145
2026-09-28T03:56:00Z,2026-09-28T03:57:00Z,1.214825,1.217715,1.213085,1.215935
2026-09-28T03:57:00Z,2026-09-28T03:58:00Z,1.215735,1.217345,1.210335,1.210575
2026-09-28T03:58:00Z,2026-09-28T03:59:00Z,1.210755,1.212625,1.209675,1.212215
2026-09-28T03:59:00Z,2026-09-28T04:00:00Z,1.212265,1.213825,1.211335,1.213095
2026-09-28T04:00:00Z,2026-09-28T04:01:00Z,1.213015,1.216535,1.212915,1.214815
2026-09-28T04:01:00Z,2026-09-28T04:02:00Z,1.214775,1.216855,1.211755,1.212885
2026-09-28T04:02:00Z,2026-09-28T04:03:00Z,1.213185,1.216105,1.212105,1.214085
2026-09-28T04:03:00Z,2026-09-28T04:04:00Z,1.214055,1.215295,1.212385,1.213045
2026-09-28T04:04:00Z,2026-09-28T04:05:00Z,1.212435,1.214675,1.211365,1.212835
2026-09-28T04:05:00Z,2026-09-28T04:06:00Z,1.212905,1.215525,1.210985,1.214215
2026-09-28T04:06:00Z,2026-09-28T04:07:00Z,1.213955,1.216375,1.212395,1.215905
2026-09-28T04:07:00Z,2026-09-28T04:08:00Z,1.216015,1.222955,1.214995,1.220535
2026-09-28T04:08:00Z,2026-09-28T04:09:00Z,1.220635,1.222755,1.219945,1.221115
2026-09-28T04:09:00Z,2026-09-28T04:10:00Z,1.220875,1.227255,1.219575,1.222415
2026-09-28T04:10:00Z,2026-09-28T04:11:00Z,1.222225,1.225145,1.220615,1.224485
2026-09-28T04:11:00Z,2026-09-28T04:12:00Z,1.224545,1.228695,1.224545,1.227185
2026-09-28T04:12:00Z,2026-09-28T04:13:00Z,1.227205,1.227315,1.224095,1.226645
2026-09-28T04:13:00Z,2026-09-28T04:14:00Z,1.226315,1.227455,1.224195,1.226515
2026-09-28T04:14:00Z,2026-09-28T04:15:00Z,1.226325,1.227385,1.222155,1.223645
2026-09-28T04:15:00Z,2026-09-28T04:16:00Z,1.223695,1.225035,1.221995,1.223905
2026-09-28T04:16:00Z,2026-09-28T04:17:00Z,1.223965,1.224805,1.217125,1.217125
2026-09-28T04:17:00Z,2026-09-28T04:18:00Z,1.217215,1.218185,1.213645,1.214835
2026-09-28T04:18:00Z,2026-09-28T04:19:00Z,1.214905,1.216385,1.212965,1.214655
2026-09-28T04:19:00Z,2026-09-28T04:20:00Z,1.214945,1.215745,1.212985,1.213505
2026-09-28T04:20:00Z,2026-09-28T04:21:00Z,1.212975,1.214305,1.211405,1.211455
2026-09-28T04:21:00Z,2026-09-28T04:22:00Z,1.211375,1.211375,1.204295,1.205985
2026-09-28T04:22:00Z,2026-09-28T04:23:00Z,1.206085,1.206545,1.200565,1.201275
2026-09-28T04:23:00Z,2026-09-28T04:24:00Z,1.201215,1.205435,1.200005,1.204145
2026-09-28T04:24:00Z,2026-09-28T04:25:00Z,1.204095,1.208755,1.203115,1.208735
2026-09-28T04:25:00Z,2026-09-28T04:26:00Z,1.208795,1.215505,1.207905,1.212205
2026-09-28T04:26:00Z,2026-09-28T04:27:00Z,1.211955,1.211955,1.208295,1.208415
2026-09-28T04:27:00Z,2026-09-28T04:28:00Z,1.208435,1.210645,1.204015,1.209815
2026-09-28T04:28:00Z,2026-09-28T04:29:00Z,1.210135,1.210285,1.204795,1.209415
2026-09-28T04:29:00Z,2026-09-28T04:30:00Z,1.209625,1.209865,1.204775,1.209515
2026-09-28T04:30:00Z,2026-09-28T04:31:00Z,1.209435,1.211445,1.206295,1.207215
2026-09-28T04:31:00Z,2026-09-28T04:32:00Z,1.207085,1.211755,1.205985,1.210595
2026-09-28T04:32:00Z,2026-09-28T04:33:00Z,1.210515,1.213465,1.208785,1.212545
2026-09-28T04:33:00Z,2026-09-28T04:34:00Z,1.212645,1.216115,1.210265,1.212835
2026-09-28T04:34:00Z,2026-09-28T04:35:00Z,1.212475,1.213325,1.207775,1.212735
2026-09-28T04:35:00Z,2026-09-28T04:36:00Z,1.212635,1.212945,1.208195,1.208585
2026-09-28T04:36:00Z,2026-09-28T04:37:00Z,1.208715,1.210465,1.207185,1.207565
2026-09-28T04:37:00Z,2026-09-28T04:38:00Z,1.207585,1.211235,1.206525,1.209125
2026-09-28T04:38:00Z,2026-09-28T04:39:00Z,1.209045,1.211845,1.208415,1.209065
2026-09-28T04:39:00Z,2026-09-28T04:40:00Z,1.209385,1.210785,1.207915,1.208235
2026-09-28T04:40:00Z,2026-09-28T04:41:00Z,1.208225,1.211655,1.207575,1.210125
2026-09-28T04:41:00Z,2026-09-28T04:42:00Z,1.210015,1.212645,1.207815,1.208815
2026-09-28T04:42:00Z,2026-09-28T04:43:00Z,1.208865,1.209825,1.205765,1.208825
2026-09-28T04:43:00Z,2026-09-28T04:44:00Z,1.208705,1.215435,1.208705,1.214505
2026-09-28T04:44:00Z,2026-09-28T04:45:00Z,1.214595,1.214625,1.207885,1.207885
2026-09-28T04:45:00Z,2026-09-28T04:46:00Z,1.207565,1.210315,1.206655,1.208775
2026-09-28T04:46:00Z,2026-09-28T04:47:00Z,1.209015,1.210605,1.207565,1.210265
2026-09-28T04:47:00Z,2026-09-28T04:48:00Z,1.210335,1.213345,1.208385,1.208385
2026-09-28T04:48:00Z,2026-09-28T04:49:00Z,1.208735,1.209385,1.205185,1.205335
2026-09-28T04:49:00Z,2026-09-28T04:50:00Z,1.205235,1.206615,1.202905,1.202935
2026-09-28T04:50:00Z,2026-09-28T04:51:00Z,1.202895,1.208545,1.202695,1.207035
2026-09-28T04:51:00Z,2026-09-28T04:52:00Z,1.207235,1.207435,1.202075,1.202745
2026-09-28T04:52:00Z,2026-09-28T04:53:00Z,1.202835,1.206765,1.201115,1.205535
2026-09-28T04:53:00Z,2026-09-28T04:54:00Z,1.205475,1.206105,1.200675,1.204545
2026-09-28T04:54:00Z,2026-09-28T04:55:00Z,1.204465,1.207585,1.203075,1.204845
2026-09-28T04:55:00Z,2026-09-28T04:56:00Z,1.204785,1.206585,1.203275,1.206355
2026-09-28T04:56:00Z,2026-09-28T04:57:00Z,1.206305,1.208725,1.203455,1.204985
2026-09-28T04:57:00Z,2026-09-28T04:58:00Z,1.205245,1.214525,1.205245,1.213645
2026-09-28T04:58:00Z,2026-09-28T04:59:00Z,1.213735,1.213965,1.208315,1.210575
2026-09-28T04:59:00Z,2026-09-28T05:00:00Z,1.210585,1.212805,1.206095,1.206275
2026-09-28T05:00:00Z,2026-09-28T05:01:00Z,1.206215,1.209735,1.205765,1.209735
2026-09-28T05:01:00Z,2026-09-28T05:02:00Z,1.209675,1.212835,1.207395,1.212375
2026-09-28T05:02:00Z,2026-09-28T05:03:00Z,1.212975,1.213345,1.210375,1.211965
2026-09-28T05:03:00Z,2026-09-28T05:04:00Z,1.211895,1.217495,1.211565,1.216255
2026-09-28T05:04:00Z,2026-09-28T05:05:00Z,1.216365,1.218275,1.215785,1.217155
2026-09-28T05:05:00Z,2026-09-28T05:06:00Z,1.216865,1.218305,1.214485,1.214695
2026-09-28T05:06:00Z,2026-09-28T05:07:00Z,1.214325,1.216145,1.212845,1.213765
2026-09-28T05:07:00Z,2026-09-28T05:08:00Z,1.214055,1.219685,1.213275,1.217145
2026-09-28T05:08:00Z,2026-09-28T05:09:00Z,1.216755,1.216825,1.211685,1.215625
2026-09-28T05:09:00Z,2026-09-28T05:10:00Z,1.215495,1.218155,1.211715,1.217495
2026-09-28T05:10:00Z,2026-09-28T05:11:00Z,1.217775,1.223745,1.216285,1.216365
2026-09-28T05:11:00Z,2026-09-28T05:12:00Z,1.216255,1.217935,1.213375,1.214725
2026-09-28T05:12:00Z,2026-09-28T05:13:00Z,1.214655,1.216945,1.213585,1.216945
2026-09-28T05:13:00Z,2026-09-28T05:14:00Z,1.217015,1.217015,1.212045,1.215915
2026-09-28T05:14:00Z,2026-09-28T05:15:00Z,1.215785,1.217145,1.213175,1.213255
2026-09-28T05:15:00Z,2026-09-28T05:16:00Z,1.212995,1.216175,1.212965,1.214255
2026-09-28T05:16:00Z,2026-09-28T05:17:00Z,1.214365,1.218795,1.214345,1.217555
2026-09-28T05:17:00Z,2026-09-28T05:18:00Z,1.217475,1.223265,1.215735,1.221585
2026-09-28T05:18:00Z,2026-09-28T05:19:00Z,1.221605,1.224225,1.220395,1.221215
2026-09-28T05:19:00Z,2026-09-28T05:20:00Z,1.220825,1.224465,1.220495,1.221295
2026-09-28T05:20:00Z,2026-09-28T05:21:00Z,1.221405,1.226455,1.221275,1.226455
2026-09-28T05:21:00Z,2026-09-28T05:22:00Z,1.226395,1.227555,1.222375,1.222475
2026-09-28T05:22:00Z,2026-09-28T05:23:00Z,1.222465,1.224635,1.219055,1.222595
2026-09-28T05:23:00Z,2026-09-28T05:24:00Z,1.222655,1.224775,1.218835,1.224525
2026-09-28T05:24:00Z,2026-09-28T05:25:00Z,1.224585,1.225075,1.219935,1.221915
2026-09-28T05:25:00Z,2026-09-28T05:26:00Z,1.221985,1.222215,1.214225,1.217365
2026-09-28T05:26:00Z,2026-09-28T05:27:00Z,1.217245,1.220955,1.215985,1.218195
2026-09-28T05:27:00Z,2026-09-28T05:28:00Z,1.218085,1.219255,1.216175,1.218275
2026-09-28T05:28:00Z,2026-09-28T05:29:00Z,1.218195,1.220825,1.217175,1.219465
2026-09-28T05:29:00Z,2026-09-28T05:30:00Z,1.219565,1.220405,1.215725,1.220375
2026-09-28T05:30:00Z,2026-09-28T05:31:00Z,1.220295,1.224895,1.219105,1.223685
2026-09-28T05:31:00Z,2026-09-28T05:32:00Z,1.223645,1.223805,1.219875,1.223035
2026-09-28T05:32:00Z,2026-09-28T05:33:00Z,1.222545,1.225065,1.221655,1.222025
2026-09-28T05:33:00Z,2026-09-28T05:34:00Z,1.222005,1.223305,1.220385,1.222485
2026-09-28T05:34:00Z,2026-09-28T05:35:00Z,1.223145,1.223405,1.216425,1.218725
2026-09-28T05:35:00Z,2026-09-28T05:36:00Z,1.219105,1.219105,1.209305,1.210195
2026-09-28T05:36:00Z,2026-09-28T05:37:00Z,1.210355,1.214875,1.209775,1.214875
2026-09-28T05:37:00Z,2026-09-28T05:38:00Z,1.214855,1.215525,1.211905,1.213415
2026-09-28T05:38:00Z,2026-09-28T05:39:00Z,1.213075,1.217655,1.212385,1.216495
2026-09-28T05:39:00Z,2026-09-28T05:40:00Z,1.216355,1.218625,1.215305,1.217885
2026-09-28T05:40:00Z,2026-09-28T05:41:00Z,1.218125,1.219475,1.215445,1.215465
2026-09-28T05:41:00Z,2026-09-28T05:42:00Z,1.215395,1.215675,1.211065,1.211835
2026-09-28T05:42:00Z,2026-09-28T05:43:00Z,1.211805,1.213305,1.209745,1.211965
2026-09-28T05:43:00Z,2026-09-28T05:44:00Z,1.211855,1.217715,1.211625,1.215585
2026-09-28T05:44:00Z,2026-09-28T05:45:00Z,1.215705,1.217115,1.212275,1.212385
2026-09-28T05:45:00Z,2026-09-28T05:46:00Z,1.212035,1.218375,1.211395,1.214575
2026-09-28T05:46:00Z,2026-09-28T05:47:00Z,1.214545,1.218135,1.213395,1.214545
2026-09-28T05:47:00Z,2026-09-28T05:48:00Z,1.214515,1.215315,1.207785,1.209945
2026-09-28T05:48:00Z,2026-09-28T05:49:00Z,1.210065,1.210225,1.206365,1.207755
2026-09-28T05:49:00Z,2026-09-28T05:50:00Z,1.207725,1.209015,1.204825,1.206435
2026-09-28T05:50:00Z,2026-09-28T05:51:00Z,1.206365,1.211765,1.205085,1.211155
2026-09-28T05:51:00Z,2026-09-28T05:52:00Z,1.211085,1.213235,1.207765,1.207875
2026-09-28T05:52:00Z,2026-09-28T05:53:00Z,1.207925,1.208015,1.205785,1.207865
2026-09-28T05:53:00Z,2026-09-28T05:54:00Z,1.207955,1.211315,1.203225,1.203425
2026-09-28T05:54:00Z,2026-09-28T05:55:00Z,1.203335,1.205325,1.201765,1.202135
2026-09-28T05:55:00Z,2026-09-28T05:56:00Z,1.202165,1.203965,1.200145,1.202945
2026-09-28T05:56:00Z,2026-09-28T05:57:00Z,1.202825,1.203245,1.198865,1.202635
2026-09-28T05:57:00Z,2026-09-28T05:58:00Z,1.202615,1.204795,1.199055,1.202695
2026-09-28T05:58:00Z,2026-09-28T05:59:00Z,1.202705,1.204015,1.200435,1.201095
2026-09-28T05:59:00Z,2026-09-28T06:00:00Z,1.200995,1.202945,1.199415,1.200765
2026-09-28T06:00:00Z,2026-09-28T06:01:00Z,1.199805,1.204685,1.199465,1.204115
2026-09-28T06:01:00Z,2026-09-28T06:02:00Z,1.204105,1.210635,1.204105,1.205705
2026-09-28T06:02:00Z,2026-09-28T06:03:00Z,1.205665,1.211455,1.205225,1.210595
2026-09-28T06:03:00Z,2026-09-28T06:04:00Z,1.210515,1.210515,1.202545,1.205035
2026-09-28T06:04:00Z,2026-09-28T06:05:00Z,1.205135,1.205575,1.201255,1.202235
2026-09-28T06:05:00Z,2026-09-28T06:06:00Z,1.202275,1.206985,1.199995,1.204255
2026-09-28T06:06:00Z,2026-09-28T06:07:00Z,1.204305,1.211775,1.203545,1.210195
2026-09-28T06:07:00Z,2026-09-28T06:08:00Z,1.210555,1.214185,1.209685,1.210225
2026-09-28T06:08:00Z,2026-09-28T06:09:00Z,1.210085,1.210405,1.206285,1.206445
2026-09-28T06:09:00Z,2026-09-28T06:10:00Z,1.206505,1.208275,1.200305,1.201045
2026-09-28T06:10:00Z,2026-09-28T06:11:00Z,1.201415,1.208835,1.200795,1.208385
2026-09-28T06:11:00Z,2026-09-28T06:12:00Z,1.208515,1.209425,1.203855,1.206485
2026-09-28T06:12:00Z,2026-09-28T06:13:00Z,1.206505,1.206505,1.200765,1.203685
2026-09-28T06:13:00Z,2026-09-28T06:14:00Z,1.203785,1.212525,1.203745,1.212525
2026-09-28T06:14:00Z,2026-09-28T06:15:00Z,1.212545,1.215925,1.210625,1.215925
2026-09-28T06:15:00Z,2026-09-28T06:16:00Z,1.215985,1.216685,1.213105,1.213715
2026-09-28T06:16:00Z,2026-09-28T06:17:00Z,1.213695,1.216115,1.211765,1.215245
2026-09-28T06:17:00Z,2026-09-28T06:18:00Z,1.215385,1.220975,1.214925,1.217855
2026-09-28T06:18:00Z,2026-09-28T06:19:00Z,1.217645,1.225565,1.217285,1.223995
2026-09-28T06:19:00Z,2026-09-28T06:20:00Z,1.223605,1.225205,1.219635,1.220615
2026-09-28T06:20:00Z,2026-09-28T06:21:00Z,1.220915,1.223495,1.216965,1.218825
2026-09-28T06:21:00Z,2026-09-28T06:22:00Z,1.218955,1.221355,1.217905,1.220085
2026-09-28T06:22:00Z,2026-09-28T06:23:00Z,1.220035,1.221895,1.218755,1.221265
2026-09-28T06:23:00Z,2026-09-28T06:24:00Z,1.221155,1.226175,1.221005,1.225025
2026-09-28T06:24:00Z,2026-09-28T06:25:00Z,1.224695,1.226695,1.221945,1.222925
2026-09-28T06:25:00Z,2026-09-28T06:26:00Z,1.222875,1.223765,1.215175,1.216555
2026-09-28T06:26:00Z,2026-09-28T06:27:00Z,1.216605,1.223305,1.216165,1.219935
2026-09-28T06:27:00Z,2026-09-28T06:28:00Z,1.220185,1.224455,1.219565,1.224455
2026-09-28T06:28:00Z,2026-09-28T06:29:00Z,1.224525,1.229125,1.223145,1.227205
2026-09-28T06:29:00Z,2026-09-28T06:30:00Z,1.226875,1.228725,1.222645,1.227275
2026-09-28T06:30:00Z,2026-09-28T06:31:00Z,1.227345,1.227345,1.220445,1.220445
2026-09-28T06:31:00Z,2026-09-28T06:32:00Z,1.220505,1.222975,1.217825,1.218895
2026-09-28T06:32:00Z,2026-09-28T06:33:00Z,1.218925,1.220675,1.216235,1.220295
2026-09-28T06:33:00Z,2026-09-28T06:34:00Z,1.220265,1.220265,1.211995,1.212795
2026-09-28T06:34:00Z,2026-09-28T06:35:00Z,1.212915,1.214025,1.210465,1.210505
2026-09-28T06:35:00Z,2026-09-28T06:36:00Z,1.210475,1.212535,1.208365,1.208965
2026-09-28T06:36:00Z,2026-09-28T06:37:00Z,1.209455,1.212235,1.208105,1.208245
2026-09-28T06:37:00Z,2026-09-28T06:38:00Z,1.208525,1.211855,1.208405,1.210975
2026-09-28T06:38:00Z,2026-09-28T06:39:00Z,1.211115,1.215745,1.211115,1.213535
2026-09-28T06:39:00Z,2026-09-28T06:40:00Z,1.213635,1.213665,1.210845,1.211565
2026-09-28T06:40:00Z,2026-09-28T06:41:00Z,1.211655,1.212055,1.206185,1.206685
2026-09-28T06:41:00Z,2026-09-28T06:42:00Z,1.206715,1.210435,1.206715,1.210205
2026-09-28T06:42:00Z,2026-09-28T06:43:00Z,1.210115,1.214745,1.209385,1.214335
2026-09-28T06:43:00Z,2026-09-28T06:44:00Z,1.214265,1.214585,1.209275,1.209275
2026-09-28T06:44:00Z,2026-09-28T06:45:00Z,1.209165,1.212355,1.207265,1.211945
2026-09-28T06:45:00Z,2026-09-28T06:46:00Z,1.212285,1.214475,1.210475,1.213275
2026-09-28T06:46:00Z,2026-09-28T06:47:00Z,1.213035,1.215625,1.212625,1.213635
2026-09-28T06:47:00Z,2026-09-28T06:48:00Z,1.213725,1.215355,1.212445,1.214615
2026-09-28T06:48:00Z,2026-09-28T06:49:00Z,1.214535,1.217425,1.213265,1.216165
2026-09-28T06:49:00Z,2026-09-28T06:50:00Z,1.216085,1.216085,1.211135,1.212165
2026-09-28T06:50:00Z,2026-09-28T06:51:00Z,1.212065,1.213775,1.210935,1.213475
2026-09-28T06:51:00Z,2026-09-28T06:52:00Z,1.214175,1.215365,1.209825,1.215055
2026-09-28T06:52:00Z,2026-09-28T06:53:00Z,1.215095,1.219335,1.214495,1.219335
2026-09-28T06:53:00Z,2026-09-28T06:54:00Z,1.219105,1.220075,1.216645,1.219275
2026-09-28T06:54:00Z,2026-09-28T06:55:00Z,1.219295,1.225915,1.219295,1.224225
2026-09-28T06:55:00Z,2026-09-28T06:56:00Z,1.224275,1.224915,1.220695,1.222825
2026-09-28T06:56:00Z,2026-09-28T06:57:00Z,1.222745,1.227155,1.221125,1.226545
2026-09-28T06:57:00Z,2026-09-28T06:58:00Z,1.226405,1.229135,1.224715,1.229135
2026-09-28T06:58:00Z,2026-09-28T06:59:00Z,1.229215,1.232465,1.228585,1.231875
2026-09-28T06:59:00Z,2026-09-28T07:00:00Z,1.231655,1.231825,1.228585,1.228825
2026-09-28T07:00:00Z,2026-09-28T07:01:00Z,1.228775,1.229485,1.225375,1.228625
2026-09-28T07:01:00Z,2026-09-28T07:02:00Z,1.228695,1.232435,1.226195,1.232435
2026-09-28T07:02:00Z,2026-09-28T07:03:00Z,1.232465,1.235475,1.228425,1.232465
2026-09-28T07:03:00Z,2026-09-28T07:04:00Z,1.232355,1.237015,1.231745,1.235875
2026-09-28T07:04:00Z,2026-09-28T07:05:00Z,1.235795,1.238355,1.233605,1.234025
2026-09-28T07:05:00Z,2026-09-28T07:06:00Z,1.234305,1.241165,1.233905,1.239785
2026-09-28T07:06:00Z,2026-09-28T07:07:00Z,1.240015,1.244695,1.239505,1.241815
2026-09-28T07:07:00Z,2026-09-28T07:08:00Z,1.241695,1.243285,1.239325,1.241655
2026-09-28T07:08:00Z,2026-09-28T07:09:00Z,1.241245,1.242355,1.236265,1.236265
2026-09-28T07:09:00Z,2026-09-28T07:10:00Z,1.236355,1.237055,1.232975,1.232975
2026-09-28T07:10:00Z,2026-09-28T07:11:00Z,1.233165,1.234905,1.231005,1.232995
2026-09-28T07:11:00Z,2026-09-28T07:12:00Z,1.232915,1.233385,1.225545,1.225625
2026-09-28T07:12:00Z,2026-09-28T07:13:00Z,1.225495,1.230055,1.224955,1.227245
2026-09-28T07:13:00Z,2026-09-28T07:14:00Z,1.227335,1.235115,1.227215,1.233745
2026-09-28T07:14:00Z,2026-09-28T07:15:00Z,1.233515,1.235465,1.232015,1.233665
2026-09-28T07:15:00Z,2026-09-28T07:16:00Z,1.233485,1.234635,1.228505,1.228505
2026-09-28T07:16:00Z,2026-09-28T07:17:00Z,1.228405,1.230225,1.227835,1.228365
2026-09-28T07:17:00Z,2026-09-28T07:18:00Z,1.228435,1.230525,1.226395,1.229585
2026-09-28T07:18:00Z,2026-09-28T07:19:00Z,1.229345,1.234495,1.229345,1.232315
2026-09-28T07:19:00Z,2026-09-28T07:20:00Z,1.232335,1.234635,1.230765,1.232135
2026-09-28T07:20:00Z,2026-09-28T07:21:00Z,1.232045,1.232245,1.225645,1.225645
2026-09-28T07:21:00Z,2026-09-28T07:22:00Z,1.225545,1.233145,1.225115,1.231695
2026-09-28T07:22:00Z,2026-09-28T07:23:00Z,1.231505,1.231515,1.227145,1.229845
2026-09-28T07:23:00Z,2026-09-28T07:24:00Z,1.229685,1.233915,1.229685,1.233915
2026-09-28T07:24:00Z,2026-09-28T07:25:00Z,1.234055,1.236765,1.233675,1.236475
2026-09-28T07:25:00Z,2026-09-28T07:26:00Z,1.236565,1.237955,1.234575,1.235755
2026-09-28T07:26:00Z,2026-09-28T07:27:00Z,1.235665,1.240545,1.234245,1.234585
2026-09-28T07:27:00Z,2026-09-28T07:28:00Z,1.234695,1.234755,1.231725,1.231785
2026-09-28T07:28:00Z,2026-09-28T07:29:00Z,1.231975,1.233055,1.229745,1.231425
2026-09-28T07:29:00Z,2026-09-28T07:30:00Z,1.231435,1.234165,1.229625,1.231125
2026-09-28T07:30:00Z,2026-09-28T07:31:00Z,1.231245,1.231985,1.223345,1.223885
2026-09-28T07:31:00Z,2026-09-28T07:32:00Z,1.223805,1.224055,1.219695,1.219825
2026-09-28T07:32:00Z,2026-09-28T07:33:00Z,1.219895,1.220285,1.207795,1.208795
2026-09-28T07:33:00Z,2026-09-28T07:34:00Z,1.208745,1.211135,1.208035,1.211135
2026-09-28T07:34:00Z,2026-09-28T07:35:00Z,1.211065,1.212695,1.208765,1.210115
2026-09-28T07:35:00Z,2026-09-28T07:36:00Z,1.209995,1.213405,1.208525,1.213215
2026-09-28T07:36:00Z,2026-09-28T07:37:00Z,1.213155,1.221045,1.212225,1.221045
2026-09-28T07:37:00Z,2026-09-28T07:38:00Z,1.221115,1.223275,1.218805,1.222075
2026-09-28T07:38:00Z,2026-09-28T07:39:00Z,1.222345,1.224445,1.218535,1.223855
2026-09-28T07:39:00Z,2026-09-28T07:40:00Z,1.223585,1.224335,1.214915,1.216455
2026-09-28T07:40:00Z,2026-09-28T07:41:00Z,1.216745,1.217295,1.213335,1.214345
2026-09-28T07:41:00Z,2026-09-28T07:42:00Z,1.214675,1.218505,1.214195,1.216885
2026-09-28T07:42:00Z,2026-09-28T07:43:00Z,1.217125,1.220995,1.215785,1.219285
2026-09-28T07:43:00Z,2026-09-28T07:44:00Z,1.219485,1.222215,1.219165,1.220575
2026-09-28T07:44:00Z,2026-09-28T07:45:00Z,1.220435,1.223695,1.219725,1.221185
2026-09-28T07:45:00Z,2026-09-28T07:46:00Z,1.221255,1.224855,1.218735,1.222605
2026-09-28T07:46:00Z,2026-09-28T07:47:00Z,1.222925,1.223945,1.217595,1.217765
2026-09-28T07:47:00Z,2026-09-28T07:48:00Z,1.217775,1.219325,1.213735,1.214785
2026-09-28T07:48:00Z,2026-09-28T07:49:00Z,1.214995,1.215795,1.210075,1.211905
2026-09-28T07:49:00Z,2026-09-28T07:50:00Z,1.212025,1.212375,1.209555,1.211645
2026-09-28T07:50:00Z,2026-09-28T07:51:00Z,1.211835,1.212925,1.202925,1.203665
2026-09-28T07:51:00Z,2026-09-28T07:52:00Z,1.203645,1.205885,1.202475,1.203345
2026-09-28T07:52:00Z,2026-09-28T07:53:00Z,1.203215,1.203215,1.199455,1.200115
2026-09-28T07:53:00Z,2026-09-28T07:54:00Z,1.200225,1.202035,1.198995,1.200745
2026-09-28T07:54:00Z,2026-09-28T07:55:00Z,1.200845,1.202995,1.197415,1.202995
2026-09-28T07:55:00Z,2026-09-28T07:56:00Z,1.203005,1.204745,1.200025,1.200245
2026-09-28T07:56:00Z,2026-09-28T07:57:00Z,1.200235,1.206935,1.200235,1.206095
2026-09-28T07:57:00Z,2026-09-28T07:58:00Z,1.205685,1.206365,1.202975,1.204095
2026-09-28T07:58:00Z,2026-09-28T07:59:00Z,1.204135,1.208825,1.203965,1.204585
2026-09-28T07:59:00Z,2026-09-28T08:00:00Z,1.204575,1.205535,1.201205,1.204935
2026-09-28T08:00:00Z,2026-09-28T08:01:00Z,1.205015,1.205015,1.201165,1.203595
2026-09-28T08:01:00Z,2026-09-28T08:02:00Z,1.203605,1.206905,1.201635,1.201755
2026-09-28T08:02:00Z,2026-09-28T08:03:00Z,1.202045,1.202045,1.196165,1.197185
2026-09-28T08:03:00Z,2026-09-28T08:04:00Z,1.197255,1.199425,1.193505,1.193505
2026-09-28T08:04:00Z,2026-09-28T08:05:00Z,1.193375,1.194105,1.187995,1.188355
2026-09-28T08:05:00Z,2026-09-28T08:06:00Z,1.188535,1.191675,1.187775,1.189415
2026-09-28T08:06:00Z,2026-09-28T08:07:00Z,1.189365,1.189725,1.183735,1.186975
2026-09-28T08:07:00Z,2026-09-28T08:08:00Z,1.186885,1.188685,1.184275,1.185135
2026-09-28T08:08:00Z,2026-09-28T08:09:00Z,1.185095,1.191825,1.183405,1.190415
2026-09-28T08:09:00Z,2026-09-28T08:10:00Z,1.189945,1.190865,1.187475,1.190865
2026-09-28T08:10:00Z,2026-09-28T08:11:00Z,1.190575,1.196935,1.190245,1.193995
2026-09-28T08:11:00Z,2026-09-28T08:12:00Z,1.193845,1.196155,1.192845,1.195585
2026-09-28T08:12:00Z,2026-09-28T08:13:00Z,1.196095,1.197835,1.193065,1.193065
2026-09-28T08:13:00Z,2026-09-28T08:14:00Z,1.193005,1.198225,1.192145,1.198205
2026-09-28T08:14:00Z,2026-09-28T08:15:00Z,1.198295,1.199035,1.195255,1.196175
2026-09-28T08:15:00Z,2026-09-28T08:16:00Z,1.196275,1.200085,1.196165,1.198265
2026-09-28T08:16:00Z,2026-09-28T08:17:00Z,1.198325,1.198975,1.193085,1.193985
2026-09-28T08:17:00Z,2026-09-28T08:18:00Z,1.194295,1.194465,1.190825,1.191875
2026-09-28T08:18:00Z,2026-09-28T08:19:00Z,1.191655,1.195005,1.189645,1.194545
2026-09-28T08:19:00Z,2026-09-28T08:20:00Z,1.194665,1.194755,1.191295,1.192535
2026-09-28T08:20:00Z,2026-09-28T08:21:00Z,1.192575,1.195965,1.192305,1.195375
2026-09-28T08:21:00Z,2026-09-28T08:22:00Z,1.195505,1.195695,1.191995,1.194165
2026-09-28T08:22:00Z,2026-09-28T08:23:00Z,1.194245,1.195885,1.189185,1.191425
2026-09-28T08:23:00Z,2026-09-28T08:24:00Z,1.191405,1.197225,1.190855,1.195745
2026-09-28T08:24:00Z,2026-09-28T08:25:00Z,1.195625,1.195625,1.190145,1.190675
2026-09-28T08:25:00Z,2026-09-28T08:26:00Z,1.190435,1.190735,1.188135,1.189705
2026-09-28T08:26:00Z,2026-09-28T08:27:00Z,1.189665,1.189715,1.186255,1.187725
2026-09-28T08:27:00Z,2026-09-28T08:28:00Z,1.187555,1.191735,1.186795,1.186795
2026-09-28T08:28:00Z,2026-09-28T08:29:00Z,1.186835,1.188515,1.181045,1.181175
2026-09-28T08:29:00Z,2026-09-28T08:30:00Z,1.181335,1.183055,1.179045,1.179045
2026-09-28T08:30:00Z,2026-09-28T08:31:00Z,1.178925,1.182565,1.178325,1.181965
2026-09-28T08:31:00Z,2026-09-28T08:32:00Z,1.181685,1.182405,1.179055,1.181135
2026-09-28T08:32:00Z,2026-09-28T08:33:00Z,1.181195,1.182175,1.178835,1.181065
2026-09-28T08:33:00Z,2026-09-28T08:34:00Z,1.180995,1.182725,1.178665,1.182185
2026-09-28T08:34:00Z,2026-09-28T08:35:00Z,1.182115,1.182115,1.176875,1.181525
2026-09-28T08:35:00Z,2026-09-28T08:36:00Z,1.181635,1.182725,1.179665,1.181265
2026-09-28T08:36:00Z,2026-09-28T08:37:00Z,1.181225,1.183995,1.180315,1.181245
2026-09-28T08:37:00Z,2026-09-28T08:38:00Z,1.181275,1.184335,1.179775,1.179775
2026-09-28T08:38:00Z,2026-09-28T08:39:00Z,1.179385,1.183515,1.179085,1.182915
2026-09-28T08:39:00Z,2026-09-28T08:40:00Z,1.182815,1.188095,1.181895,1.187085
2026-09-28T08:40:00Z,2026-09-28T08:41:00Z,1.186965,1.189655,1.186865,1.187975
2026-09-28T08:41:00Z,2026-09-28T08:42:00Z,1.188055,1.190395,1.186305,1.187245
2026-09-28T08:42:00Z,2026-09-28T08:43:00Z,1.187295,1.187785,1.182655,1.182705
2026-09-28T08:43:00Z,2026-09-28T08:44:00Z,1.182665,1.183175,1.179375,1.179535
2026-09-28T08:44:00Z,2026-09-28T08:45:00Z,1.179315,1.180885,1.178095,1.180765
2026-09-28T08:45:00Z,2026-09-28T08:46:00Z,1.180485,1.184765,1.179435,1.183495
2026-09-28T08:46:00Z,2026-09-28T08:47:00Z,1.183405,1.185115,1.181525,1.184335
2026-09-28T08:47:00Z,2026-09-28T08:48:00Z,1.184735,1.185835,1.183355,1.184295
2026-09-28T08:48:00Z,2026-09-28T08:49:00Z,1.184265,1.191955,1.183365,1.191945
2026-09-28T08:49:00Z,2026-09-28T08:50:00Z,1.192145,1.193675,1.190335,1.192655
2026-09-28T08:50:00Z,2026-09-28T08:51:00Z,1.192675,1.192725,1.189795,1.190585
2026-09-28T08:51:00Z,2026-09-28T08:52:00Z,1.190755,1.191925,1.188085,1.191215
2026-09-28T08:52:00Z,2026-09-28T08:53:00Z,1.191425,1.192605,1.189105,1.190585
2026-09-28T08:53:00Z,2026-09-28T08:54:00Z,1.190315,1.191525,1.187445,1.191525
2026-09-28T08:54:00Z,2026-09-28T08:55:00Z,1.192015,1.195535,1.191325,1.194745
2026-09-28T08:55:00Z,2026-09-28T08:56:00Z,1.194635,1.198735,1.194325,1.198705
2026-09-28T08:56:00Z,2026-09-28T08:57:00Z,1.198585,1.200875,1.197465,1.199265
2026-09-28T08:57:00Z,2026-09-28T08:58:00Z,1.199435,1.199645,1.195125,1.197065
2026-09-28T08:58:00Z,2026-09-28T08:59:00Z,1.197255,1.197465,1.194415,1.196025
2026-09-28T08:59:00Z,2026-09-28T09:00:00Z,1.196065,1.196725,1.192825,1.193305
2026-09-28T09:00:00Z,2026-09-28T09:01:00Z,1.193205,1.193325,1.188575,1.189955
2026-09-28T09:01:00Z,2026-09-28T09:02:00Z,1.190065,1.194945,1.188795,1.193735
2026-09-28T09:02:00Z,2026-09-28T09:03:00Z,1.193705,1.195335,1.190885,1.191345
2026-09-28T09:03:00Z,2026-09-28T09:04:00Z,1.191015,1.192115,1.187525,1.192115
2026-09-28T09:04:00Z,2026-09-28T09:05:00Z,1.192075,1.194065,1.190755,1.191145
2026-09-28T09:05:00Z,2026-09-28T09:06:00Z,1.191325,1.197295,1.190965,1.197025
2026-09-28T09:06:00Z,2026-09-28T09:07:00Z,1.197145,1.197145,1.193575,1.194185
2026-09-28T09:07:00Z,2026-09-28T09:08:00Z,1.194245,1.194885,1.188735,1.188775
2026-09-28T09:08:00Z,2026-09-28T09:09:00Z,1.188735,1.188735,1.181615,1.181825
2026-09-28T09:09:00Z,2026-09-28T09:10:00Z,1.181935,1.184815,1.179795,1.182035
2026-09-28T09:10:00Z,2026-09-28T09:11:00Z,1.181975,1.185495,1.181785,1.182535
2026-09-28T09:11:00Z,2026-09-28T09:12:00Z,1.182605,1.183445,1.180365,1.182635
2026-09-28T09:12:00Z,2026-09-28T09:13:00Z,1.183285,1.184155,1.179745,1.183905
2026-09-28T09:13:00Z,2026-09-28T09:14:00Z,1.183975,1.184355,1.180945,1.182245
2026-09-28T09:14:00Z,2026-09-28T09:15:00Z,1.182675,1.187145,1.181725,1.185075
2026-09-28T09:15:00Z,2026-09-28T09:16:00Z,1.184995,1.186515,1.182435,1.182445
2026-09-28T09:16:00Z,2026-09-28T09:17:00Z,1.182355,1.185715,1.180895,1.181355
2026-09-28T09:17:00Z,2026-09-28T09:18:00Z,1.181245,1.183245,1.177675,1.182735
2026-09-28T09:18:00Z,2026-09-28T09:19:00Z,1.182795,1.183525,1.175145,1.176895
2026-09-28T09:19:00Z,2026-09-28T09:20:00Z,1.176985,1.179795,1.174675,1.174705
2026-09-28T09:20:00Z,2026-09-28T09:21:00Z,1.174675,1.178815,1.174675,1.175625
2026-09-28T09:21:00Z,2026-09-28T09:22:00Z,1.175555,1.178185,1.174105,1.177725
2026-09-28T09:22:00Z,2026-09-28T09:23:00Z,1.177875,1.180665,1.177125,1.179025
2026-09-28T09:23:00Z,2026-09-28T09:24:00Z,1.179155,1.182495,1.178615,1.181675
2026-09-28T09:24:00Z,2026-09-28T09:25:00Z,1.181695,1.182645,1.175035,1.176945
2026-09-28T09:25:00Z,2026-09-28T09:26:00Z,1.176385,1.177145,1.174825,1.175565
2026-09-28T09:26:00Z,2026-09-28T09:27:00Z,1.175675,1.176865,1.173555,1.176265
2026-09-28T09:27:00Z,2026-09-28T09:28:00Z,1.176225,1.176695,1.173455,1.175375
2026-09-28T09:28:00Z,2026-09-28T09:29:00Z,1.175775,1.178525,1.175205,1.177185
2026-09-28T09:29:00Z,2026-09-28T09:30:00Z,1.177285,1.180855,1.177155,1.178125
2026-09-28T09:30:00Z,2026-09-28T09:31:00Z,1.178245,1.182175,1.177275,1.181275
2026-09-28T09:31:00Z,2026-09-28T09:32:00Z,1.181465,1.183235,1.178695,1.178985
2026-09-28T09:32:00Z,2026-09-28T09:33:00Z,1.178925,1.178925,1.172995,1.173085
2026-09-28T09:33:00Z,2026-09-28T09:34:00Z,1.173155,1.175805,1.171105,1.174725
2026-09-28T09:34:00Z,2026-09-28T09:35:00Z,1.174755,1.175605,1.172605,1.173845
2026-09-28T09:35:00Z,2026-09-28T09:36:00Z,1.173815,1.177145,1.172775,1.177025
2026-09-28T09:36:00Z,2026-09-28T09:37:00Z,1.177295,1.180685,1.176315,1.179025
2026-09-28T09:37:00Z,2026-09-28T09:38:00Z,1.179135,1.179785,1.176545,1.177185
2026-09-28T09:38:00Z,2026-09-28T09:39:00Z,1.176875,1.179615,1.175055,1.176255
2026-09-28T09:39:00Z,2026-09-28T09:40:00Z,1.176485,1.177435,1.173515,1.174945
2026-09-28T09:40:00Z,2026-09-28T09:41:00Z,1.174875,1.176995,1.173995,1.175895
2026-09-28T09:41:00Z,2026-09-28T09:42:00Z,1.175645,1.176035,1.169745,1.173445
2026-09-28T09:42:00Z,2026-09-28T09:43:00Z,1.173385,1.176005,1.171045,1.176005
2026-09-28T09:43:00Z,2026-09-28T09:44:00Z,1.176065,1.178835,1.174755,1.176565
2026-09-28T09:44:00Z,2026-09-28T09:45:00Z,1.176475,1.176475,1.171825,1.172715
2026-09-28T09:45:00Z,2026-09-28T09:46:00Z,1.172585,1.173545,1.170355,1.171065
2026-09-28T09:46:00Z,2026-09-28T09:47:00Z,1.171635,1.173955,1.171085,1.173655
2026-09-28T09:47:00Z,2026-09-28T09:48:00Z,1.173715,1.174635,1.170065,1.173635
2026-09-28T09:48:00Z,2026-09-28T09:49:00Z,1.173715,1.173785,1.165565,1.165565
2026-09-28T09:49:00Z,2026-09-28T09:50:00Z,1.165595,1.171435,1.165535,1.170685
2026-09-28T09:50:00Z,2026-09-28T09:51:00Z,1.170735,1.171345,1.166545,1.167265
2026-09-28T09:51:00Z,2026-09-28T09:52:00Z,1.167165,1.170795,1.164825,1.170795
2026-09-28T09:52:00Z,2026-09-28T09:53:00Z,1.170785,1.171165,1.168325,1.171025
2026-09-28T09:53:00Z,2026-09-28T09:54:00Z,1.170775,1.172405,1.167435,1.170875
2026-09-28T09:54:00Z,2026-09-28T09:55:00Z,1.170885,1.173385,1.163515,1.164265
2026-09-28T09:55:00Z,2026-09-28T09:56:00Z,1.163635,1.164705,1.162145,1.163155
2026-09-28T09:56:00Z,2026-09-28T09:57:00Z,1.163055,1.171785,1.162815,1.171085
2026-09-28T09:57:00Z,2026-09-28T09:58:00Z,1.171155,1.178255,1.171155,1.177495
2026-09-28T09:58:00Z,2026-09-28T09:59:00Z,1.177595,1.179555,1.176555,1.179555
2026-09-28T09:59:00Z,2026-09-28T10:00:00Z,1.179915,1.187485,1.179915,1.184725
2026-09-28T10:00:00Z,2026-09-28T10:01:00Z,1.184655,1.189395,1.183415,1.186475
2026-09-28T10:01:00Z,2026-09-28T10:02:00Z,1.186595,1.190985,1.185625,1.189265
2026-09-28T10:02:00Z,2026-09-28T10:03:00Z,1.189185,1.191325,1.187165,1.191315
2026-09-28T10:03:00Z,2026-09-28T10:04:00Z,1.190785,1.191665,1.186805,1.187715
2026-09-28T10:04:00Z,2026-09-28T10:05:00Z,1.188085,1.191805,1.188005,1.189685
2026-09-28T10:05:00Z,2026-09-28T10:06:00Z,1.189705,1.191865,1.188035,1.189785
2026-09-28T10:06:00Z,2026-09-28T10:07:00Z,1.189905,1.190785,1.185935,1.189775
2026-09-28T10:07:00Z,2026-09-28T10:08:00Z,1.189675,1.194605,1.189385,1.194605
2026-09-28T10:08:00Z,2026-09-28T10:09:00Z,1.194645,1.200085,1.194125,1.199945
2026-09-28T10:09:00Z,2026-09-28T10:10:00Z,1.199925,1.203495,1.198525,1.202205
2026-09-28T10:10:00Z,2026-09-28T10:11:00Z,1.202485,1.204085,1.200745,1.202295
2026-09-28T10:11:00Z,2026-09-28T10:12:00Z,1.202215,1.204905,1.200945,1.202385
2026-09-28T10:12:00Z,2026-09-28T10:13:00Z,1.202335,1.202395,1.197925,1.198175
2026-09-28T10:13:00Z,2026-09-28T10:14:00Z,1.198115,1.202275,1.197665,1.202195
2026-09-28T10:14:00Z,2026-09-28T10:15:00Z,1.202205,1.203705,1.198805,1.199655
2026-09-28T10:15:00Z,2026-09-28T10:16:00Z,1.199525,1.204625,1.199525,1.204035
2026-09-28T10:16:00Z,2026-09-28T10:17:00Z,1.204015,1.206335,1.201925,1.203505
2026-09-28T10:17:00Z,2026-09-28T10:18:00Z,1.203555,1.206965,1.201435,1.205415
2026-09-28T10:18:00Z,2026-09-28T10:19:00Z,1.205435,1.205435,1.193185,1.195175
2026-09-28T10:19:00Z,2026-09-28T10:20:00Z,1.195355,1.199135,1.195105,1.197765
2026-09-28T10:20:00Z,2026-09-28T10:21:00Z,1.197805,1.201435,1.195455,1.201435
2026-09-28T10:21:00Z,2026-09-28T10:22:00Z,1.201505,1.208115,1.200485,1.207175
2026-09-28T10:22:00Z,2026-09-28T10:23:00Z,1.207275,1.207905,1.204765,1.204825
2026-09-28T10:23:00Z,2026-09-28T10:24:00Z,1.205035,1.205115,1.203155,1.203605
2026-09-28T10:24:00Z,2026-09-28T10:25:00Z,1.203485,1.204185,1.199505,1.201975
2026-09-28T10:25:00Z,2026-09-28T10:26:00Z,1.202005,1.203125,1.199525,1.202945
2026-09-28T10:26:00Z,2026-09-28T10:27:00Z,1.203155,1.208485,1.203055,1.208335
2026-09-28T10:27:00Z,2026-09-28T10:28:00Z,1.208165,1.208165,1.203525,1.206085
2026-09-28T10:28:00Z,2026-09-28T10:29:00Z,1.206255,1.207045,1.202145,1.205055
2026-09-28T10:29:00Z,2026-09-28T10:30:00Z,1.204985,1.206905,1.204705,1.206645
2026-09-28T10:30:00Z,2026-09-28T10:31:00Z,1.206615,1.212415,1.206005,1.211545
2026-09-28T10:31:00Z,2026-09-28T10:32:00Z,1.211695,1.212445,1.206535,1.210495
2026-09-28T10:32:00Z,2026-09-28T10:33:00Z,1.210195,1.210195,1.206425,1.209695
2026-09-28T10:33:00Z,2026-09-28T10:34:00Z,1.209765,1.210975,1.205605,1.205605
2026-09-28T10:34:00Z,2026-09-28T10:35:00Z,1.205695,1.207505,1.203375,1.207395
2026-09-28T10:35:00Z,2026-09-28T10:36:00Z,1.207635,1.209905,1.207625,1.208395
2026-09-28T10:36:00Z,2026-09-28T10:37:00Z,1.208025,1.212735,1.207675,1.212295
2026-09-28T10:37:00Z,2026-09-28T10:38:00Z,1.212045,1.214415,1.208315,1.208765
2026-09-28T10:38:00Z,2026-09-28T10:39:00Z,1.208615,1.212195,1.208465,1.209345
2026-09-28T10:39:00Z,2026-09-28T10:40:00Z,1.209705,1.212675,1.209245,1.210945
2026-09-28T10:40:00Z,2026-09-28T10:41:00Z,1.210865,1.211355,1.204175,1.205845
2026-09-28T10:41:00Z,2026-09-28T10:42:00Z,1.205915,1.207685,1.204415,1.205445
2026-09-28T10:42:00Z,2026-09-28T10:43:00Z,1.205525,1.205825,1.201955,1.205365
2026-09-28T10:43:00Z,2026-09-28T10:44:00Z,1.205405,1.205405,1.201575,1.202765
2026-09-28T10:44:00Z,2026-09-28T10:45:00Z,1.202835,1.209455,1.201935,1.208955
2026-09-28T10:45:00Z,2026-09-28T10:46:00Z,1.208905,1.209255,1.203985,1.205025
2026-09-28T10:46:00Z,2026-09-28T10:47:00Z,1.204645,1.204845,1.200065,1.203205
2026-09-28T10:47:00Z,2026-09-28T10:48:00Z,1.203305,1.204465,1.199005,1.202065
2026-09-28T10:48:00Z,2026-09-28T10:49:00Z,1.201815,1.205095,1.199865,1.204505
2026-09-28T10:49:00Z,2026-09-28T10:50:00Z,1.204855,1.206025,1.199565,1.201245
2026-09-28T10:50:00Z,2026-09-28T10:51:00Z,1.201115,1.201735,1.195735,1.196015
2026-09-28T10:51:00Z,2026-09-28T10:52:00Z,1.195965,1.200705,1.195345,1.197715
2026-09-28T10:52:00Z,2026-09-28T10:53:00Z,1.197625,1.200155,1.196575,1.199175
2026-09-28T10:53:00Z,2026-09-28T10:54:00Z,1.199365,1.199675,1.192415,1.192825
2026-09-28T10:54:00Z,2026-09-28T10:55:00Z,1.192615,1.194825,1.188585,1.189685
2026-09-28T10:55:00Z,2026-09-28T10:56:00Z,1.189545,1.190445,1.184395,1.187095
2026-09-28T10:56:00Z,2026-09-28T10:57:00Z,1.186975,1.188875,1.183825,1.188415
2026-09-28T10:57:00Z,2026-09-28T10:58:00Z,1.188465,1.193375,1.186515,1.192105
2026-09-28T10:58:00Z,2026-09-28T10:59:00Z,1.192235,1.194395,1.190655,1.193275
2026-09-28T10:59:00Z,2026-09-28T11:00:00Z,1.193395,1.193655,1.187485,1.189495
2026-09-28T11:00:00Z,2026-09-28T11:01:00Z,1.189525,1.191795,1.187805,1.187825
2026-09-28T11:01:00Z,2026-09-28T11:02:00Z,1.187775,1.188405,1.183445,1.184765
2026-09-28T11:02:00Z,2026-09-28T11:03:00Z,1.184675,1.186635,1.182605,1.182945
2026-09-28T11:03:00Z,2026-09-28T11:04:00Z,1.183015,1.189425,1.181805,1.189425
2026-09-28T11:04:00Z,2026-09-28T11:05:00Z,1.189735,1.192645,1.188955,1.190825
2026-09-28T11:05:00Z,2026-09-28T11:06:00Z,1.190765,1.194075,1.190765,1.191805
2026-09-28T11:06:00Z,2026-09-28T11:07:00Z,1.191675,1.192105,1.188755,1.189095
2026-09-28T11:07:00Z,2026-09-28T11:08:00Z,1.189175,1.191415,1.188085,1.188815
2026-09-28T11:08:00Z,2026-09-28T11:09:00Z,1.188675,1.190615,1.186815,1.189885
2026-09-28T11:09:00Z,2026-09-28T11:10:00Z,1.189755,1.194125,1.189705,1.193645
2026-09-28T11:10:00Z,2026-09-28T11:11:00Z,1.193535,1.194155,1.189465,1.191925
2026-09-28T11:11:00Z,2026-09-28T11:12:00Z,1.192255,1.196795,1.189985,1.193285
2026-09-28T11:12:00Z,2026-09-28T11:13:00Z,1.193935,1.194625,1.189525,1.190325
2026-09-28T11:13:00Z,2026-09-28T11:14:00Z,1.190265,1.193275,1.190095,1.190835
2026-09-28T11:14:00Z,2026-09-28T11:15:00Z,1.190735,1.192115,1.188905,1.189415
2026-09-28T11:15:00Z,2026-09-28T11:16:00Z,1.189455,1.190605,1.185845,1.189005
2026-09-28T11:16:00Z,2026-09-28T11:17:00Z,1.188955,1.189635,1.184245,1.184895
2026-09-28T11:17:00Z,2026-09-28T11:18:00Z,1.184885,1.184915,1.178725,1.179855
2026-09-28T11:18:00Z,2026-09-28T11:19:00Z,1.179825,1.182535,1.179705,1.180415
2026-09-28T11:19:00Z,2026-09-28T11:20:00Z,1.180735,1.180805,1.176445,1.177845
2026-09-28T11:20:00Z,2026-09-28T11:21:00Z,1.177315,1.180905,1.175825,1.179775
2026-09-28T11:21:00Z,2026-09-28T11:22:00Z,1.179275,1.181595,1.178465,1.180085
2026-09-28T11:22:00Z,2026-09-28T11:23:00Z,1.180035,1.184395,1.179605,1.181415
2026-09-28T11:23:00Z,2026-09-28T11:24:00Z,1.181435,1.183415,1.179395,1.182895
2026-09-28T11:24:00Z,2026-09-28T11:25:00Z,1.182955,1.183205,1.178665,1.179545
2026-09-28T11:25:00Z,2026-09-28T11:26:00Z,1.179565,1.182605,1.177565,1.182065
2026-09-28T11:26:00Z,2026-09-28T11:27:00Z,1.181715,1.183115,1.176865,1.179205
2026-09-28T11:27:00Z,2026-09-28T11:28:00Z,1.179215,1.179265,1.174025,1.174025
2026-09-28T11:28:00Z,2026-09-28T11:29:00Z,1.174135,1.174835,1.169665,1.169665
2026-09-28T11:29:00Z,2026-09-28T11:30:00Z,1.170085,1.174125,1.170085,1.172535
2026-09-28T11:30:00Z,2026-09-28T11:31:00Z,1.172775,1.179915,1.170565,1.179915
2026-09-28T11:31:00Z,2026-09-28T11:32:00Z,1.179875,1.180745,1.174795,1.176905
2026-09-28T11:32:00Z,2026-09-28T11:33:00Z,1.176855,1.178485,1.175195,1.175325
2026-09-28T11:33:00Z,2026-09-28T11:34:00Z,1.175105,1.178125,1.173245,1.177155
2026-09-28T11:34:00Z,2026-09-28T11:35:00Z,1.177125,1.178275,1.175305,1.178205
2026-09-28T11:35:00Z,2026-09-28T11:36:00Z,1.178385,1.181435,1.177575,1.181165
2026-09-28T11:36:00Z,2026-09-28T11:37:00Z,1.181055,1.183295,1.180415,1.182405
2026-09-28T11:37:00Z,2026-09-28T11:38:00Z,1.182055,1.182815,1.177465,1.180025
2026-09-28T11:38:00Z,2026-09-28T11:39:00Z,1.179765,1.185705,1.179415,1.184715
2026-09-28T11:39:00Z,2026-09-28T11:40:00Z,1.185115,1.187635,1.183175,1.184875
2026-09-28T11:40:00Z,2026-09-28T11:41:00Z,1.184935,1.186495,1.183365,1.183905
2026-09-28T11:41:00Z,2026-09-28T11:42:00Z,1.183845,1.184275,1.176765,1.177655
2026-09-28T11:42:00Z,2026-09-28T11:43:00Z,1.177545,1.180795,1.176385,1.180165
2026-09-28T11:43:00Z,2026-09-28T11:44:00Z,1.180195,1.184105,1.179895,1.183015
2026-09-28T11:44:00Z,2026-09-28T11:45:00Z,1.182895,1.187645,1.182555,1.187285
2026-09-28T11:45:00Z,2026-09-28T11:46:00Z,1.187515,1.187655,1.182645,1.183175
2026-09-28T11:46:00Z,2026-09-28T11:47:00Z,1.183185,1.189825,1.182105,1.187095
2026-09-28T11:47:00Z,2026-09-28T11:48:00Z,1.187065,1.187615,1.183245,1.186035
2026-09-28T11:48:00Z,2026-09-28T11:49:00Z,1.186155,1.187365,1.182135,1.182135
2026-09-28T11:49:00Z,2026-09-28T11:50:00Z,1.182145,1.182225,1.178715,1.179955
2026-09-28T11:50:00Z,2026-09-28T11:51:00Z,1.180055,1.183795,1.178965,1.181655
2026-09-28T11:51:00Z,2026-09-28T11:52:00Z,1.181225,1.189065,1.181225,1.187935
2026-09-28T11:52:00Z,2026-09-28T11:53:00Z,1.188215,1.191595,1.187965,1.189935
2026-09-28T11:53:00Z,2026-09-28T11:54:00Z,1.190335,1.191785,1.188065,1.190605
2026-09-28T11:54:00Z,2026-09-28T11:55:00Z,1.190525,1.190695,1.188505,1.189235
2026-09-28T11:55:00Z,2026-09-28T11:56:00Z,1.189225,1.194495,1.188995,1.192445
2026-09-28T11:56:00Z,2026-09-28T11:57:00Z,1.192565,1.196325,1.191555,1.196285
2026-09-28T11:57:00Z,2026-09-28T11:58:00Z,1.196395,1.200785,1.196285,1.197845
2026-09-28T11:58:00Z,2026-09-28T11:59:00Z,1.197705,1.200315,1.196015,1.196395
2026-09-28T11:59:00Z,2026-09-28T12:00:00Z,1.196155,1.201575,1.194685,1.200775
2026-09-28T12:00:00Z,2026-09-28T12:01:00Z,1.200785,1.202955,1.197985,1.202895
2026-09-28T12:01:00Z,2026-09-28T12:02:00Z,1.203175,1.204035,1.200125,1.201825
2026-09-28T12:02:00Z,2026-09-28T12:03:00Z,1.201865,1.205425,1.201745,1.204515
2026-09-28T12:03:00Z,2026-09-28T12:04:00Z,1.204605,1.207765,1.203665,1.205715
2026-09-28T12:04:00Z,2026-09-28T12:05:00Z,1.205755,1.207595,1.200965,1.200965
2026-09-28T12:05:00Z,2026-09-28T12:06:00Z,1.200395,1.203695,1.199375,1.203015
2026-09-28T12:06:00Z,2026-09-28T12:07:00Z,1.202955,1.206765,1.202845,1.206695
2026-09-28T12:07:00Z,2026-09-28T12:08:00Z,1.206655,1.209955,1.206565,1.209415
2026-09-28T12:08:00Z,2026-09-28T12:09:00Z,1.209255,1.216795,1.209255,1.214335
2026-09-28T12:09:00Z,2026-09-28T12:10:00Z,1.214295,1.224635,1.214255,1.224185
2026-09-28T12:10:00Z,2026-09-28T12:11:00Z,1.223915,1.225805,1.222725,1.225085
2026-09-28T12:11:00Z,2026-09-28T12:12:00Z,1.225195,1.229785,1.224775,1.228285
2026-09-28T12:12:00Z,2026-09-28T12:13:00Z,1.228255,1.234465,1.227145,1.234465
2026-09-28T12:13:00Z,2026-09-28T12:14:00Z,1.234715,1.241515,1.233835,1.241285
2026-09-28T12:14:00Z,2026-09-28T12:15:00Z,1.241085,1.243635,1.239295,1.243635
2026-09-28T12:15:00Z,2026-09-28T12:16:00Z,1.244035,1.244345,1.239155,1.241085
2026-09-28T12:16:00Z,2026-09-28T12:17:00Z,1.241245,1.242865,1.239685,1.240475
2026-09-28T12:17:00Z,2026-09-28T12:18:00Z,1.240415,1.251105,1.240315,1.249965
2026-09-28T12:18:00Z,2026-09-28T12:19:00Z,1.250015,1.250905,1.242265,1.242755
2026-09-28T12:19:00Z,2026-09-28T12:20:00Z,1.242995,1.246945,1.241195,1.246295
2026-09-28T12:20:00Z,2026-09-28T12:21:00Z,1.246565,1.249985,1.246565,1.249985
2026-09-28T12:21:00Z,2026-09-28T12:22:00Z,1.249775,1.250585,1.245185,1.245285
2026-09-28T12:22:00Z,2026-09-28T12:23:00Z,1.245145,1.246985,1.243945,1.246105
2026-09-28T12:23:00Z,2026-09-28T12:24:00Z,1.245985,1.252125,1.245735,1.251205
2026-09-28T12:24:00Z,2026-09-28T12:25:00Z,1.251165,1.251755,1.248195,1.248905
2026-09-28T12:25:00Z,2026-09-28T12:26:00Z,1.248865,1.252615,1.247215,1.251655
2026-09-28T12:26:00Z,2026-09-28T12:27:00Z,1.251635,1.251635,1.248215,1.249685
2026-09-28T12:27:00Z,2026-09-28T12:28:00Z,1.249765,1.250145,1.247065,1.248775
2026-09-28T12:28:00Z,2026-09-28T12:29:00Z,1.249185,1.253215,1.249185,1.252615
2026-09-28T12:29:00Z,2026-09-28T12:30:00Z,1.252725,1.257845,1.251375,1.255275
2026-09-28T12:30:00Z,2026-09-28T12:31:00Z,1.255345,1.255415,1.251065,1.251295
2026-09-28T12:31:00Z,2026-09-28T12:32:00Z,1.251065,1.251805,1.248315,1.250205
2026-09-28T12:32:00Z,2026-09-28T12:33:00Z,1.250175,1.255345,1.250135,1.251455
2026-09-28T12:33:00Z,2026-09-28T12:34:00Z,1.251555,1.254025,1.248465,1.252785
2026-09-28T12:34:00Z,2026-09-28T12:35:00Z,1.252235,1.254535,1.251155,1.252505
2026-09-28T12:35:00Z,2026-09-28T12:36:00Z,1.252495,1.255585,1.248865,1.250615
2026-09-28T12:36:00Z,2026-09-28T12:37:00Z,1.250715,1.254645,1.250615,1.254285
2026-09-28T12:37:00Z,2026-09-28T12:38:00Z,1.254355,1.255435,1.251185,1.251185
2026-09-28T12:38:00Z,2026-09-28T12:39:00Z,1.251075,1.252575,1.246075,1.246145
2026-09-28T12:39:00Z,2026-09-28T12:40:00Z,1.246525,1.248675,1.243135,1.244205
2026-09-28T12:40:00Z,2026-09-28T12:41:00Z,1.244105,1.251305,1.244105,1.249905
2026-09-28T12:41:00Z,2026-09-28T12:42:00Z,1.249625,1.250745,1.248135,1.248135
2026-09-28T12:42:00Z,2026-09-28T12:43:00Z,1.247945,1.250965,1.247475,1.249285
2026-09-28T12:43:00Z,2026-09-28T12:44:00Z,1.249565,1.250585,1.248335,1.249195
2026-09-28T12:44:00Z,2026-09-28T12:45:00Z,1.249135,1.251825,1.249135,1.251225
2026-09-28T12:45:00Z,2026-09-28T12:46:00Z,1.250885,1.254515,1.250595,1.253235
2026-09-28T12:46:00Z,2026-09-28T12:47:00Z,1.253295,1.261445,1.253225,1.259495
2026-09-28T12:47:00Z,2026-09-28T12:48:00Z,1.259545,1.262635,1.255445,1.256725
2026-09-28T12:48:00Z,2026-09-28T12:49:00Z,1.257225,1.260565,1.255625,1.260115
2026-09-28T12:49:00Z,2026-09-28T12:50:00Z,1.259945,1.263665,1.259855,1.261595
2026-09-28T12:50:00Z,2026-09-28T12:51:00Z,1.261625,1.267405,1.260435,1.267395
2026-09-28T12:51:00Z,2026-09-28T12:52:00Z,1.267515,1.267765,1.263135,1.263235
2026-09-28T12:52:00Z,2026-09-28T12:53:00Z,1.263185,1.265685,1.262365,1.263425
2026-09-28T12:53:00Z,2026-09-28T12:54:00Z,1.263465,1.265345,1.260745,1.263945
2026-09-28T12:54:00Z,2026-09-28T12:55:00Z,1.264505,1.265775,1.259885,1.262355
2026-09-28T12:55:00Z,2026-09-28T12:56:00Z,1.263035,1.267335,1.262055,1.264015
2026-09-28T12:56:00Z,2026-09-28T12:57:00Z,1.263715,1.265595,1.261425,1.263865
2026-09-28T12:57:00Z,2026-09-28T12:58:00Z,1.263985,1.268335,1.263445,1.268335
2026-09-28T12:58:00Z,2026-09-28T12:59:00Z,1.268365,1.269165,1.260385,1.261085
2026-09-28T12:59:00Z,2026-09-28T13:00:00Z,1.261065,1.263925,1.259015,1.260495
2026-09-28T13:00:00Z,2026-09-28T13:01:00Z,1.260595,1.261965,1.256975,1.257375
2026-09-28T13:01:00Z,2026-09-28T13:02:00Z,1.257355,1.257875,1.249365,1.250415
2026-09-28T13:02:00Z,2026-09-28T13:03:00Z,1.250455,1.252555,1.243145,1.243145
2026-09-28T13:03:00Z,2026-09-28T13:04:00Z,1.243115,1.243645,1.240495,1.242485
2026-09-28T13:04:00Z,2026-09-28T13:05:00Z,1.242475,1.244645,1.237355,1.240165
2026-09-28T13:05:00Z,2026-09-28T13:06:00Z,1.240355,1.241055,1.236465,1.236505
2026-09-28T13:06:00Z,2026-09-28T13:07:00Z,1.236625,1.236845,1.234655,1.234795
2026-09-28T13:07:00Z,2026-09-28T13:08:00Z,1.234905,1.236245,1.232895,1.234015
2026-09-28T13:08:00Z,2026-09-28T13:09:00Z,1.233535,1.240765,1.232135,1.240545
2026-09-28T13:09:00Z,2026-09-28T13:10:00Z,1.240595,1.246165,1.240465,1.246165
2026-09-28T13:10:00Z,2026-09-28T13:11:00Z,1.246185,1.249735,1.244345,1.249735
2026-09-28T13:11:00Z,2026-09-28T13:12:00Z,1.249745,1.251275,1.246835,1.249925
2026-09-28T13:12:00Z,2026-09-28T13:13:00Z,1.249815,1.250075,1.247205,1.248605
2026-09-28T13:13:00Z,2026-09-28T13:14:00Z,1.248315,1.248595,1.243115,1.247075
2026-09-28T13:14:00Z,2026-09-28T13:15:00Z,1.247315,1.250645,1.246315,1.249535
2026-09-28T13:15:00Z,2026-09-28T13:16:00Z,1.249405,1.249815,1.243555,1.243925
2026-09-28T13:16:00Z,2026-09-28T13:17:00Z,1.243965,1.244955,1.240885,1.244955
2026-09-28T13:17:00Z,2026-09-28T13:18:00Z,1.244855,1.246445,1.242165,1.245425
2026-09-28T13:18:00Z,2026-09-28T13:19:00Z,1.245725,1.246215,1.242955,1.243655
2026-09-28T13:19:00Z,2026-09-28T13:20:00Z,1.244035,1.245295,1.241705,1.245295
2026-09-28T13:20:00Z,2026-09-28T13:21:00Z,1.245025,1.247015,1.243935,1.244865
2026-09-28T13:21:00Z,2026-09-28T13:22:00Z,1.244965,1.244965,1.239645,1.240125
2026-09-28T13:22:00Z,2026-09-28T13:23:00Z,1.239635,1.241595,1.237385,1.241115
2026-09-28T13:23:00Z,2026-09-28T13:24:00Z,1.241015,1.241695,1.234385,1.234385
2026-09-28T13:24:00Z,2026-09-28T13:25:00Z,1.233705,1.235405,1.232485,1.234595
2026-09-28T13:25:00Z,2026-09-28T13:26:00Z,1.234575,1.234805,1.229785,1.231085
2026-09-28T13:26:00Z,2026-09-28T13:27:00Z,1.230645,1.231085,1.228305,1.228755
2026-09-28T13:27:00Z,2026-09-28T13:28:00Z,1.228885,1.229135,1.225815,1.229135
2026-09-28T13:28:00Z,2026-09-28T13:29:00Z,1.229195,1.236415,1.228865,1.236265
2026-09-28T13:29:00Z,2026-09-28T13:30:00Z,1.236375,1.236995,1.232105,1.234675
2026-09-28T13:30:00Z,2026-09-28T13:31:00Z,1.234815,1.236485,1.230885,1.233365
2026-09-28T13:31:00Z,2026-09-28T13:32:00Z,1.233345,1.234045,1.225615,1.225615
2026-09-28T13:32:00Z,2026-09-28T13:33:00Z,1.225585,1.226385,1.221575,1.223165
2026-09-28T13:33:00Z,2026-09-28T13:34:00Z,1.222715,1.223545,1.219445,1.220625
2026-09-28T13:34:00Z,2026-09-28T13:35:00Z,1.220635,1.221485,1.218705,1.220455
2026-09-28T13:35:00Z,2026-09-28T13:36:00Z,1.220335,1.223035,1.219255,1.221785
2026-09-28T13:36:00Z,2026-09-28T13:37:00Z,1.221875,1.224065,1.221405,1.222935
2026-09-28T13:37:00Z,2026-09-28T13:38:00Z,1.222995,1.225155,1.221695,1.225155
2026-09-28T13:38:00Z,2026-09-28T13:39:00Z,1.225255,1.228125,1.223005,1.224125
2026-09-28T13:39:00Z,2026-09-28T13:40:00Z,1.224245,1.225275,1.222825,1.224335
2026-09-28T13:40:00Z,2026-09-28T13:41:00Z,1.224455,1.227875,1.223545,1.226205
2026-09-28T13:41:00Z,2026-09-28T13:42:00Z,1.226335,1.226875,1.222065,1.224515
2026-09-28T13:42:00Z,2026-09-28T13:43:00Z,1.224655,1.232585,1.223925,1.232035
2026-09-28T13:43:00Z,2026-09-28T13:44:00Z,1.232125,1.234355,1.227555,1.229325
2026-09-28T13:44:00Z,2026-09-28T13:45:00Z,1.229465,1.230125,1.224265,1.225655
2026-09-28T13:45:00Z,2026-09-28T13:46:00Z,1.225715,1.230465,1.224655,1.230465
2026-09-28T13:46:00Z,2026-09-28T13:47:00Z,1.230985,1.235765,1.230955,1.235055
2026-09-28T13:47:00Z,2026-09-28T13:48:00Z,1.235255,1.235715,1.231035,1.232255
2026-09-27T21:20:00Z,2026-09-27T21:21:00Z,1.230475,1.234615,1.228335,1.233025
2026-09-27T21:21:00Z,2026-09-27T21:22:00Z,1.233055,1.234295,1.228975,1.230215
2026-09-27T21:22:00Z,2026-09-27T21:23:00Z,1.230095,1.234545,1.228345,1.230255
2026-09-27T21:23:00Z,2026-09-27T21:24:00Z,1.230225,1.232285,1.226105,1.228455
2026-09-27T21:24:00Z,2026-09-27T21:25:00Z,1.228405,1.230015,1.222835,1.222915
2026-09-27T21:25:00Z,2026-09-27T21:26:00Z,1.223025,1.224475,1.221415,1.223065
2026-09-27T21:26:00Z,2026-09-27T21:27:00Z,1.222975,1.226155,1.221225,1.225565
2026-09-27T21:27:00Z,2026-09-27T21:28:00Z,1.225515,1.229665,1.223985,1.227925
2026-09-27T21:28:00Z,2026-09-27T21:29:00Z,1.227785,1.229355,1.223505,1.224555
2026-09-27T21:29:00Z,2026-09-27T21:30:00Z,1.224995,1.228595,1.224925,1.226825
2026-09-27T21:30:00Z,2026-09-27T21:31:00Z,1.226715,1.229845,1.225755,1.226535
2026-09-27T21:31:00Z,2026-09-27T21:32:00Z,1.226485,1.227265,1.222255,1.222655
2026-09-27T21:32:00Z,2026-09-27T21:33:00Z,1.222565,1.223765,1.219835,1.222395
2026-09-27T21:33:00Z,2026-09-27T21:34:00Z,1.222895,1.225585,1.221385,1.224755
2026-09-27T21:34:00Z,2026-09-27T21:35:00Z,1.224415,1.227345,1.219705,1.220305
2026-09-27T21:35:00Z,2026-09-27T21:36:00Z,1.220195,1.224785,1.220195,1.222555
2026-09-27T21:36:00Z,2026-09-27T21:37:00Z,1.222675,1.228855,1.222245,1.228855
2026-09-27T21:37:00Z,2026-09-27T21:38:00Z,1.228715,1.234705,1.228715,1.234275
2026-09-27T21:38:00Z,2026-09-27T21:39:00Z,1.234325,1.235525,1.231655,1.232365
2026-09-27T21:39:00Z,2026-09-27T21:40:00Z,1.232375,1.232375,1.228765,1.230665
2026-09-27T21:40:00Z,2026-09-27T21:41:00Z,1.230795,1.230795,1.224475,1.224795
2026-09-27T21:41:00Z,2026-09-27T21:42:00Z,1.224685,1.226115,1.216795,1.217345
2026-09-27T21:42:00Z,2026-09-27T21:43:00Z,1.217855,1.219745,1.215105,1.219045
2026-09-27T21:43:00Z,2026-09-27T21:44:00Z,1.219165,1.221435,1.217325,1.219655
2026-09-27T21:44:00Z,2026-09-27T21:45:00Z,1.219735,1.224075,1.218385,1.222835
2026-09-27T21:45:00Z,2026-09-27T21:46:00Z,1.222705,1.226225,1.221545,1.221545
2026-09-27T21:46:00Z,2026-09-27T21:47:00Z,1.221235,1.221895,1.213475,1.213475
2026-09-27T21:47:00Z,2026-09-27T21:48:00Z,1.213105,1.213215,1.204165,1.206135
2026-09-27T21:48:00Z,2026-09-27T21:49:00Z,1.206105,1.206165,1.200655,1.205205
2026-09-27T21:49:00Z,2026-09-27T21:50:00Z,1.205225,1.210925,1.205225,1.207485
2026-09-27T21:50:00Z,2026-09-27T21:51:00Z,1.207395,1.208005,1.202875,1.204895
2026-09-27T21:51:00Z,2026-09-27T21:52:00Z,1.204845,1.208625,1.204765,1.207765
2026-09-27T21:52:00Z,2026-09-27T21:53:00Z,1.207705,1.210655,1.206805,1.208875
2026-09-27T21:53:00Z,2026-09-27T21:54:00Z,1.208825,1.210115,1.205305,1.208745
2026-09-27T21:54:00Z,2026-09-27T21:55:00Z,1.208615,1.215955,1.208165,1.215955
2026-09-27T21:55:00Z,2026-09-27T21:56:00Z,1.215995,1.217385,1.212495,1.213085
2026-09-27T21:56:00Z,2026-09-27T21:57:00Z,1.213165,1.217085,1.212885,1.216905
2026-09-27T21:57:00Z,2026-09-27T21:58:00Z,1.217495,1.218595,1.216135,1.217125
2026-09-27T21:58:00Z,2026-09-27T21:59:00Z,1.217115,1.222245,1.215395,1.220775
2026-09-27T21:59:00Z,2026-09-27T22:00:00Z,1.220805,1.222335,1.216675,1.218905
2026-09-27T22:00:00Z,2026-09-27T22:01:00Z,1.218605,1.222075,1.217425,1.222015
2026-09-27T22:01:00Z,2026-09-27T22:02:00Z,1.221965,1.226725,1.220435,1.226275
2026-09-27T22:02:00Z,2026-09-27T22:03:00Z,1.226355,1.227335,1.223195,1.223315
2026-09-27T22:03:00Z,2026-09-27T22:04:00Z,1.223225,1.228985,1.223215,1.228175
2026-09-27T22:04:00Z,2026-09-27T22:05:00Z,1.228725,1.229575,1.225535,1.228885
2026-09-27T22:05:00Z,2026-09-27T22:06:00Z,1.228815,1.232145,1.228305,1.231505
2026-09-27T22:06:00Z,2026-09-27T22:07:00Z,1.231885,1.234015,1.231855,1.233275
2026-09-27T22:07:00Z,2026-09-27T22:08:00Z,1.233545,1.233745,1.229235,1.229395
2026-09-27T22:08:00Z,2026-09-27T22:09:00Z,1.229525,1.229715,1.224985,1.227815
2026-09-27T22:09:00Z,2026-09-27T22:10:00Z,1.227755,1.229425,1.223085,1.223865
2026-09-27T22:10:00Z,2026-09-27T22:11:00Z,1.223205,1.227565,1.222305,1.227565
2026-09-27T22:11:00Z,2026-09-27T22:12:00Z,1.227585,1.228505,1.225435,1.225475
2026-09-27T22:12:00Z,2026-09-27T22:13:00Z,1.225875,1.226785,1.222735,1.226025
2026-09-27T22:13:00Z,2026-09-27T22:14:00Z,1.225715,1.226525,1.223325,1.224395
2026-09-27T22:14:00Z,2026-09-27T22:15:00Z,1.224985,1.235045,1.224525,1.235045
2026-09-27T22:15:00Z,2026-09-27T22:16:00Z,1.235065,1.235545,1.229715,1.232945
2026-09-27T22:16:00Z,2026-09-27T22:17:00Z,1.233155,1.234615,1.228945,1.229695
2026-09-27T22:17:00Z,2026-09-27T22:18:00Z,1.229705,1.230405,1.227105,1.227105
2026-09-27T22:18:00Z,2026-09-27T22:19:00Z,1.227285,1.231175,1.227075,1.231005
2026-09-27T22:19:00Z,2026-09-27T22:20:00Z,1.231125,1.234385,1.229445,1.234275
2026-09-27T22:20:00Z,2026-09-27T22:21:00Z,1.234285,1.234815,1.230255,1.231565
2026-09-27T22:21:00Z,2026-09-27T22:22:00Z,1.231755,1.232505,1.227665,1.227725
2026-09-27T22:22:00Z,2026-09-27T22:23:00Z,1.227745,1.232015,1.227315,1.232015
2026-09-27T22:23:00Z,2026-09-27T22:24:00Z,1.231975,1.233025,1.229595,1.229735
2026-09-27T22:24:00Z,2026-09-27T22:25:00Z,1.230305,1.232215,1.227745,1.231705
2026-09-27T22:25:00Z,2026-09-27T22:26:00Z,1.231845,1.233955,1.227515,1.232825
2026-09-27T22:26:00Z,2026-09-27T22:27:00Z,1.232915,1.233115,1.225645,1.226635
2026-09-27T22:27:00Z,2026-09-27T22:28:00Z,1.226565,1.227085,1.222795,1.223875
2026-09-27T22:28:00Z,2026-09-27T22:29:00Z,1.223895,1.230815,1.222825,1.227915
2026-09-27T22:29:00Z,2026-09-27T22:30:00Z,1.228045,1.228345,1.222905,1.223395
2026-09-27T22:30:00Z,2026-09-27T22:31:00Z,1.223385,1.229325,1.223325,1.228465
2026-09-27T22:31:00Z,2026-09-27T22:32:00Z,1.228495,1.231035,1.226745,1.230975
2026-09-27T22:32:00Z,2026-09-27T22:33:00Z,1.231305,1.231875,1.228615,1.229785
2026-09-27T22:33:00Z,2026-09-27T22:34:00Z,1.229765,1.236625,1.229655,1.235555
2026-09-27T22:34:00Z,2026-09-27T22:35:00Z,1.235605,1.235955,1.233175,1.234145
2026-09-27T22:35:00Z,2026-09-27T22:36:00Z,1.234085,1.234375,1.228285,1.228295
2026-09-27T22:36:00Z,2026-09-27T22:37:00Z,1.228185,1.228515,1.225035,1.226985
2026-09-27T22:37:00Z,2026-09-27T22:38:00Z,1.227025,1.229085,1.224565,1.228135
2026-09-27T22:38:00Z,2026-09-27T22:39:00Z,1.228935,1.233435,1.228345,1.233125
2026-09-27T22:39:00Z,2026-09-27T22:40:00Z,1.232745,1.234855,1.230615,1.234855
2026-09-27T22:40:00Z,2026-09-27T22:41:00Z,1.234355,1.236155,1.231665,1.233255
2026-09-27T22:41:00Z,2026-09-27T22:42:00Z,1.233605,1.236875,1.233385,1.233565
2026-09-27T22:42:00Z,2026-09-27T22:43:00Z,1.234125,1.234715,1.231225,1.231705
2026-09-27T22:43:00Z,2026-09-27T22:44:00Z,1.231835,1.232375,1.228155,1.228195
2026-09-27T22:44:00Z,2026-09-27T22:45:00Z,1.227975,1.232005,1.226505,1.231555
2026-09-27T22:45:00Z,2026-09-27T22:46:00Z,1.232155,1.233305,1.227985,1.229345
2026-09-27T22:46:00Z,2026-09-27T22:47:00Z,1.229385,1.231785,1.227685,1.229955
2026-09-27T22:47:00Z,2026-09-27T22:48:00Z,1.230225,1.231755,1.226215,1.231295
2026-09-27T22:48:00Z,2026-09-27T22:49:00Z,1.231355,1.236765,1.230695,1.236175
2026-09-27T22:49:00Z,2026-09-27T22:50:00Z,1.235375,1.238785,1.234875,1.236805
2026-09-27T22:50:00Z,2026-09-27T22:51:00Z,1.236765,1.237185,1.233455,1.236235
2026-09-27T22:51:00Z,2026-09-27T22:52:00Z,1.236585,1.239505,1.235255,1.239505
2026-09-27T22:52:00Z,2026-09-27T22:53:00Z,1.239425,1.240465,1.238495,1.240225
2026-09-27T22:53:00Z,2026-09-27T22:54:00Z,1.240335,1.243365,1.238185,1.239185
2026-09-27T22:54:00Z,2026-09-27T22:55:00Z,1.238945,1.239725,1.236075,1.239285
2026-09-27T22:55:00Z,2026-09-27T22:56:00Z,1.239315,1.240985,1.234745,1.234795
2026-09-27T22:56:00Z,2026-09-27T22:57:00Z,1.234675,1.237645,1.233125,1.237645
2026-09-27T22:57:00Z,2026-09-27T22:58:00Z,1.237705,1.241095,1.237125,1.237705
2026-09-27T22:58:00Z,2026-09-27T22:59:00Z,1.237675,1.237875,1.234245,1.235155
2026-09-27T22:59:00Z,2026-09-27T23:00:00Z,1.235235,1.236545,1.233115,1.235255
2026-09-27T23:00:00Z,2026-09-27T23:01:00Z,1.235245,1.241655,1.235245,1.237005
2026-09-27T23:01:00Z,2026-09-27T23:02:00Z,1.237125,1.237165,1.232425,1.233865
2026-09-27T23:02:00Z,2026-09-27T23:03:00Z,1.233895,1.235065,1.229835,1.231025
2026-09-27T23:03:00Z,2026-09-27T23:04:00Z,1.230905,1.232095,1.227855,1.229055
2026-09-27T23:04:00Z,2026-09-27T23:05:00Z,1.229015,1.229995,1.225345,1.226685
2026-09-27T23:05:00Z,2026-09-27T23:06:00Z,1.226565,1.229795,1.226445,1.229125
2026-09-27T23:06:00Z,2026-09-27T23:07:00Z,1.229205,1.231695,1.227885,1.228075
2026-09-27T23:07:00Z,2026-09-27T23:08:00Z,1.228455,1.230155,1.222515,1.223155
2026-09-27T23:08:00Z,2026-09-27T23:09:00Z,1.223065,1.225315,1.222295,1.223705
2026-09-27T23:09:00Z,2026-09-27T23:10:00Z,1.223785,1.229125,1.223785,1.225975
2026-09-27T23:10:00Z,2026-09-27T23:11:00Z,1.226625,1.229725,1.224835,1.229725
2026-09-27T23:11:00Z,2026-09-27T23:12:00Z,1.229145,1.236475,1.229065,1.234815
2026-09-27T23:12:00Z,2026-09-27T23:13:00Z,1.234925,1.238255,1.232825,1.238185
2026-09-27T23:13:00Z,2026-09-27T23:14:00Z,1.238285,1.240845,1.237495,1.239155
2026-09-27T23:14:00Z,2026-09-27T23:15:00Z,1.239015,1.239105,1.234275,1.237505
2026-09-27T23:15:00Z,2026-09-27T23:16:00Z,1.237445,1.239105,1.234205,1.236825
2026-09-27T23:16:00Z,2026-09-27T23:17:00Z,1.236885,1.238515,1.231495,1.233245
2026-09-27T23:17:00Z,2026-09-27T23:18:00Z,1.232955,1.240325,1.232645,1.240075
2026-09-27T23:18:00Z,2026-09-27T23:19:00Z,1.240005,1.240855,1.237685,1.237885
2026-09-27T23:19:00Z,2026-09-27T23:20:00Z,1.237935,1.240675,1.237095,1.239745
2026-09-27T23:20:00Z,2026-09-27T23:21:00Z,1.239875,1.244245,1.238175,1.240035
2026-09-27T23:21:00Z,2026-09-27T23:22:00Z,1.239745,1.240865,1.237455,1.237805
2026-09-27T23:22:00Z,2026-09-27T23:23:00Z,1.237505,1.239455,1.234715,1.237925
2026-09-27T23:23:00Z,2026-09-27T23:24:00Z,1.237955,1.239605,1.234505,1.239445
2026-09-27T23:24:00Z,2026-09-27T23:25:00Z,1.239255,1.243835,1.239165,1.242535
2026-09-27T23:25:00Z,2026-09-27T23:26:00Z,1.242605,1.243095,1.237225,1.237575
2026-09-27T23:26:00Z,2026-09-27T23:27:00Z,1.237675,1.239645,1.235995,1.237265
2026-09-27T23:27:00Z,2026-09-27T23:28:00Z,1.236865,1.239105,1.235835,1.237735
2026-09-27T23:28:00Z,2026-09-27T23:29:00Z,1.237985,1.240705,1.237405,1.238425
2026-09-27T23:29:00Z,2026-09-27T23:30:00Z,1.238435,1.243525,1.238235,1.243525
2026-09-27T23:30:00Z,2026-09-27T23:31:00Z,1.243565,1.243745,1.238525,1.238685
2026-09-27T23:31:00Z,2026-09-27T23:32:00Z,1.238565,1.242305,1.238565,1.240645
2026-09-27T23:32:00Z,2026-09-27T23:33:00Z,1.240695,1.245325,1.239325,1.244245
2026-09-27T23:33:00Z,2026-09-27T23:34:00Z,1.244595,1.245465,1.237745,1.242835
2026-09-27T23:34:00Z,2026-09-27T23:35:00Z,1.243085,1.247305,1.242925,1.247085
2026-09-27T23:35:00Z,2026-09-27T23:36:00Z,1.247215,1.248495,1.241675,1.242895
2026-09-27T23:36:00Z,2026-09-27T23:37:00Z,1.242795,1.245575,1.242715,1.244835
2026-09-27T23:37:00Z,2026-09-27T23:38:00Z,1.244775,1.247005,1.242765,1.243515
2026-09-27T23:38:00Z,2026-09-27T23:39:00Z,1.243645,1.246725,1.242395,1.246585
2026-09-27T23:39:00Z,2026-09-27T23:40:00Z,1.246745,1.248495,1.244955,1.247125
2026-09-27T23:40:00Z,2026-09-27T23:41:00Z,1.247225,1.251725,1.246025,1.250915
2026-09-27T23:41:00Z,2026-09-27T23:42:00Z,1.250885,1.258465,1.249915,1.258465
2026-09-27T23:42:00Z,2026-09-27T23:43:00Z,1.258495,1.263395,1.255605,1.262315
2026-09-27T23:43:00Z,2026-09-27T23:44:00Z,1.262225,1.264515,1.254545,1.254545
2026-09-27T23:44:00Z,2026-09-27T23:45:00Z,1.254655,1.256105,1.248745,1.249165
2026-09-27T23:45:00Z,2026-09-27T23:46:00Z,1.248925,1.251825,1.248325,1.248725
2026-09-27T23:46:00Z,2026-09-27T23:47:00Z,1.248695,1.254505,1.247685,1.254205
2026-09-27T23:47:00Z,2026-09-27T23:48:00Z,1.254145,1.256855,1.252815,1.253505
2026-09-27T23:48:00Z,2026-09-27T23:49:00Z,1.253685,1.259355,1.252215,1.258665
2026-09-27T23:49:00Z,2026-09-27T23:50:00Z,1.258695,1.263665,1.258215,1.260675
2026-09-27T23:50:00Z,2026-09-27T23:51:00Z,1.260585,1.263975,1.257805,1.263975
2026-09-27T23:51:00Z,2026-09-27T23:52:00Z,1.263875,1.268225,1.263205,1.266055
2026-09-27T23:52:00Z,2026-09-27T23:53:00Z,1.266065,1.266945,1.261695,1.262825
2026-09-27T23:53:00Z,2026-09-27T23:54:00Z,1.263145,1.264355,1.260445,1.264215
2026-09-27T23:54:00Z,2026-09-27T23:55:00Z,1.263545,1.266045,1.261575,1.265725
2026-09-27T23:55:00Z,2026-09-27T23:56:00Z,1.265625,1.265745,1.261445,1.263355
2026-09-27T23:56:00Z,2026-09-27T23:57:00Z,1.263345,1.264845,1.259935,1.262445
2026-09-27T23:57:00Z,2026-09-27T23:58:00Z,1.262795,1.271075,1.262315,1.269925
2026-09-27T23:58:00Z,2026-09-27T23:59:00Z,1.269855,1.272755,1.266495,1.272055
2026-09-27T23:59:00Z,2026-09-28T00:00:00Z,1.272625,1.274155,1.265245,1.267895
2026-09-28T00:00:00Z,2026-09-28T00:01:00Z,1.267775,1.271505,1.267355,1.271505
2026-09-28T00:01:00Z,2026-09-28T00:02:00Z,1.271885,1.273455,1.269205,1.271195
2026-09-28T00:02:00Z,2026-09-28T00:03:00Z,1.271075,1.273785,1.266495,1.266495
2026-09-28T00:03:00Z,2026-09-28T00:04:00Z,1.266625,1.268745,1.265305,1.268065
2026-09-28T00:04:00Z,2026-09-28T00:05:00Z,1.268385,1.272125,1.267115,1.270485
2026-09-28T00:05:00Z,2026-09-28T00:06:00Z,1.270595,1.275995,1.270585,1.275915
2026-09-28T00:06:00Z,2026-09-28T00:07:00Z,1.276165,1.279605,1.274645,1.279305
2026-09-28T00:07:00Z,2026-09-28T00:08:00Z,1.279235,1.279545,1.275945,1.276525
2026-09-28T00:08:00Z,2026-09-28T00:09:00Z,1.276785,1.277965,1.271125,1.271385
2026-09-28T00:09:00Z,2026-09-28T00:10:00Z,1.271725,1.275465,1.270965,1.274915
2026-09-28T00:10:00Z,2026-09-28T00:11:00Z,1.274225,1.274225,1.266805,1.269855
2026-09-28T00:11:00Z,2026-09-28T00:12:00Z,1.269805,1.269855,1.266315,1.268815
2026-09-28T00:12:00Z,2026-09-28T00:13:00Z,1.269165,1.269265,1.263955,1.264655
2026-09-28T00:13:00Z,2026-09-28T00:14:00Z,1.264875,1.268575,1.264875,1.266665
2026-09-28T00:14:00Z,2026-09-28T00:15:00Z,1.266755,1.266995,1.257825,1.258015
2026-09-28T00:15:00Z,2026-09-28T00:16:00Z,1.258065,1.258635,1.251415,1.255275
2026-09-28T00:16:00Z,2026-09-28T00:17:00Z,1.254875,1.257195,1.252705,1.256115
2026-09-28T00:17:00Z,2026-09-28T00:18:00Z,1.256165,1.256165,1.249375,1.250505
2026-09-28T00:18:00Z,2026-09-28T00:19:00Z,1.250475,1.252785,1.249085,1.251555
2026-09-28T00:19:00Z,2026-09-28T00:20:00Z,1.251475,1.253745,1.250045,1.251975
2026-09-28T00:20:00Z,2026-09-28T00:21:00Z,1.252025,1.257815,1.252025,1.256215
2026-09-28T00:21:00Z,2026-09-28T00:22:00Z,1.255965,1.257115,1.252155,1.253415
2026-09-28T00:22:00Z,2026-09-28T00:23:00Z,1.253285,1.262405,1.253285,1.262105
2026-09-28T00:23:00Z,2026-09-28T00:24:00Z,1.262185,1.263505,1.260525,1.261265
2026-09-28T00:24:00Z,2026-09-28T00:25:00Z,1.261165,1.261945,1.257485,1.257915
2026-09-28T00:25:00Z,2026-09-28T00:26:00Z,1.257825,1.259385,1.255205,1.255275
2026-09-28T00:26:00Z,2026-09-28T00:27:00Z,1.256315,1.258395,1.255295,1.257335
2026-09-28T00:27:00Z,2026-09-28T00:28:00Z,1.257415,1.261445,1.257205,1.260885
2026-09-28T00:28:00Z,2026-09-28T00:29:00Z,1.260755,1.262535,1.256945,1.257925
2026-09-28T00:29:00Z,2026-09-28T00:30:00Z,1.257605,1.262175,1.256615,1.261885
2026-09-28T00:30:00Z,2026-09-28T00:31:00Z,1.261975,1.263385,1.259655,1.262605
2026-09-28T00:31:00Z,2026-09-28T00:32:00Z,1.262745,1.265605,1.262705,1.263515
2026-09-28T00:32:00Z,2026-09-28T00:33:00Z,1.263425,1.265225,1.262215,1.262625
2026-09-28T00:33:00Z,2026-09-28T00:34:00Z,1.262575,1.263435,1.259465,1.259795
2026-09-28T00:34:00Z,2026-09-28T00:35:00Z,1.259785,1.261165,1.255695,1.256025
2026-09-28T00:35:00Z,2026-09-28T00:36:00Z,1.256145,1.259595,1.254555,1.259495
2026-09-28T00:36:00Z,2026-09-28T00:37:00Z,1.259755,1.262355,1.259145,1.262065
2026-09-28T00:37:00Z,2026-09-28T00:38:00Z,1.262165,1.262165,1.256635,1.258185
2026-09-28T00:38:00Z,2026-09-28T00:39:00Z,1.258495,1.263955,1.257745,1.263925
2026-09-28T00:39:00Z,2026-09-28T00:40:00Z,1.264045,1.264845,1.262045,1.263815
2026-09-28T00:40:00Z,2026-09-28T00:41:00Z,1.263715,1.264065,1.257065,1.258895
2026-09-28T00:41:00Z,2026-09-28T00:42:00Z,1.259025,1.263575,1.258755,1.260175
2026-09-28T00:42:00Z,2026-09-28T00:43:00Z,1.259855,1.263975,1.259375,1.263975
2026-09-28T00:43:00Z,2026-09-28T00:44:00Z,1.263935,1.269855,1.263935,1.268425
2026-09-28T00:44:00Z,2026-09-28T00:45:00Z,1.268155,1.272095,1.264785,1.271445
2026-09-28T00:45:00Z,2026-09-28T00:46:00Z,1.271465,1.275105,1.268045,1.269755
2026-09-28T00:46:00Z,2026-09-28T00:47:00Z,1.269675,1.271615,1.264735,1.266905
2026-09-28T00:47:00Z,2026-09-28T00:48:00Z,1.266945,1.269475,1.264345,1.266385
2026-09-28T00:48:00Z,2026-09-28T00:49:00Z,1.266355,1.266955,1.258295,1.258675
2026-09-28T00:49:00Z,2026-09-28T00:50:00Z,1.258895,1.261355,1.257675,1.259815
2026-09-28T00:50:00Z,2026-09-28T00:51:00Z,1.259505,1.265335,1.259085,1.264125
2026-09-28T00:51:00Z,2026-09-28T00:52:00Z,1.264105,1.270435,1.263475,1.269415
2026-09-28T00:52:00Z,2026-09-28T00:53:00Z,1.269545,1.272125,1.268065,1.271795
2026-09-28T00:53:00Z,2026-09-28T00:54:00Z,1.271425,1.271505,1.264195,1.264325
2026-09-28T00:54:00Z,2026-09-28T00:55:00Z,1.264355,1.266015,1.261845,1.264645
2026-09-28T00:55:00Z,2026-09-28T00:56:00Z,1.264045,1.264805,1.261715,1.263585
2026-09-28T00:56:00Z,2026-09-28T00:57:00Z,1.263485,1.263485,1.258475,1.260945
2026-09-28T00:57:00Z,2026-09-28T00:58:00Z,1.260985,1.261335,1.255085,1.255225
2026-09-28T00:58:00Z,2026-09-28T00:59:00Z,1.254395,1.257135,1.252405,1.255865
2026-09-28T00:59:00Z,2026-09-28T01:00:00Z,1.255765,1.256365,1.250515,1.251605
2026-09-28T01:00:00Z,2026-09-28T01:01:00Z,1.251475,1.252015,1.247105,1.249545
2026-09-28T01:01:00Z,2026-09-28T01:02:00Z,1.249385,1.251875,1.247375,1.251755
2026-09-28T01:02:00Z,2026-09-28T01:03:00Z,1.251675,1.255485,1.251475,1.255485
2026-09-28T01:03:00Z,2026-09-28T01:04:00Z,1.255495,1.257385,1.252845,1.254785
2026-09-28T01:04:00Z,2026-09-28T01:05:00Z,1.254905,1.259545,1.254825,1.258225
2026-09-28T01:05:00Z,2026-09-28T01:06:00Z,1.258405,1.258765,1.254525,1.256285
2026-09-28T01:06:00Z,2026-09-28T01:07:00Z,1.256235,1.263665,1.256235,1.263445
2026-09-28T01:07:00Z,2026-09-28T01:08:00Z,1.263165,1.267465,1.262325,1.266775
2026-09-28T01:08:00Z,2026-09-28T01:09:00Z,1.267465,1.269535,1.261565,1.262255
2026-09-28T01:09:00Z,2026-09-28T01:10:00Z,1.262285,1.265175,1.260675,1.264485
2026-09-28T01:10:00Z,2026-09-28T01:11:00Z,1.264435,1.267535,1.262705,1.263315
2026-09-28T01:11:00Z,2026-09-28T01:12:00Z,1.262925,1.264455,1.258605,1.261945
2026-09-28T01:12:00Z,2026-09-28T01:13:00Z,1.261815,1.269215,1.261485,1.268055
2026-09-28T01:13:00Z,2026-09-28T01:14:00Z,1.267945,1.268185,1.263575,1.264415
2026-09-28T01:14:00Z,2026-09-28T01:15:00Z,1.264545,1.268805,1.262805,1.267195
2026-09-28T01:15:00Z,2026-09-28T01:16:00Z,1.267305,1.267885,1.264225,1.264355
2026-09-28T01:16:00Z,2026-09-28T01:17:00Z,1.264345,1.264345,1.258235,1.261105
2026-09-28T01:17:00Z,2026-09-28T01:18:00Z,1.261495,1.261785,1.257575,1.261075
2026-09-28T01:18:00Z,2026-09-28T01:19:00Z,1.261055,1.265085,1.260185,1.261995
2026-09-28T01:19:00Z,2026-09-28T01:20:00Z,1.261875,1.264225,1.258925,1.262625
2026-09-28T01:20:00Z,2026-09-28T01:21:00Z,1.262665,1.265815,1.261875,1.264535
2026-09-28T01:21:00Z,2026-09-28T01:22:00Z,1.265025,1.267615,1.264175,1.267615
2026-09-28T01:22:00Z,2026-09-28T01:23:00Z,1.267295,1.274795,1.265935,1.274275
2026-09-28T01:23:00Z,2026-09-28T01:24:00Z,1.273825,1.274745,1.271795,1.272445
2026-09-28T01:24:00Z,2026-09-28T01:25:00Z,1.272315,1.277075,1.271235,1.274675
2026-09-28T01:25:00Z,2026-09-28T01:26:00Z,1.274855,1.277675,1.273695,1.277295
2026-09-28T01:26:00Z,2026-09-28T01:27:00Z,1.277055,1.280765,1.273045,1.280515
2026-09-28T01:27:00Z,2026-09-28T01:28:00Z,1.280415,1.288725,1.279695,1.288485
2026-09-28T01:28:00Z,2026-09-28T01:29:00Z,1.288075,1.290825,1.286655,1.289285
2026-09-28T01:29:00Z,2026-09-28T01:30:00Z,1.288635,1.288965,1.283435,1.284825
2026-09-28T01:30:00Z,2026-09-28T01:31:00Z,1.284315,1.285355,1.279125,1.280885
2026-09-28T01:31:00Z,2026-09-28T01:32:00Z,1.281225,1.284435,1.279945,1.281275
2026-09-28T01:32:00Z,2026-09-28T01:33:00Z,1.280875,1.280875,1.277885,1.279395
2026-09-28T01:33:00Z,2026-09-28T01:34:00Z,1.279355,1.282245,1.277205,1.278525
2026-09-28T01:34:00Z,2026-09-28T01:35:00Z,1.278565,1.280115,1.273365,1.277615
2026-09-28T01:35:00Z,2026-09-28T01:36:00Z,1.277865,1.280315,1.275475,1.280065
2026-09-28T01:36:00Z,2026-09-28T01:37:00Z,1.279785,1.281605,1.276555,1.276725
2026-09-28T01:37:00Z,2026-09-28T01:38:00Z,1.276635,1.278605,1.275645,1.278095
2026-09-28T01:38:00Z,2026-09-28T01:39:00Z,1.278055,1.280185,1.274835,1.274835
2026-09-28T01:39:00Z,2026-09-28T01:40:00Z,1.274875,1.276305,1.272115,1.272545
2026-09-28T01:40:00Z,2026-09-28T01:41:00Z,1.272185,1.277205,1.270995,1.277205
2026-09-28T01:41:00Z,2026-09-28T01:42:00Z,1.276965,1.279975,1.276065,1.277665
2026-09-28T01:42:00Z,2026-09-28T01:43:00Z,1.277645,1.278895,1.272785,1.272905
2026-09-28T01:43:00Z,2026-09-28T01:44:00Z,1.272615,1.273215,1.270105,1.270185
2026-09-28T01:44:00Z,2026-09-28T01:45:00Z,1.270305,1.271895,1.268855,1.271665
2026-09-28T01:45:00Z,2026-09-28T01:46:00Z,1.271575,1.274385,1.269935,1.272975
2026-09-28T01:46:00Z,2026-09-28T01:47:00Z,1.272925,1.273205,1.268265,1.268415
2026-09-28T01:47:00Z,2026-09-28T01:48:00Z,1.268685,1.269665,1.265305,1.265535
2026-09-28T01:48:00Z,2026-09-28T01:49:00Z,1.265355,1.267205,1.262385,1.266895
2026-09-28T01:49:00Z,2026-09-28T01:50:00Z,1.267445,1.267445,1.261025,1.262425
2026-09-28T01:50:00Z,2026-09-28T01:51:00Z,1.262485,1.268175,1.262235,1.263855
2026-09-28T01:51:00Z,2026-09-28T01:52:00Z,1.263935,1.268765,1.263515,1.268765
2026-09-28T01:52:00Z,2026-09-28T01:53:00Z,1.268705,1.269515,1.264785,1.266295
2026-09-28T01:53:00Z,2026-09-28T01:54:00Z,1.266485,1.271285,1.265125,1.269755
2026-09-28T01:54:00Z,2026-09-28T01:55:00Z,1.269895,1.275445,1.269595,1.273455
2026-09-28T01:55:00Z,2026-09-28T01:56:00Z,1.273405,1.274785,1.270055,1.270995
2026-09-28T01:56:00Z,2026-09-28T01:57:00Z,1.271035,1.272815,1.259575,1.259575
2026-09-28T01:57:00Z,2026-09-28T01:58:00Z,1.259885,1.260545,1.257905,1.260005
2026-09-28T01:58:00Z,2026-09-28T01:59:00Z,1.260175,1.260415,1.256085,1.257305
2026-09-28T01:59:00Z,2026-09-28T02:00:00Z,1.257215,1.261255,1.257215,1.258685
2026-09-28T02:00:00Z,2026-09-28T02:01:00Z,1.258555,1.259485,1.253215,1.254915
2026-09-28T02:01:00Z,2026-09-28T02:02:00Z,1.255425,1.256435,1.251455,1.252165
2026-09-28T02:02:00Z,2026-09-28T02:03:00Z,1.252515,1.254385,1.250275,1.251475
2026-09-28T02:03:00Z,2026-09-28T02:04:00Z,1.251545,1.251725,1.243935,1.243935
2026-09-28T02:04:00Z,2026-09-28T02:05:00Z,1.243985,1.248115,1.243895,1.247045
2026-09-28T02:05:00Z,2026-09-28T02:06:00Z,1.247175,1.250895,1.245435,1.245595
2026-09-28T02:06:00Z,2026-09-28T02:07:00Z,1.245775,1.248635,1.245155,1.248145
2026-09-28T02:07:00Z,2026-09-28T02:08:00Z,1.248185,1.251635,1.246425,1.247615
2026-09-28T02:08:00Z,2026-09-28T02:09:00Z,1.247575,1.249925,1.245695,1.248375
2026-09-28T02:09:00Z,2026-09-28T02:10:00Z,1.248385,1.249415,1.244365,1.248875
2026-09-28T02:10:00Z,2026-09-28T02:11:00Z,1.248905,1.249045,1.242275,1.242275
2026-09-28T02:11:00Z,2026-09-28T02:12:00Z,1.242655,1.244545,1.239255,1.239255
2026-09-28T02:12:00Z,2026-09-28T02:13:00Z,1.238985,1.242295,1.238635,1.239965
2026-09-28T02:13:00Z,2026-09-28T02:14:00Z,1.240005,1.241945,1.235955,1.236905
2026-09-28T02:14:00Z,2026-09-28T02:15:00Z,1.237245,1.242855,1.236275,1.242265
2026-09-28T02:15:00Z,2026-09-28T02:16:00Z,1.242225,1.244805,1.240525,1.241685
2026-09-28T02:16:00Z,2026-09-28T02:17:00Z,1.241295,1.241585,1.236485,1.237795
2026-09-28T02:17:00Z,2026-09-28T02:18:00Z,1.237765,1.244415,1.236875,1.244015
2026-09-28T02:18:00Z,2026-09-28T02:19:00Z,1.244075,1.245605,1.242195,1.245065
2026-09-28T02:19:00Z,2026-09-28T02:20:00Z,1.245035,1.246575,1.237775,1.239085
2026-09-28T02:20:00Z,2026-09-28T02:21:00Z,1.239095,1.241615,1.234715,1.235315
2026-09-28T02:21:00Z,2026-09-28T02:22:00Z,1.235675,1.236155,1.226235,1.226685
2026-09-28T02:22:00Z,2026-09-28T02:23:00Z,1.226765,1.228015,1.220185,1.221085
2026-09-28T02:23:00Z,2026-09-28T02:24:00Z,1.221215,1.225915,1.218725,1.218725
2026-09-28T02:24:00Z,2026-09-28T02:25:00Z,1.218815,1.222455,1.217985,1.220795
2026-09-28T02:25:00Z,2026-09-28T02:26:00Z,1.220555,1.221515,1.218965,1.220725
2026-09-28T02:26:00Z,2026-09-28T02:27:00Z,1.220845,1.222925,1.218685,1.222925
2026-09-28T02:27:00Z,2026-09-28T02:28:00Z,1.223595,1.226365,1.221305,1.221305
2026-09-28T02:28:00Z,2026-09-28T02:29:00Z,1.220785,1.222085,1.218515,1.220315
2026-09-28T02:29:00Z,2026-09-28T02:30:00Z,1.220405,1.221415,1.215525,1.216045
2026-09-28T02:30:00Z,2026-09-28T02:31:00Z,1.215935,1.217845,1.212885,1.217845
2026-09-28T02:31:00Z,2026-09-28T02:32:00Z,1.218185,1.220595,1.217105,1.218855
2026-09-28T02:32:00Z,2026-09-28T02:33:00Z,1.218265,1.225565,1.217945,1.225415
2026-09-28T02:33:00Z,2026-09-28T02:34:00Z,1.225435,1.226035,1.220175,1.223235
2026-09-28T02:34:00Z,2026-09-28T02:35:00Z,1.223065,1.223345,1.219145,1.220925
2026-09-28T02:35:00Z,2026-09-28T02:36:00Z,1.220815,1.222065,1.217035,1.217365
2026-09-28T02:36:00Z,2026-09-28T02:37:00Z,1.217435,1.221605,1.216505,1.219785
2026-09-28T02:37:00Z,2026-09-28T02:38:00Z,1.219475,1.221145,1.217535,1.220745
2026-09-28T02:38:00Z,2026-09-28T02:39:00Z,1.220755,1.225045,1.220755,1.223225
2026-09-28T02:39:00Z,2026-09-28T02:40:00Z,1.222845,1.229475,1.221565,1.228405
2026-09-28T02:40:00Z,2026-09-28T02:41:00Z,1.228465,1.228975,1.221545,1.223855
2026-09-28T02:41:00Z,2026-09-28T02:42:00Z,1.223865,1.227185,1.222205,1.226855
2026-09-28T02:42:00Z,2026-09-28T02:43:00Z,1.227495,1.232805,1.227195,1.232255
2026-09-28T02:43:00Z,2026-09-28T02:44:00Z,1.232205,1.232695,1.229905,1.230575
2026-09-28T02:44:00Z,2026-09-28T02:45:00Z,1.230465,1.232885,1.229905,1.232625
2026-09-28T02:45:00Z,2026-09-28T02:46:00Z,1.232755,1.233225,1.230225,1.230485
2026-09-28T02:46:00Z,2026-09-28T02:47:00Z,1.230415,1.230645,1.228255,1.228915
2026-09-28T02:47:00Z,2026-09-28T02:48:00Z,1.228875,1.231065,1.227875,1.227985
2026-09-28T02:48:00Z,2026-09-28T02:49:00Z,1.227745,1.230955,1.225035,1.230645
2026-09-28T02:49:00Z,2026-09-28T02:50:00Z,1.230945,1.238445,1.229455,1.237565
2026-09-28T02:50:00Z,2026-09-28T02:51:00Z,1.237585,1.244265,1.236085,1.243855
2026-09-28T02:51:00Z,2026-09-28T02:52:00Z,1.243805,1.246635,1.242965,1.243485
2026-09-28T02:52:00Z,2026-09-28T02:53:00Z,1.243365,1.248875,1.240605,1.246255
2026-09-28T02:53:00Z,2026-09-28T02:54:00Z,1.246575,1.250005,1.246525,1.248745
2026-09-28T02:54:00Z,2026-09-28T02:55:00Z,1.248655,1.250185,1.247665,1.249645
2026-09-28T02:55:00Z,2026-09-28T02:56:00Z,1.249585,1.252655,1.248795,1.251095
2026-09-28T02:56:00Z,2026-09-28T02:57:00Z,1.251025,1.251345,1.243885,1.244665
2026-09-28T02:57:00Z,2026-09-28T02:58:00Z,1.244735,1.248425,1.244695,1.247735
2026-09-28T02:58:00Z,2026-09-28T02:59:00Z,1.248145,1.249415,1.244635,1.245595
2026-09-28T02:59:00Z,2026-09-28T03:00:00Z,1.245695,1.249375,1.245255,1.247715
2026-09-28T03:00:00Z,2026-09-28T03:01:00Z,1.248355,1.253265,1.248095,1.253015
2026-09-28T03:01:00Z,2026-09-28T03:02:00Z,1.252965,1.255195,1.252355,1.252685
2026-09-28T03:02:00Z,2026-09-28T03:03:00Z,1.252115,1.260855,1.251975,1.260765
2026-09-28T03:03:00Z,2026-09-28T03:04:00Z,1.261075,1.262285,1.257385,1.259295
2026-09-28T03:04:00Z,2026-09-28T03:05:00Z,1.259375,1.262415,1.259025,1.259585
2026-09-28T03:05:00Z,2026-09-28T03:06:00Z,1.259635,1.263015,1.255945,1.255945
2026-09-28T03:06:00Z,2026-09-28T03:07:00Z,1.255905,1.256305,1.252865,1.254025
2026-09-28T03:07:00Z,2026-09-28T03:08:00Z,1.254095,1.254095,1.250965,1.253305
2026-09-28T03:08:00Z,2026-09-28T03:09:00Z,1.253235,1.256775,1.253005,1.255795
2026-09-28T03:09:00Z,2026-09-28T03:10:00Z,1.256725,1.257735,1.251265,1.255845
2026-09-28T03:10:00Z,2026-09-28T03:11:00Z,1.255735,1.256695,1.248575,1.250155
2026-09-28T03:11:00Z,2026-09-28T03:12:00Z,1.250255,1.250805,1.246775,1.248395
2026-09-28T03:12:00Z,2026-09-28T03:13:00Z,1.248485,1.251735,1.247895,1.250045
2026-09-28T03:13:00Z,2026-09-28T03:14:00Z,1.250035,1.252155,1.246255,1.247835
2026-09-28T03:14:00Z,2026-09-28T03:15:00Z,1.247865,1.248195,1.241495,1.241815
2026-09-28T03:15:00Z,2026-09-28T03:16:00Z,1.242605,1.244525,1.240555,1.241625
2026-09-28T03:16:00Z,2026-09-28T03:17:00Z,1.241385,1.243025,1.239255,1.241295
2026-09-28T03:17:00Z,2026-09-28T03:18:00Z,1.241465,1.243005,1.234435,1.236645
2026-09-28T03:18:00Z,2026-09-28T03:19:00Z,1.236675,1.237785,1.231185,1.232845
2026-09-28T03:19:00Z,2026-09-28T03:20:00Z,1.232755,1.232965,1.229275,1.230715
2026-09-28T03:20:00Z,2026-09-28T03:21:00Z,1.230735,1.236015,1.229795,1.234835
2026-09-28T03:21:00Z,2026-09-28T03:22:00Z,1.234865,1.237585,1.232865,1.236575
2026-09-28T03:22:00Z,2026-09-28T03:23:00Z,1.237155,1.238405,1.234395,1.234475
2026-09-28T03:23:00Z,2026-09-28T03:24:00Z,1.234365,1.237405,1.233205,1.237345
2026-09-28T03:24:00Z,2026-09-28T03:25:00Z,1.237405,1.241415,1.236515,1.238945
2026-09-28T03:25:00Z,2026-09-28T03:26:00Z,1.238935,1.241345,1.237905,1.239055
2026-09-28T03:26:00Z,2026-09-28T03:27:00Z,1.238985,1.240475,1.235215,1.235395
2026-09-28T03:27:00Z,2026-09-28T03:28:00Z,1.234885,1.240495,1.234495,1.238945
2026-09-28T03:28:00Z,2026-09-28T03:29:00Z,1.239205,1.239675,1.233395,1.234165
2026-09-28T03:29:00Z,2026-09-28T03:30:00Z,1.234215,1.235135,1.230695,1.231415
2026-09-28T03:30:00Z,2026-09-28T03:31:00Z,1.231265,1.234325,1.230085,1.233975
2026-09-28T03:31:00Z,2026-09-28T03:32:00Z,1.233995,1.236165,1.232665,1.234365
2026-09-28T03:32:00Z,2026-09-28T03:33:00Z,1.234255,1.235955,1.229685,1.232675
2026-09-28T03:33:00Z,2026-09-28T03:34:00Z,1.232245,1.235315,1.227905,1.228125
2026-09-28T03:34:00Z,2026-09-28T03:35:00Z,1.228105,1.228835,1.225605,1.227955
2026-09-28T03:35:00Z,2026-09-28T03:36:00Z,1.228025,1.232545,1.227375,1.232545
2026-09-28T03:36:00Z,2026-09-28T03:37:00Z,1.232415,1.233155,1.229515,1.231325
2026-09-28T03:37:00Z,2026-09-28T03:38:00Z,1.231455,1.235145,1.230385,1.233575
2026-09-28T03:38:00Z,2026-09-28T03:39:00Z,1.233015,1.233765,1.230015,1.232435
2026-09-28T03:39:00Z,2026-09-28T03:40:00Z,1.232365,1.238025,1.230335,1.238025
2026-09-28T03:40:00Z,2026-09-28T03:41:00Z,1.238065,1.238195,1.230485,1.231015
2026-09-28T03:41:00Z,2026-09-28T03:42:00Z,1.231025,1.231645,1.225305,1.226855
2026-09-28T03:42:00Z,2026-09-28T03:43:00Z,1.226915,1.228055,1.222125,1.223005
2026-09-28T03:43:00Z,2026-09-28T03:44:00Z,1.222955,1.227835,1.221775,1.225495
2026-09-28T03:44:00Z,2026-09-28T03:45:00Z,1.225195,1.228075,1.224565,1.226925
2026-09-28T03:45:00Z,2026-09-28T03:46:00Z,1.226835,1.230595,1.225175,1.229375
2026-09-28T03:46:00Z,2026-09-28T03:47:00Z,1.229265,1.236415,1.228275,1.236275
2026-09-28T03:47:00Z,2026-09-28T03:48:00Z,1.236215,1.237945,1.234165,1.237785
2026-09-28T03:48:00Z,2026-09-28T03:49:00Z,1.237775,1.238545,1.230335,1.230835
2026-09-28T03:49:00Z,2026-09-28T03:50:00Z,1.230855,1.231965,1.226355,1.226935
2026-09-28T03:50:00Z,2026-09-28T03:51:00Z,1.226845,1.227785,1.221985,1.223055
2026-09-28T03:51:00Z,2026-09-28T03:52:00Z,1.223035,1.224405,1.220195,1.221535
2026-09-28T03:52:00Z,2026-09-28T03:53:00Z,1.221485,1.224315,1.221455,1.223315
2026-09-28T03:53:00Z,2026-09-28T03:54:00Z,1.223285,1.225435,1.220345,1.220935
2026-09-28T03:54:00Z,2026-09-28T03:55:00Z,1.220855,1.221585,1.217085,1.220975
2026-09-28T03:55:00Z,2026-09-28T03:56:00Z,1.220925,1.223485,1.214725,1.215145
2026-09-28T03:56:00Z,2026-09-28T03:57:00Z,1.214825,1.217715,1.213085,1.215935
2026-09-28T03:57:00Z,2026-09-28T03:58:00Z,1.215735,1.217345,1.210335,1.210575
2026-09-28T03:58:00Z,2026-09-28T03:59:00Z,1.210755,1.212625,1.209675,1.212215
2026-09-28T03:59:00Z,2026-09-28T04:00:00Z,1.212265,1.213825,1.211335,1.213095
2026-09-28T04:00:00Z,2026-09-28T04:01:00Z,1.213015,1.216535,1.212915,1.214815
2026-09-28T04:01:00Z,2026-09-28T04:02:00Z,1.214775,1.216855,1.211755,1.212885
2026-09-28T04:02:00Z,2026-09-28T04:03:00Z,1.213185,1.216105,1.212105,1.214085
2026-09-28T04:03:00Z,2026-09-28T04:04:00Z,1.214055,1.215295,1.212385,1.213045
2026-09-28T04:04:00Z,2026-09-28T04:05:00Z,1.212435,1.214675,1.211365,1.212835
2026-09-28T04:05:00Z,2026-09-28T04:06:00Z,1.212905,1.215525,1.210985,1.214215
2026-09-28T04:06:00Z,2026-09-28T04:07:00Z,1.213955,1.216375,1.212395,1.215905
2026-09-28T04:07:00Z,2026-09-28T04:08:00Z,1.216015,1.222955,1.214995,1.220535
2026-09-28T04:08:00Z,2026-09-28T04:09:00Z,1.220635,1.222755,1.219945,1.221115
2026-09-28T04:09:00Z,2026-09-28T04:10:00Z,1.220875,1.227255,1.219575,1.222415
2026-09-28T04:10:00Z,2026-09-28T04:11:00Z,1.222225,1.225145,1.220615,1.224485
2026-09-28T04:11:00Z,2026-09-28T04:12:00Z,1.224545,1.228695,1.224545,1.227185
2026-09-28T04:12:00Z,2026-09-28T04:13:00Z,1.227205,1.227315,1.224095,1.226645
2026-09-28T04:13:00Z,2026-09-28T04:14:00Z,1.226315,1.227455,1.224195,1.226515
2026-09-28T04:14:00Z,2026-09-28T04:15:00Z,1.226325,1.227385,1.222155,1.223645
2026-09-28T04:15:00Z,2026-09-28T04:16:00Z,1.223695,1.225035,1.221995,1.223905
2026-09-28T04:16:00Z,2026-09-28T04:17:00Z,1.223965,1.224805,1.217125,1.217125
2026-09-28T04:17:00Z,2026-09-28T04:18:00Z,1.217215,1.218185,1.213645,1.214835
2026-09-28T04:18:00Z,2026-09-28T04:19:00Z,1.214905,1.216385,1.212965,1.214655
2026-09-28T04:19:00Z,2026-09-28T04:20:00Z,1.214945,1.215745,1.212985,1.213505
2026-09-28T04:20:00Z,2026-09-28T04:21:00Z,1.212975,1.214305,1.211405,1.211455
2026-09-28T04:21:00Z,2026-09-28T04:22:00Z,1.211375,1.211375,1.204295,1.205985
2026-09-28T04:22:00Z,2026-09-28T04:23:00Z,1.206085,1.206545,1.200565,1.201275
2026-09-28T04:23:00Z,2026-09-28T04:24:00Z,1.201215,1.205435,1.200005,1.204145
2026-09-28T04:24:00Z,2026-09-28T04:25:00Z,1.204095,1.208755,1.203115,1.208735
2026-09-28T04:25:00Z,2026-09-28T04:26:00Z,1.208795,1.215505,1.207905,1.212205
2026-09-28T04:26:00Z,2026-09-28T04:27:00Z,1.211955,1.211955,1.208295,1.208415
2026-09-28T04:27:00Z,2026-09-28T04:28:00Z,1.208435,1.210645,1.204015,1.209815
2026-09-28T04:28:00Z,2026-09-28T04:29:00Z,1.210135,1.210285,1.204795,1.209415
2026-09-28T04:29:00Z,2026-09-28T04:30:00Z,1.209625,1.209865,1.204775,1.209515
2026-09-28T04:30:00Z,2026-09-28T04:31:00Z,1.209435,1.211445,1.206295,1.207215
2026-09-28T04:31:00Z,2026-09-28T04:32:00Z,1.207085,1.211755,1.205985,1.210595
2026-09-28T04:32:00Z,2026-09-28T04:33:00Z,1.210515,1.213465,1.208785,1.212545
2026-09-28T04:33:00Z,2026-09-28T04:34:00Z,1.212645,1.216115,1.210265,1.212835
2026-09-28T04:34:00Z,2026-09-28T04:35:00Z,1.212475,1.213325,1.207775,1.212735
2026-09-28T04:35:00Z,2026-09-28T04:36:00Z,1.212635,1.212945,1.208195,1.208585
2026-09-28T04:36:00Z,2026-09-28T04:37:00Z,1.208715,1.210465,1.207185,1.207565
2026-09-28T04:37:00Z,2026-09-28T04:38:00Z,1.207585,1.211235,1.206525,1.209125
2026-09-28T04:38:00Z,2026-09-28T04:39:00Z,1.209045,1.211845,1.208415,1.209065
2026-09-28T04:39:00Z,2026-09-28T04:40:00Z,1.209385,1.210785,1.207915,1.208235
2026-09-28T04:40:00Z,2026-09-28T04:41:00Z,1.208225,1.211655,1.207575,1.210125
2026-09-28T04:41:00Z,2026-09-28T04:42:00Z,1.210015,1.212645,1.207815,1.208815
2026-09-28T04:42:00Z,2026-09-28T04:43:00Z,1.208865,1.209825,1.205765,1.208825
2026-09-28T04:43:00Z,2026-09-28T04:44:00Z,1.208705,1.215435,1.208705,1.214505
2026-09-28T04:44:00Z,2026-09-28T04:45:00Z,1.214595,1.214625,1.207885,1.207885
2026-09-28T04:45:00Z,2026-09-28T04:46:00Z,1.207565,1.210315,1.206655,1.208775
2026-09-28T04:46:00Z,2026-09-28T04:47:00Z,1.209015,1.210605,1.207565,1.210265
2026-09-28T04:47:00Z,2026-09-28T04:48:00Z,1.210335,1.213345,1.208385,1.208385
2026-09-28T04:48:00Z,2026-09-28T04:49:00Z,1.208735,1.209385,1.205185,1.205335
2026-09-28T04:49:00Z,2026-09-28T04:50:00Z,1.205235,1.206615,1.202905,1.202935
2026-09-28T04:50:00Z,2026-09-28T04:51:00Z,1.202895,1.208545,1.202695,1.207035
2026-09-28T04:51:00Z,2026-09-28T04:52:00Z,1.207235,1.207435,1.202075,1.202745
2026-09-28T04:52:00Z,2026-09-28T04:53:00Z,1.202835,1.206765,1.201115,1.205535
2026-09-28T04:53:00Z,2026-09-28T04:54:00Z,1.205475,1.206105,1.200675,1.204545
2026-09-28T04:54:00Z,2026-09-28T04:55:00Z,1.204465,1.207585,1.203075,1.204845
2026-09-28T04:55:00Z,2026-09-28T04:56:00Z,1.204785,1.206585,1.203275,1.206355
2026-09-28T04:56:00Z,2026-09-28T04:57:00Z,1.206305,1.208725,1.203455,1.204985
2026-09-28T04:57:00Z,2026-09-28T04:58:00Z,1.205245,1.214525,1.205245,1.213645
2026-09-28T04:58:00Z,2026-09-28T04:59:00Z,1.213735,1.213965,1.208315,1.210575
2026-09-28T04:59:00Z,2026-09-28T05:00:00Z,1.210585,1.212805,1.206095,1.206275
2026-09-28T05:00:00Z,2026-09-28T05:01:00Z,1.206215,1.209735,1.205765,1.209735
2026-09-28T05:01:00Z,2026-09-28T05:02:00Z,1.209675,1.212835,1.207395,1.212375
2026-09-28T05:02:00Z,2026-09-28T05:03:00Z,1.212975,1.213345,1.210375,1.211965
2026-09-28T05:03:00Z,2026-09-28T05:04:00Z,1.211895,1.217495,1.211565,1.216255
2026-09-28T05:04:00Z,2026-09-28T05:05:00Z,1.216365,1.218275,1.215785,1.217155
2026-09-28T05:05:00Z,2026-09-28T05:06:00Z,1.216865,1.218305,1.214485,1.214695
2026-09-28T05:06:00Z,2026-09-28T05:07:00Z,1.214325,1.216145,1.212845,1.213765
2026-09-28T05:07:00Z,2026-09-28T05:08:00Z,1.214055,1.219685,1.213275,1.217145
2026-09-28T05:08:00Z,2026-09-28T05:09:00Z,1.216755,1.216825,1.211685,1.215625
2026-09-28T05:09:00Z,2026-09-28T05:10:00Z,1.215495,1.218155,1.211715,1.217495
2026-09-28T05:10:00Z,2026-09-28T05:11:00Z,1.217775,1.223745,1.216285,1.216365
2026-09-28T05:11:00Z,2026-09-28T05:12:00Z,1.216255,1.217935,1.213375,1.214725
2026-09-28T05:12:00Z,2026-09-28T05:13:00Z,1.214655,1.216945,1.213585,1.216945
2026-09-28T05:13:00Z,2026-09-28T05:14:00Z,1.217015,1.217015,1.212045,1.215915
2026-09-28T05:14:00Z,2026-09-28T05:15:00Z,1.215785,1.217145,1.213175,1.213255
2026-09-28T05:15:00Z,2026-09-28T05:16:00Z,1.212995,1.216175,1.212965,1.214255
2026-09-28T05:16:00Z,2026-09-28T05:17:00Z,1.214365,1.218795,1.214345,1.217555
2026-09-28T05:17:00Z,2026-09-28T05:18:00Z,1.217475,1.223265,1.215735,1.221585
2026-09-28T05:18:00Z,2026-09-28T05:19:00Z,1.221605,1.224225,1.220395,1.221215
2026-09-28T05:19:00Z,2026-09-28T05:20:00Z,1.220825,1.224465,1.220495,1.221295
2026-09-28T05:20:00Z,2026-09-28T05:21:00Z,1.221405,1.226455,1.221275,1.226455
2026-09-28T05:21:00Z,2026-09-28T05:22:00Z,1.226395,1.227555,1.222375,1.222475
2026-09-28T05:22:00Z,2026-09-28T05:23:00Z,1.222465,1.224635,1.219055,1.222595
2026-09-28T05:23:00Z,2026-09-28T05:24:00Z,1.222655,1.224775,1.218835,1.224525
2026-09-28T05:24:00Z,2026-09-28T05:25:00Z,1.224585,1.225075,1.219935,1.221915
2026-09-28T05:25:00Z,2026-09-28T05:26:00Z,1.221985,1.222215,1.214225,1.217365
2026-09-28T05:26:00Z,2026-09-28T05:27:00Z,1.217245,1.220955,1.215985,1.218195
2026-09-28T05:27:00Z,2026-09-28T05:28:00Z,1.218085,1.219255,1.216175,1.218275
2026-09-28T05:28:00Z,2026-09-28T05:29:00Z,1.218195,1.220825,1.217175,1.219465
2026-09-28T05:29:00Z,2026-09-28T05:30:00Z,1.219565,1.220405,1.215725,1.220375
2026-09-28T05:30:00Z,2026-09-28T05:31:00Z,1.220295,1.224895,1.219105,1.223685
2026-09-28T05:31:00Z,2026-09-28T05:32:00Z,1.223645,1.223805,1.219875,1.223035
2026-09-28T05:32:00Z,2026-09-28T05:33:00Z,1.222545,1.225065,1.221655,1.222025
2026-09-28T05:33:00Z,2026-09-28T05:34:00Z,1.222005,1.223305,1.220385,1.222485
2026-09-28T05:34:00Z,2026-09-28T05:35:00Z,1.223145,1.223405,1.216425,1.218725
2026-09-28T05:35:00Z,2026-09-28T05:36:00Z,1.219105,1.219105,1.209305,1.210195
2026-09-28T05:36:00Z,2026-09-28T05:37:00Z,1.210355,1.214875,1.209775,1.214875
2026-09-28T05:37:00Z,2026-09-28T05:38:00Z,1.214855,1.215525,1.211905,1.213415
2026-09-28T05:38:00Z,2026-09-28T05:39:00Z,1.213075,1.217655,1.212385,1.216495
2026-09-28T05:39:00Z,2026-09-28T05:40:00Z,1.216355,1.218625,1.215305,1.217885
2026-09-28T05:40:00Z,2026-09-28T05:41:00Z,1.218125,1.219475,1.215445,1.215465
2026-09-28T05:41:00Z,2026-09-28T05:42:00Z,1.215395,1.215675,1.211065,1.211835
2026-09-28T05:42:00Z,2026-09-28T05:43:00Z,1.211805,1.213305,1.209745,1.211965
2026-09-28T05:43:00Z,2026-09-28T05:44:00Z,1.211855,1.217715,1.211625,1.215585
2026-09-28T05:44:00Z,2026-09-28T05:45:00Z,1.215705,1.217115,1.212275,1.212385
2026-09-28T05:45:00Z,2026-09-28T05:46:00Z,1.212035,1.218375,1.211395,1.214575
2026-09-28T05:46:00Z,2026-09-28T05:47:00Z,1.214545,1.218135,1.213395,1.214545
2026-09-28T05:47:00Z,2026-09-28T05:48:00Z,1.214515,1.215315,1.207785,1.209945
2026-09-28T05:48:00Z,2026-09-28T05:49:00Z,1.210065,1.210225,1.206365,1.207755
2026-09-28T05:49:00Z,2026-09-28T05:50:00Z,1.207725,1.209015,1.204825,1.206435
2026-09-28T05:50:00Z,2026-09-28T05:51:00Z,1.206365,1.211765,1.205085,1.211155
2026-09-28T05:51:00Z,2026-09-28T05:52:00Z,1.211085,1.213235,1.207765,1.207875
2026-09-28T05:52:00Z,2026-09-28T05:53:00Z,1.207925,1.208015,1.205785,1.207865
2026-09-28T05:53:00Z,2026-09-28T05:54:00Z,1.207955,1.211315,1.203225,1.203425
2026-09-28T05:54:00Z,2026-09-28T05:55:00Z,1.203335,1.205325,1.201765,1.202135
2026-09-28T05:55:00Z,2026-09-28T05:56:00Z,1.202165,1.203965,1.200145,1.202945
2026-09-28T05:56:00Z,2026-09-28T05:57:00Z,1.202825,1.203245,1.198865,1.202635
2026-09-28T05:57:00Z,2026-09-28T05:58:00Z,1.202615,1.204795,1.199055,1.202695
2026-09-28T05:58:00Z,2026-09-28T05:59:00Z,1.202705,1.204015,1.200435,1.201095
2026-09-28T05:59:00Z,2026-09-28T06:00:00Z,1.200995,1.202945,1.199415,1.200765
2026-09-28T06:00:00Z,2026-09-28T06:01:00Z,1.199805,1.204685,1.199465,1.204115
2026-09-28T06:01:00Z,2026-09-28T06:02:00Z,1.204105,1.210635,1.204105,1.205705
2026-09-28T06:02:00Z,2026-09-28T06:03:00Z,1.205665,1.211455,1.205225,1.210595
2026-09-28T06:03:00Z,2026-09-28T06:04:00Z,1.210515,1.210515,1.202545,1.205035
2026-09-28T06:04:00Z,2026-09-28T06:05:00Z,1.205135,1.205575,1.201255,1.202235
2026-09-28T06:05:00Z,2026-09-28T06:06:00Z,1.202275,1.206985,1.199995,1.204255
2026-09-28T06:06:00Z,2026-09-28T06:07:00Z,1.204305,1.211775,1.203545,1.210195
2026-09-28T06:07:00Z,2026-09-28T06:08:00Z,1.210555,1.214185,1.209685,1.210225
2026-09-28T06:08:00Z,2026-09-28T06:09:00Z,1.210085,1.210405,1.206285,1.206445
2026-09-28T06:09:00Z,2026-09-28T06:10:00Z,1.206505,1.208275,1.200305,1.201045
2026-09-28T06:10:00Z,2026-09-28T06:11:00Z,1.201415,1.208835,1.200795,1.208385
2026-09-28T06:11:00Z,2026-09-28T06:12:00Z,1.208515,1.209425,1.203855,1.206485
2026-09-28T06:12:00Z,2026-09-28T06:13:00Z,1.206505,1.206505,1.200765,1.203685
2026-09-28T06:13:00Z,2026-09-28T06:14:00Z,1.203785,1.212525,1.203745,1.212525
2026-09-28T06:14:00Z,2026-09-28T06:15:00Z,1.212545,1.215925,1.210625,1.215925
2026-09-28T06:15:00Z,2026-09-28T06:16:00Z,1.215985,1.216685,1.213105,1.213715
2026-09-28T06:16:00Z,2026-09-28T06:17:00Z,1.213695,1.216115,1.211765,1.215245
2026-09-28T06:17:00Z,2026-09-28T06:18:00Z,1.215385,1.220975,1.214925,1.217855
2026-09-28T06:18:00Z,2026-09-28T06:19:00Z,1.217645,1.225565,1.217285,1.223995
2026-09-28T06:19:00Z,2026-09-28T06:20:00Z,1.223605,1.225205,1.219635,1.220615
2026-09-28T06:20:00Z,2026-09-28T06:21:00Z,1.220915,1.223495,1.216965,1.218825
2026-09-28T06:21:00Z,2026-09-28T06:22:00Z,1.218955,1.221355,1.217905,1.220085
2026-09-28T06:22:00Z,2026-09-28T06:23:00Z,1.220035,1.221895,1.218755,1.221265
2026-09-28T06:23:00Z,2026-09-28T06:24:00Z,1.221155,1.226175,1.221005,1.225025
2026-09-28T06:24:00Z,2026-09-28T06:25:00Z,1.224695,1.226695,1.221945,1.222925
2026-09-28T06:25:00Z,2026-09-28T06:26:00Z,1.222875,1.223765,1.215175,1.216555
2026-09-28T06:26:00Z,2026-09-28T06:27:00Z,1.216605,1.223305,1.216165,1.219935
2026-09-28T06:27:00Z,2026-09-28T06:28:00Z,1.220185,1.224455,1.219565,1.224455
2026-09-28T06:28:00Z,2026-09-28T06:29:00Z,1.224525,1.229125,1.223145,1.227205
2026-09-28T06:29:00Z,2026-09-28T06:30:00Z,1.226875,1.228725,1.222645,1.227275
2026-09-28T06:30:00Z,2026-09-28T06:31:00Z,1.227345,1.227345,1.220445,1.220445
2026-09-28T06:31:00Z,2026-09-28T06:32:00Z,1.220505,1.222975,1.217825,1.218895
2026-09-28T06:32:00Z,2026-09-28T06:33:00Z,1.218925,1.220675,1.216235,1.220295
2026-09-28T06:33:00Z,2026-09-28T06:34:00Z,1.220265,1.220265,1.211995,1.212795
2026-09-28T06:34:00Z,2026-09-28T06:35:00Z,1.212915,1.214025,1.210465,1.210505
2026-09-28T06:35:00Z,2026-09-28T06:36:00Z,1.210475,1.212535,1.208365,1.208965
2026-09-28T06:36:00Z,2026-09-28T06:37:00Z,1.209455,1.212235,1.208105,1.208245
2026-09-28T06:37:00Z,2026-09-28T06:38:00Z,1.208525,1.211855,1.208405,1.210975
2026-09-28T06:38:00Z,2026-09-28T06:39:00Z,1.211115,1.215745,1.211115,1.213535
2026-09-28T06:39:00Z,2026-09-28T06:40:00Z,1.213635,1.213665,1.210845,1.211565
2026-09-28T06:40:00Z,2026-09-28T06:41:00Z,1.211655,1.212055,1.206185,1.206685
2026-09-28T06:41:00Z,2026-09-28T06:42:00Z,1.206715,1.210435,1.206715,1.210205
2026-09-28T06:42:00Z,2026-09-28T06:43:00Z,1.210115,1.214745,1.209385,1.214335
2026-09-28T06:43:00Z,2026-09-28T06:44:00Z,1.214265,1.214585,1.209275,1.209275
2026-09-28T06:44:00Z,2026-09-28T06:45:00Z,1.209165,1.212355,1.207265,1.211945
2026-09-28T06:45:00Z,2026-09-28T06:46:00Z,1.212285,1.214475,1.210475,1.213275
2026-09-28T06:46:00Z,2026-09-28T06:47:00Z,1.213035,1.215625,1.212625,1.213635
2026-09-28T06:47:00Z,2026-09-28T06:48:00Z,1.213725,1.215355,1.212445,1.214615
2026-09-28T06:48:00Z,2026-09-28T06:49:00Z,1.214535,1.217425,1.213265,1.216165
2026-09-28T06:49:00Z,2026-09-28T06:50:00Z,1.216085,1.216085,1.211135,1.212165
2026-09-28T06:50:00Z,2026-09-28T06:51:00Z,1.212065,1.213775,1.210935,1.213475
2026-09-28T06:51:00Z,2026-09-28T06:52:00Z,1.214175,1.215365,1.209825,1.215055
2026-09-28T06:52:00Z,2026-09-28T06:53:00Z,1.215095,1.219335,1.214495,1.219335
2026-09-28T06:53:00Z,2026-09-28T06:54:00Z,1.219105,1.220075,1.216645,1.219275
2026-09-28T06:54:00Z,2026-09-28T06:55:00Z,1.219295,1.225915,1.219295,1.224225
2026-09-28T06:55:00Z,2026-09-28T06:56:00Z,1.224275,1.224915,1.220695,1.222825
2026-09-28T06:56:00Z,2026-09-28T06:57:00Z,1.222745,1.227155,1.221125,1.226545
2026-09-28T06:57:00Z,2026-09-28T06:58:00Z,1.226405,1.229135,1.224715,1.229135
2026-09-28T06:58:00Z,2026-09-28T06:59:00Z,1.229215,1.232465,1.228585,1.231875
2026-09-28T06:59:00Z,2026-09-28T07:00:00Z,1.231655,1.231825,1.228585,1.228825
2026-09-28T07:00:00Z,2026-09-28T07:01:00Z,1.228775,1.229485,1.225375,1.228625
2026-09-28T07:01:00Z,2026-09-28T07:02:00Z,1.228695,1.232435,1.226195,1.232435
2026-09-28T07:02:00Z,2026-09-28T07:03:00Z,1.232465,1.235475,1.228425,1.232465
2026-09-28T07:03:00Z,2026-09-28T07:04:00Z,1.232355,1.237015,1.231745,1.235875
2026-09-28T07:04:00Z,2026-09-28T07:05:00Z,1.235795,1.238355,1.233605,1.234025
2026-09-28T07:05:00Z,2026-09-28T07:06:00Z,1.234305,1.241165,1.233905,1.239785
2026-09-28T07:06:00Z,2026-09-28T07:07:00Z,1.240015,1.244695,1.239505,1.241815
2026-09-28T07:07:00Z,2026-09-28T07:08:00Z,1.241695,1.243285,1.239325,1.241655
2026-09-28T07:08:00Z,2026-09-28T07:09:00Z,1.241245,1.242355,1.236265,1.236265
2026-09-28T07:09:00Z,2026-09-28T07:10:00Z,1.236355,1.237055,1.232975,1.232975
2026-09-28T07:10:00Z,2026-09-28T07:11:00Z,1.233165,1.234905,1.231005,1.232995
2026-09-28T07:11:00Z,2026-09-28T07:12:00Z,1.232915,1.233385,1.225545,1.225625
2026-09-28T07:12:00Z,2026-09-28T07:13:00Z,1.225495,1.230055,1.224955,1.227245
2026-09-28T07:13:00Z,2026-09-28T07:14:00Z,1.227335,1.235115,1.227215,1.233745
2026-09-28T07:14:00Z,2026-09-28T07:15:00Z,1.233515,1.235465,1.232015,1.233665
2026-09-28T07:15:00Z,2026-09-28T07:16:00Z,1.233485,1.234635,1.228505,1.228505
2026-09-28T07:16:00Z,2026-09-28T07:17:00Z,1.228405,1.230225,1.227835,1.228365
2026-09-28T07:17:00Z,2026-09-28T07:18:00Z,1.228435,1.230525,1.226395,1.229585
2026-09-28T07:18:00Z,2026-09-28T07:19:00Z,1.229345,1.234495,1.229345,1.232315
2026-09-28T07:19:00Z,2026-09-28T07:20:00Z,1.232335,1.234635,1.230765,1.232135
2026-09-28T07:20:00Z,2026-09-28T07:21:00Z,1.232045,1.232245,1.225645,1.225645
2026-09-28T07:21:00Z,2026-09-28T07:22:00Z,1.225545,1.233145,1.225115,1.231695
2026-09-28T07:22:00Z,2026-09-28T07:23:00Z,1.231505,1.231515,1.227145,1.229845
2026-09-28T07:23:00Z,2026-09-28T07:24:00Z,1.229685,1.233915,1.229685,1.233915
2026-09-28T07:24:00Z,2026-09-28T07:25:00Z,1.234055,1.236765,1.233675,1.236475
2026-09-28T07:25:00Z,2026-09-28T07:26:00Z,1.236565,1.237955,1.234575,1.235755
2026-09-28T07:26:00Z,2026-09-28T07:27:00Z,1.235665,1.240545,1.234245,1.234585
2026-09-28T07:27:00Z,2026-09-28T07:28:00Z,1.234695,1.234755,1.231725,1.231785
2026-09-28T07:28:00Z,2026-09-28T07:29:00Z,1.231975,1.233055,1.229745,1.231425
2026-09-28T07:29:00Z,2026-09-28T07:30:00Z,1.231435,1.234165,1.229625,1.231125
2026-09-28T07:30:00Z,2026-09-28T07:31:00Z,1.231245,1.231985,1.223345,1.223885
2026-09-28T07:31:00Z,2026-09-28T07:32:00Z,1.223805,1.224055,1.219695,1.219825
2026-09-28T07:32:00Z,2026-09-28T07:33:00Z,1.219895,1.220285,1.207795,1.208795
2026-09-28T07:33:00Z,2026-09-28T07:34:00Z,1.208745,1.211135,1.208035,1.211135
2026-09-28T07:34:00Z,2026-09-28T07:35:00Z,1.211065,1.212695,1.208765,1.210115
2026-09-28T07:35:00Z,2026-09-28T07:36:00Z,1.209995,1.213405,1.208525,1.213215
2026-09-28T07:36:00Z,2026-09-28T07:37:00Z,1.213155,1.221045,1.212225,1.221045
2026-09-28T07:37:00Z,2026-09-28T07:38:00Z,1.221115,1.223275,1.218805,1.222075
2026-09-28T07:38:00Z,2026-09-28T07:39:00Z,1.222345,1.224445,1.218535,1.223855
2026-09-28T07:39:00Z,2026-09-28T07:40:00Z,1.223585,1.224335,1.214915,1.216455
2026-09-28T07:40:00Z,2026-09-28T07:41:00Z,1.216745,1.217295,1.213335,1.214345
2026-09-28T07:41:00Z,2026-09-28T07:42:00Z,1.214675,1.218505,1.214195,1.216885
2026-09-28T07:42:00Z,2026-09-28T07:43:00Z,1.217125,1.220995,1.215785,1.219285
2026-09-28T07:43:00Z,2026-09-28T07:44:00Z,1.219485,1.222215,1.219165,1.220575
2026-09-28T07:44:00Z,2026-09-28T07:45:00Z,1.220435,1.223695,1.219725,1.221185
2026-09-28T07:45:00Z,2026-09-28T07:46:00Z,1.221255,1.224855,1.218735,1.222605
2026-09-28T07:46:00Z,2026-09-28T07:47:00Z,1.222925,1.223945,1.217595,1.217765
2026-09-28T07:47:00Z,2026-09-28T07:48:00Z,1.217775,1.219325,1.213735,1.214785
2026-09-28T07:48:00Z,2026-09-28T07:49:00Z,1.214995,1.215795,1.210075,1.211905
2026-09-28T07:49:00Z,2026-09-28T07:50:00Z,1.212025,1.212375,1.209555,1.211645
2026-09-28T07:50:00Z,2026-09-28T07:51:00Z,1.211835,1.212925,1.202925,1.203665
2026-09-28T07:51:00Z,2026-09-28T07:52:00Z,1.203645,1.205885,1.202475,1.203345
2026-09-28T07:52:00Z,2026-09-28T07:53:00Z,1.203215,1.203215,1.199455,1.200115
2026-09-28T07:53:00Z,2026-09-28T07:54:00Z,1.200225,1.202035,1.198995,1.200745
2026-09-28T07:54:00Z,2026-09-28T07:55:00Z,1.200845,1.202995,1.197415,1.202995
2026-09-28T07:55:00Z,2026-09-28T07:56:00Z,1.203005,1.204745,1.200025,1.200245
2026-09-28T07:56:00Z,2026-09-28T07:57:00Z,1.200235,1.206935,1.200235,1.206095
2026-09-28T07:57:00Z,2026-09-28T07:58:00Z,1.205685,1.206365,1.202975,1.204095
2026-09-28T07:58:00Z,2026-09-28T07:59:00Z,1.204135,1.208825,1.203965,1.204585
2026-09-28T07:59:00Z,2026-09-28T08:00:00Z,1.204575,1.205535,1.201205,1.204935
2026-09-28T08:00:00Z,2026-09-28T08:01:00Z,1.205015,1.205015,1.201165,1.203595
2026-09-28T08:01:00Z,2026-09-28T08:02:00Z,1.203605,1.206905,1.201635,1.201755
2026-09-28T08:02:00Z,2026-09-28T08:03:00Z,1.202045,1.202045,1.196165,1.197185
2026-09-28T08:03:00Z,2026-09-28T08:04:00Z,1.197255,1.199425,1.193505,1.193505
2026-09-28T08:04:00Z,2026-09-28T08:05:00Z,1.193375,1.194105,1.187995,1.188355
2026-09-28T08:05:00Z,2026-09-28T08:06:00Z,1.188535,1.191675,1.187775,1.189415
2026-09-28T08:06:00Z,2026-09-28T08:07:00Z,1.189365,1.189725,1.183735,1.186975
2026-09-28T08:07:00Z,2026-09-28T08:08:00Z,1.186885,1.188685,1.184275,1.185135
2026-09-28T08:08:00Z,2026-09-28T08:09:00Z,1.185095,1.191825,1.183405,1.190415
2026-09-28T08:09:00Z,2026-09-28T08:10:00Z,1.189945,1.190865,1.187475,1.190865
2026-09-28T08:10:00Z,2026-09-28T08:11:00Z,1.190575,1.196935,1.190245,1.193995
2026-09-28T08:11:00Z,2026-09-28T08:12:00Z,1.193845,1.196155,1.192845,1.195585
2026-09-28T08:12:00Z,2026-09-28T08:13:00Z,1.196095,1.197835,1.193065,1.193065
2026-09-28T08:13:00Z,2026-09-28T08:14:00Z,1.193005,1.198225,1.192145,1.198205
2026-09-28T08:14:00Z,2026-09-28T08:15:00Z,1.198295,1.199035,1.195255,1.196175
2026-09-28T08:15:00Z,2026-09-28T08:16:00Z,1.196275,1.200085,1.196165,1.198265
2026-09-28T08:16:00Z,2026-09-28T08:17:00Z,1.198325,1.198975,1.193085,1.193985
2026-09-28T08:17:00Z,2026-09-28T08:18:00Z,1.194295,1.194465,1.190825,1.191875
2026-09-28T08:18:00Z,2026-09-28T08:19:00Z,1.191655,1.195005,1.189645,1.194545
2026-09-28T08:19:00Z,2026-09-28T08:20:00Z,1.194665,1.194755,1.191295,1.192535
2026-09-28T08:20:00Z,2026-09-28T08:21:00Z,1.192575,1.195965,1.192305,1.195375
2026-09-28T08:21:00Z,2026-09-28T08:22:00Z,1.195505,1.195695,1.191995,1.194165
2026-09-28T08:22:00Z,2026-09-28T08:23:00Z,1.194245,1.195885,1.189185,1.191425
2026-09-28T08:23:00Z,2026-09-28T08:24:00Z,1.191405,1.197225,1.190855,1.195745
2026-09-28T08:24:00Z,2026-09-28T08:25:00Z,1.195625,1.195625,1.190145,1.190675
2026-09-28T08:25:00Z,2026-09-28T08:26:00Z,1.190435,1.190735,1.188135,1.189705
2026-09-28T08:26:00Z,2026-09-28T08:27:00Z,1.189665,1.189715,1.186255,1.187725
2026-09-28T08:27:00Z,2026-09-28T08:28:00Z,1.187555,1.191735,1.186795,1.186795
2026-09-28T08:28:00Z,2026-09-28T08:29:00Z,1.186835,1.188515,1.181045,1.181175
2026-09-28T08:29:00Z,2026-09-28T08:30:00Z,1.181335,1.183055,1.179045,1.179045
2026-09-28T08:30:00Z,2026-09-28T08:31:00Z,1.178925,1.182565,1.178325,1.181965
2026-09-28T08:31:00Z,2026-09-28T08:32:00Z,1.181685,1.182405,1.179055,1.181135
2026-09-28T08:32:00Z,2026-09-28T08:33:00Z,1.181195,1.182175,1.178835,1.181065
2026-09-28T08:33:00Z,2026-09-28T08:34:00Z,1.180995,1.182725,1.178665,1.182185
2026-09-28T08:34:00Z,2026-09-28T08:35:00Z,1.182115,1.182115,1.176875,1.181525
2026-09-28T08:35:00Z,2026-09-28T08:36:00Z,1.181635,1.182725,1.179665,1.181265
2026-09-28T08:36:00Z,2026-09-28T08:37:00Z,1.181225,1.183995,1.180315,1.181245
2026-09-28T08:37:00Z,2026-09-28T08:38:00Z,1.181275,1.184335,1.179775,1.179775
2026-09-28T08:38:00Z,2026-09-28T08:39:00Z,1.179385,1.183515,1.179085,1.182915
2026-09-28T08:39:00Z,2026-09-28T08:40:00Z,1.182815,1.188095,1.181895,1.187085
2026-09-28T08:40:00Z,2026-09-28T08:41:00Z,1.186965,1.189655,1.186865,1.187975
2026-09-28T08:41:00Z,2026-09-28T08:42:00Z,1.188055,1.190395,1.186305,1.187245
2026-09-28T08:42:00Z,2026-09-28T08:43:00Z,1.187295,1.187785,1.182655,1.182705
2026-09-28T08:43:00Z,2026-09-28T08:44:00Z,1.182665,1.183175,1.179375,1.179535
2026-09-28T08:44:00Z,2026-09-28T08:45:00Z,1.179315,1.180885,1.178095,1.180765
2026-09-28T08:45:00Z,2026-09-28T08:46:00Z,1.180485,1.184765,1.179435,1.183495
2026-09-28T08:46:00Z,2026-09-28T08:47:00Z,1.183405,1.185115,1.181525,1.184335
2026-09-28T08:47:00Z,2026-09-28T08:48:00Z,1.184735,1.185835,1.183355,1.184295
2026-09-28T08:48:00Z,2026-09-28T08:49:00Z,1.184265,1.191955,1.183365,1.191945
2026-09-28T08:49:00Z,2026-09-28T08:50:00Z,1.192145,1.193675,1.190335,1.192655
2026-09-28T08:50:00Z,2026-09-28T08:51:00Z,1.192675,1.192725,1.189795,1.190585
2026-09-28T08:51:00Z,2026-09-28T08:52:00Z,1.190755,1.191925,1.188085,1.191215
2026-09-28T08:52:00Z,2026-09-28T08:53:00Z,1.191425,1.192605,1.189105,1.190585
2026-09-28T08:53:00Z,2026-09-28T08:54:00Z,1.190315,1.191525,1.187445,1.191525
2026-09-28T08:54:00Z,2026-09-28T08:55:00Z,1.192015,1.195535,1.191325,1.194745
2026-09-28T08:55:00Z,2026-09-28T08:56:00Z,1.194635,1.198735,1.194325,1.198705
2026-09-28T08:56:00Z,2026-09-28T08:57:00Z,1.198585,1.200875,1.197465,1.199265
2026-09-28T08:57:00Z,2026-09-28T08:58:00Z,1.199435,1.199645,1.195125,1.197065
2026-09-28T08:58:00Z,2026-09-28T08:59:00Z,1.197255,1.197465,1.194415,1.196025
2026-09-28T08:59:00Z,2026-09-28T09:00:00Z,1.196065,1.196725,1.192825,1.193305
2026-09-28T09:00:00Z,2026-09-28T09:01:00Z,1.193205,1.193325,1.188575,1.189955
2026-09-28T09:01:00Z,2026-09-28T09:02:00Z,1.190065,1.194945,1.188795,1.193735
2026-09-28T09:02:00Z,2026-09-28T09:03:00Z,1.193705,1.195335,1.190885,1.191345
2026-09-28T09:03:00Z,2026-09-28T09:04:00Z,1.191015,1.192115,1.187525,1.192115
2026-09-28T09:04:00Z,2026-09-28T09:05:00Z,1.192075,1.194065,1.190755,1.191145
2026-09-28T09:05:00Z,2026-09-28T09:06:00Z,1.191325,1.197295,1.190965,1.197025
2026-09-28T09:06:00Z,2026-09-28T09:07:00Z,1.197145,1.197145,1.193575,1.194185
2026-09-28T09:07:00Z,2026-09-28T09:08:00Z,1.194245,1.194885,1.188735,1.188775
2026-09-28T09:08:00Z,2026-09-28T09:09:00Z,1.188735,1.188735,1.181615,1.181825
2026-09-28T09:09:00Z,2026-09-28T09:10:00Z,1.181935,1.184815,1.179795,1.182035
2026-09-28T09:10:00Z,2026-09-28T09:11:00Z,1.181975,1.185495,1.181785,1.182535
2026-09-28T09:11:00Z,2026-09-28T09:12:00Z,1.182605,1.183445,1.180365,1.182635
2026-09-28T09:12:00Z,2026-09-28T09:13:00Z,1.183285,1.184155,1.179745,1.183905
2026-09-28T09:13:00Z,2026-09-28T09:14:00Z,1.183975,1.184355,1.180945,1.182245
2026-09-28T09:14:00Z,2026-09-28T09:15:00Z,1.182675,1.187145,1.181725,1.185075
2026-09-28T09:15:00Z,2026-09-28T09:16:00Z,1.184995,1.186515,1.182435,1.182445
2026-09-28T09:16:00Z,2026-09-28T09:17:00Z,1.182355,1.185715,1.180895,1.181355
2026-09-28T09:17:00Z,2026-09-28T09:18:00Z,1.181245,1.183245,1.177675,1.182735
2026-09-28T09:18:00Z,2026-09-28T09:19:00Z,1.182795,1.183525,1.175145,1.176895
2026-09-28T09:19:00Z,2026-09-28T09:20:00Z,1.176985,1.179795,1.174675,1.174705
2026-09-28T09:20:00Z,2026-09-28T09:21:00Z,1.174675,1.178815,1.174675,1.175625
2026-09-28T09:21:00Z,2026-09-28T09:22:00Z,1.175555,1.178185,1.174105,1.177725
2026-09-28T09:22:00Z,2026-09-28T09:23:00Z,1.177875,1.180665,1.177125,1.179025
2026-09-28T09:23:00Z,2026-09-28T09:24:00Z,1.179155,1.182495,1.178615,1.181675
2026-09-28T09:24:00Z,2026-09-28T09:25:00Z,1.181695,1.182645,1.175035,1.176945
2026-09-28T09:25:00Z,2026-09-28T09:26:00Z,1.176385,1.177145,1.174825,1.175565
2026-09-28T09:26:00Z,2026-09-28T09:27:00Z,1.175675,1.176865,1.173555,1.176265
2026-09-28T09:27:00Z,2026-09-28T09:28:00Z,1.176225,1.176695,1.173455,1.175375
2026-09-28T09:28:00Z,2026-09-28T09:29:00Z,1.175775,1.178525,1.175205,1.177185
2026-09-28T09:29:00Z,2026-09-28T09:30:00Z,1.177285,1.180855,1.177155,1.178125
2026-09-28T09:30:00Z,2026-09-28T09:31:00Z,1.178245,1.182175,1.177275,1.181275
2026-09-28T09:31:00Z,2026-09-28T09:32:00Z,1.181465,1.183235,1.178695,1.178985
2026-09-28T09:32:00Z,2026-09-28T09:33:00Z,1.178925,1.178925,1.172995,1.173085
2026-09-28T09:33:00Z,2026-09-28T09:34:00Z,1.173155,1.175805,1.171105,1.174725
2026-09-28T09:34:00Z,2026-09-28T09:35:00Z,1.174755,1.175605,1.172605,1.173845
2026-09-28T09:35:00Z,2026-09-28T09:36:00Z,1.173815,1.177145,1.172775,1.177025
2026-09-28T09:36:00Z,2026-09-28T09:37:00Z,1.177295,1.180685,1.176315,1.179025
2026-09-28T09:37:00Z,2026-09-28T09:38:00Z,1.179135,1.179785,1.176545,1.177185
2026-09-28T09:38:00Z,2026-09-28T09:39:00Z,1.176875,1.179615,1.175055,1.176255
2026-09-28T09:39:00Z,2026-09-28T09:40:00Z,1.176485,1.177435,1.173515,1.174945
2026-09-28T09:40:00Z,2026-09-28T09:41:00Z,1.174875,1.176995,1.173995,1.175895
2026-09-28T09:41:00Z,2026-09-28T09:42:00Z,1.175645,1.176035,1.169745,1.173445
2026-09-28T09:42:00Z,2026-09-28T09:43:00Z,1.173385,1.176005,1.171045,1.176005
2026-09-28T09:43:00Z,2026-09-28T09:44:00Z,1.176065,1.178835,1.174755,1.176565
2026-09-28T09:44:00Z,2026-09-28T09:45:00Z,1.176475,1.176475,1.171825,1.172715
2026-09-28T09:45:00Z,2026-09-28T09:46:00Z,1.172585,1.173545,1.170355,1.171065
2026-09-28T09:46:00Z,2026-09-28T09:47:00Z,1.171635,1.173955,1.171085,1.173655
2026-09-28T09:47:00Z,2026-09-28T09:48:00Z,1.173715,1.174635,1.170065,1.173635
2026-09-28T09:48:00Z,2026-09-28T09:49:00Z,1.173715,1.173785,1.165565,1.165565
2026-09-28T09:49:00Z,2026-09-28T09:50:00Z,1.165595,1.171435,1.165535,1.170685
2026-09-28T09:50:00Z,2026-09-28T09:51:00Z,1.170735,1.171345,1.166545,1.167265
2026-09-28T09:51:00Z,2026-09-28T09:52:00Z,1.167165,1.170795,1.164825,1.170795
2026-09-28T09:52:00Z,2026-09-28T09:53:00Z,1.170785,1.171165,1.168325,1.171025
2026-09-28T09:53:00Z,2026-09-28T09:54:00Z,1.170775,1.172405,1.167435,1.170875
2026-09-28T09:54:00Z,2026-09-28T09:55:00Z,1.170885,1.173385,1.163515,1.164265
2026-09-28T09:55:00Z,2026-09-28T09:56:00Z,1.163635,1.164705,1.162145,1.163155
2026-09-28T09:56:00Z,2026-09-28T09:57:00Z,1.163055,1.171785,1.162815,1.171085
2026-09-28T09:57:00Z,2026-09-28T09:58:00Z,1.171155,1.178255,1.171155,1.177495
2026-09-28T09:58:00Z,2026-09-28T09:59:00Z,1.177595,1.179555,1.176555,1.179555
2026-09-28T09:59:00Z,2026-09-28T10:00:00Z,1.179915,1.187485,1.179915,1.184725
2026-09-28T10:00:00Z,2026-09-28T10:01:00Z,1.184655,1.189395,1.183415,1.186475
2026-09-28T10:01:00Z,2026-09-28T10:02:00Z,1.186595,1.190985,1.185625,1.189265
2026-09-28T10:02:00Z,2026-09-28T10:03:00Z,1.189185,1.191325,1.187165,1.191315
2026-09-28T10:03:00Z,2026-09-28T10:04:00Z,1.190785,1.191665,1.186805,1.187715
2026-09-28T10:04:00Z,2026-09-28T10:05:00Z,1.188085,1.191805,1.188005,1.189685
2026-09-28T10:05:00Z,2026-09-28T10:06:00Z,1.189705,1.191865,1.188035,1.189785
2026-09-28T10:06:00Z,2026-09-28T10:07:00Z,1.189905,1.190785,1.185935,1.189775
2026-09-28T10:07:00Z,2026-09-28T10:08:00Z,1.189675,1.194605,1.189385,1.194605
2026-09-28T10:08:00Z,2026-09-28T10:09:00Z,1.194645,1.200085,1.194125,1.199945
2026-09-28T10:09:00Z,2026-09-28T10:10:00Z,1.199925,1.203495,1.198525,1.202205
2026-09-28T10:10:00Z,2026-09-28T10:11:00Z,1.202485,1.204085,1.200745,1.202295
2026-09-28T10:11:00Z,2026-09-28T10:12:00Z,1.202215,1.204905,1.200945,1.202385
2026-09-28T10:12:00Z,2026-09-28T10:13:00Z,1.202335,1.202395,1.197925,1.198175
2026-09-28T10:13:00Z,2026-09-28T10:14:00Z,1.198115,1.202275,1.197665,1.202195
2026-09-28T10:14:00Z,2026-09-28T10:15:00Z,1.202205,1.203705,1.198805,1.199655
2026-09-28T10:15:00Z,2026-09-28T10:16:00Z,1.199525,1.204625,1.199525,1.204035
2026-09-28T10:16:00Z,2026-09-28T10:17:00Z,1.204015,1.206335,1.201925,1.203505
2026-09-28T10:17:00Z,2026-09-28T10:18:00Z,1.203555,1.206965,1.201435,1.205415
2026-09-28T10:18:00Z,2026-09-28T10:19:00Z,1.205435,1.205435,1.193185,1.195175
2026-09-28T10:19:00Z,2026-09-28T10:20:00Z,1.195355,1.199135,1.195105,1.197765
2026-09-28T10:20:00Z,2026-09-28T10:21:00Z,1.197805,1.201435,1.195455,1.201435
2026-09-28T10:21:00Z,2026-09-28T10:22:00Z,1.201505,1.208115,1.200485,1.207175
2026-09-28T10:22:00Z,2026-09-28T10:23:00Z,1.207275,1.207905,1.204765,1.204825
2026-09-28T10:23:00Z,2026-09-28T10:24:00Z,1.205035,1.205115,1.203155,1.203605
2026-09-28T10:24:00Z,2026-09-28T10:25:00Z,1.203485,1.204185,1.199505,1.201975
2026-09-28T10:25:00Z,2026-09-28T10:26:00Z,1.202005,1.203125,1.199525,1.202945
2026-09-28T10:26:00Z,2026-09-28T10:27:00Z,1.203155,1.208485,1.203055,1.208335
2026-09-28T10:27:00Z,2026-09-28T10:28:00Z,1.208165,1.208165,1.203525,1.206085
2026-09-28T10:28:00Z,2026-09-28T10:29:00Z,1.206255,1.207045,1.202145,1.205055
2026-09-28T10:29:00Z,2026-09-28T10:30:00Z,1.204985,1.206905,1.204705,1.206645
2026-09-28T10:30:00Z,2026-09-28T10:31:00Z,1.206615,1.212415,1.206005,1.211545
2026-09-28T10:31:00Z,2026-09-28T10:32:00Z,1.211695,1.212445,1.206535,1.210495
2026-09-28T10:32:00Z,2026-09-28T10:33:00Z,1.210195,1.210195,1.206425,1.209695
2026-09-28T10:33:00Z,2026-09-28T10:34:00Z,1.209765,1.210975,1.205605,1.205605
2026-09-28T10:34:00Z,2026-09-28T10:35:00Z,1.205695,1.207505,1.203375,1.207395
2026-09-28T10:35:00Z,2026-09-28T10:36:00Z,1.207635,1.209905,1.207625,1.208395
2026-09-28T10:36:00Z,2026-09-28T10:37:00Z,1.208025,1.212735,1.207675,1.212295
2026-09-28T10:37:00Z,2026-09-28T10:38:00Z,1.212045,1.214415,1.208315,1.208765
2026-09-28T10:38:00Z,2026-09-28T10:39:00Z,1.208615,1.212195,1.208465,1.209345
2026-09-28T10:39:00Z,2026-09-28T10:40:00Z,1.209705,1.212675,1.209245,1.210945
2026-09-28T10:40:00Z,2026-09-28T10:41:00Z,1.210865,1.211355,1.204175,1.205845
2026-09-28T10:41:00Z,2026-09-28T10:42:00Z,1.205915,1.207685,1.204415,1.205445
2026-09-28T10:42:00Z,2026-09-28T10:43:00Z,1.205525,1.205825,1.201955,1.205365
2026-09-28T10:43:00Z,2026-09-28T10:44:00Z,1.205405,1.205405,1.201575,1.202765
2026-09-28T10:44:00Z,2026-09-28T10:45:00Z,1.202835,1.209455,1.201935,1.208955
2026-09-28T10:45:00Z,2026-09-28T10:46:00Z,1.208905,1.209255,1.203985,1.205025
2026-09-28T10:46:00Z,2026-09-28T10:47:00Z,1.204645,1.204845,1.200065,1.203205
2026-09-28T10:47:00Z,2026-09-28T10:48:00Z,1.203305,1.204465,1.199005,1.202065
2026-09-28T10:48:00Z,2026-09-28T10:49:00Z,1.201815,1.205095,1.199865,1.204505
2026-09-28T10:49:00Z,2026-09-28T10:50:00Z,1.204855,1.206025,1.199565,1.201245
2026-09-28T10:50:00Z,2026-09-28T10:51:00Z,1.201115,1.201735,1.195735,1.196015
2026-09-28T10:51:00Z,2026-09-28T10:52:00Z,1.195965,1.200705,1.195345,1.197715
2026-09-28T10:52:00Z,2026-09-28T10:53:00Z,1.197625,1.200155,1.196575,1.199175
2026-09-28T10:53:00Z,2026-09-28T10:54:00Z,1.199365,1.199675,1.192415,1.192825
2026-09-28T10:54:00Z,2026-09-28T10:55:00Z,1.192615,1.194825,1.188585,1.189685
2026-09-28T10:55:00Z,2026-09-28T10:56:00Z,1.189545,1.190445,1.184395,1.187095
2026-09-28T10:56:00Z,2026-09-28T10:57:00Z,1.186975,1.188875,1.183825,1.188415
2026-09-28T10:57:00Z,2026-09-28T10:58:00Z,1.188465,1.193375,1.186515,1.192105
2026-09-28T10:58:00Z,2026-09-28T10:59:00Z,1.192235,1.194395,1.190655,1.193275
2026-09-28T10:59:00Z,2026-09-28T11:00:00Z,1.193395,1.193655,1.187485,1.189495
2026-09-28T11:00:00Z,2026-09-28T11:01:00Z,1.189525,1.191795,1.187805,1.187825
2026-09-28T11:01:00Z,2026-09-28T11:02:00Z,1.187775,1.188405,1.183445,1.184765
2026-09-28T11:02:00Z,2026-09-28T11:03:00Z,1.184675,1.186635,1.182605,1.182945
2026-09-28T11:03:00Z,2026-09-28T11:04:00Z,1.183015,1.189425,1.181805,1.189425
2026-09-28T11:04:00Z,2026-09-28T11:05:00Z,1.189735,1.192645,1.188955,1.190825
2026-09-28T11:05:00Z,2026-09-28T11:06:00Z,1.190765,1.194075,1.190765,1.191805
2026-09-28T11:06:00Z,2026-09-28T11:07:00Z,1.191675,1.192105,1.188755,1.189095
2026-09-28T11:07:00Z,2026-09-28T11:08:00Z,1.189175,1.191415,1.188085,1.188815
2026-09-28T11:08:00Z,2026-09-28T11:09:00Z,1.188675,1.190615,1.186815,1.189885
2026-09-28T11:09:00Z,2026-09-28T11:10:00Z,1.189755,1.194125,1.189705,1.193645
2026-09-28T11:10:00Z,2026-09-28T11:11:00Z,1.193535,1.194155,1.189465,1.191925
2026-09-28T11:11:00Z,2026-09-28T11:12:00Z,1.192255,1.196795,1.189985,1.193285
2026-09-28T11:12:00Z,2026-09-28T11:13:00Z,1.193935,1.194625,1.189525,1.190325
2026-09-28T11:13:00Z,2026-09-28T11:14:00Z,1.190265,1.193275,1.190095,1.190835
2026-09-28T11:14:00Z,2026-09-28T11:15:00Z,1.190735,1.192115,1.188905,1.189415
2026-09-28T11:15:00Z,2026-09-28T11:16:00Z,1.189455,1.190605,1.185845,1.189005
2026-09-28T11:16:00Z,2026-09-28T11:17:00Z,1.188955,1.189635,1.184245,1.184895
2026-09-28T11:17:00Z,2026-09-28T11:18:00Z,1.184885,1.184915,1.178725,1.179855
2026-09-28T11:18:00Z,2026-09-28T11:19:00Z,1.179825,1.182535,1.179705,1.180415
2026-09-28T11:19:00Z,2026-09-28T11:20:00Z,1.180735,1.180805,1.176445,1.177845
2026-09-28T11:20:00Z,2026-09-28T11:21:00Z,1.177315,1.180905,1.175825,1.179775
2026-09-28T11:21:00Z,2026-09-28T11:22:00Z,1.179275,1.181595,1.178465,1.180085
2026-09-28T11:22:00Z,2026-09-28T11:23:00Z,1.180035,1.184395,1.179605,1.181415
2026-09-28T11:23:00Z,2026-09-28T11:24:00Z,1.181435,1.183415,1.179395,1.182895
2026-09-28T11:24:00Z,2026-09-28T11:25:00Z,1.182955,1.183205,1.178665,1.179545
2026-09-28T11:25:00Z,2026-09-28T11:26:00Z,1.179565,1.182605,1.177565,1.182065
2026-09-28T11:26:00Z,2026-09-28T11:27:00Z,1.181715,1.183115,1.176865,1.179205
2026-09-28T11:27:00Z,2026-09-28T11:28:00Z,1.179215,1.179265,1.174025,1.174025
2026-09-28T11:28:00Z,2026-09-28T11:29:00Z,1.174135,1.174835,1.169665,1.169665
2026-09-28T11:29:00Z,2026-09-28T11:30:00Z,1.170085,1.174125,1.170085,1.172535
2026-09-28T11:30:00Z,2026-09-28T11:31:00Z,1.172775,1.179915,1.170565,1.179915
2026-09-28T11:31:00Z,2026-09-28T11:32:00Z,1.179875,1.180745,1.174795,1.176905
2026-09-28T11:32:00Z,2026-09-28T11:33:00Z,1.176855,1.178485,1.175195,1.175325
2026-09-28T11:33:00Z,2026-09-28T11:34:00Z,1.175105,1.178125,1.173245,1.177155
2026-09-28T11:34:00Z,2026-09-28T11:35:00Z,1.177125,1.178275,1.175305,1.178205
2026-09-28T11:35:00Z,2026-09-28T11:36:00Z,1.178385,1.181435,1.177575,1.181165
2026-09-28T11:36:00Z,2026-09-28T11:37:00Z,1.181055,1.183295,1.180415,1.182405
2026-09-28T11:37:00Z,2026-09-28T11:38:00Z,1.182055,1.182815,1.177465,1.180025
2026-09-28T11:38:00Z,2026-09-28T11:39:00Z,1.179765,1.185705,1.179415,1.184715
2026-09-28T11:39:00Z,2026-09-28T11:40:00Z,1.185115,1.187635,1.183175,1.184875
2026-09-28T11:40:00Z,2026-09-28T11:41:00Z,1.184935,1.186495,1.183365,1.183905
2026-09-28T11:41:00Z,2026-09-28T11:42:00Z,1.183845,1.184275,1.176765,1.177655
2026-09-28T11:42:00Z,2026-09-28T11:43:00Z,1.177545,1.180795,1.176385,1.180165
2026-09-28T11:43:00Z,2026-09-28T11:44:00Z,1.180195,1.184105,1.179895,1.183015
2026-09-28T11:44:00Z,2026-09-28T11:45:00Z,1.182895,1.187645,1.182555,1.187285
2026-09-28T11:45:00Z,2026-09-28T11:46:00Z,1.187515,1.187655,1.182645,1.183175
2026-09-28T11:46:00Z,2026-09-28T11:47:00Z,1.183185,1.189825,1.182105,1.187095
2026-09-28T11:47:00Z,2026-09-28T11:48:00Z,1.187065,1.187615,1.183245,1.186035
2026-09-28T11:48:00Z,2026-09-28T11:49:00Z,1.186155,1.187365,1.182135,1.182135
2026-09-28T11:49:00Z,2026-09-28T11:50:00Z,1.182145,1.182225,1.178715,1.179955
2026-09-28T11:50:00Z,2026-09-28T11:51:00Z,1.180055,1.183795,1.178965,1.181655
2026-09-28T11:51:00Z,2026-09-28T11:52:00Z,1.181225,1.189065,1.181225,1.187935
2026-09-28T11:52:00Z,2026-09-28T11:53:00Z,1.188215,1.191595,1.187965,1.189935
2026-09-28T11:53:00Z,2026-09-28T11:54:00Z,1.190335,1.191785,1.188065,1.190605
2026-09-28T11:54:00Z,2026-09-28T11:55:00Z,1.190525,1.190695,1.188505,1.189235
2026-09-28T11:55:00Z,2026-09-28T11:56:00Z,1.189225,1.194495,1.188995,1.192445
2026-09-28T11:56:00Z,2026-09-28T11:57:00Z,1.192565,1.196325,1.191555,1.196285
2026-09-28T11:57:00Z,2026-09-28T11:58:00Z,1.196395,1.200785,1.196285,1.197845
2026-09-28T11:58:00Z,2026-09-28T11:59:00Z,1.197705,1.200315,1.196015,1.196395
2026-09-28T11:59:00Z,2026-09-28T12:00:00Z,1.196155,1.201575,1.194685,1.200775
2026-09-28T12:00:00Z,2026-09-28T12:01:00Z,1.200785,1.202955,1.197985,1.202895
2026-09-28T12:01:00Z,2026-09-28T12:02:00Z,1.203175,1.204035,1.200125,1.201825
2026-09-28T12:02:00Z,2026-09-28T12:03:00Z,1.201865,1.205425,1.201745,1.204515
2026-09-28T12:03:00Z,2026-09-28T12:04:00Z,1.204605,1.207765,1.203665,1.205715
2026-09-28T12:04:00Z,2026-09-28T12:05:00Z,1.205755,1.207595,1.200965,1.200965
2026-09-28T12:05:00Z,2026-09-28T12:06:00Z,1.200395,1.203695,1.199375,1.203015
2026-09-28T12:06:00Z,2026-09-28T12:07:00Z,1.202955,1.206765,1.202845,1.206695
2026-09-28T12:07:00Z,2026-09-28T12:08:00Z,1.206655,1.209955,1.206565,1.209415
2026-09-28T12:08:00Z,2026-09-28T12:09:00Z,1.209255,1.216795,1.209255,1.214335
2026-09-28T12:09:00Z,2026-09-28T12:10:00Z,1.214295,1.224635,1.214255,1.224185
2026-09-28T12:10:00Z,2026-09-28T12:11:00Z,1.223915,1.225805,1.222725,1.225085
2026-09-28T12:11:00Z,2026-09-28T12:12:00Z,1.225195,1.229785,1.224775,1.228285
2026-09-28T12:12:00Z,2026-09-28T12:13:00Z,1.228255,1.234465,1.227145,1.234465
2026-09-28T12:13:00Z,2026-09-28T12:14:00Z,1.234715,1.241515,1.233835,1.241285
2026-09-28T12:14:00Z,2026-09-28T12:15:00Z,1.241085,1.243635,1.239295,1.243635
2026-09-28T12:15:00Z,2026-09-28T12:16:00Z,1.244035,1.244345,1.239155,1.241085
2026-09-28T12:16:00Z,2026-09-28T12:17:00Z,1.241245,1.242865,1.239685,1.240475
2026-09-28T12:17:00Z,2026-09-28T12:18:00Z,1.240415,1.251105,1.240315,1.249965
2026-09-28T12:18:00Z,2026-09-28T12:19:00Z,1.250015,1.250905,1.242265,1.242755
2026-09-28T12:19:00Z,2026-09-28T12:20:00Z,1.242995,1.246945,1.241195,1.246295
2026-09-28T12:20:00Z,2026-09-28T12:21:00Z,1.246565,1.249985,1.246565,1.249985
2026-09-28T12:21:00Z,2026-09-28T12:22:00Z,1.249775,1.250585,1.245185,1.245285
2026-09-28T12:22:00Z,2026-09-28T12:23:00Z,1.245145,1.246985,1.243945,1.246105
2026-09-28T12:23:00Z,2026-09-28T12:24:00Z,1.245985,1.252125,1.245735,1.251205
2026-09-28T12:24:00Z,2026-09-28T12:25:00Z,1.251165,1.251755,1.248195,1.248905
2026-09-28T12:25:00Z,2026-09-28T12:26:00Z,1.248865,1.252615,1.247215,1.251655
2026-09-28T12:26:00Z,2026-09-28T12:27:00Z,1.251635,1.251635,1.248215,1.249685
2026-09-28T12:27:00Z,2026-09-28T12:28:00Z,1.249765,1.250145,1.247065,1.248775
2026-09-28T12:28:00Z,2026-09-28T12:29:00Z,1.249185,1.253215,1.249185,1.252615
2026-09-28T12:29:00Z,2026-09-28T12:30:00Z,1.252725,1.257845,1.251375,1.255275
2026-09-28T12:30:00Z,2026-09-28T12:31:00Z,1.255345,1.255415,1.251065,1.251295
2026-09-28T12:31:00Z,2026-09-28T12:32:00Z,1.251065,1.251805,1.248315,1.250205
2026-09-28T12:32:00Z,2026-09-28T12:33:00Z,1.250175,1.255345,1.250135,1.251455
2026-09-28T12:33:00Z,2026-09-28T12:34:00Z,1.251555,1.254025,1.248465,1.252785
2026-09-28T12:34:00Z,2026-09-28T12:35:00Z,1.252235,1.254535,1.251155,1.252505
2026-09-28T12:35:00Z,2026-09-28T12:36:00Z,1.252495,1.255585,1.248865,1.250615
2026-09-28T12:36:00Z,2026-09-28T12:37:00Z,1.250715,1.254645,1.250615,1.254285
2026-09-28T12:37:00Z,2026-09-28T12:38:00Z,1.254355,1.255435,1.251185,1.251185
2026-09-28T12:38:00Z,2026-09-28T12:39:00Z,1.251075,1.252575,1.246075,1.246145
2026-09-28T12:39:00Z,2026-09-28T12:40:00Z,1.246525,1.248675,1.243135,1.244205
2026-09-28T12:40:00Z,2026-09-28T12:41:00Z,1.244105,1.251305,1.244105,1.249905
2026-09-28T12:41:00Z,2026-09-28T12:42:00Z,1.249625,1.250745,1.248135,1.248135
2026-09-28T12:42:00Z,2026-09-28T12:43:00Z,1.247945,1.250965,1.247475,1.249285
2026-09-28T12:43:00Z,2026-09-28T12:44:00Z,1.249565,1.250585,1.248335,1.249195
2026-09-28T12:44:00Z,2026-09-28T12:45:00Z,1.249135,1.251825,1.249135,1.251225
2026-09-28T12:45:00Z,2026-09-28T12:46:00Z,1.250885,1.254515,1.250595,1.253235
2026-09-28T12:46:00Z,2026-09-28T12:47:00Z,1.253295,1.261445,1.253225,1.259495
2026-09-28T12:47:00Z,2026-09-28T12:48:00Z,1.259545,1.262635,1.255445,1.256725
2026-09-28T12:48:00Z,2026-09-28T12:49:00Z,1.257225,1.260565,1.255625,1.260115
2026-09-28T12:49:00Z,2026-09-28T12:50:00Z,1.259945,1.263665,1.259855,1.261595
2026-09-28T12:50:00Z,2026-09-28T12:51:00Z,1.261625,1.267405,1.260435,1.267395
2026-09-28T12:51:00Z,2026-09-28T12:52:00Z,1.267515,1.267765,1.263135,1.263235
2026-09-28T12:52:00Z,2026-09-28T12:53:00Z,1.263185,1.265685,1.262365,1.263425
2026-09-28T12:53:00Z,2026-09-28T12:54:00Z,1.263465,1.265345,1.260745,1.263945
2026-09-28T12:54:00Z,2026-09-28T12:55:00Z,1.264505,1.265775,1.259885,1.262355
2026-09-28T12:55:00Z,2026-09-28T12:56:00Z,1.263035,1.267335,1.262055,1.264015
2026-09-28T12:56:00Z,2026-09-28T12:57:00Z,1.263715,1.265595,1.261425,1.263865
2026-09-28T12:57:00Z,2026-09-28T12:58:00Z,1.263985,1.268335,1.263445,1.268335
2026-09-28T12:58:00Z,2026-09-28T12:59:00Z,1.268365,1.269165,1.260385,1.261085
2026-09-28T12:59:00Z,2026-09-28T13:00:00Z,1.261065,1.263925,1.259015,1.260495
2026-09-28T13:00:00Z,2026-09-28T13:01:00Z,1.260595,1.261965,1.256975,1.257375
2026-09-28T13:01:00Z,2026-09-28T13:02:00Z,1.257355,1.257875,1.249365,1.250415
2026-09-28T13:02:00Z,2026-09-28T13:03:00Z,1.250455,1.252555,1.243145,1.243145
2026-09-28T13:03:00Z,2026-09-28T13:04:00Z,1.243115,1.243645,1.240495,1.242485
2026-09-28T13:04:00Z,2026-09-28T13:05:00Z,1.242475,1.244645,1.237355,1.240165
2026-09-28T13:05:00Z,2026-09-28T13:06:00Z,1.240355,1.241055,1.236465,1.236505
2026-09-28T13:06:00Z,2026-09-28T13:07:00Z,1.236625,1.236845,1.234655,1.234795
2026-09-28T13:07:00Z,2026-09-28T13:08:00Z,1.234905,1.236245,1.232895,1.234015
2026-09-28T13:08:00Z,2026-09-28T13:09:00Z,1.233535,1.240765,1.232135,1.240545
2026-09-28T13:09:00Z,2026-09-28T13:10:00Z,1.240595,1.246165,1.240465,1.246165
2026-09-28T13:10:00Z,2026-09-28T13:11:00Z,1.246185,1.249735,1.244345,1.249735
2026-09-28T13:11:00Z,2026-09-28T13:12:00Z,1.249745,1.251275,1.246835,1.249925
2026-09-28T13:12:00Z,2026-09-28T13:13:00Z,1.249815,1.250075,1.247205,1.248605
2026-09-28T13:13:00Z,2026-09-28T13:14:00Z,1.248315,1.248595,1.243115,1.247075
2026-09-28T13:14:00Z,2026-09-28T13:15:00Z,1.247315,1.250645,1.246315,1.249535
2026-09-28T13:15:00Z,2026-09-28T13:16:00Z,1.249405,1.249815,1.243555,1.243925
2026-09-28T13:16:00Z,2026-09-28T13:17:00Z,1.243965,1.244955,1.240885,1.244955
2026-09-28T13:17:00Z,2026-09-28T13:18:00Z,1.244855,1.246445,1.242165,1.245425
2026-09-28T13:18:00Z,2026-09-28T13:19:00Z,1.245725,1.246215,1.242955,1.243655
2026-09-28T13:19:00Z,2026-09-28T13:20:00Z,1.244035,1.245295,1.241705,1.245295
2026-09-28T13:20:00Z,2026-09-28T13:21:00Z,1.245025,1.247015,1.243935,1.244865
2026-09-28T13:21:00Z,2026-09-28T13:22:00Z,1.244965,1.244965,1.239645,1.240125
2026-09-28T13:22:00Z,2026-09-28T13:23:00Z,1.239635,1.241595,1.237385,1.241115
2026-09-28T13:23:00Z,2026-09-28T13:24:00Z,1.241015,1.241695,1.234385,1.234385
2026-09-28T13:24:00Z,2026-09-28T13:25:00Z,1.233705,1.235405,1.232485,1.234595
2026-09-28T13:25:00Z,2026-09-28T13:26:00Z,1.234575,1.234805,1.229785,1.231085
2026-09-28T13:26:00Z,2026-09-28T13:27:00Z,1.230645,1.231085,1.228305,1.228755
2026-09-28T13:27:00Z,2026-09-28T13:28:00Z,1.228885,1.229135,1.225815,1.229135
2026-09-28T13:28:00Z,2026-09-28T13:29:00Z,1.229195,1.236415,1.228865,1.236265
2026-09-28T13:29:00Z,2026-09-28T13:30:00Z,1.236375,1.236995,1.232105,1.234675
2026-09-28T13:30:00Z,2026-09-28T13:31:00Z,1.234815,1.236485,1.230885,1.233365
2026-09-28T13:31:00Z,2026-09-28T13:32:00Z,1.233345,1.234045,1.225615,1.225615
2026-09-28T13:32:00Z,2026-09-28T13:33:00Z,1.225585,1.226385,1.221575,1.223165
2026-09-28T13:33:00Z,2026-09-28T13:34:00Z,1.222715,1.223545,1.219445,1.220625
2026-09-28T13:34:00Z,2026-09-28T13:35:00Z,1.220635,1.221485,1.218705,1.220455
2026-09-28T13:35:00Z,2026-09-28T13:36:00Z,1.220335,1.223035,1.219255,1.221785
2026-09-28T13:36:00Z,2026-09-28T13:37:00Z,1.221875,1.224065,1.221405,1.222935
2026-09-28T13:37:00Z,2026-09-28T13:38:00Z,1.222995,1.225155,1.221695,1.225155
2026-09-28T13:38:00Z,2026-09-28T13:39:00Z,1.225255,1.228125,1.223005,1.224125
2026-09-28T13:39:00Z,2026-09-28T13:40:00Z,1.224245,1.225275,1.222825,1.224335
2026-09-28T13:40:00Z,2026-09-28T13:41:00Z,1.224455,1.227875,1.223545,1.226205
2026-09-28T13:41:00Z,2026-09-28T13:42:00Z,1.226335,1.226875,1.222065,1.224515
2026-09-28T13:42:00Z,2026-09-28T13:43:00Z,1.224655,1.232585,1.223925,1.232035
2026-09-28T13:43:00Z,2026-09-28T13:44:00Z,1.232125,1.234355,1.227555,1.229325
2026-09-28T13:44:00Z,2026-09-28T13:45:00Z,1.229465,1.230125,1.224265,1.225655
2026-09-28T13:45:00Z,2026-09-28T13:46:00Z,1.225715,1.230465,1.224655,1.230465
2026-09-28T13:46:00Z,2026-09-28T13:47:00Z,1.230985,1.235765,1.230955,1.235055
2026-09-28T13:47:00Z,2026-09-28T13:48:00Z,1.235255,1.235725,1.231035,1.234025
2026-09-28T13:48:00Z,2026-09-28T13:49:00Z,1.233445,1.233865,1.227645,1.227975
2026-09-28T13:49:00Z,2026-09-28T13:50:00Z,1.227645,1.229125,1.225995,1.228075
2026-09-28T13:50:00Z,2026-09-28T13:51:00Z,1.228185,1.228265,1.218165,1.218205
2026-09-28T13:51:00Z,2026-09-28T13:52:00Z,1.218165,1.218585,1.213695,1.218585
2026-09-28T13:52:00Z,2026-09-28T13:53:00Z,1.218475,1.222205,1.217795,1.218165
2026-09-28T13:53:00Z,2026-09-28T13:54:00Z,1.218185,1.219745,1.214745,1.218545
2026-09-28T13:54:00Z,2026-09-28T13:55:00Z,1.218285,1.218365,1.211845,1.213765
2026-09-28T13:55:00Z,2026-09-28T13:56:00Z,1.213255,1.213765,1.211355,1.211485
2026-09-28T13:56:00Z,2026-09-28T13:57:00Z,1.212075,1.215915,1.211755,1.215765
2026-09-28T13:57:00Z,2026-09-28T13:58:00Z,1.216035,1.219135,1.213525,1.217665
2026-09-28T13:58:00Z,2026-09-28T13:59:00Z,1.217735,1.220055,1.212425,1.213355
2026-09-28T13:59:00Z,2026-09-28T14:00:00Z,1.213475,1.213495,1.209575,1.210175
