from,to,open,high,low,close
2026-09-27T20:44:00Z,2026-09-27T20:45:00Z,1.509115,1.510585,1.508565,1.510485
2026-09-27T20:45:00Z,2026-09-27T20:46:00Z,1.510415,1.511095,1.508555,1.509505
2026-09-27T20:46:00Z,2026-09-27T20:47:00Z,1.509345,1.509385,1.506705,1.508275
2026-09-27T20:47:00Z,2026-09-27T20:48:00Z,1.508095,1.508435,1.504215,1.504235
2026-09-27T20:48:00Z,2026-09-27T20:49:00Z,1.504175,1.505645,1.501225,1.505125
2026-09-27T20:49:00Z,2026-09-27T20:50:00Z,1.505195,1.505595,1.502175,1.503295
2026-09-27T20:50:00Z,2026-09-27T20:51:00Z,1.503315,1.504155,1.501095,1.502905
2026-09-27T20:51:00Z,2026-09-27T20:52:00Z,1.502935,1.502935,1.499685,1.500985
2026-09-27T20:52:00Z,2026-09-27T20:53:00Z,1.501005,1.502775,1.499635,1.501505
2026-09-27T20:53:00Z,2026-09-27T20:54:00Z,1.501235,1.501525,1.498945,1.500345
2026-09-27T20:54:00Z,2026-09-27T20:55:00Z,1.500445,1.500445,1.495985,1.496415
2026-09-27T20:55:00Z,2026-09-27T20:56:00Z,1.496465,1.499045,1.496145,1.496385
2026-09-27T20:56:00Z,2026-09-27T20:57:00Z,1.496375,1.496845,1.495175,1.496845
2026-09-27T20:57:00Z,2026-09-27T20:58:00Z,1.496835,1.497795,1.491555,1.491785
2026-09-27T20:58:00Z,2026-09-27T20:59:00Z,1.491455,1.493245,1.490095,1.493245
2026-09-27T20:59:00Z,2026-09-27T21:00:00Z,1.493405,1.495305,1.492295,1.494895
2026-09-27T21:00:00Z,2026-09-27T21:01:00Z,1.494915,1.495185,1.491875,1.492955
2026-09-27T21:01:00Z,2026-09-27T21:02:00Z,1.493005,1.493385,1.486465,1.487575
2026-09-27T21:02:00Z,2026-09-27T21:03:00Z,1.487635,1.487635,1.483895,1.484205
2026-09-27T21:03:00Z,2026-09-27T21:04:00Z,1.484075,1.487055,1.483755,1.486025
2026-09-27T21:04:00Z,2026-09-27T21:05:00Z,1.485895,1.488105,1.485515,1.487325
2026-09-27T21:05:00Z,2026-09-27T21:06:00Z,1.487315,1.490515,1.487165,1.490425
2026-09-27T21:06:00Z,2026-09-27T21:07:00Z,1.490445,1.490845,1.488425,1.489265
2026-09-27T21:07:00Z,2026-09-27T21:08:00Z,1.489205,1.489965,1.486095,1.486335
2026-09-27T21:08:00Z,2026-09-27T21:09:00Z,1.486415,1.488235,1.484215,1.485245
2026-09-27T21:09:00Z,2026-09-27T21:10:00Z,1.485165,1.488205,1.485015,1.487445
2026-09-27T21:10:00Z,2026-09-27T21:11:00Z,1.487425,1.489135,1.486265,1.486485
2026-09-27T21:11:00Z,2026-09-27T21:12:00Z,1.486535,1.487625,1.485295,1.485765
2026-09-27T21:12:00Z,2026-09-27T21:13:00Z,1.486025,1.491405,1.486025,1.488135
2026-09-27T21:13:00Z,2026-09-27T21:14:00Z,1.488335,1.491925,1.488335,1.489405
2026-09-27T21:14:00Z,2026-09-27T21:15:00Z,1.489395,1.494675,1.489355,1.493405
2026-09-27T21:15:00Z,2026-09-27T21:16:00Z,1.493505,1.499425,1.492175,1.499015
2026-09-27T21:16:00Z,2026-09-27T21:17:00Z,1.498955,1.499825,1.497395,1.497525
2026-09-27T21:17:00Z,2026-09-27T21:18:00Z,1.497445,1.499445,1.497445,1.498875
2026-09-27T21:18:00Z,2026-09-27T21:19:00Z,1.498795,1.500305,1.498795,1.500075
2026-09-27T21:19:00Z,2026-09-27T21:20:00Z,1.499935,1.505015,1.498835,1.504855
2026-09-27T21:20:00Z,2026-09-27T21:21:00Z,1.504575,1.507035,1.504115,1.505455
2026-09-27T21:21:00Z,2026-09-27T21:22:00Z,1.505345,1.507915,1.503905,1.506705
2026-09-27T21:22:00Z,2026-09-27T21:23:00Z,1.506775,1.509115,1.505615,1.509035
2026-09-27T21:23:00Z,2026-09-27T21:24:00Z,1.509085,1.510715,1.508045,1.510205
2026-09-27T21:24:00Z,2026-09-27T21:25:00Z,1.510235,1.510235,1.506095,1.506195
2026-09-27T21:25:00Z,2026-09-27T21:26:00Z,1.506135,1.509885,1.506135,1.509765
2026-09-27T21:26:00Z,2026-09-27T21:27:00Z,1.509775,1.513795,1.509775,1.512895
2026-09-27T21:27:00Z,2026-09-27T21:28:00Z,1.512795,1.513245,1.510765,1.512735
2026-09-27T21:28:00Z,2026-09-27T21:29:00Z,1.512685,1.514925,1.510425,1.511025
2026-09-27T21:29:00Z,2026-09-27T21:30:00Z,1.511205,1.511445,1.508915,1.510355
2026-09-27T21:30:00Z,2026-09-27T21:31:00Z,1.510505,1.510835,1.505675,1.506075
2026-09-27T21:31:00Z,2026-09-27T21:32:00Z,1.506015,1.508565,1.505965,1.508275
2026-09-27T21:32:00Z,2026-09-27T21:33:00Z,1.508365,1.510785,1.507695,1.510125
2026-09-27T21:33:00Z,2026-09-27T21:34:00Z,1.510045,1.510095,1.505755,1.506605
2026-09-27T21:34:00Z,2026-09-27T21:35:00Z,1.506685,1.509615,1.506385,1.507705
2026-09-27T21:35:00Z,2026-09-27T21:36:00Z,1.507565,1.511475,1.507285,1.510955
2026-09-27T21:36:00Z,2026-09-27T21:37:00Z,1.511095,1.514035,1.510535,1.512695
2026-09-27T21:37:00Z,2026-09-27T21:38:00Z,1.512665,1.513875,1.510925,1.513495
2026-09-27T21:38:00Z,2026-09-27T21:39:00Z,1.513525,1.514605,1.512265,1.512995
2026-09-27T21:39:00Z,2026-09-27T21:40:00Z,1.512855,1.515945,1.512085,1.512585
2026-09-27T21:40:00Z,2026-09-27T21:41:00Z,1.512745,1.513525,1.509075,1.509595
2026-09-27T21:41:00Z,2026-09-27T21:42:00Z,1.509745,1.513385,1.509565,1.512915
2026-09-27T21:42:00Z,2026-09-27T21:43:00Z,1.513015,1.514135,1.509995,1.510035
2026-09-27T21:43:00Z,2026-09-27T21:44:00Z,1.510065,1.513865,1.509725,1.513255
2026-09-27T21:44:00Z,2026-09-27T21:45:00Z,1.513395,1.514375,1.511765,1.513435
2026-09-27T21:45:00Z,2026-09-27T21:46:00Z,1.513485,1.515295,1.513455,1.514705
2026-09-27T21:46:00Z,2026-09-27T21:47:00Z,1.514905,1.520445,1.514795,1.520445
2026-09-27T21:47:00Z,2026-09-27T21:48:00Z,1.520715,1.524995,1.520515,1.524075
2026-09-27T21:48:00Z,2026-09-27T21:49:00Z,1.524155,1.524435,1.522055,1.522085
2026-09-27T21:49:00Z,2026-09-27T21:50:00Z,1.522385,1.523195,1.517645,1.517865
2026-09-27T21:50:00Z,2026-09-27T21:51:00Z,1.517855,1.519515,1.517095,1.518495
2026-09-27T21:51:00Z,2026-09-27T21:52:00Z,1.518615,1.520555,1.518025,1.518025
2026-09-27T21:52:00Z,2026-09-27T21:53:00Z,1.518035,1.518035,1.512885,1.513225
2026-09-27T21:53:00Z,2026-09-27T21:54:00Z,1.513095,1.516755,1.512515,1.515355
2026-09-27T21:54:00Z,2026-09-27T21:55:00Z,1.515455,1.515585,1.511395,1.512395
2026-09-27T21:55:00Z,2026-09-27T21:56:00Z,1.512385,1.514985,1.512275,1.514245
2026-09-27T21:56:00Z,2026-09-27T21:57:00Z,1.514335,1.517715,1.513875,1.517405
2026-09-27T21:57:00Z,2026-09-27T21:58:00Z,1.517385,1.520075,1.516175,1.520075
2026-09-27T21:58:00Z,2026-09-27T21:59:00Z,1.519975,1.520535,1.516885,1.517235
2026-09-27T21:59:00Z,2026-09-27T22:00:00Z,1.517205,1.518205,1.516275,1.517085
2026-09-27T22:00:00Z,2026-09-27T22:01:00Z,1.517055,1.517165,1.512725,1.513015
2026-09-27T22:01:00Z,2026-09-27T22:02:00Z,1.512925,1.516015,1.512925,1.514995
2026-09-27T22:02:00Z,2026-09-27T22:03:00Z,1.515675,1.518595,1.515255,1.518285
2026-09-27T22:03:00Z,2026-09-27T22:04:00Z,1.518255,1.522365,1.518115,1.521305
2026-09-27T22:04:00Z,2026-09-27T22:05:00Z,1.521335,1.521595,1.517265,1.517745
2026-09-27T22:05:00Z,2026-09-27T22:06:00Z,1.517885,1.518695,1.516675,1.518615
2026-09-27T22:06:00Z,2026-09-27T22:07:00Z,1.518545,1.519045,1.516825,1.518945
2026-09-27T22:07:00Z,2026-09-27T22:08:00Z,1.519005,1.522535,1.518965,1.521535
2026-09-27T22:08:00Z,2026-09-27T22:09:00Z,1.521825,1.524085,1.521085,1.523235
2026-09-27T22:09:00Z,2026-09-27T22:10:00Z,1.522785,1.523285,1.519565,1.522915
2026-09-27T22:10:00Z,2026-09-27T22:11:00Z,1.523075,1.524975,1.522365,1.523775
2026-09-27T22:11:00Z,2026-09-27T22:12:00Z,1.523985,1.526625,1.522235,1.522685
2026-09-27T22:12:00Z,2026-09-27T22:13:00Z,1.522475,1.522695,1.520325,1.521445
2026-09-27T22:13:00Z,2026-09-27T22:14:00Z,1.521475,1.523565,1.520535,1.523565
2026-09-27T22:14:00Z,2026-09-27T22:15:00Z,1.523575,1.526535,1.523385,1.526535
2026-09-27T22:15:00Z,2026-09-27T22:16:00Z,1.526025,1.526735,1.524275,1.525425
2026-09-27T22:16:00Z,2026-09-27T22:17:00Z,1.525445,1.525445,1.521245,1.522915
2026-09-27T22:17:00Z,2026-09-27T22:18:00Z,1.522355,1.522795,1.519345,1.519925
2026-09-27T22:18:00Z,2026-09-27T22:19:00Z,1.519815,1.521145,1.518925,1.519705
2026-09-27T22:19:00Z,2026-09-27T22:20:00Z,1.519945,1.520715,1.518165,1.518165
2026-09-27T22:20:00Z,2026-09-27T22:21:00Z,1.518155,1.519905,1.517625,1.518435
2026-09-27T22:21:00Z,2026-09-27T22:22:00Z,1.518545,1.520645,1.518545,1.519505
2026-09-27T22:22:00Z,2026-09-27T22:23:00Z,1.519495,1.521115,1.516615,1.516615
2026-09-27T22:23:00Z,2026-09-27T22:24:00Z,1.516655,1.517665,1.515145,1.516935
2026-09-27T22:24:00Z,2026-09-27T22:25:00Z,1.517055,1.520115,1.516495,1.520015
2026-09-27T22:25:00Z,2026-09-27T22:26:00Z,1.520025,1.522225,1.517845,1.520935
2026-09-27T22:26:00Z,2026-09-27T22:27:00Z,1.520925,1.524015,1.520665,1.523525
2026-09-27T22:27:00Z,2026-09-27T22:28:00Z,1.523515,1.523515,1.521255,1.522685
2026-09-27T22:28:00Z,2026-09-27T22:29:00Z,1.522675,1.522795,1.517265,1.517925
2026-09-27T22:29:00Z,2026-09-27T22:30:00Z,1.517945,1.523105,1.517945,1.521735
2026-09-27T22:30:00Z,2026-09-27T22:31:00Z,1.521535,1.524525,1.521305,1.521345
2026-09-27T22:31:00Z,2026-09-27T22:32:00Z,1.521325,1.522005,1.519155,1.520045
2026-09-27T22:32:00Z,2026-09-27T22:33:00Z,1.520005,1.520585,1.517185,1.517375
2026-09-27T22:33:00Z,2026-09-27T22:34:00Z,1.517335,1.519545,1.516995,1.517185
2026-09-27T22:34:00Z,2026-09-27T22:35:00Z,1.517245,1.518505,1.516635,1.517525
2026-09-27T22:35:00Z,2026-09-27T22:36:00Z,1.517405,1.518995,1.516915,1.517345
2026-09-27T22:36:00Z,2026-09-27T22:37:00Z,1.517365,1.518385,1.515365,1.516345
2026-09-27T22:37:00Z,2026-09-27T22:38:00Z,1.516235,1.517535,1.516015,1.516685
2026-09-27T22:38:00Z,2026-09-27T22:39:00Z,1.516725,1.517315,1.513835,1.515215
2026-09-27T22:39:00Z,2026-09-27T22:40:00Z,1.515205,1.516475,1.513285,1.514975
2026-09-27T22:40:00Z,2026-09-27T22:41:00Z,1.514755,1.514755,1.511245,1.513235
2026-09-27T22:41:00Z,2026-09-27T22:42:00Z,1.513195,1.513195,1.510345,1.510665
2026-09-27T22:42:00Z,2026-09-27T22:43:00Z,1.510645,1.514875,1.510085,1.514315
2026-09-27T22:43:00Z,2026-09-27T22:44:00Z,1.514305,1.517205,1.513635,1.516505
2026-09-27T22:44:00Z,2026-09-27T22:45:00Z,1.516525,1.516625,1.514205,1.516105
2026-09-27T22:45:00Z,2026-09-27T22:46:00Z,1.516195,1.516425,1.513345,1.513485
2026-09-27T22:46:00Z,2026-09-27T22:47:00Z,1.513625,1.513645,1.511255,1.512575
2026-09-27T22:47:00Z,2026-09-27T22:48:00Z,1.512745,1.513945,1.509565,1.511795
2026-09-27T22:48:00Z,2026-09-27T22:49:00Z,1.511725,1.511725,1.509145,1.510585
2026-09-27T22:49:00Z,2026-09-27T22:50:00Z,1.510265,1.510785,1.505875,1.506025
2026-09-27T22:50:00Z,2026-09-27T22:51:00Z,1.506065,1.506285,1.504235,1.505125
2026-09-27T22:51:00Z,2026-09-27T22:52:00Z,1.505185,1.507745,1.503795,1.507175
2026-09-27T22:52:00Z,2026-09-27T22:53:00Z,1.507235,1.508055,1.505455,1.507905
2026-09-27T22:53:00Z,2026-09-27T22:54:00Z,1.507875,1.508025,1.504915,1.505505
2026-09-27T22:54:00Z,2026-09-27T22:55:00Z,1.505535,1.506725,1.504455,1.505045
2026-09-27T22:55:00Z,2026-09-27T22:56:00Z,1.504885,1.505975,1.503345,1.504405
2026-09-27T22:56:00Z,2026-09-27T22:57:00Z,1.504315,1.505065,1.502495,1.505065
2026-09-27T22:57:00Z,2026-09-27T22:58:00Z,1.505005,1.505665,1.502975,1.504565
2026-09-27T22:58:00Z,2026-09-27T22:59:00Z,1.504685,1.505315,1.502745,1.502965
2026-09-27T22:59:00Z,2026-09-27T23:00:00Z,1.502765,1.505155,1.502275,1.504255
2026-09-27T23:00:00Z,2026-09-27T23:01:00Z,1.504205,1.504895,1.502495,1.504125
2026-09-27T23:01:00Z,2026-09-27T23:02:00Z,1.504785,1.506825,1.503615,1.505155
2026-09-27T23:02:00Z,2026-09-27T23:03:00Z,1.505195,1.506145,1.503085,1.503105
2026-09-27T23:03:00Z,2026-09-27T23:04:00Z,1.503165,1.503475,1.500015,1.500015
2026-09-27T23:04:00Z,2026-09-27T23:05:00Z,1.500025,1.501285,1.498575,1.500325
2026-09-27T23:05:00Z,2026-09-27T23:06:00Z,1.500365,1.501355,1.499255,1.499365
2026-09-27T23:06:00Z,2026-09-27T23:07:00Z,1.499355,1.499775,1.497295,1.497745
2026-09-27T23:07:00Z,2026-09-27T23:08:00Z,1.497555,1.501255,1.497185,1.498815
2026-09-27T23:08:00Z,2026-09-27T23:09:00Z,1.498845,1.500945,1.497835,1.497855
2026-09-27T23:09:00Z,2026-09-27T23:10:00Z,1.498025,1.498225,1.493895,1.493895
2026-09-27T23:10:00Z,2026-09-27T23:11:00Z,1.493155,1.493435,1.491335,1.491945
2026-09-27T23:11:00Z,2026-09-27T23:12:00Z,1.492155,1.496335,1.492145,1.495935
2026-09-27T23:12:00Z,2026-09-27T23:13:00Z,1.496165,1.496185,1.488495,1.488675
2026-09-27T23:13:00Z,2026-09-27T23:14:00Z,1.489335,1.489335,1.485655,1.486225
2026-09-27T23:14:00Z,2026-09-27T23:15:00Z,1.485985,1.486365,1.484155,1.485595
2026-09-27T23:15:00Z,2026-09-27T23:16:00Z,1.485535,1.489315,1.485185,1.488995
2026-09-27T23:16:00Z,2026-09-27T23:17:00Z,1.488975,1.489585,1.486465,1.488435
2026-09-27T23:17:00Z,2026-09-27T23:18:00Z,1.488545,1.490005,1.488305,1.489495
2026-09-27T23:18:00Z,2026-09-27T23:19:00Z,1.489415,1.489415,1.485765,1.486025
2026-09-27T23:19:00Z,2026-09-27T23:20:00Z,1.485825,1.486405,1.484725,1.485205
2026-09-27T23:20:00Z,2026-09-27T23:21:00Z,1.485075,1.488035,1.484575,1.487425
2026-09-27T23:21:00Z,2026-09-27T23:22:00Z,1.487385,1.487405,1.485655,1.487245
2026-09-27T23:22:00Z,2026-09-27T23:23:00Z,1.487235,1.487605,1.483735,1.483845
2026-09-27T23:23:00Z,2026-09-27T23:24:00Z,1.483645,1.485025,1.482415,1.483395
2026-09-27T23:24:00Z,2026-09-27T23:25:00Z,1.483295,1.485465,1.482575,1.483105
2026-09-27T23:25:00Z,2026-09-27T23:26:00Z,1.482825,1.483905,1.481685,1.482885
2026-09-27T23:26:00Z,2026-09-27T23:27:00Z,1.482765,1.483455,1.479975,1.481355
2026-09-27T23:27:00Z,2026-09-27T23:28:00Z,1.481365,1.481545,1.478155,1.478325
2026-09-27T23:28:00Z,2026-09-27T23:29:00Z,1.478565,1.479855,1.476835,1.478745
2026-09-27T23:29:00Z,2026-09-27T23:30:00Z,1.478645,1.481025,1.478495,1.478655
2026-09-27T23:30:00Z,2026-09-27T23:31:00Z,1.478675,1.479885,1.477025,1.479645
2026-09-27T23:31:00Z,2026-09-27T23:32:00Z,1.479655,1.480415,1.477665,1.479125
2026-09-27T23:32:00Z,2026-09-27T23:33:00Z,1.479015,1.482025,1.477305,1.477665
2026-09-27T23:33:00Z,2026-09-27T23:34:00Z,1.477685,1.479155,1.476495,1.479065
2026-09-27T23:34:00Z,2026-09-27T23:35:00Z,1.478885,1.480535,1.477705,1.477705
2026-09-27T23:35:00Z,2026-09-27T23:36:00Z,1.477755,1.477845,1.474335,1.475885
2026-09-27T23:36:00Z,2026-09-27T23:37:00Z,1.476045,1.478505,1.475215,1.477805
2026-09-27T23:37:00Z,2026-09-27T23:38:00Z,1.477895,1.477945,1.472995,1.473005
2026-09-27T23:38:00Z,2026-09-27T23:39:00Z,1.473035,1.474065,1.470195,1.470955
2026-09-27T23:39:00Z,2026-09-27T23:40:00Z,1.470895,1.472835,1.470615,1.471065
2026-09-27T23:40:00Z,2026-09-27T23:41:00Z,1.471175,1.473025,1.471035,1.472795
2026-09-27T23:41:00Z,2026-09-27T23:42:00Z,1.472845,1.473995,1.470635,1.471505
2026-09-27T23:42:00Z,2026-09-27T23:43:00Z,1.471465,1.476865,1.471365,1.475205
2026-09-27T23:43:00Z,2026-09-27T23:44:00Z,1.475085,1.475095,1.471845,1.473365
2026-09-27T23:44:00Z,2026-09-27T23:45:00Z,1.473255,1.474045,1.470475,1.472465
2026-09-27T23:45:00Z,2026-09-27T23:46:00Z,1.472625,1.474515,1.471715,1.474325
2026-09-27T23:46:00Z,2026-09-27T23:47:00Z,1.474315,1.474325,1.471205,1.472595
2026-09-27T23:47:00Z,2026-09-27T23:48:00Z,1.472675,1.473175,1.465485,1.466975
2026-09-27T23:48:00Z,2026-09-27T23:49:00Z,1.466895,1.470335,1.465945,1.466075
2026-09-27T23:49:00Z,2026-09-27T23:50:00Z,1.466125,1.466405,1.463895,1.464185
2026-09-27T23:50:00Z,2026-09-27T23:51:00Z,1.464195,1.466435,1.462495,1.462495
2026-09-27T23:51:00Z,2026-09-27T23:52:00Z,1.462425,1.463845,1.460545,1.461665
2026-09-27T23:52:00Z,2026-09-27T23:53:00Z,1.461655,1.463015,1.461135,1.461175
2026-09-27T23:53:00Z,2026-09-27T23:54:00Z,1.460995,1.461775,1.460075,1.460465
2026-09-27T23:54:00Z,2026-09-27T23:55:00Z,1.460165,1.463075,1.460015,1.462405
2026-09-27T23:55:00Z,2026-09-27T23:56:00Z,1.462445,1.466155,1.461955,1.465725
2026-09-27T23:56:00Z,2026-09-27T23:57:00Z,1.465615,1.468445,1.465615,1.465945
2026-09-27T23:57:00Z,2026-09-27T23:58:00Z,1.466065,1.469455,1.465135,1.469425
2026-09-27T23:58:00Z,2026-09-27T23:59:00Z,1.469435,1.472415,1.468795,1.471545
2026-09-27T23:59:00Z,2026-09-28T00:00:00Z,1.471615,1.473075,1.471255,1.472575
2026-09-28T00:00:00Z,2026-09-28T00:01:00Z,1.472815,1.474445,1.471675,1.473345
2026-09-28T00:01:00Z,2026-09-28T00:02:00Z,1.473315,1.473585,1.469085,1.469745
2026-09-28T00:02:00Z,2026-09-28T00:03:00Z,1.469435,1.469485,1.466745,1.467905
2026-09-28T00:03:00Z,2026-09-28T00:04:00Z,1.467955,1.468775,1.467065,1.467935
2026-09-28T00:04:00Z,2026-09-28T00:05:00Z,1.468025,1.472135,1.467345,1.470685
2026-09-28T00:05:00Z,2026-09-28T00:06:00Z,1.470515,1.472165,1.469135,1.471325
2026-09-28T00:06:00Z,2026-09-28T00:07:00Z,1.471505,1.472435,1.468515,1.468655
2026-09-28T00:07:00Z,2026-09-28T00:08:00Z,1.468565,1.469605,1.467325,1.468965
2026-09-28T00:08:00Z,2026-09-28T00:09:00Z,1.468795,1.469045,1.467295,1.467775
2026-09-28T00:09:00Z,2026-09-28T00:10:00Z,1.467625,1.471285,1.465895,1.470875
2026-09-28T00:10:00Z,2026-09-28T00:11:00Z,1.471075,1.475365,1.470705,1.474955
2026-09-28T00:11:00Z,2026-09-28T00:12:00Z,1.474885,1.474975,1.472615,1.473085
2026-09-28T00:12:00Z,2026-09-28T00:13:00Z,1.473155,1.473155,1.467915,1.468375
2026-09-28T00:13:00Z,2026-09-28T00:14:00Z,1.468495,1.469445,1.467135,1.469445
2026-09-28T00:14:00Z,2026-09-28T00:15:00Z,1.469525,1.470285,1.467245,1.470175
2026-09-28T00:15:00Z,2026-09-28T00:16:00Z,1.470215,1.471605,1.469275,1.471275
2026-09-28T00:16:00Z,2026-09-28T00:17:00Z,1.471295,1.471295,1.468065,1.468175
2026-09-28T00:17:00Z,2026-09-28T00:18:00Z,1.468155,1.468845,1.465125,1.467935
2026-09-28T00:18:00Z,2026-09-28T00:19:00Z,1.467815,1.468345,1.466025,1.466025
2026-09-28T00:19:00Z,2026-09-28T00:20:00Z,1.466005,1.466755,1.464085,1.466045
2026-09-28T00:20:00Z,2026-09-28T00:21:00Z,1.465985,1.467275,1.465725,1.465965
2026-09-28T00:21:00Z,2026-09-28T00:22:00Z,1.465885,1.468405,1.464275,1.467865
2026-09-28T00:22:00Z,2026-09-28T00:23:00Z,1.467775,1.468635,1.465225,1.468485
2026-09-28T00:23:00Z,2026-09-28T00:24:00Z,1.469085,1.470375,1.467885,1.469445
2026-09-28T00:24:00Z,2026-09-28T00:25:00Z,1.469585,1.473105,1.469385,1.472375
2026-09-28T00:25:00Z,2026-09-28T00:26:00Z,1.472285,1.473405,1.471465,1.473335
2026-09-28T00:26:00Z,2026-09-28T00:27:00Z,1.473385,1.473385,1.471115,1.471755
2026-09-28T00:27:00Z,2026-09-28T00:28:00Z,1.471735,1.473455,1.470705,1.471155
2026-09-28T00:28:00Z,2026-09-28T00:29:00Z,1.471215,1.472035,1.468595,1.469575
2026-09-28T00:29:00Z,2026-09-28T00:30:00Z,1.469745,1.473215,1.469555,1.470225
2026-09-28T00:30:00Z,2026-09-28T00:31:00Z,1.470185,1.471975,1.469355,1.471975
2026-09-28T00:31:00Z,2026-09-28T00:32:00Z,1.471895,1.472785,1.469485,1.469845
2026-09-28T00:32:00Z,2026-09-28T00:33:00Z,1.469855,1.472825,1.469265,1.472475
2026-09-28T00:33:00Z,2026-09-28T00:34:00Z,1.472185,1.473935,1.471305,1.472605
2026-09-28T00:34:00Z,2026-09-28T00:35:00Z,1.472555,1.476195,1.472075,1.473485
2026-09-28T00:35:00Z,2026-09-28T00:36:00Z,1.473715,1.475065,1.472105,1.472375
2026-09-28T00:36:00Z,2026-09-28T00:37:00Z,1.472225,1.474115,1.470985,1.472755
2026-09-28T00:37:00Z,2026-09-28T00:38:00Z,1.472555,1.474035,1.472485,1.472485
2026-09-28T00:38:00Z,2026-09-28T00:39:00Z,1.472535,1.472925,1.469785,1.469785
2026-09-28T00:39:00Z,2026-09-28T00:40:00Z,1.469665,1.471595,1.469505,1.470735
2026-09-28T00:40:00Z,2026-09-28T00:41:00Z,1.470715,1.472985,1.469495,1.471285
2026-09-28T00:41:00Z,2026-09-28T00:42:00Z,1.471275,1.471695,1.468525,1.469165
2026-09-28T00:42:00Z,2026-09-28T00:43:00Z,1.469185,1.469575,1.467405,1.467625
2026-09-28T00:43:00Z,2026-09-28T00:44:00Z,1.467595,1.469835,1.465735,1.468665
2026-09-28T00:44:00Z,2026-09-28T00:45:00Z,1.468925,1.470565,1.467905,1.469905
2026-09-28T00:45:00Z,2026-09-28T00:46:00Z,1.469855,1.472475,1.469555,1.471505
2026-09-28T00:46:00Z,2026-09-28T00:47:00Z,1.471495,1.471495,1.468605,1.469775
2026-09-28T00:47:00Z,2026-09-28T00:48:00Z,1.469825,1.470695,1.465465,1.465465
2026-09-28T00:48:00Z,2026-09-28T00:49:00Z,1.465375,1.466265,1.463345,1.463415
2026-09-28T00:49:00Z,2026-09-28T00:50:00Z,1.463305,1.466125,1.462165,1.462435
2026-09-28T00:50:00Z,2026-09-28T00:51:00Z,1.462305,1.462315,1.456575,1.457185
2026-09-28T00:51:00Z,2026-09-28T00:52:00Z,1.457095,1.457235,1.453225,1.454795
2026-09-28T00:52:00Z,2026-09-28T00:53:00Z,1.454785,1.454955,1.452335,1.452505
2026-09-28T00:53:00Z,2026-09-28T00:54:00Z,1.452675,1.453035,1.450795,1.452755
2026-09-28T00:54:00Z,2026-09-28T00:55:00Z,1.452825,1.453735,1.450825,1.451025
2026-09-28T00:55:00Z,2026-09-28T00:56:00Z,1.451135,1.451395,1.444345,1.444435
2026-09-28T00:56:00Z,2026-09-28T00:57:00Z,1.444415,1.446225,1.443755,1.443755
2026-09-28T00:57:00Z,2026-09-28T00:58:00Z,1.443785,1.446285,1.442375,1.446065
2026-09-28T00:58:00Z,2026-09-28T00:59:00Z,1.446455,1.448135,1.445355,1.448125
2026-09-28T00:59:00Z,2026-09-28T01:00:00Z,1.448165,1.450285,1.448165,1.449805
2026-09-28T01:00:00Z,2026-09-28T01:01:00Z,1.449885,1.453005,1.448995,1.452125
2026-09-28T01:01:00Z,2026-09-28T01:02:00Z,1.451905,1.451905,1.450055,1.451445
2026-09-28T01:02:00Z,2026-09-28T01:03:00Z,1.451465,1.455385,1.451425,1.454525
2026-09-28T01:03:00Z,2026-09-28T01:04:00Z,1.454405,1.456785,1.453465,1.456785
2026-09-28T01:04:00Z,2026-09-28T01:05:00Z,1.456885,1.459075,1.456535,1.459035
2026-09-28T01:10:00Z,2026-09-28T01:11:00Z,1.459035,1.517305,1.459035,1.514465
2026-09-28T01:11:00Z,2026-09-28T01:12:00Z,1.514625,1.517035,1.513265,1.513485
2026-09-28T01:12:00Z,2026-09-28T01:13:00Z,1.513505,1.513575,1.508815,1.509085
2026-09-28T01:13:00Z,2026-09-28T01:14:00Z,1.509075,1.512195,1.509075,1.512195
2026-09-28T01:14:00Z,2026-09-28T01:15:00Z,1.512355,1.515635,1.511765,1.514895
2026-09-28T01:15:00Z,2026-09-28T01:16:00Z,1.514795,1.517445,1.513935,1.517175
2026-09-28T01:16:00Z,2026-09-28T01:17:00Z,1.517195,1.518425,1.515855,1.516895
2026-09-28T01:17:00Z,2026-09-28T01:18:00Z,1.516885,1.519825,1.516155,1.519095
2026-09-28T01:18:00Z,2026-09-28T01:19:00Z,1.518995,1.521745,1.518915,1.520505
2026-09-28T01:19:00Z,2026-09-28T01:20:00Z,1.520555,1.521895,1.518415,1.519125
2026-09-28T01:20:00Z,2026-09-28T01:21:00Z,1.519105,1.519755,1.516995,1.517755
2026-09-28T01:21:00Z,2026-09-28T01:22:00Z,1.517645,1.521475,1.517235,1.520535
2026-09-28T01:22:00Z,2026-09-28T01:23:00Z,1.520525,1.522155,1.519925,1.521645
2026-09-28T01:23:00Z,2026-09-28T01:24:00Z,1.521765,1.521765,1.518755,1.519775
2026-09-28T01:24:00Z,2026-09-28T01:25:00Z,1.519835,1.520035,1.517665,1.518045
2026-09-28T01:25:00Z,2026-09-28T01:26:00Z,1.518245,1.521455,1.517475,1.521455
2026-09-28T01:26:00Z,2026-09-28T01:27:00Z,1.521465,1.522985,1.520275,1.522515
2026-09-28T01:27:00Z,2026-09-28T01:28:00Z,1.522245,1.523025,1.520585,1.521835
2026-09-28T01:28:00Z,2026-09-28T01:29:00Z,1.521785,1.522255,1.520245,1.520595
2026-09-28T01:29:00Z,2026-09-28T01:30:00Z,1.520605,1.523745,1.519995,1.522765
2026-09-28T01:30:00Z,2026-09-28T01:31:00Z,1.522715,1.524105,1.521855,1.523825
2026-09-28T01:31:00Z,2026-09-28T01:32:00Z,1.523935,1.524775,1.522675,1.523495
2026-09-28T01:32:00Z,2026-09-28T01:33:00Z,1.523235,1.525065,1.521875,1.522815
2026-09-28T01:33:00Z,2026-09-28T01:34:00Z,1.522615,1.525545,1.522015,1.525335
2026-09-28T01:34:00Z,2026-09-28T01:35:00Z,1.525355,1.525355,1.522955,1.523605
2026-09-28T01:35:00Z,2026-09-28T01:36:00Z,1.523615,1.524665,1.521255,1.524665
2026-09-28T01:36:00Z,2026-09-28T01:37:00Z,1.524625,1.525005,1.521485,1.523125
2026-09-28T01:37:00Z,2026-09-28T01:38:00Z,1.522885,1.524465,1.521545,1.523085
2026-09-28T01:38:00Z,2026-09-28T01:39:00Z,1.523175,1.527095,1.522975,1.525965
2026-09-28T01:39:00Z,2026-09-28T01:40:00Z,1.526005,1.527365,1.525145,1.526205
2026-09-28T01:40:00Z,2026-09-28T01:41:00Z,1.526215,1.527965,1.524755,1.527035
2026-09-28T01:41:00Z,2026-09-28T01:42:00Z,1.527115,1.529465,1.525915,1.529325
2026-09-28T01:42:00Z,2026-09-28T01:43:00Z,1.529205,1.529675,1.524845,1.525075
2026-09-28T01:43:00Z,2026-09-28T01:44:00Z,1.524865,1.524865,1.520225,1.520225
2026-09-28T01:44:00Z,2026-09-28T01:45:00Z,1.520155,1.520905,1.518365,1.518695
2026-09-28T01:45:00Z,2026-09-28T01:46:00Z,1.518775,1.520015,1.517885,1.519185
2026-09-28T01:46:00Z,2026-09-28T01:47:00Z,1.519135,1.523065,1.518515,1.523065
2026-09-28T01:47:00Z,2026-09-28T01:48:00Z,1.522985,1.526575,1.521285,1.524635
2026-09-28T01:48:00Z,2026-09-28T01:49:00Z,1.524735,1.524735,1.522105,1.522315
2026-09-28T01:49:00Z,2026-09-28T01:50:00Z,1.522365,1.525115,1.522345,1.524745
2026-09-28T01:50:00Z,2026-09-28T01:51:00Z,1.524645,1.525035,1.519265,1.520015
2026-09-28T01:51:00Z,2026-09-28T01:52:00Z,1.519975,1.521605,1.519485,1.521605
2026-09-28T01:52:00Z,2026-09-28T01:53:00Z,1.521735,1.522365,1.520255,1.520265
2026-09-28T01:53:00Z,2026-09-28T01:54:00Z,1.519825,1.519825,1.513295,1.513875
2026-09-28T01:54:00Z,2026-09-28T01:55:00Z,1.513835,1.518655,1.513265,1.518595
2026-09-28T01:55:00Z,2026-09-28T01:56:00Z,1.518605,1.524375,1.518575,1.523435
2026-09-28T01:56:00Z,2026-09-28T01:57:00Z,1.523385,1.526245,1.523195,1.526175
2026-09-28T01:57:00Z,2026-09-28T01:58:00Z,1.526345,1.527855,1.525665,1.526825
2026-09-28T01:58:00Z,2026-09-28T01:59:00Z,1.526795,1.527225,1.525455,1.527145
2026-09-28T01:59:00Z,2026-09-28T02:00:00Z,1.527275,1.529015,1.526645,1.527225
2026-09-28T02:00:00Z,2026-09-28T02:01:00Z,1.527515,1.527735,1.523595,1.524325
2026-09-28T02:01:00Z,2026-09-28T02:02:00Z,1.524405,1.524745,1.522235,1.523625
2026-09-28T02:02:00Z,2026-09-28T02:03:00Z,1.523555,1.523775,1.520005,1.520765
2026-09-28T02:03:00Z,2026-09-28T02:04:00Z,1.520725,1.520735,1.516285,1.516675
2026-09-28T02:04:00Z,2026-09-28T02:05:00Z,1.516795,1.522205,1.516795,1.522155
2026-09-28T02:05:00Z,2026-09-28T02:06:00Z,1.522045,1.522665,1.519945,1.520145
2026-09-28T02:06:00Z,2026-09-28T02:07:00Z,1.519935,1.521795,1.519385,1.521795
2026-09-28T02:07:00Z,2026-09-28T02:08:00Z,1.521115,1.521215,1.518595,1.518665
2026-09-28T02:08:00Z,2026-09-28T02:09:00Z,1.518295,1.520035,1.517515,1.518485
2026-09-28T02:09:00Z,2026-09-28T02:10:00Z,1.518475,1.519235,1.515925,1.516395
2026-09-28T02:10:00Z,2026-09-28T02:11:00Z,1.516545,1.520725,1.516335,1.519745
2026-09-28T02:11:00Z,2026-09-28T02:12:00Z,1.519485,1.521355,1.518235,1.521355
2026-09-28T02:12:00Z,2026-09-28T02:13:00Z,1.521125,1.521815,1.514705,1.514705
2026-09-28T02:13:00Z,2026-09-28T02:14:00Z,1.514675,1.516675,1.513665,1.516385
2026-09-28T02:14:00Z,2026-09-28T02:15:00Z,1.516555,1.520925,1.516465,1.519445
2026-09-28T02:15:00Z,2026-09-28T02:16:00Z,1.519525,1.524785,1.519525,1.522665
2026-09-28T02:16:00Z,2026-09-28T02:17:00Z,1.522685,1.522685,1.521005,1.521115
2026-09-28T02:17:00Z,2026-09-28T02:18:00Z,1.521085,1.523815,1.520515,1.523345
2026-09-28T02:18:00Z,2026-09-28T02:19:00Z,1.523505,1.524065,1.520175,1.520345
2026-09-28T02:19:00Z,2026-09-28T02:20:00Z,1.520045,1.520785,1.514275,1.514435
2026-09-28T02:20:00Z,2026-09-28T02:21:00Z,1.514095,1.514095,1.507775,1.507865
2026-09-28T02:21:00Z,2026-09-28T02:22:00Z,1.507825,1.509395,1.506215,1.506215
2026-09-28T02:22:00Z,2026-09-28T02:23:00Z,1.506485,1.509095,1.504875,1.509025
2026-09-28T02:23:00Z,2026-09-28T02:24:00Z,1.509135,1.511405,1.508975,1.509445
2026-09-28T02:24:00Z,2026-09-28T02:25:00Z,1.509575,1.510415,1.506875,1.509555
2026-09-28T02:25:00Z,2026-09-28T02:26:00Z,1.509415,1.512875,1.509385,1.511945
2026-09-28T02:26:00Z,2026-09-28T02:27:00Z,1.511925,1.513865,1.511505,1.512945
2026-09-28T02:27:00Z,2026-09-28T02:28:00Z,1.512825,1.517105,1.512345,1.515945
2026-09-28T02:28:00Z,2026-09-28T02:29:00Z,1.515415,1.516655,1.514105,1.515995
2026-09-28T02:29:00Z,2026-09-28T02:30:00Z,1.516215,1.516725,1.513535,1.514425
2026-09-28T02:30:00Z,2026-09-28T02:31:00Z,1.514545,1.514645,1.510525,1.510555
2026-09-28T02:31:00Z,2026-09-28T02:32:00Z,1.510565,1.512635,1.508855,1.510135
2026-09-28T02:32:00Z,2026-09-28T02:33:00Z,1.509915,1.512115,1.509575,1.510285
2026-09-28T02:33:00Z,2026-09-28T02:34:00Z,1.510355,1.510885,1.508335,1.508335
2026-09-28T02:34:00Z,2026-09-28T02:35:00Z,1.508305,1.509935,1.507805,1.508915
2026-09-28T02:35:00Z,2026-09-28T02:36:00Z,1.508875,1.509135,1.507545,1.509135
2026-09-28T02:36:00Z,2026-09-28T02:37:00Z,1.509105,1.509365,1.502305,1.504765
2026-09-28T02:37:00Z,2026-09-28T02:38:00Z,1.504945,1.505455,1.502325,1.504265
2026-09-28T02:38:00Z,2026-09-28T02:39:00Z,1.504275,1.505505,1.500825,1.501975
2026-09-28T02:39:00Z,2026-09-28T02:40:00Z,1.501735,1.503185,1.499775,1.500305
2026-09-28T02:40:00Z,2026-09-28T02:41:00Z,1.500185,1.502125,1.499535,1.501575
2026-09-28T02:41:00Z,2026-09-28T02:42:00Z,1.501665,1.504055,1.500895,1.501105
2026-09-28T02:42:00Z,2026-09-28T02:43:00Z,1.501065,1.503835,1.500765,1.502615
2026-09-28T02:43:00Z,2026-09-28T02:44:00Z,1.502495,1.503165,1.496455,1.496555
2026-09-28T02:44:00Z,2026-09-28T02:45:00Z,1.496595,1.496935,1.494045,1.494265
2026-09-28T02:45:00Z,2026-09-28T02:46:00Z,1.494175,1.497235,1.494045,1.496685
2026-09-28T02:46:00Z,2026-09-28T02:47:00Z,1.496575,1.497765,1.495825,1.496625
2026-09-28T02:47:00Z,2026-09-28T02:48:00Z,1.496545,1.497005,1.493885,1.493935
2026-09-28T02:48:00Z,2026-09-28T02:49:00Z,1.493985,1.498175,1.493965,1.497595
2026-09-28T02:49:00Z,2026-09-28T02:50:00Z,1.497485,1.498195,1.496165,1.496595
2026-09-28T02:50:00Z,2026-09-28T02:51:00Z,1.496625,1.498665,1.496625,1.498035
2026-09-28T02:51:00Z,2026-09-28T02:52:00Z,1.497865,1.499565,1.495375,1.499565
2026-09-28T02:52:00Z,2026-09-28T02:53:00Z,1.499535,1.500475,1.498355,1.498855
2026-09-28T02:53:00Z,2026-09-28T02:54:00Z,1.498595,1.501285,1.498155,1.499955
2026-09-28T02:54:00Z,2026-09-28T02:55:00Z,1.499845,1.502075,1.499685,1.501615
2026-09-28T02:55:00Z,2026-09-28T02:56:00Z,1.501895,1.502065,1.498995,1.499945
2026-09-28T02:56:00Z,2026-09-28T02:57:00Z,1.500055,1.500865,1.492975,1.494085
2026-09-28T02:57:00Z,2026-09-28T02:58:00Z,1.494345,1.494565,1.491975,1.492745
2026-09-28T02:58:00Z,2026-09-28T02:59:00Z,1.492735,1.492925,1.489345,1.490575
2026-09-28T02:59:00Z,2026-09-28T03:00:00Z,1.490565,1.493535,1.490055,1.493115
2026-09-28T03:00:00Z,2026-09-28T03:01:00Z,1.493215,1.494135,1.492055,1.493625
2026-09-28T03:01:00Z,2026-09-28T03:02:00Z,1.493885,1.494975,1.492025,1.493335
2026-09-28T03:02:00Z,2026-09-28T03:03:00Z,1.493105,1.494155,1.489905,1.489985
2026-09-28T03:03:00Z,2026-09-28T03:04:00Z,1.489925,1.490595,1.485425,1.485795
2026-09-28T03:04:00Z,2026-09-28T03:05:00Z,1.486325,1.487725,1.485585,1.486425
2026-09-28T03:05:00Z,2026-09-28T03:06:00Z,1.486485,1.487385,1.484535,1.484615
2026-09-28T03:06:00Z,2026-09-28T03:07:00Z,1.484655,1.485745,1.482865,1.483035
2026-09-28T03:07:00Z,2026-09-28T03:08:00Z,1.483185,1.485325,1.482675,1.483755
2026-09-28T03:08:00Z,2026-09-28T03:09:00Z,1.483775,1.488545,1.483485,1.487645
2026-09-28T03:09:00Z,2026-09-28T03:10:00Z,1.487755,1.494295,1.487575,1.493595
2026-09-28T03:10:00Z,2026-09-28T03:11:00Z,1.493565,1.496875,1.492565,1.496235
2026-09-28T03:11:00Z,2026-09-28T03:12:00Z,1.496125,1.498265,1.494515,1.495125
2026-09-28T03:12:00Z,2026-09-28T03:13:00Z,1.495105,1.496775,1.494315,1.494495
2026-09-28T03:13:00Z,2026-09-28T03:14:00Z,1.494575,1.496505,1.493855,1.494785
2026-09-28T03:14:00Z,2026-09-28T03:15:00Z,1.494705,1.494705,1.492005,1.492455
2026-09-28T03:15:00Z,2026-09-28T03:16:00Z,1.492385,1.492755,1.489185,1.490255
2026-09-28T03:16:00Z,2026-09-28T03:17:00Z,1.490445,1.492145,1.489965,1.489965
2026-09-28T03:17:00Z,2026-09-28T03:18:00Z,1.489885,1.490365,1.487055,1.487055
2026-09-28T03:18:00Z,2026-09-28T03:19:00Z,1.486915,1.487915,1.484375,1.486425
2026-09-28T03:19:00Z,2026-09-28T03:20:00Z,1.486385,1.489655,1.485665,1.489025
2026-09-28T03:20:00Z,2026-09-28T03:21:00Z,1.489005,1.489515,1.487285,1.489515
2026-09-28T03:21:00Z,2026-09-28T03:22:00Z,1.489945,1.492295,1.489485,1.489735
2026-09-28T03:22:00Z,2026-09-28T03:23:00Z,1.489525,1.491145,1.489255,1.489625
2026-09-28T03:23:00Z,2026-09-28T03:24:00Z,1.489805,1.491565,1.489795,1.490765
2026-09-28T03:24:00Z,2026-09-28T03:25:00Z,1.490725,1.493735,1.490535,1.492895
2026-09-28T03:25:00Z,2026-09-28T03:26:00Z,1.492945,1.494215,1.491165,1.494075
2026-09-28T03:26:00Z,2026-09-28T03:27:00Z,1.493995,1.494975,1.492635,1.493465
2026-09-28T03:27:00Z,2026-09-28T03:28:00Z,1.493715,1.493875,1.491425,1.492155
2026-09-28T03:28:00Z,2026-09-28T03:29:00Z,1.492205,1.494125,1.491115,1.492005
2026-09-28T03:29:00Z,2026-09-28T03:30:00Z,1.491955,1.495535,1.491915,1.494985
2026-09-28T03:30:00Z,2026-09-28T03:31:00Z,1.494995,1.496565,1.493635,1.496555
2026-09-28T03:31:00Z,2026-09-28T03:32:00Z,1.496415,1.497825,1.493985,1.494015
2026-09-28T03:32:00Z,2026-09-28T03:33:00Z,1.494185,1.495205,1.492515,1.495075
2026-09-28T03:33:00Z,2026-09-28T03:34:00Z,1.494955,1.497305,1.494955,1.497025
2026-09-28T03:34:00Z,2026-09-28T03:35:00Z,1.496905,1.497075,1.492595,1.494265
2026-09-28T03:35:00Z,2026-09-28T03:36:00Z,1.494305,1.495375,1.492915,1.494575
2026-09-28T03:36:00Z,2026-09-28T03:37:00Z,1.494615,1.495725,1.492655,1.494605
2026-09-28T03:37:00Z,2026-09-28T03:38:00Z,1.494625,1.495575,1.493465,1.494765
2026-09-28T03:38:00Z,2026-09-28T03:39:00Z,1.494735,1.494745,1.490345,1.491725
2026-09-28T03:39:00Z,2026-09-28T03:40:00Z,1.491755,1.493145,1.490925,1.491955
2026-09-28T03:40:00Z,2026-09-28T03:41:00Z,1.491965,1.491975,1.488775,1.489655
2026-09-28T03:41:00Z,2026-09-28T03:42:00Z,1.489765,1.491925,1.487965,1.491835
2026-09-28T03:42:00Z,2026-09-28T03:43:00Z,1.491705,1.491975,1.490435,1.490445
2026-09-28T03:43:00Z,2026-09-28T03:44:00Z,1.490405,1.492545,1.490405,1.491125
2026-09-28T03:44:00Z,2026-09-28T03:45:00Z,1.490865,1.492295,1.489345,1.492145
2026-09-28T03:45:00Z,2026-09-28T03:46:00Z,1.492095,1.494605,1.490545,1.492205
2026-09-28T03:46:00Z,2026-09-28T03:47:00Z,1.492195,1.492505,1.488005,1.489645
2026-09-28T03:47:00Z,2026-09-28T03:48:00Z,1.489995,1.491195,1.488205,1.488825
2026-09-28T03:48:00Z,2026-09-28T03:49:00Z,1.488955,1.490155,1.487625,1.489225
2026-09-28T03:49:00Z,2026-09-28T03:50:00Z,1.489235,1.489865,1.486625,1.487035
2026-09-28T03:50:00Z,2026-09-28T03:51:00Z,1.487065,1.488685,1.485665,1.488015
2026-09-28T03:51:00Z,2026-09-28T03:52:00Z,1.487925,1.488405,1.486415,1.487245
2026-09-28T03:52:00Z,2026-09-28T03:53:00Z,1.487225,1.487345,1.484835,1.485985
2026-09-28T03:53:00Z,2026-09-28T03:54:00Z,1.485895,1.486095,1.483095,1.483225
2026-09-28T03:54:00Z,2026-09-28T03:55:00Z,1.483415,1.486435,1.482895,1.486135
2026-09-28T03:55:00Z,2026-09-28T03:56:00Z,1.485935,1.485955,1.482455,1.482585
2026-09-28T03:56:00Z,2026-09-28T03:57:00Z,1.482695,1.483995,1.481405,1.481795
2026-09-28T03:57:00Z,2026-09-28T03:58:00Z,1.481815,1.483285,1.480795,1.482815
2026-09-28T03:58:00Z,2026-09-28T03:59:00Z,1.482935,1.485495,1.482205,1.483175
2026-09-28T03:59:00Z,2026-09-28T04:00:00Z,1.483075,1.486935,1.482445,1.486315
2026-09-28T04:00:00Z,2026-09-28T04:01:00Z,1.486395,1.486825,1.483225,1.483395
2026-09-28T04:01:00Z,2026-09-28T04:02:00Z,1.483825,1.484285,1.480055,1.480075
2026-09-28T04:02:00Z,2026-09-28T04:03:00Z,1.480215,1.483645,1.479865,1.483155
2026-09-28T04:03:00Z,2026-09-28T04:04:00Z,1.483125,1.483815,1.481185,1.482335
2026-09-28T04:04:00Z,2026-09-28T04:05:00Z,1.482235,1.483055,1.479495,1.480025
2026-09-28T04:05:00Z,2026-09-28T04:06:00Z,1.479815,1.480925,1.478445,1.478685
2026-09-28T04:06:00Z,2026-09-28T04:07:00Z,1.478495,1.478685,1.476205,1.477495
2026-09-28T04:07:00Z,2026-09-28T04:08:00Z,1.477595,1.479145,1.476245,1.478915
2026-09-28T04:08:00Z,2026-09-28T04:09:00Z,1.478835,1.481855,1.478615,1.479845
2026-09-28T04:09:00Z,2026-09-28T04:10:00Z,1.479885,1.479885,1.475495,1.475925
2026-09-28T04:10:00Z,2026-09-28T04:11:00Z,1.476025,1.476595,1.471695,1.472315
2026-09-28T04:11:00Z,2026-09-28T04:12:00Z,1.472335,1.473515,1.471295,1.471985
2026-09-28T04:12:00Z,2026-09-28T04:13:00Z,1.472005,1.472735,1.470535,1.471705
2026-09-28T04:13:00Z,2026-09-28T04:14:00Z,1.471665,1.473285,1.469995,1.471405
2026-09-28T04:14:00Z,2026-09-28T04:15:00Z,1.471205,1.472215,1.470635,1.470955
2026-09-28T04:15:00Z,2026-09-28T04:16:00Z,1.470875,1.470895,1.465895,1.467345
2026-09-28T04:16:00Z,2026-09-28T04:17:00Z,1.467325,1.469495,1.466275,1.466275
2026-09-28T04:17:00Z,2026-09-28T04:18:00Z,1.465725,1.468245,1.465585,1.466085
2026-09-28T04:18:00Z,2026-09-28T04:19:00Z,1.466055,1.471955,1.466055,1.471955
2026-09-28T04:19:00Z,2026-09-28T04:20:00Z,1.471975,1.473525,1.471395,1.471765
2026-09-28T04:20:00Z,2026-09-28T04:21:00Z,1.471525,1.471845,1.467965,1.471075
2026-09-28T04:21:00Z,2026-09-28T04:22:00Z,1.470515,1.471245,1.469225,1.469555
2026-09-28T04:22:00Z,2026-09-28T04:23:00Z,1.469545,1.470925,1.466955,1.470925
2026-09-28T04:23:00Z,2026-09-28T04:24:00Z,1.471025,1.473555,1.470295,1.472565
2026-09-28T04:24:00Z,2026-09-28T04:25:00Z,1.472725,1.474065,1.472165,1.473145
2026-09-28T04:25:00Z,2026-09-28T04:26:00Z,1.473235,1.477205,1.472835,1.475705
2026-09-28T04:26:00Z,2026-09-28T04:27:00Z,1.475625,1.477955,1.473515,1.477905
2026-09-28T04:27:00Z,2026-09-28T04:28:00Z,1.478055,1.480755,1.478015,1.480025
2026-09-28T04:28:00Z,2026-09-28T04:29:00Z,1.479695,1.482855,1.479325,1.481585
2026-09-28T04:29:00Z,2026-09-28T04:30:00Z,1.481525,1.483495,1.480955,1.483495
2026-09-28T04:30:00Z,2026-09-28T04:31:00Z,1.483595,1.484515,1.481775,1.482445
2026-09-28T04:31:00Z,2026-09-28T04:32:00Z,1.482425,1.485485,1.481625,1.484595
2026-09-28T04:32:00Z,2026-09-28T04:33:00Z,1.484555,1.485755,1.483725,1.485235
2026-09-28T04:33:00Z,2026-09-28T04:34:00Z,1.485405,1.485855,1.481945,1.483065
2026-09-28T04:34:00Z,2026-09-28T04:35:00Z,1.483075,1.484335,1.482475,1.484265
2026-09-28T04:35:00Z,2026-09-28T04:36:00Z,1.484355,1.485495,1.483365,1.485245
2026-09-28T04:36:00Z,2026-09-28T04:37:00Z,1.485235,1.485875,1.483285,1.484335
2026-09-28T04:37:00Z,2026-09-28T04:38:00Z,1.484345,1.485735,1.483565,1.484935
2026-09-28T04:38:00Z,2026-09-28T04:39:00Z,1.484965,1.486145,1.479285,1.479815
2026-09-28T04:39:00Z,2026-09-28T04:40:00Z,1.479835,1.480855,1.475535,1.475565
2026-09-28T04:40:00Z,2026-09-28T04:41:00Z,1.475445,1.477255,1.474925,1.475585
2026-09-28T04:41:00Z,2026-09-28T04:42:00Z,1.475485,1.479135,1.475375,1.476645
2026-09-28T04:42:00Z,2026-09-28T04:43:00Z,1.476795,1.477415,1.473005,1.473005
2026-09-28T04:43:00Z,2026-09-28T04:44:00Z,1.473025,1.475835,1.472845,1.475285
2026-09-28T04:44:00Z,2026-09-28T04:45:00Z,1.475315,1.477395,1.474765,1.476825
2026-09-28T04:45:00Z,2026-09-28T04:46:00Z,1.476655,1.478785,1.476235,1.478785
2026-09-28T04:46:00Z,2026-09-28T04:47:00Z,1.478945,1.480495,1.477685,1.479685
2026-09-28T04:47:00Z,2026-09-28T04:48:00Z,1.479725,1.480785,1.477945,1.478505
2026-09-28T04:48:00Z,2026-09-28T04:49:00Z,1.478445,1.481835,1.477885,1.480975
2026-09-28T04:49:00Z,2026-09-28T04:50:00Z,1.481435,1.486845,1.481355,1.486495
2026-09-28T04:50:00Z,2026-09-28T04:51:00Z,1.486635,1.488075,1.485695,1.488075
2026-09-28T04:51:00Z,2026-09-28T04:52:00Z,1.488125,1.489525,1.486025,1.488365
2026-09-28T04:52:00Z,2026-09-28T04:53:00Z,1.488405,1.489335,1.485555,1.485735
2026-09-28T04:53:00Z,2026-09-28T04:54:00Z,1.485635,1.485635,1.479825,1.480275
2026-09-28T04:54:00Z,2026-09-28T04:55:00Z,1.480285,1.481615,1.479615,1.481245
2026-09-28T04:55:00Z,2026-09-28T04:56:00Z,1.481205,1.481795,1.478635,1.479925
2026-09-28T04:56:00Z,2026-09-28T04:57:00Z,1.480525,1.482255,1.479425,1.479875
2026-09-28T04:57:00Z,2026-09-28T04:58:00Z,1.479825,1.482025,1.478485,1.479835
2026-09-28T04:58:00Z,2026-09-28T04:59:00Z,1.479905,1.480215,1.478035,1.479065
2026-09-28T04:59:00Z,2026-09-28T05:00:00Z,1.478975,1.479385,1.470425,1.472535
2026-09-28T05:00:00Z,2026-09-28T05:01:00Z,1.472545,1.478195,1.472545,1.478105
2026-09-28T05:01:00Z,2026-09-28T05:02:00Z,1.478095,1.479745,1.475645,1.476285
2026-09-28T05:02:00Z,2026-09-28T05:03:00Z,1.476115,1.481485,1.475875,1.480895
2026-09-28T05:03:00Z,2026-09-28T05:04:00Z,1.480875,1.481225,1.478725,1.479015
2026-09-28T05:04:00Z,2026-09-28T05:05:00Z,1.478845,1.481845,1.478685,1.480395
2026-09-28T05:05:00Z,2026-09-28T05:06:00Z,1.480445,1.481345,1.476245,1.476425
2026-09-28T05:06:00Z,2026-09-28T05:07:00Z,1.476565,1.477745,1.472335,1.473015
2026-09-28T05:07:00Z,2026-09-28T05:08:00Z,1.472905,1.477105,1.472035,1.477105
2026-09-28T05:08:00Z,2026-09-28T05:09:00Z,1.477175,1.477945,1.475985,1.476855
2026-09-28T05:09:00Z,2026-09-28T05:10:00Z,1.476735,1.478485,1.475835,1.477515
2026-09-28T05:10:00Z,2026-09-28T05:11:00Z,1.477225,1.479065,1.476525,1.478905
2026-09-28T05:11:00Z,2026-09-28T05:12:00Z,1.479025,1.479195,1.477295,1.478435
2026-09-28T05:12:00Z,2026-09-28T05:13:00Z,1.478545,1.479505,1.477235,1.477385
2026-09-28T05:13:00Z,2026-09-28T05:14:00Z,1.478065,1.478625,1.477375,1.478245
2026-09-28T05:14:00Z,2026-09-28T05:15:00Z,1.478285,1.478355,1.475115,1.477355
2026-09-28T05:15:00Z,2026-09-28T05:16:00Z,1.477305,1.477315,1.472735,1.476025
2026-09-28T05:16:00Z,2026-09-28T05:17:00Z,1.476125,1.477005,1.474125,1.475695
2026-09-28T05:17:00Z,2026-09-28T05:18:00Z,1.475705,1.475995,1.470955,1.471105
2026-09-28T05:18:00Z,2026-09-28T05:19:00Z,1.471135,1.471815,1.470285,1.471575
2026-09-28T05:19:00Z,2026-09-28T05:20:00Z,1.471695,1.471985,1.468115,1.468115
2026-09-28T05:20:00Z,2026-09-28T05:21:00Z,1.468425,1.469575,1.465475,1.469155
2026-09-28T05:21:00Z,2026-09-28T05:22:00Z,1.469215,1.471655,1.468885,1.470455
2026-09-28T05:22:00Z,2026-09-28T05:23:00Z,1.470315,1.472105,1.468015,1.468015
2026-09-28T05:23:00Z,2026-09-28T05:24:00Z,1.468045,1.468145,1.463275,1.463295
2026-09-28T05:24:00Z,2026-09-28T05:25:00Z,1.464035,1.464035,1.458695,1.458695
2026-09-28T05:25:00Z,2026-09-28T05:26:00Z,1.458945,1.463375,1.458945,1.463125
2026-09-28T05:26:00Z,2026-09-28T05:27:00Z,1.463175,1.466945,1.463115,1.466575
2026-09-28T05:27:00Z,2026-09-28T05:28:00Z,1.466395,1.466675,1.463805,1.464375
2026-09-28T05:28:00Z,2026-09-28T05:29:00Z,1.464425,1.464525,1.460585,1.461275
2026-09-28T05:29:00Z,2026-09-28T05:30:00Z,1.460985,1.464695,1.460985,1.464315
2026-09-28T05:30:00Z,2026-09-28T05:31:00Z,1.464335,1.464335,1.461975,1.463165
2026-09-28T05:31:00Z,2026-09-28T05:32:00Z,1.463085,1.463155,1.459715,1.460065
2026-09-28T05:32:00Z,2026-09-28T05:33:00Z,1.459985,1.462515,1.458075,1.458295
2026-09-28T05:33:00Z,2026-09-28T05:34:00Z,1.458305,1.459945,1.457025,1.458355
2026-09-28T05:34:00Z,2026-09-28T05:35:00Z,1.458375,1.463855,1.457705,1.463055
2026-09-28T05:35:00Z,2026-09-28T05:36:00Z,1.463125,1.464915,1.462785,1.464525
2026-09-28T05:36:00Z,2026-09-28T05:37:00Z,1.464505,1.465025,1.461045,1.461165
2026-09-28T05:37:00Z,2026-09-28T05:38:00Z,1.461275,1.461275,1.457795,1.458205
2026-09-28T05:38:00Z,2026-09-28T05:39:00Z,1.458185,1.458185,1.453255,1.453415
2026-09-28T05:39:00Z,2026-09-28T05:40:00Z,1.453495,1.453885,1.452075,1.453035
2026-09-28T05:40:00Z,2026-09-28T05:41:00Z,1.453005,1.455765,1.452595,1.453445
2026-09-28T05:41:00Z,2026-09-28T05:42:00Z,1.453805,1.454395,1.452075,1.453355
2026-09-28T05:42:00Z,2026-09-28T05:43:00Z,1.453345,1.453835,1.450685,1.450915
2026-09-28T05:43:00Z,2026-09-28T05:44:00Z,1.450925,1.451135,1.449215,1.450735
2026-09-28T05:44:00Z,2026-09-28T05:45:00Z,1.451225,1.451715,1.448015,1.448145
2026-09-28T05:45:00Z,2026-09-28T05:46:00Z,1.448245,1.454095,1.447805,1.453825
2026-09-28T05:46:00Z,2026-09-28T05:47:00Z,1.453855,1.454385,1.452385,1.453365
2026-09-28T05:47:00Z,2026-09-28T05:48:00Z,1.453405,1.455015,1.453005,1.454625
2026-09-28T05:48:00Z,2026-09-28T05:49:00Z,1.454535,1.457745,1.454125,1.457735
2026-09-28T05:49:00Z,2026-09-28T05:50:00Z,1.457695,1.459635,1.457425,1.458265
2026-09-28T05:50:00Z,2026-09-28T05:51:00Z,1.458385,1.459095,1.456335,1.458905
2026-09-28T05:51:00Z,2026-09-28T05:52:00Z,1.458865,1.460615,1.458625,1.460275
2026-09-28T05:52:00Z,2026-09-28T05:53:00Z,1.460345,1.462515,1.458725,1.462325
2026-09-28T05:53:00Z,2026-09-28T05:54:00Z,1.462255,1.462255,1.457065,1.458645
2026-09-28T05:54:00Z,2026-09-28T05:55:00Z,1.458415,1.458515,1.453475,1.454875
2026-09-28T05:55:00Z,2026-09-28T05:56:00Z,1.454865,1.455905,1.453565,1.454155
2026-09-28T05:56:00Z,2026-09-28T05:57:00Z,1.454135,1.454135,1.452185,1.452405
2026-09-28T05:57:00Z,2026-09-28T05:58:00Z,1.452505,1.453385,1.450175,1.450855
2026-09-28T05:58:00Z,2026-09-28T05:59:00Z,1.450895,1.450895,1.447425,1.447865
2026-09-28T05:59:00Z,2026-09-28T06:00:00Z,1.447785,1.448465,1.444585,1.446195
2026-09-28T06:00:00Z,2026-09-28T06:01:00Z,1.446205,1.446815,1.443285,1.443285
2026-09-28T06:01:00Z,2026-09-28T06:02:00Z,1.443325,1.443795,1.437305,1.438785
2026-09-28T06:02:00Z,2026-09-28T06:03:00Z,1.438945,1.439875,1.438395,1.439125
2026-09-28T06:03:00Z,2026-09-28T06:04:00Z,1.438855,1.438855,1.433455,1.433455
2026-09-28T06:04:00Z,2026-09-28T06:05:00Z,1.433615,1.436955,1.433415,1.436955
2026-09-28T06:05:00Z,2026-09-28T06:06:00Z,1.436625,1.439055,1.436475,1.438675
2026-09-28T06:06:00Z,2026-09-28T06:07:00Z,1.438655,1.444045,1.436965,1.441395
2026-09-28T06:07:00Z,2026-09-28T06:08:00Z,1.441475,1.442625,1.440495,1.441055
2026-09-28T06:08:00Z,2026-09-28T06:09:00Z,1.440965,1.444195,1.440725,1.442625
2026-09-28T06:09:00Z,2026-09-28T06:10:00Z,1.442645,1.444015,1.441955,1.443885
2026-09-28T06:10:00Z,2026-09-28T06:11:00Z,1.443865,1.448045,1.443615,1.447155
2026-09-28T06:11:00Z,2026-09-28T06:12:00Z,1.447145,1.448805,1.446525,1.448125
2026-09-28T06:12:00Z,2026-09-28T06:13:00Z,1.448135,1.448365,1.446285,1.446835
2026-09-28T06:13:00Z,2026-09-28T06:14:00Z,1.446845,1.447605,1.446015,1.446215
2026-09-28T06:14:00Z,2026-09-28T06:15:00Z,1.446265,1.448985,1.445895,1.445895
2026-09-28T06:15:00Z,2026-09-28T06:16:00Z,1.445815,1.447405,1.445195,1.446135
2026-09-28T06:16:00Z,2026-09-28T06:17:00Z,1.446335,1.447025,1.445235,1.446435
2026-09-28T06:17:00Z,2026-09-28T06:18:00Z,1.446425,1.446625,1.444875,1.444975
2026-09-28T06:18:00Z,2026-09-28T06:19:00Z,1.445255,1.445435,1.438765,1.439595
2026-09-28T06:19:00Z,2026-09-28T06:20:00Z,1.439635,1.439885,1.437455,1.438665
2026-09-28T06:20:00Z,2026-09-28T06:21:00Z,1.438705,1.444165,1.438645,1.443355
2026-09-28T06:21:00Z,2026-09-28T06:22:00Z,1.443405,1.445805,1.442885,1.444025
2026-09-28T06:22:00Z,2026-09-28T06:23:00Z,1.444015,1.446555,1.443785,1.445945
2026-09-28T06:23:00Z,2026-09-28T06:24:00Z,1.445455,1.446505,1.444765,1.444765
2026-09-28T06:24:00Z,2026-09-28T06:25:00Z,1.444835,1.447405,1.443075,1.443785
2026-09-28T06:25:00Z,2026-09-28T06:26:00Z,1.443525,1.447755,1.442485,1.447665
2026-09-28T06:26:00Z,2026-09-28T06:27:00Z,1.447705,1.449845,1.446495,1.447685
2026-09-28T06:27:00Z,2026-09-28T06:28:00Z,1.447635,1.449155,1.444665,1.444875
2026-09-28T06:28:00Z,2026-09-28T06:29:00Z,1.444825,1.446675,1.443705,1.446125
2026-09-28T06:29:00Z,2026-09-28T06:30:00Z,1.446085,1.449955,1.445325,1.449745
2026-09-28T06:30:00Z,2026-09-28T06:31:00Z,1.449495,1.450825,1.448645,1.448645
2026-09-28T06:31:00Z,2026-09-28T06:32:00Z,1.448905,1.449715,1.447345,1.447345
2026-09-28T06:32:00Z,2026-09-28T06:33:00Z,1.447655,1.448615,1.445525,1.446075
2026-09-28T06:33:00Z,2026-09-28T06:34:00Z,1.446085,1.448265,1.445985,1.446245
2026-09-28T06:34:00Z,2026-09-28T06:35:00Z,1.446495,1.447535,1.445695,1.446005
2026-09-28T06:35:00Z,2026-09-28T06:36:00Z,1.446045,1.446625,1.439525,1.439545
2026-09-28T06:36:00Z,2026-09-28T06:37:00Z,1.439525,1.440645,1.438705,1.440595
2026-09-28T06:37:00Z,2026-09-28T06:38:00Z,1.440565,1.442195,1.440245,1.441125
2026-09-28T06:38:00Z,2026-09-28T06:39:00Z,1.441115,1.442695,1.440025,1.440025
2026-09-28T06:39:00Z,2026-09-28T06:40:00Z,1.439865,1.442795,1.439855,1.441975
2026-09-28T06:40:00Z,2026-09-28T06:41:00Z,1.442325,1.444405,1.441635,1.442535
2026-09-28T06:41:00Z,2026-09-28T06:42:00Z,1.442405,1.446245,1.441935,1.443165
2026-09-28T06:42:00Z,2026-09-28T06:43:00Z,1.443225,1.448685,1.443095,1.445855
2026-09-28T06:43:00Z,2026-09-28T06:44:00Z,1.445875,1.448385,1.444755,1.447535
2026-09-28T06:44:00Z,2026-09-28T06:45:00Z,1.447425,1.448945,1.446745,1.447565
2026-09-28T06:45:00Z,2026-09-28T06:46:00Z,1.447525,1.447965,1.445265,1.446275
2026-09-28T06:46:00Z,2026-09-28T06:47:00Z,1.446155,1.448665,1.445825,1.445905
2026-09-28T06:47:00Z,2026-09-28T06:48:00Z,1.445715,1.446315,1.443005,1.445115
2026-09-28T06:48:00Z,2026-09-28T06:49:00Z,1.445055,1.447425,1.443645,1.443705
2026-09-28T06:49:00Z,2026-09-28T06:50:00Z,1.443645,1.443945,1.441205,1.442115
2026-09-28T06:50:00Z,2026-09-28T06:51:00Z,1.441975,1.442295,1.439895,1.441375
2026-09-28T06:51:00Z,2026-09-28T06:52:00Z,1.441235,1.442085,1.438045,1.438905
2026-09-28T06:52:00Z,2026-09-28T06:53:00Z,1.438935,1.440625,1.438615,1.439325
2026-09-28T06:53:00Z,2026-09-28T06:54:00Z,1.439285,1.439645,1.436825,1.437205
2026-09-28T06:54:00Z,2026-09-28T06:55:00Z,1.437195,1.438335,1.436065,1.436355
2026-09-28T06:55:00Z,2026-09-28T06:56:00Z,1.436535,1.441365,1.436535,1.440765
2026-09-28T06:56:00Z,2026-09-28T06:57:00Z,1.440845,1.443085,1.439495,1.439855
2026-09-28T06:57:00Z,2026-09-28T06:58:00Z,1.439775,1.441415,1.437635,1.439245
2026-09-28T06:58:00Z,2026-09-28T06:59:00Z,1.439415,1.439895,1.437325,1.438335
2026-09-28T06:59:00Z,2026-09-28T07:00:00Z,1.438045,1.439645,1.437985,1.438605
2026-09-28T07:00:00Z,2026-09-28T07:01:00Z,1.438595,1.439795,1.436965,1.437485
2026-09-28T07:01:00Z,2026-09-28T07:02:00Z,1.437505,1.437665,1.434645,1.435255
2026-09-28T07:02:00Z,2026-09-28T07:03:00Z,1.435205,1.438435,1.435095,1.438195
2026-09-28T07:03:00Z,2026-09-28T07:04:00Z,1.438125,1.438125,1.433455,1.435235
2026-09-28T07:04:00Z,2026-09-28T07:05:00Z,1.435215,1.436365,1.434565,1.435705
2026-09-28T07:05:00Z,2026-09-28T07:06:00Z,1.435845,1.436005,1.432085,1.432285
2026-09-28T07:06:00Z,2026-09-28T07:07:00Z,1.432455,1.432845,1.430075,1.430215
2026-09-28T07:07:00Z,2026-09-28T07:08:00Z,1.430135,1.430395,1.427565,1.427565
2026-09-28T07:08:00Z,2026-09-28T07:09:00Z,1.427615,1.429865,1.426305,1.426305
2026-09-28T07:09:00Z,2026-09-28T07:10:00Z,1.426105,1.426695,1.421695,1.422185
2026-09-28T07:10:00Z,2026-09-28T07:11:00Z,1.422235,1.426285,1.421775,1.424275
2026-09-28T07:11:00Z,2026-09-28T07:12:00Z,1.424035,1.427485,1.423345,1.424205
2026-09-28T07:12:00Z,2026-09-28T07:13:00Z,1.424295,1.425795,1.423125,1.423305
2026-09-28T07:13:00Z,2026-09-28T07:14:00Z,1.423825,1.426605,1.423325,1.425835
2026-09-28T07:14:00Z,2026-09-28T07:15:00Z,1.425855,1.429125,1.425255,1.427905
2026-09-28T07:15:00Z,2026-09-28T07:16:00Z,1.427915,1.427915,1.422815,1.423145
2026-09-28T07:16:00Z,2026-09-28T07:17:00Z,1.423005,1.425575,1.422695,1.424985
2026-09-28T07:17:00Z,2026-09-28T07:18:00Z,1.425015,1.426775,1.424635,1.426065
2026-09-28T07:18:00Z,2026-09-28T07:19:00Z,1.426185,1.427655,1.425285,1.427155
2026-09-28T07:19:00Z,2026-09-28T07:20:00Z,1.427215,1.428905,1.425135,1.425385
2026-09-28T07:20:00Z,2026-09-28T07:21:00Z,1.425425,1.426795,1.425105,1.426735
2026-09-28T07:21:00Z,2026-09-28T07:22:00Z,1.426705,1.427935,1.423425,1.426265
2026-09-28T07:22:00Z,2026-09-28T07:23:00Z,1.426145,1.427065,1.423545,1.423785
2026-09-28T07:23:00Z,2026-09-28T07:24:00Z,1.423775,1.423775,1.421285,1.422405
2026-09-28T07:24:00Z,2026-09-28T07:25:00Z,1.422435,1.425875,1.422265,1.424925
2026-09-28T07:25:00Z,2026-09-28T07:26:00Z,1.425015,1.426465,1.423625,1.424655
2026-09-28T07:26:00Z,2026-09-28T07:27:00Z,1.424825,1.425655,1.423565,1.424955
2026-09-28T07:27:00Z,2026-09-28T07:28:00Z,1.424965,1.426365,1.424565,1.425765
2026-09-28T07:28:00Z,2026-09-28T07:29:00Z,1.425775,1.427315,1.424615,1.425085
2026-09-28T07:29:00Z,2026-09-28T07:30:00Z,1.425005,1.425525,1.422085,1.425325
2026-09-28T07:30:00Z,2026-09-28T07:31:00Z,1.425395,1.425975,1.422495,1.423835
2026-09-28T07:31:00Z,2026-09-28T07:32:00Z,1.423845,1.426195,1.422735,1.425415
2026-09-28T07:32:00Z,2026-09-28T07:33:00Z,1.425275,1.426145,1.422835,1.423035
2026-09-28T07:33:00Z,2026-09-28T07:34:00Z,1.423025,1.425475,1.422955,1.425425
2026-09-28T07:34:00Z,2026-09-28T07:35:00Z,1.425205,1.425635,1.424015,1.424625
2026-09-28T07:35:00Z,2026-09-28T07:36:00Z,1.424995,1.429645,1.424895,1.429595
2026-09-28T07:36:00Z,2026-09-28T07:37:00Z,1.429675,1.431205,1.428225,1.429465
2026-09-28T07:37:00Z,2026-09-28T07:38:00Z,1.429455,1.430195,1.427865,1.428255
2026-09-28T07:38:00Z,2026-09-28T07:39:00Z,1.428235,1.431855,1.428155,1.431175
2026-09-28T07:39:00Z,2026-09-28T07:40:00Z,1.431155,1.435545,1.431155,1.435235
2026-09-28T07:40:00Z,2026-09-28T07:41:00Z,1.435155,1.437065,1.434005,1.434005
2026-09-28T07:41:00Z,2026-09-28T07:42:00Z,1.433995,1.435105,1.432875,1.433235
2026-09-28T07:42:00Z,2026-09-28T07:43:00Z,1.433185,1.434355,1.432225,1.432335
2026-09-28T07:43:00Z,2026-09-28T07:44:00Z,1.432385,1.436845,1.432385,1.436655
2026-09-28T07:44:00Z,2026-09-28T07:45:00Z,1.436595,1.437475,1.435505,1.437015
2026-09-28T07:45:00Z,2026-09-28T07:46:00Z,1.436975,1.437095,1.431865,1.434305
2026-09-28T07:46:00Z,2026-09-28T07:47:00Z,1.434135,1.436415,1.433935,1.436025
2026-09-28T07:47:00Z,2026-09-28T07:48:00Z,1.435965,1.440175,1.435965,1.440075
2026-09-28T07:48:00Z,2026-09-28T07:49:00Z,1.440065,1.447505,1.438295,1.447155
2026-09-28T07:49:00Z,2026-09-28T07:50:00Z,1.447115,1.450375,1.446605,1.448015
2026-09-28T07:50:00Z,2026-09-28T07:51:00Z,1.448215,1.448495,1.444985,1.447475
2026-09-28T07:51:00Z,2026-09-28T07:52:00Z,1.447335,1.451525,1.447335,1.448795
2026-09-28T07:52:00Z,2026-09-28T07:53:00Z,1.448805,1.449745,1.446275,1.446895
2026-09-28T07:53:00Z,2026-09-28T07:54:00Z,1.446645,1.448065,1.445615,1.445615
2026-09-28T07:54:00Z,2026-09-28T07:55:00Z,1.445885,1.446265,1.442515,1.442805
2026-09-28T07:55:00Z,2026-09-28T07:56:00Z,1.442835,1.443775,1.441425,1.442225
2026-09-28T07:56:00Z,2026-09-28T07:57:00Z,1.441965,1.444555,1.441385,1.443765
2026-09-28T07:57:00Z,2026-09-28T07:58:00Z,1.443865,1.444405,1.439875,1.439875
2026-09-28T07:58:00Z,2026-09-28T07:59:00Z,1.439895,1.439895,1.437595,1.438505
2026-09-28T07:59:00Z,2026-09-28T08:00:00Z,1.438465,1.438465,1.434755,1.435255
2026-09-28T08:00:00Z,2026-09-28T08:01:00Z,1.435205,1.435475,1.429825,1.430465
2026-09-28T08:01:00Z,2026-09-28T08:02:00Z,1.430475,1.431015,1.427995,1.428355
2026-09-28T08:02:00Z,2026-09-28T08:03:00Z,1.428235,1.429555,1.427265,1.429115
2026-09-28T08:03:00Z,2026-09-28T08:04:00Z,1.429095,1.434335,1.428885,1.434095
2026-09-28T08:04:00Z,2026-09-28T08:05:00Z,1.434045,1.435705,1.433785,1.434585
2026-09-28T08:05:00Z,2026-09-28T08:06:00Z,1.434455,1.435315,1.432825,1.434125
2026-09-28T08:06:00Z,2026-09-28T08:07:00Z,1.434105,1.436555,1.433855,1.435145
2026-09-28T08:07:00Z,2026-09-28T08:08:00Z,1.435125,1.438885,1.434645,1.436905
2026-09-28T08:08:00Z,2026-09-28T08:09:00Z,1.436925,1.436925,1.435145,1.436435
2026-09-28T08:09:00Z,2026-09-28T08:10:00Z,1.436345,1.437205,1.434495,1.436375
2026-09-28T08:10:00Z,2026-09-28T08:11:00Z,1.436435,1.438025,1.435505,1.437355
2026-09-28T08:11:00Z,2026-09-28T08:12:00Z,1.437415,1.438255,1.434315,1.435465
2026-09-28T08:12:00Z,2026-09-28T08:13:00Z,1.435345,1.436085,1.432515,1.434985
2026-09-28T08:13:00Z,2026-09-28T08:14:00Z,1.434955,1.435245,1.432385,1.433925
2026-09-28T08:14:00Z,2026-09-28T08:15:00Z,1.433625,1.436925,1.433625,1.435345
2026-09-28T08:15:00Z,2026-09-28T08:16:00Z,1.435305,1.439095,1.434345,1.438915
2026-09-28T08:16:00Z,2026-09-28T08:17:00Z,1.439295,1.441635,1.437395,1.438385
2026-09-28T08:17:00Z,2026-09-28T08:18:00Z,1.438425,1.442335,1.438105,1.442335
2026-09-28T08:18:00Z,2026-09-28T08:19:00Z,1.442345,1.443485,1.441765,1.442695
2026-09-28T08:19:00Z,2026-09-28T08:20:00Z,1.442795,1.445595,1.442235,1.445325
2026-09-28T08:20:00Z,2026-09-28T08:21:00Z,1.444945,1.449825,1.443865,1.449555
2026-09-28T08:21:00Z,2026-09-28T08:22:00Z,1.449615,1.454995,1.449205,1.454995
2026-09-28T08:22:00Z,2026-09-28T08:23:00Z,1.455115,1.458235,1.454435,1.456475
2026-09-28T08:23:00Z,2026-09-28T08:24:00Z,1.456395,1.457835,1.454655,1.457175
2026-09-28T08:24:00Z,2026-09-28T08:25:00Z,1.456925,1.458315,1.455405,1.456755
2026-09-28T08:25:00Z,2026-09-28T08:26:00Z,1.456775,1.459255,1.456615,1.458385
2026-09-28T08:26:00Z,2026-09-28T08:27:00Z,1.458185,1.460085,1.457325,1.457655
2026-09-28T08:27:00Z,2026-09-28T08:28:00Z,1.457715,1.458135,1.456055,1.457455
2026-09-28T08:28:00Z,2026-09-28T08:29:00Z,1.457485,1.459295,1.455915,1.456065
2026-09-28T08:29:00Z,2026-09-28T08:30:00Z,1.456015,1.456135,1.450085,1.450085
2026-09-28T08:30:00Z,2026-09-28T08:31:00Z,1.450175,1.450645,1.445115,1.445295
2026-09-28T08:31:00Z,2026-09-28T08:32:00Z,1.445355,1.451315,1.445305,1.451125
2026-09-28T08:32:00Z,2026-09-28T08:33:00Z,1.450695,1.452465,1.449545,1.450995
2026-09-28T08:33:00Z,2026-09-28T08:34:00Z,1.451045,1.452975,1.451045,1.452045
2026-09-28T08:34:00Z,2026-09-28T08:35:00Z,1.452035,1.454585,1.451375,1.453075
2026-09-28T08:35:00Z,2026-09-28T08:36:00Z,1.453185,1.454575,1.450725,1.451035
2026-09-28T08:36:00Z,2026-09-28T08:37:00Z,1.450945,1.452475,1.450105,1.452445
2026-09-28T08:37:00Z,2026-09-28T08:38:00Z,1.452405,1.452405,1.447745,1.448355
2026-09-28T08:38:00Z,2026-09-28T08:39:00Z,1.448285,1.452155,1.447665,1.450885
2026-09-28T08:39:00Z,2026-09-28T08:40:00Z,1.450905,1.450905,1.448605,1.450175
2026-09-28T08:40:00Z,2026-09-28T08:41:00Z,1.450595,1.451705,1.449795,1.450325
2026-09-28T08:41:00Z,2026-09-28T08:42:00Z,1.450315,1.451665,1.449515,1.451185
2026-09-28T08:42:00Z,2026-09-28T08:43:00Z,1.451185,1.451245,1.447465,1.447825
2026-09-28T08:43:00Z,2026-09-28T08:44:00Z,1.447935,1.449845,1.447425,1.448975
2026-09-28T08:44:00Z,2026-09-28T08:45:00Z,1.449145,1.449925,1.447035,1.449895
2026-09-28T08:45:00Z,2026-09-28T08:46:00Z,1.450125,1.453985,1.450115,1.451665
2026-09-28T08:46:00Z,2026-09-28T08:47:00Z,1.451585,1.452665,1.450345,1.450345
2026-09-28T08:47:00Z,2026-09-28T08:48:00Z,1.450395,1.451565,1.447295,1.447435
2026-09-28T08:48:00Z,2026-09-28T08:49:00Z,1.447335,1.450775,1.447335,1.449915
2026-09-28T08:49:00Z,2026-09-28T08:50:00Z,1.449935,1.451455,1.448385,1.450775
2026-09-28T08:50:00Z,2026-09-28T08:51:00Z,1.450735,1.451715,1.449145,1.451645
2026-09-28T08:51:00Z,2026-09-28T08:52:00Z,1.451465,1.452115,1.447835,1.447835
2026-09-28T08:52:00Z,2026-09-28T08:53:00Z,1.448175,1.449285,1.446435,1.447455
2026-09-28T08:53:00Z,2026-09-28T08:54:00Z,1.447465,1.451835,1.447195,1.451665
2026-09-28T08:54:00Z,2026-09-28T08:55:00Z,1.451465,1.451605,1.446325,1.447065
2026-09-28T08:55:00Z,2026-09-28T08:56:00Z,1.447105,1.447125,1.441485,1.441595
2026-09-28T08:56:00Z,2026-09-28T08:57:00Z,1.441645,1.442285,1.440295,1.440935
2026-09-28T08:57:00Z,2026-09-28T08:58:00Z,1.440855,1.441045,1.437145,1.438395
2026-09-28T08:58:00Z,2026-09-28T08:59:00Z,1.438385,1.440335,1.437015,1.437035
2026-09-28T08:59:00Z,2026-09-28T09:00:00Z,1.436995,1.438705,1.434825,1.437405
2026-09-28T09:00:00Z,2026-09-28T09:01:00Z,1.437415,1.439035,1.436995,1.436995
2026-09-28T09:01:00Z,2026-09-28T09:02:00Z,1.436745,1.438655,1.435685,1.438355
2026-09-28T09:02:00Z,2026-09-28T09:03:00Z,1.438435,1.442705,1.437555,1.441615
2026-09-28T09:03:00Z,2026-09-28T09:04:00Z,1.441675,1.441785,1.439355,1.439755
2026-09-28T09:04:00Z,2026-09-28T09:05:00Z,1.439875,1.440295,1.436085,1.436095
2026-09-28T09:05:00Z,2026-09-28T09:06:00Z,1.436075,1.436435,1.434275,1.435875
2026-09-28T09:06:00Z,2026-09-28T09:07:00Z,1.435735,1.437555,1.434385,1.436375
2026-09-28T09:07:00Z,2026-09-28T09:08:00Z,1.436265,1.436435,1.433735,1.434655
2026-09-28T09:08:00Z,2026-09-28T09:09:00Z,1.434595,1.436375,1.434465,1.435725
2026-09-28T09:09:00Z,2026-09-28T09:10:00Z,1.435585,1.437625,1.435495,1.435995
2026-09-28T09:10:00Z,2026-09-28T09:11:00Z,1.436115,1.437215,1.435415,1.435885
2026-09-28T09:11:00Z,2026-09-28T09:12:00Z,1.435985,1.437195,1.435025,1.436615
2026-09-28T09:12:00Z,2026-09-28T09:13:00Z,1.436665,1.437035,1.434195,1.434605
2026-09-28T09:13:00Z,2026-09-28T09:14:00Z,1.434725,1.435055,1.432865,1.433405
2026-09-28T09:14:00Z,2026-09-28T09:15:00Z,1.433375,1.434815,1.432355,1.433695
2026-09-28T09:15:00Z,2026-09-28T09:16:00Z,1.434035,1.438155,1.433345,1.434095
2026-09-28T09:16:00Z,2026-09-28T09:17:00Z,1.434085,1.437705,1.432665,1.432665
2026-09-28T09:17:00Z,2026-09-28T09:18:00Z,1.432395,1.436865,1.432125,1.436865
2026-09-28T09:18:00Z,2026-09-28T09:19:00Z,1.436685,1.437145,1.434515,1.434595
2026-09-28T09:19:00Z,2026-09-28T09:20:00Z,1.434585,1.435475,1.432675,1.432845
2026-09-28T09:20:00Z,2026-09-28T09:21:00Z,1.432715,1.439325,1.432715,1.439085
2026-09-28T09:21:00Z,2026-09-28T09:22:00Z,1.439135,1.439135,1.436835,1.437585
2026-09-28T09:22:00Z,2026-09-28T09:23:00Z,1.437555,1.442175,1.437015,1.441605
2026-09-28T09:23:00Z,2026-09-28T09:24:00Z,1.441555,1.441555,1.434135,1.434535
2026-09-28T09:24:00Z,2026-09-28T09:25:00Z,1.434385,1.441435,1.434385,1.440665
2026-09-28T09:25:00Z,2026-09-28T09:26:00Z,1.440545,1.440595,1.431735,1.432745
2026-09-28T09:26:00Z,2026-09-28T09:27:00Z,1.432635,1.433885,1.432155,1.433465
2026-09-28T09:27:00Z,2026-09-28T09:28:00Z,1.433445,1.434535,1.430545,1.430855
2026-09-28T09:28:00Z,2026-09-28T09:29:00Z,1.430845,1.431665,1.427765,1.429265
2026-09-28T09:29:00Z,2026-09-28T09:30:00Z,1.429115,1.431585,1.428925,1.431075
2026-09-28T09:30:00Z,2026-09-28T09:31:00Z,1.430865,1.432295,1.429815,1.430545
2026-09-28T09:31:00Z,2026-09-28T09:32:00Z,1.430325,1.431295,1.428775,1.429855
2026-09-28T09:32:00Z,2026-09-28T09:33:00Z,1.429895,1.429895,1.425695,1.426895
2026-09-28T09:33:00Z,2026-09-28T09:34:00Z,1.427015,1.430945,1.425675,1.429255
2026-09-28T09:34:00Z,2026-09-28T09:35:00Z,1.429325,1.430635,1.427405,1.428345
2026-09-28T09:35:00Z,2026-09-28T09:36:00Z,1.428335,1.428475,1.427065,1.427865
2026-09-28T09:36:00Z,2026-09-28T09:37:00Z,1.427835,1.428555,1.425055,1.425755
2026-09-28T09:37:00Z,2026-09-28T09:38:00Z,1.425765,1.425825,1.420965,1.420965
2026-09-28T09:38:00Z,2026-09-28T09:39:00Z,1.420985,1.421085,1.418515,1.420325
2026-09-28T09:39:00Z,2026-09-28T09:40:00Z,1.420555,1.420555,1.416155,1.418085
2026-09-28T09:40:00Z,2026-09-28T09:41:00Z,1.418145,1.422715,1.417715,1.422715
2026-09-28T09:41:00Z,2026-09-28T09:42:00Z,1.422745,1.423205,1.416135,1.417465
2026-09-28T09:42:00Z,2026-09-28T09:43:00Z,1.417555,1.418175,1.414805,1.415375
2026-09-28T09:43:00Z,2026-09-28T09:44:00Z,1.415615,1.415905,1.413995,1.414825
2026-09-28T09:44:00Z,2026-09-28T09:45:00Z,1.414905,1.419285,1.413255,1.418245
2026-09-28T09:45:00Z,2026-09-28T09:46:00Z,1.418195,1.420605,1.417715,1.419815
2026-09-28T09:46:00Z,2026-09-28T09:47:00Z,1.419675,1.419675,1.415505,1.416315
2026-09-28T09:47:00Z,2026-09-28T09:48:00Z,1.416355,1.417775,1.414775,1.414855
2026-09-28T09:48:00Z,2026-09-28T09:49:00Z,1.414925,1.415625,1.413875,1.414855
2026-09-28T09:49:00Z,2026-09-28T09:50:00Z,1.414875,1.415615,1.412705,1.415575
2026-09-28T09:50:00Z,2026-09-28T09:51:00Z,1.415595,1.415595,1.413605,1.414185
2026-09-28T09:51:00Z,2026-09-28T09:52:00Z,1.414175,1.415985,1.414065,1.415985
2026-09-28T09:52:00Z,2026-09-28T09:53:00Z,1.416055,1.418505,1.416055,1.418135
2026-09-28T09:53:00Z,2026-09-28T09:54:00Z,1.418185,1.420185,1.417825,1.420115
2026-09-28T09:54:00Z,2026-09-28T09:55:00Z,1.420275,1.424375,1.420275,1.424035
2026-09-28T09:55:00Z,2026-09-28T09:56:00Z,1.424195,1.424275,1.421555,1.421865
2026-09-28T09:56:00Z,2026-09-28T09:57:00Z,1.421885,1.424145,1.419835,1.423955
2026-09-28T09:57:00Z,2026-09-28T09:58:00Z,1.424025,1.425605,1.423215,1.425435
2026-09-28T09:58:00Z,2026-09-28T09:59:00Z,1.425365,1.427345,1.423595,1.425385
2026-09-28T09:59:00Z,2026-09-28T10:00:00Z,1.425465,1.425475,1.419505,1.422175
2026-09-28T10:00:00Z,2026-09-28T10:01:00Z,1.422155,1.424605,1.421155,1.424605
2026-09-28T10:01:00Z,2026-09-28T10:02:00Z,1.424675,1.425135,1.423665,1.423665
2026-09-28T10:02:00Z,2026-09-28T10:03:00Z,1.423845,1.426055,1.423295,1.425555
2026-09-28T10:03:00Z,2026-09-28T10:04:00Z,1.425625,1.426235,1.424125,1.425065
2026-09-28T10:04:00Z,2026-09-28T10:05:00Z,1.425135,1.426505,1.423445,1.424455
2026-09-28T10:05:00Z,2026-09-28T10:06:00Z,1.424485,1.424665,1.421955,1.422965
2026-09-28T10:06:00Z,2026-09-28T10:07:00Z,1.422935,1.424965,1.421535,1.421615
2026-09-28T10:07:00Z,2026-09-28T10:08:00Z,1.421645,1.424055,1.421395,1.422755
2026-09-28T10:08:00Z,2026-09-28T10:09:00Z,1.422525,1.427375,1.422455,1.426925
2026-09-28T10:09:00Z,2026-09-28T10:10:00Z,1.426815,1.427355,1.422825,1.423665
2026-09-28T10:10:00Z,2026-09-28T10:11:00Z,1.423545,1.424695,1.421705,1.421705
2026-09-28T10:11:00Z,2026-09-28T10:12:00Z,1.421605,1.423585,1.421355,1.423375
2026-09-28T10:12:00Z,2026-09-28T10:13:00Z,1.423335,1.426055,1.423185,1.423605
2026-09-28T10:13:00Z,2026-09-28T10:14:00Z,1.423475,1.429995,1.422985,1.429555
2026-09-28T10:14:00Z,2026-09-28T10:15:00Z,1.429585,1.431335,1.428175,1.431115
2026-09-28T10:15:00Z,2026-09-28T10:16:00Z,1.430905,1.431945,1.429335,1.430815
2026-09-28T10:16:00Z,2026-09-28T10:17:00Z,1.430675,1.431035,1.427065,1.427585
2026-09-28T10:17:00Z,2026-09-28T10:18:00Z,1.428045,1.429885,1.427095,1.427355
2026-09-28T10:18:00Z,2026-09-28T10:19:00Z,1.427385,1.427455,1.425335,1.426575
2026-09-28T10:19:00Z,2026-09-28T10:20:00Z,1.426535,1.426585,1.423965,1.424465
2026-09-28T10:20:00Z,2026-09-28T10:21:00Z,1.424555,1.427005,1.424365,1.425675
2026-09-28T10:21:00Z,2026-09-28T10:22:00Z,1.425465,1.426855,1.423325,1.426355
2026-09-28T10:22:00Z,2026-09-28T10:23:00Z,1.426265,1.428625,1.424945,1.425865
2026-09-28T10:23:00Z,2026-09-28T10:24:00Z,1.425845,1.427495,1.425345,1.426255
2026-09-28T10:24:00Z,2026-09-28T10:25:00Z,1.426235,1.427475,1.426035,1.426385
2026-09-28T10:25:00Z,2026-09-28T10:26:00Z,1.426495,1.427765,1.424665,1.425145
2026-09-28T10:26:00Z,2026-09-28T10:27:00Z,1.425095,1.429255,1.424405,1.429255
2026-09-28T10:27:00Z,2026-09-28T10:28:00Z,1.429235,1.431965,1.426045,1.431185
2026-09-28T10:28:00Z,2026-09-28T10:29:00Z,1.431225,1.434365,1.430725,1.433245
2026-09-28T10:29:00Z,2026-09-28T10:30:00Z,1.433165,1.435615,1.432375,1.432405
2026-09-28T10:30:00Z,2026-09-28T10:31:00Z,1.432455,1.434745,1.431785,1.433905
2026-09-28T10:31:00Z,2026-09-28T10:32:00Z,1.433665,1.433825,1.429585,1.430045
2026-09-28T10:32:00Z,2026-09-28T10:33:00Z,1.429965,1.432245,1.429015,1.432125
2026-09-28T10:33:00Z,2026-09-28T10:34:00Z,1.431975,1.431995,1.427595,1.427715
2026-09-28T10:34:00Z,2026-09-28T10:35:00Z,1.427775,1.429875,1.427545,1.428435
2026-09-28T10:35:00Z,2026-09-28T10:36:00Z,1.428505,1.429665,1.427445,1.429435
2026-09-28T10:36:00Z,2026-09-28T10:37:00Z,1.429605,1.429745,1.427475,1.429275
2026-09-28T10:37:00Z,2026-09-28T10:38:00Z,1.429335,1.429505,1.424615,1.426225
2026-09-28T10:38:00Z,2026-09-28T10:39:00Z,1.426205,1.429235,1.425825,1.428535
2026-09-28T10:39:00Z,2026-09-28T10:40:00Z,1.428595,1.429895,1.427615,1.429575
2026-09-28T10:40:00Z,2026-09-28T10:41:00Z,1.429585,1.429765,1.426845,1.427485
2026-09-28T10:41:00Z,2026-09-28T10:42:00Z,1.427415,1.427695,1.425155,1.426335
2026-09-28T10:42:00Z,2026-09-28T10:43:00Z,1.426325,1.430785,1.426085,1.430785
2026-09-28T10:43:00Z,2026-09-28T10:44:00Z,1.430925,1.439585,1.429315,1.439585
2026-09-28T10:44:00Z,2026-09-28T10:45:00Z,1.439595,1.442335,1.439535,1.442085
2026-09-28T10:45:00Z,2026-09-28T10:46:00Z,1.441985,1.443775,1.441805,1.441895
2026-09-28T10:46:00Z,2026-09-28T10:47:00Z,1.441885,1.442535,1.439755,1.440555
2026-09-28T10:47:00Z,2026-09-28T10:48:00Z,1.440775,1.441045,1.438215,1.439185
2026-09-28T10:48:00Z,2026-09-28T10:49:00Z,1.439315,1.440535,1.438015,1.440435
2026-09-28T10:49:00Z,2026-09-28T10:50:00Z,1.440495,1.444085,1.440465,1.444085
2026-09-28T10:50:00Z,2026-09-28T10:51:00Z,1.444075,1.444725,1.441085,1.441825
2026-09-28T10:51:00Z,2026-09-28T10:52:00Z,1.441775,1.442545,1.439155,1.442185
2026-09-28T10:52:00Z,2026-09-28T10:53:00Z,1.441845,1.442805,1.439865,1.441325
2026-09-28T10:53:00Z,2026-09-28T10:54:00Z,1.441355,1.441665,1.437505,1.438865
2026-09-28T10:54:00Z,2026-09-28T10:55:00Z,1.438965,1.440845,1.437935,1.438435
2026-09-28T10:55:00Z,2026-09-28T10:56:00Z,1.438285,1.439295,1.436605,1.437435
2026-09-28T10:56:00Z,2026-09-28T10:57:00Z,1.437545,1.440985,1.437545,1.440285
2026-09-28T10:57:00Z,2026-09-28T10:58:00Z,1.440245,1.440255,1.438385,1.438485
2026-09-28T10:58:00Z,2026-09-28T10:59:00Z,1.438535,1.439265,1.431555,1.431785
2026-09-28T10:59:00Z,2026-09-28T11:00:00Z,1.431665,1.432315,1.429985,1.430175
2026-09-28T11:00:00Z,2026-09-28T11:01:00Z,1.430145,1.431805,1.429795,1.431475
2026-09-28T11:01:00Z,2026-09-28T11:02:00Z,1.431465,1.432625,1.430715,1.432165
2026-09-28T11:02:00Z,2026-09-28T11:03:00Z,1.432115,1.433835,1.430075,1.430355
2026-09-28T11:03:00Z,2026-09-28T11:04:00Z,1.430465,1.430465,1.426665,1.427515
2026-09-28T11:04:00Z,2026-09-28T11:05:00Z,1.427425,1.429055,1.426285,1.429055
2026-09-28T11:05:00Z,2026-09-28T11:06:00Z,1.429065,1.431235,1.428645,1.430005
2026-09-28T11:06:00Z,2026-09-28T11:07:00Z,1.429945,1.430805,1.427535,1.428175
2026-09-28T11:07:00Z,2026-09-28T11:08:00Z,1.428485,1.428625,1.425465,1.426655
2026-09-28T11:08:00Z,2026-09-28T11:09:00Z,1.426635,1.428005,1.425415,1.427235
2026-09-28T11:09:00Z,2026-09-28T11:10:00Z,1.427125,1.427135,1.425415,1.425985
2026-09-28T11:10:00Z,2026-09-28T11:11:00Z,1.426035,1.430875,1.426035,1.430295
2026-09-28T11:11:00Z,2026-09-28T11:12:00Z,1.430185,1.430745,1.423555,1.423695
2026-09-28T11:12:00Z,2026-09-28T11:13:00Z,1.423775,1.426985,1.423265,1.426115
2026-09-28T11:13:00Z,2026-09-28T11:14:00Z,1.425955,1.427015,1.424445,1.425305
2026-09-28T11:14:00Z,2026-09-28T11:15:00Z,1.425165,1.427175,1.424245,1.427015
2026-09-28T11:15:00Z,2026-09-28T11:16:00Z,1.426945,1.427695,1.421095,1.421945
2026-09-28T11:16:00Z,2026-09-28T11:17:00Z,1.421965,1.422625,1.418015,1.418025
2026-09-28T11:17:00Z,2026-09-28T11:18:00Z,1.418045,1.419925,1.417025,1.417245
2026-09-28T11:18:00Z,2026-09-28T11:19:00Z,1.416865,1.417105,1.413345,1.413515
2026-09-28T11:19:00Z,2026-09-28T11:20:00Z,1.413435,1.415015,1.410855,1.412655
2026-09-28T11:20:00Z,2026-09-28T11:21:00Z,1.412465,1.413225,1.408965,1.409945
2026-09-28T11:21:00Z,2026-09-28T11:22:00Z,1.409985,1.410615,1.407845,1.408005
2026-09-28T11:22:00Z,2026-09-28T11:23:00Z,1.407575,1.408815,1.407105,1.408195
2026-09-28T11:23:00Z,2026-09-28T11:24:00Z,1.408235,1.410565,1.406915,1.409845
2026-09-28T11:24:00Z,2026-09-28T11:25:00Z,1.409815,1.410635,1.407725,1.408405
2026-09-28T11:25:00Z,2026-09-28T11:26:00Z,1.408425,1.409705,1.408375,1.408815
2026-09-28T11:26:00Z,2026-09-28T11:27:00Z,1.408785,1.410165,1.407095,1.410165
2026-09-28T11:27:00Z,2026-09-28T11:28:00Z,1.410295,1.410525,1.405765,1.405815
2026-09-28T11:28:00Z,2026-09-28T11:29:00Z,1.405715,1.406615,1.402825,1.402985
2026-09-28T11:29:00Z,2026-09-28T11:30:00Z,1.402945,1.403465,1.401095,1.401895
2026-09-28T11:30:00Z,2026-09-28T11:31:00Z,1.401835,1.405585,1.401645,1.404725
2026-09-28T11:31:00Z,2026-09-28T11:32:00Z,1.404645,1.405255,1.403915,1.404275
2026-09-28T11:32:00Z,2026-09-28T11:33:00Z,1.404385,1.404945,1.403155,1.403395
2026-09-28T11:33:00Z,2026-09-28T11:34:00Z,1.404825,1.405645,1.404035,1.405505
2026-09-28T11:34:00Z,2026-09-28T11:35:00Z,1.405685,1.406345,1.404425,1.404865
2026-09-28T11:35:00Z,2026-09-28T11:36:00Z,1.404725,1.405865,1.402145,1.405865
2026-09-28T11:36:00Z,2026-09-28T11:37:00Z,1.405885,1.408115,1.405705,1.406945
2026-09-28T11:37:00Z,2026-09-28T11:38:00Z,1.406935,1.409085,1.405685,1.408905
2026-09-28T11:38:00Z,2026-09-28T11:39:00Z,1.408545,1.409175,1.406255,1.407955
2026-09-28T11:39:00Z,2026-09-28T11:40:00Z,1.407885,1.409715,1.406065,1.406255
2026-09-28T11:40:00Z,2026-09-28T11:41:00Z,1.406015,1.408015,1.405045,1.407735
2026-09-28T11:41:00Z,2026-09-28T11:42:00Z,1.407845,1.409625,1.406485,1.408215
2026-09-28T11:42:00Z,2026-09-28T11:43:00Z,1.408095,1.408655,1.405515,1.408215
2026-09-28T11:43:00Z,2026-09-28T11:44:00Z,1.408065,1.409195,1.407105,1.408395
2026-09-28T11:44:00Z,2026-09-28T11:45:00Z,1.408355,1.409085,1.407785,1.408375
2026-09-28T11:45:00Z,2026-09-28T11:46:00Z,1.408365,1.411305,1.408055,1.411305
2026-09-28T11:46:00Z,2026-09-28T11:47:00Z,1.411325,1.415635,1.411325,1.414615
2026-09-28T11:47:00Z,2026-09-28T11:48:00Z,1.414575,1.415695,1.413545,1.414235
2026-09-28T11:48:00Z,2026-09-28T11:49:00Z,1.414205,1.415965,1.413735,1.415945
2026-09-28T11:49:00Z,2026-09-28T11:50:00Z,1.416095,1.419345,1.416055,1.416985
2026-09-28T11:50:00Z,2026-09-28T11:51:00Z,1.417005,1.417235,1.414215,1.414545
2026-09-28T11:51:00Z,2026-09-28T11:52:00Z,1.414455,1.415265,1.412225,1.415145
2026-09-28T11:52:00Z,2026-09-28T11:53:00Z,1.415035,1.418145,1.414515,1.418015
2026-09-28T11:53:00Z,2026-09-28T11:54:00Z,1.417945,1.420305,1.417445,1.417745
2026-09-28T11:54:00Z,2026-09-28T11:55:00Z,1.417725,1.418175,1.415815,1.418065
2026-09-28T11:55:00Z,2026-09-28T11:56:00Z,1.418215,1.418515,1.416065,1.418235
2026-09-28T11:56:00Z,2026-09-28T11:57:00Z,1.418265,1.419885,1.415535,1.416325
2026-09-28T11:57:00Z,2026-09-28T11:58:00Z,1.416295,1.416325,1.412635,1.413205
2026-09-28T11:58:00Z,2026-09-28T11:59:00Z,1.413265,1.415315,1.412475,1.415165
2026-09-28T11:59:00Z,2026-09-28T12:00:00Z,1.415215,1.416215,1.413205,1.414785
2026-09-28T12:00:00Z,2026-09-28T12:01:00Z,1.414605,1.416595,1.414105,1.416505
2026-09-28T12:01:00Z,2026-09-28T12:02:00Z,1.416465,1.416765,1.415075,1.416185
2026-09-28T12:02:00Z,2026-09-28T12:03:00Z,1.416075,1.416505,1.414385,1.414415
2026-09-28T12:03:00Z,2026-09-28T12:04:00Z,1.414325,1.414355,1.411695,1.411695
2026-09-28T12:04:00Z,2026-09-28T12:05:00Z,1.411835,1.412485,1.410515,1.410765
2026-09-28T12:05:00Z,2026-09-28T12:06:00Z,1.410845,1.411325,1.407705,1.407745
2026-09-28T12:06:00Z,2026-09-28T12:07:00Z,1.407755,1.408955,1.406365,1.407725
2026-09-28T12:07:00Z,2026-09-28T12:08:00Z,1.407905,1.408135,1.404315,1.405755
2026-09-28T12:08:00Z,2026-09-28T12:09:00Z,1.405715,1.406205,1.404405,1.405755
2026-09-28T12:09:00Z,2026-09-28T12:10:00Z,1.405725,1.408955,1.405725,1.408055
2026-09-28T12:10:00Z,2026-09-28T12:11:00Z,1.408065,1.410345,1.407115,1.410345
2026-09-28T12:11:00Z,2026-09-28T12:12:00Z,1.410425,1.414225,1.410385,1.413035
2026-09-28T12:12:00Z,2026-09-28T12:13:00Z,1.412995,1.416235,1.412885,1.415075
2026-09-28T12:13:00Z,2026-09-28T12:14:00Z,1.415035,1.416025,1.410675,1.410675
2026-09-28T12:14:00Z,2026-09-28T12:15:00Z,1.410715,1.412255,1.409645,1.410265
2026-09-28T12:15:00Z,2026-09-28T12:16:00Z,1.410315,1.410915,1.407925,1.408585
2026-09-28T12:16:00Z,2026-09-28T12:17:00Z,1.408555,1.410655,1.408195,1.409745
2026-09-28T12:17:00Z,2026-09-28T12:18:00Z,1.409705,1.412965,1.409705,1.412945
2026-09-28T12:18:00Z,2026-09-28T12:19:00Z,1.412925,1.413905,1.410665,1.411595
2026-09-28T12:19:00Z,2026-09-28T12:20:00Z,1.411205,1.411345,1.409935,1.411065
2026-09-28T12:20:00Z,2026-09-28T12:21:00Z,1.410935,1.412845,1.409375,1.412135
2026-09-28T12:21:00Z,2026-09-28T12:22:00Z,1.412185,1.413465,1.410785,1.411365
2026-09-28T12:22:00Z,2026-09-28T12:23:00Z,1.411275,1.411585,1.409555,1.411035
2026-09-28T12:23:00Z,2026-09-28T12:24:00Z,1.410995,1.411675,1.409215,1.411365
2026-09-28T12:24:00Z,2026-09-28T12:25:00Z,1.411275,1.412435,1.407095,1.411985
2026-09-28T12:25:00Z,2026-09-28T12:26:00Z,1.411715,1.412735,1.409265,1.409545
2026-09-28T12:26:00Z,2026-09-28T12:27:00Z,1.409575,1.410225,1.406295,1.406845
2026-09-28T12:27:00Z,2026-09-28T12:28:00Z,1.407025,1.408635,1.406105,1.407535
2026-09-28T12:28:00Z,2026-09-28T12:29:00Z,1.407205,1.407625,1.405325,1.405615
2026-09-28T12:29:00Z,2026-09-28T12:30:00Z,1.405645,1.406255,1.404235,1.404525
2026-09-28T12:30:00Z,2026-09-28T12:31:00Z,1.404505,1.405325,1.403815,1.404885
2026-09-28T12:31:00Z,2026-09-28T12:32:00Z,1.405075,1.407755,1.403835,1.405565
2026-09-28T12:32:00Z,2026-09-28T12:33:00Z,1.405545,1.406365,1.404975,1.405625
2026-09-28T12:33:00Z,2026-09-28T12:34:00Z,1.405735,1.412275,1.405195,1.412275
2026-09-28T12:34:00Z,2026-09-28T12:35:00Z,1.412235,1.414575,1.412025,1.413775
2026-09-28T12:35:00Z,2026-09-28T12:36:00Z,1.413225,1.414165,1.412065,1.412485
2026-09-28T12:36:00Z,2026-09-28T12:37:00Z,1.412505,1.412815,1.410655,1.411695
2026-09-28T12:37:00Z,2026-09-28T12:38:00Z,1.411735,1.412635,1.410385,1.411475
2026-09-28T12:38:00Z,2026-09-28T12:39:00Z,1.411515,1.413895,1.410555,1.413845
2026-09-28T12:39:00Z,2026-09-28T12:40:00Z,1.413445,1.413845,1.409785,1.411465
2026-09-28T12:40:00Z,2026-09-28T12:41:00Z,1.411355,1.413185,1.410775,1.411175
2026-09-28T12:41:00Z,2026-09-28T12:42:00Z,1.411295,1.411645,1.409545,1.409645
2026-09-28T12:42:00Z,2026-09-28T12:43:00Z,1.409665,1.410365,1.405045,1.405405
2026-09-28T12:43:00Z,2026-09-28T12:44:00Z,1.405495,1.405815,1.403105,1.404015
2026-09-28T12:44:00Z,2026-09-28T12:45:00Z,1.404035,1.404165,1.401795,1.403615
2026-09-28T12:45:00Z,2026-09-28T12:46:00Z,1.403505,1.407065,1.403325,1.407065
2026-09-28T12:46:00Z,2026-09-28T12:47:00Z,1.407055,1.407625,1.404205,1.406015
2026-09-28T12:47:00Z,2026-09-28T12:48:00Z,1.406035,1.408785,1.405635,1.408095
2026-09-28T12:48:00Z,2026-09-28T12:49:00Z,1.408025,1.410345,1.406625,1.409495
2026-09-28T12:49:00Z,2026-09-28T12:50:00Z,1.409665,1.410095,1.406965,1.407045
2026-09-28T12:50:00Z,2026-09-28T12:51:00Z,1.406955,1.407725,1.403755,1.403915
2026-09-28T12:51:00Z,2026-09-28T12:52:00Z,1.403945,1.406375,1.403545,1.406135
2026-09-28T12:52:00Z,2026-09-28T12:53:00Z,1.406155,1.407095,1.402705,1.402905
2026-09-28T12:53:00Z,2026-09-28T12:54:00Z,1.402805,1.403045,1.399175,1.401545
2026-09-28T12:54:00Z,2026-09-28T12:55:00Z,1.401475,1.403885,1.400935,1.401715
2026-09-28T12:55:00Z,2026-09-28T12:56:00Z,1.401705,1.402635,1.398645,1.399695
2026-09-28T12:56:00Z,2026-09-28T12:57:00Z,1.399785,1.401765,1.397985,1.401765
2026-09-28T12:57:00Z,2026-09-28T12:58:00Z,1.401575,1.401635,1.399295,1.401045
2026-09-28T12:58:00Z,2026-09-28T12:59:00Z,1.400775,1.408815,1.400775,1.407855
2026-09-28T12:59:00Z,2026-09-28T13:00:00Z,1.407925,1.408545,1.406805,1.407965
2026-09-28T13:00:00Z,2026-09-28T13:01:00Z,1.408055,1.413125,1.408005,1.413065
2026-09-28T13:01:00Z,2026-09-28T13:02:00Z,1.413125,1.414095,1.410755,1.410775
2026-09-28T13:02:00Z,2026-09-28T13:03:00Z,1.410785,1.411105,1.408035,1.408125
2026-09-28T13:03:00Z,2026-09-28T13:04:00Z,1.408095,1.410505,1.406955,1.410075
2026-09-28T13:04:00Z,2026-09-28T13:05:00Z,1.410065,1.411245,1.407845,1.408395
2026-09-28T13:05:00Z,2026-09-28T13:06:00Z,1.408435,1.408995,1.405715,1.405855
2026-09-28T13:06:00Z,2026-09-28T13:07:00Z,1.405805,1.407655,1.405555,1.405875
2026-09-28T13:07:00Z,2026-09-28T13:08:00Z,1.405985,1.406375,1.404595,1.405725
2026-09-28T13:08:00Z,2026-09-28T13:09:00Z,1.405825,1.406975,1.405045,1.405435
2026-09-28T13:09:00Z,2026-09-28T13:10:00Z,1.405425,1.406605,1.403835,1.406035
2026-09-28T13:10:00Z,2026-09-28T13:11:00Z,1.405935,1.408185,1.404135,1.407955
2026-09-28T13:11:00Z,2026-09-28T13:12:00Z,1.407995,1.411045,1.407685,1.410755
2026-09-28T13:12:00Z,2026-09-28T13:13:00Z,1.410685,1.411275,1.408935,1.410205
2026-09-28T13:13:00Z,2026-09-28T13:14:00Z,1.410385,1.410385,1.407665,1.408215
2026-09-28T13:14:00Z,2026-09-28T13:15:00Z,1.408345,1.408915,1.405195,1.408795
2026-09-28T13:15:00Z,2026-09-28T13:16:00Z,1.408905,1.409665,1.407375,1.408825
2026-09-28T13:16:00Z,2026-09-28T13:17:00Z,1.408665,1.409015,1.404325,1.405485
2026-09-28T13:17:00Z,2026-09-28T13:18:00Z,1.405395,1.407295,1.404605,1.407295
2026-09-28T13:18:00Z,2026-09-28T13:19:00Z,1.407715,1.407715,1.404915,1.405925
2026-09-28T13:19:00Z,2026-09-28T13:20:00Z,1.406025,1.406465,1.404215,1.405405
2026-09-28T13:20:00Z,2026-09-28T13:21:00Z,1.405315,1.405685,1.400055,1.400375
2026-09-28T13:21:00Z,2026-09-28T13:22:00Z,1.400425,1.401275,1.398275,1.399785
2026-09-28T13:22:00Z,2026-09-28T13:23:00Z,1.399735,1.400485,1.398305,1.400485
2026-09-28T13:23:00Z,2026-09-28T13:24:00Z,1.400865,1.402585,1.400475,1.401185
2026-09-28T13:24:00Z,2026-09-28T13:25:00Z,1.401245,1.403555,1.401135,1.403235
2026-09-28T13:25:00Z,2026-09-28T13:26:00Z,1.403455,1.406235,1.402975,1.403485
2026-09-28T13:26:00Z,2026-09-28T13:27:00Z,1.403495,1.406435,1.402385,1.405775
2026-09-28T13:27:00Z,2026-09-28T13:28:00Z,1.405785,1.407695,1.404825,1.404825
2026-09-28T13:28:00Z,2026-09-28T13:29:00Z,1.404775,1.404965,1.403025,1.403445
2026-09-27T21:02:00Z,2026-09-27T21:03:00Z,1.487635,1.487635,1.483895,1.484205
2026-09-27T21:03:00Z,2026-09-27T21:04:00Z,1.484075,1.487055,1.483755,1.486025
2026-09-27T21:04:00Z,2026-09-27T21:05:00Z,1.485895,1.488105,1.485515,1.487325
2026-09-27T21:05:00Z,2026-09-27T21:06:00Z,1.487315,1.490515,1.487165,1.490425
2026-09-27T21:06:00Z,2026-09-27T21:07:00Z,1.490445,1.490845,1.488425,1.489265
2026-09-27T21:07:00Z,2026-09-27T21:08:00Z,1.489205,1.489965,1.486095,1.486335
2026-09-27T21:08:00Z,2026-09-27T21:09:00Z,1.486415,1.488235,1.484215,1.485245
2026-09-27T21:09:00Z,2026-09-27T21:10:00Z,1.485165,1.488205,1.485015,1.487445
2026-09-27T21:10:00Z,2026-09-27T21:11:00Z,1.487425,1.489135,1.486265,1.486485
2026-09-27T21:11:00Z,2026-09-27T21:12:00Z,1.486535,1.487625,1.485295,1.485765
2026-09-27T21:12:00Z,2026-09-27T21:13:00Z,1.486025,1.491405,1.486025,1.488135
2026-09-27T21:13:00Z,2026-09-27T21:14:00Z,1.488335,1.491925,1.488335,1.489405
2026-09-27T21:14:00Z,2026-09-27T21:15:00Z,1.489395,1.494675,1.489355,1.493405
2026-09-27T21:15:00Z,2026-09-27T21:16:00Z,1.493505,1.499425,1.492175,1.499015
2026-09-27T21:16:00Z,2026-09-27T21:17:00Z,1.498955,1.499825,1.497395,1.497525
2026-09-27T21:17:00Z,2026-09-27T21:18:00Z,1.497445,1.499445,1.497445,1.498875
2026-09-27T21:18:00Z,2026-09-27T21:19:00Z,1.498795,1.500305,1.498795,1.500075
2026-09-27T21:19:00Z,2026-09-27T21:20:00Z,1.499935,1.505015,1.498835,1.504855
2026-09-27T21:20:00Z,2026-09-27T21:21:00Z,1.504575,1.507035,1.504115,1.505455
2026-09-27T21:21:00Z,2026-09-27T21:22:00Z,1.505345,1.507915,1.503905,1.506705
2026-09-27T21:22:00Z,2026-09-27T21:23:00Z,1.506775,1.509115,1.505615,1.509035
2026-09-27T21:23:00Z,2026-09-27T21:24:00Z,1.509085,1.510715,1.508045,1.510205
2026-09-27T21:24:00Z,2026-09-27T21:25:00Z,1.510235,1.510235,1.506095,1.506195
2026-09-27T21:25:00Z,2026-09-27T21:26:00Z,1.506135,1.509885,1.506135,1.509765
2026-09-27T21:26:00Z,2026-09-27T21:27:00Z,1.509775,1.513795,1.509775,1.512895
2026-09-27T21:27:00Z,2026-09-27T21:28:00Z,1.512795,1.513245,1.510765,1.512735
2026-09-27T21:28:00Z,2026-09-27T21:29:00Z,1.512685,1.514925,1.510425,1.511025
2026-09-27T21:29:00Z,2026-09-27T21:30:00Z,1.511205,1.511445,1.508915,1.510355
2026-09-27T21:30:00Z,2026-09-27T21:31:00Z,1.510505,1.510835,1.505675,1.506075
2026-09-27T21:31:00Z,2026-09-27T21:32:00Z,1.506015,1.508565,1.505965,1.508275
2026-09-27T21:32:00Z,2026-09-27T21:33:00Z,1.508365,1.510785,1.507695,1.510125
2026-09-27T21:33:00Z,2026-09-27T21:34:00Z,1.510045,1.510095,1.505755,1.506605
2026-09-27T21:34:00Z,2026-09-27T21:35:00Z,1.506685,1.509615,1.506385,1.507705
2026-09-27T21:35:00Z,2026-09-27T21:36:00Z,1.507565,1.511475,1.507285,1.510955
2026-09-27T21:36:00Z,2026-09-27T21:37:00Z,1.511095,1.514035,1.510535,1.512695
2026-09-27T21:37:00Z,2026-09-27T21:38:00Z,1.512665,1.513875,1.510925,1.513495
2026-09-27T21:38:00Z,2026-09-27T21:39:00Z,1.513525,1.514605,1.512265,1.512995
2026-09-27T21:39:00Z,2026-09-27T21:40:00Z,1.512855,1.515945,1.512085,1.512585
2026-09-27T21:40:00Z,2026-09-27T21:41:00Z,1.512745,1.513525,1.509075,1.509595
2026-09-27T21:41:00Z,2026-09-27T21:42:00Z,1.509745,1.513385,1.509565,1.512915
2026-09-27T21:42:00Z,2026-09-27T21:43:00Z,1.513015,1.514135,1.509995,1.510035
2026-09-27T21:43:00Z,2026-09-27T21:44:00Z,1.510065,1.513865,1.509725,1.513255
2026-09-27T21:44:00Z,2026-09-27T21:45:00Z,1.513395,1.514375,1.511765,1.513435
2026-09-27T21:45:00Z,2026-09-27T21:46:00Z,1.513485,1.515295,1.513455,1.514705
2026-09-27T21:46:00Z,2026-09-27T21:47:00Z,1.514905,1.520445,1.514795,1.520445
2026-09-27T21:47:00Z,2026-09-27T21:48:00Z,1.520715,1.524995,1.520515,1.524075
2026-09-27T21:48:00Z,2026-09-27T21:49:00Z,1.524155,1.524435,1.522055,1.522085
2026-09-27T21:49:00Z,2026-09-27T21:50:00Z,1.522385,1.523195,1.517645,1.517865
2026-09-27T21:50:00Z,2026-09-27T21:51:00Z,1.517855,1.519515,1.517095,1.518495
2026-09-27T21:51:00Z,2026-09-27T21:52:00Z,1.518615,1.520555,1.518025,1.518025
2026-09-27T21:52:00Z,2026-09-27T21:53:00Z,1.518035,1.518035,1.512885,1.513225
2026-09-27T21:53:00Z,2026-09-27T21:54:00Z,1.513095,1.516755,1.512515,1.515355
2026-09-27T21:54:00Z,2026-09-27T21:55:00Z,1.515455,1.515585,1.511395,1.512395
2026-09-27T21:55:00Z,2026-09-27T21:56:00Z,1.512385,1.514985,1.512275,1.514245
2026-09-27T21:56:00Z,2026-09-27T21:57:00Z,1.514335,1.517715,1.513875,1.517405
2026-09-27T21:57:00Z,2026-09-27T21:58:00Z,1.517385,1.520075,1.516175,1.520075
2026-09-27T21:58:00Z,2026-09-27T21:59:00Z,1.519975,1.520535,1.516885,1.517235
2026-09-27T21:59:00Z,2026-09-27T22:00:00Z,1.517205,1.518205,1.516275,1.517085
2026-09-27T22:00:00Z,2026-09-27T22:01:00Z,1.517055,1.517165,1.512725,1.513015
2026-09-27T22:01:00Z,2026-09-27T22:02:00Z,1.512925,1.516015,1.512925,1.514995
2026-09-27T22:02:00Z,2026-09-27T22:03:00Z,1.515675,1.518595,1.515255,1.518285
2026-09-27T22:03:00Z,2026-09-27T22:04:00Z,1.518255,1.522365,1.518115,1.521305
2026-09-27T22:04:00Z,2026-09-27T22:05:00Z,1.521335,1.521595,1.517265,1.517745
2026-09-27T22:05:00Z,2026-09-27T22:06:00Z,1.517885,1.518695,1.516675,1.518615
2026-09-27T22:06:00Z,2026-09-27T22:07:00Z,1.518545,1.519045,1.516825,1.518945
2026-09-27T22:07:00Z,2026-09-27T22:08:00Z,1.519005,1.522535,1.518965,1.521535
2026-09-27T22:08:00Z,2026-09-27T22:09:00Z,1.521825,1.524085,1.521085,1.523235
2026-09-27T22:09:00Z,2026-09-27T22:10:00Z,1.522785,1.523285,1.519565,1.522915
2026-09-27T22:10:00Z,2026-09-27T22:11:00Z,1.523075,1.524975,1.522365,1.523775
2026-09-27T22:11:00Z,2026-09-27T22:12:00Z,1.523985,1.526625,1.522235,1.522685
2026-09-27T22:12:00Z,2026-09-27T22:13:00Z,1.522475,1.522695,1.520325,1.521445
2026-09-27T22:13:00Z,2026-09-27T22:14:00Z,1.521475,1.523565,1.520535,1.523565
2026-09-27T22:14:00Z,2026-09-27T22:15:00Z,1.523575,1.526535,1.523385,1.526535
2026-09-27T22:15:00Z,2026-09-27T22:16:00Z,1.526025,1.526735,1.524275,1.525425
2026-09-27T22:16:00Z,2026-09-27T22:17:00Z,1.525445,1.525445,1.521245,1.522915
2026-09-27T22:17:00Z,2026-09-27T22:18:00Z,1.522355,1.522795,1.519345,1.519925
2026-09-27T22:18:00Z,2026-09-27T22:19:00Z,1.519815,1.521145,1.518925,1.519705
2026-09-27T22:19:00Z,2026-09-27T22:20:00Z,1.519945,1.520715,1.518165,1.518165
2026-09-27T22:20:00Z,2026-09-27T22:21:00Z,1.518155,1.519905,1.517625,1.518435
2026-09-27T22:21:00Z,2026-09-27T22:22:00Z,1.518545,1.520645,1.518545,1.519505
2026-09-27T22:22:00Z,2026-09-27T22:23:00Z,1.519495,1.521115,1.516615,1.516615
2026-09-27T22:23:00Z,2026-09-27T22:24:00Z,1.516655,1.517665,1.515145,1.516935
2026-09-27T22:24:00Z,2026-09-27T22:25:00Z,1.517055,1.520115,1.516495,1.520015
2026-09-27T22:25:00Z,2026-09-27T22:26:00Z,1.520025,1.522225,1.517845,1.520935
2026-09-27T22:26:00Z,2026-09-27T22:27:00Z,1.520925,1.524015,1.520665,1.523525
2026-09-27T22:27:00Z,2026-09-27T22:28:00Z,1.523515,1.523515,1.521255,1.522685
2026-09-27T22:28:00Z,2026-09-27T22:29:00Z,1.522675,1.522795,1.517265,1.517925
2026-09-27T22:29:00Z,2026-09-27T22:30:00Z,1.517945,1.523105,1.517945,1.521735
2026-09-27T22:30:00Z,2026-09-27T22:31:00Z,1.521535,1.524525,1.521305,1.521345
2026-09-27T22:31:00Z,2026-09-27T22:32:00Z,1.521325,1.522005,1.519155,1.520045
2026-09-27T22:32:00Z,2026-09-27T22:33:00Z,1.520005,1.520585,1.517185,1.517375
2026-09-27T22:33:00Z,2026-09-27T22:34:00Z,1.517335,1.519545,1.516995,1.517185
2026-09-27T22:34:00Z,2026-09-27T22:35:00Z,1.517245,1.518505,1.516635,1.517525
2026-09-27T22:35:00Z,2026-09-27T22:36:00Z,1.517405,1.518995,1.516915,1.517345
2026-09-27T22:36:00Z,2026-09-27T22:37:00Z,1.517365,1.518385,1.515365,1.516345
2026-09-27T22:37:00Z,2026-09-27T22:38:00Z,1.516235,1.517535,1.516015,1.516685
2026-09-27T22:38:00Z,2026-09-27T22:39:00Z,1.516725,1.517315,1.513835,1.515215
2026-09-27T22:39:00Z,2026-09-27T22:40:00Z,1.515205,1.516475,1.513285,1.514975
2026-09-27T22:40:00Z,2026-09-27T22:41:00Z,1.514755,1.514755,1.511245,1.513235
2026-09-27T22:41:00Z,2026-09-27T22:42:00Z,1.513195,1.513195,1.510345,1.510665
2026-09-27T22:42:00Z,2026-09-27T22:43:00Z,1.510645,1.514875,1.510085,1.514315
2026-09-27T22:43:00Z,2026-09-27T22:44:00Z,1.514305,1.517205,1.513635,1.516505
2026-09-27T22:44:00Z,2026-09-27T22:45:00Z,1.516525,1.516625,1.514205,1.516105
2026-09-27T22:45:00Z,2026-09-27T22:46:00Z,1.516195,1.516425,1.513345,1.513485
2026-09-27T22:46:00Z,2026-09-27T22:47:00Z,1.513625,1.513645,1.511255,1.512575
2026-09-27T22:47:00Z,2026-09-27T22:48:00Z,1.512745,1.513945,1.509565,1.511795
2026-09-27T22:48:00Z,2026-09-27T22:49:00Z,1.511725,1.511725,1.509145,1.510585
2026-09-27T22:49:00Z,2026-09-27T22:50:00Z,1.510265,1.510785,1.505875,1.506025
2026-09-27T22:50:00Z,2026-09-27T22:51:00Z,1.506065,1.506285,1.504235,1.505125
2026-09-27T22:51:00Z,2026-09-27T22:52:00Z,1.505185,1.507745,1.503795,1.507175
2026-09-27T22:52:00Z,2026-09-27T22:53:00Z,1.507235,1.508055,1.505455,1.507905
2026-09-27T22:53:00Z,2026-09-27T22:54:00Z,1.507875,1.508025,1.504915,1.505505
2026-09-27T22:54:00Z,2026-09-27T22:55:00Z,1.505535,1.506725,1.504455,1.505045
2026-09-27T22:55:00Z,2026-09-27T22:56:00Z,1.504885,1.505975,1.503345,1.504405
2026-09-27T22:56:00Z,2026-09-27T22:57:00Z,1.504315,1.505065,1.502495,1.505065
2026-09-27T22:57:00Z,2026-09-27T22:58:00Z,1.505005,1.505665,1.502975,1.504565
2026-09-27T22:58:00Z,2026-09-27T22:59:00Z,1.504685,1.505315,1.502745,1.502965
2026-09-27T22:59:00Z,2026-09-27T23:00:00Z,1.502765,1.505155,1.502275,1.504255
2026-09-27T23:00:00Z,2026-09-27T23:01:00Z,1.504205,1.504895,1.502495,1.504125
2026-09-27T23:01:00Z,2026-09-27T23:02:00Z,1.504785,1.506825,1.503615,1.505155
2026-09-27T23:02:00Z,2026-09-27T23:03:00Z,1.505195,1.506145,1.503085,1.503105
2026-09-27T23:03:00Z,2026-09-27T23:04:00Z,1.503165,1.503475,1.500015,1.500015
2026-09-27T23:04:00Z,2026-09-27T23:05:00Z,1.500025,1.501285,1.498575,1.500325
2026-09-27T23:05:00Z,2026-09-27T23:06:00Z,1.500365,1.501355,1.499255,1.499365
2026-09-27T23:06:00Z,2026-09-27T23:07:00Z,1.499355,1.499775,1.497295,1.497745
2026-09-27T23:07:00Z,2026-09-27T23:08:00Z,1.497555,1.501255,1.497185,1.498815
2026-09-27T23:08:00Z,2026-09-27T23:09:00Z,1.498845,1.500945,1.497835,1.497855
2026-09-27T23:09:00Z,2026-09-27T23:10:00Z,1.498025,1.498225,1.493895,1.493895
2026-09-27T23:10:00Z,2026-09-27T23:11:00Z,1.493155,1.493435,1.491335,1.491945
2026-09-27T23:11:00Z,2026-09-27T23:12:00Z,1.492155,1.496335,1.492145,1.495935
2026-09-27T23:12:00Z,2026-09-27T23:13:00Z,1.496165,1.496185,1.488495,1.488675
2026-09-27T23:13:00Z,2026-09-27T23:14:00Z,1.489335,1.489335,1.485655,1.486225
2026-09-27T23:14:00Z,2026-09-27T23:15:00Z,1.485985,1.486365,1.484155,1.485595
2026-09-27T23:15:00Z,2026-09-27T23:16:00Z,1.485535,1.489315,1.485185,1.488995
2026-09-27T23:16:00Z,2026-09-27T23:17:00Z,1.488975,1.489585,1.486465,1.488435
2026-09-27T23:17:00Z,2026-09-27T23:18:00Z,1.488545,1.490005,1.488305,1.489495
2026-09-27T23:18:00Z,2026-09-27T23:19:00Z,1.489415,1.489415,1.485765,1.486025
2026-09-27T23:19:00Z,2026-09-27T23:20:00Z,1.485825,1.486405,1.484725,1.485205
2026-09-27T23:20:00Z,2026-09-27T23:21:00Z,1.485075,1.488035,1.484575,1.487425
2026-09-27T23:21:00Z,2026-09-27T23:22:00Z,1.487385,1.487405,1.485655,1.487245
2026-09-27T23:22:00Z,2026-09-27T23:23:00Z,1.487235,1.487605,1.483735,1.483845
2026-09-27T23:23:00Z,2026-09-27T23:24:00Z,1.483645,1.485025,1.482415,1.483395
2026-09-27T23:24:00Z,2026-09-27T23:25:00Z,1.483295,1.485465,1.482575,1.483105
2026-09-27T23:25:00Z,2026-09-27T23:26:00Z,1.482825,1.483905,1.481685,1.482885
2026-09-27T23:26:00Z,2026-09-27T23:27:00Z,1.482765,1.483455,1.479975,1.481355
2026-09-27T23:27:00Z,2026-09-27T23:28:00Z,1.481365,1.481545,1.478155,1.478325
2026-09-27T23:28:00Z,2026-09-27T23:29:00Z,1.478565,1.479855,1.476835,1.478745
2026-09-27T23:29:00Z,2026-09-27T23:30:00Z,1.478645,1.481025,1.478495,1.478655
2026-09-27T23:30:00Z,2026-09-27T23:31:00Z,1.478675,1.479885,1.477025,1.479645
2026-09-27T23:31:00Z,2026-09-27T23:32:00Z,1.479655,1.480415,1.477665,1.479125
2026-09-27T23:32:00Z,2026-09-27T23:33:00Z,1.479015,1.482025,1.477305,1.477665
2026-09-27T23:33:00Z,2026-09-27T23:34:00Z,1.477685,1.479155,1.476495,1.479065
2026-09-27T23:34:00Z,2026-09-27T23:35:00Z,1.478885,1.480535,1.477705,1.477705
2026-09-27T23:35:00Z,2026-09-27T23:36:00Z,1.477755,1.477845,1.474335,1.475885
2026-09-27T23:36:00Z,2026-09-27T23:37:00Z,1.476045,1.478505,1.475215,1.477805
2026-09-27T23:37:00Z,2026-09-27T23:38:00Z,1.477895,1.477945,1.472995,1.473005
2026-09-27T23:38:00Z,2026-09-27T23:39:00Z,1.473035,1.474065,1.470195,1.470955
2026-09-27T23:39:00Z,2026-09-27T23:40:00Z,1.470895,1.472835,1.470615,1.471065
2026-09-27T23:40:00Z,2026-09-27T23:41:00Z,1.471175,1.473025,1.471035,1.472795
2026-09-27T23:41:00Z,2026-09-27T23:42:00Z,1.472845,1.473995,1.470635,1.471505
2026-09-27T23:42:00Z,2026-09-27T23:43:00Z,1.471465,1.476865,1.471365,1.475205
2026-09-27T23:43:00Z,2026-09-27T23:44:00Z,1.475085,1.475095,1.471845,1.473365
2026-09-27T23:44:00Z,2026-09-27T23:45:00Z,1.473255,1.474045,1.470475,1.472465
2026-09-27T23:45:00Z,2026-09-27T23:46:00Z,1.472625,1.474515,1.471715,1.474325
2026-09-27T23:46:00Z,2026-09-27T23:47:00Z,1.474315,1.474325,1.471205,1.472595
2026-09-27T23:47:00Z,2026-09-27T23:48:00Z,1.472675,1.473175,1.465485,1.466975
2026-09-27T23:48:00Z,2026-09-27T23:49:00Z,1.466895,1.470335,1.465945,1.466075
2026-09-27T23:49:00Z,2026-09-27T23:50:00Z,1.466125,1.466405,1.463895,1.464185
2026-09-27T23:50:00Z,2026-09-27T23:51:00Z,1.464195,1.466435,1.462495,1.462495
2026-09-27T23:51:00Z,2026-09-27T23:52:00Z,1.462425,1.463845,1.460545,1.461665
2026-09-27T23:52:00Z,2026-09-27T23:53:00Z,1.461655,1.463015,1.461135,1.461175
2026-09-27T23:53:00Z,2026-09-27T23:54:00Z,1.460995,1.461775,1.460075,1.460465
2026-09-27T23:54:00Z,2026-09-27T23:55:00Z,1.460165,1.463075,1.460015,1.462405
2026-09-27T23:55:00Z,2026-09-27T23:56:00Z,1.462445,1.466155,1.461955,1.465725
2026-09-27T23:56:00Z,2026-09-27T23:57:00Z,1.465615,1.468445,1.465615,1.465945
2026-09-27T23:57:00Z,2026-09-27T23:58:00Z,1.466065,1.469455,1.465135,1.469425
2026-09-27T23:58:00Z,2026-09-27T23:59:00Z,1.469435,1.472415,1.468795,1.471545
2026-09-27T23:59:00Z,2026-09-28T00:00:00Z,1.471615,1.473075,1.471255,1.472575
2026-09-28T00:00:00Z,2026-09-28T00:01:00Z,1.472815,1.474445,1.471675,1.473345
2026-09-28T00:01:00Z,2026-09-28T00:02:00Z,1.473315,1.473585,1.469085,1.469745
2026-09-28T00:02:00Z,2026-09-28T00:03:00Z,1.469435,1.469485,1.466745,1.467905
2026-09-28T00:03:00Z,2026-09-28T00:04:00Z,1.467955,1.468775,1.467065,1.467935
2026-09-28T00:04:00Z,2026-09-28T00:05:00Z,1.468025,1.472135,1.467345,1.470685
2026-09-28T00:05:00Z,2026-09-28T00:06:00Z,1.470515,1.472165,1.469135,1.471325
2026-09-28T00:06:00Z,2026-09-28T00:07:00Z,1.471505,1.472435,1.468515,1.468655
2026-09-28T00:07:00Z,2026-09-28T00:08:00Z,1.468565,1.469605,1.467325,1.468965
2026-09-28T00:08:00Z,2026-09-28T00:09:00Z,1.468795,1.469045,1.467295,1.467775
2026-09-28T00:09:00Z,2026-09-28T00:10:00Z,1.467625,1.471285,1.465895,1.470875
2026-09-28T00:10:00Z,2026-09-28T00:11:00Z,1.471075,1.475365,1.470705,1.474955
2026-09-28T00:11:00Z,2026-09-28T00:12:00Z,1.474885,1.474975,1.472615,1.473085
2026-09-28T00:12:00Z,2026-09-28T00:13:00Z,1.473155,1.473155,1.467915,1.468375
2026-09-28T00:13:00Z,2026-09-28T00:14:00Z,1.468495,1.469445,1.467135,1.469445
2026-09-28T00:14:00Z,2026-09-28T00:15:00Z,1.469525,1.470285,1.467245,1.470175
2026-09-28T00:15:00Z,2026-09-28T00:16:00Z,1.470215,1.471605,1.469275,1.471275
2026-09-28T00:16:00Z,2026-09-28T00:17:00Z,1.471295,1.471295,1.468065,1.468175
2026-09-28T00:17:00Z,2026-09-28T00:18:00Z,1.468155,1.468845,1.465125,1.467935
2026-09-28T00:18:00Z,2026-09-28T00:19:00Z,1.467815,1.468345,1.466025,1.466025
2026-09-28T00:19:00Z,2026-09-28T00:20:00Z,1.466005,1.466755,1.464085,1.466045
2026-09-28T00:20:00Z,2026-09-28T00:21:00Z,1.465985,1.467275,1.465725,1.465965
2026-09-28T00:21:00Z,2026-09-28T00:22:00Z,1.465885,1.468405,1.464275,1.467865
2026-09-28T00:22:00Z,2026-09-28T00:23:00Z,1.467775,1.468635,1.465225,1.468485
2026-09-28T00:23:00Z,2026-09-28T00:24:00Z,1.469085,1.470375,1.467885,1.469445
2026-09-28T00:24:00Z,2026-09-28T00:25:00Z,1.469585,1.473105,1.469385,1.472375
2026-09-28T00:25:00Z,2026-09-28T00:26:00Z,1.472285,1.473405,1.471465,1.473335
2026-09-28T00:26:00Z,2026-09-28T00:27:00Z,1.473385,1.473385,1.471115,1.471755
2026-09-28T00:27:00Z,2026-09-28T00:28:00Z,1.471735,1.473455,1.470705,1.471155
2026-09-28T00:28:00Z,2026-09-28T00:29:00Z,1.471215,1.472035,1.468595,1.469575
2026-09-28T00:29:00Z,2026-09-28T00:30:00Z,1.469745,1.473215,1.469555,1.470225
2026-09-28T00:30:00Z,2026-09-28T00:31:00Z,1.470185,1.471975,1.469355,1.471975
2026-09-28T00:31:00Z,2026-09-28T00:32:00Z,1.471895,1.472785,1.469485,1.469845
2026-09-28T00:32:00Z,2026-09-28T00:33:00Z,1.469855,1.472825,1.469265,1.472475
2026-09-28T00:33:00Z,2026-09-28T00:34:00Z,1.472185,1.473935,1.471305,1.472605
2026-09-28T00:34:00Z,2026-09-28T00:35:00Z,1.472555,1.476195,1.472075,1.473485
2026-09-28T00:35:00Z,2026-09-28T00:36:00Z,1.473715,1.475065,1.472105,1.472375
2026-09-28T00:36:00Z,2026-09-28T00:37:00Z,1.472225,1.474115,1.470985,1.472755
2026-09-28T00:37:00Z,2026-09-28T00:38:00Z,1.472555,1.474035,1.472485,1.472485
2026-09-28T00:38:00Z,2026-09-28T00:39:00Z,1.472535,1.472925,1.469785,1.469785
2026-09-28T00:39:00Z,2026-09-28T00:40:00Z,1.469665,1.471595,1.469505,1.470735
2026-09-28T00:40:00Z,2026-09-28T00:41:00Z,1.470715,1.472985,1.469495,1.471285
2026-09-28T00:41:00Z,2026-09-28T00:42:00Z,1.471275,1.471695,1.468525,1.469165
2026-09-28T00:42:00Z,2026-09-28T00:43:00Z,1.469185,1.469575,1.467405,1.467625
2026-09-28T00:43:00Z,2026-09-28T00:44:00Z,1.467595,1.469835,1.465735,1.468665
2026-09-28T00:44:00Z,2026-09-28T00:45:00Z,1.468925,1.470565,1.467905,1.469905
2026-09-28T00:45:00Z,2026-09-28T00:46:00Z,1.469855,1.472475,1.469555,1.471505
2026-09-28T00:46:00Z,2026-09-28T00:47:00Z,1.471495,1.471495,1.468605,1.469775
2026-09-28T00:47:00Z,2026-09-28T00:48:00Z,1.469825,1.470695,1.465465,1.465465
2026-09-28T00:48:00Z,2026-09-28T00:49:00Z,1.465375,1.466265,1.463345,1.463415
2026-09-28T00:49:00Z,2026-09-28T00:50:00Z,1.463305,1.466125,1.462165,1.462435
2026-09-28T00:50:00Z,2026-09-28T00:51:00Z,1.462305,1.462315,1.456575,1.457185
2026-09-28T00:51:00Z,2026-09-28T00:52:00Z,1.457095,1.457235,1.453225,1.454795
2026-09-28T00:52:00Z,2026-09-28T00:53:00Z,1.454785,1.454955,1.452335,1.452505
2026-09-28T00:53:00Z,2026-09-28T00:54:00Z,1.452675,1.453035,1.450795,1.452755
2026-09-28T00:54:00Z,2026-09-28T00:55:00Z,1.452825,1.453735,1.450825,1.451025
2026-09-28T00:55:00Z,2026-09-28T00:56:00Z,1.451135,1.451395,1.444345,1.444435
2026-09-28T00:56:00Z,2026-09-28T00:57:00Z,1.444415,1.446225,1.443755,1.443755
2026-09-28T00:57:00Z,2026-09-28T00:58:00Z,1.443785,1.446285,1.442375,1.446065
2026-09-28T00:58:00Z,2026-09-28T00:59:00Z,1.446455,1.448135,1.445355,1.448125
2026-09-28T00:59:00Z,2026-09-28T01:00:00Z,1.448165,1.450285,1.448165,1.449805
2026-09-28T01:00:00Z,2026-09-28T01:01:00Z,1.449885,1.453005,1.448995,1.452125
2026-09-28T01:01:00Z,2026-09-28T01:02:00Z,1.451905,1.451905,1.450055,1.451445
2026-09-28T01:02:00Z,2026-09-28T01:03:00Z,1.451465,1.455385,1.451425,1.454525
2026-09-28T01:03:00Z,2026-09-28T01:04:00Z,1.454405,1.456785,1.453465,1.456785
2026-09-28T01:04:00Z,2026-09-28T01:05:00Z,1.456885,1.459075,1.456535,1.459035
2026-09-28T01:10:00Z,2026-09-28T01:11:00Z,1.459035,1.517305,1.459035,1.514465
2026-09-28T01:11:00Z,2026-09-28T01:12:00Z,1.514625,1.517035,1.513265,1.513485
2026-09-28T01:12:00Z,2026-09-28T01:13:00Z,1.513505,1.513575,1.508815,1.509085
2026-09-28T01:13:00Z,2026-09-28T01:14:00Z,1.509075,1.512195,1.509075,1.512195
2026-09-28T01:14:00Z,2026-09-28T01:15:00Z,1.512355,1.515635,1.511765,1.514895
2026-09-28T01:15:00Z,2026-09-28T01:16:00Z,1.514795,1.517445,1.513935,1.517175
2026-09-28T01:16:00Z,2026-09-28T01:17:00Z,1.517195,1.518425,1.515855,1.516895
2026-09-28T01:17:00Z,2026-09-28T01:18:00Z,1.516885,1.519825,1.516155,1.519095
2026-09-28T01:18:00Z,2026-09-28T01:19:00Z,1.518995,1.521745,1.518915,1.520505
2026-09-28T01:19:00Z,2026-09-28T01:20:00Z,1.520555,1.521895,1.518415,1.519125
2026-09-28T01:20:00Z,2026-09-28T01:21:00Z,1.519105,1.519755,1.516995,1.517755
2026-09-28T01:21:00Z,2026-09-28T01:22:00Z,1.517645,1.521475,1.517235,1.520535
2026-09-28T01:22:00Z,2026-09-28T01:23:00Z,1.520525,1.522155,1.519925,1.521645
2026-09-28T01:23:00Z,2026-09-28T01:24:00Z,1.521765,1.521765,1.518755,1.519775
2026-09-28T01:24:00Z,2026-09-28T01:25:00Z,1.519835,1.520035,1.517665,1.518045
2026-09-28T01:25:00Z,2026-09-28T01:26:00Z,1.518245,1.521455,1.517475,1.521455
2026-09-28T01:26:00Z,2026-09-28T01:27:00Z,1.521465,1.522985,1.520275,1.522515
2026-09-28T01:27:00Z,2026-09-28T01:28:00Z,1.522245,1.523025,1.520585,1.521835
2026-09-28T01:28:00Z,2026-09-28T01:29:00Z,1.521785,1.522255,1.520245,1.520595
2026-09-28T01:29:00Z,2026-09-28T01:30:00Z,1.520605,1.523745,1.519995,1.522765
2026-09-28T01:30:00Z,2026-09-28T01:31:00Z,1.522715,1.524105,1.521855,1.523825
2026-09-28T01:31:00Z,2026-09-28T01:32:00Z,1.523935,1.524775,1.522675,1.523495
2026-09-28T01:32:00Z,2026-09-28T01:33:00Z,1.523235,1.525065,1.521875,1.522815
2026-09-28T01:33:00Z,2026-09-28T01:34:00Z,1.522615,1.525545,1.522015,1.525335
2026-09-28T01:34:00Z,2026-09-28T01:35:00Z,1.525355,1.525355,1.522955,1.523605
2026-09-28T01:35:00Z,2026-09-28T01:36:00Z,1.523615,1.524665,1.521255,1.524665
2026-09-28T01:36:00Z,2026-09-28T01:37:00Z,1.524625,1.525005,1.521485,1.523125
2026-09-28T01:37:00Z,2026-09-28T01:38:00Z,1.522885,1.524465,1.521545,1.523085
2026-09-28T01:38:00Z,2026-09-28T01:39:00Z,1.523175,1.527095,1.522975,1.525965
2026-09-28T01:39:00Z,2026-09-28T01:40:00Z,1.526005,1.527365,1.525145,1.526205
2026-09-28T01:40:00Z,2026-09-28T01:41:00Z,1.526215,1.527965,1.524755,1.527035
2026-09-28T01:41:00Z,2026-09-28T01:42:00Z,1.527115,1.529465,1.525915,1.529325
2026-09-28T01:42:00Z,2026-09-28T01:43:00Z,1.529205,1.529675,1.524845,1.525075
2026-09-28T01:43:00Z,2026-09-28T01:44:00Z,1.524865,1.524865,1.520225,1.520225
2026-09-28T01:44:00Z,2026-09-28T01:45:00Z,1.520155,1.520905,1.518365,1.518695
2026-09-28T01:45:00Z,2026-09-28T01:46:00Z,1.518775,1.520015,1.517885,1.519185
2026-09-28T01:46:00Z,2026-09-28T01:47:00Z,1.519135,1.523065,1.518515,1.523065
2026-09-28T01:47:00Z,2026-09-28T01:48:00Z,1.522985,1.526575,1.521285,1.524635
2026-09-28T01:48:00Z,2026-09-28T01:49:00Z,1.524735,1.524735,1.522105,1.522315
2026-09-28T01:49:00Z,2026-09-28T01:50:00Z,1.522365,1.525115,1.522345,1.524745
2026-09-28T01:50:00Z,2026-09-28T01:51:00Z,1.524645,1.525035,1.519265,1.520015
2026-09-28T01:51:00Z,2026-09-28T01:52:00Z,1.519975,1.521605,1.519485,1.521605
2026-09-28T01:52:00Z,2026-09-28T01:53:00Z,1.521735,1.522365,1.520255,1.520265
2026-09-28T01:53:00Z,2026-09-28T01:54:00Z,1.519825,1.519825,1.513295,1.513875
2026-09-28T01:54:00Z,2026-09-28T01:55:00Z,1.513835,1.518655,1.513265,1.518595
2026-09-28T01:55:00Z,2026-09-28T01:56:00Z,1.518605,1.524375,1.518575,1.523435
2026-09-28T01:56:00Z,2026-09-28T01:57:00Z,1.523385,1.526245,1.523195,1.526175
2026-09-28T01:57:00Z,2026-09-28T01:58:00Z,1.526345,1.527855,1.525665,1.526825
2026-09-28T01:58:00Z,2026-09-28T01:59:00Z,1.526795,1.527225,1.525455,1.527145
2026-09-28T01:59:00Z,2026-09-28T02:00:00Z,1.527275,1.529015,1.526645,1.527225
2026-09-28T02:00:00Z,2026-09-28T02:01:00Z,1.527515,1.527735,1.523595,1.524325
2026-09-28T02:01:00Z,2026-09-28T02:02:00Z,1.524405,1.524745,1.522235,1.523625
2026-09-28T02:02:00Z,2026-09-28T02:03:00Z,1.523555,1.523775,1.520005,1.520765
2026-09-28T02:03:00Z,2026-09-28T02:04:00Z,1.520725,1.520735,1.516285,1.516675
2026-09-28T02:04:00Z,2026-09-28T02:05:00Z,1.516795,1.522205,1.516795,1.522155
2026-09-28T02:05:00Z,2026-09-28T02:06:00Z,1.522045,1.522665,1.519945,1.520145
2026-09-28T02:06:00Z,2026-09-28T02:07:00Z,1.519935,1.521795,1.519385,1.521795
2026-09-28T02:07:00Z,2026-09-28T02:08:00Z,1.521115,1.521215,1.518595,1.518665
2026-09-28T02:08:00Z,2026-09-28T02:09:00Z,1.518295,1.520035,1.517515,1.518485
2026-09-28T02:09:00Z,2026-09-28T02:10:00Z,1.518475,1.519235,1.515925,1.516395
2026-09-28T02:10:00Z,2026-09-28T02:11:00Z,1.516545,1.520725,1.516335,1.519745
2026-09-28T02:11:00Z,2026-09-28T02:12:00Z,1.519485,1.521355,1.518235,1.521355
2026-09-28T02:12:00Z,2026-09-28T02:13:00Z,1.521125,1.521815,1.514705,1.514705
2026-09-28T02:13:00Z,2026-09-28T02:14:00Z,1.514675,1.516675,1.513665,1.516385
2026-09-28T02:14:00Z,2026-09-28T02:15:00Z,1.516555,1.520925,1.516465,1.519445
2026-09-28T02:15:00Z,2026-09-28T02:16:00Z,1.519525,1.524785,1.519525,1.522665
2026-09-28T02:16:00Z,2026-09-28T02:17:00Z,1.522685,1.522685,1.521005,1.521115
2026-09-28T02:17:00Z,2026-09-28T02:18:00Z,1.521085,1.523815,1.520515,1.523345
2026-09-28T02:18:00Z,2026-09-28T02:19:00Z,1.523505,1.524065,1.520175,1.520345
2026-09-28T02:19:00Z,2026-09-28T02:20:00Z,1.520045,1.520785,1.514275,1.514435
2026-09-28T02:20:00Z,2026-09-28T02:21:00Z,1.514095,1.514095,1.507775,1.507865
2026-09-28T02:21:00Z,2026-09-28T02:22:00Z,1.507825,1.509395,1.506215,1.506215
2026-09-28T02:22:00Z,2026-09-28T02:23:00Z,1.506485,1.509095,1.504875,1.509025
2026-09-28T02:23:00Z,2026-09-28T02:24:00Z,1.509135,1.511405,1.508975,1.509445
2026-09-28T02:24:00Z,2026-09-28T02:25:00Z,1.509575,1.510415,1.506875,1.509555
2026-09-28T02:25:00Z,2026-09-28T02:26:00Z,1.509415,1.512875,1.509385,1.511945
2026-09-28T02:26:00Z,2026-09-28T02:27:00Z,1.511925,1.513865,1.511505,1.512945
2026-09-28T02:27:00Z,2026-09-28T02:28:00Z,1.512825,1.517105,1.512345,1.515945
2026-09-28T02:28:00Z,2026-09-28T02:29:00Z,1.515415,1.516655,1.514105,1.515995
2026-09-28T02:29:00Z,2026-09-28T02:30:00Z,1.516215,1.516725,1.513535,1.514425
2026-09-28T02:30:00Z,2026-09-28T02:31:00Z,1.514545,1.514645,1.510525,1.510555
2026-09-28T02:31:00Z,2026-09-28T02:32:00Z,1.510565,1.512635,1.508855,1.510135
2026-09-28T02:32:00Z,2026-09-28T02:33:00Z,1.509915,1.512115,1.509575,1.510285
2026-09-28T02:33:00Z,2026-09-28T02:34:00Z,1.510355,1.510885,1.508335,1.508335
2026-09-28T02:34:00Z,2026-09-28T02:35:00Z,1.508305,1.509935,1.507805,1.508915
2026-09-28T02:35:00Z,2026-09-28T02:36:00Z,1.508875,1.509135,1.507545,1.509135
2026-09-28T02:36:00Z,2026-09-28T02:37:00Z,1.509105,1.509365,1.502305,1.504765
2026-09-28T02:37:00Z,2026-09-28T02:38:00Z,1.504945,1.505455,1.502325,1.504265
2026-09-28T02:38:00Z,2026-09-28T02:39:00Z,1.504275,1.505505,1.500825,1.501975
2026-09-28T02:39:00Z,2026-09-28T02:40:00Z,1.501735,1.503185,1.499775,1.500305
2026-09-28T02:40:00Z,2026-09-28T02:41:00Z,1.500185,1.502125,1.499535,1.501575
2026-09-28T02:41:00Z,2026-09-28T02:42:00Z,1.501665,1.504055,1.500895,1.501105
2026-09-28T02:42:00Z,2026-09-28T02:43:00Z,1.501065,1.503835,1.500765,1.502615
2026-09-28T02:43:00Z,2026-09-28T02:44:00Z,1.502495,1.503165,1.496455,1.496555
2026-09-28T02:44:00Z,2026-09-28T02:45:00Z,1.496595,1.496935,1.494045,1.494265
2026-09-28T02:45:00Z,2026-09-28T02:46:00Z,1.494175,1.497235,1.494045,1.496685
2026-09-28T02:46:00Z,2026-09-28T02:47:00Z,1.496575,1.497765,1.495825,1.496625
2026-09-28T02:47:00Z,2026-09-28T02:48:00Z,1.496545,1.497005,1.493885,1.493935
2026-09-28T02:48:00Z,2026-09-28T02:49:00Z,1.493985,1.498175,1.493965,1.497595
2026-09-28T02:49:00Z,2026-09-28T02:50:00Z,1.497485,1.498195,1.496165,1.496595
2026-09-28T02:50:00Z,2026-09-28T02:51:00Z,1.496625,1.498665,1.496625,1.498035
2026-09-28T02:51:00Z,2026-09-28T02:52:00Z,1.497865,1.499565,1.495375,1.499565
2026-09-28T02:52:00Z,2026-09-28T02:53:00Z,1.499535,1.500475,1.498355,1.498855
2026-09-28T02:53:00Z,2026-09-28T02:54:00Z,1.498595,1.501285,1.498155,1.499955
2026-09-28T02:54:00Z,2026-09-28T02:55:00Z,1.499845,1.502075,1.499685,1.501615
2026-09-28T02:55:00Z,2026-09-28T02:56:00Z,1.501895,1.502065,1.498995,1.499945
2026-09-28T02:56:00Z,2026-09-28T02:57:00Z,1.500055,1.500865,1.492975,1.494085
2026-09-28T02:57:00Z,2026-09-28T02:58:00Z,1.494345,1.494565,1.491975,1.492745
2026-09-28T02:58:00Z,2026-09-28T02:59:00Z,1.492735,1.492925,1.489345,1.490575
2026-09-28T02:59:00Z,2026-09-28T03:00:00Z,1.490565,1.493535,1.490055,1.493115
2026-09-28T03:00:00Z,2026-09-28T03:01:00Z,1.493215,1.494135,1.492055,1.493625
2026-09-28T03:01:00Z,2026-09-28T03:02:00Z,1.493885,1.494975,1.492025,1.493335
2026-09-28T03:02:00Z,2026-09-28T03:03:00Z,1.493105,1.494155,1.489905,1.489985
2026-09-28T03:03:00Z,2026-09-28T03:04:00Z,1.489925,1.490595,1.485425,1.485795
2026-09-28T03:04:00Z,2026-09-28T03:05:00Z,1.486325,1.487725,1.485585,1.486425
2026-09-28T03:05:00Z,2026-09-28T03:06:00Z,1.486485,1.487385,1.484535,1.484615
2026-09-28T03:06:00Z,2026-09-28T03:07:00Z,1.484655,1.485745,1.482865,1.483035
2026-09-28T03:07:00Z,2026-09-28T03:08:00Z,1.483185,1.485325,1.482675,1.483755
2026-09-28T03:08:00Z,2026-09-28T03:09:00Z,1.483775,1.488545,1.483485,1.487645
2026-09-28T03:09:00Z,2026-09-28T03:10:00Z,1.487755,1.494295,1.487575,1.493595
2026-09-28T03:10:00Z,2026-09-28T03:11:00Z,1.493565,1.496875,1.492565,1.496235
2026-09-28T03:11:00Z,2026-09-28T03:12:00Z,1.496125,1.498265,1.494515,1.495125
2026-09-28T03:12:00Z,2026-09-28T03:13:00Z,1.495105,1.496775,1.494315,1.494495
2026-09-28T03:13:00Z,2026-09-28T03:14:00Z,1.494575,1.496505,1.493855,1.494785
2026-09-28T03:14:00Z,2026-09-28T03:15:00Z,1.494705,1.494705,1.492005,1.492455
2026-09-28T03:15:00Z,2026-09-28T03:16:00Z,1.492385,1.492755,1.489185,1.490255
2026-09-28T03:16:00Z,2026-09-28T03:17:00Z,1.490445,1.492145,1.489965,1.489965
2026-09-28T03:17:00Z,2026-09-28T03:18:00Z,1.489885,1.490365,1.487055,1.487055
2026-09-28T03:18:00Z,2026-09-28T03:19:00Z,1.486915,1.487915,1.484375,1.486425
2026-09-28T03:19:00Z,2026-09-28T03:20:00Z,1.486385,1.489655,1.485665,1.489025
2026-09-28T03:20:00Z,2026-09-28T03:21:00Z,1.489005,1.489515,1.487285,1.489515
2026-09-28T03:21:00Z,2026-09-28T03:22:00Z,1.489945,1.492295,1.489485,1.489735
2026-09-28T03:22:00Z,2026-09-28T03:23:00Z,1.489525,1.491145,1.489255,1.489625
2026-09-28T03:23:00Z,2026-09-28T03:24:00Z,1.489805,1.491565,1.489795,1.490765
2026-09-28T03:24:00Z,2026-09-28T03:25:00Z,1.490725,1.493735,1.490535,1.492895
2026-09-28T03:25:00Z,2026-09-28T03:26:00Z,1.492945,1.494215,1.491165,1.494075
2026-09-28T03:26:00Z,2026-09-28T03:27:00Z,1.493995,1.494975,1.492635,1.493465
2026-09-28T03:27:00Z,2026-09-28T03:28:00Z,1.493715,1.493875,1.491425,1.492155
2026-09-28T03:28:00Z,2026-09-28T03:29:00Z,1.492205,1.494125,1.491115,1.492005
2026-09-28T03:29:00Z,2026-09-28T03:30:00Z,1.491955,1.495535,1.491915,1.494985
2026-09-28T03:30:00Z,2026-09-28T03:31:00Z,1.494995,1.496565,1.493635,1.496555
2026-09-28T03:31:00Z,2026-09-28T03:32:00Z,1.496415,1.497825,1.493985,1.494015
2026-09-28T03:32:00Z,2026-09-28T03:33:00Z,1.494185,1.495205,1.492515,1.495075
2026-09-28T03:33:00Z,2026-09-28T03:34:00Z,1.494955,1.497305,1.494955,1.497025
2026-09-28T03:34:00Z,2026-09-28T03:35:00Z,1.496905,1.497075,1.492595,1.494265
2026-09-28T03:35:00Z,2026-09-28T03:36:00Z,1.494305,1.495375,1.492915,1.494575
2026-09-28T03:36:00Z,2026-09-28T03:37:00Z,1.494615,1.495725,1.492655,1.494605
2026-09-28T03:37:00Z,2026-09-28T03:38:00Z,1.494625,1.495575,1.493465,1.494765
2026-09-28T03:38:00Z,2026-09-28T03:39:00Z,1.494735,1.494745,1.490345,1.491725
2026-09-28T03:39:00Z,2026-09-28T03:40:00Z,1.491755,1.493145,1.490925,1.491955
2026-09-28T03:40:00Z,2026-09-28T03:41:00Z,1.491965,1.491975,1.488775,1.489655
2026-09-28T03:41:00Z,2026-09-28T03:42:00Z,1.489765,1.491925,1.487965,1.491835
2026-09-28T03:42:00Z,2026-09-28T03:43:00Z,1.491705,1.491975,1.490435,1.490445
2026-09-28T03:43:00Z,2026-09-28T03:44:00Z,1.490405,1.492545,1.490405,1.491125
2026-09-28T03:44:00Z,2026-09-28T03:45:00Z,1.490865,1.492295,1.489345,1.492145
2026-09-28T03:45:00Z,2026-09-28T03:46:00Z,1.492095,1.494605,1.490545,1.492205
2026-09-28T03:46:00Z,2026-09-28T03:47:00Z,1.492195,1.492505,1.488005,1.489645
2026-09-28T03:47:00Z,2026-09-28T03:48:00Z,1.489995,1.491195,1.488205,1.488825
2026-09-28T03:48:00Z,2026-09-28T03:49:00Z,1.488955,1.490155,1.487625,1.489225
2026-09-28T03:49:00Z,2026-09-28T03:50:00Z,1.489235,1.489865,1.486625,1.487035
2026-09-28T03:50:00Z,2026-09-28T03:51:00Z,1.487065,1.488685,1.485665,1.488015
2026-09-28T03:51:00Z,2026-09-28T03:52:00Z,1.487925,1.488405,1.486415,1.487245
2026-09-28T03:52:00Z,2026-09-28T03:53:00Z,1.487225,1.487345,1.484835,1.485985
2026-09-28T03:53:00Z,2026-09-28T03:54:00Z,1.485895,1.486095,1.483095,1.483225
2026-09-28T03:54:00Z,2026-09-28T03:55:00Z,1.483415,1.486435,1.482895,1.486135
2026-09-28T03:55:00Z,2026-09-28T03:56:00Z,1.485935,1.485955,1.482455,1.482585
2026-09-28T03:56:00Z,2026-09-28T03:57:00Z,1.482695,1.483995,1.481405,1.481795
2026-09-28T03:57:00Z,2026-09-28T03:58:00Z,1.481815,1.483285,1.480795,1.482815
2026-09-28T03:58:00Z,2026-09-28T03:59:00Z,1.482935,1.485495,1.482205,1.483175
2026-09-28T03:59:00Z,2026-09-28T04:00:00Z,1.483075,1.486935,1.482445,1.486315
2026-09-28T04:00:00Z,2026-09-28T04:01:00Z,1.486395,1.486825,1.483225,1.483395
2026-09-28T04:01:00Z,2026-09-28T04:02:00Z,1.483825,1.484285,1.480055,1.480075
2026-09-28T04:02:00Z,2026-09-28T04:03:00Z,1.480215,1.483645,1.479865,1.483155
2026-09-28T04:03:00Z,2026-09-28T04:04:00Z,1.483125,1.483815,1.481185,1.482335
2026-09-28T04:04:00Z,2026-09-28T04:05:00Z,1.482235,1.483055,1.479495,1.480025
2026-09-28T04:05:00Z,2026-09-28T04:06:00Z,1.479815,1.480925,1.478445,1.478685
2026-09-28T04:06:00Z,2026-09-28T04:07:00Z,1.478495,1.478685,1.476205,1.477495
2026-09-28T04:07:00Z,2026-09-28T04:08:00Z,1.477595,1.479145,1.476245,1.478915
2026-09-28T04:08:00Z,2026-09-28T04:09:00Z,1.478835,1.481855,1.478615,1.479845
2026-09-28T04:09:00Z,2026-09-28T04:10:00Z,1.479885,1.479885,1.475495,1.475925
2026-09-28T04:10:00Z,2026-09-28T04:11:00Z,1.476025,1.476595,1.471695,1.472315
2026-09-28T04:11:00Z,2026-09-28T04:12:00Z,1.472335,1.473515,1.471295,1.471985
2026-09-28T04:12:00Z,2026-09-28T04:13:00Z,1.472005,1.472735,1.470535,1.471705
2026-09-28T04:13:00Z,2026-09-28T04:14:00Z,1.471665,1.473285,1.469995,1.471405
2026-09-28T04:14:00Z,2026-09-28T04:15:00Z,1.471205,1.472215,1.470635,1.470955
2026-09-28T04:15:00Z,2026-09-28T04:16:00Z,1.470875,1.470895,1.465895,1.467345
2026-09-28T04:16:00Z,2026-09-28T04:17:00Z,1.467325,1.469495,1.466275,1.466275
2026-09-28T04:17:00Z,2026-09-28T04:18:00Z,1.465725,1.468245,1.465585,1.466085
2026-09-28T04:18:00Z,2026-09-28T04:19:00Z,1.466055,1.471955,1.466055,1.471955
2026-09-28T04:19:00Z,2026-09-28T04:20:00Z,1.471975,1.473525,1.471395,1.471765
2026-09-28T04:20:00Z,2026-09-28T04:21:00Z,1.471525,1.471845,1.467965,1.471075
2026-09-28T04:21:00Z,2026-09-28T04:22:00Z,1.470515,1.471245,1.469225,1.469555
2026-09-28T04:22:00Z,2026-09-28T04:23:00Z,1.469545,1.470925,1.466955,1.470925
2026-09-28T04:23:00Z,2026-09-28T04:24:00Z,1.471025,1.473555,1.470295,1.472565
2026-09-28T04:24:00Z,2026-09-28T04:25:00Z,1.472725,1.474065,1.472165,1.473145
2026-09-28T04:25:00Z,2026-09-28T04:26:00Z,1.473235,1.477205,1.472835,1.475705
2026-09-28T04:26:00Z,2026-09-28T04:27:00Z,1.475625,1.477955,1.473515,1.477905
2026-09-28T04:27:00Z,2026-09-28T04:28:00Z,1.478055,1.480755,1.478015,1.480025
2026-09-28T04:28:00Z,2026-09-28T04:29:00Z,1.479695,1.482855,1.479325,1.481585
2026-09-28T04:29:00Z,2026-09-28T04:30:00Z,1.481525,1.483495,1.480955,1.483495
2026-09-28T04:30:00Z,2026-09-28T04:31:00Z,1.483595,1.484515,1.481775,1.482445
2026-09-28T04:31:00Z,2026-09-28T04:32:00Z,1.482425,1.485485,1.481625,1.484595
2026-09-28T04:32:00Z,2026-09-28T04:33:00Z,1.484555,1.485755,1.483725,1.485235
2026-09-28T04:33:00Z,2026-09-28T04:34:00Z,1.485405,1.485855,1.481945,1.483065
2026-09-28T04:34:00Z,2026-09-28T04:35:00Z,1.483075,1.484335,1.482475,1.484265
2026-09-28T04:35:00Z,2026-09-28T04:36:00Z,1.484355,1.485495,1.483365,1.485245
2026-09-28T04:36:00Z,2026-09-28T04:37:00Z,1.485235,1.485875,1.483285,1.484335
2026-09-28T04:37:00Z,2026-09-28T04:38:00Z,1.484345,1.485735,1.483565,1.484935
2026-09-28T04:38:00Z,2026-09-28T04:39:00Z,1.484965,1.486145,1.479285,1.479815
2026-09-28T04:39:00Z,2026-09-28T04:40:00Z,1.479835,1.480855,1.475535,1.475565
2026-09-28T04:40:00Z,2026-09-28T04:41:00Z,1.475445,1.477255,1.474925,1.475585
2026-09-28T04:41:00Z,2026-09-28T04:42:00Z,1.475485,1.479135,1.475375,1.476645
2026-09-28T04:42:00Z,2026-09-28T04:43:00Z,1.476795,1.477415,1.473005,1.473005
2026-09-28T04:43:00Z,2026-09-28T04:44:00Z,1.473025,1.475835,1.472845,1.475285
2026-09-28T04:44:00Z,2026-09-28T04:45:00Z,1.475315,1.477395,1.474765,1.476825
2026-09-28T04:45:00Z,2026-09-28T04:46:00Z,1.476655,1.478785,1.476235,1.478785
2026-09-28T04:46:00Z,2026-09-28T04:47:00Z,1.478945,1.480495,1.477685,1.479685
2026-09-28T04:47:00Z,2026-09-28T04:48:00Z,1.479725,1.480785,1.477945,1.478505
2026-09-28T04:48:00Z,2026-09-28T04:49:00Z,1.478445,1.481835,1.477885,1.480975
2026-09-28T04:49:00Z,2026-09-28T04:50:00Z,1.481435,1.486845,1.481355,1.486495
2026-09-28T04:50:00Z,2026-09-28T04:51:00Z,1.486635,1.488075,1.485695,1.488075
2026-09-28T04:51:00Z,2026-09-28T04:52:00Z,1.488125,1.489525,1.486025,1.488365
2026-09-28T04:52:00Z,2026-09-28T04:53:00Z,1.488405,1.489335,1.485555,1.485735
2026-09-28T04:53:00Z,2026-09-28T04:54:00Z,1.485635,1.485635,1.479825,1.480275
2026-09-28T04:54:00Z,2026-09-28T04:55:00Z,1.480285,1.481615,1.479615,1.481245
2026-09-28T04:55:00Z,2026-09-28T04:56:00Z,1.481205,1.481795,1.478635,1.479925
2026-09-28T04:56:00Z,2026-09-28T04:57:00Z,1.480525,1.482255,1.479425,1.479875
2026-09-28T04:57:00Z,2026-09-28T04:58:00Z,1.479825,1.482025,1.478485,1.479835
2026-09-28T04:58:00Z,2026-09-28T04:59:00Z,1.479905,1.480215,1.478035,1.479065
2026-09-28T04:59:00Z,2026-09-28T05:00:00Z,1.478975,1.479385,1.470425,1.472535
2026-09-28T05:00:00Z,2026-09-28T05:01:00Z,1.472545,1.478195,1.472545,1.478105
2026-09-28T05:01:00Z,2026-09-28T05:02:00Z,1.478095,1.479745,1.475645,1.476285
2026-09-28T05:02:00Z,2026-09-28T05:03:00Z,1.476115,1.481485,1.475875,1.480895
2026-09-28T05:03:00Z,2026-09-28T05:04:00Z,1.480875,1.481225,1.478725,1.479015
2026-09-28T05:04:00Z,2026-09-28T05:05:00Z,1.478845,1.481845,1.478685,1.480395
2026-09-28T05:05:00Z,2026-09-28T05:06:00Z,1.480445,1.481345,1.476245,1.476425
2026-09-28T05:06:00Z,2026-09-28T05:07:00Z,1.476565,1.477745,1.472335,1.473015
2026-09-28T05:07:00Z,2026-09-28T05:08:00Z,1.472905,1.477105,1.472035,1.477105
2026-09-28T05:08:00Z,2026-09-28T05:09:00Z,1.477175,1.477945,1.475985,1.476855
2026-09-28T05:09:00Z,2026-09-28T05:10:00Z,1.476735,1.478485,1.475835,1.477515
2026-09-28T05:10:00Z,2026-09-28T05:11:00Z,1.477225,1.479065,1.476525,1.478905
2026-09-28T05:11:00Z,2026-09-28T05:12:00Z,1.479025,1.479195,1.477295,1.478435
2026-09-28T05:12:00Z,2026-09-28T05:13:00Z,1.478545,1.479505,1.477235,1.477385
2026-09-28T05:13:00Z,2026-09-28T05:14:00Z,1.478065,1.478625,1.477375,1.478245
2026-09-28T05:14:00Z,2026-09-28T05:15:00Z,1.478285,1.478355,1.475115,1.477355
2026-09-28T05:15:00Z,2026-09-28T05:16:00Z,1.477305,1.477315,1.472735,1.476025
2026-09-28T05:16:00Z,2026-09-28T05:17:00Z,1.476125,1.477005,1.474125,1.475695
2026-09-28T05:17:00Z,2026-09-28T05:18:00Z,1.475705,1.475995,1.470955,1.471105
2026-09-28T05:18:00Z,2026-09-28T05:19:00Z,1.471135,1.471815,1.470285,1.471575
2026-09-28T05:19:00Z,2026-09-28T05:20:00Z,1.471695,1.471985,1.468115,1.468115
2026-09-28T05:20:00Z,2026-09-28T05:21:00Z,1.468425,1.469575,1.465475,1.469155
2026-09-28T05:21:00Z,2026-09-28T05:22:00Z,1.469215,1.471655,1.468885,1.470455
2026-09-28T05:22:00Z,2026-09-28T05:23:00Z,1.470315,1.472105,1.468015,1.468015
2026-09-28T05:23:00Z,2026-09-28T05:24:00Z,1.468045,1.468145,1.463275,1.463295
2026-09-28T05:24:00Z,2026-09-28T05:25:00Z,1.464035,1.464035,1.458695,1.458695
2026-09-28T05:25:00Z,2026-09-28T05:26:00Z,1.458945,1.463375,1.458945,1.463125
2026-09-28T05:26:00Z,2026-09-28T05:27:00Z,1.463175,1.466945,1.463115,1.466575
2026-09-28T05:27:00Z,2026-09-28T05:28:00Z,1.466395,1.466675,1.463805,1.464375
2026-09-28T05:28:00Z,2026-09-28T05:29:00Z,1.464425,1.464525,1.460585,1.461275
2026-09-28T05:29:00Z,2026-09-28T05:30:00Z,1.460985,1.464695,1.460985,1.464315
2026-09-28T05:30:00Z,2026-09-28T05:31:00Z,1.464335,1.464335,1.461975,1.463165
2026-09-28T05:31:00Z,2026-09-28T05:32:00Z,1.463085,1.463155,1.459715,1.460065
2026-09-28T05:32:00Z,2026-09-28T05:33:00Z,1.459985,1.462515,1.458075,1.458295
2026-09-28T05:33:00Z,2026-09-28T05:34:00Z,1.458305,1.459945,1.457025,1.458355
2026-09-28T05:34:00Z,2026-09-28T05:35:00Z,1.458375,1.463855,1.457705,1.463055
2026-09-28T05:35:00Z,2026-09-28T05:36:00Z,1.463125,1.464915,1.462785,1.464525
2026-09-28T05:36:00Z,2026-09-28T05:37:00Z,1.464505,1.465025,1.461045,1.461165
2026-09-28T05:37:00Z,2026-09-28T05:38:00Z,1.461275,1.461275,1.457795,1.458205
2026-09-28T05:38:00Z,2026-09-28T05:39:00Z,1.458185,1.458185,1.453255,1.453415
2026-09-28T05:39:00Z,2026-09-28T05:40:00Z,1.453495,1.453885,1.452075,1.453035
2026-09-28T05:40:00Z,2026-09-28T05:41:00Z,1.453005,1.455765,1.452595,1.453445
2026-09-28T05:41:00Z,2026-09-28T05:42:00Z,1.453805,1.454395,1.452075,1.453355
2026-09-28T05:42:00Z,2026-09-28T05:43:00Z,1.453345,1.453835,1.450685,1.450915
2026-09-28T05:43:00Z,2026-09-28T05:44:00Z,1.450925,1.451135,1.449215,1.450735
2026-09-28T05:44:00Z,2026-09-28T05:45:00Z,1.451225,1.451715,1.448015,1.448145
2026-09-28T05:45:00Z,2026-09-28T05:46:00Z,1.448245,1.454095,1.447805,1.453825
2026-09-28T05:46:00Z,2026-09-28T05:47:00Z,1.453855,1.454385,1.452385,1.453365
2026-09-28T05:47:00Z,2026-09-28T05:48:00Z,1.453405,1.455015,1.453005,1.454625
2026-09-28T05:48:00Z,2026-09-28T05:49:00Z,1.454535,1.457745,1.454125,1.457735
2026-09-28T05:49:00Z,2026-09-28T05:50:00Z,1.457695,1.459635,1.457425,1.458265
2026-09-28T05:50:00Z,2026-09-28T05:51:00Z,1.458385,1.459095,1.456335,1.458905
2026-09-28T05:51:00Z,2026-09-28T05:52:00Z,1.458865,1.460615,1.458625,1.460275
2026-09-28T05:52:00Z,2026-09-28T05:53:00Z,1.460345,1.462515,1.458725,1.462325
2026-09-28T05:53:00Z,2026-09-28T05:54:00Z,1.462255,1.462255,1.457065,1.458645
2026-09-28T05:54:00Z,2026-09-28T05:55:00Z,1.458415,1.458515,1.453475,1.454875
2026-09-28T05:55:00Z,2026-09-28T05:56:00Z,1.454865,1.455905,1.453565,1.454155
2026-09-28T05:56:00Z,2026-09-28T05:57:00Z,1.454135,1.454135,1.452185,1.452405
2026-09-28T05:57:00Z,2026-09-28T05:58:00Z,1.452505,1.453385,1.450175,1.450855
2026-09-28T05:58:00Z,2026-09-28T05:59:00Z,1.450895,1.450895,1.447425,1.447865
2026-09-28T05:59:00Z,2026-09-28T06:00:00Z,1.447785,1.448465,1.444585,1.446195
2026-09-28T06:00:00Z,2026-09-28T06:01:00Z,1.446205,1.446815,1.443285,1.443285
2026-09-28T06:01:00Z,2026-09-28T06:02:00Z,1.443325,1.443795,1.437305,1.438785
2026-09-28T06:02:00Z,2026-09-28T06:03:00Z,1.438945,1.439875,1.438395,1.439125
2026-09-28T06:03:00Z,2026-09-28T06:04:00Z,1.438855,1.438855,1.433455,1.433455
2026-09-28T06:04:00Z,2026-09-28T06:05:00Z,1.433615,1.436955,1.433415,1.436955
2026-09-28T06:05:00Z,2026-09-28T06:06:00Z,1.436625,1.439055,1.436475,1.438675
2026-09-28T06:06:00Z,2026-09-28T06:07:00Z,1.438655,1.444045,1.436965,1.441395
2026-09-28T06:07:00Z,2026-09-28T06:08:00Z,1.441475,1.442625,1.440495,1.441055
2026-09-28T06:08:00Z,2026-09-28T06:09:00Z,1.440965,1.444195,1.440725,1.442625
2026-09-28T06:09:00Z,2026-09-28T06:10:00Z,1.442645,1.444015,1.441955,1.443885
2026-09-28T06:10:00Z,2026-09-28T06:11:00Z,1.443865,1.448045,1.443615,1.447155
2026-09-28T06:11:00Z,2026-09-28T06:12:00Z,1.447145,1.448805,1.446525,1.448125
2026-09-28T06:12:00Z,2026-09-28T06:13:00Z,1.448135,1.448365,1.446285,1.446835
2026-09-28T06:13:00Z,2026-09-28T06:14:00Z,1.446845,1.447605,1.446015,1.446215
2026-09-28T06:14:00Z,2026-09-28T06:15:00Z,1.446265,1.448985,1.445895,1.445895
2026-09-28T06:15:00Z,2026-09-28T06:16:00Z,1.445815,1.447405,1.445195,1.446135
2026-09-28T06:16:00Z,2026-09-28T06:17:00Z,1.446335,1.447025,1.445235,1.446435
2026-09-28T06:17:00Z,2026-09-28T06:18:00Z,1.446425,1.446625,1.444875,1.444975
2026-09-28T06:18:00Z,2026-09-28T06:19:00Z,1.445255,1.445435,1.438765,1.439595
2026-09-28T06:19:00Z,2026-09-28T06:20:00Z,1.439635,1.439885,1.437455,1.438665
2026-09-28T06:20:00Z,2026-09-28T06:21:00Z,1.438705,1.444165,1.438645,1.443355
2026-09-28T06:21:00Z,2026-09-28T06:22:00Z,1.443405,1.445805,1.442885,1.444025
2026-09-28T06:22:00Z,2026-09-28T06:23:00Z,1.444015,1.446555,1.443785,1.445945
2026-09-28T06:23:00Z,2026-09-28T06:24:00Z,1.445455,1.446505,1.444765,1.444765
2026-09-28T06:24:00Z,2026-09-28T06:25:00Z,1.444835,1.447405,1.443075,1.443785
2026-09-28T06:25:00Z,2026-09-28T06:26:00Z,1.443525,1.447755,1.442485,1.447665
2026-09-28T06:26:00Z,2026-09-28T06:27:00Z,1.447705,1.449845,1.446495,1.447685
2026-09-28T06:27:00Z,2026-09-28T06:28:00Z,1.447635,1.449155,1.444665,1.444875
2026-09-28T06:28:00Z,2026-09-28T06:29:00Z,1.444825,1.446675,1.443705,1.446125
2026-09-28T06:29:00Z,2026-09-28T06:30:00Z,1.446085,1.449955,1.445325,1.449745
2026-09-28T06:30:00Z,2026-09-28T06:31:00Z,1.449495,1.450825,1.448645,1.448645
2026-09-28T06:31:00Z,2026-09-28T06:32:00Z,1.448905,1.449715,1.447345,1.447345
2026-09-28T06:32:00Z,2026-09-28T06:33:00Z,1.447655,1.448615,1.445525,1.446075
2026-09-28T06:33:00Z,2026-09-28T06:34:00Z,1.446085,1.448265,1.445985,1.446245
2026-09-28T06:34:00Z,2026-09-28T06:35:00Z,1.446495,1.447535,1.445695,1.446005
2026-09-28T06:35:00Z,2026-09-28T06:36:00Z,1.446045,1.446625,1.439525,1.439545
2026-09-28T06:36:00Z,2026-09-28T06:37:00Z,1.439525,1.440645,1.438705,1.440595
2026-09-28T06:37:00Z,2026-09-28T06:38:00Z,1.440565,1.442195,1.440245,1.441125
2026-09-28T06:38:00Z,2026-09-28T06:39:00Z,1.441115,1.442695,1.440025,1.440025
2026-09-28T06:39:00Z,2026-09-28T06:40:00Z,1.439865,1.442795,1.439855,1.441975
2026-09-28T06:40:00Z,2026-09-28T06:41:00Z,1.442325,1.444405,1.441635,1.442535
2026-09-28T06:41:00Z,2026-09-28T06:42:00Z,1.442405,1.446245,1.441935,1.443165
2026-09-28T06:42:00Z,2026-09-28T06:43:00Z,1.443225,1.448685,1.443095,1.445855
2026-09-28T06:43:00Z,2026-09-28T06:44:00Z,1.445875,1.448385,1.444755,1.447535
2026-09-28T06:44:00Z,2026-09-28T06:45:00Z,1.447425,1.448945,1.446745,1.447565
2026-09-28T06:45:00Z,2026-09-28T06:46:00Z,1.447525,1.447965,1.445265,1.446275
2026-09-28T06:46:00Z,2026-09-28T06:47:00Z,1.446155,1.448665,1.445825,1.445905
2026-09-28T06:47:00Z,2026-09-28T06:48:00Z,1.445715,1.446315,1.443005,1.445115
2026-09-28T06:48:00Z,2026-09-28T06:49:00Z,1.445055,1.447425,1.443645,1.443705
2026-09-28T06:49:00Z,2026-09-28T06:50:00Z,1.443645,1.443945,1.441205,1.442115
2026-09-28T06:50:00Z,2026-09-28T06:51:00Z,1.441975,1.442295,1.439895,1.441375
2026-09-28T06:51:00Z,2026-09-28T06:52:00Z,1.441235,1.442085,1.438045,1.438905
2026-09-28T06:52:00Z,2026-09-28T06:53:00Z,1.438935,1.440625,1.438615,1.439325
2026-09-28T06:53:00Z,2026-09-28T06:54:00Z,1.439285,1.439645,1.436825,1.437205
2026-09-28T06:54:00Z,2026-09-28T06:55:00Z,1.437195,1.438335,1.436065,1.436355
2026-09-28T06:55:00Z,2026-09-28T06:56:00Z,1.436535,1.441365,1.436535,1.440765
2026-09-28T06:56:00Z,2026-09-28T06:57:00Z,1.440845,1.443085,1.439495,1.439855
2026-09-28T06:57:00Z,2026-09-28T06:58:00Z,1.439775,1.441415,1.437635,1.439245
2026-09-28T06:58:00Z,2026-09-28T06:59:00Z,1.439415,1.439895,1.437325,1.438335
2026-09-28T06:59:00Z,2026-09-28T07:00:00Z,1.438045,1.439645,1.437985,1.438605
2026-09-28T07:00:00Z,2026-09-28T07:01:00Z,1.438595,1.439795,1.436965,1.437485
2026-09-28T07:01:00Z,2026-09-28T07:02:00Z,1.437505,1.437665,1.434645,1.435255
2026-09-28T07:02:00Z,2026-09-28T07:03:00Z,1.435205,1.438435,1.435095,1.438195
2026-09-28T07:03:00Z,2026-09-28T07:04:00Z,1.438125,1.438125,1.433455,1.435235
2026-09-28T07:04:00Z,2026-09-28T07:05:00Z,1.435215,1.436365,1.434565,1.435705
2026-09-28T07:05:00Z,2026-09-28T07:06:00Z,1.435845,1.436005,1.432085,1.432285
2026-09-28T07:06:00Z,2026-09-28T07:07:00Z,1.432455,1.432845,1.430075,1.430215
2026-09-28T07:07:00Z,2026-09-28T07:08:00Z,1.430135,1.430395,1.427565,1.427565
2026-09-28T07:08:00Z,2026-09-28T07:09:00Z,1.427615,1.429865,1.426305,1.426305
2026-09-28T07:09:00Z,2026-09-28T07:10:00Z,1.426105,1.426695,1.421695,1.422185
2026-09-28T07:10:00Z,2026-09-28T07:11:00Z,1.422235,1.426285,1.421775,1.424275
2026-09-28T07:11:00Z,2026-09-28T07:12:00Z,1.424035,1.427485,1.423345,1.424205
2026-09-28T07:12:00Z,2026-09-28T07:13:00Z,1.424295,1.425795,1.423125,1.423305
2026-09-28T07:13:00Z,2026-09-28T07:14:00Z,1.423825,1.426605,1.423325,1.425835
2026-09-28T07:14:00Z,2026-09-28T07:15:00Z,1.425855,1.429125,1.425255,1.427905
2026-09-28T07:15:00Z,2026-09-28T07:16:00Z,1.427915,1.427915,1.422815,1.423145
2026-09-28T07:16:00Z,2026-09-28T07:17:00Z,1.423005,1.425575,1.422695,1.424985
2026-09-28T07:17:00Z,2026-09-28T07:18:00Z,1.425015,1.426775,1.424635,1.426065
2026-09-28T07:18:00Z,2026-09-28T07:19:00Z,1.426185,1.427655,1.425285,1.427155
2026-09-28T07:19:00Z,2026-09-28T07:20:00Z,1.427215,1.428905,1.425135,1.425385
2026-09-28T07:20:00Z,2026-09-28T07:21:00Z,1.425425,1.426795,1.425105,1.426735
2026-09-28T07:21:00Z,2026-09-28T07:22:00Z,1.426705,1.427935,1.423425,1.426265
2026-09-28T07:22:00Z,2026-09-28T07:23:00Z,1.426145,1.427065,1.423545,1.423785
2026-09-28T07:23:00Z,2026-09-28T07:24:00Z,1.423775,1.423775,1.421285,1.422405
2026-09-28T07:24:00Z,2026-09-28T07:25:00Z,1.422435,1.425875,1.422265,1.424925
2026-09-28T07:25:00Z,2026-09-28T07:26:00Z,1.425015,1.426465,1.423625,1.424655
2026-09-28T07:26:00Z,2026-09-28T07:27:00Z,1.424825,1.425655,1.423565,1.424955
2026-09-28T07:27:00Z,2026-09-28T07:28:00Z,1.424965,1.426365,1.424565,1.425765
2026-09-28T07:28:00Z,2026-09-28T07:29:00Z,1.425775,1.427315,1.424615,1.425085
2026-09-28T07:29:00Z,2026-09-28T07:30:00Z,1.425005,1.425525,1.422085,1.425325
2026-09-28T07:30:00Z,2026-09-28T07:31:00Z,1.425395,1.425975,1.422495,1.423835
2026-09-28T07:31:00Z,2026-09-28T07:32:00Z,1.423845,1.426195,1.422735,1.425415
2026-09-28T07:32:00Z,2026-09-28T07:33:00Z,1.425275,1.426145,1.422835,1.423035
2026-09-28T07:33:00Z,2026-09-28T07:34:00Z,1.423025,1.425475,1.422955,1.425425
2026-09-28T07:34:00Z,2026-09-28T07:35:00Z,1.425205,1.425635,1.424015,1.424625
2026-09-28T07:35:00Z,2026-09-28T07:36:00Z,1.424995,1.429645,1.424895,1.429595
2026-09-28T07:36:00Z,2026-09-28T07:37:00Z,1.429675,1.431205,1.428225,1.429465
2026-09-28T07:37:00Z,2026-09-28T07:38:00Z,1.429455,1.430195,1.427865,1.428255
2026-09-28T07:38:00Z,2026-09-28T07:39:00Z,1.428235,1.431855,1.428155,1.431175
2026-09-28T07:39:00Z,2026-09-28T07:40:00Z,1.431155,1.435545,1.431155,1.435235
2026-09-28T07:40:00Z,2026-09-28T07:41:00Z,1.435155,1.437065,1.434005,1.434005
2026-09-28T07:41:00Z,2026-09-28T07:42:00Z,1.433995,1.435105,1.432875,1.433235
2026-09-28T07:42:00Z,2026-09-28T07:43:00Z,1.433185,1.434355,1.432225,1.432335
2026-09-28T07:43:00Z,2026-09-28T07:44:00Z,1.432385,1.436845,1.432385,1.436655
2026-09-28T07:44:00Z,2026-09-28T07:45:00Z,1.436595,1.437475,1.435505,1.437015
2026-09-28T07:45:00Z,2026-09-28T07:46:00Z,1.436975,1.437095,1.431865,1.434305
2026-09-28T07:46:00Z,2026-09-28T07:47:00Z,1.434135,1.436415,1.433935,1.436025
2026-09-28T07:47:00Z,2026-09-28T07:48:00Z,1.435965,1.440175,1.435965,1.440075
2026-09-28T07:48:00Z,2026-09-28T07:49:00Z,1.440065,1.447505,1.438295,1.447155
2026-09-28T07:49:00Z,2026-09-28T07:50:00Z,1.447115,1.450375,1.446605,1.448015
2026-09-28T07:50:00Z,2026-09-28T07:51:00Z,1.448215,1.448495,1.444985,1.447475
2026-09-28T07:51:00Z,2026-09-28T07:52:00Z,1.447335,1.451525,1.447335,1.448795
2026-09-28T07:52:00Z,2026-09-28T07:53:00Z,1.448805,1.449745,1.446275,1.446895
2026-09-28T07:53:00Z,2026-09-28T07:54:00Z,1.446645,1.448065,1.445615,1.445615
2026-09-28T07:54:00Z,2026-09-28T07:55:00Z,1.445885,1.446265,1.442515,1.442805
2026-09-28T07:55:00Z,2026-09-28T07:56:00Z,1.442835,1.443775,1.441425,1.442225
2026-09-28T07:56:00Z,2026-09-28T07:57:00Z,1.441965,1.444555,1.441385,1.443765
2026-09-28T07:57:00Z,2026-09-28T07:58:00Z,1.443865,1.444405,1.439875,1.439875
2026-09-28T07:58:00Z,2026-09-28T07:59:00Z,1.439895,1.439895,1.437595,1.438505
2026-09-28T07:59:00Z,2026-09-28T08:00:00Z,1.438465,1.438465,1.434755,1.435255
2026-09-28T08:00:00Z,2026-09-28T08:01:00Z,1.435205,1.435475,1.429825,1.430465
2026-09-28T08:01:00Z,2026-09-28T08:02:00Z,1.430475,1.431015,1.427995,1.428355
2026-09-28T08:02:00Z,2026-09-28T08:03:00Z,1.428235,1.429555,1.427265,1.429115
2026-09-28T08:03:00Z,2026-09-28T08:04:00Z,1.429095,1.434335,1.428885,1.434095
2026-09-28T08:04:00Z,2026-09-28T08:05:00Z,1.434045,1.435705,1.433785,1.434585
2026-09-28T08:05:00Z,2026-09-28T08:06:00Z,1.434455,1.435315,1.432825,1.434125
2026-09-28T08:06:00Z,2026-09-28T08:07:00Z,1.434105,1.436555,1.433855,1.435145
2026-09-28T08:07:00Z,2026-09-28T08:08:00Z,1.435125,1.438885,1.434645,1.436905
2026-09-28T08:08:00Z,2026-09-28T08:09:00Z,1.436925,1.436925,1.435145,1.436435
2026-09-28T08:09:00Z,2026-09-28T08:10:00Z,1.436345,1.437205,1.434495,1.436375
2026-09-28T08:10:00Z,2026-09-28T08:11:00Z,1.436435,1.438025,1.435505,1.437355
2026-09-28T08:11:00Z,2026-09-28T08:12:00Z,1.437415,1.438255,1.434315,1.435465
2026-09-28T08:12:00Z,2026-09-28T08:13:00Z,1.435345,1.436085,1.432515,1.434985
2026-09-28T08:13:00Z,2026-09-28T08:14:00Z,1.434955,1.435245,1.432385,1.433925
2026-09-28T08:14:00Z,2026-09-28T08:15:00Z,1.433625,1.436925,1.433625,1.435345
2026-09-28T08:15:00Z,2026-09-28T08:16:00Z,1.435305,1.439095,1.434345,1.438915
2026-09-28T08:16:00Z,2026-09-28T08:17:00Z,1.439295,1.441635,1.437395,1.438385
2026-09-28T08:17:00Z,2026-09-28T08:18:00Z,1.438425,1.442335,1.438105,1.442335
2026-09-28T08:18:00Z,2026-09-28T08:19:00Z,1.442345,1.443485,1.441765,1.442695
2026-09-28T08:19:00Z,2026-09-28T08:20:00Z,1.442795,1.445595,1.442235,1.445325
2026-09-28T08:20:00Z,2026-09-28T08:21:00Z,1.444945,1.449825,1.443865,1.449555
2026-09-28T08:21:00Z,2026-09-28T08:22:00Z,1.449615,1.454995,1.449205,1.454995
2026-09-28T08:22:00Z,2026-09-28T08:23:00Z,1.455115,1.458235,1.454435,1.456475
2026-09-28T08:23:00Z,2026-09-28T08:24:00Z,1.456395,1.457835,1.454655,1.457175
2026-09-28T08:24:00Z,2026-09-28T08:25:00Z,1.456925,1.458315,1.455405,1.456755
2026-09-28T08:25:00Z,2026-09-28T08:26:00Z,1.456775,1.459255,1.456615,1.458385
2026-09-28T08:26:00Z,2026-09-28T08:27:00Z,1.458185,1.460085,1.457325,1.457655
2026-09-28T08:27:00Z,2026-09-28T08:28:00Z,1.457715,1.458135,1.456055,1.457455
2026-09-28T08:28:00Z,2026-09-28T08:29:00Z,1.457485,1.459295,1.455915,1.456065
2026-09-28T08:29:00Z,2026-09-28T08:30:00Z,1.456015,1.456135,1.450085,1.450085
2026-09-28T08:30:00Z,2026-09-28T08:31:00Z,1.450175,1.450645,1.445115,1.445295
2026-09-28T08:31:00Z,2026-09-28T08:32:00Z,1.445355,1.451315,1.445305,1.451125
2026-09-28T08:32:00Z,2026-09-28T08:33:00Z,1.450695,1.452465,1.449545,1.450995
2026-09-28T08:33:00Z,2026-09-28T08:34:00Z,1.451045,1.452975,1.451045,1.452045
2026-09-28T08:34:00Z,2026-09-28T08:35:00Z,1.452035,1.454585,1.451375,1.453075
2026-09-28T08:35:00Z,2026-09-28T08:36:00Z,1.453185,1.454575,1.450725,1.451035
2026-09-28T08:36:00Z,2026-09-28T08:37:00Z,1.450945,1.452475,1.450105,1.452445
2026-09-28T08:37:00Z,2026-09-28T08:38:00Z,1.452405,1.452405,1.447745,1.448355
2026-09-28T08:38:00Z,2026-09-28T08:39:00Z,1.448285,1.452155,1.447665,1.450885
2026-09-28T08:39:00Z,2026-09-28T08:40:00Z,1.450905,1.450905,1.448605,1.450175
2026-09-28T08:40:00Z,2026-09-28T08:41:00Z,1.450595,1.451705,1.449795,1.450325
2026-09-28T08:41:00Z,2026-09-28T08:42:00Z,1.450315,1.451665,1.449515,1.451185
2026-09-28T08:42:00Z,2026-09-28T08:43:00Z,1.451185,1.451245,1.447465,1.447825
2026-09-28T08:43:00Z,2026-09-28T08:44:00Z,1.447935,1.449845,1.447425,1.448975
2026-09-28T08:44:00Z,2026-09-28T08:45:00Z,1.449145,1.449925,1.447035,1.449895
2026-09-28T08:45:00Z,2026-09-28T08:46:00Z,1.450125,1.453985,1.450115,1.451665
2026-09-28T08:46:00Z,2026-09-28T08:47:00Z,1.451585,1.452665,1.450345,1.450345
2026-09-28T08:47:00Z,2026-09-28T08:48:00Z,1.450395,1.451565,1.447295,1.447435
2026-09-28T08:48:00Z,2026-09-28T08:49:00Z,1.447335,1.450775,1.447335,1.449915
2026-09-28T08:49:00Z,2026-09-28T08:50:00Z,1.449935,1.451455,1.448385,1.450775
2026-09-28T08:50:00Z,2026-09-28T08:51:00Z,1.450735,1.451715,1.449145,1.451645
2026-09-28T08:51:00Z,2026-09-28T08:52:00Z,1.451465,1.452115,1.447835,1.447835
2026-09-28T08:52:00Z,2026-09-28T08:53:00Z,1.448175,1.449285,1.446435,1.447455
2026-09-28T08:53:00Z,2026-09-28T08:54:00Z,1.447465,1.451835,1.447195,1.451665
2026-09-28T08:54:00Z,2026-09-28T08:55:00Z,1.451465,1.451605,1.446325,1.447065
2026-09-28T08:55:00Z,2026-09-28T08:56:00Z,1.447105,1.447125,1.441485,1.441595
2026-09-28T08:56:00Z,2026-09-28T08:57:00Z,1.441645,1.442285,1.440295,1.440935
2026-09-28T08:57:00Z,2026-09-28T08:58:00Z,1.440855,1.441045,1.437145,1.438395
2026-09-28T08:58:00Z,2026-09-28T08:59:00Z,1.438385,1.440335,1.437015,1.437035
2026-09-28T08:59:00Z,2026-09-28T09:00:00Z,1.436995,1.438705,1.434825,1.437405
2026-09-28T09:00:00Z,2026-09-28T09:01:00Z,1.437415,1.439035,1.436995,1.436995
2026-09-28T09:01:00Z,2026-09-28T09:02:00Z,1.436745,1.438655,1.435685,1.438355
2026-09-28T09:02:00Z,2026-09-28T09:03:00Z,1.438435,1.442705,1.437555,1.441615
2026-09-28T09:03:00Z,2026-09-28T09:04:00Z,1.441675,1.441785,1.439355,1.439755
2026-09-28T09:04:00Z,2026-09-28T09:05:00Z,1.439875,1.440295,1.436085,1.436095
2026-09-28T09:05:00Z,2026-09-28T09:06:00Z,1.436075,1.436435,1.434275,1.435875
2026-09-28T09:06:00Z,2026-09-28T09:07:00Z,1.435735,1.437555,1.434385,1.436375
2026-09-28T09:07:00Z,2026-09-28T09:08:00Z,1.436265,1.436435,1.433735,1.434655
2026-09-28T09:08:00Z,2026-09-28T09:09:00Z,1.434595,1.436375,1.434465,1.435725
2026-09-28T09:09:00Z,2026-09-28T09:10:00Z,1.435585,1.437625,1.435495,1.435995
2026-09-28T09:10:00Z,2026-09-28T09:11:00Z,1.436115,1.437215,1.435415,1.435885
2026-09-28T09:11:00Z,2026-09-28T09:12:00Z,1.435985,1.437195,1.435025,1.436615
2026-09-28T09:12:00Z,2026-09-28T09:13:00Z,1.436665,1.437035,1.434195,1.434605
2026-09-28T09:13:00Z,2026-09-28T09:14:00Z,1.434725,1.435055,1.432865,1.433405
2026-09-28T09:14:00Z,2026-09-28T09:15:00Z,1.433375,1.434815,1.432355,1.433695
2026-09-28T09:15:00Z,2026-09-28T09:16:00Z,1.434035,1.438155,1.433345,1.434095
2026-09-28T09:16:00Z,2026-09-28T09:17:00Z,1.434085,1.437705,1.432665,1.432665
2026-09-28T09:17:00Z,2026-09-28T09:18:00Z,1.432395,1.436865,1.432125,1.436865
2026-09-28T09:18:00Z,2026-09-28T09:19:00Z,1.436685,1.437145,1.434515,1.434595
2026-09-28T09:19:00Z,2026-09-28T09:20:00Z,1.434585,1.435475,1.432675,1.432845
2026-09-28T09:20:00Z,2026-09-28T09:21:00Z,1.432715,1.439325,1.432715,1.439085
2026-09-28T09:21:00Z,2026-09-28T09:22:00Z,1.439135,1.439135,1.436835,1.437585
2026-09-28T09:22:00Z,2026-09-28T09:23:00Z,1.437555,1.442175,1.437015,1.441605
2026-09-28T09:23:00Z,2026-09-28T09:24:00Z,1.441555,1.441555,1.434135,1.434535
2026-09-28T09:24:00Z,2026-09-28T09:25:00Z,1.434385,1.441435,1.434385,1.440665
2026-09-28T09:25:00Z,2026-09-28T09:26:00Z,1.440545,1.440595,1.431735,1.432745
2026-09-28T09:26:00Z,2026-09-28T09:27:00Z,1.432635,1.433885,1.432155,1.433465
2026-09-28T09:27:00Z,2026-09-28T09:28:00Z,1.433445,1.434535,1.430545,1.430855
2026-09-28T09:28:00Z,2026-09-28T09:29:00Z,1.430845,1.431665,1.427765,1.429265
2026-09-28T09:29:00Z,2026-09-28T09:30:00Z,1.429115,1.431585,1.428925,1.431075
2026-09-28T09:30:00Z,2026-09-28T09:31:00Z,1.430865,1.432295,1.429815,1.430545
2026-09-28T09:31:00Z,2026-09-28T09:32:00Z,1.430325,1.431295,1.428775,1.429855
2026-09-28T09:32:00Z,2026-09-28T09:33:00Z,1.429895,1.429895,1.425695,1.426895
2026-09-28T09:33:00Z,2026-09-28T09:34:00Z,1.427015,1.430945,1.425675,1.429255
2026-09-28T09:34:00Z,2026-09-28T09:35:00Z,1.429325,1.430635,1.427405,1.428345
2026-09-28T09:35:00Z,2026-09-28T09:36:00Z,1.428335,1.428475,1.427065,1.427865
2026-09-28T09:36:00Z,2026-09-28T09:37:00Z,1.427835,1.428555,1.425055,1.425755
2026-09-28T09:37:00Z,2026-09-28T09:38:00Z,1.425765,1.425825,1.420965,1.420965
2026-09-28T09:38:00Z,2026-09-28T09:39:00Z,1.420985,1.421085,1.418515,1.420325
2026-09-28T09:39:00Z,2026-09-28T09:40:00Z,1.420555,1.420555,1.416155,1.418085
2026-09-28T09:40:00Z,2026-09-28T09:41:00Z,1.418145,1.422715,1.417715,1.422715
2026-09-28T09:41:00Z,2026-09-28T09:42:00Z,1.422745,1.423205,1.416135,1.417465
2026-09-28T09:42:00Z,2026-09-28T09:43:00Z,1.417555,1.418175,1.414805,1.415375
2026-09-28T09:43:00Z,2026-09-28T09:44:00Z,1.415615,1.415905,1.413995,1.414825
2026-09-28T09:44:00Z,2026-09-28T09:45:00Z,1.414905,1.419285,1.413255,1.418245
2026-09-28T09:45:00Z,2026-09-28T09:46:00Z,1.418195,1.420605,1.417715,1.419815
2026-09-28T09:46:00Z,2026-09-28T09:47:00Z,1.419675,1.419675,1.415505,1.416315
2026-09-28T09:47:00Z,2026-09-28T09:48:00Z,1.416355,1.417775,1.414775,1.414855
2026-09-28T09:48:00Z,2026-09-28T09:49:00Z,1.414925,1.415625,1.413875,1.414855
2026-09-28T09:49:00Z,2026-09-28T09:50:00Z,1.414875,1.415615,1.412705,1.415575
2026-09-28T09:50:00Z,2026-09-28T09:51:00Z,1.415595,1.415595,1.413605,1.414185
2026-09-28T09:51:00Z,2026-09-28T09:52:00Z,1.414175,1.415985,1.414065,1.415985
2026-09-28T09:52:00Z,2026-09-28T09:53:00Z,1.416055,1.418505,1.416055,1.418135
2026-09-28T09:53:00Z,2026-09-28T09:54:00Z,1.418185,1.420185,1.417825,1.420115
2026-09-28T09:54:00Z,2026-09-28T09:55:00Z,1.420275,1.424375,1.420275,1.424035
2026-09-28T09:55:00Z,2026-09-28T09:56:00Z,1.424195,1.424275,1.421555,1.421865
2026-09-28T09:56:00Z,2026-09-28T09:57:00Z,1.421885,1.424145,1.419835,1.423955
2026-09-28T09:57:00Z,2026-09-28T09:58:00Z,1.424025,1.425605,1.423215,1.425435
2026-09-28T09:58:00Z,2026-09-28T09:59:00Z,1.425365,1.427345,1.423595,1.425385
2026-09-28T09:59:00Z,2026-09-28T10:00:00Z,1.425465,1.425475,1.419505,1.422175
2026-09-28T10:00:00Z,2026-09-28T10:01:00Z,1.422155,1.424605,1.421155,1.424605
2026-09-28T10:01:00Z,2026-09-28T10:02:00Z,1.424675,1.425135,1.423665,1.423665
2026-09-28T10:02:00Z,2026-09-28T10:03:00Z,1.423845,1.426055,1.423295,1.425555
2026-09-28T10:03:00Z,2026-09-28T10:04:00Z,1.425625,1.426235,1.424125,1.425065
2026-09-28T10:04:00Z,2026-09-28T10:05:00Z,1.425135,1.426505,1.423445,1.424455
2026-09-28T10:05:00Z,2026-09-28T10:06:00Z,1.424485,1.424665,1.421955,1.422965
2026-09-28T10:06:00Z,2026-09-28T10:07:00Z,1.422935,1.424965,1.421535,1.421615
2026-09-28T10:07:00Z,2026-09-28T10:08:00Z,1.421645,1.424055,1.421395,1.422755
2026-09-28T10:08:00Z,2026-09-28T10:09:00Z,1.422525,1.427375,1.422455,1.426925
2026-09-28T10:09:00Z,2026-09-28T10:10:00Z,1.426815,1.427355,1.422825,1.423665
2026-09-28T10:10:00Z,2026-09-28T10:11:00Z,1.423545,1.424695,1.421705,1.421705
2026-09-28T10:11:00Z,2026-09-28T10:12:00Z,1.421605,1.423585,1.421355,1.423375
2026-09-28T10:12:00Z,2026-09-28T10:13:00Z,1.423335,1.426055,1.423185,1.423605
2026-09-28T10:13:00Z,2026-09-28T10:14:00Z,1.423475,1.429995,1.422985,1.429555
2026-09-28T10:14:00Z,2026-09-28T10:15:00Z,1.429585,1.431335,1.428175,1.431115
2026-09-28T10:15:00Z,2026-09-28T10:16:00Z,1.430905,1.431945,1.429335,1.430815
2026-09-28T10:16:00Z,2026-09-28T10:17:00Z,1.430675,1.431035,1.427065,1.427585
2026-09-28T10:17:00Z,2026-09-28T10:18:00Z,1.428045,1.429885,1.427095,1.427355
2026-09-28T10:18:00Z,2026-09-28T10:19:00Z,1.427385,1.427455,1.425335,1.426575
2026-09-28T10:19:00Z,2026-09-28T10:20:00Z,1.426535,1.426585,1.423965,1.424465
2026-09-28T10:20:00Z,2026-09-28T10:21:00Z,1.424555,1.427005,1.424365,1.425675
2026-09-28T10:21:00Z,2026-09-28T10:22:00Z,1.425465,1.426855,1.423325,1.426355
2026-09-28T10:22:00Z,2026-09-28T10:23:00Z,1.426265,1.428625,1.424945,1.425865
2026-09-28T10:23:00Z,2026-09-28T10:24:00Z,1.425845,1.427495,1.425345,1.426255
2026-09-28T10:24:00Z,2026-09-28T10:25:00Z,1.426235,1.427475,1.426035,1.426385
2026-09-28T10:25:00Z,2026-09-28T10:26:00Z,1.426495,1.427765,1.424665,1.425145
2026-09-28T10:26:00Z,2026-09-28T10:27:00Z,1.425095,1.429255,1.424405,1.429255
2026-09-28T10:27:00Z,2026-09-28T10:28:00Z,1.429235,1.431965,1.426045,1.431185
2026-09-28T10:28:00Z,2026-09-28T10:29:00Z,1.431225,1.434365,1.430725,1.433245
2026-09-28T10:29:00Z,2026-09-28T10:30:00Z,1.433165,1.435615,1.432375,1.432405
2026-09-28T10:30:00Z,2026-09-28T10:31:00Z,1.432455,1.434745,1.431785,1.433905
2026-09-28T10:31:00Z,2026-09-28T10:32:00Z,1.433665,1.433825,1.429585,1.430045
2026-09-28T10:32:00Z,2026-09-28T10:33:00Z,1.429965,1.432245,1.429015,1.432125
2026-09-28T10:33:00Z,2026-09-28T10:34:00Z,1.431975,1.431995,1.427595,1.427715
2026-09-28T10:34:00Z,2026-09-28T10:35:00Z,1.427775,1.429875,1.427545,1.428435
2026-09-28T10:35:00Z,2026-09-28T10:36:00Z,1.428505,1.429665,1.427445,1.429435
2026-09-28T10:36:00Z,2026-09-28T10:37:00Z,1.429605,1.429745,1.427475,1.429275
2026-09-28T10:37:00Z,2026-09-28T10:38:00Z,1.429335,1.429505,1.424615,1.426225
2026-09-28T10:38:00Z,2026-09-28T10:39:00Z,1.426205,1.429235,1.425825,1.428535
2026-09-28T10:39:00Z,2026-09-28T10:40:00Z,1.428595,1.429895,1.427615,1.429575
2026-09-28T10:40:00Z,2026-09-28T10:41:00Z,1.429585,1.429765,1.426845,1.427485
2026-09-28T10:41:00Z,2026-09-28T10:42:00Z,1.427415,1.427695,1.425155,1.426335
2026-09-28T10:42:00Z,2026-09-28T10:43:00Z,1.426325,1.430785,1.426085,1.430785
2026-09-28T10:43:00Z,2026-09-28T10:44:00Z,1.430925,1.439585,1.429315,1.439585
2026-09-28T10:44:00Z,2026-09-28T10:45:00Z,1.439595,1.442335,1.439535,1.442085
2026-09-28T10:45:00Z,2026-09-28T10:46:00Z,1.441985,1.443775,1.441805,1.441895
2026-09-28T10:46:00Z,2026-09-28T10:47:00Z,1.441885,1.442535,1.439755,1.440555
2026-09-28T10:47:00Z,2026-09-28T10:48:00Z,1.440775,1.441045,1.438215,1.439185
2026-09-28T10:48:00Z,2026-09-28T10:49:00Z,1.439315,1.440535,1.438015,1.440435
2026-09-28T10:49:00Z,2026-09-28T10:50:00Z,1.440495,1.444085,1.440465,1.444085
2026-09-28T10:50:00Z,2026-09-28T10:51:00Z,1.444075,1.444725,1.441085,1.441825
2026-09-28T10:51:00Z,2026-09-28T10:52:00Z,1.441775,1.442545,1.439155,1.442185
2026-09-28T10:52:00Z,2026-09-28T10:53:00Z,1.441845,1.442805,1.439865,1.441325
2026-09-28T10:53:00Z,2026-09-28T10:54:00Z,1.441355,1.441665,1.437505,1.438865
2026-09-28T10:54:00Z,2026-09-28T10:55:00Z,1.438965,1.440845,1.437935,1.438435
2026-09-28T10:55:00Z,2026-09-28T10:56:00Z,1.438285,1.439295,1.436605,1.437435
2026-09-28T10:56:00Z,2026-09-28T10:57:00Z,1.437545,1.440985,1.437545,1.440285
2026-09-28T10:57:00Z,2026-09-28T10:58:00Z,1.440245,1.440255,1.438385,1.438485
2026-09-28T10:58:00Z,2026-09-28T10:59:00Z,1.438535,1.439265,1.431555,1.431785
2026-09-28T10:59:00Z,2026-09-28T11:00:00Z,1.431665,1.432315,1.429985,1.430175
2026-09-28T11:00:00Z,2026-09-28T11:01:00Z,1.430145,1.431805,1.429795,1.431475
2026-09-28T11:01:00Z,2026-09-28T11:02:00Z,1.431465,1.432625,1.430715,1.432165
2026-09-28T11:02:00Z,2026-09-28T11:03:00Z,1.432115,1.433835,1.430075,1.430355
2026-09-28T11:03:00Z,2026-09-28T11:04:00Z,1.430465,1.430465,1.426665,1.427515
2026-09-28T11:04:00Z,2026-09-28T11:05:00Z,1.427425,1.429055,1.426285,1.429055
2026-09-28T11:05:00Z,2026-09-28T11:06:00Z,1.429065,1.431235,1.428645,1.430005
2026-09-28T11:06:00Z,2026-09-28T11:07:00Z,1.429945,1.430805,1.427535,1.428175
2026-09-28T11:07:00Z,2026-09-28T11:08:00Z,1.428485,1.428625,1.425465,1.426655
2026-09-28T11:08:00Z,2026-09-28T11:09:00Z,1.426635,1.428005,1.425415,1.427235
2026-09-28T11:09:00Z,2026-09-28T11:10:00Z,1.427125,1.427135,1.425415,1.425985
2026-09-28T11:10:00Z,2026-09-28T11:11:00Z,1.426035,1.430875,1.426035,1.430295
2026-09-28T11:11:00Z,2026-09-28T11:12:00Z,1.430185,1.430745,1.423555,1.423695
2026-09-28T11:12:00Z,2026-09-28T11:13:00Z,1.423775,1.426985,1.423265,1.426115
2026-09-28T11:13:00Z,2026-09-28T11:14:00Z,1.425955,1.427015,1.424445,1.425305
2026-09-28T11:14:00Z,2026-09-28T11:15:00Z,1.425165,1.427175,1.424245,1.427015
2026-09-28T11:15:00Z,2026-09-28T11:16:00Z,1.426945,1.427695,1.421095,1.421945
2026-09-28T11:16:00Z,2026-09-28T11:17:00Z,1.421965,1.422625,1.418015,1.418025
2026-09-28T11:17:00Z,2026-09-28T11:18:00Z,1.418045,1.419925,1.417025,1.417245
2026-09-28T11:18:00Z,2026-09-28T11:19:00Z,1.416865,1.417105,1.413345,1.413515
2026-09-28T11:19:00Z,2026-09-28T11:20:00Z,1.413435,1.415015,1.410855,1.412655
2026-09-28T11:20:00Z,2026-09-28T11:21:00Z,1.412465,1.413225,1.408965,1.409945
2026-09-28T11:21:00Z,2026-09-28T11:22:00Z,1.409985,1.410615,1.407845,1.408005
2026-09-28T11:22:00Z,2026-09-28T11:23:00Z,1.407575,1.408815,1.407105,1.408195
2026-09-28T11:23:00Z,2026-09-28T11:24:00Z,1.408235,1.410565,1.406915,1.409845
2026-09-28T11:24:00Z,2026-09-28T11:25:00Z,1.409815,1.410635,1.407725,1.408405
2026-09-28T11:25:00Z,2026-09-28T11:26:00Z,1.408425,1.409705,1.408375,1.408815
2026-09-28T11:26:00Z,2026-09-28T11:27:00Z,1.408785,1.410165,1.407095,1.410165
2026-09-28T11:27:00Z,2026-09-28T11:28:00Z,1.410295,1.410525,1.405765,1.405815
2026-09-28T11:28:00Z,2026-09-28T11:29:00Z,1.405715,1.406615,1.402825,1.402985
2026-09-28T11:29:00Z,2026-09-28T11:30:00Z,1.402945,1.403465,1.401095,1.401895
2026-09-28T11:30:00Z,2026-09-28T11:31:00Z,1.401835,1.405585,1.401645,1.404725
2026-09-28T11:31:00Z,2026-09-28T11:32:00Z,1.404645,1.405255,1.403915,1.404275
2026-09-28T11:32:00Z,2026-09-28T11:33:00Z,1.404385,1.404945,1.403155,1.403395
2026-09-28T11:33:00Z,2026-09-28T11:34:00Z,1.404825,1.405645,1.404035,1.405505
2026-09-28T11:34:00Z,2026-09-28T11:35:00Z,1.405685,1.406345,1.404425,1.404865
2026-09-28T11:35:00Z,2026-09-28T11:36:00Z,1.404725,1.405865,1.402145,1.405865
2026-09-28T11:36:00Z,2026-09-28T11:37:00Z,1.405885,1.408115,1.405705,1.406945
2026-09-28T11:37:00Z,2026-09-28T11:38:00Z,1.406935,1.409085,1.405685,1.408905
2026-09-28T11:38:00Z,2026-09-28T11:39:00Z,1.408545,1.409175,1.406255,1.407955
2026-09-28T11:39:00Z,2026-09-28T11:40:00Z,1.407885,1.409715,1.406065,1.406255
2026-09-28T11:40:00Z,2026-09-28T11:41:00Z,1.406015,1.408015,1.405045,1.407735
2026-09-28T11:41:00Z,2026-09-28T11:42:00Z,1.407845,1.409625,1.406485,1.408215
2026-09-28T11:42:00Z,2026-09-28T11:43:00Z,1.408095,1.408655,1.405515,1.408215
2026-09-28T11:43:00Z,2026-09-28T11:44:00Z,1.408065,1.409195,1.407105,1.408395
2026-09-28T11:44:00Z,2026-09-28T11:45:00Z,1.408355,1.409085,1.407785,1.408375
2026-09-28T11:45:00Z,2026-09-28T11:46:00Z,1.408365,1.411305,1.408055,1.411305
2026-09-28T11:46:00Z,2026-09-28T11:47:00Z,1.411325,1.415635,1.411325,1.414615
2026-09-28T11:47:00Z,2026-09-28T11:48:00Z,1.414575,1.415695,1.413545,1.414235
2026-09-28T11:48:00Z,2026-09-28T11:49:00Z,1.414205,1.415965,1.413735,1.415945
2026-09-28T11:49:00Z,2026-09-28T11:50:00Z,1.416095,1.419345,1.416055,1.416985
2026-09-28T11:50:00Z,2026-09-28T11:51:00Z,1.417005,1.417235,1.414215,1.414545
2026-09-28T11:51:00Z,2026-09-28T11:52:00Z,1.414455,1.415265,1.412225,1.415145
2026-09-28T11:52:00Z,2026-09-28T11:53:00Z,1.415035,1.418145,1.414515,1.418015
2026-09-28T11:53:00Z,2026-09-28T11:54:00Z,1.417945,1.420305,1.417445,1.417745
2026-09-28T11:54:00Z,2026-09-28T11:55:00Z,1.417725,1.418175,1.415815,1.418065
2026-09-28T11:55:00Z,2026-09-28T11:56:00Z,1.418215,1.418515,1.416065,1.418235
2026-09-28T11:56:00Z,2026-09-28T11:57:00Z,1.418265,1.419885,1.415535,1.416325
2026-09-28T11:57:00Z,2026-09-28T11:58:00Z,1.416295,1.416325,1.412635,1.413205
2026-09-28T11:58:00Z,2026-09-28T11:59:00Z,1.413265,1.415315,1.412475,1.415165
2026-09-28T11:59:00Z,2026-09-28T12:00:00Z,1.415215,1.416215,1.413205,1.414785
2026-09-28T12:00:00Z,2026-09-28T12:01:00Z,1.414605,1.416595,1.414105,1.416505
2026-09-28T12:01:00Z,2026-09-28T12:02:00Z,1.416465,1.416765,1.415075,1.416185
2026-09-28T12:02:00Z,2026-09-28T12:03:00Z,1.416075,1.416505,1.414385,1.414415
2026-09-28T12:03:00Z,2026-09-28T12:04:00Z,1.414325,1.414355,1.411695,1.411695
2026-09-28T12:04:00Z,2026-09-28T12:05:00Z,1.411835,1.412485,1.410515,1.410765
2026-09-28T12:05:00Z,2026-09-28T12:06:00Z,1.410845,1.411325,1.407705,1.407745
2026-09-28T12:06:00Z,2026-09-28T12:07:00Z,1.407755,1.408955,1.406365,1.407725
2026-09-28T12:07:00Z,2026-09-28T12:08:00Z,1.407905,1.408135,1.404315,1.405755
2026-09-28T12:08:00Z,2026-09-28T12:09:00Z,1.405715,1.406205,1.404405,1.405755
2026-09-28T12:09:00Z,2026-09-28T12:10:00Z,1.405725,1.408955,1.405725,1.408055
2026-09-28T12:10:00Z,2026-09-28T12:11:00Z,1.408065,1.410345,1.407115,1.410345
2026-09-28T12:11:00Z,2026-09-28T12:12:00Z,1.410425,1.414225,1.410385,1.413035
2026-09-28T12:12:00Z,2026-09-28T12:13:00Z,1.412995,1.416235,1.412885,1.415075
2026-09-28T12:13:00Z,2026-09-28T12:14:00Z,1.415035,1.416025,1.410675,1.410675
2026-09-28T12:14:00Z,2026-09-28T12:15:00Z,1.410715,1.412255,1.409645,1.410265
2026-09-28T12:15:00Z,2026-09-28T12:16:00Z,1.410315,1.410915,1.407925,1.408585
2026-09-28T12:16:00Z,2026-09-28T12:17:00Z,1.408555,1.410655,1.408195,1.409745
2026-09-28T12:17:00Z,2026-09-28T12:18:00Z,1.409705,1.412965,1.409705,1.412945
2026-09-28T12:18:00Z,2026-09-28T12:19:00Z,1.412925,1.413905,1.410665,1.411595
2026-09-28T12:19:00Z,2026-09-28T12:20:00Z,1.411205,1.411345,1.409935,1.411065
2026-09-28T12:20:00Z,2026-09-28T12:21:00Z,1.410935,1.412845,1.409375,1.412135
2026-09-28T12:21:00Z,2026-09-28T12:22:00Z,1.412185,1.413465,1.410785,1.411365
2026-09-28T12:22:00Z,2026-09-28T12:23:00Z,1.411275,1.411585,1.409555,1.411035
2026-09-28T12:23:00Z,2026-09-28T12:24:00Z,1.410995,1.411675,1.409215,1.411365
2026-09-28T12:24:00Z,2026-09-28T12:25:00Z,1.411275,1.412435,1.407095,1.411985
2026-09-28T12:25:00Z,2026-09-28T12:26:00Z,1.411715,1.412735,1.409265,1.409545
2026-09-28T12:26:00Z,2026-09-28T12:27:00Z,1.409575,1.410225,1.406295,1.406845
2026-09-28T12:27:00Z,2026-09-28T12:28:00Z,1.407025,1.408635,1.406105,1.407535
2026-09-28T12:28:00Z,2026-09-28T12:29:00Z,1.407205,1.407625,1.405325,1.405615
2026-09-28T12:29:00Z,2026-09-28T12:30:00Z,1.405645,1.406255,1.404235,1.404525
2026-09-28T12:30:00Z,2026-09-28T12:31:00Z,1.404505,1.405325,1.403815,1.404885
2026-09-28T12:31:00Z,2026-09-28T12:32:00Z,1.405075,1.407755,1.403835,1.405565
2026-09-28T12:32:00Z,2026-09-28T12:33:00Z,1.405545,1.406365,1.404975,1.405625
2026-09-28T12:33:00Z,2026-09-28T12:34:00Z,1.405735,1.412275,1.405195,1.412275
2026-09-28T12:34:00Z,2026-09-28T12:35:00Z,1.412235,1.414575,1.412025,1.413775
2026-09-28T12:35:00Z,2026-09-28T12:36:00Z,1.413225,1.414165,1.412065,1.412485
2026-09-28T12:36:00Z,2026-09-28T12:37:00Z,1.412505,1.412815,1.410655,1.411695
2026-09-28T12:37:00Z,2026-09-28T12:38:00Z,1.411735,1.412635,1.410385,1.411475
2026-09-28T12:38:00Z,2026-09-28T12:39:00Z,1.411515,1.413895,1.410555,1.413845
2026-09-28T12:39:00Z,2026-09-28T12:40:00Z,1.413445,1.413845,1.409785,1.411465
2026-09-28T12:40:00Z,2026-09-28T12:41:00Z,1.411355,1.413185,1.410775,1.411175
2026-09-28T12:41:00Z,2026-09-28T12:42:00Z,1.411295,1.411645,1.409545,1.409645
2026-09-28T12:42:00Z,2026-09-28T12:43:00Z,1.409665,1.410365,1.405045,1.405405
2026-09-28T12:43:00Z,2026-09-28T12:44:00Z,1.405495,1.405815,1.403105,1.404015
2026-09-28T12:44:00Z,2026-09-28T12:45:00Z,1.404035,1.404165,1.401795,1.403615
2026-09-28T12:45:00Z,2026-09-28T12:46:00Z,1.403505,1.407065,1.403325,1.407065
2026-09-28T12:46:00Z,2026-09-28T12:47:00Z,1.407055,1.407625,1.404205,1.406015
2026-09-28T12:47:00Z,2026-09-28T12:48:00Z,1.406035,1.408785,1.405635,1.408095
2026-09-28T12:48:00Z,2026-09-28T12:49:00Z,1.408025,1.410345,1.406625,1.409495
2026-09-28T12:49:00Z,2026-09-28T12:50:00Z,1.409665,1.410095,1.406965,1.407045
2026-09-28T12:50:00Z,2026-09-28T12:51:00Z,1.406955,1.407725,1.403755,1.403915
2026-09-28T12:51:00Z,2026-09-28T12:52:00Z,1.403945,1.406375,1.403545,1.406135
2026-09-28T12:52:00Z,2026-09-28T12:53:00Z,1.406155,1.407095,1.402705,1.402905
2026-09-28T12:53:00Z,2026-09-28T12:54:00Z,1.402805,1.403045,1.399175,1.401545
2026-09-28T12:54:00Z,2026-09-28T12:55:00Z,1.401475,1.403885,1.400935,1.401715
2026-09-28T12:55:00Z,2026-09-28T12:56:00Z,1.401705,1.402635,1.398645,1.399695
2026-09-28T12:56:00Z,2026-09-28T12:57:00Z,1.399785,1.401765,1.397985,1.401765
2026-09-28T12:57:00Z,2026-09-28T12:58:00Z,1.401575,1.401635,1.399295,1.401045
2026-09-28T12:58:00Z,2026-09-28T12:59:00Z,1.400775,1.408815,1.400775,1.407855
2026-09-28T12:59:00Z,2026-09-28T13:00:00Z,1.407925,1.408545,1.406805,1.407965
2026-09-28T13:00:00Z,2026-09-28T13:01:00Z,1.408055,1.413125,1.408005,1.413065
2026-09-28T13:01:00Z,2026-09-28T13:02:00Z,1.413125,1.414095,1.410755,1.410775
2026-09-28T13:02:00Z,2026-09-28T13:03:00Z,1.410785,1.411105,1.408035,1.408125
2026-09-28T13:03:00Z,2026-09-28T13:04:00Z,1.408095,1.410505,1.406955,1.410075
2026-09-28T13:04:00Z,2026-09-28T13:05:00Z,1.410065,1.411245,1.407845,1.408395
2026-09-28T13:05:00Z,2026-09-28T13:06:00Z,1.408435,1.408995,1.405715,1.405855
2026-09-28T13:06:00Z,2026-09-28T13:07:00Z,1.405805,1.407655,1.405555,1.405875
2026-09-28T13:07:00Z,2026-09-28T13:08:00Z,1.405985,1.406375,1.404595,1.405725
2026-09-28T13:08:00Z,2026-09-28T13:09:00Z,1.405825,1.406975,1.405045,1.405435
2026-09-28T13:09:00Z,2026-09-28T13:10:00Z,1.405425,1.406605,1.403835,1.406035
2026-09-28T13:10:00Z,2026-09-28T13:11:00Z,1.405935,1.408185,1.404135,1.407955
2026-09-28T13:11:00Z,2026-09-28T13:12:00Z,1.407995,1.411045,1.407685,1.410755
2026-09-28T13:12:00Z,2026-09-28T13:13:00Z,1.410685,1.411275,1.408935,1.410205
2026-09-28T13:13:00Z,2026-09-28T13:14:00Z,1.410385,1.410385,1.407665,1.408215
2026-09-28T13:14:00Z,2026-09-28T13:15:00Z,1.408345,1.408915,1.405195,1.408795
2026-09-28T13:15:00Z,2026-09-28T13:16:00Z,1.408905,1.409665,1.407375,1.408825
2026-09-28T13:16:00Z,2026-09-28T13:17:00Z,1.408665,1.409015,1.404325,1.405485
2026-09-28T13:17:00Z,2026-09-28T13:18:00Z,1.405395,1.407295,1.404605,1.407295
2026-09-28T13:18:00Z,2026-09-28T13:19:00Z,1.407715,1.407715,1.404915,1.405925
2026-09-28T13:19:00Z,2026-09-28T13:20:00Z,1.406025,1.406465,1.404215,1.405405
2026-09-28T13:20:00Z,2026-09-28T13:21:00Z,1.405315,1.405685,1.400055,1.400375
2026-09-28T13:21:00Z,2026-09-28T13:22:00Z,1.400425,1.401275,1.398275,1.399785
2026-09-28T13:22:00Z,2026-09-28T13:23:00Z,1.399735,1.400485,1.398305,1.400485
2026-09-28T13:23:00Z,2026-09-28T13:24:00Z,1.400865,1.402585,1.400475,1.401185
2026-09-28T13:24:00Z,2026-09-28T13:25:00Z,1.401245,1.403555,1.401135,1.403235
2026-09-28T13:25:00Z,2026-09-28T13:26:00Z,1.403455,1.406235,1.402975,1.403485
2026-09-28T13:26:00Z,2026-09-28T13:27:00Z,1.403495,1.406435,1.402385,1.405775
2026-09-28T13:27:00Z,2026-09-28T13:28:00Z,1.405785,1.407695,1.404825,1.404825
2026-09-28T13:28:00Z,2026-09-28T13:29:00Z,1.404775,1.404965,1.401875,1.402145
2026-09-28T13:29:00Z,2026-09-28T13:30:00Z,1.401995,1.404495,1.401355,1.403885
2026-09-28T13:30:00Z,2026-09-28T13:31:00Z,1.404105,1.404885,1.399995,1.400445
2026-09-28T13:31:00Z,2026-09-28T13:32:00Z,1.400425,1.400945,1.398365,1.399725
2026-09-28T13:32:00Z,2026-09-28T13:33:00Z,1.399985,1.401515,1.399025,1.399885
2026-09-28T13:33:00Z,2026-09-28T13:34:00Z,1.399775,1.400075,1.396165,1.396845
2026-09-28T13:34:00Z,2026-09-28T13:35:00Z,1.396835,1.397835,1.394775,1.396015
2026-09-28T13:35:00Z,2026-09-28T13:36:00Z,1.395905,1.396465,1.394065,1.394645
2026-09-28T13:36:00Z,2026-09-28T13:37:00Z,1.394695,1.394695,1.390555,1.392475
2026-09-28T13:37:00Z,2026-09-28T13:38:00Z,1.392445,1.394075,1.391775,1.393355
2026-09-28T13:38:00Z,2026-09-28T13:39:00Z,1.393295,1.393335,1.389655,1.390795
2026-09-28T13:39:00Z,2026-09-28T13:40:00Z,1.390925,1.391065,1.386705,1.389185
2026-09-28T13:40:00Z,2026-09-28T13:41:00Z,1.389095,1.391485,1.388705,1.388795
2026-09-28T13:41:00Z,2026-09-28T13:42:00Z,1.388835,1.389575,1.387805,1.388465
2026-09-28T13:42:00Z,2026-09-28T13:43:00Z,1.388425,1.389575,1.386515,1.387005
2026-09-28T13:43:00Z,2026-09-28T13:44:00Z,1.387105,1.388285,1.384995,1.385195
2026-09-28T13:44:00Z,2026-09-28T13:45:00Z,1.385215,1.388045,1.384455,1.385425
2026-09-28T13:45:00Z,2026-09-28T13:46:00Z,1.385275,1.387605,1.384885,1.385905
2026-09-28T13:46:00Z,2026-09-28T13:47:00Z,1.386135,1.386295,1.385765,1.385765
2026-09-27T21:15:00Z,2026-09-27T21:16:00Z,1.493505,1.499425,1.492175,1.499015
2026-09-27T21:16:00Z,2026-09-27T21:17:00Z,1.498955,1.499825,1.497395,1.497525
2026-09-27T21:17:00Z,2026-09-27T21:18:00Z,1.497445,1.499445,1.497445,1.498875
2026-09-27T21:18:00Z,2026-09-27T21:19:00Z,1.498795,1.500305,1.498795,1.500075
2026-09-27T21:19:00Z,2026-09-27T21:20:00Z,1.499935,1.505015,1.498835,1.504855
2026-09-27T21:20:00Z,2026-09-27T21:21:00Z,1.504575,1.507035,1.504115,1.505455
2026-09-27T21:21:00Z,2026-09-27T21:22:00Z,1.505345,1.507915,1.503905,1.506705
2026-09-27T21:22:00Z,2026-09-27T21:23:00Z,1.506775,1.509115,1.505615,1.509035
2026-09-27T21:23:00Z,2026-09-27T21:24:00Z,1.509085,1.510715,1.508045,1.510205
2026-09-27T21:24:00Z,2026-09-27T21:25:00Z,1.510235,1.510235,1.506095,1.506195
2026-09-27T21:25:00Z,2026-09-27T21:26:00Z,1.506135,1.509885,1.506135,1.509765
2026-09-27T21:26:00Z,2026-09-27T21:27:00Z,1.509775,1.513795,1.509775,1.512895
2026-09-27T21:27:00Z,2026-09-27T21:28:00Z,1.512795,1.513245,1.510765,1.512735
2026-09-27T21:28:00Z,2026-09-27T21:29:00Z,1.512685,1.514925,1.510425,1.511025
2026-09-27T21:29:00Z,2026-09-27T21:30:00Z,1.511205,1.511445,1.508915,1.510355
2026-09-27T21:30:00Z,2026-09-27T21:31:00Z,1.510505,1.510835,1.505675,1.506075
2026-09-27T21:31:00Z,2026-09-27T21:32:00Z,1.506015,1.508565,1.505965,1.508275
2026-09-27T21:32:00Z,2026-09-27T21:33:00Z,1.508365,1.510785,1.507695,1.510125
2026-09-27T21:33:00Z,2026-09-27T21:34:00Z,1.510045,1.510095,1.505755,1.506605
2026-09-27T21:34:00Z,2026-09-27T21:35:00Z,1.506685,1.509615,1.506385,1.507705
2026-09-27T21:35:00Z,2026-09-27T21:36:00Z,1.507565,1.511475,1.507285,1.510955
2026-09-27T21:36:00Z,2026-09-27T21:37:00Z,1.511095,1.514035,1.510535,1.512695
2026-09-27T21:37:00Z,2026-09-27T21:38:00Z,1.512665,1.513875,1.510925,1.513495
2026-09-27T21:38:00Z,2026-09-27T21:39:00Z,1.513525,1.514605,1.512265,1.512995
2026-09-27T21:39:00Z,2026-09-27T21:40:00Z,1.512855,1.515945,1.512085,1.512585
2026-09-27T21:40:00Z,2026-09-27T21:41:00Z,1.512745,1.513525,1.509075,1.509595
2026-09-27T21:41:00Z,2026-09-27T21:42:00Z,1.509745,1.513385,1.509565,1.512915
2026-09-27T21:42:00Z,2026-09-27T21:43:00Z,1.513015,1.514135,1.509995,1.510035
2026-09-27T21:43:00Z,2026-09-27T21:44:00Z,1.510065,1.513865,1.509725,1.513255
2026-09-27T21:44:00Z,2026-09-27T21:45:00Z,1.513395,1.514375,1.511765,1.513435
2026-09-27T21:45:00Z,2026-09-27T21:46:00Z,1.513485,1.515295,1.513455,1.514705
2026-09-27T21:46:00Z,2026-09-27T21:47:00Z,1.514905,1.520445,1.514795,1.520445
2026-09-27T21:47:00Z,2026-09-27T21:48:00Z,1.520715,1.524995,1.520515,1.524075
2026-09-27T21:48:00Z,2026-09-27T21:49:00Z,1.524155,1.524435,1.522055,1.522085
2026-09-27T21:49:00Z,2026-09-27T21:50:00Z,1.522385,1.523195,1.517645,1.517865
2026-09-27T21:50:00Z,2026-09-27T21:51:00Z,1.517855,1.519515,1.517095,1.518495
2026-09-27T21:51:00Z,2026-09-27T21:52:00Z,1.518615,1.520555,1.518025,1.518025
2026-09-27T21:52:00Z,2026-09-27T21:53:00Z,1.518035,1.518035,1.512885,1.513225
2026-09-27T21:53:00Z,2026-09-27T21:54:00Z,1.513095,1.516755,1.512515,1.515355
2026-09-27T21:54:00Z,2026-09-27T21:55:00Z,1.515455,1.515585,1.511395,1.512395
2026-09-27T21:55:00Z,2026-09-27T21:56:00Z,1.512385,1.514985,1.512275,1.514245
2026-09-27T21:56:00Z,2026-09-27T21:57:00Z,1.514335,1.517715,1.513875,1.517405
2026-09-27T21:57:00Z,2026-09-27T21:58:00Z,1.517385,1.520075,1.516175,1.520075
2026-09-27T21:58:00Z,2026-09-27T21:59:00Z,1.519975,1.520535,1.516885,1.517235
2026-09-27T21:59:00Z,2026-09-27T22:00:00Z,1.517205,1.518205,1.516275,1.517085
2026-09-27T22:00:00Z,2026-09-27T22:01:00Z,1.517055,1.517165,1.512725,1.513015
2026-09-27T22:01:00Z,2026-09-27T22:02:00Z,1.512925,1.516015,1.512925,1.514995
2026-09-27T22:02:00Z,2026-09-27T22:03:00Z,1.515675,1.518595,1.515255,1.518285
2026-09-27T22:03:00Z,2026-09-27T22:04:00Z,1.518255,1.522365,1.518115,1.521305
2026-09-27T22:04:00Z,2026-09-27T22:05:00Z,1.521335,1.521595,1.517265,1.517745
2026-09-27T22:05:00Z,2026-09-27T22:06:00Z,1.517885,1.518695,1.516675,1.518615
2026-09-27T22:06:00Z,2026-09-27T22:07:00Z,1.518545,1.519045,1.516825,1.518945
2026-09-27T22:07:00Z,2026-09-27T22:08:00Z,1.519005,1.522535,1.518965,1.521535
2026-09-27T22:08:00Z,2026-09-27T22:09:00Z,1.521825,1.524085,1.521085,1.523235
2026-09-27T22:09:00Z,2026-09-27T22:10:00Z,1.522785,1.523285,1.519565,1.522915
2026-09-27T22:10:00Z,2026-09-27T22:11:00Z,1.523075,1.524975,1.522365,1.523775
2026-09-27T22:11:00Z,2026-09-27T22:12:00Z,1.523985,1.526625,1.522235,1.522685
2026-09-27T22:12:00Z,2026-09-27T22:13:00Z,1.522475,1.522695,1.520325,1.521445
2026-09-27T22:13:00Z,2026-09-27T22:14:00Z,1.521475,1.523565,1.520535,1.523565
2026-09-27T22:14:00Z,2026-09-27T22:15:00Z,1.523575,1.526535,1.523385,1.526535
2026-09-27T22:15:00Z,2026-09-27T22:16:00Z,1.526025,1.526735,1.524275,1.525425
2026-09-27T22:16:00Z,2026-09-27T22:17:00Z,1.525445,1.525445,1.521245,1.522915
2026-09-27T22:17:00Z,2026-09-27T22:18:00Z,1.522355,1.522795,1.519345,1.519925
2026-09-27T22:18:00Z,2026-09-27T22:19:00Z,1.519815,1.521145,1.518925,1.519705
2026-09-27T22:19:00Z,2026-09-27T22:20:00Z,1.519945,1.520715,1.518165,1.518165
2026-09-27T22:20:00Z,2026-09-27T22:21:00Z,1.518155,1.519905,1.517625,1.518435
2026-09-27T22:21:00Z,2026-09-27T22:22:00Z,1.518545,1.520645,1.518545,1.519505
2026-09-27T22:22:00Z,2026-09-27T22:23:00Z,1.519495,1.521115,1.516615,1.516615
2026-09-27T22:23:00Z,2026-09-27T22:24:00Z,1.516655,1.517665,1.515145,1.516935
2026-09-27T22:24:00Z,2026-09-27T22:25:00Z,1.517055,1.520115,1.516495,1.520015
2026-09-27T22:25:00Z,2026-09-27T22:26:00Z,1.520025,1.522225,1.517845,1.520935
2026-09-27T22:26:00Z,2026-09-27T22:27:00Z,1.520925,1.524015,1.520665,1.523525
2026-09-27T22:27:00Z,2026-09-27T22:28:00Z,1.523515,1.523515,1.521255,1.522685
2026-09-27T22:28:00Z,2026-09-27T22:29:00Z,1.522675,1.522795,1.517265,1.517925
2026-09-27T22:29:00Z,2026-09-27T22:30:00Z,1.517945,1.523105,1.517945,1.521735
2026-09-27T22:30:00Z,2026-09-27T22:31:00Z,1.521535,1.524525,1.521305,1.521345
2026-09-27T22:31:00Z,2026-09-27T22:32:00Z,1.521325,1.522005,1.519155,1.520045
2026-09-27T22:32:00Z,2026-09-27T22:33:00Z,1.520005,1.520585,1.517185,1.517375
2026-09-27T22:33:00Z,2026-09-27T22:34:00Z,1.517335,1.519545,1.516995,1.517185
2026-09-27T22:34:00Z,2026-09-27T22:35:00Z,1.517245,1.518505,1.516635,1.517525
2026-09-27T22:35:00Z,2026-09-27T22:36:00Z,1.517405,1.518995,1.516915,1.517345
2026-09-27T22:36:00Z,2026-09-27T22:37:00Z,1.517365,1.518385,1.515365,1.516345
2026-09-27T22:37:00Z,2026-09-27T22:38:00Z,1.516235,1.517535,1.516015,1.516685
2026-09-27T22:38:00Z,2026-09-27T22:39:00Z,1.516725,1.517315,1.513835,1.515215
2026-09-27T22:39:00Z,2026-09-27T22:40:00Z,1.515205,1.516475,1.513285,1.514975
2026-09-27T22:40:00Z,2026-09-27T22:41:00Z,1.514755,1.514755,1.511245,1.513235
2026-09-27T22:41:00Z,2026-09-27T22:42:00Z,1.513195,1.513195,1.510345,1.510665
2026-09-27T22:42:00Z,2026-09-27T22:43:00Z,1.510645,1.514875,1.510085,1.514315
2026-09-27T22:43:00Z,2026-09-27T22:44:00Z,1.514305,1.517205,1.513635,1.516505
2026-09-27T22:44:00Z,2026-09-27T22:45:00Z,1.516525,1.516625,1.514205,1.516105
2026-09-27T22:45:00Z,2026-09-27T22:46:00Z,1.516195,1.516425,1.513345,1.513485
2026-09-27T22:46:00Z,2026-09-27T22:47:00Z,1.513625,1.513645,1.511255,1.512575
2026-09-27T22:47:00Z,2026-09-27T22:48:00Z,1.512745,1.513945,1.509565,1.511795
2026-09-27T22:48:00Z,2026-09-27T22:49:00Z,1.511725,1.511725,1.509145,1.510585
2026-09-27T22:49:00Z,2026-09-27T22:50:00Z,1.510265,1.510785,1.505875,1.506025
2026-09-27T22:50:00Z,2026-09-27T22:51:00Z,1.506065,1.506285,1.504235,1.505125
2026-09-27T22:51:00Z,2026-09-27T22:52:00Z,1.505185,1.507745,1.503795,1.507175
2026-09-27T22:52:00Z,2026-09-27T22:53:00Z,1.507235,1.508055,1.505455,1.507905
2026-09-27T22:53:00Z,2026-09-27T22:54:00Z,1.507875,1.508025,1.504915,1.505505
2026-09-27T22:54:00Z,2026-09-27T22:55:00Z,1.505535,1.506725,1.504455,1.505045
2026-09-27T22:55:00Z,2026-09-27T22:56:00Z,1.504885,1.505975,1.503345,1.504405
2026-09-27T22:56:00Z,2026-09-27T22:57:00Z,1.504315,1.505065,1.502495,1.505065
2026-09-27T22:57:00Z,2026-09-27T22:58:00Z,1.505005,1.505665,1.502975,1.504565
2026-09-27T22:58:00Z,2026-09-27T22:59:00Z,1.504685,1.505315,1.502745,1.502965
2026-09-27T22:59:00Z,2026-09-27T23:00:00Z,1.502765,1.505155,1.502275,1.504255
2026-09-27T23:00:00Z,2026-09-27T23:01:00Z,1.504205,1.504895,1.502495,1.504125
2026-09-27T23:01:00Z,2026-09-27T23:02:00Z,1.504785,1.506825,1.503615,1.505155
2026-09-27T23:02:00Z,2026-09-27T23:03:00Z,1.505195,1.506145,1.503085,1.503105
2026-09-27T23:03:00Z,2026-09-27T23:04:00Z,1.503165,1.503475,1.500015,1.500015
2026-09-27T23:04:00Z,2026-09-27T23:05:00Z,1.500025,1.501285,1.498575,1.500325
2026-09-27T23:05:00Z,2026-09-27T23:06:00Z,1.500365,1.501355,1.499255,1.499365
2026-09-27T23:06:00Z,2026-09-27T23:07:00Z,1.499355,1.499775,1.497295,1.497745
2026-09-27T23:07:00Z,2026-09-27T23:08:00Z,1.497555,1.501255,1.497185,1.498815
2026-09-27T23:08:00Z,2026-09-27T23:09:00Z,1.498845,1.500945,1.497835,1.497855
2026-09-27T23:09:00Z,2026-09-27T23:10:00Z,1.498025,1.498225,1.493895,1.493895
2026-09-27T23:10:00Z,2026-09-27T23:11:00Z,1.493155,1.493435,1.491335,1.491945
2026-09-27T23:11:00Z,2026-09-27T23:12:00Z,1.492155,1.496335,1.492145,1.495935
2026-09-27T23:12:00Z,2026-09-27T23:13:00Z,1.496165,1.496185,1.488495,1.488675
2026-09-27T23:13:00Z,2026-09-27T23:14:00Z,1.489335,1.489335,1.485655,1.486225
2026-09-27T23:14:00Z,2026-09-27T23:15:00Z,1.485985,1.486365,1.484155,1.485595
2026-09-27T23:15:00Z,2026-09-27T23:16:00Z,1.485535,1.489315,1.485185,1.488995
2026-09-27T23:16:00Z,2026-09-27T23:17:00Z,1.488975,1.489585,1.486465,1.488435
2026-09-27T23:17:00Z,2026-09-27T23:18:00Z,1.488545,1.490005,1.488305,1.489495
2026-09-27T23:18:00Z,2026-09-27T23:19:00Z,1.489415,1.489415,1.485765,1.486025
2026-09-27T23:19:00Z,2026-09-27T23:20:00Z,1.485825,1.486405,1.484725,1.485205
2026-09-27T23:20:00Z,2026-09-27T23:21:00Z,1.485075,1.488035,1.484575,1.487425
2026-09-27T23:21:00Z,2026-09-27T23:22:00Z,1.487385,1.487405,1.485655,1.487245
2026-09-27T23:22:00Z,2026-09-27T23:23:00Z,1.487235,1.487605,1.483735,1.483845
2026-09-27T23:23:00Z,2026-09-27T23:24:00Z,1.483645,1.485025,1.482415,1.483395
2026-09-27T23:24:00Z,2026-09-27T23:25:00Z,1.483295,1.485465,1.482575,1.483105
2026-09-27T23:25:00Z,2026-09-27T23:26:00Z,1.482825,1.483905,1.481685,1.482885
2026-09-27T23:26:00Z,2026-09-27T23:27:00Z,1.482765,1.483455,1.479975,1.481355
2026-09-27T23:27:00Z,2026-09-27T23:28:00Z,1.481365,1.481545,1.478155,1.478325
2026-09-27T23:28:00Z,2026-09-27T23:29:00Z,1.478565,1.479855,1.476835,1.478745
2026-09-27T23:29:00Z,2026-09-27T23:30:00Z,1.478645,1.481025,1.478495,1.478655
2026-09-27T23:30:00Z,2026-09-27T23:31:00Z,1.478675,1.479885,1.477025,1.479645
2026-09-27T23:31:00Z,2026-09-27T23:32:00Z,1.479655,1.480415,1.477665,1.479125
2026-09-27T23:32:00Z,2026-09-27T23:33:00Z,1.479015,1.482025,1.477305,1.477665
2026-09-27T23:33:00Z,2026-09-27T23:34:00Z,1.477685,1.479155,1.476495,1.479065
2026-09-27T23:34:00Z,2026-09-27T23:35:00Z,1.478885,1.480535,1.477705,1.477705
2026-09-27T23:35:00Z,2026-09-27T23:36:00Z,1.477755,1.477845,1.474335,1.475885
2026-09-27T23:36:00Z,2026-09-27T23:37:00Z,1.476045,1.478505,1.475215,1.477805
2026-09-27T23:37:00Z,2026-09-27T23:38:00Z,1.477895,1.477945,1.472995,1.473005
2026-09-27T23:38:00Z,2026-09-27T23:39:00Z,1.473035,1.474065,1.470195,1.470955
2026-09-27T23:39:00Z,2026-09-27T23:40:00Z,1.470895,1.472835,1.470615,1.471065
2026-09-27T23:40:00Z,2026-09-27T23:41:00Z,1.471175,1.473025,1.471035,1.472795
2026-09-27T23:41:00Z,2026-09-27T23:42:00Z,1.472845,1.473995,1.470635,1.471505
2026-09-27T23:42:00Z,2026-09-27T23:43:00Z,1.471465,1.476865,1.471365,1.475205
2026-09-27T23:43:00Z,2026-09-27T23:44:00Z,1.475085,1.475095,1.471845,1.473365
2026-09-27T23:44:00Z,2026-09-27T23:45:00Z,1.473255,1.474045,1.470475,1.472465
2026-09-27T23:45:00Z,2026-09-27T23:46:00Z,1.472625,1.474515,1.471715,1.474325
2026-09-27T23:46:00Z,2026-09-27T23:47:00Z,1.474315,1.474325,1.471205,1.472595
2026-09-27T23:47:00Z,2026-09-27T23:48:00Z,1.472675,1.473175,1.465485,1.466975
2026-09-27T23:48:00Z,2026-09-27T23:49:00Z,1.466895,1.470335,1.465945,1.466075
2026-09-27T23:49:00Z,2026-09-27T23:50:00Z,1.466125,1.466405,1.463895,1.464185
2026-09-27T23:50:00Z,2026-09-27T23:51:00Z,1.464195,1.466435,1.462495,1.462495
2026-09-27T23:51:00Z,2026-09-27T23:52:00Z,1.462425,1.463845,1.460545,1.461665
2026-09-27T23:52:00Z,2026-09-27T23:53:00Z,1.461655,1.463015,1.461135,1.461175
2026-09-27T23:53:00Z,2026-09-27T23:54:00Z,1.460995,1.461775,1.460075,1.460465
2026-09-27T23:54:00Z,2026-09-27T23:55:00Z,1.460165,1.463075,1.460015,1.462405
2026-09-27T23:55:00Z,2026-09-27T23:56:00Z,1.462445,1.466155,1.461955,1.465725
2026-09-27T23:56:00Z,2026-09-27T23:57:00Z,1.465615,1.468445,1.465615,1.465945
2026-09-27T23:57:00Z,2026-09-27T23:58:00Z,1.466065,1.469455,1.465135,1.469425
2026-09-27T23:58:00Z,2026-09-27T23:59:00Z,1.469435,1.472415,1.468795,1.471545
2026-09-27T23:59:00Z,2026-09-28T00:00:00Z,1.471615,1.473075,1.471255,1.472575
2026-09-28T00:00:00Z,2026-09-28T00:01:00Z,1.472815,1.474445,1.471675,1.473345
2026-09-28T00:01:00Z,2026-09-28T00:02:00Z,1.473315,1.473585,1.469085,1.469745
2026-09-28T00:02:00Z,2026-09-28T00:03:00Z,1.469435,1.469485,1.466745,1.467905
2026-09-28T00:03:00Z,2026-09-28T00:04:00Z,1.467955,1.468775,1.467065,1.467935
2026-09-28T00:04:00Z,2026-09-28T00:05:00Z,1.468025,1.472135,1.467345,1.470685
2026-09-28T00:05:00Z,2026-09-28T00:06:00Z,1.470515,1.472165,1.469135,1.471325
2026-09-28T00:06:00Z,2026-09-28T00:07:00Z,1.471505,1.472435,1.468515,1.468655
2026-09-28T00:07:00Z,2026-09-28T00:08:00Z,1.468565,1.469605,1.467325,1.468965
2026-09-28T00:08:00Z,2026-09-28T00:09:00Z,1.468795,1.469045,1.467295,1.467775
2026-09-28T00:09:00Z,2026-09-28T00:10:00Z,1.467625,1.471285,1.465895,1.470875
2026-09-28T00:10:00Z,2026-09-28T00:11:00Z,1.471075,1.475365,1.470705,1.474955
2026-09-28T00:11:00Z,2026-09-28T00:12:00Z,1.474885,1.474975,1.472615,1.473085
2026-09-28T00:12:00Z,2026-09-28T00:13:00Z,1.473155,1.473155,1.467915,1.468375
2026-09-28T00:13:00Z,2026-09-28T00:14:00Z,1.468495,1.469445,1.467135,1.469445
2026-09-28T00:14:00Z,2026-09-28T00:15:00Z,1.469525,1.470285,1.467245,1.470175
2026-09-28T00:15:00Z,2026-09-28T00:16:00Z,1.470215,1.471605,1.469275,1.471275
2026-09-28T00:16:00Z,2026-09-28T00:17:00Z,1.471295,1.471295,1.468065,1.468175
2026-09-28T00:17:00Z,2026-09-28T00:18:00Z,1.468155,1.468845,1.465125,1.467935
2026-09-28T00:18:00Z,2026-09-28T00:19:00Z,1.467815,1.468345,1.466025,1.466025
2026-09-28T00:19:00Z,2026-09-28T00:20:00Z,1.466005,1.466755,1.464085,1.466045
2026-09-28T00:20:00Z,2026-09-28T00:21:00Z,1.465985,1.467275,1.465725,1.465965
2026-09-28T00:21:00Z,2026-09-28T00:22:00Z,1.465885,1.468405,1.464275,1.467865
2026-09-28T00:22:00Z,2026-09-28T00:23:00Z,1.467775,1.468635,1.465225,1.468485
2026-09-28T00:23:00Z,2026-09-28T00:24:00Z,1.469085,1.470375,1.467885,1.469445
2026-09-28T00:24:00Z,2026-09-28T00:25:00Z,1.469585,1.473105,1.469385,1.472375
2026-09-28T00:25:00Z,2026-09-28T00:26:00Z,1.472285,1.473405,1.471465,1.473335
2026-09-28T00:26:00Z,2026-09-28T00:27:00Z,1.473385,1.473385,1.471115,1.471755
2026-09-28T00:27:00Z,2026-09-28T00:28:00Z,1.471735,1.473455,1.470705,1.471155
2026-09-28T00:28:00Z,2026-09-28T00:29:00Z,1.471215,1.472035,1.468595,1.469575
2026-09-28T00:29:00Z,2026-09-28T00:30:00Z,1.469745,1.473215,1.469555,1.470225
2026-09-28T00:30:00Z,2026-09-28T00:31:00Z,1.470185,1.471975,1.469355,1.471975
2026-09-28T00:31:00Z,2026-09-28T00:32:00Z,1.471895,1.472785,1.469485,1.469845
2026-09-28T00:32:00Z,2026-09-28T00:33:00Z,1.469855,1.472825,1.469265,1.472475
2026-09-28T00:33:00Z,2026-09-28T00:34:00Z,1.472185,1.473935,1.471305,1.472605
2026-09-28T00:34:00Z,2026-09-28T00:35:00Z,1.472555,1.476195,1.472075,1.473485
2026-09-28T00:35:00Z,2026-09-28T00:36:00Z,1.473715,1.475065,1.472105,1.472375
2026-09-28T00:36:00Z,2026-09-28T00:37:00Z,1.472225,1.474115,1.470985,1.472755
2026-09-28T00:37:00Z,2026-09-28T00:38:00Z,1.472555,1.474035,1.472485,1.472485
2026-09-28T00:38:00Z,2026-09-28T00:39:00Z,1.472535,1.472925,1.469785,1.469785
2026-09-28T00:39:00Z,2026-09-28T00:40:00Z,1.469665,1.471595,1.469505,1.470735
2026-09-28T00:40:00Z,2026-09-28T00:41:00Z,1.470715,1.472985,1.469495,1.471285
2026-09-28T00:41:00Z,2026-09-28T00:42:00Z,1.471275,1.471695,1.468525,1.469165
2026-09-28T00:42:00Z,2026-09-28T00:43:00Z,1.469185,1.469575,1.467405,1.467625
2026-09-28T00:43:00Z,2026-09-28T00:44:00Z,1.467595,1.469835,1.465735,1.468665
2026-09-28T00:44:00Z,2026-09-28T00:45:00Z,1.468925,1.470565,1.467905,1.469905
2026-09-28T00:45:00Z,2026-09-28T00:46:00Z,1.469855,1.472475,1.469555,1.471505
2026-09-28T00:46:00Z,2026-09-28T00:47:00Z,1.471495,1.471495,1.468605,1.469775
2026-09-28T00:47:00Z,2026-09-28T00:48:00Z,1.469825,1.470695,1.465465,1.465465
2026-09-28T00:48:00Z,2026-09-28T00:49:00Z,1.465375,1.466265,1.463345,1.463415
2026-09-28T00:49:00Z,2026-09-28T00:50:00Z,1.463305,1.466125,1.462165,1.462435
2026-09-28T00:50:00Z,2026-09-28T00:51:00Z,1.462305,1.462315,1.456575,1.457185
2026-09-28T00:51:00Z,2026-09-28T00:52:00Z,1.457095,1.457235,1.453225,1.454795
2026-09-28T00:52:00Z,2026-09-28T00:53:00Z,1.454785,1.454955,1.452335,1.452505
2026-09-28T00:53:00Z,2026-09-28T00:54:00Z,1.452675,1.453035,1.450795,1.452755
2026-09-28T00:54:00Z,2026-09-28T00:55:00Z,1.452825,1.453735,1.450825,1.451025
2026-09-28T00:55:00Z,2026-09-28T00:56:00Z,1.451135,1.451395,1.444345,1.444435
2026-09-28T00:56:00Z,2026-09-28T00:57:00Z,1.444415,1.446225,1.443755,1.443755
2026-09-28T00:57:00Z,2026-09-28T00:58:00Z,1.443785,1.446285,1.442375,1.446065
2026-09-28T00:58:00Z,2026-09-28T00:59:00Z,1.446455,1.448135,1.445355,1.448125
2026-09-28T00:59:00Z,2026-09-28T01:00:00Z,1.448165,1.450285,1.448165,1.449805
2026-09-28T01:00:00Z,2026-09-28T01:01:00Z,1.449885,1.453005,1.448995,1.452125
2026-09-28T01:01:00Z,2026-09-28T01:02:00Z,1.451905,1.451905,1.450055,1.451445
2026-09-28T01:02:00Z,2026-09-28T01:03:00Z,1.451465,1.455385,1.451425,1.454525
2026-09-28T01:03:00Z,2026-09-28T01:04:00Z,1.454405,1.456785,1.453465,1.456785
2026-09-28T01:04:00Z,2026-09-28T01:05:00Z,1.456885,1.459075,1.456535,1.459035
2026-09-28T01:10:00Z,2026-09-28T01:11:00Z,1.459035,1.517305,1.459035,1.514465
2026-09-28T01:11:00Z,2026-09-28T01:12:00Z,1.514625,1.517035,1.513265,1.513485
2026-09-28T01:12:00Z,2026-09-28T01:13:00Z,1.513505,1.513575,1.508815,1.509085
2026-09-28T01:13:00Z,2026-09-28T01:14:00Z,1.509075,1.512195,1.509075,1.512195
2026-09-28T01:14:00Z,2026-09-28T01:15:00Z,1.512355,1.515635,1.511765,1.514895
2026-09-28T01:15:00Z,2026-09-28T01:16:00Z,1.514795,1.517445,1.513935,1.517175
2026-09-28T01:16:00Z,2026-09-28T01:17:00Z,1.517195,1.518425,1.515855,1.516895
2026-09-28T01:17:00Z,2026-09-28T01:18:00Z,1.516885,1.519825,1.516155,1.519095
2026-09-28T01:18:00Z,2026-09-28T01:19:00Z,1.518995,1.521745,1.518915,1.520505
2026-09-28T01:19:00Z,2026-09-28T01:20:00Z,1.520555,1.521895,1.518415,1.519125
2026-09-28T01:20:00Z,2026-09-28T01:21:00Z,1.519105,1.519755,1.516995,1.517755
2026-09-28T01:21:00Z,2026-09-28T01:22:00Z,1.517645,1.521475,1.517235,1.520535
2026-09-28T01:22:00Z,2026-09-28T01:23:00Z,1.520525,1.522155,1.519925,1.521645
2026-09-28T01:23:00Z,2026-09-28T01:24:00Z,1.521765,1.521765,1.518755,1.519775
2026-09-28T01:24:00Z,2026-09-28T01:25:00Z,1.519835,1.520035,1.517665,1.518045
2026-09-28T01:25:00Z,2026-09-28T01:26:00Z,1.518245,1.521455,1.517475,1.521455
2026-09-28T01:26:00Z,2026-09-28T01:27:00Z,1.521465,1.522985,1.520275,1.522515
2026-09-28T01:27:00Z,2026-09-28T01:28:00Z,1.522245,1.523025,1.520585,1.521835
2026-09-28T01:28:00Z,2026-09-28T01:29:00Z,1.521785,1.522255,1.520245,1.520595
2026-09-28T01:29:00Z,2026-09-28T01:30:00Z,1.520605,1.523745,1.519995,1.522765
2026-09-28T01:30:00Z,2026-09-28T01:31:00Z,1.522715,1.524105,1.521855,1.523825
2026-09-28T01:31:00Z,2026-09-28T01:32:00Z,1.523935,1.524775,1.522675,1.523495
2026-09-28T01:32:00Z,2026-09-28T01:33:00Z,1.523235,1.525065,1.521875,1.522815
2026-09-28T01:33:00Z,2026-09-28T01:34:00Z,1.522615,1.525545,1.522015,1.525335
2026-09-28T01:34:00Z,2026-09-28T01:35:00Z,1.525355,1.525355,1.522955,1.523605
2026-09-28T01:35:00Z,2026-09-28T01:36:00Z,1.523615,1.524665,1.521255,1.524665
2026-09-28T01:36:00Z,2026-09-28T01:37:00Z,1.524625,1.525005,1.521485,1.523125
2026-09-28T01:37:00Z,2026-09-28T01:38:00Z,1.522885,1.524465,1.521545,1.523085
2026-09-28T01:38:00Z,2026-09-28T01:39:00Z,1.523175,1.527095,1.522975,1.525965
2026-09-28T01:39:00Z,2026-09-28T01:40:00Z,1.526005,1.527365,1.525145,1.526205
2026-09-28T01:40:00Z,2026-09-28T01:41:00Z,1.526215,1.527965,1.524755,1.527035
2026-09-28T01:41:00Z,2026-09-28T01:42:00Z,1.527115,1.529465,1.525915,1.529325
2026-09-28T01:42:00Z,2026-09-28T01:43:00Z,1.529205,1.529675,1.524845,1.525075
2026-09-28T01:43:00Z,2026-09-28T01:44:00Z,1.524865,1.524865,1.520225,1.520225
2026-09-28T01:44:00Z,2026-09-28T01:45:00Z,1.520155,1.520905,1.518365,1.518695
2026-09-28T01:45:00Z,2026-09-28T01:46:00Z,1.518775,1.520015,1.517885,1.519185
2026-09-28T01:46:00Z,2026-09-28T01:47:00Z,1.519135,1.523065,1.518515,1.523065
2026-09-28T01:47:00Z,2026-09-28T01:48:00Z,1.522985,1.526575,1.521285,1.524635
2026-09-28T01:48:00Z,2026-09-28T01:49:00Z,1.524735,1.524735,1.522105,1.522315
2026-09-28T01:49:00Z,2026-09-28T01:50:00Z,1.522365,1.525115,1.522345,1.524745
2026-09-28T01:50:00Z,2026-09-28T01:51:00Z,1.524645,1.525035,1.519265,1.520015
2026-09-28T01:51:00Z,2026-09-28T01:52:00Z,1.519975,1.521605,1.519485,1.521605
2026-09-28T01:52:00Z,2026-09-28T01:53:00Z,1.521735,1.522365,1.520255,1.520265
2026-09-28T01:53:00Z,2026-09-28T01:54:00Z,1.519825,1.519825,1.513295,1.513875
2026-09-28T01:54:00Z,2026-09-28T01:55:00Z,1.513835,1.518655,1.513265,1.518595
2026-09-28T01:55:00Z,2026-09-28T01:56:00Z,1.518605,1.524375,1.518575,1.523435
2026-09-28T01:56:00Z,2026-09-28T01:57:00Z,1.523385,1.526245,1.523195,1.526175
2026-09-28T01:57:00Z,2026-09-28T01:58:00Z,1.526345,1.527855,1.525665,1.526825
2026-09-28T01:58:00Z,2026-09-28T01:59:00Z,1.526795,1.527225,1.525455,1.527145
2026-09-28T01:59:00Z,2026-09-28T02:00:00Z,1.527275,1.529015,1.526645,1.527225
2026-09-28T02:00:00Z,2026-09-28T02:01:00Z,1.527515,1.527735,1.523595,1.524325
2026-09-28T02:01:00Z,2026-09-28T02:02:00Z,1.524405,1.524745,1.522235,1.523625
2026-09-28T02:02:00Z,2026-09-28T02:03:00Z,1.523555,1.523775,1.520005,1.520765
2026-09-28T02:03:00Z,2026-09-28T02:04:00Z,1.520725,1.520735,1.516285,1.516675
2026-09-28T02:04:00Z,2026-09-28T02:05:00Z,1.516795,1.522205,1.516795,1.522155
2026-09-28T02:05:00Z,2026-09-28T02:06:00Z,1.522045,1.522665,1.519945,1.520145
2026-09-28T02:06:00Z,2026-09-28T02:07:00Z,1.519935,1.521795,1.519385,1.521795
2026-09-28T02:07:00Z,2026-09-28T02:08:00Z,1.521115,1.521215,1.518595,1.518665
2026-09-28T02:08:00Z,2026-09-28T02:09:00Z,1.518295,1.520035,1.517515,1.518485
2026-09-28T02:09:00Z,2026-09-28T02:10:00Z,1.518475,1.519235,1.515925,1.516395
2026-09-28T02:10:00Z,2026-09-28T02:11:00Z,1.516545,1.520725,1.516335,1.519745
2026-09-28T02:11:00Z,2026-09-28T02:12:00Z,1.519485,1.521355,1.518235,1.521355
2026-09-28T02:12:00Z,2026-09-28T02:13:00Z,1.521125,1.521815,1.514705,1.514705
2026-09-28T02:13:00Z,2026-09-28T02:14:00Z,1.514675,1.516675,1.513665,1.516385
2026-09-28T02:14:00Z,2026-09-28T02:15:00Z,1.516555,1.520925,1.516465,1.519445
2026-09-28T02:15:00Z,2026-09-28T02:16:00Z,1.519525,1.524785,1.519525,1.522665
2026-09-28T02:16:00Z,2026-09-28T02:17:00Z,1.522685,1.522685,1.521005,1.521115
2026-09-28T02:17:00Z,2026-09-28T02:18:00Z,1.521085,1.523815,1.520515,1.523345
2026-09-28T02:18:00Z,2026-09-28T02:19:00Z,1.523505,1.524065,1.520175,1.520345
2026-09-28T02:19:00Z,2026-09-28T02:20:00Z,1.520045,1.520785,1.514275,1.514435
2026-09-28T02:20:00Z,2026-09-28T02:21:00Z,1.514095,1.514095,1.507775,1.507865
2026-09-28T02:21:00Z,2026-09-28T02:22:00Z,1.507825,1.509395,1.506215,1.506215
2026-09-28T02:22:00Z,2026-09-28T02:23:00Z,1.506485,1.509095,1.504875,1.509025
2026-09-28T02:23:00Z,2026-09-28T02:24:00Z,1.509135,1.511405,1.508975,1.509445
2026-09-28T02:24:00Z,2026-09-28T02:25:00Z,1.509575,1.510415,1.506875,1.509555
2026-09-28T02:25:00Z,2026-09-28T02:26:00Z,1.509415,1.512875,1.509385,1.511945
2026-09-28T02:26:00Z,2026-09-28T02:27:00Z,1.511925,1.513865,1.511505,1.512945
2026-09-28T02:27:00Z,2026-09-28T02:28:00Z,1.512825,1.517105,1.512345,1.515945
2026-09-28T02:28:00Z,2026-09-28T02:29:00Z,1.515415,1.516655,1.514105,1.515995
2026-09-28T02:29:00Z,2026-09-28T02:30:00Z,1.516215,1.516725,1.513535,1.514425
2026-09-28T02:30:00Z,2026-09-28T02:31:00Z,1.514545,1.514645,1.510525,1.510555
2026-09-28T02:31:00Z,2026-09-28T02:32:00Z,1.510565,1.512635,1.508855,1.510135
2026-09-28T02:32:00Z,2026-09-28T02:33:00Z,1.509915,1.512115,1.509575,1.510285
2026-09-28T02:33:00Z,2026-09-28T02:34:00Z,1.510355,1.510885,1.508335,1.508335
2026-09-28T02:34:00Z,2026-09-28T02:35:00Z,1.508305,1.509935,1.507805,1.508915
2026-09-28T02:35:00Z,2026-09-28T02:36:00Z,1.508875,1.509135,1.507545,1.509135
2026-09-28T02:36:00Z,2026-09-28T02:37:00Z,1.509105,1.509365,1.502305,1.504765
2026-09-28T02:37:00Z,2026-09-28T02:38:00Z,1.504945,1.505455,1.502325,1.504265
2026-09-28T02:38:00Z,2026-09-28T02:39:00Z,1.504275,1.505505,1.500825,1.501975
2026-09-28T02:39:00Z,2026-09-28T02:40:00Z,1.501735,1.503185,1.499775,1.500305
2026-09-28T02:40:00Z,2026-09-28T02:41:00Z,1.500185,1.502125,1.499535,1.501575
2026-09-28T02:41:00Z,2026-09-28T02:42:00Z,1.501665,1.504055,1.500895,1.501105
2026-09-28T02:42:00Z,2026-09-28T02:43:00Z,1.501065,1.503835,1.500765,1.502615
2026-09-28T02:43:00Z,2026-09-28T02:44:00Z,1.502495,1.503165,1.496455,1.496555
2026-09-28T02:44:00Z,2026-09-28T02:45:00Z,1.496595,1.496935,1.494045,1.494265
2026-09-28T02:45:00Z,2026-09-28T02:46:00Z,1.494175,1.497235,1.494045,1.496685
2026-09-28T02:46:00Z,2026-09-28T02:47:00Z,1.496575,1.497765,1.495825,1.496625
2026-09-28T02:47:00Z,2026-09-28T02:48:00Z,1.496545,1.497005,1.493885,1.493935
2026-09-28T02:48:00Z,2026-09-28T02:49:00Z,1.493985,1.498175,1.493965,1.497595
2026-09-28T02:49:00Z,2026-09-28T02:50:00Z,1.497485,1.498195,1.496165,1.496595
2026-09-28T02:50:00Z,2026-09-28T02:51:00Z,1.496625,1.498665,1.496625,1.498035
2026-09-28T02:51:00Z,2026-09-28T02:52:00Z,1.497865,1.499565,1.495375,1.499565
2026-09-28T02:52:00Z,2026-09-28T02:53:00Z,1.499535,1.500475,1.498355,1.498855
2026-09-28T02:53:00Z,2026-09-28T02:54:00Z,1.498595,1.501285,1.498155,1.499955
2026-09-28T02:54:00Z,2026-09-28T02:55:00Z,1.499845,1.502075,1.499685,1.501615
2026-09-28T02:55:00Z,2026-09-28T02:56:00Z,1.501895,1.502065,1.498995,1.499945
2026-09-28T02:56:00Z,2026-09-28T02:57:00Z,1.500055,1.500865,1.492975,1.494085
2026-09-28T02:57:00Z,2026-09-28T02:58:00Z,1.494345,1.494565,1.491975,1.492745
2026-09-28T02:58:00Z,2026-09-28T02:59:00Z,1.492735,1.492925,1.489345,1.490575
2026-09-28T02:59:00Z,2026-09-28T03:00:00Z,1.490565,1.493535,1.490055,1.493115
2026-09-28T03:00:00Z,2026-09-28T03:01:00Z,1.493215,1.494135,1.492055,1.493625
2026-09-28T03:01:00Z,2026-09-28T03:02:00Z,1.493885,1.494975,1.492025,1.493335
2026-09-28T03:02:00Z,2026-09-28T03:03:00Z,1.493105,1.494155,1.489905,1.489985
2026-09-28T03:03:00Z,2026-09-28T03:04:00Z,1.489925,1.490595,1.485425,1.485795
2026-09-28T03:04:00Z,2026-09-28T03:05:00Z,1.486325,1.487725,1.485585,1.486425
2026-09-28T03:05:00Z,2026-09-28T03:06:00Z,1.486485,1.487385,1.484535,1.484615
2026-09-28T03:06:00Z,2026-09-28T03:07:00Z,1.484655,1.485745,1.482865,1.483035
2026-09-28T03:07:00Z,2026-09-28T03:08:00Z,1.483185,1.485325,1.482675,1.483755
2026-09-28T03:08:00Z,2026-09-28T03:09:00Z,1.483775,1.488545,1.483485,1.487645
2026-09-28T03:09:00Z,2026-09-28T03:10:00Z,1.487755,1.494295,1.487575,1.493595
2026-09-28T03:10:00Z,2026-09-28T03:11:00Z,1.493565,1.496875,1.492565,1.496235
2026-09-28T03:11:00Z,2026-09-28T03:12:00Z,1.496125,1.498265,1.494515,1.495125
2026-09-28T03:12:00Z,2026-09-28T03:13:00Z,1.495105,1.496775,1.494315,1.494495
2026-09-28T03:13:00Z,2026-09-28T03:14:00Z,1.494575,1.496505,1.493855,1.494785
2026-09-28T03:14:00Z,2026-09-28T03:15:00Z,1.494705,1.494705,1.492005,1.492455
2026-09-28T03:15:00Z,2026-09-28T03:16:00Z,1.492385,1.492755,1.489185,1.490255
2026-09-28T03:16:00Z,2026-09-28T03:17:00Z,1.490445,1.492145,1.489965,1.489965
2026-09-28T03:17:00Z,2026-09-28T03:18:00Z,1.489885,1.490365,1.487055,1.487055
2026-09-28T03:18:00Z,2026-09-28T03:19:00Z,1.486915,1.487915,1.484375,1.486425
2026-09-28T03:19:00Z,2026-09-28T03:20:00Z,1.486385,1.489655,1.485665,1.489025
2026-09-28T03:20:00Z,2026-09-28T03:21:00Z,1.489005,1.489515,1.487285,1.489515
2026-09-28T03:21:00Z,2026-09-28T03:22:00Z,1.489945,1.492295,1.489485,1.489735
2026-09-28T03:22:00Z,2026-09-28T03:23:00Z,1.489525,1.491145,1.489255,1.489625
2026-09-28T03:23:00Z,2026-09-28T03:24:00Z,1.489805,1.491565,1.489795,1.490765
2026-09-28T03:24:00Z,2026-09-28T03:25:00Z,1.490725,1.493735,1.490535,1.492895
2026-09-28T03:25:00Z,2026-09-28T03:26:00Z,1.492945,1.494215,1.491165,1.494075
2026-09-28T03:26:00Z,2026-09-28T03:27:00Z,1.493995,1.494975,1.492635,1.493465
2026-09-28T03:27:00Z,2026-09-28T03:28:00Z,1.493715,1.493875,1.491425,1.492155
2026-09-28T03:28:00Z,2026-09-28T03:29:00Z,1.492205,1.494125,1.491115,1.492005
2026-09-28T03:29:00Z,2026-09-28T03:30:00Z,1.491955,1.495535,1.491915,1.494985
2026-09-28T03:30:00Z,2026-09-28T03:31:00Z,1.494995,1.496565,1.493635,1.496555
2026-09-28T03:31:00Z,2026-09-28T03:32:00Z,1.496415,1.497825,1.493985,1.494015
2026-09-28T03:32:00Z,2026-09-28T03:33:00Z,1.494185,1.495205,1.492515,1.495075
2026-09-28T03:33:00Z,2026-09-28T03:34:00Z,1.494955,1.497305,1.494955,1.497025
2026-09-28T03:34:00Z,2026-09-28T03:35:00Z,1.496905,1.497075,1.492595,1.494265
2026-09-28T03:35:00Z,2026-09-28T03:36:00Z,1.494305,1.495375,1.492915,1.494575
2026-09-28T03:36:00Z,2026-09-28T03:37:00Z,1.494615,1.495725,1.492655,1.494605
2026-09-28T03:37:00Z,2026-09-28T03:38:00Z,1.494625,1.495575,1.493465,1.494765
2026-09-28T03:38:00Z,2026-09-28T03:39:00Z,1.494735,1.494745,1.490345,1.491725
2026-09-28T03:39:00Z,2026-09-28T03:40:00Z,1.491755,1.493145,1.490925,1.491955
2026-09-28T03:40:00Z,2026-09-28T03:41:00Z,1.491965,1.491975,1.488775,1.489655
2026-09-28T03:41:00Z,2026-09-28T03:42:00Z,1.489765,1.491925,1.487965,1.491835
2026-09-28T03:42:00Z,2026-09-28T03:43:00Z,1.491705,1.491975,1.490435,1.490445
2026-09-28T03:43:00Z,2026-09-28T03:44:00Z,1.490405,1.492545,1.490405,1.491125
2026-09-28T03:44:00Z,2026-09-28T03:45:00Z,1.490865,1.492295,1.489345,1.492145
2026-09-28T03:45:00Z,2026-09-28T03:46:00Z,1.492095,1.494605,1.490545,1.492205
2026-09-28T03:46:00Z,2026-09-28T03:47:00Z,1.492195,1.492505,1.488005,1.489645
2026-09-28T03:47:00Z,2026-09-28T03:48:00Z,1.489995,1.491195,1.488205,1.488825
2026-09-28T03:48:00Z,2026-09-28T03:49:00Z,1.488955,1.490155,1.487625,1.489225
2026-09-28T03:49:00Z,2026-09-28T03:50:00Z,1.489235,1.489865,1.486625,1.487035
2026-09-28T03:50:00Z,2026-09-28T03:51:00Z,1.487065,1.488685,1.485665,1.488015
2026-09-28T03:51:00Z,2026-09-28T03:52:00Z,1.487925,1.488405,1.486415,1.487245
2026-09-28T03:52:00Z,2026-09-28T03:53:00Z,1.487225,1.487345,1.484835,1.485985
2026-09-28T03:53:00Z,2026-09-28T03:54:00Z,1.485895,1.486095,1.483095,1.483225
2026-09-28T03:54:00Z,2026-09-28T03:55:00Z,1.483415,1.486435,1.482895,1.486135
2026-09-28T03:55:00Z,2026-09-28T03:56:00Z,1.485935,1.485955,1.482455,1.482585
2026-09-28T03:56:00Z,2026-09-28T03:57:00Z,1.482695,1.483995,1.481405,1.481795
2026-09-28T03:57:00Z,2026-09-28T03:58:00Z,1.481815,1.483285,1.480795,1.482815
2026-09-28T03:58:00Z,2026-09-28T03:59:00Z,1.482935,1.485495,1.482205,1.483175
2026-09-28T03:59:00Z,2026-09-28T04:00:00Z,1.483075,1.486935,1.482445,1.486315
2026-09-28T04:00:00Z,2026-09-28T04:01:00Z,1.486395,1.486825,1.483225,1.483395
2026-09-28T04:01:00Z,2026-09-28T04:02:00Z,1.483825,1.484285,1.480055,1.480075
2026-09-28T04:02:00Z,2026-09-28T04:03:00Z,1.480215,1.483645,1.479865,1.483155
2026-09-28T04:03:00Z,2026-09-28T04:04:00Z,1.483125,1.483815,1.481185,1.482335
2026-09-28T04:04:00Z,2026-09-28T04:05:00Z,1.482235,1.483055,1.479495,1.480025
2026-09-28T04:05:00Z,2026-09-28T04:06:00Z,1.479815,1.480925,1.478445,1.478685
2026-09-28T04:06:00Z,2026-09-28T04:07:00Z,1.478495,1.478685,1.476205,1.477495
2026-09-28T04:07:00Z,2026-09-28T04:08:00Z,1.477595,1.479145,1.476245,1.478915
2026-09-28T04:08:00Z,2026-09-28T04:09:00Z,1.478835,1.481855,1.478615,1.479845
2026-09-28T04:09:00Z,2026-09-28T04:10:00Z,1.479885,1.479885,1.475495,1.475925
2026-09-28T04:10:00Z,2026-09-28T04:11:00Z,1.476025,1.476595,1.471695,1.472315
2026-09-28T04:11:00Z,2026-09-28T04:12:00Z,1.472335,1.473515,1.471295,1.471985
2026-09-28T04:12:00Z,2026-09-28T04:13:00Z,1.472005,1.472735,1.470535,1.471705
2026-09-28T04:13:00Z,2026-09-28T04:14:00Z,1.471665,1.473285,1.469995,1.471405
2026-09-28T04:14:00Z,2026-09-28T04:15:00Z,1.471205,1.472215,1.470635,1.470955
2026-09-28T04:15:00Z,2026-09-28T04:16:00Z,1.470875,1.470895,1.465895,1.467345
2026-09-28T04:16:00Z,2026-09-28T04:17:00Z,1.467325,1.469495,1.466275,1.466275
2026-09-28T04:17:00Z,2026-09-28T04:18:00Z,1.465725,1.468245,1.465585,1.466085
2026-09-28T04:18:00Z,2026-09-28T04:19:00Z,1.466055,1.471955,1.466055,1.471955
2026-09-28T04:19:00Z,2026-09-28T04:20:00Z,1.471975,1.473525,1.471395,1.471765
2026-09-28T04:20:00Z,2026-09-28T04:21:00Z,1.471525,1.471845,1.467965,1.471075
2026-09-28T04:21:00Z,2026-09-28T04:22:00Z,1.470515,1.471245,1.469225,1.469555
2026-09-28T04:22:00Z,2026-09-28T04:23:00Z,1.469545,1.470925,1.466955,1.470925
2026-09-28T04:23:00Z,2026-09-28T04:24:00Z,1.471025,1.473555,1.470295,1.472565
2026-09-28T04:24:00Z,2026-09-28T04:25:00Z,1.472725,1.474065,1.472165,1.473145
2026-09-28T04:25:00Z,2026-09-28T04:26:00Z,1.473235,1.477205,1.472835,1.475705
2026-09-28T04:26:00Z,2026-09-28T04:27:00Z,1.475625,1.477955,1.473515,1.477905
2026-09-28T04:27:00Z,2026-09-28T04:28:00Z,1.478055,1.480755,1.478015,1.480025
2026-09-28T04:28:00Z,2026-09-28T04:29:00Z,1.479695,1.482855,1.479325,1.481585
2026-09-28T04:29:00Z,2026-09-28T04:30:00Z,1.481525,1.483495,1.480955,1.483495
2026-09-28T04:30:00Z,2026-09-28T04:31:00Z,1.483595,1.484515,1.481775,1.482445
2026-09-28T04:31:00Z,2026-09-28T04:32:00Z,1.482425,1.485485,1.481625,1.484595
2026-09-28T04:32:00Z,2026-09-28T04:33:00Z,1.484555,1.485755,1.483725,1.485235
2026-09-28T04:33:00Z,2026-09-28T04:34:00Z,1.485405,1.485855,1.481945,1.483065
2026-09-28T04:34:00Z,2026-09-28T04:35:00Z,1.483075,1.484335,1.482475,1.484265
2026-09-28T04:35:00Z,2026-09-28T04:36:00Z,1.484355,1.485495,1.483365,1.485245
2026-09-28T04:36:00Z,2026-09-28T04:37:00Z,1.485235,1.485875,1.483285,1.484335
2026-09-28T04:37:00Z,2026-09-28T04:38:00Z,1.484345,1.485735,1.483565,1.484935
2026-09-28T04:38:00Z,2026-09-28T04:39:00Z,1.484965,1.486145,1.479285,1.479815
2026-09-28T04:39:00Z,2026-09-28T04:40:00Z,1.479835,1.480855,1.475535,1.475565
2026-09-28T04:40:00Z,2026-09-28T04:41:00Z,1.475445,1.477255,1.474925,1.475585
2026-09-28T04:41:00Z,2026-09-28T04:42:00Z,1.475485,1.479135,1.475375,1.476645
2026-09-28T04:42:00Z,2026-09-28T04:43:00Z,1.476795,1.477415,1.473005,1.473005
2026-09-28T04:43:00Z,2026-09-28T04:44:00Z,1.473025,1.475835,1.472845,1.475285
2026-09-28T04:44:00Z,2026-09-28T04:45:00Z,1.475315,1.477395,1.474765,1.476825
2026-09-28T04:45:00Z,2026-09-28T04:46:00Z,1.476655,1.478785,1.476235,1.478785
2026-09-28T04:46:00Z,2026-09-28T04:47:00Z,1.478945,1.480495,1.477685,1.479685
2026-09-28T04:47:00Z,2026-09-28T04:48:00Z,1.479725,1.480785,1.477945,1.478505
2026-09-28T04:48:00Z,2026-09-28T04:49:00Z,1.478445,1.481835,1.477885,1.480975
2026-09-28T04:49:00Z,2026-09-28T04:50:00Z,1.481435,1.486845,1.481355,1.486495
2026-09-28T04:50:00Z,2026-09-28T04:51:00Z,1.486635,1.488075,1.485695,1.488075
2026-09-28T04:51:00Z,2026-09-28T04:52:00Z,1.488125,1.489525,1.486025,1.488365
2026-09-28T04:52:00Z,2026-09-28T04:53:00Z,1.488405,1.489335,1.485555,1.485735
2026-09-28T04:53:00Z,2026-09-28T04:54:00Z,1.485635,1.485635,1.479825,1.480275
2026-09-28T04:54:00Z,2026-09-28T04:55:00Z,1.480285,1.481615,1.479615,1.481245
2026-09-28T04:55:00Z,2026-09-28T04:56:00Z,1.481205,1.481795,1.478635,1.479925
2026-09-28T04:56:00Z,2026-09-28T04:57:00Z,1.480525,1.482255,1.479425,1.479875
2026-09-28T04:57:00Z,2026-09-28T04:58:00Z,1.479825,1.482025,1.478485,1.479835
2026-09-28T04:58:00Z,2026-09-28T04:59:00Z,1.479905,1.480215,1.478035,1.479065
2026-09-28T04:59:00Z,2026-09-28T05:00:00Z,1.478975,1.479385,1.470425,1.472535
2026-09-28T05:00:00Z,2026-09-28T05:01:00Z,1.472545,1.478195,1.472545,1.478105
2026-09-28T05:01:00Z,2026-09-28T05:02:00Z,1.478095,1.479745,1.475645,1.476285
2026-09-28T05:02:00Z,2026-09-28T05:03:00Z,1.476115,1.481485,1.475875,1.480895
2026-09-28T05:03:00Z,2026-09-28T05:04:00Z,1.480875,1.481225,1.478725,1.479015
2026-09-28T05:04:00Z,2026-09-28T05:05:00Z,1.478845,1.481845,1.478685,1.480395
2026-09-28T05:05:00Z,2026-09-28T05:06:00Z,1.480445,1.481345,1.476245,1.476425
2026-09-28T05:06:00Z,2026-09-28T05:07:00Z,1.476565,1.477745,1.472335,1.473015
2026-09-28T05:07:00Z,2026-09-28T05:08:00Z,1.472905,1.477105,1.472035,1.477105
2026-09-28T05:08:00Z,2026-09-28T05:09:00Z,1.477175,1.477945,1.475985,1.476855
2026-09-28T05:09:00Z,2026-09-28T05:10:00Z,1.476735,1.478485,1.475835,1.477515
2026-09-28T05:10:00Z,2026-09-28T05:11:00Z,1.477225,1.479065,1.476525,1.478905
2026-09-28T05:11:00Z,2026-09-28T05:12:00Z,1.479025,1.479195,1.477295,1.478435
2026-09-28T05:12:00Z,2026-09-28T05:13:00Z,1.478545,1.479505,1.477235,1.477385
2026-09-28T05:13:00Z,2026-09-28T05:14:00Z,1.478065,1.478625,1.477375,1.478245
2026-09-28T05:14:00Z,2026-09-28T05:15:00Z,1.478285,1.478355,1.475115,1.477355
2026-09-28T05:15:00Z,2026-09-28T05:16:00Z,1.477305,1.477315,1.472735,1.476025
2026-09-28T05:16:00Z,2026-09-28T05:17:00Z,1.476125,1.477005,1.474125,1.475695
2026-09-28T05:17:00Z,2026-09-28T05:18:00Z,1.475705,1.475995,1.470955,1.471105
2026-09-28T05:18:00Z,2026-09-28T05:19:00Z,1.471135,1.471815,1.470285,1.471575
2026-09-28T05:19:00Z,2026-09-28T05:20:00Z,1.471695,1.471985,1.468115,1.468115
2026-09-28T05:20:00Z,2026-09-28T05:21:00Z,1.468425,1.469575,1.465475,1.469155
2026-09-28T05:21:00Z,2026-09-28T05:22:00Z,1.469215,1.471655,1.468885,1.470455
2026-09-28T05:22:00Z,2026-09-28T05:23:00Z,1.470315,1.472105,1.468015,1.468015
2026-09-28T05:23:00Z,2026-09-28T05:24:00Z,1.468045,1.468145,1.463275,1.463295
2026-09-28T05:24:00Z,2026-09-28T05:25:00Z,1.464035,1.464035,1.458695,1.458695
2026-09-28T05:25:00Z,2026-09-28T05:26:00Z,1.458945,1.463375,1.458945,1.463125
2026-09-28T05:26:00Z,2026-09-28T05:27:00Z,1.463175,1.466945,1.463115,1.466575
2026-09-28T05:27:00Z,2026-09-28T05:28:00Z,1.466395,1.466675,1.463805,1.464375
2026-09-28T05:28:00Z,2026-09-28T05:29:00Z,1.464425,1.464525,1.460585,1.461275
2026-09-28T05:29:00Z,2026-09-28T05:30:00Z,1.460985,1.464695,1.460985,1.464315
2026-09-28T05:30:00Z,2026-09-28T05:31:00Z,1.464335,1.464335,1.461975,1.463165
2026-09-28T05:31:00Z,2026-09-28T05:32:00Z,1.463085,1.463155,1.459715,1.460065
2026-09-28T05:32:00Z,2026-09-28T05:33:00Z,1.459985,1.462515,1.458075,1.458295
2026-09-28T05:33:00Z,2026-09-28T05:34:00Z,1.458305,1.459945,1.457025,1.458355
2026-09-28T05:34:00Z,2026-09-28T05:35:00Z,1.458375,1.463855,1.457705,1.463055
2026-09-28T05:35:00Z,2026-09-28T05:36:00Z,1.463125,1.464915,1.462785,1.464525
2026-09-28T05:36:00Z,2026-09-28T05:37:00Z,1.464505,1.465025,1.461045,1.461165
2026-09-28T05:37:00Z,2026-09-28T05:38:00Z,1.461275,1.461275,1.457795,1.458205
2026-09-28T05:38:00Z,2026-09-28T05:39:00Z,1.458185,1.458185,1.453255,1.453415
2026-09-28T05:39:00Z,2026-09-28T05:40:00Z,1.453495,1.453885,1.452075,1.453035
2026-09-28T05:40:00Z,2026-09-28T05:41:00Z,1.453005,1.455765,1.452595,1.453445
2026-09-28T05:41:00Z,2026-09-28T05:42:00Z,1.453805,1.454395,1.452075,1.453355
2026-09-28T05:42:00Z,2026-09-28T05:43:00Z,1.453345,1.453835,1.450685,1.450915
2026-09-28T05:43:00Z,2026-09-28T05:44:00Z,1.450925,1.451135,1.449215,1.450735
2026-09-28T05:44:00Z,2026-09-28T05:45:00Z,1.451225,1.451715,1.448015,1.448145
2026-09-28T05:45:00Z,2026-09-28T05:46:00Z,1.448245,1.454095,1.447805,1.453825
2026-09-28T05:46:00Z,2026-09-28T05:47:00Z,1.453855,1.454385,1.452385,1.453365
2026-09-28T05:47:00Z,2026-09-28T05:48:00Z,1.453405,1.455015,1.453005,1.454625
2026-09-28T05:48:00Z,2026-09-28T05:49:00Z,1.454535,1.457745,1.454125,1.457735
2026-09-28T05:49:00Z,2026-09-28T05:50:00Z,1.457695,1.459635,1.457425,1.458265
2026-09-28T05:50:00Z,2026-09-28T05:51:00Z,1.458385,1.459095,1.456335,1.458905
2026-09-28T05:51:00Z,2026-09-28T05:52:00Z,1.458865,1.460615,1.458625,1.460275
2026-09-28T05:52:00Z,2026-09-28T05:53:00Z,1.460345,1.462515,1.458725,1.462325
2026-09-28T05:53:00Z,2026-09-28T05:54:00Z,1.462255,1.462255,1.457065,1.458645
2026-09-28T05:54:00Z,2026-09-28T05:55:00Z,1.458415,1.458515,1.453475,1.454875
2026-09-28T05:55:00Z,2026-09-28T05:56:00Z,1.454865,1.455905,1.453565,1.454155
2026-09-28T05:56:00Z,2026-09-28T05:57:00Z,1.454135,1.454135,1.452185,1.452405
2026-09-28T05:57:00Z,2026-09-28T05:58:00Z,1.452505,1.453385,1.450175,1.450855
2026-09-28T05:58:00Z,2026-09-28T05:59:00Z,1.450895,1.450895,1.447425,1.447865
2026-09-28T05:59:00Z,2026-09-28T06:00:00Z,1.447785,1.448465,1.444585,1.446195
2026-09-28T06:00:00Z,2026-09-28T06:01:00Z,1.446205,1.446815,1.443285,1.443285
2026-09-28T06:01:00Z,2026-09-28T06:02:00Z,1.443325,1.443795,1.437305,1.438785
2026-09-28T06:02:00Z,2026-09-28T06:03:00Z,1.438945,1.439875,1.438395,1.439125
2026-09-28T06:03:00Z,2026-09-28T06:04:00Z,1.438855,1.438855,1.433455,1.433455
2026-09-28T06:04:00Z,2026-09-28T06:05:00Z,1.433615,1.436955,1.433415,1.436955
2026-09-28T06:05:00Z,2026-09-28T06:06:00Z,1.436625,1.439055,1.436475,1.438675
2026-09-28T06:06:00Z,2026-09-28T06:07:00Z,1.438655,1.444045,1.436965,1.441395
2026-09-28T06:07:00Z,2026-09-28T06:08:00Z,1.441475,1.442625,1.440495,1.441055
2026-09-28T06:08:00Z,2026-09-28T06:09:00Z,1.440965,1.444195,1.440725,1.442625
2026-09-28T06:09:00Z,2026-09-28T06:10:00Z,1.442645,1.444015,1.441955,1.443885
2026-09-28T06:10:00Z,2026-09-28T06:11:00Z,1.443865,1.448045,1.443615,1.447155
2026-09-28T06:11:00Z,2026-09-28T06:12:00Z,1.447145,1.448805,1.446525,1.448125
2026-09-28T06:12:00Z,2026-09-28T06:13:00Z,1.448135,1.448365,1.446285,1.446835
2026-09-28T06:13:00Z,2026-09-28T06:14:00Z,1.446845,1.447605,1.446015,1.446215
2026-09-28T06:14:00Z,2026-09-28T06:15:00Z,1.446265,1.448985,1.445895,1.445895
2026-09-28T06:15:00Z,2026-09-28T06:16:00Z,1.445815,1.447405,1.445195,1.446135
2026-09-28T06:16:00Z,2026-09-28T06:17:00Z,1.446335,1.447025,1.445235,1.446435
2026-09-28T06:17:00Z,2026-09-28T06:18:00Z,1.446425,1.446625,1.444875,1.444975
2026-09-28T06:18:00Z,2026-09-28T06:19:00Z,1.445255,1.445435,1.438765,1.439595
2026-09-28T06:19:00Z,2026-09-28T06:20:00Z,1.439635,1.439885,1.437455,1.438665
2026-09-28T06:20:00Z,2026-09-28T06:21:00Z,1.438705,1.444165,1.438645,1.443355
2026-09-28T06:21:00Z,2026-09-28T06:22:00Z,1.443405,1.445805,1.442885,1.444025
2026-09-28T06:22:00Z,2026-09-28T06:23:00Z,1.444015,1.446555,1.443785,1.445945
2026-09-28T06:23:00Z,2026-09-28T06:24:00Z,1.445455,1.446505,1.444765,1.444765
2026-09-28T06:24:00Z,2026-09-28T06:25:00Z,1.444835,1.447405,1.443075,1.443785
2026-09-28T06:25:00Z,2026-09-28T06:26:00Z,1.443525,1.447755,1.442485,1.447665
2026-09-28T06:26:00Z,2026-09-28T06:27:00Z,1.447705,1.449845,1.446495,1.447685
2026-09-28T06:27:00Z,2026-09-28T06:28:00Z,1.447635,1.449155,1.444665,1.444875
2026-09-28T06:28:00Z,2026-09-28T06:29:00Z,1.444825,1.446675,1.443705,1.446125
2026-09-28T06:29:00Z,2026-09-28T06:30:00Z,1.446085,1.449955,1.445325,1.449745
2026-09-28T06:30:00Z,2026-09-28T06:31:00Z,1.449495,1.450825,1.448645,1.448645
2026-09-28T06:31:00Z,2026-09-28T06:32:00Z,1.448905,1.449715,1.447345,1.447345
2026-09-28T06:32:00Z,2026-09-28T06:33:00Z,1.447655,1.448615,1.445525,1.446075
2026-09-28T06:33:00Z,2026-09-28T06:34:00Z,1.446085,1.448265,1.445985,1.446245
2026-09-28T06:34:00Z,2026-09-28T06:35:00Z,1.446495,1.447535,1.445695,1.446005
2026-09-28T06:35:00Z,2026-09-28T06:36:00Z,1.446045,1.446625,1.439525,1.439545
2026-09-28T06:36:00Z,2026-09-28T06:37:00Z,1.439525,1.440645,1.438705,1.440595
2026-09-28T06:37:00Z,2026-09-28T06:38:00Z,1.440565,1.442195,1.440245,1.441125
2026-09-28T06:38:00Z,2026-09-28T06:39:00Z,1.441115,1.442695,1.440025,1.440025
2026-09-28T06:39:00Z,2026-09-28T06:40:00Z,1.439865,1.442795,1.439855,1.441975
2026-09-28T06:40:00Z,2026-09-28T06:41:00Z,1.442325,1.444405,1.441635,1.442535
2026-09-28T06:41:00Z,2026-09-28T06:42:00Z,1.442405,1.446245,1.441935,1.443165
2026-09-28T06:42:00Z,2026-09-28T06:43:00Z,1.443225,1.448685,1.443095,1.445855
2026-09-28T06:43:00Z,2026-09-28T06:44:00Z,1.445875,1.448385,1.444755,1.447535
2026-09-28T06:44:00Z,2026-09-28T06:45:00Z,1.447425,1.448945,1.446745,1.447565
2026-09-28T06:45:00Z,2026-09-28T06:46:00Z,1.447525,1.447965,1.445265,1.446275
2026-09-28T06:46:00Z,2026-09-28T06:47:00Z,1.446155,1.448665,1.445825,1.445905
2026-09-28T06:47:00Z,2026-09-28T06:48:00Z,1.445715,1.446315,1.443005,1.445115
2026-09-28T06:48:00Z,2026-09-28T06:49:00Z,1.445055,1.447425,1.443645,1.443705
2026-09-28T06:49:00Z,2026-09-28T06:50:00Z,1.443645,1.443945,1.441205,1.442115
2026-09-28T06:50:00Z,2026-09-28T06:51:00Z,1.441975,1.442295,1.439895,1.441375
2026-09-28T06:51:00Z,2026-09-28T06:52:00Z,1.441235,1.442085,1.438045,1.438905
2026-09-28T06:52:00Z,2026-09-28T06:53:00Z,1.438935,1.440625,1.438615,1.439325
2026-09-28T06:53:00Z,2026-09-28T06:54:00Z,1.439285,1.439645,1.436825,1.437205
2026-09-28T06:54:00Z,2026-09-28T06:55:00Z,1.437195,1.438335,1.436065,1.436355
2026-09-28T06:55:00Z,2026-09-28T06:56:00Z,1.436535,1.441365,1.436535,1.440765
2026-09-28T06:56:00Z,2026-09-28T06:57:00Z,1.440845,1.443085,1.439495,1.439855
2026-09-28T06:57:00Z,2026-09-28T06:58:00Z,1.439775,1.441415,1.437635,1.439245
2026-09-28T06:58:00Z,2026-09-28T06:59:00Z,1.439415,1.439895,1.437325,1.438335
2026-09-28T06:59:00Z,2026-09-28T07:00:00Z,1.438045,1.439645,1.437985,1.438605
2026-09-28T07:00:00Z,2026-09-28T07:01:00Z,1.438595,1.439795,1.436965,1.437485
2026-09-28T07:01:00Z,2026-09-28T07:02:00Z,1.437505,1.437665,1.434645,1.435255
2026-09-28T07:02:00Z,2026-09-28T07:03:00Z,1.435205,1.438435,1.435095,1.438195
2026-09-28T07:03:00Z,2026-09-28T07:04:00Z,1.438125,1.438125,1.433455,1.435235
2026-09-28T07:04:00Z,2026-09-28T07:05:00Z,1.435215,1.436365,1.434565,1.435705
2026-09-28T07:05:00Z,2026-09-28T07:06:00Z,1.435845,1.436005,1.432085,1.432285
2026-09-28T07:06:00Z,2026-09-28T07:07:00Z,1.432455,1.432845,1.430075,1.430215
2026-09-28T07:07:00Z,2026-09-28T07:08:00Z,1.430135,1.430395,1.427565,1.427565
2026-09-28T07:08:00Z,2026-09-28T07:09:00Z,1.427615,1.429865,1.426305,1.426305
2026-09-28T07:09:00Z,2026-09-28T07:10:00Z,1.426105,1.426695,1.421695,1.422185
2026-09-28T07:10:00Z,2026-09-28T07:11:00Z,1.422235,1.426285,1.421775,1.424275
2026-09-28T07:11:00Z,2026-09-28T07:12:00Z,1.424035,1.427485,1.423345,1.424205
2026-09-28T07:12:00Z,2026-09-28T07:13:00Z,1.424295,1.425795,1.423125,1.423305
2026-09-28T07:13:00Z,2026-09-28T07:14:00Z,1.423825,1.426605,1.423325,1.425835
2026-09-28T07:14:00Z,2026-09-28T07:15:00Z,1.425855,1.429125,1.425255,1.427905
2026-09-28T07:15:00Z,2026-09-28T07:16:00Z,1.427915,1.427915,1.422815,1.423145
2026-09-28T07:16:00Z,2026-09-28T07:17:00Z,1.423005,1.425575,1.422695,1.424985
2026-09-28T07:17:00Z,2026-09-28T07:18:00Z,1.425015,1.426775,1.424635,1.426065
2026-09-28T07:18:00Z,2026-09-28T07:19:00Z,1.426185,1.427655,1.425285,1.427155
2026-09-28T07:19:00Z,2026-09-28T07:20:00Z,1.427215,1.428905,1.425135,1.425385
2026-09-28T07:20:00Z,2026-09-28T07:21:00Z,1.425425,1.426795,1.425105,1.426735
2026-09-28T07:21:00Z,2026-09-28T07:22:00Z,1.426705,1.427935,1.423425,1.426265
2026-09-28T07:22:00Z,2026-09-28T07:23:00Z,1.426145,1.427065,1.423545,1.423785
2026-09-28T07:23:00Z,2026-09-28T07:24:00Z,1.423775,1.423775,1.421285,1.422405
2026-09-28T07:24:00Z,2026-09-28T07:25:00Z,1.422435,1.425875,1.422265,1.424925
2026-09-28T07:25:00Z,2026-09-28T07:26:00Z,1.425015,1.426465,1.423625,1.424655
2026-09-28T07:26:00Z,2026-09-28T07:27:00Z,1.424825,1.425655,1.423565,1.424955
2026-09-28T07:27:00Z,2026-09-28T07:28:00Z,1.424965,1.426365,1.424565,1.425765
2026-09-28T07:28:00Z,2026-09-28T07:29:00Z,1.425775,1.427315,1.424615,1.425085
2026-09-28T07:29:00Z,2026-09-28T07:30:00Z,1.425005,1.425525,1.422085,1.425325
2026-09-28T07:30:00Z,2026-09-28T07:31:00Z,1.425395,1.425975,1.422495,1.423835
2026-09-28T07:31:00Z,2026-09-28T07:32:00Z,1.423845,1.426195,1.422735,1.425415
2026-09-28T07:32:00Z,2026-09-28T07:33:00Z,1.425275,1.426145,1.422835,1.423035
2026-09-28T07:33:00Z,2026-09-28T07:34:00Z,1.423025,1.425475,1.422955,1.425425
2026-09-28T07:34:00Z,2026-09-28T07:35:00Z,1.425205,1.425635,1.424015,1.424625
2026-09-28T07:35:00Z,2026-09-28T07:36:00Z,1.424995,1.429645,1.424895,1.429595
2026-09-28T07:36:00Z,2026-09-28T07:37:00Z,1.429675,1.431205,1.428225,1.429465
2026-09-28T07:37:00Z,2026-09-28T07:38:00Z,1.429455,1.430195,1.427865,1.428255
2026-09-28T07:38:00Z,2026-09-28T07:39:00Z,1.428235,1.431855,1.428155,1.431175
2026-09-28T07:39:00Z,2026-09-28T07:40:00Z,1.431155,1.435545,1.431155,1.435235
2026-09-28T07:40:00Z,2026-09-28T07:41:00Z,1.435155,1.437065,1.434005,1.434005
2026-09-28T07:41:00Z,2026-09-28T07:42:00Z,1.433995,1.435105,1.432875,1.433235
2026-09-28T07:42:00Z,2026-09-28T07:43:00Z,1.433185,1.434355,1.432225,1.432335
2026-09-28T07:43:00Z,2026-09-28T07:44:00Z,1.432385,1.436845,1.432385,1.436655
2026-09-28T07:44:00Z,2026-09-28T07:45:00Z,1.436595,1.437475,1.435505,1.437015
2026-09-28T07:45:00Z,2026-09-28T07:46:00Z,1.436975,1.437095,1.431865,1.434305
2026-09-28T07:46:00Z,2026-09-28T07:47:00Z,1.434135,1.436415,1.433935,1.436025
2026-09-28T07:47:00Z,2026-09-28T07:48:00Z,1.435965,1.440175,1.435965,1.440075
2026-09-28T07:48:00Z,2026-09-28T07:49:00Z,1.440065,1.447505,1.438295,1.447155
2026-09-28T07:49:00Z,2026-09-28T07:50:00Z,1.447115,1.450375,1.446605,1.448015
2026-09-28T07:50:00Z,2026-09-28T07:51:00Z,1.448215,1.448495,1.444985,1.447475
2026-09-28T07:51:00Z,2026-09-28T07:52:00Z,1.447335,1.451525,1.447335,1.448795
2026-09-28T07:52:00Z,2026-09-28T07:53:00Z,1.448805,1.449745,1.446275,1.446895
2026-09-28T07:53:00Z,2026-09-28T07:54:00Z,1.446645,1.448065,1.445615,1.445615
2026-09-28T07:54:00Z,2026-09-28T07:55:00Z,1.445885,1.446265,1.442515,1.442805
2026-09-28T07:55:00Z,2026-09-28T07:56:00Z,1.442835,1.443775,1.441425,1.442225
2026-09-28T07:56:00Z,2026-09-28T07:57:00Z,1.441965,1.444555,1.441385,1.443765
2026-09-28T07:57:00Z,2026-09-28T07:58:00Z,1.443865,1.444405,1.439875,1.439875
2026-09-28T07:58:00Z,2026-09-28T07:59:00Z,1.439895,1.439895,1.437595,1.438505
2026-09-28T07:59:00Z,2026-09-28T08:00:00Z,1.438465,1.438465,1.434755,1.435255
2026-09-28T08:00:00Z,2026-09-28T08:01:00Z,1.435205,1.435475,1.429825,1.430465
2026-09-28T08:01:00Z,2026-09-28T08:02:00Z,1.430475,1.431015,1.427995,1.428355
2026-09-28T08:02:00Z,2026-09-28T08:03:00Z,1.428235,1.429555,1.427265,1.429115
2026-09-28T08:03:00Z,2026-09-28T08:04:00Z,1.429095,1.434335,1.428885,1.434095
2026-09-28T08:04:00Z,2026-09-28T08:05:00Z,1.434045,1.435705,1.433785,1.434585
2026-09-28T08:05:00Z,2026-09-28T08:06:00Z,1.434455,1.435315,1.432825,1.434125
2026-09-28T08:06:00Z,2026-09-28T08:07:00Z,1.434105,1.436555,1.433855,1.435145
2026-09-28T08:07:00Z,2026-09-28T08:08:00Z,1.435125,1.438885,1.434645,1.436905
2026-09-28T08:08:00Z,2026-09-28T08:09:00Z,1.436925,1.436925,1.435145,1.436435
2026-09-28T08:09:00Z,2026-09-28T08:10:00Z,1.436345,1.437205,1.434495,1.436375
2026-09-28T08:10:00Z,2026-09-28T08:11:00Z,1.436435,1.438025,1.435505,1.437355
2026-09-28T08:11:00Z,2026-09-28T08:12:00Z,1.437415,1.438255,1.434315,1.435465
2026-09-28T08:12:00Z,2026-09-28T08:13:00Z,1.435345,1.436085,1.432515,1.434985
2026-09-28T08:13:00Z,2026-09-28T08:14:00Z,1.434955,1.435245,1.432385,1.433925
2026-09-28T08:14:00Z,2026-09-28T08:15:00Z,1.433625,1.436925,1.433625,1.435345
2026-09-28T08:15:00Z,2026-09-28T08:16:00Z,1.435305,1.439095,1.434345,1.438915
2026-09-28T08:16:00Z,2026-09-28T08:17:00Z,1.439295,1.441635,1.437395,1.438385
2026-09-28T08:17:00Z,2026-09-28T08:18:00Z,1.438425,1.442335,1.438105,1.442335
2026-09-28T08:18:00Z,2026-09-28T08:19:00Z,1.442345,1.443485,1.441765,1.442695
2026-09-28T08:19:00Z,2026-09-28T08:20:00Z,1.442795,1.445595,1.442235,1.445325
2026-09-28T08:20:00Z,2026-09-28T08:21:00Z,1.444945,1.449825,1.443865,1.449555
2026-09-28T08:21:00Z,2026-09-28T08:22:00Z,1.449615,1.454995,1.449205,1.454995
2026-09-28T08:22:00Z,2026-09-28T08:23:00Z,1.455115,1.458235,1.454435,1.456475
2026-09-28T08:23:00Z,2026-09-28T08:24:00Z,1.456395,1.457835,1.454655,1.457175
2026-09-28T08:24:00Z,2026-09-28T08:25:00Z,1.456925,1.458315,1.455405,1.456755
2026-09-28T08:25:00Z,2026-09-28T08:26:00Z,1.456775,1.459255,1.456615,1.458385
2026-09-28T08:26:00Z,2026-09-28T08:27:00Z,1.458185,1.460085,1.457325,1.457655
2026-09-28T08:27:00Z,2026-09-28T08:28:00Z,1.457715,1.458135,1.456055,1.457455
2026-09-28T08:28:00Z,2026-09-28T08:29:00Z,1.457485,1.459295,1.455915,1.456065
2026-09-28T08:29:00Z,2026-09-28T08:30:00Z,1.456015,1.456135,1.450085,1.450085
2026-09-28T08:30:00Z,2026-09-28T08:31:00Z,1.450175,1.450645,1.445115,1.445295
2026-09-28T08:31:00Z,2026-09-28T08:32:00Z,1.445355,1.451315,1.445305,1.451125
2026-09-28T08:32:00Z,2026-09-28T08:33:00Z,1.450695,1.452465,1.449545,1.450995
2026-09-28T08:33:00Z,2026-09-28T08:34:00Z,1.451045,1.452975,1.451045,1.452045
2026-09-28T08:34:00Z,2026-09-28T08:35:00Z,1.452035,1.454585,1.451375,1.453075
2026-09-28T08:35:00Z,2026-09-28T08:36:00Z,1.453185,1.454575,1.450725,1.451035
2026-09-28T08:36:00Z,2026-09-28T08:37:00Z,1.450945,1.452475,1.450105,1.452445
2026-09-28T08:37:00Z,2026-09-28T08:38:00Z,1.452405,1.452405,1.447745,1.448355
2026-09-28T08:38:00Z,2026-09-28T08:39:00Z,1.448285,1.452155,1.447665,1.450885
2026-09-28T08:39:00Z,2026-09-28T08:40:00Z,1.450905,1.450905,1.448605,1.450175
2026-09-28T08:40:00Z,2026-09-28T08:41:00Z,1.450595,1.451705,1.449795,1.450325
2026-09-28T08:41:00Z,2026-09-28T08:42:00Z,1.450315,1.451665,1.449515,1.451185
2026-09-28T08:42:00Z,2026-09-28T08:43:00Z,1.451185,1.451245,1.447465,1.447825
2026-09-28T08:43:00Z,2026-09-28T08:44:00Z,1.447935,1.449845,1.447425,1.448975
2026-09-28T08:44:00Z,2026-09-28T08:45:00Z,1.449145,1.449925,1.447035,1.449895
2026-09-28T08:45:00Z,2026-09-28T08:46:00Z,1.450125,1.453985,1.450115,1.451665
2026-09-28T08:46:00Z,2026-09-28T08:47:00Z,1.451585,1.452665,1.450345,1.450345
2026-09-28T08:47:00Z,2026-09-28T08:48:00Z,1.450395,1.451565,1.447295,1.447435
2026-09-28T08:48:00Z,2026-09-28T08:49:00Z,1.447335,1.450775,1.447335,1.449915
2026-09-28T08:49:00Z,2026-09-28T08:50:00Z,1.449935,1.451455,1.448385,1.450775
2026-09-28T08:50:00Z,2026-09-28T08:51:00Z,1.450735,1.451715,1.449145,1.451645
2026-09-28T08:51:00Z,2026-09-28T08:52:00Z,1.451465,1.452115,1.447835,1.447835
2026-09-28T08:52:00Z,2026-09-28T08:53:00Z,1.448175,1.449285,1.446435,1.447455
2026-09-28T08:53:00Z,2026-09-28T08:54:00Z,1.447465,1.451835,1.447195,1.451665
2026-09-28T08:54:00Z,2026-09-28T08:55:00Z,1.451465,1.451605,1.446325,1.447065
2026-09-28T08:55:00Z,2026-09-28T08:56:00Z,1.447105,1.447125,1.441485,1.441595
2026-09-28T08:56:00Z,2026-09-28T08:57:00Z,1.441645,1.442285,1.440295,1.440935
2026-09-28T08:57:00Z,2026-09-28T08:58:00Z,1.440855,1.441045,1.437145,1.438395
2026-09-28T08:58:00Z,2026-09-28T08:59:00Z,1.438385,1.440335,1.437015,1.437035
2026-09-28T08:59:00Z,2026-09-28T09:00:00Z,1.436995,1.438705,1.434825,1.437405
2026-09-28T09:00:00Z,2026-09-28T09:01:00Z,1.437415,1.439035,1.436995,1.436995
2026-09-28T09:01:00Z,2026-09-28T09:02:00Z,1.436745,1.438655,1.435685,1.438355
2026-09-28T09:02:00Z,2026-09-28T09:03:00Z,1.438435,1.442705,1.437555,1.441615
2026-09-28T09:03:00Z,2026-09-28T09:04:00Z,1.441675,1.441785,1.439355,1.439755
2026-09-28T09:04:00Z,2026-09-28T09:05:00Z,1.439875,1.440295,1.436085,1.436095
2026-09-28T09:05:00Z,2026-09-28T09:06:00Z,1.436075,1.436435,1.434275,1.435875
2026-09-28T09:06:00Z,2026-09-28T09:07:00Z,1.435735,1.437555,1.434385,1.436375
2026-09-28T09:07:00Z,2026-09-28T09:08:00Z,1.436265,1.436435,1.433735,1.434655
2026-09-28T09:08:00Z,2026-09-28T09:09:00Z,1.434595,1.436375,1.434465,1.435725
2026-09-28T09:09:00Z,2026-09-28T09:10:00Z,1.435585,1.437625,1.435495,1.435995
2026-09-28T09:10:00Z,2026-09-28T09:11:00Z,1.436115,1.437215,1.435415,1.435885
2026-09-28T09:11:00Z,2026-09-28T09:12:00Z,1.435985,1.437195,1.435025,1.436615
2026-09-28T09:12:00Z,2026-09-28T09:13:00Z,1.436665,1.437035,1.434195,1.434605
2026-09-28T09:13:00Z,2026-09-28T09:14:00Z,1.434725,1.435055,1.432865,1.433405
2026-09-28T09:14:00Z,2026-09-28T09:15:00Z,1.433375,1.434815,1.432355,1.433695
2026-09-28T09:15:00Z,2026-09-28T09:16:00Z,1.434035,1.438155,1.433345,1.434095
2026-09-28T09:16:00Z,2026-09-28T09:17:00Z,1.434085,1.437705,1.432665,1.432665
2026-09-28T09:17:00Z,2026-09-28T09:18:00Z,1.432395,1.436865,1.432125,1.436865
2026-09-28T09:18:00Z,2026-09-28T09:19:00Z,1.436685,1.437145,1.434515,1.434595
2026-09-28T09:19:00Z,2026-09-28T09:20:00Z,1.434585,1.435475,1.432675,1.432845
2026-09-28T09:20:00Z,2026-09-28T09:21:00Z,1.432715,1.439325,1.432715,1.439085
2026-09-28T09:21:00Z,2026-09-28T09:22:00Z,1.439135,1.439135,1.436835,1.437585
2026-09-28T09:22:00Z,2026-09-28T09:23:00Z,1.437555,1.442175,1.437015,1.441605
2026-09-28T09:23:00Z,2026-09-28T09:24:00Z,1.441555,1.441555,1.434135,1.434535
2026-09-28T09:24:00Z,2026-09-28T09:25:00Z,1.434385,1.441435,1.434385,1.440665
2026-09-28T09:25:00Z,2026-09-28T09:26:00Z,1.440545,1.440595,1.431735,1.432745
2026-09-28T09:26:00Z,2026-09-28T09:27:00Z,1.432635,1.433885,1.432155,1.433465
2026-09-28T09:27:00Z,2026-09-28T09:28:00Z,1.433445,1.434535,1.430545,1.430855
2026-09-28T09:28:00Z,2026-09-28T09:29:00Z,1.430845,1.431665,1.427765,1.429265
2026-09-28T09:29:00Z,2026-09-28T09:30:00Z,1.429115,1.431585,1.428925,1.431075
2026-09-28T09:30:00Z,2026-09-28T09:31:00Z,1.430865,1.432295,1.429815,1.430545
2026-09-28T09:31:00Z,2026-09-28T09:32:00Z,1.430325,1.431295,1.428775,1.429855
2026-09-28T09:32:00Z,2026-09-28T09:33:00Z,1.429895,1.429895,1.425695,1.426895
2026-09-28T09:33:00Z,2026-09-28T09:34:00Z,1.427015,1.430945,1.425675,1.429255
2026-09-28T09:34:00Z,2026-09-28T09:35:00Z,1.429325,1.430635,1.427405,1.428345
2026-09-28T09:35:00Z,2026-09-28T09:36:00Z,1.428335,1.428475,1.427065,1.427865
2026-09-28T09:36:00Z,2026-09-28T09:37:00Z,1.427835,1.428555,1.425055,1.425755
2026-09-28T09:37:00Z,2026-09-28T09:38:00Z,1.425765,1.425825,1.420965,1.420965
2026-09-28T09:38:00Z,2026-09-28T09:39:00Z,1.420985,1.421085,1.418515,1.420325
2026-09-28T09:39:00Z,2026-09-28T09:40:00Z,1.420555,1.420555,1.416155,1.418085
2026-09-28T09:40:00Z,2026-09-28T09:41:00Z,1.418145,1.422715,1.417715,1.422715
2026-09-28T09:41:00Z,2026-09-28T09:42:00Z,1.422745,1.423205,1.416135,1.417465
2026-09-28T09:42:00Z,2026-09-28T09:43:00Z,1.417555,1.418175,1.414805,1.415375
2026-09-28T09:43:00Z,2026-09-28T09:44:00Z,1.415615,1.415905,1.413995,1.414825
2026-09-28T09:44:00Z,2026-09-28T09:45:00Z,1.414905,1.419285,1.413255,1.418245
2026-09-28T09:45:00Z,2026-09-28T09:46:00Z,1.418195,1.420605,1.417715,1.419815
2026-09-28T09:46:00Z,2026-09-28T09:47:00Z,1.419675,1.419675,1.415505,1.416315
2026-09-28T09:47:00Z,2026-09-28T09:48:00Z,1.416355,1.417775,1.414775,1.414855
2026-09-28T09:48:00Z,2026-09-28T09:49:00Z,1.414925,1.415625,1.413875,1.414855
2026-09-28T09:49:00Z,2026-09-28T09:50:00Z,1.414875,1.415615,1.412705,1.415575
2026-09-28T09:50:00Z,2026-09-28T09:51:00Z,1.415595,1.415595,1.413605,1.414185
2026-09-28T09:51:00Z,2026-09-28T09:52:00Z,1.414175,1.415985,1.414065,1.415985
2026-09-28T09:52:00Z,2026-09-28T09:53:00Z,1.416055,1.418505,1.416055,1.418135
2026-09-28T09:53:00Z,2026-09-28T09:54:00Z,1.418185,1.420185,1.417825,1.420115
2026-09-28T09:54:00Z,2026-09-28T09:55:00Z,1.420275,1.424375,1.420275,1.424035
2026-09-28T09:55:00Z,2026-09-28T09:56:00Z,1.424195,1.424275,1.421555,1.421865
2026-09-28T09:56:00Z,2026-09-28T09:57:00Z,1.421885,1.424145,1.419835,1.423955
2026-09-28T09:57:00Z,2026-09-28T09:58:00Z,1.424025,1.425605,1.423215,1.425435
2026-09-28T09:58:00Z,2026-09-28T09:59:00Z,1.425365,1.427345,1.423595,1.425385
2026-09-28T09:59:00Z,2026-09-28T10:00:00Z,1.425465,1.425475,1.419505,1.422175
2026-09-28T10:00:00Z,2026-09-28T10:01:00Z,1.422155,1.424605,1.421155,1.424605
2026-09-28T10:01:00Z,2026-09-28T10:02:00Z,1.424675,1.425135,1.423665,1.423665
2026-09-28T10:02:00Z,2026-09-28T10:03:00Z,1.423845,1.426055,1.423295,1.425555
2026-09-28T10:03:00Z,2026-09-28T10:04:00Z,1.425625,1.426235,1.424125,1.425065
2026-09-28T10:04:00Z,2026-09-28T10:05:00Z,1.425135,1.426505,1.423445,1.424455
2026-09-28T10:05:00Z,2026-09-28T10:06:00Z,1.424485,1.424665,1.421955,1.422965
2026-09-28T10:06:00Z,2026-09-28T10:07:00Z,1.422935,1.424965,1.421535,1.421615
2026-09-28T10:07:00Z,2026-09-28T10:08:00Z,1.421645,1.424055,1.421395,1.422755
2026-09-28T10:08:00Z,2026-09-28T10:09:00Z,1.422525,1.427375,1.422455,1.426925
2026-09-28T10:09:00Z,2026-09-28T10:10:00Z,1.426815,1.427355,1.422825,1.423665
2026-09-28T10:10:00Z,2026-09-28T10:11:00Z,1.423545,1.424695,1.421705,1.421705
2026-09-28T10:11:00Z,2026-09-28T10:12:00Z,1.421605,1.423585,1.421355,1.423375
2026-09-28T10:12:00Z,2026-09-28T10:13:00Z,1.423335,1.426055,1.423185,1.423605
2026-09-28T10:13:00Z,2026-09-28T10:14:00Z,1.423475,1.429995,1.422985,1.429555
2026-09-28T10:14:00Z,2026-09-28T10:15:00Z,1.429585,1.431335,1.428175,1.431115
2026-09-28T10:15:00Z,2026-09-28T10:16:00Z,1.430905,1.431945,1.429335,1.430815
2026-09-28T10:16:00Z,2026-09-28T10:17:00Z,1.430675,1.431035,1.427065,1.427585
2026-09-28T10:17:00Z,2026-09-28T10:18:00Z,1.428045,1.429885,1.427095,1.427355
2026-09-28T10:18:00Z,2026-09-28T10:19:00Z,1.427385,1.427455,1.425335,1.426575
2026-09-28T10:19:00Z,2026-09-28T10:20:00Z,1.426535,1.426585,1.423965,1.424465
2026-09-28T10:20:00Z,2026-09-28T10:21:00Z,1.424555,1.427005,1.424365,1.425675
2026-09-28T10:21:00Z,2026-09-28T10:22:00Z,1.425465,1.426855,1.423325,1.426355
2026-09-28T10:22:00Z,2026-09-28T10:23:00Z,1.426265,1.428625,1.424945,1.425865
2026-09-28T10:23:00Z,2026-09-28T10:24:00Z,1.425845,1.427495,1.425345,1.426255
2026-09-28T10:24:00Z,2026-09-28T10:25:00Z,1.426235,1.427475,1.426035,1.426385
2026-09-28T10:25:00Z,2026-09-28T10:26:00Z,1.426495,1.427765,1.424665,1.425145
2026-09-28T10:26:00Z,2026-09-28T10:27:00Z,1.425095,1.429255,1.424405,1.429255
2026-09-28T10:27:00Z,2026-09-28T10:28:00Z,1.429235,1.431965,1.426045,1.431185
2026-09-28T10:28:00Z,2026-09-28T10:29:00Z,1.431225,1.434365,1.430725,1.433245
2026-09-28T10:29:00Z,2026-09-28T10:30:00Z,1.433165,1.435615,1.432375,1.432405
2026-09-28T10:30:00Z,2026-09-28T10:31:00Z,1.432455,1.434745,1.431785,1.433905
2026-09-28T10:31:00Z,2026-09-28T10:32:00Z,1.433665,1.433825,1.429585,1.430045
2026-09-28T10:32:00Z,2026-09-28T10:33:00Z,1.429965,1.432245,1.429015,1.432125
2026-09-28T10:33:00Z,2026-09-28T10:34:00Z,1.431975,1.431995,1.427595,1.427715
2026-09-28T10:34:00Z,2026-09-28T10:35:00Z,1.427775,1.429875,1.427545,1.428435
2026-09-28T10:35:00Z,2026-09-28T10:36:00Z,1.428505,1.429665,1.427445,1.429435
2026-09-28T10:36:00Z,2026-09-28T10:37:00Z,1.429605,1.429745,1.427475,1.429275
2026-09-28T10:37:00Z,2026-09-28T10:38:00Z,1.429335,1.429505,1.424615,1.426225
2026-09-28T10:38:00Z,2026-09-28T10:39:00Z,1.426205,1.429235,1.425825,1.428535
2026-09-28T10:39:00Z,2026-09-28T10:40:00Z,1.428595,1.429895,1.427615,1.429575
2026-09-28T10:40:00Z,2026-09-28T10:41:00Z,1.429585,1.429765,1.426845,1.427485
2026-09-28T10:41:00Z,2026-09-28T10:42:00Z,1.427415,1.427695,1.425155,1.426335
2026-09-28T10:42:00Z,2026-09-28T10:43:00Z,1.426325,1.430785,1.426085,1.430785
2026-09-28T10:43:00Z,2026-09-28T10:44:00Z,1.430925,1.439585,1.429315,1.439585
2026-09-28T10:44:00Z,2026-09-28T10:45:00Z,1.439595,1.442335,1.439535,1.442085
2026-09-28T10:45:00Z,2026-09-28T10:46:00Z,1.441985,1.443775,1.441805,1.441895
2026-09-28T10:46:00Z,2026-09-28T10:47:00Z,1.441885,1.442535,1.439755,1.440555
2026-09-28T10:47:00Z,2026-09-28T10:48:00Z,1.440775,1.441045,1.438215,1.439185
2026-09-28T10:48:00Z,2026-09-28T10:49:00Z,1.439315,1.440535,1.438015,1.440435
2026-09-28T10:49:00Z,2026-09-28T10:50:00Z,1.440495,1.444085,1.440465,1.444085
2026-09-28T10:50:00Z,2026-09-28T10:51:00Z,1.444075,1.444725,1.441085,1.441825
2026-09-28T10:51:00Z,2026-09-28T10:52:00Z,1.441775,1.442545,1.439155,1.442185
2026-09-28T10:52:00Z,2026-09-28T10:53:00Z,1.441845,1.442805,1.439865,1.441325
2026-09-28T10:53:00Z,2026-09-28T10:54:00Z,1.441355,1.441665,1.437505,1.438865
2026-09-28T10:54:00Z,2026-09-28T10:55:00Z,1.438965,1.440845,1.437935,1.438435
2026-09-28T10:55:00Z,2026-09-28T10:56:00Z,1.438285,1.439295,1.436605,1.437435
2026-09-28T10:56:00Z,2026-09-28T10:57:00Z,1.437545,1.440985,1.437545,1.440285
2026-09-28T10:57:00Z,2026-09-28T10:58:00Z,1.440245,1.440255,1.438385,1.438485
2026-09-28T10:58:00Z,2026-09-28T10:59:00Z,1.438535,1.439265,1.431555,1.431785
2026-09-28T10:59:00Z,2026-09-28T11:00:00Z,1.431665,1.432315,1.429985,1.430175
2026-09-28T11:00:00Z,2026-09-28T11:01:00Z,1.430145,1.431805,1.429795,1.431475
2026-09-28T11:01:00Z,2026-09-28T11:02:00Z,1.431465,1.432625,1.430715,1.432165
2026-09-28T11:02:00Z,2026-09-28T11:03:00Z,1.432115,1.433835,1.430075,1.430355
2026-09-28T11:03:00Z,2026-09-28T11:04:00Z,1.430465,1.430465,1.426665,1.427515
2026-09-28T11:04:00Z,2026-09-28T11:05:00Z,1.427425,1.429055,1.426285,1.429055
2026-09-28T11:05:00Z,2026-09-28T11:06:00Z,1.429065,1.431235,1.428645,1.430005
2026-09-28T11:06:00Z,2026-09-28T11:07:00Z,1.429945,1.430805,1.427535,1.428175
2026-09-28T11:07:00Z,2026-09-28T11:08:00Z,1.428485,1.428625,1.425465,1.426655
2026-09-28T11:08:00Z,2026-09-28T11:09:00Z,1.426635,1.428005,1.425415,1.427235
2026-09-28T11:09:00Z,2026-09-28T11:10:00Z,1.427125,1.427135,1.425415,1.425985
2026-09-28T11:10:00Z,2026-09-28T11:11:00Z,1.426035,1.430875,1.426035,1.430295
2026-09-28T11:11:00Z,2026-09-28T11:12:00Z,1.430185,1.430745,1.423555,1.423695
2026-09-28T11:12:00Z,2026-09-28T11:13:00Z,1.423775,1.426985,1.423265,1.426115
2026-09-28T11:13:00Z,2026-09-28T11:14:00Z,1.425955,1.427015,1.424445,1.425305
2026-09-28T11:14:00Z,2026-09-28T11:15:00Z,1.425165,1.427175,1.424245,1.427015
2026-09-28T11:15:00Z,2026-09-28T11:16:00Z,1.426945,1.427695,1.421095,1.421945
2026-09-28T11:16:00Z,2026-09-28T11:17:00Z,1.421965,1.422625,1.418015,1.418025
2026-09-28T11:17:00Z,2026-09-28T11:18:00Z,1.418045,1.419925,1.417025,1.417245
2026-09-28T11:18:00Z,2026-09-28T11:19:00Z,1.416865,1.417105,1.413345,1.413515
2026-09-28T11:19:00Z,2026-09-28T11:20:00Z,1.413435,1.415015,1.410855,1.412655
2026-09-28T11:20:00Z,2026-09-28T11:21:00Z,1.412465,1.413225,1.408965,1.409945
2026-09-28T11:21:00Z,2026-09-28T11:22:00Z,1.409985,1.410615,1.407845,1.408005
2026-09-28T11:22:00Z,2026-09-28T11:23:00Z,1.407575,1.408815,1.407105,1.408195
2026-09-28T11:23:00Z,2026-09-28T11:24:00Z,1.408235,1.410565,1.406915,1.409845
2026-09-28T11:24:00Z,2026-09-28T11:25:00Z,1.409815,1.410635,1.407725,1.408405
2026-09-28T11:25:00Z,2026-09-28T11:26:00Z,1.408425,1.409705,1.408375,1.408815
2026-09-28T11:26:00Z,2026-09-28T11:27:00Z,1.408785,1.410165,1.407095,1.410165
2026-09-28T11:27:00Z,2026-09-28T11:28:00Z,1.410295,1.410525,1.405765,1.405815
2026-09-28T11:28:00Z,2026-09-28T11:29:00Z,1.405715,1.406615,1.402825,1.402985
2026-09-28T11:29:00Z,2026-09-28T11:30:00Z,1.402945,1.403465,1.401095,1.401895
2026-09-28T11:30:00Z,2026-09-28T11:31:00Z,1.401835,1.405585,1.401645,1.404725
2026-09-28T11:31:00Z,2026-09-28T11:32:00Z,1.404645,1.405255,1.403915,1.404275
2026-09-28T11:32:00Z,2026-09-28T11:33:00Z,1.404385,1.404945,1.403155,1.403395
2026-09-28T11:33:00Z,2026-09-28T11:34:00Z,1.404825,1.405645,1.404035,1.405505
2026-09-28T11:34:00Z,2026-09-28T11:35:00Z,1.405685,1.406345,1.404425,1.404865
2026-09-28T11:35:00Z,2026-09-28T11:36:00Z,1.404725,1.405865,1.402145,1.405865
2026-09-28T11:36:00Z,2026-09-28T11:37:00Z,1.405885,1.408115,1.405705,1.406945
2026-09-28T11:37:00Z,2026-09-28T11:38:00Z,1.406935,1.409085,1.405685,1.408905
2026-09-28T11:38:00Z,2026-09-28T11:39:00Z,1.408545,1.409175,1.406255,1.407955
2026-09-28T11:39:00Z,2026-09-28T11:40:00Z,1.407885,1.409715,1.406065,1.406255
2026-09-28T11:40:00Z,2026-09-28T11:41:00Z,1.406015,1.408015,1.405045,1.407735
2026-09-28T11:41:00Z,2026-09-28T11:42:00Z,1.407845,1.409625,1.406485,1.408215
2026-09-28T11:42:00Z,2026-09-28T11:43:00Z,1.408095,1.408655,1.405515,1.408215
2026-09-28T11:43:00Z,2026-09-28T11:44:00Z,1.408065,1.409195,1.407105,1.408395
2026-09-28T11:44:00Z,2026-09-28T11:45:00Z,1.408355,1.409085,1.407785,1.408375
2026-09-28T11:45:00Z,2026-09-28T11:46:00Z,1.408365,1.411305,1.408055,1.411305
2026-09-28T11:46:00Z,2026-09-28T11:47:00Z,1.411325,1.415635,1.411325,1.414615
2026-09-28T11:47:00Z,2026-09-28T11:48:00Z,1.414575,1.415695,1.413545,1.414235
2026-09-28T11:48:00Z,2026-09-28T11:49:00Z,1.414205,1.415965,1.413735,1.415945
2026-09-28T11:49:00Z,2026-09-28T11:50:00Z,1.416095,1.419345,1.416055,1.416985
2026-09-28T11:50:00Z,2026-09-28T11:51:00Z,1.417005,1.417235,1.414215,1.414545
2026-09-28T11:51:00Z,2026-09-28T11:52:00Z,1.414455,1.415265,1.412225,1.415145
2026-09-28T11:52:00Z,2026-09-28T11:53:00Z,1.415035,1.418145,1.414515,1.418015
2026-09-28T11:53:00Z,2026-09-28T11:54:00Z,1.417945,1.420305,1.417445,1.417745
2026-09-28T11:54:00Z,2026-09-28T11:55:00Z,1.417725,1.418175,1.415815,1.418065
2026-09-28T11:55:00Z,2026-09-28T11:56:00Z,1.418215,1.418515,1.416065,1.418235
2026-09-28T11:56:00Z,2026-09-28T11:57:00Z,1.418265,1.419885,1.415535,1.416325
2026-09-28T11:57:00Z,2026-09-28T11:58:00Z,1.416295,1.416325,1.412635,1.413205
2026-09-28T11:58:00Z,2026-09-28T11:59:00Z,1.413265,1.415315,1.412475,1.415165
2026-09-28T11:59:00Z,2026-09-28T12:00:00Z,1.415215,1.416215,1.413205,1.414785
2026-09-28T12:00:00Z,2026-09-28T12:01:00Z,1.414605,1.416595,1.414105,1.416505
2026-09-28T12:01:00Z,2026-09-28T12:02:00Z,1.416465,1.416765,1.415075,1.416185
2026-09-28T12:02:00Z,2026-09-28T12:03:00Z,1.416075,1.416505,1.414385,1.414415
2026-09-28T12:03:00Z,2026-09-28T12:04:00Z,1.414325,1.414355,1.411695,1.411695
2026-09-28T12:04:00Z,2026-09-28T12:05:00Z,1.411835,1.412485,1.410515,1.410765
2026-09-28T12:05:00Z,2026-09-28T12:06:00Z,1.410845,1.411325,1.407705,1.407745
2026-09-28T12:06:00Z,2026-09-28T12:07:00Z,1.407755,1.408955,1.406365,1.407725
2026-09-28T12:07:00Z,2026-09-28T12:08:00Z,1.407905,1.408135,1.404315,1.405755
2026-09-28T12:08:00Z,2026-09-28T12:09:00Z,1.405715,1.406205,1.404405,1.405755
2026-09-28T12:09:00Z,2026-09-28T12:10:00Z,1.405725,1.408955,1.405725,1.408055
2026-09-28T12:10:00Z,2026-09-28T12:11:00Z,1.408065,1.410345,1.407115,1.410345
2026-09-28T12:11:00Z,2026-09-28T12:12:00Z,1.410425,1.414225,1.410385,1.413035
2026-09-28T12:12:00Z,2026-09-28T12:13:00Z,1.412995,1.416235,1.412885,1.415075
2026-09-28T12:13:00Z,2026-09-28T12:14:00Z,1.415035,1.416025,1.410675,1.410675
2026-09-28T12:14:00Z,2026-09-28T12:15:00Z,1.410715,1.412255,1.409645,1.410265
2026-09-28T12:15:00Z,2026-09-28T12:16:00Z,1.410315,1.410915,1.407925,1.408585
2026-09-28T12:16:00Z,2026-09-28T12:17:00Z,1.408555,1.410655,1.408195,1.409745
2026-09-28T12:17:00Z,2026-09-28T12:18:00Z,1.409705,1.412965,1.409705,1.412945
2026-09-28T12:18:00Z,2026-09-28T12:19:00Z,1.412925,1.413905,1.410665,1.411595
2026-09-28T12:19:00Z,2026-09-28T12:20:00Z,1.411205,1.411345,1.409935,1.411065
2026-09-28T12:20:00Z,2026-09-28T12:21:00Z,1.410935,1.412845,1.409375,1.412135
2026-09-28T12:21:00Z,2026-09-28T12:22:00Z,1.412185,1.413465,1.410785,1.411365
2026-09-28T12:22:00Z,2026-09-28T12:23:00Z,1.411275,1.411585,1.409555,1.411035
2026-09-28T12:23:00Z,2026-09-28T12:24:00Z,1.410995,1.411675,1.409215,1.411365
2026-09-28T12:24:00Z,2026-09-28T12:25:00Z,1.411275,1.412435,1.407095,1.411985
2026-09-28T12:25:00Z,2026-09-28T12:26:00Z,1.411715,1.412735,1.409265,1.409545
2026-09-28T12:26:00Z,2026-09-28T12:27:00Z,1.409575,1.410225,1.406295,1.406845
2026-09-28T12:27:00Z,2026-09-28T12:28:00Z,1.407025,1.408635,1.406105,1.407535
2026-09-28T12:28:00Z,2026-09-28T12:29:00Z,1.407205,1.407625,1.405325,1.405615
2026-09-28T12:29:00Z,2026-09-28T12:30:00Z,1.405645,1.406255,1.404235,1.404525
2026-09-28T12:30:00Z,2026-09-28T12:31:00Z,1.404505,1.405325,1.403815,1.404885
2026-09-28T12:31:00Z,2026-09-28T12:32:00Z,1.405075,1.407755,1.403835,1.405565
2026-09-28T12:32:00Z,2026-09-28T12:33:00Z,1.405545,1.406365,1.404975,1.405625
2026-09-28T12:33:00Z,2026-09-28T12:34:00Z,1.405735,1.412275,1.405195,1.412275
2026-09-28T12:34:00Z,2026-09-28T12:35:00Z,1.412235,1.414575,1.412025,1.413775
2026-09-28T12:35:00Z,2026-09-28T12:36:00Z,1.413225,1.414165,1.412065,1.412485
2026-09-28T12:36:00Z,2026-09-28T12:37:00Z,1.412505,1.412815,1.410655,1.411695
2026-09-28T12:37:00Z,2026-09-28T12:38:00Z,1.411735,1.412635,1.410385,1.411475
2026-09-28T12:38:00Z,2026-09-28T12:39:00Z,1.411515,1.413895,1.410555,1.413845
2026-09-28T12:39:00Z,2026-09-28T12:40:00Z,1.413445,1.413845,1.409785,1.411465
2026-09-28T12:40:00Z,2026-09-28T12:41:00Z,1.411355,1.413185,1.410775,1.411175
2026-09-28T12:41:00Z,2026-09-28T12:42:00Z,1.411295,1.411645,1.409545,1.409645
2026-09-28T12:42:00Z,2026-09-28T12:43:00Z,1.409665,1.410365,1.405045,1.405405
2026-09-28T12:43:00Z,2026-09-28T12:44:00Z,1.405495,1.405815,1.403105,1.404015
2026-09-28T12:44:00Z,2026-09-28T12:45:00Z,1.404035,1.404165,1.401795,1.403615
2026-09-28T12:45:00Z,2026-09-28T12:46:00Z,1.403505,1.407065,1.403325,1.407065
2026-09-28T12:46:00Z,2026-09-28T12:47:00Z,1.407055,1.407625,1.404205,1.406015
2026-09-28T12:47:00Z,2026-09-28T12:48:00Z,1.406035,1.408785,1.405635,1.408095
2026-09-28T12:48:00Z,2026-09-28T12:49:00Z,1.408025,1.410345,1.406625,1.409495
2026-09-28T12:49:00Z,2026-09-28T12:50:00Z,1.409665,1.410095,1.406965,1.407045
2026-09-28T12:50:00Z,2026-09-28T12:51:00Z,1.406955,1.407725,1.403755,1.403915
2026-09-28T12:51:00Z,2026-09-28T12:52:00Z,1.403945,1.406375,1.403545,1.406135
2026-09-28T12:52:00Z,2026-09-28T12:53:00Z,1.406155,1.407095,1.402705,1.402905
2026-09-28T12:53:00Z,2026-09-28T12:54:00Z,1.402805,1.403045,1.399175,1.401545
2026-09-28T12:54:00Z,2026-09-28T12:55:00Z,1.401475,1.403885,1.400935,1.401715
2026-09-28T12:55:00Z,2026-09-28T12:56:00Z,1.401705,1.402635,1.398645,1.399695
2026-09-28T12:56:00Z,2026-09-28T12:57:00Z,1.399785,1.401765,1.397985,1.401765
2026-09-28T12:57:00Z,2026-09-28T12:58:00Z,1.401575,1.401635,1.399295,1.401045
2026-09-28T12:58:00Z,2026-09-28T12:59:00Z,1.400775,1.408815,1.400775,1.407855
2026-09-28T12:59:00Z,2026-09-28T13:00:00Z,1.407925,1.408545,1.406805,1.407965
2026-09-28T13:00:00Z,2026-09-28T13:01:00Z,1.408055,1.413125,1.408005,1.413065
2026-09-28T13:01:00Z,2026-09-28T13:02:00Z,1.413125,1.414095,1.410755,1.410775
2026-09-28T13:02:00Z,2026-09-28T13:03:00Z,1.410785,1.411105,1.408035,1.408125
2026-09-28T13:03:00Z,2026-09-28T13:04:00Z,1.408095,1.410505,1.406955,1.410075
2026-09-28T13:04:00Z,2026-09-28T13:05:00Z,1.410065,1.411245,1.407845,1.408395
2026-09-28T13:05:00Z,2026-09-28T13:06:00Z,1.408435,1.408995,1.405715,1.405855
2026-09-28T13:06:00Z,2026-09-28T13:07:00Z,1.405805,1.407655,1.405555,1.405875
2026-09-28T13:07:00Z,2026-09-28T13:08:00Z,1.405985,1.406375,1.404595,1.405725
2026-09-28T13:08:00Z,2026-09-28T13:09:00Z,1.405825,1.406975,1.405045,1.405435
2026-09-28T13:09:00Z,2026-09-28T13:10:00Z,1.405425,1.406605,1.403835,1.406035
2026-09-28T13:10:00Z,2026-09-28T13:11:00Z,1.405935,1.408185,1.404135,1.407955
2026-09-28T13:11:00Z,2026-09-28T13:12:00Z,1.407995,1.411045,1.407685,1.410755
2026-09-28T13:12:00Z,2026-09-28T13:13:00Z,1.410685,1.411275,1.408935,1.410205
2026-09-28T13:13:00Z,2026-09-28T13:14:00Z,1.410385,1.410385,1.407665,1.408215
2026-09-28T13:14:00Z,2026-09-28T13:15:00Z,1.408345,1.408915,1.405195,1.408795
2026-09-28T13:15:00Z,2026-09-28T13:16:00Z,1.408905,1.409665,1.407375,1.408825
2026-09-28T13:16:00Z,2026-09-28T13:17:00Z,1.408665,1.409015,1.404325,1.405485
2026-09-28T13:17:00Z,2026-09-28T13:18:00Z,1.405395,1.407295,1.404605,1.407295
2026-09-28T13:18:00Z,2026-09-28T13:19:00Z,1.407715,1.407715,1.404915,1.405925
2026-09-28T13:19:00Z,2026-09-28T13:20:00Z,1.406025,1.406465,1.404215,1.405405
2026-09-28T13:20:00Z,2026-09-28T13:21:00Z,1.405315,1.405685,1.400055,1.400375
2026-09-28T13:21:00Z,2026-09-28T13:22:00Z,1.400425,1.401275,1.398275,1.399785
2026-09-28T13:22:00Z,2026-09-28T13:23:00Z,1.399735,1.400485,1.398305,1.400485
2026-09-28T13:23:00Z,2026-09-28T13:24:00Z,1.400865,1.402585,1.400475,1.401185
2026-09-28T13:24:00Z,2026-09-28T13:25:00Z,1.401245,1.403555,1.401135,1.403235
2026-09-28T13:25:00Z,2026-09-28T13:26:00Z,1.403455,1.406235,1.402975,1.403485
2026-09-28T13:26:00Z,2026-09-28T13:27:00Z,1.403495,1.406435,1.402385,1.405775
2026-09-28T13:27:00Z,2026-09-28T13:28:00Z,1.405785,1.407695,1.404825,1.404825
2026-09-28T13:28:00Z,2026-09-28T13:29:00Z,1.404775,1.404965,1.401875,1.402145
2026-09-28T13:29:00Z,2026-09-28T13:30:00Z,1.401995,1.404495,1.401355,1.403885
2026-09-28T13:30:00Z,2026-09-28T13:31:00Z,1.404105,1.404885,1.399995,1.400445
2026-09-28T13:31:00Z,2026-09-28T13:32:00Z,1.400425,1.400945,1.398365,1.399725
2026-09-28T13:32:00Z,2026-09-28T13:33:00Z,1.399985,1.401515,1.399025,1.399885
2026-09-28T13:33:00Z,2026-09-28T13:34:00Z,1.399775,1.400075,1.396165,1.396845
2026-09-28T13:34:00Z,2026-09-28T13:35:00Z,1.396835,1.397835,1.394775,1.396015
2026-09-28T13:35:00Z,2026-09-28T13:36:00Z,1.395905,1.396465,1.394065,1.394645
2026-09-28T13:36:00Z,2026-09-28T13:37:00Z,1.394695,1.394695,1.390555,1.392475
2026-09-28T13:37:00Z,2026-09-28T13:38:00Z,1.392445,1.394075,1.391775,1.393355
2026-09-28T13:38:00Z,2026-09-28T13:39:00Z,1.393295,1.393335,1.389655,1.390795
2026-09-28T13:39:00Z,2026-09-28T13:40:00Z,1.390925,1.391065,1.386705,1.389185
2026-09-28T13:40:00Z,2026-09-28T13:41:00Z,1.389095,1.391485,1.388705,1.388795
2026-09-28T13:41:00Z,2026-09-28T13:42:00Z,1.388835,1.389575,1.387805,1.388465
2026-09-28T13:42:00Z,2026-09-28T13:43:00Z,1.388425,1.389575,1.386515,1.387005
2026-09-28T13:43:00Z,2026-09-28T13:44:00Z,1.387105,1.388285,1.384995,1.385195
2026-09-28T13:44:00Z,2026-09-28T13:45:00Z,1.385215,1.388045,1.384455,1.385425
2026-09-28T13:45:00Z,2026-09-28T13:46:00Z,1.385275,1.387605,1.384885,1.385905
2026-09-28T13:46:00Z,2026-09-28T13:47:00Z,1.386135,1.390245,1.385685,1.388785
2026-09-28T13:47:00Z,2026-09-28T13:48:00Z,1.388885,1.390705,1.388545,1.390645
2026-09-28T13:48:00Z,2026-09-28T13:49:00Z,1.390735,1.391165,1.385135,1.385195
2026-09-28T13:49:00Z,2026-09-28T13:50:00Z,1.384895,1.386375,1.383325,1.384825
2026-09-28T13:50:00Z,2026-09-28T13:51:00Z,1.385045,1.385465,1.383175,1.385025
2026-09-28T13:51:00Z,2026-09-28T13:52:00Z,1.385285,1.387435,1.385285,1.387055
2026-09-28T13:52:00Z,2026-09-28T13:53:00Z,1.387165,1.387365,1.382575,1.383105
2026-09-28T13:53:00Z,2026-09-28T13:54:00Z,1.383205,1.385125,1.382825,1.383895
2026-09-28T13:54:00Z,2026-09-28T13:55:00Z,1.383905,1.383975,1.380485,1.380485
2026-09-28T13:55:00Z,2026-09-28T13:56:00Z,1.380465,1.380585,1.378345,1.378565
2026-09-28T13:56:00Z,2026-09-28T13:57:00Z,1.378615,1.381015,1.377935,1.380655
2026-09-28T13:57:00Z,2026-09-28T13:58:00Z,1.380715,1.381715,1.379575,1.381455
2026-09-28T13:58:00Z,2026-09-28T13:59:00Z,1.381735,1.386545,1.381225,1.384695
2026-09-28T13:59:00Z,2026-09-28T14:00:00Z,1.384645,1.384855,1.384395,1.384815
2026-09-27T21:22:00Z,2026-09-27T21:23:00Z,1.506775,1.509115,1.505615,1.509035
2026-09-27T21:23:00Z,2026-09-27T21:24:00Z,1.509085,1.510715,1.508045,1.510205
2026-09-27T21:24:00Z,2026-09-27T21:25:00Z,1.510235,1.510235,1.506095,1.506195
2026-09-27T21:25:00Z,2026-09-27T21:26:00Z,1.506135,1.509885,1.506135,1.509765
2026-09-27T21:26:00Z,2026-09-27T21:27:00Z,1.509775,1.513795,1.509775,1.512895
2026-09-27T21:27:00Z,2026-09-27T21:28:00Z,1.512795,1.513245,1.510765,1.512735
2026-09-27T21:28:00Z,2026-09-27T21:29:00Z,1.512685,1.514925,1.510425,1.511025
2026-09-27T21:29:00Z,2026-09-27T21:30:00Z,1.511205,1.511445,1.508915,1.510355
2026-09-27T21:30:00Z,2026-09-27T21:31:00Z,1.510505,1.510835,1.505675,1.506075
2026-09-27T21:31:00Z,2026-09-27T21:32:00Z,1.506015,1.508565,1.505965,1.508275
2026-09-27T21:32:00Z,2026-09-27T21:33:00Z,1.508365,1.510785,1.507695,1.510125
2026-09-27T21:33:00Z,2026-09-27T21:34:00Z,1.510045,1.510095,1.505755,1.506605
2026-09-27T21:34:00Z,2026-09-27T21:35:00Z,1.506685,1.509615,1.506385,1.507705
2026-09-27T21:35:00Z,2026-09-27T21:36:00Z,1.507565,1.511475,1.507285,1.510955
2026-09-27T21:36:00Z,2026-09-27T21:37:00Z,1.511095,1.514035,1.510535,1.512695
2026-09-27T21:37:00Z,2026-09-27T21:38:00Z,1.512665,1.513875,1.510925,1.513495
2026-09-27T21:38:00Z,2026-09-27T21:39:00Z,1.513525,1.514605,1.512265,1.512995
2026-09-27T21:39:00Z,2026-09-27T21:40:00Z,1.512855,1.515945,1.512085,1.512585
2026-09-27T21:40:00Z,2026-09-27T21:41:00Z,1.512745,1.513525,1.509075,1.509595
2026-09-27T21:41:00Z,2026-09-27T21:42:00Z,1.509745,1.513385,1.509565,1.512915
2026-09-27T21:42:00Z,2026-09-27T21:43:00Z,1.513015,1.514135,1.509995,1.510035
2026-09-27T21:43:00Z,2026-09-27T21:44:00Z,1.510065,1.513865,1.509725,1.513255
2026-09-27T21:44:00Z,2026-09-27T21:45:00Z,1.513395,1.514375,1.511765,1.513435
2026-09-27T21:45:00Z,2026-09-27T21:46:00Z,1.513485,1.515295,1.513455,1.514705
2026-09-27T21:46:00Z,2026-09-27T21:47:00Z,1.514905,1.520445,1.514795,1.520445
2026-09-27T21:47:00Z,2026-09-27T21:48:00Z,1.520715,1.524995,1.520515,1.524075
2026-09-27T21:48:00Z,2026-09-27T21:49:00Z,1.524155,1.524435,1.522055,1.522085
2026-09-27T21:49:00Z,2026-09-27T21:50:00Z,1.522385,1.523195,1.517645,1.517865
2026-09-27T21:50:00Z,2026-09-27T21:51:00Z,1.517855,1.519515,1.517095,1.518495
2026-09-27T21:51:00Z,2026-09-27T21:52:00Z,1.518615,1.520555,1.518025,1.518025
2026-09-27T21:52:00Z,2026-09-27T21:53:00Z,1.518035,1.518035,1.512885,1.513225
2026-09-27T21:53:00Z,2026-09-27T21:54:00Z,1.513095,1.516755,1.512515,1.515355
2026-09-27T21:54:00Z,2026-09-27T21:55:00Z,1.515455,1.515585,1.511395,1.512395
2026-09-27T21:55:00Z,2026-09-27T21:56:00Z,1.512385,1.514985,1.512275,1.514245
2026-09-27T21:56:00Z,2026-09-27T21:57:00Z,1.514335,1.517715,1.513875,1.517405
2026-09-27T21:57:00Z,2026-09-27T21:58:00Z,1.517385,1.520075,1.516175,1.520075
2026-09-27T21:58:00Z,2026-09-27T21:59:00Z,1.519975,1.520535,1.516885,1.517235
2026-09-27T21:59:00Z,2026-09-27T22:00:00Z,1.517205,1.518205,1.516275,1.517085
2026-09-27T22:00:00Z,2026-09-27T22:01:00Z,1.517055,1.517165,1.512725,1.513015
2026-09-27T22:01:00Z,2026-09-27T22:02:00Z,1.512925,1.516015,1.512925,1.514995
2026-09-27T22:02:00Z,2026-09-27T22:03:00Z,1.515675,1.518595,1.515255,1.518285
2026-09-27T22:03:00Z,2026-09-27T22:04:00Z,1.518255,1.522365,1.518115,1.521305
2026-09-27T22:04:00Z,2026-09-27T22:05:00Z,1.521335,1.521595,1.517265,1.517745
2026-09-27T22:05:00Z,2026-09-27T22:06:00Z,1.517885,1.518695,1.516675,1.518615
2026-09-27T22:06:00Z,2026-09-27T22:07:00Z,1.518545,1.519045,1.516825,1.518945
2026-09-27T22:07:00Z,2026-09-27T22:08:00Z,1.519005,1.522535,1.518965,1.521535
2026-09-27T22:08:00Z,2026-09-27T22:09:00Z,1.521825,1.524085,1.521085,1.523235
2026-09-27T22:09:00Z,2026-09-27T22:10:00Z,1.522785,1.523285,1.519565,1.522915
2026-09-27T22:10:00Z,2026-09-27T22:11:00Z,1.523075,1.524975,1.522365,1.523775
2026-09-27T22:11:00Z,2026-09-27T22:12:00Z,1.523985,1.526625,1.522235,1.522685
2026-09-27T22:12:00Z,2026-09-27T22:13:00Z,1.522475,1.522695,1.520325,1.521445
2026-09-27T22:13:00Z,2026-09-27T22:14:00Z,1.521475,1.523565,1.520535,1.523565
2026-09-27T22:14:00Z,2026-09-27T22:15:00Z,1.523575,1.526535,1.523385,1.526535
2026-09-27T22:15:00Z,2026-09-27T22:16:00Z,1.526025,1.526735,1.524275,1.525425
2026-09-27T22:16:00Z,2026-09-27T22:17:00Z,1.525445,1.525445,1.521245,1.522915
2026-09-27T22:17:00Z,2026-09-27T22:18:00Z,1.522355,1.522795,1.519345,1.519925
2026-09-27T22:18:00Z,2026-09-27T22:19:00Z,1.519815,1.521145,1.518925,1.519705
2026-09-27T22:19:00Z,2026-09-27T22:20:00Z,1.519945,1.520715,1.518165,1.518165
2026-09-27T22:20:00Z,2026-09-27T22:21:00Z,1.518155,1.519905,1.517625,1.518435
2026-09-27T22:21:00Z,2026-09-27T22:22:00Z,1.518545,1.520645,1.518545,1.519505
2026-09-27T22:22:00Z,2026-09-27T22:23:00Z,1.519495,1.521115,1.516615,1.516615
2026-09-27T22:23:00Z,2026-09-27T22:24:00Z,1.516655,1.517665,1.515145,1.516935
2026-09-27T22:24:00Z,2026-09-27T22:25:00Z,1.517055,1.520115,1.516495,1.520015
2026-09-27T22:25:00Z,2026-09-27T22:26:00Z,1.520025,1.522225,1.517845,1.520935
2026-09-27T22:26:00Z,2026-09-27T22:27:00Z,1.520925,1.524015,1.520665,1.523525
2026-09-27T22:27:00Z,2026-09-27T22:28:00Z,1.523515,1.523515,1.521255,1.522685
2026-09-27T22:28:00Z,2026-09-27T22:29:00Z,1.522675,1.522795,1.517265,1.517925
2026-09-27T22:29:00Z,2026-09-27T22:30:00Z,1.517945,1.523105,1.517945,1.521735
2026-09-27T22:30:00Z,2026-09-27T22:31:00Z,1.521535,1.524525,1.521305,1.521345
2026-09-27T22:31:00Z,2026-09-27T22:32:00Z,1.521325,1.522005,1.519155,1.520045
2026-09-27T22:32:00Z,2026-09-27T22:33:00Z,1.520005,1.520585,1.517185,1.517375
2026-09-27T22:33:00Z,2026-09-27T22:34:00Z,1.517335,1.519545,1.516995,1.517185
2026-09-27T22:34:00Z,2026-09-27T22:35:00Z,1.517245,1.518505,1.516635,1.517525
2026-09-27T22:35:00Z,2026-09-27T22:36:00Z,1.517405,1.518995,1.516915,1.517345
2026-09-27T22:36:00Z,2026-09-27T22:37:00Z,1.517365,1.518385,1.515365,1.516345
2026-09-27T22:37:00Z,2026-09-27T22:38:00Z,1.516235,1.517535,1.516015,1.516685
2026-09-27T22:38:00Z,2026-09-27T22:39:00Z,1.516725,1.517315,1.513835,1.515215
2026-09-27T22:39:00Z,2026-09-27T22:40:00Z,1.515205,1.516475,1.513285,1.514975
2026-09-27T22:40:00Z,2026-09-27T22:41:00Z,1.514755,1.514755,1.511245,1.513235
2026-09-27T22:41:00Z,2026-09-27T22:42:00Z,1.513195,1.513195,1.510345,1.510665
2026-09-27T22:42:00Z,2026-09-27T22:43:00Z,1.510645,1.514875,1.510085,1.514315
2026-09-27T22:43:00Z,2026-09-27T22:44:00Z,1.514305,1.517205,1.513635,1.516505
2026-09-27T22:44:00Z,2026-09-27T22:45:00Z,1.516525,1.516625,1.514205,1.516105
2026-09-27T22:45:00Z,2026-09-27T22:46:00Z,1.516195,1.516425,1.513345,1.513485
2026-09-27T22:46:00Z,2026-09-27T22:47:00Z,1.513625,1.513645,1.511255,1.512575
2026-09-27T22:47:00Z,2026-09-27T22:48:00Z,1.512745,1.513945,1.509565,1.511795
2026-09-27T22:48:00Z,2026-09-27T22:49:00Z,1.511725,1.511725,1.509145,1.510585
2026-09-27T22:49:00Z,2026-09-27T22:50:00Z,1.510265,1.510785,1.505875,1.506025
2026-09-27T22:50:00Z,2026-09-27T22:51:00Z,1.506065,1.506285,1.504235,1.505125
2026-09-27T22:51:00Z,2026-09-27T22:52:00Z,1.505185,1.507745,1.503795,1.507175
2026-09-27T22:52:00Z,2026-09-27T22:53:00Z,1.507235,1.508055,1.505455,1.507905
2026-09-27T22:53:00Z,2026-09-27T22:54:00Z,1.507875,1.508025,1.504915,1.505505
2026-09-27T22:54:00Z,2026-09-27T22:55:00Z,1.505535,1.506725,1.504455,1.505045
2026-09-27T22:55:00Z,2026-09-27T22:56:00Z,1.504885,1.505975,1.503345,1.504405
2026-09-27T22:56:00Z,2026-09-27T22:57:00Z,1.504315,1.505065,1.502495,1.505065
2026-09-27T22:57:00Z,2026-09-27T22:58:00Z,1.505005,1.505665,1.502975,1.504565
2026-09-27T22:58:00Z,2026-09-27T22:59:00Z,1.504685,1.505315,1.502745,1.502965
2026-09-27T22:59:00Z,2026-09-27T23:00:00Z,1.502765,1.505155,1.502275,1.504255
2026-09-27T23:00:00Z,2026-09-27T23:01:00Z,1.504205,1.504895,1.502495,1.504125
2026-09-27T23:01:00Z,2026-09-27T23:02:00Z,1.504785,1.506825,1.503615,1.505155
2026-09-27T23:02:00Z,2026-09-27T23:03:00Z,1.505195,1.506145,1.503085,1.503105
2026-09-27T23:03:00Z,2026-09-27T23:04:00Z,1.503165,1.503475,1.500015,1.500015
2026-09-27T23:04:00Z,2026-09-27T23:05:00Z,1.500025,1.501285,1.498575,1.500325
2026-09-27T23:05:00Z,2026-09-27T23:06:00Z,1.500365,1.501355,1.499255,1.499365
2026-09-27T23:06:00Z,2026-09-27T23:07:00Z,1.499355,1.499775,1.497295,1.497745
2026-09-27T23:07:00Z,2026-09-27T23:08:00Z,1.497555,1.501255,1.497185,1.498815
2026-09-27T23:08:00Z,2026-09-27T23:09:00Z,1.498845,1.500945,1.497835,1.497855
2026-09-27T23:09:00Z,2026-09-27T23:10:00Z,1.498025,1.498225,1.493895,1.493895
2026-09-27T23:10:00Z,2026-09-27T23:11:00Z,1.493155,1.493435,1.491335,1.491945
2026-09-27T23:11:00Z,2026-09-27T23:12:00Z,1.492155,1.496335,1.492145,1.495935
2026-09-27T23:12:00Z,2026-09-27T23:13:00Z,1.496165,1.496185,1.488495,1.488675
2026-09-27T23:13:00Z,2026-09-27T23:14:00Z,1.489335,1.489335,1.485655,1.486225
2026-09-27T23:14:00Z,2026-09-27T23:15:00Z,1.485985,1.486365,1.484155,1.485595
2026-09-27T23:15:00Z,2026-09-27T23:16:00Z,1.485535,1.489315,1.485185,1.488995
2026-09-27T23:16:00Z,2026-09-27T23:17:00Z,1.488975,1.489585,1.486465,1.488435
2026-09-27T23:17:00Z,2026-09-27T23:18:00Z,1.488545,1.490005,1.488305,1.489495
2026-09-27T23:18:00Z,2026-09-27T23:19:00Z,1.489415,1.489415,1.485765,1.486025
2026-09-27T23:19:00Z,2026-09-27T23:20:00Z,1.485825,1.486405,1.484725,1.485205
2026-09-27T23:20:00Z,2026-09-27T23:21:00Z,1.485075,1.488035,1.484575,1.487425
2026-09-27T23:21:00Z,2026-09-27T23:22:00Z,1.487385,1.487405,1.485655,1.487245
2026-09-27T23:22:00Z,2026-09-27T23:23:00Z,1.487235,1.487605,1.483735,1.483845
2026-09-27T23:23:00Z,2026-09-27T23:24:00Z,1.483645,1.485025,1.482415,1.483395
2026-09-27T23:24:00Z,2026-09-27T23:25:00Z,1.483295,1.485465,1.482575,1.483105
2026-09-27T23:25:00Z,2026-09-27T23:26:00Z,1.482825,1.483905,1.481685,1.482885
2026-09-27T23:26:00Z,2026-09-27T23:27:00Z,1.482765,1.483455,1.479975,1.481355
2026-09-27T23:27:00Z,2026-09-27T23:28:00Z,1.481365,1.481545,1.478155,1.478325
2026-09-27T23:28:00Z,2026-09-27T23:29:00Z,1.478565,1.479855,1.476835,1.478745
2026-09-27T23:29:00Z,2026-09-27T23:30:00Z,1.478645,1.481025,1.478495,1.478655
2026-09-27T23:30:00Z,2026-09-27T23:31:00Z,1.478675,1.479885,1.477025,1.479645
2026-09-27T23:31:00Z,2026-09-27T23:32:00Z,1.479655,1.480415,1.477665,1.479125
2026-09-27T23:32:00Z,2026-09-27T23:33:00Z,1.479015,1.482025,1.477305,1.477665
2026-09-27T23:33:00Z,2026-09-27T23:34:00Z,1.477685,1.479155,1.476495,1.479065
2026-09-27T23:34:00Z,2026-09-27T23:35:00Z,1.478885,1.480535,1.477705,1.477705
2026-09-27T23:35:00Z,2026-09-27T23:36:00Z,1.477755,1.477845,1.474335,1.475885
2026-09-27T23:36:00Z,2026-09-27T23:37:00Z,1.476045,1.478505,1.475215,1.477805
2026-09-27T23:37:00Z,2026-09-27T23:38:00Z,1.477895,1.477945,1.472995,1.473005
2026-09-27T23:38:00Z,2026-09-27T23:39:00Z,1.473035,1.474065,1.470195,1.470955
2026-09-27T23:39:00Z,2026-09-27T23:40:00Z,1.470895,1.472835,1.470615,1.471065
2026-09-27T23:40:00Z,2026-09-27T23:41:00Z,1.471175,1.473025,1.471035,1.472795
2026-09-27T23:41:00Z,2026-09-27T23:42:00Z,1.472845,1.473995,1.470635,1.471505
2026-09-27T23:42:00Z,2026-09-27T23:43:00Z,1.471465,1.476865,1.471365,1.475205
2026-09-27T23:43:00Z,2026-09-27T23:44:00Z,1.475085,1.475095,1.471845,1.473365
2026-09-27T23:44:00Z,2026-09-27T23:45:00Z,1.473255,1.474045,1.470475,1.472465
2026-09-27T23:45:00Z,2026-09-27T23:46:00Z,1.472625,1.474515,1.471715,1.474325
2026-09-27T23:46:00Z,2026-09-27T23:47:00Z,1.474315,1.474325,1.471205,1.472595
2026-09-27T23:47:00Z,2026-09-27T23:48:00Z,1.472675,1.473175,1.465485,1.466975
2026-09-27T23:48:00Z,2026-09-27T23:49:00Z,1.466895,1.470335,1.465945,1.466075
2026-09-27T23:49:00Z,2026-09-27T23:50:00Z,1.466125,1.466405,1.463895,1.464185
2026-09-27T23:50:00Z,2026-09-27T23:51:00Z,1.464195,1.466435,1.462495,1.462495
2026-09-27T23:51:00Z,2026-09-27T23:52:00Z,1.462425,1.463845,1.460545,1.461665
2026-09-27T23:52:00Z,2026-09-27T23:53:00Z,1.461655,1.463015,1.461135,1.461175
2026-09-27T23:53:00Z,2026-09-27T23:54:00Z,1.460995,1.461775,1.460075,1.460465
2026-09-27T23:54:00Z,2026-09-27T23:55:00Z,1.460165,1.463075,1.460015,1.462405
2026-09-27T23:55:00Z,2026-09-27T23:56:00Z,1.462445,1.466155,1.461955,1.465725
2026-09-27T23:56:00Z,2026-09-27T23:57:00Z,1.465615,1.468445,1.465615,1.465945
2026-09-27T23:57:00Z,2026-09-27T23:58:00Z,1.466065,1.469455,1.465135,1.469425
2026-09-27T23:58:00Z,2026-09-27T23:59:00Z,1.469435,1.472415,1.468795,1.471545
2026-09-27T23:59:00Z,2026-09-28T00:00:00Z,1.471615,1.473075,1.471255,1.472575
2026-09-28T00:00:00Z,2026-09-28T00:01:00Z,1.472815,1.474445,1.471675,1.473345
2026-09-28T00:01:00Z,2026-09-28T00:02:00Z,1.473315,1.473585,1.469085,1.469745
2026-09-28T00:02:00Z,2026-09-28T00:03:00Z,1.469435,1.469485,1.466745,1.467905
2026-09-28T00:03:00Z,2026-09-28T00:04:00Z,1.467955,1.468775,1.467065,1.467935
2026-09-28T00:04:00Z,2026-09-28T00:05:00Z,1.468025,1.472135,1.467345,1.470685
2026-09-28T00:05:00Z,2026-09-28T00:06:00Z,1.470515,1.472165,1.469135,1.471325
2026-09-28T00:06:00Z,2026-09-28T00:07:00Z,1.471505,1.472435,1.468515,1.468655
2026-09-28T00:07:00Z,2026-09-28T00:08:00Z,1.468565,1.469605,1.467325,1.468965
2026-09-28T00:08:00Z,2026-09-28T00:09:00Z,1.468795,1.469045,1.467295,1.467775
2026-09-28T00:09:00Z,2026-09-28T00:10:00Z,1.467625,1.471285,1.465895,1.470875
2026-09-28T00:10:00Z,2026-09-28T00:11:00Z,1.471075,1.475365,1.470705,1.474955
2026-09-28T00:11:00Z,2026-09-28T00:12:00Z,1.474885,1.474975,1.472615,1.473085
2026-09-28T00:12:00Z,2026-09-28T00:13:00Z,1.473155,1.473155,1.467915,1.468375
2026-09-28T00:13:00Z,2026-09-28T00:14:00Z,1.468495,1.469445,1.467135,1.469445
2026-09-28T00:14:00Z,2026-09-28T00:15:00Z,1.469525,1.470285,1.467245,1.470175
2026-09-28T00:15:00Z,2026-09-28T00:16:00Z,1.470215,1.471605,1.469275,1.471275
2026-09-28T00:16:00Z,2026-09-28T00:17:00Z,1.471295,1.471295,1.468065,1.468175
2026-09-28T00:17:00Z,2026-09-28T00:18:00Z,1.468155,1.468845,1.465125,1.467935
2026-09-28T00:18:00Z,2026-09-28T00:19:00Z,1.467815,1.468345,1.466025,1.466025
2026-09-28T00:19:00Z,2026-09-28T00:20:00Z,1.466005,1.466755,1.464085,1.466045
2026-09-28T00:20:00Z,2026-09-28T00:21:00Z,1.465985,1.467275,1.465725,1.465965
2026-09-28T00:21:00Z,2026-09-28T00:22:00Z,1.465885,1.468405,1.464275,1.467865
2026-09-28T00:22:00Z,2026-09-28T00:23:00Z,1.467775,1.468635,1.465225,1.468485
2026-09-28T00:23:00Z,2026-09-28T00:24:00Z,1.469085,1.470375,1.467885,1.469445
2026-09-28T00:24:00Z,2026-09-28T00:25:00Z,1.469585,1.473105,1.469385,1.472375
2026-09-28T00:25:00Z,2026-09-28T00:26:00Z,1.472285,1.473405,1.471465,1.473335
2026-09-28T00:26:00Z,2026-09-28T00:27:00Z,1.473385,1.473385,1.471115,1.471755
2026-09-28T00:27:00Z,2026-09-28T00:28:00Z,1.471735,1.473455,1.470705,1.471155
2026-09-28T00:28:00Z,2026-09-28T00:29:00Z,1.471215,1.472035,1.468595,1.469575
2026-09-28T00:29:00Z,2026-09-28T00:30:00Z,1.469745,1.473215,1.469555,1.470225
2026-09-28T00:30:00Z,2026-09-28T00:31:00Z,1.470185,1.471975,1.469355,1.471975
2026-09-28T00:31:00Z,2026-09-28T00:32:00Z,1.471895,1.472785,1.469485,1.469845
2026-09-28T00:32:00Z,2026-09-28T00:33:00Z,1.469855,1.472825,1.469265,1.472475
2026-09-28T00:33:00Z,2026-09-28T00:34:00Z,1.472185,1.473935,1.471305,1.472605
2026-09-28T00:34:00Z,2026-09-28T00:35:00Z,1.472555,1.476195,1.472075,1.473485
2026-09-28T00:35:00Z,2026-09-28T00:36:00Z,1.473715,1.475065,1.472105,1.472375
2026-09-28T00:36:00Z,2026-09-28T00:37:00Z,1.472225,1.474115,1.470985,1.472755
2026-09-28T00:37:00Z,2026-09-28T00:38:00Z,1.472555,1.474035,1.472485,1.472485
2026-09-28T00:38:00Z,2026-09-28T00:39:00Z,1.472535,1.472925,1.469785,1.469785
2026-09-28T00:39:00Z,2026-09-28T00:40:00Z,1.469665,1.471595,1.469505,1.470735
2026-09-28T00:40:00Z,2026-09-28T00:41:00Z,1.470715,1.472985,1.469495,1.471285
2026-09-28T00:41:00Z,2026-09-28T00:42:00Z,1.471275,1.471695,1.468525,1.469165
2026-09-28T00:42:00Z,2026-09-28T00:43:00Z,1.469185,1.469575,1.467405,1.467625
2026-09-28T00:43:00Z,2026-09-28T00:44:00Z,1.467595,1.469835,1.465735,1.468665
2026-09-28T00:44:00Z,2026-09-28T00:45:00Z,1.468925,1.470565,1.467905,1.469905
2026-09-28T00:45:00Z,2026-09-28T00:46:00Z,1.469855,1.472475,1.469555,1.471505
2026-09-28T00:46:00Z,2026-09-28T00:47:00Z,1.471495,1.471495,1.468605,1.469775
2026-09-28T00:47:00Z,2026-09-28T00:48:00Z,1.469825,1.470695,1.465465,1.465465
2026-09-28T00:48:00Z,2026-09-28T00:49:00Z,1.465375,1.466265,1.463345,1.463415
2026-09-28T00:49:00Z,2026-09-28T00:50:00Z,1.463305,1.466125,1.462165,1.462435
2026-09-28T00:50:00Z,2026-09-28T00:51:00Z,1.462305,1.462315,1.456575,1.457185
2026-09-28T00:51:00Z,2026-09-28T00:52:00Z,1.457095,1.457235,1.453225,1.454795
2026-09-28T00:52:00Z,2026-09-28T00:53:00Z,1.454785,1.454955,1.452335,1.452505
2026-09-28T00:53:00Z,2026-09-28T00:54:00Z,1.452675,1.453035,1.450795,1.452755
2026-09-28T00:54:00Z,2026-09-28T00:55:00Z,1.452825,1.453735,1.450825,1.451025
2026-09-28T00:55:00Z,2026-09-28T00:56:00Z,1.451135,1.451395,1.444345,1.444435
2026-09-28T00:56:00Z,2026-09-28T00:57:00Z,1.444415,1.446225,1.443755,1.443755
2026-09-28T00:57:00Z,2026-09-28T00:58:00Z,1.443785,1.446285,1.442375,1.446065
2026-09-28T00:58:00Z,2026-09-28T00:59:00Z,1.446455,1.448135,1.445355,1.448125
2026-09-28T00:59:00Z,2026-09-28T01:00:00Z,1.448165,1.450285,1.448165,1.449805
2026-09-28T01:00:00Z,2026-09-28T01:01:00Z,1.449885,1.453005,1.448995,1.452125
2026-09-28T01:01:00Z,2026-09-28T01:02:00Z,1.451905,1.451905,1.450055,1.451445
2026-09-28T01:02:00Z,2026-09-28T01:03:00Z,1.451465,1.455385,1.451425,1.454525
2026-09-28T01:03:00Z,2026-09-28T01:04:00Z,1.454405,1.456785,1.453465,1.456785
2026-09-28T01:04:00Z,2026-09-28T01:05:00Z,1.456885,1.459075,1.456535,1.459035
2026-09-28T01:10:00Z,2026-09-28T01:11:00Z,1.459035,1.517305,1.459035,1.514465
2026-09-28T01:11:00Z,2026-09-28T01:12:00Z,1.514625,1.517035,1.513265,1.513485
2026-09-28T01:12:00Z,2026-09-28T01:13:00Z,1.513505,1.513575,1.508815,1.509085
2026-09-28T01:13:00Z,2026-09-28T01:14:00Z,1.509075,1.512195,1.509075,1.512195
2026-09-28T01:14:00Z,2026-09-28T01:15:00Z,1.512355,1.515635,1.511765,1.514895
2026-09-28T01:15:00Z,2026-09-28T01:16:00Z,1.514795,1.517445,1.513935,1.517175
2026-09-28T01:16:00Z,2026-09-28T01:17:00Z,1.517195,1.518425,1.515855,1.516895
2026-09-28T01:17:00Z,2026-09-28T01:18:00Z,1.516885,1.519825,1.516155,1.519095
2026-09-28T01:18:00Z,2026-09-28T01:19:00Z,1.518995,1.521745,1.518915,1.520505
2026-09-28T01:19:00Z,2026-09-28T01:20:00Z,1.520555,1.521895,1.518415,1.519125
2026-09-28T01:20:00Z,2026-09-28T01:21:00Z,1.519105,1.519755,1.516995,1.517755
2026-09-28T01:21:00Z,2026-09-28T01:22:00Z,1.517645,1.521475,1.517235,1.520535
2026-09-28T01:22:00Z,2026-09-28T01:23:00Z,1.520525,1.522155,1.519925,1.521645
2026-09-28T01:23:00Z,2026-09-28T01:24:00Z,1.521765,1.521765,1.518755,1.519775
2026-09-28T01:24:00Z,2026-09-28T01:25:00Z,1.519835,1.520035,1.517665,1.518045
2026-09-28T01:25:00Z,2026-09-28T01:26:00Z,1.518245,1.521455,1.517475,1.521455
2026-09-28T01:26:00Z,2026-09-28T01:27:00Z,1.521465,1.522985,1.520275,1.522515
2026-09-28T01:27:00Z,2026-09-28T01:28:00Z,1.522245,1.523025,1.520585,1.521835
2026-09-28T01:28:00Z,2026-09-28T01:29:00Z,1.521785,1.522255,1.520245,1.520595
2026-09-28T01:29:00Z,2026-09-28T01:30:00Z,1.520605,1.523745,1.519995,1.522765
2026-09-28T01:30:00Z,2026-09-28T01:31:00Z,1.522715,1.524105,1.521855,1.523825
2026-09-28T01:31:00Z,2026-09-28T01:32:00Z,1.523935,1.524775,1.522675,1.523495
2026-09-28T01:32:00Z,2026-09-28T01:33:00Z,1.523235,1.525065,1.521875,1.522815
2026-09-28T01:33:00Z,2026-09-28T01:34:00Z,1.522615,1.525545,1.522015,1.525335
2026-09-28T01:34:00Z,2026-09-28T01:35:00Z,1.525355,1.525355,1.522955,1.523605
2026-09-28T01:35:00Z,2026-09-28T01:36:00Z,1.523615,1.524665,1.521255,1.524665
2026-09-28T01:36:00Z,2026-09-28T01:37:00Z,1.524625,1.525005,1.521485,1.523125
2026-09-28T01:37:00Z,2026-09-28T01:38:00Z,1.522885,1.524465,1.521545,1.523085
2026-09-28T01:38:00Z,2026-09-28T01:39:00Z,1.523175,1.527095,1.522975,1.525965
2026-09-28T01:39:00Z,2026-09-28T01:40:00Z,1.526005,1.527365,1.525145,1.526205
2026-09-28T01:40:00Z,2026-09-28T01:41:00Z,1.526215,1.527965,1.524755,1.527035
2026-09-28T01:41:00Z,2026-09-28T01:42:00Z,1.527115,1.529465,1.525915,1.529325
2026-09-28T01:42:00Z,2026-09-28T01:43:00Z,1.529205,1.529675,1.524845,1.525075
2026-09-28T01:43:00Z,2026-09-28T01:44:00Z,1.524865,1.524865,1.520225,1.520225
2026-09-28T01:44:00Z,2026-09-28T01:45:00Z,1.520155,1.520905,1.518365,1.518695
2026-09-28T01:45:00Z,2026-09-28T01:46:00Z,1.518775,1.520015,1.517885,1.519185
2026-09-28T01:46:00Z,2026-09-28T01:47:00Z,1.519135,1.523065,1.518515,1.523065
2026-09-28T01:47:00Z,2026-09-28T01:48:00Z,1.522985,1.526575,1.521285,1.524635
2026-09-28T01:48:00Z,2026-09-28T01:49:00Z,1.524735,1.524735,1.522105,1.522315
2026-09-28T01:49:00Z,2026-09-28T01:50:00Z,1.522365,1.525115,1.522345,1.524745
2026-09-28T01:50:00Z,2026-09-28T01:51:00Z,1.524645,1.525035,1.519265,1.520015
2026-09-28T01:51:00Z,2026-09-28T01:52:00Z,1.519975,1.521605,1.519485,1.521605
2026-09-28T01:52:00Z,2026-09-28T01:53:00Z,1.521735,1.522365,1.520255,1.520265
2026-09-28T01:53:00Z,2026-09-28T01:54:00Z,1.519825,1.519825,1.513295,1.513875
2026-09-28T01:54:00Z,2026-09-28T01:55:00Z,1.513835,1.518655,1.513265,1.518595
2026-09-28T01:55:00Z,2026-09-28T01:56:00Z,1.518605,1.524375,1.518575,1.523435
2026-09-28T01:56:00Z,2026-09-28T01:57:00Z,1.523385,1.526245,1.523195,1.526175
2026-09-28T01:57:00Z,2026-09-28T01:58:00Z,1.526345,1.527855,1.525665,1.526825
2026-09-28T01:58:00Z,2026-09-28T01:59:00Z,1.526795,1.527225,1.525455,1.527145
2026-09-28T01:59:00Z,2026-09-28T02:00:00Z,1.527275,1.529015,1.526645,1.527225
2026-09-28T02:00:00Z,2026-09-28T02:01:00Z,1.527515,1.527735,1.523595,1.524325
2026-09-28T02:01:00Z,2026-09-28T02:02:00Z,1.524405,1.524745,1.522235,1.523625
2026-09-28T02:02:00Z,2026-09-28T02:03:00Z,1.523555,1.523775,1.520005,1.520765
2026-09-28T02:03:00Z,2026-09-28T02:04:00Z,1.520725,1.520735,1.516285,1.516675
2026-09-28T02:04:00Z,2026-09-28T02:05:00Z,1.516795,1.522205,1.516795,1.522155
2026-09-28T02:05:00Z,2026-09-28T02:06:00Z,1.522045,1.522665,1.519945,1.520145
2026-09-28T02:06:00Z,2026-09-28T02:07:00Z,1.519935,1.521795,1.519385,1.521795
2026-09-28T02:07:00Z,2026-09-28T02:08:00Z,1.521115,1.521215,1.518595,1.518665
2026-09-28T02:08:00Z,2026-09-28T02:09:00Z,1.518295,1.520035,1.517515,1.518485
2026-09-28T02:09:00Z,2026-09-28T02:10:00Z,1.518475,1.519235,1.515925,1.516395
2026-09-28T02:10:00Z,2026-09-28T02:11:00Z,1.516545,1.520725,1.516335,1.519745
2026-09-28T02:11:00Z,2026-09-28T02:12:00Z,1.519485,1.521355,1.518235,1.521355
2026-09-28T02:12:00Z,2026-09-28T02:13:00Z,1.521125,1.521815,1.514705,1.514705
2026-09-28T02:13:00Z,2026-09-28T02:14:00Z,1.514675,1.516675,1.513665,1.516385
2026-09-28T02:14:00Z,2026-09-28T02:15:00Z,1.516555,1.520925,1.516465,1.519445
2026-09-28T02:15:00Z,2026-09-28T02:16:00Z,1.519525,1.524785,1.519525,1.522665
2026-09-28T02:16:00Z,2026-09-28T02:17:00Z,1.522685,1.522685,1.521005,1.521115
2026-09-28T02:17:00Z,2026-09-28T02:18:00Z,1.521085,1.523815,1.520515,1.523345
2026-09-28T02:18:00Z,2026-09-28T02:19:00Z,1.523505,1.524065,1.520175,1.520345
2026-09-28T02:19:00Z,2026-09-28T02:20:00Z,1.520045,1.520785,1.514275,1.514435
2026-09-28T02:20:00Z,2026-09-28T02:21:00Z,1.514095,1.514095,1.507775,1.507865
2026-09-28T02:21:00Z,2026-09-28T02:22:00Z,1.507825,1.509395,1.506215,1.506215
2026-09-28T02:22:00Z,2026-09-28T02:23:00Z,1.506485,1.509095,1.504875,1.509025
2026-09-28T02:23:00Z,2026-09-28T02:24:00Z,1.509135,1.511405,1.508975,1.509445
2026-09-28T02:24:00Z,2026-09-28T02:25:00Z,1.509575,1.510415,1.506875,1.509555
2026-09-28T02:25:00Z,2026-09-28T02:26:00Z,1.509415,1.512875,1.509385,1.511945
2026-09-28T02:26:00Z,2026-09-28T02:27:00Z,1.511925,1.513865,1.511505,1.512945
2026-09-28T02:27:00Z,2026-09-28T02:28:00Z,1.512825,1.517105,1.512345,1.515945
2026-09-28T02:28:00Z,2026-09-28T02:29:00Z,1.515415,1.516655,1.514105,1.515995
2026-09-28T02:29:00Z,2026-09-28T02:30:00Z,1.516215,1.516725,1.513535,1.514425
2026-09-28T02:30:00Z,2026-09-28T02:31:00Z,1.514545,1.514645,1.510525,1.510555
2026-09-28T02:31:00Z,2026-09-28T02:32:00Z,1.510565,1.512635,1.508855,1.510135
2026-09-28T02:32:00Z,2026-09-28T02:33:00Z,1.509915,1.512115,1.509575,1.510285
2026-09-28T02:33:00Z,2026-09-28T02:34:00Z,1.510355,1.510885,1.508335,1.508335
2026-09-28T02:34:00Z,2026-09-28T02:35:00Z,1.508305,1.509935,1.507805,1.508915
2026-09-28T02:35:00Z,2026-09-28T02:36:00Z,1.508875,1.509135,1.507545,1.509135
2026-09-28T02:36:00Z,2026-09-28T02:37:00Z,1.509105,1.509365,1.502305,1.504765
2026-09-28T02:37:00Z,2026-09-28T02:38:00Z,1.504945,1.505455,1.502325,1.504265
2026-09-28T02:38:00Z,2026-09-28T02:39:00Z,1.504275,1.505505,1.500825,1.501975
2026-09-28T02:39:00Z,2026-09-28T02:40:00Z,1.501735,1.503185,1.499775,1.500305
2026-09-28T02:40:00Z,2026-09-28T02:41:00Z,1.500185,1.502125,1.499535,1.501575
2026-09-28T02:41:00Z,2026-09-28T02:42:00Z,1.501665,1.504055,1.500895,1.501105
2026-09-28T02:42:00Z,2026-09-28T02:43:00Z,1.501065,1.503835,1.500765,1.502615
2026-09-28T02:43:00Z,2026-09-28T02:44:00Z,1.502495,1.503165,1.496455,1.496555
2026-09-28T02:44:00Z,2026-09-28T02:45:00Z,1.496595,1.496935,1.494045,1.494265
2026-09-28T02:45:00Z,2026-09-28T02:46:00Z,1.494175,1.497235,1.494045,1.496685
2026-09-28T02:46:00Z,2026-09-28T02:47:00Z,1.496575,1.497765,1.495825,1.496625
2026-09-28T02:47:00Z,2026-09-28T02:48:00Z,1.496545,1.497005,1.493885,1.493935
2026-09-28T02:48:00Z,2026-09-28T02:49:00Z,1.493985,1.498175,1.493965,1.497595
2026-09-28T02:49:00Z,2026-09-28T02:50:00Z,1.497485,1.498195,1.496165,1.496595
2026-09-28T02:50:00Z,2026-09-28T02:51:00Z,1.496625,1.498665,1.496625,1.498035
2026-09-28T02:51:00Z,2026-09-28T02:52:00Z,1.497865,1.499565,1.495375,1.499565
2026-09-28T02:52:00Z,2026-09-28T02:53:00Z,1.499535,1.500475,1.498355,1.498855
2026-09-28T02:53:00Z,2026-09-28T02:54:00Z,1.498595,1.501285,1.498155,1.499955
2026-09-28T02:54:00Z,2026-09-28T02:55:00Z,1.499845,1.502075,1.499685,1.501615
2026-09-28T02:55:00Z,2026-09-28T02:56:00Z,1.501895,1.502065,1.498995,1.499945
2026-09-28T02:56:00Z,2026-09-28T02:57:00Z,1.500055,1.500865,1.492975,1.494085
2026-09-28T02:57:00Z,2026-09-28T02:58:00Z,1.494345,1.494565,1.491975,1.492745
2026-09-28T02:58:00Z,2026-09-28T02:59:00Z,1.492735,1.492925,1.489345,1.490575
2026-09-28T02:59:00Z,2026-09-28T03:00:00Z,1.490565,1.493535,1.490055,1.493115
2026-09-28T03:00:00Z,2026-09-28T03:01:00Z,1.493215,1.494135,1.492055,1.493625
2026-09-28T03:01:00Z,2026-09-28T03:02:00Z,1.493885,1.494975,1.492025,1.493335
2026-09-28T03:02:00Z,2026-09-28T03:03:00Z,1.493105,1.494155,1.489905,1.489985
2026-09-28T03:03:00Z,2026-09-28T03:04:00Z,1.489925,1.490595,1.485425,1.485795
2026-09-28T03:04:00Z,2026-09-28T03:05:00Z,1.486325,1.487725,1.485585,1.486425
2026-09-28T03:05:00Z,2026-09-28T03:06:00Z,1.486485,1.487385,1.484535,1.484615
2026-09-28T03:06:00Z,2026-09-28T03:07:00Z,1.484655,1.485745,1.482865,1.483035
2026-09-28T03:07:00Z,2026-09-28T03:08:00Z,1.483185,1.485325,1.482675,1.483755
2026-09-28T03:08:00Z,2026-09-28T03:09:00Z,1.483775,1.488545,1.483485,1.487645
2026-09-28T03:09:00Z,2026-09-28T03:10:00Z,1.487755,1.494295,1.487575,1.493595
2026-09-28T03:10:00Z,2026-09-28T03:11:00Z,1.493565,1.496875,1.492565,1.496235
2026-09-28T03:11:00Z,2026-09-28T03:12:00Z,1.496125,1.498265,1.494515,1.495125
2026-09-28T03:12:00Z,2026-09-28T03:13:00Z,1.495105,1.496775,1.494315,1.494495
2026-09-28T03:13:00Z,2026-09-28T03:14:00Z,1.494575,1.496505,1.493855,1.494785
2026-09-28T03:14:00Z,2026-09-28T03:15:00Z,1.494705,1.494705,1.492005,1.492455
2026-09-28T03:15:00Z,2026-09-28T03:16:00Z,1.492385,1.492755,1.489185,1.490255
2026-09-28T03:16:00Z,2026-09-28T03:17:00Z,1.490445,1.492145,1.489965,1.489965
2026-09-28T03:17:00Z,2026-09-28T03:18:00Z,1.489885,1.490365,1.487055,1.487055
2026-09-28T03:18:00Z,2026-09-28T03:19:00Z,1.486915,1.487915,1.484375,1.486425
2026-09-28T03:19:00Z,2026-09-28T03:20:00Z,1.486385,1.489655,1.485665,1.489025
2026-09-28T03:20:00Z,2026-09-28T03:21:00Z,1.489005,1.489515,1.487285,1.489515
2026-09-28T03:21:00Z,2026-09-28T03:22:00Z,1.489945,1.492295,1.489485,1.489735
2026-09-28T03:22:00Z,2026-09-28T03:23:00Z,1.489525,1.491145,1.489255,1.489625
2026-09-28T03:23:00Z,2026-09-28T03:24:00Z,1.489805,1.491565,1.489795,1.490765
2026-09-28T03:24:00Z,2026-09-28T03:25:00Z,1.490725,1.493735,1.490535,1.492895
2026-09-28T03:25:00Z,2026-09-28T03:26:00Z,1.492945,1.494215,1.491165,1.494075
2026-09-28T03:26:00Z,2026-09-28T03:27:00Z,1.493995,1.494975,1.492635,1.493465
2026-09-28T03:27:00Z,2026-09-28T03:28:00Z,1.493715,1.493875,1.491425,1.492155
2026-09-28T03:28:00Z,2026-09-28T03:29:00Z,1.492205,1.494125,1.491115,1.492005
2026-09-28T03:29:00Z,2026-09-28T03:30:00Z,1.491955,1.495535,1.491915,1.494985
2026-09-28T03:30:00Z,2026-09-28T03:31:00Z,1.494995,1.496565,1.493635,1.496555
2026-09-28T03:31:00Z,2026-09-28T03:32:00Z,1.496415,1.497825,1.493985,1.494015
2026-09-28T03:32:00Z,2026-09-28T03:33:00Z,1.494185,1.495205,1.492515,1.495075
2026-09-28T03:33:00Z,2026-09-28T03:34:00Z,1.494955,1.497305,1.494955,1.497025
2026-09-28T03:34:00Z,2026-09-28T03:35:00Z,1.496905,1.497075,1.492595,1.494265
2026-09-28T03:35:00Z,2026-09-28T03:36:00Z,1.494305,1.495375,1.492915,1.494575
2026-09-28T03:36:00Z,2026-09-28T03:37:00Z,1.494615,1.495725,1.492655,1.494605
2026-09-28T03:37:00Z,2026-09-28T03:38:00Z,1.494625,1.495575,1.493465,1.494765
2026-09-28T03:38:00Z,2026-09-28T03:39:00Z,1.494735,1.494745,1.490345,1.491725
2026-09-28T03:39:00Z,2026-09-28T03:40:00Z,1.491755,1.493145,1.490925,1.491955
2026-09-28T03:40:00Z,2026-09-28T03:41:00Z,1.491965,1.491975,1.488775,1.489655
2026-09-28T03:41:00Z,2026-09-28T03:42:00Z,1.489765,1.491925,1.487965,1.491835
2026-09-28T03:42:00Z,2026-09-28T03:43:00Z,1.491705,1.491975,1.490435,1.490445
2026-09-28T03:43:00Z,2026-09-28T03:44:00Z,1.490405,1.492545,1.490405,1.491125
2026-09-28T03:44:00Z,2026-09-28T03:45:00Z,1.490865,1.492295,1.489345,1.492145
2026-09-28T03:45:00Z,2026-09-28T03:46:00Z,1.492095,1.494605,1.490545,1.492205
2026-09-28T03:46:00Z,2026-09-28T03:47:00Z,1.492195,1.492505,1.488005,1.489645
2026-09-28T03:47:00Z,2026-09-28T03:48:00Z,1.489995,1.491195,1.488205,1.488825
2026-09-28T03:48:00Z,2026-09-28T03:49:00Z,1.488955,1.490155,1.487625,1.489225
2026-09-28T03:49:00Z,2026-09-28T03:50:00Z,1.489235,1.489865,1.486625,1.487035
2026-09-28T03:50:00Z,2026-09-28T03:51:00Z,1.487065,1.488685,1.485665,1.488015
2026-09-28T03:51:00Z,2026-09-28T03:52:00Z,1.487925,1.488405,1.486415,1.487245
2026-09-28T03:52:00Z,2026-09-28T03:53:00Z,1.487225,1.487345,1.484835,1.485985
2026-09-28T03:53:00Z,2026-09-28T03:54:00Z,1.485895,1.486095,1.483095,1.483225
2026-09-28T03:54:00Z,2026-09-28T03:55:00Z,1.483415,1.486435,1.482895,1.486135
2026-09-28T03:55:00Z,2026-09-28T03:56:00Z,1.485935,1.485955,1.482455,1.482585
2026-09-28T03:56:00Z,2026-09-28T03:57:00Z,1.482695,1.483995,1.481405,1.481795
2026-09-28T03:57:00Z,2026-09-28T03:58:00Z,1.481815,1.483285,1.480795,1.482815
2026-09-28T03:58:00Z,2026-09-28T03:59:00Z,1.482935,1.485495,1.482205,1.483175
2026-09-28T03:59:00Z,2026-09-28T04:00:00Z,1.483075,1.486935,1.482445,1.486315
2026-09-28T04:00:00Z,2026-09-28T04:01:00Z,1.486395,1.486825,1.483225,1.483395
2026-09-28T04:01:00Z,2026-09-28T04:02:00Z,1.483825,1.484285,1.480055,1.480075
2026-09-28T04:02:00Z,2026-09-28T04:03:00Z,1.480215,1.483645,1.479865,1.483155
2026-09-28T04:03:00Z,2026-09-28T04:04:00Z,1.483125,1.483815,1.481185,1.482335
2026-09-28T04:04:00Z,2026-09-28T04:05:00Z,1.482235,1.483055,1.479495,1.480025
2026-09-28T04:05:00Z,2026-09-28T04:06:00Z,1.479815,1.480925,1.478445,1.478685
2026-09-28T04:06:00Z,2026-09-28T04:07:00Z,1.478495,1.478685,1.476205,1.477495
2026-09-28T04:07:00Z,2026-09-28T04:08:00Z,1.477595,1.479145,1.476245,1.478915
2026-09-28T04:08:00Z,2026-09-28T04:09:00Z,1.478835,1.481855,1.478615,1.479845
2026-09-28T04:09:00Z,2026-09-28T04:10:00Z,1.479885,1.479885,1.475495,1.475925
2026-09-28T04:10:00Z,2026-09-28T04:11:00Z,1.476025,1.476595,1.471695,1.472315
2026-09-28T04:11:00Z,2026-09-28T04:12:00Z,1.472335,1.473515,1.471295,1.471985
2026-09-28T04:12:00Z,2026-09-28T04:13:00Z,1.472005,1.472735,1.470535,1.471705
2026-09-28T04:13:00Z,2026-09-28T04:14:00Z,1.471665,1.473285,1.469995,1.471405
2026-09-28T04:14:00Z,2026-09-28T04:15:00Z,1.471205,1.472215,1.470635,1.470955
2026-09-28T04:15:00Z,2026-09-28T04:16:00Z,1.470875,1.470895,1.465895,1.467345
2026-09-28T04:16:00Z,2026-09-28T04:17:00Z,1.467325,1.469495,1.466275,1.466275
2026-09-28T04:17:00Z,2026-09-28T04:18:00Z,1.465725,1.468245,1.465585,1.466085
2026-09-28T04:18:00Z,2026-09-28T04:19:00Z,1.466055,1.471955,1.466055,1.471955
2026-09-28T04:19:00Z,2026-09-28T04:20:00Z,1.471975,1.473525,1.471395,1.471765
2026-09-28T04:20:00Z,2026-09-28T04:21:00Z,1.471525,1.471845,1.467965,1.471075
2026-09-28T04:21:00Z,2026-09-28T04:22:00Z,1.470515,1.471245,1.469225,1.469555
2026-09-28T04:22:00Z,2026-09-28T04:23:00Z,1.469545,1.470925,1.466955,1.470925
2026-09-28T04:23:00Z,2026-09-28T04:24:00Z,1.471025,1.473555,1.470295,1.472565
2026-09-28T04:24:00Z,2026-09-28T04:25:00Z,1.472725,1.474065,1.472165,1.473145
2026-09-28T04:25:00Z,2026-09-28T04:26:00Z,1.473235,1.477205,1.472835,1.475705
2026-09-28T04:26:00Z,2026-09-28T04:27:00Z,1.475625,1.477955,1.473515,1.477905
2026-09-28T04:27:00Z,2026-09-28T04:28:00Z,1.478055,1.480755,1.478015,1.480025
2026-09-28T04:28:00Z,2026-09-28T04:29:00Z,1.479695,1.482855,1.479325,1.481585
2026-09-28T04:29:00Z,2026-09-28T04:30:00Z,1.481525,1.483495,1.480955,1.483495
2026-09-28T04:30:00Z,2026-09-28T04:31:00Z,1.483595,1.484515,1.481775,1.482445
2026-09-28T04:31:00Z,2026-09-28T04:32:00Z,1.482425,1.485485,1.481625,1.484595
2026-09-28T04:32:00Z,2026-09-28T04:33:00Z,1.484555,1.485755,1.483725,1.485235
2026-09-28T04:33:00Z,2026-09-28T04:34:00Z,1.485405,1.485855,1.481945,1.483065
2026-09-28T04:34:00Z,2026-09-28T04:35:00Z,1.483075,1.484335,1.482475,1.484265
2026-09-28T04:35:00Z,2026-09-28T04:36:00Z,1.484355,1.485495,1.483365,1.485245
2026-09-28T04:36:00Z,2026-09-28T04:37:00Z,1.485235,1.485875,1.483285,1.484335
2026-09-28T04:37:00Z,2026-09-28T04:38:00Z,1.484345,1.485735,1.483565,1.484935
2026-09-28T04:38:00Z,2026-09-28T04:39:00Z,1.484965,1.486145,1.479285,1.479815
2026-09-28T04:39:00Z,2026-09-28T04:40:00Z,1.479835,1.480855,1.475535,1.475565
2026-09-28T04:40:00Z,2026-09-28T04:41:00Z,1.475445,1.477255,1.474925,1.475585
2026-09-28T04:41:00Z,2026-09-28T04:42:00Z,1.475485,1.479135,1.475375,1.476645
2026-09-28T04:42:00Z,2026-09-28T04:43:00Z,1.476795,1.477415,1.473005,1.473005
2026-09-28T04:43:00Z,2026-09-28T04:44:00Z,1.473025,1.475835,1.472845,1.475285
2026-09-28T04:44:00Z,2026-09-28T04:45:00Z,1.475315,1.477395,1.474765,1.476825
2026-09-28T04:45:00Z,2026-09-28T04:46:00Z,1.476655,1.478785,1.476235,1.478785
2026-09-28T04:46:00Z,2026-09-28T04:47:00Z,1.478945,1.480495,1.477685,1.479685
2026-09-28T04:47:00Z,2026-09-28T04:48:00Z,1.479725,1.480785,1.477945,1.478505
2026-09-28T04:48:00Z,2026-09-28T04:49:00Z,1.478445,1.481835,1.477885,1.480975
2026-09-28T04:49:00Z,2026-09-28T04:50:00Z,1.481435,1.486845,1.481355,1.486495
2026-09-28T04:50:00Z,2026-09-28T04:51:00Z,1.486635,1.488075,1.485695,1.488075
2026-09-28T04:51:00Z,2026-09-28T04:52:00Z,1.488125,1.489525,1.486025,1.488365
2026-09-28T04:52:00Z,2026-09-28T04:53:00Z,1.488405,1.489335,1.485555,1.485735
2026-09-28T04:53:00Z,2026-09-28T04:54:00Z,1.485635,1.485635,1.479825,1.480275
2026-09-28T04:54:00Z,2026-09-28T04:55:00Z,1.480285,1.481615,1.479615,1.481245
2026-09-28T04:55:00Z,2026-09-28T04:56:00Z,1.481205,1.481795,1.478635,1.479925
2026-09-28T04:56:00Z,2026-09-28T04:57:00Z,1.480525,1.482255,1.479425,1.479875
2026-09-28T04:57:00Z,2026-09-28T04:58:00Z,1.479825,1.482025,1.478485,1.479835
2026-09-28T04:58:00Z,2026-09-28T04:59:00Z,1.479905,1.480215,1.478035,1.479065
2026-09-28T04:59:00Z,2026-09-28T05:00:00Z,1.478975,1.479385,1.470425,1.472535
2026-09-28T05:00:00Z,2026-09-28T05:01:00Z,1.472545,1.478195,1.472545,1.478105
2026-09-28T05:01:00Z,2026-09-28T05:02:00Z,1.478095,1.479745,1.475645,1.476285
2026-09-28T05:02:00Z,2026-09-28T05:03:00Z,1.476115,1.481485,1.475875,1.480895
2026-09-28T05:03:00Z,2026-09-28T05:04:00Z,1.480875,1.481225,1.478725,1.479015
2026-09-28T05:04:00Z,2026-09-28T05:05:00Z,1.478845,1.481845,1.478685,1.480395
2026-09-28T05:05:00Z,2026-09-28T05:06:00Z,1.480445,1.481345,1.476245,1.476425
2026-09-28T05:06:00Z,2026-09-28T05:07:00Z,1.476565,1.477745,1.472335,1.473015
2026-09-28T05:07:00Z,2026-09-28T05:08:00Z,1.472905,1.477105,1.472035,1.477105
2026-09-28T05:08:00Z,2026-09-28T05:09:00Z,1.477175,1.477945,1.475985,1.476855
2026-09-28T05:09:00Z,2026-09-28T05:10:00Z,1.476735,1.478485,1.475835,1.477515
2026-09-28T05:10:00Z,2026-09-28T05:11:00Z,1.477225,1.479065,1.476525,1.478905
2026-09-28T05:11:00Z,2026-09-28T05:12:00Z,1.479025,1.479195,1.477295,1.478435
2026-09-28T05:12:00Z,2026-09-28T05:13:00Z,1.478545,1.479505,1.477235,1.477385
2026-09-28T05:13:00Z,2026-09-28T05:14:00Z,1.478065,1.478625,1.477375,1.478245
2026-09-28T05:14:00Z,2026-09-28T05:15:00Z,1.478285,1.478355,1.475115,1.477355
2026-09-28T05:15:00Z,2026-09-28T05:16:00Z,1.477305,1.477315,1.472735,1.476025
2026-09-28T05:16:00Z,2026-09-28T05:17:00Z,1.476125,1.477005,1.474125,1.475695
2026-09-28T05:17:00Z,2026-09-28T05:18:00Z,1.475705,1.475995,1.470955,1.471105
2026-09-28T05:18:00Z,2026-09-28T05:19:00Z,1.471135,1.471815,1.470285,1.471575
2026-09-28T05:19:00Z,2026-09-28T05:20:00Z,1.471695,1.471985,1.468115,1.468115
2026-09-28T05:20:00Z,2026-09-28T05:21:00Z,1.468425,1.469575,1.465475,1.469155
2026-09-28T05:21:00Z,2026-09-28T05:22:00Z,1.469215,1.471655,1.468885,1.470455
2026-09-28T05:22:00Z,2026-09-28T05:23:00Z,1.470315,1.472105,1.468015,1.468015
2026-09-28T05:23:00Z,2026-09-28T05:24:00Z,1.468045,1.468145,1.463275,1.463295
2026-09-28T05:24:00Z,2026-09-28T05:25:00Z,1.464035,1.464035,1.458695,1.458695
2026-09-28T05:25:00Z,2026-09-28T05:26:00Z,1.458945,1.463375,1.458945,1.463125
2026-09-28T05:26:00Z,2026-09-28T05:27:00Z,1.463175,1.466945,1.463115,1.466575
2026-09-28T05:27:00Z,2026-09-28T05:28:00Z,1.466395,1.466675,1.463805,1.464375
2026-09-28T05:28:00Z,2026-09-28T05:29:00Z,1.464425,1.464525,1.460585,1.461275
2026-09-28T05:29:00Z,2026-09-28T05:30:00Z,1.460985,1.464695,1.460985,1.464315
2026-09-28T05:30:00Z,2026-09-28T05:31:00Z,1.464335,1.464335,1.461975,1.463165
2026-09-28T05:31:00Z,2026-09-28T05:32:00Z,1.463085,1.463155,1.459715,1.460065
2026-09-28T05:32:00Z,2026-09-28T05:33:00Z,1.459985,1.462515,1.458075,1.458295
2026-09-28T05:33:00Z,2026-09-28T05:34:00Z,1.458305,1.459945,1.457025,1.458355
2026-09-28T05:34:00Z,2026-09-28T05:35:00Z,1.458375,1.463855,1.457705,1.463055
2026-09-28T05:35:00Z,2026-09-28T05:36:00Z,1.463125,1.464915,1.462785,1.464525
2026-09-28T05:36:00Z,2026-09-28T05:37:00Z,1.464505,1.465025,1.461045,1.461165
2026-09-28T05:37:00Z,2026-09-28T05:38:00Z,1.461275,1.461275,1.457795,1.458205
2026-09-28T05:38:00Z,2026-09-28T05:39:00Z,1.458185,1.458185,1.453255,1.453415
2026-09-28T05:39:00Z,2026-09-28T05:40:00Z,1.453495,1.453885,1.452075,1.453035
2026-09-28T05:40:00Z,2026-09-28T05:41:00Z,1.453005,1.455765,1.452595,1.453445
2026-09-28T05:41:00Z,2026-09-28T05:42:00Z,1.453805,1.454395,1.452075,1.453355
2026-09-28T05:42:00Z,2026-09-28T05:43:00Z,1.453345,1.453835,1.450685,1.450915
2026-09-28T05:43:00Z,2026-09-28T05:44:00Z,1.450925,1.451135,1.449215,1.450735
2026-09-28T05:44:00Z,2026-09-28T05:45:00Z,1.451225,1.451715,1.448015,1.448145
2026-09-28T05:45:00Z,2026-09-28T05:46:00Z,1.448245,1.454095,1.447805,1.453825
2026-09-28T05:46:00Z,2026-09-28T05:47:00Z,1.453855,1.454385,1.452385,1.453365
2026-09-28T05:47:00Z,2026-09-28T05:48:00Z,1.453405,1.455015,1.453005,1.454625
2026-09-28T05:48:00Z,2026-09-28T05:49:00Z,1.454535,1.457745,1.454125,1.457735
2026-09-28T05:49:00Z,2026-09-28T05:50:00Z,1.457695,1.459635,1.457425,1.458265
2026-09-28T05:50:00Z,2026-09-28T05:51:00Z,1.458385,1.459095,1.456335,1.458905
2026-09-28T05:51:00Z,2026-09-28T05:52:00Z,1.458865,1.460615,1.458625,1.460275
2026-09-28T05:52:00Z,2026-09-28T05:53:00Z,1.460345,1.462515,1.458725,1.462325
2026-09-28T05:53:00Z,2026-09-28T05:54:00Z,1.462255,1.462255,1.457065,1.458645
2026-09-28T05:54:00Z,2026-09-28T05:55:00Z,1.458415,1.458515,1.453475,1.454875
2026-09-28T05:55:00Z,2026-09-28T05:56:00Z,1.454865,1.455905,1.453565,1.454155
2026-09-28T05:56:00Z,2026-09-28T05:57:00Z,1.454135,1.454135,1.452185,1.452405
2026-09-28T05:57:00Z,2026-09-28T05:58:00Z,1.452505,1.453385,1.450175,1.450855
2026-09-28T05:58:00Z,2026-09-28T05:59:00Z,1.450895,1.450895,1.447425,1.447865
2026-09-28T05:59:00Z,2026-09-28T06:00:00Z,1.447785,1.448465,1.444585,1.446195
2026-09-28T06:00:00Z,2026-09-28T06:01:00Z,1.446205,1.446815,1.443285,1.443285
2026-09-28T06:01:00Z,2026-09-28T06:02:00Z,1.443325,1.443795,1.437305,1.438785
2026-09-28T06:02:00Z,2026-09-28T06:03:00Z,1.438945,1.439875,1.438395,1.439125
2026-09-28T06:03:00Z,2026-09-28T06:04:00Z,1.438855,1.438855,1.433455,1.433455
2026-09-28T06:04:00Z,2026-09-28T06:05:00Z,1.433615,1.436955,1.433415,1.436955
2026-09-28T06:05:00Z,2026-09-28T06:06:00Z,1.436625,1.439055,1.436475,1.438675
2026-09-28T06:06:00Z,2026-09-28T06:07:00Z,1.438655,1.444045,1.436965,1.441395
2026-09-28T06:07:00Z,2026-09-28T06:08:00Z,1.441475,1.442625,1.440495,1.441055
2026-09-28T06:08:00Z,2026-09-28T06:09:00Z,1.440965,1.444195,1.440725,1.442625
2026-09-28T06:09:00Z,2026-09-28T06:10:00Z,1.442645,1.444015,1.441955,1.443885
2026-09-28T06:10:00Z,2026-09-28T06:11:00Z,1.443865,1.448045,1.443615,1.447155
2026-09-28T06:11:00Z,2026-09-28T06:12:00Z,1.447145,1.448805,1.446525,1.448125
2026-09-28T06:12:00Z,2026-09-28T06:13:00Z,1.448135,1.448365,1.446285,1.446835
2026-09-28T06:13:00Z,2026-09-28T06:14:00Z,1.446845,1.447605,1.446015,1.446215
2026-09-28T06:14:00Z,2026-09-28T06:15:00Z,1.446265,1.448985,1.445895,1.445895
2026-09-28T06:15:00Z,2026-09-28T06:16:00Z,1.445815,1.447405,1.445195,1.446135
2026-09-28T06:16:00Z,2026-09-28T06:17:00Z,1.446335,1.447025,1.445235,1.446435
2026-09-28T06:17:00Z,2026-09-28T06:18:00Z,1.446425,1.446625,1.444875,1.444975
2026-09-28T06:18:00Z,2026-09-28T06:19:00Z,1.445255,1.445435,1.438765,1.439595
2026-09-28T06:19:00Z,2026-09-28T06:20:00Z,1.439635,1.439885,1.437455,1.438665
2026-09-28T06:20:00Z,2026-09-28T06:21:00Z,1.438705,1.444165,1.438645,1.443355
2026-09-28T06:21:00Z,2026-09-28T06:22:00Z,1.443405,1.445805,1.442885,1.444025
2026-09-28T06:22:00Z,2026-09-28T06:23:00Z,1.444015,1.446555,1.443785,1.445945
2026-09-28T06:23:00Z,2026-09-28T06:24:00Z,1.445455,1.446505,1.444765,1.444765
2026-09-28T06:24:00Z,2026-09-28T06:25:00Z,1.444835,1.447405,1.443075,1.443785
2026-09-28T06:25:00Z,2026-09-28T06:26:00Z,1.443525,1.447755,1.442485,1.447665
2026-09-28T06:26:00Z,2026-09-28T06:27:00Z,1.447705,1.449845,1.446495,1.447685
2026-09-28T06:27:00Z,2026-09-28T06:28:00Z,1.447635,1.449155,1.444665,1.444875
2026-09-28T06:28:00Z,2026-09-28T06:29:00Z,1.444825,1.446675,1.443705,1.446125
2026-09-28T06:29:00Z,2026-09-28T06:30:00Z,1.446085,1.449955,1.445325,1.449745
2026-09-28T06:30:00Z,2026-09-28T06:31:00Z,1.449495,1.450825,1.448645,1.448645
2026-09-28T06:31:00Z,2026-09-28T06:32:00Z,1.448905,1.449715,1.447345,1.447345
2026-09-28T06:32:00Z,2026-09-28T06:33:00Z,1.447655,1.448615,1.445525,1.446075
2026-09-28T06:33:00Z,2026-09-28T06:34:00Z,1.446085,1.448265,1.445985,1.446245
2026-09-28T06:34:00Z,2026-09-28T06:35:00Z,1.446495,1.447535,1.445695,1.446005
2026-09-28T06:35:00Z,2026-09-28T06:36:00Z,1.446045,1.446625,1.439525,1.439545
2026-09-28T06:36:00Z,2026-09-28T06:37:00Z,1.439525,1.440645,1.438705,1.440595
2026-09-28T06:37:00Z,2026-09-28T06:38:00Z,1.440565,1.442195,1.440245,1.441125
2026-09-28T06:38:00Z,2026-09-28T06:39:00Z,1.441115,1.442695,1.440025,1.440025
2026-09-28T06:39:00Z,2026-09-28T06:40:00Z,1.439865,1.442795,1.439855,1.441975
2026-09-28T06:40:00Z,2026-09-28T06:41:00Z,1.442325,1.444405,1.441635,1.442535
2026-09-28T06:41:00Z,2026-09-28T06:42:00Z,1.442405,1.446245,1.441935,1.443165
2026-09-28T06:42:00Z,2026-09-28T06:43:00Z,1.443225,1.448685,1.443095,1.445855
2026-09-28T06:43:00Z,2026-09-28T06:44:00Z,1.445875,1.448385,1.444755,1.447535
2026-09-28T06:44:00Z,2026-09-28T06:45:00Z,1.447425,1.448945,1.446745,1.447565
2026-09-28T06:45:00Z,2026-09-28T06:46:00Z,1.447525,1.447965,1.445265,1.446275
2026-09-28T06:46:00Z,2026-09-28T06:47:00Z,1.446155,1.448665,1.445825,1.445905
2026-09-28T06:47:00Z,2026-09-28T06:48:00Z,1.445715,1.446315,1.443005,1.445115
2026-09-28T06:48:00Z,2026-09-28T06:49:00Z,1.445055,1.447425,1.443645,1.443705
2026-09-28T06:49:00Z,2026-09-28T06:50:00Z,1.443645,1.443945,1.441205,1.442115
2026-09-28T06:50:00Z,2026-09-28T06:51:00Z,1.441975,1.442295,1.439895,1.441375
2026-09-28T06:51:00Z,2026-09-28T06:52:00Z,1.441235,1.442085,1.438045,1.438905
2026-09-28T06:52:00Z,2026-09-28T06:53:00Z,1.438935,1.440625,1.438615,1.439325
2026-09-28T06:53:00Z,2026-09-28T06:54:00Z,1.439285,1.439645,1.436825,1.437205
2026-09-28T06:54:00Z,2026-09-28T06:55:00Z,1.437195,1.438335,1.436065,1.436355
2026-09-28T06:55:00Z,2026-09-28T06:56:00Z,1.436535,1.441365,1.436535,1.440765
2026-09-28T06:56:00Z,2026-09-28T06:57:00Z,1.440845,1.443085,1.439495,1.439855
2026-09-28T06:57:00Z,2026-09-28T06:58:00Z,1.439775,1.441415,1.437635,1.439245
2026-09-28T06:58:00Z,2026-09-28T06:59:00Z,1.439415,1.439895,1.437325,1.438335
2026-09-28T06:59:00Z,2026-09-28T07:00:00Z,1.438045,1.439645,1.437985,1.438605
2026-09-28T07:00:00Z,2026-09-28T07:01:00Z,1.438595,1.439795,1.436965,1.437485
2026-09-28T07:01:00Z,2026-09-28T07:02:00Z,1.437505,1.437665,1.434645,1.435255
2026-09-28T07:02:00Z,2026-09-28T07:03:00Z,1.435205,1.438435,1.435095,1.438195
2026-09-28T07:03:00Z,2026-09-28T07:04:00Z,1.438125,1.438125,1.433455,1.435235
2026-09-28T07:04:00Z,2026-09-28T07:05:00Z,1.435215,1.436365,1.434565,1.435705
2026-09-28T07:05:00Z,2026-09-28T07:06:00Z,1.435845,1.436005,1.432085,1.432285
2026-09-28T07:06:00Z,2026-09-28T07:07:00Z,1.432455,1.432845,1.430075,1.430215
2026-09-28T07:07:00Z,2026-09-28T07:08:00Z,1.430135,1.430395,1.427565,1.427565
2026-09-28T07:08:00Z,2026-09-28T07:09:00Z,1.427615,1.429865,1.426305,1.426305
2026-09-28T07:09:00Z,2026-09-28T07:10:00Z,1.426105,1.426695,1.421695,1.422185
2026-09-28T07:10:00Z,2026-09-28T07:11:00Z,1.422235,1.426285,1.421775,1.424275
2026-09-28T07:11:00Z,2026-09-28T07:12:00Z,1.424035,1.427485,1.423345,1.424205
2026-09-28T07:12:00Z,2026-09-28T07:13:00Z,1.424295,1.425795,1.423125,1.423305
2026-09-28T07:13:00Z,2026-09-28T07:14:00Z,1.423825,1.426605,1.423325,1.425835
2026-09-28T07:14:00Z,2026-09-28T07:15:00Z,1.425855,1.429125,1.425255,1.427905
2026-09-28T07:15:00Z,2026-09-28T07:16:00Z,1.427915,1.427915,1.422815,1.423145
2026-09-28T07:16:00Z,2026-09-28T07:17:00Z,1.423005,1.425575,1.422695,1.424985
2026-09-28T07:17:00Z,2026-09-28T07:18:00Z,1.425015,1.426775,1.424635,1.426065
2026-09-28T07:18:00Z,2026-09-28T07:19:00Z,1.426185,1.427655,1.425285,1.427155
2026-09-28T07:19:00Z,2026-09-28T07:20:00Z,1.427215,1.428905,1.425135,1.425385
2026-09-28T07:20:00Z,2026-09-28T07:21:00Z,1.425425,1.426795,1.425105,1.426735
2026-09-28T07:21:00Z,2026-09-28T07:22:00Z,1.426705,1.427935,1.423425,1.426265
2026-09-28T07:22:00Z,2026-09-28T07:23:00Z,1.426145,1.427065,1.423545,1.423785
2026-09-28T07:23:00Z,2026-09-28T07:24:00Z,1.423775,1.423775,1.421285,1.422405
2026-09-28T07:24:00Z,2026-09-28T07:25:00Z,1.422435,1.425875,1.422265,1.424925
2026-09-28T07:25:00Z,2026-09-28T07:26:00Z,1.425015,1.426465,1.423625,1.424655
2026-09-28T07:26:00Z,2026-09-28T07:27:00Z,1.424825,1.425655,1.423565,1.424955
2026-09-28T07:27:00Z,2026-09-28T07:28:00Z,1.424965,1.426365,1.424565,1.425765
2026-09-28T07:28:00Z,2026-09-28T07:29:00Z,1.425775,1.427315,1.424615,1.425085
2026-09-28T07:29:00Z,2026-09-28T07:30:00Z,1.425005,1.425525,1.422085,1.425325
2026-09-28T07:30:00Z,2026-09-28T07:31:00Z,1.425395,1.425975,1.422495,1.423835
2026-09-28T07:31:00Z,2026-09-28T07:32:00Z,1.423845,1.426195,1.422735,1.425415
2026-09-28T07:32:00Z,2026-09-28T07:33:00Z,1.425275,1.426145,1.422835,1.423035
2026-09-28T07:33:00Z,2026-09-28T07:34:00Z,1.423025,1.425475,1.422955,1.425425
2026-09-28T07:34:00Z,2026-09-28T07:35:00Z,1.425205,1.425635,1.424015,1.424625
2026-09-28T07:35:00Z,2026-09-28T07:36:00Z,1.424995,1.429645,1.424895,1.429595
2026-09-28T07:36:00Z,2026-09-28T07:37:00Z,1.429675,1.431205,1.428225,1.429465
2026-09-28T07:37:00Z,2026-09-28T07:38:00Z,1.429455,1.430195,1.427865,1.428255
2026-09-28T07:38:00Z,2026-09-28T07:39:00Z,1.428235,1.431855,1.428155,1.431175
2026-09-28T07:39:00Z,2026-09-28T07:40:00Z,1.431155,1.435545,1.431155,1.435235
2026-09-28T07:40:00Z,2026-09-28T07:41:00Z,1.435155,1.437065,1.434005,1.434005
2026-09-28T07:41:00Z,2026-09-28T07:42:00Z,1.433995,1.435105,1.432875,1.433235
2026-09-28T07:42:00Z,2026-09-28T07:43:00Z,1.433185,1.434355,1.432225,1.432335
2026-09-28T07:43:00Z,2026-09-28T07:44:00Z,1.432385,1.436845,1.432385,1.436655
2026-09-28T07:44:00Z,2026-09-28T07:45:00Z,1.436595,1.437475,1.435505,1.437015
2026-09-28T07:45:00Z,2026-09-28T07:46:00Z,1.436975,1.437095,1.431865,1.434305
2026-09-28T07:46:00Z,2026-09-28T07:47:00Z,1.434135,1.436415,1.433935,1.436025
2026-09-28T07:47:00Z,2026-09-28T07:48:00Z,1.435965,1.440175,1.435965,1.440075
2026-09-28T07:48:00Z,2026-09-28T07:49:00Z,1.440065,1.447505,1.438295,1.447155
2026-09-28T07:49:00Z,2026-09-28T07:50:00Z,1.447115,1.450375,1.446605,1.448015
2026-09-28T07:50:00Z,2026-09-28T07:51:00Z,1.448215,1.448495,1.444985,1.447475
2026-09-28T07:51:00Z,2026-09-28T07:52:00Z,1.447335,1.451525,1.447335,1.448795
2026-09-28T07:52:00Z,2026-09-28T07:53:00Z,1.448805,1.449745,1.446275,1.446895
2026-09-28T07:53:00Z,2026-09-28T07:54:00Z,1.446645,1.448065,1.445615,1.445615
2026-09-28T07:54:00Z,2026-09-28T07:55:00Z,1.445885,1.446265,1.442515,1.442805
2026-09-28T07:55:00Z,2026-09-28T07:56:00Z,1.442835,1.443775,1.441425,1.442225
2026-09-28T07:56:00Z,2026-09-28T07:57:00Z,1.441965,1.444555,1.441385,1.443765
2026-09-28T07:57:00Z,2026-09-28T07:58:00Z,1.443865,1.444405,1.439875,1.439875
2026-09-28T07:58:00Z,2026-09-28T07:59:00Z,1.439895,1.439895,1.437595,1.438505
2026-09-28T07:59:00Z,2026-09-28T08:00:00Z,1.438465,1.438465,1.434755,1.435255
2026-09-28T08:00:00Z,2026-09-28T08:01:00Z,1.435205,1.435475,1.429825,1.430465
2026-09-28T08:01:00Z,2026-09-28T08:02:00Z,1.430475,1.431015,1.427995,1.428355
2026-09-28T08:02:00Z,2026-09-28T08:03:00Z,1.428235,1.429555,1.427265,1.429115
2026-09-28T08:03:00Z,2026-09-28T08:04:00Z,1.429095,1.434335,1.428885,1.434095
2026-09-28T08:04:00Z,2026-09-28T08:05:00Z,1.434045,1.435705,1.433785,1.434585
2026-09-28T08:05:00Z,2026-09-28T08:06:00Z,1.434455,1.435315,1.432825,1.434125
2026-09-28T08:06:00Z,2026-09-28T08:07:00Z,1.434105,1.436555,1.433855,1.435145
2026-09-28T08:07:00Z,2026-09-28T08:08:00Z,1.435125,1.438885,1.434645,1.436905
2026-09-28T08:08:00Z,2026-09-28T08:09:00Z,1.436925,1.436925,1.435145,1.436435
2026-09-28T08:09:00Z,2026-09-28T08:10:00Z,1.436345,1.437205,1.434495,1.436375
2026-09-28T08:10:00Z,2026-09-28T08:11:00Z,1.436435,1.438025,1.435505,1.437355
2026-09-28T08:11:00Z,2026-09-28T08:12:00Z,1.437415,1.438255,1.434315,1.435465
2026-09-28T08:12:00Z,2026-09-28T08:13:00Z,1.435345,1.436085,1.432515,1.434985
2026-09-28T08:13:00Z,2026-09-28T08:14:00Z,1.434955,1.435245,1.432385,1.433925
2026-09-28T08:14:00Z,2026-09-28T08:15:00Z,1.433625,1.436925,1.433625,1.435345
2026-09-28T08:15:00Z,2026-09-28T08:16:00Z,1.435305,1.439095,1.434345,1.438915
2026-09-28T08:16:00Z,2026-09-28T08:17:00Z,1.439295,1.441635,1.437395,1.438385
2026-09-28T08:17:00Z,2026-09-28T08:18:00Z,1.438425,1.442335,1.438105,1.442335
2026-09-28T08:18:00Z,2026-09-28T08:19:00Z,1.442345,1.443485,1.441765,1.442695
2026-09-28T08:19:00Z,2026-09-28T08:20:00Z,1.442795,1.445595,1.442235,1.445325
2026-09-28T08:20:00Z,2026-09-28T08:21:00Z,1.444945,1.449825,1.443865,1.449555
2026-09-28T08:21:00Z,2026-09-28T08:22:00Z,1.449615,1.454995,1.449205,1.454995
2026-09-28T08:22:00Z,2026-09-28T08:23:00Z,1.455115,1.458235,1.454435,1.456475
2026-09-28T08:23:00Z,2026-09-28T08:24:00Z,1.456395,1.457835,1.454655,1.457175
2026-09-28T08:24:00Z,2026-09-28T08:25:00Z,1.456925,1.458315,1.455405,1.456755
2026-09-28T08:25:00Z,2026-09-28T08:26:00Z,1.456775,1.459255,1.456615,1.458385
2026-09-28T08:26:00Z,2026-09-28T08:27:00Z,1.458185,1.460085,1.457325,1.457655
2026-09-28T08:27:00Z,2026-09-28T08:28:00Z,1.457715,1.458135,1.456055,1.457455
2026-09-28T08:28:00Z,2026-09-28T08:29:00Z,1.457485,1.459295,1.455915,1.456065
2026-09-28T08:29:00Z,2026-09-28T08:30:00Z,1.456015,1.456135,1.450085,1.450085
2026-09-28T08:30:00Z,2026-09-28T08:31:00Z,1.450175,1.450645,1.445115,1.445295
2026-09-28T08:31:00Z,2026-09-28T08:32:00Z,1.445355,1.451315,1.445305,1.451125
2026-09-28T08:32:00Z,2026-09-28T08:33:00Z,1.450695,1.452465,1.449545,1.450995
2026-09-28T08:33:00Z,2026-09-28T08:34:00Z,1.451045,1.452975,1.451045,1.452045
2026-09-28T08:34:00Z,2026-09-28T08:35:00Z,1.452035,1.454585,1.451375,1.453075
2026-09-28T08:35:00Z,2026-09-28T08:36:00Z,1.453185,1.454575,1.450725,1.451035
2026-09-28T08:36:00Z,2026-09-28T08:37:00Z,1.450945,1.452475,1.450105,1.452445
2026-09-28T08:37:00Z,2026-09-28T08:38:00Z,1.452405,1.452405,1.447745,1.448355
2026-09-28T08:38:00Z,2026-09-28T08:39:00Z,1.448285,1.452155,1.447665,1.450885
2026-09-28T08:39:00Z,2026-09-28T08:40:00Z,1.450905,1.450905,1.448605,1.450175
2026-09-28T08:40:00Z,2026-09-28T08:41:00Z,1.450595,1.451705,1.449795,1.450325
2026-09-28T08:41:00Z,2026-09-28T08:42:00Z,1.450315,1.451665,1.449515,1.451185
2026-09-28T08:42:00Z,2026-09-28T08:43:00Z,1.451185,1.451245,1.447465,1.447825
2026-09-28T08:43:00Z,2026-09-28T08:44:00Z,1.447935,1.449845,1.447425,1.448975
2026-09-28T08:44:00Z,2026-09-28T08:45:00Z,1.449145,1.449925,1.447035,1.449895
2026-09-28T08:45:00Z,2026-09-28T08:46:00Z,1.450125,1.453985,1.450115,1.451665
2026-09-28T08:46:00Z,2026-09-28T08:47:00Z,1.451585,1.452665,1.450345,1.450345
2026-09-28T08:47:00Z,2026-09-28T08:48:00Z,1.450395,1.451565,1.447295,1.447435
2026-09-28T08:48:00Z,2026-09-28T08:49:00Z,1.447335,1.450775,1.447335,1.449915
2026-09-28T08:49:00Z,2026-09-28T08:50:00Z,1.449935,1.451455,1.448385,1.450775
2026-09-28T08:50:00Z,2026-09-28T08:51:00Z,1.450735,1.451715,1.449145,1.451645
2026-09-28T08:51:00Z,2026-09-28T08:52:00Z,1.451465,1.452115,1.447835,1.447835
2026-09-28T08:52:00Z,2026-09-28T08:53:00Z,1.448175,1.449285,1.446435,1.447455
2026-09-28T08:53:00Z,2026-09-28T08:54:00Z,1.447465,1.451835,1.447195,1.451665
2026-09-28T08:54:00Z,2026-09-28T08:55:00Z,1.451465,1.451605,1.446325,1.447065
2026-09-28T08:55:00Z,2026-09-28T08:56:00Z,1.447105,1.447125,1.441485,1.441595
2026-09-28T08:56:00Z,2026-09-28T08:57:00Z,1.441645,1.442285,1.440295,1.440935
2026-09-28T08:57:00Z,2026-09-28T08:58:00Z,1.440855,1.441045,1.437145,1.438395
2026-09-28T08:58:00Z,2026-09-28T08:59:00Z,1.438385,1.440335,1.437015,1.437035
2026-09-28T08:59:00Z,2026-09-28T09:00:00Z,1.436995,1.438705,1.434825,1.437405
2026-09-28T09:00:00Z,2026-09-28T09:01:00Z,1.437415,1.439035,1.436995,1.436995
2026-09-28T09:01:00Z,2026-09-28T09:02:00Z,1.436745,1.438655,1.435685,1.438355
2026-09-28T09:02:00Z,2026-09-28T09:03:00Z,1.438435,1.442705,1.437555,1.441615
2026-09-28T09:03:00Z,2026-09-28T09:04:00Z,1.441675,1.441785,1.439355,1.439755
2026-09-28T09:04:00Z,2026-09-28T09:05:00Z,1.439875,1.440295,1.436085,1.436095
2026-09-28T09:05:00Z,2026-09-28T09:06:00Z,1.436075,1.436435,1.434275,1.435875
2026-09-28T09:06:00Z,2026-09-28T09:07:00Z,1.435735,1.437555,1.434385,1.436375
2026-09-28T09:07:00Z,2026-09-28T09:08:00Z,1.436265,1.436435,1.433735,1.434655
2026-09-28T09:08:00Z,2026-09-28T09:09:00Z,1.434595,1.436375,1.434465,1.435725
2026-09-28T09:09:00Z,2026-09-28T09:10:00Z,1.435585,1.437625,1.435495,1.435995
2026-09-28T09:10:00Z,2026-09-28T09:11:00Z,1.436115,1.437215,1.435415,1.435885
2026-09-28T09:11:00Z,2026-09-28T09:12:00Z,1.435985,1.437195,1.435025,1.436615
2026-09-28T09:12:00Z,2026-09-28T09:13:00Z,1.436665,1.437035,1.434195,1.434605
2026-09-28T09:13:00Z,2026-09-28T09:14:00Z,1.434725,1.435055,1.432865,1.433405
2026-09-28T09:14:00Z,2026-09-28T09:15:00Z,1.433375,1.434815,1.432355,1.433695
2026-09-28T09:15:00Z,2026-09-28T09:16:00Z,1.434035,1.438155,1.433345,1.434095
2026-09-28T09:16:00Z,2026-09-28T09:17:00Z,1.434085,1.437705,1.432665,1.432665
2026-09-28T09:17:00Z,2026-09-28T09:18:00Z,1.432395,1.436865,1.432125,1.436865
2026-09-28T09:18:00Z,2026-09-28T09:19:00Z,1.436685,1.437145,1.434515,1.434595
2026-09-28T09:19:00Z,2026-09-28T09:20:00Z,1.434585,1.435475,1.432675,1.432845
2026-09-28T09:20:00Z,2026-09-28T09:21:00Z,1.432715,1.439325,1.432715,1.439085
2026-09-28T09:21:00Z,2026-09-28T09:22:00Z,1.439135,1.439135,1.436835,1.437585
2026-09-28T09:22:00Z,2026-09-28T09:23:00Z,1.437555,1.442175,1.437015,1.441605
2026-09-28T09:23:00Z,2026-09-28T09:24:00Z,1.441555,1.441555,1.434135,1.434535
2026-09-28T09:24:00Z,2026-09-28T09:25:00Z,1.434385,1.441435,1.434385,1.440665
2026-09-28T09:25:00Z,2026-09-28T09:26:00Z,1.440545,1.440595,1.431735,1.432745
2026-09-28T09:26:00Z,2026-09-28T09:27:00Z,1.432635,1.433885,1.432155,1.433465
2026-09-28T09:27:00Z,2026-09-28T09:28:00Z,1.433445,1.434535,1.430545,1.430855
2026-09-28T09:28:00Z,2026-09-28T09:29:00Z,1.430845,1.431665,1.427765,1.429265
2026-09-28T09:29:00Z,2026-09-28T09:30:00Z,1.429115,1.431585,1.428925,1.431075
2026-09-28T09:30:00Z,2026-09-28T09:31:00Z,1.430865,1.432295,1.429815,1.430545
2026-09-28T09:31:00Z,2026-09-28T09:32:00Z,1.430325,1.431295,1.428775,1.429855
2026-09-28T09:32:00Z,2026-09-28T09:33:00Z,1.429895,1.429895,1.425695,1.426895
2026-09-28T09:33:00Z,2026-09-28T09:34:00Z,1.427015,1.430945,1.425675,1.429255
2026-09-28T09:34:00Z,2026-09-28T09:35:00Z,1.429325,1.430635,1.427405,1.428345
2026-09-28T09:35:00Z,2026-09-28T09:36:00Z,1.428335,1.428475,1.427065,1.427865
2026-09-28T09:36:00Z,2026-09-28T09:37:00Z,1.427835,1.428555,1.425055,1.425755
2026-09-28T09:37:00Z,2026-09-28T09:38:00Z,1.425765,1.425825,1.420965,1.420965
2026-09-28T09:38:00Z,2026-09-28T09:39:00Z,1.420985,1.421085,1.418515,1.420325
2026-09-28T09:39:00Z,2026-09-28T09:40:00Z,1.420555,1.420555,1.416155,1.418085
2026-09-28T09:40:00Z,2026-09-28T09:41:00Z,1.418145,1.422715,1.417715,1.422715
2026-09-28T09:41:00Z,2026-09-28T09:42:00Z,1.422745,1.423205,1.416135,1.417465
2026-09-28T09:42:00Z,2026-09-28T09:43:00Z,1.417555,1.418175,1.414805,1.415375
2026-09-28T09:43:00Z,2026-09-28T09:44:00Z,1.415615,1.415905,1.413995,1.414825
2026-09-28T09:44:00Z,2026-09-28T09:45:00Z,1.414905,1.419285,1.413255,1.418245
2026-09-28T09:45:00Z,2026-09-28T09:46:00Z,1.418195,1.420605,1.417715,1.419815
2026-09-28T09:46:00Z,2026-09-28T09:47:00Z,1.419675,1.419675,1.415505,1.416315
2026-09-28T09:47:00Z,2026-09-28T09:48:00Z,1.416355,1.417775,1.414775,1.414855
2026-09-28T09:48:00Z,2026-09-28T09:49:00Z,1.414925,1.415625,1.413875,1.414855
2026-09-28T09:49:00Z,2026-09-28T09:50:00Z,1.414875,1.415615,1.412705,1.415575
2026-09-28T09:50:00Z,2026-09-28T09:51:00Z,1.415595,1.415595,1.413605,1.414185
2026-09-28T09:51:00Z,2026-09-28T09:52:00Z,1.414175,1.415985,1.414065,1.415985
2026-09-28T09:52:00Z,2026-09-28T09:53:00Z,1.416055,1.418505,1.416055,1.418135
2026-09-28T09:53:00Z,2026-09-28T09:54:00Z,1.418185,1.420185,1.417825,1.420115
2026-09-28T09:54:00Z,2026-09-28T09:55:00Z,1.420275,1.424375,1.420275,1.424035
2026-09-28T09:55:00Z,2026-09-28T09:56:00Z,1.424195,1.424275,1.421555,1.421865
2026-09-28T09:56:00Z,2026-09-28T09:57:00Z,1.421885,1.424145,1.419835,1.423955
2026-09-28T09:57:00Z,2026-09-28T09:58:00Z,1.424025,1.425605,1.423215,1.425435
2026-09-28T09:58:00Z,2026-09-28T09:59:00Z,1.425365,1.427345,1.423595,1.425385
2026-09-28T09:59:00Z,2026-09-28T10:00:00Z,1.425465,1.425475,1.419505,1.422175
2026-09-28T10:00:00Z,2026-09-28T10:01:00Z,1.422155,1.424605,1.421155,1.424605
2026-09-28T10:01:00Z,2026-09-28T10:02:00Z,1.424675,1.425135,1.423665,1.423665
2026-09-28T10:02:00Z,2026-09-28T10:03:00Z,1.423845,1.426055,1.423295,1.425555
2026-09-28T10:03:00Z,2026-09-28T10:04:00Z,1.425625,1.426235,1.424125,1.425065
2026-09-28T10:04:00Z,2026-09-28T10:05:00Z,1.425135,1.426505,1.423445,1.424455
2026-09-28T10:05:00Z,2026-09-28T10:06:00Z,1.424485,1.424665,1.421955,1.422965
2026-09-28T10:06:00Z,2026-09-28T10:07:00Z,1.422935,1.424965,1.421535,1.421615
2026-09-28T10:07:00Z,2026-09-28T10:08:00Z,1.421645,1.424055,1.421395,1.422755
2026-09-28T10:08:00Z,2026-09-28T10:09:00Z,1.422525,1.427375,1.422455,1.426925
2026-09-28T10:09:00Z,2026-09-28T10:10:00Z,1.426815,1.427355,1.422825,1.423665
2026-09-28T10:10:00Z,2026-09-28T10:11:00Z,1.423545,1.424695,1.421705,1.421705
2026-09-28T10:11:00Z,2026-09-28T10:12:00Z,1.421605,1.423585,1.421355,1.423375
2026-09-28T10:12:00Z,2026-09-28T10:13:00Z,1.423335,1.426055,1.423185,1.423605
2026-09-28T10:13:00Z,2026-09-28T10:14:00Z,1.423475,1.429995,1.422985,1.429555
2026-09-28T10:14:00Z,2026-09-28T10:15:00Z,1.429585,1.431335,1.428175,1.431115
2026-09-28T10:15:00Z,2026-09-28T10:16:00Z,1.430905,1.431945,1.429335,1.430815
2026-09-28T10:16:00Z,2026-09-28T10:17:00Z,1.430675,1.431035,1.427065,1.427585
2026-09-28T10:17:00Z,2026-09-28T10:18:00Z,1.428045,1.429885,1.427095,1.427355
2026-09-28T10:18:00Z,2026-09-28T10:19:00Z,1.427385,1.427455,1.425335,1.426575
2026-09-28T10:19:00Z,2026-09-28T10:20:00Z,1.426535,1.426585,1.423965,1.424465
2026-09-28T10:20:00Z,2026-09-28T10:21:00Z,1.424555,1.427005,1.424365,1.425675
2026-09-28T10:21:00Z,2026-09-28T10:22:00Z,1.425465,1.426855,1.423325,1.426355
2026-09-28T10:22:00Z,2026-09-28T10:23:00Z,1.426265,1.428625,1.424945,1.425865
2026-09-28T10:23:00Z,2026-09-28T10:24:00Z,1.425845,1.427495,1.425345,1.426255
2026-09-28T10:24:00Z,2026-09-28T10:25:00Z,1.426235,1.427475,1.426035,1.426385
2026-09-28T10:25:00Z,2026-09-28T10:26:00Z,1.426495,1.427765,1.424665,1.425145
2026-09-28T10:26:00Z,2026-09-28T10:27:00Z,1.425095,1.429255,1.424405,1.429255
2026-09-28T10:27:00Z,2026-09-28T10:28:00Z,1.429235,1.431965,1.426045,1.431185
2026-09-28T10:28:00Z,2026-09-28T10:29:00Z,1.431225,1.434365,1.430725,1.433245
2026-09-28T10:29:00Z,2026-09-28T10:30:00Z,1.433165,1.435615,1.432375,1.432405
2026-09-28T10:30:00Z,2026-09-28T10:31:00Z,1.432455,1.434745,1.431785,1.433905
2026-09-28T10:31:00Z,2026-09-28T10:32:00Z,1.433665,1.433825,1.429585,1.430045
2026-09-28T10:32:00Z,2026-09-28T10:33:00Z,1.429965,1.432245,1.429015,1.432125
2026-09-28T10:33:00Z,2026-09-28T10:34:00Z,1.431975,1.431995,1.427595,1.427715
2026-09-28T10:34:00Z,2026-09-28T10:35:00Z,1.427775,1.429875,1.427545,1.428435
2026-09-28T10:35:00Z,2026-09-28T10:36:00Z,1.428505,1.429665,1.427445,1.429435
2026-09-28T10:36:00Z,2026-09-28T10:37:00Z,1.429605,1.429745,1.427475,1.429275
2026-09-28T10:37:00Z,2026-09-28T10:38:00Z,1.429335,1.429505,1.424615,1.426225
2026-09-28T10:38:00Z,2026-09-28T10:39:00Z,1.426205,1.429235,1.425825,1.428535
2026-09-28T10:39:00Z,2026-09-28T10:40:00Z,1.428595,1.429895,1.427615,1.429575
2026-09-28T10:40:00Z,2026-09-28T10:41:00Z,1.429585,1.429765,1.426845,1.427485
2026-09-28T10:41:00Z,2026-09-28T10:42:00Z,1.427415,1.427695,1.425155,1.426335
2026-09-28T10:42:00Z,2026-09-28T10:43:00Z,1.426325,1.430785,1.426085,1.430785
2026-09-28T10:43:00Z,2026-09-28T10:44:00Z,1.430925,1.439585,1.429315,1.439585
2026-09-28T10:44:00Z,2026-09-28T10:45:00Z,1.439595,1.442335,1.439535,1.442085
2026-09-28T10:45:00Z,2026-09-28T10:46:00Z,1.441985,1.443775,1.441805,1.441895
2026-09-28T10:46:00Z,2026-09-28T10:47:00Z,1.441885,1.442535,1.439755,1.440555
2026-09-28T10:47:00Z,2026-09-28T10:48:00Z,1.440775,1.441045,1.438215,1.439185
2026-09-28T10:48:00Z,2026-09-28T10:49:00Z,1.439315,1.440535,1.438015,1.440435
2026-09-28T10:49:00Z,2026-09-28T10:50:00Z,1.440495,1.444085,1.440465,1.444085
2026-09-28T10:50:00Z,2026-09-28T10:51:00Z,1.444075,1.444725,1.441085,1.441825
2026-09-28T10:51:00Z,2026-09-28T10:52:00Z,1.441775,1.442545,1.439155,1.442185
2026-09-28T10:52:00Z,2026-09-28T10:53:00Z,1.441845,1.442805,1.439865,1.441325
2026-09-28T10:53:00Z,2026-09-28T10:54:00Z,1.441355,1.441665,1.437505,1.438865
2026-09-28T10:54:00Z,2026-09-28T10:55:00Z,1.438965,1.440845,1.437935,1.438435
2026-09-28T10:55:00Z,2026-09-28T10:56:00Z,1.438285,1.439295,1.436605,1.437435
2026-09-28T10:56:00Z,2026-09-28T10:57:00Z,1.437545,1.440985,1.437545,1.440285
2026-09-28T10:57:00Z,2026-09-28T10:58:00Z,1.440245,1.440255,1.438385,1.438485
2026-09-28T10:58:00Z,2026-09-28T10:59:00Z,1.438535,1.439265,1.431555,1.431785
2026-09-28T10:59:00Z,2026-09-28T11:00:00Z,1.431665,1.432315,1.429985,1.430175
2026-09-28T11:00:00Z,2026-09-28T11:01:00Z,1.430145,1.431805,1.429795,1.431475
2026-09-28T11:01:00Z,2026-09-28T11:02:00Z,1.431465,1.432625,1.430715,1.432165
2026-09-28T11:02:00Z,2026-09-28T11:03:00Z,1.432115,1.433835,1.430075,1.430355
2026-09-28T11:03:00Z,2026-09-28T11:04:00Z,1.430465,1.430465,1.426665,1.427515
2026-09-28T11:04:00Z,2026-09-28T11:05:00Z,1.427425,1.429055,1.426285,1.429055
2026-09-28T11:05:00Z,2026-09-28T11:06:00Z,1.429065,1.431235,1.428645,1.430005
2026-09-28T11:06:00Z,2026-09-28T11:07:00Z,1.429945,1.430805,1.427535,1.428175
2026-09-28T11:07:00Z,2026-09-28T11:08:00Z,1.428485,1.428625,1.425465,1.426655
2026-09-28T11:08:00Z,2026-09-28T11:09:00Z,1.426635,1.428005,1.425415,1.427235
2026-09-28T11:09:00Z,2026-09-28T11:10:00Z,1.427125,1.427135,1.425415,1.425985
2026-09-28T11:10:00Z,2026-09-28T11:11:00Z,1.426035,1.430875,1.426035,1.430295
2026-09-28T11:11:00Z,2026-09-28T11:12:00Z,1.430185,1.430745,1.423555,1.423695
2026-09-28T11:12:00Z,2026-09-28T11:13:00Z,1.423775,1.426985,1.423265,1.426115
2026-09-28T11:13:00Z,2026-09-28T11:14:00Z,1.425955,1.427015,1.424445,1.425305
2026-09-28T11:14:00Z,2026-09-28T11:15:00Z,1.425165,1.427175,1.424245,1.427015
2026-09-28T11:15:00Z,2026-09-28T11:16:00Z,1.426945,1.427695,1.421095,1.421945
2026-09-28T11:16:00Z,2026-09-28T11:17:00Z,1.421965,1.422625,1.418015,1.418025
2026-09-28T11:17:00Z,2026-09-28T11:18:00Z,1.418045,1.419925,1.417025,1.417245
2026-09-28T11:18:00Z,2026-09-28T11:19:00Z,1.416865,1.417105,1.413345,1.413515
2026-09-28T11:19:00Z,2026-09-28T11:20:00Z,1.413435,1.415015,1.410855,1.412655
2026-09-28T11:20:00Z,2026-09-28T11:21:00Z,1.412465,1.413225,1.408965,1.409945
2026-09-28T11:21:00Z,2026-09-28T11:22:00Z,1.409985,1.410615,1.407845,1.408005
2026-09-28T11:22:00Z,2026-09-28T11:23:00Z,1.407575,1.408815,1.407105,1.408195
2026-09-28T11:23:00Z,2026-09-28T11:24:00Z,1.408235,1.410565,1.406915,1.409845
2026-09-28T11:24:00Z,2026-09-28T11:25:00Z,1.409815,1.410635,1.407725,1.408405
2026-09-28T11:25:00Z,2026-09-28T11:26:00Z,1.408425,1.409705,1.408375,1.408815
2026-09-28T11:26:00Z,2026-09-28T11:27:00Z,1.408785,1.410165,1.407095,1.410165
2026-09-28T11:27:00Z,2026-09-28T11:28:00Z,1.410295,1.410525,1.405765,1.405815
2026-09-28T11:28:00Z,2026-09-28T11:29:00Z,1.405715,1.406615,1.402825,1.402985
2026-09-28T11:29:00Z,2026-09-28T11:30:00Z,1.402945,1.403465,1.401095,1.401895
2026-09-28T11:30:00Z,2026-09-28T11:31:00Z,1.401835,1.405585,1.401645,1.404725
2026-09-28T11:31:00Z,2026-09-28T11:32:00Z,1.404645,1.405255,1.403915,1.404275
2026-09-28T11:32:00Z,2026-09-28T11:33:00Z,1.404385,1.404945,1.403155,1.403395
2026-09-28T11:33:00Z,2026-09-28T11:34:00Z,1.404825,1.405645,1.404035,1.405505
2026-09-28T11:34:00Z,2026-09-28T11:35:00Z,1.405685,1.406345,1.404425,1.404865
2026-09-28T11:35:00Z,2026-09-28T11:36:00Z,1.404725,1.405865,1.402145,1.405865
2026-09-28T11:36:00Z,2026-09-28T11:37:00Z,1.405885,1.408115,1.405705,1.406945
2026-09-28T11:37:00Z,2026-09-28T11:38:00Z,1.406935,1.409085,1.405685,1.408905
2026-09-28T11:38:00Z,2026-09-28T11:39:00Z,1.408545,1.409175,1.406255,1.407955
2026-09-28T11:39:00Z,2026-09-28T11:40:00Z,1.407885,1.409715,1.406065,1.406255
2026-09-28T11:40:00Z,2026-09-28T11:41:00Z,1.406015,1.408015,1.405045,1.407735
2026-09-28T11:41:00Z,2026-09-28T11:42:00Z,1.407845,1.409625,1.406485,1.408215
2026-09-28T11:42:00Z,2026-09-28T11:43:00Z,1.408095,1.408655,1.405515,1.408215
2026-09-28T11:43:00Z,2026-09-28T11:44:00Z,1.408065,1.409195,1.407105,1.408395
2026-09-28T11:44:00Z,2026-09-28T11:45:00Z,1.408355,1.409085,1.407785,1.408375
2026-09-28T11:45:00Z,2026-09-28T11:46:00Z,1.408365,1.411305,1.408055,1.411305
2026-09-28T11:46:00Z,2026-09-28T11:47:00Z,1.411325,1.415635,1.411325,1.414615
2026-09-28T11:47:00Z,2026-09-28T11:48:00Z,1.414575,1.415695,1.413545,1.414235
2026-09-28T11:48:00Z,2026-09-28T11:49:00Z,1.414205,1.415965,1.413735,1.415945
2026-09-28T11:49:00Z,2026-09-28T11:50:00Z,1.416095,1.419345,1.416055,1.416985
2026-09-28T11:50:00Z,2026-09-28T11:51:00Z,1.417005,1.417235,1.414215,1.414545
2026-09-28T11:51:00Z,2026-09-28T11:52:00Z,1.414455,1.415265,1.412225,1.415145
2026-09-28T11:52:00Z,2026-09-28T11:53:00Z,1.415035,1.418145,1.414515,1.418015
2026-09-28T11:53:00Z,2026-09-28T11:54:00Z,1.417945,1.420305,1.417445,1.417745
2026-09-28T11:54:00Z,2026-09-28T11:55:00Z,1.417725,1.418175,1.415815,1.418065
2026-09-28T11:55:00Z,2026-09-28T11:56:00Z,1.418215,1.418515,1.416065,1.418235
2026-09-28T11:56:00Z,2026-09-28T11:57:00Z,1.418265,1.419885,1.415535,1.416325
2026-09-28T11:57:00Z,2026-09-28T11:58:00Z,1.416295,1.416325,1.412635,1.413205
2026-09-28T11:58:00Z,2026-09-28T11:59:00Z,1.413265,1.415315,1.412475,1.415165
2026-09-28T11:59:00Z,2026-09-28T12:00:00Z,1.415215,1.416215,1.413205,1.414785
2026-09-28T12:00:00Z,2026-09-28T12:01:00Z,1.414605,1.416595,1.414105,1.416505
2026-09-28T12:01:00Z,2026-09-28T12:02:00Z,1.416465,1.416765,1.415075,1.416185
2026-09-28T12:02:00Z,2026-09-28T12:03:00Z,1.416075,1.416505,1.414385,1.414415
2026-09-28T12:03:00Z,2026-09-28T12:04:00Z,1.414325,1.414355,1.411695,1.411695
2026-09-28T12:04:00Z,2026-09-28T12:05:00Z,1.411835,1.412485,1.410515,1.410765
2026-09-28T12:05:00Z,2026-09-28T12:06:00Z,1.410845,1.411325,1.407705,1.407745
2026-09-28T12:06:00Z,2026-09-28T12:07:00Z,1.407755,1.408955,1.406365,1.407725
2026-09-28T12:07:00Z,2026-09-28T12:08:00Z,1.407905,1.408135,1.404315,1.405755
2026-09-28T12:08:00Z,2026-09-28T12:09:00Z,1.405715,1.406205,1.404405,1.405755
2026-09-28T12:09:00Z,2026-09-28T12:10:00Z,1.405725,1.408955,1.405725,1.408055
2026-09-28T12:10:00Z,2026-09-28T12:11:00Z,1.408065,1.410345,1.407115,1.410345
2026-09-28T12:11:00Z,2026-09-28T12:12:00Z,1.410425,1.414225,1.410385,1.413035
2026-09-28T12:12:00Z,2026-09-28T12:13:00Z,1.412995,1.416235,1.412885,1.415075
2026-09-28T12:13:00Z,2026-09-28T12:14:00Z,1.415035,1.416025,1.410675,1.410675
2026-09-28T12:14:00Z,2026-09-28T12:15:00Z,1.410715,1.412255,1.409645,1.410265
2026-09-28T12:15:00Z,2026-09-28T12:16:00Z,1.410315,1.410915,1.407925,1.408585
2026-09-28T12:16:00Z,2026-09-28T12:17:00Z,1.408555,1.410655,1.408195,1.409745
2026-09-28T12:17:00Z,2026-09-28T12:18:00Z,1.409705,1.412965,1.409705,1.412945
2026-09-28T12:18:00Z,2026-09-28T12:19:00Z,1.412925,1.413905,1.410665,1.411595
2026-09-28T12:19:00Z,2026-09-28T12:20:00Z,1.411205,1.411345,1.409935,1.411065
2026-09-28T12:20:00Z,2026-09-28T12:21:00Z,1.410935,1.412845,1.409375,1.412135
2026-09-28T12:21:00Z,2026-09-28T12:22:00Z,1.412185,1.413465,1.410785,1.411365
2026-09-28T12:22:00Z,2026-09-28T12:23:00Z,1.411275,1.411585,1.409555,1.411035
2026-09-28T12:23:00Z,2026-09-28T12:24:00Z,1.410995,1.411675,1.409215,1.411365
2026-09-28T12:24:00Z,2026-09-28T12:25:00Z,1.411275,1.412435,1.407095,1.411985
2026-09-28T12:25:00Z,2026-09-28T12:26:00Z,1.411715,1.412735,1.409265,1.409545
2026-09-28T12:26:00Z,2026-09-28T12:27:00Z,1.409575,1.410225,1.406295,1.406845
2026-09-28T12:27:00Z,2026-09-28T12:28:00Z,1.407025,1.408635,1.406105,1.407535
2026-09-28T12:28:00Z,2026-09-28T12:29:00Z,1.407205,1.407625,1.405325,1.405615
2026-09-28T12:29:00Z,2026-09-28T12:30:00Z,1.405645,1.406255,1.404235,1.404525
2026-09-28T12:30:00Z,2026-09-28T12:31:00Z,1.404505,1.405325,1.403815,1.404885
2026-09-28T12:31:00Z,2026-09-28T12:32:00Z,1.405075,1.407755,1.403835,1.405565
2026-09-28T12:32:00Z,2026-09-28T12:33:00Z,1.405545,1.406365,1.404975,1.405625
2026-09-28T12:33:00Z,2026-09-28T12:34:00Z,1.405735,1.412275,1.405195,1.412275
2026-09-28T12:34:00Z,2026-09-28T12:35:00Z,1.412235,1.414575,1.412025,1.413775
2026-09-28T12:35:00Z,2026-09-28T12:36:00Z,1.413225,1.414165,1.412065,1.412485
2026-09-28T12:36:00Z,2026-09-28T12:37:00Z,1.412505,1.412815,1.410655,1.411695
2026-09-28T12:37:00Z,2026-09-28T12:38:00Z,1.411735,1.412635,1.410385,1.411475
2026-09-28T12:38:00Z,2026-09-28T12:39:00Z,1.411515,1.413895,1.410555,1.413845
2026-09-28T12:39:00Z,2026-09-28T12:40:00Z,1.413445,1.413845,1.409785,1.411465
2026-09-28T12:40:00Z,2026-09-28T12:41:00Z,1.411355,1.413185,1.410775,1.411175
2026-09-28T12:41:00Z,2026-09-28T12:42:00Z,1.411295,1.411645,1.409545,1.409645
2026-09-28T12:42:00Z,2026-09-28T12:43:00Z,1.409665,1.410365,1.405045,1.405405
2026-09-28T12:43:00Z,2026-09-28T12:44:00Z,1.405495,1.405815,1.403105,1.404015
2026-09-28T12:44:00Z,2026-09-28T12:45:00Z,1.404035,1.404165,1.401795,1.403615
2026-09-28T12:45:00Z,2026-09-28T12:46:00Z,1.403505,1.407065,1.403325,1.407065
2026-09-28T12:46:00Z,2026-09-28T12:47:00Z,1.407055,1.407625,1.404205,1.406015
2026-09-28T12:47:00Z,2026-09-28T12:48:00Z,1.406035,1.408785,1.405635,1.408095
2026-09-28T12:48:00Z,2026-09-28T12:49:00Z,1.408025,1.410345,1.406625,1.409495
2026-09-28T12:49:00Z,2026-09-28T12:50:00Z,1.409665,1.410095,1.406965,1.407045
2026-09-28T12:50:00Z,2026-09-28T12:51:00Z,1.406955,1.407725,1.403755,1.403915
2026-09-28T12:51:00Z,2026-09-28T12:52:00Z,1.403945,1.406375,1.403545,1.406135
2026-09-28T12:52:00Z,2026-09-28T12:53:00Z,1.406155,1.407095,1.402705,1.402905
2026-09-28T12:53:00Z,2026-09-28T12:54:00Z,1.402805,1.403045,1.399175,1.401545
2026-09-28T12:54:00Z,2026-09-28T12:55:00Z,1.401475,1.403885,1.400935,1.401715
2026-09-28T12:55:00Z,2026-09-28T12:56:00Z,1.401705,1.402635,1.398645,1.399695
2026-09-28T12:56:00Z,2026-09-28T12:57:00Z,1.399785,1.401765,1.397985,1.401765
2026-09-28T12:57:00Z,2026-09-28T12:58:00Z,1.401575,1.401635,1.399295,1.401045
2026-09-28T12:58:00Z,2026-09-28T12:59:00Z,1.400775,1.408815,1.400775,1.407855
2026-09-28T12:59:00Z,2026-09-28T13:00:00Z,1.407925,1.408545,1.406805,1.407965
2026-09-28T13:00:00Z,2026-09-28T13:01:00Z,1.408055,1.413125,1.408005,1.413065
2026-09-28T13:01:00Z,2026-09-28T13:02:00Z,1.413125,1.414095,1.410755,1.410775
2026-09-28T13:02:00Z,2026-09-28T13:03:00Z,1.410785,1.411105,1.408035,1.408125
2026-09-28T13:03:00Z,2026-09-28T13:04:00Z,1.408095,1.410505,1.406955,1.410075
2026-09-28T13:04:00Z,2026-09-28T13:05:00Z,1.410065,1.411245,1.407845,1.408395
2026-09-28T13:05:00Z,2026-09-28T13:06:00Z,1.408435,1.408995,1.405715,1.405855
2026-09-28T13:06:00Z,2026-09-28T13:07:00Z,1.405805,1.407655,1.405555,1.405875
2026-09-28T13:07:00Z,2026-09-28T13:08:00Z,1.405985,1.406375,1.404595,1.405725
2026-09-28T13:08:00Z,2026-09-28T13:09:00Z,1.405825,1.406975,1.405045,1.405435
2026-09-28T13:09:00Z,2026-09-28T13:10:00Z,1.405425,1.406605,1.403835,1.406035
2026-09-28T13:10:00Z,2026-09-28T13:11:00Z,1.405935,1.408185,1.404135,1.407955
2026-09-28T13:11:00Z,2026-09-28T13:12:00Z,1.407995,1.411045,1.407685,1.410755
2026-09-28T13:12:00Z,2026-09-28T13:13:00Z,1.410685,1.411275,1.408935,1.410205
2026-09-28T13:13:00Z,2026-09-28T13:14:00Z,1.410385,1.410385,1.407665,1.408215
2026-09-28T13:14:00Z,2026-09-28T13:15:00Z,1.408345,1.408915,1.405195,1.408795
2026-09-28T13:15:00Z,2026-09-28T13:16:00Z,1.408905,1.409665,1.407375,1.408825
2026-09-28T13:16:00Z,2026-09-28T13:17:00Z,1.408665,1.409015,1.404325,1.405485
2026-09-28T13:17:00Z,2026-09-28T13:18:00Z,1.405395,1.407295,1.404605,1.407295
2026-09-28T13:18:00Z,2026-09-28T13:19:00Z,1.407715,1.407715,1.404915,1.405925
2026-09-28T13:19:00Z,2026-09-28T13:20:00Z,1.406025,1.406465,1.404215,1.405405
2026-09-28T13:20:00Z,2026-09-28T13:21:00Z,1.405315,1.405685,1.400055,1.400375
2026-09-28T13:21:00Z,2026-09-28T13:22:00Z,1.400425,1.401275,1.398275,1.399785
2026-09-28T13:22:00Z,2026-09-28T13:23:00Z,1.399735,1.400485,1.398305,1.400485
2026-09-28T13:23:00Z,2026-09-28T13:24:00Z,1.400865,1.402585,1.400475,1.401185
2026-09-28T13:24:00Z,2026-09-28T13:25:00Z,1.401245,1.403555,1.401135,1.403235
2026-09-28T13:25:00Z,2026-09-28T13:26:00Z,1.403455,1.406235,1.402975,1.403485
2026-09-28T13:26:00Z,2026-09-28T13:27:00Z,1.403495,1.406435,1.402385,1.405775
2026-09-28T13:27:00Z,2026-09-28T13:28:00Z,1.405785,1.407695,1.404825,1.404825
2026-09-28T13:28:00Z,2026-09-28T13:29:00Z,1.404775,1.404965,1.401875,1.402145
2026-09-28T13:29:00Z,2026-09-28T13:30:00Z,1.401995,1.404495,1.401355,1.403885
2026-09-28T13:30:00Z,2026-09-28T13:31:00Z,1.404105,1.404885,1.399995,1.400445
2026-09-28T13:31:00Z,2026-09-28T13:32:00Z,1.400425,1.400945,1.398365,1.399725
2026-09-28T13:32:00Z,2026-09-28T13:33:00Z,1.399985,1.401515,1.399025,1.399885
2026-09-28T13:33:00Z,2026-09-28T13:34:00Z,1.399775,1.400075,1.396165,1.396845
2026-09-28T13:34:00Z,2026-09-28T13:35:00Z,1.396835,1.397835,1.394775,1.396015
2026-09-28T13:35:00Z,2026-09-28T13:36:00Z,1.395905,1.396465,1.394065,1.394645
2026-09-28T13:36:00Z,2026-09-28T13:37:00Z,1.394695,1.394695,1.390555,1.392475
2026-09-28T13:37:00Z,2026-09-28T13:38:00Z,1.392445,1.394075,1.391775,1.393355
2026-09-28T13:38:00Z,2026-09-28T13:39:00Z,1.393295,1.393335,1.389655,1.390795
2026-09-28T13:39:00Z,2026-09-28T13:40:00Z,1.390925,1.391065,1.386705,1.389185
2026-09-28T13:40:00Z,2026-09-28T13:41:00Z,1.389095,1.391485,1.388705,1.388795
2026-09-28T13:41:00Z,2026-09-28T13:42:00Z,1.388835,1.389575,1.387805,1.388465
2026-09-28T13:42:00Z,2026-09-28T13:43:00Z,1.388425,1.389575,1.386515,1.387005
2026-09-28T13:43:00Z,2026-09-28T13:44:00Z,1.387105,1.388285,1.384995,1.385195
2026-09-28T13:44:00Z,2026-09-28T13:45:00Z,1.385215,1.388045,1.384455,1.385425
2026-09-28T13:45:00Z,2026-09-28T13:46:00Z,1.385275,1.387605,1.384885,1.385905
2026-09-28T13:46:00Z,2026-09-28T13:47:00Z,1.386135,1.390245,1.385685,1.388785
2026-09-28T13:47:00Z,2026-09-28T13:48:00Z,1.388885,1.390705,1.388545,1.390645
2026-09-28T13:48:00Z,2026-09-28T13:49:00Z,1.390735,1.391165,1.385135,1.385195
2026-09-28T13:49:00Z,2026-09-28T13:50:00Z,1.384895,1.386375,1.383325,1.384825
2026-09-28T13:50:00Z,2026-09-28T13:51:00Z,1.385045,1.385465,1.383175,1.385025
2026-09-28T13:51:00Z,2026-09-28T13:52:00Z,1.385285,1.387435,1.385285,1.387055
2026-09-28T13:52:00Z,2026-09-28T13:53:00Z,1.387165,1.387365,1.382575,1.383105
2026-09-28T13:53:00Z,2026-09-28T13:54:00Z,1.383205,1.385125,1.382825,1.383895
2026-09-28T13:54:00Z,2026-09-28T13:55:00Z,1.383905,1.383975,1.380485,1.380485
2026-09-28T13:55:00Z,2026-09-28T13:56:00Z,1.380465,1.380585,1.378345,1.378565
2026-09-28T13:56:00Z,2026-09-28T13:57:00Z,1.378615,1.381015,1.377935,1.380655
2026-09-28T13:57:00Z,2026-09-28T13:58:00Z,1.380715,1.381715,1.379575,1.381455
2026-09-28T13:58:00Z,2026-09-28T13:59:00Z,1.381735,1.386545,1.381225,1.384695
2026-09-28T13:59:00Z,2026-09-28T14:00:00Z,1.384645,1.385645,1.383855,1.384235
2026-09-28T14:00:00Z,2026-09-28T14:01:00Z,1.384225,1.384565,1.379795,1.379795
2026-09-28T14:01:00Z,2026-09-28T14:02:00Z,1.379775,1.380875,1.378105,1.379355
2026-09-28T14:02:00Z,2026-09-28T14:03:00Z,1.379025,1.379115,1.374635,1.375715
2026-09-28T14:03:00Z,2026-09-28T14:04:00Z,1.375805,1.376525,1.373665,1.374285
2026-09-28T14:04:00Z,2026-09-28T14:05:00Z,1.374295,1.375715,1.373765,1.375205
2026-09-28T14:05:00Z,2026-09-28T14:06:00Z,1.375285,1.375525,1.373215,1.373765
2026-09-28T14:06:00Z,2026-09-28T14:07:00Z,1.374185,1.374225,1.369965,1.371335
2026-09-27T21:33:00Z,2026-09-27T21:34:00Z,1.510045,1.510095,1.505755,1.506605
2026-09-27T21:34:00Z,2026-09-27T21:35:00Z,1.506685,1.509615,1.506385,1.507705
2026-09-27T21:35:00Z,2026-09-27T21:36:00Z,1.507565,1.511475,1.507285,1.510955
2026-09-27T21:36:00Z,2026-09-27T21:37:00Z,1.511095,1.514035,1.510535,1.512695
2026-09-27T21:37:00Z,2026-09-27T21:38:00Z,1.512665,1.513875,1.510925,1.513495
2026-09-27T21:38:00Z,2026-09-27T21:39:00Z,1.513525,1.514605,1.512265,1.512995
2026-09-27T21:39:00Z,2026-09-27T21:40:00Z,1.512855,1.515945,1.512085,1.512585
2026-09-27T21:40:00Z,2026-09-27T21:41:00Z,1.512745,1.513525,1.509075,1.509595
2026-09-27T21:41:00Z,2026-09-27T21:42:00Z,1.509745,1.513385,1.509565,1.512915
2026-09-27T21:42:00Z,2026-09-27T21:43:00Z,1.513015,1.514135,1.509995,1.510035
2026-09-27T21:43:00Z,2026-09-27T21:44:00Z,1.510065,1.513865,1.509725,1.513255
2026-09-27T21:44:00Z,2026-09-27T21:45:00Z,1.513395,1.514375,1.511765,1.513435
2026-09-27T21:45:00Z,2026-09-27T21:46:00Z,1.513485,1.515295,1.513455,1.514705
2026-09-27T21:46:00Z,2026-09-27T21:47:00Z,1.514905,1.520445,1.514795,1.520445
2026-09-27T21:47:00Z,2026-09-27T21:48:00Z,1.520715,1.524995,1.520515,1.524075
2026-09-27T21:48:00Z,2026-09-27T21:49:00Z,1.524155,1.524435,1.522055,1.522085
2026-09-27T21:49:00Z,2026-09-27T21:50:00Z,1.522385,1.523195,1.517645,1.517865
2026-09-27T21:50:00Z,2026-09-27T21:51:00Z,1.517855,1.519515,1.517095,1.518495
2026-09-27T21:51:00Z,2026-09-27T21:52:00Z,1.518615,1.520555,1.518025,1.518025
2026-09-27T21:52:00Z,2026-09-27T21:53:00Z,1.518035,1.518035,1.512885,1.513225
2026-09-27T21:53:00Z,2026-09-27T21:54:00Z,1.513095,1.516755,1.512515,1.515355
2026-09-27T21:54:00Z,2026-09-27T21:55:00Z,1.515455,1.515585,1.511395,1.512395
2026-09-27T21:55:00Z,2026-09-27T21:56:00Z,1.512385,1.514985,1.512275,1.514245
2026-09-27T21:56:00Z,2026-09-27T21:57:00Z,1.514335,1.517715,1.513875,1.517405
2026-09-27T21:57:00Z,2026-09-27T21:58:00Z,1.517385,1.520075,1.516175,1.520075
2026-09-27T21:58:00Z,2026-09-27T21:59:00Z,1.519975,1.520535,1.516885,1.517235
2026-09-27T21:59:00Z,2026-09-27T22:00:00Z,1.517205,1.518205,1.516275,1.517085
2026-09-27T22:00:00Z,2026-09-27T22:01:00Z,1.517055,1.517165,1.512725,1.513015
2026-09-27T22:01:00Z,2026-09-27T22:02:00Z,1.512925,1.516015,1.512925,1.514995
2026-09-27T22:02:00Z,2026-09-27T22:03:00Z,1.515675,1.518595,1.515255,1.518285
2026-09-27T22:03:00Z,2026-09-27T22:04:00Z,1.518255,1.522365,1.518115,1.521305
2026-09-27T22:04:00Z,2026-09-27T22:05:00Z,1.521335,1.521595,1.517265,1.517745
2026-09-27T22:05:00Z,2026-09-27T22:06:00Z,1.517885,1.518695,1.516675,1.518615
2026-09-27T22:06:00Z,2026-09-27T22:07:00Z,1.518545,1.519045,1.516825,1.518945
2026-09-27T22:07:00Z,2026-09-27T22:08:00Z,1.519005,1.522535,1.518965,1.521535
2026-09-27T22:08:00Z,2026-09-27T22:09:00Z,1.521825,1.524085,1.521085,1.523235
2026-09-27T22:09:00Z,2026-09-27T22:10:00Z,1.522785,1.523285,1.519565,1.522915
2026-09-27T22:10:00Z,2026-09-27T22:11:00Z,1.523075,1.524975,1.522365,1.523775
2026-09-27T22:11:00Z,2026-09-27T22:12:00Z,1.523985,1.526625,1.522235,1.522685
2026-09-27T22:12:00Z,2026-09-27T22:13:00Z,1.522475,1.522695,1.520325,1.521445
2026-09-27T22:13:00Z,2026-09-27T22:14:00Z,1.521475,1.523565,1.520535,1.523565
2026-09-27T22:14:00Z,2026-09-27T22:15:00Z,1.523575,1.526535,1.523385,1.526535
2026-09-27T22:15:00Z,2026-09-27T22:16:00Z,1.526025,1.526735,1.524275,1.525425
2026-09-27T22:16:00Z,2026-09-27T22:17:00Z,1.525445,1.525445,1.521245,1.522915
2026-09-27T22:17:00Z,2026-09-27T22:18:00Z,1.522355,1.522795,1.519345,1.519925
2026-09-27T22:18:00Z,2026-09-27T22:19:00Z,1.519815,1.521145,1.518925,1.519705
2026-09-27T22:19:00Z,2026-09-27T22:20:00Z,1.519945,1.520715,1.518165,1.518165
2026-09-27T22:20:00Z,2026-09-27T22:21:00Z,1.518155,1.519905,1.517625,1.518435
2026-09-27T22:21:00Z,2026-09-27T22:22:00Z,1.518545,1.520645,1.518545,1.519505
2026-09-27T22:22:00Z,2026-09-27T22:23:00Z,1.519495,1.521115,1.516615,1.516615
2026-09-27T22:23:00Z,2026-09-27T22:24:00Z,1.516655,1.517665,1.515145,1.516935
2026-09-27T22:24:00Z,2026-09-27T22:25:00Z,1.517055,1.520115,1.516495,1.520015
2026-09-27T22:25:00Z,2026-09-27T22:26:00Z,1.520025,1.522225,1.517845,1.520935
2026-09-27T22:26:00Z,2026-09-27T22:27:00Z,1.520925,1.524015,1.520665,1.523525
2026-09-27T22:27:00Z,2026-09-27T22:28:00Z,1.523515,1.523515,1.521255,1.522685
2026-09-27T22:28:00Z,2026-09-27T22:29:00Z,1.522675,1.522795,1.517265,1.517925
2026-09-27T22:29:00Z,2026-09-27T22:30:00Z,1.517945,1.523105,1.517945,1.521735
2026-09-27T22:30:00Z,2026-09-27T22:31:00Z,1.521535,1.524525,1.521305,1.521345
2026-09-27T22:31:00Z,2026-09-27T22:32:00Z,1.521325,1.522005,1.519155,1.520045
2026-09-27T22:32:00Z,2026-09-27T22:33:00Z,1.520005,1.520585,1.517185,1.517375
2026-09-27T22:33:00Z,2026-09-27T22:34:00Z,1.517335,1.519545,1.516995,1.517185
2026-09-27T22:34:00Z,2026-09-27T22:35:00Z,1.517245,1.518505,1.516635,1.517525
2026-09-27T22:35:00Z,2026-09-27T22:36:00Z,1.517405,1.518995,1.516915,1.517345
2026-09-27T22:36:00Z,2026-09-27T22:37:00Z,1.517365,1.518385,1.515365,1.516345
2026-09-27T22:37:00Z,2026-09-27T22:38:00Z,1.516235,1.517535,1.516015,1.516685
2026-09-27T22:38:00Z,2026-09-27T22:39:00Z,1.516725,1.517315,1.513835,1.515215
2026-09-27T22:39:00Z,2026-09-27T22:40:00Z,1.515205,1.516475,1.513285,1.514975
2026-09-27T22:40:00Z,2026-09-27T22:41:00Z,1.514755,1.514755,1.511245,1.513235
2026-09-27T22:41:00Z,2026-09-27T22:42:00Z,1.513195,1.513195,1.510345,1.510665
2026-09-27T22:42:00Z,2026-09-27T22:43:00Z,1.510645,1.514875,1.510085,1.514315
2026-09-27T22:43:00Z,2026-09-27T22:44:00Z,1.514305,1.517205,1.513635,1.516505
2026-09-27T22:44:00Z,2026-09-27T22:45:00Z,1.516525,1.516625,1.514205,1.516105
2026-09-27T22:45:00Z,2026-09-27T22:46:00Z,1.516195,1.516425,1.513345,1.513485
2026-09-27T22:46:00Z,2026-09-27T22:47:00Z,1.513625,1.513645,1.511255,1.512575
2026-09-27T22:47:00Z,2026-09-27T22:48:00Z,1.512745,1.513945,1.509565,1.511795
2026-09-27T22:48:00Z,2026-09-27T22:49:00Z,1.511725,1.511725,1.509145,1.510585
2026-09-27T22:49:00Z,2026-09-27T22:50:00Z,1.510265,1.510785,1.505875,1.506025
2026-09-27T22:50:00Z,2026-09-27T22:51:00Z,1.506065,1.506285,1.504235,1.505125
2026-09-27T22:51:00Z,2026-09-27T22:52:00Z,1.505185,1.507745,1.503795,1.507175
2026-09-27T22:52:00Z,2026-09-27T22:53:00Z,1.507235,1.508055,1.505455,1.507905
2026-09-27T22:53:00Z,2026-09-27T22:54:00Z,1.507875,1.508025,1.504915,1.505505
2026-09-27T22:54:00Z,2026-09-27T22:55:00Z,1.505535,1.506725,1.504455,1.505045
2026-09-27T22:55:00Z,2026-09-27T22:56:00Z,1.504885,1.505975,1.503345,1.504405
2026-09-27T22:56:00Z,2026-09-27T22:57:00Z,1.504315,1.505065,1.502495,1.505065
2026-09-27T22:57:00Z,2026-09-27T22:58:00Z,1.505005,1.505665,1.502975,1.504565
2026-09-27T22:58:00Z,2026-09-27T22:59:00Z,1.504685,1.505315,1.502745,1.502965
2026-09-27T22:59:00Z,2026-09-27T23:00:00Z,1.502765,1.505155,1.502275,1.504255
2026-09-27T23:00:00Z,2026-09-27T23:01:00Z,1.504205,1.504895,1.502495,1.504125
2026-09-27T23:01:00Z,2026-09-27T23:02:00Z,1.504785,1.506825,1.503615,1.505155
2026-09-27T23:02:00Z,2026-09-27T23:03:00Z,1.505195,1.506145,1.503085,1.503105
2026-09-27T23:03:00Z,2026-09-27T23:04:00Z,1.503165,1.503475,1.500015,1.500015
2026-09-27T23:04:00Z,2026-09-27T23:05:00Z,1.500025,1.501285,1.498575,1.500325
2026-09-27T23:05:00Z,2026-09-27T23:06:00Z,1.500365,1.501355,1.499255,1.499365
2026-09-27T23:06:00Z,2026-09-27T23:07:00Z,1.499355,1.499775,1.497295,1.497745
2026-09-27T23:07:00Z,2026-09-27T23:08:00Z,1.497555,1.501255,1.497185,1.498815
2026-09-27T23:08:00Z,2026-09-27T23:09:00Z,1.498845,1.500945,1.497835,1.497855
2026-09-27T23:09:00Z,2026-09-27T23:10:00Z,1.498025,1.498225,1.493895,1.493895
2026-09-27T23:10:00Z,2026-09-27T23:11:00Z,1.493155,1.493435,1.491335,1.491945
2026-09-27T23:11:00Z,2026-09-27T23:12:00Z,1.492155,1.496335,1.492145,1.495935
2026-09-27T23:12:00Z,2026-09-27T23:13:00Z,1.496165,1.496185,1.488495,1.488675
2026-09-27T23:13:00Z,2026-09-27T23:14:00Z,1.489335,1.489335,1.485655,1.486225
2026-09-27T23:14:00Z,2026-09-27T23:15:00Z,1.485985,1.486365,1.484155,1.485595
2026-09-27T23:15:00Z,2026-09-27T23:16:00Z,1.485535,1.489315,1.485185,1.488995
2026-09-27T23:16:00Z,2026-09-27T23:17:00Z,1.488975,1.489585,1.486465,1.488435
2026-09-27T23:17:00Z,2026-09-27T23:18:00Z,1.488545,1.490005,1.488305,1.489495
2026-09-27T23:18:00Z,2026-09-27T23:19:00Z,1.489415,1.489415,1.485765,1.486025
2026-09-27T23:19:00Z,2026-09-27T23:20:00Z,1.485825,1.486405,1.484725,1.485205
2026-09-27T23:20:00Z,2026-09-27T23:21:00Z,1.485075,1.488035,1.484575,1.487425
2026-09-27T23:21:00Z,2026-09-27T23:22:00Z,1.487385,1.487405,1.485655,1.487245
2026-09-27T23:22:00Z,2026-09-27T23:23:00Z,1.487235,1.487605,1.483735,1.483845
2026-09-27T23:23:00Z,2026-09-27T23:24:00Z,1.483645,1.485025,1.482415,1.483395
2026-09-27T23:24:00Z,2026-09-27T23:25:00Z,1.483295,1.485465,1.482575,1.483105
2026-09-27T23:25:00Z,2026-09-27T23:26:00Z,1.482825,1.483905,1.481685,1.482885
2026-09-27T23:26:00Z,2026-09-27T23:27:00Z,1.482765,1.483455,1.479975,1.481355
2026-09-27T23:27:00Z,2026-09-27T23:28:00Z,1.481365,1.481545,1.478155,1.478325
2026-09-27T23:28:00Z,2026-09-27T23:29:00Z,1.478565,1.479855,1.476835,1.478745
2026-09-27T23:29:00Z,2026-09-27T23:30:00Z,1.478645,1.481025,1.478495,1.478655
2026-09-27T23:30:00Z,2026-09-27T23:31:00Z,1.478675,1.479885,1.477025,1.479645
2026-09-27T23:31:00Z,2026-09-27T23:32:00Z,1.479655,1.480415,1.477665,1.479125
2026-09-27T23:32:00Z,2026-09-27T23:33:00Z,1.479015,1.482025,1.477305,1.477665
2026-09-27T23:33:00Z,2026-09-27T23:34:00Z,1.477685,1.479155,1.476495,1.479065
2026-09-27T23:34:00Z,2026-09-27T23:35:00Z,1.478885,1.480535,1.477705,1.477705
2026-09-27T23:35:00Z,2026-09-27T23:36:00Z,1.477755,1.477845,1.474335,1.475885
2026-09-27T23:36:00Z,2026-09-27T23:37:00Z,1.476045,1.478505,1.475215,1.477805
2026-09-27T23:37:00Z,2026-09-27T23:38:00Z,1.477895,1.477945,1.472995,1.473005
2026-09-27T23:38:00Z,2026-09-27T23:39:00Z,1.473035,1.474065,1.470195,1.470955
2026-09-27T23:39:00Z,2026-09-27T23:40:00Z,1.470895,1.472835,1.470615,1.471065
2026-09-27T23:40:00Z,2026-09-27T23:41:00Z,1.471175,1.473025,1.471035,1.472795
2026-09-27T23:41:00Z,2026-09-27T23:42:00Z,1.472845,1.473995,1.470635,1.471505
2026-09-27T23:42:00Z,2026-09-27T23:43:00Z,1.471465,1.476865,1.471365,1.475205
2026-09-27T23:43:00Z,2026-09-27T23:44:00Z,1.475085,1.475095,1.471845,1.473365
2026-09-27T23:44:00Z,2026-09-27T23:45:00Z,1.473255,1.474045,1.470475,1.472465
2026-09-27T23:45:00Z,2026-09-27T23:46:00Z,1.472625,1.474515,1.471715,1.474325
2026-09-27T23:46:00Z,2026-09-27T23:47:00Z,1.474315,1.474325,1.471205,1.472595
2026-09-27T23:47:00Z,2026-09-27T23:48:00Z,1.472675,1.473175,1.465485,1.466975
2026-09-27T23:48:00Z,2026-09-27T23:49:00Z,1.466895,1.470335,1.465945,1.466075
2026-09-27T23:49:00Z,2026-09-27T23:50:00Z,1.466125,1.466405,1.463895,1.464185
2026-09-27T23:50:00Z,2026-09-27T23:51:00Z,1.464195,1.466435,1.462495,1.462495
2026-09-27T23:51:00Z,2026-09-27T23:52:00Z,1.462425,1.463845,1.460545,1.461665
2026-09-27T23:52:00Z,2026-09-27T23:53:00Z,1.461655,1.463015,1.461135,1.461175
2026-09-27T23:53:00Z,2026-09-27T23:54:00Z,1.460995,1.461775,1.460075,1.460465
2026-09-27T23:54:00Z,2026-09-27T23:55:00Z,1.460165,1.463075,1.460015,1.462405
2026-09-27T23:55:00Z,2026-09-27T23:56:00Z,1.462445,1.466155,1.461955,1.465725
2026-09-27T23:56:00Z,2026-09-27T23:57:00Z,1.465615,1.468445,1.465615,1.465945
2026-09-27T23:57:00Z,2026-09-27T23:58:00Z,1.466065,1.469455,1.465135,1.469425
2026-09-27T23:58:00Z,2026-09-27T23:59:00Z,1.469435,1.472415,1.468795,1.471545
2026-09-27T23:59:00Z,2026-09-28T00:00:00Z,1.471615,1.473075,1.471255,1.472575
2026-09-28T00:00:00Z,2026-09-28T00:01:00Z,1.472815,1.474445,1.471675,1.473345
2026-09-28T00:01:00Z,2026-09-28T00:02:00Z,1.473315,1.473585,1.469085,1.469745
2026-09-28T00:02:00Z,2026-09-28T00:03:00Z,1.469435,1.469485,1.466745,1.467905
2026-09-28T00:03:00Z,2026-09-28T00:04:00Z,1.467955,1.468775,1.467065,1.467935
2026-09-28T00:04:00Z,2026-09-28T00:05:00Z,1.468025,1.472135,1.467345,1.470685
2026-09-28T00:05:00Z,2026-09-28T00:06:00Z,1.470515,1.472165,1.469135,1.471325
2026-09-28T00:06:00Z,2026-09-28T00:07:00Z,1.471505,1.472435,1.468515,1.468655
2026-09-28T00:07:00Z,2026-09-28T00:08:00Z,1.468565,1.469605,1.467325,1.468965
2026-09-28T00:08:00Z,2026-09-28T00:09:00Z,1.468795,1.469045,1.467295,1.467775
2026-09-28T00:09:00Z,2026-09-28T00:10:00Z,1.467625,1.471285,1.465895,1.470875
2026-09-28T00:10:00Z,2026-09-28T00:11:00Z,1.471075,1.475365,1.470705,1.474955
2026-09-28T00:11:00Z,2026-09-28T00:12:00Z,1.474885,1.474975,1.472615,1.473085
2026-09-28T00:12:00Z,2026-09-28T00:13:00Z,1.473155,1.473155,1.467915,1.468375
2026-09-28T00:13:00Z,2026-09-28T00:14:00Z,1.468495,1.469445,1.467135,1.469445
2026-09-28T00:14:00Z,2026-09-28T00:15:00Z,1.469525,1.470285,1.467245,1.470175
2026-09-28T00:15:00Z,2026-09-28T00:16:00Z,1.470215,1.471605,1.469275,1.471275
2026-09-28T00:16:00Z,2026-09-28T00:17:00Z,1.471295,1.471295,1.468065,1.468175
2026-09-28T00:17:00Z,2026-09-28T00:18:00Z,1.468155,1.468845,1.465125,1.467935
2026-09-28T00:18:00Z,2026-09-28T00:19:00Z,1.467815,1.468345,1.466025,1.466025
2026-09-28T00:19:00Z,2026-09-28T00:20:00Z,1.466005,1.466755,1.464085,1.466045
2026-09-28T00:20:00Z,2026-09-28T00:21:00Z,1.465985,1.467275,1.465725,1.465965
2026-09-28T00:21:00Z,2026-09-28T00:22:00Z,1.465885,1.468405,1.464275,1.467865
2026-09-28T00:22:00Z,2026-09-28T00:23:00Z,1.467775,1.468635,1.465225,1.468485
2026-09-28T00:23:00Z,2026-09-28T00:24:00Z,1.469085,1.470375,1.467885,1.469445
2026-09-28T00:24:00Z,2026-09-28T00:25:00Z,1.469585,1.473105,1.469385,1.472375
2026-09-28T00:25:00Z,2026-09-28T00:26:00Z,1.472285,1.473405,1.471465,1.473335
2026-09-28T00:26:00Z,2026-09-28T00:27:00Z,1.473385,1.473385,1.471115,1.471755
2026-09-28T00:27:00Z,2026-09-28T00:28:00Z,1.471735,1.473455,1.470705,1.471155
2026-09-28T00:28:00Z,2026-09-28T00:29:00Z,1.471215,1.472035,1.468595,1.469575
2026-09-28T00:29:00Z,2026-09-28T00:30:00Z,1.469745,1.473215,1.469555,1.470225
2026-09-28T00:30:00Z,2026-09-28T00:31:00Z,1.470185,1.471975,1.469355,1.471975
2026-09-28T00:31:00Z,2026-09-28T00:32:00Z,1.471895,1.472785,1.469485,1.469845
2026-09-28T00:32:00Z,2026-09-28T00:33:00Z,1.469855,1.472825,1.469265,1.472475
2026-09-28T00:33:00Z,2026-09-28T00:34:00Z,1.472185,1.473935,1.471305,1.472605
2026-09-28T00:34:00Z,2026-09-28T00:35:00Z,1.472555,1.476195,1.472075,1.473485
2026-09-28T00:35:00Z,2026-09-28T00:36:00Z,1.473715,1.475065,1.472105,1.472375
2026-09-28T00:36:00Z,2026-09-28T00:37:00Z,1.472225,1.474115,1.470985,1.472755
2026-09-28T00:37:00Z,2026-09-28T00:38:00Z,1.472555,1.474035,1.472485,1.472485
2026-09-28T00:38:00Z,2026-09-28T00:39:00Z,1.472535,1.472925,1.469785,1.469785
2026-09-28T00:39:00Z,2026-09-28T00:40:00Z,1.469665,1.471595,1.469505,1.470735
2026-09-28T00:40:00Z,2026-09-28T00:41:00Z,1.470715,1.472985,1.469495,1.471285
2026-09-28T00:41:00Z,2026-09-28T00:42:00Z,1.471275,1.471695,1.468525,1.469165
2026-09-28T00:42:00Z,2026-09-28T00:43:00Z,1.469185,1.469575,1.467405,1.467625
2026-09-28T00:43:00Z,2026-09-28T00:44:00Z,1.467595,1.469835,1.465735,1.468665
2026-09-28T00:44:00Z,2026-09-28T00:45:00Z,1.468925,1.470565,1.467905,1.469905
2026-09-28T00:45:00Z,2026-09-28T00:46:00Z,1.469855,1.472475,1.469555,1.471505
2026-09-28T00:46:00Z,2026-09-28T00:47:00Z,1.471495,1.471495,1.468605,1.469775
2026-09-28T00:47:00Z,2026-09-28T00:48:00Z,1.469825,1.470695,1.465465,1.465465
2026-09-28T00:48:00Z,2026-09-28T00:49:00Z,1.465375,1.466265,1.463345,1.463415
2026-09-28T00:49:00Z,2026-09-28T00:50:00Z,1.463305,1.466125,1.462165,1.462435
2026-09-28T00:50:00Z,2026-09-28T00:51:00Z,1.462305,1.462315,1.456575,1.457185
2026-09-28T00:51:00Z,2026-09-28T00:52:00Z,1.457095,1.457235,1.453225,1.454795
2026-09-28T00:52:00Z,2026-09-28T00:53:00Z,1.454785,1.454955,1.452335,1.452505
2026-09-28T00:53:00Z,2026-09-28T00:54:00Z,1.452675,1.453035,1.450795,1.452755
2026-09-28T00:54:00Z,2026-09-28T00:55:00Z,1.452825,1.453735,1.450825,1.451025
2026-09-28T00:55:00Z,2026-09-28T00:56:00Z,1.451135,1.451395,1.444345,1.444435
2026-09-28T00:56:00Z,2026-09-28T00:57:00Z,1.444415,1.446225,1.443755,1.443755
2026-09-28T00:57:00Z,2026-09-28T00:58:00Z,1.443785,1.446285,1.442375,1.446065
2026-09-28T00:58:00Z,2026-09-28T00:59:00Z,1.446455,1.448135,1.445355,1.448125
2026-09-28T00:59:00Z,2026-09-28T01:00:00Z,1.448165,1.450285,1.448165,1.449805
2026-09-28T01:00:00Z,2026-09-28T01:01:00Z,1.449885,1.453005,1.448995,1.452125
2026-09-28T01:01:00Z,2026-09-28T01:02:00Z,1.451905,1.451905,1.450055,1.451445
2026-09-28T01:02:00Z,2026-09-28T01:03:00Z,1.451465,1.455385,1.451425,1.454525
2026-09-28T01:03:00Z,2026-09-28T01:04:00Z,1.454405,1.456785,1.453465,1.456785
2026-09-28T01:04:00Z,2026-09-28T01:05:00Z,1.456885,1.459075,1.456535,1.459035
2026-09-28T01:10:00Z,2026-09-28T01:11:00Z,1.459035,1.517305,1.459035,1.514465
2026-09-28T01:11:00Z,2026-09-28T01:12:00Z,1.514625,1.517035,1.513265,1.513485
2026-09-28T01:12:00Z,2026-09-28T01:13:00Z,1.513505,1.513575,1.508815,1.509085
2026-09-28T01:13:00Z,2026-09-28T01:14:00Z,1.509075,1.512195,1.509075,1.512195
2026-09-28T01:14:00Z,2026-09-28T01:15:00Z,1.512355,1.515635,1.511765,1.514895
2026-09-28T01:15:00Z,2026-09-28T01:16:00Z,1.514795,1.517445,1.513935,1.517175
2026-09-28T01:16:00Z,2026-09-28T01:17:00Z,1.517195,1.518425,1.515855,1.516895
2026-09-28T01:17:00Z,2026-09-28T01:18:00Z,1.516885,1.519825,1.516155,1.519095
2026-09-28T01:18:00Z,2026-09-28T01:19:00Z,1.518995,1.521745,1.518915,1.520505
2026-09-28T01:19:00Z,2026-09-28T01:20:00Z,1.520555,1.521895,1.518415,1.519125
2026-09-28T01:20:00Z,2026-09-28T01:21:00Z,1.519105,1.519755,1.516995,1.517755
2026-09-28T01:21:00Z,2026-09-28T01:22:00Z,1.517645,1.521475,1.517235,1.520535
2026-09-28T01:22:00Z,2026-09-28T01:23:00Z,1.520525,1.522155,1.519925,1.521645
2026-09-28T01:23:00Z,2026-09-28T01:24:00Z,1.521765,1.521765,1.518755,1.519775
2026-09-28T01:24:00Z,2026-09-28T01:25:00Z,1.519835,1.520035,1.517665,1.518045
2026-09-28T01:25:00Z,2026-09-28T01:26:00Z,1.518245,1.521455,1.517475,1.521455
2026-09-28T01:26:00Z,2026-09-28T01:27:00Z,1.521465,1.522985,1.520275,1.522515
2026-09-28T01:27:00Z,2026-09-28T01:28:00Z,1.522245,1.523025,1.520585,1.521835
2026-09-28T01:28:00Z,2026-09-28T01:29:00Z,1.521785,1.522255,1.520245,1.520595
2026-09-28T01:29:00Z,2026-09-28T01:30:00Z,1.520605,1.523745,1.519995,1.522765
2026-09-28T01:30:00Z,2026-09-28T01:31:00Z,1.522715,1.524105,1.521855,1.523825
2026-09-28T01:31:00Z,2026-09-28T01:32:00Z,1.523935,1.524775,1.522675,1.523495
2026-09-28T01:32:00Z,2026-09-28T01:33:00Z,1.523235,1.525065,1.521875,1.522815
2026-09-28T01:33:00Z,2026-09-28T01:34:00Z,1.522615,1.525545,1.522015,1.525335
2026-09-28T01:34:00Z,2026-09-28T01:35:00Z,1.525355,1.525355,1.522955,1.523605
2026-09-28T01:35:00Z,2026-09-28T01:36:00Z,1.523615,1.524665,1.521255,1.524665
2026-09-28T01:36:00Z,2026-09-28T01:37:00Z,1.524625,1.525005,1.521485,1.523125
2026-09-28T01:37:00Z,2026-09-28T01:38:00Z,1.522885,1.524465,1.521545,1.523085
2026-09-28T01:38:00Z,2026-09-28T01:39:00Z,1.523175,1.527095,1.522975,1.525965
2026-09-28T01:39:00Z,2026-09-28T01:40:00Z,1.526005,1.527365,1.525145,1.526205
2026-09-28T01:40:00Z,2026-09-28T01:41:00Z,1.526215,1.527965,1.524755,1.527035
2026-09-28T01:41:00Z,2026-09-28T01:42:00Z,1.527115,1.529465,1.525915,1.529325
2026-09-28T01:42:00Z,2026-09-28T01:43:00Z,1.529205,1.529675,1.524845,1.525075
2026-09-28T01:43:00Z,2026-09-28T01:44:00Z,1.524865,1.524865,1.520225,1.520225
2026-09-28T01:44:00Z,2026-09-28T01:45:00Z,1.520155,1.520905,1.518365,1.518695
2026-09-28T01:45:00Z,2026-09-28T01:46:00Z,1.518775,1.520015,1.517885,1.519185
2026-09-28T01:46:00Z,2026-09-28T01:47:00Z,1.519135,1.523065,1.518515,1.523065
2026-09-28T01:47:00Z,2026-09-28T01:48:00Z,1.522985,1.526575,1.521285,1.524635
2026-09-28T01:48:00Z,2026-09-28T01:49:00Z,1.524735,1.524735,1.522105,1.522315
2026-09-28T01:49:00Z,2026-09-28T01:50:00Z,1.522365,1.525115,1.522345,1.524745
2026-09-28T01:50:00Z,2026-09-28T01:51:00Z,1.524645,1.525035,1.519265,1.520015
2026-09-28T01:51:00Z,2026-09-28T01:52:00Z,1.519975,1.521605,1.519485,1.521605
2026-09-28T01:52:00Z,2026-09-28T01:53:00Z,1.521735,1.522365,1.520255,1.520265
2026-09-28T01:53:00Z,2026-09-28T01:54:00Z,1.519825,1.519825,1.513295,1.513875
2026-09-28T01:54:00Z,2026-09-28T01:55:00Z,1.513835,1.518655,1.513265,1.518595
2026-09-28T01:55:00Z,2026-09-28T01:56:00Z,1.518605,1.524375,1.518575,1.523435
2026-09-28T01:56:00Z,2026-09-28T01:57:00Z,1.523385,1.526245,1.523195,1.526175
2026-09-28T01:57:00Z,2026-09-28T01:58:00Z,1.526345,1.527855,1.525665,1.526825
2026-09-28T01:58:00Z,2026-09-28T01:59:00Z,1.526795,1.527225,1.525455,1.527145
2026-09-28T01:59:00Z,2026-09-28T02:00:00Z,1.527275,1.529015,1.526645,1.527225
2026-09-28T02:00:00Z,2026-09-28T02:01:00Z,1.527515,1.527735,1.523595,1.524325
2026-09-28T02:01:00Z,2026-09-28T02:02:00Z,1.524405,1.524745,1.522235,1.523625
2026-09-28T02:02:00Z,2026-09-28T02:03:00Z,1.523555,1.523775,1.520005,1.520765
2026-09-28T02:03:00Z,2026-09-28T02:04:00Z,1.520725,1.520735,1.516285,1.516675
2026-09-28T02:04:00Z,2026-09-28T02:05:00Z,1.516795,1.522205,1.516795,1.522155
2026-09-28T02:05:00Z,2026-09-28T02:06:00Z,1.522045,1.522665,1.519945,1.520145
2026-09-28T02:06:00Z,2026-09-28T02:07:00Z,1.519935,1.521795,1.519385,1.521795
2026-09-28T02:07:00Z,2026-09-28T02:08:00Z,1.521115,1.521215,1.518595,1.518665
2026-09-28T02:08:00Z,2026-09-28T02:09:00Z,1.518295,1.520035,1.517515,1.518485
2026-09-28T02:09:00Z,2026-09-28T02:10:00Z,1.518475,1.519235,1.515925,1.516395
2026-09-28T02:10:00Z,2026-09-28T02:11:00Z,1.516545,1.520725,1.516335,1.519745
2026-09-28T02:11:00Z,2026-09-28T02:12:00Z,1.519485,1.521355,1.518235,1.521355
2026-09-28T02:12:00Z,2026-09-28T02:13:00Z,1.521125,1.521815,1.514705,1.514705
2026-09-28T02:13:00Z,2026-09-28T02:14:00Z,1.514675,1.516675,1.513665,1.516385
2026-09-28T02:14:00Z,2026-09-28T02:15:00Z,1.516555,1.520925,1.516465,1.519445
2026-09-28T02:15:00Z,2026-09-28T02:16:00Z,1.519525,1.524785,1.519525,1.522665
2026-09-28T02:16:00Z,2026-09-28T02:17:00Z,1.522685,1.522685,1.521005,1.521115
2026-09-28T02:17:00Z,2026-09-28T02:18:00Z,1.521085,1.523815,1.520515,1.523345
2026-09-28T02:18:00Z,2026-09-28T02:19:00Z,1.523505,1.524065,1.520175,1.520345
2026-09-28T02:19:00Z,2026-09-28T02:20:00Z,1.520045,1.520785,1.514275,1.514435
2026-09-28T02:20:00Z,2026-09-28T02:21:00Z,1.514095,1.514095,1.507775,1.507865
2026-09-28T02:21:00Z,2026-09-28T02:22:00Z,1.507825,1.509395,1.506215,1.506215
2026-09-28T02:22:00Z,2026-09-28T02:23:00Z,1.506485,1.509095,1.504875,1.509025
2026-09-28T02:23:00Z,2026-09-28T02:24:00Z,1.509135,1.511405,1.508975,1.509445
2026-09-28T02:24:00Z,2026-09-28T02:25:00Z,1.509575,1.510415,1.506875,1.509555
2026-09-28T02:25:00Z,2026-09-28T02:26:00Z,1.509415,1.512875,1.509385,1.511945
2026-09-28T02:26:00Z,2026-09-28T02:27:00Z,1.511925,1.513865,1.511505,1.512945
2026-09-28T02:27:00Z,2026-09-28T02:28:00Z,1.512825,1.517105,1.512345,1.515945
2026-09-28T02:28:00Z,2026-09-28T02:29:00Z,1.515415,1.516655,1.514105,1.515995
2026-09-28T02:29:00Z,2026-09-28T02:30:00Z,1.516215,1.516725,1.513535,1.514425
2026-09-28T02:30:00Z,2026-09-28T02:31:00Z,1.514545,1.514645,1.510525,1.510555
2026-09-28T02:31:00Z,2026-09-28T02:32:00Z,1.510565,1.512635,1.508855,1.510135
2026-09-28T02:32:00Z,2026-09-28T02:33:00Z,1.509915,1.512115,1.509575,1.510285
2026-09-28T02:33:00Z,2026-09-28T02:34:00Z,1.510355,1.510885,1.508335,1.508335
2026-09-28T02:34:00Z,2026-09-28T02:35:00Z,1.508305,1.509935,1.507805,1.508915
2026-09-28T02:35:00Z,2026-09-28T02:36:00Z,1.508875,1.509135,1.507545,1.509135
2026-09-28T02:36:00Z,2026-09-28T02:37:00Z,1.509105,1.509365,1.502305,1.504765
2026-09-28T02:37:00Z,2026-09-28T02:38:00Z,1.504945,1.505455,1.502325,1.504265
2026-09-28T02:38:00Z,2026-09-28T02:39:00Z,1.504275,1.505505,1.500825,1.501975
2026-09-28T02:39:00Z,2026-09-28T02:40:00Z,1.501735,1.503185,1.499775,1.500305
2026-09-28T02:40:00Z,2026-09-28T02:41:00Z,1.500185,1.502125,1.499535,1.501575
2026-09-28T02:41:00Z,2026-09-28T02:42:00Z,1.501665,1.504055,1.500895,1.501105
2026-09-28T02:42:00Z,2026-09-28T02:43:00Z,1.501065,1.503835,1.500765,1.502615
2026-09-28T02:43:00Z,2026-09-28T02:44:00Z,1.502495,1.503165,1.496455,1.496555
2026-09-28T02:44:00Z,2026-09-28T02:45:00Z,1.496595,1.496935,1.494045,1.494265
2026-09-28T02:45:00Z,2026-09-28T02:46:00Z,1.494175,1.497235,1.494045,1.496685
2026-09-28T02:46:00Z,2026-09-28T02:47:00Z,1.496575,1.497765,1.495825,1.496625
2026-09-28T02:47:00Z,2026-09-28T02:48:00Z,1.496545,1.497005,1.493885,1.493935
2026-09-28T02:48:00Z,2026-09-28T02:49:00Z,1.493985,1.498175,1.493965,1.497595
2026-09-28T02:49:00Z,2026-09-28T02:50:00Z,1.497485,1.498195,1.496165,1.496595
2026-09-28T02:50:00Z,2026-09-28T02:51:00Z,1.496625,1.498665,1.496625,1.498035
2026-09-28T02:51:00Z,2026-09-28T02:52:00Z,1.497865,1.499565,1.495375,1.499565
2026-09-28T02:52:00Z,2026-09-28T02:53:00Z,1.499535,1.500475,1.498355,1.498855
2026-09-28T02:53:00Z,2026-09-28T02:54:00Z,1.498595,1.501285,1.498155,1.499955
2026-09-28T02:54:00Z,2026-09-28T02:55:00Z,1.499845,1.502075,1.499685,1.501615
2026-09-28T02:55:00Z,2026-09-28T02:56:00Z,1.501895,1.502065,1.498995,1.499945
2026-09-28T02:56:00Z,2026-09-28T02:57:00Z,1.500055,1.500865,1.492975,1.494085
2026-09-28T02:57:00Z,2026-09-28T02:58:00Z,1.494345,1.494565,1.491975,1.492745
2026-09-28T02:58:00Z,2026-09-28T02:59:00Z,1.492735,1.492925,1.489345,1.490575
2026-09-28T02:59:00Z,2026-09-28T03:00:00Z,1.490565,1.493535,1.490055,1.493115
2026-09-28T03:00:00Z,2026-09-28T03:01:00Z,1.493215,1.494135,1.492055,1.493625
2026-09-28T03:01:00Z,2026-09-28T03:02:00Z,1.493885,1.494975,1.492025,1.493335
2026-09-28T03:02:00Z,2026-09-28T03:03:00Z,1.493105,1.494155,1.489905,1.489985
2026-09-28T03:03:00Z,2026-09-28T03:04:00Z,1.489925,1.490595,1.485425,1.485795
2026-09-28T03:04:00Z,2026-09-28T03:05:00Z,1.486325,1.487725,1.485585,1.486425
2026-09-28T03:05:00Z,2026-09-28T03:06:00Z,1.486485,1.487385,1.484535,1.484615
2026-09-28T03:06:00Z,2026-09-28T03:07:00Z,1.484655,1.485745,1.482865,1.483035
2026-09-28T03:07:00Z,2026-09-28T03:08:00Z,1.483185,1.485325,1.482675,1.483755
2026-09-28T03:08:00Z,2026-09-28T03:09:00Z,1.483775,1.488545,1.483485,1.487645
2026-09-28T03:09:00Z,2026-09-28T03:10:00Z,1.487755,1.494295,1.487575,1.493595
2026-09-28T03:10:00Z,2026-09-28T03:11:00Z,1.493565,1.496875,1.492565,1.496235
2026-09-28T03:11:00Z,2026-09-28T03:12:00Z,1.496125,1.498265,1.494515,1.495125
2026-09-28T03:12:00Z,2026-09-28T03:13:00Z,1.495105,1.496775,1.494315,1.494495
2026-09-28T03:13:00Z,2026-09-28T03:14:00Z,1.494575,1.496505,1.493855,1.494785
2026-09-28T03:14:00Z,2026-09-28T03:15:00Z,1.494705,1.494705,1.492005,1.492455
2026-09-28T03:15:00Z,2026-09-28T03:16:00Z,1.492385,1.492755,1.489185,1.490255
2026-09-28T03:16:00Z,2026-09-28T03:17:00Z,1.490445,1.492145,1.489965,1.489965
2026-09-28T03:17:00Z,2026-09-28T03:18:00Z,1.489885,1.490365,1.487055,1.487055
2026-09-28T03:18:00Z,2026-09-28T03:19:00Z,1.486915,1.487915,1.484375,1.486425
2026-09-28T03:19:00Z,2026-09-28T03:20:00Z,1.486385,1.489655,1.485665,1.489025
2026-09-28T03:20:00Z,2026-09-28T03:21:00Z,1.489005,1.489515,1.487285,1.489515
2026-09-28T03:21:00Z,2026-09-28T03:22:00Z,1.489945,1.492295,1.489485,1.489735
2026-09-28T03:22:00Z,2026-09-28T03:23:00Z,1.489525,1.491145,1.489255,1.489625
2026-09-28T03:23:00Z,2026-09-28T03:24:00Z,1.489805,1.491565,1.489795,1.490765
2026-09-28T03:24:00Z,2026-09-28T03:25:00Z,1.490725,1.493735,1.490535,1.492895
2026-09-28T03:25:00Z,2026-09-28T03:26:00Z,1.492945,1.494215,1.491165,1.494075
2026-09-28T03:26:00Z,2026-09-28T03:27:00Z,1.493995,1.494975,1.492635,1.493465
2026-09-28T03:27:00Z,2026-09-28T03:28:00Z,1.493715,1.493875,1.491425,1.492155
2026-09-28T03:28:00Z,2026-09-28T03:29:00Z,1.492205,1.494125,1.491115,1.492005
2026-09-28T03:29:00Z,2026-09-28T03:30:00Z,1.491955,1.495535,1.491915,1.494985
2026-09-28T03:30:00Z,2026-09-28T03:31:00Z,1.494995,1.496565,1.493635,1.496555
2026-09-28T03:31:00Z,2026-09-28T03:32:00Z,1.496415,1.497825,1.493985,1.494015
2026-09-28T03:32:00Z,2026-09-28T03:33:00Z,1.494185,1.495205,1.492515,1.495075
2026-09-28T03:33:00Z,2026-09-28T03:34:00Z,1.494955,1.497305,1.494955,1.497025
2026-09-28T03:34:00Z,2026-09-28T03:35:00Z,1.496905,1.497075,1.492595,1.494265
2026-09-28T03:35:00Z,2026-09-28T03:36:00Z,1.494305,1.495375,1.492915,1.494575
2026-09-28T03:36:00Z,2026-09-28T03:37:00Z,1.494615,1.495725,1.492655,1.494605
2026-09-28T03:37:00Z,2026-09-28T03:38:00Z,1.494625,1.495575,1.493465,1.494765
2026-09-28T03:38:00Z,2026-09-28T03:39:00Z,1.494735,1.494745,1.490345,1.491725
2026-09-28T03:39:00Z,2026-09-28T03:40:00Z,1.491755,1.493145,1.490925,1.491955
2026-09-28T03:40:00Z,2026-09-28T03:41:00Z,1.491965,1.491975,1.488775,1.489655
2026-09-28T03:41:00Z,2026-09-28T03:42:00Z,1.489765,1.491925,1.487965,1.491835
2026-09-28T03:42:00Z,2026-09-28T03:43:00Z,1.491705,1.491975,1.490435,1.490445
2026-09-28T03:43:00Z,2026-09-28T03:44:00Z,1.490405,1.492545,1.490405,1.491125
2026-09-28T03:44:00Z,2026-09-28T03:45:00Z,1.490865,1.492295,1.489345,1.492145
2026-09-28T03:45:00Z,2026-09-28T03:46:00Z,1.492095,1.494605,1.490545,1.492205
2026-09-28T03:46:00Z,2026-09-28T03:47:00Z,1.492195,1.492505,1.488005,1.489645
2026-09-28T03:47:00Z,2026-09-28T03:48:00Z,1.489995,1.491195,1.488205,1.488825
2026-09-28T03:48:00Z,2026-09-28T03:49:00Z,1.488955,1.490155,1.487625,1.489225
2026-09-28T03:49:00Z,2026-09-28T03:50:00Z,1.489235,1.489865,1.486625,1.487035
2026-09-28T03:50:00Z,2026-09-28T03:51:00Z,1.487065,1.488685,1.485665,1.488015
2026-09-28T03:51:00Z,2026-09-28T03:52:00Z,1.487925,1.488405,1.486415,1.487245
2026-09-28T03:52:00Z,2026-09-28T03:53:00Z,1.487225,1.487345,1.484835,1.485985
2026-09-28T03:53:00Z,2026-09-28T03:54:00Z,1.485895,1.486095,1.483095,1.483225
2026-09-28T03:54:00Z,2026-09-28T03:55:00Z,1.483415,1.486435,1.482895,1.486135
2026-09-28T03:55:00Z,2026-09-28T03:56:00Z,1.485935,1.485955,1.482455,1.482585
2026-09-28T03:56:00Z,2026-09-28T03:57:00Z,1.482695,1.483995,1.481405,1.481795
2026-09-28T03:57:00Z,2026-09-28T03:58:00Z,1.481815,1.483285,1.480795,1.482815
2026-09-28T03:58:00Z,2026-09-28T03:59:00Z,1.482935,1.485495,1.482205,1.483175
2026-09-28T03:59:00Z,2026-09-28T04:00:00Z,1.483075,1.486935,1.482445,1.486315
2026-09-28T04:00:00Z,2026-09-28T04:01:00Z,1.486395,1.486825,1.483225,1.483395
2026-09-28T04:01:00Z,2026-09-28T04:02:00Z,1.483825,1.484285,1.480055,1.480075
2026-09-28T04:02:00Z,2026-09-28T04:03:00Z,1.480215,1.483645,1.479865,1.483155
2026-09-28T04:03:00Z,2026-09-28T04:04:00Z,1.483125,1.483815,1.481185,1.482335
2026-09-28T04:04:00Z,2026-09-28T04:05:00Z,1.482235,1.483055,1.479495,1.480025
2026-09-28T04:05:00Z,2026-09-28T04:06:00Z,1.479815,1.480925,1.478445,1.478685
2026-09-28T04:06:00Z,2026-09-28T04:07:00Z,1.478495,1.478685,1.476205,1.477495
2026-09-28T04:07:00Z,2026-09-28T04:08:00Z,1.477595,1.479145,1.476245,1.478915
2026-09-28T04:08:00Z,2026-09-28T04:09:00Z,1.478835,1.481855,1.478615,1.479845
2026-09-28T04:09:00Z,2026-09-28T04:10:00Z,1.479885,1.479885,1.475495,1.475925
2026-09-28T04:10:00Z,2026-09-28T04:11:00Z,1.476025,1.476595,1.471695,1.472315
2026-09-28T04:11:00Z,2026-09-28T04:12:00Z,1.472335,1.473515,1.471295,1.471985
2026-09-28T04:12:00Z,2026-09-28T04:13:00Z,1.472005,1.472735,1.470535,1.471705
2026-09-28T04:13:00Z,2026-09-28T04:14:00Z,1.471665,1.473285,1.469995,1.471405
2026-09-28T04:14:00Z,2026-09-28T04:15:00Z,1.471205,1.472215,1.470635,1.470955
2026-09-28T04:15:00Z,2026-09-28T04:16:00Z,1.470875,1.470895,1.465895,1.467345
2026-09-28T04:16:00Z,2026-09-28T04:17:00Z,1.467325,1.469495,1.466275,1.466275
2026-09-28T04:17:00Z,2026-09-28T04:18:00Z,1.465725,1.468245,1.465585,1.466085
2026-09-28T04:18:00Z,2026-09-28T04:19:00Z,1.466055,1.471955,1.466055,1.471955
2026-09-28T04:19:00Z,2026-09-28T04:20:00Z,1.471975,1.473525,1.471395,1.471765
2026-09-28T04:20:00Z,2026-09-28T04:21:00Z,1.471525,1.471845,1.467965,1.471075
2026-09-28T04:21:00Z,2026-09-28T04:22:00Z,1.470515,1.471245,1.469225,1.469555
2026-09-28T04:22:00Z,2026-09-28T04:23:00Z,1.469545,1.470925,1.466955,1.470925
2026-09-28T04:23:00Z,2026-09-28T04:24:00Z,1.471025,1.473555,1.470295,1.472565
2026-09-28T04:24:00Z,2026-09-28T04:25:00Z,1.472725,1.474065,1.472165,1.473145
2026-09-28T04:25:00Z,2026-09-28T04:26:00Z,1.473235,1.477205,1.472835,1.475705
2026-09-28T04:26:00Z,2026-09-28T04:27:00Z,1.475625,1.477955,1.473515,1.477905
2026-09-28T04:27:00Z,2026-09-28T04:28:00Z,1.478055,1.480755,1.478015,1.480025
2026-09-28T04:28:00Z,2026-09-28T04:29:00Z,1.479695,1.482855,1.479325,1.481585
2026-09-28T04:29:00Z,2026-09-28T04:30:00Z,1.481525,1.483495,1.480955,1.483495
2026-09-28T04:30:00Z,2026-09-28T04:31:00Z,1.483595,1.484515,1.481775,1.482445
2026-09-28T04:31:00Z,2026-09-28T04:32:00Z,1.482425,1.485485,1.481625,1.484595
2026-09-28T04:32:00Z,2026-09-28T04:33:00Z,1.484555,1.485755,1.483725,1.485235
2026-09-28T04:33:00Z,2026-09-28T04:34:00Z,1.485405,1.485855,1.481945,1.483065
2026-09-28T04:34:00Z,2026-09-28T04:35:00Z,1.483075,1.484335,1.482475,1.484265
2026-09-28T04:35:00Z,2026-09-28T04:36:00Z,1.484355,1.485495,1.483365,1.485245
2026-09-28T04:36:00Z,2026-09-28T04:37:00Z,1.485235,1.485875,1.483285,1.484335
2026-09-28T04:37:00Z,2026-09-28T04:38:00Z,1.484345,1.485735,1.483565,1.484935
2026-09-28T04:38:00Z,2026-09-28T04:39:00Z,1.484965,1.486145,1.479285,1.479815
2026-09-28T04:39:00Z,2026-09-28T04:40:00Z,1.479835,1.480855,1.475535,1.475565
2026-09-28T04:40:00Z,2026-09-28T04:41:00Z,1.475445,1.477255,1.474925,1.475585
2026-09-28T04:41:00Z,2026-09-28T04:42:00Z,1.475485,1.479135,1.475375,1.476645
2026-09-28T04:42:00Z,2026-09-28T04:43:00Z,1.476795,1.477415,1.473005,1.473005
2026-09-28T04:43:00Z,2026-09-28T04:44:00Z,1.473025,1.475835,1.472845,1.475285
2026-09-28T04:44:00Z,2026-09-28T04:45:00Z,1.475315,1.477395,1.474765,1.476825
2026-09-28T04:45:00Z,2026-09-28T04:46:00Z,1.476655,1.478785,1.476235,1.478785
2026-09-28T04:46:00Z,2026-09-28T04:47:00Z,1.478945,1.480495,1.477685,1.479685
2026-09-28T04:47:00Z,2026-09-28T04:48:00Z,1.479725,1.480785,1.477945,1.478505
2026-09-28T04:48:00Z,2026-09-28T04:49:00Z,1.478445,1.481835,1.477885,1.480975
2026-09-28T04:49:00Z,2026-09-28T04:50:00Z,1.481435,1.486845,1.481355,1.486495
2026-09-28T04:50:00Z,2026-09-28T04:51:00Z,1.486635,1.488075,1.485695,1.488075
2026-09-28T04:51:00Z,2026-09-28T04:52:00Z,1.488125,1.489525,1.486025,1.488365
2026-09-28T04:52:00Z,2026-09-28T04:53:00Z,1.488405,1.489335,1.485555,1.485735
2026-09-28T04:53:00Z,2026-09-28T04:54:00Z,1.485635,1.485635,1.479825,1.480275
2026-09-28T04:54:00Z,2026-09-28T04:55:00Z,1.480285,1.481615,1.479615,1.481245
2026-09-28T04:55:00Z,2026-09-28T04:56:00Z,1.481205,1.481795,1.478635,1.479925
2026-09-28T04:56:00Z,2026-09-28T04:57:00Z,1.480525,1.482255,1.479425,1.479875
2026-09-28T04:57:00Z,2026-09-28T04:58:00Z,1.479825,1.482025,1.478485,1.479835
2026-09-28T04:58:00Z,2026-09-28T04:59:00Z,1.479905,1.480215,1.478035,1.479065
2026-09-28T04:59:00Z,2026-09-28T05:00:00Z,1.478975,1.479385,1.470425,1.472535
2026-09-28T05:00:00Z,2026-09-28T05:01:00Z,1.472545,1.478195,1.472545,1.478105
2026-09-28T05:01:00Z,2026-09-28T05:02:00Z,1.478095,1.479745,1.475645,1.476285
2026-09-28T05:02:00Z,2026-09-28T05:03:00Z,1.476115,1.481485,1.475875,1.480895
2026-09-28T05:03:00Z,2026-09-28T05:04:00Z,1.480875,1.481225,1.478725,1.479015
2026-09-28T05:04:00Z,2026-09-28T05:05:00Z,1.478845,1.481845,1.478685,1.480395
2026-09-28T05:05:00Z,2026-09-28T05:06:00Z,1.480445,1.481345,1.476245,1.476425
2026-09-28T05:06:00Z,2026-09-28T05:07:00Z,1.476565,1.477745,1.472335,1.473015
2026-09-28T05:07:00Z,2026-09-28T05:08:00Z,1.472905,1.477105,1.472035,1.477105
2026-09-28T05:08:00Z,2026-09-28T05:09:00Z,1.477175,1.477945,1.475985,1.476855
2026-09-28T05:09:00Z,2026-09-28T05:10:00Z,1.476735,1.478485,1.475835,1.477515
2026-09-28T05:10:00Z,2026-09-28T05:11:00Z,1.477225,1.479065,1.476525,1.478905
2026-09-28T05:11:00Z,2026-09-28T05:12:00Z,1.479025,1.479195,1.477295,1.478435
2026-09-28T05:12:00Z,2026-09-28T05:13:00Z,1.478545,1.479505,1.477235,1.477385
2026-09-28T05:13:00Z,2026-09-28T05:14:00Z,1.478065,1.478625,1.477375,1.478245
2026-09-28T05:14:00Z,2026-09-28T05:15:00Z,1.478285,1.478355,1.475115,1.477355
2026-09-28T05:15:00Z,2026-09-28T05:16:00Z,1.477305,1.477315,1.472735,1.476025
2026-09-28T05:16:00Z,2026-09-28T05:17:00Z,1.476125,1.477005,1.474125,1.475695
2026-09-28T05:17:00Z,2026-09-28T05:18:00Z,1.475705,1.475995,1.470955,1.471105
2026-09-28T05:18:00Z,2026-09-28T05:19:00Z,1.471135,1.471815,1.470285,1.471575
2026-09-28T05:19:00Z,2026-09-28T05:20:00Z,1.471695,1.471985,1.468115,1.468115
2026-09-28T05:20:00Z,2026-09-28T05:21:00Z,1.468425,1.469575,1.465475,1.469155
2026-09-28T05:21:00Z,2026-09-28T05:22:00Z,1.469215,1.471655,1.468885,1.470455
2026-09-28T05:22:00Z,2026-09-28T05:23:00Z,1.470315,1.472105,1.468015,1.468015
2026-09-28T05:23:00Z,2026-09-28T05:24:00Z,1.468045,1.468145,1.463275,1.463295
2026-09-28T05:24:00Z,2026-09-28T05:25:00Z,1.464035,1.464035,1.458695,1.458695
2026-09-28T05:25:00Z,2026-09-28T05:26:00Z,1.458945,1.463375,1.458945,1.463125
2026-09-28T05:26:00Z,2026-09-28T05:27:00Z,1.463175,1.466945,1.463115,1.466575
2026-09-28T05:27:00Z,2026-09-28T05:28:00Z,1.466395,1.466675,1.463805,1.464375
2026-09-28T05:28:00Z,2026-09-28T05:29:00Z,1.464425,1.464525,1.460585,1.461275
2026-09-28T05:29:00Z,2026-09-28T05:30:00Z,1.460985,1.464695,1.460985,1.464315
2026-09-28T05:30:00Z,2026-09-28T05:31:00Z,1.464335,1.464335,1.461975,1.463165
2026-09-28T05:31:00Z,2026-09-28T05:32:00Z,1.463085,1.463155,1.459715,1.460065
2026-09-28T05:32:00Z,2026-09-28T05:33:00Z,1.459985,1.462515,1.458075,1.458295
2026-09-28T05:33:00Z,2026-09-28T05:34:00Z,1.458305,1.459945,1.457025,1.458355
2026-09-28T05:34:00Z,2026-09-28T05:35:00Z,1.458375,1.463855,1.457705,1.463055
2026-09-28T05:35:00Z,2026-09-28T05:36:00Z,1.463125,1.464915,1.462785,1.464525
2026-09-28T05:36:00Z,2026-09-28T05:37:00Z,1.464505,1.465025,1.461045,1.461165
2026-09-28T05:37:00Z,2026-09-28T05:38:00Z,1.461275,1.461275,1.457795,1.458205
2026-09-28T05:38:00Z,2026-09-28T05:39:00Z,1.458185,1.458185,1.453255,1.453415
2026-09-28T05:39:00Z,2026-09-28T05:40:00Z,1.453495,1.453885,1.452075,1.453035
2026-09-28T05:40:00Z,2026-09-28T05:41:00Z,1.453005,1.455765,1.452595,1.453445
2026-09-28T05:41:00Z,2026-09-28T05:42:00Z,1.453805,1.454395,1.452075,1.453355
2026-09-28T05:42:00Z,2026-09-28T05:43:00Z,1.453345,1.453835,1.450685,1.450915
2026-09-28T05:43:00Z,2026-09-28T05:44:00Z,1.450925,1.451135,1.449215,1.450735
2026-09-28T05:44:00Z,2026-09-28T05:45:00Z,1.451225,1.451715,1.448015,1.448145
2026-09-28T05:45:00Z,2026-09-28T05:46:00Z,1.448245,1.454095,1.447805,1.453825
2026-09-28T05:46:00Z,2026-09-28T05:47:00Z,1.453855,1.454385,1.452385,1.453365
2026-09-28T05:47:00Z,2026-09-28T05:48:00Z,1.453405,1.455015,1.453005,1.454625
2026-09-28T05:48:00Z,2026-09-28T05:49:00Z,1.454535,1.457745,1.454125,1.457735
2026-09-28T05:49:00Z,2026-09-28T05:50:00Z,1.457695,1.459635,1.457425,1.458265
2026-09-28T05:50:00Z,2026-09-28T05:51:00Z,1.458385,1.459095,1.456335,1.458905
2026-09-28T05:51:00Z,2026-09-28T05:52:00Z,1.458865,1.460615,1.458625,1.460275
2026-09-28T05:52:00Z,2026-09-28T05:53:00Z,1.460345,1.462515,1.458725,1.462325
2026-09-28T05:53:00Z,2026-09-28T05:54:00Z,1.462255,1.462255,1.457065,1.458645
2026-09-28T05:54:00Z,2026-09-28T05:55:00Z,1.458415,1.458515,1.453475,1.454875
2026-09-28T05:55:00Z,2026-09-28T05:56:00Z,1.454865,1.455905,1.453565,1.454155
2026-09-28T05:56:00Z,2026-09-28T05:57:00Z,1.454135,1.454135,1.452185,1.452405
2026-09-28T05:57:00Z,2026-09-28T05:58:00Z,1.452505,1.453385,1.450175,1.450855
2026-09-28T05:58:00Z,2026-09-28T05:59:00Z,1.450895,1.450895,1.447425,1.447865
2026-09-28T05:59:00Z,2026-09-28T06:00:00Z,1.447785,1.448465,1.444585,1.446195
2026-09-28T06:00:00Z,2026-09-28T06:01:00Z,1.446205,1.446815,1.443285,1.443285
2026-09-28T06:01:00Z,2026-09-28T06:02:00Z,1.443325,1.443795,1.437305,1.438785
2026-09-28T06:02:00Z,2026-09-28T06:03:00Z,1.438945,1.439875,1.438395,1.439125
2026-09-28T06:03:00Z,2026-09-28T06:04:00Z,1.438855,1.438855,1.433455,1.433455
2026-09-28T06:04:00Z,2026-09-28T06:05:00Z,1.433615,1.436955,1.433415,1.436955
2026-09-28T06:05:00Z,2026-09-28T06:06:00Z,1.436625,1.439055,1.436475,1.438675
2026-09-28T06:06:00Z,2026-09-28T06:07:00Z,1.438655,1.444045,1.436965,1.441395
2026-09-28T06:07:00Z,2026-09-28T06:08:00Z,1.441475,1.442625,1.440495,1.441055
2026-09-28T06:08:00Z,2026-09-28T06:09:00Z,1.440965,1.444195,1.440725,1.442625
2026-09-28T06:09:00Z,2026-09-28T06:10:00Z,1.442645,1.444015,1.441955,1.443885
2026-09-28T06:10:00Z,2026-09-28T06:11:00Z,1.443865,1.448045,1.443615,1.447155
2026-09-28T06:11:00Z,2026-09-28T06:12:00Z,1.447145,1.448805,1.446525,1.448125
2026-09-28T06:12:00Z,2026-09-28T06:13:00Z,1.448135,1.448365,1.446285,1.446835
2026-09-28T06:13:00Z,2026-09-28T06:14:00Z,1.446845,1.447605,1.446015,1.446215
2026-09-28T06:14:00Z,2026-09-28T06:15:00Z,1.446265,1.448985,1.445895,1.445895
2026-09-28T06:15:00Z,2026-09-28T06:16:00Z,1.445815,1.447405,1.445195,1.446135
2026-09-28T06:16:00Z,2026-09-28T06:17:00Z,1.446335,1.447025,1.445235,1.446435
2026-09-28T06:17:00Z,2026-09-28T06:18:00Z,1.446425,1.446625,1.444875,1.444975
2026-09-28T06:18:00Z,2026-09-28T06:19:00Z,1.445255,1.445435,1.438765,1.439595
2026-09-28T06:19:00Z,2026-09-28T06:20:00Z,1.439635,1.439885,1.437455,1.438665
2026-09-28T06:20:00Z,2026-09-28T06:21:00Z,1.438705,1.444165,1.438645,1.443355
2026-09-28T06:21:00Z,2026-09-28T06:22:00Z,1.443405,1.445805,1.442885,1.444025
2026-09-28T06:22:00Z,2026-09-28T06:23:00Z,1.444015,1.446555,1.443785,1.445945
2026-09-28T06:23:00Z,2026-09-28T06:24:00Z,1.445455,1.446505,1.444765,1.444765
2026-09-28T06:24:00Z,2026-09-28T06:25:00Z,1.444835,1.447405,1.443075,1.443785
2026-09-28T06:25:00Z,2026-09-28T06:26:00Z,1.443525,1.447755,1.442485,1.447665
2026-09-28T06:26:00Z,2026-09-28T06:27:00Z,1.447705,1.449845,1.446495,1.447685
2026-09-28T06:27:00Z,2026-09-28T06:28:00Z,1.447635,1.449155,1.444665,1.444875
2026-09-28T06:28:00Z,2026-09-28T06:29:00Z,1.444825,1.446675,1.443705,1.446125
2026-09-28T06:29:00Z,2026-09-28T06:30:00Z,1.446085,1.449955,1.445325,1.449745
2026-09-28T06:30:00Z,2026-09-28T06:31:00Z,1.449495,1.450825,1.448645,1.448645
2026-09-28T06:31:00Z,2026-09-28T06:32:00Z,1.448905,1.449715,1.447345,1.447345
2026-09-28T06:32:00Z,2026-09-28T06:33:00Z,1.447655,1.448615,1.445525,1.446075
2026-09-28T06:33:00Z,2026-09-28T06:34:00Z,1.446085,1.448265,1.445985,1.446245
2026-09-28T06:34:00Z,2026-09-28T06:35:00Z,1.446495,1.447535,1.445695,1.446005
2026-09-28T06:35:00Z,2026-09-28T06:36:00Z,1.446045,1.446625,1.439525,1.439545
2026-09-28T06:36:00Z,2026-09-28T06:37:00Z,1.439525,1.440645,1.438705,1.440595
2026-09-28T06:37:00Z,2026-09-28T06:38:00Z,1.440565,1.442195,1.440245,1.441125
2026-09-28T06:38:00Z,2026-09-28T06:39:00Z,1.441115,1.442695,1.440025,1.440025
2026-09-28T06:39:00Z,2026-09-28T06:40:00Z,1.439865,1.442795,1.439855,1.441975
2026-09-28T06:40:00Z,2026-09-28T06:41:00Z,1.442325,1.444405,1.441635,1.442535
2026-09-28T06:41:00Z,2026-09-28T06:42:00Z,1.442405,1.446245,1.441935,1.443165
2026-09-28T06:42:00Z,2026-09-28T06:43:00Z,1.443225,1.448685,1.443095,1.445855
2026-09-28T06:43:00Z,2026-09-28T06:44:00Z,1.445875,1.448385,1.444755,1.447535
2026-09-28T06:44:00Z,2026-09-28T06:45:00Z,1.447425,1.448945,1.446745,1.447565
2026-09-28T06:45:00Z,2026-09-28T06:46:00Z,1.447525,1.447965,1.445265,1.446275
2026-09-28T06:46:00Z,2026-09-28T06:47:00Z,1.446155,1.448665,1.445825,1.445905
2026-09-28T06:47:00Z,2026-09-28T06:48:00Z,1.445715,1.446315,1.443005,1.445115
2026-09-28T06:48:00Z,2026-09-28T06:49:00Z,1.445055,1.447425,1.443645,1.443705
2026-09-28T06:49:00Z,2026-09-28T06:50:00Z,1.443645,1.443945,1.441205,1.442115
2026-09-28T06:50:00Z,2026-09-28T06:51:00Z,1.441975,1.442295,1.439895,1.441375
2026-09-28T06:51:00Z,2026-09-28T06:52:00Z,1.441235,1.442085,1.438045,1.438905
2026-09-28T06:52:00Z,2026-09-28T06:53:00Z,1.438935,1.440625,1.438615,1.439325
2026-09-28T06:53:00Z,2026-09-28T06:54:00Z,1.439285,1.439645,1.436825,1.437205
2026-09-28T06:54:00Z,2026-09-28T06:55:00Z,1.437195,1.438335,1.436065,1.436355
2026-09-28T06:55:00Z,2026-09-28T06:56:00Z,1.436535,1.441365,1.436535,1.440765
2026-09-28T06:56:00Z,2026-09-28T06:57:00Z,1.440845,1.443085,1.439495,1.439855
2026-09-28T06:57:00Z,2026-09-28T06:58:00Z,1.439775,1.441415,1.437635,1.439245
2026-09-28T06:58:00Z,2026-09-28T06:59:00Z,1.439415,1.439895,1.437325,1.438335
2026-09-28T06:59:00Z,2026-09-28T07:00:00Z,1.438045,1.439645,1.437985,1.438605
2026-09-28T07:00:00Z,2026-09-28T07:01:00Z,1.438595,1.439795,1.436965,1.437485
2026-09-28T07:01:00Z,2026-09-28T07:02:00Z,1.437505,1.437665,1.434645,1.435255
2026-09-28T07:02:00Z,2026-09-28T07:03:00Z,1.435205,1.438435,1.435095,1.438195
2026-09-28T07:03:00Z,2026-09-28T07:04:00Z,1.438125,1.438125,1.433455,1.435235
2026-09-28T07:04:00Z,2026-09-28T07:05:00Z,1.435215,1.436365,1.434565,1.435705
2026-09-28T07:05:00Z,2026-09-28T07:06:00Z,1.435845,1.436005,1.432085,1.432285
2026-09-28T07:06:00Z,2026-09-28T07:07:00Z,1.432455,1.432845,1.430075,1.430215
2026-09-28T07:07:00Z,2026-09-28T07:08:00Z,1.430135,1.430395,1.427565,1.427565
2026-09-28T07:08:00Z,2026-09-28T07:09:00Z,1.427615,1.429865,1.426305,1.426305
2026-09-28T07:09:00Z,2026-09-28T07:10:00Z,1.426105,1.426695,1.421695,1.422185
2026-09-28T07:10:00Z,2026-09-28T07:11:00Z,1.422235,1.426285,1.421775,1.424275
2026-09-28T07:11:00Z,2026-09-28T07:12:00Z,1.424035,1.427485,1.423345,1.424205
2026-09-28T07:12:00Z,2026-09-28T07:13:00Z,1.424295,1.425795,1.423125,1.423305
2026-09-28T07:13:00Z,2026-09-28T07:14:00Z,1.423825,1.426605,1.423325,1.425835
2026-09-28T07:14:00Z,2026-09-28T07:15:00Z,1.425855,1.429125,1.425255,1.427905
2026-09-28T07:15:00Z,2026-09-28T07:16:00Z,1.427915,1.427915,1.422815,1.423145
2026-09-28T07:16:00Z,2026-09-28T07:17:00Z,1.423005,1.425575,1.422695,1.424985
2026-09-28T07:17:00Z,2026-09-28T07:18:00Z,1.425015,1.426775,1.424635,1.426065
2026-09-28T07:18:00Z,2026-09-28T07:19:00Z,1.426185,1.427655,1.425285,1.427155
2026-09-28T07:19:00Z,2026-09-28T07:20:00Z,1.427215,1.428905,1.425135,1.425385
2026-09-28T07:20:00Z,2026-09-28T07:21:00Z,1.425425,1.426795,1.425105,1.426735
2026-09-28T07:21:00Z,2026-09-28T07:22:00Z,1.426705,1.427935,1.423425,1.426265
2026-09-28T07:22:00Z,2026-09-28T07:23:00Z,1.426145,1.427065,1.423545,1.423785
2026-09-28T07:23:00Z,2026-09-28T07:24:00Z,1.423775,1.423775,1.421285,1.422405
2026-09-28T07:24:00Z,2026-09-28T07:25:00Z,1.422435,1.425875,1.422265,1.424925
2026-09-28T07:25:00Z,2026-09-28T07:26:00Z,1.425015,1.426465,1.423625,1.424655
2026-09-28T07:26:00Z,2026-09-28T07:27:00Z,1.424825,1.425655,1.423565,1.424955
2026-09-28T07:27:00Z,2026-09-28T07:28:00Z,1.424965,1.426365,1.424565,1.425765
2026-09-28T07:28:00Z,2026-09-28T07:29:00Z,1.425775,1.427315,1.424615,1.425085
2026-09-28T07:29:00Z,2026-09-28T07:30:00Z,1.425005,1.425525,1.422085,1.425325
2026-09-28T07:30:00Z,2026-09-28T07:31:00Z,1.425395,1.425975,1.422495,1.423835
2026-09-28T07:31:00Z,2026-09-28T07:32:00Z,1.423845,1.426195,1.422735,1.425415
2026-09-28T07:32:00Z,2026-09-28T07:33:00Z,1.425275,1.426145,1.422835,1.423035
2026-09-28T07:33:00Z,2026-09-28T07:34:00Z,1.423025,1.425475,1.422955,1.425425
2026-09-28T07:34:00Z,2026-09-28T07:35:00Z,1.425205,1.425635,1.424015,1.424625
2026-09-28T07:35:00Z,2026-09-28T07:36:00Z,1.424995,1.429645,1.424895,1.429595
2026-09-28T07:36:00Z,2026-09-28T07:37:00Z,1.429675,1.431205,1.428225,1.429465
2026-09-28T07:37:00Z,2026-09-28T07:38:00Z,1.429455,1.430195,1.427865,1.428255
2026-09-28T07:38:00Z,2026-09-28T07:39:00Z,1.428235,1.431855,1.428155,1.431175
2026-09-28T07:39:00Z,2026-09-28T07:40:00Z,1.431155,1.435545,1.431155,1.435235
2026-09-28T07:40:00Z,2026-09-28T07:41:00Z,1.435155,1.437065,1.434005,1.434005
2026-09-28T07:41:00Z,2026-09-28T07:42:00Z,1.433995,1.435105,1.432875,1.433235
2026-09-28T07:42:00Z,2026-09-28T07:43:00Z,1.433185,1.434355,1.432225,1.432335
2026-09-28T07:43:00Z,2026-09-28T07:44:00Z,1.432385,1.436845,1.432385,1.436655
2026-09-28T07:44:00Z,2026-09-28T07:45:00Z,1.436595,1.437475,1.435505,1.437015
2026-09-28T07:45:00Z,2026-09-28T07:46:00Z,1.436975,1.437095,1.431865,1.434305
2026-09-28T07:46:00Z,2026-09-28T07:47:00Z,1.434135,1.436415,1.433935,1.436025
2026-09-28T07:47:00Z,2026-09-28T07:48:00Z,1.435965,1.440175,1.435965,1.440075
2026-09-28T07:48:00Z,2026-09-28T07:49:00Z,1.440065,1.447505,1.438295,1.447155
2026-09-28T07:49:00Z,2026-09-28T07:50:00Z,1.447115,1.450375,1.446605,1.448015
2026-09-28T07:50:00Z,2026-09-28T07:51:00Z,1.448215,1.448495,1.444985,1.447475
2026-09-28T07:51:00Z,2026-09-28T07:52:00Z,1.447335,1.451525,1.447335,1.448795
2026-09-28T07:52:00Z,2026-09-28T07:53:00Z,1.448805,1.449745,1.446275,1.446895
2026-09-28T07:53:00Z,2026-09-28T07:54:00Z,1.446645,1.448065,1.445615,1.445615
2026-09-28T07:54:00Z,2026-09-28T07:55:00Z,1.445885,1.446265,1.442515,1.442805
2026-09-28T07:55:00Z,2026-09-28T07:56:00Z,1.442835,1.443775,1.441425,1.442225
2026-09-28T07:56:00Z,2026-09-28T07:57:00Z,1.441965,1.444555,1.441385,1.443765
2026-09-28T07:57:00Z,2026-09-28T07:58:00Z,1.443865,1.444405,1.439875,1.439875
2026-09-28T07:58:00Z,2026-09-28T07:59:00Z,1.439895,1.439895,1.437595,1.438505
2026-09-28T07:59:00Z,2026-09-28T08:00:00Z,1.438465,1.438465,1.434755,1.435255
2026-09-28T08:00:00Z,2026-09-28T08:01:00Z,1.435205,1.435475,1.429825,1.430465
2026-09-28T08:01:00Z,2026-09-28T08:02:00Z,1.430475,1.431015,1.427995,1.428355
2026-09-28T08:02:00Z,2026-09-28T08:03:00Z,1.428235,1.429555,1.427265,1.429115
2026-09-28T08:03:00Z,2026-09-28T08:04:00Z,1.429095,1.434335,1.428885,1.434095
2026-09-28T08:04:00Z,2026-09-28T08:05:00Z,1.434045,1.435705,1.433785,1.434585
2026-09-28T08:05:00Z,2026-09-28T08:06:00Z,1.434455,1.435315,1.432825,1.434125
2026-09-28T08:06:00Z,2026-09-28T08:07:00Z,1.434105,1.436555,1.433855,1.435145
2026-09-28T08:07:00Z,2026-09-28T08:08:00Z,1.435125,1.438885,1.434645,1.436905
2026-09-28T08:08:00Z,2026-09-28T08:09:00Z,1.436925,1.436925,1.435145,1.436435
2026-09-28T08:09:00Z,2026-09-28T08:10:00Z,1.436345,1.437205,1.434495,1.436375
2026-09-28T08:10:00Z,2026-09-28T08:11:00Z,1.436435,1.438025,1.435505,1.437355
2026-09-28T08:11:00Z,2026-09-28T08:12:00Z,1.437415,1.438255,1.434315,1.435465
2026-09-28T08:12:00Z,2026-09-28T08:13:00Z,1.435345,1.436085,1.432515,1.434985
2026-09-28T08:13:00Z,2026-09-28T08:14:00Z,1.434955,1.435245,1.432385,1.433925
2026-09-28T08:14:00Z,2026-09-28T08:15:00Z,1.433625,1.436925,1.433625,1.435345
2026-09-28T08:15:00Z,2026-09-28T08:16:00Z,1.435305,1.439095,1.434345,1.438915
2026-09-28T08:16:00Z,2026-09-28T08:17:00Z,1.439295,1.441635,1.437395,1.438385
2026-09-28T08:17:00Z,2026-09-28T08:18:00Z,1.438425,1.442335,1.438105,1.442335
2026-09-28T08:18:00Z,2026-09-28T08:19:00Z,1.442345,1.443485,1.441765,1.442695
2026-09-28T08:19:00Z,2026-09-28T08:20:00Z,1.442795,1.445595,1.442235,1.445325
2026-09-28T08:20:00Z,2026-09-28T08:21:00Z,1.444945,1.449825,1.443865,1.449555
2026-09-28T08:21:00Z,2026-09-28T08:22:00Z,1.449615,1.454995,1.449205,1.454995
2026-09-28T08:22:00Z,2026-09-28T08:23:00Z,1.455115,1.458235,1.454435,1.456475
2026-09-28T08:23:00Z,2026-09-28T08:24:00Z,1.456395,1.457835,1.454655,1.457175
2026-09-28T08:24:00Z,2026-09-28T08:25:00Z,1.456925,1.458315,1.455405,1.456755
2026-09-28T08:25:00Z,2026-09-28T08:26:00Z,1.456775,1.459255,1.456615,1.458385
2026-09-28T08:26:00Z,2026-09-28T08:27:00Z,1.458185,1.460085,1.457325,1.457655
2026-09-28T08:27:00Z,2026-09-28T08:28:00Z,1.457715,1.458135,1.456055,1.457455
2026-09-28T08:28:00Z,2026-09-28T08:29:00Z,1.457485,1.459295,1.455915,1.456065
2026-09-28T08:29:00Z,2026-09-28T08:30:00Z,1.456015,1.456135,1.450085,1.450085
2026-09-28T08:30:00Z,2026-09-28T08:31:00Z,1.450175,1.450645,1.445115,1.445295
2026-09-28T08:31:00Z,2026-09-28T08:32:00Z,1.445355,1.451315,1.445305,1.451125
2026-09-28T08:32:00Z,2026-09-28T08:33:00Z,1.450695,1.452465,1.449545,1.450995
2026-09-28T08:33:00Z,2026-09-28T08:34:00Z,1.451045,1.452975,1.451045,1.452045
2026-09-28T08:34:00Z,2026-09-28T08:35:00Z,1.452035,1.454585,1.451375,1.453075
2026-09-28T08:35:00Z,2026-09-28T08:36:00Z,1.453185,1.454575,1.450725,1.451035
2026-09-28T08:36:00Z,2026-09-28T08:37:00Z,1.450945,1.452475,1.450105,1.452445
2026-09-28T08:37:00Z,2026-09-28T08:38:00Z,1.452405,1.452405,1.447745,1.448355
2026-09-28T08:38:00Z,2026-09-28T08:39:00Z,1.448285,1.452155,1.447665,1.450885
2026-09-28T08:39:00Z,2026-09-28T08:40:00Z,1.450905,1.450905,1.448605,1.450175
2026-09-28T08:40:00Z,2026-09-28T08:41:00Z,1.450595,1.451705,1.449795,1.450325
2026-09-28T08:41:00Z,2026-09-28T08:42:00Z,1.450315,1.451665,1.449515,1.451185
2026-09-28T08:42:00Z,2026-09-28T08:43:00Z,1.451185,1.451245,1.447465,1.447825
2026-09-28T08:43:00Z,2026-09-28T08:44:00Z,1.447935,1.449845,1.447425,1.448975
2026-09-28T08:44:00Z,2026-09-28T08:45:00Z,1.449145,1.449925,1.447035,1.449895
2026-09-28T08:45:00Z,2026-09-28T08:46:00Z,1.450125,1.453985,1.450115,1.451665
2026-09-28T08:46:00Z,2026-09-28T08:47:00Z,1.451585,1.452665,1.450345,1.450345
2026-09-28T08:47:00Z,2026-09-28T08:48:00Z,1.450395,1.451565,1.447295,1.447435
2026-09-28T08:48:00Z,2026-09-28T08:49:00Z,1.447335,1.450775,1.447335,1.449915
2026-09-28T08:49:00Z,2026-09-28T08:50:00Z,1.449935,1.451455,1.448385,1.450775
2026-09-28T08:50:00Z,2026-09-28T08:51:00Z,1.450735,1.451715,1.449145,1.451645
2026-09-28T08:51:00Z,2026-09-28T08:52:00Z,1.451465,1.452115,1.447835,1.447835
2026-09-28T08:52:00Z,2026-09-28T08:53:00Z,1.448175,1.449285,1.446435,1.447455
2026-09-28T08:53:00Z,2026-09-28T08:54:00Z,1.447465,1.451835,1.447195,1.451665
2026-09-28T08:54:00Z,2026-09-28T08:55:00Z,1.451465,1.451605,1.446325,1.447065
2026-09-28T08:55:00Z,2026-09-28T08:56:00Z,1.447105,1.447125,1.441485,1.441595
2026-09-28T08:56:00Z,2026-09-28T08:57:00Z,1.441645,1.442285,1.440295,1.440935
2026-09-28T08:57:00Z,2026-09-28T08:58:00Z,1.440855,1.441045,1.437145,1.438395
2026-09-28T08:58:00Z,2026-09-28T08:59:00Z,1.438385,1.440335,1.437015,1.437035
2026-09-28T08:59:00Z,2026-09-28T09:00:00Z,1.436995,1.438705,1.434825,1.437405
2026-09-28T09:00:00Z,2026-09-28T09:01:00Z,1.437415,1.439035,1.436995,1.436995
2026-09-28T09:01:00Z,2026-09-28T09:02:00Z,1.436745,1.438655,1.435685,1.438355
2026-09-28T09:02:00Z,2026-09-28T09:03:00Z,1.438435,1.442705,1.437555,1.441615
2026-09-28T09:03:00Z,2026-09-28T09:04:00Z,1.441675,1.441785,1.439355,1.439755
2026-09-28T09:04:00Z,2026-09-28T09:05:00Z,1.439875,1.440295,1.436085,1.436095
2026-09-28T09:05:00Z,2026-09-28T09:06:00Z,1.436075,1.436435,1.434275,1.435875
2026-09-28T09:06:00Z,2026-09-28T09:07:00Z,1.435735,1.437555,1.434385,1.436375
2026-09-28T09:07:00Z,2026-09-28T09:08:00Z,1.436265,1.436435,1.433735,1.434655
2026-09-28T09:08:00Z,2026-09-28T09:09:00Z,1.434595,1.436375,1.434465,1.435725
2026-09-28T09:09:00Z,2026-09-28T09:10:00Z,1.435585,1.437625,1.435495,1.435995
2026-09-28T09:10:00Z,2026-09-28T09:11:00Z,1.436115,1.437215,1.435415,1.435885
2026-09-28T09:11:00Z,2026-09-28T09:12:00Z,1.435985,1.437195,1.435025,1.436615
2026-09-28T09:12:00Z,2026-09-28T09:13:00Z,1.436665,1.437035,1.434195,1.434605
2026-09-28T09:13:00Z,2026-09-28T09:14:00Z,1.434725,1.435055,1.432865,1.433405
2026-09-28T09:14:00Z,2026-09-28T09:15:00Z,1.433375,1.434815,1.432355,1.433695
2026-09-28T09:15:00Z,2026-09-28T09:16:00Z,1.434035,1.438155,1.433345,1.434095
2026-09-28T09:16:00Z,2026-09-28T09:17:00Z,1.434085,1.437705,1.432665,1.432665
2026-09-28T09:17:00Z,2026-09-28T09:18:00Z,1.432395,1.436865,1.432125,1.436865
2026-09-28T09:18:00Z,2026-09-28T09:19:00Z,1.436685,1.437145,1.434515,1.434595
2026-09-28T09:19:00Z,2026-09-28T09:20:00Z,1.434585,1.435475,1.432675,1.432845
2026-09-28T09:20:00Z,2026-09-28T09:21:00Z,1.432715,1.439325,1.432715,1.439085
2026-09-28T09:21:00Z,2026-09-28T09:22:00Z,1.439135,1.439135,1.436835,1.437585
2026-09-28T09:22:00Z,2026-09-28T09:23:00Z,1.437555,1.442175,1.437015,1.441605
2026-09-28T09:23:00Z,2026-09-28T09:24:00Z,1.441555,1.441555,1.434135,1.434535
2026-09-28T09:24:00Z,2026-09-28T09:25:00Z,1.434385,1.441435,1.434385,1.440665
2026-09-28T09:25:00Z,2026-09-28T09:26:00Z,1.440545,1.440595,1.431735,1.432745
2026-09-28T09:26:00Z,2026-09-28T09:27:00Z,1.432635,1.433885,1.432155,1.433465
2026-09-28T09:27:00Z,2026-09-28T09:28:00Z,1.433445,1.434535,1.430545,1.430855
2026-09-28T09:28:00Z,2026-09-28T09:29:00Z,1.430845,1.431665,1.427765,1.429265
2026-09-28T09:29:00Z,2026-09-28T09:30:00Z,1.429115,1.431585,1.428925,1.431075
2026-09-28T09:30:00Z,2026-09-28T09:31:00Z,1.430865,1.432295,1.429815,1.430545
2026-09-28T09:31:00Z,2026-09-28T09:32:00Z,1.430325,1.431295,1.428775,1.429855
2026-09-28T09:32:00Z,2026-09-28T09:33:00Z,1.429895,1.429895,1.425695,1.426895
2026-09-28T09:33:00Z,2026-09-28T09:34:00Z,1.427015,1.430945,1.425675,1.429255
2026-09-28T09:34:00Z,2026-09-28T09:35:00Z,1.429325,1.430635,1.427405,1.428345
2026-09-28T09:35:00Z,2026-09-28T09:36:00Z,1.428335,1.428475,1.427065,1.427865
2026-09-28T09:36:00Z,2026-09-28T09:37:00Z,1.427835,1.428555,1.425055,1.425755
2026-09-28T09:37:00Z,2026-09-28T09:38:00Z,1.425765,1.425825,1.420965,1.420965
2026-09-28T09:38:00Z,2026-09-28T09:39:00Z,1.420985,1.421085,1.418515,1.420325
2026-09-28T09:39:00Z,2026-09-28T09:40:00Z,1.420555,1.420555,1.416155,1.418085
2026-09-28T09:40:00Z,2026-09-28T09:41:00Z,1.418145,1.422715,1.417715,1.422715
2026-09-28T09:41:00Z,2026-09-28T09:42:00Z,1.422745,1.423205,1.416135,1.417465
2026-09-28T09:42:00Z,2026-09-28T09:43:00Z,1.417555,1.418175,1.414805,1.415375
2026-09-28T09:43:00Z,2026-09-28T09:44:00Z,1.415615,1.415905,1.413995,1.414825
2026-09-28T09:44:00Z,2026-09-28T09:45:00Z,1.414905,1.419285,1.413255,1.418245
2026-09-28T09:45:00Z,2026-09-28T09:46:00Z,1.418195,1.420605,1.417715,1.419815
2026-09-28T09:46:00Z,2026-09-28T09:47:00Z,1.419675,1.419675,1.415505,1.416315
2026-09-28T09:47:00Z,2026-09-28T09:48:00Z,1.416355,1.417775,1.414775,1.414855
2026-09-28T09:48:00Z,2026-09-28T09:49:00Z,1.414925,1.415625,1.413875,1.414855
2026-09-28T09:49:00Z,2026-09-28T09:50:00Z,1.414875,1.415615,1.412705,1.415575
2026-09-28T09:50:00Z,2026-09-28T09:51:00Z,1.415595,1.415595,1.413605,1.414185
2026-09-28T09:51:00Z,2026-09-28T09:52:00Z,1.414175,1.415985,1.414065,1.415985
2026-09-28T09:52:00Z,2026-09-28T09:53:00Z,1.416055,1.418505,1.416055,1.418135
2026-09-28T09:53:00Z,2026-09-28T09:54:00Z,1.418185,1.420185,1.417825,1.420115
2026-09-28T09:54:00Z,2026-09-28T09:55:00Z,1.420275,1.424375,1.420275,1.424035
2026-09-28T09:55:00Z,2026-09-28T09:56:00Z,1.424195,1.424275,1.421555,1.421865
2026-09-28T09:56:00Z,2026-09-28T09:57:00Z,1.421885,1.424145,1.419835,1.423955
2026-09-28T09:57:00Z,2026-09-28T09:58:00Z,1.424025,1.425605,1.423215,1.425435
2026-09-28T09:58:00Z,2026-09-28T09:59:00Z,1.425365,1.427345,1.423595,1.425385
2026-09-28T09:59:00Z,2026-09-28T10:00:00Z,1.425465,1.425475,1.419505,1.422175
2026-09-28T10:00:00Z,2026-09-28T10:01:00Z,1.422155,1.424605,1.421155,1.424605
2026-09-28T10:01:00Z,2026-09-28T10:02:00Z,1.424675,1.425135,1.423665,1.423665
2026-09-28T10:02:00Z,2026-09-28T10:03:00Z,1.423845,1.426055,1.423295,1.425555
2026-09-28T10:03:00Z,2026-09-28T10:04:00Z,1.425625,1.426235,1.424125,1.425065
2026-09-28T10:04:00Z,2026-09-28T10:05:00Z,1.425135,1.426505,1.423445,1.424455
2026-09-28T10:05:00Z,2026-09-28T10:06:00Z,1.424485,1.424665,1.421955,1.422965
2026-09-28T10:06:00Z,2026-09-28T10:07:00Z,1.422935,1.424965,1.421535,1.421615
2026-09-28T10:07:00Z,2026-09-28T10:08:00Z,1.421645,1.424055,1.421395,1.422755
2026-09-28T10:08:00Z,2026-09-28T10:09:00Z,1.422525,1.427375,1.422455,1.426925
2026-09-28T10:09:00Z,2026-09-28T10:10:00Z,1.426815,1.427355,1.422825,1.423665
2026-09-28T10:10:00Z,2026-09-28T10:11:00Z,1.423545,1.424695,1.421705,1.421705
2026-09-28T10:11:00Z,2026-09-28T10:12:00Z,1.421605,1.423585,1.421355,1.423375
2026-09-28T10:12:00Z,2026-09-28T10:13:00Z,1.423335,1.426055,1.423185,1.423605
2026-09-28T10:13:00Z,2026-09-28T10:14:00Z,1.423475,1.429995,1.422985,1.429555
2026-09-28T10:14:00Z,2026-09-28T10:15:00Z,1.429585,1.431335,1.428175,1.431115
2026-09-28T10:15:00Z,2026-09-28T10:16:00Z,1.430905,1.431945,1.429335,1.430815
2026-09-28T10:16:00Z,2026-09-28T10:17:00Z,1.430675,1.431035,1.427065,1.427585
2026-09-28T10:17:00Z,2026-09-28T10:18:00Z,1.428045,1.429885,1.427095,1.427355
2026-09-28T10:18:00Z,2026-09-28T10:19:00Z,1.427385,1.427455,1.425335,1.426575
2026-09-28T10:19:00Z,2026-09-28T10:20:00Z,1.426535,1.426585,1.423965,1.424465
2026-09-28T10:20:00Z,2026-09-28T10:21:00Z,1.424555,1.427005,1.424365,1.425675
2026-09-28T10:21:00Z,2026-09-28T10:22:00Z,1.425465,1.426855,1.423325,1.426355
2026-09-28T10:22:00Z,2026-09-28T10:23:00Z,1.426265,1.428625,1.424945,1.425865
2026-09-28T10:23:00Z,2026-09-28T10:24:00Z,1.425845,1.427495,1.425345,1.426255
2026-09-28T10:24:00Z,2026-09-28T10:25:00Z,1.426235,1.427475,1.426035,1.426385
2026-09-28T10:25:00Z,2026-09-28T10:26:00Z,1.426495,1.427765,1.424665,1.425145
2026-09-28T10:26:00Z,2026-09-28T10:27:00Z,1.425095,1.429255,1.424405,1.429255
2026-09-28T10:27:00Z,2026-09-28T10:28:00Z,1.429235,1.431965,1.426045,1.431185
2026-09-28T10:28:00Z,2026-09-28T10:29:00Z,1.431225,1.434365,1.430725,1.433245
2026-09-28T10:29:00Z,2026-09-28T10:30:00Z,1.433165,1.435615,1.432375,1.432405
2026-09-28T10:30:00Z,2026-09-28T10:31:00Z,1.432455,1.434745,1.431785,1.433905
2026-09-28T10:31:00Z,2026-09-28T10:32:00Z,1.433665,1.433825,1.429585,1.430045
2026-09-28T10:32:00Z,2026-09-28T10:33:00Z,1.429965,1.432245,1.429015,1.432125
2026-09-28T10:33:00Z,2026-09-28T10:34:00Z,1.431975,1.431995,1.427595,1.427715
2026-09-28T10:34:00Z,2026-09-28T10:35:00Z,1.427775,1.429875,1.427545,1.428435
2026-09-28T10:35:00Z,2026-09-28T10:36:00Z,1.428505,1.429665,1.427445,1.429435
2026-09-28T10:36:00Z,2026-09-28T10:37:00Z,1.429605,1.429745,1.427475,1.429275
2026-09-28T10:37:00Z,2026-09-28T10:38:00Z,1.429335,1.429505,1.424615,1.426225
2026-09-28T10:38:00Z,2026-09-28T10:39:00Z,1.426205,1.429235,1.425825,1.428535
2026-09-28T10:39:00Z,2026-09-28T10:40:00Z,1.428595,1.429895,1.427615,1.429575
2026-09-28T10:40:00Z,2026-09-28T10:41:00Z,1.429585,1.429765,1.426845,1.427485
2026-09-28T10:41:00Z,2026-09-28T10:42:00Z,1.427415,1.427695,1.425155,1.426335
2026-09-28T10:42:00Z,2026-09-28T10:43:00Z,1.426325,1.430785,1.426085,1.430785
2026-09-28T10:43:00Z,2026-09-28T10:44:00Z,1.430925,1.439585,1.429315,1.439585
2026-09-28T10:44:00Z,2026-09-28T10:45:00Z,1.439595,1.442335,1.439535,1.442085
2026-09-28T10:45:00Z,2026-09-28T10:46:00Z,1.441985,1.443775,1.441805,1.441895
2026-09-28T10:46:00Z,2026-09-28T10:47:00Z,1.441885,1.442535,1.439755,1.440555
2026-09-28T10:47:00Z,2026-09-28T10:48:00Z,1.440775,1.441045,1.438215,1.439185
2026-09-28T10:48:00Z,2026-09-28T10:49:00Z,1.439315,1.440535,1.438015,1.440435
2026-09-28T10:49:00Z,2026-09-28T10:50:00Z,1.440495,1.444085,1.440465,1.444085
2026-09-28T10:50:00Z,2026-09-28T10:51:00Z,1.444075,1.444725,1.441085,1.441825
2026-09-28T10:51:00Z,2026-09-28T10:52:00Z,1.441775,1.442545,1.439155,1.442185
2026-09-28T10:52:00Z,2026-09-28T10:53:00Z,1.441845,1.442805,1.439865,1.441325
2026-09-28T10:53:00Z,2026-09-28T10:54:00Z,1.441355,1.441665,1.437505,1.438865
2026-09-28T10:54:00Z,2026-09-28T10:55:00Z,1.438965,1.440845,1.437935,1.438435
2026-09-28T10:55:00Z,2026-09-28T10:56:00Z,1.438285,1.439295,1.436605,1.437435
2026-09-28T10:56:00Z,2026-09-28T10:57:00Z,1.437545,1.440985,1.437545,1.440285
2026-09-28T10:57:00Z,2026-09-28T10:58:00Z,1.440245,1.440255,1.438385,1.438485
2026-09-28T10:58:00Z,2026-09-28T10:59:00Z,1.438535,1.439265,1.431555,1.431785
2026-09-28T10:59:00Z,2026-09-28T11:00:00Z,1.431665,1.432315,1.429985,1.430175
2026-09-28T11:00:00Z,2026-09-28T11:01:00Z,1.430145,1.431805,1.429795,1.431475
2026-09-28T11:01:00Z,2026-09-28T11:02:00Z,1.431465,1.432625,1.430715,1.432165
2026-09-28T11:02:00Z,2026-09-28T11:03:00Z,1.432115,1.433835,1.430075,1.430355
2026-09-28T11:03:00Z,2026-09-28T11:04:00Z,1.430465,1.430465,1.426665,1.427515
2026-09-28T11:04:00Z,2026-09-28T11:05:00Z,1.427425,1.429055,1.426285,1.429055
2026-09-28T11:05:00Z,2026-09-28T11:06:00Z,1.429065,1.431235,1.428645,1.430005
2026-09-28T11:06:00Z,2026-09-28T11:07:00Z,1.429945,1.430805,1.427535,1.428175
2026-09-28T11:07:00Z,2026-09-28T11:08:00Z,1.428485,1.428625,1.425465,1.426655
2026-09-28T11:08:00Z,2026-09-28T11:09:00Z,1.426635,1.428005,1.425415,1.427235
2026-09-28T11:09:00Z,2026-09-28T11:10:00Z,1.427125,1.427135,1.425415,1.425985
2026-09-28T11:10:00Z,2026-09-28T11:11:00Z,1.426035,1.430875,1.426035,1.430295
2026-09-28T11:11:00Z,2026-09-28T11:12:00Z,1.430185,1.430745,1.423555,1.423695
2026-09-28T11:12:00Z,2026-09-28T11:13:00Z,1.423775,1.426985,1.423265,1.426115
2026-09-28T11:13:00Z,2026-09-28T11:14:00Z,1.425955,1.427015,1.424445,1.425305
2026-09-28T11:14:00Z,2026-09-28T11:15:00Z,1.425165,1.427175,1.424245,1.427015
2026-09-28T11:15:00Z,2026-09-28T11:16:00Z,1.426945,1.427695,1.421095,1.421945
2026-09-28T11:16:00Z,2026-09-28T11:17:00Z,1.421965,1.422625,1.418015,1.418025
2026-09-28T11:17:00Z,2026-09-28T11:18:00Z,1.418045,1.419925,1.417025,1.417245
2026-09-28T11:18:00Z,2026-09-28T11:19:00Z,1.416865,1.417105,1.413345,1.413515
2026-09-28T11:19:00Z,2026-09-28T11:20:00Z,1.413435,1.415015,1.410855,1.412655
2026-09-28T11:20:00Z,2026-09-28T11:21:00Z,1.412465,1.413225,1.408965,1.409945
2026-09-28T11:21:00Z,2026-09-28T11:22:00Z,1.409985,1.410615,1.407845,1.408005
2026-09-28T11:22:00Z,2026-09-28T11:23:00Z,1.407575,1.408815,1.407105,1.408195
2026-09-28T11:23:00Z,2026-09-28T11:24:00Z,1.408235,1.410565,1.406915,1.409845
2026-09-28T11:24:00Z,2026-09-28T11:25:00Z,1.409815,1.410635,1.407725,1.408405
2026-09-28T11:25:00Z,2026-09-28T11:26:00Z,1.408425,1.409705,1.408375,1.408815
2026-09-28T11:26:00Z,2026-09-28T11:27:00Z,1.408785,1.410165,1.407095,1.410165
2026-09-28T11:27:00Z,2026-09-28T11:28:00Z,1.410295,1.410525,1.405765,1.405815
2026-09-28T11:28:00Z,2026-09-28T11:29:00Z,1.405715,1.406615,1.402825,1.402985
2026-09-28T11:29:00Z,2026-09-28T11:30:00Z,1.402945,1.403465,1.401095,1.401895
2026-09-28T11:30:00Z,2026-09-28T11:31:00Z,1.401835,1.405585,1.401645,1.404725
2026-09-28T11:31:00Z,2026-09-28T11:32:00Z,1.404645,1.405255,1.403915,1.404275
2026-09-28T11:32:00Z,2026-09-28T11:33:00Z,1.404385,1.404945,1.403155,1.403395
2026-09-28T11:33:00Z,2026-09-28T11:34:00Z,1.404825,1.405645,1.404035,1.405505
2026-09-28T11:34:00Z,2026-09-28T11:35:00Z,1.405685,1.406345,1.404425,1.404865
2026-09-28T11:35:00Z,2026-09-28T11:36:00Z,1.404725,1.405865,1.402145,1.405865
2026-09-28T11:36:00Z,2026-09-28T11:37:00Z,1.405885,1.408115,1.405705,1.406945
2026-09-28T11:37:00Z,2026-09-28T11:38:00Z,1.406935,1.409085,1.405685,1.408905
2026-09-28T11:38:00Z,2026-09-28T11:39:00Z,1.408545,1.409175,1.406255,1.407955
2026-09-28T11:39:00Z,2026-09-28T11:40:00Z,1.407885,1.409715,1.406065,1.406255
2026-09-28T11:40:00Z,2026-09-28T11:41:00Z,1.406015,1.408015,1.405045,1.407735
2026-09-28T11:41:00Z,2026-09-28T11:42:00Z,1.407845,1.409625,1.406485,1.408215
2026-09-28T11:42:00Z,2026-09-28T11:43:00Z,1.408095,1.408655,1.405515,1.408215
2026-09-28T11:43:00Z,2026-09-28T11:44:00Z,1.408065,1.409195,1.407105,1.408395
2026-09-28T11:44:00Z,2026-09-28T11:45:00Z,1.408355,1.409085,1.407785,1.408375
2026-09-28T11:45:00Z,2026-09-28T11:46:00Z,1.408365,1.411305,1.408055,1.411305
2026-09-28T11:46:00Z,2026-09-28T11:47:00Z,1.411325,1.415635,1.411325,1.414615
2026-09-28T11:47:00Z,2026-09-28T11:48:00Z,1.414575,1.415695,1.413545,1.414235
2026-09-28T11:48:00Z,2026-09-28T11:49:00Z,1.414205,1.415965,1.413735,1.415945
2026-09-28T11:49:00Z,2026-09-28T11:50:00Z,1.416095,1.419345,1.416055,1.416985
2026-09-28T11:50:00Z,2026-09-28T11:51:00Z,1.417005,1.417235,1.414215,1.414545
2026-09-28T11:51:00Z,2026-09-28T11:52:00Z,1.414455,1.415265,1.412225,1.415145
2026-09-28T11:52:00Z,2026-09-28T11:53:00Z,1.415035,1.418145,1.414515,1.418015
2026-09-28T11:53:00Z,2026-09-28T11:54:00Z,1.417945,1.420305,1.417445,1.417745
2026-09-28T11:54:00Z,2026-09-28T11:55:00Z,1.417725,1.418175,1.415815,1.418065
2026-09-28T11:55:00Z,2026-09-28T11:56:00Z,1.418215,1.418515,1.416065,1.418235
2026-09-28T11:56:00Z,2026-09-28T11:57:00Z,1.418265,1.419885,1.415535,1.416325
2026-09-28T11:57:00Z,2026-09-28T11:58:00Z,1.416295,1.416325,1.412635,1.413205
2026-09-28T11:58:00Z,2026-09-28T11:59:00Z,1.413265,1.415315,1.412475,1.415165
2026-09-28T11:59:00Z,2026-09-28T12:00:00Z,1.415215,1.416215,1.413205,1.414785
2026-09-28T12:00:00Z,2026-09-28T12:01:00Z,1.414605,1.416595,1.414105,1.416505
2026-09-28T12:01:00Z,2026-09-28T12:02:00Z,1.416465,1.416765,1.415075,1.416185
2026-09-28T12:02:00Z,2026-09-28T12:03:00Z,1.416075,1.416505,1.414385,1.414415
2026-09-28T12:03:00Z,2026-09-28T12:04:00Z,1.414325,1.414355,1.411695,1.411695
2026-09-28T12:04:00Z,2026-09-28T12:05:00Z,1.411835,1.412485,1.410515,1.410765
2026-09-28T12:05:00Z,2026-09-28T12:06:00Z,1.410845,1.411325,1.407705,1.407745
2026-09-28T12:06:00Z,2026-09-28T12:07:00Z,1.407755,1.408955,1.406365,1.407725
2026-09-28T12:07:00Z,2026-09-28T12:08:00Z,1.407905,1.408135,1.404315,1.405755
2026-09-28T12:08:00Z,2026-09-28T12:09:00Z,1.405715,1.406205,1.404405,1.405755
2026-09-28T12:09:00Z,2026-09-28T12:10:00Z,1.405725,1.408955,1.405725,1.408055
2026-09-28T12:10:00Z,2026-09-28T12:11:00Z,1.408065,1.410345,1.407115,1.410345
2026-09-28T12:11:00Z,2026-09-28T12:12:00Z,1.410425,1.414225,1.410385,1.413035
2026-09-28T12:12:00Z,2026-09-28T12:13:00Z,1.412995,1.416235,1.412885,1.415075
2026-09-28T12:13:00Z,2026-09-28T12:14:00Z,1.415035,1.416025,1.410675,1.410675
2026-09-28T12:14:00Z,2026-09-28T12:15:00Z,1.410715,1.412255,1.409645,1.410265
2026-09-28T12:15:00Z,2026-09-28T12:16:00Z,1.410315,1.410915,1.407925,1.408585
2026-09-28T12:16:00Z,2026-09-28T12:17:00Z,1.408555,1.410655,1.408195,1.409745
2026-09-28T12:17:00Z,2026-09-28T12:18:00Z,1.409705,1.412965,1.409705,1.412945
2026-09-28T12:18:00Z,2026-09-28T12:19:00Z,1.412925,1.413905,1.410665,1.411595
2026-09-28T12:19:00Z,2026-09-28T12:20:00Z,1.411205,1.411345,1.409935,1.411065
2026-09-28T12:20:00Z,2026-09-28T12:21:00Z,1.410935,1.412845,1.409375,1.412135
2026-09-28T12:21:00Z,2026-09-28T12:22:00Z,1.412185,1.413465,1.410785,1.411365
2026-09-28T12:22:00Z,2026-09-28T12:23:00Z,1.411275,1.411585,1.409555,1.411035
2026-09-28T12:23:00Z,2026-09-28T12:24:00Z,1.410995,1.411675,1.409215,1.411365
2026-09-28T12:24:00Z,2026-09-28T12:25:00Z,1.411275,1.412435,1.407095,1.411985
2026-09-28T12:25:00Z,2026-09-28T12:26:00Z,1.411715,1.412735,1.409265,1.409545
2026-09-28T12:26:00Z,2026-09-28T12:27:00Z,1.409575,1.410225,1.406295,1.406845
2026-09-28T12:27:00Z,2026-09-28T12:28:00Z,1.407025,1.408635,1.406105,1.407535
2026-09-28T12:28:00Z,2026-09-28T12:29:00Z,1.407205,1.407625,1.405325,1.405615
2026-09-28T12:29:00Z,2026-09-28T12:30:00Z,1.405645,1.406255,1.404235,1.404525
2026-09-28T12:30:00Z,2026-09-28T12:31:00Z,1.404505,1.405325,1.403815,1.404885
2026-09-28T12:31:00Z,2026-09-28T12:32:00Z,1.405075,1.407755,1.403835,1.405565
2026-09-28T12:32:00Z,2026-09-28T12:33:00Z,1.405545,1.406365,1.404975,1.405625
2026-09-28T12:33:00Z,2026-09-28T12:34:00Z,1.405735,1.412275,1.405195,1.412275
2026-09-28T12:34:00Z,2026-09-28T12:35:00Z,1.412235,1.414575,1.412025,1.413775
2026-09-28T12:35:00Z,2026-09-28T12:36:00Z,1.413225,1.414165,1.412065,1.412485
2026-09-28T12:36:00Z,2026-09-28T12:37:00Z,1.412505,1.412815,1.410655,1.411695
2026-09-28T12:37:00Z,2026-09-28T12:38:00Z,1.411735,1.412635,1.410385,1.411475
2026-09-28T12:38:00Z,2026-09-28T12:39:00Z,1.411515,1.413895,1.410555,1.413845
2026-09-28T12:39:00Z,2026-09-28T12:40:00Z,1.413445,1.413845,1.409785,1.411465
2026-09-28T12:40:00Z,2026-09-28T12:41:00Z,1.411355,1.413185,1.410775,1.411175
2026-09-28T12:41:00Z,2026-09-28T12:42:00Z,1.411295,1.411645,1.409545,1.409645
2026-09-28T12:42:00Z,2026-09-28T12:43:00Z,1.409665,1.410365,1.405045,1.405405
2026-09-28T12:43:00Z,2026-09-28T12:44:00Z,1.405495,1.405815,1.403105,1.404015
2026-09-28T12:44:00Z,2026-09-28T12:45:00Z,1.404035,1.404165,1.401795,1.403615
2026-09-28T12:45:00Z,2026-09-28T12:46:00Z,1.403505,1.407065,1.403325,1.407065
2026-09-28T12:46:00Z,2026-09-28T12:47:00Z,1.407055,1.407625,1.404205,1.406015
2026-09-28T12:47:00Z,2026-09-28T12:48:00Z,1.406035,1.408785,1.405635,1.408095
2026-09-28T12:48:00Z,2026-09-28T12:49:00Z,1.408025,1.410345,1.406625,1.409495
2026-09-28T12:49:00Z,2026-09-28T12:50:00Z,1.409665,1.410095,1.406965,1.407045
2026-09-28T12:50:00Z,2026-09-28T12:51:00Z,1.406955,1.407725,1.403755,1.403915
2026-09-28T12:51:00Z,2026-09-28T12:52:00Z,1.403945,1.406375,1.403545,1.406135
2026-09-28T12:52:00Z,2026-09-28T12:53:00Z,1.406155,1.407095,1.402705,1.402905
2026-09-28T12:53:00Z,2026-09-28T12:54:00Z,1.402805,1.403045,1.399175,1.401545
2026-09-28T12:54:00Z,2026-09-28T12:55:00Z,1.401475,1.403885,1.400935,1.401715
2026-09-28T12:55:00Z,2026-09-28T12:56:00Z,1.401705,1.402635,1.398645,1.399695
2026-09-28T12:56:00Z,2026-09-28T12:57:00Z,1.399785,1.401765,1.397985,1.401765
2026-09-28T12:57:00Z,2026-09-28T12:58:00Z,1.401575,1.401635,1.399295,1.401045
2026-09-28T12:58:00Z,2026-09-28T12:59:00Z,1.400775,1.408815,1.400775,1.407855
2026-09-28T12:59:00Z,2026-09-28T13:00:00Z,1.407925,1.408545,1.406805,1.407965
2026-09-28T13:00:00Z,2026-09-28T13:01:00Z,1.408055,1.413125,1.408005,1.413065
2026-09-28T13:01:00Z,2026-09-28T13:02:00Z,1.413125,1.414095,1.410755,1.410775
2026-09-28T13:02:00Z,2026-09-28T13:03:00Z,1.410785,1.411105,1.408035,1.408125
2026-09-28T13:03:00Z,2026-09-28T13:04:00Z,1.408095,1.410505,1.406955,1.410075
2026-09-28T13:04:00Z,2026-09-28T13:05:00Z,1.410065,1.411245,1.407845,1.408395
2026-09-28T13:05:00Z,2026-09-28T13:06:00Z,1.408435,1.408995,1.405715,1.405855
2026-09-28T13:06:00Z,2026-09-28T13:07:00Z,1.405805,1.407655,1.405555,1.405875
2026-09-28T13:07:00Z,2026-09-28T13:08:00Z,1.405985,1.406375,1.404595,1.405725
2026-09-28T13:08:00Z,2026-09-28T13:09:00Z,1.405825,1.406975,1.405045,1.405435
2026-09-28T13:09:00Z,2026-09-28T13:10:00Z,1.405425,1.406605,1.403835,1.406035
2026-09-28T13:10:00Z,2026-09-28T13:11:00Z,1.405935,1.408185,1.404135,1.407955
2026-09-28T13:11:00Z,2026-09-28T13:12:00Z,1.407995,1.411045,1.407685,1.410755
2026-09-28T13:12:00Z,2026-09-28T13:13:00Z,1.410685,1.411275,1.408935,1.410205
2026-09-28T13:13:00Z,2026-09-28T13:14:00Z,1.410385,1.410385,1.407665,1.408215
2026-09-28T13:14:00Z,2026-09-28T13:15:00Z,1.408345,1.408915,1.405195,1.408795
2026-09-28T13:15:00Z,2026-09-28T13:16:00Z,1.408905,1.409665,1.407375,1.408825
2026-09-28T13:16:00Z,2026-09-28T13:17:00Z,1.408665,1.409015,1.404325,1.405485
2026-09-28T13:17:00Z,2026-09-28T13:18:00Z,1.405395,1.407295,1.404605,1.407295
2026-09-28T13:18:00Z,2026-09-28T13:19:00Z,1.407715,1.407715,1.404915,1.405925
2026-09-28T13:19:00Z,2026-09-28T13:20:00Z,1.406025,1.406465,1.404215,1.405405
2026-09-28T13:20:00Z,2026-09-28T13:21:00Z,1.405315,1.405685,1.400055,1.400375
2026-09-28T13:21:00Z,2026-09-28T13:22:00Z,1.400425,1.401275,1.398275,1.399785
2026-09-28T13:22:00Z,2026-09-28T13:23:00Z,1.399735,1.400485,1.398305,1.400485
2026-09-28T13:23:00Z,2026-09-28T13:24:00Z,1.400865,1.402585,1.400475,1.401185
2026-09-28T13:24:00Z,2026-09-28T13:25:00Z,1.401245,1.403555,1.401135,1.403235
2026-09-28T13:25:00Z,2026-09-28T13:26:00Z,1.403455,1.406235,1.402975,1.403485
2026-09-28T13:26:00Z,2026-09-28T13:27:00Z,1.403495,1.406435,1.402385,1.405775
2026-09-28T13:27:00Z,2026-09-28T13:28:00Z,1.405785,1.407695,1.404825,1.404825
2026-09-28T13:28:00Z,2026-09-28T13:29:00Z,1.404775,1.404965,1.401875,1.402145
2026-09-28T13:29:00Z,2026-09-28T13:30:00Z,1.401995,1.404495,1.401355,1.403885
2026-09-28T13:30:00Z,2026-09-28T13:31:00Z,1.404105,1.404885,1.399995,1.400445
2026-09-28T13:31:00Z,2026-09-28T13:32:00Z,1.400425,1.400945,1.398365,1.399725
2026-09-28T13:32:00Z,2026-09-28T13:33:00Z,1.399985,1.401515,1.399025,1.399885
2026-09-28T13:33:00Z,2026-09-28T13:34:00Z,1.399775,1.400075,1.396165,1.396845
2026-09-28T13:34:00Z,2026-09-28T13:35:00Z,1.396835,1.397835,1.394775,1.396015
2026-09-28T13:35:00Z,2026-09-28T13:36:00Z,1.395905,1.396465,1.394065,1.394645
2026-09-28T13:36:00Z,2026-09-28T13:37:00Z,1.394695,1.394695,1.390555,1.392475
2026-09-28T13:37:00Z,2026-09-28T13:38:00Z,1.392445,1.394075,1.391775,1.393355
2026-09-28T13:38:00Z,2026-09-28T13:39:00Z,1.393295,1.393335,1.389655,1.390795
2026-09-28T13:39:00Z,2026-09-28T13:40:00Z,1.390925,1.391065,1.386705,1.389185
2026-09-28T13:40:00Z,2026-09-28T13:41:00Z,1.389095,1.391485,1.388705,1.388795
2026-09-28T13:41:00Z,2026-09-28T13:42:00Z,1.388835,1.389575,1.387805,1.388465
2026-09-28T13:42:00Z,2026-09-28T13:43:00Z,1.388425,1.389575,1.386515,1.387005
2026-09-28T13:43:00Z,2026-09-28T13:44:00Z,1.387105,1.388285,1.384995,1.385195
2026-09-28T13:44:00Z,2026-09-28T13:45:00Z,1.385215,1.388045,1.384455,1.385425
2026-09-28T13:45:00Z,2026-09-28T13:46:00Z,1.385275,1.387605,1.384885,1.385905
2026-09-28T13:46:00Z,2026-09-28T13:47:00Z,1.386135,1.390245,1.385685,1.388785
2026-09-28T13:47:00Z,2026-09-28T13:48:00Z,1.388885,1.390705,1.388545,1.390645
2026-09-28T13:48:00Z,2026-09-28T13:49:00Z,1.390735,1.391165,1.385135,1.385195
2026-09-28T13:49:00Z,2026-09-28T13:50:00Z,1.384895,1.386375,1.383325,1.384825
2026-09-28T13:50:00Z,2026-09-28T13:51:00Z,1.385045,1.385465,1.383175,1.385025
2026-09-28T13:51:00Z,2026-09-28T13:52:00Z,1.385285,1.387435,1.385285,1.387055
2026-09-28T13:52:00Z,2026-09-28T13:53:00Z,1.387165,1.387365,1.382575,1.383105
2026-09-28T13:53:00Z,2026-09-28T13:54:00Z,1.383205,1.385125,1.382825,1.383895
2026-09-28T13:54:00Z,2026-09-28T13:55:00Z,1.383905,1.383975,1.380485,1.380485
2026-09-28T13:55:00Z,2026-09-28T13:56:00Z,1.380465,1.380585,1.378345,1.378565
2026-09-28T13:56:00Z,2026-09-28T13:57:00Z,1.378615,1.381015,1.377935,1.380655
2026-09-28T13:57:00Z,2026-09-28T13:58:00Z,1.380715,1.381715,1.379575,1.381455
2026-09-28T13:58:00Z,2026-09-28T13:59:00Z,1.381735,1.386545,1.381225,1.384695
2026-09-28T13:59:00Z,2026-09-28T14:00:00Z,1.384645,1.385645,1.383855,1.384235
2026-09-28T14:00:00Z,2026-09-28T14:01:00Z,1.384225,1.384565,1.379795,1.379795
2026-09-28T14:01:00Z,2026-09-28T14:02:00Z,1.379775,1.380875,1.378105,1.379355
2026-09-28T14:02:00Z,2026-09-28T14:03:00Z,1.379025,1.379115,1.374635,1.375715
2026-09-28T14:03:00Z,2026-09-28T14:04:00Z,1.375805,1.376525,1.373665,1.374285
2026-09-28T14:04:00Z,2026-09-28T14:05:00Z,1.374295,1.375715,1.373765,1.375205
2026-09-28T14:05:00Z,2026-09-28T14:06:00Z,1.375285,1.375525,1.373215,1.373765
2026-09-28T14:06:00Z,2026-09-28T14:07:00Z,1.374185,1.374225,1.369965,1.370915
2026-09-28T14:07:00Z,2026-09-28T14:08:00Z,1.371025,1.372815,1.370515,1.372815
2026-09-28T14:08:00Z,2026-09-28T14:09:00Z,1.372825,1.375195,1.372825,1.373525
2026-09-28T14:09:00Z,2026-09-28T14:10:00Z,1.373495,1.373525,1.370545,1.370545
2026-09-28T14:10:00Z,2026-09-28T14:11:00Z,1.370525,1.373235,1.369285,1.372495
2026-09-28T14:11:00Z,2026-09-28T14:12:00Z,1.372505,1.372725,1.370385,1.371165
2026-09-28T14:12:00Z,2026-09-28T14:13:00Z,1.371295,1.372125,1.370255,1.370795
2026-09-28T14:13:00Z,2026-09-28T14:14:00Z,1.370625,1.373015,1.369685,1.371735
2026-09-28T14:14:00Z,2026-09-28T14:15:00Z,1.371975,1.374215,1.371695,1.373185
2026-09-28T14:15:00Z,2026-09-28T14:16:00Z,1.373095,1.373505,1.370865,1.371705
2026-09-28T14:16:00Z,2026-09-28T14:17:00Z,1.371595,1.373815,1.371375,1.372195
2026-09-28T14:17:00Z,2026-09-28T14:18:00Z,1.372235,1.372235,1.370795,1.370945
