from,to,open,high,low,close
2026-09-09T16:05:00Z,2026-09-09T16:10:00Z,99.86,99.86,99.64,99.64
2026-09-09T16:10:00Z,2026-09-09T16:15:00Z,99.645,99.72,99.595,99.665
2026-09-09T16:15:00Z,2026-09-09T16:20:00Z,99.66,99.67,99.38,99.45
2026-09-09T16:20:00Z,2026-09-09T16:25:00Z,99.45,99.65,99.45,99.65
2026-09-09T16:25:00Z,2026-09-09T16:30:00Z,99.645,99.79,99.645,99.76
2026-09-09T16:30:00Z,2026-09-09T16:35:00Z,99.75,99.89,99.69,99.81
2026-09-09T16:35:00Z,2026-09-09T16:40:00Z,99.805,99.855,99.55,99.835
2026-09-09T16:40:00Z,2026-09-09T16:45:00Z,99.83,99.92,99.75,99.9
2026-09-09T16:45:00Z,2026-09-09T16:50:00Z,99.9,100.03,99.865,99.93
2026-09-09T16:50:00Z,2026-09-09T16:55:00Z,99.92,100.04,99.91,100.02
2026-09-09T16:55:00Z,2026-09-09T17:00:00Z,100.015,100.095,99.93,100.075
2026-09-09T17:00:00Z,2026-09-09T17:05:00Z,100.075,100.19,99.955,100.115
2026-09-09T17:05:00Z,2026-09-09T17:10:00Z,100.12,100.36,100.1,100.305
2026-09-09T17:10:00Z,2026-09-09T17:15:00Z,100.3,100.32,100.12,100.22
2026-09-09T17:15:00Z,2026-09-09T17:20:00Z,100.23,100.23,100.095,100.16
2026-09-09T17:20:00Z,2026-09-09T17:25:00Z,100.155,100.23,100.09,100.13
2026-09-09T17:25:00Z,2026-09-09T17:30:00Z,100.13,100.215,100.005,100.01
2026-09-09T17:30:00Z,2026-09-09T17:35:00Z,100.005,100.07,99.97,100.01
2026-09-09T17:35:00Z,2026-09-09T17:40:00Z,100.005,100.035,99.91,99.975
2026-09-09T17:40:00Z,2026-09-09T17:45:00Z,99.98,100.175,99.98,100.135
2026-09-09T17:45:00Z,2026-09-09T17:50:00Z,100.15,100.2,100.095,100.095
2026-09-09T17:50:00Z,2026-09-09T17:55:00Z,100.11,100.205,100.055,100.11
2026-09-09T17:55:00Z,2026-09-09T18:00:00Z,100.1,100.2,100.065,100.14
2026-09-09T18:00:00Z,2026-09-09T18:05:00Z,100.145,100.255,100.065,100.19
2026-09-09T18:05:00Z,2026-09-09T18:10:00Z,100.19,100.25,100.13,100.22
2026-09-09T18:10:00Z,2026-09-09T18:15:00Z,100.22,100.27,100.16,100.2
2026-09-09T18:15:00Z,2026-09-09T18:20:00Z,100.19,100.275,100.135,100.195
2026-09-09T18:20:00Z,2026-09-09T18:25:00Z,100.195,100.2,100.075,100.14
2026-09-09T18:25:00Z,2026-09-09T18:30:00Z,100.14,100.17,100.08,100.13
2026-09-09T18:30:00Z,2026-09-09T18:35:00Z,100.13,100.13,99.925,100
2026-09-09T18:35:00Z,2026-09-09T18:40:00Z,100.01,100.04,99.88,99.975
2026-09-09T18:40:00Z,2026-09-09T18:45:00Z,99.98,100.015,99.83,99.85
2026-09-09T18:45:00Z,2026-09-09T18:50:00Z,99.855,99.875,99.645,99.645
2026-09-09T18:50:00Z,2026-09-09T18:55:00Z,99.64,99.645,99.515,99.555
2026-09-09T18:55:00Z,2026-09-09T19:00:00Z,99.56,99.65,99.475,99.505
2026-09-09T19:00:00Z,2026-09-09T19:05:00Z,99.51,99.56,99.23,99.335
2026-09-09T19:05:00Z,2026-09-09T19:10:00Z,99.325,99.415,99.24,99.3
2026-09-09T19:10:00Z,2026-09-09T19:15:00Z,99.31,99.41,99.245,99.385
2026-09-09T19:15:00Z,2026-09-09T19:20:00Z,99.39,99.5,99.37,99.465
2026-09-09T19:20:00Z,2026-09-09T19:25:00Z,99.465,99.635,99.46,99.625
2026-09-09T19:25:00Z,2026-09-09T19:30:00Z,99.625,99.67,99.535,99.55
2026-09-09T19:30:00Z,2026-09-09T19:35:00Z,99.545,99.625,99.495,99.605
2026-09-09T19:35:00Z,2026-09-09T19:40:00Z,99.605,99.615,99.42,99.495
2026-09-09T19:40:00Z,2026-09-09T19:45:00Z,99.485,99.575,99.42,99.545
2026-09-09T19:45:00Z,2026-09-09T19:50:00Z,99.55,99.62,99.535,99.575
2026-09-09T19:50:00Z,2026-09-09T19:55:00Z,99.57,99.635,99.43,99.57
2026-09-09T19:55:00Z,2026-09-09T20:00:00Z,99.56,99.675,99.455,99.46
2026-09-10T13:30:00Z,2026-09-10T13:35:00Z,96.43,96.66,95.63,96.3
2026-09-10T13:35:00Z,2026-09-10T13:40:00Z,96.265,96.475,95.925,96.475
2026-09-10T13:40:00Z,2026-09-10T13:45:00Z,96.48,96.99,96.48,96.65
2026-09-10T13:45:00Z,2026-09-10T13:50:00Z,96.63,97.35,96.58,97.05
2026-09-10T13:50:00Z,2026-09-10T13:55:00Z,97.04,97.23,96.72,97.03
2026-09-10T13:55:00Z,2026-09-10T14:00:00Z,97.035,97.165,96.825,96.87
2026-09-10T14:00:00Z,2026-09-10T14:05:00Z,96.895,97.37,96.895,97.29
2026-09-10T14:05:00Z,2026-09-10T14:10:00Z,97.285,97.305,96.29,96.505
2026-09-10T14:10:00Z,2026-09-10T14:15:00Z,96.5,96.71,96.315,96.355
2026-09-10T14:15:00Z,2026-09-10T14:20:00Z,96.35,96.565,96.22,96.5
2026-09-10T14:20:00Z,2026-09-10T14:25:00Z,96.485,97.015,96.44,96.97
2026-09-10T14:25:00Z,2026-09-10T14:30:00Z,96.95,97.13,96.665,96.69
2026-09-10T14:30:00Z,2026-09-10T14:35:00Z,96.685,96.905,96.565,96.865
2026-09-10T14:35:00Z,2026-09-10T14:40:00Z,96.865,97.14,96.655,96.665
2026-09-10T14:40:00Z,2026-09-10T14:45:00Z,96.665,96.965,96.44,96.5
2026-09-10T14:45:00Z,2026-09-10T14:50:00Z,96.49,96.84,96.41,96.775
2026-09-10T14:50:00Z,2026-09-10T14:55:00Z,96.77,96.995,96.7,96.8
2026-09-10T14:55:00Z,2026-09-10T15:00:00Z,96.795,97.075,96.78,97.07
2026-09-10T15:00:00Z,2026-09-10T15:05:00Z,97.075,97.08,96.72,96.735
2026-09-10T15:05:00Z,2026-09-10T15:10:00Z,96.74,96.995,96.735,96.795
2026-09-10T15:10:00Z,2026-09-10T15:15:00Z,96.79,97.035,96.775,96.945
2026-09-10T15:15:00Z,2026-09-10T15:20:00Z,96.94,97.11,96.865,97.015
2026-09-10T15:20:00Z,2026-09-10T15:25:00Z,97.01,97.17,96.975,97.04
2026-09-10T15:25:00Z,2026-09-10T15:30:00Z,97.035,97.13,96.97,97.06
2026-09-10T15:30:00Z,2026-09-10T15:35:00Z,97.08,97.19,96.945,97.15
2026-09-10T15:35:00Z,2026-09-10T15:40:00Z,97.155,97.21,96.945,96.99
2026-09-10T15:40:00Z,2026-09-10T15:45:00Z,96.98,97.09,96.92,97.05
2026-09-10T15:45:00Z,2026-09-10T15:50:00Z,97.055,97.07,96.725,96.965
2026-09-10T15:50:00Z,2026-09-10T15:55:00Z,96.96,96.97,96.755,96.76
2026-09-10T15:55:00Z,2026-09-10T16:00:00Z,96.765,96.865,96.7,96.81
2026-09-10T16:00:00Z,2026-09-10T16:05:00Z,96.8,96.97,96.8,96.865
2026-09-10T16:05:00Z,2026-09-10T16:10:00Z,96.86,96.91,96.675,96.71
2026-09-10T16:10:00Z,2026-09-10T16:15:00Z,96.715,96.79,96.57,96.77
2026-09-10T16:15:00Z,2026-09-10T16:20:00Z,96.76,96.83,96.57,96.745
2026-09-10T16:20:00Z,2026-09-10T16:25:00Z,96.74,96.97,96.74,96.93
2026-09-10T16:25:00Z,2026-09-10T16:30:00Z,96.93,96.995,96.89,96.995
2026-09-10T16:30:00Z,2026-09-10T16:35:00Z,96.99,97.1,96.855,96.86
2026-09-10T16:35:00Z,2026-09-10T16:40:00Z,96.86,96.92,96.755,96.865
2026-09-10T16:40:00Z,2026-09-10T16:45:00Z,96.87,96.89,96.635,96.67
2026-09-10T16:45:00Z,2026-09-10T16:50:00Z,96.675,96.95,96.67,96.795
2026-09-10T16:50:00Z,2026-09-10T16:55:00Z,96.79,96.9,96.76,96.83
2026-09-10T16:55:00Z,2026-09-10T17:00:00Z,96.835,96.915,96.805,96.89
2026-09-10T17:00:00Z,2026-09-10T17:05:00Z,96.88,97.085,96.745,96.96
2026-09-10T17:05:00Z,2026-09-10T17:10:00Z,96.965,97.035,96.9,96.96
2026-09-10T17:10:00Z,2026-09-10T17:15:00Z,96.97,97.145,96.965,97.005
2026-09-10T17:15:00Z,2026-09-10T17:20:00Z,97.01,97.425,96.965,97.41
2026-09-10T17:20:00Z,2026-09-10T17:25:00Z,97.41,97.41,97.155,97.32
2026-09-10T17:25:00Z,2026-09-10T17:30:00Z,97.325,97.405,97.23,97.35
2026-09-10T17:30:00Z,2026-09-10T17:35:00Z,97.355,97.37,97.205,97.215
2026-09-10T17:35:00Z,2026-09-10T17:40:00Z,97.21,97.22,96.97,97
2026-09-10T17:40:00Z,2026-09-10T17:45:00Z,96.995,97,96.895,96.98
2026-09-10T17:45:00Z,2026-09-10T17:50:00Z,96.985,97.015,96.925,96.955
2026-09-10T17:50:00Z,2026-09-10T17:55:00Z,96.955,96.98,96.825,96.875
2026-09-10T17:55:00Z,2026-09-10T18:00:00Z,96.88,96.89,96.74,96.745
2026-09-10T18:00:00Z,2026-09-10T18:05:00Z,96.745,96.815,96.555,96.59
2026-09-10T18:05:00Z,2026-09-10T18:10:00Z,96.59,96.625,96.335,96.36
2026-09-10T18:10:00Z,2026-09-10T18:15:00Z,96.35,96.39,96.25,96.355
2026-09-10T18:15:00Z,2026-09-10T18:20:00Z,96.35,96.39,96.215,96.325
2026-09-10T18:20:00Z,2026-09-10T18:25:00Z,96.34,96.52,96.33,96.5
2026-09-10T18:25:00Z,2026-09-10T18:30:00Z,96.49,96.55,96.37,96.4
2026-09-10T18:30:00Z,2026-09-10T18:35:00Z,96.405,96.41,96.185,96.32
2026-09-10T18:35:00Z,2026-09-10T18:40:00Z,96.33,96.42,96.29,96.405
2026-09-10T18:40:00Z,2026-09-10T18:45:00Z,96.405,96.46,96.35,96.425
2026-09-10T18:45:00Z,2026-09-10T18:50:00Z,96.425,96.43,96.285,96.33
2026-09-10T18:50:00Z,2026-09-10T18:55:00Z,96.325,96.71,96.27,96.56
2026-09-10T18:55:00Z,2026-09-10T19:00:00Z,96.58,96.71,96.55,96.6
2026-09-10T19:00:00Z,2026-09-10T19:05:00Z,96.59,96.59,96.08,96.195
2026-09-10T19:05:00Z,2026-09-10T19:10:00Z,96.19,96.49,96.175,96.48
2026-09-10T19:10:00Z,2026-09-10T19:15:00Z,96.49,96.515,96.28,96.38
2026-09-10T19:15:00Z,2026-09-10T19:20:00Z,96.38,96.44,96.21,96.22
2026-09-10T19:20:00Z,2026-09-10T19:25:00Z,96.22,96.39,96.22,96.365
2026-09-10T19:25:00Z,2026-09-10T19:30:00Z,96.38,96.435,96.275,96.3
2026-09-10T19:30:00Z,2026-09-10T19:35:00Z,96.31,96.33,96.215,96.275
2026-09-10T19:35:00Z,2026-09-10T19:40:00Z,96.28,96.295,96.14,96.21
2026-09-10T19:40:00Z,2026-09-10T19:45:00Z,96.205,96.24,95.975,95.99
2026-09-10T19:45:00Z,2026-09-10T19:50:00Z,95.995,96.055,95.955,96.035
2026-09-10T19:50:00Z,2026-09-10T19:55:00Z,96.025,96.125,95.87,95.985
2026-09-10T19:55:00Z,2026-09-10T20:00:00Z,95.995,96.08,95.875,96.05
2026-09-11T13:30:00Z,2026-09-11T13:35:00Z,98.285,98.295,97.43,98.17
2026-09-11T13:35:00Z,2026-09-11T13:40:00Z,98.195,98.695,97.89,98.36
2026-09-11T13:40:00Z,2026-09-11T13:45:00Z,98.365,99.075,98.295,98.755
2026-09-11T13:45:00Z,2026-09-11T13:50:00Z,98.76,98.925,98.445,98.585
2026-09-11T13:50:00Z,2026-09-11T13:55:00Z,98.58,98.66,98.38,98.525
2026-09-11T13:55:00Z,2026-09-11T14:00:00Z,98.54,98.97,98.4,98.95
2026-09-11T14:00:00Z,2026-09-11T14:05:00Z,98.945,98.95,98.145,98.465
2026-09-11T14:05:00Z,2026-09-11T14:10:00Z,98.46,98.47,97.935,98.025
2026-09-11T14:10:00Z,2026-09-11T14:15:00Z,98.015,98.09,97.735,97.9
2026-09-11T14:15:00Z,2026-09-11T14:20:00Z,97.9,98.065,97.765,98.03
2026-09-11T14:20:00Z,2026-09-11T14:25:00Z,98.035,98.305,97.925,97.95
2026-09-11T14:25:00Z,2026-09-11T14:30:00Z,97.95,97.95,97.67,97.83
2026-09-11T14:30:00Z,2026-09-11T14:35:00Z,97.835,97.86,97.455,97.49
2026-09-11T14:35:00Z,2026-09-11T14:40:00Z,97.485,97.495,97.015,97.16
2026-09-11T14:40:00Z,2026-09-11T14:45:00Z,97.16,97.425,96.985,97.275
2026-09-11T14:45:00Z,2026-09-11T14:50:00Z,97.3,97.935,97.285,97.905
2026-09-11T14:50:00Z,2026-09-11T14:55:00Z,97.915,98.04,97.715,97.725
2026-09-11T14:55:00Z,2026-09-11T15:00:00Z,97.73,97.75,97.505,97.55
2026-09-11T15:00:00Z,2026-09-11T15:05:00Z,97.555,97.605,97.325,97.42
2026-09-11T15:05:00Z,2026-09-11T15:10:00Z,97.415,97.455,97.055,97.125
2026-09-11T15:10:00Z,2026-09-11T15:15:00Z,97.12,97.19,97.005,97.065
2026-09-11T15:15:00Z,2026-09-11T15:20:00Z,97.075,97.33,97.07,97.205
2026-09-11T15:20:00Z,2026-09-11T15:25:00Z,97.21,97.51,97.175,97.395
2026-09-11T15:25:00Z,2026-09-11T15:30:00Z,97.4,97.57,97.35,97.44
2026-09-11T15:30:00Z,2026-09-11T15:35:00Z,97.425,97.54,97.315,97.405
2026-09-11T15:35:00Z,2026-09-11T15:40:00Z,97.395,97.51,97.29,97.29
2026-09-11T15:40:00Z,2026-09-11T15:45:00Z,97.285,97.42,97.16,97.4
2026-09-11T15:45:00Z,2026-09-11T15:50:00Z,97.395,97.4,97.195,97.38
2026-09-11T15:50:00Z,2026-09-11T15:55:00Z,97.385,97.475,97.29,97.375
2026-09-11T15:55:00Z,2026-09-11T16:00:00Z,97.37,97.375,97.24,97.345
2026-09-11T16:00:00Z,2026-09-11T16:05:00Z,97.33,97.48,97.3,97.44
2026-09-11T16:05:00Z,2026-09-11T16:10:00Z,97.44,97.47,97.12,97.14
2026-09-11T16:10:00Z,2026-09-11T16:15:00Z,97.145,97.165,96.91,96.92
2026-09-11T16:15:00Z,2026-09-11T16:20:00Z,96.915,97.03,96.81,96.84
2026-09-11T16:20:00Z,2026-09-11T16:25:00Z,96.845,96.93,96.635,96.705
2026-09-11T16:25:00Z,2026-09-11T16:30:00Z,96.71,96.99,96.68,96.725
2026-09-11T16:30:00Z,2026-09-11T16:35:00Z,96.73,97.135,96.63,97.085
2026-09-11T16:35:00Z,2026-09-11T16:40:00Z,97.08,97.08,96.77,96.81
2026-09-11T16:40:00Z,2026-09-11T16:45:00Z,96.805,96.98,96.785,96.965
2026-09-11T16:45:00Z,2026-09-11T16:50:00Z,96.95,97.07,96.935,96.935
2026-09-11T16:50:00Z,2026-09-11T16:55:00Z,96.93,96.98,96.91,96.95
2026-09-11T16:55:00Z,2026-09-11T17:00:00Z,96.945,96.99,96.88,96.95
2026-09-11T17:00:00Z,2026-09-11T17:05:00Z,96.96,97,96.86,96.9
2026-09-11T17:05:00Z,2026-09-11T17:10:00Z,96.89,97.05,96.87,97
2026-09-11T17:10:00Z,2026-09-11T17:15:00Z,97,97.115,96.94,97.015
2026-09-11T17:15:00Z,2026-09-11T17:20:00Z,97.02,97.165,96.98,97.145
2026-09-11T17:20:00Z,2026-09-11T17:25:00Z,97.145,97.315,97.145,97.31
2026-09-11T17:25:00Z,2026-09-11T17:30:00Z,97.31,97.31,97.13,97.14
2026-09-11T17:30:00Z,2026-09-11T17:35:00Z,97.12,97.155,97.05,97.155
2026-09-11T17:35:00Z,2026-09-11T17:40:00Z,97.16,97.19,96.99,97.02
2026-09-11T17:40:00Z,2026-09-11T17:45:00Z,97.025,97.045,96.905,97.015
2026-09-11T17:45:00Z,2026-09-11T17:50:00Z,97.01,97.1,96.965,97.09
2026-09-11T17:50:00Z,2026-09-11T17:55:00Z,97.095,97.15,97.06,97.07
2026-09-11T17:55:00Z,2026-09-11T18:00:00Z,97.07,97.07,96.865,96.895
2026-09-11T18:00:00Z,2026-09-11T18:05:00Z,96.895,96.94,96.805,96.925
2026-09-11T18:05:00Z,2026-09-11T18:10:00Z,96.93,96.935,96.83,96.84
2026-09-11T18:10:00Z,2026-09-11T18:15:00Z,96.84,96.89,96.655,96.67
2026-09-11T18:15:00Z,2026-09-11T18:20:00Z,96.67,96.785,96.65,96.74
2026-09-11T18:20:00Z,2026-09-11T18:25:00Z,96.74,96.79,96.5,96.585
2026-09-11T18:25:00Z,2026-09-11T18:30:00Z,96.58,96.68,96.51,96.52
2026-09-11T18:30:00Z,2026-09-11T18:35:00Z,96.52,96.56,96.23,96.385
2026-09-11T18:35:00Z,2026-09-11T18:40:00Z,96.395,96.49,96.335,96.395
2026-09-11T18:40:00Z,2026-09-11T18:45:00Z,96.355,96.52,96.33,96.45
2026-09-11T18:45:00Z,2026-09-11T18:50:00Z,96.455,96.495,96.42,96.435
2026-09-11T18:50:00Z,2026-09-11T18:55:00Z,96.43,96.495,96.4,96.45
2026-09-11T18:55:00Z,2026-09-11T19:00:00Z,96.44,96.53,96.44,96.49
2026-09-11T19:00:00Z,2026-09-11T19:05:00Z,96.495,96.66,96.48,96.655
2026-09-11T19:05:00Z,2026-09-11T19:10:00Z,96.65,96.73,96.57,96.66
2026-09-11T19:10:00Z,2026-09-11T19:15:00Z,96.66,96.75,96.62,96.75
2026-09-11T19:15:00Z,2026-09-11T19:20:00Z,96.745,96.81,96.73,96.765
2026-09-11T19:20:00Z,2026-09-11T19:25:00Z,96.77,96.8,96.705,96.8
2026-09-11T19:25:00Z,2026-09-11T19:30:00Z,96.79,96.82,96.665,96.675
2026-09-11T19:30:00Z,2026-09-11T19:35:00Z,96.68,96.73,96.615,96.67
2026-09-11T19:35:00Z,2026-09-11T19:40:00Z,96.67,96.7,96.57,96.605
2026-09-11T19:40:00Z,2026-09-11T19:45:00Z,96.605,96.7,96.59,96.675
2026-09-11T19:45:00Z,2026-09-11T19:50:00Z,96.67,96.735,96.63,96.68
2026-09-11T19:50:00Z,2026-09-11T19:55:00Z,96.68,96.915,96.68,96.915
2026-09-11T19:55:00Z,2026-09-11T20:00:00Z,96.915,97.11,96.81,97.06
2026-09-14T13:30:00Z,2026-09-14T13:35:00Z,93.95,94.24,93.155,93.275
2026-09-14T13:35:00Z,2026-09-14T13:40:00Z,93.27,93.535,93.005,93.06
2026-09-14T13:40:00Z,2026-09-14T13:45:00Z,93.055,93.385,93.03,93.385
2026-09-14T13:45:00Z,2026-09-14T13:50:00Z,93.38,93.565,93.105,93.365
2026-09-14T13:50:00Z,2026-09-14T13:55:00Z,93.36,93.525,93.175,93.23
2026-09-14T13:55:00Z,2026-09-14T14:00:00Z,93.225,93.355,93.15,93.2
2026-09-14T14:00:00Z,2026-09-14T14:05:00Z,93.205,93.36,93.14,93.34
2026-09-14T14:05:00Z,2026-09-14T14:10:00Z,93.335,93.345,93.11,93.25
2026-09-14T14:10:00Z,2026-09-14T14:15:00Z,93.24,93.74,93.205,93.7
2026-09-14T14:15:00Z,2026-09-14T14:20:00Z,93.69,93.78,93.185,93.31
2026-09-14T14:20:00Z,2026-09-14T14:25:00Z,93.29,93.34,92.85,92.87
2026-09-14T14:25:00Z,2026-09-14T14:30:00Z,92.87,93.14,92.86,93.105
2026-09-14T14:30:00Z,2026-09-14T14:35:00Z,93.11,93.13,92.89,93.09
2026-09-14T14:35:00Z,2026-09-14T14:40:00Z,93.095,93.175,92.965,93.13
2026-09-14T14:40:00Z,2026-09-14T14:45:00Z,93.115,93.39,92.95,93.37
2026-09-14T14:45:00Z,2026-09-14T14:50:00Z,93.375,93.725,93.34,93.635
2026-09-14T14:50:00Z,2026-09-14T14:55:00Z,93.64,93.69,93.475,93.555
2026-09-14T14:55:00Z,2026-09-14T15:00:00Z,93.555,93.69,93.51,93.68
2026-09-14T15:00:00Z,2026-09-14T15:05:00Z,93.685,93.71,93.385,93.4
2026-09-14T15:05:00Z,2026-09-14T15:10:00Z,93.395,94.15,93.39,93.76
2026-09-14T15:10:00Z,2026-09-14T15:15:00Z,93.77,93.92,93.64,93.65
2026-09-14T15:15:00Z,2026-09-14T15:20:00Z,93.645,93.78,93.51,93.665
2026-09-14T15:20:00Z,2026-09-14T15:25:00Z,93.675,93.74,93.59,93.715
2026-09-14T15:25:00Z,2026-09-14T15:30:00Z,93.71,93.95,93.63,93.895
2026-09-14T15:30:00Z,2026-09-14T15:35:00Z,93.88,94.335,93.76,94.31
2026-09-14T15:35:00Z,2026-09-14T15:40:00Z,94.32,94.46,94.125,94.46
2026-09-14T15:40:00Z,2026-09-14T15:45:00Z,94.455,94.465,94.23,94.32
2026-09-14T15:45:00Z,2026-09-14T15:50:00Z,94.315,94.32,93.95,93.975
2026-09-14T15:50:00Z,2026-09-14T15:55:00Z,93.975,94,93.885,93.985
2026-09-14T15:55:00Z,2026-09-14T16:00:00Z,93.98,94.14,93.93,93.965
2026-09-14T16:00:00Z,2026-09-14T16:05:00Z,93.965,94.01,93.86,93.89
2026-09-14T16:05:00Z,2026-09-14T16:10:00Z,93.895,94.16,93.89,94.155
2026-09-14T16:10:00Z,2026-09-14T16:15:00Z,94.16,94.225,94.07,94.07
2026-09-14T16:15:00Z,2026-09-14T16:20:00Z,94.075,94.33,94.075,94.28
2026-09-14T16:20:00Z,2026-09-14T16:25:00Z,94.285,94.35,94.15,94.33
2026-09-14T16:25:00Z,2026-09-14T16:30:00Z,94.335,94.37,94.195,94.22
2026-09-14T16:30:00Z,2026-09-14T16:35:00Z,94.21,94.38,94.185,94.25
2026-09-14T16:35:00Z,2026-09-14T16:40:00Z,94.25,94.34,94.14,94.335
2026-09-14T16:40:00Z,2026-09-14T16:45:00Z,94.335,94.5,94.265,94.44
2026-09-14T16:45:00Z,2026-09-14T16:50:00Z,94.44,94.995,94.39,94.92
2026-09-14T16:50:00Z,2026-09-14T16:55:00Z,94.91,95.08,94.8,95.045
2026-09-14T16:55:00Z,2026-09-14T17:00:00Z,95.05,95.09,94.87,94.905
2026-09-14T17:00:00Z,2026-09-14T17:05:00Z,94.9,94.905,94.73,94.85
2026-09-14T17:05:00Z,2026-09-14T17:10:00Z,94.85,94.88,94.69,94.715
2026-09-14T17:10:00Z,2026-09-14T17:15:00Z,94.725,94.915,94.71,94.775
2026-09-14T17:15:00Z,2026-09-14T17:20:00Z,94.765,94.88,94.75,94.785
2026-09-14T17:20:00Z,2026-09-14T17:25:00Z,94.79,94.84,94.78,94.8
2026-09-14T17:25:00Z,2026-09-14T17:30:00Z,94.805,94.87,94.75,94.855
2026-09-14T17:30:00Z,2026-09-14T17:35:00Z,94.855,94.93,94.71,94.715
2026-09-14T17:35:00Z,2026-09-14T17:40:00Z,94.71,94.72,94.61,94.695
2026-09-14T17:40:00Z,2026-09-14T17:45:00Z,94.69,94.725,94.59,94.61
2026-09-14T17:45:00Z,2026-09-14T17:50:00Z,94.605,94.63,94.545,94.595
2026-09-14T17:50:00Z,2026-09-14T17:55:00Z,94.595,94.67,94.535,94.625
2026-09-14T17:55:00Z,2026-09-14T18:00:00Z,94.625,94.66,94.53,94.53
2026-09-14T18:00:00Z,2026-09-14T18:05:00Z,94.535,94.65,94.43,94.435
2026-09-14T18:05:00Z,2026-09-14T18:10:00Z,94.445,94.475,94.345,94.4
2026-09-14T18:10:00Z,2026-09-14T18:15:00Z,94.4,94.46,94.36,94.455
2026-09-14T18:15:00Z,2026-09-14T18:20:00Z,94.45,94.535,94.425,94.485
2026-09-14T18:20:00Z,2026-09-14T18:25:00Z,94.48,94.545,94.375,94.38
2026-09-14T18:25:00Z,2026-09-14T18:30:00Z,94.39,94.405,94.275,94.345
2026-09-14T18:30:00Z,2026-09-14T18:35:00Z,94.34,94.57,94.325,94.505
2026-09-14T18:35:00Z,2026-09-14T18:40:00Z,94.505,94.625,94.5,94.59
2026-09-14T18:40:00Z,2026-09-14T18:45:00Z,94.595,94.62,94.54,94.575
2026-09-14T18:45:00Z,2026-09-14T18:50:00Z,94.57,94.645,94.555,94.58
2026-09-14T18:50:00Z,2026-09-14T18:55:00Z,94.565,94.565,94.415,94.465
2026-09-14T18:55:00Z,2026-09-14T19:00:00Z,94.46,94.505,94.42,94.47
2026-09-14T19:00:00Z,2026-09-14T19:05:00Z,94.475,94.505,94.345,94.41
2026-09-14T19:05:00Z,2026-09-14T19:10:00Z,94.41,94.44,94.365,94.365
2026-09-14T19:10:00Z,2026-09-14T19:15:00Z,94.37,94.445,94.345,94.415
2026-09-14T19:15:00Z,2026-09-14T19:20:00Z,94.415,94.415,94.255,94.305
2026-09-14T19:20:00Z,2026-09-14T19:25:00Z,94.305,94.335,94.205,94.245
2026-09-14T19:25:00Z,2026-09-14T19:30:00Z,94.245,94.32,94.245,94.275
2026-09-14T19:30:00Z,2026-09-14T19:35:00Z,94.275,94.3,94.225,94.235
2026-09-14T19:35:00Z,2026-09-14T19:40:00Z,94.235,94.285,94.215,94.225
2026-09-14T19:40:00Z,2026-09-14T19:45:00Z,94.22,94.235,94.175,94.215
2026-09-14T19:45:00Z,2026-09-14T19:50:00Z,94.205,94.21,94.085,94.095
2026-09-14T19:50:00Z,2026-09-14T19:55:00Z,94.095,94.165,94.035,94.14
2026-09-14T19:55:00Z,2026-09-14T20:00:00Z,94.135,94.175,93.995,94.16
2026-09-15T13:30:00Z,2026-09-15T13:35:00Z,94.525,94.74,94.18,94.42
2026-09-15T13:35:00Z,2026-09-15T13:40:00Z,94.425,94.49,93.9,93.92
2026-09-15T13:40:00Z,2026-09-15T13:45:00Z,93.94,94.225,93.905,94.1
2026-09-15T13:45:00Z,2026-09-15T13:50:00Z,94.095,94.165,93.865,94.03
2026-09-15T13:50:00Z,2026-09-15T13:55:00Z,94.04,94.21,93.97,94.18
2026-09-15T13:55:00Z,2026-09-15T14:00:00Z,94.18,94.205,94.03,94.055
2026-09-15T14:00:00Z,2026-09-15T14:05:00Z,94.05,94.23,93.825,93.83
2026-09-15T14:05:00Z,2026-09-15T14:10:00Z,93.82,94.07,93.8,93.86
2026-09-15T14:10:00Z,2026-09-15T14:15:00Z,93.865,93.92,93.58,93.635
2026-09-15T14:15:00Z,2026-09-15T14:20:00Z,93.64,93.66,93.35,93.55
2026-09-15T14:20:00Z,2026-09-15T14:25:00Z,93.54,93.595,93.195,93.275
2026-09-15T14:25:00Z,2026-09-15T14:30:00Z,93.27,93.3,93.07,93.145
2026-09-15T14:30:00Z,2026-09-15T14:35:00Z,93.15,93.335,92.965,93.315
2026-09-15T14:35:00Z,2026-09-15T14:40:00Z,93.325,93.38,93.005,93.07
2026-09-15T14:40:00Z,2026-09-15T14:45:00Z,93.075,93.22,93.02,93.11
2026-09-15T14:45:00Z,2026-09-15T14:50:00Z,93.1,93.145,93.005,93.03
2026-09-15T14:50:00Z,2026-09-15T14:55:00Z,93.02,93.095,92.85,92.98
2026-09-15T14:55:00Z,2026-09-15T15:00:00Z,92.985,92.995,92.86,92.86
2026-09-15T15:00:00Z,2026-09-15T15:05:00Z,92.865,93.14,92.86,93.14
2026-09-15T15:05:00Z,2026-09-15T15:10:00Z,93.15,93.18,93.02,93.08
2026-09-15T15:10:00Z,2026-09-15T15:15:00Z,93.075,93.235,93.02,93.125
2026-09-15T15:15:00Z,2026-09-15T15:20:00Z,93.12,93.14,92.98,93.01
2026-09-15T15:20:00Z,2026-09-15T15:25:00Z,93.005,93.06,92.91,93.05
2026-09-15T15:25:00Z,2026-09-15T15:30:00Z,93.06,93.105,92.965,93.04
2026-09-15T15:30:00Z,2026-09-15T15:35:00Z,93.045,93.12,92.94,92.99
2026-09-15T15:35:00Z,2026-09-15T15:40:00Z,93,93.01,92.945,92.985
2026-09-15T15:40:00Z,2026-09-15T15:45:00Z,92.99,93.21,92.99,93.16
2026-09-15T15:45:00Z,2026-09-15T15:50:00Z,93.16,93.23,93.11,93.17
2026-09-15T15:50:00Z,2026-09-15T15:55:00Z,93.16,93.455,93.16,93.27
2026-09-15T15:55:00Z,2026-09-15T16:00:00Z,93.26,93.43,93.1,93.105
2026-09-15T16:00:00Z,2026-09-15T16:05:00Z,93.095,93.39,93.08,93.39
2026-09-15T16:05:00Z,2026-09-15T16:10:00Z,93.385,93.485,93.335,93.48
2026-09-15T16:10:00Z,2026-09-15T16:15:00Z,93.475,93.495,93.315,93.325
2026-09-15T16:15:00Z,2026-09-15T16:20:00Z,93.33,93.48,93.285,93.48
2026-09-15T16:20:00Z,2026-09-15T16:25:00Z,93.46,93.77,93.44,93.735
2026-09-15T16:25:00Z,2026-09-15T16:30:00Z,93.74,93.74,93.64,93.69
2026-09-15T16:30:00Z,2026-09-15T16:35:00Z,93.68,93.745,93.54,93.55
2026-09-15T16:35:00Z,2026-09-15T16:40:00Z,93.545,93.7,93.53,93.62
2026-09-15T16:40:00Z,2026-09-15T16:45:00Z,93.61,93.765,93.595,93.76
2026-09-15T16:45:00Z,2026-09-15T16:50:00Z,93.765,93.8,93.705,93.71
2026-09-15T16:50:00Z,2026-09-15T16:55:00Z,93.7,93.91,93.7,93.89
2026-09-15T16:55:00Z,2026-09-15T17:00:00Z,93.895,93.9,93.76,93.765
2026-09-15T17:00:00Z,2026-09-15T17:05:00Z,93.76,93.775,93.41,93.42
2026-09-15T17:05:00Z,2026-09-15T17:10:00Z,93.425,93.54,93.395,93.54
2026-09-15T17:10:00Z,2026-09-15T17:15:00Z,93.5,93.665,93.48,93.64
2026-09-15T17:15:00Z,2026-09-15T17:20:00Z,93.64,93.64,93.485,93.52
2026-09-15T17:20:00Z,2026-09-15T17:25:00Z,93.52,93.525,93.42,93.42
2026-09-15T17:25:00Z,2026-09-15T17:30:00Z,93.42,93.475,93.36,93.42
2026-09-15T17:30:00Z,2026-09-15T17:35:00Z,93.42,93.65,93.42,93.61
2026-09-15T17:35:00Z,2026-09-15T17:40:00Z,93.61,93.74,93.585,93.62
2026-09-15T17:40:00Z,2026-09-15T17:45:00Z,93.64,93.65,93.58,93.645
2026-09-15T17:45:00Z,2026-09-15T17:50:00Z,93.63,93.73,93.63,93.705
2026-09-15T17:50:00Z,2026-09-15T17:55:00Z,93.68,93.71,93.6,93.635
2026-09-15T17:55:00Z,2026-09-15T18:00:00Z,93.645,93.7,93.635,93.64
2026-09-15T18:00:00Z,2026-09-15T18:05:00Z,93.645,93.68,93.51,93.56
2026-09-15T18:05:00Z,2026-09-15T18:10:00Z,93.55,93.7,93.54,93.69
2026-09-15T18:10:00Z,2026-09-15T18:15:00Z,93.7,93.95,93.68,93.86
2026-09-15T18:15:00Z,2026-09-15T18:20:00Z,93.87,93.98,93.815,93.965
2026-09-15T18:20:00Z,2026-09-15T18:25:00Z,93.965,93.985,93.91,93.975
2026-09-15T18:25:00Z,2026-09-15T18:30:00Z,93.975,94.045,93.95,93.97
2026-09-15T18:30:00Z,2026-09-15T18:35:00Z,93.96,93.97,93.88,93.92
2026-09-15T18:35:00Z,2026-09-15T18:40:00Z,93.93,93.95,93.88,93.92
2026-09-15T18:40:00Z,2026-09-15T18:45:00Z,93.915,94.08,93.875,93.875
2026-09-15T18:45:00Z,2026-09-15T18:50:00Z,93.88,93.975,93.85,93.97
2026-09-15T18:50:00Z,2026-09-15T18:55:00Z,93.975,94.205,93.975,94.145
2026-09-15T18:55:00Z,2026-09-15T19:00:00Z,94.145,94.185,94.085,94.17
2026-09-15T19:00:00Z,2026-09-15T19:05:00Z,94.175,94.32,94.125,94.125
2026-09-15T19:05:00Z,2026-09-15T19:10:00Z,94.125,94.125,94.02,94.025
2026-09-15T19:10:00Z,2026-09-15T19:15:00Z,94.02,94.03,93.89,93.915
2026-09-15T19:15:00Z,2026-09-15T19:20:00Z,93.915,93.985,93.9,93.925
2026-09-15T19:20:00Z,2026-09-15T19:25:00Z,93.925,93.975,93.86,93.975
2026-09-15T19:25:00Z,2026-09-15T19:30:00Z,93.97,94.035,93.955,94.01
2026-09-15T19:30:00Z,2026-09-15T19:35:00Z,94.005,94.04,93.945,94.005
2026-09-15T19:35:00Z,2026-09-15T19:40:00Z,94.005,94.035,93.965,94.03
2026-09-15T19:40:00Z,2026-09-15T19:45:00Z,94.025,94.085,94.005,94.025
2026-09-15T19:45:00Z,2026-09-15T19:50:00Z,94.01,94.035,93.965,94.015
2026-09-15T19:50:00Z,2026-09-15T19:55:00Z,94.015,94.025,93.84,93.935
2026-09-15T19:55:00Z,2026-09-15T20:00:00Z,93.94,94.16,93.875,94.11
2026-09-16T13:30:00Z,2026-09-16T13:35:00Z,95.98,95.98,95.45,95.48
2026-09-16T13:35:00Z,2026-09-16T13:40:00Z,95.495,95.64,95.14,95.185
2026-09-16T13:40:00Z,2026-09-16T13:45:00Z,95.19,95.35,94.875,94.89
2026-09-16T13:45:00Z,2026-09-16T13:50:00Z,94.885,95.015,94.78,94.81
2026-09-16T13:50:00Z,2026-09-16T13:55:00Z,94.825,94.97,94.53,94.64
2026-09-16T13:55:00Z,2026-09-16T14:00:00Z,94.645,94.695,94.45,94.505
2026-09-16T14:00:00Z,2026-09-16T14:05:00Z,94.495,94.575,94.24,94.24
2026-09-16T14:05:00Z,2026-09-16T14:10:00Z,94.245,94.32,93.94,94.225
2026-09-16T14:10:00Z,2026-09-16T14:15:00Z,94.245,94.52,94.245,94.505
2026-09-16T14:15:00Z,2026-09-16T14:20:00Z,94.5,94.52,93.885,93.89
2026-09-16T14:20:00Z,2026-09-16T14:25:00Z,93.885,94.05,93.8,93.89
2026-09-16T14:25:00Z,2026-09-16T14:30:00Z,93.895,94.15,93.89,94.125
2026-09-16T14:30:00Z,2026-09-16T14:35:00Z,94.13,94.135,93.925,94.03
2026-09-16T14:35:00Z,2026-09-16T14:40:00Z,94.03,94.27,94.03,94.14
2026-09-16T14:40:00Z,2026-09-16T14:45:00Z,94.145,94.405,94.13,94.37
2026-09-16T14:45:00Z,2026-09-16T14:50:00Z,94.365,94.735,94.34,94.705
2026-09-16T14:50:00Z,2026-09-16T14:55:00Z,94.7,94.985,94.51,94.525
2026-09-16T14:55:00Z,2026-09-16T15:00:00Z,94.52,94.815,94.41,94.81
2026-09-16T15:00:00Z,2026-09-16T15:05:00Z,94.815,94.905,94.485,94.485
2026-09-16T15:05:00Z,2026-09-16T15:10:00Z,94.49,94.975,94.47,94.915
2026-09-16T15:10:00Z,2026-09-16T15:15:00Z,94.915,94.995,94.585,94.69
2026-09-16T15:15:00Z,2026-09-16T15:20:00Z,94.685,94.78,94.62,94.73
2026-09-16T15:20:00Z,2026-09-16T15:25:00Z,94.725,94.765,94.585,94.62
2026-09-16T15:25:00Z,2026-09-16T15:30:00Z,94.615,94.63,94.415,94.42
2026-09-16T15:30:00Z,2026-09-16T15:35:00Z,94.42,94.48,94.34,94.475
2026-09-16T15:35:00Z,2026-09-16T15:40:00Z,94.48,94.68,94.46,94.64
2026-09-16T15:40:00Z,2026-09-16T15:45:00Z,94.65,94.675,94.61,94.645
2026-09-16T15:45:00Z,2026-09-16T15:50:00Z,94.64,95.13,94.58,94.67
2026-09-16T15:50:00Z,2026-09-16T15:55:00Z,94.675,94.685,94.48,94.54
2026-09-16T15:55:00Z,2026-09-16T16:00:00Z,94.545,94.62,94.48,94.55
2026-09-16T16:00:00Z,2026-09-16T16:05:00Z,94.555,94.56,94.325,94.325
2026-09-16T16:05:00Z,2026-09-16T16:10:00Z,94.33,94.45,94.32,94.385
2026-09-16T16:10:00Z,2026-09-16T16:15:00Z,94.39,94.405,94.315,94.36
2026-09-16T16:15:00Z,2026-09-16T16:20:00Z,94.37,94.415,94.27,94.33
2026-09-16T16:20:00Z,2026-09-16T16:25:00Z,94.325,94.35,94.15,94.185
2026-09-16T16:25:00Z,2026-09-16T16:30:00Z,94.19,94.2,94.085,94.16
2026-09-16T16:30:00Z,2026-09-16T16:35:00Z,94.16,94.305,94.16,94.28
2026-09-16T16:35:00Z,2026-09-16T16:40:00Z,94.28,94.28,94.15,94.25
2026-09-16T16:40:00Z,2026-09-16T16:45:00Z,94.24,94.29,94.155,94.2
2026-09-16T16:45:00Z,2026-09-16T16:50:00Z,94.2,94.335,94.2,94.25
2026-09-16T16:50:00Z,2026-09-16T16:55:00Z,94.25,94.255,94.17,94.24
2026-09-16T16:55:00Z,2026-09-16T17:00:00Z,94.235,94.275,94.18,94.21
2026-09-16T17:00:00Z,2026-09-16T17:05:00Z,94.22,94.24,94.045,94.1
2026-09-16T17:05:00Z,2026-09-16T17:10:00Z,94.1,94.17,94.05,94.1
2026-09-16T17:10:00Z,2026-09-16T17:15:00Z,94.1,94.14,94.04,94.125
2026-09-16T17:15:00Z,2026-09-16T17:20:00Z,94.12,94.19,94.11,94.17
2026-09-16T17:20:00Z,2026-09-16T17:25:00Z,94.18,94.25,94.16,94.25
2026-09-16T17:25:00Z,2026-09-16T17:30:00Z,94.255,94.345,94.24,94.325
2026-09-16T17:30:00Z,2026-09-16T17:35:00Z,94.32,94.395,94.295,94.36
2026-09-16T17:35:00Z,2026-09-16T17:40:00Z,94.37,94.37,94.24,94.25
2026-09-16T17:40:00Z,2026-09-16T17:45:00Z,94.245,94.3,94.215,94.27
2026-09-16T17:45:00Z,2026-09-16T17:50:00Z,94.27,94.355,94.265,94.29
2026-09-16T17:50:00Z,2026-09-16T17:55:00Z,94.295,94.3,94.22,94.22
2026-09-16T17:55:00Z,2026-09-16T18:00:00Z,94.215,95.02,94.215,94.645
2026-09-16T18:00:00Z,2026-09-16T18:05:00Z,94.635,95.045,92.795,93.4
2026-09-16T18:05:00Z,2026-09-16T18:10:00Z,93.39,94.17,93.39,93.82
2026-09-16T18:10:00Z,2026-09-16T18:15:00Z,93.825,93.985,92.985,93.12
2026-09-16T18:15:00Z,2026-09-16T18:20:00Z,93.11,93.36,92.82,93.315
2026-09-16T18:20:00Z,2026-09-16T18:25:00Z,93.315,93.5,93.155,93.19
2026-09-16T18:25:00Z,2026-09-16T18:30:00Z,93.195,93.46,93.09,93.45
2026-09-16T18:30:00Z,2026-09-16T18:35:00Z,93.44,93.485,92.235,92.41
2026-09-16T18:35:00Z,2026-09-16T18:40:00Z,92.415,92.93,91.825,92.8
2026-09-16T18:40:00Z,2026-09-16T18:45:00Z,92.805,93.78,92.72,93.285
2026-09-16T18:45:00Z,2026-09-16T18:50:00Z,93.28,93.625,93.035,93.155
2026-09-16T18:50:00Z,2026-09-16T18:55:00Z,93.16,93.26,92.23,92.265
2026-09-16T18:55:00Z,2026-09-16T19:00:00Z,92.27,92.535,92.105,92.19
2026-09-16T19:00:00Z,2026-09-16T19:05:00Z,92.18,92.99,92.175,92.525
2026-09-16T19:05:00Z,2026-09-16T19:10:00Z,92.53,92.74,91.82,91.86
2026-09-16T19:10:00Z,2026-09-16T19:15:00Z,91.855,91.87,91.385,91.835
2026-09-16T19:15:00Z,2026-09-16T19:20:00Z,91.84,91.99,91.37,91.59
2026-09-16T19:20:00Z,2026-09-16T19:25:00Z,91.58,91.7,91.345,91.5
2026-09-16T19:25:00Z,2026-09-16T19:30:00Z,91.505,91.67,91.185,91.6
2026-09-16T19:30:00Z,2026-09-16T19:35:00Z,91.605,92.195,91.585,92.195
2026-09-16T19:35:00Z,2026-09-16T19:40:00Z,92.19,92.25,91.84,91.985
2026-09-16T19:40:00Z,2026-09-16T19:45:00Z,91.985,92.13,91.925,92.01
2026-09-16T19:45:00Z,2026-09-16T19:50:00Z,91.99,92.325,91.98,92.295
2026-09-16T19:50:00Z,2026-09-16T19:55:00Z,92.29,92.665,92.26,92.645
2026-09-16T19:55:00Z,2026-09-16T20:00:00Z,92.64,92.82,92.545,92.795
2026-09-17T13:30:00Z,2026-09-17T13:35:00Z,95.805,95.92,95.215,95.49
2026-09-17T13:35:00Z,2026-09-17T13:40:00Z,95.48,95.68,94.83,94.83
2026-09-17T13:40:00Z,2026-09-17T13:45:00Z,94.84,94.88,94.435,94.695
2026-09-17T13:45:00Z,2026-09-17T13:50:00Z,94.71,95.545,94.555,95.47
2026-09-17T13:50:00Z,2026-09-17T13:55:00Z,95.465,95.81,95.45,95.58
2026-09-17T13:55:00Z,2026-09-17T14:00:00Z,95.585,95.86,95.565,95.8
2026-09-17T14:00:00Z,2026-09-17T14:05:00Z,95.79,95.97,95.61,95.92
2026-09-17T14:05:00Z,2026-09-17T14:10:00Z,95.89,96.59,95.82,96.525
2026-09-17T14:10:00Z,2026-09-17T14:15:00Z,96.53,96.55,96.275,96.41
2026-09-17T14:15:00Z,2026-09-17T14:20:00Z,96.405,96.535,96.21,96.4
2026-09-17T14:20:00Z,2026-09-17T14:25:00Z,96.42,96.53,96.21,96.465
2026-09-17T14:25:00Z,2026-09-17T14:30:00Z,96.46,96.68,96.425,96.52
2026-09-17T14:30:00Z,2026-09-17T14:35:00Z,96.52,96.63,96.315,96.505
2026-09-17T14:35:00Z,2026-09-17T14:40:00Z,96.51,96.545,96.055,96.06
2026-09-17T14:40:00Z,2026-09-17T14:45:00Z,96.07,96.22,95.955,96.095
2026-09-17T14:45:00Z,2026-09-17T14:50:00Z,96.105,96.19,95.96,96.09
2026-09-17T14:50:00Z,2026-09-17T14:55:00Z,96.08,96.175,95.78,95.9
2026-09-17T14:55:00Z,2026-09-17T15:00:00Z,95.89,95.89,95.63,95.785
2026-09-17T15:00:00Z,2026-09-17T15:05:00Z,95.79,95.87,95.67,95.775
2026-09-17T15:05:00Z,2026-09-17T15:10:00Z,95.78,95.86,95.67,95.82
2026-09-17T15:10:00Z,2026-09-17T15:15:00Z,95.805,96.12,95.68,96.11
2026-09-17T15:15:00Z,2026-09-17T15:20:00Z,96.09,96.23,96.045,96.12
2026-09-17T15:20:00Z,2026-09-17T15:25:00Z,96.13,96.135,95.82,95.83
2026-09-17T15:25:00Z,2026-09-17T15:30:00Z,95.83,96.025,95.775,95.97
2026-09-17T15:30:00Z,2026-09-17T15:35:00Z,95.975,96.01,95.89,95.985
2026-09-17T15:35:00Z,2026-09-17T15:40:00Z,95.99,96,95.82,95.865
2026-09-17T15:40:00Z,2026-09-17T15:45:00Z,95.865,96.09,95.84,96.045
2026-09-17T15:45:00Z,2026-09-17T15:50:00Z,96.05,96.165,96.01,96.095
2026-09-17T15:50:00Z,2026-09-17T15:55:00Z,96.105,96.195,96.01,96.195
2026-09-17T15:55:00Z,2026-09-17T16:00:00Z,96.19,96.35,96.14,96.335
2026-09-17T16:00:00Z,2026-09-17T16:05:00Z,96.33,96.47,96.28,96.28
2026-09-17T16:05:00Z,2026-09-17T16:10:00Z,96.29,96.31,96.08,96.155
2026-09-17T16:10:00Z,2026-09-17T16:15:00Z,96.16,96.165,95.945,96.015
2026-09-17T16:15:00Z,2026-09-17T16:20:00Z,96.015,96.02,95.885,95.96
2026-09-17T16:20:00Z,2026-09-17T16:25:00Z,95.96,95.965,95.87,95.88
2026-09-17T16:25:00Z,2026-09-17T16:30:00Z,95.885,95.9,95.645,95.69
2026-09-17T16:30:00Z,2026-09-17T16:35:00Z,95.685,95.685,95.4,95.475
2026-09-17T16:35:00Z,2026-09-17T16:40:00Z,95.49,95.63,95.48,95.615
2026-09-17T16:40:00Z,2026-09-17T16:45:00Z,95.605,95.655,95.58,95.64
2026-09-17T16:45:00Z,2026-09-17T16:50:00Z,95.645,95.765,95.63,95.635
2026-09-17T16:50:00Z,2026-09-17T16:55:00Z,95.635,95.635,95.515,95.62
2026-09-17T16:55:00Z,2026-09-17T17:00:00Z,95.615,95.65,95.41,95.65
2026-09-17T17:00:00Z,2026-09-17T17:05:00Z,95.645,95.83,95.605,95.82
2026-09-17T17:05:00Z,2026-09-17T17:10:00Z,95.82,95.97,95.805,95.92
2026-09-17T17:10:00Z,2026-09-17T17:15:00Z,95.92,95.94,95.845,95.875
2026-09-17T17:15:00Z,2026-09-17T17:20:00Z,95.875,95.885,95.73,95.79
2026-09-17T17:20:00Z,2026-09-17T17:25:00Z,95.785,95.865,95.755,95.82
2026-09-17T17:25:00Z,2026-09-17T17:30:00Z,95.84,95.93,95.82,95.88
2026-09-17T17:30:00Z,2026-09-17T17:35:00Z,95.875,95.93,95.82,95.86
2026-09-17T17:35:00Z,2026-09-17T17:40:00Z,95.86,95.945,95.82,95.86
2026-09-17T17:40:00Z,2026-09-17T17:45:00Z,95.865,95.935,95.84,95.89
2026-09-17T17:45:00Z,2026-09-17T17:50:00Z,95.895,95.92,95.77,95.78
2026-09-17T17:50:00Z,2026-09-17T17:55:00Z,95.77,95.9,95.77,95.83
2026-09-17T17:55:00Z,2026-09-17T18:00:00Z,95.83,95.945,95.83,95.93
2026-09-17T18:00:00Z,2026-09-17T18:05:00Z,95.935,95.985,95.845,95.955
2026-09-17T18:05:00Z,2026-09-17T18:10:00Z,95.97,96.05,95.96,95.965
2026-09-17T18:10:00Z,2026-09-17T18:15:00Z,95.965,96.095,95.925,96.055
2026-09-17T18:15:00Z,2026-09-17T18:20:00Z,96.05,96.085,95.975,96.03
2026-09-17T18:20:00Z,2026-09-17T18:25:00Z,96.035,96.035,95.91,95.98
2026-09-17T18:25:00Z,2026-09-17T18:30:00Z,95.99,96.025,95.915,95.935
2026-09-17T18:30:00Z,2026-09-17T18:35:00Z,95.935,95.97,95.775,95.795
2026-09-17T18:35:00Z,2026-09-17T18:40:00Z,95.795,95.83,95.75,95.77
2026-09-17T18:40:00Z,2026-09-17T18:45:00Z,95.765,95.8,95.68,95.775
2026-09-17T18:45:00Z,2026-09-17T18:50:00Z,95.78,95.79,95.695,95.755
2026-09-17T18:50:00Z,2026-09-17T18:55:00Z,95.755,95.76,95.66,95.695
2026-09-17T18:55:00Z,2026-09-17T19:00:00Z,95.695,95.735,95.66,95.73
2026-09-17T19:00:00Z,2026-09-17T19:05:00Z,95.735,95.95,95.73,95.86
2026-09-17T19:05:00Z,2026-09-17T19:10:00Z,95.865,95.955,95.855,95.93
2026-09-17T19:10:00Z,2026-09-17T19:15:00Z,95.925,95.935,95.85,95.91
2026-09-17T19:15:00Z,2026-09-17T19:20:00Z,95.905,95.91,95.74,95.84
2026-09-17T19:20:00Z,2026-09-17T19:25:00Z,95.84,95.84,95.72,95.725
2026-09-17T19:25:00Z,2026-09-17T19:30:00Z,95.725,95.745,95.48,95.495
2026-09-17T19:30:00Z,2026-09-17T19:35:00Z,95.5,95.605,95.465,95.56
2026-09-17T19:35:00Z,2026-09-17T19:40:00Z,95.56,95.665,95.555,95.66
2026-09-17T19:40:00Z,2026-09-17T19:45:00Z,95.655,95.745,95.605,95.735
2026-09-17T19:45:00Z,2026-09-17T19:50:00Z,95.725,95.91,95.715,95.84
2026-09-17T19:50:00Z,2026-09-17T19:55:00Z,95.835,96.085,95.835,96.045
2026-09-17T19:55:00Z,2026-09-17T20:00:00Z,96.055,96.155,95.895,95.925
2026-09-18T13:30:00Z,2026-09-18T13:35:00Z,96.23,96.245,95.165,95.29
2026-09-18T13:35:00Z,2026-09-18T13:40:00Z,95.285,95.39,94.885,95.155
2026-09-18T13:40:00Z,2026-09-18T13:45:00Z,95.135,95.46,94.92,95.22
2026-09-18T13:45:00Z,2026-09-18T13:50:00Z,95.23,95.44,95.21,95.325
2026-09-18T13:50:00Z,2026-09-18T13:55:00Z,95.32,95.32,94.98,95.04
2026-09-18T13:55:00Z,2026-09-18T14:00:00Z,95.035,95.105,94.865,94.985
2026-09-18T14:00:00Z,2026-09-18T14:05:00Z,94.975,95.15,94.89,95.145
2026-09-18T14:05:00Z,2026-09-18T14:10:00Z,95.14,95.14,94.735,94.785
2026-09-18T14:10:00Z,2026-09-18T14:15:00Z,94.785,95.065,94.785,94.955
2026-09-18T14:15:00Z,2026-09-18T14:20:00Z,94.96,95.07,94.645,94.655
2026-09-18T14:20:00Z,2026-09-18T14:25:00Z,94.655,94.835,94.44,94.745
2026-09-18T14:25:00Z,2026-09-18T14:30:00Z,94.745,94.78,94.465,94.47
2026-09-18T14:30:00Z,2026-09-18T14:35:00Z,94.475,94.725,94.435,94.535
2026-09-18T14:35:00Z,2026-09-18T14:40:00Z,94.54,94.965,94.405,94.94
2026-09-18T14:40:00Z,2026-09-18T14:45:00Z,94.935,94.935,94.705,94.735
2026-09-18T14:45:00Z,2026-09-18T14:50:00Z,94.745,94.965,94.675,94.855
2026-09-18T14:50:00Z,2026-09-18T14:55:00Z,94.85,95.035,94.765,94.78
2026-09-18T14:55:00Z,2026-09-18T15:00:00Z,94.77,94.82,94.37,94.445
2026-09-18T15:00:00Z,2026-09-18T15:05:00Z,94.44,94.56,94.395,94.5
2026-09-18T15:05:00Z,2026-09-18T15:10:00Z,94.495,94.59,94.255,94.26
2026-09-18T15:10:00Z,2026-09-18T15:15:00Z,94.265,94.47,94.22,94.455
2026-09-18T15:15:00Z,2026-09-18T15:20:00Z,94.45,94.61,94.385,94.605
2026-09-18T15:20:00Z,2026-09-18T15:25:00Z,94.6,94.6,94.31,94.385
2026-09-18T15:25:00Z,2026-09-18T15:30:00Z,94.38,94.62,94.375,94.585
2026-09-18T15:30:00Z,2026-09-18T15:35:00Z,94.58,94.885,94.565,94.88
2026-09-18T15:35:00Z,2026-09-18T15:40:00Z,94.885,94.9,94.565,94.57
2026-09-18T15:40:00Z,2026-09-18T15:45:00Z,94.565,94.75,94.5,94.715
2026-09-18T15:45:00Z,2026-09-18T15:50:00Z,94.72,94.855,94.72,94.8
2026-09-18T15:50:00Z,2026-09-18T15:55:00Z,94.8,94.855,94.71,94.77
2026-09-18T15:55:00Z,2026-09-18T16:00:00Z,94.775,94.91,94.765,94.905
2026-09-18T16:00:00Z,2026-09-18T16:05:00Z,94.91,94.955,94.82,94.875
2026-09-18T16:05:00Z,2026-09-18T16:10:00Z,94.88,94.97,94.8,94.86
2026-09-18T16:10:00Z,2026-09-18T16:15:00Z,94.87,94.98,94.76,94.82
2026-09-18T16:15:00Z,2026-09-18T16:20:00Z,94.82,94.91,94.765,94.9
2026-09-18T16:20:00Z,2026-09-18T16:25:00Z,94.905,95.025,94.89,95.01
2026-09-18T16:25:00Z,2026-09-18T16:30:00Z,95.01,95.39,94.94,95.345
2026-09-18T16:30:00Z,2026-09-18T16:35:00Z,95.335,95.545,95.19,95.455
2026-09-18T16:35:00Z,2026-09-18T16:40:00Z,95.45,95.505,95.355,95.42
2026-09-18T16:40:00Z,2026-09-18T16:45:00Z,95.425,95.46,95.23,95.3
2026-09-18T16:45:00Z,2026-09-18T16:50:00Z,95.31,95.42,95.24,95.375
2026-09-18T16:50:00Z,2026-09-18T16:55:00Z,95.37,95.48,95.34,95.48
2026-09-18T16:55:00Z,2026-09-18T17:00:00Z,95.485,95.49,95.425,95.475
2026-09-18T17:00:00Z,2026-09-18T17:05:00Z,95.475,95.59,95.38,95.45
2026-09-18T17:05:00Z,2026-09-18T17:10:00Z,95.445,95.565,95.4,95.565
2026-09-18T17:10:00Z,2026-09-18T17:15:00Z,95.58,95.58,95.465,95.49
2026-09-18T17:15:00Z,2026-09-18T17:20:00Z,95.48,95.52,95.43,95.45
2026-09-18T17:20:00Z,2026-09-18T17:25:00Z,95.455,95.47,95.385,95.44
2026-09-18T17:25:00Z,2026-09-18T17:30:00Z,95.435,95.525,95.41,95.5
2026-09-18T17:30:00Z,2026-09-18T17:35:00Z,95.495,95.67,95.465,95.67
2026-09-18T17:35:00Z,2026-09-18T17:40:00Z,95.66,95.8,95.65,95.7
2026-09-18T17:40:00Z,2026-09-18T17:45:00Z,95.7,95.85,95.64,95.8
2026-09-18T17:45:00Z,2026-09-18T17:50:00Z,95.8,95.805,95.69,95.69
2026-09-18T17:50:00Z,2026-09-18T17:55:00Z,95.685,95.76,95.67,95.695
2026-09-18T17:55:00Z,2026-09-18T18:00:00Z,95.695,95.76,95.67,95.71
2026-09-18T18:00:00Z,2026-09-18T18:05:00Z,95.705,95.74,95.66,95.665
2026-09-18T18:05:00Z,2026-09-18T18:10:00Z,95.665,95.77,95.64,95.71
2026-09-18T18:10:00Z,2026-09-18T18:15:00Z,95.715,95.78,95.635,95.72
2026-09-18T18:15:00Z,2026-09-18T18:20:00Z,95.725,95.73,95.545,95.63
2026-09-18T18:20:00Z,2026-09-18T18:25:00Z,95.63,95.64,95.475,95.495
2026-09-18T18:25:00Z,2026-09-18T18:30:00Z,95.5,95.555,95.46,95.55
2026-09-18T18:30:00Z,2026-09-18T18:35:00Z,95.555,95.555,95.41,95.48
2026-09-18T18:35:00Z,2026-09-18T18:40:00Z,95.485,95.485,95.405,95.42
2026-09-18T18:40:00Z,2026-09-18T18:45:00Z,95.415,95.42,95.32,95.33
2026-09-18T18:45:00Z,2026-09-18T18:50:00Z,95.335,95.4,95.3,95.34
2026-09-18T18:50:00Z,2026-09-18T18:55:00Z,95.35,95.385,95.315,95.315
2026-09-18T18:55:00Z,2026-09-18T19:00:00Z,95.32,95.38,95.305,95.355
2026-09-18T19:00:00Z,2026-09-18T19:05:00Z,95.36,95.39,95.25,95.34
2026-09-18T19:05:00Z,2026-09-18T19:10:00Z,95.34,95.44,95.335,95.41
2026-09-18T19:10:00Z,2026-09-18T19:15:00Z,95.405,95.435,95.36,95.415
2026-09-18T19:15:00Z,2026-09-18T19:20:00Z,95.42,95.43,95.27,95.285
2026-09-18T19:20:00Z,2026-09-18T19:25:00Z,95.285,95.34,95.245,95.325
2026-09-18T19:25:00Z,2026-09-18T19:30:00Z,95.325,95.335,95.255,95.315
2026-09-18T19:30:00Z,2026-09-18T19:35:00Z,95.305,95.345,95.29,95.315
2026-09-18T19:35:00Z,2026-09-18T19:40:00Z,95.31,95.355,95.24,95.345
2026-09-18T19:40:00Z,2026-09-18T19:45:00Z,95.355,95.485,95.33,95.465
2026-09-18T19:45:00Z,2026-09-18T19:50:00Z,95.47,95.62,95.36,95.61
2026-09-18T19:50:00Z,2026-09-18T19:55:00Z,95.625,95.635,95.315,95.335
2026-09-18T19:55:00Z,2026-09-18T20:00:00Z,95.34,95.615,95.3,95.495
2026-09-21T13:30:00Z,2026-09-21T13:35:00Z,95.92,95.94,94.915,94.935
2026-09-21T13:35:00Z,2026-09-21T13:40:00Z,94.925,95.155,94.845,95.055
2026-09-21T13:40:00Z,2026-09-21T13:45:00Z,95.05,95.09,94.72,95.015
2026-09-21T13:45:00Z,2026-09-21T13:50:00Z,95.01,95.035,94.735,94.92
2026-09-21T13:50:00Z,2026-09-21T13:55:00Z,94.93,94.93,94.59,94.59
2026-09-21T13:55:00Z,2026-09-21T14:00:00Z,94.61,94.855,94.54,94.68
2026-09-21T14:00:00Z,2026-09-21T14:05:00Z,94.69,94.72,93.85,93.905
2026-09-21T14:05:00Z,2026-09-21T14:10:00Z,93.895,94.22,93.7,94.21
2026-09-21T14:10:00Z,2026-09-21T14:15:00Z,94.215,94.37,94.12,94.26
2026-09-21T14:15:00Z,2026-09-21T14:20:00Z,94.255,94.375,94.135,94.2
2026-09-21T14:20:00Z,2026-09-21T14:25:00Z,94.205,94.42,94.13,94.355
2026-09-21T14:25:00Z,2026-09-21T14:30:00Z,94.335,94.54,94.2,94.49
2026-09-21T14:30:00Z,2026-09-21T14:35:00Z,94.495,94.58,94.195,94.225
2026-09-21T14:35:00Z,2026-09-21T14:40:00Z,94.23,94.315,93.935,93.94
2026-09-21T14:40:00Z,2026-09-21T14:45:00Z,93.935,94.205,93.905,93.915
2026-09-21T14:45:00Z,2026-09-21T14:50:00Z,93.92,94.14,93.915,93.98
2026-09-21T14:50:00Z,2026-09-21T14:55:00Z,93.985,94.24,93.925,94.21
2026-09-21T14:55:00Z,2026-09-21T15:00:00Z,94.215,94.22,93.88,93.92
2026-09-21T15:00:00Z,2026-09-21T15:05:00Z,93.93,94.435,93.92,94.435
2026-09-21T15:05:00Z,2026-09-21T15:10:00Z,94.43,94.52,94.345,94.52
2026-09-21T15:10:00Z,2026-09-21T15:15:00Z,94.525,94.535,94.27,94.29
2026-09-21T15:15:00Z,2026-09-21T15:20:00Z,94.295,94.45,94.215,94.23
2026-09-21T15:20:00Z,2026-09-21T15:25:00Z,94.23,94.34,94.1,94.335
2026-09-21T15:25:00Z,2026-09-21T15:30:00Z,94.345,94.415,94.265,94.27
2026-09-21T15:30:00Z,2026-09-21T15:35:00Z,94.28,94.465,94.25,94.435
2026-09-21T15:35:00Z,2026-09-21T15:40:00Z,94.44,94.5,94.27,94.27
2026-09-21T15:40:00Z,2026-09-21T15:45:00Z,94.275,94.315,94.165,94.26
2026-09-21T15:45:00Z,2026-09-21T15:50:00Z,94.25,94.37,94.24,94.34
2026-09-21T15:50:00Z,2026-09-21T15:55:00Z,94.36,94.59,94.29,94.37
2026-09-21T15:55:00Z,2026-09-21T16:00:00Z,94.365,94.41,94.18,94.28
2026-09-21T16:00:00Z,2026-09-21T16:05:00Z,94.27,94.34,94.16,94.315
2026-09-21T16:05:00Z,2026-09-21T16:10:00Z,94.315,94.455,94.195,94.405
2026-09-21T16:10:00Z,2026-09-21T16:15:00Z,94.41,94.425,94.235,94.34
2026-09-21T16:15:00Z,2026-09-21T16:20:00Z,94.35,94.57,94.345,94.54
2026-09-21T16:20:00Z,2026-09-21T16:25:00Z,94.535,94.545,94.2,94.22
2026-09-21T16:25:00Z,2026-09-21T16:30:00Z,94.225,94.23,94.1,94.16
2026-09-21T16:30:00Z,2026-09-21T16:35:00Z,94.16,94.18,94.11,94.13
2026-09-21T16:35:00Z,2026-09-21T16:40:00Z,94.13,94.17,94.05,94.065
2026-09-21T16:40:00Z,2026-09-21T16:45:00Z,94.06,94.11,93.97,94.015
2026-09-21T16:45:00Z,2026-09-21T16:50:00Z,94.02,94.085,93.985,94.03
2026-09-21T16:50:00Z,2026-09-21T16:55:00Z,94.03,94.06,93.875,93.92
2026-09-21T16:55:00Z,2026-09-21T17:00:00Z,93.91,93.99,93.9,93.905
2026-09-21T17:00:00Z,2026-09-21T17:05:00Z,93.92,93.96,93.875,93.925
2026-09-21T17:05:00Z,2026-09-21T17:10:00Z,93.925,93.965,93.92,93.965
2026-09-21T17:10:00Z,2026-09-21T17:15:00Z,93.965,94.095,93.965,94.07
2026-09-21T17:15:00Z,2026-09-21T17:20:00Z,94.08,94.09,94.005,94.04
2026-09-21T17:20:00Z,2026-09-21T17:25:00Z,94.04,94.115,94.02,94.045
2026-09-21T17:25:00Z,2026-09-21T17:30:00Z,94.05,94.13,94.02,94.11
2026-09-21T17:30:00Z,2026-09-21T17:35:00Z,94.115,94.14,94.005,94.05
2026-09-21T17:35:00Z,2026-09-21T17:40:00Z,94.045,94.13,94.035,94.085
2026-09-21T17:40:00Z,2026-09-21T17:45:00Z,94.085,94.24,94.06,94.095
2026-09-21T17:45:00Z,2026-09-21T17:50:00Z,94.095,94.23,94.07,94.21
2026-09-21T17:50:00Z,2026-09-21T17:55:00Z,94.205,94.24,94.15,94.165
2026-09-21T17:55:00Z,2026-09-21T18:00:00Z,94.16,94.2,94.11,94.15
2026-09-21T18:00:00Z,2026-09-21T18:05:00Z,94.155,94.265,94.13,94.25
2026-09-21T18:05:00Z,2026-09-21T18:10:00Z,94.25,94.375,94.24,94.335
2026-09-21T18:10:00Z,2026-09-21T18:15:00Z,94.335,94.42,94.285,94.415
2026-09-21T18:15:00Z,2026-09-21T18:20:00Z,94.415,94.58,94.415,94.565
2026-09-21T18:20:00Z,2026-09-21T18:25:00Z,94.57,94.615,94.46,94.475
2026-09-21T18:25:00Z,2026-09-21T18:30:00Z,94.475,94.52,94.415,94.515
2026-09-21T18:30:00Z,2026-09-21T18:35:00Z,94.525,94.66,94.515,94.585
2026-09-21T18:35:00Z,2026-09-21T18:40:00Z,94.585,94.605,94.45,94.53
2026-09-21T18:40:00Z,2026-09-21T18:45:00Z,94.53,94.625,94.51,94.615
2026-09-21T18:45:00Z,2026-09-21T18:50:00Z,94.61,94.64,94.585,94.595
2026-09-21T18:50:00Z,2026-09-21T18:55:00Z,94.61,94.62,94.55,94.56
2026-09-21T18:55:00Z,2026-09-21T19:00:00Z,94.56,94.585,94.505,94.515
2026-09-21T19:00:00Z,2026-09-21T19:05:00Z,94.525,94.535,94.405,94.46
2026-09-21T19:05:00Z,2026-09-21T19:10:00Z,94.465,94.52,94.445,94.51
2026-09-21T19:10:00Z,2026-09-21T19:15:00Z,94.515,94.585,94.495,94.525
2026-09-21T19:15:00Z,2026-09-21T19:20:00Z,94.525,94.565,94.5,94.52
2026-09-21T19:20:00Z,2026-09-21T19:25:00Z,94.525,94.56,94.42,94.425
2026-09-21T19:25:00Z,2026-09-21T19:30:00Z,94.425,94.525,94.39,94.47
2026-09-21T19:30:00Z,2026-09-21T19:35:00Z,94.465,94.67,94.465,94.64
2026-09-21T19:35:00Z,2026-09-21T19:40:00Z,94.645,94.765,94.615,94.765
2026-09-21T19:40:00Z,2026-09-21T19:45:00Z,94.76,94.785,94.63,94.655
2026-09-21T19:45:00Z,2026-09-21T19:50:00Z,94.65,94.7,94.475,94.475
2026-09-21T19:50:00Z,2026-09-21T19:55:00Z,94.46,94.55,94.415,94.515
2026-09-21T19:55:00Z,2026-09-21T20:00:00Z,94.505,94.645,94.38,94.42
2026-09-22T13:30:00Z,2026-09-22T13:35:00Z,94.64,95.335,94.5,95.205
2026-09-22T13:35:00Z,2026-09-22T13:40:00Z,95.21,95.565,95.075,95.325
2026-09-22T13:40:00Z,2026-09-22T13:45:00Z,95.315,96.01,95.175,95.975
2026-09-22T13:45:00Z,2026-09-22T13:50:00Z,96.01,96.315,95.745,96.225
2026-09-22T13:50:00Z,2026-09-22T13:55:00Z,96.215,96.225,95.805,95.885
2026-09-22T13:55:00Z,2026-09-22T14:00:00Z,95.88,95.88,95.665,95.695
2026-09-22T14:00:00Z,2026-09-22T14:05:00Z,95.705,95.785,95.16,95.165
2026-09-22T14:05:00Z,2026-09-22T14:10:00Z,95.17,95.45,95.09,95.375
2026-09-22T14:10:00Z,2026-09-22T14:15:00Z,95.37,95.805,95.35,95.675
2026-09-22T14:15:00Z,2026-09-22T14:20:00Z,95.675,95.71,95.29,95.5
2026-09-22T14:20:00Z,2026-09-22T14:25:00Z,95.495,95.675,95.395,95.59
2026-09-22T14:25:00Z,2026-09-22T14:30:00Z,95.6,95.615,95.29,95.395
2026-09-22T14:30:00Z,2026-09-22T14:35:00Z,95.4,95.45,95.145,95.175
2026-09-22T14:35:00Z,2026-09-22T14:40:00Z,95.17,95.52,95.065,95.085
2026-09-22T14:40:00Z,2026-09-22T14:45:00Z,95.08,95.09,94.68,94.89
2026-09-22T14:45:00Z,2026-09-22T14:50:00Z,94.88,95.135,94.815,95.11
2026-09-22T14:50:00Z,2026-09-22T14:55:00Z,95.115,95.4,95.04,95.355
2026-09-22T14:55:00Z,2026-09-22T15:00:00Z,95.35,95.475,95.345,95.355
2026-09-22T15:00:00Z,2026-09-22T15:05:00Z,95.36,95.54,95.265,95.44
2026-09-22T15:05:00Z,2026-09-22T15:10:00Z,95.435,95.775,95.355,95.61
2026-09-22T15:10:00Z,2026-09-22T15:15:00Z,95.605,95.8,95.535,95.735
2026-09-22T15:15:00Z,2026-09-22T15:20:00Z,95.75,95.895,95.72,95.73
2026-09-22T15:20:00Z,2026-09-22T15:25:00Z,95.74,95.985,95.69,95.94
2026-09-22T15:25:00Z,2026-09-22T15:30:00Z,95.95,95.955,95.735,95.74
2026-09-22T15:30:00Z,2026-09-22T15:35:00Z,95.735,95.775,95.565,95.635
2026-09-22T15:35:00Z,2026-09-22T15:40:00Z,95.625,95.705,95.6,95.68
2026-09-22T15:40:00Z,2026-09-22T15:45:00Z,95.675,95.675,95.585,95.6
2026-09-22T15:45:00Z,2026-09-22T15:50:00Z,95.595,95.6,95.485,95.56
2026-09-22T15:50:00Z,2026-09-22T15:55:00Z,95.565,95.64,95.56,95.61
2026-09-22T15:55:00Z,2026-09-22T16:00:00Z,95.605,95.765,95.585,95.755
2026-09-22T16:00:00Z,2026-09-22T16:05:00Z,95.74,95.82,95.615,95.64
2026-09-22T16:05:00Z,2026-09-22T16:10:00Z,95.63,95.725,95.52,95.52
2026-09-22T16:10:00Z,2026-09-22T16:15:00Z,95.525,95.625,95.47,95.61
2026-09-22T16:15:00Z,2026-09-22T16:20:00Z,95.595,95.71,95.585,95.68
2026-09-22T16:20:00Z,2026-09-22T16:25:00Z,95.69,95.7,95.5,95.55
2026-09-22T16:25:00Z,2026-09-22T16:30:00Z,95.55,95.675,95.55,95.65
2026-09-22T16:30:00Z,2026-09-22T16:35:00Z,95.655,95.79,95.635,95.78
2026-09-22T16:35:00Z,2026-09-22T16:40:00Z,95.77,95.88,95.735,95.87
2026-09-22T16:40:00Z,2026-09-22T16:45:00Z,95.88,95.96,95.835,95.96
2026-09-22T16:45:00Z,2026-09-22T16:50:00Z,95.96,96.37,95.95,96.31
2026-09-22T16:50:00Z,2026-09-22T16:55:00Z,96.315,96.37,96.185,96.245
2026-09-22T16:55:00Z,2026-09-22T17:00:00Z,96.245,96.34,96.205,96.3
2026-09-22T17:00:00Z,2026-09-22T17:05:00Z,96.295,96.315,96.16,96.27
2026-09-22T17:05:00Z,2026-09-22T17:10:00Z,96.275,96.375,96.22,96.23
2026-09-22T17:10:00Z,2026-09-22T17:15:00Z,96.235,96.32,96.19,96.255
2026-09-22T17:15:00Z,2026-09-22T17:20:00Z,96.255,96.35,96.225,96.225
2026-09-22T17:20:00Z,2026-09-22T17:25:00Z,96.225,96.27,96.06,96.07
2026-09-22T17:25:00Z,2026-09-22T17:30:00Z,96.07,96.23,96.045,96.225
2026-09-22T17:30:00Z,2026-09-22T17:35:00Z,96.23,96.23,96.12,96.2
2026-09-22T17:35:00Z,2026-09-22T17:40:00Z,96.2,96.22,96.12,96.135
2026-09-22T17:40:00Z,2026-09-22T17:45:00Z,96.13,96.26,96.13,96.24
2026-09-22T17:45:00Z,2026-09-22T17:50:00Z,96.25,96.34,96.23,96.33
2026-09-22T17:50:00Z,2026-09-22T17:55:00Z,96.33,97.08,96.31,96.97
2026-09-22T17:55:00Z,2026-09-22T18:00:00Z,96.98,97.255,96.93,97.17
2026-09-22T18:00:00Z,2026-09-22T18:05:00Z,97.15,97.31,96.95,97.285
2026-09-22T18:05:00Z,2026-09-22T18:10:00Z,97.28,97.55,97.235,97.41
2026-09-22T18:10:00Z,2026-09-22T18:15:00Z,97.42,97.42,97.23,97.33
2026-09-22T18:15:00Z,2026-09-22T18:20:00Z,97.325,97.51,97.3,97.4
2026-09-22T18:20:00Z,2026-09-22T18:25:00Z,97.38,97.55,97.32,97.34
2026-09-22T18:25:00Z,2026-09-22T18:30:00Z,97.33,97.405,97.235,97.375
2026-09-22T18:30:00Z,2026-09-22T18:35:00Z,97.37,97.385,97.165,97.185
2026-09-22T18:35:00Z,2026-09-22T18:40:00Z,97.195,97.205,97.01,97.025
2026-09-22T18:40:00Z,2026-09-22T18:45:00Z,97.025,97.09,96.96,97.05
2026-09-22T18:45:00Z,2026-09-22T18:50:00Z,97.045,97.25,97.01,97.23
2026-09-22T18:50:00Z,2026-09-22T18:55:00Z,97.235,97.3,97.19,97.245
2026-09-22T18:55:00Z,2026-09-22T19:00:00Z,97.235,97.28,97.205,97.225
2026-09-22T19:00:00Z,2026-09-22T19:05:00Z,97.215,97.335,97.215,97.28
2026-09-22T19:05:00Z,2026-09-22T19:10:00Z,97.27,97.405,97.23,97.385
2026-09-22T19:10:00Z,2026-09-22T19:15:00Z,97.39,97.46,97.325,97.46
2026-09-22T19:15:00Z,2026-09-22T19:20:00Z,97.47,97.51,97.415,97.495
2026-09-22T19:20:00Z,2026-09-22T19:25:00Z,97.495,97.57,97.455,97.57
2026-09-22T19:25:00Z,2026-09-22T19:30:00Z,97.555,97.74,97.525,97.7
2026-09-22T19:30:00Z,2026-09-22T19:35:00Z,97.705,98.105,97.685,98.105
2026-09-22T19:35:00Z,2026-09-22T19:40:00Z,98.1,98.19,97.915,98.17
2026-09-22T19:40:00Z,2026-09-22T19:45:00Z,98.165,98.26,98.09,98.26
2026-09-22T19:45:00Z,2026-09-22T19:50:00Z,98.255,98.365,98.22,98.29
2026-09-22T19:50:00Z,2026-09-22T19:55:00Z,98.285,98.355,98.12,98.145
2026-09-22T19:55:00Z,2026-09-22T20:00:00Z,98.14,98.145,97.805,97.805
2026-09-23T13:30:00Z,2026-09-23T13:35:00Z,95.17,95.26,94.15,94.28
2026-09-23T13:35:00Z,2026-09-23T13:40:00Z,94.27,94.42,93.95,94.295
2026-09-23T13:40:00Z,2026-09-23T13:45:00Z,94.29,94.37,93.505,93.805
2026-09-23T13:45:00Z,2026-09-23T13:50:00Z,93.8,93.8,93.185,93.36
2026-09-23T13:50:00Z,2026-09-23T13:55:00Z,93.355,93.55,93.125,93.185
2026-09-23T13:55:00Z,2026-09-23T14:00:00Z,93.175,93.52,93.1,93.325
2026-09-23T14:00:00Z,2026-09-23T14:05:00Z,93.32,93.565,93.26,93.45
2026-09-23T14:05:00Z,2026-09-23T14:10:00Z,93.455,93.875,93.375,93.695
2026-09-23T14:10:00Z,2026-09-23T14:15:00Z,93.695,93.79,93.27,93.43
2026-09-23T14:15:00Z,2026-09-23T14:20:00Z,93.445,93.56,93.13,93.13
2026-09-23T14:20:00Z,2026-09-23T14:25:00Z,93.14,93.3,93.07,93.3
2026-09-23T14:25:00Z,2026-09-23T14:30:00Z,93.295,93.485,93.21,93.35
2026-09-23T14:30:00Z,2026-09-23T14:35:00Z,93.35,93.92,93.35,93.79
2026-09-23T14:35:00Z,2026-09-23T14:40:00Z,93.8,93.915,93.395,93.4
2026-09-23T14:40:00Z,2026-09-23T14:45:00Z,93.4,93.815,93.4,93.77
2026-09-23T14:45:00Z,2026-09-23T14:50:00Z,93.775,93.815,93.47,93.555
2026-09-23T14:50:00Z,2026-09-23T14:55:00Z,93.55,94.26,93.485,94.215
2026-09-23T14:55:00Z,2026-09-23T15:00:00Z,94.21,94.24,93.885,93.995
2026-09-23T15:00:00Z,2026-09-23T15:05:00Z,93.99,94,93.69,93.795
2026-09-23T15:05:00Z,2026-09-23T15:10:00Z,93.8,93.9,93.66,93.81
2026-09-23T15:10:00Z,2026-09-23T15:15:00Z,93.82,93.96,93.75,93.855
2026-09-23T15:15:00Z,2026-09-23T15:20:00Z,93.86,93.925,93.75,93.92
2026-09-23T15:20:00Z,2026-09-23T15:25:00Z,93.925,94.03,93.865,93.99
2026-09-23T15:25:00Z,2026-09-23T15:30:00Z,93.995,94.08,93.655,93.66
2026-09-23T15:30:00Z,2026-09-23T15:35:00Z,93.665,93.67,93.45,93.58
2026-09-23T15:35:00Z,2026-09-23T15:40:00Z,93.58,93.68,93.39,93.47
2026-09-23T15:40:00Z,2026-09-23T15:45:00Z,93.46,93.675,93.41,93.65
2026-09-23T15:45:00Z,2026-09-23T15:50:00Z,93.65,93.71,93.28,93.295
2026-09-23T15:50:00Z,2026-09-23T15:55:00Z,93.3,93.39,93.24,93.35
2026-09-23T15:55:00Z,2026-09-23T16:00:00Z,93.355,93.44,93.315,93.39
2026-09-23T16:00:00Z,2026-09-23T16:05:00Z,93.38,93.44,93.165,93.2
2026-09-23T16:05:00Z,2026-09-23T16:10:00Z,93.195,93.55,93.18,93.525
2026-09-23T16:10:00Z,2026-09-23T16:15:00Z,93.52,93.68,93.505,93.635
2026-09-23T16:15:00Z,2026-09-23T16:20:00Z,93.64,93.745,93.6,93.73
2026-09-23T16:20:00Z,2026-09-23T16:25:00Z,93.725,93.735,93.58,93.585
2026-09-23T16:25:00Z,2026-09-23T16:30:00Z,93.58,93.69,93.58,93.69
2026-09-23T16:30:00Z,2026-09-23T16:35:00Z,93.705,93.885,93.705,93.865
2026-09-23T16:35:00Z,2026-09-23T16:40:00Z,93.87,94.08,93.845,94
2026-09-23T16:40:00Z,2026-09-23T16:45:00Z,93.995,94.115,93.94,94.045
2026-09-23T16:45:00Z,2026-09-23T16:50:00Z,94.03,94.065,93.845,93.865
2026-09-23T16:50:00Z,2026-09-23T16:55:00Z,93.87,93.93,93.71,93.78
2026-09-23T16:55:00Z,2026-09-23T17:00:00Z,93.785,93.95,93.775,93.925
2026-09-23T17:00:00Z,2026-09-23T17:05:00Z,93.925,93.935,93.385,93.585
2026-09-23T17:05:00Z,2026-09-23T17:10:00Z,93.58,93.74,93.515,93.725
2026-09-23T17:10:00Z,2026-09-23T17:15:00Z,93.73,93.8,93.45,93.58
2026-09-23T17:15:00Z,2026-09-23T17:20:00Z,93.575,93.62,93.52,93.575
2026-09-23T17:20:00Z,2026-09-23T17:25:00Z,93.575,93.715,93.54,93.625
2026-09-23T17:25:00Z,2026-09-23T17:30:00Z,93.605,93.69,93.58,93.63
2026-09-23T17:30:00Z,2026-09-23T17:35:00Z,93.625,93.635,93.51,93.585
2026-09-23T17:35:00Z,2026-09-23T17:40:00Z,93.585,93.585,93.415,93.435
2026-09-23T17:40:00Z,2026-09-23T17:45:00Z,93.435,93.885,93.41,93.845
2026-09-23T17:45:00Z,2026-09-23T17:50:00Z,93.83,93.945,93.795,93.935
2026-09-23T17:50:00Z,2026-09-23T17:55:00Z,93.945,94.1,93.93,94.095
2026-09-23T17:55:00Z,2026-09-23T18:00:00Z,94.09,94.225,94.01,94.195
2026-09-23T18:00:00Z,2026-09-23T18:05:00Z,94.2,94.29,94.055,94.09
2026-09-23T18:05:00Z,2026-09-23T18:10:00Z,94.085,94.18,94.03,94.155
2026-09-23T18:10:00Z,2026-09-23T18:15:00Z,94.16,94.21,94.105,94.185
2026-09-23T18:15:00Z,2026-09-23T18:20:00Z,94.185,94.21,94.075,94.155
2026-09-23T18:20:00Z,2026-09-23T18:25:00Z,94.145,94.175,94.015,94.115
2026-09-23T18:25:00Z,2026-09-23T18:30:00Z,94.125,94.165,94.04,94.085
2026-09-23T18:30:00Z,2026-09-23T18:35:00Z,94.085,94.205,94.065,94.195
2026-09-23T18:35:00Z,2026-09-23T18:40:00Z,94.195,94.215,94.125,94.145
2026-09-23T18:40:00Z,2026-09-23T18:45:00Z,94.15,94.18,94.105,94.125
2026-09-23T18:45:00Z,2026-09-23T18:50:00Z,94.125,94.145,94.07,94.125
2026-09-23T18:50:00Z,2026-09-23T18:55:00Z,94.125,94.125,94.065,94.105
2026-09-23T18:55:00Z,2026-09-23T19:00:00Z,94.105,94.215,94.105,94.215
2026-09-23T19:00:00Z,2026-09-23T19:05:00Z,94.22,94.23,94.035,94.075
2026-09-23T19:05:00Z,2026-09-23T19:10:00Z,94.075,94.295,94.025,94.085
2026-09-23T19:10:00Z,2026-09-23T19:15:00Z,94.085,94.135,93.995,93.995
2026-09-23T19:15:00Z,2026-09-23T19:20:00Z,93.995,94.005,93.865,93.885
2026-09-23T19:20:00Z,2026-09-23T19:25:00Z,93.885,93.885,93.795,93.875
2026-09-23T19:25:00Z,2026-09-23T19:30:00Z,93.875,93.935,93.825,93.84
2026-09-23T19:30:00Z,2026-09-23T19:35:00Z,93.84,93.875,93.755,93.775
2026-09-23T19:35:00Z,2026-09-23T19:40:00Z,93.775,93.775,93.555,93.575
2026-09-23T19:40:00Z,2026-09-23T19:45:00Z,93.565,93.585,93.455,93.505
2026-09-23T19:45:00Z,2026-09-23T19:50:00Z,93.505,93.625,93.47,93.565
2026-09-23T19:50:00Z,2026-09-23T19:55:00Z,93.555,93.875,93.555,93.695
2026-09-23T19:55:00Z,2026-09-23T20:00:00Z,93.7,93.725,93.545,93.625
2026-09-24T13:30:00Z,2026-09-24T13:35:00Z,92.515,92.65,92,92.28
2026-09-24T13:35:00Z,2026-09-24T13:40:00Z,92.285,92.355,91.96,92.095
2026-09-24T13:40:00Z,2026-09-24T13:45:00Z,92.1,92.15,91.665,91.77
2026-09-24T13:45:00Z,2026-09-24T13:50:00Z,91.775,91.89,91.63,91.67
2026-09-24T13:50:00Z,2026-09-24T13:55:00Z,91.665,91.82,91.54,91.76
2026-09-24T13:55:00Z,2026-09-24T14:00:00Z,91.76,91.91,91.73,91.86
2026-09-24T14:00:00Z,2026-09-24T14:05:00Z,91.845,91.94,91.67,91.8
2026-09-24T14:05:00Z,2026-09-24T14:10:00Z,91.795,91.94,91.705,91.84
2026-09-24T14:10:00Z,2026-09-24T14:15:00Z,91.835,91.835,91.625,91.76
2026-09-24T14:15:00Z,2026-09-24T14:20:00Z,91.76,91.895,91.54,91.73
2026-09-24T14:20:00Z,2026-09-24T14:25:00Z,91.73,91.745,91.61,91.67
2026-09-24T14:25:00Z,2026-09-24T14:30:00Z,91.66,91.82,91.53,91.78
2026-09-24T14:30:00Z,2026-09-24T14:35:00Z,91.755,91.755,91.53,91.71
2026-09-24T14:35:00Z,2026-09-24T14:40:00Z,91.705,91.83,91.52,91.59
2026-09-24T14:40:00Z,2026-09-24T14:45:00Z,91.585,91.85,91.48,91.705
2026-09-24T14:45:00Z,2026-09-24T14:50:00Z,91.7,91.82,91.635,91.78
2026-09-24T14:50:00Z,2026-09-24T14:55:00Z,91.775,92.075,91.7,91.72
2026-09-24T14:55:00Z,2026-09-24T15:00:00Z,91.725,91.73,91.5,91.525
2026-09-24T15:00:00Z,2026-09-24T15:05:00Z,91.53,91.63,91.33,91.34
2026-09-24T15:05:00Z,2026-09-24T15:10:00Z,91.34,91.4,91.245,91.33
2026-09-24T15:10:00Z,2026-09-24T15:15:00Z,91.35,91.4,91.08,91.15
2026-09-24T15:15:00Z,2026-09-24T15:20:00Z,91.14,91.465,91.115,91.235
2026-09-24T15:20:00Z,2026-09-24T15:25:00Z,91.235,91.4,91.165,91.39
2026-09-24T15:25:00Z,2026-09-24T15:30:00Z,91.385,91.4,91.075,91.085
2026-09-24T15:30:00Z,2026-09-24T15:35:00Z,91.075,91.105,90.895,90.915
2026-09-24T15:35:00Z,2026-09-24T15:40:00Z,90.91,91.025,90.84,91.025
2026-09-24T15:40:00Z,2026-09-24T15:45:00Z,91.03,91.335,90.92,91.335
2026-09-24T15:45:00Z,2026-09-24T15:50:00Z,91.335,91.425,91.24,91.24
2026-09-24T15:50:00Z,2026-09-24T15:55:00Z,91.25,91.45,91.185,91.235
2026-09-24T15:55:00Z,2026-09-24T16:00:00Z,91.23,91.235,91.09,91.09
2026-09-24T16:00:00Z,2026-09-24T16:05:00Z,91.095,91.23,90.985,91.23
2026-09-24T16:05:00Z,2026-09-24T16:10:00Z,91.22,91.24,91.045,91.1
2026-09-24T16:10:00Z,2026-09-24T16:15:00Z,91.095,91.23,91.075,91.23
2026-09-24T16:15:00Z,2026-09-24T16:20:00Z,91.245,92.635,91.245,91.995
2026-09-24T16:20:00Z,2026-09-24T16:25:00Z,92,92.405,91.95,92.24
2026-09-24T16:25:00Z,2026-09-24T16:30:00Z,92.255,92.33,92.04,92.285
2026-09-24T16:30:00Z,2026-09-24T16:35:00Z,92.29,92.34,92.005,92.235
2026-09-24T16:35:00Z,2026-09-24T16:40:00Z,92.24,92.385,92.205,92.31
2026-09-24T16:40:00Z,2026-09-24T16:45:00Z,92.315,92.59,92.17,92.17
2026-09-24T16:45:00Z,2026-09-24T16:50:00Z,92.175,92.31,92.075,92.255
2026-09-24T16:50:00Z,2026-09-24T16:55:00Z,92.26,92.455,92.17,92.25
2026-09-24T16:55:00Z,2026-09-24T17:00:00Z,92.255,92.32,92.09,92.09
2026-09-24T17:00:00Z,2026-09-24T17:05:00Z,92.08,92.24,91.835,92.03
2026-09-24T17:05:00Z,2026-09-24T17:10:00Z,92.035,92.16,91.985,92.07
2026-09-24T17:10:00Z,2026-09-24T17:15:00Z,92.06,92.075,91.81,92.01
2026-09-24T17:15:00Z,2026-09-24T17:20:00Z,92.01,92.01,91.8,91.82
2026-09-24T17:20:00Z,2026-09-24T17:25:00Z,91.815,91.92,91.735,91.75
2026-09-24T17:25:00Z,2026-09-24T17:30:00Z,91.745,91.78,91.6,91.755
2026-09-24T17:30:00Z,2026-09-24T17:35:00Z,91.75,91.87,91.675,91.69
2026-09-24T17:35:00Z,2026-09-24T17:40:00Z,91.69,91.74,91.61,91.71
2026-09-24T17:40:00Z,2026-09-24T17:45:00Z,91.715,91.74,91.535,91.555
2026-09-24T17:45:00Z,2026-09-24T17:50:00Z,91.555,91.63,91.515,91.56
2026-09-24T17:50:00Z,2026-09-24T17:55:00Z,91.555,91.595,91.515,91.59
2026-09-24T17:55:00Z,2026-09-24T18:00:00Z,91.59,91.66,91.555,91.66
2026-09-24T18:00:00Z,2026-09-24T18:05:00Z,91.66,91.67,91.27,91.35
2026-09-24T18:05:00Z,2026-09-24T18:10:00Z,91.36,91.64,91.335,91.605
2026-09-24T18:10:00Z,2026-09-24T18:15:00Z,91.605,91.825,91.605,91.82
2026-09-24T18:15:00Z,2026-09-24T18:20:00Z,91.805,91.87,91.69,91.765
2026-09-24T18:20:00Z,2026-09-24T18:25:00Z,91.765,91.87,91.675,91.87
2026-09-24T18:25:00Z,2026-09-24T18:30:00Z,91.865,92.18,91.85,92.02
2026-09-24T18:30:00Z,2026-09-24T18:35:00Z,92.015,92.1,91.9,91.905
2026-09-24T18:35:00Z,2026-09-24T18:40:00Z,91.9,92.44,91.8,92.145
2026-09-24T18:40:00Z,2026-09-24T18:45:00Z,92.15,92.15,91.785,91.785
2026-09-24T18:45:00Z,2026-09-24T18:50:00Z,91.79,91.855,91.74,91.84
2026-09-24T18:50:00Z,2026-09-24T18:55:00Z,91.845,92.05,91.81,91.91
2026-09-24T18:55:00Z,2026-09-24T19:00:00Z,91.91,92.005,91.835,91.875
2026-09-24T19:00:00Z,2026-09-24T19:05:00Z,91.875,91.905,91.56,91.64
2026-09-24T19:05:00Z,2026-09-24T19:10:00Z,91.645,91.775,91.61,91.685
2026-09-24T19:10:00Z,2026-09-24T19:15:00Z,91.685,91.69,91.545,91.565
2026-09-24T19:15:00Z,2026-09-24T19:20:00Z,91.56,91.705,91.555,91.685
2026-09-24T19:20:00Z,2026-09-24T19:25:00Z,91.69,91.815,91.605,91.815
2026-09-24T19:25:00Z,2026-09-24T19:30:00Z,91.835,91.965,91.81,91.945
2026-09-24T19:30:00Z,2026-09-24T19:35:00Z,91.955,91.99,91.88,91.99
2026-09-24T19:35:00Z,2026-09-24T19:40:00Z,91.975,92.155,91.9,92.155
2026-09-24T19:40:00Z,2026-09-24T19:45:00Z,92.165,92.175,92.03,92.105
2026-09-24T19:45:00Z,2026-09-24T19:50:00Z,92.095,92.135,92.03,92.05
2026-09-24T19:50:00Z,2026-09-24T19:55:00Z,92.04,92.245,92.025,92.235
2026-09-24T19:55:00Z,2026-09-24T20:00:00Z,92.23,92.37,92.085,92.36
2026-09-25T13:30:00Z,2026-09-25T13:35:00Z,92.45,92.5,91.995,92.465
2026-09-25T13:35:00Z,2026-09-25T13:40:00Z,92.46,92.645,92.27,92.46
2026-09-25T13:40:00Z,2026-09-25T13:45:00Z,92.47,92.545,92.08,92.15
2026-09-25T13:45:00Z,2026-09-25T13:50:00Z,92.17,92.245,92.045,92.165
2026-09-25T13:50:00Z,2026-09-25T13:55:00Z,92.16,92.45,92.145,92.21
2026-09-25T13:55:00Z,2026-09-25T14:00:00Z,92.21,92.28,92.085,92.145
2026-09-25T14:00:00Z,2026-09-25T14:05:00Z,92.15,92.225,91.625,91.625
2026-09-25T14:05:00Z,2026-09-25T14:10:00Z,91.625,91.97,91.34,91.9
2026-09-25T14:10:00Z,2026-09-25T14:15:00Z,91.905,92,91.765,91.935
2026-09-25T14:15:00Z,2026-09-25T14:20:00Z,91.925,92.06,91.75,91.965
2026-09-25T14:20:00Z,2026-09-25T14:25:00Z,91.97,92.16,91.86,92.095
2026-09-25T14:25:00Z,2026-09-25T14:30:00Z,92.09,92.195,92.025,92.05
2026-09-25T14:30:00Z,2026-09-25T14:35:00Z,92.055,92.09,91.88,92.04
2026-09-25T14:35:00Z,2026-09-25T14:40:00Z,92.035,92.13,91.91,92.07
2026-09-25T14:40:00Z,2026-09-25T14:45:00Z,92.065,92.345,91.92,92.345
2026-09-25T14:45:00Z,2026-09-25T14:50:00Z,92.35,92.51,92.145,92.375
2026-09-25T14:50:00Z,2026-09-25T14:55:00Z,92.375,92.47,92.175,92.43
2026-09-25T14:55:00Z,2026-09-25T15:00:00Z,92.44,92.61,92.335,92.475
2026-09-25T15:00:00Z,2026-09-25T15:05:00Z,92.465,92.725,92.37,92.665
2026-09-25T15:05:00Z,2026-09-25T15:10:00Z,92.675,92.72,92.3,92.305
2026-09-25T15:10:00Z,2026-09-25T15:15:00Z,92.31,92.57,92.165,92.55
2026-09-25T15:15:00Z,2026-09-25T15:20:00Z,92.54,92.6,92.3,92.33
2026-09-25T15:20:00Z,2026-09-25T15:25:00Z,92.325,92.635,92.25,92.43
2026-09-25T15:25:00Z,2026-09-25T15:30:00Z,92.425,92.585,92.36,92.475
2026-09-25T15:30:00Z,2026-09-25T15:35:00Z,92.48,92.83,92.47,92.48
2026-09-25T15:35:00Z,2026-09-25T15:40:00Z,92.49,92.545,92.32,92.32
2026-09-25T15:40:00Z,2026-09-25T15:45:00Z,92.33,92.35,92.135,92.155
2026-09-25T15:45:00Z,2026-09-25T15:50:00Z,92.15,92.185,92.03,92.12
2026-09-25T15:50:00Z,2026-09-25T15:55:00Z,92.115,92.53,92.055,92.4
2026-09-25T15:55:00Z,2026-09-25T16:00:00Z,92.405,92.94,92.27,92.93
2026-09-25T16:00:00Z,2026-09-25T16:05:00Z,92.94,93.31,92.875,93.11
2026-09-25T16:05:00Z,2026-09-25T16:10:00Z,93.1,93.235,92.875,93.14
2026-09-25T16:10:00Z,2026-09-25T16:15:00Z,93.145,93.18,92.83,92.915
2026-09-25T16:15:00Z,2026-09-25T16:20:00Z,92.91,93.02,92.75,92.8
2026-09-25T16:20:00Z,2026-09-25T16:25:00Z,92.805,92.875,92.695,92.82
2026-09-25T16:25:00Z,2026-09-25T16:30:00Z,92.82,93.05,92.81,93.03
2026-09-25T16:30:00Z,2026-09-25T16:35:00Z,93.035,93.11,92.59,92.75
2026-09-25T16:35:00Z,2026-09-25T16:40:00Z,92.76,92.97,92.75,92.855
2026-09-25T16:40:00Z,2026-09-25T16:45:00Z,92.85,92.945,92.73,92.77
2026-09-25T16:45:00Z,2026-09-25T16:50:00Z,92.77,92.785,92.53,92.59
2026-09-25T16:50:00Z,2026-09-25T16:55:00Z,92.595,92.695,92.58,92.655
2026-09-25T16:55:00Z,2026-09-25T17:00:00Z,92.655,92.75,92.58,92.7
2026-09-25T17:00:00Z,2026-09-25T17:05:00Z,92.7,92.91,92.69,92.815
2026-09-25T17:05:00Z,2026-09-25T17:10:00Z,92.815,92.845,92.71,92.825
2026-09-25T17:10:00Z,2026-09-25T17:15:00Z,92.825,92.825,92.7,92.735
2026-09-25T17:15:00Z,2026-09-25T17:20:00Z,92.735,92.735,92.625,92.64
2026-09-25T17:20:00Z,2026-09-25T17:25:00Z,92.635,92.7,92.61,92.7
2026-09-25T17:25:00Z,2026-09-25T17:30:00Z,92.705,92.71,92.56,92.575
2026-09-25T17:30:00Z,2026-09-25T17:35:00Z,92.585,92.68,92.54,92.595
2026-09-25T17:35:00Z,2026-09-25T17:40:00Z,92.6,92.66,92.455,92.57
2026-09-25T17:40:00Z,2026-09-25T17:45:00Z,92.58,92.71,92.555,92.64
2026-09-25T17:45:00Z,2026-09-25T17:50:00Z,92.635,92.68,92.545,92.615
2026-09-25T17:50:00Z,2026-09-25T17:55:00Z,92.61,92.655,92.57,92.625
2026-09-25T17:55:00Z,2026-09-25T18:00:00Z,92.625,92.675,92.595,92.67
2026-09-25T18:00:00Z,2026-09-25T18:05:00Z,92.685,92.695,92.635,92.665
2026-09-25T18:05:00Z,2026-09-25T18:10:00Z,92.66,92.745,92.63,92.735
2026-09-25T18:10:00Z,2026-09-25T18:15:00Z,92.735,92.755,92.655,92.735
2026-09-25T18:15:00Z,2026-09-25T18:20:00Z,92.735,92.77,92.7,92.735
2026-09-25T18:20:00Z,2026-09-25T18:25:00Z,92.725,92.725,92.635,92.695
2026-09-25T18:25:00Z,2026-09-25T18:30:00Z,92.695,92.75,92.515,92.645
2026-09-25T18:30:00Z,2026-09-25T18:35:00Z,92.645,92.835,92.63,92.825
2026-09-25T18:35:00Z,2026-09-25T18:40:00Z,92.825,92.86,92.695,92.695
2026-09-25T18:40:00Z,2026-09-25T18:45:00Z,92.695,92.795,92.685,92.79
2026-09-25T18:45:00Z,2026-09-25T18:50:00Z,92.795,92.865,92.76,92.85
2026-09-25T18:50:00Z,2026-09-25T18:55:00Z,92.855,92.895,92.775,92.8
2026-09-25T18:55:00Z,2026-09-25T19:00:00Z,92.8,92.875,92.785,92.875
2026-09-25T19:00:00Z,2026-09-25T19:05:00Z,92.88,92.975,92.8,92.875
2026-09-25T19:05:00Z,2026-09-25T19:10:00Z,92.875,92.955,92.83,92.915
2026-09-25T19:10:00Z,2026-09-25T19:15:00Z,92.905,92.99,92.885,92.965
2026-09-25T19:15:00Z,2026-09-25T19:20:00Z,92.965,92.965,92.86,92.86
2026-09-25T19:20:00Z,2026-09-25T19:25:00Z,92.865,92.875,92.78,92.795
2026-09-25T19:25:00Z,2026-09-25T19:30:00Z,92.795,92.805,92.665,92.705
2026-09-25T19:30:00Z,2026-09-25T19:35:00Z,92.705,92.765,92.655,92.755
2026-09-25T19:35:00Z,2026-09-25T19:40:00Z,92.755,92.955,92.755,92.905
2026-09-25T19:40:00Z,2026-09-25T19:45:00Z,92.905,92.945,92.845,92.905
2026-09-25T19:45:00Z,2026-09-25T19:50:00Z,92.915,92.985,92.865,92.88
2026-09-25T19:50:00Z,2026-09-25T19:55:00Z,92.885,93.01,92.84,92.84
2026-09-25T19:55:00Z,2026-09-25T20:00:00Z,92.845,92.875,92.8,92.845
2026-09-28T13:30:00Z,2026-09-28T13:35:00Z,88.115,88.275,87.685,87.825
2026-09-28T13:35:00Z,2026-09-28T13:40:00Z,87.83,88.355,87.36,88.245
2026-09-28T13:40:00Z,2026-09-28T13:45:00Z,88.23,88.87,88.175,88.865
2026-09-28T13:45:00Z,2026-09-28T13:50:00Z,88.87,89.285,88.855,89.075
2026-09-28T13:50:00Z,2026-09-28T13:55:00Z,89.07,89.215,88.92,89.11
2026-09-28T13:55:00Z,2026-09-28T14:00:00Z,89.1,89.34,89.01,89.23
2026-09-28T14:00:00Z,2026-09-28T14:05:00Z,89.22,89.43,88.91,88.93
2026-09-28T14:05:00Z,2026-09-28T14:10:00Z,88.94,89.205,88.905,89.005
2026-09-28T14:10:00Z,2026-09-28T14:15:00Z,88.985,89.08,88.865,88.92
2026-09-28T14:15:00Z,2026-09-28T14:20:00Z,88.91,89.02,88.82,88.875
2026-09-28T14:20:00Z,2026-09-28T14:25:00Z,88.87,89.04,88.705,89.01
2026-09-28T14:25:00Z,2026-09-28T14:30:00Z,89.01,89.145,88.86,89.1
2026-09-28T14:30:00Z,2026-09-28T14:35:00Z,89.095,89.1,88.825,88.88
2026-09-28T14:35:00Z,2026-09-28T14:40:00Z,88.885,89.02,88.815,88.915
2026-09-28T14:40:00Z,2026-09-28T14:45:00Z,88.915,88.915,88.555,88.6
2026-09-28T14:45:00Z,2026-09-28T14:50:00Z,88.595,88.625,88.125,88.265
2026-09-28T14:50:00Z,2026-09-28T14:55:00Z,88.26,88.35,88.26,88.35
2026-09-09T16:20:00Z,2026-09-09T16:25:00Z,99.45,99.65,99.45,99.65
2026-09-09T16:25:00Z,2026-09-09T16:30:00Z,99.645,99.79,99.645,99.76
2026-09-09T16:30:00Z,2026-09-09T16:35:00Z,99.75,99.89,99.69,99.81
2026-09-09T16:35:00Z,2026-09-09T16:40:00Z,99.805,99.855,99.55,99.835
2026-09-09T16:40:00Z,2026-09-09T16:45:00Z,99.83,99.92,99.75,99.9
2026-09-09T16:45:00Z,2026-09-09T16:50:00Z,99.9,100.03,99.865,99.93
2026-09-09T16:50:00Z,2026-09-09T16:55:00Z,99.92,100.04,99.91,100.02
2026-09-09T16:55:00Z,2026-09-09T17:00:00Z,100.015,100.095,99.93,100.075
2026-09-09T17:00:00Z,2026-09-09T17:05:00Z,100.075,100.19,99.955,100.115
2026-09-09T17:05:00Z,2026-09-09T17:10:00Z,100.12,100.36,100.1,100.305
2026-09-09T17:10:00Z,2026-09-09T17:15:00Z,100.3,100.32,100.12,100.22
2026-09-09T17:15:00Z,2026-09-09T17:20:00Z,100.23,100.23,100.095,100.16
2026-09-09T17:20:00Z,2026-09-09T17:25:00Z,100.155,100.23,100.09,100.13
2026-09-09T17:25:00Z,2026-09-09T17:30:00Z,100.13,100.215,100.005,100.01
2026-09-09T17:30:00Z,2026-09-09T17:35:00Z,100.005,100.07,99.97,100.01
2026-09-09T17:35:00Z,2026-09-09T17:40:00Z,100.005,100.035,99.91,99.975
2026-09-09T17:40:00Z,2026-09-09T17:45:00Z,99.98,100.175,99.98,100.135
2026-09-09T17:45:00Z,2026-09-09T17:50:00Z,100.15,100.2,100.095,100.095
2026-09-09T17:50:00Z,2026-09-09T17:55:00Z,100.11,100.205,100.055,100.11
2026-09-09T17:55:00Z,2026-09-09T18:00:00Z,100.1,100.2,100.065,100.14
2026-09-09T18:00:00Z,2026-09-09T18:05:00Z,100.145,100.255,100.065,100.19
2026-09-09T18:05:00Z,2026-09-09T18:10:00Z,100.19,100.25,100.13,100.22
2026-09-09T18:10:00Z,2026-09-09T18:15:00Z,100.22,100.27,100.16,100.2
2026-09-09T18:15:00Z,2026-09-09T18:20:00Z,100.19,100.275,100.135,100.195
2026-09-09T18:20:00Z,2026-09-09T18:25:00Z,100.195,100.2,100.075,100.14
2026-09-09T18:25:00Z,2026-09-09T18:30:00Z,100.14,100.17,100.08,100.13
2026-09-09T18:30:00Z,2026-09-09T18:35:00Z,100.13,100.13,99.925,100
2026-09-09T18:35:00Z,2026-09-09T18:40:00Z,100.01,100.04,99.88,99.975
2026-09-09T18:40:00Z,2026-09-09T18:45:00Z,99.98,100.015,99.83,99.85
2026-09-09T18:45:00Z,2026-09-09T18:50:00Z,99.855,99.875,99.645,99.645
2026-09-09T18:50:00Z,2026-09-09T18:55:00Z,99.64,99.645,99.515,99.555
2026-09-09T18:55:00Z,2026-09-09T19:00:00Z,99.56,99.65,99.475,99.505
2026-09-09T19:00:00Z,2026-09-09T19:05:00Z,99.51,99.56,99.23,99.335
2026-09-09T19:05:00Z,2026-09-09T19:10:00Z,99.325,99.415,99.24,99.3
2026-09-09T19:10:00Z,2026-09-09T19:15:00Z,99.31,99.41,99.245,99.385
2026-09-09T19:15:00Z,2026-09-09T19:20:00Z,99.39,99.5,99.37,99.465
2026-09-09T19:20:00Z,2026-09-09T19:25:00Z,99.465,99.635,99.46,99.625
2026-09-09T19:25:00Z,2026-09-09T19:30:00Z,99.625,99.67,99.535,99.55
2026-09-09T19:30:00Z,2026-09-09T19:35:00Z,99.545,99.625,99.495,99.605
2026-09-09T19:35:00Z,2026-09-09T19:40:00Z,99.605,99.615,99.42,99.495
2026-09-09T19:40:00Z,2026-09-09T19:45:00Z,99.485,99.575,99.42,99.545
2026-09-09T19:45:00Z,2026-09-09T19:50:00Z,99.55,99.62,99.535,99.575
2026-09-09T19:50:00Z,2026-09-09T19:55:00Z,99.57,99.635,99.43,99.57
2026-09-09T19:55:00Z,2026-09-09T20:00:00Z,99.56,99.675,99.455,99.46
2026-09-10T13:30:00Z,2026-09-10T13:35:00Z,96.43,96.66,95.63,96.3
2026-09-10T13:35:00Z,2026-09-10T13:40:00Z,96.265,96.475,95.925,96.475
2026-09-10T13:40:00Z,2026-09-10T13:45:00Z,96.48,96.99,96.48,96.65
2026-09-10T13:45:00Z,2026-09-10T13:50:00Z,96.63,97.35,96.58,97.05
2026-09-10T13:50:00Z,2026-09-10T13:55:00Z,97.04,97.23,96.72,97.03
2026-09-10T13:55:00Z,2026-09-10T14:00:00Z,97.035,97.165,96.825,96.87
2026-09-10T14:00:00Z,2026-09-10T14:05:00Z,96.895,97.37,96.895,97.29
2026-09-10T14:05:00Z,2026-09-10T14:10:00Z,97.285,97.305,96.29,96.505
2026-09-10T14:10:00Z,2026-09-10T14:15:00Z,96.5,96.71,96.315,96.355
2026-09-10T14:15:00Z,2026-09-10T14:20:00Z,96.35,96.565,96.22,96.5
2026-09-10T14:20:00Z,2026-09-10T14:25:00Z,96.485,97.015,96.44,96.97
2026-09-10T14:25:00Z,2026-09-10T14:30:00Z,96.95,97.13,96.665,96.69
2026-09-10T14:30:00Z,2026-09-10T14:35:00Z,96.685,96.905,96.565,96.865
2026-09-10T14:35:00Z,2026-09-10T14:40:00Z,96.865,97.14,96.655,96.665
2026-09-10T14:40:00Z,2026-09-10T14:45:00Z,96.665,96.965,96.44,96.5
2026-09-10T14:45:00Z,2026-09-10T14:50:00Z,96.49,96.84,96.41,96.775
2026-09-10T14:50:00Z,2026-09-10T14:55:00Z,96.77,96.995,96.7,96.8
2026-09-10T14:55:00Z,2026-09-10T15:00:00Z,96.795,97.075,96.78,97.07
2026-09-10T15:00:00Z,2026-09-10T15:05:00Z,97.075,97.08,96.72,96.735
2026-09-10T15:05:00Z,2026-09-10T15:10:00Z,96.74,96.995,96.735,96.795
2026-09-10T15:10:00Z,2026-09-10T15:15:00Z,96.79,97.035,96.775,96.945
2026-09-10T15:15:00Z,2026-09-10T15:20:00Z,96.94,97.11,96.865,97.015
2026-09-10T15:20:00Z,2026-09-10T15:25:00Z,97.01,97.17,96.975,97.04
2026-09-10T15:25:00Z,2026-09-10T15:30:00Z,97.035,97.13,96.97,97.06
2026-09-10T15:30:00Z,2026-09-10T15:35:00Z,97.08,97.19,96.945,97.15
2026-09-10T15:35:00Z,2026-09-10T15:40:00Z,97.155,97.21,96.945,96.99
2026-09-10T15:40:00Z,2026-09-10T15:45:00Z,96.98,97.09,96.92,97.05
2026-09-10T15:45:00Z,2026-09-10T15:50:00Z,97.055,97.07,96.725,96.965
2026-09-10T15:50:00Z,2026-09-10T15:55:00Z,96.96,96.97,96.755,96.76
2026-09-10T15:55:00Z,2026-09-10T16:00:00Z,96.765,96.865,96.7,96.81
2026-09-10T16:00:00Z,2026-09-10T16:05:00Z,96.8,96.97,96.8,96.865
2026-09-10T16:05:00Z,2026-09-10T16:10:00Z,96.86,96.91,96.675,96.71
2026-09-10T16:10:00Z,2026-09-10T16:15:00Z,96.715,96.79,96.57,96.77
2026-09-10T16:15:00Z,2026-09-10T16:20:00Z,96.76,96.83,96.57,96.745
2026-09-10T16:20:00Z,2026-09-10T16:25:00Z,96.74,96.97,96.74,96.93
2026-09-10T16:25:00Z,2026-09-10T16:30:00Z,96.93,96.995,96.89,96.995
2026-09-10T16:30:00Z,2026-09-10T16:35:00Z,96.99,97.1,96.855,96.86
2026-09-10T16:35:00Z,2026-09-10T16:40:00Z,96.86,96.92,96.755,96.865
2026-09-10T16:40:00Z,2026-09-10T16:45:00Z,96.87,96.89,96.635,96.67
2026-09-10T16:45:00Z,2026-09-10T16:50:00Z,96.675,96.95,96.67,96.795
2026-09-10T16:50:00Z,2026-09-10T16:55:00Z,96.79,96.9,96.76,96.83
2026-09-10T16:55:00Z,2026-09-10T17:00:00Z,96.835,96.915,96.805,96.89
2026-09-10T17:00:00Z,2026-09-10T17:05:00Z,96.88,97.085,96.745,96.96
2026-09-10T17:05:00Z,2026-09-10T17:10:00Z,96.965,97.035,96.9,96.96
2026-09-10T17:10:00Z,2026-09-10T17:15:00Z,96.97,97.145,96.965,97.005
2026-09-10T17:15:00Z,2026-09-10T17:20:00Z,97.01,97.425,96.965,97.41
2026-09-10T17:20:00Z,2026-09-10T17:25:00Z,97.41,97.41,97.155,97.32
2026-09-10T17:25:00Z,2026-09-10T17:30:00Z,97.325,97.405,97.23,97.35
2026-09-10T17:30:00Z,2026-09-10T17:35:00Z,97.355,97.37,97.205,97.215
2026-09-10T17:35:00Z,2026-09-10T17:40:00Z,97.21,97.22,96.97,97
2026-09-10T17:40:00Z,2026-09-10T17:45:00Z,96.995,97,96.895,96.98
2026-09-10T17:45:00Z,2026-09-10T17:50:00Z,96.985,97.015,96.925,96.955
2026-09-10T17:50:00Z,2026-09-10T17:55:00Z,96.955,96.98,96.825,96.875
2026-09-10T17:55:00Z,2026-09-10T18:00:00Z,96.88,96.89,96.74,96.745
2026-09-10T18:00:00Z,2026-09-10T18:05:00Z,96.745,96.815,96.555,96.59
2026-09-10T18:05:00Z,2026-09-10T18:10:00Z,96.59,96.625,96.335,96.36
2026-09-10T18:10:00Z,2026-09-10T18:15:00Z,96.35,96.39,96.25,96.355
2026-09-10T18:15:00Z,2026-09-10T18:20:00Z,96.35,96.39,96.215,96.325
2026-09-10T18:20:00Z,2026-09-10T18:25:00Z,96.34,96.52,96.33,96.5
2026-09-10T18:25:00Z,2026-09-10T18:30:00Z,96.49,96.55,96.37,96.4
2026-09-10T18:30:00Z,2026-09-10T18:35:00Z,96.405,96.41,96.185,96.32
2026-09-10T18:35:00Z,2026-09-10T18:40:00Z,96.33,96.42,96.29,96.405
2026-09-10T18:40:00Z,2026-09-10T18:45:00Z,96.405,96.46,96.35,96.425
2026-09-10T18:45:00Z,2026-09-10T18:50:00Z,96.425,96.43,96.285,96.33
2026-09-10T18:50:00Z,2026-09-10T18:55:00Z,96.325,96.71,96.27,96.56
2026-09-10T18:55:00Z,2026-09-10T19:00:00Z,96.58,96.71,96.55,96.6
2026-09-10T19:00:00Z,2026-09-10T19:05:00Z,96.59,96.59,96.08,96.195
2026-09-10T19:05:00Z,2026-09-10T19:10:00Z,96.19,96.49,96.175,96.48
2026-09-10T19:10:00Z,2026-09-10T19:15:00Z,96.49,96.515,96.28,96.38
2026-09-10T19:15:00Z,2026-09-10T19:20:00Z,96.38,96.44,96.21,96.22
2026-09-10T19:20:00Z,2026-09-10T19:25:00Z,96.22,96.39,96.22,96.365
2026-09-10T19:25:00Z,2026-09-10T19:30:00Z,96.38,96.435,96.275,96.3
2026-09-10T19:30:00Z,2026-09-10T19:35:00Z,96.31,96.33,96.215,96.275
2026-09-10T19:35:00Z,2026-09-10T19:40:00Z,96.28,96.295,96.14,96.21
2026-09-10T19:40:00Z,2026-09-10T19:45:00Z,96.205,96.24,95.975,95.99
2026-09-10T19:45:00Z,2026-09-10T19:50:00Z,95.995,96.055,95.955,96.035
2026-09-10T19:50:00Z,2026-09-10T19:55:00Z,96.025,96.125,95.87,95.985
2026-09-10T19:55:00Z,2026-09-10T20:00:00Z,95.995,96.08,95.875,96.05
2026-09-11T13:30:00Z,2026-09-11T13:35:00Z,98.285,98.295,97.43,98.17
2026-09-11T13:35:00Z,2026-09-11T13:40:00Z,98.195,98.695,97.89,98.36
2026-09-11T13:40:00Z,2026-09-11T13:45:00Z,98.365,99.075,98.295,98.755
2026-09-11T13:45:00Z,2026-09-11T13:50:00Z,98.76,98.925,98.445,98.585
2026-09-11T13:50:00Z,2026-09-11T13:55:00Z,98.58,98.66,98.38,98.525
2026-09-11T13:55:00Z,2026-09-11T14:00:00Z,98.54,98.97,98.4,98.95
2026-09-11T14:00:00Z,2026-09-11T14:05:00Z,98.945,98.95,98.145,98.465
2026-09-11T14:05:00Z,2026-09-11T14:10:00Z,98.46,98.47,97.935,98.025
2026-09-11T14:10:00Z,2026-09-11T14:15:00Z,98.015,98.09,97.735,97.9
2026-09-11T14:15:00Z,2026-09-11T14:20:00Z,97.9,98.065,97.765,98.03
2026-09-11T14:20:00Z,2026-09-11T14:25:00Z,98.035,98.305,97.925,97.95
2026-09-11T14:25:00Z,2026-09-11T14:30:00Z,97.95,97.95,97.67,97.83
2026-09-11T14:30:00Z,2026-09-11T14:35:00Z,97.835,97.86,97.455,97.49
2026-09-11T14:35:00Z,2026-09-11T14:40:00Z,97.485,97.495,97.015,97.16
2026-09-11T14:40:00Z,2026-09-11T14:45:00Z,97.16,97.425,96.985,97.275
2026-09-11T14:45:00Z,2026-09-11T14:50:00Z,97.3,97.935,97.285,97.905
2026-09-11T14:50:00Z,2026-09-11T14:55:00Z,97.915,98.04,97.715,97.725
2026-09-11T14:55:00Z,2026-09-11T15:00:00Z,97.73,97.75,97.505,97.55
2026-09-11T15:00:00Z,2026-09-11T15:05:00Z,97.555,97.605,97.325,97.42
2026-09-11T15:05:00Z,2026-09-11T15:10:00Z,97.415,97.455,97.055,97.125
2026-09-11T15:10:00Z,2026-09-11T15:15:00Z,97.12,97.19,97.005,97.065
2026-09-11T15:15:00Z,2026-09-11T15:20:00Z,97.075,97.33,97.07,97.205
2026-09-11T15:20:00Z,2026-09-11T15:25:00Z,97.21,97.51,97.175,97.395
2026-09-11T15:25:00Z,2026-09-11T15:30:00Z,97.4,97.57,97.35,97.44
2026-09-11T15:30:00Z,2026-09-11T15:35:00Z,97.425,97.54,97.315,97.405
2026-09-11T15:35:00Z,2026-09-11T15:40:00Z,97.395,97.51,97.29,97.29
2026-09-11T15:40:00Z,2026-09-11T15:45:00Z,97.285,97.42,97.16,97.4
2026-09-11T15:45:00Z,2026-09-11T15:50:00Z,97.395,97.4,97.195,97.38
2026-09-11T15:50:00Z,2026-09-11T15:55:00Z,97.385,97.475,97.29,97.375
2026-09-11T15:55:00Z,2026-09-11T16:00:00Z,97.37,97.375,97.24,97.345
2026-09-11T16:00:00Z,2026-09-11T16:05:00Z,97.33,97.48,97.3,97.44
2026-09-11T16:05:00Z,2026-09-11T16:10:00Z,97.44,97.47,97.12,97.14
2026-09-11T16:10:00Z,2026-09-11T16:15:00Z,97.145,97.165,96.91,96.92
2026-09-11T16:15:00Z,2026-09-11T16:20:00Z,96.915,97.03,96.81,96.84
2026-09-11T16:20:00Z,2026-09-11T16:25:00Z,96.845,96.93,96.635,96.705
2026-09-11T16:25:00Z,2026-09-11T16:30:00Z,96.71,96.99,96.68,96.725
2026-09-11T16:30:00Z,2026-09-11T16:35:00Z,96.73,97.135,96.63,97.085
2026-09-11T16:35:00Z,2026-09-11T16:40:00Z,97.08,97.08,96.77,96.81
2026-09-11T16:40:00Z,2026-09-11T16:45:00Z,96.805,96.98,96.785,96.965
2026-09-11T16:45:00Z,2026-09-11T16:50:00Z,96.95,97.07,96.935,96.935
2026-09-11T16:50:00Z,2026-09-11T16:55:00Z,96.93,96.98,96.91,96.95
2026-09-11T16:55:00Z,2026-09-11T17:00:00Z,96.945,96.99,96.88,96.95
2026-09-11T17:00:00Z,2026-09-11T17:05:00Z,96.96,97,96.86,96.9
2026-09-11T17:05:00Z,2026-09-11T17:10:00Z,96.89,97.05,96.87,97
2026-09-11T17:10:00Z,2026-09-11T17:15:00Z,97,97.115,96.94,97.015
2026-09-11T17:15:00Z,2026-09-11T17:20:00Z,97.02,97.165,96.98,97.145
2026-09-11T17:20:00Z,2026-09-11T17:25:00Z,97.145,97.315,97.145,97.31
2026-09-11T17:25:00Z,2026-09-11T17:30:00Z,97.31,97.31,97.13,97.14
2026-09-11T17:30:00Z,2026-09-11T17:35:00Z,97.12,97.155,97.05,97.155
2026-09-11T17:35:00Z,2026-09-11T17:40:00Z,97.16,97.19,96.99,97.02
2026-09-11T17:40:00Z,2026-09-11T17:45:00Z,97.025,97.045,96.905,97.015
2026-09-11T17:45:00Z,2026-09-11T17:50:00Z,97.01,97.1,96.965,97.09
2026-09-11T17:50:00Z,2026-09-11T17:55:00Z,97.095,97.15,97.06,97.07
2026-09-11T17:55:00Z,2026-09-11T18:00:00Z,97.07,97.07,96.865,96.895
2026-09-11T18:00:00Z,2026-09-11T18:05:00Z,96.895,96.94,96.805,96.925
2026-09-11T18:05:00Z,2026-09-11T18:10:00Z,96.93,96.935,96.83,96.84
2026-09-11T18:10:00Z,2026-09-11T18:15:00Z,96.84,96.89,96.655,96.67
2026-09-11T18:15:00Z,2026-09-11T18:20:00Z,96.67,96.785,96.65,96.74
2026-09-11T18:20:00Z,2026-09-11T18:25:00Z,96.74,96.79,96.5,96.585
2026-09-11T18:25:00Z,2026-09-11T18:30:00Z,96.58,96.68,96.51,96.52
2026-09-11T18:30:00Z,2026-09-11T18:35:00Z,96.52,96.56,96.23,96.385
2026-09-11T18:35:00Z,2026-09-11T18:40:00Z,96.395,96.49,96.335,96.395
2026-09-11T18:40:00Z,2026-09-11T18:45:00Z,96.355,96.52,96.33,96.45
2026-09-11T18:45:00Z,2026-09-11T18:50:00Z,96.455,96.495,96.42,96.435
2026-09-11T18:50:00Z,2026-09-11T18:55:00Z,96.43,96.495,96.4,96.45
2026-09-11T18:55:00Z,2026-09-11T19:00:00Z,96.44,96.53,96.44,96.49
2026-09-11T19:00:00Z,2026-09-11T19:05:00Z,96.495,96.66,96.48,96.655
2026-09-11T19:05:00Z,2026-09-11T19:10:00Z,96.65,96.73,96.57,96.66
2026-09-11T19:10:00Z,2026-09-11T19:15:00Z,96.66,96.75,96.62,96.75
2026-09-11T19:15:00Z,2026-09-11T19:20:00Z,96.745,96.81,96.73,96.765
2026-09-11T19:20:00Z,2026-09-11T19:25:00Z,96.77,96.8,96.705,96.8
2026-09-11T19:25:00Z,2026-09-11T19:30:00Z,96.79,96.82,96.665,96.675
2026-09-11T19:30:00Z,2026-09-11T19:35:00Z,96.68,96.73,96.615,96.67
2026-09-11T19:35:00Z,2026-09-11T19:40:00Z,96.67,96.7,96.57,96.605
2026-09-11T19:40:00Z,2026-09-11T19:45:00Z,96.605,96.7,96.59,96.675
2026-09-11T19:45:00Z,2026-09-11T19:50:00Z,96.67,96.735,96.63,96.68
2026-09-11T19:50:00Z,2026-09-11T19:55:00Z,96.68,96.915,96.68,96.915
2026-09-11T19:55:00Z,2026-09-11T20:00:00Z,96.915,97.11,96.81,97.06
2026-09-14T13:30:00Z,2026-09-14T13:35:00Z,93.95,94.24,93.155,93.275
2026-09-14T13:35:00Z,2026-09-14T13:40:00Z,93.27,93.535,93.005,93.06
2026-09-14T13:40:00Z,2026-09-14T13:45:00Z,93.055,93.385,93.03,93.385
2026-09-14T13:45:00Z,2026-09-14T13:50:00Z,93.38,93.565,93.105,93.365
2026-09-14T13:50:00Z,2026-09-14T13:55:00Z,93.36,93.525,93.175,93.23
2026-09-14T13:55:00Z,2026-09-14T14:00:00Z,93.225,93.355,93.15,93.2
2026-09-14T14:00:00Z,2026-09-14T14:05:00Z,93.205,93.36,93.14,93.34
2026-09-14T14:05:00Z,2026-09-14T14:10:00Z,93.335,93.345,93.11,93.25
2026-09-14T14:10:00Z,2026-09-14T14:15:00Z,93.24,93.74,93.205,93.7
2026-09-14T14:15:00Z,2026-09-14T14:20:00Z,93.69,93.78,93.185,93.31
2026-09-14T14:20:00Z,2026-09-14T14:25:00Z,93.29,93.34,92.85,92.87
2026-09-14T14:25:00Z,2026-09-14T14:30:00Z,92.87,93.14,92.86,93.105
2026-09-14T14:30:00Z,2026-09-14T14:35:00Z,93.11,93.13,92.89,93.09
2026-09-14T14:35:00Z,2026-09-14T14:40:00Z,93.095,93.175,92.965,93.13
2026-09-14T14:40:00Z,2026-09-14T14:45:00Z,93.115,93.39,92.95,93.37
2026-09-14T14:45:00Z,2026-09-14T14:50:00Z,93.375,93.725,93.34,93.635
2026-09-14T14:50:00Z,2026-09-14T14:55:00Z,93.64,93.69,93.475,93.555
2026-09-14T14:55:00Z,2026-09-14T15:00:00Z,93.555,93.69,93.51,93.68
2026-09-14T15:00:00Z,2026-09-14T15:05:00Z,93.685,93.71,93.385,93.4
2026-09-14T15:05:00Z,2026-09-14T15:10:00Z,93.395,94.15,93.39,93.76
2026-09-14T15:10:00Z,2026-09-14T15:15:00Z,93.77,93.92,93.64,93.65
2026-09-14T15:15:00Z,2026-09-14T15:20:00Z,93.645,93.78,93.51,93.665
2026-09-14T15:20:00Z,2026-09-14T15:25:00Z,93.675,93.74,93.59,93.715
2026-09-14T15:25:00Z,2026-09-14T15:30:00Z,93.71,93.95,93.63,93.895
2026-09-14T15:30:00Z,2026-09-14T15:35:00Z,93.88,94.335,93.76,94.31
2026-09-14T15:35:00Z,2026-09-14T15:40:00Z,94.32,94.46,94.125,94.46
2026-09-14T15:40:00Z,2026-09-14T15:45:00Z,94.455,94.465,94.23,94.32
2026-09-14T15:45:00Z,2026-09-14T15:50:00Z,94.315,94.32,93.95,93.975
2026-09-14T15:50:00Z,2026-09-14T15:55:00Z,93.975,94,93.885,93.985
2026-09-14T15:55:00Z,2026-09-14T16:00:00Z,93.98,94.14,93.93,93.965
2026-09-14T16:00:00Z,2026-09-14T16:05:00Z,93.965,94.01,93.86,93.89
2026-09-14T16:05:00Z,2026-09-14T16:10:00Z,93.895,94.16,93.89,94.155
2026-09-14T16:10:00Z,2026-09-14T16:15:00Z,94.16,94.225,94.07,94.07
2026-09-14T16:15:00Z,2026-09-14T16:20:00Z,94.075,94.33,94.075,94.28
2026-09-14T16:20:00Z,2026-09-14T16:25:00Z,94.285,94.35,94.15,94.33
2026-09-14T16:25:00Z,2026-09-14T16:30:00Z,94.335,94.37,94.195,94.22
2026-09-14T16:30:00Z,2026-09-14T16:35:00Z,94.21,94.38,94.185,94.25
2026-09-14T16:35:00Z,2026-09-14T16:40:00Z,94.25,94.34,94.14,94.335
2026-09-14T16:40:00Z,2026-09-14T16:45:00Z,94.335,94.5,94.265,94.44
2026-09-14T16:45:00Z,2026-09-14T16:50:00Z,94.44,94.995,94.39,94.92
2026-09-14T16:50:00Z,2026-09-14T16:55:00Z,94.91,95.08,94.8,95.045
2026-09-14T16:55:00Z,2026-09-14T17:00:00Z,95.05,95.09,94.87,94.905
2026-09-14T17:00:00Z,2026-09-14T17:05:00Z,94.9,94.905,94.73,94.85
2026-09-14T17:05:00Z,2026-09-14T17:10:00Z,94.85,94.88,94.69,94.715
2026-09-14T17:10:00Z,2026-09-14T17:15:00Z,94.725,94.915,94.71,94.775
2026-09-14T17:15:00Z,2026-09-14T17:20:00Z,94.765,94.88,94.75,94.785
2026-09-14T17:20:00Z,2026-09-14T17:25:00Z,94.79,94.84,94.78,94.8
2026-09-14T17:25:00Z,2026-09-14T17:30:00Z,94.805,94.87,94.75,94.855
2026-09-14T17:30:00Z,2026-09-14T17:35:00Z,94.855,94.93,94.71,94.715
2026-09-14T17:35:00Z,2026-09-14T17:40:00Z,94.71,94.72,94.61,94.695
2026-09-14T17:40:00Z,2026-09-14T17:45:00Z,94.69,94.725,94.59,94.61
2026-09-14T17:45:00Z,2026-09-14T17:50:00Z,94.605,94.63,94.545,94.595
2026-09-14T17:50:00Z,2026-09-14T17:55:00Z,94.595,94.67,94.535,94.625
2026-09-14T17:55:00Z,2026-09-14T18:00:00Z,94.625,94.66,94.53,94.53
2026-09-14T18:00:00Z,2026-09-14T18:05:00Z,94.535,94.65,94.43,94.435
2026-09-14T18:05:00Z,2026-09-14T18:10:00Z,94.445,94.475,94.345,94.4
2026-09-14T18:10:00Z,2026-09-14T18:15:00Z,94.4,94.46,94.36,94.455
2026-09-14T18:15:00Z,2026-09-14T18:20:00Z,94.45,94.535,94.425,94.485
2026-09-14T18:20:00Z,2026-09-14T18:25:00Z,94.48,94.545,94.375,94.38
2026-09-14T18:25:00Z,2026-09-14T18:30:00Z,94.39,94.405,94.275,94.345
2026-09-14T18:30:00Z,2026-09-14T18:35:00Z,94.34,94.57,94.325,94.505
2026-09-14T18:35:00Z,2026-09-14T18:40:00Z,94.505,94.625,94.5,94.59
2026-09-14T18:40:00Z,2026-09-14T18:45:00Z,94.595,94.62,94.54,94.575
2026-09-14T18:45:00Z,2026-09-14T18:50:00Z,94.57,94.645,94.555,94.58
2026-09-14T18:50:00Z,2026-09-14T18:55:00Z,94.565,94.565,94.415,94.465
2026-09-14T18:55:00Z,2026-09-14T19:00:00Z,94.46,94.505,94.42,94.47
2026-09-14T19:00:00Z,2026-09-14T19:05:00Z,94.475,94.505,94.345,94.41
2026-09-14T19:05:00Z,2026-09-14T19:10:00Z,94.41,94.44,94.365,94.365
2026-09-14T19:10:00Z,2026-09-14T19:15:00Z,94.37,94.445,94.345,94.415
2026-09-14T19:15:00Z,2026-09-14T19:20:00Z,94.415,94.415,94.255,94.305
2026-09-14T19:20:00Z,2026-09-14T19:25:00Z,94.305,94.335,94.205,94.245
2026-09-14T19:25:00Z,2026-09-14T19:30:00Z,94.245,94.32,94.245,94.275
2026-09-14T19:30:00Z,2026-09-14T19:35:00Z,94.275,94.3,94.225,94.235
2026-09-14T19:35:00Z,2026-09-14T19:40:00Z,94.235,94.285,94.215,94.225
2026-09-14T19:40:00Z,2026-09-14T19:45:00Z,94.22,94.235,94.175,94.215
2026-09-14T19:45:00Z,2026-09-14T19:50:00Z,94.205,94.21,94.085,94.095
2026-09-14T19:50:00Z,2026-09-14T19:55:00Z,94.095,94.165,94.035,94.14
2026-09-14T19:55:00Z,2026-09-14T20:00:00Z,94.135,94.175,93.995,94.16
2026-09-15T13:30:00Z,2026-09-15T13:35:00Z,94.525,94.74,94.18,94.42
2026-09-15T13:35:00Z,2026-09-15T13:40:00Z,94.425,94.49,93.9,93.92
2026-09-15T13:40:00Z,2026-09-15T13:45:00Z,93.94,94.225,93.905,94.1
2026-09-15T13:45:00Z,2026-09-15T13:50:00Z,94.095,94.165,93.865,94.03
2026-09-15T13:50:00Z,2026-09-15T13:55:00Z,94.04,94.21,93.97,94.18
2026-09-15T13:55:00Z,2026-09-15T14:00:00Z,94.18,94.205,94.03,94.055
2026-09-15T14:00:00Z,2026-09-15T14:05:00Z,94.05,94.23,93.825,93.83
2026-09-15T14:05:00Z,2026-09-15T14:10:00Z,93.82,94.07,93.8,93.86
2026-09-15T14:10:00Z,2026-09-15T14:15:00Z,93.865,93.92,93.58,93.635
2026-09-15T14:15:00Z,2026-09-15T14:20:00Z,93.64,93.66,93.35,93.55
2026-09-15T14:20:00Z,2026-09-15T14:25:00Z,93.54,93.595,93.195,93.275
2026-09-15T14:25:00Z,2026-09-15T14:30:00Z,93.27,93.3,93.07,93.145
2026-09-15T14:30:00Z,2026-09-15T14:35:00Z,93.15,93.335,92.965,93.315
2026-09-15T14:35:00Z,2026-09-15T14:40:00Z,93.325,93.38,93.005,93.07
2026-09-15T14:40:00Z,2026-09-15T14:45:00Z,93.075,93.22,93.02,93.11
2026-09-15T14:45:00Z,2026-09-15T14:50:00Z,93.1,93.145,93.005,93.03
2026-09-15T14:50:00Z,2026-09-15T14:55:00Z,93.02,93.095,92.85,92.98
2026-09-15T14:55:00Z,2026-09-15T15:00:00Z,92.985,92.995,92.86,92.86
2026-09-15T15:00:00Z,2026-09-15T15:05:00Z,92.865,93.14,92.86,93.14
2026-09-15T15:05:00Z,2026-09-15T15:10:00Z,93.15,93.18,93.02,93.08
2026-09-15T15:10:00Z,2026-09-15T15:15:00Z,93.075,93.235,93.02,93.125
2026-09-15T15:15:00Z,2026-09-15T15:20:00Z,93.12,93.14,92.98,93.01
2026-09-15T15:20:00Z,2026-09-15T15:25:00Z,93.005,93.06,92.91,93.05
2026-09-15T15:25:00Z,2026-09-15T15:30:00Z,93.06,93.105,92.965,93.04
2026-09-15T15:30:00Z,2026-09-15T15:35:00Z,93.045,93.12,92.94,92.99
2026-09-15T15:35:00Z,2026-09-15T15:40:00Z,93,93.01,92.945,92.985
2026-09-15T15:40:00Z,2026-09-15T15:45:00Z,92.99,93.21,92.99,93.16
2026-09-15T15:45:00Z,2026-09-15T15:50:00Z,93.16,93.23,93.11,93.17
2026-09-15T15:50:00Z,2026-09-15T15:55:00Z,93.16,93.455,93.16,93.27
2026-09-15T15:55:00Z,2026-09-15T16:00:00Z,93.26,93.43,93.1,93.105
2026-09-15T16:00:00Z,2026-09-15T16:05:00Z,93.095,93.39,93.08,93.39
2026-09-15T16:05:00Z,2026-09-15T16:10:00Z,93.385,93.485,93.335,93.48
2026-09-15T16:10:00Z,2026-09-15T16:15:00Z,93.475,93.495,93.315,93.325
2026-09-15T16:15:00Z,2026-09-15T16:20:00Z,93.33,93.48,93.285,93.48
2026-09-15T16:20:00Z,2026-09-15T16:25:00Z,93.46,93.77,93.44,93.735
2026-09-15T16:25:00Z,2026-09-15T16:30:00Z,93.74,93.74,93.64,93.69
2026-09-15T16:30:00Z,2026-09-15T16:35:00Z,93.68,93.745,93.54,93.55
2026-09-15T16:35:00Z,2026-09-15T16:40:00Z,93.545,93.7,93.53,93.62
2026-09-15T16:40:00Z,2026-09-15T16:45:00Z,93.61,93.765,93.595,93.76
2026-09-15T16:45:00Z,2026-09-15T16:50:00Z,93.765,93.8,93.705,93.71
2026-09-15T16:50:00Z,2026-09-15T16:55:00Z,93.7,93.91,93.7,93.89
2026-09-15T16:55:00Z,2026-09-15T17:00:00Z,93.895,93.9,93.76,93.765
2026-09-15T17:00:00Z,2026-09-15T17:05:00Z,93.76,93.775,93.41,93.42
2026-09-15T17:05:00Z,2026-09-15T17:10:00Z,93.425,93.54,93.395,93.54
2026-09-15T17:10:00Z,2026-09-15T17:15:00Z,93.5,93.665,93.48,93.64
2026-09-15T17:15:00Z,2026-09-15T17:20:00Z,93.64,93.64,93.485,93.52
2026-09-15T17:20:00Z,2026-09-15T17:25:00Z,93.52,93.525,93.42,93.42
2026-09-15T17:25:00Z,2026-09-15T17:30:00Z,93.42,93.475,93.36,93.42
2026-09-15T17:30:00Z,2026-09-15T17:35:00Z,93.42,93.65,93.42,93.61
2026-09-15T17:35:00Z,2026-09-15T17:40:00Z,93.61,93.74,93.585,93.62
2026-09-15T17:40:00Z,2026-09-15T17:45:00Z,93.64,93.65,93.58,93.645
2026-09-15T17:45:00Z,2026-09-15T17:50:00Z,93.63,93.73,93.63,93.705
2026-09-15T17:50:00Z,2026-09-15T17:55:00Z,93.68,93.71,93.6,93.635
2026-09-15T17:55:00Z,2026-09-15T18:00:00Z,93.645,93.7,93.635,93.64
2026-09-15T18:00:00Z,2026-09-15T18:05:00Z,93.645,93.68,93.51,93.56
2026-09-15T18:05:00Z,2026-09-15T18:10:00Z,93.55,93.7,93.54,93.69
2026-09-15T18:10:00Z,2026-09-15T18:15:00Z,93.7,93.95,93.68,93.86
2026-09-15T18:15:00Z,2026-09-15T18:20:00Z,93.87,93.98,93.815,93.965
2026-09-15T18:20:00Z,2026-09-15T18:25:00Z,93.965,93.985,93.91,93.975
2026-09-15T18:25:00Z,2026-09-15T18:30:00Z,93.975,94.045,93.95,93.97
2026-09-15T18:30:00Z,2026-09-15T18:35:00Z,93.96,93.97,93.88,93.92
2026-09-15T18:35:00Z,2026-09-15T18:40:00Z,93.93,93.95,93.88,93.92
2026-09-15T18:40:00Z,2026-09-15T18:45:00Z,93.915,94.08,93.875,93.875
2026-09-15T18:45:00Z,2026-09-15T18:50:00Z,93.88,93.975,93.85,93.97
2026-09-15T18:50:00Z,2026-09-15T18:55:00Z,93.975,94.205,93.975,94.145
2026-09-15T18:55:00Z,2026-09-15T19:00:00Z,94.145,94.185,94.085,94.17
2026-09-15T19:00:00Z,2026-09-15T19:05:00Z,94.175,94.32,94.125,94.125
2026-09-15T19:05:00Z,2026-09-15T19:10:00Z,94.125,94.125,94.02,94.025
2026-09-15T19:10:00Z,2026-09-15T19:15:00Z,94.02,94.03,93.89,93.915
2026-09-15T19:15:00Z,2026-09-15T19:20:00Z,93.915,93.985,93.9,93.925
2026-09-15T19:20:00Z,2026-09-15T19:25:00Z,93.925,93.975,93.86,93.975
2026-09-15T19:25:00Z,2026-09-15T19:30:00Z,93.97,94.035,93.955,94.01
2026-09-15T19:30:00Z,2026-09-15T19:35:00Z,94.005,94.04,93.945,94.005
2026-09-15T19:35:00Z,2026-09-15T19:40:00Z,94.005,94.035,93.965,94.03
2026-09-15T19:40:00Z,2026-09-15T19:45:00Z,94.025,94.085,94.005,94.025
2026-09-15T19:45:00Z,2026-09-15T19:50:00Z,94.01,94.035,93.965,94.015
2026-09-15T19:50:00Z,2026-09-15T19:55:00Z,94.015,94.025,93.84,93.935
2026-09-15T19:55:00Z,2026-09-15T20:00:00Z,93.94,94.16,93.875,94.11
2026-09-16T13:30:00Z,2026-09-16T13:35:00Z,95.98,95.98,95.45,95.48
2026-09-16T13:35:00Z,2026-09-16T13:40:00Z,95.495,95.64,95.14,95.185
2026-09-16T13:40:00Z,2026-09-16T13:45:00Z,95.19,95.35,94.875,94.89
2026-09-16T13:45:00Z,2026-09-16T13:50:00Z,94.885,95.015,94.78,94.81
2026-09-16T13:50:00Z,2026-09-16T13:55:00Z,94.825,94.97,94.53,94.64
2026-09-16T13:55:00Z,2026-09-16T14:00:00Z,94.645,94.695,94.45,94.505
2026-09-16T14:00:00Z,2026-09-16T14:05:00Z,94.495,94.575,94.24,94.24
2026-09-16T14:05:00Z,2026-09-16T14:10:00Z,94.245,94.32,93.94,94.225
2026-09-16T14:10:00Z,2026-09-16T14:15:00Z,94.245,94.52,94.245,94.505
2026-09-16T14:15:00Z,2026-09-16T14:20:00Z,94.5,94.52,93.885,93.89
2026-09-16T14:20:00Z,2026-09-16T14:25:00Z,93.885,94.05,93.8,93.89
2026-09-16T14:25:00Z,2026-09-16T14:30:00Z,93.895,94.15,93.89,94.125
2026-09-16T14:30:00Z,2026-09-16T14:35:00Z,94.13,94.135,93.925,94.03
2026-09-16T14:35:00Z,2026-09-16T14:40:00Z,94.03,94.27,94.03,94.14
2026-09-16T14:40:00Z,2026-09-16T14:45:00Z,94.145,94.405,94.13,94.37
2026-09-16T14:45:00Z,2026-09-16T14:50:00Z,94.365,94.735,94.34,94.705
2026-09-16T14:50:00Z,2026-09-16T14:55:00Z,94.7,94.985,94.51,94.525
2026-09-16T14:55:00Z,2026-09-16T15:00:00Z,94.52,94.815,94.41,94.81
2026-09-16T15:00:00Z,2026-09-16T15:05:00Z,94.815,94.905,94.485,94.485
2026-09-16T15:05:00Z,2026-09-16T15:10:00Z,94.49,94.975,94.47,94.915
2026-09-16T15:10:00Z,2026-09-16T15:15:00Z,94.915,94.995,94.585,94.69
2026-09-16T15:15:00Z,2026-09-16T15:20:00Z,94.685,94.78,94.62,94.73
2026-09-16T15:20:00Z,2026-09-16T15:25:00Z,94.725,94.765,94.585,94.62
2026-09-16T15:25:00Z,2026-09-16T15:30:00Z,94.615,94.63,94.415,94.42
2026-09-16T15:30:00Z,2026-09-16T15:35:00Z,94.42,94.48,94.34,94.475
2026-09-16T15:35:00Z,2026-09-16T15:40:00Z,94.48,94.68,94.46,94.64
2026-09-16T15:40:00Z,2026-09-16T15:45:00Z,94.65,94.675,94.61,94.645
2026-09-16T15:45:00Z,2026-09-16T15:50:00Z,94.64,95.13,94.58,94.67
2026-09-16T15:50:00Z,2026-09-16T15:55:00Z,94.675,94.685,94.48,94.54
2026-09-16T15:55:00Z,2026-09-16T16:00:00Z,94.545,94.62,94.48,94.55
2026-09-16T16:00:00Z,2026-09-16T16:05:00Z,94.555,94.56,94.325,94.325
2026-09-16T16:05:00Z,2026-09-16T16:10:00Z,94.33,94.45,94.32,94.385
2026-09-16T16:10:00Z,2026-09-16T16:15:00Z,94.39,94.405,94.315,94.36
2026-09-16T16:15:00Z,2026-09-16T16:20:00Z,94.37,94.415,94.27,94.33
2026-09-16T16:20:00Z,2026-09-16T16:25:00Z,94.325,94.35,94.15,94.185
2026-09-16T16:25:00Z,2026-09-16T16:30:00Z,94.19,94.2,94.085,94.16
2026-09-16T16:30:00Z,2026-09-16T16:35:00Z,94.16,94.305,94.16,94.28
2026-09-16T16:35:00Z,2026-09-16T16:40:00Z,94.28,94.28,94.15,94.25
2026-09-16T16:40:00Z,2026-09-16T16:45:00Z,94.24,94.29,94.155,94.2
2026-09-16T16:45:00Z,2026-09-16T16:50:00Z,94.2,94.335,94.2,94.25
2026-09-16T16:50:00Z,2026-09-16T16:55:00Z,94.25,94.255,94.17,94.24
2026-09-16T16:55:00Z,2026-09-16T17:00:00Z,94.235,94.275,94.18,94.21
2026-09-16T17:00:00Z,2026-09-16T17:05:00Z,94.22,94.24,94.045,94.1
2026-09-16T17:05:00Z,2026-09-16T17:10:00Z,94.1,94.17,94.05,94.1
2026-09-16T17:10:00Z,2026-09-16T17:15:00Z,94.1,94.14,94.04,94.125
2026-09-16T17:15:00Z,2026-09-16T17:20:00Z,94.12,94.19,94.11,94.17
2026-09-16T17:20:00Z,2026-09-16T17:25:00Z,94.18,94.25,94.16,94.25
2026-09-16T17:25:00Z,2026-09-16T17:30:00Z,94.255,94.345,94.24,94.325
2026-09-16T17:30:00Z,2026-09-16T17:35:00Z,94.32,94.395,94.295,94.36
2026-09-16T17:35:00Z,2026-09-16T17:40:00Z,94.37,94.37,94.24,94.25
2026-09-16T17:40:00Z,2026-09-16T17:45:00Z,94.245,94.3,94.215,94.27
2026-09-16T17:45:00Z,2026-09-16T17:50:00Z,94.27,94.355,94.265,94.29
2026-09-16T17:50:00Z,2026-09-16T17:55:00Z,94.295,94.3,94.22,94.22
2026-09-16T17:55:00Z,2026-09-16T18:00:00Z,94.215,95.02,94.215,94.645
2026-09-16T18:00:00Z,2026-09-16T18:05:00Z,94.635,95.045,92.795,93.4
2026-09-16T18:05:00Z,2026-09-16T18:10:00Z,93.39,94.17,93.39,93.82
2026-09-16T18:10:00Z,2026-09-16T18:15:00Z,93.825,93.985,92.985,93.12
2026-09-16T18:15:00Z,2026-09-16T18:20:00Z,93.11,93.36,92.82,93.315
2026-09-16T18:20:00Z,2026-09-16T18:25:00Z,93.315,93.5,93.155,93.19
2026-09-16T18:25:00Z,2026-09-16T18:30:00Z,93.195,93.46,93.09,93.45
2026-09-16T18:30:00Z,2026-09-16T18:35:00Z,93.44,93.485,92.235,92.41
2026-09-16T18:35:00Z,2026-09-16T18:40:00Z,92.415,92.93,91.825,92.8
2026-09-16T18:40:00Z,2026-09-16T18:45:00Z,92.805,93.78,92.72,93.285
2026-09-16T18:45:00Z,2026-09-16T18:50:00Z,93.28,93.625,93.035,93.155
2026-09-16T18:50:00Z,2026-09-16T18:55:00Z,93.16,93.26,92.23,92.265
2026-09-16T18:55:00Z,2026-09-16T19:00:00Z,92.27,92.535,92.105,92.19
2026-09-16T19:00:00Z,2026-09-16T19:05:00Z,92.18,92.99,92.175,92.525
2026-09-16T19:05:00Z,2026-09-16T19:10:00Z,92.53,92.74,91.82,91.86
2026-09-16T19:10:00Z,2026-09-16T19:15:00Z,91.855,91.87,91.385,91.835
2026-09-16T19:15:00Z,2026-09-16T19:20:00Z,91.84,91.99,91.37,91.59
2026-09-16T19:20:00Z,2026-09-16T19:25:00Z,91.58,91.7,91.345,91.5
2026-09-16T19:25:00Z,2026-09-16T19:30:00Z,91.505,91.67,91.185,91.6
2026-09-16T19:30:00Z,2026-09-16T19:35:00Z,91.605,92.195,91.585,92.195
2026-09-16T19:35:00Z,2026-09-16T19:40:00Z,92.19,92.25,91.84,91.985
2026-09-16T19:40:00Z,2026-09-16T19:45:00Z,91.985,92.13,91.925,92.01
2026-09-16T19:45:00Z,2026-09-16T19:50:00Z,91.99,92.325,91.98,92.295
2026-09-16T19:50:00Z,2026-09-16T19:55:00Z,92.29,92.665,92.26,92.645
2026-09-16T19:55:00Z,2026-09-16T20:00:00Z,92.64,92.82,92.545,92.795
2026-09-17T13:30:00Z,2026-09-17T13:35:00Z,95.805,95.92,95.215,95.49
2026-09-17T13:35:00Z,2026-09-17T13:40:00Z,95.48,95.68,94.83,94.83
2026-09-17T13:40:00Z,2026-09-17T13:45:00Z,94.84,94.88,94.435,94.695
2026-09-17T13:45:00Z,2026-09-17T13:50:00Z,94.71,95.545,94.555,95.47
2026-09-17T13:50:00Z,2026-09-17T13:55:00Z,95.465,95.81,95.45,95.58
2026-09-17T13:55:00Z,2026-09-17T14:00:00Z,95.585,95.86,95.565,95.8
2026-09-17T14:00:00Z,2026-09-17T14:05:00Z,95.79,95.97,95.61,95.92
2026-09-17T14:05:00Z,2026-09-17T14:10:00Z,95.89,96.59,95.82,96.525
2026-09-17T14:10:00Z,2026-09-17T14:15:00Z,96.53,96.55,96.275,96.41
2026-09-17T14:15:00Z,2026-09-17T14:20:00Z,96.405,96.535,96.21,96.4
2026-09-17T14:20:00Z,2026-09-17T14:25:00Z,96.42,96.53,96.21,96.465
2026-09-17T14:25:00Z,2026-09-17T14:30:00Z,96.46,96.68,96.425,96.52
2026-09-17T14:30:00Z,2026-09-17T14:35:00Z,96.52,96.63,96.315,96.505
2026-09-17T14:35:00Z,2026-09-17T14:40:00Z,96.51,96.545,96.055,96.06
2026-09-17T14:40:00Z,2026-09-17T14:45:00Z,96.07,96.22,95.955,96.095
2026-09-17T14:45:00Z,2026-09-17T14:50:00Z,96.105,96.19,95.96,96.09
2026-09-17T14:50:00Z,2026-09-17T14:55:00Z,96.08,96.175,95.78,95.9
2026-09-17T14:55:00Z,2026-09-17T15:00:00Z,95.89,95.89,95.63,95.785
2026-09-17T15:00:00Z,2026-09-17T15:05:00Z,95.79,95.87,95.67,95.775
2026-09-17T15:05:00Z,2026-09-17T15:10:00Z,95.78,95.86,95.67,95.82
2026-09-17T15:10:00Z,2026-09-17T15:15:00Z,95.805,96.12,95.68,96.11
2026-09-17T15:15:00Z,2026-09-17T15:20:00Z,96.09,96.23,96.045,96.12
2026-09-17T15:20:00Z,2026-09-17T15:25:00Z,96.13,96.135,95.82,95.83
2026-09-17T15:25:00Z,2026-09-17T15:30:00Z,95.83,96.025,95.775,95.97
2026-09-17T15:30:00Z,2026-09-17T15:35:00Z,95.975,96.01,95.89,95.985
2026-09-17T15:35:00Z,2026-09-17T15:40:00Z,95.99,96,95.82,95.865
2026-09-17T15:40:00Z,2026-09-17T15:45:00Z,95.865,96.09,95.84,96.045
2026-09-17T15:45:00Z,2026-09-17T15:50:00Z,96.05,96.165,96.01,96.095
2026-09-17T15:50:00Z,2026-09-17T15:55:00Z,96.105,96.195,96.01,96.195
2026-09-17T15:55:00Z,2026-09-17T16:00:00Z,96.19,96.35,96.14,96.335
2026-09-17T16:00:00Z,2026-09-17T16:05:00Z,96.33,96.47,96.28,96.28
2026-09-17T16:05:00Z,2026-09-17T16:10:00Z,96.29,96.31,96.08,96.155
2026-09-17T16:10:00Z,2026-09-17T16:15:00Z,96.16,96.165,95.945,96.015
2026-09-17T16:15:00Z,2026-09-17T16:20:00Z,96.015,96.02,95.885,95.96
2026-09-17T16:20:00Z,2026-09-17T16:25:00Z,95.96,95.965,95.87,95.88
2026-09-17T16:25:00Z,2026-09-17T16:30:00Z,95.885,95.9,95.645,95.69
2026-09-17T16:30:00Z,2026-09-17T16:35:00Z,95.685,95.685,95.4,95.475
2026-09-17T16:35:00Z,2026-09-17T16:40:00Z,95.49,95.63,95.48,95.615
2026-09-17T16:40:00Z,2026-09-17T16:45:00Z,95.605,95.655,95.58,95.64
2026-09-17T16:45:00Z,2026-09-17T16:50:00Z,95.645,95.765,95.63,95.635
2026-09-17T16:50:00Z,2026-09-17T16:55:00Z,95.635,95.635,95.515,95.62
2026-09-17T16:55:00Z,2026-09-17T17:00:00Z,95.615,95.65,95.41,95.65
2026-09-17T17:00:00Z,2026-09-17T17:05:00Z,95.645,95.83,95.605,95.82
2026-09-17T17:05:00Z,2026-09-17T17:10:00Z,95.82,95.97,95.805,95.92
2026-09-17T17:10:00Z,2026-09-17T17:15:00Z,95.92,95.94,95.845,95.875
2026-09-17T17:15:00Z,2026-09-17T17:20:00Z,95.875,95.885,95.73,95.79
2026-09-17T17:20:00Z,2026-09-17T17:25:00Z,95.785,95.865,95.755,95.82
2026-09-17T17:25:00Z,2026-09-17T17:30:00Z,95.84,95.93,95.82,95.88
2026-09-17T17:30:00Z,2026-09-17T17:35:00Z,95.875,95.93,95.82,95.86
2026-09-17T17:35:00Z,2026-09-17T17:40:00Z,95.86,95.945,95.82,95.86
2026-09-17T17:40:00Z,2026-09-17T17:45:00Z,95.865,95.935,95.84,95.89
2026-09-17T17:45:00Z,2026-09-17T17:50:00Z,95.895,95.92,95.77,95.78
2026-09-17T17:50:00Z,2026-09-17T17:55:00Z,95.77,95.9,95.77,95.83
2026-09-17T17:55:00Z,2026-09-17T18:00:00Z,95.83,95.945,95.83,95.93
2026-09-17T18:00:00Z,2026-09-17T18:05:00Z,95.935,95.985,95.845,95.955
2026-09-17T18:05:00Z,2026-09-17T18:10:00Z,95.97,96.05,95.96,95.965
2026-09-17T18:10:00Z,2026-09-17T18:15:00Z,95.965,96.095,95.925,96.055
2026-09-17T18:15:00Z,2026-09-17T18:20:00Z,96.05,96.085,95.975,96.03
2026-09-17T18:20:00Z,2026-09-17T18:25:00Z,96.035,96.035,95.91,95.98
2026-09-17T18:25:00Z,2026-09-17T18:30:00Z,95.99,96.025,95.915,95.935
2026-09-17T18:30:00Z,2026-09-17T18:35:00Z,95.935,95.97,95.775,95.795
2026-09-17T18:35:00Z,2026-09-17T18:40:00Z,95.795,95.83,95.75,95.77
2026-09-17T18:40:00Z,2026-09-17T18:45:00Z,95.765,95.8,95.68,95.775
2026-09-17T18:45:00Z,2026-09-17T18:50:00Z,95.78,95.79,95.695,95.755
2026-09-17T18:50:00Z,2026-09-17T18:55:00Z,95.755,95.76,95.66,95.695
2026-09-17T18:55:00Z,2026-09-17T19:00:00Z,95.695,95.735,95.66,95.73
2026-09-17T19:00:00Z,2026-09-17T19:05:00Z,95.735,95.95,95.73,95.86
2026-09-17T19:05:00Z,2026-09-17T19:10:00Z,95.865,95.955,95.855,95.93
2026-09-17T19:10:00Z,2026-09-17T19:15:00Z,95.925,95.935,95.85,95.91
2026-09-17T19:15:00Z,2026-09-17T19:20:00Z,95.905,95.91,95.74,95.84
2026-09-17T19:20:00Z,2026-09-17T19:25:00Z,95.84,95.84,95.72,95.725
2026-09-17T19:25:00Z,2026-09-17T19:30:00Z,95.725,95.745,95.48,95.495
2026-09-17T19:30:00Z,2026-09-17T19:35:00Z,95.5,95.605,95.465,95.56
2026-09-17T19:35:00Z,2026-09-17T19:40:00Z,95.56,95.665,95.555,95.66
2026-09-17T19:40:00Z,2026-09-17T19:45:00Z,95.655,95.745,95.605,95.735
2026-09-17T19:45:00Z,2026-09-17T19:50:00Z,95.725,95.91,95.715,95.84
2026-09-17T19:50:00Z,2026-09-17T19:55:00Z,95.835,96.085,95.835,96.045
2026-09-17T19:55:00Z,2026-09-17T20:00:00Z,96.055,96.155,95.895,95.925
2026-09-18T13:30:00Z,2026-09-18T13:35:00Z,96.23,96.245,95.165,95.29
2026-09-18T13:35:00Z,2026-09-18T13:40:00Z,95.285,95.39,94.885,95.155
2026-09-18T13:40:00Z,2026-09-18T13:45:00Z,95.135,95.46,94.92,95.22
2026-09-18T13:45:00Z,2026-09-18T13:50:00Z,95.23,95.44,95.21,95.325
2026-09-18T13:50:00Z,2026-09-18T13:55:00Z,95.32,95.32,94.98,95.04
2026-09-18T13:55:00Z,2026-09-18T14:00:00Z,95.035,95.105,94.865,94.985
2026-09-18T14:00:00Z,2026-09-18T14:05:00Z,94.975,95.15,94.89,95.145
2026-09-18T14:05:00Z,2026-09-18T14:10:00Z,95.14,95.14,94.735,94.785
2026-09-18T14:10:00Z,2026-09-18T14:15:00Z,94.785,95.065,94.785,94.955
2026-09-18T14:15:00Z,2026-09-18T14:20:00Z,94.96,95.07,94.645,94.655
2026-09-18T14:20:00Z,2026-09-18T14:25:00Z,94.655,94.835,94.44,94.745
2026-09-18T14:25:00Z,2026-09-18T14:30:00Z,94.745,94.78,94.465,94.47
2026-09-18T14:30:00Z,2026-09-18T14:35:00Z,94.475,94.725,94.435,94.535
2026-09-18T14:35:00Z,2026-09-18T14:40:00Z,94.54,94.965,94.405,94.94
2026-09-18T14:40:00Z,2026-09-18T14:45:00Z,94.935,94.935,94.705,94.735
2026-09-18T14:45:00Z,2026-09-18T14:50:00Z,94.745,94.965,94.675,94.855
2026-09-18T14:50:00Z,2026-09-18T14:55:00Z,94.85,95.035,94.765,94.78
2026-09-18T14:55:00Z,2026-09-18T15:00:00Z,94.77,94.82,94.37,94.445
2026-09-18T15:00:00Z,2026-09-18T15:05:00Z,94.44,94.56,94.395,94.5
2026-09-18T15:05:00Z,2026-09-18T15:10:00Z,94.495,94.59,94.255,94.26
2026-09-18T15:10:00Z,2026-09-18T15:15:00Z,94.265,94.47,94.22,94.455
2026-09-18T15:15:00Z,2026-09-18T15:20:00Z,94.45,94.61,94.385,94.605
2026-09-18T15:20:00Z,2026-09-18T15:25:00Z,94.6,94.6,94.31,94.385
2026-09-18T15:25:00Z,2026-09-18T15:30:00Z,94.38,94.62,94.375,94.585
2026-09-18T15:30:00Z,2026-09-18T15:35:00Z,94.58,94.885,94.565,94.88
2026-09-18T15:35:00Z,2026-09-18T15:40:00Z,94.885,94.9,94.565,94.57
2026-09-18T15:40:00Z,2026-09-18T15:45:00Z,94.565,94.75,94.5,94.715
2026-09-18T15:45:00Z,2026-09-18T15:50:00Z,94.72,94.855,94.72,94.8
2026-09-18T15:50:00Z,2026-09-18T15:55:00Z,94.8,94.855,94.71,94.77
2026-09-18T15:55:00Z,2026-09-18T16:00:00Z,94.775,94.91,94.765,94.905
2026-09-18T16:00:00Z,2026-09-18T16:05:00Z,94.91,94.955,94.82,94.875
2026-09-18T16:05:00Z,2026-09-18T16:10:00Z,94.88,94.97,94.8,94.86
2026-09-18T16:10:00Z,2026-09-18T16:15:00Z,94.87,94.98,94.76,94.82
2026-09-18T16:15:00Z,2026-09-18T16:20:00Z,94.82,94.91,94.765,94.9
2026-09-18T16:20:00Z,2026-09-18T16:25:00Z,94.905,95.025,94.89,95.01
2026-09-18T16:25:00Z,2026-09-18T16:30:00Z,95.01,95.39,94.94,95.345
2026-09-18T16:30:00Z,2026-09-18T16:35:00Z,95.335,95.545,95.19,95.455
2026-09-18T16:35:00Z,2026-09-18T16:40:00Z,95.45,95.505,95.355,95.42
2026-09-18T16:40:00Z,2026-09-18T16:45:00Z,95.425,95.46,95.23,95.3
2026-09-18T16:45:00Z,2026-09-18T16:50:00Z,95.31,95.42,95.24,95.375
2026-09-18T16:50:00Z,2026-09-18T16:55:00Z,95.37,95.48,95.34,95.48
2026-09-18T16:55:00Z,2026-09-18T17:00:00Z,95.485,95.49,95.425,95.475
2026-09-18T17:00:00Z,2026-09-18T17:05:00Z,95.475,95.59,95.38,95.45
2026-09-18T17:05:00Z,2026-09-18T17:10:00Z,95.445,95.565,95.4,95.565
2026-09-18T17:10:00Z,2026-09-18T17:15:00Z,95.58,95.58,95.465,95.49
2026-09-18T17:15:00Z,2026-09-18T17:20:00Z,95.48,95.52,95.43,95.45
2026-09-18T17:20:00Z,2026-09-18T17:25:00Z,95.455,95.47,95.385,95.44
2026-09-18T17:25:00Z,2026-09-18T17:30:00Z,95.435,95.525,95.41,95.5
2026-09-18T17:30:00Z,2026-09-18T17:35:00Z,95.495,95.67,95.465,95.67
2026-09-18T17:35:00Z,2026-09-18T17:40:00Z,95.66,95.8,95.65,95.7
2026-09-18T17:40:00Z,2026-09-18T17:45:00Z,95.7,95.85,95.64,95.8
2026-09-18T17:45:00Z,2026-09-18T17:50:00Z,95.8,95.805,95.69,95.69
2026-09-18T17:50:00Z,2026-09-18T17:55:00Z,95.685,95.76,95.67,95.695
2026-09-18T17:55:00Z,2026-09-18T18:00:00Z,95.695,95.76,95.67,95.71
2026-09-18T18:00:00Z,2026-09-18T18:05:00Z,95.705,95.74,95.66,95.665
2026-09-18T18:05:00Z,2026-09-18T18:10:00Z,95.665,95.77,95.64,95.71
2026-09-18T18:10:00Z,2026-09-18T18:15:00Z,95.715,95.78,95.635,95.72
2026-09-18T18:15:00Z,2026-09-18T18:20:00Z,95.725,95.73,95.545,95.63
2026-09-18T18:20:00Z,2026-09-18T18:25:00Z,95.63,95.64,95.475,95.495
2026-09-18T18:25:00Z,2026-09-18T18:30:00Z,95.5,95.555,95.46,95.55
2026-09-18T18:30:00Z,2026-09-18T18:35:00Z,95.555,95.555,95.41,95.48
2026-09-18T18:35:00Z,2026-09-18T18:40:00Z,95.485,95.485,95.405,95.42
2026-09-18T18:40:00Z,2026-09-18T18:45:00Z,95.415,95.42,95.32,95.33
2026-09-18T18:45:00Z,2026-09-18T18:50:00Z,95.335,95.4,95.3,95.34
2026-09-18T18:50:00Z,2026-09-18T18:55:00Z,95.35,95.385,95.315,95.315
2026-09-18T18:55:00Z,2026-09-18T19:00:00Z,95.32,95.38,95.305,95.355
2026-09-18T19:00:00Z,2026-09-18T19:05:00Z,95.36,95.39,95.25,95.34
2026-09-18T19:05:00Z,2026-09-18T19:10:00Z,95.34,95.44,95.335,95.41
2026-09-18T19:10:00Z,2026-09-18T19:15:00Z,95.405,95.435,95.36,95.415
2026-09-18T19:15:00Z,2026-09-18T19:20:00Z,95.42,95.43,95.27,95.285
2026-09-18T19:20:00Z,2026-09-18T19:25:00Z,95.285,95.34,95.245,95.325
2026-09-18T19:25:00Z,2026-09-18T19:30:00Z,95.325,95.335,95.255,95.315
2026-09-18T19:30:00Z,2026-09-18T19:35:00Z,95.305,95.345,95.29,95.315
2026-09-18T19:35:00Z,2026-09-18T19:40:00Z,95.31,95.355,95.24,95.345
2026-09-18T19:40:00Z,2026-09-18T19:45:00Z,95.355,95.485,95.33,95.465
2026-09-18T19:45:00Z,2026-09-18T19:50:00Z,95.47,95.62,95.36,95.61
2026-09-18T19:50:00Z,2026-09-18T19:55:00Z,95.625,95.635,95.315,95.335
2026-09-18T19:55:00Z,2026-09-18T20:00:00Z,95.34,95.615,95.3,95.495
2026-09-21T13:30:00Z,2026-09-21T13:35:00Z,95.92,95.94,94.915,94.935
2026-09-21T13:35:00Z,2026-09-21T13:40:00Z,94.925,95.155,94.845,95.055
2026-09-21T13:40:00Z,2026-09-21T13:45:00Z,95.05,95.09,94.72,95.015
2026-09-21T13:45:00Z,2026-09-21T13:50:00Z,95.01,95.035,94.735,94.92
2026-09-21T13:50:00Z,2026-09-21T13:55:00Z,94.93,94.93,94.59,94.59
2026-09-21T13:55:00Z,2026-09-21T14:00:00Z,94.61,94.855,94.54,94.68
2026-09-21T14:00:00Z,2026-09-21T14:05:00Z,94.69,94.72,93.85,93.905
2026-09-21T14:05:00Z,2026-09-21T14:10:00Z,93.895,94.22,93.7,94.21
2026-09-21T14:10:00Z,2026-09-21T14:15:00Z,94.215,94.37,94.12,94.26
2026-09-21T14:15:00Z,2026-09-21T14:20:00Z,94.255,94.375,94.135,94.2
2026-09-21T14:20:00Z,2026-09-21T14:25:00Z,94.205,94.42,94.13,94.355
2026-09-21T14:25:00Z,2026-09-21T14:30:00Z,94.335,94.54,94.2,94.49
2026-09-21T14:30:00Z,2026-09-21T14:35:00Z,94.495,94.58,94.195,94.225
2026-09-21T14:35:00Z,2026-09-21T14:40:00Z,94.23,94.315,93.935,93.94
2026-09-21T14:40:00Z,2026-09-21T14:45:00Z,93.935,94.205,93.905,93.915
2026-09-21T14:45:00Z,2026-09-21T14:50:00Z,93.92,94.14,93.915,93.98
2026-09-21T14:50:00Z,2026-09-21T14:55:00Z,93.985,94.24,93.925,94.21
2026-09-21T14:55:00Z,2026-09-21T15:00:00Z,94.215,94.22,93.88,93.92
2026-09-21T15:00:00Z,2026-09-21T15:05:00Z,93.93,94.435,93.92,94.435
2026-09-21T15:05:00Z,2026-09-21T15:10:00Z,94.43,94.52,94.345,94.52
2026-09-21T15:10:00Z,2026-09-21T15:15:00Z,94.525,94.535,94.27,94.29
2026-09-21T15:15:00Z,2026-09-21T15:20:00Z,94.295,94.45,94.215,94.23
2026-09-21T15:20:00Z,2026-09-21T15:25:00Z,94.23,94.34,94.1,94.335
2026-09-21T15:25:00Z,2026-09-21T15:30:00Z,94.345,94.415,94.265,94.27
2026-09-21T15:30:00Z,2026-09-21T15:35:00Z,94.28,94.465,94.25,94.435
2026-09-21T15:35:00Z,2026-09-21T15:40:00Z,94.44,94.5,94.27,94.27
2026-09-21T15:40:00Z,2026-09-21T15:45:00Z,94.275,94.315,94.165,94.26
2026-09-21T15:45:00Z,2026-09-21T15:50:00Z,94.25,94.37,94.24,94.34
2026-09-21T15:50:00Z,2026-09-21T15:55:00Z,94.36,94.59,94.29,94.37
2026-09-21T15:55:00Z,2026-09-21T16:00:00Z,94.365,94.41,94.18,94.28
2026-09-21T16:00:00Z,2026-09-21T16:05:00Z,94.27,94.34,94.16,94.315
2026-09-21T16:05:00Z,2026-09-21T16:10:00Z,94.315,94.455,94.195,94.405
2026-09-21T16:10:00Z,2026-09-21T16:15:00Z,94.41,94.425,94.235,94.34
2026-09-21T16:15:00Z,2026-09-21T16:20:00Z,94.35,94.57,94.345,94.54
2026-09-21T16:20:00Z,2026-09-21T16:25:00Z,94.535,94.545,94.2,94.22
2026-09-21T16:25:00Z,2026-09-21T16:30:00Z,94.225,94.23,94.1,94.16
2026-09-21T16:30:00Z,2026-09-21T16:35:00Z,94.16,94.18,94.11,94.13
2026-09-21T16:35:00Z,2026-09-21T16:40:00Z,94.13,94.17,94.05,94.065
2026-09-21T16:40:00Z,2026-09-21T16:45:00Z,94.06,94.11,93.97,94.015
2026-09-21T16:45:00Z,2026-09-21T16:50:00Z,94.02,94.085,93.985,94.03
2026-09-21T16:50:00Z,2026-09-21T16:55:00Z,94.03,94.06,93.875,93.92
2026-09-21T16:55:00Z,2026-09-21T17:00:00Z,93.91,93.99,93.9,93.905
2026-09-21T17:00:00Z,2026-09-21T17:05:00Z,93.92,93.96,93.875,93.925
2026-09-21T17:05:00Z,2026-09-21T17:10:00Z,93.925,93.965,93.92,93.965
2026-09-21T17:10:00Z,2026-09-21T17:15:00Z,93.965,94.095,93.965,94.07
2026-09-21T17:15:00Z,2026-09-21T17:20:00Z,94.08,94.09,94.005,94.04
2026-09-21T17:20:00Z,2026-09-21T17:25:00Z,94.04,94.115,94.02,94.045
2026-09-21T17:25:00Z,2026-09-21T17:30:00Z,94.05,94.13,94.02,94.11
2026-09-21T17:30:00Z,2026-09-21T17:35:00Z,94.115,94.14,94.005,94.05
2026-09-21T17:35:00Z,2026-09-21T17:40:00Z,94.045,94.13,94.035,94.085
2026-09-21T17:40:00Z,2026-09-21T17:45:00Z,94.085,94.24,94.06,94.095
2026-09-21T17:45:00Z,2026-09-21T17:50:00Z,94.095,94.23,94.07,94.21
2026-09-21T17:50:00Z,2026-09-21T17:55:00Z,94.205,94.24,94.15,94.165
2026-09-21T17:55:00Z,2026-09-21T18:00:00Z,94.16,94.2,94.11,94.15
2026-09-21T18:00:00Z,2026-09-21T18:05:00Z,94.155,94.265,94.13,94.25
2026-09-21T18:05:00Z,2026-09-21T18:10:00Z,94.25,94.375,94.24,94.335
2026-09-21T18:10:00Z,2026-09-21T18:15:00Z,94.335,94.42,94.285,94.415
2026-09-21T18:15:00Z,2026-09-21T18:20:00Z,94.415,94.58,94.415,94.565
2026-09-21T18:20:00Z,2026-09-21T18:25:00Z,94.57,94.615,94.46,94.475
2026-09-21T18:25:00Z,2026-09-21T18:30:00Z,94.475,94.52,94.415,94.515
2026-09-21T18:30:00Z,2026-09-21T18:35:00Z,94.525,94.66,94.515,94.585
2026-09-21T18:35:00Z,2026-09-21T18:40:00Z,94.585,94.605,94.45,94.53
2026-09-21T18:40:00Z,2026-09-21T18:45:00Z,94.53,94.625,94.51,94.615
2026-09-21T18:45:00Z,2026-09-21T18:50:00Z,94.61,94.64,94.585,94.595
2026-09-21T18:50:00Z,2026-09-21T18:55:00Z,94.61,94.62,94.55,94.56
2026-09-21T18:55:00Z,2026-09-21T19:00:00Z,94.56,94.585,94.505,94.515
2026-09-21T19:00:00Z,2026-09-21T19:05:00Z,94.525,94.535,94.405,94.46
2026-09-21T19:05:00Z,2026-09-21T19:10:00Z,94.465,94.52,94.445,94.51
2026-09-21T19:10:00Z,2026-09-21T19:15:00Z,94.515,94.585,94.495,94.525
2026-09-21T19:15:00Z,2026-09-21T19:20:00Z,94.525,94.565,94.5,94.52
2026-09-21T19:20:00Z,2026-09-21T19:25:00Z,94.525,94.56,94.42,94.425
2026-09-21T19:25:00Z,2026-09-21T19:30:00Z,94.425,94.525,94.39,94.47
2026-09-21T19:30:00Z,2026-09-21T19:35:00Z,94.465,94.67,94.465,94.64
2026-09-21T19:35:00Z,2026-09-21T19:40:00Z,94.645,94.765,94.615,94.765
2026-09-21T19:40:00Z,2026-09-21T19:45:00Z,94.76,94.785,94.63,94.655
2026-09-21T19:45:00Z,2026-09-21T19:50:00Z,94.65,94.7,94.475,94.475
2026-09-21T19:50:00Z,2026-09-21T19:55:00Z,94.46,94.55,94.415,94.515
2026-09-21T19:55:00Z,2026-09-21T20:00:00Z,94.505,94.645,94.38,94.42
2026-09-22T13:30:00Z,2026-09-22T13:35:00Z,94.64,95.335,94.5,95.205
2026-09-22T13:35:00Z,2026-09-22T13:40:00Z,95.21,95.565,95.075,95.325
2026-09-22T13:40:00Z,2026-09-22T13:45:00Z,95.315,96.01,95.175,95.975
2026-09-22T13:45:00Z,2026-09-22T13:50:00Z,96.01,96.315,95.745,96.225
2026-09-22T13:50:00Z,2026-09-22T13:55:00Z,96.215,96.225,95.805,95.885
2026-09-22T13:55:00Z,2026-09-22T14:00:00Z,95.88,95.88,95.665,95.695
2026-09-22T14:00:00Z,2026-09-22T14:05:00Z,95.705,95.785,95.16,95.165
2026-09-22T14:05:00Z,2026-09-22T14:10:00Z,95.17,95.45,95.09,95.375
2026-09-22T14:10:00Z,2026-09-22T14:15:00Z,95.37,95.805,95.35,95.675
2026-09-22T14:15:00Z,2026-09-22T14:20:00Z,95.675,95.71,95.29,95.5
2026-09-22T14:20:00Z,2026-09-22T14:25:00Z,95.495,95.675,95.395,95.59
2026-09-22T14:25:00Z,2026-09-22T14:30:00Z,95.6,95.615,95.29,95.395
2026-09-22T14:30:00Z,2026-09-22T14:35:00Z,95.4,95.45,95.145,95.175
2026-09-22T14:35:00Z,2026-09-22T14:40:00Z,95.17,95.52,95.065,95.085
2026-09-22T14:40:00Z,2026-09-22T14:45:00Z,95.08,95.09,94.68,94.89
2026-09-22T14:45:00Z,2026-09-22T14:50:00Z,94.88,95.135,94.815,95.11
2026-09-22T14:50:00Z,2026-09-22T14:55:00Z,95.115,95.4,95.04,95.355
2026-09-22T14:55:00Z,2026-09-22T15:00:00Z,95.35,95.475,95.345,95.355
2026-09-22T15:00:00Z,2026-09-22T15:05:00Z,95.36,95.54,95.265,95.44
2026-09-22T15:05:00Z,2026-09-22T15:10:00Z,95.435,95.775,95.355,95.61
2026-09-22T15:10:00Z,2026-09-22T15:15:00Z,95.605,95.8,95.535,95.735
2026-09-22T15:15:00Z,2026-09-22T15:20:00Z,95.75,95.895,95.72,95.73
2026-09-22T15:20:00Z,2026-09-22T15:25:00Z,95.74,95.985,95.69,95.94
2026-09-22T15:25:00Z,2026-09-22T15:30:00Z,95.95,95.955,95.735,95.74
2026-09-22T15:30:00Z,2026-09-22T15:35:00Z,95.735,95.775,95.565,95.635
2026-09-22T15:35:00Z,2026-09-22T15:40:00Z,95.625,95.705,95.6,95.68
2026-09-22T15:40:00Z,2026-09-22T15:45:00Z,95.675,95.675,95.585,95.6
2026-09-22T15:45:00Z,2026-09-22T15:50:00Z,95.595,95.6,95.485,95.56
2026-09-22T15:50:00Z,2026-09-22T15:55:00Z,95.565,95.64,95.56,95.61
2026-09-22T15:55:00Z,2026-09-22T16:00:00Z,95.605,95.765,95.585,95.755
2026-09-22T16:00:00Z,2026-09-22T16:05:00Z,95.74,95.82,95.615,95.64
2026-09-22T16:05:00Z,2026-09-22T16:10:00Z,95.63,95.725,95.52,95.52
2026-09-22T16:10:00Z,2026-09-22T16:15:00Z,95.525,95.625,95.47,95.61
2026-09-22T16:15:00Z,2026-09-22T16:20:00Z,95.595,95.71,95.585,95.68
2026-09-22T16:20:00Z,2026-09-22T16:25:00Z,95.69,95.7,95.5,95.55
2026-09-22T16:25:00Z,2026-09-22T16:30:00Z,95.55,95.675,95.55,95.65
2026-09-22T16:30:00Z,2026-09-22T16:35:00Z,95.655,95.79,95.635,95.78
2026-09-22T16:35:00Z,2026-09-22T16:40:00Z,95.77,95.88,95.735,95.87
2026-09-22T16:40:00Z,2026-09-22T16:45:00Z,95.88,95.96,95.835,95.96
2026-09-22T16:45:00Z,2026-09-22T16:50:00Z,95.96,96.37,95.95,96.31
2026-09-22T16:50:00Z,2026-09-22T16:55:00Z,96.315,96.37,96.185,96.245
2026-09-22T16:55:00Z,2026-09-22T17:00:00Z,96.245,96.34,96.205,96.3
2026-09-22T17:00:00Z,2026-09-22T17:05:00Z,96.295,96.315,96.16,96.27
2026-09-22T17:05:00Z,2026-09-22T17:10:00Z,96.275,96.375,96.22,96.23
2026-09-22T17:10:00Z,2026-09-22T17:15:00Z,96.235,96.32,96.19,96.255
2026-09-22T17:15:00Z,2026-09-22T17:20:00Z,96.255,96.35,96.225,96.225
2026-09-22T17:20:00Z,2026-09-22T17:25:00Z,96.225,96.27,96.06,96.07
2026-09-22T17:25:00Z,2026-09-22T17:30:00Z,96.07,96.23,96.045,96.225
2026-09-22T17:30:00Z,2026-09-22T17:35:00Z,96.23,96.23,96.12,96.2
2026-09-22T17:35:00Z,2026-09-22T17:40:00Z,96.2,96.22,96.12,96.135
2026-09-22T17:40:00Z,2026-09-22T17:45:00Z,96.13,96.26,96.13,96.24
2026-09-22T17:45:00Z,2026-09-22T17:50:00Z,96.25,96.34,96.23,96.33
2026-09-22T17:50:00Z,2026-09-22T17:55:00Z,96.33,97.08,96.31,96.97
2026-09-22T17:55:00Z,2026-09-22T18:00:00Z,96.98,97.255,96.93,97.17
2026-09-22T18:00:00Z,2026-09-22T18:05:00Z,97.15,97.31,96.95,97.285
2026-09-22T18:05:00Z,2026-09-22T18:10:00Z,97.28,97.55,97.235,97.41
2026-09-22T18:10:00Z,2026-09-22T18:15:00Z,97.42,97.42,97.23,97.33
2026-09-22T18:15:00Z,2026-09-22T18:20:00Z,97.325,97.51,97.3,97.4
2026-09-22T18:20:00Z,2026-09-22T18:25:00Z,97.38,97.55,97.32,97.34
2026-09-22T18:25:00Z,2026-09-22T18:30:00Z,97.33,97.405,97.235,97.375
2026-09-22T18:30:00Z,2026-09-22T18:35:00Z,97.37,97.385,97.165,97.185
2026-09-22T18:35:00Z,2026-09-22T18:40:00Z,97.195,97.205,97.01,97.025
2026-09-22T18:40:00Z,2026-09-22T18:45:00Z,97.025,97.09,96.96,97.05
2026-09-22T18:45:00Z,2026-09-22T18:50:00Z,97.045,97.25,97.01,97.23
2026-09-22T18:50:00Z,2026-09-22T18:55:00Z,97.235,97.3,97.19,97.245
2026-09-22T18:55:00Z,2026-09-22T19:00:00Z,97.235,97.28,97.205,97.225
2026-09-22T19:00:00Z,2026-09-22T19:05:00Z,97.215,97.335,97.215,97.28
2026-09-22T19:05:00Z,2026-09-22T19:10:00Z,97.27,97.405,97.23,97.385
2026-09-22T19:10:00Z,2026-09-22T19:15:00Z,97.39,97.46,97.325,97.46
2026-09-22T19:15:00Z,2026-09-22T19:20:00Z,97.47,97.51,97.415,97.495
2026-09-22T19:20:00Z,2026-09-22T19:25:00Z,97.495,97.57,97.455,97.57
2026-09-22T19:25:00Z,2026-09-22T19:30:00Z,97.555,97.74,97.525,97.7
2026-09-22T19:30:00Z,2026-09-22T19:35:00Z,97.705,98.105,97.685,98.105
2026-09-22T19:35:00Z,2026-09-22T19:40:00Z,98.1,98.19,97.915,98.17
2026-09-22T19:40:00Z,2026-09-22T19:45:00Z,98.165,98.26,98.09,98.26
2026-09-22T19:45:00Z,2026-09-22T19:50:00Z,98.255,98.365,98.22,98.29
2026-09-22T19:50:00Z,2026-09-22T19:55:00Z,98.285,98.355,98.12,98.145
2026-09-22T19:55:00Z,2026-09-22T20:00:00Z,98.14,98.145,97.805,97.805
2026-09-23T13:30:00Z,2026-09-23T13:35:00Z,95.17,95.26,94.15,94.28
2026-09-23T13:35:00Z,2026-09-23T13:40:00Z,94.27,94.42,93.95,94.295
2026-09-23T13:40:00Z,2026-09-23T13:45:00Z,94.29,94.37,93.505,93.805
2026-09-23T13:45:00Z,2026-09-23T13:50:00Z,93.8,93.8,93.185,93.36
2026-09-23T13:50:00Z,2026-09-23T13:55:00Z,93.355,93.55,93.125,93.185
2026-09-23T13:55:00Z,2026-09-23T14:00:00Z,93.175,93.52,93.1,93.325
2026-09-23T14:00:00Z,2026-09-23T14:05:00Z,93.32,93.565,93.26,93.45
2026-09-23T14:05:00Z,2026-09-23T14:10:00Z,93.455,93.875,93.375,93.695
2026-09-23T14:10:00Z,2026-09-23T14:15:00Z,93.695,93.79,93.27,93.43
2026-09-23T14:15:00Z,2026-09-23T14:20:00Z,93.445,93.56,93.13,93.13
2026-09-23T14:20:00Z,2026-09-23T14:25:00Z,93.14,93.3,93.07,93.3
2026-09-23T14:25:00Z,2026-09-23T14:30:00Z,93.295,93.485,93.21,93.35
2026-09-23T14:30:00Z,2026-09-23T14:35:00Z,93.35,93.92,93.35,93.79
2026-09-23T14:35:00Z,2026-09-23T14:40:00Z,93.8,93.915,93.395,93.4
2026-09-23T14:40:00Z,2026-09-23T14:45:00Z,93.4,93.815,93.4,93.77
2026-09-23T14:45:00Z,2026-09-23T14:50:00Z,93.775,93.815,93.47,93.555
2026-09-23T14:50:00Z,2026-09-23T14:55:00Z,93.55,94.26,93.485,94.215
2026-09-23T14:55:00Z,2026-09-23T15:00:00Z,94.21,94.24,93.885,93.995
2026-09-23T15:00:00Z,2026-09-23T15:05:00Z,93.99,94,93.69,93.795
2026-09-23T15:05:00Z,2026-09-23T15:10:00Z,93.8,93.9,93.66,93.81
2026-09-23T15:10:00Z,2026-09-23T15:15:00Z,93.82,93.96,93.75,93.855
2026-09-23T15:15:00Z,2026-09-23T15:20:00Z,93.86,93.925,93.75,93.92
2026-09-23T15:20:00Z,2026-09-23T15:25:00Z,93.925,94.03,93.865,93.99
2026-09-23T15:25:00Z,2026-09-23T15:30:00Z,93.995,94.08,93.655,93.66
2026-09-23T15:30:00Z,2026-09-23T15:35:00Z,93.665,93.67,93.45,93.58
2026-09-23T15:35:00Z,2026-09-23T15:40:00Z,93.58,93.68,93.39,93.47
2026-09-23T15:40:00Z,2026-09-23T15:45:00Z,93.46,93.675,93.41,93.65
2026-09-23T15:45:00Z,2026-09-23T15:50:00Z,93.65,93.71,93.28,93.295
2026-09-23T15:50:00Z,2026-09-23T15:55:00Z,93.3,93.39,93.24,93.35
2026-09-23T15:55:00Z,2026-09-23T16:00:00Z,93.355,93.44,93.315,93.39
2026-09-23T16:00:00Z,2026-09-23T16:05:00Z,93.38,93.44,93.165,93.2
2026-09-23T16:05:00Z,2026-09-23T16:10:00Z,93.195,93.55,93.18,93.525
2026-09-23T16:10:00Z,2026-09-23T16:15:00Z,93.52,93.68,93.505,93.635
2026-09-23T16:15:00Z,2026-09-23T16:20:00Z,93.64,93.745,93.6,93.73
2026-09-23T16:20:00Z,2026-09-23T16:25:00Z,93.725,93.735,93.58,93.585
2026-09-23T16:25:00Z,2026-09-23T16:30:00Z,93.58,93.69,93.58,93.69
2026-09-23T16:30:00Z,2026-09-23T16:35:00Z,93.705,93.885,93.705,93.865
2026-09-23T16:35:00Z,2026-09-23T16:40:00Z,93.87,94.08,93.845,94
2026-09-23T16:40:00Z,2026-09-23T16:45:00Z,93.995,94.115,93.94,94.045
2026-09-23T16:45:00Z,2026-09-23T16:50:00Z,94.03,94.065,93.845,93.865
2026-09-23T16:50:00Z,2026-09-23T16:55:00Z,93.87,93.93,93.71,93.78
2026-09-23T16:55:00Z,2026-09-23T17:00:00Z,93.785,93.95,93.775,93.925
2026-09-23T17:00:00Z,2026-09-23T17:05:00Z,93.925,93.935,93.385,93.585
2026-09-23T17:05:00Z,2026-09-23T17:10:00Z,93.58,93.74,93.515,93.725
2026-09-23T17:10:00Z,2026-09-23T17:15:00Z,93.73,93.8,93.45,93.58
2026-09-23T17:15:00Z,2026-09-23T17:20:00Z,93.575,93.62,93.52,93.575
2026-09-23T17:20:00Z,2026-09-23T17:25:00Z,93.575,93.715,93.54,93.625
2026-09-23T17:25:00Z,2026-09-23T17:30:00Z,93.605,93.69,93.58,93.63
2026-09-23T17:30:00Z,2026-09-23T17:35:00Z,93.625,93.635,93.51,93.585
2026-09-23T17:35:00Z,2026-09-23T17:40:00Z,93.585,93.585,93.415,93.435
2026-09-23T17:40:00Z,2026-09-23T17:45:00Z,93.435,93.885,93.41,93.845
2026-09-23T17:45:00Z,2026-09-23T17:50:00Z,93.83,93.945,93.795,93.935
2026-09-23T17:50:00Z,2026-09-23T17:55:00Z,93.945,94.1,93.93,94.095
2026-09-23T17:55:00Z,2026-09-23T18:00:00Z,94.09,94.225,94.01,94.195
2026-09-23T18:00:00Z,2026-09-23T18:05:00Z,94.2,94.29,94.055,94.09
2026-09-23T18:05:00Z,2026-09-23T18:10:00Z,94.085,94.18,94.03,94.155
2026-09-23T18:10:00Z,2026-09-23T18:15:00Z,94.16,94.21,94.105,94.185
2026-09-23T18:15:00Z,2026-09-23T18:20:00Z,94.185,94.21,94.075,94.155
2026-09-23T18:20:00Z,2026-09-23T18:25:00Z,94.145,94.175,94.015,94.115
2026-09-23T18:25:00Z,2026-09-23T18:30:00Z,94.125,94.165,94.04,94.085
2026-09-23T18:30:00Z,2026-09-23T18:35:00Z,94.085,94.205,94.065,94.195
2026-09-23T18:35:00Z,2026-09-23T18:40:00Z,94.195,94.215,94.125,94.145
2026-09-23T18:40:00Z,2026-09-23T18:45:00Z,94.15,94.18,94.105,94.125
2026-09-23T18:45:00Z,2026-09-23T18:50:00Z,94.125,94.145,94.07,94.125
2026-09-23T18:50:00Z,2026-09-23T18:55:00Z,94.125,94.125,94.065,94.105
2026-09-23T18:55:00Z,2026-09-23T19:00:00Z,94.105,94.215,94.105,94.215
2026-09-23T19:00:00Z,2026-09-23T19:05:00Z,94.22,94.23,94.035,94.075
2026-09-23T19:05:00Z,2026-09-23T19:10:00Z,94.075,94.295,94.025,94.085
2026-09-23T19:10:00Z,2026-09-23T19:15:00Z,94.085,94.135,93.995,93.995
2026-09-23T19:15:00Z,2026-09-23T19:20:00Z,93.995,94.005,93.865,93.885
2026-09-23T19:20:00Z,2026-09-23T19:25:00Z,93.885,93.885,93.795,93.875
2026-09-23T19:25:00Z,2026-09-23T19:30:00Z,93.875,93.935,93.825,93.84
2026-09-23T19:30:00Z,2026-09-23T19:35:00Z,93.84,93.875,93.755,93.775
2026-09-23T19:35:00Z,2026-09-23T19:40:00Z,93.775,93.775,93.555,93.575
2026-09-23T19:40:00Z,2026-09-23T19:45:00Z,93.565,93.585,93.455,93.505
2026-09-23T19:45:00Z,2026-09-23T19:50:00Z,93.505,93.625,93.47,93.565
2026-09-23T19:50:00Z,2026-09-23T19:55:00Z,93.555,93.875,93.555,93.695
2026-09-23T19:55:00Z,2026-09-23T20:00:00Z,93.7,93.725,93.545,93.625
2026-09-24T13:30:00Z,2026-09-24T13:35:00Z,92.515,92.65,92,92.28
2026-09-24T13:35:00Z,2026-09-24T13:40:00Z,92.285,92.355,91.96,92.095
2026-09-24T13:40:00Z,2026-09-24T13:45:00Z,92.1,92.15,91.665,91.77
2026-09-24T13:45:00Z,2026-09-24T13:50:00Z,91.775,91.89,91.63,91.67
2026-09-24T13:50:00Z,2026-09-24T13:55:00Z,91.665,91.82,91.54,91.76
2026-09-24T13:55:00Z,2026-09-24T14:00:00Z,91.76,91.91,91.73,91.86
2026-09-24T14:00:00Z,2026-09-24T14:05:00Z,91.845,91.94,91.67,91.8
2026-09-24T14:05:00Z,2026-09-24T14:10:00Z,91.795,91.94,91.705,91.84
2026-09-24T14:10:00Z,2026-09-24T14:15:00Z,91.835,91.835,91.625,91.76
2026-09-24T14:15:00Z,2026-09-24T14:20:00Z,91.76,91.895,91.54,91.73
2026-09-24T14:20:00Z,2026-09-24T14:25:00Z,91.73,91.745,91.61,91.67
2026-09-24T14:25:00Z,2026-09-24T14:30:00Z,91.66,91.82,91.53,91.78
2026-09-24T14:30:00Z,2026-09-24T14:35:00Z,91.755,91.755,91.53,91.71
2026-09-24T14:35:00Z,2026-09-24T14:40:00Z,91.705,91.83,91.52,91.59
2026-09-24T14:40:00Z,2026-09-24T14:45:00Z,91.585,91.85,91.48,91.705
2026-09-24T14:45:00Z,2026-09-24T14:50:00Z,91.7,91.82,91.635,91.78
2026-09-24T14:50:00Z,2026-09-24T14:55:00Z,91.775,92.075,91.7,91.72
2026-09-24T14:55:00Z,2026-09-24T15:00:00Z,91.725,91.73,91.5,91.525
2026-09-24T15:00:00Z,2026-09-24T15:05:00Z,91.53,91.63,91.33,91.34
2026-09-24T15:05:00Z,2026-09-24T15:10:00Z,91.34,91.4,91.245,91.33
2026-09-24T15:10:00Z,2026-09-24T15:15:00Z,91.35,91.4,91.08,91.15
2026-09-24T15:15:00Z,2026-09-24T15:20:00Z,91.14,91.465,91.115,91.235
2026-09-24T15:20:00Z,2026-09-24T15:25:00Z,91.235,91.4,91.165,91.39
2026-09-24T15:25:00Z,2026-09-24T15:30:00Z,91.385,91.4,91.075,91.085
2026-09-24T15:30:00Z,2026-09-24T15:35:00Z,91.075,91.105,90.895,90.915
2026-09-24T15:35:00Z,2026-09-24T15:40:00Z,90.91,91.025,90.84,91.025
2026-09-24T15:40:00Z,2026-09-24T15:45:00Z,91.03,91.335,90.92,91.335
2026-09-24T15:45:00Z,2026-09-24T15:50:00Z,91.335,91.425,91.24,91.24
2026-09-24T15:50:00Z,2026-09-24T15:55:00Z,91.25,91.45,91.185,91.235
2026-09-24T15:55:00Z,2026-09-24T16:00:00Z,91.23,91.235,91.09,91.09
2026-09-24T16:00:00Z,2026-09-24T16:05:00Z,91.095,91.23,90.985,91.23
2026-09-24T16:05:00Z,2026-09-24T16:10:00Z,91.22,91.24,91.045,91.1
2026-09-24T16:10:00Z,2026-09-24T16:15:00Z,91.095,91.23,91.075,91.23
2026-09-24T16:15:00Z,2026-09-24T16:20:00Z,91.245,92.635,91.245,91.995
2026-09-24T16:20:00Z,2026-09-24T16:25:00Z,92,92.405,91.95,92.24
2026-09-24T16:25:00Z,2026-09-24T16:30:00Z,92.255,92.33,92.04,92.285
2026-09-24T16:30:00Z,2026-09-24T16:35:00Z,92.29,92.34,92.005,92.235
2026-09-24T16:35:00Z,2026-09-24T16:40:00Z,92.24,92.385,92.205,92.31
2026-09-24T16:40:00Z,2026-09-24T16:45:00Z,92.315,92.59,92.17,92.17
2026-09-24T16:45:00Z,2026-09-24T16:50:00Z,92.175,92.31,92.075,92.255
2026-09-24T16:50:00Z,2026-09-24T16:55:00Z,92.26,92.455,92.17,92.25
2026-09-24T16:55:00Z,2026-09-24T17:00:00Z,92.255,92.32,92.09,92.09
2026-09-24T17:00:00Z,2026-09-24T17:05:00Z,92.08,92.24,91.835,92.03
2026-09-24T17:05:00Z,2026-09-24T17:10:00Z,92.035,92.16,91.985,92.07
2026-09-24T17:10:00Z,2026-09-24T17:15:00Z,92.06,92.075,91.81,92.01
2026-09-24T17:15:00Z,2026-09-24T17:20:00Z,92.01,92.01,91.8,91.82
2026-09-24T17:20:00Z,2026-09-24T17:25:00Z,91.815,91.92,91.735,91.75
2026-09-24T17:25:00Z,2026-09-24T17:30:00Z,91.745,91.78,91.6,91.755
2026-09-24T17:30:00Z,2026-09-24T17:35:00Z,91.75,91.87,91.675,91.69
2026-09-24T17:35:00Z,2026-09-24T17:40:00Z,91.69,91.74,91.61,91.71
2026-09-24T17:40:00Z,2026-09-24T17:45:00Z,91.715,91.74,91.535,91.555
2026-09-24T17:45:00Z,2026-09-24T17:50:00Z,91.555,91.63,91.515,91.56
2026-09-24T17:50:00Z,2026-09-24T17:55:00Z,91.555,91.595,91.515,91.59
2026-09-24T17:55:00Z,2026-09-24T18:00:00Z,91.59,91.66,91.555,91.66
2026-09-24T18:00:00Z,2026-09-24T18:05:00Z,91.66,91.67,91.27,91.35
2026-09-24T18:05:00Z,2026-09-24T18:10:00Z,91.36,91.64,91.335,91.605
2026-09-24T18:10:00Z,2026-09-24T18:15:00Z,91.605,91.825,91.605,91.82
2026-09-24T18:15:00Z,2026-09-24T18:20:00Z,91.805,91.87,91.69,91.765
2026-09-24T18:20:00Z,2026-09-24T18:25:00Z,91.765,91.87,91.675,91.87
2026-09-24T18:25:00Z,2026-09-24T18:30:00Z,91.865,92.18,91.85,92.02
2026-09-24T18:30:00Z,2026-09-24T18:35:00Z,92.015,92.1,91.9,91.905
2026-09-24T18:35:00Z,2026-09-24T18:40:00Z,91.9,92.44,91.8,92.145
2026-09-24T18:40:00Z,2026-09-24T18:45:00Z,92.15,92.15,91.785,91.785
2026-09-24T18:45:00Z,2026-09-24T18:50:00Z,91.79,91.855,91.74,91.84
2026-09-24T18:50:00Z,2026-09-24T18:55:00Z,91.845,92.05,91.81,91.91
2026-09-24T18:55:00Z,2026-09-24T19:00:00Z,91.91,92.005,91.835,91.875
2026-09-24T19:00:00Z,2026-09-24T19:05:00Z,91.875,91.905,91.56,91.64
2026-09-24T19:05:00Z,2026-09-24T19:10:00Z,91.645,91.775,91.61,91.685
2026-09-24T19:10:00Z,2026-09-24T19:15:00Z,91.685,91.69,91.545,91.565
2026-09-24T19:15:00Z,2026-09-24T19:20:00Z,91.56,91.705,91.555,91.685
2026-09-24T19:20:00Z,2026-09-24T19:25:00Z,91.69,91.815,91.605,91.815
2026-09-24T19:25:00Z,2026-09-24T19:30:00Z,91.835,91.965,91.81,91.945
2026-09-24T19:30:00Z,2026-09-24T19:35:00Z,91.955,91.99,91.88,91.99
2026-09-24T19:35:00Z,2026-09-24T19:40:00Z,91.975,92.155,91.9,92.155
2026-09-24T19:40:00Z,2026-09-24T19:45:00Z,92.165,92.175,92.03,92.105
2026-09-24T19:45:00Z,2026-09-24T19:50:00Z,92.095,92.135,92.03,92.05
2026-09-24T19:50:00Z,2026-09-24T19:55:00Z,92.04,92.245,92.025,92.235
2026-09-24T19:55:00Z,2026-09-24T20:00:00Z,92.23,92.37,92.085,92.36
2026-09-25T13:30:00Z,2026-09-25T13:35:00Z,92.45,92.5,91.995,92.465
2026-09-25T13:35:00Z,2026-09-25T13:40:00Z,92.46,92.645,92.27,92.46
2026-09-25T13:40:00Z,2026-09-25T13:45:00Z,92.47,92.545,92.08,92.15
2026-09-25T13:45:00Z,2026-09-25T13:50:00Z,92.17,92.245,92.045,92.165
2026-09-25T13:50:00Z,2026-09-25T13:55:00Z,92.16,92.45,92.145,92.21
2026-09-25T13:55:00Z,2026-09-25T14:00:00Z,92.21,92.28,92.085,92.145
2026-09-25T14:00:00Z,2026-09-25T14:05:00Z,92.15,92.225,91.625,91.625
2026-09-25T14:05:00Z,2026-09-25T14:10:00Z,91.625,91.97,91.34,91.9
2026-09-25T14:10:00Z,2026-09-25T14:15:00Z,91.905,92,91.765,91.935
2026-09-25T14:15:00Z,2026-09-25T14:20:00Z,91.925,92.06,91.75,91.965
2026-09-25T14:20:00Z,2026-09-25T14:25:00Z,91.97,92.16,91.86,92.095
2026-09-25T14:25:00Z,2026-09-25T14:30:00Z,92.09,92.195,92.025,92.05
2026-09-25T14:30:00Z,2026-09-25T14:35:00Z,92.055,92.09,91.88,92.04
2026-09-25T14:35:00Z,2026-09-25T14:40:00Z,92.035,92.13,91.91,92.07
2026-09-25T14:40:00Z,2026-09-25T14:45:00Z,92.065,92.345,91.92,92.345
2026-09-25T14:45:00Z,2026-09-25T14:50:00Z,92.35,92.51,92.145,92.375
2026-09-25T14:50:00Z,2026-09-25T14:55:00Z,92.375,92.47,92.175,92.43
2026-09-25T14:55:00Z,2026-09-25T15:00:00Z,92.44,92.61,92.335,92.475
2026-09-25T15:00:00Z,2026-09-25T15:05:00Z,92.465,92.725,92.37,92.665
2026-09-25T15:05:00Z,2026-09-25T15:10:00Z,92.675,92.72,92.3,92.305
2026-09-25T15:10:00Z,2026-09-25T15:15:00Z,92.31,92.57,92.165,92.55
2026-09-25T15:15:00Z,2026-09-25T15:20:00Z,92.54,92.6,92.3,92.33
2026-09-25T15:20:00Z,2026-09-25T15:25:00Z,92.325,92.635,92.25,92.43
2026-09-25T15:25:00Z,2026-09-25T15:30:00Z,92.425,92.585,92.36,92.475
2026-09-25T15:30:00Z,2026-09-25T15:35:00Z,92.48,92.83,92.47,92.48
2026-09-25T15:35:00Z,2026-09-25T15:40:00Z,92.49,92.545,92.32,92.32
2026-09-25T15:40:00Z,2026-09-25T15:45:00Z,92.33,92.35,92.135,92.155
2026-09-25T15:45:00Z,2026-09-25T15:50:00Z,92.15,92.185,92.03,92.12
2026-09-25T15:50:00Z,2026-09-25T15:55:00Z,92.115,92.53,92.055,92.4
2026-09-25T15:55:00Z,2026-09-25T16:00:00Z,92.405,92.94,92.27,92.93
2026-09-25T16:00:00Z,2026-09-25T16:05:00Z,92.94,93.31,92.875,93.11
2026-09-25T16:05:00Z,2026-09-25T16:10:00Z,93.1,93.235,92.875,93.14
2026-09-25T16:10:00Z,2026-09-25T16:15:00Z,93.145,93.18,92.83,92.915
2026-09-25T16:15:00Z,2026-09-25T16:20:00Z,92.91,93.02,92.75,92.8
2026-09-25T16:20:00Z,2026-09-25T16:25:00Z,92.805,92.875,92.695,92.82
2026-09-25T16:25:00Z,2026-09-25T16:30:00Z,92.82,93.05,92.81,93.03
2026-09-25T16:30:00Z,2026-09-25T16:35:00Z,93.035,93.11,92.59,92.75
2026-09-25T16:35:00Z,2026-09-25T16:40:00Z,92.76,92.97,92.75,92.855
2026-09-25T16:40:00Z,2026-09-25T16:45:00Z,92.85,92.945,92.73,92.77
2026-09-25T16:45:00Z,2026-09-25T16:50:00Z,92.77,92.785,92.53,92.59
2026-09-25T16:50:00Z,2026-09-25T16:55:00Z,92.595,92.695,92.58,92.655
2026-09-25T16:55:00Z,2026-09-25T17:00:00Z,92.655,92.75,92.58,92.7
2026-09-25T17:00:00Z,2026-09-25T17:05:00Z,92.7,92.91,92.69,92.815
2026-09-25T17:05:00Z,2026-09-25T17:10:00Z,92.815,92.845,92.71,92.825
2026-09-25T17:10:00Z,2026-09-25T17:15:00Z,92.825,92.825,92.7,92.735
2026-09-25T17:15:00Z,2026-09-25T17:20:00Z,92.735,92.735,92.625,92.64
2026-09-25T17:20:00Z,2026-09-25T17:25:00Z,92.635,92.7,92.61,92.7
2026-09-25T17:25:00Z,2026-09-25T17:30:00Z,92.705,92.71,92.56,92.575
2026-09-25T17:30:00Z,2026-09-25T17:35:00Z,92.585,92.68,92.54,92.595
2026-09-25T17:35:00Z,2026-09-25T17:40:00Z,92.6,92.66,92.455,92.57
2026-09-25T17:40:00Z,2026-09-25T17:45:00Z,92.58,92.71,92.555,92.64
2026-09-25T17:45:00Z,2026-09-25T17:50:00Z,92.635,92.68,92.545,92.615
2026-09-25T17:50:00Z,2026-09-25T17:55:00Z,92.61,92.655,92.57,92.625
2026-09-25T17:55:00Z,2026-09-25T18:00:00Z,92.625,92.675,92.595,92.67
2026-09-25T18:00:00Z,2026-09-25T18:05:00Z,92.685,92.695,92.635,92.665
2026-09-25T18:05:00Z,2026-09-25T18:10:00Z,92.66,92.745,92.63,92.735
2026-09-25T18:10:00Z,2026-09-25T18:15:00Z,92.735,92.755,92.655,92.735
2026-09-25T18:15:00Z,2026-09-25T18:20:00Z,92.735,92.77,92.7,92.735
2026-09-25T18:20:00Z,2026-09-25T18:25:00Z,92.725,92.725,92.635,92.695
2026-09-25T18:25:00Z,2026-09-25T18:30:00Z,92.695,92.75,92.515,92.645
2026-09-25T18:30:00Z,2026-09-25T18:35:00Z,92.645,92.835,92.63,92.825
2026-09-25T18:35:00Z,2026-09-25T18:40:00Z,92.825,92.86,92.695,92.695
2026-09-25T18:40:00Z,2026-09-25T18:45:00Z,92.695,92.795,92.685,92.79
2026-09-25T18:45:00Z,2026-09-25T18:50:00Z,92.795,92.865,92.76,92.85
2026-09-25T18:50:00Z,2026-09-25T18:55:00Z,92.855,92.895,92.775,92.8
2026-09-25T18:55:00Z,2026-09-25T19:00:00Z,92.8,92.875,92.785,92.875
2026-09-25T19:00:00Z,2026-09-25T19:05:00Z,92.88,92.975,92.8,92.875
2026-09-25T19:05:00Z,2026-09-25T19:10:00Z,92.875,92.955,92.83,92.915
2026-09-25T19:10:00Z,2026-09-25T19:15:00Z,92.905,92.99,92.885,92.965
2026-09-25T19:15:00Z,2026-09-25T19:20:00Z,92.965,92.965,92.86,92.86
2026-09-25T19:20:00Z,2026-09-25T19:25:00Z,92.865,92.875,92.78,92.795
2026-09-25T19:25:00Z,2026-09-25T19:30:00Z,92.795,92.805,92.665,92.705
2026-09-25T19:30:00Z,2026-09-25T19:35:00Z,92.705,92.765,92.655,92.755
2026-09-25T19:35:00Z,2026-09-25T19:40:00Z,92.755,92.955,92.755,92.905
2026-09-25T19:40:00Z,2026-09-25T19:45:00Z,92.905,92.945,92.845,92.905
2026-09-25T19:45:00Z,2026-09-25T19:50:00Z,92.915,92.985,92.865,92.88
2026-09-25T19:50:00Z,2026-09-25T19:55:00Z,92.885,93.01,92.84,92.84
2026-09-25T19:55:00Z,2026-09-25T20:00:00Z,92.845,92.875,92.8,92.845
2026-09-28T13:30:00Z,2026-09-28T13:35:00Z,88.115,88.275,87.685,87.825
2026-09-28T13:35:00Z,2026-09-28T13:40:00Z,87.83,88.355,87.36,88.245
2026-09-28T13:40:00Z,2026-09-28T13:45:00Z,88.23,88.87,88.175,88.865
2026-09-28T13:45:00Z,2026-09-28T13:50:00Z,88.87,89.285,88.855,89.075
2026-09-28T13:50:00Z,2026-09-28T13:55:00Z,89.07,89.215,88.92,89.11
2026-09-28T13:55:00Z,2026-09-28T14:00:00Z,89.1,89.34,89.01,89.23
2026-09-28T14:00:00Z,2026-09-28T14:05:00Z,89.22,89.43,88.91,88.93
2026-09-28T14:05:00Z,2026-09-28T14:10:00Z,88.94,89.205,88.905,89.005
2026-09-28T14:10:00Z,2026-09-28T14:15:00Z,88.985,89.08,88.865,88.92
2026-09-28T14:15:00Z,2026-09-28T14:20:00Z,88.91,89.02,88.82,88.875
2026-09-28T14:20:00Z,2026-09-28T14:25:00Z,88.87,89.04,88.705,89.01
2026-09-28T14:25:00Z,2026-09-28T14:30:00Z,89.01,89.145,88.86,89.1
2026-09-28T14:30:00Z,2026-09-28T14:35:00Z,89.095,89.1,88.825,88.88
2026-09-28T14:35:00Z,2026-09-28T14:40:00Z,88.885,89.02,88.815,88.915
2026-09-28T14:40:00Z,2026-09-28T14:45:00Z,88.915,88.915,88.555,88.6
2026-09-28T14:45:00Z,2026-09-28T14:50:00Z,88.595,88.625,88.125,88.265
2026-09-28T14:50:00Z,2026-09-28T14:55:00Z,88.26,88.7,88.26,88.39
2026-09-28T14:55:00Z,2026-09-28T15:00:00Z,88.385,88.43,88.235,88.34
2026-09-28T15:00:00Z,2026-09-28T15:05:00Z,88.36,88.54,88.26,88.52
2026-09-28T15:05:00Z,2026-09-28T15:10:00Z,88.53,88.575,88.34,88.42
2026-09-09T16:35:00Z,2026-09-09T16:40:00Z,99.805,99.855,99.55,99.835
2026-09-09T16:40:00Z,2026-09-09T16:45:00Z,99.83,99.92,99.75,99.9
2026-09-09T16:45:00Z,2026-09-09T16:50:00Z,99.9,100.03,99.865,99.93
2026-09-09T16:50:00Z,2026-09-09T16:55:00Z,99.92,100.04,99.91,100.02
2026-09-09T16:55:00Z,2026-09-09T17:00:00Z,100.015,100.095,99.93,100.075
2026-09-09T17:00:00Z,2026-09-09T17:05:00Z,100.075,100.19,99.955,100.115
2026-09-09T17:05:00Z,2026-09-09T17:10:00Z,100.12,100.36,100.1,100.305
2026-09-09T17:10:00Z,2026-09-09T17:15:00Z,100.3,100.32,100.12,100.22
2026-09-09T17:15:00Z,2026-09-09T17:20:00Z,100.23,100.23,100.095,100.16
2026-09-09T17:20:00Z,2026-09-09T17:25:00Z,100.155,100.23,100.09,100.13
2026-09-09T17:25:00Z,2026-09-09T17:30:00Z,100.13,100.215,100.005,100.01
2026-09-09T17:30:00Z,2026-09-09T17:35:00Z,100.005,100.07,99.97,100.01
2026-09-09T17:35:00Z,2026-09-09T17:40:00Z,100.005,100.035,99.91,99.975
2026-09-09T17:40:00Z,2026-09-09T17:45:00Z,99.98,100.175,99.98,100.135
2026-09-09T17:45:00Z,2026-09-09T17:50:00Z,100.15,100.2,100.095,100.095
2026-09-09T17:50:00Z,2026-09-09T17:55:00Z,100.11,100.205,100.055,100.11
2026-09-09T17:55:00Z,2026-09-09T18:00:00Z,100.1,100.2,100.065,100.14
2026-09-09T18:00:00Z,2026-09-09T18:05:00Z,100.145,100.255,100.065,100.19
2026-09-09T18:05:00Z,2026-09-09T18:10:00Z,100.19,100.25,100.13,100.22
2026-09-09T18:10:00Z,2026-09-09T18:15:00Z,100.22,100.27,100.16,100.2
2026-09-09T18:15:00Z,2026-09-09T18:20:00Z,100.19,100.275,100.135,100.195
2026-09-09T18:20:00Z,2026-09-09T18:25:00Z,100.195,100.2,100.075,100.14
2026-09-09T18:25:00Z,2026-09-09T18:30:00Z,100.14,100.17,100.08,100.13
2026-09-09T18:30:00Z,2026-09-09T18:35:00Z,100.13,100.13,99.925,100
2026-09-09T18:35:00Z,2026-09-09T18:40:00Z,100.01,100.04,99.88,99.975
2026-09-09T18:40:00Z,2026-09-09T18:45:00Z,99.98,100.015,99.83,99.85
2026-09-09T18:45:00Z,2026-09-09T18:50:00Z,99.855,99.875,99.645,99.645
2026-09-09T18:50:00Z,2026-09-09T18:55:00Z,99.64,99.645,99.515,99.555
2026-09-09T18:55:00Z,2026-09-09T19:00:00Z,99.56,99.65,99.475,99.505
2026-09-09T19:00:00Z,2026-09-09T19:05:00Z,99.51,99.56,99.23,99.335
2026-09-09T19:05:00Z,2026-09-09T19:10:00Z,99.325,99.415,99.24,99.3
2026-09-09T19:10:00Z,2026-09-09T19:15:00Z,99.31,99.41,99.245,99.385
2026-09-09T19:15:00Z,2026-09-09T19:20:00Z,99.39,99.5,99.37,99.465
2026-09-09T19:20:00Z,2026-09-09T19:25:00Z,99.465,99.635,99.46,99.625
2026-09-09T19:25:00Z,2026-09-09T19:30:00Z,99.625,99.67,99.535,99.55
2026-09-09T19:30:00Z,2026-09-09T19:35:00Z,99.545,99.625,99.495,99.605
2026-09-09T19:35:00Z,2026-09-09T19:40:00Z,99.605,99.615,99.42,99.495
2026-09-09T19:40:00Z,2026-09-09T19:45:00Z,99.485,99.575,99.42,99.545
2026-09-09T19:45:00Z,2026-09-09T19:50:00Z,99.55,99.62,99.535,99.575
2026-09-09T19:50:00Z,2026-09-09T19:55:00Z,99.57,99.635,99.43,99.57
2026-09-09T19:55:00Z,2026-09-09T20:00:00Z,99.56,99.675,99.455,99.46
2026-09-10T13:30:00Z,2026-09-10T13:35:00Z,96.43,96.66,95.63,96.3
2026-09-10T13:35:00Z,2026-09-10T13:40:00Z,96.265,96.475,95.925,96.475
2026-09-10T13:40:00Z,2026-09-10T13:45:00Z,96.48,96.99,96.48,96.65
2026-09-10T13:45:00Z,2026-09-10T13:50:00Z,96.63,97.35,96.58,97.05
2026-09-10T13:50:00Z,2026-09-10T13:55:00Z,97.04,97.23,96.72,97.03
2026-09-10T13:55:00Z,2026-09-10T14:00:00Z,97.035,97.165,96.825,96.87
2026-09-10T14:00:00Z,2026-09-10T14:05:00Z,96.895,97.37,96.895,97.29
2026-09-10T14:05:00Z,2026-09-10T14:10:00Z,97.285,97.305,96.29,96.505
2026-09-10T14:10:00Z,2026-09-10T14:15:00Z,96.5,96.71,96.315,96.355
2026-09-10T14:15:00Z,2026-09-10T14:20:00Z,96.35,96.565,96.22,96.5
2026-09-10T14:20:00Z,2026-09-10T14:25:00Z,96.485,97.015,96.44,96.97
2026-09-10T14:25:00Z,2026-09-10T14:30:00Z,96.95,97.13,96.665,96.69
2026-09-10T14:30:00Z,2026-09-10T14:35:00Z,96.685,96.905,96.565,96.865
2026-09-10T14:35:00Z,2026-09-10T14:40:00Z,96.865,97.14,96.655,96.665
2026-09-10T14:40:00Z,2026-09-10T14:45:00Z,96.665,96.965,96.44,96.5
2026-09-10T14:45:00Z,2026-09-10T14:50:00Z,96.49,96.84,96.41,96.775
2026-09-10T14:50:00Z,2026-09-10T14:55:00Z,96.77,96.995,96.7,96.8
2026-09-10T14:55:00Z,2026-09-10T15:00:00Z,96.795,97.075,96.78,97.07
2026-09-10T15:00:00Z,2026-09-10T15:05:00Z,97.075,97.08,96.72,96.735
2026-09-10T15:05:00Z,2026-09-10T15:10:00Z,96.74,96.995,96.735,96.795
2026-09-10T15:10:00Z,2026-09-10T15:15:00Z,96.79,97.035,96.775,96.945
2026-09-10T15:15:00Z,2026-09-10T15:20:00Z,96.94,97.11,96.865,97.015
2026-09-10T15:20:00Z,2026-09-10T15:25:00Z,97.01,97.17,96.975,97.04
2026-09-10T15:25:00Z,2026-09-10T15:30:00Z,97.035,97.13,96.97,97.06
2026-09-10T15:30:00Z,2026-09-10T15:35:00Z,97.08,97.19,96.945,97.15
2026-09-10T15:35:00Z,2026-09-10T15:40:00Z,97.155,97.21,96.945,96.99
2026-09-10T15:40:00Z,2026-09-10T15:45:00Z,96.98,97.09,96.92,97.05
2026-09-10T15:45:00Z,2026-09-10T15:50:00Z,97.055,97.07,96.725,96.965
2026-09-10T15:50:00Z,2026-09-10T15:55:00Z,96.96,96.97,96.755,96.76
2026-09-10T15:55:00Z,2026-09-10T16:00:00Z,96.765,96.865,96.7,96.81
2026-09-10T16:00:00Z,2026-09-10T16:05:00Z,96.8,96.97,96.8,96.865
2026-09-10T16:05:00Z,2026-09-10T16:10:00Z,96.86,96.91,96.675,96.71
2026-09-10T16:10:00Z,2026-09-10T16:15:00Z,96.715,96.79,96.57,96.77
2026-09-10T16:15:00Z,2026-09-10T16:20:00Z,96.76,96.83,96.57,96.745
2026-09-10T16:20:00Z,2026-09-10T16:25:00Z,96.74,96.97,96.74,96.93
2026-09-10T16:25:00Z,2026-09-10T16:30:00Z,96.93,96.995,96.89,96.995
2026-09-10T16:30:00Z,2026-09-10T16:35:00Z,96.99,97.1,96.855,96.86
2026-09-10T16:35:00Z,2026-09-10T16:40:00Z,96.86,96.92,96.755,96.865
2026-09-10T16:40:00Z,2026-09-10T16:45:00Z,96.87,96.89,96.635,96.67
2026-09-10T16:45:00Z,2026-09-10T16:50:00Z,96.675,96.95,96.67,96.795
2026-09-10T16:50:00Z,2026-09-10T16:55:00Z,96.79,96.9,96.76,96.83
2026-09-10T16:55:00Z,2026-09-10T17:00:00Z,96.835,96.915,96.805,96.89
2026-09-10T17:00:00Z,2026-09-10T17:05:00Z,96.88,97.085,96.745,96.96
2026-09-10T17:05:00Z,2026-09-10T17:10:00Z,96.965,97.035,96.9,96.96
2026-09-10T17:10:00Z,2026-09-10T17:15:00Z,96.97,97.145,96.965,97.005
2026-09-10T17:15:00Z,2026-09-10T17:20:00Z,97.01,97.425,96.965,97.41
2026-09-10T17:20:00Z,2026-09-10T17:25:00Z,97.41,97.41,97.155,97.32
2026-09-10T17:25:00Z,2026-09-10T17:30:00Z,97.325,97.405,97.23,97.35
2026-09-10T17:30:00Z,2026-09-10T17:35:00Z,97.355,97.37,97.205,97.215
2026-09-10T17:35:00Z,2026-09-10T17:40:00Z,97.21,97.22,96.97,97
2026-09-10T17:40:00Z,2026-09-10T17:45:00Z,96.995,97,96.895,96.98
2026-09-10T17:45:00Z,2026-09-10T17:50:00Z,96.985,97.015,96.925,96.955
2026-09-10T17:50:00Z,2026-09-10T17:55:00Z,96.955,96.98,96.825,96.875
2026-09-10T17:55:00Z,2026-09-10T18:00:00Z,96.88,96.89,96.74,96.745
2026-09-10T18:00:00Z,2026-09-10T18:05:00Z,96.745,96.815,96.555,96.59
2026-09-10T18:05:00Z,2026-09-10T18:10:00Z,96.59,96.625,96.335,96.36
2026-09-10T18:10:00Z,2026-09-10T18:15:00Z,96.35,96.39,96.25,96.355
2026-09-10T18:15:00Z,2026-09-10T18:20:00Z,96.35,96.39,96.215,96.325
2026-09-10T18:20:00Z,2026-09-10T18:25:00Z,96.34,96.52,96.33,96.5
2026-09-10T18:25:00Z,2026-09-10T18:30:00Z,96.49,96.55,96.37,96.4
2026-09-10T18:30:00Z,2026-09-10T18:35:00Z,96.405,96.41,96.185,96.32
2026-09-10T18:35:00Z,2026-09-10T18:40:00Z,96.33,96.42,96.29,96.405
2026-09-10T18:40:00Z,2026-09-10T18:45:00Z,96.405,96.46,96.35,96.425
2026-09-10T18:45:00Z,2026-09-10T18:50:00Z,96.425,96.43,96.285,96.33
2026-09-10T18:50:00Z,2026-09-10T18:55:00Z,96.325,96.71,96.27,96.56
2026-09-10T18:55:00Z,2026-09-10T19:00:00Z,96.58,96.71,96.55,96.6
2026-09-10T19:00:00Z,2026-09-10T19:05:00Z,96.59,96.59,96.08,96.195
2026-09-10T19:05:00Z,2026-09-10T19:10:00Z,96.19,96.49,96.175,96.48
2026-09-10T19:10:00Z,2026-09-10T19:15:00Z,96.49,96.515,96.28,96.38
2026-09-10T19:15:00Z,2026-09-10T19:20:00Z,96.38,96.44,96.21,96.22
2026-09-10T19:20:00Z,2026-09-10T19:25:00Z,96.22,96.39,96.22,96.365
2026-09-10T19:25:00Z,2026-09-10T19:30:00Z,96.38,96.435,96.275,96.3
2026-09-10T19:30:00Z,2026-09-10T19:35:00Z,96.31,96.33,96.215,96.275
2026-09-10T19:35:00Z,2026-09-10T19:40:00Z,96.28,96.295,96.14,96.21
2026-09-10T19:40:00Z,2026-09-10T19:45:00Z,96.205,96.24,95.975,95.99
2026-09-10T19:45:00Z,2026-09-10T19:50:00Z,95.995,96.055,95.955,96.035
2026-09-10T19:50:00Z,2026-09-10T19:55:00Z,96.025,96.125,95.87,95.985
2026-09-10T19:55:00Z,2026-09-10T20:00:00Z,95.995,96.08,95.875,96.05
2026-09-11T13:30:00Z,2026-09-11T13:35:00Z,98.285,98.295,97.43,98.17
2026-09-11T13:35:00Z,2026-09-11T13:40:00Z,98.195,98.695,97.89,98.36
2026-09-11T13:40:00Z,2026-09-11T13:45:00Z,98.365,99.075,98.295,98.755
2026-09-11T13:45:00Z,2026-09-11T13:50:00Z,98.76,98.925,98.445,98.585
2026-09-11T13:50:00Z,2026-09-11T13:55:00Z,98.58,98.66,98.38,98.525
2026-09-11T13:55:00Z,2026-09-11T14:00:00Z,98.54,98.97,98.4,98.95
2026-09-11T14:00:00Z,2026-09-11T14:05:00Z,98.945,98.95,98.145,98.465
2026-09-11T14:05:00Z,2026-09-11T14:10:00Z,98.46,98.47,97.935,98.025
2026-09-11T14:10:00Z,2026-09-11T14:15:00Z,98.015,98.09,97.735,97.9
2026-09-11T14:15:00Z,2026-09-11T14:20:00Z,97.9,98.065,97.765,98.03
2026-09-11T14:20:00Z,2026-09-11T14:25:00Z,98.035,98.305,97.925,97.95
2026-09-11T14:25:00Z,2026-09-11T14:30:00Z,97.95,97.95,97.67,97.83
2026-09-11T14:30:00Z,2026-09-11T14:35:00Z,97.835,97.86,97.455,97.49
2026-09-11T14:35:00Z,2026-09-11T14:40:00Z,97.485,97.495,97.015,97.16
2026-09-11T14:40:00Z,2026-09-11T14:45:00Z,97.16,97.425,96.985,97.275
2026-09-11T14:45:00Z,2026-09-11T14:50:00Z,97.3,97.935,97.285,97.905
2026-09-11T14:50:00Z,2026-09-11T14:55:00Z,97.915,98.04,97.715,97.725
2026-09-11T14:55:00Z,2026-09-11T15:00:00Z,97.73,97.75,97.505,97.55
2026-09-11T15:00:00Z,2026-09-11T15:05:00Z,97.555,97.605,97.325,97.42
2026-09-11T15:05:00Z,2026-09-11T15:10:00Z,97.415,97.455,97.055,97.125
2026-09-11T15:10:00Z,2026-09-11T15:15:00Z,97.12,97.19,97.005,97.065
2026-09-11T15:15:00Z,2026-09-11T15:20:00Z,97.075,97.33,97.07,97.205
2026-09-11T15:20:00Z,2026-09-11T15:25:00Z,97.21,97.51,97.175,97.395
2026-09-11T15:25:00Z,2026-09-11T15:30:00Z,97.4,97.57,97.35,97.44
2026-09-11T15:30:00Z,2026-09-11T15:35:00Z,97.425,97.54,97.315,97.405
2026-09-11T15:35:00Z,2026-09-11T15:40:00Z,97.395,97.51,97.29,97.29
2026-09-11T15:40:00Z,2026-09-11T15:45:00Z,97.285,97.42,97.16,97.4
2026-09-11T15:45:00Z,2026-09-11T15:50:00Z,97.395,97.4,97.195,97.38
2026-09-11T15:50:00Z,2026-09-11T15:55:00Z,97.385,97.475,97.29,97.375
2026-09-11T15:55:00Z,2026-09-11T16:00:00Z,97.37,97.375,97.24,97.345
2026-09-11T16:00:00Z,2026-09-11T16:05:00Z,97.33,97.48,97.3,97.44
2026-09-11T16:05:00Z,2026-09-11T16:10:00Z,97.44,97.47,97.12,97.14
2026-09-11T16:10:00Z,2026-09-11T16:15:00Z,97.145,97.165,96.91,96.92
2026-09-11T16:15:00Z,2026-09-11T16:20:00Z,96.915,97.03,96.81,96.84
2026-09-11T16:20:00Z,2026-09-11T16:25:00Z,96.845,96.93,96.635,96.705
2026-09-11T16:25:00Z,2026-09-11T16:30:00Z,96.71,96.99,96.68,96.725
2026-09-11T16:30:00Z,2026-09-11T16:35:00Z,96.73,97.135,96.63,97.085
2026-09-11T16:35:00Z,2026-09-11T16:40:00Z,97.08,97.08,96.77,96.81
2026-09-11T16:40:00Z,2026-09-11T16:45:00Z,96.805,96.98,96.785,96.965
2026-09-11T16:45:00Z,2026-09-11T16:50:00Z,96.95,97.07,96.935,96.935
2026-09-11T16:50:00Z,2026-09-11T16:55:00Z,96.93,96.98,96.91,96.95
2026-09-11T16:55:00Z,2026-09-11T17:00:00Z,96.945,96.99,96.88,96.95
2026-09-11T17:00:00Z,2026-09-11T17:05:00Z,96.96,97,96.86,96.9
2026-09-11T17:05:00Z,2026-09-11T17:10:00Z,96.89,97.05,96.87,97
2026-09-11T17:10:00Z,2026-09-11T17:15:00Z,97,97.115,96.94,97.015
2026-09-11T17:15:00Z,2026-09-11T17:20:00Z,97.02,97.165,96.98,97.145
2026-09-11T17:20:00Z,2026-09-11T17:25:00Z,97.145,97.315,97.145,97.31
2026-09-11T17:25:00Z,2026-09-11T17:30:00Z,97.31,97.31,97.13,97.14
2026-09-11T17:30:00Z,2026-09-11T17:35:00Z,97.12,97.155,97.05,97.155
2026-09-11T17:35:00Z,2026-09-11T17:40:00Z,97.16,97.19,96.99,97.02
2026-09-11T17:40:00Z,2026-09-11T17:45:00Z,97.025,97.045,96.905,97.015
2026-09-11T17:45:00Z,2026-09-11T17:50:00Z,97.01,97.1,96.965,97.09
2026-09-11T17:50:00Z,2026-09-11T17:55:00Z,97.095,97.15,97.06,97.07
2026-09-11T17:55:00Z,2026-09-11T18:00:00Z,97.07,97.07,96.865,96.895
2026-09-11T18:00:00Z,2026-09-11T18:05:00Z,96.895,96.94,96.805,96.925
2026-09-11T18:05:00Z,2026-09-11T18:10:00Z,96.93,96.935,96.83,96.84
2026-09-11T18:10:00Z,2026-09-11T18:15:00Z,96.84,96.89,96.655,96.67
2026-09-11T18:15:00Z,2026-09-11T18:20:00Z,96.67,96.785,96.65,96.74
2026-09-11T18:20:00Z,2026-09-11T18:25:00Z,96.74,96.79,96.5,96.585
2026-09-11T18:25:00Z,2026-09-11T18:30:00Z,96.58,96.68,96.51,96.52
2026-09-11T18:30:00Z,2026-09-11T18:35:00Z,96.52,96.56,96.23,96.385
2026-09-11T18:35:00Z,2026-09-11T18:40:00Z,96.395,96.49,96.335,96.395
2026-09-11T18:40:00Z,2026-09-11T18:45:00Z,96.355,96.52,96.33,96.45
2026-09-11T18:45:00Z,2026-09-11T18:50:00Z,96.455,96.495,96.42,96.435
2026-09-11T18:50:00Z,2026-09-11T18:55:00Z,96.43,96.495,96.4,96.45
2026-09-11T18:55:00Z,2026-09-11T19:00:00Z,96.44,96.53,96.44,96.49
2026-09-11T19:00:00Z,2026-09-11T19:05:00Z,96.495,96.66,96.48,96.655
2026-09-11T19:05:00Z,2026-09-11T19:10:00Z,96.65,96.73,96.57,96.66
2026-09-11T19:10:00Z,2026-09-11T19:15:00Z,96.66,96.75,96.62,96.75
2026-09-11T19:15:00Z,2026-09-11T19:20:00Z,96.745,96.81,96.73,96.765
2026-09-11T19:20:00Z,2026-09-11T19:25:00Z,96.77,96.8,96.705,96.8
2026-09-11T19:25:00Z,2026-09-11T19:30:00Z,96.79,96.82,96.665,96.675
2026-09-11T19:30:00Z,2026-09-11T19:35:00Z,96.68,96.73,96.615,96.67
2026-09-11T19:35:00Z,2026-09-11T19:40:00Z,96.67,96.7,96.57,96.605
2026-09-11T19:40:00Z,2026-09-11T19:45:00Z,96.605,96.7,96.59,96.675
2026-09-11T19:45:00Z,2026-09-11T19:50:00Z,96.67,96.735,96.63,96.68
2026-09-11T19:50:00Z,2026-09-11T19:55:00Z,96.68,96.915,96.68,96.915
2026-09-11T19:55:00Z,2026-09-11T20:00:00Z,96.915,97.11,96.81,97.06
2026-09-14T13:30:00Z,2026-09-14T13:35:00Z,93.95,94.24,93.155,93.275
2026-09-14T13:35:00Z,2026-09-14T13:40:00Z,93.27,93.535,93.005,93.06
2026-09-14T13:40:00Z,2026-09-14T13:45:00Z,93.055,93.385,93.03,93.385
2026-09-14T13:45:00Z,2026-09-14T13:50:00Z,93.38,93.565,93.105,93.365
2026-09-14T13:50:00Z,2026-09-14T13:55:00Z,93.36,93.525,93.175,93.23
2026-09-14T13:55:00Z,2026-09-14T14:00:00Z,93.225,93.355,93.15,93.2
2026-09-14T14:00:00Z,2026-09-14T14:05:00Z,93.205,93.36,93.14,93.34
2026-09-14T14:05:00Z,2026-09-14T14:10:00Z,93.335,93.345,93.11,93.25
2026-09-14T14:10:00Z,2026-09-14T14:15:00Z,93.24,93.74,93.205,93.7
2026-09-14T14:15:00Z,2026-09-14T14:20:00Z,93.69,93.78,93.185,93.31
2026-09-14T14:20:00Z,2026-09-14T14:25:00Z,93.29,93.34,92.85,92.87
2026-09-14T14:25:00Z,2026-09-14T14:30:00Z,92.87,93.14,92.86,93.105
2026-09-14T14:30:00Z,2026-09-14T14:35:00Z,93.11,93.13,92.89,93.09
2026-09-14T14:35:00Z,2026-09-14T14:40:00Z,93.095,93.175,92.965,93.13
2026-09-14T14:40:00Z,2026-09-14T14:45:00Z,93.115,93.39,92.95,93.37
2026-09-14T14:45:00Z,2026-09-14T14:50:00Z,93.375,93.725,93.34,93.635
2026-09-14T14:50:00Z,2026-09-14T14:55:00Z,93.64,93.69,93.475,93.555
2026-09-14T14:55:00Z,2026-09-14T15:00:00Z,93.555,93.69,93.51,93.68
2026-09-14T15:00:00Z,2026-09-14T15:05:00Z,93.685,93.71,93.385,93.4
2026-09-14T15:05:00Z,2026-09-14T15:10:00Z,93.395,94.15,93.39,93.76
2026-09-14T15:10:00Z,2026-09-14T15:15:00Z,93.77,93.92,93.64,93.65
2026-09-14T15:15:00Z,2026-09-14T15:20:00Z,93.645,93.78,93.51,93.665
2026-09-14T15:20:00Z,2026-09-14T15:25:00Z,93.675,93.74,93.59,93.715
2026-09-14T15:25:00Z,2026-09-14T15:30:00Z,93.71,93.95,93.63,93.895
2026-09-14T15:30:00Z,2026-09-14T15:35:00Z,93.88,94.335,93.76,94.31
2026-09-14T15:35:00Z,2026-09-14T15:40:00Z,94.32,94.46,94.125,94.46
2026-09-14T15:40:00Z,2026-09-14T15:45:00Z,94.455,94.465,94.23,94.32
2026-09-14T15:45:00Z,2026-09-14T15:50:00Z,94.315,94.32,93.95,93.975
2026-09-14T15:50:00Z,2026-09-14T15:55:00Z,93.975,94,93.885,93.985
2026-09-14T15:55:00Z,2026-09-14T16:00:00Z,93.98,94.14,93.93,93.965
2026-09-14T16:00:00Z,2026-09-14T16:05:00Z,93.965,94.01,93.86,93.89
2026-09-14T16:05:00Z,2026-09-14T16:10:00Z,93.895,94.16,93.89,94.155
2026-09-14T16:10:00Z,2026-09-14T16:15:00Z,94.16,94.225,94.07,94.07
2026-09-14T16:15:00Z,2026-09-14T16:20:00Z,94.075,94.33,94.075,94.28
2026-09-14T16:20:00Z,2026-09-14T16:25:00Z,94.285,94.35,94.15,94.33
2026-09-14T16:25:00Z,2026-09-14T16:30:00Z,94.335,94.37,94.195,94.22
2026-09-14T16:30:00Z,2026-09-14T16:35:00Z,94.21,94.38,94.185,94.25
2026-09-14T16:35:00Z,2026-09-14T16:40:00Z,94.25,94.34,94.14,94.335
2026-09-14T16:40:00Z,2026-09-14T16:45:00Z,94.335,94.5,94.265,94.44
2026-09-14T16:45:00Z,2026-09-14T16:50:00Z,94.44,94.995,94.39,94.92
2026-09-14T16:50:00Z,2026-09-14T16:55:00Z,94.91,95.08,94.8,95.045
2026-09-14T16:55:00Z,2026-09-14T17:00:00Z,95.05,95.09,94.87,94.905
2026-09-14T17:00:00Z,2026-09-14T17:05:00Z,94.9,94.905,94.73,94.85
2026-09-14T17:05:00Z,2026-09-14T17:10:00Z,94.85,94.88,94.69,94.715
2026-09-14T17:10:00Z,2026-09-14T17:15:00Z,94.725,94.915,94.71,94.775
2026-09-14T17:15:00Z,2026-09-14T17:20:00Z,94.765,94.88,94.75,94.785
2026-09-14T17:20:00Z,2026-09-14T17:25:00Z,94.79,94.84,94.78,94.8
2026-09-14T17:25:00Z,2026-09-14T17:30:00Z,94.805,94.87,94.75,94.855
2026-09-14T17:30:00Z,2026-09-14T17:35:00Z,94.855,94.93,94.71,94.715
2026-09-14T17:35:00Z,2026-09-14T17:40:00Z,94.71,94.72,94.61,94.695
2026-09-14T17:40:00Z,2026-09-14T17:45:00Z,94.69,94.725,94.59,94.61
2026-09-14T17:45:00Z,2026-09-14T17:50:00Z,94.605,94.63,94.545,94.595
2026-09-14T17:50:00Z,2026-09-14T17:55:00Z,94.595,94.67,94.535,94.625
2026-09-14T17:55:00Z,2026-09-14T18:00:00Z,94.625,94.66,94.53,94.53
2026-09-14T18:00:00Z,2026-09-14T18:05:00Z,94.535,94.65,94.43,94.435
2026-09-14T18:05:00Z,2026-09-14T18:10:00Z,94.445,94.475,94.345,94.4
2026-09-14T18:10:00Z,2026-09-14T18:15:00Z,94.4,94.46,94.36,94.455
2026-09-14T18:15:00Z,2026-09-14T18:20:00Z,94.45,94.535,94.425,94.485
2026-09-14T18:20:00Z,2026-09-14T18:25:00Z,94.48,94.545,94.375,94.38
2026-09-14T18:25:00Z,2026-09-14T18:30:00Z,94.39,94.405,94.275,94.345
2026-09-14T18:30:00Z,2026-09-14T18:35:00Z,94.34,94.57,94.325,94.505
2026-09-14T18:35:00Z,2026-09-14T18:40:00Z,94.505,94.625,94.5,94.59
2026-09-14T18:40:00Z,2026-09-14T18:45:00Z,94.595,94.62,94.54,94.575
2026-09-14T18:45:00Z,2026-09-14T18:50:00Z,94.57,94.645,94.555,94.58
2026-09-14T18:50:00Z,2026-09-14T18:55:00Z,94.565,94.565,94.415,94.465
2026-09-14T18:55:00Z,2026-09-14T19:00:00Z,94.46,94.505,94.42,94.47
2026-09-14T19:00:00Z,2026-09-14T19:05:00Z,94.475,94.505,94.345,94.41
2026-09-14T19:05:00Z,2026-09-14T19:10:00Z,94.41,94.44,94.365,94.365
2026-09-14T19:10:00Z,2026-09-14T19:15:00Z,94.37,94.445,94.345,94.415
2026-09-14T19:15:00Z,2026-09-14T19:20:00Z,94.415,94.415,94.255,94.305
2026-09-14T19:20:00Z,2026-09-14T19:25:00Z,94.305,94.335,94.205,94.245
2026-09-14T19:25:00Z,2026-09-14T19:30:00Z,94.245,94.32,94.245,94.275
2026-09-14T19:30:00Z,2026-09-14T19:35:00Z,94.275,94.3,94.225,94.235
2026-09-14T19:35:00Z,2026-09-14T19:40:00Z,94.235,94.285,94.215,94.225
2026-09-14T19:40:00Z,2026-09-14T19:45:00Z,94.22,94.235,94.175,94.215
2026-09-14T19:45:00Z,2026-09-14T19:50:00Z,94.205,94.21,94.085,94.095
2026-09-14T19:50:00Z,2026-09-14T19:55:00Z,94.095,94.165,94.035,94.14
2026-09-14T19:55:00Z,2026-09-14T20:00:00Z,94.135,94.175,93.995,94.16
2026-09-15T13:30:00Z,2026-09-15T13:35:00Z,94.525,94.74,94.18,94.42
2026-09-15T13:35:00Z,2026-09-15T13:40:00Z,94.425,94.49,93.9,93.92
2026-09-15T13:40:00Z,2026-09-15T13:45:00Z,93.94,94.225,93.905,94.1
2026-09-15T13:45:00Z,2026-09-15T13:50:00Z,94.095,94.165,93.865,94.03
2026-09-15T13:50:00Z,2026-09-15T13:55:00Z,94.04,94.21,93.97,94.18
2026-09-15T13:55:00Z,2026-09-15T14:00:00Z,94.18,94.205,94.03,94.055
2026-09-15T14:00:00Z,2026-09-15T14:05:00Z,94.05,94.23,93.825,93.83
2026-09-15T14:05:00Z,2026-09-15T14:10:00Z,93.82,94.07,93.8,93.86
2026-09-15T14:10:00Z,2026-09-15T14:15:00Z,93.865,93.92,93.58,93.635
2026-09-15T14:15:00Z,2026-09-15T14:20:00Z,93.64,93.66,93.35,93.55
2026-09-15T14:20:00Z,2026-09-15T14:25:00Z,93.54,93.595,93.195,93.275
2026-09-15T14:25:00Z,2026-09-15T14:30:00Z,93.27,93.3,93.07,93.145
2026-09-15T14:30:00Z,2026-09-15T14:35:00Z,93.15,93.335,92.965,93.315
2026-09-15T14:35:00Z,2026-09-15T14:40:00Z,93.325,93.38,93.005,93.07
2026-09-15T14:40:00Z,2026-09-15T14:45:00Z,93.075,93.22,93.02,93.11
2026-09-15T14:45:00Z,2026-09-15T14:50:00Z,93.1,93.145,93.005,93.03
2026-09-15T14:50:00Z,2026-09-15T14:55:00Z,93.02,93.095,92.85,92.98
2026-09-15T14:55:00Z,2026-09-15T15:00:00Z,92.985,92.995,92.86,92.86
2026-09-15T15:00:00Z,2026-09-15T15:05:00Z,92.865,93.14,92.86,93.14
2026-09-15T15:05:00Z,2026-09-15T15:10:00Z,93.15,93.18,93.02,93.08
2026-09-15T15:10:00Z,2026-09-15T15:15:00Z,93.075,93.235,93.02,93.125
2026-09-15T15:15:00Z,2026-09-15T15:20:00Z,93.12,93.14,92.98,93.01
2026-09-15T15:20:00Z,2026-09-15T15:25:00Z,93.005,93.06,92.91,93.05
2026-09-15T15:25:00Z,2026-09-15T15:30:00Z,93.06,93.105,92.965,93.04
2026-09-15T15:30:00Z,2026-09-15T15:35:00Z,93.045,93.12,92.94,92.99
2026-09-15T15:35:00Z,2026-09-15T15:40:00Z,93,93.01,92.945,92.985
2026-09-15T15:40:00Z,2026-09-15T15:45:00Z,92.99,93.21,92.99,93.16
2026-09-15T15:45:00Z,2026-09-15T15:50:00Z,93.16,93.23,93.11,93.17
2026-09-15T15:50:00Z,2026-09-15T15:55:00Z,93.16,93.455,93.16,93.27
2026-09-15T15:55:00Z,2026-09-15T16:00:00Z,93.26,93.43,93.1,93.105
2026-09-15T16:00:00Z,2026-09-15T16:05:00Z,93.095,93.39,93.08,93.39
2026-09-15T16:05:00Z,2026-09-15T16:10:00Z,93.385,93.485,93.335,93.48
2026-09-15T16:10:00Z,2026-09-15T16:15:00Z,93.475,93.495,93.315,93.325
2026-09-15T16:15:00Z,2026-09-15T16:20:00Z,93.33,93.48,93.285,93.48
2026-09-15T16:20:00Z,2026-09-15T16:25:00Z,93.46,93.77,93.44,93.735
2026-09-15T16:25:00Z,2026-09-15T16:30:00Z,93.74,93.74,93.64,93.69
2026-09-15T16:30:00Z,2026-09-15T16:35:00Z,93.68,93.745,93.54,93.55
2026-09-15T16:35:00Z,2026-09-15T16:40:00Z,93.545,93.7,93.53,93.62
2026-09-15T16:40:00Z,2026-09-15T16:45:00Z,93.61,93.765,93.595,93.76
2026-09-15T16:45:00Z,2026-09-15T16:50:00Z,93.765,93.8,93.705,93.71
2026-09-15T16:50:00Z,2026-09-15T16:55:00Z,93.7,93.91,93.7,93.89
2026-09-15T16:55:00Z,2026-09-15T17:00:00Z,93.895,93.9,93.76,93.765
2026-09-15T17:00:00Z,2026-09-15T17:05:00Z,93.76,93.775,93.41,93.42
2026-09-15T17:05:00Z,2026-09-15T17:10:00Z,93.425,93.54,93.395,93.54
2026-09-15T17:10:00Z,2026-09-15T17:15:00Z,93.5,93.665,93.48,93.64
2026-09-15T17:15:00Z,2026-09-15T17:20:00Z,93.64,93.64,93.485,93.52
2026-09-15T17:20:00Z,2026-09-15T17:25:00Z,93.52,93.525,93.42,93.42
2026-09-15T17:25:00Z,2026-09-15T17:30:00Z,93.42,93.475,93.36,93.42
2026-09-15T17:30:00Z,2026-09-15T17:35:00Z,93.42,93.65,93.42,93.61
2026-09-15T17:35:00Z,2026-09-15T17:40:00Z,93.61,93.74,93.585,93.62
2026-09-15T17:40:00Z,2026-09-15T17:45:00Z,93.64,93.65,93.58,93.645
2026-09-15T17:45:00Z,2026-09-15T17:50:00Z,93.63,93.73,93.63,93.705
2026-09-15T17:50:00Z,2026-09-15T17:55:00Z,93.68,93.71,93.6,93.635
2026-09-15T17:55:00Z,2026-09-15T18:00:00Z,93.645,93.7,93.635,93.64
2026-09-15T18:00:00Z,2026-09-15T18:05:00Z,93.645,93.68,93.51,93.56
2026-09-15T18:05:00Z,2026-09-15T18:10:00Z,93.55,93.7,93.54,93.69
2026-09-15T18:10:00Z,2026-09-15T18:15:00Z,93.7,93.95,93.68,93.86
2026-09-15T18:15:00Z,2026-09-15T18:20:00Z,93.87,93.98,93.815,93.965
2026-09-15T18:20:00Z,2026-09-15T18:25:00Z,93.965,93.985,93.91,93.975
2026-09-15T18:25:00Z,2026-09-15T18:30:00Z,93.975,94.045,93.95,93.97
2026-09-15T18:30:00Z,2026-09-15T18:35:00Z,93.96,93.97,93.88,93.92
2026-09-15T18:35:00Z,2026-09-15T18:40:00Z,93.93,93.95,93.88,93.92
2026-09-15T18:40:00Z,2026-09-15T18:45:00Z,93.915,94.08,93.875,93.875
2026-09-15T18:45:00Z,2026-09-15T18:50:00Z,93.88,93.975,93.85,93.97
2026-09-15T18:50:00Z,2026-09-15T18:55:00Z,93.975,94.205,93.975,94.145
2026-09-15T18:55:00Z,2026-09-15T19:00:00Z,94.145,94.185,94.085,94.17
2026-09-15T19:00:00Z,2026-09-15T19:05:00Z,94.175,94.32,94.125,94.125
2026-09-15T19:05:00Z,2026-09-15T19:10:00Z,94.125,94.125,94.02,94.025
2026-09-15T19:10:00Z,2026-09-15T19:15:00Z,94.02,94.03,93.89,93.915
2026-09-15T19:15:00Z,2026-09-15T19:20:00Z,93.915,93.985,93.9,93.925
2026-09-15T19:20:00Z,2026-09-15T19:25:00Z,93.925,93.975,93.86,93.975
2026-09-15T19:25:00Z,2026-09-15T19:30:00Z,93.97,94.035,93.955,94.01
2026-09-15T19:30:00Z,2026-09-15T19:35:00Z,94.005,94.04,93.945,94.005
2026-09-15T19:35:00Z,2026-09-15T19:40:00Z,94.005,94.035,93.965,94.03
2026-09-15T19:40:00Z,2026-09-15T19:45:00Z,94.025,94.085,94.005,94.025
2026-09-15T19:45:00Z,2026-09-15T19:50:00Z,94.01,94.035,93.965,94.015
2026-09-15T19:50:00Z,2026-09-15T19:55:00Z,94.015,94.025,93.84,93.935
2026-09-15T19:55:00Z,2026-09-15T20:00:00Z,93.94,94.16,93.875,94.11
2026-09-16T13:30:00Z,2026-09-16T13:35:00Z,95.98,95.98,95.45,95.48
2026-09-16T13:35:00Z,2026-09-16T13:40:00Z,95.495,95.64,95.14,95.185
2026-09-16T13:40:00Z,2026-09-16T13:45:00Z,95.19,95.35,94.875,94.89
2026-09-16T13:45:00Z,2026-09-16T13:50:00Z,94.885,95.015,94.78,94.81
2026-09-16T13:50:00Z,2026-09-16T13:55:00Z,94.825,94.97,94.53,94.64
2026-09-16T13:55:00Z,2026-09-16T14:00:00Z,94.645,94.695,94.45,94.505
2026-09-16T14:00:00Z,2026-09-16T14:05:00Z,94.495,94.575,94.24,94.24
2026-09-16T14:05:00Z,2026-09-16T14:10:00Z,94.245,94.32,93.94,94.225
2026-09-16T14:10:00Z,2026-09-16T14:15:00Z,94.245,94.52,94.245,94.505
2026-09-16T14:15:00Z,2026-09-16T14:20:00Z,94.5,94.52,93.885,93.89
2026-09-16T14:20:00Z,2026-09-16T14:25:00Z,93.885,94.05,93.8,93.89
2026-09-16T14:25:00Z,2026-09-16T14:30:00Z,93.895,94.15,93.89,94.125
2026-09-16T14:30:00Z,2026-09-16T14:35:00Z,94.13,94.135,93.925,94.03
2026-09-16T14:35:00Z,2026-09-16T14:40:00Z,94.03,94.27,94.03,94.14
2026-09-16T14:40:00Z,2026-09-16T14:45:00Z,94.145,94.405,94.13,94.37
2026-09-16T14:45:00Z,2026-09-16T14:50:00Z,94.365,94.735,94.34,94.705
2026-09-16T14:50:00Z,2026-09-16T14:55:00Z,94.7,94.985,94.51,94.525
2026-09-16T14:55:00Z,2026-09-16T15:00:00Z,94.52,94.815,94.41,94.81
2026-09-16T15:00:00Z,2026-09-16T15:05:00Z,94.815,94.905,94.485,94.485
2026-09-16T15:05:00Z,2026-09-16T15:10:00Z,94.49,94.975,94.47,94.915
2026-09-16T15:10:00Z,2026-09-16T15:15:00Z,94.915,94.995,94.585,94.69
2026-09-16T15:15:00Z,2026-09-16T15:20:00Z,94.685,94.78,94.62,94.73
2026-09-16T15:20:00Z,2026-09-16T15:25:00Z,94.725,94.765,94.585,94.62
2026-09-16T15:25:00Z,2026-09-16T15:30:00Z,94.615,94.63,94.415,94.42
2026-09-16T15:30:00Z,2026-09-16T15:35:00Z,94.42,94.48,94.34,94.475
2026-09-16T15:35:00Z,2026-09-16T15:40:00Z,94.48,94.68,94.46,94.64
2026-09-16T15:40:00Z,2026-09-16T15:45:00Z,94.65,94.675,94.61,94.645
2026-09-16T15:45:00Z,2026-09-16T15:50:00Z,94.64,95.13,94.58,94.67
2026-09-16T15:50:00Z,2026-09-16T15:55:00Z,94.675,94.685,94.48,94.54
2026-09-16T15:55:00Z,2026-09-16T16:00:00Z,94.545,94.62,94.48,94.55
2026-09-16T16:00:00Z,2026-09-16T16:05:00Z,94.555,94.56,94.325,94.325
2026-09-16T16:05:00Z,2026-09-16T16:10:00Z,94.33,94.45,94.32,94.385
2026-09-16T16:10:00Z,2026-09-16T16:15:00Z,94.39,94.405,94.315,94.36
2026-09-16T16:15:00Z,2026-09-16T16:20:00Z,94.37,94.415,94.27,94.33
2026-09-16T16:20:00Z,2026-09-16T16:25:00Z,94.325,94.35,94.15,94.185
2026-09-16T16:25:00Z,2026-09-16T16:30:00Z,94.19,94.2,94.085,94.16
2026-09-16T16:30:00Z,2026-09-16T16:35:00Z,94.16,94.305,94.16,94.28
2026-09-16T16:35:00Z,2026-09-16T16:40:00Z,94.28,94.28,94.15,94.25
2026-09-16T16:40:00Z,2026-09-16T16:45:00Z,94.24,94.29,94.155,94.2
2026-09-16T16:45:00Z,2026-09-16T16:50:00Z,94.2,94.335,94.2,94.25
2026-09-16T16:50:00Z,2026-09-16T16:55:00Z,94.25,94.255,94.17,94.24
2026-09-16T16:55:00Z,2026-09-16T17:00:00Z,94.235,94.275,94.18,94.21
2026-09-16T17:00:00Z,2026-09-16T17:05:00Z,94.22,94.24,94.045,94.1
2026-09-16T17:05:00Z,2026-09-16T17:10:00Z,94.1,94.17,94.05,94.1
2026-09-16T17:10:00Z,2026-09-16T17:15:00Z,94.1,94.14,94.04,94.125
2026-09-16T17:15:00Z,2026-09-16T17:20:00Z,94.12,94.19,94.11,94.17
2026-09-16T17:20:00Z,2026-09-16T17:25:00Z,94.18,94.25,94.16,94.25
2026-09-16T17:25:00Z,2026-09-16T17:30:00Z,94.255,94.345,94.24,94.325
2026-09-16T17:30:00Z,2026-09-16T17:35:00Z,94.32,94.395,94.295,94.36
2026-09-16T17:35:00Z,2026-09-16T17:40:00Z,94.37,94.37,94.24,94.25
2026-09-16T17:40:00Z,2026-09-16T17:45:00Z,94.245,94.3,94.215,94.27
2026-09-16T17:45:00Z,2026-09-16T17:50:00Z,94.27,94.355,94.265,94.29
2026-09-16T17:50:00Z,2026-09-16T17:55:00Z,94.295,94.3,94.22,94.22
2026-09-16T17:55:00Z,2026-09-16T18:00:00Z,94.215,95.02,94.215,94.645
2026-09-16T18:00:00Z,2026-09-16T18:05:00Z,94.635,95.045,92.795,93.4
2026-09-16T18:05:00Z,2026-09-16T18:10:00Z,93.39,94.17,93.39,93.82
2026-09-16T18:10:00Z,2026-09-16T18:15:00Z,93.825,93.985,92.985,93.12
2026-09-16T18:15:00Z,2026-09-16T18:20:00Z,93.11,93.36,92.82,93.315
2026-09-16T18:20:00Z,2026-09-16T18:25:00Z,93.315,93.5,93.155,93.19
2026-09-16T18:25:00Z,2026-09-16T18:30:00Z,93.195,93.46,93.09,93.45
2026-09-16T18:30:00Z,2026-09-16T18:35:00Z,93.44,93.485,92.235,92.41
2026-09-16T18:35:00Z,2026-09-16T18:40:00Z,92.415,92.93,91.825,92.8
2026-09-16T18:40:00Z,2026-09-16T18:45:00Z,92.805,93.78,92.72,93.285
2026-09-16T18:45:00Z,2026-09-16T18:50:00Z,93.28,93.625,93.035,93.155
2026-09-16T18:50:00Z,2026-09-16T18:55:00Z,93.16,93.26,92.23,92.265
2026-09-16T18:55:00Z,2026-09-16T19:00:00Z,92.27,92.535,92.105,92.19
2026-09-16T19:00:00Z,2026-09-16T19:05:00Z,92.18,92.99,92.175,92.525
2026-09-16T19:05:00Z,2026-09-16T19:10:00Z,92.53,92.74,91.82,91.86
2026-09-16T19:10:00Z,2026-09-16T19:15:00Z,91.855,91.87,91.385,91.835
2026-09-16T19:15:00Z,2026-09-16T19:20:00Z,91.84,91.99,91.37,91.59
2026-09-16T19:20:00Z,2026-09-16T19:25:00Z,91.58,91.7,91.345,91.5
2026-09-16T19:25:00Z,2026-09-16T19:30:00Z,91.505,91.67,91.185,91.6
2026-09-16T19:30:00Z,2026-09-16T19:35:00Z,91.605,92.195,91.585,92.195
2026-09-16T19:35:00Z,2026-09-16T19:40:00Z,92.19,92.25,91.84,91.985
2026-09-16T19:40:00Z,2026-09-16T19:45:00Z,91.985,92.13,91.925,92.01
2026-09-16T19:45:00Z,2026-09-16T19:50:00Z,91.99,92.325,91.98,92.295
2026-09-16T19:50:00Z,2026-09-16T19:55:00Z,92.29,92.665,92.26,92.645
2026-09-16T19:55:00Z,2026-09-16T20:00:00Z,92.64,92.82,92.545,92.795
2026-09-17T13:30:00Z,2026-09-17T13:35:00Z,95.805,95.92,95.215,95.49
2026-09-17T13:35:00Z,2026-09-17T13:40:00Z,95.48,95.68,94.83,94.83
2026-09-17T13:40:00Z,2026-09-17T13:45:00Z,94.84,94.88,94.435,94.695
2026-09-17T13:45:00Z,2026-09-17T13:50:00Z,94.71,95.545,94.555,95.47
2026-09-17T13:50:00Z,2026-09-17T13:55:00Z,95.465,95.81,95.45,95.58
2026-09-17T13:55:00Z,2026-09-17T14:00:00Z,95.585,95.86,95.565,95.8
2026-09-17T14:00:00Z,2026-09-17T14:05:00Z,95.79,95.97,95.61,95.92
2026-09-17T14:05:00Z,2026-09-17T14:10:00Z,95.89,96.59,95.82,96.525
2026-09-17T14:10:00Z,2026-09-17T14:15:00Z,96.53,96.55,96.275,96.41
2026-09-17T14:15:00Z,2026-09-17T14:20:00Z,96.405,96.535,96.21,96.4
2026-09-17T14:20:00Z,2026-09-17T14:25:00Z,96.42,96.53,96.21,96.465
2026-09-17T14:25:00Z,2026-09-17T14:30:00Z,96.46,96.68,96.425,96.52
2026-09-17T14:30:00Z,2026-09-17T14:35:00Z,96.52,96.63,96.315,96.505
2026-09-17T14:35:00Z,2026-09-17T14:40:00Z,96.51,96.545,96.055,96.06
2026-09-17T14:40:00Z,2026-09-17T14:45:00Z,96.07,96.22,95.955,96.095
2026-09-17T14:45:00Z,2026-09-17T14:50:00Z,96.105,96.19,95.96,96.09
2026-09-17T14:50:00Z,2026-09-17T14:55:00Z,96.08,96.175,95.78,95.9
2026-09-17T14:55:00Z,2026-09-17T15:00:00Z,95.89,95.89,95.63,95.785
2026-09-17T15:00:00Z,2026-09-17T15:05:00Z,95.79,95.87,95.67,95.775
2026-09-17T15:05:00Z,2026-09-17T15:10:00Z,95.78,95.86,95.67,95.82
2026-09-17T15:10:00Z,2026-09-17T15:15:00Z,95.805,96.12,95.68,96.11
2026-09-17T15:15:00Z,2026-09-17T15:20:00Z,96.09,96.23,96.045,96.12
2026-09-17T15:20:00Z,2026-09-17T15:25:00Z,96.13,96.135,95.82,95.83
2026-09-17T15:25:00Z,2026-09-17T15:30:00Z,95.83,96.025,95.775,95.97
2026-09-17T15:30:00Z,2026-09-17T15:35:00Z,95.975,96.01,95.89,95.985
2026-09-17T15:35:00Z,2026-09-17T15:40:00Z,95.99,96,95.82,95.865
2026-09-17T15:40:00Z,2026-09-17T15:45:00Z,95.865,96.09,95.84,96.045
2026-09-17T15:45:00Z,2026-09-17T15:50:00Z,96.05,96.165,96.01,96.095
2026-09-17T15:50:00Z,2026-09-17T15:55:00Z,96.105,96.195,96.01,96.195
2026-09-17T15:55:00Z,2026-09-17T16:00:00Z,96.19,96.35,96.14,96.335
2026-09-17T16:00:00Z,2026-09-17T16:05:00Z,96.33,96.47,96.28,96.28
2026-09-17T16:05:00Z,2026-09-17T16:10:00Z,96.29,96.31,96.08,96.155
2026-09-17T16:10:00Z,2026-09-17T16:15:00Z,96.16,96.165,95.945,96.015
2026-09-17T16:15:00Z,2026-09-17T16:20:00Z,96.015,96.02,95.885,95.96
2026-09-17T16:20:00Z,2026-09-17T16:25:00Z,95.96,95.965,95.87,95.88
2026-09-17T16:25:00Z,2026-09-17T16:30:00Z,95.885,95.9,95.645,95.69
2026-09-17T16:30:00Z,2026-09-17T16:35:00Z,95.685,95.685,95.4,95.475
2026-09-17T16:35:00Z,2026-09-17T16:40:00Z,95.49,95.63,95.48,95.615
2026-09-17T16:40:00Z,2026-09-17T16:45:00Z,95.605,95.655,95.58,95.64
2026-09-17T16:45:00Z,2026-09-17T16:50:00Z,95.645,95.765,95.63,95.635
2026-09-17T16:50:00Z,2026-09-17T16:55:00Z,95.635,95.635,95.515,95.62
2026-09-17T16:55:00Z,2026-09-17T17:00:00Z,95.615,95.65,95.41,95.65
2026-09-17T17:00:00Z,2026-09-17T17:05:00Z,95.645,95.83,95.605,95.82
2026-09-17T17:05:00Z,2026-09-17T17:10:00Z,95.82,95.97,95.805,95.92
2026-09-17T17:10:00Z,2026-09-17T17:15:00Z,95.92,95.94,95.845,95.875
2026-09-17T17:15:00Z,2026-09-17T17:20:00Z,95.875,95.885,95.73,95.79
2026-09-17T17:20:00Z,2026-09-17T17:25:00Z,95.785,95.865,95.755,95.82
2026-09-17T17:25:00Z,2026-09-17T17:30:00Z,95.84,95.93,95.82,95.88
2026-09-17T17:30:00Z,2026-09-17T17:35:00Z,95.875,95.93,95.82,95.86
2026-09-17T17:35:00Z,2026-09-17T17:40:00Z,95.86,95.945,95.82,95.86
2026-09-17T17:40:00Z,2026-09-17T17:45:00Z,95.865,95.935,95.84,95.89
2026-09-17T17:45:00Z,2026-09-17T17:50:00Z,95.895,95.92,95.77,95.78
2026-09-17T17:50:00Z,2026-09-17T17:55:00Z,95.77,95.9,95.77,95.83
2026-09-17T17:55:00Z,2026-09-17T18:00:00Z,95.83,95.945,95.83,95.93
2026-09-17T18:00:00Z,2026-09-17T18:05:00Z,95.935,95.985,95.845,95.955
2026-09-17T18:05:00Z,2026-09-17T18:10:00Z,95.97,96.05,95.96,95.965
2026-09-17T18:10:00Z,2026-09-17T18:15:00Z,95.965,96.095,95.925,96.055
2026-09-17T18:15:00Z,2026-09-17T18:20:00Z,96.05,96.085,95.975,96.03
2026-09-17T18:20:00Z,2026-09-17T18:25:00Z,96.035,96.035,95.91,95.98
2026-09-17T18:25:00Z,2026-09-17T18:30:00Z,95.99,96.025,95.915,95.935
2026-09-17T18:30:00Z,2026-09-17T18:35:00Z,95.935,95.97,95.775,95.795
2026-09-17T18:35:00Z,2026-09-17T18:40:00Z,95.795,95.83,95.75,95.77
2026-09-17T18:40:00Z,2026-09-17T18:45:00Z,95.765,95.8,95.68,95.775
2026-09-17T18:45:00Z,2026-09-17T18:50:00Z,95.78,95.79,95.695,95.755
2026-09-17T18:50:00Z,2026-09-17T18:55:00Z,95.755,95.76,95.66,95.695
2026-09-17T18:55:00Z,2026-09-17T19:00:00Z,95.695,95.735,95.66,95.73
2026-09-17T19:00:00Z,2026-09-17T19:05:00Z,95.735,95.95,95.73,95.86
2026-09-17T19:05:00Z,2026-09-17T19:10:00Z,95.865,95.955,95.855,95.93
2026-09-17T19:10:00Z,2026-09-17T19:15:00Z,95.925,95.935,95.85,95.91
2026-09-17T19:15:00Z,2026-09-17T19:20:00Z,95.905,95.91,95.74,95.84
2026-09-17T19:20:00Z,2026-09-17T19:25:00Z,95.84,95.84,95.72,95.725
2026-09-17T19:25:00Z,2026-09-17T19:30:00Z,95.725,95.745,95.48,95.495
2026-09-17T19:30:00Z,2026-09-17T19:35:00Z,95.5,95.605,95.465,95.56
2026-09-17T19:35:00Z,2026-09-17T19:40:00Z,95.56,95.665,95.555,95.66
2026-09-17T19:40:00Z,2026-09-17T19:45:00Z,95.655,95.745,95.605,95.735
2026-09-17T19:45:00Z,2026-09-17T19:50:00Z,95.725,95.91,95.715,95.84
2026-09-17T19:50:00Z,2026-09-17T19:55:00Z,95.835,96.085,95.835,96.045
2026-09-17T19:55:00Z,2026-09-17T20:00:00Z,96.055,96.155,95.895,95.925
2026-09-18T13:30:00Z,2026-09-18T13:35:00Z,96.23,96.245,95.165,95.29
2026-09-18T13:35:00Z,2026-09-18T13:40:00Z,95.285,95.39,94.885,95.155
2026-09-18T13:40:00Z,2026-09-18T13:45:00Z,95.135,95.46,94.92,95.22
2026-09-18T13:45:00Z,2026-09-18T13:50:00Z,95.23,95.44,95.21,95.325
2026-09-18T13:50:00Z,2026-09-18T13:55:00Z,95.32,95.32,94.98,95.04
2026-09-18T13:55:00Z,2026-09-18T14:00:00Z,95.035,95.105,94.865,94.985
2026-09-18T14:00:00Z,2026-09-18T14:05:00Z,94.975,95.15,94.89,95.145
2026-09-18T14:05:00Z,2026-09-18T14:10:00Z,95.14,95.14,94.735,94.785
2026-09-18T14:10:00Z,2026-09-18T14:15:00Z,94.785,95.065,94.785,94.955
2026-09-18T14:15:00Z,2026-09-18T14:20:00Z,94.96,95.07,94.645,94.655
2026-09-18T14:20:00Z,2026-09-18T14:25:00Z,94.655,94.835,94.44,94.745
2026-09-18T14:25:00Z,2026-09-18T14:30:00Z,94.745,94.78,94.465,94.47
2026-09-18T14:30:00Z,2026-09-18T14:35:00Z,94.475,94.725,94.435,94.535
2026-09-18T14:35:00Z,2026-09-18T14:40:00Z,94.54,94.965,94.405,94.94
2026-09-18T14:40:00Z,2026-09-18T14:45:00Z,94.935,94.935,94.705,94.735
2026-09-18T14:45:00Z,2026-09-18T14:50:00Z,94.745,94.965,94.675,94.855
2026-09-18T14:50:00Z,2026-09-18T14:55:00Z,94.85,95.035,94.765,94.78
2026-09-18T14:55:00Z,2026-09-18T15:00:00Z,94.77,94.82,94.37,94.445
2026-09-18T15:00:00Z,2026-09-18T15:05:00Z,94.44,94.56,94.395,94.5
2026-09-18T15:05:00Z,2026-09-18T15:10:00Z,94.495,94.59,94.255,94.26
2026-09-18T15:10:00Z,2026-09-18T15:15:00Z,94.265,94.47,94.22,94.455
2026-09-18T15:15:00Z,2026-09-18T15:20:00Z,94.45,94.61,94.385,94.605
2026-09-18T15:20:00Z,2026-09-18T15:25:00Z,94.6,94.6,94.31,94.385
2026-09-18T15:25:00Z,2026-09-18T15:30:00Z,94.38,94.62,94.375,94.585
2026-09-18T15:30:00Z,2026-09-18T15:35:00Z,94.58,94.885,94.565,94.88
2026-09-18T15:35:00Z,2026-09-18T15:40:00Z,94.885,94.9,94.565,94.57
2026-09-18T15:40:00Z,2026-09-18T15:45:00Z,94.565,94.75,94.5,94.715
2026-09-18T15:45:00Z,2026-09-18T15:50:00Z,94.72,94.855,94.72,94.8
2026-09-18T15:50:00Z,2026-09-18T15:55:00Z,94.8,94.855,94.71,94.77
2026-09-18T15:55:00Z,2026-09-18T16:00:00Z,94.775,94.91,94.765,94.905
2026-09-18T16:00:00Z,2026-09-18T16:05:00Z,94.91,94.955,94.82,94.875
2026-09-18T16:05:00Z,2026-09-18T16:10:00Z,94.88,94.97,94.8,94.86
2026-09-18T16:10:00Z,2026-09-18T16:15:00Z,94.87,94.98,94.76,94.82
2026-09-18T16:15:00Z,2026-09-18T16:20:00Z,94.82,94.91,94.765,94.9
2026-09-18T16:20:00Z,2026-09-18T16:25:00Z,94.905,95.025,94.89,95.01
2026-09-18T16:25:00Z,2026-09-18T16:30:00Z,95.01,95.39,94.94,95.345
2026-09-18T16:30:00Z,2026-09-18T16:35:00Z,95.335,95.545,95.19,95.455
2026-09-18T16:35:00Z,2026-09-18T16:40:00Z,95.45,95.505,95.355,95.42
2026-09-18T16:40:00Z,2026-09-18T16:45:00Z,95.425,95.46,95.23,95.3
2026-09-18T16:45:00Z,2026-09-18T16:50:00Z,95.31,95.42,95.24,95.375
2026-09-18T16:50:00Z,2026-09-18T16:55:00Z,95.37,95.48,95.34,95.48
2026-09-18T16:55:00Z,2026-09-18T17:00:00Z,95.485,95.49,95.425,95.475
2026-09-18T17:00:00Z,2026-09-18T17:05:00Z,95.475,95.59,95.38,95.45
2026-09-18T17:05:00Z,2026-09-18T17:10:00Z,95.445,95.565,95.4,95.565
2026-09-18T17:10:00Z,2026-09-18T17:15:00Z,95.58,95.58,95.465,95.49
2026-09-18T17:15:00Z,2026-09-18T17:20:00Z,95.48,95.52,95.43,95.45
2026-09-18T17:20:00Z,2026-09-18T17:25:00Z,95.455,95.47,95.385,95.44
2026-09-18T17:25:00Z,2026-09-18T17:30:00Z,95.435,95.525,95.41,95.5
2026-09-18T17:30:00Z,2026-09-18T17:35:00Z,95.495,95.67,95.465,95.67
2026-09-18T17:35:00Z,2026-09-18T17:40:00Z,95.66,95.8,95.65,95.7
2026-09-18T17:40:00Z,2026-09-18T17:45:00Z,95.7,95.85,95.64,95.8
2026-09-18T17:45:00Z,2026-09-18T17:50:00Z,95.8,95.805,95.69,95.69
2026-09-18T17:50:00Z,2026-09-18T17:55:00Z,95.685,95.76,95.67,95.695
2026-09-18T17:55:00Z,2026-09-18T18:00:00Z,95.695,95.76,95.67,95.71
2026-09-18T18:00:00Z,2026-09-18T18:05:00Z,95.705,95.74,95.66,95.665
2026-09-18T18:05:00Z,2026-09-18T18:10:00Z,95.665,95.77,95.64,95.71
2026-09-18T18:10:00Z,2026-09-18T18:15:00Z,95.715,95.78,95.635,95.72
2026-09-18T18:15:00Z,2026-09-18T18:20:00Z,95.725,95.73,95.545,95.63
2026-09-18T18:20:00Z,2026-09-18T18:25:00Z,95.63,95.64,95.475,95.495
2026-09-18T18:25:00Z,2026-09-18T18:30:00Z,95.5,95.555,95.46,95.55
2026-09-18T18:30:00Z,2026-09-18T18:35:00Z,95.555,95.555,95.41,95.48
2026-09-18T18:35:00Z,2026-09-18T18:40:00Z,95.485,95.485,95.405,95.42
2026-09-18T18:40:00Z,2026-09-18T18:45:00Z,95.415,95.42,95.32,95.33
2026-09-18T18:45:00Z,2026-09-18T18:50:00Z,95.335,95.4,95.3,95.34
2026-09-18T18:50:00Z,2026-09-18T18:55:00Z,95.35,95.385,95.315,95.315
2026-09-18T18:55:00Z,2026-09-18T19:00:00Z,95.32,95.38,95.305,95.355
2026-09-18T19:00:00Z,2026-09-18T19:05:00Z,95.36,95.39,95.25,95.34
2026-09-18T19:05:00Z,2026-09-18T19:10:00Z,95.34,95.44,95.335,95.41
2026-09-18T19:10:00Z,2026-09-18T19:15:00Z,95.405,95.435,95.36,95.415
2026-09-18T19:15:00Z,2026-09-18T19:20:00Z,95.42,95.43,95.27,95.285
2026-09-18T19:20:00Z,2026-09-18T19:25:00Z,95.285,95.34,95.245,95.325
2026-09-18T19:25:00Z,2026-09-18T19:30:00Z,95.325,95.335,95.255,95.315
2026-09-18T19:30:00Z,2026-09-18T19:35:00Z,95.305,95.345,95.29,95.315
2026-09-18T19:35:00Z,2026-09-18T19:40:00Z,95.31,95.355,95.24,95.345
2026-09-18T19:40:00Z,2026-09-18T19:45:00Z,95.355,95.485,95.33,95.465
2026-09-18T19:45:00Z,2026-09-18T19:50:00Z,95.47,95.62,95.36,95.61
2026-09-18T19:50:00Z,2026-09-18T19:55:00Z,95.625,95.635,95.315,95.335
2026-09-18T19:55:00Z,2026-09-18T20:00:00Z,95.34,95.615,95.3,95.495
2026-09-21T13:30:00Z,2026-09-21T13:35:00Z,95.92,95.94,94.915,94.935
2026-09-21T13:35:00Z,2026-09-21T13:40:00Z,94.925,95.155,94.845,95.055
2026-09-21T13:40:00Z,2026-09-21T13:45:00Z,95.05,95.09,94.72,95.015
2026-09-21T13:45:00Z,2026-09-21T13:50:00Z,95.01,95.035,94.735,94.92
2026-09-21T13:50:00Z,2026-09-21T13:55:00Z,94.93,94.93,94.59,94.59
2026-09-21T13:55:00Z,2026-09-21T14:00:00Z,94.61,94.855,94.54,94.68
2026-09-21T14:00:00Z,2026-09-21T14:05:00Z,94.69,94.72,93.85,93.905
2026-09-21T14:05:00Z,2026-09-21T14:10:00Z,93.895,94.22,93.7,94.21
2026-09-21T14:10:00Z,2026-09-21T14:15:00Z,94.215,94.37,94.12,94.26
2026-09-21T14:15:00Z,2026-09-21T14:20:00Z,94.255,94.375,94.135,94.2
2026-09-21T14:20:00Z,2026-09-21T14:25:00Z,94.205,94.42,94.13,94.355
2026-09-21T14:25:00Z,2026-09-21T14:30:00Z,94.335,94.54,94.2,94.49
2026-09-21T14:30:00Z,2026-09-21T14:35:00Z,94.495,94.58,94.195,94.225
2026-09-21T14:35:00Z,2026-09-21T14:40:00Z,94.23,94.315,93.935,93.94
2026-09-21T14:40:00Z,2026-09-21T14:45:00Z,93.935,94.205,93.905,93.915
2026-09-21T14:45:00Z,2026-09-21T14:50:00Z,93.92,94.14,93.915,93.98
2026-09-21T14:50:00Z,2026-09-21T14:55:00Z,93.985,94.24,93.925,94.21
2026-09-21T14:55:00Z,2026-09-21T15:00:00Z,94.215,94.22,93.88,93.92
2026-09-21T15:00:00Z,2026-09-21T15:05:00Z,93.93,94.435,93.92,94.435
2026-09-21T15:05:00Z,2026-09-21T15:10:00Z,94.43,94.52,94.345,94.52
2026-09-21T15:10:00Z,2026-09-21T15:15:00Z,94.525,94.535,94.27,94.29
2026-09-21T15:15:00Z,2026-09-21T15:20:00Z,94.295,94.45,94.215,94.23
2026-09-21T15:20:00Z,2026-09-21T15:25:00Z,94.23,94.34,94.1,94.335
2026-09-21T15:25:00Z,2026-09-21T15:30:00Z,94.345,94.415,94.265,94.27
2026-09-21T15:30:00Z,2026-09-21T15:35:00Z,94.28,94.465,94.25,94.435
2026-09-21T15:35:00Z,2026-09-21T15:40:00Z,94.44,94.5,94.27,94.27
2026-09-21T15:40:00Z,2026-09-21T15:45:00Z,94.275,94.315,94.165,94.26
2026-09-21T15:45:00Z,2026-09-21T15:50:00Z,94.25,94.37,94.24,94.34
2026-09-21T15:50:00Z,2026-09-21T15:55:00Z,94.36,94.59,94.29,94.37
2026-09-21T15:55:00Z,2026-09-21T16:00:00Z,94.365,94.41,94.18,94.28
2026-09-21T16:00:00Z,2026-09-21T16:05:00Z,94.27,94.34,94.16,94.315
2026-09-21T16:05:00Z,2026-09-21T16:10:00Z,94.315,94.455,94.195,94.405
2026-09-21T16:10:00Z,2026-09-21T16:15:00Z,94.41,94.425,94.235,94.34
2026-09-21T16:15:00Z,2026-09-21T16:20:00Z,94.35,94.57,94.345,94.54
2026-09-21T16:20:00Z,2026-09-21T16:25:00Z,94.535,94.545,94.2,94.22
2026-09-21T16:25:00Z,2026-09-21T16:30:00Z,94.225,94.23,94.1,94.16
2026-09-21T16:30:00Z,2026-09-21T16:35:00Z,94.16,94.18,94.11,94.13
2026-09-21T16:35:00Z,2026-09-21T16:40:00Z,94.13,94.17,94.05,94.065
2026-09-21T16:40:00Z,2026-09-21T16:45:00Z,94.06,94.11,93.97,94.015
2026-09-21T16:45:00Z,2026-09-21T16:50:00Z,94.02,94.085,93.985,94.03
2026-09-21T16:50:00Z,2026-09-21T16:55:00Z,94.03,94.06,93.875,93.92
2026-09-21T16:55:00Z,2026-09-21T17:00:00Z,93.91,93.99,93.9,93.905
2026-09-21T17:00:00Z,2026-09-21T17:05:00Z,93.92,93.96,93.875,93.925
2026-09-21T17:05:00Z,2026-09-21T17:10:00Z,93.925,93.965,93.92,93.965
2026-09-21T17:10:00Z,2026-09-21T17:15:00Z,93.965,94.095,93.965,94.07
2026-09-21T17:15:00Z,2026-09-21T17:20:00Z,94.08,94.09,94.005,94.04
2026-09-21T17:20:00Z,2026-09-21T17:25:00Z,94.04,94.115,94.02,94.045
2026-09-21T17:25:00Z,2026-09-21T17:30:00Z,94.05,94.13,94.02,94.11
2026-09-21T17:30:00Z,2026-09-21T17:35:00Z,94.115,94.14,94.005,94.05
2026-09-21T17:35:00Z,2026-09-21T17:40:00Z,94.045,94.13,94.035,94.085
2026-09-21T17:40:00Z,2026-09-21T17:45:00Z,94.085,94.24,94.06,94.095
2026-09-21T17:45:00Z,2026-09-21T17:50:00Z,94.095,94.23,94.07,94.21
2026-09-21T17:50:00Z,2026-09-21T17:55:00Z,94.205,94.24,94.15,94.165
2026-09-21T17:55:00Z,2026-09-21T18:00:00Z,94.16,94.2,94.11,94.15
2026-09-21T18:00:00Z,2026-09-21T18:05:00Z,94.155,94.265,94.13,94.25
2026-09-21T18:05:00Z,2026-09-21T18:10:00Z,94.25,94.375,94.24,94.335
2026-09-21T18:10:00Z,2026-09-21T18:15:00Z,94.335,94.42,94.285,94.415
2026-09-21T18:15:00Z,2026-09-21T18:20:00Z,94.415,94.58,94.415,94.565
2026-09-21T18:20:00Z,2026-09-21T18:25:00Z,94.57,94.615,94.46,94.475
2026-09-21T18:25:00Z,2026-09-21T18:30:00Z,94.475,94.52,94.415,94.515
2026-09-21T18:30:00Z,2026-09-21T18:35:00Z,94.525,94.66,94.515,94.585
2026-09-21T18:35:00Z,2026-09-21T18:40:00Z,94.585,94.605,94.45,94.53
2026-09-21T18:40:00Z,2026-09-21T18:45:00Z,94.53,94.625,94.51,94.615
2026-09-21T18:45:00Z,2026-09-21T18:50:00Z,94.61,94.64,94.585,94.595
2026-09-21T18:50:00Z,2026-09-21T18:55:00Z,94.61,94.62,94.55,94.56
2026-09-21T18:55:00Z,2026-09-21T19:00:00Z,94.56,94.585,94.505,94.515
2026-09-21T19:00:00Z,2026-09-21T19:05:00Z,94.525,94.535,94.405,94.46
2026-09-21T19:05:00Z,2026-09-21T19:10:00Z,94.465,94.52,94.445,94.51
2026-09-21T19:10:00Z,2026-09-21T19:15:00Z,94.515,94.585,94.495,94.525
2026-09-21T19:15:00Z,2026-09-21T19:20:00Z,94.525,94.565,94.5,94.52
2026-09-21T19:20:00Z,2026-09-21T19:25:00Z,94.525,94.56,94.42,94.425
2026-09-21T19:25:00Z,2026-09-21T19:30:00Z,94.425,94.525,94.39,94.47
2026-09-21T19:30:00Z,2026-09-21T19:35:00Z,94.465,94.67,94.465,94.64
2026-09-21T19:35:00Z,2026-09-21T19:40:00Z,94.645,94.765,94.615,94.765
2026-09-21T19:40:00Z,2026-09-21T19:45:00Z,94.76,94.785,94.63,94.655
2026-09-21T19:45:00Z,2026-09-21T19:50:00Z,94.65,94.7,94.475,94.475
2026-09-21T19:50:00Z,2026-09-21T19:55:00Z,94.46,94.55,94.415,94.515
2026-09-21T19:55:00Z,2026-09-21T20:00:00Z,94.505,94.645,94.38,94.42
2026-09-22T13:30:00Z,2026-09-22T13:35:00Z,94.64,95.335,94.5,95.205
2026-09-22T13:35:00Z,2026-09-22T13:40:00Z,95.21,95.565,95.075,95.325
2026-09-22T13:40:00Z,2026-09-22T13:45:00Z,95.315,96.01,95.175,95.975
2026-09-22T13:45:00Z,2026-09-22T13:50:00Z,96.01,96.315,95.745,96.225
2026-09-22T13:50:00Z,2026-09-22T13:55:00Z,96.215,96.225,95.805,95.885
2026-09-22T13:55:00Z,2026-09-22T14:00:00Z,95.88,95.88,95.665,95.695
2026-09-22T14:00:00Z,2026-09-22T14:05:00Z,95.705,95.785,95.16,95.165
2026-09-22T14:05:00Z,2026-09-22T14:10:00Z,95.17,95.45,95.09,95.375
2026-09-22T14:10:00Z,2026-09-22T14:15:00Z,95.37,95.805,95.35,95.675
2026-09-22T14:15:00Z,2026-09-22T14:20:00Z,95.675,95.71,95.29,95.5
2026-09-22T14:20:00Z,2026-09-22T14:25:00Z,95.495,95.675,95.395,95.59
2026-09-22T14:25:00Z,2026-09-22T14:30:00Z,95.6,95.615,95.29,95.395
2026-09-22T14:30:00Z,2026-09-22T14:35:00Z,95.4,95.45,95.145,95.175
2026-09-22T14:35:00Z,2026-09-22T14:40:00Z,95.17,95.52,95.065,95.085
2026-09-22T14:40:00Z,2026-09-22T14:45:00Z,95.08,95.09,94.68,94.89
2026-09-22T14:45:00Z,2026-09-22T14:50:00Z,94.88,95.135,94.815,95.11
2026-09-22T14:50:00Z,2026-09-22T14:55:00Z,95.115,95.4,95.04,95.355
2026-09-22T14:55:00Z,2026-09-22T15:00:00Z,95.35,95.475,95.345,95.355
2026-09-22T15:00:00Z,2026-09-22T15:05:00Z,95.36,95.54,95.265,95.44
2026-09-22T15:05:00Z,2026-09-22T15:10:00Z,95.435,95.775,95.355,95.61
2026-09-22T15:10:00Z,2026-09-22T15:15:00Z,95.605,95.8,95.535,95.735
2026-09-22T15:15:00Z,2026-09-22T15:20:00Z,95.75,95.895,95.72,95.73
2026-09-22T15:20:00Z,2026-09-22T15:25:00Z,95.74,95.985,95.69,95.94
2026-09-22T15:25:00Z,2026-09-22T15:30:00Z,95.95,95.955,95.735,95.74
2026-09-22T15:30:00Z,2026-09-22T15:35:00Z,95.735,95.775,95.565,95.635
2026-09-22T15:35:00Z,2026-09-22T15:40:00Z,95.625,95.705,95.6,95.68
2026-09-22T15:40:00Z,2026-09-22T15:45:00Z,95.675,95.675,95.585,95.6
2026-09-22T15:45:00Z,2026-09-22T15:50:00Z,95.595,95.6,95.485,95.56
2026-09-22T15:50:00Z,2026-09-22T15:55:00Z,95.565,95.64,95.56,95.61
2026-09-22T15:55:00Z,2026-09-22T16:00:00Z,95.605,95.765,95.585,95.755
2026-09-22T16:00:00Z,2026-09-22T16:05:00Z,95.74,95.82,95.615,95.64
2026-09-22T16:05:00Z,2026-09-22T16:10:00Z,95.63,95.725,95.52,95.52
2026-09-22T16:10:00Z,2026-09-22T16:15:00Z,95.525,95.625,95.47,95.61
2026-09-22T16:15:00Z,2026-09-22T16:20:00Z,95.595,95.71,95.585,95.68
2026-09-22T16:20:00Z,2026-09-22T16:25:00Z,95.69,95.7,95.5,95.55
2026-09-22T16:25:00Z,2026-09-22T16:30:00Z,95.55,95.675,95.55,95.65
2026-09-22T16:30:00Z,2026-09-22T16:35:00Z,95.655,95.79,95.635,95.78
2026-09-22T16:35:00Z,2026-09-22T16:40:00Z,95.77,95.88,95.735,95.87
2026-09-22T16:40:00Z,2026-09-22T16:45:00Z,95.88,95.96,95.835,95.96
2026-09-22T16:45:00Z,2026-09-22T16:50:00Z,95.96,96.37,95.95,96.31
2026-09-22T16:50:00Z,2026-09-22T16:55:00Z,96.315,96.37,96.185,96.245
2026-09-22T16:55:00Z,2026-09-22T17:00:00Z,96.245,96.34,96.205,96.3
2026-09-22T17:00:00Z,2026-09-22T17:05:00Z,96.295,96.315,96.16,96.27
2026-09-22T17:05:00Z,2026-09-22T17:10:00Z,96.275,96.375,96.22,96.23
2026-09-22T17:10:00Z,2026-09-22T17:15:00Z,96.235,96.32,96.19,96.255
2026-09-22T17:15:00Z,2026-09-22T17:20:00Z,96.255,96.35,96.225,96.225
2026-09-22T17:20:00Z,2026-09-22T17:25:00Z,96.225,96.27,96.06,96.07
2026-09-22T17:25:00Z,2026-09-22T17:30:00Z,96.07,96.23,96.045,96.225
2026-09-22T17:30:00Z,2026-09-22T17:35:00Z,96.23,96.23,96.12,96.2
2026-09-22T17:35:00Z,2026-09-22T17:40:00Z,96.2,96.22,96.12,96.135
2026-09-22T17:40:00Z,2026-09-22T17:45:00Z,96.13,96.26,96.13,96.24
2026-09-22T17:45:00Z,2026-09-22T17:50:00Z,96.25,96.34,96.23,96.33
2026-09-22T17:50:00Z,2026-09-22T17:55:00Z,96.33,97.08,96.31,96.97
2026-09-22T17:55:00Z,2026-09-22T18:00:00Z,96.98,97.255,96.93,97.17
2026-09-22T18:00:00Z,2026-09-22T18:05:00Z,97.15,97.31,96.95,97.285
2026-09-22T18:05:00Z,2026-09-22T18:10:00Z,97.28,97.55,97.235,97.41
2026-09-22T18:10:00Z,2026-09-22T18:15:00Z,97.42,97.42,97.23,97.33
2026-09-22T18:15:00Z,2026-09-22T18:20:00Z,97.325,97.51,97.3,97.4
2026-09-22T18:20:00Z,2026-09-22T18:25:00Z,97.38,97.55,97.32,97.34
2026-09-22T18:25:00Z,2026-09-22T18:30:00Z,97.33,97.405,97.235,97.375
2026-09-22T18:30:00Z,2026-09-22T18:35:00Z,97.37,97.385,97.165,97.185
2026-09-22T18:35:00Z,2026-09-22T18:40:00Z,97.195,97.205,97.01,97.025
2026-09-22T18:40:00Z,2026-09-22T18:45:00Z,97.025,97.09,96.96,97.05
2026-09-22T18:45:00Z,2026-09-22T18:50:00Z,97.045,97.25,97.01,97.23
2026-09-22T18:50:00Z,2026-09-22T18:55:00Z,97.235,97.3,97.19,97.245
2026-09-22T18:55:00Z,2026-09-22T19:00:00Z,97.235,97.28,97.205,97.225
2026-09-22T19:00:00Z,2026-09-22T19:05:00Z,97.215,97.335,97.215,97.28
2026-09-22T19:05:00Z,2026-09-22T19:10:00Z,97.27,97.405,97.23,97.385
2026-09-22T19:10:00Z,2026-09-22T19:15:00Z,97.39,97.46,97.325,97.46
2026-09-22T19:15:00Z,2026-09-22T19:20:00Z,97.47,97.51,97.415,97.495
2026-09-22T19:20:00Z,2026-09-22T19:25:00Z,97.495,97.57,97.455,97.57
2026-09-22T19:25:00Z,2026-09-22T19:30:00Z,97.555,97.74,97.525,97.7
2026-09-22T19:30:00Z,2026-09-22T19:35:00Z,97.705,98.105,97.685,98.105
2026-09-22T19:35:00Z,2026-09-22T19:40:00Z,98.1,98.19,97.915,98.17
2026-09-22T19:40:00Z,2026-09-22T19:45:00Z,98.165,98.26,98.09,98.26
2026-09-22T19:45:00Z,2026-09-22T19:50:00Z,98.255,98.365,98.22,98.29
2026-09-22T19:50:00Z,2026-09-22T19:55:00Z,98.285,98.355,98.12,98.145
2026-09-22T19:55:00Z,2026-09-22T20:00:00Z,98.14,98.145,97.805,97.805
2026-09-23T13:30:00Z,2026-09-23T13:35:00Z,95.17,95.26,94.15,94.28
2026-09-23T13:35:00Z,2026-09-23T13:40:00Z,94.27,94.42,93.95,94.295
2026-09-23T13:40:00Z,2026-09-23T13:45:00Z,94.29,94.37,93.505,93.805
2026-09-23T13:45:00Z,2026-09-23T13:50:00Z,93.8,93.8,93.185,93.36
2026-09-23T13:50:00Z,2026-09-23T13:55:00Z,93.355,93.55,93.125,93.185
2026-09-23T13:55:00Z,2026-09-23T14:00:00Z,93.175,93.52,93.1,93.325
2026-09-23T14:00:00Z,2026-09-23T14:05:00Z,93.32,93.565,93.26,93.45
2026-09-23T14:05:00Z,2026-09-23T14:10:00Z,93.455,93.875,93.375,93.695
2026-09-23T14:10:00Z,2026-09-23T14:15:00Z,93.695,93.79,93.27,93.43
2026-09-23T14:15:00Z,2026-09-23T14:20:00Z,93.445,93.56,93.13,93.13
2026-09-23T14:20:00Z,2026-09-23T14:25:00Z,93.14,93.3,93.07,93.3
2026-09-23T14:25:00Z,2026-09-23T14:30:00Z,93.295,93.485,93.21,93.35
2026-09-23T14:30:00Z,2026-09-23T14:35:00Z,93.35,93.92,93.35,93.79
2026-09-23T14:35:00Z,2026-09-23T14:40:00Z,93.8,93.915,93.395,93.4
2026-09-23T14:40:00Z,2026-09-23T14:45:00Z,93.4,93.815,93.4,93.77
2026-09-23T14:45:00Z,2026-09-23T14:50:00Z,93.775,93.815,93.47,93.555
2026-09-23T14:50:00Z,2026-09-23T14:55:00Z,93.55,94.26,93.485,94.215
2026-09-23T14:55:00Z,2026-09-23T15:00:00Z,94.21,94.24,93.885,93.995
2026-09-23T15:00:00Z,2026-09-23T15:05:00Z,93.99,94,93.69,93.795
2026-09-23T15:05:00Z,2026-09-23T15:10:00Z,93.8,93.9,93.66,93.81
2026-09-23T15:10:00Z,2026-09-23T15:15:00Z,93.82,93.96,93.75,93.855
2026-09-23T15:15:00Z,2026-09-23T15:20:00Z,93.86,93.925,93.75,93.92
2026-09-23T15:20:00Z,2026-09-23T15:25:00Z,93.925,94.03,93.865,93.99
2026-09-23T15:25:00Z,2026-09-23T15:30:00Z,93.995,94.08,93.655,93.66
2026-09-23T15:30:00Z,2026-09-23T15:35:00Z,93.665,93.67,93.45,93.58
2026-09-23T15:35:00Z,2026-09-23T15:40:00Z,93.58,93.68,93.39,93.47
2026-09-23T15:40:00Z,2026-09-23T15:45:00Z,93.46,93.675,93.41,93.65
2026-09-23T15:45:00Z,2026-09-23T15:50:00Z,93.65,93.71,93.28,93.295
2026-09-23T15:50:00Z,2026-09-23T15:55:00Z,93.3,93.39,93.24,93.35
2026-09-23T15:55:00Z,2026-09-23T16:00:00Z,93.355,93.44,93.315,93.39
2026-09-23T16:00:00Z,2026-09-23T16:05:00Z,93.38,93.44,93.165,93.2
2026-09-23T16:05:00Z,2026-09-23T16:10:00Z,93.195,93.55,93.18,93.525
2026-09-23T16:10:00Z,2026-09-23T16:15:00Z,93.52,93.68,93.505,93.635
2026-09-23T16:15:00Z,2026-09-23T16:20:00Z,93.64,93.745,93.6,93.73
2026-09-23T16:20:00Z,2026-09-23T16:25:00Z,93.725,93.735,93.58,93.585
2026-09-23T16:25:00Z,2026-09-23T16:30:00Z,93.58,93.69,93.58,93.69
2026-09-23T16:30:00Z,2026-09-23T16:35:00Z,93.705,93.885,93.705,93.865
2026-09-23T16:35:00Z,2026-09-23T16:40:00Z,93.87,94.08,93.845,94
2026-09-23T16:40:00Z,2026-09-23T16:45:00Z,93.995,94.115,93.94,94.045
2026-09-23T16:45:00Z,2026-09-23T16:50:00Z,94.03,94.065,93.845,93.865
2026-09-23T16:50:00Z,2026-09-23T16:55:00Z,93.87,93.93,93.71,93.78
2026-09-23T16:55:00Z,2026-09-23T17:00:00Z,93.785,93.95,93.775,93.925
2026-09-23T17:00:00Z,2026-09-23T17:05:00Z,93.925,93.935,93.385,93.585
2026-09-23T17:05:00Z,2026-09-23T17:10:00Z,93.58,93.74,93.515,93.725
2026-09-23T17:10:00Z,2026-09-23T17:15:00Z,93.73,93.8,93.45,93.58
2026-09-23T17:15:00Z,2026-09-23T17:20:00Z,93.575,93.62,93.52,93.575
2026-09-23T17:20:00Z,2026-09-23T17:25:00Z,93.575,93.715,93.54,93.625
2026-09-23T17:25:00Z,2026-09-23T17:30:00Z,93.605,93.69,93.58,93.63
2026-09-23T17:30:00Z,2026-09-23T17:35:00Z,93.625,93.635,93.51,93.585
2026-09-23T17:35:00Z,2026-09-23T17:40:00Z,93.585,93.585,93.415,93.435
2026-09-23T17:40:00Z,2026-09-23T17:45:00Z,93.435,93.885,93.41,93.845
2026-09-23T17:45:00Z,2026-09-23T17:50:00Z,93.83,93.945,93.795,93.935
2026-09-23T17:50:00Z,2026-09-23T17:55:00Z,93.945,94.1,93.93,94.095
2026-09-23T17:55:00Z,2026-09-23T18:00:00Z,94.09,94.225,94.01,94.195
2026-09-23T18:00:00Z,2026-09-23T18:05:00Z,94.2,94.29,94.055,94.09
2026-09-23T18:05:00Z,2026-09-23T18:10:00Z,94.085,94.18,94.03,94.155
2026-09-23T18:10:00Z,2026-09-23T18:15:00Z,94.16,94.21,94.105,94.185
2026-09-23T18:15:00Z,2026-09-23T18:20:00Z,94.185,94.21,94.075,94.155
2026-09-23T18:20:00Z,2026-09-23T18:25:00Z,94.145,94.175,94.015,94.115
2026-09-23T18:25:00Z,2026-09-23T18:30:00Z,94.125,94.165,94.04,94.085
2026-09-23T18:30:00Z,2026-09-23T18:35:00Z,94.085,94.205,94.065,94.195
2026-09-23T18:35:00Z,2026-09-23T18:40:00Z,94.195,94.215,94.125,94.145
2026-09-23T18:40:00Z,2026-09-23T18:45:00Z,94.15,94.18,94.105,94.125
2026-09-23T18:45:00Z,2026-09-23T18:50:00Z,94.125,94.145,94.07,94.125
2026-09-23T18:50:00Z,2026-09-23T18:55:00Z,94.125,94.125,94.065,94.105
2026-09-23T18:55:00Z,2026-09-23T19:00:00Z,94.105,94.215,94.105,94.215
2026-09-23T19:00:00Z,2026-09-23T19:05:00Z,94.22,94.23,94.035,94.075
2026-09-23T19:05:00Z,2026-09-23T19:10:00Z,94.075,94.295,94.025,94.085
2026-09-23T19:10:00Z,2026-09-23T19:15:00Z,94.085,94.135,93.995,93.995
2026-09-23T19:15:00Z,2026-09-23T19:20:00Z,93.995,94.005,93.865,93.885
2026-09-23T19:20:00Z,2026-09-23T19:25:00Z,93.885,93.885,93.795,93.875
2026-09-23T19:25:00Z,2026-09-23T19:30:00Z,93.875,93.935,93.825,93.84
2026-09-23T19:30:00Z,2026-09-23T19:35:00Z,93.84,93.875,93.755,93.775
2026-09-23T19:35:00Z,2026-09-23T19:40:00Z,93.775,93.775,93.555,93.575
2026-09-23T19:40:00Z,2026-09-23T19:45:00Z,93.565,93.585,93.455,93.505
2026-09-23T19:45:00Z,2026-09-23T19:50:00Z,93.505,93.625,93.47,93.565
2026-09-23T19:50:00Z,2026-09-23T19:55:00Z,93.555,93.875,93.555,93.695
2026-09-23T19:55:00Z,2026-09-23T20:00:00Z,93.7,93.725,93.545,93.625
2026-09-24T13:30:00Z,2026-09-24T13:35:00Z,92.515,92.65,92,92.28
2026-09-24T13:35:00Z,2026-09-24T13:40:00Z,92.285,92.355,91.96,92.095
2026-09-24T13:40:00Z,2026-09-24T13:45:00Z,92.1,92.15,91.665,91.77
2026-09-24T13:45:00Z,2026-09-24T13:50:00Z,91.775,91.89,91.63,91.67
2026-09-24T13:50:00Z,2026-09-24T13:55:00Z,91.665,91.82,91.54,91.76
2026-09-24T13:55:00Z,2026-09-24T14:00:00Z,91.76,91.91,91.73,91.86
2026-09-24T14:00:00Z,2026-09-24T14:05:00Z,91.845,91.94,91.67,91.8
2026-09-24T14:05:00Z,2026-09-24T14:10:00Z,91.795,91.94,91.705,91.84
2026-09-24T14:10:00Z,2026-09-24T14:15:00Z,91.835,91.835,91.625,91.76
2026-09-24T14:15:00Z,2026-09-24T14:20:00Z,91.76,91.895,91.54,91.73
2026-09-24T14:20:00Z,2026-09-24T14:25:00Z,91.73,91.745,91.61,91.67
2026-09-24T14:25:00Z,2026-09-24T14:30:00Z,91.66,91.82,91.53,91.78
2026-09-24T14:30:00Z,2026-09-24T14:35:00Z,91.755,91.755,91.53,91.71
2026-09-24T14:35:00Z,2026-09-24T14:40:00Z,91.705,91.83,91.52,91.59
2026-09-24T14:40:00Z,2026-09-24T14:45:00Z,91.585,91.85,91.48,91.705
2026-09-24T14:45:00Z,2026-09-24T14:50:00Z,91.7,91.82,91.635,91.78
2026-09-24T14:50:00Z,2026-09-24T14:55:00Z,91.775,92.075,91.7,91.72
2026-09-24T14:55:00Z,2026-09-24T15:00:00Z,91.725,91.73,91.5,91.525
2026-09-24T15:00:00Z,2026-09-24T15:05:00Z,91.53,91.63,91.33,91.34
2026-09-24T15:05:00Z,2026-09-24T15:10:00Z,91.34,91.4,91.245,91.33
2026-09-24T15:10:00Z,2026-09-24T15:15:00Z,91.35,91.4,91.08,91.15
2026-09-24T15:15:00Z,2026-09-24T15:20:00Z,91.14,91.465,91.115,91.235
2026-09-24T15:20:00Z,2026-09-24T15:25:00Z,91.235,91.4,91.165,91.39
2026-09-24T15:25:00Z,2026-09-24T15:30:00Z,91.385,91.4,91.075,91.085
2026-09-24T15:30:00Z,2026-09-24T15:35:00Z,91.075,91.105,90.895,90.915
2026-09-24T15:35:00Z,2026-09-24T15:40:00Z,90.91,91.025,90.84,91.025
2026-09-24T15:40:00Z,2026-09-24T15:45:00Z,91.03,91.335,90.92,91.335
2026-09-24T15:45:00Z,2026-09-24T15:50:00Z,91.335,91.425,91.24,91.24
2026-09-24T15:50:00Z,2026-09-24T15:55:00Z,91.25,91.45,91.185,91.235
2026-09-24T15:55:00Z,2026-09-24T16:00:00Z,91.23,91.235,91.09,91.09
2026-09-24T16:00:00Z,2026-09-24T16:05:00Z,91.095,91.23,90.985,91.23
2026-09-24T16:05:00Z,2026-09-24T16:10:00Z,91.22,91.24,91.045,91.1
2026-09-24T16:10:00Z,2026-09-24T16:15:00Z,91.095,91.23,91.075,91.23
2026-09-24T16:15:00Z,2026-09-24T16:20:00Z,91.245,92.635,91.245,91.995
2026-09-24T16:20:00Z,2026-09-24T16:25:00Z,92,92.405,91.95,92.24
2026-09-24T16:25:00Z,2026-09-24T16:30:00Z,92.255,92.33,92.04,92.285
2026-09-24T16:30:00Z,2026-09-24T16:35:00Z,92.29,92.34,92.005,92.235
2026-09-24T16:35:00Z,2026-09-24T16:40:00Z,92.24,92.385,92.205,92.31
2026-09-24T16:40:00Z,2026-09-24T16:45:00Z,92.315,92.59,92.17,92.17
2026-09-24T16:45:00Z,2026-09-24T16:50:00Z,92.175,92.31,92.075,92.255
2026-09-24T16:50:00Z,2026-09-24T16:55:00Z,92.26,92.455,92.17,92.25
2026-09-24T16:55:00Z,2026-09-24T17:00:00Z,92.255,92.32,92.09,92.09
2026-09-24T17:00:00Z,2026-09-24T17:05:00Z,92.08,92.24,91.835,92.03
2026-09-24T17:05:00Z,2026-09-24T17:10:00Z,92.035,92.16,91.985,92.07
2026-09-24T17:10:00Z,2026-09-24T17:15:00Z,92.06,92.075,91.81,92.01
2026-09-24T17:15:00Z,2026-09-24T17:20:00Z,92.01,92.01,91.8,91.82
2026-09-24T17:20:00Z,2026-09-24T17:25:00Z,91.815,91.92,91.735,91.75
2026-09-24T17:25:00Z,2026-09-24T17:30:00Z,91.745,91.78,91.6,91.755
2026-09-24T17:30:00Z,2026-09-24T17:35:00Z,91.75,91.87,91.675,91.69
2026-09-24T17:35:00Z,2026-09-24T17:40:00Z,91.69,91.74,91.61,91.71
2026-09-24T17:40:00Z,2026-09-24T17:45:00Z,91.715,91.74,91.535,91.555
2026-09-24T17:45:00Z,2026-09-24T17:50:00Z,91.555,91.63,91.515,91.56
2026-09-24T17:50:00Z,2026-09-24T17:55:00Z,91.555,91.595,91.515,91.59
2026-09-24T17:55:00Z,2026-09-24T18:00:00Z,91.59,91.66,91.555,91.66
2026-09-24T18:00:00Z,2026-09-24T18:05:00Z,91.66,91.67,91.27,91.35
2026-09-24T18:05:00Z,2026-09-24T18:10:00Z,91.36,91.64,91.335,91.605
2026-09-24T18:10:00Z,2026-09-24T18:15:00Z,91.605,91.825,91.605,91.82
2026-09-24T18:15:00Z,2026-09-24T18:20:00Z,91.805,91.87,91.69,91.765
2026-09-24T18:20:00Z,2026-09-24T18:25:00Z,91.765,91.87,91.675,91.87
2026-09-24T18:25:00Z,2026-09-24T18:30:00Z,91.865,92.18,91.85,92.02
2026-09-24T18:30:00Z,2026-09-24T18:35:00Z,92.015,92.1,91.9,91.905
2026-09-24T18:35:00Z,2026-09-24T18:40:00Z,91.9,92.44,91.8,92.145
2026-09-24T18:40:00Z,2026-09-24T18:45:00Z,92.15,92.15,91.785,91.785
2026-09-24T18:45:00Z,2026-09-24T18:50:00Z,91.79,91.855,91.74,91.84
2026-09-24T18:50:00Z,2026-09-24T18:55:00Z,91.845,92.05,91.81,91.91
2026-09-24T18:55:00Z,2026-09-24T19:00:00Z,91.91,92.005,91.835,91.875
2026-09-24T19:00:00Z,2026-09-24T19:05:00Z,91.875,91.905,91.56,91.64
2026-09-24T19:05:00Z,2026-09-24T19:10:00Z,91.645,91.775,91.61,91.685
2026-09-24T19:10:00Z,2026-09-24T19:15:00Z,91.685,91.69,91.545,91.565
2026-09-24T19:15:00Z,2026-09-24T19:20:00Z,91.56,91.705,91.555,91.685
2026-09-24T19:20:00Z,2026-09-24T19:25:00Z,91.69,91.815,91.605,91.815
2026-09-24T19:25:00Z,2026-09-24T19:30:00Z,91.835,91.965,91.81,91.945
2026-09-24T19:30:00Z,2026-09-24T19:35:00Z,91.955,91.99,91.88,91.99
2026-09-24T19:35:00Z,2026-09-24T19:40:00Z,91.975,92.155,91.9,92.155
2026-09-24T19:40:00Z,2026-09-24T19:45:00Z,92.165,92.175,92.03,92.105
2026-09-24T19:45:00Z,2026-09-24T19:50:00Z,92.095,92.135,92.03,92.05
2026-09-24T19:50:00Z,2026-09-24T19:55:00Z,92.04,92.245,92.025,92.235
2026-09-24T19:55:00Z,2026-09-24T20:00:00Z,92.23,92.37,92.085,92.36
2026-09-25T13:30:00Z,2026-09-25T13:35:00Z,92.45,92.5,91.995,92.465
2026-09-25T13:35:00Z,2026-09-25T13:40:00Z,92.46,92.645,92.27,92.46
2026-09-25T13:40:00Z,2026-09-25T13:45:00Z,92.47,92.545,92.08,92.15
2026-09-25T13:45:00Z,2026-09-25T13:50:00Z,92.17,92.245,92.045,92.165
2026-09-25T13:50:00Z,2026-09-25T13:55:00Z,92.16,92.45,92.145,92.21
2026-09-25T13:55:00Z,2026-09-25T14:00:00Z,92.21,92.28,92.085,92.145
2026-09-25T14:00:00Z,2026-09-25T14:05:00Z,92.15,92.225,91.625,91.625
2026-09-25T14:05:00Z,2026-09-25T14:10:00Z,91.625,91.97,91.34,91.9
2026-09-25T14:10:00Z,2026-09-25T14:15:00Z,91.905,92,91.765,91.935
2026-09-25T14:15:00Z,2026-09-25T14:20:00Z,91.925,92.06,91.75,91.965
2026-09-25T14:20:00Z,2026-09-25T14:25:00Z,91.97,92.16,91.86,92.095
2026-09-25T14:25:00Z,2026-09-25T14:30:00Z,92.09,92.195,92.025,92.05
2026-09-25T14:30:00Z,2026-09-25T14:35:00Z,92.055,92.09,91.88,92.04
2026-09-25T14:35:00Z,2026-09-25T14:40:00Z,92.035,92.13,91.91,92.07
2026-09-25T14:40:00Z,2026-09-25T14:45:00Z,92.065,92.345,91.92,92.345
2026-09-25T14:45:00Z,2026-09-25T14:50:00Z,92.35,92.51,92.145,92.375
2026-09-25T14:50:00Z,2026-09-25T14:55:00Z,92.375,92.47,92.175,92.43
2026-09-25T14:55:00Z,2026-09-25T15:00:00Z,92.44,92.61,92.335,92.475
2026-09-25T15:00:00Z,2026-09-25T15:05:00Z,92.465,92.725,92.37,92.665
2026-09-25T15:05:00Z,2026-09-25T15:10:00Z,92.675,92.72,92.3,92.305
2026-09-25T15:10:00Z,2026-09-25T15:15:00Z,92.31,92.57,92.165,92.55
2026-09-25T15:15:00Z,2026-09-25T15:20:00Z,92.54,92.6,92.3,92.33
2026-09-25T15:20:00Z,2026-09-25T15:25:00Z,92.325,92.635,92.25,92.43
2026-09-25T15:25:00Z,2026-09-25T15:30:00Z,92.425,92.585,92.36,92.475
2026-09-25T15:30:00Z,2026-09-25T15:35:00Z,92.48,92.83,92.47,92.48
2026-09-25T15:35:00Z,2026-09-25T15:40:00Z,92.49,92.545,92.32,92.32
2026-09-25T15:40:00Z,2026-09-25T15:45:00Z,92.33,92.35,92.135,92.155
2026-09-25T15:45:00Z,2026-09-25T15:50:00Z,92.15,92.185,92.03,92.12
2026-09-25T15:50:00Z,2026-09-25T15:55:00Z,92.115,92.53,92.055,92.4
2026-09-25T15:55:00Z,2026-09-25T16:00:00Z,92.405,92.94,92.27,92.93
2026-09-25T16:00:00Z,2026-09-25T16:05:00Z,92.94,93.31,92.875,93.11
2026-09-25T16:05:00Z,2026-09-25T16:10:00Z,93.1,93.235,92.875,93.14
2026-09-25T16:10:00Z,2026-09-25T16:15:00Z,93.145,93.18,92.83,92.915
2026-09-25T16:15:00Z,2026-09-25T16:20:00Z,92.91,93.02,92.75,92.8
2026-09-25T16:20:00Z,2026-09-25T16:25:00Z,92.805,92.875,92.695,92.82
2026-09-25T16:25:00Z,2026-09-25T16:30:00Z,92.82,93.05,92.81,93.03
2026-09-25T16:30:00Z,2026-09-25T16:35:00Z,93.035,93.11,92.59,92.75
2026-09-25T16:35:00Z,2026-09-25T16:40:00Z,92.76,92.97,92.75,92.855
2026-09-25T16:40:00Z,2026-09-25T16:45:00Z,92.85,92.945,92.73,92.77
2026-09-25T16:45:00Z,2026-09-25T16:50:00Z,92.77,92.785,92.53,92.59
2026-09-25T16:50:00Z,2026-09-25T16:55:00Z,92.595,92.695,92.58,92.655
2026-09-25T16:55:00Z,2026-09-25T17:00:00Z,92.655,92.75,92.58,92.7
2026-09-25T17:00:00Z,2026-09-25T17:05:00Z,92.7,92.91,92.69,92.815
2026-09-25T17:05:00Z,2026-09-25T17:10:00Z,92.815,92.845,92.71,92.825
2026-09-25T17:10:00Z,2026-09-25T17:15:00Z,92.825,92.825,92.7,92.735
2026-09-25T17:15:00Z,2026-09-25T17:20:00Z,92.735,92.735,92.625,92.64
2026-09-25T17:20:00Z,2026-09-25T17:25:00Z,92.635,92.7,92.61,92.7
2026-09-25T17:25:00Z,2026-09-25T17:30:00Z,92.705,92.71,92.56,92.575
2026-09-25T17:30:00Z,2026-09-25T17:35:00Z,92.585,92.68,92.54,92.595
2026-09-25T17:35:00Z,2026-09-25T17:40:00Z,92.6,92.66,92.455,92.57
2026-09-25T17:40:00Z,2026-09-25T17:45:00Z,92.58,92.71,92.555,92.64
2026-09-25T17:45:00Z,2026-09-25T17:50:00Z,92.635,92.68,92.545,92.615
2026-09-25T17:50:00Z,2026-09-25T17:55:00Z,92.61,92.655,92.57,92.625
2026-09-25T17:55:00Z,2026-09-25T18:00:00Z,92.625,92.675,92.595,92.67
2026-09-25T18:00:00Z,2026-09-25T18:05:00Z,92.685,92.695,92.635,92.665
2026-09-25T18:05:00Z,2026-09-25T18:10:00Z,92.66,92.745,92.63,92.735
2026-09-25T18:10:00Z,2026-09-25T18:15:00Z,92.735,92.755,92.655,92.735
2026-09-25T18:15:00Z,2026-09-25T18:20:00Z,92.735,92.77,92.7,92.735
2026-09-25T18:20:00Z,2026-09-25T18:25:00Z,92.725,92.725,92.635,92.695
2026-09-25T18:25:00Z,2026-09-25T18:30:00Z,92.695,92.75,92.515,92.645
2026-09-25T18:30:00Z,2026-09-25T18:35:00Z,92.645,92.835,92.63,92.825
2026-09-25T18:35:00Z,2026-09-25T18:40:00Z,92.825,92.86,92.695,92.695
2026-09-25T18:40:00Z,2026-09-25T18:45:00Z,92.695,92.795,92.685,92.79
2026-09-25T18:45:00Z,2026-09-25T18:50:00Z,92.795,92.865,92.76,92.85
2026-09-25T18:50:00Z,2026-09-25T18:55:00Z,92.855,92.895,92.775,92.8
2026-09-25T18:55:00Z,2026-09-25T19:00:00Z,92.8,92.875,92.785,92.875
2026-09-25T19:00:00Z,2026-09-25T19:05:00Z,92.88,92.975,92.8,92.875
2026-09-25T19:05:00Z,2026-09-25T19:10:00Z,92.875,92.955,92.83,92.915
2026-09-25T19:10:00Z,2026-09-25T19:15:00Z,92.905,92.99,92.885,92.965
2026-09-25T19:15:00Z,2026-09-25T19:20:00Z,92.965,92.965,92.86,92.86
2026-09-25T19:20:00Z,2026-09-25T19:25:00Z,92.865,92.875,92.78,92.795
2026-09-25T19:25:00Z,2026-09-25T19:30:00Z,92.795,92.805,92.665,92.705
2026-09-25T19:30:00Z,2026-09-25T19:35:00Z,92.705,92.765,92.655,92.755
2026-09-25T19:35:00Z,2026-09-25T19:40:00Z,92.755,92.955,92.755,92.905
2026-09-25T19:40:00Z,2026-09-25T19:45:00Z,92.905,92.945,92.845,92.905
2026-09-25T19:45:00Z,2026-09-25T19:50:00Z,92.915,92.985,92.865,92.88
2026-09-25T19:50:00Z,2026-09-25T19:55:00Z,92.885,93.01,92.84,92.84
2026-09-25T19:55:00Z,2026-09-25T20:00:00Z,92.845,92.875,92.8,92.845
2026-09-28T13:30:00Z,2026-09-28T13:35:00Z,88.115,88.275,87.685,87.825
2026-09-28T13:35:00Z,2026-09-28T13:40:00Z,87.83,88.355,87.36,88.245
2026-09-28T13:40:00Z,2026-09-28T13:45:00Z,88.23,88.87,88.175,88.865
2026-09-28T13:45:00Z,2026-09-28T13:50:00Z,88.87,89.285,88.855,89.075
2026-09-28T13:50:00Z,2026-09-28T13:55:00Z,89.07,89.215,88.92,89.11
2026-09-28T13:55:00Z,2026-09-28T14:00:00Z,89.1,89.34,89.01,89.23
2026-09-28T14:00:00Z,2026-09-28T14:05:00Z,89.22,89.43,88.91,88.93
2026-09-28T14:05:00Z,2026-09-28T14:10:00Z,88.94,89.205,88.905,89.005
2026-09-28T14:10:00Z,2026-09-28T14:15:00Z,88.985,89.08,88.865,88.92
2026-09-28T14:15:00Z,2026-09-28T14:20:00Z,88.91,89.02,88.82,88.875
2026-09-28T14:20:00Z,2026-09-28T14:25:00Z,88.87,89.04,88.705,89.01
2026-09-28T14:25:00Z,2026-09-28T14:30:00Z,89.01,89.145,88.86,89.1
2026-09-28T14:30:00Z,2026-09-28T14:35:00Z,89.095,89.1,88.825,88.88
2026-09-28T14:35:00Z,2026-09-28T14:40:00Z,88.885,89.02,88.815,88.915
2026-09-28T14:40:00Z,2026-09-28T14:45:00Z,88.915,88.915,88.555,88.6
2026-09-28T14:45:00Z,2026-09-28T14:50:00Z,88.595,88.625,88.125,88.265
2026-09-28T14:50:00Z,2026-09-28T14:55:00Z,88.26,88.7,88.26,88.39
2026-09-28T14:55:00Z,2026-09-28T15:00:00Z,88.385,88.43,88.235,88.34
2026-09-28T15:00:00Z,2026-09-28T15:05:00Z,88.36,88.54,88.26,88.52
2026-09-28T15:05:00Z,2026-09-28T15:10:00Z,88.53,88.575,88.34,88.495
2026-09-28T15:10:00Z,2026-09-28T15:15:00Z,88.505,88.535,88.265,88.32
2026-09-28T15:15:00Z,2026-09-28T15:20:00Z,88.325,88.51,88.28,88.45
2026-09-28T15:20:00Z,2026-09-28T15:25:00Z,88.445,88.445,88.41,88.41
2026-09-09T16:45:00Z,2026-09-09T16:50:00Z,99.9,100.03,99.865,99.93
2026-09-09T16:50:00Z,2026-09-09T16:55:00Z,99.92,100.04,99.91,100.02
2026-09-09T16:55:00Z,2026-09-09T17:00:00Z,100.015,100.095,99.93,100.075
2026-09-09T17:00:00Z,2026-09-09T17:05:00Z,100.075,100.19,99.955,100.115
2026-09-09T17:05:00Z,2026-09-09T17:10:00Z,100.12,100.36,100.1,100.305
2026-09-09T17:10:00Z,2026-09-09T17:15:00Z,100.3,100.32,100.12,100.22
2026-09-09T17:15:00Z,2026-09-09T17:20:00Z,100.23,100.23,100.095,100.16
2026-09-09T17:20:00Z,2026-09-09T17:25:00Z,100.155,100.23,100.09,100.13
2026-09-09T17:25:00Z,2026-09-09T17:30:00Z,100.13,100.215,100.005,100.01
2026-09-09T17:30:00Z,2026-09-09T17:35:00Z,100.005,100.07,99.97,100.01
2026-09-09T17:35:00Z,2026-09-09T17:40:00Z,100.005,100.035,99.91,99.975
2026-09-09T17:40:00Z,2026-09-09T17:45:00Z,99.98,100.175,99.98,100.135
2026-09-09T17:45:00Z,2026-09-09T17:50:00Z,100.15,100.2,100.095,100.095
2026-09-09T17:50:00Z,2026-09-09T17:55:00Z,100.11,100.205,100.055,100.11
2026-09-09T17:55:00Z,2026-09-09T18:00:00Z,100.1,100.2,100.065,100.14
2026-09-09T18:00:00Z,2026-09-09T18:05:00Z,100.145,100.255,100.065,100.19
2026-09-09T18:05:00Z,2026-09-09T18:10:00Z,100.19,100.25,100.13,100.22
2026-09-09T18:10:00Z,2026-09-09T18:15:00Z,100.22,100.27,100.16,100.2
2026-09-09T18:15:00Z,2026-09-09T18:20:00Z,100.19,100.275,100.135,100.195
2026-09-09T18:20:00Z,2026-09-09T18:25:00Z,100.195,100.2,100.075,100.14
2026-09-09T18:25:00Z,2026-09-09T18:30:00Z,100.14,100.17,100.08,100.13
2026-09-09T18:30:00Z,2026-09-09T18:35:00Z,100.13,100.13,99.925,100
2026-09-09T18:35:00Z,2026-09-09T18:40:00Z,100.01,100.04,99.88,99.975
2026-09-09T18:40:00Z,2026-09-09T18:45:00Z,99.98,100.015,99.83,99.85
2026-09-09T18:45:00Z,2026-09-09T18:50:00Z,99.855,99.875,99.645,99.645
2026-09-09T18:50:00Z,2026-09-09T18:55:00Z,99.64,99.645,99.515,99.555
2026-09-09T18:55:00Z,2026-09-09T19:00:00Z,99.56,99.65,99.475,99.505
2026-09-09T19:00:00Z,2026-09-09T19:05:00Z,99.51,99.56,99.23,99.335
2026-09-09T19:05:00Z,2026-09-09T19:10:00Z,99.325,99.415,99.24,99.3
2026-09-09T19:10:00Z,2026-09-09T19:15:00Z,99.31,99.41,99.245,99.385
2026-09-09T19:15:00Z,2026-09-09T19:20:00Z,99.39,99.5,99.37,99.465
2026-09-09T19:20:00Z,2026-09-09T19:25:00Z,99.465,99.635,99.46,99.625
2026-09-09T19:25:00Z,2026-09-09T19:30:00Z,99.625,99.67,99.535,99.55
2026-09-09T19:30:00Z,2026-09-09T19:35:00Z,99.545,99.625,99.495,99.605
2026-09-09T19:35:00Z,2026-09-09T19:40:00Z,99.605,99.615,99.42,99.495
2026-09-09T19:40:00Z,2026-09-09T19:45:00Z,99.485,99.575,99.42,99.545
2026-09-09T19:45:00Z,2026-09-09T19:50:00Z,99.55,99.62,99.535,99.575
2026-09-09T19:50:00Z,2026-09-09T19:55:00Z,99.57,99.635,99.43,99.57
2026-09-09T19:55:00Z,2026-09-09T20:00:00Z,99.56,99.675,99.455,99.46
2026-09-10T13:30:00Z,2026-09-10T13:35:00Z,96.43,96.66,95.63,96.3
2026-09-10T13:35:00Z,2026-09-10T13:40:00Z,96.265,96.475,95.925,96.475
2026-09-10T13:40:00Z,2026-09-10T13:45:00Z,96.48,96.99,96.48,96.65
2026-09-10T13:45:00Z,2026-09-10T13:50:00Z,96.63,97.35,96.58,97.05
2026-09-10T13:50:00Z,2026-09-10T13:55:00Z,97.04,97.23,96.72,97.03
2026-09-10T13:55:00Z,2026-09-10T14:00:00Z,97.035,97.165,96.825,96.87
2026-09-10T14:00:00Z,2026-09-10T14:05:00Z,96.895,97.37,96.895,97.29
2026-09-10T14:05:00Z,2026-09-10T14:10:00Z,97.285,97.305,96.29,96.505
2026-09-10T14:10:00Z,2026-09-10T14:15:00Z,96.5,96.71,96.315,96.355
2026-09-10T14:15:00Z,2026-09-10T14:20:00Z,96.35,96.565,96.22,96.5
2026-09-10T14:20:00Z,2026-09-10T14:25:00Z,96.485,97.015,96.44,96.97
2026-09-10T14:25:00Z,2026-09-10T14:30:00Z,96.95,97.13,96.665,96.69
2026-09-10T14:30:00Z,2026-09-10T14:35:00Z,96.685,96.905,96.565,96.865
2026-09-10T14:35:00Z,2026-09-10T14:40:00Z,96.865,97.14,96.655,96.665
2026-09-10T14:40:00Z,2026-09-10T14:45:00Z,96.665,96.965,96.44,96.5
2026-09-10T14:45:00Z,2026-09-10T14:50:00Z,96.49,96.84,96.41,96.775
2026-09-10T14:50:00Z,2026-09-10T14:55:00Z,96.77,96.995,96.7,96.8
2026-09-10T14:55:00Z,2026-09-10T15:00:00Z,96.795,97.075,96.78,97.07
2026-09-10T15:00:00Z,2026-09-10T15:05:00Z,97.075,97.08,96.72,96.735
2026-09-10T15:05:00Z,2026-09-10T15:10:00Z,96.74,96.995,96.735,96.795
2026-09-10T15:10:00Z,2026-09-10T15:15:00Z,96.79,97.035,96.775,96.945
2026-09-10T15:15:00Z,2026-09-10T15:20:00Z,96.94,97.11,96.865,97.015
2026-09-10T15:20:00Z,2026-09-10T15:25:00Z,97.01,97.17,96.975,97.04
2026-09-10T15:25:00Z,2026-09-10T15:30:00Z,97.035,97.13,96.97,97.06
2026-09-10T15:30:00Z,2026-09-10T15:35:00Z,97.08,97.19,96.945,97.15
2026-09-10T15:35:00Z,2026-09-10T15:40:00Z,97.155,97.21,96.945,96.99
2026-09-10T15:40:00Z,2026-09-10T15:45:00Z,96.98,97.09,96.92,97.05
2026-09-10T15:45:00Z,2026-09-10T15:50:00Z,97.055,97.07,96.725,96.965
2026-09-10T15:50:00Z,2026-09-10T15:55:00Z,96.96,96.97,96.755,96.76
2026-09-10T15:55:00Z,2026-09-10T16:00:00Z,96.765,96.865,96.7,96.81
2026-09-10T16:00:00Z,2026-09-10T16:05:00Z,96.8,96.97,96.8,96.865
2026-09-10T16:05:00Z,2026-09-10T16:10:00Z,96.86,96.91,96.675,96.71
2026-09-10T16:10:00Z,2026-09-10T16:15:00Z,96.715,96.79,96.57,96.77
2026-09-10T16:15:00Z,2026-09-10T16:20:00Z,96.76,96.83,96.57,96.745
2026-09-10T16:20:00Z,2026-09-10T16:25:00Z,96.74,96.97,96.74,96.93
2026-09-10T16:25:00Z,2026-09-10T16:30:00Z,96.93,96.995,96.89,96.995
2026-09-10T16:30:00Z,2026-09-10T16:35:00Z,96.99,97.1,96.855,96.86
2026-09-10T16:35:00Z,2026-09-10T16:40:00Z,96.86,96.92,96.755,96.865
2026-09-10T16:40:00Z,2026-09-10T16:45:00Z,96.87,96.89,96.635,96.67
2026-09-10T16:45:00Z,2026-09-10T16:50:00Z,96.675,96.95,96.67,96.795
2026-09-10T16:50:00Z,2026-09-10T16:55:00Z,96.79,96.9,96.76,96.83
2026-09-10T16:55:00Z,2026-09-10T17:00:00Z,96.835,96.915,96.805,96.89
2026-09-10T17:00:00Z,2026-09-10T17:05:00Z,96.88,97.085,96.745,96.96
2026-09-10T17:05:00Z,2026-09-10T17:10:00Z,96.965,97.035,96.9,96.96
2026-09-10T17:10:00Z,2026-09-10T17:15:00Z,96.97,97.145,96.965,97.005
2026-09-10T17:15:00Z,2026-09-10T17:20:00Z,97.01,97.425,96.965,97.41
2026-09-10T17:20:00Z,2026-09-10T17:25:00Z,97.41,97.41,97.155,97.32
2026-09-10T17:25:00Z,2026-09-10T17:30:00Z,97.325,97.405,97.23,97.35
2026-09-10T17:30:00Z,2026-09-10T17:35:00Z,97.355,97.37,97.205,97.215
2026-09-10T17:35:00Z,2026-09-10T17:40:00Z,97.21,97.22,96.97,97
2026-09-10T17:40:00Z,2026-09-10T17:45:00Z,96.995,97,96.895,96.98
2026-09-10T17:45:00Z,2026-09-10T17:50:00Z,96.985,97.015,96.925,96.955
2026-09-10T17:50:00Z,2026-09-10T17:55:00Z,96.955,96.98,96.825,96.875
2026-09-10T17:55:00Z,2026-09-10T18:00:00Z,96.88,96.89,96.74,96.745
2026-09-10T18:00:00Z,2026-09-10T18:05:00Z,96.745,96.815,96.555,96.59
2026-09-10T18:05:00Z,2026-09-10T18:10:00Z,96.59,96.625,96.335,96.36
2026-09-10T18:10:00Z,2026-09-10T18:15:00Z,96.35,96.39,96.25,96.355
2026-09-10T18:15:00Z,2026-09-10T18:20:00Z,96.35,96.39,96.215,96.325
2026-09-10T18:20:00Z,2026-09-10T18:25:00Z,96.34,96.52,96.33,96.5
2026-09-10T18:25:00Z,2026-09-10T18:30:00Z,96.49,96.55,96.37,96.4
2026-09-10T18:30:00Z,2026-09-10T18:35:00Z,96.405,96.41,96.185,96.32
2026-09-10T18:35:00Z,2026-09-10T18:40:00Z,96.33,96.42,96.29,96.405
2026-09-10T18:40:00Z,2026-09-10T18:45:00Z,96.405,96.46,96.35,96.425
2026-09-10T18:45:00Z,2026-09-10T18:50:00Z,96.425,96.43,96.285,96.33
2026-09-10T18:50:00Z,2026-09-10T18:55:00Z,96.325,96.71,96.27,96.56
2026-09-10T18:55:00Z,2026-09-10T19:00:00Z,96.58,96.71,96.55,96.6
2026-09-10T19:00:00Z,2026-09-10T19:05:00Z,96.59,96.59,96.08,96.195
2026-09-10T19:05:00Z,2026-09-10T19:10:00Z,96.19,96.49,96.175,96.48
2026-09-10T19:10:00Z,2026-09-10T19:15:00Z,96.49,96.515,96.28,96.38
2026-09-10T19:15:00Z,2026-09-10T19:20:00Z,96.38,96.44,96.21,96.22
2026-09-10T19:20:00Z,2026-09-10T19:25:00Z,96.22,96.39,96.22,96.365
2026-09-10T19:25:00Z,2026-09-10T19:30:00Z,96.38,96.435,96.275,96.3
2026-09-10T19:30:00Z,2026-09-10T19:35:00Z,96.31,96.33,96.215,96.275
2026-09-10T19:35:00Z,2026-09-10T19:40:00Z,96.28,96.295,96.14,96.21
2026-09-10T19:40:00Z,2026-09-10T19:45:00Z,96.205,96.24,95.975,95.99
2026-09-10T19:45:00Z,2026-09-10T19:50:00Z,95.995,96.055,95.955,96.035
2026-09-10T19:50:00Z,2026-09-10T19:55:00Z,96.025,96.125,95.87,95.985
2026-09-10T19:55:00Z,2026-09-10T20:00:00Z,95.995,96.08,95.875,96.05
2026-09-11T13:30:00Z,2026-09-11T13:35:00Z,98.285,98.295,97.43,98.17
2026-09-11T13:35:00Z,2026-09-11T13:40:00Z,98.195,98.695,97.89,98.36
2026-09-11T13:40:00Z,2026-09-11T13:45:00Z,98.365,99.075,98.295,98.755
2026-09-11T13:45:00Z,2026-09-11T13:50:00Z,98.76,98.925,98.445,98.585
2026-09-11T13:50:00Z,2026-09-11T13:55:00Z,98.58,98.66,98.38,98.525
2026-09-11T13:55:00Z,2026-09-11T14:00:00Z,98.54,98.97,98.4,98.95
2026-09-11T14:00:00Z,2026-09-11T14:05:00Z,98.945,98.95,98.145,98.465
2026-09-11T14:05:00Z,2026-09-11T14:10:00Z,98.46,98.47,97.935,98.025
2026-09-11T14:10:00Z,2026-09-11T14:15:00Z,98.015,98.09,97.735,97.9
2026-09-11T14:15:00Z,2026-09-11T14:20:00Z,97.9,98.065,97.765,98.03
2026-09-11T14:20:00Z,2026-09-11T14:25:00Z,98.035,98.305,97.925,97.95
2026-09-11T14:25:00Z,2026-09-11T14:30:00Z,97.95,97.95,97.67,97.83
2026-09-11T14:30:00Z,2026-09-11T14:35:00Z,97.835,97.86,97.455,97.49
2026-09-11T14:35:00Z,2026-09-11T14:40:00Z,97.485,97.495,97.015,97.16
2026-09-11T14:40:00Z,2026-09-11T14:45:00Z,97.16,97.425,96.985,97.275
2026-09-11T14:45:00Z,2026-09-11T14:50:00Z,97.3,97.935,97.285,97.905
2026-09-11T14:50:00Z,2026-09-11T14:55:00Z,97.915,98.04,97.715,97.725
2026-09-11T14:55:00Z,2026-09-11T15:00:00Z,97.73,97.75,97.505,97.55
2026-09-11T15:00:00Z,2026-09-11T15:05:00Z,97.555,97.605,97.325,97.42
2026-09-11T15:05:00Z,2026-09-11T15:10:00Z,97.415,97.455,97.055,97.125
2026-09-11T15:10:00Z,2026-09-11T15:15:00Z,97.12,97.19,97.005,97.065
2026-09-11T15:15:00Z,2026-09-11T15:20:00Z,97.075,97.33,97.07,97.205
2026-09-11T15:20:00Z,2026-09-11T15:25:00Z,97.21,97.51,97.175,97.395
2026-09-11T15:25:00Z,2026-09-11T15:30:00Z,97.4,97.57,97.35,97.44
2026-09-11T15:30:00Z,2026-09-11T15:35:00Z,97.425,97.54,97.315,97.405
2026-09-11T15:35:00Z,2026-09-11T15:40:00Z,97.395,97.51,97.29,97.29
2026-09-11T15:40:00Z,2026-09-11T15:45:00Z,97.285,97.42,97.16,97.4
2026-09-11T15:45:00Z,2026-09-11T15:50:00Z,97.395,97.4,97.195,97.38
2026-09-11T15:50:00Z,2026-09-11T15:55:00Z,97.385,97.475,97.29,97.375
2026-09-11T15:55:00Z,2026-09-11T16:00:00Z,97.37,97.375,97.24,97.345
2026-09-11T16:00:00Z,2026-09-11T16:05:00Z,97.33,97.48,97.3,97.44
2026-09-11T16:05:00Z,2026-09-11T16:10:00Z,97.44,97.47,97.12,97.14
2026-09-11T16:10:00Z,2026-09-11T16:15:00Z,97.145,97.165,96.91,96.92
2026-09-11T16:15:00Z,2026-09-11T16:20:00Z,96.915,97.03,96.81,96.84
2026-09-11T16:20:00Z,2026-09-11T16:25:00Z,96.845,96.93,96.635,96.705
2026-09-11T16:25:00Z,2026-09-11T16:30:00Z,96.71,96.99,96.68,96.725
2026-09-11T16:30:00Z,2026-09-11T16:35:00Z,96.73,97.135,96.63,97.085
2026-09-11T16:35:00Z,2026-09-11T16:40:00Z,97.08,97.08,96.77,96.81
2026-09-11T16:40:00Z,2026-09-11T16:45:00Z,96.805,96.98,96.785,96.965
2026-09-11T16:45:00Z,2026-09-11T16:50:00Z,96.95,97.07,96.935,96.935
2026-09-11T16:50:00Z,2026-09-11T16:55:00Z,96.93,96.98,96.91,96.95
2026-09-11T16:55:00Z,2026-09-11T17:00:00Z,96.945,96.99,96.88,96.95
2026-09-11T17:00:00Z,2026-09-11T17:05:00Z,96.96,97,96.86,96.9
2026-09-11T17:05:00Z,2026-09-11T17:10:00Z,96.89,97.05,96.87,97
2026-09-11T17:10:00Z,2026-09-11T17:15:00Z,97,97.115,96.94,97.015
2026-09-11T17:15:00Z,2026-09-11T17:20:00Z,97.02,97.165,96.98,97.145
2026-09-11T17:20:00Z,2026-09-11T17:25:00Z,97.145,97.315,97.145,97.31
2026-09-11T17:25:00Z,2026-09-11T17:30:00Z,97.31,97.31,97.13,97.14
2026-09-11T17:30:00Z,2026-09-11T17:35:00Z,97.12,97.155,97.05,97.155
2026-09-11T17:35:00Z,2026-09-11T17:40:00Z,97.16,97.19,96.99,97.02
2026-09-11T17:40:00Z,2026-09-11T17:45:00Z,97.025,97.045,96.905,97.015
2026-09-11T17:45:00Z,2026-09-11T17:50:00Z,97.01,97.1,96.965,97.09
2026-09-11T17:50:00Z,2026-09-11T17:55:00Z,97.095,97.15,97.06,97.07
2026-09-11T17:55:00Z,2026-09-11T18:00:00Z,97.07,97.07,96.865,96.895
2026-09-11T18:00:00Z,2026-09-11T18:05:00Z,96.895,96.94,96.805,96.925
2026-09-11T18:05:00Z,2026-09-11T18:10:00Z,96.93,96.935,96.83,96.84
2026-09-11T18:10:00Z,2026-09-11T18:15:00Z,96.84,96.89,96.655,96.67
2026-09-11T18:15:00Z,2026-09-11T18:20:00Z,96.67,96.785,96.65,96.74
2026-09-11T18:20:00Z,2026-09-11T18:25:00Z,96.74,96.79,96.5,96.585
2026-09-11T18:25:00Z,2026-09-11T18:30:00Z,96.58,96.68,96.51,96.52
2026-09-11T18:30:00Z,2026-09-11T18:35:00Z,96.52,96.56,96.23,96.385
2026-09-11T18:35:00Z,2026-09-11T18:40:00Z,96.395,96.49,96.335,96.395
2026-09-11T18:40:00Z,2026-09-11T18:45:00Z,96.355,96.52,96.33,96.45
2026-09-11T18:45:00Z,2026-09-11T18:50:00Z,96.455,96.495,96.42,96.435
2026-09-11T18:50:00Z,2026-09-11T18:55:00Z,96.43,96.495,96.4,96.45
2026-09-11T18:55:00Z,2026-09-11T19:00:00Z,96.44,96.53,96.44,96.49
2026-09-11T19:00:00Z,2026-09-11T19:05:00Z,96.495,96.66,96.48,96.655
2026-09-11T19:05:00Z,2026-09-11T19:10:00Z,96.65,96.73,96.57,96.66
2026-09-11T19:10:00Z,2026-09-11T19:15:00Z,96.66,96.75,96.62,96.75
2026-09-11T19:15:00Z,2026-09-11T19:20:00Z,96.745,96.81,96.73,96.765
2026-09-11T19:20:00Z,2026-09-11T19:25:00Z,96.77,96.8,96.705,96.8
2026-09-11T19:25:00Z,2026-09-11T19:30:00Z,96.79,96.82,96.665,96.675
2026-09-11T19:30:00Z,2026-09-11T19:35:00Z,96.68,96.73,96.615,96.67
2026-09-11T19:35:00Z,2026-09-11T19:40:00Z,96.67,96.7,96.57,96.605
2026-09-11T19:40:00Z,2026-09-11T19:45:00Z,96.605,96.7,96.59,96.675
2026-09-11T19:45:00Z,2026-09-11T19:50:00Z,96.67,96.735,96.63,96.68
2026-09-11T19:50:00Z,2026-09-11T19:55:00Z,96.68,96.915,96.68,96.915
2026-09-11T19:55:00Z,2026-09-11T20:00:00Z,96.915,97.11,96.81,97.06
2026-09-14T13:30:00Z,2026-09-14T13:35:00Z,93.95,94.24,93.155,93.275
2026-09-14T13:35:00Z,2026-09-14T13:40:00Z,93.27,93.535,93.005,93.06
2026-09-14T13:40:00Z,2026-09-14T13:45:00Z,93.055,93.385,93.03,93.385
2026-09-14T13:45:00Z,2026-09-14T13:50:00Z,93.38,93.565,93.105,93.365
2026-09-14T13:50:00Z,2026-09-14T13:55:00Z,93.36,93.525,93.175,93.23
2026-09-14T13:55:00Z,2026-09-14T14:00:00Z,93.225,93.355,93.15,93.2
2026-09-14T14:00:00Z,2026-09-14T14:05:00Z,93.205,93.36,93.14,93.34
2026-09-14T14:05:00Z,2026-09-14T14:10:00Z,93.335,93.345,93.11,93.25
2026-09-14T14:10:00Z,2026-09-14T14:15:00Z,93.24,93.74,93.205,93.7
2026-09-14T14:15:00Z,2026-09-14T14:20:00Z,93.69,93.78,93.185,93.31
2026-09-14T14:20:00Z,2026-09-14T14:25:00Z,93.29,93.34,92.85,92.87
2026-09-14T14:25:00Z,2026-09-14T14:30:00Z,92.87,93.14,92.86,93.105
2026-09-14T14:30:00Z,2026-09-14T14:35:00Z,93.11,93.13,92.89,93.09
2026-09-14T14:35:00Z,2026-09-14T14:40:00Z,93.095,93.175,92.965,93.13
2026-09-14T14:40:00Z,2026-09-14T14:45:00Z,93.115,93.39,92.95,93.37
2026-09-14T14:45:00Z,2026-09-14T14:50:00Z,93.375,93.725,93.34,93.635
2026-09-14T14:50:00Z,2026-09-14T14:55:00Z,93.64,93.69,93.475,93.555
2026-09-14T14:55:00Z,2026-09-14T15:00:00Z,93.555,93.69,93.51,93.68
2026-09-14T15:00:00Z,2026-09-14T15:05:00Z,93.685,93.71,93.385,93.4
2026-09-14T15:05:00Z,2026-09-14T15:10:00Z,93.395,94.15,93.39,93.76
2026-09-14T15:10:00Z,2026-09-14T15:15:00Z,93.77,93.92,93.64,93.65
2026-09-14T15:15:00Z,2026-09-14T15:20:00Z,93.645,93.78,93.51,93.665
2026-09-14T15:20:00Z,2026-09-14T15:25:00Z,93.675,93.74,93.59,93.715
2026-09-14T15:25:00Z,2026-09-14T15:30:00Z,93.71,93.95,93.63,93.895
2026-09-14T15:30:00Z,2026-09-14T15:35:00Z,93.88,94.335,93.76,94.31
2026-09-14T15:35:00Z,2026-09-14T15:40:00Z,94.32,94.46,94.125,94.46
2026-09-14T15:40:00Z,2026-09-14T15:45:00Z,94.455,94.465,94.23,94.32
2026-09-14T15:45:00Z,2026-09-14T15:50:00Z,94.315,94.32,93.95,93.975
2026-09-14T15:50:00Z,2026-09-14T15:55:00Z,93.975,94,93.885,93.985
2026-09-14T15:55:00Z,2026-09-14T16:00:00Z,93.98,94.14,93.93,93.965
2026-09-14T16:00:00Z,2026-09-14T16:05:00Z,93.965,94.01,93.86,93.89
2026-09-14T16:05:00Z,2026-09-14T16:10:00Z,93.895,94.16,93.89,94.155
2026-09-14T16:10:00Z,2026-09-14T16:15:00Z,94.16,94.225,94.07,94.07
2026-09-14T16:15:00Z,2026-09-14T16:20:00Z,94.075,94.33,94.075,94.28
2026-09-14T16:20:00Z,2026-09-14T16:25:00Z,94.285,94.35,94.15,94.33
2026-09-14T16:25:00Z,2026-09-14T16:30:00Z,94.335,94.37,94.195,94.22
2026-09-14T16:30:00Z,2026-09-14T16:35:00Z,94.21,94.38,94.185,94.25
2026-09-14T16:35:00Z,2026-09-14T16:40:00Z,94.25,94.34,94.14,94.335
2026-09-14T16:40:00Z,2026-09-14T16:45:00Z,94.335,94.5,94.265,94.44
2026-09-14T16:45:00Z,2026-09-14T16:50:00Z,94.44,94.995,94.39,94.92
2026-09-14T16:50:00Z,2026-09-14T16:55:00Z,94.91,95.08,94.8,95.045
2026-09-14T16:55:00Z,2026-09-14T17:00:00Z,95.05,95.09,94.87,94.905
2026-09-14T17:00:00Z,2026-09-14T17:05:00Z,94.9,94.905,94.73,94.85
2026-09-14T17:05:00Z,2026-09-14T17:10:00Z,94.85,94.88,94.69,94.715
2026-09-14T17:10:00Z,2026-09-14T17:15:00Z,94.725,94.915,94.71,94.775
2026-09-14T17:15:00Z,2026-09-14T17:20:00Z,94.765,94.88,94.75,94.785
2026-09-14T17:20:00Z,2026-09-14T17:25:00Z,94.79,94.84,94.78,94.8
2026-09-14T17:25:00Z,2026-09-14T17:30:00Z,94.805,94.87,94.75,94.855
2026-09-14T17:30:00Z,2026-09-14T17:35:00Z,94.855,94.93,94.71,94.715
2026-09-14T17:35:00Z,2026-09-14T17:40:00Z,94.71,94.72,94.61,94.695
2026-09-14T17:40:00Z,2026-09-14T17:45:00Z,94.69,94.725,94.59,94.61
2026-09-14T17:45:00Z,2026-09-14T17:50:00Z,94.605,94.63,94.545,94.595
2026-09-14T17:50:00Z,2026-09-14T17:55:00Z,94.595,94.67,94.535,94.625
2026-09-14T17:55:00Z,2026-09-14T18:00:00Z,94.625,94.66,94.53,94.53
2026-09-14T18:00:00Z,2026-09-14T18:05:00Z,94.535,94.65,94.43,94.435
2026-09-14T18:05:00Z,2026-09-14T18:10:00Z,94.445,94.475,94.345,94.4
2026-09-14T18:10:00Z,2026-09-14T18:15:00Z,94.4,94.46,94.36,94.455
2026-09-14T18:15:00Z,2026-09-14T18:20:00Z,94.45,94.535,94.425,94.485
2026-09-14T18:20:00Z,2026-09-14T18:25:00Z,94.48,94.545,94.375,94.38
2026-09-14T18:25:00Z,2026-09-14T18:30:00Z,94.39,94.405,94.275,94.345
2026-09-14T18:30:00Z,2026-09-14T18:35:00Z,94.34,94.57,94.325,94.505
2026-09-14T18:35:00Z,2026-09-14T18:40:00Z,94.505,94.625,94.5,94.59
2026-09-14T18:40:00Z,2026-09-14T18:45:00Z,94.595,94.62,94.54,94.575
2026-09-14T18:45:00Z,2026-09-14T18:50:00Z,94.57,94.645,94.555,94.58
2026-09-14T18:50:00Z,2026-09-14T18:55:00Z,94.565,94.565,94.415,94.465
2026-09-14T18:55:00Z,2026-09-14T19:00:00Z,94.46,94.505,94.42,94.47
2026-09-14T19:00:00Z,2026-09-14T19:05:00Z,94.475,94.505,94.345,94.41
2026-09-14T19:05:00Z,2026-09-14T19:10:00Z,94.41,94.44,94.365,94.365
2026-09-14T19:10:00Z,2026-09-14T19:15:00Z,94.37,94.445,94.345,94.415
2026-09-14T19:15:00Z,2026-09-14T19:20:00Z,94.415,94.415,94.255,94.305
2026-09-14T19:20:00Z,2026-09-14T19:25:00Z,94.305,94.335,94.205,94.245
2026-09-14T19:25:00Z,2026-09-14T19:30:00Z,94.245,94.32,94.245,94.275
2026-09-14T19:30:00Z,2026-09-14T19:35:00Z,94.275,94.3,94.225,94.235
2026-09-14T19:35:00Z,2026-09-14T19:40:00Z,94.235,94.285,94.215,94.225
2026-09-14T19:40:00Z,2026-09-14T19:45:00Z,94.22,94.235,94.175,94.215
2026-09-14T19:45:00Z,2026-09-14T19:50:00Z,94.205,94.21,94.085,94.095
2026-09-14T19:50:00Z,2026-09-14T19:55:00Z,94.095,94.165,94.035,94.14
2026-09-14T19:55:00Z,2026-09-14T20:00:00Z,94.135,94.175,93.995,94.16
2026-09-15T13:30:00Z,2026-09-15T13:35:00Z,94.525,94.74,94.18,94.42
2026-09-15T13:35:00Z,2026-09-15T13:40:00Z,94.425,94.49,93.9,93.92
2026-09-15T13:40:00Z,2026-09-15T13:45:00Z,93.94,94.225,93.905,94.1
2026-09-15T13:45:00Z,2026-09-15T13:50:00Z,94.095,94.165,93.865,94.03
2026-09-15T13:50:00Z,2026-09-15T13:55:00Z,94.04,94.21,93.97,94.18
2026-09-15T13:55:00Z,2026-09-15T14:00:00Z,94.18,94.205,94.03,94.055
2026-09-15T14:00:00Z,2026-09-15T14:05:00Z,94.05,94.23,93.825,93.83
2026-09-15T14:05:00Z,2026-09-15T14:10:00Z,93.82,94.07,93.8,93.86
2026-09-15T14:10:00Z,2026-09-15T14:15:00Z,93.865,93.92,93.58,93.635
2026-09-15T14:15:00Z,2026-09-15T14:20:00Z,93.64,93.66,93.35,93.55
2026-09-15T14:20:00Z,2026-09-15T14:25:00Z,93.54,93.595,93.195,93.275
2026-09-15T14:25:00Z,2026-09-15T14:30:00Z,93.27,93.3,93.07,93.145
2026-09-15T14:30:00Z,2026-09-15T14:35:00Z,93.15,93.335,92.965,93.315
2026-09-15T14:35:00Z,2026-09-15T14:40:00Z,93.325,93.38,93.005,93.07
2026-09-15T14:40:00Z,2026-09-15T14:45:00Z,93.075,93.22,93.02,93.11
2026-09-15T14:45:00Z,2026-09-15T14:50:00Z,93.1,93.145,93.005,93.03
2026-09-15T14:50:00Z,2026-09-15T14:55:00Z,93.02,93.095,92.85,92.98
2026-09-15T14:55:00Z,2026-09-15T15:00:00Z,92.985,92.995,92.86,92.86
2026-09-15T15:00:00Z,2026-09-15T15:05:00Z,92.865,93.14,92.86,93.14
2026-09-15T15:05:00Z,2026-09-15T15:10:00Z,93.15,93.18,93.02,93.08
2026-09-15T15:10:00Z,2026-09-15T15:15:00Z,93.075,93.235,93.02,93.125
2026-09-15T15:15:00Z,2026-09-15T15:20:00Z,93.12,93.14,92.98,93.01
2026-09-15T15:20:00Z,2026-09-15T15:25:00Z,93.005,93.06,92.91,93.05
2026-09-15T15:25:00Z,2026-09-15T15:30:00Z,93.06,93.105,92.965,93.04
2026-09-15T15:30:00Z,2026-09-15T15:35:00Z,93.045,93.12,92.94,92.99
2026-09-15T15:35:00Z,2026-09-15T15:40:00Z,93,93.01,92.945,92.985
2026-09-15T15:40:00Z,2026-09-15T15:45:00Z,92.99,93.21,92.99,93.16
2026-09-15T15:45:00Z,2026-09-15T15:50:00Z,93.16,93.23,93.11,93.17
2026-09-15T15:50:00Z,2026-09-15T15:55:00Z,93.16,93.455,93.16,93.27
2026-09-15T15:55:00Z,2026-09-15T16:00:00Z,93.26,93.43,93.1,93.105
2026-09-15T16:00:00Z,2026-09-15T16:05:00Z,93.095,93.39,93.08,93.39
2026-09-15T16:05:00Z,2026-09-15T16:10:00Z,93.385,93.485,93.335,93.48
2026-09-15T16:10:00Z,2026-09-15T16:15:00Z,93.475,93.495,93.315,93.325
2026-09-15T16:15:00Z,2026-09-15T16:20:00Z,93.33,93.48,93.285,93.48
2026-09-15T16:20:00Z,2026-09-15T16:25:00Z,93.46,93.77,93.44,93.735
2026-09-15T16:25:00Z,2026-09-15T16:30:00Z,93.74,93.74,93.64,93.69
2026-09-15T16:30:00Z,2026-09-15T16:35:00Z,93.68,93.745,93.54,93.55
2026-09-15T16:35:00Z,2026-09-15T16:40:00Z,93.545,93.7,93.53,93.62
2026-09-15T16:40:00Z,2026-09-15T16:45:00Z,93.61,93.765,93.595,93.76
2026-09-15T16:45:00Z,2026-09-15T16:50:00Z,93.765,93.8,93.705,93.71
2026-09-15T16:50:00Z,2026-09-15T16:55:00Z,93.7,93.91,93.7,93.89
2026-09-15T16:55:00Z,2026-09-15T17:00:00Z,93.895,93.9,93.76,93.765
2026-09-15T17:00:00Z,2026-09-15T17:05:00Z,93.76,93.775,93.41,93.42
2026-09-15T17:05:00Z,2026-09-15T17:10:00Z,93.425,93.54,93.395,93.54
2026-09-15T17:10:00Z,2026-09-15T17:15:00Z,93.5,93.665,93.48,93.64
2026-09-15T17:15:00Z,2026-09-15T17:20:00Z,93.64,93.64,93.485,93.52
2026-09-15T17:20:00Z,2026-09-15T17:25:00Z,93.52,93.525,93.42,93.42
2026-09-15T17:25:00Z,2026-09-15T17:30:00Z,93.42,93.475,93.36,93.42
2026-09-15T17:30:00Z,2026-09-15T17:35:00Z,93.42,93.65,93.42,93.61
2026-09-15T17:35:00Z,2026-09-15T17:40:00Z,93.61,93.74,93.585,93.62
2026-09-15T17:40:00Z,2026-09-15T17:45:00Z,93.64,93.65,93.58,93.645
2026-09-15T17:45:00Z,2026-09-15T17:50:00Z,93.63,93.73,93.63,93.705
2026-09-15T17:50:00Z,2026-09-15T17:55:00Z,93.68,93.71,93.6,93.635
2026-09-15T17:55:00Z,2026-09-15T18:00:00Z,93.645,93.7,93.635,93.64
2026-09-15T18:00:00Z,2026-09-15T18:05:00Z,93.645,93.68,93.51,93.56
2026-09-15T18:05:00Z,2026-09-15T18:10:00Z,93.55,93.7,93.54,93.69
2026-09-15T18:10:00Z,2026-09-15T18:15:00Z,93.7,93.95,93.68,93.86
2026-09-15T18:15:00Z,2026-09-15T18:20:00Z,93.87,93.98,93.815,93.965
2026-09-15T18:20:00Z,2026-09-15T18:25:00Z,93.965,93.985,93.91,93.975
2026-09-15T18:25:00Z,2026-09-15T18:30:00Z,93.975,94.045,93.95,93.97
2026-09-15T18:30:00Z,2026-09-15T18:35:00Z,93.96,93.97,93.88,93.92
2026-09-15T18:35:00Z,2026-09-15T18:40:00Z,93.93,93.95,93.88,93.92
2026-09-15T18:40:00Z,2026-09-15T18:45:00Z,93.915,94.08,93.875,93.875
2026-09-15T18:45:00Z,2026-09-15T18:50:00Z,93.88,93.975,93.85,93.97
2026-09-15T18:50:00Z,2026-09-15T18:55:00Z,93.975,94.205,93.975,94.145
2026-09-15T18:55:00Z,2026-09-15T19:00:00Z,94.145,94.185,94.085,94.17
2026-09-15T19:00:00Z,2026-09-15T19:05:00Z,94.175,94.32,94.125,94.125
2026-09-15T19:05:00Z,2026-09-15T19:10:00Z,94.125,94.125,94.02,94.025
2026-09-15T19:10:00Z,2026-09-15T19:15:00Z,94.02,94.03,93.89,93.915
2026-09-15T19:15:00Z,2026-09-15T19:20:00Z,93.915,93.985,93.9,93.925
2026-09-15T19:20:00Z,2026-09-15T19:25:00Z,93.925,93.975,93.86,93.975
2026-09-15T19:25:00Z,2026-09-15T19:30:00Z,93.97,94.035,93.955,94.01
2026-09-15T19:30:00Z,2026-09-15T19:35:00Z,94.005,94.04,93.945,94.005
2026-09-15T19:35:00Z,2026-09-15T19:40:00Z,94.005,94.035,93.965,94.03
2026-09-15T19:40:00Z,2026-09-15T19:45:00Z,94.025,94.085,94.005,94.025
2026-09-15T19:45:00Z,2026-09-15T19:50:00Z,94.01,94.035,93.965,94.015
2026-09-15T19:50:00Z,2026-09-15T19:55:00Z,94.015,94.025,93.84,93.935
2026-09-15T19:55:00Z,2026-09-15T20:00:00Z,93.94,94.16,93.875,94.11
2026-09-16T13:30:00Z,2026-09-16T13:35:00Z,95.98,95.98,95.45,95.48
2026-09-16T13:35:00Z,2026-09-16T13:40:00Z,95.495,95.64,95.14,95.185
2026-09-16T13:40:00Z,2026-09-16T13:45:00Z,95.19,95.35,94.875,94.89
2026-09-16T13:45:00Z,2026-09-16T13:50:00Z,94.885,95.015,94.78,94.81
2026-09-16T13:50:00Z,2026-09-16T13:55:00Z,94.825,94.97,94.53,94.64
2026-09-16T13:55:00Z,2026-09-16T14:00:00Z,94.645,94.695,94.45,94.505
2026-09-16T14:00:00Z,2026-09-16T14:05:00Z,94.495,94.575,94.24,94.24
2026-09-16T14:05:00Z,2026-09-16T14:10:00Z,94.245,94.32,93.94,94.225
2026-09-16T14:10:00Z,2026-09-16T14:15:00Z,94.245,94.52,94.245,94.505
2026-09-16T14:15:00Z,2026-09-16T14:20:00Z,94.5,94.52,93.885,93.89
2026-09-16T14:20:00Z,2026-09-16T14:25:00Z,93.885,94.05,93.8,93.89
2026-09-16T14:25:00Z,2026-09-16T14:30:00Z,93.895,94.15,93.89,94.125
2026-09-16T14:30:00Z,2026-09-16T14:35:00Z,94.13,94.135,93.925,94.03
2026-09-16T14:35:00Z,2026-09-16T14:40:00Z,94.03,94.27,94.03,94.14
2026-09-16T14:40:00Z,2026-09-16T14:45:00Z,94.145,94.405,94.13,94.37
2026-09-16T14:45:00Z,2026-09-16T14:50:00Z,94.365,94.735,94.34,94.705
2026-09-16T14:50:00Z,2026-09-16T14:55:00Z,94.7,94.985,94.51,94.525
2026-09-16T14:55:00Z,2026-09-16T15:00:00Z,94.52,94.815,94.41,94.81
2026-09-16T15:00:00Z,2026-09-16T15:05:00Z,94.815,94.905,94.485,94.485
2026-09-16T15:05:00Z,2026-09-16T15:10:00Z,94.49,94.975,94.47,94.915
2026-09-16T15:10:00Z,2026-09-16T15:15:00Z,94.915,94.995,94.585,94.69
2026-09-16T15:15:00Z,2026-09-16T15:20:00Z,94.685,94.78,94.62,94.73
2026-09-16T15:20:00Z,2026-09-16T15:25:00Z,94.725,94.765,94.585,94.62
2026-09-16T15:25:00Z,2026-09-16T15:30:00Z,94.615,94.63,94.415,94.42
2026-09-16T15:30:00Z,2026-09-16T15:35:00Z,94.42,94.48,94.34,94.475
2026-09-16T15:35:00Z,2026-09-16T15:40:00Z,94.48,94.68,94.46,94.64
2026-09-16T15:40:00Z,2026-09-16T15:45:00Z,94.65,94.675,94.61,94.645
2026-09-16T15:45:00Z,2026-09-16T15:50:00Z,94.64,95.13,94.58,94.67
2026-09-16T15:50:00Z,2026-09-16T15:55:00Z,94.675,94.685,94.48,94.54
2026-09-16T15:55:00Z,2026-09-16T16:00:00Z,94.545,94.62,94.48,94.55
2026-09-16T16:00:00Z,2026-09-16T16:05:00Z,94.555,94.56,94.325,94.325
2026-09-16T16:05:00Z,2026-09-16T16:10:00Z,94.33,94.45,94.32,94.385
2026-09-16T16:10:00Z,2026-09-16T16:15:00Z,94.39,94.405,94.315,94.36
2026-09-16T16:15:00Z,2026-09-16T16:20:00Z,94.37,94.415,94.27,94.33
2026-09-16T16:20:00Z,2026-09-16T16:25:00Z,94.325,94.35,94.15,94.185
2026-09-16T16:25:00Z,2026-09-16T16:30:00Z,94.19,94.2,94.085,94.16
2026-09-16T16:30:00Z,2026-09-16T16:35:00Z,94.16,94.305,94.16,94.28
2026-09-16T16:35:00Z,2026-09-16T16:40:00Z,94.28,94.28,94.15,94.25
2026-09-16T16:40:00Z,2026-09-16T16:45:00Z,94.24,94.29,94.155,94.2
2026-09-16T16:45:00Z,2026-09-16T16:50:00Z,94.2,94.335,94.2,94.25
2026-09-16T16:50:00Z,2026-09-16T16:55:00Z,94.25,94.255,94.17,94.24
2026-09-16T16:55:00Z,2026-09-16T17:00:00Z,94.235,94.275,94.18,94.21
2026-09-16T17:00:00Z,2026-09-16T17:05:00Z,94.22,94.24,94.045,94.1
2026-09-16T17:05:00Z,2026-09-16T17:10:00Z,94.1,94.17,94.05,94.1
2026-09-16T17:10:00Z,2026-09-16T17:15:00Z,94.1,94.14,94.04,94.125
2026-09-16T17:15:00Z,2026-09-16T17:20:00Z,94.12,94.19,94.11,94.17
2026-09-16T17:20:00Z,2026-09-16T17:25:00Z,94.18,94.25,94.16,94.25
2026-09-16T17:25:00Z,2026-09-16T17:30:00Z,94.255,94.345,94.24,94.325
2026-09-16T17:30:00Z,2026-09-16T17:35:00Z,94.32,94.395,94.295,94.36
2026-09-16T17:35:00Z,2026-09-16T17:40:00Z,94.37,94.37,94.24,94.25
2026-09-16T17:40:00Z,2026-09-16T17:45:00Z,94.245,94.3,94.215,94.27
2026-09-16T17:45:00Z,2026-09-16T17:50:00Z,94.27,94.355,94.265,94.29
2026-09-16T17:50:00Z,2026-09-16T17:55:00Z,94.295,94.3,94.22,94.22
2026-09-16T17:55:00Z,2026-09-16T18:00:00Z,94.215,95.02,94.215,94.645
2026-09-16T18:00:00Z,2026-09-16T18:05:00Z,94.635,95.045,92.795,93.4
2026-09-16T18:05:00Z,2026-09-16T18:10:00Z,93.39,94.17,93.39,93.82
2026-09-16T18:10:00Z,2026-09-16T18:15:00Z,93.825,93.985,92.985,93.12
2026-09-16T18:15:00Z,2026-09-16T18:20:00Z,93.11,93.36,92.82,93.315
2026-09-16T18:20:00Z,2026-09-16T18:25:00Z,93.315,93.5,93.155,93.19
2026-09-16T18:25:00Z,2026-09-16T18:30:00Z,93.195,93.46,93.09,93.45
2026-09-16T18:30:00Z,2026-09-16T18:35:00Z,93.44,93.485,92.235,92.41
2026-09-16T18:35:00Z,2026-09-16T18:40:00Z,92.415,92.93,91.825,92.8
2026-09-16T18:40:00Z,2026-09-16T18:45:00Z,92.805,93.78,92.72,93.285
2026-09-16T18:45:00Z,2026-09-16T18:50:00Z,93.28,93.625,93.035,93.155
2026-09-16T18:50:00Z,2026-09-16T18:55:00Z,93.16,93.26,92.23,92.265
2026-09-16T18:55:00Z,2026-09-16T19:00:00Z,92.27,92.535,92.105,92.19
2026-09-16T19:00:00Z,2026-09-16T19:05:00Z,92.18,92.99,92.175,92.525
2026-09-16T19:05:00Z,2026-09-16T19:10:00Z,92.53,92.74,91.82,91.86
2026-09-16T19:10:00Z,2026-09-16T19:15:00Z,91.855,91.87,91.385,91.835
2026-09-16T19:15:00Z,2026-09-16T19:20:00Z,91.84,91.99,91.37,91.59
2026-09-16T19:20:00Z,2026-09-16T19:25:00Z,91.58,91.7,91.345,91.5
2026-09-16T19:25:00Z,2026-09-16T19:30:00Z,91.505,91.67,91.185,91.6
2026-09-16T19:30:00Z,2026-09-16T19:35:00Z,91.605,92.195,91.585,92.195
2026-09-16T19:35:00Z,2026-09-16T19:40:00Z,92.19,92.25,91.84,91.985
2026-09-16T19:40:00Z,2026-09-16T19:45:00Z,91.985,92.13,91.925,92.01
2026-09-16T19:45:00Z,2026-09-16T19:50:00Z,91.99,92.325,91.98,92.295
2026-09-16T19:50:00Z,2026-09-16T19:55:00Z,92.29,92.665,92.26,92.645
2026-09-16T19:55:00Z,2026-09-16T20:00:00Z,92.64,92.82,92.545,92.795
2026-09-17T13:30:00Z,2026-09-17T13:35:00Z,95.805,95.92,95.215,95.49
2026-09-17T13:35:00Z,2026-09-17T13:40:00Z,95.48,95.68,94.83,94.83
2026-09-17T13:40:00Z,2026-09-17T13:45:00Z,94.84,94.88,94.435,94.695
2026-09-17T13:45:00Z,2026-09-17T13:50:00Z,94.71,95.545,94.555,95.47
2026-09-17T13:50:00Z,2026-09-17T13:55:00Z,95.465,95.81,95.45,95.58
2026-09-17T13:55:00Z,2026-09-17T14:00:00Z,95.585,95.86,95.565,95.8
2026-09-17T14:00:00Z,2026-09-17T14:05:00Z,95.79,95.97,95.61,95.92
2026-09-17T14:05:00Z,2026-09-17T14:10:00Z,95.89,96.59,95.82,96.525
2026-09-17T14:10:00Z,2026-09-17T14:15:00Z,96.53,96.55,96.275,96.41
2026-09-17T14:15:00Z,2026-09-17T14:20:00Z,96.405,96.535,96.21,96.4
2026-09-17T14:20:00Z,2026-09-17T14:25:00Z,96.42,96.53,96.21,96.465
2026-09-17T14:25:00Z,2026-09-17T14:30:00Z,96.46,96.68,96.425,96.52
2026-09-17T14:30:00Z,2026-09-17T14:35:00Z,96.52,96.63,96.315,96.505
2026-09-17T14:35:00Z,2026-09-17T14:40:00Z,96.51,96.545,96.055,96.06
2026-09-17T14:40:00Z,2026-09-17T14:45:00Z,96.07,96.22,95.955,96.095
2026-09-17T14:45:00Z,2026-09-17T14:50:00Z,96.105,96.19,95.96,96.09
2026-09-17T14:50:00Z,2026-09-17T14:55:00Z,96.08,96.175,95.78,95.9
2026-09-17T14:55:00Z,2026-09-17T15:00:00Z,95.89,95.89,95.63,95.785
2026-09-17T15:00:00Z,2026-09-17T15:05:00Z,95.79,95.87,95.67,95.775
2026-09-17T15:05:00Z,2026-09-17T15:10:00Z,95.78,95.86,95.67,95.82
2026-09-17T15:10:00Z,2026-09-17T15:15:00Z,95.805,96.12,95.68,96.11
2026-09-17T15:15:00Z,2026-09-17T15:20:00Z,96.09,96.23,96.045,96.12
2026-09-17T15:20:00Z,2026-09-17T15:25:00Z,96.13,96.135,95.82,95.83
2026-09-17T15:25:00Z,2026-09-17T15:30:00Z,95.83,96.025,95.775,95.97
2026-09-17T15:30:00Z,2026-09-17T15:35:00Z,95.975,96.01,95.89,95.985
2026-09-17T15:35:00Z,2026-09-17T15:40:00Z,95.99,96,95.82,95.865
2026-09-17T15:40:00Z,2026-09-17T15:45:00Z,95.865,96.09,95.84,96.045
2026-09-17T15:45:00Z,2026-09-17T15:50:00Z,96.05,96.165,96.01,96.095
2026-09-17T15:50:00Z,2026-09-17T15:55:00Z,96.105,96.195,96.01,96.195
2026-09-17T15:55:00Z,2026-09-17T16:00:00Z,96.19,96.35,96.14,96.335
2026-09-17T16:00:00Z,2026-09-17T16:05:00Z,96.33,96.47,96.28,96.28
2026-09-17T16:05:00Z,2026-09-17T16:10:00Z,96.29,96.31,96.08,96.155
2026-09-17T16:10:00Z,2026-09-17T16:15:00Z,96.16,96.165,95.945,96.015
2026-09-17T16:15:00Z,2026-09-17T16:20:00Z,96.015,96.02,95.885,95.96
2026-09-17T16:20:00Z,2026-09-17T16:25:00Z,95.96,95.965,95.87,95.88
2026-09-17T16:25:00Z,2026-09-17T16:30:00Z,95.885,95.9,95.645,95.69
2026-09-17T16:30:00Z,2026-09-17T16:35:00Z,95.685,95.685,95.4,95.475
2026-09-17T16:35:00Z,2026-09-17T16:40:00Z,95.49,95.63,95.48,95.615
2026-09-17T16:40:00Z,2026-09-17T16:45:00Z,95.605,95.655,95.58,95.64
2026-09-17T16:45:00Z,2026-09-17T16:50:00Z,95.645,95.765,95.63,95.635
2026-09-17T16:50:00Z,2026-09-17T16:55:00Z,95.635,95.635,95.515,95.62
2026-09-17T16:55:00Z,2026-09-17T17:00:00Z,95.615,95.65,95.41,95.65
2026-09-17T17:00:00Z,2026-09-17T17:05:00Z,95.645,95.83,95.605,95.82
2026-09-17T17:05:00Z,2026-09-17T17:10:00Z,95.82,95.97,95.805,95.92
2026-09-17T17:10:00Z,2026-09-17T17:15:00Z,95.92,95.94,95.845,95.875
2026-09-17T17:15:00Z,2026-09-17T17:20:00Z,95.875,95.885,95.73,95.79
2026-09-17T17:20:00Z,2026-09-17T17:25:00Z,95.785,95.865,95.755,95.82
2026-09-17T17:25:00Z,2026-09-17T17:30:00Z,95.84,95.93,95.82,95.88
2026-09-17T17:30:00Z,2026-09-17T17:35:00Z,95.875,95.93,95.82,95.86
2026-09-17T17:35:00Z,2026-09-17T17:40:00Z,95.86,95.945,95.82,95.86
2026-09-17T17:40:00Z,2026-09-17T17:45:00Z,95.865,95.935,95.84,95.89
2026-09-17T17:45:00Z,2026-09-17T17:50:00Z,95.895,95.92,95.77,95.78
2026-09-17T17:50:00Z,2026-09-17T17:55:00Z,95.77,95.9,95.77,95.83
2026-09-17T17:55:00Z,2026-09-17T18:00:00Z,95.83,95.945,95.83,95.93
2026-09-17T18:00:00Z,2026-09-17T18:05:00Z,95.935,95.985,95.845,95.955
2026-09-17T18:05:00Z,2026-09-17T18:10:00Z,95.97,96.05,95.96,95.965
2026-09-17T18:10:00Z,2026-09-17T18:15:00Z,95.965,96.095,95.925,96.055
2026-09-17T18:15:00Z,2026-09-17T18:20:00Z,96.05,96.085,95.975,96.03
2026-09-17T18:20:00Z,2026-09-17T18:25:00Z,96.035,96.035,95.91,95.98
2026-09-17T18:25:00Z,2026-09-17T18:30:00Z,95.99,96.025,95.915,95.935
2026-09-17T18:30:00Z,2026-09-17T18:35:00Z,95.935,95.97,95.775,95.795
2026-09-17T18:35:00Z,2026-09-17T18:40:00Z,95.795,95.83,95.75,95.77
2026-09-17T18:40:00Z,2026-09-17T18:45:00Z,95.765,95.8,95.68,95.775
2026-09-17T18:45:00Z,2026-09-17T18:50:00Z,95.78,95.79,95.695,95.755
2026-09-17T18:50:00Z,2026-09-17T18:55:00Z,95.755,95.76,95.66,95.695
2026-09-17T18:55:00Z,2026-09-17T19:00:00Z,95.695,95.735,95.66,95.73
2026-09-17T19:00:00Z,2026-09-17T19:05:00Z,95.735,95.95,95.73,95.86
2026-09-17T19:05:00Z,2026-09-17T19:10:00Z,95.865,95.955,95.855,95.93
2026-09-17T19:10:00Z,2026-09-17T19:15:00Z,95.925,95.935,95.85,95.91
2026-09-17T19:15:00Z,2026-09-17T19:20:00Z,95.905,95.91,95.74,95.84
2026-09-17T19:20:00Z,2026-09-17T19:25:00Z,95.84,95.84,95.72,95.725
2026-09-17T19:25:00Z,2026-09-17T19:30:00Z,95.725,95.745,95.48,95.495
2026-09-17T19:30:00Z,2026-09-17T19:35:00Z,95.5,95.605,95.465,95.56
2026-09-17T19:35:00Z,2026-09-17T19:40:00Z,95.56,95.665,95.555,95.66
2026-09-17T19:40:00Z,2026-09-17T19:45:00Z,95.655,95.745,95.605,95.735
2026-09-17T19:45:00Z,2026-09-17T19:50:00Z,95.725,95.91,95.715,95.84
2026-09-17T19:50:00Z,2026-09-17T19:55:00Z,95.835,96.085,95.835,96.045
2026-09-17T19:55:00Z,2026-09-17T20:00:00Z,96.055,96.155,95.895,95.925
2026-09-18T13:30:00Z,2026-09-18T13:35:00Z,96.23,96.245,95.165,95.29
2026-09-18T13:35:00Z,2026-09-18T13:40:00Z,95.285,95.39,94.885,95.155
2026-09-18T13:40:00Z,2026-09-18T13:45:00Z,95.135,95.46,94.92,95.22
2026-09-18T13:45:00Z,2026-09-18T13:50:00Z,95.23,95.44,95.21,95.325
2026-09-18T13:50:00Z,2026-09-18T13:55:00Z,95.32,95.32,94.98,95.04
2026-09-18T13:55:00Z,2026-09-18T14:00:00Z,95.035,95.105,94.865,94.985
2026-09-18T14:00:00Z,2026-09-18T14:05:00Z,94.975,95.15,94.89,95.145
2026-09-18T14:05:00Z,2026-09-18T14:10:00Z,95.14,95.14,94.735,94.785
2026-09-18T14:10:00Z,2026-09-18T14:15:00Z,94.785,95.065,94.785,94.955
2026-09-18T14:15:00Z,2026-09-18T14:20:00Z,94.96,95.07,94.645,94.655
2026-09-18T14:20:00Z,2026-09-18T14:25:00Z,94.655,94.835,94.44,94.745
2026-09-18T14:25:00Z,2026-09-18T14:30:00Z,94.745,94.78,94.465,94.47
2026-09-18T14:30:00Z,2026-09-18T14:35:00Z,94.475,94.725,94.435,94.535
2026-09-18T14:35:00Z,2026-09-18T14:40:00Z,94.54,94.965,94.405,94.94
2026-09-18T14:40:00Z,2026-09-18T14:45:00Z,94.935,94.935,94.705,94.735
2026-09-18T14:45:00Z,2026-09-18T14:50:00Z,94.745,94.965,94.675,94.855
2026-09-18T14:50:00Z,2026-09-18T14:55:00Z,94.85,95.035,94.765,94.78
2026-09-18T14:55:00Z,2026-09-18T15:00:00Z,94.77,94.82,94.37,94.445
2026-09-18T15:00:00Z,2026-09-18T15:05:00Z,94.44,94.56,94.395,94.5
2026-09-18T15:05:00Z,2026-09-18T15:10:00Z,94.495,94.59,94.255,94.26
2026-09-18T15:10:00Z,2026-09-18T15:15:00Z,94.265,94.47,94.22,94.455
2026-09-18T15:15:00Z,2026-09-18T15:20:00Z,94.45,94.61,94.385,94.605
2026-09-18T15:20:00Z,2026-09-18T15:25:00Z,94.6,94.6,94.31,94.385
2026-09-18T15:25:00Z,2026-09-18T15:30:00Z,94.38,94.62,94.375,94.585
2026-09-18T15:30:00Z,2026-09-18T15:35:00Z,94.58,94.885,94.565,94.88
2026-09-18T15:35:00Z,2026-09-18T15:40:00Z,94.885,94.9,94.565,94.57
2026-09-18T15:40:00Z,2026-09-18T15:45:00Z,94.565,94.75,94.5,94.715
2026-09-18T15:45:00Z,2026-09-18T15:50:00Z,94.72,94.855,94.72,94.8
2026-09-18T15:50:00Z,2026-09-18T15:55:00Z,94.8,94.855,94.71,94.77
2026-09-18T15:55:00Z,2026-09-18T16:00:00Z,94.775,94.91,94.765,94.905
2026-09-18T16:00:00Z,2026-09-18T16:05:00Z,94.91,94.955,94.82,94.875
2026-09-18T16:05:00Z,2026-09-18T16:10:00Z,94.88,94.97,94.8,94.86
2026-09-18T16:10:00Z,2026-09-18T16:15:00Z,94.87,94.98,94.76,94.82
2026-09-18T16:15:00Z,2026-09-18T16:20:00Z,94.82,94.91,94.765,94.9
2026-09-18T16:20:00Z,2026-09-18T16:25:00Z,94.905,95.025,94.89,95.01
2026-09-18T16:25:00Z,2026-09-18T16:30:00Z,95.01,95.39,94.94,95.345
2026-09-18T16:30:00Z,2026-09-18T16:35:00Z,95.335,95.545,95.19,95.455
2026-09-18T16:35:00Z,2026-09-18T16:40:00Z,95.45,95.505,95.355,95.42
2026-09-18T16:40:00Z,2026-09-18T16:45:00Z,95.425,95.46,95.23,95.3
2026-09-18T16:45:00Z,2026-09-18T16:50:00Z,95.31,95.42,95.24,95.375
2026-09-18T16:50:00Z,2026-09-18T16:55:00Z,95.37,95.48,95.34,95.48
2026-09-18T16:55:00Z,2026-09-18T17:00:00Z,95.485,95.49,95.425,95.475
2026-09-18T17:00:00Z,2026-09-18T17:05:00Z,95.475,95.59,95.38,95.45
2026-09-18T17:05:00Z,2026-09-18T17:10:00Z,95.445,95.565,95.4,95.565
2026-09-18T17:10:00Z,2026-09-18T17:15:00Z,95.58,95.58,95.465,95.49
2026-09-18T17:15:00Z,2026-09-18T17:20:00Z,95.48,95.52,95.43,95.45
2026-09-18T17:20:00Z,2026-09-18T17:25:00Z,95.455,95.47,95.385,95.44
2026-09-18T17:25:00Z,2026-09-18T17:30:00Z,95.435,95.525,95.41,95.5
2026-09-18T17:30:00Z,2026-09-18T17:35:00Z,95.495,95.67,95.465,95.67
2026-09-18T17:35:00Z,2026-09-18T17:40:00Z,95.66,95.8,95.65,95.7
2026-09-18T17:40:00Z,2026-09-18T17:45:00Z,95.7,95.85,95.64,95.8
2026-09-18T17:45:00Z,2026-09-18T17:50:00Z,95.8,95.805,95.69,95.69
2026-09-18T17:50:00Z,2026-09-18T17:55:00Z,95.685,95.76,95.67,95.695
2026-09-18T17:55:00Z,2026-09-18T18:00:00Z,95.695,95.76,95.67,95.71
2026-09-18T18:00:00Z,2026-09-18T18:05:00Z,95.705,95.74,95.66,95.665
2026-09-18T18:05:00Z,2026-09-18T18:10:00Z,95.665,95.77,95.64,95.71
2026-09-18T18:10:00Z,2026-09-18T18:15:00Z,95.715,95.78,95.635,95.72
2026-09-18T18:15:00Z,2026-09-18T18:20:00Z,95.725,95.73,95.545,95.63
2026-09-18T18:20:00Z,2026-09-18T18:25:00Z,95.63,95.64,95.475,95.495
2026-09-18T18:25:00Z,2026-09-18T18:30:00Z,95.5,95.555,95.46,95.55
2026-09-18T18:30:00Z,2026-09-18T18:35:00Z,95.555,95.555,95.41,95.48
2026-09-18T18:35:00Z,2026-09-18T18:40:00Z,95.485,95.485,95.405,95.42
2026-09-18T18:40:00Z,2026-09-18T18:45:00Z,95.415,95.42,95.32,95.33
2026-09-18T18:45:00Z,2026-09-18T18:50:00Z,95.335,95.4,95.3,95.34
2026-09-18T18:50:00Z,2026-09-18T18:55:00Z,95.35,95.385,95.315,95.315
2026-09-18T18:55:00Z,2026-09-18T19:00:00Z,95.32,95.38,95.305,95.355
2026-09-18T19:00:00Z,2026-09-18T19:05:00Z,95.36,95.39,95.25,95.34
2026-09-18T19:05:00Z,2026-09-18T19:10:00Z,95.34,95.44,95.335,95.41
2026-09-18T19:10:00Z,2026-09-18T19:15:00Z,95.405,95.435,95.36,95.415
2026-09-18T19:15:00Z,2026-09-18T19:20:00Z,95.42,95.43,95.27,95.285
2026-09-18T19:20:00Z,2026-09-18T19:25:00Z,95.285,95.34,95.245,95.325
2026-09-18T19:25:00Z,2026-09-18T19:30:00Z,95.325,95.335,95.255,95.315
2026-09-18T19:30:00Z,2026-09-18T19:35:00Z,95.305,95.345,95.29,95.315
2026-09-18T19:35:00Z,2026-09-18T19:40:00Z,95.31,95.355,95.24,95.345
2026-09-18T19:40:00Z,2026-09-18T19:45:00Z,95.355,95.485,95.33,95.465
2026-09-18T19:45:00Z,2026-09-18T19:50:00Z,95.47,95.62,95.36,95.61
2026-09-18T19:50:00Z,2026-09-18T19:55:00Z,95.625,95.635,95.315,95.335
2026-09-18T19:55:00Z,2026-09-18T20:00:00Z,95.34,95.615,95.3,95.495
2026-09-21T13:30:00Z,2026-09-21T13:35:00Z,95.92,95.94,94.915,94.935
2026-09-21T13:35:00Z,2026-09-21T13:40:00Z,94.925,95.155,94.845,95.055
2026-09-21T13:40:00Z,2026-09-21T13:45:00Z,95.05,95.09,94.72,95.015
2026-09-21T13:45:00Z,2026-09-21T13:50:00Z,95.01,95.035,94.735,94.92
2026-09-21T13:50:00Z,2026-09-21T13:55:00Z,94.93,94.93,94.59,94.59
2026-09-21T13:55:00Z,2026-09-21T14:00:00Z,94.61,94.855,94.54,94.68
2026-09-21T14:00:00Z,2026-09-21T14:05:00Z,94.69,94.72,93.85,93.905
2026-09-21T14:05:00Z,2026-09-21T14:10:00Z,93.895,94.22,93.7,94.21
2026-09-21T14:10:00Z,2026-09-21T14:15:00Z,94.215,94.37,94.12,94.26
2026-09-21T14:15:00Z,2026-09-21T14:20:00Z,94.255,94.375,94.135,94.2
2026-09-21T14:20:00Z,2026-09-21T14:25:00Z,94.205,94.42,94.13,94.355
2026-09-21T14:25:00Z,2026-09-21T14:30:00Z,94.335,94.54,94.2,94.49
2026-09-21T14:30:00Z,2026-09-21T14:35:00Z,94.495,94.58,94.195,94.225
2026-09-21T14:35:00Z,2026-09-21T14:40:00Z,94.23,94.315,93.935,93.94
2026-09-21T14:40:00Z,2026-09-21T14:45:00Z,93.935,94.205,93.905,93.915
2026-09-21T14:45:00Z,2026-09-21T14:50:00Z,93.92,94.14,93.915,93.98
2026-09-21T14:50:00Z,2026-09-21T14:55:00Z,93.985,94.24,93.925,94.21
2026-09-21T14:55:00Z,2026-09-21T15:00:00Z,94.215,94.22,93.88,93.92
2026-09-21T15:00:00Z,2026-09-21T15:05:00Z,93.93,94.435,93.92,94.435
2026-09-21T15:05:00Z,2026-09-21T15:10:00Z,94.43,94.52,94.345,94.52
2026-09-21T15:10:00Z,2026-09-21T15:15:00Z,94.525,94.535,94.27,94.29
2026-09-21T15:15:00Z,2026-09-21T15:20:00Z,94.295,94.45,94.215,94.23
2026-09-21T15:20:00Z,2026-09-21T15:25:00Z,94.23,94.34,94.1,94.335
2026-09-21T15:25:00Z,2026-09-21T15:30:00Z,94.345,94.415,94.265,94.27
2026-09-21T15:30:00Z,2026-09-21T15:35:00Z,94.28,94.465,94.25,94.435
2026-09-21T15:35:00Z,2026-09-21T15:40:00Z,94.44,94.5,94.27,94.27
2026-09-21T15:40:00Z,2026-09-21T15:45:00Z,94.275,94.315,94.165,94.26
2026-09-21T15:45:00Z,2026-09-21T15:50:00Z,94.25,94.37,94.24,94.34
2026-09-21T15:50:00Z,2026-09-21T15:55:00Z,94.36,94.59,94.29,94.37
2026-09-21T15:55:00Z,2026-09-21T16:00:00Z,94.365,94.41,94.18,94.28
2026-09-21T16:00:00Z,2026-09-21T16:05:00Z,94.27,94.34,94.16,94.315
2026-09-21T16:05:00Z,2026-09-21T16:10:00Z,94.315,94.455,94.195,94.405
2026-09-21T16:10:00Z,2026-09-21T16:15:00Z,94.41,94.425,94.235,94.34
2026-09-21T16:15:00Z,2026-09-21T16:20:00Z,94.35,94.57,94.345,94.54
2026-09-21T16:20:00Z,2026-09-21T16:25:00Z,94.535,94.545,94.2,94.22
2026-09-21T16:25:00Z,2026-09-21T16:30:00Z,94.225,94.23,94.1,94.16
2026-09-21T16:30:00Z,2026-09-21T16:35:00Z,94.16,94.18,94.11,94.13
2026-09-21T16:35:00Z,2026-09-21T16:40:00Z,94.13,94.17,94.05,94.065
2026-09-21T16:40:00Z,2026-09-21T16:45:00Z,94.06,94.11,93.97,94.015
2026-09-21T16:45:00Z,2026-09-21T16:50:00Z,94.02,94.085,93.985,94.03
2026-09-21T16:50:00Z,2026-09-21T16:55:00Z,94.03,94.06,93.875,93.92
2026-09-21T16:55:00Z,2026-09-21T17:00:00Z,93.91,93.99,93.9,93.905
2026-09-21T17:00:00Z,2026-09-21T17:05:00Z,93.92,93.96,93.875,93.925
2026-09-21T17:05:00Z,2026-09-21T17:10:00Z,93.925,93.965,93.92,93.965
2026-09-21T17:10:00Z,2026-09-21T17:15:00Z,93.965,94.095,93.965,94.07
2026-09-21T17:15:00Z,2026-09-21T17:20:00Z,94.08,94.09,94.005,94.04
2026-09-21T17:20:00Z,2026-09-21T17:25:00Z,94.04,94.115,94.02,94.045
2026-09-21T17:25:00Z,2026-09-21T17:30:00Z,94.05,94.13,94.02,94.11
2026-09-21T17:30:00Z,2026-09-21T17:35:00Z,94.115,94.14,94.005,94.05
2026-09-21T17:35:00Z,2026-09-21T17:40:00Z,94.045,94.13,94.035,94.085
2026-09-21T17:40:00Z,2026-09-21T17:45:00Z,94.085,94.24,94.06,94.095
2026-09-21T17:45:00Z,2026-09-21T17:50:00Z,94.095,94.23,94.07,94.21
2026-09-21T17:50:00Z,2026-09-21T17:55:00Z,94.205,94.24,94.15,94.165
2026-09-21T17:55:00Z,2026-09-21T18:00:00Z,94.16,94.2,94.11,94.15
2026-09-21T18:00:00Z,2026-09-21T18:05:00Z,94.155,94.265,94.13,94.25
2026-09-21T18:05:00Z,2026-09-21T18:10:00Z,94.25,94.375,94.24,94.335
2026-09-21T18:10:00Z,2026-09-21T18:15:00Z,94.335,94.42,94.285,94.415
2026-09-21T18:15:00Z,2026-09-21T18:20:00Z,94.415,94.58,94.415,94.565
2026-09-21T18:20:00Z,2026-09-21T18:25:00Z,94.57,94.615,94.46,94.475
2026-09-21T18:25:00Z,2026-09-21T18:30:00Z,94.475,94.52,94.415,94.515
2026-09-21T18:30:00Z,2026-09-21T18:35:00Z,94.525,94.66,94.515,94.585
2026-09-21T18:35:00Z,2026-09-21T18:40:00Z,94.585,94.605,94.45,94.53
2026-09-21T18:40:00Z,2026-09-21T18:45:00Z,94.53,94.625,94.51,94.615
2026-09-21T18:45:00Z,2026-09-21T18:50:00Z,94.61,94.64,94.585,94.595
2026-09-21T18:50:00Z,2026-09-21T18:55:00Z,94.61,94.62,94.55,94.56
2026-09-21T18:55:00Z,2026-09-21T19:00:00Z,94.56,94.585,94.505,94.515
2026-09-21T19:00:00Z,2026-09-21T19:05:00Z,94.525,94.535,94.405,94.46
2026-09-21T19:05:00Z,2026-09-21T19:10:00Z,94.465,94.52,94.445,94.51
2026-09-21T19:10:00Z,2026-09-21T19:15:00Z,94.515,94.585,94.495,94.525
2026-09-21T19:15:00Z,2026-09-21T19:20:00Z,94.525,94.565,94.5,94.52
2026-09-21T19:20:00Z,2026-09-21T19:25:00Z,94.525,94.56,94.42,94.425
2026-09-21T19:25:00Z,2026-09-21T19:30:00Z,94.425,94.525,94.39,94.47
2026-09-21T19:30:00Z,2026-09-21T19:35:00Z,94.465,94.67,94.465,94.64
2026-09-21T19:35:00Z,2026-09-21T19:40:00Z,94.645,94.765,94.615,94.765
2026-09-21T19:40:00Z,2026-09-21T19:45:00Z,94.76,94.785,94.63,94.655
2026-09-21T19:45:00Z,2026-09-21T19:50:00Z,94.65,94.7,94.475,94.475
2026-09-21T19:50:00Z,2026-09-21T19:55:00Z,94.46,94.55,94.415,94.515
2026-09-21T19:55:00Z,2026-09-21T20:00:00Z,94.505,94.645,94.38,94.42
2026-09-22T13:30:00Z,2026-09-22T13:35:00Z,94.64,95.335,94.5,95.205
2026-09-22T13:35:00Z,2026-09-22T13:40:00Z,95.21,95.565,95.075,95.325
2026-09-22T13:40:00Z,2026-09-22T13:45:00Z,95.315,96.01,95.175,95.975
2026-09-22T13:45:00Z,2026-09-22T13:50:00Z,96.01,96.315,95.745,96.225
2026-09-22T13:50:00Z,2026-09-22T13:55:00Z,96.215,96.225,95.805,95.885
2026-09-22T13:55:00Z,2026-09-22T14:00:00Z,95.88,95.88,95.665,95.695
2026-09-22T14:00:00Z,2026-09-22T14:05:00Z,95.705,95.785,95.16,95.165
2026-09-22T14:05:00Z,2026-09-22T14:10:00Z,95.17,95.45,95.09,95.375
2026-09-22T14:10:00Z,2026-09-22T14:15:00Z,95.37,95.805,95.35,95.675
2026-09-22T14:15:00Z,2026-09-22T14:20:00Z,95.675,95.71,95.29,95.5
2026-09-22T14:20:00Z,2026-09-22T14:25:00Z,95.495,95.675,95.395,95.59
2026-09-22T14:25:00Z,2026-09-22T14:30:00Z,95.6,95.615,95.29,95.395
2026-09-22T14:30:00Z,2026-09-22T14:35:00Z,95.4,95.45,95.145,95.175
2026-09-22T14:35:00Z,2026-09-22T14:40:00Z,95.17,95.52,95.065,95.085
2026-09-22T14:40:00Z,2026-09-22T14:45:00Z,95.08,95.09,94.68,94.89
2026-09-22T14:45:00Z,2026-09-22T14:50:00Z,94.88,95.135,94.815,95.11
2026-09-22T14:50:00Z,2026-09-22T14:55:00Z,95.115,95.4,95.04,95.355
2026-09-22T14:55:00Z,2026-09-22T15:00:00Z,95.35,95.475,95.345,95.355
2026-09-22T15:00:00Z,2026-09-22T15:05:00Z,95.36,95.54,95.265,95.44
2026-09-22T15:05:00Z,2026-09-22T15:10:00Z,95.435,95.775,95.355,95.61
2026-09-22T15:10:00Z,2026-09-22T15:15:00Z,95.605,95.8,95.535,95.735
2026-09-22T15:15:00Z,2026-09-22T15:20:00Z,95.75,95.895,95.72,95.73
2026-09-22T15:20:00Z,2026-09-22T15:25:00Z,95.74,95.985,95.69,95.94
2026-09-22T15:25:00Z,2026-09-22T15:30:00Z,95.95,95.955,95.735,95.74
2026-09-22T15:30:00Z,2026-09-22T15:35:00Z,95.735,95.775,95.565,95.635
2026-09-22T15:35:00Z,2026-09-22T15:40:00Z,95.625,95.705,95.6,95.68
2026-09-22T15:40:00Z,2026-09-22T15:45:00Z,95.675,95.675,95.585,95.6
2026-09-22T15:45:00Z,2026-09-22T15:50:00Z,95.595,95.6,95.485,95.56
2026-09-22T15:50:00Z,2026-09-22T15:55:00Z,95.565,95.64,95.56,95.61
2026-09-22T15:55:00Z,2026-09-22T16:00:00Z,95.605,95.765,95.585,95.755
2026-09-22T16:00:00Z,2026-09-22T16:05:00Z,95.74,95.82,95.615,95.64
2026-09-22T16:05:00Z,2026-09-22T16:10:00Z,95.63,95.725,95.52,95.52
2026-09-22T16:10:00Z,2026-09-22T16:15:00Z,95.525,95.625,95.47,95.61
2026-09-22T16:15:00Z,2026-09-22T16:20:00Z,95.595,95.71,95.585,95.68
2026-09-22T16:20:00Z,2026-09-22T16:25:00Z,95.69,95.7,95.5,95.55
2026-09-22T16:25:00Z,2026-09-22T16:30:00Z,95.55,95.675,95.55,95.65
2026-09-22T16:30:00Z,2026-09-22T16:35:00Z,95.655,95.79,95.635,95.78
2026-09-22T16:35:00Z,2026-09-22T16:40:00Z,95.77,95.88,95.735,95.87
2026-09-22T16:40:00Z,2026-09-22T16:45:00Z,95.88,95.96,95.835,95.96
2026-09-22T16:45:00Z,2026-09-22T16:50:00Z,95.96,96.37,95.95,96.31
2026-09-22T16:50:00Z,2026-09-22T16:55:00Z,96.315,96.37,96.185,96.245
2026-09-22T16:55:00Z,2026-09-22T17:00:00Z,96.245,96.34,96.205,96.3
2026-09-22T17:00:00Z,2026-09-22T17:05:00Z,96.295,96.315,96.16,96.27
2026-09-22T17:05:00Z,2026-09-22T17:10:00Z,96.275,96.375,96.22,96.23
2026-09-22T17:10:00Z,2026-09-22T17:15:00Z,96.235,96.32,96.19,96.255
2026-09-22T17:15:00Z,2026-09-22T17:20:00Z,96.255,96.35,96.225,96.225
2026-09-22T17:20:00Z,2026-09-22T17:25:00Z,96.225,96.27,96.06,96.07
2026-09-22T17:25:00Z,2026-09-22T17:30:00Z,96.07,96.23,96.045,96.225
2026-09-22T17:30:00Z,2026-09-22T17:35:00Z,96.23,96.23,96.12,96.2
2026-09-22T17:35:00Z,2026-09-22T17:40:00Z,96.2,96.22,96.12,96.135
2026-09-22T17:40:00Z,2026-09-22T17:45:00Z,96.13,96.26,96.13,96.24
2026-09-22T17:45:00Z,2026-09-22T17:50:00Z,96.25,96.34,96.23,96.33
2026-09-22T17:50:00Z,2026-09-22T17:55:00Z,96.33,97.08,96.31,96.97
2026-09-22T17:55:00Z,2026-09-22T18:00:00Z,96.98,97.255,96.93,97.17
2026-09-22T18:00:00Z,2026-09-22T18:05:00Z,97.15,97.31,96.95,97.285
2026-09-22T18:05:00Z,2026-09-22T18:10:00Z,97.28,97.55,97.235,97.41
2026-09-22T18:10:00Z,2026-09-22T18:15:00Z,97.42,97.42,97.23,97.33
2026-09-22T18:15:00Z,2026-09-22T18:20:00Z,97.325,97.51,97.3,97.4
2026-09-22T18:20:00Z,2026-09-22T18:25:00Z,97.38,97.55,97.32,97.34
2026-09-22T18:25:00Z,2026-09-22T18:30:00Z,97.33,97.405,97.235,97.375
2026-09-22T18:30:00Z,2026-09-22T18:35:00Z,97.37,97.385,97.165,97.185
2026-09-22T18:35:00Z,2026-09-22T18:40:00Z,97.195,97.205,97.01,97.025
2026-09-22T18:40:00Z,2026-09-22T18:45:00Z,97.025,97.09,96.96,97.05
2026-09-22T18:45:00Z,2026-09-22T18:50:00Z,97.045,97.25,97.01,97.23
2026-09-22T18:50:00Z,2026-09-22T18:55:00Z,97.235,97.3,97.19,97.245
2026-09-22T18:55:00Z,2026-09-22T19:00:00Z,97.235,97.28,97.205,97.225
2026-09-22T19:00:00Z,2026-09-22T19:05:00Z,97.215,97.335,97.215,97.28
2026-09-22T19:05:00Z,2026-09-22T19:10:00Z,97.27,97.405,97.23,97.385
2026-09-22T19:10:00Z,2026-09-22T19:15:00Z,97.39,97.46,97.325,97.46
2026-09-22T19:15:00Z,2026-09-22T19:20:00Z,97.47,97.51,97.415,97.495
2026-09-22T19:20:00Z,2026-09-22T19:25:00Z,97.495,97.57,97.455,97.57
2026-09-22T19:25:00Z,2026-09-22T19:30:00Z,97.555,97.74,97.525,97.7
2026-09-22T19:30:00Z,2026-09-22T19:35:00Z,97.705,98.105,97.685,98.105
2026-09-22T19:35:00Z,2026-09-22T19:40:00Z,98.1,98.19,97.915,98.17
2026-09-22T19:40:00Z,2026-09-22T19:45:00Z,98.165,98.26,98.09,98.26
2026-09-22T19:45:00Z,2026-09-22T19:50:00Z,98.255,98.365,98.22,98.29
2026-09-22T19:50:00Z,2026-09-22T19:55:00Z,98.285,98.355,98.12,98.145
2026-09-22T19:55:00Z,2026-09-22T20:00:00Z,98.14,98.145,97.805,97.805
2026-09-23T13:30:00Z,2026-09-23T13:35:00Z,95.17,95.26,94.15,94.28
2026-09-23T13:35:00Z,2026-09-23T13:40:00Z,94.27,94.42,93.95,94.295
2026-09-23T13:40:00Z,2026-09-23T13:45:00Z,94.29,94.37,93.505,93.805
2026-09-23T13:45:00Z,2026-09-23T13:50:00Z,93.8,93.8,93.185,93.36
2026-09-23T13:50:00Z,2026-09-23T13:55:00Z,93.355,93.55,93.125,93.185
2026-09-23T13:55:00Z,2026-09-23T14:00:00Z,93.175,93.52,93.1,93.325
2026-09-23T14:00:00Z,2026-09-23T14:05:00Z,93.32,93.565,93.26,93.45
2026-09-23T14:05:00Z,2026-09-23T14:10:00Z,93.455,93.875,93.375,93.695
2026-09-23T14:10:00Z,2026-09-23T14:15:00Z,93.695,93.79,93.27,93.43
2026-09-23T14:15:00Z,2026-09-23T14:20:00Z,93.445,93.56,93.13,93.13
2026-09-23T14:20:00Z,2026-09-23T14:25:00Z,93.14,93.3,93.07,93.3
2026-09-23T14:25:00Z,2026-09-23T14:30:00Z,93.295,93.485,93.21,93.35
2026-09-23T14:30:00Z,2026-09-23T14:35:00Z,93.35,93.92,93.35,93.79
2026-09-23T14:35:00Z,2026-09-23T14:40:00Z,93.8,93.915,93.395,93.4
2026-09-23T14:40:00Z,2026-09-23T14:45:00Z,93.4,93.815,93.4,93.77
2026-09-23T14:45:00Z,2026-09-23T14:50:00Z,93.775,93.815,93.47,93.555
2026-09-23T14:50:00Z,2026-09-23T14:55:00Z,93.55,94.26,93.485,94.215
2026-09-23T14:55:00Z,2026-09-23T15:00:00Z,94.21,94.24,93.885,93.995
2026-09-23T15:00:00Z,2026-09-23T15:05:00Z,93.99,94,93.69,93.795
2026-09-23T15:05:00Z,2026-09-23T15:10:00Z,93.8,93.9,93.66,93.81
2026-09-23T15:10:00Z,2026-09-23T15:15:00Z,93.82,93.96,93.75,93.855
2026-09-23T15:15:00Z,2026-09-23T15:20:00Z,93.86,93.925,93.75,93.92
2026-09-23T15:20:00Z,2026-09-23T15:25:00Z,93.925,94.03,93.865,93.99
2026-09-23T15:25:00Z,2026-09-23T15:30:00Z,93.995,94.08,93.655,93.66
2026-09-23T15:30:00Z,2026-09-23T15:35:00Z,93.665,93.67,93.45,93.58
2026-09-23T15:35:00Z,2026-09-23T15:40:00Z,93.58,93.68,93.39,93.47
2026-09-23T15:40:00Z,2026-09-23T15:45:00Z,93.46,93.675,93.41,93.65
2026-09-23T15:45:00Z,2026-09-23T15:50:00Z,93.65,93.71,93.28,93.295
2026-09-23T15:50:00Z,2026-09-23T15:55:00Z,93.3,93.39,93.24,93.35
2026-09-23T15:55:00Z,2026-09-23T16:00:00Z,93.355,93.44,93.315,93.39
2026-09-23T16:00:00Z,2026-09-23T16:05:00Z,93.38,93.44,93.165,93.2
2026-09-23T16:05:00Z,2026-09-23T16:10:00Z,93.195,93.55,93.18,93.525
2026-09-23T16:10:00Z,2026-09-23T16:15:00Z,93.52,93.68,93.505,93.635
2026-09-23T16:15:00Z,2026-09-23T16:20:00Z,93.64,93.745,93.6,93.73
2026-09-23T16:20:00Z,2026-09-23T16:25:00Z,93.725,93.735,93.58,93.585
2026-09-23T16:25:00Z,2026-09-23T16:30:00Z,93.58,93.69,93.58,93.69
2026-09-23T16:30:00Z,2026-09-23T16:35:00Z,93.705,93.885,93.705,93.865
2026-09-23T16:35:00Z,2026-09-23T16:40:00Z,93.87,94.08,93.845,94
2026-09-23T16:40:00Z,2026-09-23T16:45:00Z,93.995,94.115,93.94,94.045
2026-09-23T16:45:00Z,2026-09-23T16:50:00Z,94.03,94.065,93.845,93.865
2026-09-23T16:50:00Z,2026-09-23T16:55:00Z,93.87,93.93,93.71,93.78
2026-09-23T16:55:00Z,2026-09-23T17:00:00Z,93.785,93.95,93.775,93.925
2026-09-23T17:00:00Z,2026-09-23T17:05:00Z,93.925,93.935,93.385,93.585
2026-09-23T17:05:00Z,2026-09-23T17:10:00Z,93.58,93.74,93.515,93.725
2026-09-23T17:10:00Z,2026-09-23T17:15:00Z,93.73,93.8,93.45,93.58
2026-09-23T17:15:00Z,2026-09-23T17:20:00Z,93.575,93.62,93.52,93.575
2026-09-23T17:20:00Z,2026-09-23T17:25:00Z,93.575,93.715,93.54,93.625
2026-09-23T17:25:00Z,2026-09-23T17:30:00Z,93.605,93.69,93.58,93.63
2026-09-23T17:30:00Z,2026-09-23T17:35:00Z,93.625,93.635,93.51,93.585
2026-09-23T17:35:00Z,2026-09-23T17:40:00Z,93.585,93.585,93.415,93.435
2026-09-23T17:40:00Z,2026-09-23T17:45:00Z,93.435,93.885,93.41,93.845
2026-09-23T17:45:00Z,2026-09-23T17:50:00Z,93.83,93.945,93.795,93.935
2026-09-23T17:50:00Z,2026-09-23T17:55:00Z,93.945,94.1,93.93,94.095
2026-09-23T17:55:00Z,2026-09-23T18:00:00Z,94.09,94.225,94.01,94.195
2026-09-23T18:00:00Z,2026-09-23T18:05:00Z,94.2,94.29,94.055,94.09
2026-09-23T18:05:00Z,2026-09-23T18:10:00Z,94.085,94.18,94.03,94.155
2026-09-23T18:10:00Z,2026-09-23T18:15:00Z,94.16,94.21,94.105,94.185
2026-09-23T18:15:00Z,2026-09-23T18:20:00Z,94.185,94.21,94.075,94.155
2026-09-23T18:20:00Z,2026-09-23T18:25:00Z,94.145,94.175,94.015,94.115
2026-09-23T18:25:00Z,2026-09-23T18:30:00Z,94.125,94.165,94.04,94.085
2026-09-23T18:30:00Z,2026-09-23T18:35:00Z,94.085,94.205,94.065,94.195
2026-09-23T18:35:00Z,2026-09-23T18:40:00Z,94.195,94.215,94.125,94.145
2026-09-23T18:40:00Z,2026-09-23T18:45:00Z,94.15,94.18,94.105,94.125
2026-09-23T18:45:00Z,2026-09-23T18:50:00Z,94.125,94.145,94.07,94.125
2026-09-23T18:50:00Z,2026-09-23T18:55:00Z,94.125,94.125,94.065,94.105
2026-09-23T18:55:00Z,2026-09-23T19:00:00Z,94.105,94.215,94.105,94.215
2026-09-23T19:00:00Z,2026-09-23T19:05:00Z,94.22,94.23,94.035,94.075
2026-09-23T19:05:00Z,2026-09-23T19:10:00Z,94.075,94.295,94.025,94.085
2026-09-23T19:10:00Z,2026-09-23T19:15:00Z,94.085,94.135,93.995,93.995
2026-09-23T19:15:00Z,2026-09-23T19:20:00Z,93.995,94.005,93.865,93.885
2026-09-23T19:20:00Z,2026-09-23T19:25:00Z,93.885,93.885,93.795,93.875
2026-09-23T19:25:00Z,2026-09-23T19:30:00Z,93.875,93.935,93.825,93.84
2026-09-23T19:30:00Z,2026-09-23T19:35:00Z,93.84,93.875,93.755,93.775
2026-09-23T19:35:00Z,2026-09-23T19:40:00Z,93.775,93.775,93.555,93.575
2026-09-23T19:40:00Z,2026-09-23T19:45:00Z,93.565,93.585,93.455,93.505
2026-09-23T19:45:00Z,2026-09-23T19:50:00Z,93.505,93.625,93.47,93.565
2026-09-23T19:50:00Z,2026-09-23T19:55:00Z,93.555,93.875,93.555,93.695
2026-09-23T19:55:00Z,2026-09-23T20:00:00Z,93.7,93.725,93.545,93.625
2026-09-24T13:30:00Z,2026-09-24T13:35:00Z,92.515,92.65,92,92.28
2026-09-24T13:35:00Z,2026-09-24T13:40:00Z,92.285,92.355,91.96,92.095
2026-09-24T13:40:00Z,2026-09-24T13:45:00Z,92.1,92.15,91.665,91.77
2026-09-24T13:45:00Z,2026-09-24T13:50:00Z,91.775,91.89,91.63,91.67
2026-09-24T13:50:00Z,2026-09-24T13:55:00Z,91.665,91.82,91.54,91.76
2026-09-24T13:55:00Z,2026-09-24T14:00:00Z,91.76,91.91,91.73,91.86
2026-09-24T14:00:00Z,2026-09-24T14:05:00Z,91.845,91.94,91.67,91.8
2026-09-24T14:05:00Z,2026-09-24T14:10:00Z,91.795,91.94,91.705,91.84
2026-09-24T14:10:00Z,2026-09-24T14:15:00Z,91.835,91.835,91.625,91.76
2026-09-24T14:15:00Z,2026-09-24T14:20:00Z,91.76,91.895,91.54,91.73
2026-09-24T14:20:00Z,2026-09-24T14:25:00Z,91.73,91.745,91.61,91.67
2026-09-24T14:25:00Z,2026-09-24T14:30:00Z,91.66,91.82,91.53,91.78
2026-09-24T14:30:00Z,2026-09-24T14:35:00Z,91.755,91.755,91.53,91.71
2026-09-24T14:35:00Z,2026-09-24T14:40:00Z,91.705,91.83,91.52,91.59
2026-09-24T14:40:00Z,2026-09-24T14:45:00Z,91.585,91.85,91.48,91.705
2026-09-24T14:45:00Z,2026-09-24T14:50:00Z,91.7,91.82,91.635,91.78
2026-09-24T14:50:00Z,2026-09-24T14:55:00Z,91.775,92.075,91.7,91.72
2026-09-24T14:55:00Z,2026-09-24T15:00:00Z,91.725,91.73,91.5,91.525
2026-09-24T15:00:00Z,2026-09-24T15:05:00Z,91.53,91.63,91.33,91.34
2026-09-24T15:05:00Z,2026-09-24T15:10:00Z,91.34,91.4,91.245,91.33
2026-09-24T15:10:00Z,2026-09-24T15:15:00Z,91.35,91.4,91.08,91.15
2026-09-24T15:15:00Z,2026-09-24T15:20:00Z,91.14,91.465,91.115,91.235
2026-09-24T15:20:00Z,2026-09-24T15:25:00Z,91.235,91.4,91.165,91.39
2026-09-24T15:25:00Z,2026-09-24T15:30:00Z,91.385,91.4,91.075,91.085
2026-09-24T15:30:00Z,2026-09-24T15:35:00Z,91.075,91.105,90.895,90.915
2026-09-24T15:35:00Z,2026-09-24T15:40:00Z,90.91,91.025,90.84,91.025
2026-09-24T15:40:00Z,2026-09-24T15:45:00Z,91.03,91.335,90.92,91.335
2026-09-24T15:45:00Z,2026-09-24T15:50:00Z,91.335,91.425,91.24,91.24
2026-09-24T15:50:00Z,2026-09-24T15:55:00Z,91.25,91.45,91.185,91.235
2026-09-24T15:55:00Z,2026-09-24T16:00:00Z,91.23,91.235,91.09,91.09
2026-09-24T16:00:00Z,2026-09-24T16:05:00Z,91.095,91.23,90.985,91.23
2026-09-24T16:05:00Z,2026-09-24T16:10:00Z,91.22,91.24,91.045,91.1
2026-09-24T16:10:00Z,2026-09-24T16:15:00Z,91.095,91.23,91.075,91.23
2026-09-24T16:15:00Z,2026-09-24T16:20:00Z,91.245,92.635,91.245,91.995
2026-09-24T16:20:00Z,2026-09-24T16:25:00Z,92,92.405,91.95,92.24
2026-09-24T16:25:00Z,2026-09-24T16:30:00Z,92.255,92.33,92.04,92.285
2026-09-24T16:30:00Z,2026-09-24T16:35:00Z,92.29,92.34,92.005,92.235
2026-09-24T16:35:00Z,2026-09-24T16:40:00Z,92.24,92.385,92.205,92.31
2026-09-24T16:40:00Z,2026-09-24T16:45:00Z,92.315,92.59,92.17,92.17
2026-09-24T16:45:00Z,2026-09-24T16:50:00Z,92.175,92.31,92.075,92.255
2026-09-24T16:50:00Z,2026-09-24T16:55:00Z,92.26,92.455,92.17,92.25
2026-09-24T16:55:00Z,2026-09-24T17:00:00Z,92.255,92.32,92.09,92.09
2026-09-24T17:00:00Z,2026-09-24T17:05:00Z,92.08,92.24,91.835,92.03
2026-09-24T17:05:00Z,2026-09-24T17:10:00Z,92.035,92.16,91.985,92.07
2026-09-24T17:10:00Z,2026-09-24T17:15:00Z,92.06,92.075,91.81,92.01
2026-09-24T17:15:00Z,2026-09-24T17:20:00Z,92.01,92.01,91.8,91.82
2026-09-24T17:20:00Z,2026-09-24T17:25:00Z,91.815,91.92,91.735,91.75
2026-09-24T17:25:00Z,2026-09-24T17:30:00Z,91.745,91.78,91.6,91.755
2026-09-24T17:30:00Z,2026-09-24T17:35:00Z,91.75,91.87,91.675,91.69
2026-09-24T17:35:00Z,2026-09-24T17:40:00Z,91.69,91.74,91.61,91.71
2026-09-24T17:40:00Z,2026-09-24T17:45:00Z,91.715,91.74,91.535,91.555
2026-09-24T17:45:00Z,2026-09-24T17:50:00Z,91.555,91.63,91.515,91.56
2026-09-24T17:50:00Z,2026-09-24T17:55:00Z,91.555,91.595,91.515,91.59
2026-09-24T17:55:00Z,2026-09-24T18:00:00Z,91.59,91.66,91.555,91.66
2026-09-24T18:00:00Z,2026-09-24T18:05:00Z,91.66,91.67,91.27,91.35
2026-09-24T18:05:00Z,2026-09-24T18:10:00Z,91.36,91.64,91.335,91.605
2026-09-24T18:10:00Z,2026-09-24T18:15:00Z,91.605,91.825,91.605,91.82
2026-09-24T18:15:00Z,2026-09-24T18:20:00Z,91.805,91.87,91.69,91.765
2026-09-24T18:20:00Z,2026-09-24T18:25:00Z,91.765,91.87,91.675,91.87
2026-09-24T18:25:00Z,2026-09-24T18:30:00Z,91.865,92.18,91.85,92.02
2026-09-24T18:30:00Z,2026-09-24T18:35:00Z,92.015,92.1,91.9,91.905
2026-09-24T18:35:00Z,2026-09-24T18:40:00Z,91.9,92.44,91.8,92.145
2026-09-24T18:40:00Z,2026-09-24T18:45:00Z,92.15,92.15,91.785,91.785
2026-09-24T18:45:00Z,2026-09-24T18:50:00Z,91.79,91.855,91.74,91.84
2026-09-24T18:50:00Z,2026-09-24T18:55:00Z,91.845,92.05,91.81,91.91
2026-09-24T18:55:00Z,2026-09-24T19:00:00Z,91.91,92.005,91.835,91.875
2026-09-24T19:00:00Z,2026-09-24T19:05:00Z,91.875,91.905,91.56,91.64
2026-09-24T19:05:00Z,2026-09-24T19:10:00Z,91.645,91.775,91.61,91.685
2026-09-24T19:10:00Z,2026-09-24T19:15:00Z,91.685,91.69,91.545,91.565
2026-09-24T19:15:00Z,2026-09-24T19:20:00Z,91.56,91.705,91.555,91.685
2026-09-24T19:20:00Z,2026-09-24T19:25:00Z,91.69,91.815,91.605,91.815
2026-09-24T19:25:00Z,2026-09-24T19:30:00Z,91.835,91.965,91.81,91.945
2026-09-24T19:30:00Z,2026-09-24T19:35:00Z,91.955,91.99,91.88,91.99
2026-09-24T19:35:00Z,2026-09-24T19:40:00Z,91.975,92.155,91.9,92.155
2026-09-24T19:40:00Z,2026-09-24T19:45:00Z,92.165,92.175,92.03,92.105
2026-09-24T19:45:00Z,2026-09-24T19:50:00Z,92.095,92.135,92.03,92.05
2026-09-24T19:50:00Z,2026-09-24T19:55:00Z,92.04,92.245,92.025,92.235
2026-09-24T19:55:00Z,2026-09-24T20:00:00Z,92.23,92.37,92.085,92.36
2026-09-25T13:30:00Z,2026-09-25T13:35:00Z,92.45,92.5,91.995,92.465
2026-09-25T13:35:00Z,2026-09-25T13:40:00Z,92.46,92.645,92.27,92.46
2026-09-25T13:40:00Z,2026-09-25T13:45:00Z,92.47,92.545,92.08,92.15
2026-09-25T13:45:00Z,2026-09-25T13:50:00Z,92.17,92.245,92.045,92.165
2026-09-25T13:50:00Z,2026-09-25T13:55:00Z,92.16,92.45,92.145,92.21
2026-09-25T13:55:00Z,2026-09-25T14:00:00Z,92.21,92.28,92.085,92.145
2026-09-25T14:00:00Z,2026-09-25T14:05:00Z,92.15,92.225,91.625,91.625
2026-09-25T14:05:00Z,2026-09-25T14:10:00Z,91.625,91.97,91.34,91.9
2026-09-25T14:10:00Z,2026-09-25T14:15:00Z,91.905,92,91.765,91.935
2026-09-25T14:15:00Z,2026-09-25T14:20:00Z,91.925,92.06,91.75,91.965
2026-09-25T14:20:00Z,2026-09-25T14:25:00Z,91.97,92.16,91.86,92.095
2026-09-25T14:25:00Z,2026-09-25T14:30:00Z,92.09,92.195,92.025,92.05
2026-09-25T14:30:00Z,2026-09-25T14:35:00Z,92.055,92.09,91.88,92.04
2026-09-25T14:35:00Z,2026-09-25T14:40:00Z,92.035,92.13,91.91,92.07
2026-09-25T14:40:00Z,2026-09-25T14:45:00Z,92.065,92.345,91.92,92.345
2026-09-25T14:45:00Z,2026-09-25T14:50:00Z,92.35,92.51,92.145,92.375
2026-09-25T14:50:00Z,2026-09-25T14:55:00Z,92.375,92.47,92.175,92.43
2026-09-25T14:55:00Z,2026-09-25T15:00:00Z,92.44,92.61,92.335,92.475
2026-09-25T15:00:00Z,2026-09-25T15:05:00Z,92.465,92.725,92.37,92.665
2026-09-25T15:05:00Z,2026-09-25T15:10:00Z,92.675,92.72,92.3,92.305
2026-09-25T15:10:00Z,2026-09-25T15:15:00Z,92.31,92.57,92.165,92.55
2026-09-25T15:15:00Z,2026-09-25T15:20:00Z,92.54,92.6,92.3,92.33
2026-09-25T15:20:00Z,2026-09-25T15:25:00Z,92.325,92.635,92.25,92.43
2026-09-25T15:25:00Z,2026-09-25T15:30:00Z,92.425,92.585,92.36,92.475
2026-09-25T15:30:00Z,2026-09-25T15:35:00Z,92.48,92.83,92.47,92.48
2026-09-25T15:35:00Z,2026-09-25T15:40:00Z,92.49,92.545,92.32,92.32
2026-09-25T15:40:00Z,2026-09-25T15:45:00Z,92.33,92.35,92.135,92.155
2026-09-25T15:45:00Z,2026-09-25T15:50:00Z,92.15,92.185,92.03,92.12
2026-09-25T15:50:00Z,2026-09-25T15:55:00Z,92.115,92.53,92.055,92.4
2026-09-25T15:55:00Z,2026-09-25T16:00:00Z,92.405,92.94,92.27,92.93
2026-09-25T16:00:00Z,2026-09-25T16:05:00Z,92.94,93.31,92.875,93.11
2026-09-25T16:05:00Z,2026-09-25T16:10:00Z,93.1,93.235,92.875,93.14
2026-09-25T16:10:00Z,2026-09-25T16:15:00Z,93.145,93.18,92.83,92.915
2026-09-25T16:15:00Z,2026-09-25T16:20:00Z,92.91,93.02,92.75,92.8
2026-09-25T16:20:00Z,2026-09-25T16:25:00Z,92.805,92.875,92.695,92.82
2026-09-25T16:25:00Z,2026-09-25T16:30:00Z,92.82,93.05,92.81,93.03
2026-09-25T16:30:00Z,2026-09-25T16:35:00Z,93.035,93.11,92.59,92.75
2026-09-25T16:35:00Z,2026-09-25T16:40:00Z,92.76,92.97,92.75,92.855
2026-09-25T16:40:00Z,2026-09-25T16:45:00Z,92.85,92.945,92.73,92.77
2026-09-25T16:45:00Z,2026-09-25T16:50:00Z,92.77,92.785,92.53,92.59
2026-09-25T16:50:00Z,2026-09-25T16:55:00Z,92.595,92.695,92.58,92.655
2026-09-25T16:55:00Z,2026-09-25T17:00:00Z,92.655,92.75,92.58,92.7
2026-09-25T17:00:00Z,2026-09-25T17:05:00Z,92.7,92.91,92.69,92.815
2026-09-25T17:05:00Z,2026-09-25T17:10:00Z,92.815,92.845,92.71,92.825
2026-09-25T17:10:00Z,2026-09-25T17:15:00Z,92.825,92.825,92.7,92.735
2026-09-25T17:15:00Z,2026-09-25T17:20:00Z,92.735,92.735,92.625,92.64
2026-09-25T17:20:00Z,2026-09-25T17:25:00Z,92.635,92.7,92.61,92.7
2026-09-25T17:25:00Z,2026-09-25T17:30:00Z,92.705,92.71,92.56,92.575
2026-09-25T17:30:00Z,2026-09-25T17:35:00Z,92.585,92.68,92.54,92.595
2026-09-25T17:35:00Z,2026-09-25T17:40:00Z,92.6,92.66,92.455,92.57
2026-09-25T17:40:00Z,2026-09-25T17:45:00Z,92.58,92.71,92.555,92.64
2026-09-25T17:45:00Z,2026-09-25T17:50:00Z,92.635,92.68,92.545,92.615
2026-09-25T17:50:00Z,2026-09-25T17:55:00Z,92.61,92.655,92.57,92.625
2026-09-25T17:55:00Z,2026-09-25T18:00:00Z,92.625,92.675,92.595,92.67
2026-09-25T18:00:00Z,2026-09-25T18:05:00Z,92.685,92.695,92.635,92.665
2026-09-25T18:05:00Z,2026-09-25T18:10:00Z,92.66,92.745,92.63,92.735
2026-09-25T18:10:00Z,2026-09-25T18:15:00Z,92.735,92.755,92.655,92.735
2026-09-25T18:15:00Z,2026-09-25T18:20:00Z,92.735,92.77,92.7,92.735
2026-09-25T18:20:00Z,2026-09-25T18:25:00Z,92.725,92.725,92.635,92.695
2026-09-25T18:25:00Z,2026-09-25T18:30:00Z,92.695,92.75,92.515,92.645
2026-09-25T18:30:00Z,2026-09-25T18:35:00Z,92.645,92.835,92.63,92.825
2026-09-25T18:35:00Z,2026-09-25T18:40:00Z,92.825,92.86,92.695,92.695
2026-09-25T18:40:00Z,2026-09-25T18:45:00Z,92.695,92.795,92.685,92.79
2026-09-25T18:45:00Z,2026-09-25T18:50:00Z,92.795,92.865,92.76,92.85
2026-09-25T18:50:00Z,2026-09-25T18:55:00Z,92.855,92.895,92.775,92.8
2026-09-25T18:55:00Z,2026-09-25T19:00:00Z,92.8,92.875,92.785,92.875
2026-09-25T19:00:00Z,2026-09-25T19:05:00Z,92.88,92.975,92.8,92.875
2026-09-25T19:05:00Z,2026-09-25T19:10:00Z,92.875,92.955,92.83,92.915
2026-09-25T19:10:00Z,2026-09-25T19:15:00Z,92.905,92.99,92.885,92.965
2026-09-25T19:15:00Z,2026-09-25T19:20:00Z,92.965,92.965,92.86,92.86
2026-09-25T19:20:00Z,2026-09-25T19:25:00Z,92.865,92.875,92.78,92.795
2026-09-25T19:25:00Z,2026-09-25T19:30:00Z,92.795,92.805,92.665,92.705
2026-09-25T19:30:00Z,2026-09-25T19:35:00Z,92.705,92.765,92.655,92.755
2026-09-25T19:35:00Z,2026-09-25T19:40:00Z,92.755,92.955,92.755,92.905
2026-09-25T19:40:00Z,2026-09-25T19:45:00Z,92.905,92.945,92.845,92.905
2026-09-25T19:45:00Z,2026-09-25T19:50:00Z,92.915,92.985,92.865,92.88
2026-09-25T19:50:00Z,2026-09-25T19:55:00Z,92.885,93.01,92.84,92.84
2026-09-25T19:55:00Z,2026-09-25T20:00:00Z,92.845,92.875,92.8,92.845
2026-09-28T13:30:00Z,2026-09-28T13:35:00Z,88.115,88.275,87.685,87.825
2026-09-28T13:35:00Z,2026-09-28T13:40:00Z,87.83,88.355,87.36,88.245
2026-09-28T13:40:00Z,2026-09-28T13:45:00Z,88.23,88.87,88.175,88.865
2026-09-28T13:45:00Z,2026-09-28T13:50:00Z,88.87,89.285,88.855,89.075
2026-09-28T13:50:00Z,2026-09-28T13:55:00Z,89.07,89.215,88.92,89.11
2026-09-28T13:55:00Z,2026-09-28T14:00:00Z,89.1,89.34,89.01,89.23
2026-09-28T14:00:00Z,2026-09-28T14:05:00Z,89.22,89.43,88.91,88.93
2026-09-28T14:05:00Z,2026-09-28T14:10:00Z,88.94,89.205,88.905,89.005
2026-09-28T14:10:00Z,2026-09-28T14:15:00Z,88.985,89.08,88.865,88.92
2026-09-28T14:15:00Z,2026-09-28T14:20:00Z,88.91,89.02,88.82,88.875
2026-09-28T14:20:00Z,2026-09-28T14:25:00Z,88.87,89.04,88.705,89.01
2026-09-28T14:25:00Z,2026-09-28T14:30:00Z,89.01,89.145,88.86,89.1
2026-09-28T14:30:00Z,2026-09-28T14:35:00Z,89.095,89.1,88.825,88.88
2026-09-28T14:35:00Z,2026-09-28T14:40:00Z,88.885,89.02,88.815,88.915
2026-09-28T14:40:00Z,2026-09-28T14:45:00Z,88.915,88.915,88.555,88.6
2026-09-28T14:45:00Z,2026-09-28T14:50:00Z,88.595,88.625,88.125,88.265
2026-09-28T14:50:00Z,2026-09-28T14:55:00Z,88.26,88.7,88.26,88.39
2026-09-28T14:55:00Z,2026-09-28T15:00:00Z,88.385,88.43,88.235,88.34
2026-09-28T15:00:00Z,2026-09-28T15:05:00Z,88.36,88.54,88.26,88.52
2026-09-28T15:05:00Z,2026-09-28T15:10:00Z,88.53,88.575,88.34,88.495
2026-09-28T15:10:00Z,2026-09-28T15:15:00Z,88.505,88.535,88.265,88.32
2026-09-28T15:15:00Z,2026-09-28T15:20:00Z,88.325,88.51,88.28,88.45
2026-09-28T15:20:00Z,2026-09-28T15:25:00Z,88.445,88.445,88.255,88.39
2026-09-28T15:25:00Z,2026-09-28T15:30:00Z,88.4,88.605,88.265,88.365
2026-09-28T15:30:00Z,2026-09-28T15:35:00Z,88.36,88.375,88.215,88.285
2026-09-09T16:55:00Z,2026-09-09T17:00:00Z,100.015,100.095,99.93,100.075
2026-09-09T17:00:00Z,2026-09-09T17:05:00Z,100.075,100.19,99.955,100.115
2026-09-09T17:05:00Z,2026-09-09T17:10:00Z,100.12,100.36,100.1,100.305
2026-09-09T17:10:00Z,2026-09-09T17:15:00Z,100.3,100.32,100.12,100.22
2026-09-09T17:15:00Z,2026-09-09T17:20:00Z,100.23,100.23,100.095,100.16
2026-09-09T17:20:00Z,2026-09-09T17:25:00Z,100.155,100.23,100.09,100.13
2026-09-09T17:25:00Z,2026-09-09T17:30:00Z,100.13,100.215,100.005,100.01
2026-09-09T17:30:00Z,2026-09-09T17:35:00Z,100.005,100.07,99.97,100.01
2026-09-09T17:35:00Z,2026-09-09T17:40:00Z,100.005,100.035,99.91,99.975
2026-09-09T17:40:00Z,2026-09-09T17:45:00Z,99.98,100.175,99.98,100.135
2026-09-09T17:45:00Z,2026-09-09T17:50:00Z,100.15,100.2,100.095,100.095
2026-09-09T17:50:00Z,2026-09-09T17:55:00Z,100.11,100.205,100.055,100.11
2026-09-09T17:55:00Z,2026-09-09T18:00:00Z,100.1,100.2,100.065,100.14
2026-09-09T18:00:00Z,2026-09-09T18:05:00Z,100.145,100.255,100.065,100.19
2026-09-09T18:05:00Z,2026-09-09T18:10:00Z,100.19,100.25,100.13,100.22
2026-09-09T18:10:00Z,2026-09-09T18:15:00Z,100.22,100.27,100.16,100.2
2026-09-09T18:15:00Z,2026-09-09T18:20:00Z,100.19,100.275,100.135,100.195
2026-09-09T18:20:00Z,2026-09-09T18:25:00Z,100.195,100.2,100.075,100.14
2026-09-09T18:25:00Z,2026-09-09T18:30:00Z,100.14,100.17,100.08,100.13
2026-09-09T18:30:00Z,2026-09-09T18:35:00Z,100.13,100.13,99.925,100
2026-09-09T18:35:00Z,2026-09-09T18:40:00Z,100.01,100.04,99.88,99.975
2026-09-09T18:40:00Z,2026-09-09T18:45:00Z,99.98,100.015,99.83,99.85
2026-09-09T18:45:00Z,2026-09-09T18:50:00Z,99.855,99.875,99.645,99.645
2026-09-09T18:50:00Z,2026-09-09T18:55:00Z,99.64,99.645,99.515,99.555
2026-09-09T18:55:00Z,2026-09-09T19:00:00Z,99.56,99.65,99.475,99.505
2026-09-09T19:00:00Z,2026-09-09T19:05:00Z,99.51,99.56,99.23,99.335
2026-09-09T19:05:00Z,2026-09-09T19:10:00Z,99.325,99.415,99.24,99.3
2026-09-09T19:10:00Z,2026-09-09T19:15:00Z,99.31,99.41,99.245,99.385
2026-09-09T19:15:00Z,2026-09-09T19:20:00Z,99.39,99.5,99.37,99.465
2026-09-09T19:20:00Z,2026-09-09T19:25:00Z,99.465,99.635,99.46,99.625
2026-09-09T19:25:00Z,2026-09-09T19:30:00Z,99.625,99.67,99.535,99.55
2026-09-09T19:30:00Z,2026-09-09T19:35:00Z,99.545,99.625,99.495,99.605
2026-09-09T19:35:00Z,2026-09-09T19:40:00Z,99.605,99.615,99.42,99.495
2026-09-09T19:40:00Z,2026-09-09T19:45:00Z,99.485,99.575,99.42,99.545
2026-09-09T19:45:00Z,2026-09-09T19:50:00Z,99.55,99.62,99.535,99.575
2026-09-09T19:50:00Z,2026-09-09T19:55:00Z,99.57,99.635,99.43,99.57
2026-09-09T19:55:00Z,2026-09-09T20:00:00Z,99.56,99.675,99.455,99.46
2026-09-10T13:30:00Z,2026-09-10T13:35:00Z,96.43,96.66,95.63,96.3
2026-09-10T13:35:00Z,2026-09-10T13:40:00Z,96.265,96.475,95.925,96.475
2026-09-10T13:40:00Z,2026-09-10T13:45:00Z,96.48,96.99,96.48,96.65
2026-09-10T13:45:00Z,2026-09-10T13:50:00Z,96.63,97.35,96.58,97.05
2026-09-10T13:50:00Z,2026-09-10T13:55:00Z,97.04,97.23,96.72,97.03
2026-09-10T13:55:00Z,2026-09-10T14:00:00Z,97.035,97.165,96.825,96.87
2026-09-10T14:00:00Z,2026-09-10T14:05:00Z,96.895,97.37,96.895,97.29
2026-09-10T14:05:00Z,2026-09-10T14:10:00Z,97.285,97.305,96.29,96.505
2026-09-10T14:10:00Z,2026-09-10T14:15:00Z,96.5,96.71,96.315,96.355
2026-09-10T14:15:00Z,2026-09-10T14:20:00Z,96.35,96.565,96.22,96.5
2026-09-10T14:20:00Z,2026-09-10T14:25:00Z,96.485,97.015,96.44,96.97
2026-09-10T14:25:00Z,2026-09-10T14:30:00Z,96.95,97.13,96.665,96.69
2026-09-10T14:30:00Z,2026-09-10T14:35:00Z,96.685,96.905,96.565,96.865
2026-09-10T14:35:00Z,2026-09-10T14:40:00Z,96.865,97.14,96.655,96.665
2026-09-10T14:40:00Z,2026-09-10T14:45:00Z,96.665,96.965,96.44,96.5
2026-09-10T14:45:00Z,2026-09-10T14:50:00Z,96.49,96.84,96.41,96.775
2026-09-10T14:50:00Z,2026-09-10T14:55:00Z,96.77,96.995,96.7,96.8
2026-09-10T14:55:00Z,2026-09-10T15:00:00Z,96.795,97.075,96.78,97.07
2026-09-10T15:00:00Z,2026-09-10T15:05:00Z,97.075,97.08,96.72,96.735
2026-09-10T15:05:00Z,2026-09-10T15:10:00Z,96.74,96.995,96.735,96.795
2026-09-10T15:10:00Z,2026-09-10T15:15:00Z,96.79,97.035,96.775,96.945
2026-09-10T15:15:00Z,2026-09-10T15:20:00Z,96.94,97.11,96.865,97.015
2026-09-10T15:20:00Z,2026-09-10T15:25:00Z,97.01,97.17,96.975,97.04
2026-09-10T15:25:00Z,2026-09-10T15:30:00Z,97.035,97.13,96.97,97.06
2026-09-10T15:30:00Z,2026-09-10T15:35:00Z,97.08,97.19,96.945,97.15
2026-09-10T15:35:00Z,2026-09-10T15:40:00Z,97.155,97.21,96.945,96.99
2026-09-10T15:40:00Z,2026-09-10T15:45:00Z,96.98,97.09,96.92,97.05
2026-09-10T15:45:00Z,2026-09-10T15:50:00Z,97.055,97.07,96.725,96.965
2026-09-10T15:50:00Z,2026-09-10T15:55:00Z,96.96,96.97,96.755,96.76
2026-09-10T15:55:00Z,2026-09-10T16:00:00Z,96.765,96.865,96.7,96.81
2026-09-10T16:00:00Z,2026-09-10T16:05:00Z,96.8,96.97,96.8,96.865
2026-09-10T16:05:00Z,2026-09-10T16:10:00Z,96.86,96.91,96.675,96.71
2026-09-10T16:10:00Z,2026-09-10T16:15:00Z,96.715,96.79,96.57,96.77
2026-09-10T16:15:00Z,2026-09-10T16:20:00Z,96.76,96.83,96.57,96.745
2026-09-10T16:20:00Z,2026-09-10T16:25:00Z,96.74,96.97,96.74,96.93
2026-09-10T16:25:00Z,2026-09-10T16:30:00Z,96.93,96.995,96.89,96.995
2026-09-10T16:30:00Z,2026-09-10T16:35:00Z,96.99,97.1,96.855,96.86
2026-09-10T16:35:00Z,2026-09-10T16:40:00Z,96.86,96.92,96.755,96.865
2026-09-10T16:40:00Z,2026-09-10T16:45:00Z,96.87,96.89,96.635,96.67
2026-09-10T16:45:00Z,2026-09-10T16:50:00Z,96.675,96.95,96.67,96.795
2026-09-10T16:50:00Z,2026-09-10T16:55:00Z,96.79,96.9,96.76,96.83
2026-09-10T16:55:00Z,2026-09-10T17:00:00Z,96.835,96.915,96.805,96.89
2026-09-10T17:00:00Z,2026-09-10T17:05:00Z,96.88,97.085,96.745,96.96
2026-09-10T17:05:00Z,2026-09-10T17:10:00Z,96.965,97.035,96.9,96.96
2026-09-10T17:10:00Z,2026-09-10T17:15:00Z,96.97,97.145,96.965,97.005
2026-09-10T17:15:00Z,2026-09-10T17:20:00Z,97.01,97.425,96.965,97.41
2026-09-10T17:20:00Z,2026-09-10T17:25:00Z,97.41,97.41,97.155,97.32
2026-09-10T17:25:00Z,2026-09-10T17:30:00Z,97.325,97.405,97.23,97.35
2026-09-10T17:30:00Z,2026-09-10T17:35:00Z,97.355,97.37,97.205,97.215
2026-09-10T17:35:00Z,2026-09-10T17:40:00Z,97.21,97.22,96.97,97
2026-09-10T17:40:00Z,2026-09-10T17:45:00Z,96.995,97,96.895,96.98
2026-09-10T17:45:00Z,2026-09-10T17:50:00Z,96.985,97.015,96.925,96.955
2026-09-10T17:50:00Z,2026-09-10T17:55:00Z,96.955,96.98,96.825,96.875
2026-09-10T17:55:00Z,2026-09-10T18:00:00Z,96.88,96.89,96.74,96.745
2026-09-10T18:00:00Z,2026-09-10T18:05:00Z,96.745,96.815,96.555,96.59
2026-09-10T18:05:00Z,2026-09-10T18:10:00Z,96.59,96.625,96.335,96.36
2026-09-10T18:10:00Z,2026-09-10T18:15:00Z,96.35,96.39,96.25,96.355
2026-09-10T18:15:00Z,2026-09-10T18:20:00Z,96.35,96.39,96.215,96.325
2026-09-10T18:20:00Z,2026-09-10T18:25:00Z,96.34,96.52,96.33,96.5
2026-09-10T18:25:00Z,2026-09-10T18:30:00Z,96.49,96.55,96.37,96.4
2026-09-10T18:30:00Z,2026-09-10T18:35:00Z,96.405,96.41,96.185,96.32
2026-09-10T18:35:00Z,2026-09-10T18:40:00Z,96.33,96.42,96.29,96.405
2026-09-10T18:40:00Z,2026-09-10T18:45:00Z,96.405,96.46,96.35,96.425
2026-09-10T18:45:00Z,2026-09-10T18:50:00Z,96.425,96.43,96.285,96.33
2026-09-10T18:50:00Z,2026-09-10T18:55:00Z,96.325,96.71,96.27,96.56
2026-09-10T18:55:00Z,2026-09-10T19:00:00Z,96.58,96.71,96.55,96.6
2026-09-10T19:00:00Z,2026-09-10T19:05:00Z,96.59,96.59,96.08,96.195
2026-09-10T19:05:00Z,2026-09-10T19:10:00Z,96.19,96.49,96.175,96.48
2026-09-10T19:10:00Z,2026-09-10T19:15:00Z,96.49,96.515,96.28,96.38
2026-09-10T19:15:00Z,2026-09-10T19:20:00Z,96.38,96.44,96.21,96.22
2026-09-10T19:20:00Z,2026-09-10T19:25:00Z,96.22,96.39,96.22,96.365
2026-09-10T19:25:00Z,2026-09-10T19:30:00Z,96.38,96.435,96.275,96.3
2026-09-10T19:30:00Z,2026-09-10T19:35:00Z,96.31,96.33,96.215,96.275
2026-09-10T19:35:00Z,2026-09-10T19:40:00Z,96.28,96.295,96.14,96.21
2026-09-10T19:40:00Z,2026-09-10T19:45:00Z,96.205,96.24,95.975,95.99
2026-09-10T19:45:00Z,2026-09-10T19:50:00Z,95.995,96.055,95.955,96.035
2026-09-10T19:50:00Z,2026-09-10T19:55:00Z,96.025,96.125,95.87,95.985
2026-09-10T19:55:00Z,2026-09-10T20:00:00Z,95.995,96.08,95.875,96.05
2026-09-11T13:30:00Z,2026-09-11T13:35:00Z,98.285,98.295,97.43,98.17
2026-09-11T13:35:00Z,2026-09-11T13:40:00Z,98.195,98.695,97.89,98.36
2026-09-11T13:40:00Z,2026-09-11T13:45:00Z,98.365,99.075,98.295,98.755
2026-09-11T13:45:00Z,2026-09-11T13:50:00Z,98.76,98.925,98.445,98.585
2026-09-11T13:50:00Z,2026-09-11T13:55:00Z,98.58,98.66,98.38,98.525
2026-09-11T13:55:00Z,2026-09-11T14:00:00Z,98.54,98.97,98.4,98.95
2026-09-11T14:00:00Z,2026-09-11T14:05:00Z,98.945,98.95,98.145,98.465
2026-09-11T14:05:00Z,2026-09-11T14:10:00Z,98.46,98.47,97.935,98.025
2026-09-11T14:10:00Z,2026-09-11T14:15:00Z,98.015,98.09,97.735,97.9
2026-09-11T14:15:00Z,2026-09-11T14:20:00Z,97.9,98.065,97.765,98.03
2026-09-11T14:20:00Z,2026-09-11T14:25:00Z,98.035,98.305,97.925,97.95
2026-09-11T14:25:00Z,2026-09-11T14:30:00Z,97.95,97.95,97.67,97.83
2026-09-11T14:30:00Z,2026-09-11T14:35:00Z,97.835,97.86,97.455,97.49
2026-09-11T14:35:00Z,2026-09-11T14:40:00Z,97.485,97.495,97.015,97.16
2026-09-11T14:40:00Z,2026-09-11T14:45:00Z,97.16,97.425,96.985,97.275
2026-09-11T14:45:00Z,2026-09-11T14:50:00Z,97.3,97.935,97.285,97.905
2026-09-11T14:50:00Z,2026-09-11T14:55:00Z,97.915,98.04,97.715,97.725
2026-09-11T14:55:00Z,2026-09-11T15:00:00Z,97.73,97.75,97.505,97.55
2026-09-11T15:00:00Z,2026-09-11T15:05:00Z,97.555,97.605,97.325,97.42
2026-09-11T15:05:00Z,2026-09-11T15:10:00Z,97.415,97.455,97.055,97.125
2026-09-11T15:10:00Z,2026-09-11T15:15:00Z,97.12,97.19,97.005,97.065
2026-09-11T15:15:00Z,2026-09-11T15:20:00Z,97.075,97.33,97.07,97.205
2026-09-11T15:20:00Z,2026-09-11T15:25:00Z,97.21,97.51,97.175,97.395
2026-09-11T15:25:00Z,2026-09-11T15:30:00Z,97.4,97.57,97.35,97.44
2026-09-11T15:30:00Z,2026-09-11T15:35:00Z,97.425,97.54,97.315,97.405
2026-09-11T15:35:00Z,2026-09-11T15:40:00Z,97.395,97.51,97.29,97.29
2026-09-11T15:40:00Z,2026-09-11T15:45:00Z,97.285,97.42,97.16,97.4
2026-09-11T15:45:00Z,2026-09-11T15:50:00Z,97.395,97.4,97.195,97.38
2026-09-11T15:50:00Z,2026-09-11T15:55:00Z,97.385,97.475,97.29,97.375
2026-09-11T15:55:00Z,2026-09-11T16:00:00Z,97.37,97.375,97.24,97.345
2026-09-11T16:00:00Z,2026-09-11T16:05:00Z,97.33,97.48,97.3,97.44
2026-09-11T16:05:00Z,2026-09-11T16:10:00Z,97.44,97.47,97.12,97.14
2026-09-11T16:10:00Z,2026-09-11T16:15:00Z,97.145,97.165,96.91,96.92
2026-09-11T16:15:00Z,2026-09-11T16:20:00Z,96.915,97.03,96.81,96.84
2026-09-11T16:20:00Z,2026-09-11T16:25:00Z,96.845,96.93,96.635,96.705
2026-09-11T16:25:00Z,2026-09-11T16:30:00Z,96.71,96.99,96.68,96.725
2026-09-11T16:30:00Z,2026-09-11T16:35:00Z,96.73,97.135,96.63,97.085
2026-09-11T16:35:00Z,2026-09-11T16:40:00Z,97.08,97.08,96.77,96.81
2026-09-11T16:40:00Z,2026-09-11T16:45:00Z,96.805,96.98,96.785,96.965
2026-09-11T16:45:00Z,2026-09-11T16:50:00Z,96.95,97.07,96.935,96.935
2026-09-11T16:50:00Z,2026-09-11T16:55:00Z,96.93,96.98,96.91,96.95
2026-09-11T16:55:00Z,2026-09-11T17:00:00Z,96.945,96.99,96.88,96.95
2026-09-11T17:00:00Z,2026-09-11T17:05:00Z,96.96,97,96.86,96.9
2026-09-11T17:05:00Z,2026-09-11T17:10:00Z,96.89,97.05,96.87,97
2026-09-11T17:10:00Z,2026-09-11T17:15:00Z,97,97.115,96.94,97.015
2026-09-11T17:15:00Z,2026-09-11T17:20:00Z,97.02,97.165,96.98,97.145
2026-09-11T17:20:00Z,2026-09-11T17:25:00Z,97.145,97.315,97.145,97.31
2026-09-11T17:25:00Z,2026-09-11T17:30:00Z,97.31,97.31,97.13,97.14
2026-09-11T17:30:00Z,2026-09-11T17:35:00Z,97.12,97.155,97.05,97.155
2026-09-11T17:35:00Z,2026-09-11T17:40:00Z,97.16,97.19,96.99,97.02
2026-09-11T17:40:00Z,2026-09-11T17:45:00Z,97.025,97.045,96.905,97.015
2026-09-11T17:45:00Z,2026-09-11T17:50:00Z,97.01,97.1,96.965,97.09
2026-09-11T17:50:00Z,2026-09-11T17:55:00Z,97.095,97.15,97.06,97.07
2026-09-11T17:55:00Z,2026-09-11T18:00:00Z,97.07,97.07,96.865,96.895
2026-09-11T18:00:00Z,2026-09-11T18:05:00Z,96.895,96.94,96.805,96.925
2026-09-11T18:05:00Z,2026-09-11T18:10:00Z,96.93,96.935,96.83,96.84
2026-09-11T18:10:00Z,2026-09-11T18:15:00Z,96.84,96.89,96.655,96.67
2026-09-11T18:15:00Z,2026-09-11T18:20:00Z,96.67,96.785,96.65,96.74
2026-09-11T18:20:00Z,2026-09-11T18:25:00Z,96.74,96.79,96.5,96.585
2026-09-11T18:25:00Z,2026-09-11T18:30:00Z,96.58,96.68,96.51,96.52
2026-09-11T18:30:00Z,2026-09-11T18:35:00Z,96.52,96.56,96.23,96.385
2026-09-11T18:35:00Z,2026-09-11T18:40:00Z,96.395,96.49,96.335,96.395
2026-09-11T18:40:00Z,2026-09-11T18:45:00Z,96.355,96.52,96.33,96.45
2026-09-11T18:45:00Z,2026-09-11T18:50:00Z,96.455,96.495,96.42,96.435
2026-09-11T18:50:00Z,2026-09-11T18:55:00Z,96.43,96.495,96.4,96.45
2026-09-11T18:55:00Z,2026-09-11T19:00:00Z,96.44,96.53,96.44,96.49
2026-09-11T19:00:00Z,2026-09-11T19:05:00Z,96.495,96.66,96.48,96.655
2026-09-11T19:05:00Z,2026-09-11T19:10:00Z,96.65,96.73,96.57,96.66
2026-09-11T19:10:00Z,2026-09-11T19:15:00Z,96.66,96.75,96.62,96.75
2026-09-11T19:15:00Z,2026-09-11T19:20:00Z,96.745,96.81,96.73,96.765
2026-09-11T19:20:00Z,2026-09-11T19:25:00Z,96.77,96.8,96.705,96.8
2026-09-11T19:25:00Z,2026-09-11T19:30:00Z,96.79,96.82,96.665,96.675
2026-09-11T19:30:00Z,2026-09-11T19:35:00Z,96.68,96.73,96.615,96.67
2026-09-11T19:35:00Z,2026-09-11T19:40:00Z,96.67,96.7,96.57,96.605
2026-09-11T19:40:00Z,2026-09-11T19:45:00Z,96.605,96.7,96.59,96.675
2026-09-11T19:45:00Z,2026-09-11T19:50:00Z,96.67,96.735,96.63,96.68
2026-09-11T19:50:00Z,2026-09-11T19:55:00Z,96.68,96.915,96.68,96.915
2026-09-11T19:55:00Z,2026-09-11T20:00:00Z,96.915,97.11,96.81,97.06
2026-09-14T13:30:00Z,2026-09-14T13:35:00Z,93.95,94.24,93.155,93.275
2026-09-14T13:35:00Z,2026-09-14T13:40:00Z,93.27,93.535,93.005,93.06
2026-09-14T13:40:00Z,2026-09-14T13:45:00Z,93.055,93.385,93.03,93.385
2026-09-14T13:45:00Z,2026-09-14T13:50:00Z,93.38,93.565,93.105,93.365
2026-09-14T13:50:00Z,2026-09-14T13:55:00Z,93.36,93.525,93.175,93.23
2026-09-14T13:55:00Z,2026-09-14T14:00:00Z,93.225,93.355,93.15,93.2
2026-09-14T14:00:00Z,2026-09-14T14:05:00Z,93.205,93.36,93.14,93.34
2026-09-14T14:05:00Z,2026-09-14T14:10:00Z,93.335,93.345,93.11,93.25
2026-09-14T14:10:00Z,2026-09-14T14:15:00Z,93.24,93.74,93.205,93.7
2026-09-14T14:15:00Z,2026-09-14T14:20:00Z,93.69,93.78,93.185,93.31
2026-09-14T14:20:00Z,2026-09-14T14:25:00Z,93.29,93.34,92.85,92.87
2026-09-14T14:25:00Z,2026-09-14T14:30:00Z,92.87,93.14,92.86,93.105
2026-09-14T14:30:00Z,2026-09-14T14:35:00Z,93.11,93.13,92.89,93.09
2026-09-14T14:35:00Z,2026-09-14T14:40:00Z,93.095,93.175,92.965,93.13
2026-09-14T14:40:00Z,2026-09-14T14:45:00Z,93.115,93.39,92.95,93.37
2026-09-14T14:45:00Z,2026-09-14T14:50:00Z,93.375,93.725,93.34,93.635
2026-09-14T14:50:00Z,2026-09-14T14:55:00Z,93.64,93.69,93.475,93.555
2026-09-14T14:55:00Z,2026-09-14T15:00:00Z,93.555,93.69,93.51,93.68
2026-09-14T15:00:00Z,2026-09-14T15:05:00Z,93.685,93.71,93.385,93.4
2026-09-14T15:05:00Z,2026-09-14T15:10:00Z,93.395,94.15,93.39,93.76
2026-09-14T15:10:00Z,2026-09-14T15:15:00Z,93.77,93.92,93.64,93.65
2026-09-14T15:15:00Z,2026-09-14T15:20:00Z,93.645,93.78,93.51,93.665
2026-09-14T15:20:00Z,2026-09-14T15:25:00Z,93.675,93.74,93.59,93.715
2026-09-14T15:25:00Z,2026-09-14T15:30:00Z,93.71,93.95,93.63,93.895
2026-09-14T15:30:00Z,2026-09-14T15:35:00Z,93.88,94.335,93.76,94.31
2026-09-14T15:35:00Z,2026-09-14T15:40:00Z,94.32,94.46,94.125,94.46
2026-09-14T15:40:00Z,2026-09-14T15:45:00Z,94.455,94.465,94.23,94.32
2026-09-14T15:45:00Z,2026-09-14T15:50:00Z,94.315,94.32,93.95,93.975
2026-09-14T15:50:00Z,2026-09-14T15:55:00Z,93.975,94,93.885,93.985
2026-09-14T15:55:00Z,2026-09-14T16:00:00Z,93.98,94.14,93.93,93.965
2026-09-14T16:00:00Z,2026-09-14T16:05:00Z,93.965,94.01,93.86,93.89
2026-09-14T16:05:00Z,2026-09-14T16:10:00Z,93.895,94.16,93.89,94.155
2026-09-14T16:10:00Z,2026-09-14T16:15:00Z,94.16,94.225,94.07,94.07
2026-09-14T16:15:00Z,2026-09-14T16:20:00Z,94.075,94.33,94.075,94.28
2026-09-14T16:20:00Z,2026-09-14T16:25:00Z,94.285,94.35,94.15,94.33
2026-09-14T16:25:00Z,2026-09-14T16:30:00Z,94.335,94.37,94.195,94.22
2026-09-14T16:30:00Z,2026-09-14T16:35:00Z,94.21,94.38,94.185,94.25
2026-09-14T16:35:00Z,2026-09-14T16:40:00Z,94.25,94.34,94.14,94.335
2026-09-14T16:40:00Z,2026-09-14T16:45:00Z,94.335,94.5,94.265,94.44
2026-09-14T16:45:00Z,2026-09-14T16:50:00Z,94.44,94.995,94.39,94.92
2026-09-14T16:50:00Z,2026-09-14T16:55:00Z,94.91,95.08,94.8,95.045
2026-09-14T16:55:00Z,2026-09-14T17:00:00Z,95.05,95.09,94.87,94.905
2026-09-14T17:00:00Z,2026-09-14T17:05:00Z,94.9,94.905,94.73,94.85
2026-09-14T17:05:00Z,2026-09-14T17:10:00Z,94.85,94.88,94.69,94.715
2026-09-14T17:10:00Z,2026-09-14T17:15:00Z,94.725,94.915,94.71,94.775
2026-09-14T17:15:00Z,2026-09-14T17:20:00Z,94.765,94.88,94.75,94.785
2026-09-14T17:20:00Z,2026-09-14T17:25:00Z,94.79,94.84,94.78,94.8
2026-09-14T17:25:00Z,2026-09-14T17:30:00Z,94.805,94.87,94.75,94.855
2026-09-14T17:30:00Z,2026-09-14T17:35:00Z,94.855,94.93,94.71,94.715
2026-09-14T17:35:00Z,2026-09-14T17:40:00Z,94.71,94.72,94.61,94.695
2026-09-14T17:40:00Z,2026-09-14T17:45:00Z,94.69,94.725,94.59,94.61
2026-09-14T17:45:00Z,2026-09-14T17:50:00Z,94.605,94.63,94.545,94.595
2026-09-14T17:50:00Z,2026-09-14T17:55:00Z,94.595,94.67,94.535,94.625
2026-09-14T17:55:00Z,2026-09-14T18:00:00Z,94.625,94.66,94.53,94.53
2026-09-14T18:00:00Z,2026-09-14T18:05:00Z,94.535,94.65,94.43,94.435
2026-09-14T18:05:00Z,2026-09-14T18:10:00Z,94.445,94.475,94.345,94.4
2026-09-14T18:10:00Z,2026-09-14T18:15:00Z,94.4,94.46,94.36,94.455
2026-09-14T18:15:00Z,2026-09-14T18:20:00Z,94.45,94.535,94.425,94.485
2026-09-14T18:20:00Z,2026-09-14T18:25:00Z,94.48,94.545,94.375,94.38
2026-09-14T18:25:00Z,2026-09-14T18:30:00Z,94.39,94.405,94.275,94.345
2026-09-14T18:30:00Z,2026-09-14T18:35:00Z,94.34,94.57,94.325,94.505
2026-09-14T18:35:00Z,2026-09-14T18:40:00Z,94.505,94.625,94.5,94.59
2026-09-14T18:40:00Z,2026-09-14T18:45:00Z,94.595,94.62,94.54,94.575
2026-09-14T18:45:00Z,2026-09-14T18:50:00Z,94.57,94.645,94.555,94.58
2026-09-14T18:50:00Z,2026-09-14T18:55:00Z,94.565,94.565,94.415,94.465
2026-09-14T18:55:00Z,2026-09-14T19:00:00Z,94.46,94.505,94.42,94.47
2026-09-14T19:00:00Z,2026-09-14T19:05:00Z,94.475,94.505,94.345,94.41
2026-09-14T19:05:00Z,2026-09-14T19:10:00Z,94.41,94.44,94.365,94.365
2026-09-14T19:10:00Z,2026-09-14T19:15:00Z,94.37,94.445,94.345,94.415
2026-09-14T19:15:00Z,2026-09-14T19:20:00Z,94.415,94.415,94.255,94.305
2026-09-14T19:20:00Z,2026-09-14T19:25:00Z,94.305,94.335,94.205,94.245
2026-09-14T19:25:00Z,2026-09-14T19:30:00Z,94.245,94.32,94.245,94.275
2026-09-14T19:30:00Z,2026-09-14T19:35:00Z,94.275,94.3,94.225,94.235
2026-09-14T19:35:00Z,2026-09-14T19:40:00Z,94.235,94.285,94.215,94.225
2026-09-14T19:40:00Z,2026-09-14T19:45:00Z,94.22,94.235,94.175,94.215
2026-09-14T19:45:00Z,2026-09-14T19:50:00Z,94.205,94.21,94.085,94.095
2026-09-14T19:50:00Z,2026-09-14T19:55:00Z,94.095,94.165,94.035,94.14
2026-09-14T19:55:00Z,2026-09-14T20:00:00Z,94.135,94.175,93.995,94.16
2026-09-15T13:30:00Z,2026-09-15T13:35:00Z,94.525,94.74,94.18,94.42
2026-09-15T13:35:00Z,2026-09-15T13:40:00Z,94.425,94.49,93.9,93.92
2026-09-15T13:40:00Z,2026-09-15T13:45:00Z,93.94,94.225,93.905,94.1
2026-09-15T13:45:00Z,2026-09-15T13:50:00Z,94.095,94.165,93.865,94.03
2026-09-15T13:50:00Z,2026-09-15T13:55:00Z,94.04,94.21,93.97,94.18
2026-09-15T13:55:00Z,2026-09-15T14:00:00Z,94.18,94.205,94.03,94.055
2026-09-15T14:00:00Z,2026-09-15T14:05:00Z,94.05,94.23,93.825,93.83
2026-09-15T14:05:00Z,2026-09-15T14:10:00Z,93.82,94.07,93.8,93.86
2026-09-15T14:10:00Z,2026-09-15T14:15:00Z,93.865,93.92,93.58,93.635
2026-09-15T14:15:00Z,2026-09-15T14:20:00Z,93.64,93.66,93.35,93.55
2026-09-15T14:20:00Z,2026-09-15T14:25:00Z,93.54,93.595,93.195,93.275
2026-09-15T14:25:00Z,2026-09-15T14:30:00Z,93.27,93.3,93.07,93.145
2026-09-15T14:30:00Z,2026-09-15T14:35:00Z,93.15,93.335,92.965,93.315
2026-09-15T14:35:00Z,2026-09-15T14:40:00Z,93.325,93.38,93.005,93.07
2026-09-15T14:40:00Z,2026-09-15T14:45:00Z,93.075,93.22,93.02,93.11
2026-09-15T14:45:00Z,2026-09-15T14:50:00Z,93.1,93.145,93.005,93.03
2026-09-15T14:50:00Z,2026-09-15T14:55:00Z,93.02,93.095,92.85,92.98
2026-09-15T14:55:00Z,2026-09-15T15:00:00Z,92.985,92.995,92.86,92.86
2026-09-15T15:00:00Z,2026-09-15T15:05:00Z,92.865,93.14,92.86,93.14
2026-09-15T15:05:00Z,2026-09-15T15:10:00Z,93.15,93.18,93.02,93.08
2026-09-15T15:10:00Z,2026-09-15T15:15:00Z,93.075,93.235,93.02,93.125
2026-09-15T15:15:00Z,2026-09-15T15:20:00Z,93.12,93.14,92.98,93.01
2026-09-15T15:20:00Z,2026-09-15T15:25:00Z,93.005,93.06,92.91,93.05
2026-09-15T15:25:00Z,2026-09-15T15:30:00Z,93.06,93.105,92.965,93.04
2026-09-15T15:30:00Z,2026-09-15T15:35:00Z,93.045,93.12,92.94,92.99
2026-09-15T15:35:00Z,2026-09-15T15:40:00Z,93,93.01,92.945,92.985
2026-09-15T15:40:00Z,2026-09-15T15:45:00Z,92.99,93.21,92.99,93.16
2026-09-15T15:45:00Z,2026-09-15T15:50:00Z,93.16,93.23,93.11,93.17
2026-09-15T15:50:00Z,2026-09-15T15:55:00Z,93.16,93.455,93.16,93.27
2026-09-15T15:55:00Z,2026-09-15T16:00:00Z,93.26,93.43,93.1,93.105
2026-09-15T16:00:00Z,2026-09-15T16:05:00Z,93.095,93.39,93.08,93.39
2026-09-15T16:05:00Z,2026-09-15T16:10:00Z,93.385,93.485,93.335,93.48
2026-09-15T16:10:00Z,2026-09-15T16:15:00Z,93.475,93.495,93.315,93.325
2026-09-15T16:15:00Z,2026-09-15T16:20:00Z,93.33,93.48,93.285,93.48
2026-09-15T16:20:00Z,2026-09-15T16:25:00Z,93.46,93.77,93.44,93.735
2026-09-15T16:25:00Z,2026-09-15T16:30:00Z,93.74,93.74,93.64,93.69
2026-09-15T16:30:00Z,2026-09-15T16:35:00Z,93.68,93.745,93.54,93.55
2026-09-15T16:35:00Z,2026-09-15T16:40:00Z,93.545,93.7,93.53,93.62
2026-09-15T16:40:00Z,2026-09-15T16:45:00Z,93.61,93.765,93.595,93.76
2026-09-15T16:45:00Z,2026-09-15T16:50:00Z,93.765,93.8,93.705,93.71
2026-09-15T16:50:00Z,2026-09-15T16:55:00Z,93.7,93.91,93.7,93.89
2026-09-15T16:55:00Z,2026-09-15T17:00:00Z,93.895,93.9,93.76,93.765
2026-09-15T17:00:00Z,2026-09-15T17:05:00Z,93.76,93.775,93.41,93.42
2026-09-15T17:05:00Z,2026-09-15T17:10:00Z,93.425,93.54,93.395,93.54
2026-09-15T17:10:00Z,2026-09-15T17:15:00Z,93.5,93.665,93.48,93.64
2026-09-15T17:15:00Z,2026-09-15T17:20:00Z,93.64,93.64,93.485,93.52
2026-09-15T17:20:00Z,2026-09-15T17:25:00Z,93.52,93.525,93.42,93.42
2026-09-15T17:25:00Z,2026-09-15T17:30:00Z,93.42,93.475,93.36,93.42
2026-09-15T17:30:00Z,2026-09-15T17:35:00Z,93.42,93.65,93.42,93.61
2026-09-15T17:35:00Z,2026-09-15T17:40:00Z,93.61,93.74,93.585,93.62
2026-09-15T17:40:00Z,2026-09-15T17:45:00Z,93.64,93.65,93.58,93.645
2026-09-15T17:45:00Z,2026-09-15T17:50:00Z,93.63,93.73,93.63,93.705
2026-09-15T17:50:00Z,2026-09-15T17:55:00Z,93.68,93.71,93.6,93.635
2026-09-15T17:55:00Z,2026-09-15T18:00:00Z,93.645,93.7,93.635,93.64
2026-09-15T18:00:00Z,2026-09-15T18:05:00Z,93.645,93.68,93.51,93.56
2026-09-15T18:05:00Z,2026-09-15T18:10:00Z,93.55,93.7,93.54,93.69
2026-09-15T18:10:00Z,2026-09-15T18:15:00Z,93.7,93.95,93.68,93.86
2026-09-15T18:15:00Z,2026-09-15T18:20:00Z,93.87,93.98,93.815,93.965
2026-09-15T18:20:00Z,2026-09-15T18:25:00Z,93.965,93.985,93.91,93.975
2026-09-15T18:25:00Z,2026-09-15T18:30:00Z,93.975,94.045,93.95,93.97
2026-09-15T18:30:00Z,2026-09-15T18:35:00Z,93.96,93.97,93.88,93.92
2026-09-15T18:35:00Z,2026-09-15T18:40:00Z,93.93,93.95,93.88,93.92
2026-09-15T18:40:00Z,2026-09-15T18:45:00Z,93.915,94.08,93.875,93.875
2026-09-15T18:45:00Z,2026-09-15T18:50:00Z,93.88,93.975,93.85,93.97
2026-09-15T18:50:00Z,2026-09-15T18:55:00Z,93.975,94.205,93.975,94.145
2026-09-15T18:55:00Z,2026-09-15T19:00:00Z,94.145,94.185,94.085,94.17
2026-09-15T19:00:00Z,2026-09-15T19:05:00Z,94.175,94.32,94.125,94.125
2026-09-15T19:05:00Z,2026-09-15T19:10:00Z,94.125,94.125,94.02,94.025
2026-09-15T19:10:00Z,2026-09-15T19:15:00Z,94.02,94.03,93.89,93.915
2026-09-15T19:15:00Z,2026-09-15T19:20:00Z,93.915,93.985,93.9,93.925
2026-09-15T19:20:00Z,2026-09-15T19:25:00Z,93.925,93.975,93.86,93.975
2026-09-15T19:25:00Z,2026-09-15T19:30:00Z,93.97,94.035,93.955,94.01
2026-09-15T19:30:00Z,2026-09-15T19:35:00Z,94.005,94.04,93.945,94.005
2026-09-15T19:35:00Z,2026-09-15T19:40:00Z,94.005,94.035,93.965,94.03
2026-09-15T19:40:00Z,2026-09-15T19:45:00Z,94.025,94.085,94.005,94.025
2026-09-15T19:45:00Z,2026-09-15T19:50:00Z,94.01,94.035,93.965,94.015
2026-09-15T19:50:00Z,2026-09-15T19:55:00Z,94.015,94.025,93.84,93.935
2026-09-15T19:55:00Z,2026-09-15T20:00:00Z,93.94,94.16,93.875,94.11
2026-09-16T13:30:00Z,2026-09-16T13:35:00Z,95.98,95.98,95.45,95.48
2026-09-16T13:35:00Z,2026-09-16T13:40:00Z,95.495,95.64,95.14,95.185
2026-09-16T13:40:00Z,2026-09-16T13:45:00Z,95.19,95.35,94.875,94.89
2026-09-16T13:45:00Z,2026-09-16T13:50:00Z,94.885,95.015,94.78,94.81
2026-09-16T13:50:00Z,2026-09-16T13:55:00Z,94.825,94.97,94.53,94.64
2026-09-16T13:55:00Z,2026-09-16T14:00:00Z,94.645,94.695,94.45,94.505
2026-09-16T14:00:00Z,2026-09-16T14:05:00Z,94.495,94.575,94.24,94.24
2026-09-16T14:05:00Z,2026-09-16T14:10:00Z,94.245,94.32,93.94,94.225
2026-09-16T14:10:00Z,2026-09-16T14:15:00Z,94.245,94.52,94.245,94.505
2026-09-16T14:15:00Z,2026-09-16T14:20:00Z,94.5,94.52,93.885,93.89
2026-09-16T14:20:00Z,2026-09-16T14:25:00Z,93.885,94.05,93.8,93.89
2026-09-16T14:25:00Z,2026-09-16T14:30:00Z,93.895,94.15,93.89,94.125
2026-09-16T14:30:00Z,2026-09-16T14:35:00Z,94.13,94.135,93.925,94.03
2026-09-16T14:35:00Z,2026-09-16T14:40:00Z,94.03,94.27,94.03,94.14
2026-09-16T14:40:00Z,2026-09-16T14:45:00Z,94.145,94.405,94.13,94.37
2026-09-16T14:45:00Z,2026-09-16T14:50:00Z,94.365,94.735,94.34,94.705
2026-09-16T14:50:00Z,2026-09-16T14:55:00Z,94.7,94.985,94.51,94.525
2026-09-16T14:55:00Z,2026-09-16T15:00:00Z,94.52,94.815,94.41,94.81
2026-09-16T15:00:00Z,2026-09-16T15:05:00Z,94.815,94.905,94.485,94.485
2026-09-16T15:05:00Z,2026-09-16T15:10:00Z,94.49,94.975,94.47,94.915
2026-09-16T15:10:00Z,2026-09-16T15:15:00Z,94.915,94.995,94.585,94.69
2026-09-16T15:15:00Z,2026-09-16T15:20:00Z,94.685,94.78,94.62,94.73
2026-09-16T15:20:00Z,2026-09-16T15:25:00Z,94.725,94.765,94.585,94.62
2026-09-16T15:25:00Z,2026-09-16T15:30:00Z,94.615,94.63,94.415,94.42
2026-09-16T15:30:00Z,2026-09-16T15:35:00Z,94.42,94.48,94.34,94.475
2026-09-16T15:35:00Z,2026-09-16T15:40:00Z,94.48,94.68,94.46,94.64
2026-09-16T15:40:00Z,2026-09-16T15:45:00Z,94.65,94.675,94.61,94.645
2026-09-16T15:45:00Z,2026-09-16T15:50:00Z,94.64,95.13,94.58,94.67
2026-09-16T15:50:00Z,2026-09-16T15:55:00Z,94.675,94.685,94.48,94.54
2026-09-16T15:55:00Z,2026-09-16T16:00:00Z,94.545,94.62,94.48,94.55
2026-09-16T16:00:00Z,2026-09-16T16:05:00Z,94.555,94.56,94.325,94.325
2026-09-16T16:05:00Z,2026-09-16T16:10:00Z,94.33,94.45,94.32,94.385
2026-09-16T16:10:00Z,2026-09-16T16:15:00Z,94.39,94.405,94.315,94.36
2026-09-16T16:15:00Z,2026-09-16T16:20:00Z,94.37,94.415,94.27,94.33
2026-09-16T16:20:00Z,2026-09-16T16:25:00Z,94.325,94.35,94.15,94.185
2026-09-16T16:25:00Z,2026-09-16T16:30:00Z,94.19,94.2,94.085,94.16
2026-09-16T16:30:00Z,2026-09-16T16:35:00Z,94.16,94.305,94.16,94.28
2026-09-16T16:35:00Z,2026-09-16T16:40:00Z,94.28,94.28,94.15,94.25
2026-09-16T16:40:00Z,2026-09-16T16:45:00Z,94.24,94.29,94.155,94.2
2026-09-16T16:45:00Z,2026-09-16T16:50:00Z,94.2,94.335,94.2,94.25
2026-09-16T16:50:00Z,2026-09-16T16:55:00Z,94.25,94.255,94.17,94.24
2026-09-16T16:55:00Z,2026-09-16T17:00:00Z,94.235,94.275,94.18,94.21
2026-09-16T17:00:00Z,2026-09-16T17:05:00Z,94.22,94.24,94.045,94.1
2026-09-16T17:05:00Z,2026-09-16T17:10:00Z,94.1,94.17,94.05,94.1
2026-09-16T17:10:00Z,2026-09-16T17:15:00Z,94.1,94.14,94.04,94.125
2026-09-16T17:15:00Z,2026-09-16T17:20:00Z,94.12,94.19,94.11,94.17
2026-09-16T17:20:00Z,2026-09-16T17:25:00Z,94.18,94.25,94.16,94.25
2026-09-16T17:25:00Z,2026-09-16T17:30:00Z,94.255,94.345,94.24,94.325
2026-09-16T17:30:00Z,2026-09-16T17:35:00Z,94.32,94.395,94.295,94.36
2026-09-16T17:35:00Z,2026-09-16T17:40:00Z,94.37,94.37,94.24,94.25
2026-09-16T17:40:00Z,2026-09-16T17:45:00Z,94.245,94.3,94.215,94.27
2026-09-16T17:45:00Z,2026-09-16T17:50:00Z,94.27,94.355,94.265,94.29
2026-09-16T17:50:00Z,2026-09-16T17:55:00Z,94.295,94.3,94.22,94.22
2026-09-16T17:55:00Z,2026-09-16T18:00:00Z,94.215,95.02,94.215,94.645
2026-09-16T18:00:00Z,2026-09-16T18:05:00Z,94.635,95.045,92.795,93.4
2026-09-16T18:05:00Z,2026-09-16T18:10:00Z,93.39,94.17,93.39,93.82
2026-09-16T18:10:00Z,2026-09-16T18:15:00Z,93.825,93.985,92.985,93.12
2026-09-16T18:15:00Z,2026-09-16T18:20:00Z,93.11,93.36,92.82,93.315
2026-09-16T18:20:00Z,2026-09-16T18:25:00Z,93.315,93.5,93.155,93.19
2026-09-16T18:25:00Z,2026-09-16T18:30:00Z,93.195,93.46,93.09,93.45
2026-09-16T18:30:00Z,2026-09-16T18:35:00Z,93.44,93.485,92.235,92.41
2026-09-16T18:35:00Z,2026-09-16T18:40:00Z,92.415,92.93,91.825,92.8
2026-09-16T18:40:00Z,2026-09-16T18:45:00Z,92.805,93.78,92.72,93.285
2026-09-16T18:45:00Z,2026-09-16T18:50:00Z,93.28,93.625,93.035,93.155
2026-09-16T18:50:00Z,2026-09-16T18:55:00Z,93.16,93.26,92.23,92.265
2026-09-16T18:55:00Z,2026-09-16T19:00:00Z,92.27,92.535,92.105,92.19
2026-09-16T19:00:00Z,2026-09-16T19:05:00Z,92.18,92.99,92.175,92.525
2026-09-16T19:05:00Z,2026-09-16T19:10:00Z,92.53,92.74,91.82,91.86
2026-09-16T19:10:00Z,2026-09-16T19:15:00Z,91.855,91.87,91.385,91.835
2026-09-16T19:15:00Z,2026-09-16T19:20:00Z,91.84,91.99,91.37,91.59
2026-09-16T19:20:00Z,2026-09-16T19:25:00Z,91.58,91.7,91.345,91.5
2026-09-16T19:25:00Z,2026-09-16T19:30:00Z,91.505,91.67,91.185,91.6
2026-09-16T19:30:00Z,2026-09-16T19:35:00Z,91.605,92.195,91.585,92.195
2026-09-16T19:35:00Z,2026-09-16T19:40:00Z,92.19,92.25,91.84,91.985
2026-09-16T19:40:00Z,2026-09-16T19:45:00Z,91.985,92.13,91.925,92.01
2026-09-16T19:45:00Z,2026-09-16T19:50:00Z,91.99,92.325,91.98,92.295
2026-09-16T19:50:00Z,2026-09-16T19:55:00Z,92.29,92.665,92.26,92.645
2026-09-16T19:55:00Z,2026-09-16T20:00:00Z,92.64,92.82,92.545,92.795
2026-09-17T13:30:00Z,2026-09-17T13:35:00Z,95.805,95.92,95.215,95.49
2026-09-17T13:35:00Z,2026-09-17T13:40:00Z,95.48,95.68,94.83,94.83
2026-09-17T13:40:00Z,2026-09-17T13:45:00Z,94.84,94.88,94.435,94.695
2026-09-17T13:45:00Z,2026-09-17T13:50:00Z,94.71,95.545,94.555,95.47
2026-09-17T13:50:00Z,2026-09-17T13:55:00Z,95.465,95.81,95.45,95.58
2026-09-17T13:55:00Z,2026-09-17T14:00:00Z,95.585,95.86,95.565,95.8
2026-09-17T14:00:00Z,2026-09-17T14:05:00Z,95.79,95.97,95.61,95.92
2026-09-17T14:05:00Z,2026-09-17T14:10:00Z,95.89,96.59,95.82,96.525
2026-09-17T14:10:00Z,2026-09-17T14:15:00Z,96.53,96.55,96.275,96.41
2026-09-17T14:15:00Z,2026-09-17T14:20:00Z,96.405,96.535,96.21,96.4
2026-09-17T14:20:00Z,2026-09-17T14:25:00Z,96.42,96.53,96.21,96.465
2026-09-17T14:25:00Z,2026-09-17T14:30:00Z,96.46,96.68,96.425,96.52
2026-09-17T14:30:00Z,2026-09-17T14:35:00Z,96.52,96.63,96.315,96.505
2026-09-17T14:35:00Z,2026-09-17T14:40:00Z,96.51,96.545,96.055,96.06
2026-09-17T14:40:00Z,2026-09-17T14:45:00Z,96.07,96.22,95.955,96.095
2026-09-17T14:45:00Z,2026-09-17T14:50:00Z,96.105,96.19,95.96,96.09
2026-09-17T14:50:00Z,2026-09-17T14:55:00Z,96.08,96.175,95.78,95.9
2026-09-17T14:55:00Z,2026-09-17T15:00:00Z,95.89,95.89,95.63,95.785
2026-09-17T15:00:00Z,2026-09-17T15:05:00Z,95.79,95.87,95.67,95.775
2026-09-17T15:05:00Z,2026-09-17T15:10:00Z,95.78,95.86,95.67,95.82
2026-09-17T15:10:00Z,2026-09-17T15:15:00Z,95.805,96.12,95.68,96.11
2026-09-17T15:15:00Z,2026-09-17T15:20:00Z,96.09,96.23,96.045,96.12
2026-09-17T15:20:00Z,2026-09-17T15:25:00Z,96.13,96.135,95.82,95.83
2026-09-17T15:25:00Z,2026-09-17T15:30:00Z,95.83,96.025,95.775,95.97
2026-09-17T15:30:00Z,2026-09-17T15:35:00Z,95.975,96.01,95.89,95.985
2026-09-17T15:35:00Z,2026-09-17T15:40:00Z,95.99,96,95.82,95.865
2026-09-17T15:40:00Z,2026-09-17T15:45:00Z,95.865,96.09,95.84,96.045
2026-09-17T15:45:00Z,2026-09-17T15:50:00Z,96.05,96.165,96.01,96.095
2026-09-17T15:50:00Z,2026-09-17T15:55:00Z,96.105,96.195,96.01,96.195
2026-09-17T15:55:00Z,2026-09-17T16:00:00Z,96.19,96.35,96.14,96.335
2026-09-17T16:00:00Z,2026-09-17T16:05:00Z,96.33,96.47,96.28,96.28
2026-09-17T16:05:00Z,2026-09-17T16:10:00Z,96.29,96.31,96.08,96.155
2026-09-17T16:10:00Z,2026-09-17T16:15:00Z,96.16,96.165,95.945,96.015
2026-09-17T16:15:00Z,2026-09-17T16:20:00Z,96.015,96.02,95.885,95.96
2026-09-17T16:20:00Z,2026-09-17T16:25:00Z,95.96,95.965,95.87,95.88
2026-09-17T16:25:00Z,2026-09-17T16:30:00Z,95.885,95.9,95.645,95.69
2026-09-17T16:30:00Z,2026-09-17T16:35:00Z,95.685,95.685,95.4,95.475
2026-09-17T16:35:00Z,2026-09-17T16:40:00Z,95.49,95.63,95.48,95.615
2026-09-17T16:40:00Z,2026-09-17T16:45:00Z,95.605,95.655,95.58,95.64
2026-09-17T16:45:00Z,2026-09-17T16:50:00Z,95.645,95.765,95.63,95.635
2026-09-17T16:50:00Z,2026-09-17T16:55:00Z,95.635,95.635,95.515,95.62
2026-09-17T16:55:00Z,2026-09-17T17:00:00Z,95.615,95.65,95.41,95.65
2026-09-17T17:00:00Z,2026-09-17T17:05:00Z,95.645,95.83,95.605,95.82
2026-09-17T17:05:00Z,2026-09-17T17:10:00Z,95.82,95.97,95.805,95.92
2026-09-17T17:10:00Z,2026-09-17T17:15:00Z,95.92,95.94,95.845,95.875
2026-09-17T17:15:00Z,2026-09-17T17:20:00Z,95.875,95.885,95.73,95.79
2026-09-17T17:20:00Z,2026-09-17T17:25:00Z,95.785,95.865,95.755,95.82
2026-09-17T17:25:00Z,2026-09-17T17:30:00Z,95.84,95.93,95.82,95.88
2026-09-17T17:30:00Z,2026-09-17T17:35:00Z,95.875,95.93,95.82,95.86
2026-09-17T17:35:00Z,2026-09-17T17:40:00Z,95.86,95.945,95.82,95.86
2026-09-17T17:40:00Z,2026-09-17T17:45:00Z,95.865,95.935,95.84,95.89
2026-09-17T17:45:00Z,2026-09-17T17:50:00Z,95.895,95.92,95.77,95.78
2026-09-17T17:50:00Z,2026-09-17T17:55:00Z,95.77,95.9,95.77,95.83
2026-09-17T17:55:00Z,2026-09-17T18:00:00Z,95.83,95.945,95.83,95.93
2026-09-17T18:00:00Z,2026-09-17T18:05:00Z,95.935,95.985,95.845,95.955
2026-09-17T18:05:00Z,2026-09-17T18:10:00Z,95.97,96.05,95.96,95.965
2026-09-17T18:10:00Z,2026-09-17T18:15:00Z,95.965,96.095,95.925,96.055
2026-09-17T18:15:00Z,2026-09-17T18:20:00Z,96.05,96.085,95.975,96.03
2026-09-17T18:20:00Z,2026-09-17T18:25:00Z,96.035,96.035,95.91,95.98
2026-09-17T18:25:00Z,2026-09-17T18:30:00Z,95.99,96.025,95.915,95.935
2026-09-17T18:30:00Z,2026-09-17T18:35:00Z,95.935,95.97,95.775,95.795
2026-09-17T18:35:00Z,2026-09-17T18:40:00Z,95.795,95.83,95.75,95.77
2026-09-17T18:40:00Z,2026-09-17T18:45:00Z,95.765,95.8,95.68,95.775
2026-09-17T18:45:00Z,2026-09-17T18:50:00Z,95.78,95.79,95.695,95.755
2026-09-17T18:50:00Z,2026-09-17T18:55:00Z,95.755,95.76,95.66,95.695
2026-09-17T18:55:00Z,2026-09-17T19:00:00Z,95.695,95.735,95.66,95.73
2026-09-17T19:00:00Z,2026-09-17T19:05:00Z,95.735,95.95,95.73,95.86
2026-09-17T19:05:00Z,2026-09-17T19:10:00Z,95.865,95.955,95.855,95.93
2026-09-17T19:10:00Z,2026-09-17T19:15:00Z,95.925,95.935,95.85,95.91
2026-09-17T19:15:00Z,2026-09-17T19:20:00Z,95.905,95.91,95.74,95.84
2026-09-17T19:20:00Z,2026-09-17T19:25:00Z,95.84,95.84,95.72,95.725
2026-09-17T19:25:00Z,2026-09-17T19:30:00Z,95.725,95.745,95.48,95.495
2026-09-17T19:30:00Z,2026-09-17T19:35:00Z,95.5,95.605,95.465,95.56
2026-09-17T19:35:00Z,2026-09-17T19:40:00Z,95.56,95.665,95.555,95.66
2026-09-17T19:40:00Z,2026-09-17T19:45:00Z,95.655,95.745,95.605,95.735
2026-09-17T19:45:00Z,2026-09-17T19:50:00Z,95.725,95.91,95.715,95.84
2026-09-17T19:50:00Z,2026-09-17T19:55:00Z,95.835,96.085,95.835,96.045
2026-09-17T19:55:00Z,2026-09-17T20:00:00Z,96.055,96.155,95.895,95.925
2026-09-18T13:30:00Z,2026-09-18T13:35:00Z,96.23,96.245,95.165,95.29
2026-09-18T13:35:00Z,2026-09-18T13:40:00Z,95.285,95.39,94.885,95.155
2026-09-18T13:40:00Z,2026-09-18T13:45:00Z,95.135,95.46,94.92,95.22
2026-09-18T13:45:00Z,2026-09-18T13:50:00Z,95.23,95.44,95.21,95.325
2026-09-18T13:50:00Z,2026-09-18T13:55:00Z,95.32,95.32,94.98,95.04
2026-09-18T13:55:00Z,2026-09-18T14:00:00Z,95.035,95.105,94.865,94.985
2026-09-18T14:00:00Z,2026-09-18T14:05:00Z,94.975,95.15,94.89,95.145
2026-09-18T14:05:00Z,2026-09-18T14:10:00Z,95.14,95.14,94.735,94.785
2026-09-18T14:10:00Z,2026-09-18T14:15:00Z,94.785,95.065,94.785,94.955
2026-09-18T14:15:00Z,2026-09-18T14:20:00Z,94.96,95.07,94.645,94.655
2026-09-18T14:20:00Z,2026-09-18T14:25:00Z,94.655,94.835,94.44,94.745
2026-09-18T14:25:00Z,2026-09-18T14:30:00Z,94.745,94.78,94.465,94.47
2026-09-18T14:30:00Z,2026-09-18T14:35:00Z,94.475,94.725,94.435,94.535
2026-09-18T14:35:00Z,2026-09-18T14:40:00Z,94.54,94.965,94.405,94.94
2026-09-18T14:40:00Z,2026-09-18T14:45:00Z,94.935,94.935,94.705,94.735
2026-09-18T14:45:00Z,2026-09-18T14:50:00Z,94.745,94.965,94.675,94.855
2026-09-18T14:50:00Z,2026-09-18T14:55:00Z,94.85,95.035,94.765,94.78
2026-09-18T14:55:00Z,2026-09-18T15:00:00Z,94.77,94.82,94.37,94.445
2026-09-18T15:00:00Z,2026-09-18T15:05:00Z,94.44,94.56,94.395,94.5
2026-09-18T15:05:00Z,2026-09-18T15:10:00Z,94.495,94.59,94.255,94.26
2026-09-18T15:10:00Z,2026-09-18T15:15:00Z,94.265,94.47,94.22,94.455
2026-09-18T15:15:00Z,2026-09-18T15:20:00Z,94.45,94.61,94.385,94.605
2026-09-18T15:20:00Z,2026-09-18T15:25:00Z,94.6,94.6,94.31,94.385
2026-09-18T15:25:00Z,2026-09-18T15:30:00Z,94.38,94.62,94.375,94.585
2026-09-18T15:30:00Z,2026-09-18T15:35:00Z,94.58,94.885,94.565,94.88
2026-09-18T15:35:00Z,2026-09-18T15:40:00Z,94.885,94.9,94.565,94.57
2026-09-18T15:40:00Z,2026-09-18T15:45:00Z,94.565,94.75,94.5,94.715
2026-09-18T15:45:00Z,2026-09-18T15:50:00Z,94.72,94.855,94.72,94.8
2026-09-18T15:50:00Z,2026-09-18T15:55:00Z,94.8,94.855,94.71,94.77
2026-09-18T15:55:00Z,2026-09-18T16:00:00Z,94.775,94.91,94.765,94.905
2026-09-18T16:00:00Z,2026-09-18T16:05:00Z,94.91,94.955,94.82,94.875
2026-09-18T16:05:00Z,2026-09-18T16:10:00Z,94.88,94.97,94.8,94.86
2026-09-18T16:10:00Z,2026-09-18T16:15:00Z,94.87,94.98,94.76,94.82
2026-09-18T16:15:00Z,2026-09-18T16:20:00Z,94.82,94.91,94.765,94.9
2026-09-18T16:20:00Z,2026-09-18T16:25:00Z,94.905,95.025,94.89,95.01
2026-09-18T16:25:00Z,2026-09-18T16:30:00Z,95.01,95.39,94.94,95.345
2026-09-18T16:30:00Z,2026-09-18T16:35:00Z,95.335,95.545,95.19,95.455
2026-09-18T16:35:00Z,2026-09-18T16:40:00Z,95.45,95.505,95.355,95.42
2026-09-18T16:40:00Z,2026-09-18T16:45:00Z,95.425,95.46,95.23,95.3
2026-09-18T16:45:00Z,2026-09-18T16:50:00Z,95.31,95.42,95.24,95.375
2026-09-18T16:50:00Z,2026-09-18T16:55:00Z,95.37,95.48,95.34,95.48
2026-09-18T16:55:00Z,2026-09-18T17:00:00Z,95.485,95.49,95.425,95.475
2026-09-18T17:00:00Z,2026-09-18T17:05:00Z,95.475,95.59,95.38,95.45
2026-09-18T17:05:00Z,2026-09-18T17:10:00Z,95.445,95.565,95.4,95.565
2026-09-18T17:10:00Z,2026-09-18T17:15:00Z,95.58,95.58,95.465,95.49
2026-09-18T17:15:00Z,2026-09-18T17:20:00Z,95.48,95.52,95.43,95.45
2026-09-18T17:20:00Z,2026-09-18T17:25:00Z,95.455,95.47,95.385,95.44
2026-09-18T17:25:00Z,2026-09-18T17:30:00Z,95.435,95.525,95.41,95.5
2026-09-18T17:30:00Z,2026-09-18T17:35:00Z,95.495,95.67,95.465,95.67
2026-09-18T17:35:00Z,2026-09-18T17:40:00Z,95.66,95.8,95.65,95.7
2026-09-18T17:40:00Z,2026-09-18T17:45:00Z,95.7,95.85,95.64,95.8
2026-09-18T17:45:00Z,2026-09-18T17:50:00Z,95.8,95.805,95.69,95.69
2026-09-18T17:50:00Z,2026-09-18T17:55:00Z,95.685,95.76,95.67,95.695
2026-09-18T17:55:00Z,2026-09-18T18:00:00Z,95.695,95.76,95.67,95.71
2026-09-18T18:00:00Z,2026-09-18T18:05:00Z,95.705,95.74,95.66,95.665
2026-09-18T18:05:00Z,2026-09-18T18:10:00Z,95.665,95.77,95.64,95.71
2026-09-18T18:10:00Z,2026-09-18T18:15:00Z,95.715,95.78,95.635,95.72
2026-09-18T18:15:00Z,2026-09-18T18:20:00Z,95.725,95.73,95.545,95.63
2026-09-18T18:20:00Z,2026-09-18T18:25:00Z,95.63,95.64,95.475,95.495
2026-09-18T18:25:00Z,2026-09-18T18:30:00Z,95.5,95.555,95.46,95.55
2026-09-18T18:30:00Z,2026-09-18T18:35:00Z,95.555,95.555,95.41,95.48
2026-09-18T18:35:00Z,2026-09-18T18:40:00Z,95.485,95.485,95.405,95.42
2026-09-18T18:40:00Z,2026-09-18T18:45:00Z,95.415,95.42,95.32,95.33
2026-09-18T18:45:00Z,2026-09-18T18:50:00Z,95.335,95.4,95.3,95.34
2026-09-18T18:50:00Z,2026-09-18T18:55:00Z,95.35,95.385,95.315,95.315
2026-09-18T18:55:00Z,2026-09-18T19:00:00Z,95.32,95.38,95.305,95.355
2026-09-18T19:00:00Z,2026-09-18T19:05:00Z,95.36,95.39,95.25,95.34
2026-09-18T19:05:00Z,2026-09-18T19:10:00Z,95.34,95.44,95.335,95.41
2026-09-18T19:10:00Z,2026-09-18T19:15:00Z,95.405,95.435,95.36,95.415
2026-09-18T19:15:00Z,2026-09-18T19:20:00Z,95.42,95.43,95.27,95.285
2026-09-18T19:20:00Z,2026-09-18T19:25:00Z,95.285,95.34,95.245,95.325
2026-09-18T19:25:00Z,2026-09-18T19:30:00Z,95.325,95.335,95.255,95.315
2026-09-18T19:30:00Z,2026-09-18T19:35:00Z,95.305,95.345,95.29,95.315
2026-09-18T19:35:00Z,2026-09-18T19:40:00Z,95.31,95.355,95.24,95.345
2026-09-18T19:40:00Z,2026-09-18T19:45:00Z,95.355,95.485,95.33,95.465
2026-09-18T19:45:00Z,2026-09-18T19:50:00Z,95.47,95.62,95.36,95.61
2026-09-18T19:50:00Z,2026-09-18T19:55:00Z,95.625,95.635,95.315,95.335
2026-09-18T19:55:00Z,2026-09-18T20:00:00Z,95.34,95.615,95.3,95.495
2026-09-21T13:30:00Z,2026-09-21T13:35:00Z,95.92,95.94,94.915,94.935
2026-09-21T13:35:00Z,2026-09-21T13:40:00Z,94.925,95.155,94.845,95.055
2026-09-21T13:40:00Z,2026-09-21T13:45:00Z,95.05,95.09,94.72,95.015
2026-09-21T13:45:00Z,2026-09-21T13:50:00Z,95.01,95.035,94.735,94.92
2026-09-21T13:50:00Z,2026-09-21T13:55:00Z,94.93,94.93,94.59,94.59
2026-09-21T13:55:00Z,2026-09-21T14:00:00Z,94.61,94.855,94.54,94.68
2026-09-21T14:00:00Z,2026-09-21T14:05:00Z,94.69,94.72,93.85,93.905
2026-09-21T14:05:00Z,2026-09-21T14:10:00Z,93.895,94.22,93.7,94.21
2026-09-21T14:10:00Z,2026-09-21T14:15:00Z,94.215,94.37,94.12,94.26
2026-09-21T14:15:00Z,2026-09-21T14:20:00Z,94.255,94.375,94.135,94.2
2026-09-21T14:20:00Z,2026-09-21T14:25:00Z,94.205,94.42,94.13,94.355
2026-09-21T14:25:00Z,2026-09-21T14:30:00Z,94.335,94.54,94.2,94.49
2026-09-21T14:30:00Z,2026-09-21T14:35:00Z,94.495,94.58,94.195,94.225
2026-09-21T14:35:00Z,2026-09-21T14:40:00Z,94.23,94.315,93.935,93.94
2026-09-21T14:40:00Z,2026-09-21T14:45:00Z,93.935,94.205,93.905,93.915
2026-09-21T14:45:00Z,2026-09-21T14:50:00Z,93.92,94.14,93.915,93.98
2026-09-21T14:50:00Z,2026-09-21T14:55:00Z,93.985,94.24,93.925,94.21
2026-09-21T14:55:00Z,2026-09-21T15:00:00Z,94.215,94.22,93.88,93.92
2026-09-21T15:00:00Z,2026-09-21T15:05:00Z,93.93,94.435,93.92,94.435
2026-09-21T15:05:00Z,2026-09-21T15:10:00Z,94.43,94.52,94.345,94.52
2026-09-21T15:10:00Z,2026-09-21T15:15:00Z,94.525,94.535,94.27,94.29
2026-09-21T15:15:00Z,2026-09-21T15:20:00Z,94.295,94.45,94.215,94.23
2026-09-21T15:20:00Z,2026-09-21T15:25:00Z,94.23,94.34,94.1,94.335
2026-09-21T15:25:00Z,2026-09-21T15:30:00Z,94.345,94.415,94.265,94.27
2026-09-21T15:30:00Z,2026-09-21T15:35:00Z,94.28,94.465,94.25,94.435
2026-09-21T15:35:00Z,2026-09-21T15:40:00Z,94.44,94.5,94.27,94.27
2026-09-21T15:40:00Z,2026-09-21T15:45:00Z,94.275,94.315,94.165,94.26
2026-09-21T15:45:00Z,2026-09-21T15:50:00Z,94.25,94.37,94.24,94.34
2026-09-21T15:50:00Z,2026-09-21T15:55:00Z,94.36,94.59,94.29,94.37
2026-09-21T15:55:00Z,2026-09-21T16:00:00Z,94.365,94.41,94.18,94.28
2026-09-21T16:00:00Z,2026-09-21T16:05:00Z,94.27,94.34,94.16,94.315
2026-09-21T16:05:00Z,2026-09-21T16:10:00Z,94.315,94.455,94.195,94.405
2026-09-21T16:10:00Z,2026-09-21T16:15:00Z,94.41,94.425,94.235,94.34
2026-09-21T16:15:00Z,2026-09-21T16:20:00Z,94.35,94.57,94.345,94.54
2026-09-21T16:20:00Z,2026-09-21T16:25:00Z,94.535,94.545,94.2,94.22
2026-09-21T16:25:00Z,2026-09-21T16:30:00Z,94.225,94.23,94.1,94.16
2026-09-21T16:30:00Z,2026-09-21T16:35:00Z,94.16,94.18,94.11,94.13
2026-09-21T16:35:00Z,2026-09-21T16:40:00Z,94.13,94.17,94.05,94.065
2026-09-21T16:40:00Z,2026-09-21T16:45:00Z,94.06,94.11,93.97,94.015
2026-09-21T16:45:00Z,2026-09-21T16:50:00Z,94.02,94.085,93.985,94.03
2026-09-21T16:50:00Z,2026-09-21T16:55:00Z,94.03,94.06,93.875,93.92
2026-09-21T16:55:00Z,2026-09-21T17:00:00Z,93.91,93.99,93.9,93.905
2026-09-21T17:00:00Z,2026-09-21T17:05:00Z,93.92,93.96,93.875,93.925
2026-09-21T17:05:00Z,2026-09-21T17:10:00Z,93.925,93.965,93.92,93.965
2026-09-21T17:10:00Z,2026-09-21T17:15:00Z,93.965,94.095,93.965,94.07
2026-09-21T17:15:00Z,2026-09-21T17:20:00Z,94.08,94.09,94.005,94.04
2026-09-21T17:20:00Z,2026-09-21T17:25:00Z,94.04,94.115,94.02,94.045
2026-09-21T17:25:00Z,2026-09-21T17:30:00Z,94.05,94.13,94.02,94.11
2026-09-21T17:30:00Z,2026-09-21T17:35:00Z,94.115,94.14,94.005,94.05
2026-09-21T17:35:00Z,2026-09-21T17:40:00Z,94.045,94.13,94.035,94.085
2026-09-21T17:40:00Z,2026-09-21T17:45:00Z,94.085,94.24,94.06,94.095
2026-09-21T17:45:00Z,2026-09-21T17:50:00Z,94.095,94.23,94.07,94.21
2026-09-21T17:50:00Z,2026-09-21T17:55:00Z,94.205,94.24,94.15,94.165
2026-09-21T17:55:00Z,2026-09-21T18:00:00Z,94.16,94.2,94.11,94.15
2026-09-21T18:00:00Z,2026-09-21T18:05:00Z,94.155,94.265,94.13,94.25
2026-09-21T18:05:00Z,2026-09-21T18:10:00Z,94.25,94.375,94.24,94.335
2026-09-21T18:10:00Z,2026-09-21T18:15:00Z,94.335,94.42,94.285,94.415
2026-09-21T18:15:00Z,2026-09-21T18:20:00Z,94.415,94.58,94.415,94.565
2026-09-21T18:20:00Z,2026-09-21T18:25:00Z,94.57,94.615,94.46,94.475
2026-09-21T18:25:00Z,2026-09-21T18:30:00Z,94.475,94.52,94.415,94.515
2026-09-21T18:30:00Z,2026-09-21T18:35:00Z,94.525,94.66,94.515,94.585
2026-09-21T18:35:00Z,2026-09-21T18:40:00Z,94.585,94.605,94.45,94.53
2026-09-21T18:40:00Z,2026-09-21T18:45:00Z,94.53,94.625,94.51,94.615
2026-09-21T18:45:00Z,2026-09-21T18:50:00Z,94.61,94.64,94.585,94.595
2026-09-21T18:50:00Z,2026-09-21T18:55:00Z,94.61,94.62,94.55,94.56
2026-09-21T18:55:00Z,2026-09-21T19:00:00Z,94.56,94.585,94.505,94.515
2026-09-21T19:00:00Z,2026-09-21T19:05:00Z,94.525,94.535,94.405,94.46
2026-09-21T19:05:00Z,2026-09-21T19:10:00Z,94.465,94.52,94.445,94.51
2026-09-21T19:10:00Z,2026-09-21T19:15:00Z,94.515,94.585,94.495,94.525
2026-09-21T19:15:00Z,2026-09-21T19:20:00Z,94.525,94.565,94.5,94.52
2026-09-21T19:20:00Z,2026-09-21T19:25:00Z,94.525,94.56,94.42,94.425
2026-09-21T19:25:00Z,2026-09-21T19:30:00Z,94.425,94.525,94.39,94.47
2026-09-21T19:30:00Z,2026-09-21T19:35:00Z,94.465,94.67,94.465,94.64
2026-09-21T19:35:00Z,2026-09-21T19:40:00Z,94.645,94.765,94.615,94.765
2026-09-21T19:40:00Z,2026-09-21T19:45:00Z,94.76,94.785,94.63,94.655
2026-09-21T19:45:00Z,2026-09-21T19:50:00Z,94.65,94.7,94.475,94.475
2026-09-21T19:50:00Z,2026-09-21T19:55:00Z,94.46,94.55,94.415,94.515
2026-09-21T19:55:00Z,2026-09-21T20:00:00Z,94.505,94.645,94.38,94.42
2026-09-22T13:30:00Z,2026-09-22T13:35:00Z,94.64,95.335,94.5,95.205
2026-09-22T13:35:00Z,2026-09-22T13:40:00Z,95.21,95.565,95.075,95.325
2026-09-22T13:40:00Z,2026-09-22T13:45:00Z,95.315,96.01,95.175,95.975
2026-09-22T13:45:00Z,2026-09-22T13:50:00Z,96.01,96.315,95.745,96.225
2026-09-22T13:50:00Z,2026-09-22T13:55:00Z,96.215,96.225,95.805,95.885
2026-09-22T13:55:00Z,2026-09-22T14:00:00Z,95.88,95.88,95.665,95.695
2026-09-22T14:00:00Z,2026-09-22T14:05:00Z,95.705,95.785,95.16,95.165
2026-09-22T14:05:00Z,2026-09-22T14:10:00Z,95.17,95.45,95.09,95.375
2026-09-22T14:10:00Z,2026-09-22T14:15:00Z,95.37,95.805,95.35,95.675
2026-09-22T14:15:00Z,2026-09-22T14:20:00Z,95.675,95.71,95.29,95.5
2026-09-22T14:20:00Z,2026-09-22T14:25:00Z,95.495,95.675,95.395,95.59
2026-09-22T14:25:00Z,2026-09-22T14:30:00Z,95.6,95.615,95.29,95.395
2026-09-22T14:30:00Z,2026-09-22T14:35:00Z,95.4,95.45,95.145,95.175
2026-09-22T14:35:00Z,2026-09-22T14:40:00Z,95.17,95.52,95.065,95.085
2026-09-22T14:40:00Z,2026-09-22T14:45:00Z,95.08,95.09,94.68,94.89
2026-09-22T14:45:00Z,2026-09-22T14:50:00Z,94.88,95.135,94.815,95.11
2026-09-22T14:50:00Z,2026-09-22T14:55:00Z,95.115,95.4,95.04,95.355
2026-09-22T14:55:00Z,2026-09-22T15:00:00Z,95.35,95.475,95.345,95.355
2026-09-22T15:00:00Z,2026-09-22T15:05:00Z,95.36,95.54,95.265,95.44
2026-09-22T15:05:00Z,2026-09-22T15:10:00Z,95.435,95.775,95.355,95.61
2026-09-22T15:10:00Z,2026-09-22T15:15:00Z,95.605,95.8,95.535,95.735
2026-09-22T15:15:00Z,2026-09-22T15:20:00Z,95.75,95.895,95.72,95.73
2026-09-22T15:20:00Z,2026-09-22T15:25:00Z,95.74,95.985,95.69,95.94
2026-09-22T15:25:00Z,2026-09-22T15:30:00Z,95.95,95.955,95.735,95.74
2026-09-22T15:30:00Z,2026-09-22T15:35:00Z,95.735,95.775,95.565,95.635
2026-09-22T15:35:00Z,2026-09-22T15:40:00Z,95.625,95.705,95.6,95.68
2026-09-22T15:40:00Z,2026-09-22T15:45:00Z,95.675,95.675,95.585,95.6
2026-09-22T15:45:00Z,2026-09-22T15:50:00Z,95.595,95.6,95.485,95.56
2026-09-22T15:50:00Z,2026-09-22T15:55:00Z,95.565,95.64,95.56,95.61
2026-09-22T15:55:00Z,2026-09-22T16:00:00Z,95.605,95.765,95.585,95.755
2026-09-22T16:00:00Z,2026-09-22T16:05:00Z,95.74,95.82,95.615,95.64
2026-09-22T16:05:00Z,2026-09-22T16:10:00Z,95.63,95.725,95.52,95.52
2026-09-22T16:10:00Z,2026-09-22T16:15:00Z,95.525,95.625,95.47,95.61
2026-09-22T16:15:00Z,2026-09-22T16:20:00Z,95.595,95.71,95.585,95.68
2026-09-22T16:20:00Z,2026-09-22T16:25:00Z,95.69,95.7,95.5,95.55
2026-09-22T16:25:00Z,2026-09-22T16:30:00Z,95.55,95.675,95.55,95.65
2026-09-22T16:30:00Z,2026-09-22T16:35:00Z,95.655,95.79,95.635,95.78
2026-09-22T16:35:00Z,2026-09-22T16:40:00Z,95.77,95.88,95.735,95.87
2026-09-22T16:40:00Z,2026-09-22T16:45:00Z,95.88,95.96,95.835,95.96
2026-09-22T16:45:00Z,2026-09-22T16:50:00Z,95.96,96.37,95.95,96.31
2026-09-22T16:50:00Z,2026-09-22T16:55:00Z,96.315,96.37,96.185,96.245
2026-09-22T16:55:00Z,2026-09-22T17:00:00Z,96.245,96.34,96.205,96.3
2026-09-22T17:00:00Z,2026-09-22T17:05:00Z,96.295,96.315,96.16,96.27
2026-09-22T17:05:00Z,2026-09-22T17:10:00Z,96.275,96.375,96.22,96.23
2026-09-22T17:10:00Z,2026-09-22T17:15:00Z,96.235,96.32,96.19,96.255
2026-09-22T17:15:00Z,2026-09-22T17:20:00Z,96.255,96.35,96.225,96.225
2026-09-22T17:20:00Z,2026-09-22T17:25:00Z,96.225,96.27,96.06,96.07
2026-09-22T17:25:00Z,2026-09-22T17:30:00Z,96.07,96.23,96.045,96.225
2026-09-22T17:30:00Z,2026-09-22T17:35:00Z,96.23,96.23,96.12,96.2
2026-09-22T17:35:00Z,2026-09-22T17:40:00Z,96.2,96.22,96.12,96.135
2026-09-22T17:40:00Z,2026-09-22T17:45:00Z,96.13,96.26,96.13,96.24
2026-09-22T17:45:00Z,2026-09-22T17:50:00Z,96.25,96.34,96.23,96.33
2026-09-22T17:50:00Z,2026-09-22T17:55:00Z,96.33,97.08,96.31,96.97
2026-09-22T17:55:00Z,2026-09-22T18:00:00Z,96.98,97.255,96.93,97.17
2026-09-22T18:00:00Z,2026-09-22T18:05:00Z,97.15,97.31,96.95,97.285
2026-09-22T18:05:00Z,2026-09-22T18:10:00Z,97.28,97.55,97.235,97.41
2026-09-22T18:10:00Z,2026-09-22T18:15:00Z,97.42,97.42,97.23,97.33
2026-09-22T18:15:00Z,2026-09-22T18:20:00Z,97.325,97.51,97.3,97.4
2026-09-22T18:20:00Z,2026-09-22T18:25:00Z,97.38,97.55,97.32,97.34
2026-09-22T18:25:00Z,2026-09-22T18:30:00Z,97.33,97.405,97.235,97.375
2026-09-22T18:30:00Z,2026-09-22T18:35:00Z,97.37,97.385,97.165,97.185
2026-09-22T18:35:00Z,2026-09-22T18:40:00Z,97.195,97.205,97.01,97.025
2026-09-22T18:40:00Z,2026-09-22T18:45:00Z,97.025,97.09,96.96,97.05
2026-09-22T18:45:00Z,2026-09-22T18:50:00Z,97.045,97.25,97.01,97.23
2026-09-22T18:50:00Z,2026-09-22T18:55:00Z,97.235,97.3,97.19,97.245
2026-09-22T18:55:00Z,2026-09-22T19:00:00Z,97.235,97.28,97.205,97.225
2026-09-22T19:00:00Z,2026-09-22T19:05:00Z,97.215,97.335,97.215,97.28
2026-09-22T19:05:00Z,2026-09-22T19:10:00Z,97.27,97.405,97.23,97.385
2026-09-22T19:10:00Z,2026-09-22T19:15:00Z,97.39,97.46,97.325,97.46
2026-09-22T19:15:00Z,2026-09-22T19:20:00Z,97.47,97.51,97.415,97.495
2026-09-22T19:20:00Z,2026-09-22T19:25:00Z,97.495,97.57,97.455,97.57
2026-09-22T19:25:00Z,2026-09-22T19:30:00Z,97.555,97.74,97.525,97.7
2026-09-22T19:30:00Z,2026-09-22T19:35:00Z,97.705,98.105,97.685,98.105
2026-09-22T19:35:00Z,2026-09-22T19:40:00Z,98.1,98.19,97.915,98.17
2026-09-22T19:40:00Z,2026-09-22T19:45:00Z,98.165,98.26,98.09,98.26
2026-09-22T19:45:00Z,2026-09-22T19:50:00Z,98.255,98.365,98.22,98.29
2026-09-22T19:50:00Z,2026-09-22T19:55:00Z,98.285,98.355,98.12,98.145
2026-09-22T19:55:00Z,2026-09-22T20:00:00Z,98.14,98.145,97.805,97.805
2026-09-23T13:30:00Z,2026-09-23T13:35:00Z,95.17,95.26,94.15,94.28
2026-09-23T13:35:00Z,2026-09-23T13:40:00Z,94.27,94.42,93.95,94.295
2026-09-23T13:40:00Z,2026-09-23T13:45:00Z,94.29,94.37,93.505,93.805
2026-09-23T13:45:00Z,2026-09-23T13:50:00Z,93.8,93.8,93.185,93.36
2026-09-23T13:50:00Z,2026-09-23T13:55:00Z,93.355,93.55,93.125,93.185
2026-09-23T13:55:00Z,2026-09-23T14:00:00Z,93.175,93.52,93.1,93.325
2026-09-23T14:00:00Z,2026-09-23T14:05:00Z,93.32,93.565,93.26,93.45
2026-09-23T14:05:00Z,2026-09-23T14:10:00Z,93.455,93.875,93.375,93.695
2026-09-23T14:10:00Z,2026-09-23T14:15:00Z,93.695,93.79,93.27,93.43
2026-09-23T14:15:00Z,2026-09-23T14:20:00Z,93.445,93.56,93.13,93.13
2026-09-23T14:20:00Z,2026-09-23T14:25:00Z,93.14,93.3,93.07,93.3
2026-09-23T14:25:00Z,2026-09-23T14:30:00Z,93.295,93.485,93.21,93.35
2026-09-23T14:30:00Z,2026-09-23T14:35:00Z,93.35,93.92,93.35,93.79
2026-09-23T14:35:00Z,2026-09-23T14:40:00Z,93.8,93.915,93.395,93.4
2026-09-23T14:40:00Z,2026-09-23T14:45:00Z,93.4,93.815,93.4,93.77
2026-09-23T14:45:00Z,2026-09-23T14:50:00Z,93.775,93.815,93.47,93.555
2026-09-23T14:50:00Z,2026-09-23T14:55:00Z,93.55,94.26,93.485,94.215
2026-09-23T14:55:00Z,2026-09-23T15:00:00Z,94.21,94.24,93.885,93.995
2026-09-23T15:00:00Z,2026-09-23T15:05:00Z,93.99,94,93.69,93.795
2026-09-23T15:05:00Z,2026-09-23T15:10:00Z,93.8,93.9,93.66,93.81
2026-09-23T15:10:00Z,2026-09-23T15:15:00Z,93.82,93.96,93.75,93.855
2026-09-23T15:15:00Z,2026-09-23T15:20:00Z,93.86,93.925,93.75,93.92
2026-09-23T15:20:00Z,2026-09-23T15:25:00Z,93.925,94.03,93.865,93.99
2026-09-23T15:25:00Z,2026-09-23T15:30:00Z,93.995,94.08,93.655,93.66
2026-09-23T15:30:00Z,2026-09-23T15:35:00Z,93.665,93.67,93.45,93.58
2026-09-23T15:35:00Z,2026-09-23T15:40:00Z,93.58,93.68,93.39,93.47
2026-09-23T15:40:00Z,2026-09-23T15:45:00Z,93.46,93.675,93.41,93.65
2026-09-23T15:45:00Z,2026-09-23T15:50:00Z,93.65,93.71,93.28,93.295
2026-09-23T15:50:00Z,2026-09-23T15:55:00Z,93.3,93.39,93.24,93.35
2026-09-23T15:55:00Z,2026-09-23T16:00:00Z,93.355,93.44,93.315,93.39
2026-09-23T16:00:00Z,2026-09-23T16:05:00Z,93.38,93.44,93.165,93.2
2026-09-23T16:05:00Z,2026-09-23T16:10:00Z,93.195,93.55,93.18,93.525
2026-09-23T16:10:00Z,2026-09-23T16:15:00Z,93.52,93.68,93.505,93.635
2026-09-23T16:15:00Z,2026-09-23T16:20:00Z,93.64,93.745,93.6,93.73
2026-09-23T16:20:00Z,2026-09-23T16:25:00Z,93.725,93.735,93.58,93.585
2026-09-23T16:25:00Z,2026-09-23T16:30:00Z,93.58,93.69,93.58,93.69
2026-09-23T16:30:00Z,2026-09-23T16:35:00Z,93.705,93.885,93.705,93.865
2026-09-23T16:35:00Z,2026-09-23T16:40:00Z,93.87,94.08,93.845,94
2026-09-23T16:40:00Z,2026-09-23T16:45:00Z,93.995,94.115,93.94,94.045
2026-09-23T16:45:00Z,2026-09-23T16:50:00Z,94.03,94.065,93.845,93.865
2026-09-23T16:50:00Z,2026-09-23T16:55:00Z,93.87,93.93,93.71,93.78
2026-09-23T16:55:00Z,2026-09-23T17:00:00Z,93.785,93.95,93.775,93.925
2026-09-23T17:00:00Z,2026-09-23T17:05:00Z,93.925,93.935,93.385,93.585
2026-09-23T17:05:00Z,2026-09-23T17:10:00Z,93.58,93.74,93.515,93.725
2026-09-23T17:10:00Z,2026-09-23T17:15:00Z,93.73,93.8,93.45,93.58
2026-09-23T17:15:00Z,2026-09-23T17:20:00Z,93.575,93.62,93.52,93.575
2026-09-23T17:20:00Z,2026-09-23T17:25:00Z,93.575,93.715,93.54,93.625
2026-09-23T17:25:00Z,2026-09-23T17:30:00Z,93.605,93.69,93.58,93.63
2026-09-23T17:30:00Z,2026-09-23T17:35:00Z,93.625,93.635,93.51,93.585
2026-09-23T17:35:00Z,2026-09-23T17:40:00Z,93.585,93.585,93.415,93.435
2026-09-23T17:40:00Z,2026-09-23T17:45:00Z,93.435,93.885,93.41,93.845
2026-09-23T17:45:00Z,2026-09-23T17:50:00Z,93.83,93.945,93.795,93.935
2026-09-23T17:50:00Z,2026-09-23T17:55:00Z,93.945,94.1,93.93,94.095
2026-09-23T17:55:00Z,2026-09-23T18:00:00Z,94.09,94.225,94.01,94.195
2026-09-23T18:00:00Z,2026-09-23T18:05:00Z,94.2,94.29,94.055,94.09
2026-09-23T18:05:00Z,2026-09-23T18:10:00Z,94.085,94.18,94.03,94.155
2026-09-23T18:10:00Z,2026-09-23T18:15:00Z,94.16,94.21,94.105,94.185
2026-09-23T18:15:00Z,2026-09-23T18:20:00Z,94.185,94.21,94.075,94.155
2026-09-23T18:20:00Z,2026-09-23T18:25:00Z,94.145,94.175,94.015,94.115
2026-09-23T18:25:00Z,2026-09-23T18:30:00Z,94.125,94.165,94.04,94.085
2026-09-23T18:30:00Z,2026-09-23T18:35:00Z,94.085,94.205,94.065,94.195
2026-09-23T18:35:00Z,2026-09-23T18:40:00Z,94.195,94.215,94.125,94.145
2026-09-23T18:40:00Z,2026-09-23T18:45:00Z,94.15,94.18,94.105,94.125
2026-09-23T18:45:00Z,2026-09-23T18:50:00Z,94.125,94.145,94.07,94.125
2026-09-23T18:50:00Z,2026-09-23T18:55:00Z,94.125,94.125,94.065,94.105
2026-09-23T18:55:00Z,2026-09-23T19:00:00Z,94.105,94.215,94.105,94.215
2026-09-23T19:00:00Z,2026-09-23T19:05:00Z,94.22,94.23,94.035,94.075
2026-09-23T19:05:00Z,2026-09-23T19:10:00Z,94.075,94.295,94.025,94.085
2026-09-23T19:10:00Z,2026-09-23T19:15:00Z,94.085,94.135,93.995,93.995
2026-09-23T19:15:00Z,2026-09-23T19:20:00Z,93.995,94.005,93.865,93.885
2026-09-23T19:20:00Z,2026-09-23T19:25:00Z,93.885,93.885,93.795,93.875
2026-09-23T19:25:00Z,2026-09-23T19:30:00Z,93.875,93.935,93.825,93.84
2026-09-23T19:30:00Z,2026-09-23T19:35:00Z,93.84,93.875,93.755,93.775
2026-09-23T19:35:00Z,2026-09-23T19:40:00Z,93.775,93.775,93.555,93.575
2026-09-23T19:40:00Z,2026-09-23T19:45:00Z,93.565,93.585,93.455,93.505
2026-09-23T19:45:00Z,2026-09-23T19:50:00Z,93.505,93.625,93.47,93.565
2026-09-23T19:50:00Z,2026-09-23T19:55:00Z,93.555,93.875,93.555,93.695
2026-09-23T19:55:00Z,2026-09-23T20:00:00Z,93.7,93.725,93.545,93.625
2026-09-24T13:30:00Z,2026-09-24T13:35:00Z,92.515,92.65,92,92.28
2026-09-24T13:35:00Z,2026-09-24T13:40:00Z,92.285,92.355,91.96,92.095
2026-09-24T13:40:00Z,2026-09-24T13:45:00Z,92.1,92.15,91.665,91.77
2026-09-24T13:45:00Z,2026-09-24T13:50:00Z,91.775,91.89,91.63,91.67
2026-09-24T13:50:00Z,2026-09-24T13:55:00Z,91.665,91.82,91.54,91.76
2026-09-24T13:55:00Z,2026-09-24T14:00:00Z,91.76,91.91,91.73,91.86
2026-09-24T14:00:00Z,2026-09-24T14:05:00Z,91.845,91.94,91.67,91.8
2026-09-24T14:05:00Z,2026-09-24T14:10:00Z,91.795,91.94,91.705,91.84
2026-09-24T14:10:00Z,2026-09-24T14:15:00Z,91.835,91.835,91.625,91.76
2026-09-24T14:15:00Z,2026-09-24T14:20:00Z,91.76,91.895,91.54,91.73
2026-09-24T14:20:00Z,2026-09-24T14:25:00Z,91.73,91.745,91.61,91.67
2026-09-24T14:25:00Z,2026-09-24T14:30:00Z,91.66,91.82,91.53,91.78
2026-09-24T14:30:00Z,2026-09-24T14:35:00Z,91.755,91.755,91.53,91.71
2026-09-24T14:35:00Z,2026-09-24T14:40:00Z,91.705,91.83,91.52,91.59
2026-09-24T14:40:00Z,2026-09-24T14:45:00Z,91.585,91.85,91.48,91.705
2026-09-24T14:45:00Z,2026-09-24T14:50:00Z,91.7,91.82,91.635,91.78
2026-09-24T14:50:00Z,2026-09-24T14:55:00Z,91.775,92.075,91.7,91.72
2026-09-24T14:55:00Z,2026-09-24T15:00:00Z,91.725,91.73,91.5,91.525
2026-09-24T15:00:00Z,2026-09-24T15:05:00Z,91.53,91.63,91.33,91.34
2026-09-24T15:05:00Z,2026-09-24T15:10:00Z,91.34,91.4,91.245,91.33
2026-09-24T15:10:00Z,2026-09-24T15:15:00Z,91.35,91.4,91.08,91.15
2026-09-24T15:15:00Z,2026-09-24T15:20:00Z,91.14,91.465,91.115,91.235
2026-09-24T15:20:00Z,2026-09-24T15:25:00Z,91.235,91.4,91.165,91.39
2026-09-24T15:25:00Z,2026-09-24T15:30:00Z,91.385,91.4,91.075,91.085
2026-09-24T15:30:00Z,2026-09-24T15:35:00Z,91.075,91.105,90.895,90.915
2026-09-24T15:35:00Z,2026-09-24T15:40:00Z,90.91,91.025,90.84,91.025
2026-09-24T15:40:00Z,2026-09-24T15:45:00Z,91.03,91.335,90.92,91.335
2026-09-24T15:45:00Z,2026-09-24T15:50:00Z,91.335,91.425,91.24,91.24
2026-09-24T15:50:00Z,2026-09-24T15:55:00Z,91.25,91.45,91.185,91.235
2026-09-24T15:55:00Z,2026-09-24T16:00:00Z,91.23,91.235,91.09,91.09
2026-09-24T16:00:00Z,2026-09-24T16:05:00Z,91.095,91.23,90.985,91.23
2026-09-24T16:05:00Z,2026-09-24T16:10:00Z,91.22,91.24,91.045,91.1
2026-09-24T16:10:00Z,2026-09-24T16:15:00Z,91.095,91.23,91.075,91.23
2026-09-24T16:15:00Z,2026-09-24T16:20:00Z,91.245,92.635,91.245,91.995
2026-09-24T16:20:00Z,2026-09-24T16:25:00Z,92,92.405,91.95,92.24
2026-09-24T16:25:00Z,2026-09-24T16:30:00Z,92.255,92.33,92.04,92.285
2026-09-24T16:30:00Z,2026-09-24T16:35:00Z,92.29,92.34,92.005,92.235
2026-09-24T16:35:00Z,2026-09-24T16:40:00Z,92.24,92.385,92.205,92.31
2026-09-24T16:40:00Z,2026-09-24T16:45:00Z,92.315,92.59,92.17,92.17
2026-09-24T16:45:00Z,2026-09-24T16:50:00Z,92.175,92.31,92.075,92.255
2026-09-24T16:50:00Z,2026-09-24T16:55:00Z,92.26,92.455,92.17,92.25
2026-09-24T16:55:00Z,2026-09-24T17:00:00Z,92.255,92.32,92.09,92.09
2026-09-24T17:00:00Z,2026-09-24T17:05:00Z,92.08,92.24,91.835,92.03
2026-09-24T17:05:00Z,2026-09-24T17:10:00Z,92.035,92.16,91.985,92.07
2026-09-24T17:10:00Z,2026-09-24T17:15:00Z,92.06,92.075,91.81,92.01
2026-09-24T17:15:00Z,2026-09-24T17:20:00Z,92.01,92.01,91.8,91.82
2026-09-24T17:20:00Z,2026-09-24T17:25:00Z,91.815,91.92,91.735,91.75
2026-09-24T17:25:00Z,2026-09-24T17:30:00Z,91.745,91.78,91.6,91.755
2026-09-24T17:30:00Z,2026-09-24T17:35:00Z,91.75,91.87,91.675,91.69
2026-09-24T17:35:00Z,2026-09-24T17:40:00Z,91.69,91.74,91.61,91.71
2026-09-24T17:40:00Z,2026-09-24T17:45:00Z,91.715,91.74,91.535,91.555
2026-09-24T17:45:00Z,2026-09-24T17:50:00Z,91.555,91.63,91.515,91.56
2026-09-24T17:50:00Z,2026-09-24T17:55:00Z,91.555,91.595,91.515,91.59
2026-09-24T17:55:00Z,2026-09-24T18:00:00Z,91.59,91.66,91.555,91.66
2026-09-24T18:00:00Z,2026-09-24T18:05:00Z,91.66,91.67,91.27,91.35
2026-09-24T18:05:00Z,2026-09-24T18:10:00Z,91.36,91.64,91.335,91.605
2026-09-24T18:10:00Z,2026-09-24T18:15:00Z,91.605,91.825,91.605,91.82
2026-09-24T18:15:00Z,2026-09-24T18:20:00Z,91.805,91.87,91.69,91.765
2026-09-24T18:20:00Z,2026-09-24T18:25:00Z,91.765,91.87,91.675,91.87
2026-09-24T18:25:00Z,2026-09-24T18:30:00Z,91.865,92.18,91.85,92.02
2026-09-24T18:30:00Z,2026-09-24T18:35:00Z,92.015,92.1,91.9,91.905
2026-09-24T18:35:00Z,2026-09-24T18:40:00Z,91.9,92.44,91.8,92.145
2026-09-24T18:40:00Z,2026-09-24T18:45:00Z,92.15,92.15,91.785,91.785
2026-09-24T18:45:00Z,2026-09-24T18:50:00Z,91.79,91.855,91.74,91.84
2026-09-24T18:50:00Z,2026-09-24T18:55:00Z,91.845,92.05,91.81,91.91
2026-09-24T18:55:00Z,2026-09-24T19:00:00Z,91.91,92.005,91.835,91.875
2026-09-24T19:00:00Z,2026-09-24T19:05:00Z,91.875,91.905,91.56,91.64
2026-09-24T19:05:00Z,2026-09-24T19:10:00Z,91.645,91.775,91.61,91.685
2026-09-24T19:10:00Z,2026-09-24T19:15:00Z,91.685,91.69,91.545,91.565
2026-09-24T19:15:00Z,2026-09-24T19:20:00Z,91.56,91.705,91.555,91.685
2026-09-24T19:20:00Z,2026-09-24T19:25:00Z,91.69,91.815,91.605,91.815
2026-09-24T19:25:00Z,2026-09-24T19:30:00Z,91.835,91.965,91.81,91.945
2026-09-24T19:30:00Z,2026-09-24T19:35:00Z,91.955,91.99,91.88,91.99
2026-09-24T19:35:00Z,2026-09-24T19:40:00Z,91.975,92.155,91.9,92.155
2026-09-24T19:40:00Z,2026-09-24T19:45:00Z,92.165,92.175,92.03,92.105
2026-09-24T19:45:00Z,2026-09-24T19:50:00Z,92.095,92.135,92.03,92.05
2026-09-24T19:50:00Z,2026-09-24T19:55:00Z,92.04,92.245,92.025,92.235
2026-09-24T19:55:00Z,2026-09-24T20:00:00Z,92.23,92.37,92.085,92.36
2026-09-25T13:30:00Z,2026-09-25T13:35:00Z,92.45,92.5,91.995,92.465
2026-09-25T13:35:00Z,2026-09-25T13:40:00Z,92.46,92.645,92.27,92.46
2026-09-25T13:40:00Z,2026-09-25T13:45:00Z,92.47,92.545,92.08,92.15
2026-09-25T13:45:00Z,2026-09-25T13:50:00Z,92.17,92.245,92.045,92.165
2026-09-25T13:50:00Z,2026-09-25T13:55:00Z,92.16,92.45,92.145,92.21
2026-09-25T13:55:00Z,2026-09-25T14:00:00Z,92.21,92.28,92.085,92.145
2026-09-25T14:00:00Z,2026-09-25T14:05:00Z,92.15,92.225,91.625,91.625
2026-09-25T14:05:00Z,2026-09-25T14:10:00Z,91.625,91.97,91.34,91.9
2026-09-25T14:10:00Z,2026-09-25T14:15:00Z,91.905,92,91.765,91.935
2026-09-25T14:15:00Z,2026-09-25T14:20:00Z,91.925,92.06,91.75,91.965
2026-09-25T14:20:00Z,2026-09-25T14:25:00Z,91.97,92.16,91.86,92.095
2026-09-25T14:25:00Z,2026-09-25T14:30:00Z,92.09,92.195,92.025,92.05
2026-09-25T14:30:00Z,2026-09-25T14:35:00Z,92.055,92.09,91.88,92.04
2026-09-25T14:35:00Z,2026-09-25T14:40:00Z,92.035,92.13,91.91,92.07
2026-09-25T14:40:00Z,2026-09-25T14:45:00Z,92.065,92.345,91.92,92.345
2026-09-25T14:45:00Z,2026-09-25T14:50:00Z,92.35,92.51,92.145,92.375
2026-09-25T14:50:00Z,2026-09-25T14:55:00Z,92.375,92.47,92.175,92.43
2026-09-25T14:55:00Z,2026-09-25T15:00:00Z,92.44,92.61,92.335,92.475
2026-09-25T15:00:00Z,2026-09-25T15:05:00Z,92.465,92.725,92.37,92.665
2026-09-25T15:05:00Z,2026-09-25T15:10:00Z,92.675,92.72,92.3,92.305
2026-09-25T15:10:00Z,2026-09-25T15:15:00Z,92.31,92.57,92.165,92.55
2026-09-25T15:15:00Z,2026-09-25T15:20:00Z,92.54,92.6,92.3,92.33
2026-09-25T15:20:00Z,2026-09-25T15:25:00Z,92.325,92.635,92.25,92.43
2026-09-25T15:25:00Z,2026-09-25T15:30:00Z,92.425,92.585,92.36,92.475
2026-09-25T15:30:00Z,2026-09-25T15:35:00Z,92.48,92.83,92.47,92.48
2026-09-25T15:35:00Z,2026-09-25T15:40:00Z,92.49,92.545,92.32,92.32
2026-09-25T15:40:00Z,2026-09-25T15:45:00Z,92.33,92.35,92.135,92.155
2026-09-25T15:45:00Z,2026-09-25T15:50:00Z,92.15,92.185,92.03,92.12
2026-09-25T15:50:00Z,2026-09-25T15:55:00Z,92.115,92.53,92.055,92.4
2026-09-25T15:55:00Z,2026-09-25T16:00:00Z,92.405,92.94,92.27,92.93
2026-09-25T16:00:00Z,2026-09-25T16:05:00Z,92.94,93.31,92.875,93.11
2026-09-25T16:05:00Z,2026-09-25T16:10:00Z,93.1,93.235,92.875,93.14
2026-09-25T16:10:00Z,2026-09-25T16:15:00Z,93.145,93.18,92.83,92.915
2026-09-25T16:15:00Z,2026-09-25T16:20:00Z,92.91,93.02,92.75,92.8
2026-09-25T16:20:00Z,2026-09-25T16:25:00Z,92.805,92.875,92.695,92.82
2026-09-25T16:25:00Z,2026-09-25T16:30:00Z,92.82,93.05,92.81,93.03
2026-09-25T16:30:00Z,2026-09-25T16:35:00Z,93.035,93.11,92.59,92.75
2026-09-25T16:35:00Z,2026-09-25T16:40:00Z,92.76,92.97,92.75,92.855
2026-09-25T16:40:00Z,2026-09-25T16:45:00Z,92.85,92.945,92.73,92.77
2026-09-25T16:45:00Z,2026-09-25T16:50:00Z,92.77,92.785,92.53,92.59
2026-09-25T16:50:00Z,2026-09-25T16:55:00Z,92.595,92.695,92.58,92.655
2026-09-25T16:55:00Z,2026-09-25T17:00:00Z,92.655,92.75,92.58,92.7
2026-09-25T17:00:00Z,2026-09-25T17:05:00Z,92.7,92.91,92.69,92.815
2026-09-25T17:05:00Z,2026-09-25T17:10:00Z,92.815,92.845,92.71,92.825
2026-09-25T17:10:00Z,2026-09-25T17:15:00Z,92.825,92.825,92.7,92.735
2026-09-25T17:15:00Z,2026-09-25T17:20:00Z,92.735,92.735,92.625,92.64
2026-09-25T17:20:00Z,2026-09-25T17:25:00Z,92.635,92.7,92.61,92.7
2026-09-25T17:25:00Z,2026-09-25T17:30:00Z,92.705,92.71,92.56,92.575
2026-09-25T17:30:00Z,2026-09-25T17:35:00Z,92.585,92.68,92.54,92.595
2026-09-25T17:35:00Z,2026-09-25T17:40:00Z,92.6,92.66,92.455,92.57
2026-09-25T17:40:00Z,2026-09-25T17:45:00Z,92.58,92.71,92.555,92.64
2026-09-25T17:45:00Z,2026-09-25T17:50:00Z,92.635,92.68,92.545,92.615
2026-09-25T17:50:00Z,2026-09-25T17:55:00Z,92.61,92.655,92.57,92.625
2026-09-25T17:55:00Z,2026-09-25T18:00:00Z,92.625,92.675,92.595,92.67
2026-09-25T18:00:00Z,2026-09-25T18:05:00Z,92.685,92.695,92.635,92.665
2026-09-25T18:05:00Z,2026-09-25T18:10:00Z,92.66,92.745,92.63,92.735
2026-09-25T18:10:00Z,2026-09-25T18:15:00Z,92.735,92.755,92.655,92.735
2026-09-25T18:15:00Z,2026-09-25T18:20:00Z,92.735,92.77,92.7,92.735
2026-09-25T18:20:00Z,2026-09-25T18:25:00Z,92.725,92.725,92.635,92.695
2026-09-25T18:25:00Z,2026-09-25T18:30:00Z,92.695,92.75,92.515,92.645
2026-09-25T18:30:00Z,2026-09-25T18:35:00Z,92.645,92.835,92.63,92.825
2026-09-25T18:35:00Z,2026-09-25T18:40:00Z,92.825,92.86,92.695,92.695
2026-09-25T18:40:00Z,2026-09-25T18:45:00Z,92.695,92.795,92.685,92.79
2026-09-25T18:45:00Z,2026-09-25T18:50:00Z,92.795,92.865,92.76,92.85
2026-09-25T18:50:00Z,2026-09-25T18:55:00Z,92.855,92.895,92.775,92.8
2026-09-25T18:55:00Z,2026-09-25T19:00:00Z,92.8,92.875,92.785,92.875
2026-09-25T19:00:00Z,2026-09-25T19:05:00Z,92.88,92.975,92.8,92.875
2026-09-25T19:05:00Z,2026-09-25T19:10:00Z,92.875,92.955,92.83,92.915
2026-09-25T19:10:00Z,2026-09-25T19:15:00Z,92.905,92.99,92.885,92.965
2026-09-25T19:15:00Z,2026-09-25T19:20:00Z,92.965,92.965,92.86,92.86
2026-09-25T19:20:00Z,2026-09-25T19:25:00Z,92.865,92.875,92.78,92.795
2026-09-25T19:25:00Z,2026-09-25T19:30:00Z,92.795,92.805,92.665,92.705
2026-09-25T19:30:00Z,2026-09-25T19:35:00Z,92.705,92.765,92.655,92.755
2026-09-25T19:35:00Z,2026-09-25T19:40:00Z,92.755,92.955,92.755,92.905
2026-09-25T19:40:00Z,2026-09-25T19:45:00Z,92.905,92.945,92.845,92.905
2026-09-25T19:45:00Z,2026-09-25T19:50:00Z,92.915,92.985,92.865,92.88
2026-09-25T19:50:00Z,2026-09-25T19:55:00Z,92.885,93.01,92.84,92.84
2026-09-25T19:55:00Z,2026-09-25T20:00:00Z,92.845,92.875,92.8,92.845
2026-09-28T13:30:00Z,2026-09-28T13:35:00Z,88.115,88.275,87.685,87.825
2026-09-28T13:35:00Z,2026-09-28T13:40:00Z,87.83,88.355,87.36,88.245
2026-09-28T13:40:00Z,2026-09-28T13:45:00Z,88.23,88.87,88.175,88.865
2026-09-28T13:45:00Z,2026-09-28T13:50:00Z,88.87,89.285,88.855,89.075
2026-09-28T13:50:00Z,2026-09-28T13:55:00Z,89.07,89.215,88.92,89.11
2026-09-28T13:55:00Z,2026-09-28T14:00:00Z,89.1,89.34,89.01,89.23
2026-09-28T14:00:00Z,2026-09-28T14:05:00Z,89.22,89.43,88.91,88.93
2026-09-28T14:05:00Z,2026-09-28T14:10:00Z,88.94,89.205,88.905,89.005
2026-09-28T14:10:00Z,2026-09-28T14:15:00Z,88.985,89.08,88.865,88.92
2026-09-28T14:15:00Z,2026-09-28T14:20:00Z,88.91,89.02,88.82,88.875
2026-09-28T14:20:00Z,2026-09-28T14:25:00Z,88.87,89.04,88.705,89.01
2026-09-28T14:25:00Z,2026-09-28T14:30:00Z,89.01,89.145,88.86,89.1
2026-09-28T14:30:00Z,2026-09-28T14:35:00Z,89.095,89.1,88.825,88.88
2026-09-28T14:35:00Z,2026-09-28T14:40:00Z,88.885,89.02,88.815,88.915
2026-09-28T14:40:00Z,2026-09-28T14:45:00Z,88.915,88.915,88.555,88.6
2026-09-28T14:45:00Z,2026-09-28T14:50:00Z,88.595,88.625,88.125,88.265
2026-09-28T14:50:00Z,2026-09-28T14:55:00Z,88.26,88.7,88.26,88.39
2026-09-28T14:55:00Z,2026-09-28T15:00:00Z,88.385,88.43,88.235,88.34
2026-09-28T15:00:00Z,2026-09-28T15:05:00Z,88.36,88.54,88.26,88.52
2026-09-28T15:05:00Z,2026-09-28T15:10:00Z,88.53,88.575,88.34,88.495
2026-09-28T15:10:00Z,2026-09-28T15:15:00Z,88.505,88.535,88.265,88.32
2026-09-28T15:15:00Z,2026-09-28T15:20:00Z,88.325,88.51,88.28,88.45
2026-09-28T15:20:00Z,2026-09-28T15:25:00Z,88.445,88.445,88.255,88.39
2026-09-28T15:25:00Z,2026-09-28T15:30:00Z,88.4,88.605,88.265,88.365
2026-09-28T15:30:00Z,2026-09-28T15:35:00Z,88.36,88.375,88.175,88.26
2026-09-28T15:35:00Z,2026-09-28T15:40:00Z,88.255,88.405,88.155,88.3
2026-09-28T15:40:00Z,2026-09-28T15:45:00Z,88.305,88.31,88.175,88.255
2026-09-09T17:20:00Z,2026-09-09T17:25:00Z,100.155,100.23,100.09,100.13
2026-09-09T17:25:00Z,2026-09-09T17:30:00Z,100.13,100.215,100.005,100.01
2026-09-09T17:30:00Z,2026-09-09T17:35:00Z,100.005,100.07,99.97,100.01
2026-09-09T17:35:00Z,2026-09-09T17:40:00Z,100.005,100.035,99.91,99.975
2026-09-09T17:40:00Z,2026-09-09T17:45:00Z,99.98,100.175,99.98,100.135
2026-09-09T17:45:00Z,2026-09-09T17:50:00Z,100.15,100.2,100.095,100.095
2026-09-09T17:50:00Z,2026-09-09T17:55:00Z,100.11,100.205,100.055,100.11
2026-09-09T17:55:00Z,2026-09-09T18:00:00Z,100.1,100.2,100.065,100.14
2026-09-09T18:00:00Z,2026-09-09T18:05:00Z,100.145,100.255,100.065,100.19
2026-09-09T18:05:00Z,2026-09-09T18:10:00Z,100.19,100.25,100.13,100.22
2026-09-09T18:10:00Z,2026-09-09T18:15:00Z,100.22,100.27,100.16,100.2
2026-09-09T18:15:00Z,2026-09-09T18:20:00Z,100.19,100.275,100.135,100.195
2026-09-09T18:20:00Z,2026-09-09T18:25:00Z,100.195,100.2,100.075,100.14
2026-09-09T18:25:00Z,2026-09-09T18:30:00Z,100.14,100.17,100.08,100.13
2026-09-09T18:30:00Z,2026-09-09T18:35:00Z,100.13,100.13,99.925,100
2026-09-09T18:35:00Z,2026-09-09T18:40:00Z,100.01,100.04,99.88,99.975
2026-09-09T18:40:00Z,2026-09-09T18:45:00Z,99.98,100.015,99.83,99.85
2026-09-09T18:45:00Z,2026-09-09T18:50:00Z,99.855,99.875,99.645,99.645
2026-09-09T18:50:00Z,2026-09-09T18:55:00Z,99.64,99.645,99.515,99.555
2026-09-09T18:55:00Z,2026-09-09T19:00:00Z,99.56,99.65,99.475,99.505
2026-09-09T19:00:00Z,2026-09-09T19:05:00Z,99.51,99.56,99.23,99.335
2026-09-09T19:05:00Z,2026-09-09T19:10:00Z,99.325,99.415,99.24,99.3
2026-09-09T19:10:00Z,2026-09-09T19:15:00Z,99.31,99.41,99.245,99.385
2026-09-09T19:15:00Z,2026-09-09T19:20:00Z,99.39,99.5,99.37,99.465
2026-09-09T19:20:00Z,2026-09-09T19:25:00Z,99.465,99.635,99.46,99.625
2026-09-09T19:25:00Z,2026-09-09T19:30:00Z,99.625,99.67,99.535,99.55
2026-09-09T19:30:00Z,2026-09-09T19:35:00Z,99.545,99.625,99.495,99.605
2026-09-09T19:35:00Z,2026-09-09T19:40:00Z,99.605,99.615,99.42,99.495
2026-09-09T19:40:00Z,2026-09-09T19:45:00Z,99.485,99.575,99.42,99.545
2026-09-09T19:45:00Z,2026-09-09T19:50:00Z,99.55,99.62,99.535,99.575
2026-09-09T19:50:00Z,2026-09-09T19:55:00Z,99.57,99.635,99.43,99.57
2026-09-09T19:55:00Z,2026-09-09T20:00:00Z,99.56,99.675,99.455,99.46
2026-09-10T13:30:00Z,2026-09-10T13:35:00Z,96.43,96.66,95.63,96.3
2026-09-10T13:35:00Z,2026-09-10T13:40:00Z,96.265,96.475,95.925,96.475
2026-09-10T13:40:00Z,2026-09-10T13:45:00Z,96.48,96.99,96.48,96.65
2026-09-10T13:45:00Z,2026-09-10T13:50:00Z,96.63,97.35,96.58,97.05
2026-09-10T13:50:00Z,2026-09-10T13:55:00Z,97.04,97.23,96.72,97.03
2026-09-10T13:55:00Z,2026-09-10T14:00:00Z,97.035,97.165,96.825,96.87
2026-09-10T14:00:00Z,2026-09-10T14:05:00Z,96.895,97.37,96.895,97.29
2026-09-10T14:05:00Z,2026-09-10T14:10:00Z,97.285,97.305,96.29,96.505
2026-09-10T14:10:00Z,2026-09-10T14:15:00Z,96.5,96.71,96.315,96.355
2026-09-10T14:15:00Z,2026-09-10T14:20:00Z,96.35,96.565,96.22,96.5
2026-09-10T14:20:00Z,2026-09-10T14:25:00Z,96.485,97.015,96.44,96.97
2026-09-10T14:25:00Z,2026-09-10T14:30:00Z,96.95,97.13,96.665,96.69
2026-09-10T14:30:00Z,2026-09-10T14:35:00Z,96.685,96.905,96.565,96.865
2026-09-10T14:35:00Z,2026-09-10T14:40:00Z,96.865,97.14,96.655,96.665
2026-09-10T14:40:00Z,2026-09-10T14:45:00Z,96.665,96.965,96.44,96.5
2026-09-10T14:45:00Z,2026-09-10T14:50:00Z,96.49,96.84,96.41,96.775
2026-09-10T14:50:00Z,2026-09-10T14:55:00Z,96.77,96.995,96.7,96.8
2026-09-10T14:55:00Z,2026-09-10T15:00:00Z,96.795,97.075,96.78,97.07
2026-09-10T15:00:00Z,2026-09-10T15:05:00Z,97.075,97.08,96.72,96.735
2026-09-10T15:05:00Z,2026-09-10T15:10:00Z,96.74,96.995,96.735,96.795
2026-09-10T15:10:00Z,2026-09-10T15:15:00Z,96.79,97.035,96.775,96.945
2026-09-10T15:15:00Z,2026-09-10T15:20:00Z,96.94,97.11,96.865,97.015
2026-09-10T15:20:00Z,2026-09-10T15:25:00Z,97.01,97.17,96.975,97.04
2026-09-10T15:25:00Z,2026-09-10T15:30:00Z,97.035,97.13,96.97,97.06
2026-09-10T15:30:00Z,2026-09-10T15:35:00Z,97.08,97.19,96.945,97.15
2026-09-10T15:35:00Z,2026-09-10T15:40:00Z,97.155,97.21,96.945,96.99
2026-09-10T15:40:00Z,2026-09-10T15:45:00Z,96.98,97.09,96.92,97.05
2026-09-10T15:45:00Z,2026-09-10T15:50:00Z,97.055,97.07,96.725,96.965
2026-09-10T15:50:00Z,2026-09-10T15:55:00Z,96.96,96.97,96.755,96.76
2026-09-10T15:55:00Z,2026-09-10T16:00:00Z,96.765,96.865,96.7,96.81
2026-09-10T16:00:00Z,2026-09-10T16:05:00Z,96.8,96.97,96.8,96.865
2026-09-10T16:05:00Z,2026-09-10T16:10:00Z,96.86,96.91,96.675,96.71
2026-09-10T16:10:00Z,2026-09-10T16:15:00Z,96.715,96.79,96.57,96.77
2026-09-10T16:15:00Z,2026-09-10T16:20:00Z,96.76,96.83,96.57,96.745
2026-09-10T16:20:00Z,2026-09-10T16:25:00Z,96.74,96.97,96.74,96.93
2026-09-10T16:25:00Z,2026-09-10T16:30:00Z,96.93,96.995,96.89,96.995
2026-09-10T16:30:00Z,2026-09-10T16:35:00Z,96.99,97.1,96.855,96.86
2026-09-10T16:35:00Z,2026-09-10T16:40:00Z,96.86,96.92,96.755,96.865
2026-09-10T16:40:00Z,2026-09-10T16:45:00Z,96.87,96.89,96.635,96.67
2026-09-10T16:45:00Z,2026-09-10T16:50:00Z,96.675,96.95,96.67,96.795
2026-09-10T16:50:00Z,2026-09-10T16:55:00Z,96.79,96.9,96.76,96.83
2026-09-10T16:55:00Z,2026-09-10T17:00:00Z,96.835,96.915,96.805,96.89
2026-09-10T17:00:00Z,2026-09-10T17:05:00Z,96.88,97.085,96.745,96.96
2026-09-10T17:05:00Z,2026-09-10T17:10:00Z,96.965,97.035,96.9,96.96
2026-09-10T17:10:00Z,2026-09-10T17:15:00Z,96.97,97.145,96.965,97.005
2026-09-10T17:15:00Z,2026-09-10T17:20:00Z,97.01,97.425,96.965,97.41
2026-09-10T17:20:00Z,2026-09-10T17:25:00Z,97.41,97.41,97.155,97.32
2026-09-10T17:25:00Z,2026-09-10T17:30:00Z,97.325,97.405,97.23,97.35
2026-09-10T17:30:00Z,2026-09-10T17:35:00Z,97.355,97.37,97.205,97.215
2026-09-10T17:35:00Z,2026-09-10T17:40:00Z,97.21,97.22,96.97,97
2026-09-10T17:40:00Z,2026-09-10T17:45:00Z,96.995,97,96.895,96.98
2026-09-10T17:45:00Z,2026-09-10T17:50:00Z,96.985,97.015,96.925,96.955
2026-09-10T17:50:00Z,2026-09-10T17:55:00Z,96.955,96.98,96.825,96.875
2026-09-10T17:55:00Z,2026-09-10T18:00:00Z,96.88,96.89,96.74,96.745
2026-09-10T18:00:00Z,2026-09-10T18:05:00Z,96.745,96.815,96.555,96.59
2026-09-10T18:05:00Z,2026-09-10T18:10:00Z,96.59,96.625,96.335,96.36
2026-09-10T18:10:00Z,2026-09-10T18:15:00Z,96.35,96.39,96.25,96.355
2026-09-10T18:15:00Z,2026-09-10T18:20:00Z,96.35,96.39,96.215,96.325
2026-09-10T18:20:00Z,2026-09-10T18:25:00Z,96.34,96.52,96.33,96.5
2026-09-10T18:25:00Z,2026-09-10T18:30:00Z,96.49,96.55,96.37,96.4
2026-09-10T18:30:00Z,2026-09-10T18:35:00Z,96.405,96.41,96.185,96.32
2026-09-10T18:35:00Z,2026-09-10T18:40:00Z,96.33,96.42,96.29,96.405
2026-09-10T18:40:00Z,2026-09-10T18:45:00Z,96.405,96.46,96.35,96.425
2026-09-10T18:45:00Z,2026-09-10T18:50:00Z,96.425,96.43,96.285,96.33
2026-09-10T18:50:00Z,2026-09-10T18:55:00Z,96.325,96.71,96.27,96.56
2026-09-10T18:55:00Z,2026-09-10T19:00:00Z,96.58,96.71,96.55,96.6
2026-09-10T19:00:00Z,2026-09-10T19:05:00Z,96.59,96.59,96.08,96.195
2026-09-10T19:05:00Z,2026-09-10T19:10:00Z,96.19,96.49,96.175,96.48
2026-09-10T19:10:00Z,2026-09-10T19:15:00Z,96.49,96.515,96.28,96.38
2026-09-10T19:15:00Z,2026-09-10T19:20:00Z,96.38,96.44,96.21,96.22
2026-09-10T19:20:00Z,2026-09-10T19:25:00Z,96.22,96.39,96.22,96.365
2026-09-10T19:25:00Z,2026-09-10T19:30:00Z,96.38,96.435,96.275,96.3
2026-09-10T19:30:00Z,2026-09-10T19:35:00Z,96.31,96.33,96.215,96.275
2026-09-10T19:35:00Z,2026-09-10T19:40:00Z,96.28,96.295,96.14,96.21
2026-09-10T19:40:00Z,2026-09-10T19:45:00Z,96.205,96.24,95.975,95.99
2026-09-10T19:45:00Z,2026-09-10T19:50:00Z,95.995,96.055,95.955,96.035
2026-09-10T19:50:00Z,2026-09-10T19:55:00Z,96.025,96.125,95.87,95.985
2026-09-10T19:55:00Z,2026-09-10T20:00:00Z,95.995,96.08,95.875,96.05
2026-09-11T13:30:00Z,2026-09-11T13:35:00Z,98.285,98.295,97.43,98.17
2026-09-11T13:35:00Z,2026-09-11T13:40:00Z,98.195,98.695,97.89,98.36
2026-09-11T13:40:00Z,2026-09-11T13:45:00Z,98.365,99.075,98.295,98.755
2026-09-11T13:45:00Z,2026-09-11T13:50:00Z,98.76,98.925,98.445,98.585
2026-09-11T13:50:00Z,2026-09-11T13:55:00Z,98.58,98.66,98.38,98.525
2026-09-11T13:55:00Z,2026-09-11T14:00:00Z,98.54,98.97,98.4,98.95
2026-09-11T14:00:00Z,2026-09-11T14:05:00Z,98.945,98.95,98.145,98.465
2026-09-11T14:05:00Z,2026-09-11T14:10:00Z,98.46,98.47,97.935,98.025
2026-09-11T14:10:00Z,2026-09-11T14:15:00Z,98.015,98.09,97.735,97.9
2026-09-11T14:15:00Z,2026-09-11T14:20:00Z,97.9,98.065,97.765,98.03
2026-09-11T14:20:00Z,2026-09-11T14:25:00Z,98.035,98.305,97.925,97.95
2026-09-11T14:25:00Z,2026-09-11T14:30:00Z,97.95,97.95,97.67,97.83
2026-09-11T14:30:00Z,2026-09-11T14:35:00Z,97.835,97.86,97.455,97.49
2026-09-11T14:35:00Z,2026-09-11T14:40:00Z,97.485,97.495,97.015,97.16
2026-09-11T14:40:00Z,2026-09-11T14:45:00Z,97.16,97.425,96.985,97.275
2026-09-11T14:45:00Z,2026-09-11T14:50:00Z,97.3,97.935,97.285,97.905
2026-09-11T14:50:00Z,2026-09-11T14:55:00Z,97.915,98.04,97.715,97.725
2026-09-11T14:55:00Z,2026-09-11T15:00:00Z,97.73,97.75,97.505,97.55
2026-09-11T15:00:00Z,2026-09-11T15:05:00Z,97.555,97.605,97.325,97.42
2026-09-11T15:05:00Z,2026-09-11T15:10:00Z,97.415,97.455,97.055,97.125
2026-09-11T15:10:00Z,2026-09-11T15:15:00Z,97.12,97.19,97.005,97.065
2026-09-11T15:15:00Z,2026-09-11T15:20:00Z,97.075,97.33,97.07,97.205
2026-09-11T15:20:00Z,2026-09-11T15:25:00Z,97.21,97.51,97.175,97.395
2026-09-11T15:25:00Z,2026-09-11T15:30:00Z,97.4,97.57,97.35,97.44
2026-09-11T15:30:00Z,2026-09-11T15:35:00Z,97.425,97.54,97.315,97.405
2026-09-11T15:35:00Z,2026-09-11T15:40:00Z,97.395,97.51,97.29,97.29
2026-09-11T15:40:00Z,2026-09-11T15:45:00Z,97.285,97.42,97.16,97.4
2026-09-11T15:45:00Z,2026-09-11T15:50:00Z,97.395,97.4,97.195,97.38
2026-09-11T15:50:00Z,2026-09-11T15:55:00Z,97.385,97.475,97.29,97.375
2026-09-11T15:55:00Z,2026-09-11T16:00:00Z,97.37,97.375,97.24,97.345
2026-09-11T16:00:00Z,2026-09-11T16:05:00Z,97.33,97.48,97.3,97.44
2026-09-11T16:05:00Z,2026-09-11T16:10:00Z,97.44,97.47,97.12,97.14
2026-09-11T16:10:00Z,2026-09-11T16:15:00Z,97.145,97.165,96.91,96.92
2026-09-11T16:15:00Z,2026-09-11T16:20:00Z,96.915,97.03,96.81,96.84
2026-09-11T16:20:00Z,2026-09-11T16:25:00Z,96.845,96.93,96.635,96.705
2026-09-11T16:25:00Z,2026-09-11T16:30:00Z,96.71,96.99,96.68,96.725
2026-09-11T16:30:00Z,2026-09-11T16:35:00Z,96.73,97.135,96.63,97.085
2026-09-11T16:35:00Z,2026-09-11T16:40:00Z,97.08,97.08,96.77,96.81
2026-09-11T16:40:00Z,2026-09-11T16:45:00Z,96.805,96.98,96.785,96.965
2026-09-11T16:45:00Z,2026-09-11T16:50:00Z,96.95,97.07,96.935,96.935
2026-09-11T16:50:00Z,2026-09-11T16:55:00Z,96.93,96.98,96.91,96.95
2026-09-11T16:55:00Z,2026-09-11T17:00:00Z,96.945,96.99,96.88,96.95
2026-09-11T17:00:00Z,2026-09-11T17:05:00Z,96.96,97,96.86,96.9
2026-09-11T17:05:00Z,2026-09-11T17:10:00Z,96.89,97.05,96.87,97
2026-09-11T17:10:00Z,2026-09-11T17:15:00Z,97,97.115,96.94,97.015
2026-09-11T17:15:00Z,2026-09-11T17:20:00Z,97.02,97.165,96.98,97.145
2026-09-11T17:20:00Z,2026-09-11T17:25:00Z,97.145,97.315,97.145,97.31
2026-09-11T17:25:00Z,2026-09-11T17:30:00Z,97.31,97.31,97.13,97.14
2026-09-11T17:30:00Z,2026-09-11T17:35:00Z,97.12,97.155,97.05,97.155
2026-09-11T17:35:00Z,2026-09-11T17:40:00Z,97.16,97.19,96.99,97.02
2026-09-11T17:40:00Z,2026-09-11T17:45:00Z,97.025,97.045,96.905,97.015
2026-09-11T17:45:00Z,2026-09-11T17:50:00Z,97.01,97.1,96.965,97.09
2026-09-11T17:50:00Z,2026-09-11T17:55:00Z,97.095,97.15,97.06,97.07
2026-09-11T17:55:00Z,2026-09-11T18:00:00Z,97.07,97.07,96.865,96.895
2026-09-11T18:00:00Z,2026-09-11T18:05:00Z,96.895,96.94,96.805,96.925
2026-09-11T18:05:00Z,2026-09-11T18:10:00Z,96.93,96.935,96.83,96.84
2026-09-11T18:10:00Z,2026-09-11T18:15:00Z,96.84,96.89,96.655,96.67
2026-09-11T18:15:00Z,2026-09-11T18:20:00Z,96.67,96.785,96.65,96.74
2026-09-11T18:20:00Z,2026-09-11T18:25:00Z,96.74,96.79,96.5,96.585
2026-09-11T18:25:00Z,2026-09-11T18:30:00Z,96.58,96.68,96.51,96.52
2026-09-11T18:30:00Z,2026-09-11T18:35:00Z,96.52,96.56,96.23,96.385
2026-09-11T18:35:00Z,2026-09-11T18:40:00Z,96.395,96.49,96.335,96.395
2026-09-11T18:40:00Z,2026-09-11T18:45:00Z,96.355,96.52,96.33,96.45
2026-09-11T18:45:00Z,2026-09-11T18:50:00Z,96.455,96.495,96.42,96.435
2026-09-11T18:50:00Z,2026-09-11T18:55:00Z,96.43,96.495,96.4,96.45
2026-09-11T18:55:00Z,2026-09-11T19:00:00Z,96.44,96.53,96.44,96.49
2026-09-11T19:00:00Z,2026-09-11T19:05:00Z,96.495,96.66,96.48,96.655
2026-09-11T19:05:00Z,2026-09-11T19:10:00Z,96.65,96.73,96.57,96.66
2026-09-11T19:10:00Z,2026-09-11T19:15:00Z,96.66,96.75,96.62,96.75
2026-09-11T19:15:00Z,2026-09-11T19:20:00Z,96.745,96.81,96.73,96.765
2026-09-11T19:20:00Z,2026-09-11T19:25:00Z,96.77,96.8,96.705,96.8
2026-09-11T19:25:00Z,2026-09-11T19:30:00Z,96.79,96.82,96.665,96.675
2026-09-11T19:30:00Z,2026-09-11T19:35:00Z,96.68,96.73,96.615,96.67
2026-09-11T19:35:00Z,2026-09-11T19:40:00Z,96.67,96.7,96.57,96.605
2026-09-11T19:40:00Z,2026-09-11T19:45:00Z,96.605,96.7,96.59,96.675
2026-09-11T19:45:00Z,2026-09-11T19:50:00Z,96.67,96.735,96.63,96.68
2026-09-11T19:50:00Z,2026-09-11T19:55:00Z,96.68,96.915,96.68,96.915
2026-09-11T19:55:00Z,2026-09-11T20:00:00Z,96.915,97.11,96.81,97.06
2026-09-14T13:30:00Z,2026-09-14T13:35:00Z,93.95,94.24,93.155,93.275
2026-09-14T13:35:00Z,2026-09-14T13:40:00Z,93.27,93.535,93.005,93.06
2026-09-14T13:40:00Z,2026-09-14T13:45:00Z,93.055,93.385,93.03,93.385
2026-09-14T13:45:00Z,2026-09-14T13:50:00Z,93.38,93.565,93.105,93.365
2026-09-14T13:50:00Z,2026-09-14T13:55:00Z,93.36,93.525,93.175,93.23
2026-09-14T13:55:00Z,2026-09-14T14:00:00Z,93.225,93.355,93.15,93.2
2026-09-14T14:00:00Z,2026-09-14T14:05:00Z,93.205,93.36,93.14,93.34
2026-09-14T14:05:00Z,2026-09-14T14:10:00Z,93.335,93.345,93.11,93.25
2026-09-14T14:10:00Z,2026-09-14T14:15:00Z,93.24,93.74,93.205,93.7
2026-09-14T14:15:00Z,2026-09-14T14:20:00Z,93.69,93.78,93.185,93.31
2026-09-14T14:20:00Z,2026-09-14T14:25:00Z,93.29,93.34,92.85,92.87
2026-09-14T14:25:00Z,2026-09-14T14:30:00Z,92.87,93.14,92.86,93.105
2026-09-14T14:30:00Z,2026-09-14T14:35:00Z,93.11,93.13,92.89,93.09
2026-09-14T14:35:00Z,2026-09-14T14:40:00Z,93.095,93.175,92.965,93.13
2026-09-14T14:40:00Z,2026-09-14T14:45:00Z,93.115,93.39,92.95,93.37
2026-09-14T14:45:00Z,2026-09-14T14:50:00Z,93.375,93.725,93.34,93.635
2026-09-14T14:50:00Z,2026-09-14T14:55:00Z,93.64,93.69,93.475,93.555
2026-09-14T14:55:00Z,2026-09-14T15:00:00Z,93.555,93.69,93.51,93.68
2026-09-14T15:00:00Z,2026-09-14T15:05:00Z,93.685,93.71,93.385,93.4
2026-09-14T15:05:00Z,2026-09-14T15:10:00Z,93.395,94.15,93.39,93.76
2026-09-14T15:10:00Z,2026-09-14T15:15:00Z,93.77,93.92,93.64,93.65
2026-09-14T15:15:00Z,2026-09-14T15:20:00Z,93.645,93.78,93.51,93.665
2026-09-14T15:20:00Z,2026-09-14T15:25:00Z,93.675,93.74,93.59,93.715
2026-09-14T15:25:00Z,2026-09-14T15:30:00Z,93.71,93.95,93.63,93.895
2026-09-14T15:30:00Z,2026-09-14T15:35:00Z,93.88,94.335,93.76,94.31
2026-09-14T15:35:00Z,2026-09-14T15:40:00Z,94.32,94.46,94.125,94.46
2026-09-14T15:40:00Z,2026-09-14T15:45:00Z,94.455,94.465,94.23,94.32
2026-09-14T15:45:00Z,2026-09-14T15:50:00Z,94.315,94.32,93.95,93.975
2026-09-14T15:50:00Z,2026-09-14T15:55:00Z,93.975,94,93.885,93.985
2026-09-14T15:55:00Z,2026-09-14T16:00:00Z,93.98,94.14,93.93,93.965
2026-09-14T16:00:00Z,2026-09-14T16:05:00Z,93.965,94.01,93.86,93.89
2026-09-14T16:05:00Z,2026-09-14T16:10:00Z,93.895,94.16,93.89,94.155
2026-09-14T16:10:00Z,2026-09-14T16:15:00Z,94.16,94.225,94.07,94.07
2026-09-14T16:15:00Z,2026-09-14T16:20:00Z,94.075,94.33,94.075,94.28
2026-09-14T16:20:00Z,2026-09-14T16:25:00Z,94.285,94.35,94.15,94.33
2026-09-14T16:25:00Z,2026-09-14T16:30:00Z,94.335,94.37,94.195,94.22
2026-09-14T16:30:00Z,2026-09-14T16:35:00Z,94.21,94.38,94.185,94.25
2026-09-14T16:35:00Z,2026-09-14T16:40:00Z,94.25,94.34,94.14,94.335
2026-09-14T16:40:00Z,2026-09-14T16:45:00Z,94.335,94.5,94.265,94.44
2026-09-14T16:45:00Z,2026-09-14T16:50:00Z,94.44,94.995,94.39,94.92
2026-09-14T16:50:00Z,2026-09-14T16:55:00Z,94.91,95.08,94.8,95.045
2026-09-14T16:55:00Z,2026-09-14T17:00:00Z,95.05,95.09,94.87,94.905
2026-09-14T17:00:00Z,2026-09-14T17:05:00Z,94.9,94.905,94.73,94.85
2026-09-14T17:05:00Z,2026-09-14T17:10:00Z,94.85,94.88,94.69,94.715
2026-09-14T17:10:00Z,2026-09-14T17:15:00Z,94.725,94.915,94.71,94.775
2026-09-14T17:15:00Z,2026-09-14T17:20:00Z,94.765,94.88,94.75,94.785
2026-09-14T17:20:00Z,2026-09-14T17:25:00Z,94.79,94.84,94.78,94.8
2026-09-14T17:25:00Z,2026-09-14T17:30:00Z,94.805,94.87,94.75,94.855
2026-09-14T17:30:00Z,2026-09-14T17:35:00Z,94.855,94.93,94.71,94.715
2026-09-14T17:35:00Z,2026-09-14T17:40:00Z,94.71,94.72,94.61,94.695
2026-09-14T17:40:00Z,2026-09-14T17:45:00Z,94.69,94.725,94.59,94.61
2026-09-14T17:45:00Z,2026-09-14T17:50:00Z,94.605,94.63,94.545,94.595
2026-09-14T17:50:00Z,2026-09-14T17:55:00Z,94.595,94.67,94.535,94.625
2026-09-14T17:55:00Z,2026-09-14T18:00:00Z,94.625,94.66,94.53,94.53
2026-09-14T18:00:00Z,2026-09-14T18:05:00Z,94.535,94.65,94.43,94.435
2026-09-14T18:05:00Z,2026-09-14T18:10:00Z,94.445,94.475,94.345,94.4
2026-09-14T18:10:00Z,2026-09-14T18:15:00Z,94.4,94.46,94.36,94.455
2026-09-14T18:15:00Z,2026-09-14T18:20:00Z,94.45,94.535,94.425,94.485
2026-09-14T18:20:00Z,2026-09-14T18:25:00Z,94.48,94.545,94.375,94.38
2026-09-14T18:25:00Z,2026-09-14T18:30:00Z,94.39,94.405,94.275,94.345
2026-09-14T18:30:00Z,2026-09-14T18:35:00Z,94.34,94.57,94.325,94.505
2026-09-14T18:35:00Z,2026-09-14T18:40:00Z,94.505,94.625,94.5,94.59
2026-09-14T18:40:00Z,2026-09-14T18:45:00Z,94.595,94.62,94.54,94.575
2026-09-14T18:45:00Z,2026-09-14T18:50:00Z,94.57,94.645,94.555,94.58
2026-09-14T18:50:00Z,2026-09-14T18:55:00Z,94.565,94.565,94.415,94.465
2026-09-14T18:55:00Z,2026-09-14T19:00:00Z,94.46,94.505,94.42,94.47
2026-09-14T19:00:00Z,2026-09-14T19:05:00Z,94.475,94.505,94.345,94.41
2026-09-14T19:05:00Z,2026-09-14T19:10:00Z,94.41,94.44,94.365,94.365
2026-09-14T19:10:00Z,2026-09-14T19:15:00Z,94.37,94.445,94.345,94.415
2026-09-14T19:15:00Z,2026-09-14T19:20:00Z,94.415,94.415,94.255,94.305
2026-09-14T19:20:00Z,2026-09-14T19:25:00Z,94.305,94.335,94.205,94.245
2026-09-14T19:25:00Z,2026-09-14T19:30:00Z,94.245,94.32,94.245,94.275
2026-09-14T19:30:00Z,2026-09-14T19:35:00Z,94.275,94.3,94.225,94.235
2026-09-14T19:35:00Z,2026-09-14T19:40:00Z,94.235,94.285,94.215,94.225
2026-09-14T19:40:00Z,2026-09-14T19:45:00Z,94.22,94.235,94.175,94.215
2026-09-14T19:45:00Z,2026-09-14T19:50:00Z,94.205,94.21,94.085,94.095
2026-09-14T19:50:00Z,2026-09-14T19:55:00Z,94.095,94.165,94.035,94.14
2026-09-14T19:55:00Z,2026-09-14T20:00:00Z,94.135,94.175,93.995,94.16
2026-09-15T13:30:00Z,2026-09-15T13:35:00Z,94.525,94.74,94.18,94.42
2026-09-15T13:35:00Z,2026-09-15T13:40:00Z,94.425,94.49,93.9,93.92
2026-09-15T13:40:00Z,2026-09-15T13:45:00Z,93.94,94.225,93.905,94.1
2026-09-15T13:45:00Z,2026-09-15T13:50:00Z,94.095,94.165,93.865,94.03
2026-09-15T13:50:00Z,2026-09-15T13:55:00Z,94.04,94.21,93.97,94.18
2026-09-15T13:55:00Z,2026-09-15T14:00:00Z,94.18,94.205,94.03,94.055
2026-09-15T14:00:00Z,2026-09-15T14:05:00Z,94.05,94.23,93.825,93.83
2026-09-15T14:05:00Z,2026-09-15T14:10:00Z,93.82,94.07,93.8,93.86
2026-09-15T14:10:00Z,2026-09-15T14:15:00Z,93.865,93.92,93.58,93.635
2026-09-15T14:15:00Z,2026-09-15T14:20:00Z,93.64,93.66,93.35,93.55
2026-09-15T14:20:00Z,2026-09-15T14:25:00Z,93.54,93.595,93.195,93.275
2026-09-15T14:25:00Z,2026-09-15T14:30:00Z,93.27,93.3,93.07,93.145
2026-09-15T14:30:00Z,2026-09-15T14:35:00Z,93.15,93.335,92.965,93.315
2026-09-15T14:35:00Z,2026-09-15T14:40:00Z,93.325,93.38,93.005,93.07
2026-09-15T14:40:00Z,2026-09-15T14:45:00Z,93.075,93.22,93.02,93.11
2026-09-15T14:45:00Z,2026-09-15T14:50:00Z,93.1,93.145,93.005,93.03
2026-09-15T14:50:00Z,2026-09-15T14:55:00Z,93.02,93.095,92.85,92.98
2026-09-15T14:55:00Z,2026-09-15T15:00:00Z,92.985,92.995,92.86,92.86
2026-09-15T15:00:00Z,2026-09-15T15:05:00Z,92.865,93.14,92.86,93.14
2026-09-15T15:05:00Z,2026-09-15T15:10:00Z,93.15,93.18,93.02,93.08
2026-09-15T15:10:00Z,2026-09-15T15:15:00Z,93.075,93.235,93.02,93.125
2026-09-15T15:15:00Z,2026-09-15T15:20:00Z,93.12,93.14,92.98,93.01
2026-09-15T15:20:00Z,2026-09-15T15:25:00Z,93.005,93.06,92.91,93.05
2026-09-15T15:25:00Z,2026-09-15T15:30:00Z,93.06,93.105,92.965,93.04
2026-09-15T15:30:00Z,2026-09-15T15:35:00Z,93.045,93.12,92.94,92.99
2026-09-15T15:35:00Z,2026-09-15T15:40:00Z,93,93.01,92.945,92.985
2026-09-15T15:40:00Z,2026-09-15T15:45:00Z,92.99,93.21,92.99,93.16
2026-09-15T15:45:00Z,2026-09-15T15:50:00Z,93.16,93.23,93.11,93.17
2026-09-15T15:50:00Z,2026-09-15T15:55:00Z,93.16,93.455,93.16,93.27
2026-09-15T15:55:00Z,2026-09-15T16:00:00Z,93.26,93.43,93.1,93.105
2026-09-15T16:00:00Z,2026-09-15T16:05:00Z,93.095,93.39,93.08,93.39
2026-09-15T16:05:00Z,2026-09-15T16:10:00Z,93.385,93.485,93.335,93.48
2026-09-15T16:10:00Z,2026-09-15T16:15:00Z,93.475,93.495,93.315,93.325
2026-09-15T16:15:00Z,2026-09-15T16:20:00Z,93.33,93.48,93.285,93.48
2026-09-15T16:20:00Z,2026-09-15T16:25:00Z,93.46,93.77,93.44,93.735
2026-09-15T16:25:00Z,2026-09-15T16:30:00Z,93.74,93.74,93.64,93.69
2026-09-15T16:30:00Z,2026-09-15T16:35:00Z,93.68,93.745,93.54,93.55
2026-09-15T16:35:00Z,2026-09-15T16:40:00Z,93.545,93.7,93.53,93.62
2026-09-15T16:40:00Z,2026-09-15T16:45:00Z,93.61,93.765,93.595,93.76
2026-09-15T16:45:00Z,2026-09-15T16:50:00Z,93.765,93.8,93.705,93.71
2026-09-15T16:50:00Z,2026-09-15T16:55:00Z,93.7,93.91,93.7,93.89
2026-09-15T16:55:00Z,2026-09-15T17:00:00Z,93.895,93.9,93.76,93.765
2026-09-15T17:00:00Z,2026-09-15T17:05:00Z,93.76,93.775,93.41,93.42
2026-09-15T17:05:00Z,2026-09-15T17:10:00Z,93.425,93.54,93.395,93.54
2026-09-15T17:10:00Z,2026-09-15T17:15:00Z,93.5,93.665,93.48,93.64
2026-09-15T17:15:00Z,2026-09-15T17:20:00Z,93.64,93.64,93.485,93.52
2026-09-15T17:20:00Z,2026-09-15T17:25:00Z,93.52,93.525,93.42,93.42
2026-09-15T17:25:00Z,2026-09-15T17:30:00Z,93.42,93.475,93.36,93.42
2026-09-15T17:30:00Z,2026-09-15T17:35:00Z,93.42,93.65,93.42,93.61
2026-09-15T17:35:00Z,2026-09-15T17:40:00Z,93.61,93.74,93.585,93.62
2026-09-15T17:40:00Z,2026-09-15T17:45:00Z,93.64,93.65,93.58,93.645
2026-09-15T17:45:00Z,2026-09-15T17:50:00Z,93.63,93.73,93.63,93.705
2026-09-15T17:50:00Z,2026-09-15T17:55:00Z,93.68,93.71,93.6,93.635
2026-09-15T17:55:00Z,2026-09-15T18:00:00Z,93.645,93.7,93.635,93.64
2026-09-15T18:00:00Z,2026-09-15T18:05:00Z,93.645,93.68,93.51,93.56
2026-09-15T18:05:00Z,2026-09-15T18:10:00Z,93.55,93.7,93.54,93.69
2026-09-15T18:10:00Z,2026-09-15T18:15:00Z,93.7,93.95,93.68,93.86
2026-09-15T18:15:00Z,2026-09-15T18:20:00Z,93.87,93.98,93.815,93.965
2026-09-15T18:20:00Z,2026-09-15T18:25:00Z,93.965,93.985,93.91,93.975
2026-09-15T18:25:00Z,2026-09-15T18:30:00Z,93.975,94.045,93.95,93.97
2026-09-15T18:30:00Z,2026-09-15T18:35:00Z,93.96,93.97,93.88,93.92
2026-09-15T18:35:00Z,2026-09-15T18:40:00Z,93.93,93.95,93.88,93.92
2026-09-15T18:40:00Z,2026-09-15T18:45:00Z,93.915,94.08,93.875,93.875
2026-09-15T18:45:00Z,2026-09-15T18:50:00Z,93.88,93.975,93.85,93.97
2026-09-15T18:50:00Z,2026-09-15T18:55:00Z,93.975,94.205,93.975,94.145
2026-09-15T18:55:00Z,2026-09-15T19:00:00Z,94.145,94.185,94.085,94.17
2026-09-15T19:00:00Z,2026-09-15T19:05:00Z,94.175,94.32,94.125,94.125
2026-09-15T19:05:00Z,2026-09-15T19:10:00Z,94.125,94.125,94.02,94.025
2026-09-15T19:10:00Z,2026-09-15T19:15:00Z,94.02,94.03,93.89,93.915
2026-09-15T19:15:00Z,2026-09-15T19:20:00Z,93.915,93.985,93.9,93.925
2026-09-15T19:20:00Z,2026-09-15T19:25:00Z,93.925,93.975,93.86,93.975
2026-09-15T19:25:00Z,2026-09-15T19:30:00Z,93.97,94.035,93.955,94.01
2026-09-15T19:30:00Z,2026-09-15T19:35:00Z,94.005,94.04,93.945,94.005
2026-09-15T19:35:00Z,2026-09-15T19:40:00Z,94.005,94.035,93.965,94.03
2026-09-15T19:40:00Z,2026-09-15T19:45:00Z,94.025,94.085,94.005,94.025
2026-09-15T19:45:00Z,2026-09-15T19:50:00Z,94.01,94.035,93.965,94.015
2026-09-15T19:50:00Z,2026-09-15T19:55:00Z,94.015,94.025,93.84,93.935
2026-09-15T19:55:00Z,2026-09-15T20:00:00Z,93.94,94.16,93.875,94.11
2026-09-16T13:30:00Z,2026-09-16T13:35:00Z,95.98,95.98,95.45,95.48
2026-09-16T13:35:00Z,2026-09-16T13:40:00Z,95.495,95.64,95.14,95.185
2026-09-16T13:40:00Z,2026-09-16T13:45:00Z,95.19,95.35,94.875,94.89
2026-09-16T13:45:00Z,2026-09-16T13:50:00Z,94.885,95.015,94.78,94.81
2026-09-16T13:50:00Z,2026-09-16T13:55:00Z,94.825,94.97,94.53,94.64
2026-09-16T13:55:00Z,2026-09-16T14:00:00Z,94.645,94.695,94.45,94.505
2026-09-16T14:00:00Z,2026-09-16T14:05:00Z,94.495,94.575,94.24,94.24
2026-09-16T14:05:00Z,2026-09-16T14:10:00Z,94.245,94.32,93.94,94.225
2026-09-16T14:10:00Z,2026-09-16T14:15:00Z,94.245,94.52,94.245,94.505
2026-09-16T14:15:00Z,2026-09-16T14:20:00Z,94.5,94.52,93.885,93.89
2026-09-16T14:20:00Z,2026-09-16T14:25:00Z,93.885,94.05,93.8,93.89
2026-09-16T14:25:00Z,2026-09-16T14:30:00Z,93.895,94.15,93.89,94.125
2026-09-16T14:30:00Z,2026-09-16T14:35:00Z,94.13,94.135,93.925,94.03
2026-09-16T14:35:00Z,2026-09-16T14:40:00Z,94.03,94.27,94.03,94.14
2026-09-16T14:40:00Z,2026-09-16T14:45:00Z,94.145,94.405,94.13,94.37
2026-09-16T14:45:00Z,2026-09-16T14:50:00Z,94.365,94.735,94.34,94.705
2026-09-16T14:50:00Z,2026-09-16T14:55:00Z,94.7,94.985,94.51,94.525
2026-09-16T14:55:00Z,2026-09-16T15:00:00Z,94.52,94.815,94.41,94.81
2026-09-16T15:00:00Z,2026-09-16T15:05:00Z,94.815,94.905,94.485,94.485
2026-09-16T15:05:00Z,2026-09-16T15:10:00Z,94.49,94.975,94.47,94.915
2026-09-16T15:10:00Z,2026-09-16T15:15:00Z,94.915,94.995,94.585,94.69
2026-09-16T15:15:00Z,2026-09-16T15:20:00Z,94.685,94.78,94.62,94.73
2026-09-16T15:20:00Z,2026-09-16T15:25:00Z,94.725,94.765,94.585,94.62
2026-09-16T15:25:00Z,2026-09-16T15:30:00Z,94.615,94.63,94.415,94.42
2026-09-16T15:30:00Z,2026-09-16T15:35:00Z,94.42,94.48,94.34,94.475
2026-09-16T15:35:00Z,2026-09-16T15:40:00Z,94.48,94.68,94.46,94.64
2026-09-16T15:40:00Z,2026-09-16T15:45:00Z,94.65,94.675,94.61,94.645
2026-09-16T15:45:00Z,2026-09-16T15:50:00Z,94.64,95.13,94.58,94.67
2026-09-16T15:50:00Z,2026-09-16T15:55:00Z,94.675,94.685,94.48,94.54
2026-09-16T15:55:00Z,2026-09-16T16:00:00Z,94.545,94.62,94.48,94.55
2026-09-16T16:00:00Z,2026-09-16T16:05:00Z,94.555,94.56,94.325,94.325
2026-09-16T16:05:00Z,2026-09-16T16:10:00Z,94.33,94.45,94.32,94.385
2026-09-16T16:10:00Z,2026-09-16T16:15:00Z,94.39,94.405,94.315,94.36
2026-09-16T16:15:00Z,2026-09-16T16:20:00Z,94.37,94.415,94.27,94.33
2026-09-16T16:20:00Z,2026-09-16T16:25:00Z,94.325,94.35,94.15,94.185
2026-09-16T16:25:00Z,2026-09-16T16:30:00Z,94.19,94.2,94.085,94.16
2026-09-16T16:30:00Z,2026-09-16T16:35:00Z,94.16,94.305,94.16,94.28
2026-09-16T16:35:00Z,2026-09-16T16:40:00Z,94.28,94.28,94.15,94.25
2026-09-16T16:40:00Z,2026-09-16T16:45:00Z,94.24,94.29,94.155,94.2
2026-09-16T16:45:00Z,2026-09-16T16:50:00Z,94.2,94.335,94.2,94.25
2026-09-16T16:50:00Z,2026-09-16T16:55:00Z,94.25,94.255,94.17,94.24
2026-09-16T16:55:00Z,2026-09-16T17:00:00Z,94.235,94.275,94.18,94.21
2026-09-16T17:00:00Z,2026-09-16T17:05:00Z,94.22,94.24,94.045,94.1
2026-09-16T17:05:00Z,2026-09-16T17:10:00Z,94.1,94.17,94.05,94.1
2026-09-16T17:10:00Z,2026-09-16T17:15:00Z,94.1,94.14,94.04,94.125
2026-09-16T17:15:00Z,2026-09-16T17:20:00Z,94.12,94.19,94.11,94.17
2026-09-16T17:20:00Z,2026-09-16T17:25:00Z,94.18,94.25,94.16,94.25
2026-09-16T17:25:00Z,2026-09-16T17:30:00Z,94.255,94.345,94.24,94.325
2026-09-16T17:30:00Z,2026-09-16T17:35:00Z,94.32,94.395,94.295,94.36
2026-09-16T17:35:00Z,2026-09-16T17:40:00Z,94.37,94.37,94.24,94.25
2026-09-16T17:40:00Z,2026-09-16T17:45:00Z,94.245,94.3,94.215,94.27
2026-09-16T17:45:00Z,2026-09-16T17:50:00Z,94.27,94.355,94.265,94.29
2026-09-16T17:50:00Z,2026-09-16T17:55:00Z,94.295,94.3,94.22,94.22
2026-09-16T17:55:00Z,2026-09-16T18:00:00Z,94.215,95.02,94.215,94.645
2026-09-16T18:00:00Z,2026-09-16T18:05:00Z,94.635,95.045,92.795,93.4
2026-09-16T18:05:00Z,2026-09-16T18:10:00Z,93.39,94.17,93.39,93.82
2026-09-16T18:10:00Z,2026-09-16T18:15:00Z,93.825,93.985,92.985,93.12
2026-09-16T18:15:00Z,2026-09-16T18:20:00Z,93.11,93.36,92.82,93.315
2026-09-16T18:20:00Z,2026-09-16T18:25:00Z,93.315,93.5,93.155,93.19
2026-09-16T18:25:00Z,2026-09-16T18:30:00Z,93.195,93.46,93.09,93.45
2026-09-16T18:30:00Z,2026-09-16T18:35:00Z,93.44,93.485,92.235,92.41
2026-09-16T18:35:00Z,2026-09-16T18:40:00Z,92.415,92.93,91.825,92.8
2026-09-16T18:40:00Z,2026-09-16T18:45:00Z,92.805,93.78,92.72,93.285
2026-09-16T18:45:00Z,2026-09-16T18:50:00Z,93.28,93.625,93.035,93.155
2026-09-16T18:50:00Z,2026-09-16T18:55:00Z,93.16,93.26,92.23,92.265
2026-09-16T18:55:00Z,2026-09-16T19:00:00Z,92.27,92.535,92.105,92.19
2026-09-16T19:00:00Z,2026-09-16T19:05:00Z,92.18,92.99,92.175,92.525
2026-09-16T19:05:00Z,2026-09-16T19:10:00Z,92.53,92.74,91.82,91.86
2026-09-16T19:10:00Z,2026-09-16T19:15:00Z,91.855,91.87,91.385,91.835
2026-09-16T19:15:00Z,2026-09-16T19:20:00Z,91.84,91.99,91.37,91.59
2026-09-16T19:20:00Z,2026-09-16T19:25:00Z,91.58,91.7,91.345,91.5
2026-09-16T19:25:00Z,2026-09-16T19:30:00Z,91.505,91.67,91.185,91.6
2026-09-16T19:30:00Z,2026-09-16T19:35:00Z,91.605,92.195,91.585,92.195
2026-09-16T19:35:00Z,2026-09-16T19:40:00Z,92.19,92.25,91.84,91.985
2026-09-16T19:40:00Z,2026-09-16T19:45:00Z,91.985,92.13,91.925,92.01
2026-09-16T19:45:00Z,2026-09-16T19:50:00Z,91.99,92.325,91.98,92.295
2026-09-16T19:50:00Z,2026-09-16T19:55:00Z,92.29,92.665,92.26,92.645
2026-09-16T19:55:00Z,2026-09-16T20:00:00Z,92.64,92.82,92.545,92.795
2026-09-17T13:30:00Z,2026-09-17T13:35:00Z,95.805,95.92,95.215,95.49
2026-09-17T13:35:00Z,2026-09-17T13:40:00Z,95.48,95.68,94.83,94.83
2026-09-17T13:40:00Z,2026-09-17T13:45:00Z,94.84,94.88,94.435,94.695
2026-09-17T13:45:00Z,2026-09-17T13:50:00Z,94.71,95.545,94.555,95.47
2026-09-17T13:50:00Z,2026-09-17T13:55:00Z,95.465,95.81,95.45,95.58
2026-09-17T13:55:00Z,2026-09-17T14:00:00Z,95.585,95.86,95.565,95.8
2026-09-17T14:00:00Z,2026-09-17T14:05:00Z,95.79,95.97,95.61,95.92
2026-09-17T14:05:00Z,2026-09-17T14:10:00Z,95.89,96.59,95.82,96.525
2026-09-17T14:10:00Z,2026-09-17T14:15:00Z,96.53,96.55,96.275,96.41
2026-09-17T14:15:00Z,2026-09-17T14:20:00Z,96.405,96.535,96.21,96.4
2026-09-17T14:20:00Z,2026-09-17T14:25:00Z,96.42,96.53,96.21,96.465
2026-09-17T14:25:00Z,2026-09-17T14:30:00Z,96.46,96.68,96.425,96.52
2026-09-17T14:30:00Z,2026-09-17T14:35:00Z,96.52,96.63,96.315,96.505
2026-09-17T14:35:00Z,2026-09-17T14:40:00Z,96.51,96.545,96.055,96.06
2026-09-17T14:40:00Z,2026-09-17T14:45:00Z,96.07,96.22,95.955,96.095
2026-09-17T14:45:00Z,2026-09-17T14:50:00Z,96.105,96.19,95.96,96.09
2026-09-17T14:50:00Z,2026-09-17T14:55:00Z,96.08,96.175,95.78,95.9
2026-09-17T14:55:00Z,2026-09-17T15:00:00Z,95.89,95.89,95.63,95.785
2026-09-17T15:00:00Z,2026-09-17T15:05:00Z,95.79,95.87,95.67,95.775
2026-09-17T15:05:00Z,2026-09-17T15:10:00Z,95.78,95.86,95.67,95.82
2026-09-17T15:10:00Z,2026-09-17T15:15:00Z,95.805,96.12,95.68,96.11
2026-09-17T15:15:00Z,2026-09-17T15:20:00Z,96.09,96.23,96.045,96.12
2026-09-17T15:20:00Z,2026-09-17T15:25:00Z,96.13,96.135,95.82,95.83
2026-09-17T15:25:00Z,2026-09-17T15:30:00Z,95.83,96.025,95.775,95.97
2026-09-17T15:30:00Z,2026-09-17T15:35:00Z,95.975,96.01,95.89,95.985
2026-09-17T15:35:00Z,2026-09-17T15:40:00Z,95.99,96,95.82,95.865
2026-09-17T15:40:00Z,2026-09-17T15:45:00Z,95.865,96.09,95.84,96.045
2026-09-17T15:45:00Z,2026-09-17T15:50:00Z,96.05,96.165,96.01,96.095
2026-09-17T15:50:00Z,2026-09-17T15:55:00Z,96.105,96.195,96.01,96.195
2026-09-17T15:55:00Z,2026-09-17T16:00:00Z,96.19,96.35,96.14,96.335
2026-09-17T16:00:00Z,2026-09-17T16:05:00Z,96.33,96.47,96.28,96.28
2026-09-17T16:05:00Z,2026-09-17T16:10:00Z,96.29,96.31,96.08,96.155
2026-09-17T16:10:00Z,2026-09-17T16:15:00Z,96.16,96.165,95.945,96.015
2026-09-17T16:15:00Z,2026-09-17T16:20:00Z,96.015,96.02,95.885,95.96
2026-09-17T16:20:00Z,2026-09-17T16:25:00Z,95.96,95.965,95.87,95.88
2026-09-17T16:25:00Z,2026-09-17T16:30:00Z,95.885,95.9,95.645,95.69
2026-09-17T16:30:00Z,2026-09-17T16:35:00Z,95.685,95.685,95.4,95.475
2026-09-17T16:35:00Z,2026-09-17T16:40:00Z,95.49,95.63,95.48,95.615
2026-09-17T16:40:00Z,2026-09-17T16:45:00Z,95.605,95.655,95.58,95.64
2026-09-17T16:45:00Z,2026-09-17T16:50:00Z,95.645,95.765,95.63,95.635
2026-09-17T16:50:00Z,2026-09-17T16:55:00Z,95.635,95.635,95.515,95.62
2026-09-17T16:55:00Z,2026-09-17T17:00:00Z,95.615,95.65,95.41,95.65
2026-09-17T17:00:00Z,2026-09-17T17:05:00Z,95.645,95.83,95.605,95.82
2026-09-17T17:05:00Z,2026-09-17T17:10:00Z,95.82,95.97,95.805,95.92
2026-09-17T17:10:00Z,2026-09-17T17:15:00Z,95.92,95.94,95.845,95.875
2026-09-17T17:15:00Z,2026-09-17T17:20:00Z,95.875,95.885,95.73,95.79
2026-09-17T17:20:00Z,2026-09-17T17:25:00Z,95.785,95.865,95.755,95.82
2026-09-17T17:25:00Z,2026-09-17T17:30:00Z,95.84,95.93,95.82,95.88
2026-09-17T17:30:00Z,2026-09-17T17:35:00Z,95.875,95.93,95.82,95.86
2026-09-17T17:35:00Z,2026-09-17T17:40:00Z,95.86,95.945,95.82,95.86
2026-09-17T17:40:00Z,2026-09-17T17:45:00Z,95.865,95.935,95.84,95.89
2026-09-17T17:45:00Z,2026-09-17T17:50:00Z,95.895,95.92,95.77,95.78
2026-09-17T17:50:00Z,2026-09-17T17:55:00Z,95.77,95.9,95.77,95.83
2026-09-17T17:55:00Z,2026-09-17T18:00:00Z,95.83,95.945,95.83,95.93
2026-09-17T18:00:00Z,2026-09-17T18:05:00Z,95.935,95.985,95.845,95.955
2026-09-17T18:05:00Z,2026-09-17T18:10:00Z,95.97,96.05,95.96,95.965
2026-09-17T18:10:00Z,2026-09-17T18:15:00Z,95.965,96.095,95.925,96.055
2026-09-17T18:15:00Z,2026-09-17T18:20:00Z,96.05,96.085,95.975,96.03
2026-09-17T18:20:00Z,2026-09-17T18:25:00Z,96.035,96.035,95.91,95.98
2026-09-17T18:25:00Z,2026-09-17T18:30:00Z,95.99,96.025,95.915,95.935
2026-09-17T18:30:00Z,2026-09-17T18:35:00Z,95.935,95.97,95.775,95.795
2026-09-17T18:35:00Z,2026-09-17T18:40:00Z,95.795,95.83,95.75,95.77
2026-09-17T18:40:00Z,2026-09-17T18:45:00Z,95.765,95.8,95.68,95.775
2026-09-17T18:45:00Z,2026-09-17T18:50:00Z,95.78,95.79,95.695,95.755
2026-09-17T18:50:00Z,2026-09-17T18:55:00Z,95.755,95.76,95.66,95.695
2026-09-17T18:55:00Z,2026-09-17T19:00:00Z,95.695,95.735,95.66,95.73
2026-09-17T19:00:00Z,2026-09-17T19:05:00Z,95.735,95.95,95.73,95.86
2026-09-17T19:05:00Z,2026-09-17T19:10:00Z,95.865,95.955,95.855,95.93
2026-09-17T19:10:00Z,2026-09-17T19:15:00Z,95.925,95.935,95.85,95.91
2026-09-17T19:15:00Z,2026-09-17T19:20:00Z,95.905,95.91,95.74,95.84
2026-09-17T19:20:00Z,2026-09-17T19:25:00Z,95.84,95.84,95.72,95.725
2026-09-17T19:25:00Z,2026-09-17T19:30:00Z,95.725,95.745,95.48,95.495
2026-09-17T19:30:00Z,2026-09-17T19:35:00Z,95.5,95.605,95.465,95.56
2026-09-17T19:35:00Z,2026-09-17T19:40:00Z,95.56,95.665,95.555,95.66
2026-09-17T19:40:00Z,2026-09-17T19:45:00Z,95.655,95.745,95.605,95.735
2026-09-17T19:45:00Z,2026-09-17T19:50:00Z,95.725,95.91,95.715,95.84
2026-09-17T19:50:00Z,2026-09-17T19:55:00Z,95.835,96.085,95.835,96.045
2026-09-17T19:55:00Z,2026-09-17T20:00:00Z,96.055,96.155,95.895,95.925
2026-09-18T13:30:00Z,2026-09-18T13:35:00Z,96.23,96.245,95.165,95.29
2026-09-18T13:35:00Z,2026-09-18T13:40:00Z,95.285,95.39,94.885,95.155
2026-09-18T13:40:00Z,2026-09-18T13:45:00Z,95.135,95.46,94.92,95.22
2026-09-18T13:45:00Z,2026-09-18T13:50:00Z,95.23,95.44,95.21,95.325
2026-09-18T13:50:00Z,2026-09-18T13:55:00Z,95.32,95.32,94.98,95.04
2026-09-18T13:55:00Z,2026-09-18T14:00:00Z,95.035,95.105,94.865,94.985
2026-09-18T14:00:00Z,2026-09-18T14:05:00Z,94.975,95.15,94.89,95.145
2026-09-18T14:05:00Z,2026-09-18T14:10:00Z,95.14,95.14,94.735,94.785
2026-09-18T14:10:00Z,2026-09-18T14:15:00Z,94.785,95.065,94.785,94.955
2026-09-18T14:15:00Z,2026-09-18T14:20:00Z,94.96,95.07,94.645,94.655
2026-09-18T14:20:00Z,2026-09-18T14:25:00Z,94.655,94.835,94.44,94.745
2026-09-18T14:25:00Z,2026-09-18T14:30:00Z,94.745,94.78,94.465,94.47
2026-09-18T14:30:00Z,2026-09-18T14:35:00Z,94.475,94.725,94.435,94.535
2026-09-18T14:35:00Z,2026-09-18T14:40:00Z,94.54,94.965,94.405,94.94
2026-09-18T14:40:00Z,2026-09-18T14:45:00Z,94.935,94.935,94.705,94.735
2026-09-18T14:45:00Z,2026-09-18T14:50:00Z,94.745,94.965,94.675,94.855
2026-09-18T14:50:00Z,2026-09-18T14:55:00Z,94.85,95.035,94.765,94.78
2026-09-18T14:55:00Z,2026-09-18T15:00:00Z,94.77,94.82,94.37,94.445
2026-09-18T15:00:00Z,2026-09-18T15:05:00Z,94.44,94.56,94.395,94.5
2026-09-18T15:05:00Z,2026-09-18T15:10:00Z,94.495,94.59,94.255,94.26
2026-09-18T15:10:00Z,2026-09-18T15:15:00Z,94.265,94.47,94.22,94.455
2026-09-18T15:15:00Z,2026-09-18T15:20:00Z,94.45,94.61,94.385,94.605
2026-09-18T15:20:00Z,2026-09-18T15:25:00Z,94.6,94.6,94.31,94.385
2026-09-18T15:25:00Z,2026-09-18T15:30:00Z,94.38,94.62,94.375,94.585
2026-09-18T15:30:00Z,2026-09-18T15:35:00Z,94.58,94.885,94.565,94.88
2026-09-18T15:35:00Z,2026-09-18T15:40:00Z,94.885,94.9,94.565,94.57
2026-09-18T15:40:00Z,2026-09-18T15:45:00Z,94.565,94.75,94.5,94.715
2026-09-18T15:45:00Z,2026-09-18T15:50:00Z,94.72,94.855,94.72,94.8
2026-09-18T15:50:00Z,2026-09-18T15:55:00Z,94.8,94.855,94.71,94.77
2026-09-18T15:55:00Z,2026-09-18T16:00:00Z,94.775,94.91,94.765,94.905
2026-09-18T16:00:00Z,2026-09-18T16:05:00Z,94.91,94.955,94.82,94.875
2026-09-18T16:05:00Z,2026-09-18T16:10:00Z,94.88,94.97,94.8,94.86
2026-09-18T16:10:00Z,2026-09-18T16:15:00Z,94.87,94.98,94.76,94.82
2026-09-18T16:15:00Z,2026-09-18T16:20:00Z,94.82,94.91,94.765,94.9
2026-09-18T16:20:00Z,2026-09-18T16:25:00Z,94.905,95.025,94.89,95.01
2026-09-18T16:25:00Z,2026-09-18T16:30:00Z,95.01,95.39,94.94,95.345
2026-09-18T16:30:00Z,2026-09-18T16:35:00Z,95.335,95.545,95.19,95.455
2026-09-18T16:35:00Z,2026-09-18T16:40:00Z,95.45,95.505,95.355,95.42
2026-09-18T16:40:00Z,2026-09-18T16:45:00Z,95.425,95.46,95.23,95.3
2026-09-18T16:45:00Z,2026-09-18T16:50:00Z,95.31,95.42,95.24,95.375
2026-09-18T16:50:00Z,2026-09-18T16:55:00Z,95.37,95.48,95.34,95.48
2026-09-18T16:55:00Z,2026-09-18T17:00:00Z,95.485,95.49,95.425,95.475
2026-09-18T17:00:00Z,2026-09-18T17:05:00Z,95.475,95.59,95.38,95.45
2026-09-18T17:05:00Z,2026-09-18T17:10:00Z,95.445,95.565,95.4,95.565
2026-09-18T17:10:00Z,2026-09-18T17:15:00Z,95.58,95.58,95.465,95.49
2026-09-18T17:15:00Z,2026-09-18T17:20:00Z,95.48,95.52,95.43,95.45
2026-09-18T17:20:00Z,2026-09-18T17:25:00Z,95.455,95.47,95.385,95.44
2026-09-18T17:25:00Z,2026-09-18T17:30:00Z,95.435,95.525,95.41,95.5
2026-09-18T17:30:00Z,2026-09-18T17:35:00Z,95.495,95.67,95.465,95.67
2026-09-18T17:35:00Z,2026-09-18T17:40:00Z,95.66,95.8,95.65,95.7
2026-09-18T17:40:00Z,2026-09-18T17:45:00Z,95.7,95.85,95.64,95.8
2026-09-18T17:45:00Z,2026-09-18T17:50:00Z,95.8,95.805,95.69,95.69
2026-09-18T17:50:00Z,2026-09-18T17:55:00Z,95.685,95.76,95.67,95.695
2026-09-18T17:55:00Z,2026-09-18T18:00:00Z,95.695,95.76,95.67,95.71
2026-09-18T18:00:00Z,2026-09-18T18:05:00Z,95.705,95.74,95.66,95.665
2026-09-18T18:05:00Z,2026-09-18T18:10:00Z,95.665,95.77,95.64,95.71
2026-09-18T18:10:00Z,2026-09-18T18:15:00Z,95.715,95.78,95.635,95.72
2026-09-18T18:15:00Z,2026-09-18T18:20:00Z,95.725,95.73,95.545,95.63
2026-09-18T18:20:00Z,2026-09-18T18:25:00Z,95.63,95.64,95.475,95.495
2026-09-18T18:25:00Z,2026-09-18T18:30:00Z,95.5,95.555,95.46,95.55
2026-09-18T18:30:00Z,2026-09-18T18:35:00Z,95.555,95.555,95.41,95.48
2026-09-18T18:35:00Z,2026-09-18T18:40:00Z,95.485,95.485,95.405,95.42
2026-09-18T18:40:00Z,2026-09-18T18:45:00Z,95.415,95.42,95.32,95.33
2026-09-18T18:45:00Z,2026-09-18T18:50:00Z,95.335,95.4,95.3,95.34
2026-09-18T18:50:00Z,2026-09-18T18:55:00Z,95.35,95.385,95.315,95.315
2026-09-18T18:55:00Z,2026-09-18T19:00:00Z,95.32,95.38,95.305,95.355
2026-09-18T19:00:00Z,2026-09-18T19:05:00Z,95.36,95.39,95.25,95.34
2026-09-18T19:05:00Z,2026-09-18T19:10:00Z,95.34,95.44,95.335,95.41
2026-09-18T19:10:00Z,2026-09-18T19:15:00Z,95.405,95.435,95.36,95.415
2026-09-18T19:15:00Z,2026-09-18T19:20:00Z,95.42,95.43,95.27,95.285
2026-09-18T19:20:00Z,2026-09-18T19:25:00Z,95.285,95.34,95.245,95.325
2026-09-18T19:25:00Z,2026-09-18T19:30:00Z,95.325,95.335,95.255,95.315
2026-09-18T19:30:00Z,2026-09-18T19:35:00Z,95.305,95.345,95.29,95.315
2026-09-18T19:35:00Z,2026-09-18T19:40:00Z,95.31,95.355,95.24,95.345
2026-09-18T19:40:00Z,2026-09-18T19:45:00Z,95.355,95.485,95.33,95.465
2026-09-18T19:45:00Z,2026-09-18T19:50:00Z,95.47,95.62,95.36,95.61
2026-09-18T19:50:00Z,2026-09-18T19:55:00Z,95.625,95.635,95.315,95.335
2026-09-18T19:55:00Z,2026-09-18T20:00:00Z,95.34,95.615,95.3,95.495
2026-09-21T13:30:00Z,2026-09-21T13:35:00Z,95.92,95.94,94.915,94.935
2026-09-21T13:35:00Z,2026-09-21T13:40:00Z,94.925,95.155,94.845,95.055
2026-09-21T13:40:00Z,2026-09-21T13:45:00Z,95.05,95.09,94.72,95.015
2026-09-21T13:45:00Z,2026-09-21T13:50:00Z,95.01,95.035,94.735,94.92
2026-09-21T13:50:00Z,2026-09-21T13:55:00Z,94.93,94.93,94.59,94.59
2026-09-21T13:55:00Z,2026-09-21T14:00:00Z,94.61,94.855,94.54,94.68
2026-09-21T14:00:00Z,2026-09-21T14:05:00Z,94.69,94.72,93.85,93.905
2026-09-21T14:05:00Z,2026-09-21T14:10:00Z,93.895,94.22,93.7,94.21
2026-09-21T14:10:00Z,2026-09-21T14:15:00Z,94.215,94.37,94.12,94.26
2026-09-21T14:15:00Z,2026-09-21T14:20:00Z,94.255,94.375,94.135,94.2
2026-09-21T14:20:00Z,2026-09-21T14:25:00Z,94.205,94.42,94.13,94.355
2026-09-21T14:25:00Z,2026-09-21T14:30:00Z,94.335,94.54,94.2,94.49
2026-09-21T14:30:00Z,2026-09-21T14:35:00Z,94.495,94.58,94.195,94.225
2026-09-21T14:35:00Z,2026-09-21T14:40:00Z,94.23,94.315,93.935,93.94
2026-09-21T14:40:00Z,2026-09-21T14:45:00Z,93.935,94.205,93.905,93.915
2026-09-21T14:45:00Z,2026-09-21T14:50:00Z,93.92,94.14,93.915,93.98
2026-09-21T14:50:00Z,2026-09-21T14:55:00Z,93.985,94.24,93.925,94.21
2026-09-21T14:55:00Z,2026-09-21T15:00:00Z,94.215,94.22,93.88,93.92
2026-09-21T15:00:00Z,2026-09-21T15:05:00Z,93.93,94.435,93.92,94.435
2026-09-21T15:05:00Z,2026-09-21T15:10:00Z,94.43,94.52,94.345,94.52
2026-09-21T15:10:00Z,2026-09-21T15:15:00Z,94.525,94.535,94.27,94.29
2026-09-21T15:15:00Z,2026-09-21T15:20:00Z,94.295,94.45,94.215,94.23
2026-09-21T15:20:00Z,2026-09-21T15:25:00Z,94.23,94.34,94.1,94.335
2026-09-21T15:25:00Z,2026-09-21T15:30:00Z,94.345,94.415,94.265,94.27
2026-09-21T15:30:00Z,2026-09-21T15:35:00Z,94.28,94.465,94.25,94.435
2026-09-21T15:35:00Z,2026-09-21T15:40:00Z,94.44,94.5,94.27,94.27
2026-09-21T15:40:00Z,2026-09-21T15:45:00Z,94.275,94.315,94.165,94.26
2026-09-21T15:45:00Z,2026-09-21T15:50:00Z,94.25,94.37,94.24,94.34
2026-09-21T15:50:00Z,2026-09-21T15:55:00Z,94.36,94.59,94.29,94.37
2026-09-21T15:55:00Z,2026-09-21T16:00:00Z,94.365,94.41,94.18,94.28
2026-09-21T16:00:00Z,2026-09-21T16:05:00Z,94.27,94.34,94.16,94.315
2026-09-21T16:05:00Z,2026-09-21T16:10:00Z,94.315,94.455,94.195,94.405
2026-09-21T16:10:00Z,2026-09-21T16:15:00Z,94.41,94.425,94.235,94.34
2026-09-21T16:15:00Z,2026-09-21T16:20:00Z,94.35,94.57,94.345,94.54
2026-09-21T16:20:00Z,2026-09-21T16:25:00Z,94.535,94.545,94.2,94.22
2026-09-21T16:25:00Z,2026-09-21T16:30:00Z,94.225,94.23,94.1,94.16
2026-09-21T16:30:00Z,2026-09-21T16:35:00Z,94.16,94.18,94.11,94.13
2026-09-21T16:35:00Z,2026-09-21T16:40:00Z,94.13,94.17,94.05,94.065
2026-09-21T16:40:00Z,2026-09-21T16:45:00Z,94.06,94.11,93.97,94.015
2026-09-21T16:45:00Z,2026-09-21T16:50:00Z,94.02,94.085,93.985,94.03
2026-09-21T16:50:00Z,2026-09-21T16:55:00Z,94.03,94.06,93.875,93.92
2026-09-21T16:55:00Z,2026-09-21T17:00:00Z,93.91,93.99,93.9,93.905
2026-09-21T17:00:00Z,2026-09-21T17:05:00Z,93.92,93.96,93.875,93.925
2026-09-21T17:05:00Z,2026-09-21T17:10:00Z,93.925,93.965,93.92,93.965
2026-09-21T17:10:00Z,2026-09-21T17:15:00Z,93.965,94.095,93.965,94.07
2026-09-21T17:15:00Z,2026-09-21T17:20:00Z,94.08,94.09,94.005,94.04
2026-09-21T17:20:00Z,2026-09-21T17:25:00Z,94.04,94.115,94.02,94.045
2026-09-21T17:25:00Z,2026-09-21T17:30:00Z,94.05,94.13,94.02,94.11
2026-09-21T17:30:00Z,2026-09-21T17:35:00Z,94.115,94.14,94.005,94.05
2026-09-21T17:35:00Z,2026-09-21T17:40:00Z,94.045,94.13,94.035,94.085
2026-09-21T17:40:00Z,2026-09-21T17:45:00Z,94.085,94.24,94.06,94.095
2026-09-21T17:45:00Z,2026-09-21T17:50:00Z,94.095,94.23,94.07,94.21
2026-09-21T17:50:00Z,2026-09-21T17:55:00Z,94.205,94.24,94.15,94.165
2026-09-21T17:55:00Z,2026-09-21T18:00:00Z,94.16,94.2,94.11,94.15
2026-09-21T18:00:00Z,2026-09-21T18:05:00Z,94.155,94.265,94.13,94.25
2026-09-21T18:05:00Z,2026-09-21T18:10:00Z,94.25,94.375,94.24,94.335
2026-09-21T18:10:00Z,2026-09-21T18:15:00Z,94.335,94.42,94.285,94.415
2026-09-21T18:15:00Z,2026-09-21T18:20:00Z,94.415,94.58,94.415,94.565
2026-09-21T18:20:00Z,2026-09-21T18:25:00Z,94.57,94.615,94.46,94.475
2026-09-21T18:25:00Z,2026-09-21T18:30:00Z,94.475,94.52,94.415,94.515
2026-09-21T18:30:00Z,2026-09-21T18:35:00Z,94.525,94.66,94.515,94.585
2026-09-21T18:35:00Z,2026-09-21T18:40:00Z,94.585,94.605,94.45,94.53
2026-09-21T18:40:00Z,2026-09-21T18:45:00Z,94.53,94.625,94.51,94.615
2026-09-21T18:45:00Z,2026-09-21T18:50:00Z,94.61,94.64,94.585,94.595
2026-09-21T18:50:00Z,2026-09-21T18:55:00Z,94.61,94.62,94.55,94.56
2026-09-21T18:55:00Z,2026-09-21T19:00:00Z,94.56,94.585,94.505,94.515
2026-09-21T19:00:00Z,2026-09-21T19:05:00Z,94.525,94.535,94.405,94.46
2026-09-21T19:05:00Z,2026-09-21T19:10:00Z,94.465,94.52,94.445,94.51
2026-09-21T19:10:00Z,2026-09-21T19:15:00Z,94.515,94.585,94.495,94.525
2026-09-21T19:15:00Z,2026-09-21T19:20:00Z,94.525,94.565,94.5,94.52
2026-09-21T19:20:00Z,2026-09-21T19:25:00Z,94.525,94.56,94.42,94.425
2026-09-21T19:25:00Z,2026-09-21T19:30:00Z,94.425,94.525,94.39,94.47
2026-09-21T19:30:00Z,2026-09-21T19:35:00Z,94.465,94.67,94.465,94.64
2026-09-21T19:35:00Z,2026-09-21T19:40:00Z,94.645,94.765,94.615,94.765
2026-09-21T19:40:00Z,2026-09-21T19:45:00Z,94.76,94.785,94.63,94.655
2026-09-21T19:45:00Z,2026-09-21T19:50:00Z,94.65,94.7,94.475,94.475
2026-09-21T19:50:00Z,2026-09-21T19:55:00Z,94.46,94.55,94.415,94.515
2026-09-21T19:55:00Z,2026-09-21T20:00:00Z,94.505,94.645,94.38,94.42
2026-09-22T13:30:00Z,2026-09-22T13:35:00Z,94.64,95.335,94.5,95.205
2026-09-22T13:35:00Z,2026-09-22T13:40:00Z,95.21,95.565,95.075,95.325
2026-09-22T13:40:00Z,2026-09-22T13:45:00Z,95.315,96.01,95.175,95.975
2026-09-22T13:45:00Z,2026-09-22T13:50:00Z,96.01,96.315,95.745,96.225
2026-09-22T13:50:00Z,2026-09-22T13:55:00Z,96.215,96.225,95.805,95.885
2026-09-22T13:55:00Z,2026-09-22T14:00:00Z,95.88,95.88,95.665,95.695
2026-09-22T14:00:00Z,2026-09-22T14:05:00Z,95.705,95.785,95.16,95.165
2026-09-22T14:05:00Z,2026-09-22T14:10:00Z,95.17,95.45,95.09,95.375
2026-09-22T14:10:00Z,2026-09-22T14:15:00Z,95.37,95.805,95.35,95.675
2026-09-22T14:15:00Z,2026-09-22T14:20:00Z,95.675,95.71,95.29,95.5
2026-09-22T14:20:00Z,2026-09-22T14:25:00Z,95.495,95.675,95.395,95.59
2026-09-22T14:25:00Z,2026-09-22T14:30:00Z,95.6,95.615,95.29,95.395
2026-09-22T14:30:00Z,2026-09-22T14:35:00Z,95.4,95.45,95.145,95.175
2026-09-22T14:35:00Z,2026-09-22T14:40:00Z,95.17,95.52,95.065,95.085
2026-09-22T14:40:00Z,2026-09-22T14:45:00Z,95.08,95.09,94.68,94.89
2026-09-22T14:45:00Z,2026-09-22T14:50:00Z,94.88,95.135,94.815,95.11
2026-09-22T14:50:00Z,2026-09-22T14:55:00Z,95.115,95.4,95.04,95.355
2026-09-22T14:55:00Z,2026-09-22T15:00:00Z,95.35,95.475,95.345,95.355
2026-09-22T15:00:00Z,2026-09-22T15:05:00Z,95.36,95.54,95.265,95.44
2026-09-22T15:05:00Z,2026-09-22T15:10:00Z,95.435,95.775,95.355,95.61
2026-09-22T15:10:00Z,2026-09-22T15:15:00Z,95.605,95.8,95.535,95.735
2026-09-22T15:15:00Z,2026-09-22T15:20:00Z,95.75,95.895,95.72,95.73
2026-09-22T15:20:00Z,2026-09-22T15:25:00Z,95.74,95.985,95.69,95.94
2026-09-22T15:25:00Z,2026-09-22T15:30:00Z,95.95,95.955,95.735,95.74
2026-09-22T15:30:00Z,2026-09-22T15:35:00Z,95.735,95.775,95.565,95.635
2026-09-22T15:35:00Z,2026-09-22T15:40:00Z,95.625,95.705,95.6,95.68
2026-09-22T15:40:00Z,2026-09-22T15:45:00Z,95.675,95.675,95.585,95.6
2026-09-22T15:45:00Z,2026-09-22T15:50:00Z,95.595,95.6,95.485,95.56
2026-09-22T15:50:00Z,2026-09-22T15:55:00Z,95.565,95.64,95.56,95.61
2026-09-22T15:55:00Z,2026-09-22T16:00:00Z,95.605,95.765,95.585,95.755
2026-09-22T16:00:00Z,2026-09-22T16:05:00Z,95.74,95.82,95.615,95.64
2026-09-22T16:05:00Z,2026-09-22T16:10:00Z,95.63,95.725,95.52,95.52
2026-09-22T16:10:00Z,2026-09-22T16:15:00Z,95.525,95.625,95.47,95.61
2026-09-22T16:15:00Z,2026-09-22T16:20:00Z,95.595,95.71,95.585,95.68
2026-09-22T16:20:00Z,2026-09-22T16:25:00Z,95.69,95.7,95.5,95.55
2026-09-22T16:25:00Z,2026-09-22T16:30:00Z,95.55,95.675,95.55,95.65
2026-09-22T16:30:00Z,2026-09-22T16:35:00Z,95.655,95.79,95.635,95.78
2026-09-22T16:35:00Z,2026-09-22T16:40:00Z,95.77,95.88,95.735,95.87
2026-09-22T16:40:00Z,2026-09-22T16:45:00Z,95.88,95.96,95.835,95.96
2026-09-22T16:45:00Z,2026-09-22T16:50:00Z,95.96,96.37,95.95,96.31
2026-09-22T16:50:00Z,2026-09-22T16:55:00Z,96.315,96.37,96.185,96.245
2026-09-22T16:55:00Z,2026-09-22T17:00:00Z,96.245,96.34,96.205,96.3
2026-09-22T17:00:00Z,2026-09-22T17:05:00Z,96.295,96.315,96.16,96.27
2026-09-22T17:05:00Z,2026-09-22T17:10:00Z,96.275,96.375,96.22,96.23
2026-09-22T17:10:00Z,2026-09-22T17:15:00Z,96.235,96.32,96.19,96.255
2026-09-22T17:15:00Z,2026-09-22T17:20:00Z,96.255,96.35,96.225,96.225
2026-09-22T17:20:00Z,2026-09-22T17:25:00Z,96.225,96.27,96.06,96.07
2026-09-22T17:25:00Z,2026-09-22T17:30:00Z,96.07,96.23,96.045,96.225
2026-09-22T17:30:00Z,2026-09-22T17:35:00Z,96.23,96.23,96.12,96.2
2026-09-22T17:35:00Z,2026-09-22T17:40:00Z,96.2,96.22,96.12,96.135
2026-09-22T17:40:00Z,2026-09-22T17:45:00Z,96.13,96.26,96.13,96.24
2026-09-22T17:45:00Z,2026-09-22T17:50:00Z,96.25,96.34,96.23,96.33
2026-09-22T17:50:00Z,2026-09-22T17:55:00Z,96.33,97.08,96.31,96.97
2026-09-22T17:55:00Z,2026-09-22T18:00:00Z,96.98,97.255,96.93,97.17
2026-09-22T18:00:00Z,2026-09-22T18:05:00Z,97.15,97.31,96.95,97.285
2026-09-22T18:05:00Z,2026-09-22T18:10:00Z,97.28,97.55,97.235,97.41
2026-09-22T18:10:00Z,2026-09-22T18:15:00Z,97.42,97.42,97.23,97.33
2026-09-22T18:15:00Z,2026-09-22T18:20:00Z,97.325,97.51,97.3,97.4
2026-09-22T18:20:00Z,2026-09-22T18:25:00Z,97.38,97.55,97.32,97.34
2026-09-22T18:25:00Z,2026-09-22T18:30:00Z,97.33,97.405,97.235,97.375
2026-09-22T18:30:00Z,2026-09-22T18:35:00Z,97.37,97.385,97.165,97.185
2026-09-22T18:35:00Z,2026-09-22T18:40:00Z,97.195,97.205,97.01,97.025
2026-09-22T18:40:00Z,2026-09-22T18:45:00Z,97.025,97.09,96.96,97.05
2026-09-22T18:45:00Z,2026-09-22T18:50:00Z,97.045,97.25,97.01,97.23
2026-09-22T18:50:00Z,2026-09-22T18:55:00Z,97.235,97.3,97.19,97.245
2026-09-22T18:55:00Z,2026-09-22T19:00:00Z,97.235,97.28,97.205,97.225
2026-09-22T19:00:00Z,2026-09-22T19:05:00Z,97.215,97.335,97.215,97.28
2026-09-22T19:05:00Z,2026-09-22T19:10:00Z,97.27,97.405,97.23,97.385
2026-09-22T19:10:00Z,2026-09-22T19:15:00Z,97.39,97.46,97.325,97.46
2026-09-22T19:15:00Z,2026-09-22T19:20:00Z,97.47,97.51,97.415,97.495
2026-09-22T19:20:00Z,2026-09-22T19:25:00Z,97.495,97.57,97.455,97.57
2026-09-22T19:25:00Z,2026-09-22T19:30:00Z,97.555,97.74,97.525,97.7
2026-09-22T19:30:00Z,2026-09-22T19:35:00Z,97.705,98.105,97.685,98.105
2026-09-22T19:35:00Z,2026-09-22T19:40:00Z,98.1,98.19,97.915,98.17
2026-09-22T19:40:00Z,2026-09-22T19:45:00Z,98.165,98.26,98.09,98.26
2026-09-22T19:45:00Z,2026-09-22T19:50:00Z,98.255,98.365,98.22,98.29
2026-09-22T19:50:00Z,2026-09-22T19:55:00Z,98.285,98.355,98.12,98.145
2026-09-22T19:55:00Z,2026-09-22T20:00:00Z,98.14,98.145,97.805,97.805
2026-09-23T13:30:00Z,2026-09-23T13:35:00Z,95.17,95.26,94.15,94.28
2026-09-23T13:35:00Z,2026-09-23T13:40:00Z,94.27,94.42,93.95,94.295
2026-09-23T13:40:00Z,2026-09-23T13:45:00Z,94.29,94.37,93.505,93.805
2026-09-23T13:45:00Z,2026-09-23T13:50:00Z,93.8,93.8,93.185,93.36
2026-09-23T13:50:00Z,2026-09-23T13:55:00Z,93.355,93.55,93.125,93.185
2026-09-23T13:55:00Z,2026-09-23T14:00:00Z,93.175,93.52,93.1,93.325
2026-09-23T14:00:00Z,2026-09-23T14:05:00Z,93.32,93.565,93.26,93.45
2026-09-23T14:05:00Z,2026-09-23T14:10:00Z,93.455,93.875,93.375,93.695
2026-09-23T14:10:00Z,2026-09-23T14:15:00Z,93.695,93.79,93.27,93.43
2026-09-23T14:15:00Z,2026-09-23T14:20:00Z,93.445,93.56,93.13,93.13
2026-09-23T14:20:00Z,2026-09-23T14:25:00Z,93.14,93.3,93.07,93.3
2026-09-23T14:25:00Z,2026-09-23T14:30:00Z,93.295,93.485,93.21,93.35
2026-09-23T14:30:00Z,2026-09-23T14:35:00Z,93.35,93.92,93.35,93.79
2026-09-23T14:35:00Z,2026-09-23T14:40:00Z,93.8,93.915,93.395,93.4
2026-09-23T14:40:00Z,2026-09-23T14:45:00Z,93.4,93.815,93.4,93.77
2026-09-23T14:45:00Z,2026-09-23T14:50:00Z,93.775,93.815,93.47,93.555
2026-09-23T14:50:00Z,2026-09-23T14:55:00Z,93.55,94.26,93.485,94.215
2026-09-23T14:55:00Z,2026-09-23T15:00:00Z,94.21,94.24,93.885,93.995
2026-09-23T15:00:00Z,2026-09-23T15:05:00Z,93.99,94,93.69,93.795
2026-09-23T15:05:00Z,2026-09-23T15:10:00Z,93.8,93.9,93.66,93.81
2026-09-23T15:10:00Z,2026-09-23T15:15:00Z,93.82,93.96,93.75,93.855
2026-09-23T15:15:00Z,2026-09-23T15:20:00Z,93.86,93.925,93.75,93.92
2026-09-23T15:20:00Z,2026-09-23T15:25:00Z,93.925,94.03,93.865,93.99
2026-09-23T15:25:00Z,2026-09-23T15:30:00Z,93.995,94.08,93.655,93.66
2026-09-23T15:30:00Z,2026-09-23T15:35:00Z,93.665,93.67,93.45,93.58
2026-09-23T15:35:00Z,2026-09-23T15:40:00Z,93.58,93.68,93.39,93.47
2026-09-23T15:40:00Z,2026-09-23T15:45:00Z,93.46,93.675,93.41,93.65
2026-09-23T15:45:00Z,2026-09-23T15:50:00Z,93.65,93.71,93.28,93.295
2026-09-23T15:50:00Z,2026-09-23T15:55:00Z,93.3,93.39,93.24,93.35
2026-09-23T15:55:00Z,2026-09-23T16:00:00Z,93.355,93.44,93.315,93.39
2026-09-23T16:00:00Z,2026-09-23T16:05:00Z,93.38,93.44,93.165,93.2
2026-09-23T16:05:00Z,2026-09-23T16:10:00Z,93.195,93.55,93.18,93.525
2026-09-23T16:10:00Z,2026-09-23T16:15:00Z,93.52,93.68,93.505,93.635
2026-09-23T16:15:00Z,2026-09-23T16:20:00Z,93.64,93.745,93.6,93.73
2026-09-23T16:20:00Z,2026-09-23T16:25:00Z,93.725,93.735,93.58,93.585
2026-09-23T16:25:00Z,2026-09-23T16:30:00Z,93.58,93.69,93.58,93.69
2026-09-23T16:30:00Z,2026-09-23T16:35:00Z,93.705,93.885,93.705,93.865
2026-09-23T16:35:00Z,2026-09-23T16:40:00Z,93.87,94.08,93.845,94
2026-09-23T16:40:00Z,2026-09-23T16:45:00Z,93.995,94.115,93.94,94.045
2026-09-23T16:45:00Z,2026-09-23T16:50:00Z,94.03,94.065,93.845,93.865
2026-09-23T16:50:00Z,2026-09-23T16:55:00Z,93.87,93.93,93.71,93.78
2026-09-23T16:55:00Z,2026-09-23T17:00:00Z,93.785,93.95,93.775,93.925
2026-09-23T17:00:00Z,2026-09-23T17:05:00Z,93.925,93.935,93.385,93.585
2026-09-23T17:05:00Z,2026-09-23T17:10:00Z,93.58,93.74,93.515,93.725
2026-09-23T17:10:00Z,2026-09-23T17:15:00Z,93.73,93.8,93.45,93.58
2026-09-23T17:15:00Z,2026-09-23T17:20:00Z,93.575,93.62,93.52,93.575
2026-09-23T17:20:00Z,2026-09-23T17:25:00Z,93.575,93.715,93.54,93.625
2026-09-23T17:25:00Z,2026-09-23T17:30:00Z,93.605,93.69,93.58,93.63
2026-09-23T17:30:00Z,2026-09-23T17:35:00Z,93.625,93.635,93.51,93.585
2026-09-23T17:35:00Z,2026-09-23T17:40:00Z,93.585,93.585,93.415,93.435
2026-09-23T17:40:00Z,2026-09-23T17:45:00Z,93.435,93.885,93.41,93.845
2026-09-23T17:45:00Z,2026-09-23T17:50:00Z,93.83,93.945,93.795,93.935
2026-09-23T17:50:00Z,2026-09-23T17:55:00Z,93.945,94.1,93.93,94.095
2026-09-23T17:55:00Z,2026-09-23T18:00:00Z,94.09,94.225,94.01,94.195
2026-09-23T18:00:00Z,2026-09-23T18:05:00Z,94.2,94.29,94.055,94.09
2026-09-23T18:05:00Z,2026-09-23T18:10:00Z,94.085,94.18,94.03,94.155
2026-09-23T18:10:00Z,2026-09-23T18:15:00Z,94.16,94.21,94.105,94.185
2026-09-23T18:15:00Z,2026-09-23T18:20:00Z,94.185,94.21,94.075,94.155
2026-09-23T18:20:00Z,2026-09-23T18:25:00Z,94.145,94.175,94.015,94.115
2026-09-23T18:25:00Z,2026-09-23T18:30:00Z,94.125,94.165,94.04,94.085
2026-09-23T18:30:00Z,2026-09-23T18:35:00Z,94.085,94.205,94.065,94.195
2026-09-23T18:35:00Z,2026-09-23T18:40:00Z,94.195,94.215,94.125,94.145
2026-09-23T18:40:00Z,2026-09-23T18:45:00Z,94.15,94.18,94.105,94.125
2026-09-23T18:45:00Z,2026-09-23T18:50:00Z,94.125,94.145,94.07,94.125
2026-09-23T18:50:00Z,2026-09-23T18:55:00Z,94.125,94.125,94.065,94.105
2026-09-23T18:55:00Z,2026-09-23T19:00:00Z,94.105,94.215,94.105,94.215
2026-09-23T19:00:00Z,2026-09-23T19:05:00Z,94.22,94.23,94.035,94.075
2026-09-23T19:05:00Z,2026-09-23T19:10:00Z,94.075,94.295,94.025,94.085
2026-09-23T19:10:00Z,2026-09-23T19:15:00Z,94.085,94.135,93.995,93.995
2026-09-23T19:15:00Z,2026-09-23T19:20:00Z,93.995,94.005,93.865,93.885
2026-09-23T19:20:00Z,2026-09-23T19:25:00Z,93.885,93.885,93.795,93.875
2026-09-23T19:25:00Z,2026-09-23T19:30:00Z,93.875,93.935,93.825,93.84
2026-09-23T19:30:00Z,2026-09-23T19:35:00Z,93.84,93.875,93.755,93.775
2026-09-23T19:35:00Z,2026-09-23T19:40:00Z,93.775,93.775,93.555,93.575
2026-09-23T19:40:00Z,2026-09-23T19:45:00Z,93.565,93.585,93.455,93.505
2026-09-23T19:45:00Z,2026-09-23T19:50:00Z,93.505,93.625,93.47,93.565
2026-09-23T19:50:00Z,2026-09-23T19:55:00Z,93.555,93.875,93.555,93.695
2026-09-23T19:55:00Z,2026-09-23T20:00:00Z,93.7,93.725,93.545,93.625
2026-09-24T13:30:00Z,2026-09-24T13:35:00Z,92.515,92.65,92,92.28
2026-09-24T13:35:00Z,2026-09-24T13:40:00Z,92.285,92.355,91.96,92.095
2026-09-24T13:40:00Z,2026-09-24T13:45:00Z,92.1,92.15,91.665,91.77
2026-09-24T13:45:00Z,2026-09-24T13:50:00Z,91.775,91.89,91.63,91.67
2026-09-24T13:50:00Z,2026-09-24T13:55:00Z,91.665,91.82,91.54,91.76
2026-09-24T13:55:00Z,2026-09-24T14:00:00Z,91.76,91.91,91.73,91.86
2026-09-24T14:00:00Z,2026-09-24T14:05:00Z,91.845,91.94,91.67,91.8
2026-09-24T14:05:00Z,2026-09-24T14:10:00Z,91.795,91.94,91.705,91.84
2026-09-24T14:10:00Z,2026-09-24T14:15:00Z,91.835,91.835,91.625,91.76
2026-09-24T14:15:00Z,2026-09-24T14:20:00Z,91.76,91.895,91.54,91.73
2026-09-24T14:20:00Z,2026-09-24T14:25:00Z,91.73,91.745,91.61,91.67
2026-09-24T14:25:00Z,2026-09-24T14:30:00Z,91.66,91.82,91.53,91.78
2026-09-24T14:30:00Z,2026-09-24T14:35:00Z,91.755,91.755,91.53,91.71
2026-09-24T14:35:00Z,2026-09-24T14:40:00Z,91.705,91.83,91.52,91.59
2026-09-24T14:40:00Z,2026-09-24T14:45:00Z,91.585,91.85,91.48,91.705
2026-09-24T14:45:00Z,2026-09-24T14:50:00Z,91.7,91.82,91.635,91.78
2026-09-24T14:50:00Z,2026-09-24T14:55:00Z,91.775,92.075,91.7,91.72
2026-09-24T14:55:00Z,2026-09-24T15:00:00Z,91.725,91.73,91.5,91.525
2026-09-24T15:00:00Z,2026-09-24T15:05:00Z,91.53,91.63,91.33,91.34
2026-09-24T15:05:00Z,2026-09-24T15:10:00Z,91.34,91.4,91.245,91.33
2026-09-24T15:10:00Z,2026-09-24T15:15:00Z,91.35,91.4,91.08,91.15
2026-09-24T15:15:00Z,2026-09-24T15:20:00Z,91.14,91.465,91.115,91.235
2026-09-24T15:20:00Z,2026-09-24T15:25:00Z,91.235,91.4,91.165,91.39
2026-09-24T15:25:00Z,2026-09-24T15:30:00Z,91.385,91.4,91.075,91.085
2026-09-24T15:30:00Z,2026-09-24T15:35:00Z,91.075,91.105,90.895,90.915
2026-09-24T15:35:00Z,2026-09-24T15:40:00Z,90.91,91.025,90.84,91.025
2026-09-24T15:40:00Z,2026-09-24T15:45:00Z,91.03,91.335,90.92,91.335
2026-09-24T15:45:00Z,2026-09-24T15:50:00Z,91.335,91.425,91.24,91.24
2026-09-24T15:50:00Z,2026-09-24T15:55:00Z,91.25,91.45,91.185,91.235
2026-09-24T15:55:00Z,2026-09-24T16:00:00Z,91.23,91.235,91.09,91.09
2026-09-24T16:00:00Z,2026-09-24T16:05:00Z,91.095,91.23,90.985,91.23
2026-09-24T16:05:00Z,2026-09-24T16:10:00Z,91.22,91.24,91.045,91.1
2026-09-24T16:10:00Z,2026-09-24T16:15:00Z,91.095,91.23,91.075,91.23
2026-09-24T16:15:00Z,2026-09-24T16:20:00Z,91.245,92.635,91.245,91.995
2026-09-24T16:20:00Z,2026-09-24T16:25:00Z,92,92.405,91.95,92.24
2026-09-24T16:25:00Z,2026-09-24T16:30:00Z,92.255,92.33,92.04,92.285
2026-09-24T16:30:00Z,2026-09-24T16:35:00Z,92.29,92.34,92.005,92.235
2026-09-24T16:35:00Z,2026-09-24T16:40:00Z,92.24,92.385,92.205,92.31
2026-09-24T16:40:00Z,2026-09-24T16:45:00Z,92.315,92.59,92.17,92.17
2026-09-24T16:45:00Z,2026-09-24T16:50:00Z,92.175,92.31,92.075,92.255
2026-09-24T16:50:00Z,2026-09-24T16:55:00Z,92.26,92.455,92.17,92.25
2026-09-24T16:55:00Z,2026-09-24T17:00:00Z,92.255,92.32,92.09,92.09
2026-09-24T17:00:00Z,2026-09-24T17:05:00Z,92.08,92.24,91.835,92.03
2026-09-24T17:05:00Z,2026-09-24T17:10:00Z,92.035,92.16,91.985,92.07
2026-09-24T17:10:00Z,2026-09-24T17:15:00Z,92.06,92.075,91.81,92.01
2026-09-24T17:15:00Z,2026-09-24T17:20:00Z,92.01,92.01,91.8,91.82
2026-09-24T17:20:00Z,2026-09-24T17:25:00Z,91.815,91.92,91.735,91.75
2026-09-24T17:25:00Z,2026-09-24T17:30:00Z,91.745,91.78,91.6,91.755
2026-09-24T17:30:00Z,2026-09-24T17:35:00Z,91.75,91.87,91.675,91.69
2026-09-24T17:35:00Z,2026-09-24T17:40:00Z,91.69,91.74,91.61,91.71
2026-09-24T17:40:00Z,2026-09-24T17:45:00Z,91.715,91.74,91.535,91.555
2026-09-24T17:45:00Z,2026-09-24T17:50:00Z,91.555,91.63,91.515,91.56
2026-09-24T17:50:00Z,2026-09-24T17:55:00Z,91.555,91.595,91.515,91.59
2026-09-24T17:55:00Z,2026-09-24T18:00:00Z,91.59,91.66,91.555,91.66
2026-09-24T18:00:00Z,2026-09-24T18:05:00Z,91.66,91.67,91.27,91.35
2026-09-24T18:05:00Z,2026-09-24T18:10:00Z,91.36,91.64,91.335,91.605
2026-09-24T18:10:00Z,2026-09-24T18:15:00Z,91.605,91.825,91.605,91.82
2026-09-24T18:15:00Z,2026-09-24T18:20:00Z,91.805,91.87,91.69,91.765
2026-09-24T18:20:00Z,2026-09-24T18:25:00Z,91.765,91.87,91.675,91.87
2026-09-24T18:25:00Z,2026-09-24T18:30:00Z,91.865,92.18,91.85,92.02
2026-09-24T18:30:00Z,2026-09-24T18:35:00Z,92.015,92.1,91.9,91.905
2026-09-24T18:35:00Z,2026-09-24T18:40:00Z,91.9,92.44,91.8,92.145
2026-09-24T18:40:00Z,2026-09-24T18:45:00Z,92.15,92.15,91.785,91.785
2026-09-24T18:45:00Z,2026-09-24T18:50:00Z,91.79,91.855,91.74,91.84
2026-09-24T18:50:00Z,2026-09-24T18:55:00Z,91.845,92.05,91.81,91.91
2026-09-24T18:55:00Z,2026-09-24T19:00:00Z,91.91,92.005,91.835,91.875
2026-09-24T19:00:00Z,2026-09-24T19:05:00Z,91.875,91.905,91.56,91.64
2026-09-24T19:05:00Z,2026-09-24T19:10:00Z,91.645,91.775,91.61,91.685
2026-09-24T19:10:00Z,2026-09-24T19:15:00Z,91.685,91.69,91.545,91.565
2026-09-24T19:15:00Z,2026-09-24T19:20:00Z,91.56,91.705,91.555,91.685
2026-09-24T19:20:00Z,2026-09-24T19:25:00Z,91.69,91.815,91.605,91.815
2026-09-24T19:25:00Z,2026-09-24T19:30:00Z,91.835,91.965,91.81,91.945
2026-09-24T19:30:00Z,2026-09-24T19:35:00Z,91.955,91.99,91.88,91.99
2026-09-24T19:35:00Z,2026-09-24T19:40:00Z,91.975,92.155,91.9,92.155
2026-09-24T19:40:00Z,2026-09-24T19:45:00Z,92.165,92.175,92.03,92.105
2026-09-24T19:45:00Z,2026-09-24T19:50:00Z,92.095,92.135,92.03,92.05
2026-09-24T19:50:00Z,2026-09-24T19:55:00Z,92.04,92.245,92.025,92.235
2026-09-24T19:55:00Z,2026-09-24T20:00:00Z,92.23,92.37,92.085,92.36
2026-09-25T13:30:00Z,2026-09-25T13:35:00Z,92.45,92.5,91.995,92.465
2026-09-25T13:35:00Z,2026-09-25T13:40:00Z,92.46,92.645,92.27,92.46
2026-09-25T13:40:00Z,2026-09-25T13:45:00Z,92.47,92.545,92.08,92.15
2026-09-25T13:45:00Z,2026-09-25T13:50:00Z,92.17,92.245,92.045,92.165
2026-09-25T13:50:00Z,2026-09-25T13:55:00Z,92.16,92.45,92.145,92.21
2026-09-25T13:55:00Z,2026-09-25T14:00:00Z,92.21,92.28,92.085,92.145
2026-09-25T14:00:00Z,2026-09-25T14:05:00Z,92.15,92.225,91.625,91.625
2026-09-25T14:05:00Z,2026-09-25T14:10:00Z,91.625,91.97,91.34,91.9
2026-09-25T14:10:00Z,2026-09-25T14:15:00Z,91.905,92,91.765,91.935
2026-09-25T14:15:00Z,2026-09-25T14:20:00Z,91.925,92.06,91.75,91.965
2026-09-25T14:20:00Z,2026-09-25T14:25:00Z,91.97,92.16,91.86,92.095
2026-09-25T14:25:00Z,2026-09-25T14:30:00Z,92.09,92.195,92.025,92.05
2026-09-25T14:30:00Z,2026-09-25T14:35:00Z,92.055,92.09,91.88,92.04
2026-09-25T14:35:00Z,2026-09-25T14:40:00Z,92.035,92.13,91.91,92.07
2026-09-25T14:40:00Z,2026-09-25T14:45:00Z,92.065,92.345,91.92,92.345
2026-09-25T14:45:00Z,2026-09-25T14:50:00Z,92.35,92.51,92.145,92.375
2026-09-25T14:50:00Z,2026-09-25T14:55:00Z,92.375,92.47,92.175,92.43
2026-09-25T14:55:00Z,2026-09-25T15:00:00Z,92.44,92.61,92.335,92.475
2026-09-25T15:00:00Z,2026-09-25T15:05:00Z,92.465,92.725,92.37,92.665
2026-09-25T15:05:00Z,2026-09-25T15:10:00Z,92.675,92.72,92.3,92.305
2026-09-25T15:10:00Z,2026-09-25T15:15:00Z,92.31,92.57,92.165,92.55
2026-09-25T15:15:00Z,2026-09-25T15:20:00Z,92.54,92.6,92.3,92.33
2026-09-25T15:20:00Z,2026-09-25T15:25:00Z,92.325,92.635,92.25,92.43
2026-09-25T15:25:00Z,2026-09-25T15:30:00Z,92.425,92.585,92.36,92.475
2026-09-25T15:30:00Z,2026-09-25T15:35:00Z,92.48,92.83,92.47,92.48
2026-09-25T15:35:00Z,2026-09-25T15:40:00Z,92.49,92.545,92.32,92.32
2026-09-25T15:40:00Z,2026-09-25T15:45:00Z,92.33,92.35,92.135,92.155
2026-09-25T15:45:00Z,2026-09-25T15:50:00Z,92.15,92.185,92.03,92.12
2026-09-25T15:50:00Z,2026-09-25T15:55:00Z,92.115,92.53,92.055,92.4
2026-09-25T15:55:00Z,2026-09-25T16:00:00Z,92.405,92.94,92.27,92.93
2026-09-25T16:00:00Z,2026-09-25T16:05:00Z,92.94,93.31,92.875,93.11
2026-09-25T16:05:00Z,2026-09-25T16:10:00Z,93.1,93.235,92.875,93.14
2026-09-25T16:10:00Z,2026-09-25T16:15:00Z,93.145,93.18,92.83,92.915
2026-09-25T16:15:00Z,2026-09-25T16:20:00Z,92.91,93.02,92.75,92.8
2026-09-25T16:20:00Z,2026-09-25T16:25:00Z,92.805,92.875,92.695,92.82
2026-09-25T16:25:00Z,2026-09-25T16:30:00Z,92.82,93.05,92.81,93.03
2026-09-25T16:30:00Z,2026-09-25T16:35:00Z,93.035,93.11,92.59,92.75
2026-09-25T16:35:00Z,2026-09-25T16:40:00Z,92.76,92.97,92.75,92.855
2026-09-25T16:40:00Z,2026-09-25T16:45:00Z,92.85,92.945,92.73,92.77
2026-09-25T16:45:00Z,2026-09-25T16:50:00Z,92.77,92.785,92.53,92.59
2026-09-25T16:50:00Z,2026-09-25T16:55:00Z,92.595,92.695,92.58,92.655
2026-09-25T16:55:00Z,2026-09-25T17:00:00Z,92.655,92.75,92.58,92.7
2026-09-25T17:00:00Z,2026-09-25T17:05:00Z,92.7,92.91,92.69,92.815
2026-09-25T17:05:00Z,2026-09-25T17:10:00Z,92.815,92.845,92.71,92.825
2026-09-25T17:10:00Z,2026-09-25T17:15:00Z,92.825,92.825,92.7,92.735
2026-09-25T17:15:00Z,2026-09-25T17:20:00Z,92.735,92.735,92.625,92.64
2026-09-25T17:20:00Z,2026-09-25T17:25:00Z,92.635,92.7,92.61,92.7
2026-09-25T17:25:00Z,2026-09-25T17:30:00Z,92.705,92.71,92.56,92.575
2026-09-25T17:30:00Z,2026-09-25T17:35:00Z,92.585,92.68,92.54,92.595
2026-09-25T17:35:00Z,2026-09-25T17:40:00Z,92.6,92.66,92.455,92.57
2026-09-25T17:40:00Z,2026-09-25T17:45:00Z,92.58,92.71,92.555,92.64
2026-09-25T17:45:00Z,2026-09-25T17:50:00Z,92.635,92.68,92.545,92.615
2026-09-25T17:50:00Z,2026-09-25T17:55:00Z,92.61,92.655,92.57,92.625
2026-09-25T17:55:00Z,2026-09-25T18:00:00Z,92.625,92.675,92.595,92.67
2026-09-25T18:00:00Z,2026-09-25T18:05:00Z,92.685,92.695,92.635,92.665
2026-09-25T18:05:00Z,2026-09-25T18:10:00Z,92.66,92.745,92.63,92.735
2026-09-25T18:10:00Z,2026-09-25T18:15:00Z,92.735,92.755,92.655,92.735
2026-09-25T18:15:00Z,2026-09-25T18:20:00Z,92.735,92.77,92.7,92.735
2026-09-25T18:20:00Z,2026-09-25T18:25:00Z,92.725,92.725,92.635,92.695
2026-09-25T18:25:00Z,2026-09-25T18:30:00Z,92.695,92.75,92.515,92.645
2026-09-25T18:30:00Z,2026-09-25T18:35:00Z,92.645,92.835,92.63,92.825
2026-09-25T18:35:00Z,2026-09-25T18:40:00Z,92.825,92.86,92.695,92.695
2026-09-25T18:40:00Z,2026-09-25T18:45:00Z,92.695,92.795,92.685,92.79
2026-09-25T18:45:00Z,2026-09-25T18:50:00Z,92.795,92.865,92.76,92.85
2026-09-25T18:50:00Z,2026-09-25T18:55:00Z,92.855,92.895,92.775,92.8
2026-09-25T18:55:00Z,2026-09-25T19:00:00Z,92.8,92.875,92.785,92.875
2026-09-25T19:00:00Z,2026-09-25T19:05:00Z,92.88,92.975,92.8,92.875
2026-09-25T19:05:00Z,2026-09-25T19:10:00Z,92.875,92.955,92.83,92.915
2026-09-25T19:10:00Z,2026-09-25T19:15:00Z,92.905,92.99,92.885,92.965
2026-09-25T19:15:00Z,2026-09-25T19:20:00Z,92.965,92.965,92.86,92.86
2026-09-25T19:20:00Z,2026-09-25T19:25:00Z,92.865,92.875,92.78,92.795
2026-09-25T19:25:00Z,2026-09-25T19:30:00Z,92.795,92.805,92.665,92.705
2026-09-25T19:30:00Z,2026-09-25T19:35:00Z,92.705,92.765,92.655,92.755
2026-09-25T19:35:00Z,2026-09-25T19:40:00Z,92.755,92.955,92.755,92.905
2026-09-25T19:40:00Z,2026-09-25T19:45:00Z,92.905,92.945,92.845,92.905
2026-09-25T19:45:00Z,2026-09-25T19:50:00Z,92.915,92.985,92.865,92.88
2026-09-25T19:50:00Z,2026-09-25T19:55:00Z,92.885,93.01,92.84,92.84
2026-09-25T19:55:00Z,2026-09-25T20:00:00Z,92.845,92.875,92.8,92.845
2026-09-28T13:30:00Z,2026-09-28T13:35:00Z,88.115,88.275,87.685,87.825
2026-09-28T13:35:00Z,2026-09-28T13:40:00Z,87.83,88.355,87.36,88.245
2026-09-28T13:40:00Z,2026-09-28T13:45:00Z,88.23,88.87,88.175,88.865
2026-09-28T13:45:00Z,2026-09-28T13:50:00Z,88.87,89.285,88.855,89.075
2026-09-28T13:50:00Z,2026-09-28T13:55:00Z,89.07,89.215,88.92,89.11
2026-09-28T13:55:00Z,2026-09-28T14:00:00Z,89.1,89.34,89.01,89.23
2026-09-28T14:00:00Z,2026-09-28T14:05:00Z,89.22,89.43,88.91,88.93
2026-09-28T14:05:00Z,2026-09-28T14:10:00Z,88.94,89.205,88.905,89.005
2026-09-28T14:10:00Z,2026-09-28T14:15:00Z,88.985,89.08,88.865,88.92
2026-09-28T14:15:00Z,2026-09-28T14:20:00Z,88.91,89.02,88.82,88.875
2026-09-28T14:20:00Z,2026-09-28T14:25:00Z,88.87,89.04,88.705,89.01
2026-09-28T14:25:00Z,2026-09-28T14:30:00Z,89.01,89.145,88.86,89.1
2026-09-28T14:30:00Z,2026-09-28T14:35:00Z,89.095,89.1,88.825,88.88
2026-09-28T14:35:00Z,2026-09-28T14:40:00Z,88.885,89.02,88.815,88.915
2026-09-28T14:40:00Z,2026-09-28T14:45:00Z,88.915,88.915,88.555,88.6
2026-09-28T14:45:00Z,2026-09-28T14:50:00Z,88.595,88.625,88.125,88.265
2026-09-28T14:50:00Z,2026-09-28T14:55:00Z,88.26,88.7,88.26,88.39
2026-09-28T14:55:00Z,2026-09-28T15:00:00Z,88.385,88.43,88.235,88.34
2026-09-28T15:00:00Z,2026-09-28T15:05:00Z,88.36,88.54,88.26,88.52
2026-09-28T15:05:00Z,2026-09-28T15:10:00Z,88.53,88.575,88.34,88.495
2026-09-28T15:10:00Z,2026-09-28T15:15:00Z,88.505,88.535,88.265,88.32
2026-09-28T15:15:00Z,2026-09-28T15:20:00Z,88.325,88.51,88.28,88.45
2026-09-28T15:20:00Z,2026-09-28T15:25:00Z,88.445,88.445,88.255,88.39
2026-09-28T15:25:00Z,2026-09-28T15:30:00Z,88.4,88.605,88.265,88.365
2026-09-28T15:30:00Z,2026-09-28T15:35:00Z,88.36,88.375,88.175,88.26
2026-09-28T15:35:00Z,2026-09-28T15:40:00Z,88.255,88.405,88.155,88.3
2026-09-28T15:40:00Z,2026-09-28T15:45:00Z,88.305,88.31,88.125,88.15
2026-09-28T15:45:00Z,2026-09-28T15:50:00Z,88.15,88.185,88.01,88.135
2026-09-28T15:50:00Z,2026-09-28T15:55:00Z,88.135,88.25,88.115,88.215
2026-09-28T15:55:00Z,2026-09-28T16:00:00Z,88.215,88.325,88.2,88.305
2026-09-28T16:00:00Z,2026-09-28T16:05:00Z,88.3,88.355,88.17,88.23
2026-09-28T16:05:00Z,2026-09-28T16:10:00Z,88.225,88.315,88.205,88.245
