from,to,open,high,low,close
2026-09-23T17:41:00Z,2026-09-23T17:42:00Z,282.23,282.45,282.175,282.385
2026-09-23T17:42:00Z,2026-09-23T17:43:00Z,282.38,282.605,282.355,282.58
2026-09-23T17:43:00Z,2026-09-23T17:44:00Z,282.585,282.81,282.58,282.765
2026-09-23T17:44:00Z,2026-09-23T17:45:00Z,282.77,282.835,282.695,282.735
2026-09-23T17:45:00Z,2026-09-23T17:46:00Z,282.73,282.78,282.66,282.74
2026-09-23T17:46:00Z,2026-09-23T17:47:00Z,282.745,282.835,282.67,282.67
2026-09-23T17:47:00Z,2026-09-23T17:48:00Z,282.675,282.77,282.665,282.735
2026-09-23T17:48:00Z,2026-09-23T17:49:00Z,282.725,282.79,282.655,282.77
2026-09-23T17:49:00Z,2026-09-23T17:50:00Z,282.775,282.865,282.735,282.745
2026-09-23T17:50:00Z,2026-09-23T17:51:00Z,282.75,282.835,282.745,282.765
2026-09-23T17:51:00Z,2026-09-23T17:52:00Z,282.77,282.815,282.74,282.75
2026-09-23T17:52:00Z,2026-09-23T17:53:00Z,282.755,282.815,282.73,282.815
2026-09-23T17:53:00Z,2026-09-23T17:54:00Z,282.825,282.87,282.765,282.775
2026-09-23T17:54:00Z,2026-09-23T17:55:00Z,282.8,282.85,282.735,282.83
2026-09-23T17:55:00Z,2026-09-23T17:56:00Z,282.835,282.835,282.745,282.77
2026-09-23T17:56:00Z,2026-09-23T17:57:00Z,282.765,282.825,282.745,282.785
2026-09-23T17:57:00Z,2026-09-23T17:58:00Z,282.785,282.905,282.78,282.895
2026-09-23T17:58:00Z,2026-09-23T17:59:00Z,282.905,282.985,282.875,282.98
2026-09-23T17:59:00Z,2026-09-23T18:00:00Z,282.975,283.025,282.955,282.985
2026-09-23T18:00:00Z,2026-09-23T18:01:00Z,283.01,283.02,282.915,282.955
2026-09-23T18:01:00Z,2026-09-23T18:02:00Z,282.945,282.995,282.895,282.91
2026-09-23T18:02:00Z,2026-09-23T18:03:00Z,282.905,282.915,282.775,282.785
2026-09-23T18:03:00Z,2026-09-23T18:04:00Z,282.78,282.78,282.64,282.645
2026-09-23T18:04:00Z,2026-09-23T18:05:00Z,282.665,282.665,282.585,282.595
2026-09-23T18:05:00Z,2026-09-23T18:06:00Z,282.59,282.6,282.545,282.595
2026-09-23T18:06:00Z,2026-09-23T18:07:00Z,282.6,282.66,282.585,282.635
2026-09-23T18:07:00Z,2026-09-23T18:08:00Z,282.63,282.635,282.565,282.58
2026-09-23T18:08:00Z,2026-09-23T18:09:00Z,282.575,282.665,282.545,282.635
2026-09-23T18:09:00Z,2026-09-23T18:10:00Z,282.635,282.655,282.595,282.62
2026-09-23T18:10:00Z,2026-09-23T18:11:00Z,282.625,282.69,282.615,282.625
2026-09-23T18:11:00Z,2026-09-23T18:12:00Z,282.625,282.645,282.575,282.575
2026-09-23T18:12:00Z,2026-09-23T18:13:00Z,282.575,282.585,282.485,282.565
2026-09-23T18:13:00Z,2026-09-23T18:14:00Z,282.565,282.565,282.495,282.52
2026-09-23T18:14:00Z,2026-09-23T18:15:00Z,282.525,282.62,282.485,282.605
2026-09-23T18:15:00Z,2026-09-23T18:16:00Z,282.6,282.665,282.575,282.645
2026-09-23T18:16:00Z,2026-09-23T18:17:00Z,282.655,282.715,282.545,282.555
2026-09-23T18:17:00Z,2026-09-23T18:18:00Z,282.55,282.625,282.545,282.575
2026-09-23T18:18:00Z,2026-09-23T18:19:00Z,282.575,282.675,282.575,282.665
2026-09-23T18:19:00Z,2026-09-23T18:20:00Z,282.665,282.705,282.635,282.645
2026-09-23T18:20:00Z,2026-09-23T18:21:00Z,282.635,282.655,282.595,282.635
2026-09-23T18:21:00Z,2026-09-23T18:22:00Z,282.64,282.64,282.505,282.515
2026-09-23T18:22:00Z,2026-09-23T18:23:00Z,282.515,282.58,282.515,282.555
2026-09-23T18:23:00Z,2026-09-23T18:24:00Z,282.545,282.605,282.525,282.565
2026-09-23T18:24:00Z,2026-09-23T18:25:00Z,282.555,282.59,282.525,282.575
2026-09-23T18:25:00Z,2026-09-23T18:26:00Z,282.58,282.65,282.545,282.555
2026-09-23T18:26:00Z,2026-09-23T18:27:00Z,282.545,282.605,282.535,282.535
2026-09-23T18:27:00Z,2026-09-23T18:28:00Z,282.535,282.57,282.525,282.535
2026-09-23T18:28:00Z,2026-09-23T18:29:00Z,282.545,282.545,282.495,282.515
2026-09-23T18:29:00Z,2026-09-23T18:30:00Z,282.52,282.54,282.475,282.525
2026-09-23T18:30:00Z,2026-09-23T18:31:00Z,282.515,282.535,282.405,282.415
2026-09-23T18:31:00Z,2026-09-23T18:32:00Z,282.415,282.425,282.335,282.365
2026-09-23T18:32:00Z,2026-09-23T18:33:00Z,282.355,282.405,282.335,282.405
2026-09-23T18:33:00Z,2026-09-23T18:34:00Z,282.415,282.455,282.39,282.41
2026-09-23T18:34:00Z,2026-09-23T18:35:00Z,282.41,282.5,282.375,282.435
2026-09-23T18:35:00Z,2026-09-23T18:36:00Z,282.44,282.465,282.435,282.445
2026-09-23T18:36:00Z,2026-09-23T18:37:00Z,282.45,282.465,282.415,282.425
2026-09-23T18:37:00Z,2026-09-23T18:38:00Z,282.425,282.425,282.345,282.355
2026-09-23T18:38:00Z,2026-09-23T18:39:00Z,282.35,282.375,282.265,282.305
2026-09-23T18:39:00Z,2026-09-23T18:40:00Z,282.305,282.315,282.245,282.245
2026-09-23T18:40:00Z,2026-09-23T18:41:00Z,282.26,282.335,282.25,282.265
2026-09-23T18:41:00Z,2026-09-23T18:42:00Z,282.275,282.305,282.215,282.275
2026-09-23T18:42:00Z,2026-09-23T18:43:00Z,282.27,282.295,282.215,282.215
2026-09-23T18:43:00Z,2026-09-23T18:44:00Z,282.23,282.29,282.225,282.235
2026-09-23T18:44:00Z,2026-09-23T18:45:00Z,282.225,282.275,282.215,282.265
2026-09-23T18:45:00Z,2026-09-23T18:46:00Z,282.27,282.275,282.145,282.175
2026-09-23T18:46:00Z,2026-09-23T18:47:00Z,282.17,282.245,282.16,282.195
2026-09-23T18:47:00Z,2026-09-23T18:48:00Z,282.205,282.265,282.195,282.255
2026-09-23T18:48:00Z,2026-09-23T18:49:00Z,282.255,282.335,282.245,282.305
2026-09-23T18:49:00Z,2026-09-23T18:50:00Z,282.315,282.325,282.275,282.3
2026-09-23T18:50:00Z,2026-09-23T18:51:00Z,282.295,282.315,282.275,282.28
2026-09-23T18:51:00Z,2026-09-23T18:52:00Z,282.285,282.32,282.265,282.275
2026-09-23T18:52:00Z,2026-09-23T18:53:00Z,282.27,282.285,282.22,282.245
2026-09-23T18:53:00Z,2026-09-23T18:54:00Z,282.255,282.29,282.225,282.285
2026-09-23T18:54:00Z,2026-09-23T18:55:00Z,282.275,282.355,282.245,282.355
2026-09-23T18:55:00Z,2026-09-23T18:56:00Z,282.345,282.49,282.345,282.485
2026-09-23T18:56:00Z,2026-09-23T18:57:00Z,282.495,282.53,282.485,282.505
2026-09-23T18:57:00Z,2026-09-23T18:58:00Z,282.505,282.53,282.475,282.52
2026-09-23T18:58:00Z,2026-09-23T18:59:00Z,282.525,282.615,282.515,282.615
2026-09-23T18:59:00Z,2026-09-23T19:00:00Z,282.62,282.645,282.595,282.615
2026-09-23T19:00:00Z,2026-09-23T19:01:00Z,282.615,282.705,282.575,282.665
2026-09-23T19:01:00Z,2026-09-23T19:02:00Z,282.675,282.675,282.56,282.58
2026-09-23T19:02:00Z,2026-09-23T19:03:00Z,282.575,282.575,282.495,282.495
2026-09-23T19:03:00Z,2026-09-23T19:04:00Z,282.495,282.505,282.335,282.345
2026-09-23T19:04:00Z,2026-09-23T19:05:00Z,282.35,282.365,282.295,282.305
2026-09-23T19:05:00Z,2026-09-23T19:06:00Z,282.305,282.31,282.245,282.29
2026-09-23T19:06:00Z,2026-09-23T19:07:00Z,282.275,282.415,282.275,282.415
2026-09-23T19:07:00Z,2026-09-23T19:08:00Z,282.415,282.57,282.415,282.535
2026-09-23T19:08:00Z,2026-09-23T19:09:00Z,282.545,282.56,282.5,282.505
2026-09-23T19:09:00Z,2026-09-23T19:10:00Z,282.5,282.535,282.41,282.475
2026-09-23T19:10:00Z,2026-09-23T19:11:00Z,282.47,282.52,282.45,282.515
2026-09-23T19:11:00Z,2026-09-23T19:12:00Z,282.515,282.605,282.49,282.585
2026-09-23T19:12:00Z,2026-09-23T19:13:00Z,282.6,282.645,282.595,282.615
2026-09-23T19:13:00Z,2026-09-23T19:14:00Z,282.605,282.645,282.565,282.64
2026-09-23T19:14:00Z,2026-09-23T19:15:00Z,282.635,282.675,282.61,282.625
2026-09-23T19:15:00Z,2026-09-23T19:16:00Z,282.63,282.635,282.475,282.475
2026-09-23T19:16:00Z,2026-09-23T19:17:00Z,282.47,282.51,282.455,282.5
2026-09-23T19:17:00Z,2026-09-23T19:18:00Z,282.505,282.505,282.46,282.475
2026-09-23T19:18:00Z,2026-09-23T19:19:00Z,282.475,282.49,282.405,282.475
2026-09-23T19:19:00Z,2026-09-23T19:20:00Z,282.475,282.5,282.435,282.435
2026-09-23T19:20:00Z,2026-09-23T19:21:00Z,282.43,282.43,282.345,282.37
2026-09-23T19:21:00Z,2026-09-23T19:22:00Z,282.365,282.395,282.35,282.385
2026-09-23T19:22:00Z,2026-09-23T19:23:00Z,282.375,282.425,282.365,282.425
2026-09-23T19:23:00Z,2026-09-23T19:24:00Z,282.425,282.475,282.415,282.435
2026-09-23T19:24:00Z,2026-09-23T19:25:00Z,282.435,282.455,282.425,282.45
2026-09-23T19:25:00Z,2026-09-23T19:26:00Z,282.445,282.495,282.435,282.435
2026-09-23T19:26:00Z,2026-09-23T19:27:00Z,282.435,282.46,282.38,282.385
2026-09-23T19:27:00Z,2026-09-23T19:28:00Z,282.39,282.435,282.375,282.395
2026-09-23T19:28:00Z,2026-09-23T19:29:00Z,282.395,282.425,282.355,282.395
2026-09-23T19:29:00Z,2026-09-23T19:30:00Z,282.395,282.425,282.335,282.415
2026-09-23T19:30:00Z,2026-09-23T19:31:00Z,282.425,282.505,282.375,282.455
2026-09-23T19:31:00Z,2026-09-23T19:32:00Z,282.445,282.515,282.435,282.435
2026-09-23T19:32:00Z,2026-09-23T19:33:00Z,282.435,282.465,282.385,282.395
2026-09-23T19:33:00Z,2026-09-23T19:34:00Z,282.405,282.435,282.335,282.435
2026-09-23T19:34:00Z,2026-09-23T19:35:00Z,282.425,282.455,282.415,282.425
2026-09-23T19:35:00Z,2026-09-23T19:36:00Z,282.425,282.425,282.375,282.375
2026-09-23T19:36:00Z,2026-09-23T19:37:00Z,282.38,282.425,282.375,282.395
2026-09-23T19:37:00Z,2026-09-23T19:38:00Z,282.395,282.395,282.305,282.315
2026-09-23T19:38:00Z,2026-09-23T19:39:00Z,282.325,282.395,282.315,282.355
2026-09-23T19:39:00Z,2026-09-23T19:40:00Z,282.355,282.375,282.33,282.33
2026-09-23T19:40:00Z,2026-09-23T19:41:00Z,282.335,282.435,282.3,282.415
2026-09-23T19:41:00Z,2026-09-23T19:42:00Z,282.42,282.445,282.385,282.385
2026-09-23T19:42:00Z,2026-09-23T19:43:00Z,282.385,282.385,282.19,282.19
2026-09-23T19:43:00Z,2026-09-23T19:44:00Z,282.195,282.195,282.125,282.135
2026-09-23T19:44:00Z,2026-09-23T19:45:00Z,282.135,282.155,282.095,282.125
2026-09-23T19:45:00Z,2026-09-23T19:46:00Z,282.125,282.165,282.075,282.085
2026-09-23T19:46:00Z,2026-09-23T19:47:00Z,282.095,282.105,282,282.015
2026-09-23T19:47:00Z,2026-09-23T19:48:00Z,282.005,282.135,281.985,282.135
2026-09-23T19:48:00Z,2026-09-23T19:49:00Z,282.125,282.165,282.065,282.145
2026-09-23T19:49:00Z,2026-09-23T19:50:00Z,282.15,282.225,282.135,282.215
2026-09-23T19:50:00Z,2026-09-23T19:51:00Z,282.225,282.26,282.105,282.175
2026-09-23T19:51:00Z,2026-09-23T19:52:00Z,282.17,282.215,282.01,282.065
2026-09-23T19:52:00Z,2026-09-23T19:53:00Z,282.08,282.195,282.045,282.085
2026-09-23T19:53:00Z,2026-09-23T19:54:00Z,282.09,282.165,282.065,282.135
2026-09-23T19:54:00Z,2026-09-23T19:55:00Z,282.125,282.155,281.995,281.995
2026-09-23T19:55:00Z,2026-09-23T19:56:00Z,282.015,282.085,281.935,281.945
2026-09-23T19:56:00Z,2026-09-23T19:57:00Z,281.935,281.945,281.855,281.92
2026-09-23T19:57:00Z,2026-09-23T19:58:00Z,281.925,282.07,281.865,282.015
2026-09-23T19:58:00Z,2026-09-23T19:59:00Z,282.005,282.045,281.985,281.99
2026-09-23T19:59:00Z,2026-09-23T20:00:00Z,281.985,282.03,281.845,281.955
2026-09-24T13:30:00Z,2026-09-24T13:31:00Z,281.33,281.36,280.865,281.14
2026-09-24T13:31:00Z,2026-09-24T13:32:00Z,281.145,281.565,280.97,281.49
2026-09-24T13:32:00Z,2026-09-24T13:33:00Z,281.495,281.74,281.47,281.63
2026-09-24T13:33:00Z,2026-09-24T13:34:00Z,281.635,281.64,281.17,281.3
2026-09-24T13:34:00Z,2026-09-24T13:35:00Z,281.295,281.295,281.02,281.08
2026-09-24T13:35:00Z,2026-09-24T13:36:00Z,281.085,281.085,280.91,280.98
2026-09-24T13:36:00Z,2026-09-24T13:37:00Z,280.96,281.08,280.935,281.02
2026-09-24T13:37:00Z,2026-09-24T13:38:00Z,281.015,281.015,280.83,280.875
2026-09-24T13:38:00Z,2026-09-24T13:39:00Z,280.89,281,280.815,280.925
2026-09-24T13:39:00Z,2026-09-24T13:40:00Z,280.9,281.13,280.855,281.13
2026-09-24T13:40:00Z,2026-09-24T13:41:00Z,281.125,281.195,280.97,281.045
2026-09-24T13:41:00Z,2026-09-24T13:42:00Z,281.035,281.045,280.725,280.74
2026-09-24T13:42:00Z,2026-09-24T13:43:00Z,280.735,280.825,280.625,280.635
2026-09-24T13:43:00Z,2026-09-24T13:44:00Z,280.625,280.785,280.605,280.745
2026-09-24T13:44:00Z,2026-09-24T13:45:00Z,280.755,280.84,280.705,280.725
2026-09-24T13:45:00Z,2026-09-24T13:46:00Z,280.72,280.74,280.59,280.66
2026-09-24T13:46:00Z,2026-09-24T13:47:00Z,280.65,280.745,280.515,280.705
2026-09-24T13:47:00Z,2026-09-24T13:48:00Z,280.71,280.835,280.665,280.755
2026-09-24T13:48:00Z,2026-09-24T13:49:00Z,280.75,280.86,280.525,280.555
2026-09-24T13:49:00Z,2026-09-24T13:50:00Z,280.58,280.775,280.565,280.705
2026-09-24T13:50:00Z,2026-09-24T13:51:00Z,280.7,280.71,280.505,280.555
2026-09-24T13:51:00Z,2026-09-24T13:52:00Z,280.56,280.77,280.52,280.705
2026-09-24T13:52:00Z,2026-09-24T13:53:00Z,280.705,280.78,280.58,280.63
2026-09-24T13:53:00Z,2026-09-24T13:54:00Z,280.635,280.765,280.555,280.72
2026-09-24T13:54:00Z,2026-09-24T13:55:00Z,280.73,280.775,280.61,280.725
2026-09-24T13:55:00Z,2026-09-24T13:56:00Z,280.73,280.75,280.53,280.545
2026-09-24T13:56:00Z,2026-09-24T13:57:00Z,280.54,280.575,280.505,280.56
2026-09-24T13:57:00Z,2026-09-24T13:58:00Z,280.545,280.675,280.535,280.605
2026-09-24T13:58:00Z,2026-09-24T13:59:00Z,280.6,280.615,280.52,280.595
2026-09-24T13:59:00Z,2026-09-24T14:00:00Z,280.6,280.605,280.52,280.535
2026-09-24T14:00:00Z,2026-09-24T14:01:00Z,280.525,280.53,280.325,280.335
2026-09-24T14:01:00Z,2026-09-24T14:02:00Z,280.345,280.48,280.335,280.395
2026-09-24T14:02:00Z,2026-09-24T14:03:00Z,280.385,280.59,280.365,280.545
2026-09-24T14:03:00Z,2026-09-24T14:04:00Z,280.535,280.595,280.485,280.595
2026-09-24T14:04:00Z,2026-09-24T14:05:00Z,280.585,280.735,280.565,280.725
2026-09-24T14:05:00Z,2026-09-24T14:06:00Z,280.715,280.835,280.65,280.83
2026-09-24T14:06:00Z,2026-09-24T14:07:00Z,280.82,281,280.815,280.985
2026-09-24T14:07:00Z,2026-09-24T14:08:00Z,280.995,281.03,280.945,281.015
2026-09-24T14:08:00Z,2026-09-24T14:09:00Z,281.02,281.02,280.835,280.92
2026-09-24T14:09:00Z,2026-09-24T14:10:00Z,280.915,280.995,280.725,280.725
2026-09-24T14:10:00Z,2026-09-24T14:11:00Z,280.745,280.8,280.635,280.79
2026-09-24T14:11:00Z,2026-09-24T14:12:00Z,280.795,280.84,280.74,280.76
2026-09-24T14:12:00Z,2026-09-24T14:13:00Z,280.765,280.765,280.6,280.68
2026-09-24T14:13:00Z,2026-09-24T14:14:00Z,280.685,280.92,280.675,280.905
2026-09-24T14:14:00Z,2026-09-24T14:15:00Z,280.91,280.99,280.87,280.88
2026-09-24T14:15:00Z,2026-09-24T14:16:00Z,280.875,280.895,280.585,280.615
2026-09-24T14:16:00Z,2026-09-24T14:17:00Z,280.62,280.75,280.615,280.75
2026-09-24T14:17:00Z,2026-09-24T14:18:00Z,280.74,280.915,280.695,280.805
2026-09-24T14:18:00Z,2026-09-24T14:19:00Z,280.815,280.815,280.645,280.655
2026-09-24T14:19:00Z,2026-09-24T14:20:00Z,280.665,280.71,280.555,280.555
2026-09-24T14:20:00Z,2026-09-24T14:21:00Z,280.565,280.565,280.425,280.455
2026-09-24T14:21:00Z,2026-09-24T14:22:00Z,280.45,280.58,280.395,280.4
2026-09-24T14:22:00Z,2026-09-24T14:23:00Z,280.395,280.525,280.355,280.51
2026-09-24T14:23:00Z,2026-09-24T14:24:00Z,280.5,280.53,280.415,280.49
2026-09-24T14:24:00Z,2026-09-24T14:25:00Z,280.5,280.59,280.465,280.465
2026-09-24T14:25:00Z,2026-09-24T14:26:00Z,280.45,280.495,280.325,280.4
2026-09-24T14:26:00Z,2026-09-24T14:27:00Z,280.405,280.445,280.355,280.415
2026-09-24T14:27:00Z,2026-09-24T14:28:00Z,280.42,280.655,280.38,280.655
2026-09-24T14:28:00Z,2026-09-24T14:29:00Z,280.67,280.67,280.585,280.585
2026-09-24T14:29:00Z,2026-09-24T14:30:00Z,280.58,280.625,280.56,280.605
2026-09-24T14:30:00Z,2026-09-24T14:31:00Z,280.61,280.67,280.515,280.66
2026-09-24T14:31:00Z,2026-09-24T14:32:00Z,280.64,280.725,280.635,280.715
2026-09-24T14:32:00Z,2026-09-24T14:33:00Z,280.705,280.795,280.69,280.76
2026-09-24T14:33:00Z,2026-09-24T14:34:00Z,280.765,280.97,280.735,280.97
2026-09-24T14:34:00Z,2026-09-24T14:35:00Z,280.965,281.05,280.95,280.985
2026-09-24T14:35:00Z,2026-09-24T14:36:00Z,280.99,280.99,280.815,280.87
2026-09-24T14:36:00Z,2026-09-24T14:37:00Z,280.875,280.9,280.755,280.81
2026-09-24T14:37:00Z,2026-09-24T14:38:00Z,280.805,280.97,280.8,280.91
2026-09-24T14:38:00Z,2026-09-24T14:39:00Z,280.915,280.915,280.755,280.78
2026-09-24T14:39:00Z,2026-09-24T14:40:00Z,280.785,280.805,280.63,280.695
2026-09-24T14:40:00Z,2026-09-24T14:41:00Z,280.7,280.755,280.585,280.6
2026-09-24T14:41:00Z,2026-09-24T14:42:00Z,280.605,280.66,280.56,280.565
2026-09-24T14:42:00Z,2026-09-24T14:43:00Z,280.56,280.63,280.44,280.465
2026-09-24T14:43:00Z,2026-09-24T14:44:00Z,280.47,280.47,280.315,280.315
2026-09-24T14:44:00Z,2026-09-24T14:45:00Z,280.315,280.375,280.265,280.3
2026-09-24T14:45:00Z,2026-09-24T14:46:00Z,280.305,280.305,280.235,280.265
2026-09-24T14:46:00Z,2026-09-24T14:47:00Z,280.26,280.3,280.21,280.235
2026-09-24T14:47:00Z,2026-09-24T14:48:00Z,280.235,280.345,280.2,280.205
2026-09-24T14:48:00Z,2026-09-24T14:49:00Z,280.205,280.245,280.155,280.175
2026-09-24T14:49:00Z,2026-09-24T14:50:00Z,280.18,280.29,280.16,280.245
2026-09-24T14:50:00Z,2026-09-24T14:51:00Z,280.23,280.465,280.225,280.255
2026-09-24T14:51:00Z,2026-09-24T14:52:00Z,280.265,280.29,280.185,280.27
2026-09-24T14:52:00Z,2026-09-24T14:53:00Z,280.26,280.27,280.155,280.175
2026-09-24T14:53:00Z,2026-09-24T14:54:00Z,280.18,280.235,280.08,280.215
2026-09-24T14:54:00Z,2026-09-24T14:55:00Z,280.225,280.245,280.14,280.15
2026-09-24T14:55:00Z,2026-09-24T14:56:00Z,280.155,280.165,280.045,280.05
2026-09-24T14:56:00Z,2026-09-24T14:57:00Z,280.045,280.07,279.975,280.01
2026-09-24T14:57:00Z,2026-09-24T14:58:00Z,280.005,280.045,279.945,280.045
2026-09-24T14:58:00Z,2026-09-24T14:59:00Z,280.04,280.04,279.855,279.855
2026-09-24T14:59:00Z,2026-09-24T15:00:00Z,279.86,280.01,279.815,279.995
2026-09-24T15:00:00Z,2026-09-24T15:01:00Z,279.985,280.005,279.855,279.905
2026-09-24T15:01:00Z,2026-09-24T15:02:00Z,279.905,279.97,279.855,279.89
2026-09-24T15:02:00Z,2026-09-24T15:03:00Z,279.88,279.93,279.835,279.85
2026-09-24T15:03:00Z,2026-09-24T15:04:00Z,279.86,279.955,279.84,279.895
2026-09-24T15:04:00Z,2026-09-24T15:05:00Z,279.89,279.945,279.81,279.835
2026-09-24T15:05:00Z,2026-09-24T15:06:00Z,279.83,279.895,279.785,279.875
2026-09-24T15:06:00Z,2026-09-24T15:07:00Z,279.865,279.935,279.76,279.82
2026-09-24T15:07:00Z,2026-09-24T15:08:00Z,279.815,279.89,279.78,279.855
2026-09-24T15:08:00Z,2026-09-24T15:09:00Z,279.855,279.885,279.81,279.88
2026-09-24T15:09:00Z,2026-09-24T15:10:00Z,279.885,279.915,279.835,279.855
2026-09-24T15:10:00Z,2026-09-24T15:11:00Z,279.86,279.92,279.735,279.795
2026-09-24T15:11:00Z,2026-09-24T15:12:00Z,279.79,279.795,279.725,279.735
2026-09-24T15:12:00Z,2026-09-24T15:13:00Z,279.73,279.765,279.61,279.625
2026-09-24T15:13:00Z,2026-09-24T15:14:00Z,279.625,279.625,279.545,279.565
2026-09-24T15:14:00Z,2026-09-24T15:15:00Z,279.575,279.585,279.515,279.56
2026-09-24T15:15:00Z,2026-09-24T15:16:00Z,279.555,279.725,279.515,279.685
2026-09-24T15:16:00Z,2026-09-24T15:17:00Z,279.69,279.915,279.685,279.795
2026-09-24T15:17:00Z,2026-09-24T15:18:00Z,279.8,279.845,279.71,279.75
2026-09-24T15:18:00Z,2026-09-24T15:19:00Z,279.745,279.745,279.57,279.665
2026-09-24T15:19:00Z,2026-09-24T15:20:00Z,279.665,279.69,279.615,279.615
2026-09-24T15:20:00Z,2026-09-24T15:21:00Z,279.595,279.6,279.45,279.465
2026-09-24T15:21:00Z,2026-09-24T15:22:00Z,279.475,279.51,279.425,279.47
2026-09-24T15:22:00Z,2026-09-24T15:23:00Z,279.475,279.545,279.44,279.545
2026-09-24T15:23:00Z,2026-09-24T15:24:00Z,279.55,279.63,279.525,279.63
2026-09-24T15:24:00Z,2026-09-24T15:25:00Z,279.625,279.75,279.61,279.715
2026-09-24T15:25:00Z,2026-09-24T15:26:00Z,279.725,279.725,279.49,279.515
2026-09-24T15:26:00Z,2026-09-24T15:27:00Z,279.525,279.595,279.495,279.505
2026-09-24T15:27:00Z,2026-09-24T15:28:00Z,279.535,279.545,279.43,279.45
2026-09-24T15:28:00Z,2026-09-24T15:29:00Z,279.44,279.465,279.395,279.395
2026-09-24T15:29:00Z,2026-09-24T15:30:00Z,279.385,279.43,279.345,279.405
2026-09-24T15:30:00Z,2026-09-24T15:31:00Z,279.415,279.465,279.4,279.425
2026-09-24T15:31:00Z,2026-09-24T15:32:00Z,279.43,279.475,279.405,279.405
2026-09-24T15:32:00Z,2026-09-24T15:33:00Z,279.405,279.445,279.37,279.41
2026-09-24T15:33:00Z,2026-09-24T15:34:00Z,279.41,279.515,279.395,279.47
2026-09-24T15:34:00Z,2026-09-24T15:35:00Z,279.475,279.495,279.415,279.415
2026-09-24T15:35:00Z,2026-09-24T15:36:00Z,279.405,279.475,279.335,279.375
2026-09-24T15:36:00Z,2026-09-24T15:37:00Z,279.37,279.49,279.27,279.29
2026-09-24T15:37:00Z,2026-09-24T15:38:00Z,279.285,279.375,279.285,279.365
2026-09-24T15:38:00Z,2026-09-24T15:39:00Z,279.36,279.39,279.325,279.33
2026-09-24T15:39:00Z,2026-09-24T15:40:00Z,279.325,279.335,279.245,279.28
2026-09-24T15:40:00Z,2026-09-24T15:41:00Z,279.275,279.31,279.215,279.265
2026-09-24T15:41:00Z,2026-09-24T15:42:00Z,279.265,279.315,279.21,279.235
2026-09-24T15:42:00Z,2026-09-24T15:43:00Z,279.235,279.285,279.2,279.26
2026-09-24T15:43:00Z,2026-09-24T15:44:00Z,279.255,279.305,279.235,279.295
2026-09-24T15:44:00Z,2026-09-24T15:45:00Z,279.28,279.425,279.28,279.425
2026-09-24T15:45:00Z,2026-09-24T15:46:00Z,279.435,279.535,279.435,279.475
2026-09-24T15:46:00Z,2026-09-24T15:47:00Z,279.47,279.47,279.335,279.34
2026-09-24T15:47:00Z,2026-09-24T15:48:00Z,279.345,279.385,279.22,279.225
2026-09-24T15:48:00Z,2026-09-24T15:49:00Z,279.225,279.275,279.19,279.19
2026-09-24T15:49:00Z,2026-09-24T15:50:00Z,279.175,279.19,279.105,279.165
2026-09-24T15:50:00Z,2026-09-24T15:51:00Z,279.165,279.255,279.115,279.255
2026-09-24T15:51:00Z,2026-09-24T15:52:00Z,279.255,279.335,279.195,279.315
2026-09-24T15:52:00Z,2026-09-24T15:53:00Z,279.325,279.385,279.305,279.37
2026-09-24T15:53:00Z,2026-09-24T15:54:00Z,279.375,279.445,279.335,279.345
2026-09-24T15:54:00Z,2026-09-24T15:55:00Z,279.36,279.4,279.315,279.395
2026-09-24T15:55:00Z,2026-09-24T15:56:00Z,279.405,279.435,279.34,279.395
2026-09-24T15:56:00Z,2026-09-24T15:57:00Z,279.385,279.45,279.345,279.435
2026-09-24T15:57:00Z,2026-09-24T15:58:00Z,279.435,279.455,279.415,279.435
2026-09-24T15:58:00Z,2026-09-24T15:59:00Z,279.435,279.435,279.355,279.385
2026-09-24T15:59:00Z,2026-09-24T16:00:00Z,279.38,279.39,279.315,279.315
2026-09-24T16:00:00Z,2026-09-24T16:01:00Z,279.31,279.315,279.065,279.095
2026-09-24T16:01:00Z,2026-09-24T16:02:00Z,279.09,279.195,279.045,279.155
2026-09-24T16:02:00Z,2026-09-24T16:03:00Z,279.155,279.2,279.145,279.17
2026-09-24T16:03:00Z,2026-09-24T16:04:00Z,279.16,279.215,279.09,279.2
2026-09-24T16:04:00Z,2026-09-24T16:05:00Z,279.2,279.26,279.17,279.255
2026-09-24T16:05:00Z,2026-09-24T16:06:00Z,279.245,279.265,279.16,279.26
2026-09-24T16:06:00Z,2026-09-24T16:07:00Z,279.255,279.255,279.135,279.16
2026-09-24T16:07:00Z,2026-09-24T16:08:00Z,279.155,279.16,279.085,279.125
2026-09-24T16:08:00Z,2026-09-24T16:09:00Z,279.12,279.155,279.08,279.155
2026-09-24T16:09:00Z,2026-09-24T16:10:00Z,279.15,279.175,279.115,279.17
2026-09-24T16:10:00Z,2026-09-24T16:11:00Z,279.165,279.255,279.16,279.205
2026-09-24T16:11:00Z,2026-09-24T16:12:00Z,279.195,279.225,279.18,279.225
2026-09-24T16:12:00Z,2026-09-24T16:13:00Z,279.225,279.255,279.185,279.185
2026-09-24T16:13:00Z,2026-09-24T16:14:00Z,279.185,279.265,279.185,279.245
2026-09-24T16:14:00Z,2026-09-24T16:15:00Z,279.245,279.35,279.245,279.35
2026-09-24T16:15:00Z,2026-09-24T16:16:00Z,279.37,280.355,279.37,280.27
2026-09-24T16:16:00Z,2026-09-24T16:17:00Z,280.3,281.27,280.165,281.075
2026-09-24T16:17:00Z,2026-09-24T16:18:00Z,281.065,281.69,281,281.48
2026-09-24T16:18:00Z,2026-09-24T16:19:00Z,281.485,281.865,281.375,281.375
2026-09-24T16:19:00Z,2026-09-24T16:20:00Z,281.355,281.555,280.85,281.005
2026-09-24T16:20:00Z,2026-09-24T16:21:00Z,281.015,281.485,280.975,281.29
2026-09-24T16:21:00Z,2026-09-24T16:22:00Z,281.285,281.345,281.105,281.17
2026-09-24T16:22:00Z,2026-09-24T16:23:00Z,281.185,281.55,281.175,281.495
2026-09-24T16:23:00Z,2026-09-24T16:24:00Z,281.5,281.56,281.22,281.22
2026-09-24T16:24:00Z,2026-09-24T16:25:00Z,281.215,281.51,281.1,281.435
2026-09-24T16:25:00Z,2026-09-24T16:26:00Z,281.445,281.5,281.09,281.11
2026-09-24T16:26:00Z,2026-09-24T16:27:00Z,281.115,281.27,281.045,281.065
2026-09-24T16:27:00Z,2026-09-24T16:28:00Z,281.07,281.35,280.955,281.25
2026-09-24T16:28:00Z,2026-09-24T16:29:00Z,281.255,281.345,281.195,281.29
2026-09-24T16:29:00Z,2026-09-24T16:30:00Z,281.285,281.285,281.135,281.175
2026-09-24T16:30:00Z,2026-09-24T16:31:00Z,281.18,281.21,281.015,281.1
2026-09-24T16:31:00Z,2026-09-24T16:32:00Z,281.105,281.14,280.8,280.805
2026-09-24T16:32:00Z,2026-09-24T16:33:00Z,280.82,280.82,280.7,280.8
2026-09-24T16:33:00Z,2026-09-24T16:34:00Z,280.81,280.99,280.775,280.92
2026-09-24T16:34:00Z,2026-09-24T16:35:00Z,280.915,280.98,280.83,280.905
2026-09-24T16:35:00Z,2026-09-24T16:36:00Z,280.91,281.105,280.825,281.08
2026-09-24T16:36:00Z,2026-09-24T16:37:00Z,281.085,281.425,281.07,281.425
2026-09-24T16:37:00Z,2026-09-24T16:38:00Z,281.41,281.525,281.37,281.43
2026-09-24T16:38:00Z,2026-09-24T16:39:00Z,281.42,281.495,281.355,281.46
2026-09-24T16:39:00Z,2026-09-24T16:40:00Z,281.465,281.62,281.465,281.61
2026-09-24T16:40:00Z,2026-09-24T16:41:00Z,281.605,281.84,281.525,281.84
2026-09-24T16:41:00Z,2026-09-24T16:42:00Z,281.84,282.07,281.84,282.07
2026-09-24T16:42:00Z,2026-09-24T16:43:00Z,282.095,282.21,281.99,282.1
2026-09-24T16:43:00Z,2026-09-24T16:44:00Z,282.11,282.135,281.77,281.79
2026-09-24T16:44:00Z,2026-09-24T16:45:00Z,281.78,281.81,281.445,281.46
2026-09-24T16:45:00Z,2026-09-24T16:46:00Z,281.45,281.48,281.285,281.37
2026-09-24T16:46:00Z,2026-09-24T16:47:00Z,281.365,281.58,281.335,281.58
2026-09-24T16:47:00Z,2026-09-24T16:48:00Z,281.59,281.59,281.43,281.52
2026-09-24T16:48:00Z,2026-09-24T16:49:00Z,281.525,281.62,281.49,281.53
2026-09-24T16:49:00Z,2026-09-24T16:50:00Z,281.54,281.59,281.42,281.51
2026-09-24T16:50:00Z,2026-09-24T16:51:00Z,281.52,281.55,281.44,281.44
2026-09-24T16:51:00Z,2026-09-24T16:52:00Z,281.46,281.715,281.45,281.595
2026-09-24T16:52:00Z,2026-09-24T16:53:00Z,281.6,281.605,281.295,281.345
2026-09-24T16:53:00Z,2026-09-24T16:54:00Z,281.35,281.39,281.255,281.28
2026-09-24T16:54:00Z,2026-09-24T16:55:00Z,281.29,281.36,281.245,281.295
2026-09-24T16:55:00Z,2026-09-24T16:56:00Z,281.3,281.355,281.25,281.31
2026-09-24T16:56:00Z,2026-09-24T16:57:00Z,281.3,281.46,281.255,281.455
2026-09-24T16:57:00Z,2026-09-24T16:58:00Z,281.45,281.48,281.355,281.39
2026-09-24T16:58:00Z,2026-09-24T16:59:00Z,281.38,281.45,281.36,281.38
2026-09-24T16:59:00Z,2026-09-24T17:00:00Z,281.38,281.38,281.305,281.305
2026-09-24T17:00:00Z,2026-09-24T17:01:00Z,281.3,281.3,281.055,281.145
2026-09-24T17:01:00Z,2026-09-24T17:02:00Z,281.15,281.36,281.11,281.28
2026-09-24T17:02:00Z,2026-09-24T17:03:00Z,281.295,281.3,281.005,281.255
2026-09-24T17:03:00Z,2026-09-24T17:04:00Z,281.26,281.64,281.26,281.5
2026-09-24T17:04:00Z,2026-09-24T17:05:00Z,281.505,281.535,281.295,281.42
2026-09-24T17:05:00Z,2026-09-24T17:06:00Z,281.43,281.61,281.36,281.42
2026-09-24T17:06:00Z,2026-09-24T17:07:00Z,281.425,281.57,281.36,281.485
2026-09-24T17:07:00Z,2026-09-24T17:08:00Z,281.49,281.63,281.465,281.515
2026-09-24T17:08:00Z,2026-09-24T17:09:00Z,281.52,281.605,281.44,281.57
2026-09-24T17:09:00Z,2026-09-24T17:10:00Z,281.575,281.58,281.485,281.485
2026-09-24T17:10:00Z,2026-09-24T17:11:00Z,281.475,281.495,281.21,281.3
2026-09-24T17:11:00Z,2026-09-24T17:12:00Z,281.305,281.305,281.17,281.25
2026-09-24T17:12:00Z,2026-09-24T17:13:00Z,281.26,281.28,281.18,281.18
2026-09-24T17:13:00Z,2026-09-24T17:14:00Z,281.17,281.42,281.135,281.415
2026-09-24T17:14:00Z,2026-09-24T17:15:00Z,281.42,281.665,281.42,281.56
2026-09-24T17:15:00Z,2026-09-24T17:16:00Z,281.555,281.57,281.34,281.37
2026-09-24T17:16:00Z,2026-09-24T17:17:00Z,281.36,281.53,281.36,281.45
2026-09-24T17:17:00Z,2026-09-24T17:18:00Z,281.455,281.535,281.35,281.35
2026-09-24T17:18:00Z,2026-09-24T17:19:00Z,281.37,281.47,281.355,281.37
2026-09-24T17:19:00Z,2026-09-24T17:20:00Z,281.375,281.38,281.055,281.055
2026-09-24T17:20:00Z,2026-09-24T17:21:00Z,281.045,281.05,280.915,281.04
2026-09-24T17:21:00Z,2026-09-24T17:22:00Z,281.04,281.125,281.03,281.09
2026-09-24T17:22:00Z,2026-09-24T17:23:00Z,281.095,281.23,281.06,281.16
2026-09-24T17:23:00Z,2026-09-24T17:24:00Z,281.165,281.205,281.12,281.185
2026-09-24T17:24:00Z,2026-09-24T17:25:00Z,281.18,281.285,281.13,281.15
2026-09-24T17:25:00Z,2026-09-24T17:26:00Z,281.145,281.145,280.97,280.98
2026-09-24T17:26:00Z,2026-09-24T17:27:00Z,280.985,281.055,280.85,280.9
2026-09-24T17:27:00Z,2026-09-24T17:28:00Z,280.895,280.965,280.86,280.915
2026-09-24T17:28:00Z,2026-09-24T17:29:00Z,280.92,281.085,280.915,281.05
2026-09-24T17:29:00Z,2026-09-24T17:30:00Z,281.045,281.07,281.005,281.055
2026-09-24T17:30:00Z,2026-09-24T17:31:00Z,281.05,281.19,281.02,281.16
2026-09-24T17:31:00Z,2026-09-24T17:32:00Z,281.17,281.29,281.145,281.22
2026-09-24T17:32:00Z,2026-09-24T17:33:00Z,281.225,281.225,281.02,281.05
2026-09-24T17:33:00Z,2026-09-24T17:34:00Z,281.045,281.095,280.99,281.04
2026-09-24T17:34:00Z,2026-09-24T17:35:00Z,281.045,281.05,280.87,280.885
2026-09-24T17:35:00Z,2026-09-24T17:36:00Z,280.89,280.92,280.835,280.835
2026-09-24T17:36:00Z,2026-09-24T17:37:00Z,280.83,280.94,280.8,280.86
2026-09-24T17:37:00Z,2026-09-24T17:38:00Z,280.86,280.925,280.785,280.81
2026-09-24T17:38:00Z,2026-09-24T17:39:00Z,280.805,280.83,280.72,280.785
2026-09-24T17:39:00Z,2026-09-24T17:40:00Z,280.8,280.925,280.79,280.865
2026-09-24T17:40:00Z,2026-09-24T17:41:00Z,280.86,280.925,280.845,280.9
2026-09-24T17:41:00Z,2026-09-24T17:42:00Z,280.91,280.94,280.79,280.83
2026-09-24T17:42:00Z,2026-09-24T17:43:00Z,280.835,280.97,280.835,280.89
2026-09-24T17:43:00Z,2026-09-24T17:44:00Z,280.88,280.9,280.63,280.7
2026-09-24T17:44:00Z,2026-09-24T17:45:00Z,280.695,280.74,280.66,280.69
2026-09-24T17:45:00Z,2026-09-24T17:46:00Z,280.68,280.74,280.61,280.74
2026-09-24T17:46:00Z,2026-09-24T17:47:00Z,280.735,280.835,280.71,280.74
2026-09-24T17:47:00Z,2026-09-24T17:48:00Z,280.745,280.86,280.705,280.86
2026-09-24T17:48:00Z,2026-09-24T17:49:00Z,280.855,280.885,280.79,280.86
2026-09-24T17:49:00Z,2026-09-24T17:50:00Z,280.855,280.98,280.85,280.955
2026-09-24T17:50:00Z,2026-09-24T17:51:00Z,280.945,281.04,280.92,281.01
2026-09-24T17:51:00Z,2026-09-24T17:52:00Z,281.015,281.055,280.97,281.02
2026-09-24T17:52:00Z,2026-09-24T17:53:00Z,281.03,281.065,280.91,280.94
2026-09-24T17:53:00Z,2026-09-24T17:54:00Z,280.93,281.035,280.89,280.97
2026-09-24T17:54:00Z,2026-09-24T17:55:00Z,280.965,280.985,280.88,280.91
2026-09-24T17:55:00Z,2026-09-24T17:56:00Z,280.915,280.94,280.8,280.8
2026-09-24T17:56:00Z,2026-09-24T17:57:00Z,280.805,281.095,280.805,281.08
2026-09-24T17:57:00Z,2026-09-24T17:58:00Z,281.07,281.07,280.95,281.025
2026-09-24T17:58:00Z,2026-09-24T17:59:00Z,281.025,281.045,280.995,281.015
2026-09-24T17:59:00Z,2026-09-24T18:00:00Z,281.015,281.205,281.015,281.17
2026-09-24T18:00:00Z,2026-09-24T18:01:00Z,281.17,281.215,281.09,281.11
2026-09-24T18:01:00Z,2026-09-24T18:02:00Z,281.13,281.14,280.875,280.965
2026-09-24T18:02:00Z,2026-09-24T18:03:00Z,280.97,280.975,280.73,280.74
2026-09-24T18:03:00Z,2026-09-24T18:04:00Z,280.745,280.76,280.54,280.61
2026-09-24T18:04:00Z,2026-09-24T18:05:00Z,280.605,280.65,280.47,280.49
2026-09-24T18:05:00Z,2026-09-24T18:06:00Z,280.5,280.635,280.495,280.61
2026-09-24T18:06:00Z,2026-09-24T18:07:00Z,280.605,280.915,280.57,280.915
2026-09-24T18:07:00Z,2026-09-24T18:08:00Z,280.91,281.06,280.82,280.97
2026-09-24T18:08:00Z,2026-09-24T18:09:00Z,280.98,281.14,280.98,281.04
2026-09-24T18:09:00Z,2026-09-24T18:10:00Z,281.055,281.16,280.995,281.1
2026-09-24T18:10:00Z,2026-09-24T18:11:00Z,281.115,281.215,281.115,281.155
2026-09-24T18:11:00Z,2026-09-24T18:12:00Z,281.16,281.27,281.16,281.18
2026-09-24T18:12:00Z,2026-09-24T18:13:00Z,281.19,281.22,281.06,281.075
2026-09-24T18:13:00Z,2026-09-24T18:14:00Z,281.07,281.225,281.045,281.19
2026-09-24T18:14:00Z,2026-09-24T18:15:00Z,281.185,281.305,281.175,281.305
2026-09-24T18:15:00Z,2026-09-24T18:16:00Z,281.315,281.355,281.24,281.355
2026-09-24T18:16:00Z,2026-09-24T18:17:00Z,281.35,281.505,281.34,281.44
2026-09-24T18:17:00Z,2026-09-24T18:18:00Z,281.44,281.52,281.4,281.49
2026-09-24T18:18:00Z,2026-09-24T18:19:00Z,281.495,281.625,281.42,281.43
2026-09-24T18:19:00Z,2026-09-24T18:20:00Z,281.42,281.425,281.375,281.39
2026-09-24T18:20:00Z,2026-09-24T18:21:00Z,281.38,281.41,281.18,281.2
2026-09-24T18:21:00Z,2026-09-24T18:22:00Z,281.205,281.34,281.205,281.33
2026-09-24T18:22:00Z,2026-09-24T18:23:00Z,281.32,281.345,281.275,281.28
2026-09-24T18:23:00Z,2026-09-24T18:24:00Z,281.29,281.455,281.27,281.44
2026-09-24T18:24:00Z,2026-09-24T18:25:00Z,281.435,281.45,281.355,281.41
2026-09-24T18:25:00Z,2026-09-24T18:26:00Z,281.4,281.77,281.38,281.59
2026-09-24T18:26:00Z,2026-09-24T18:27:00Z,281.6,281.9,281.6,281.81
2026-09-24T18:27:00Z,2026-09-24T18:28:00Z,281.82,281.83,281.72,281.77
2026-09-24T18:28:00Z,2026-09-24T18:29:00Z,281.78,281.845,281.69,281.72
2026-09-24T18:29:00Z,2026-09-24T18:30:00Z,281.715,281.805,281.705,281.73
2026-09-24T18:30:00Z,2026-09-24T18:31:00Z,281.725,281.795,281.665,281.775
2026-09-24T18:31:00Z,2026-09-24T18:32:00Z,281.77,281.785,281.57,281.645
2026-09-24T18:32:00Z,2026-09-24T18:33:00Z,281.64,281.65,281.53,281.565
2026-09-24T18:33:00Z,2026-09-24T18:34:00Z,281.57,281.63,281.5,281.515
2026-09-24T18:34:00Z,2026-09-24T18:35:00Z,281.52,281.525,281.41,281.43
2026-09-24T18:35:00Z,2026-09-24T18:36:00Z,281.435,281.445,281.305,281.33
2026-09-24T18:36:00Z,2026-09-24T18:37:00Z,281.325,281.475,281.31,281.46
2026-09-24T18:37:00Z,2026-09-24T18:38:00Z,281.465,281.585,281.455,281.5
2026-09-24T18:38:00Z,2026-09-24T18:39:00Z,281.51,282.05,281.505,282.015
2026-09-24T18:39:00Z,2026-09-24T18:40:00Z,282.01,282.24,281.8,281.86
2026-09-24T18:40:00Z,2026-09-24T18:41:00Z,281.855,281.855,281.63,281.68
2026-09-24T18:41:00Z,2026-09-24T18:42:00Z,281.69,281.785,281.63,281.75
2026-09-24T18:42:00Z,2026-09-24T18:43:00Z,281.76,281.785,281.59,281.65
2026-09-24T18:43:00Z,2026-09-24T18:44:00Z,281.66,281.665,281.53,281.61
2026-09-24T18:44:00Z,2026-09-24T18:45:00Z,281.6,281.715,281.6,281.63
2026-09-24T18:45:00Z,2026-09-24T18:46:00Z,281.62,281.705,281.59,281.59
2026-09-24T18:46:00Z,2026-09-24T18:47:00Z,281.6,281.615,281.53,281.615
2026-09-24T18:47:00Z,2026-09-24T18:48:00Z,281.6,281.63,281.535,281.58
2026-09-24T18:48:00Z,2026-09-24T18:49:00Z,281.57,281.675,281.57,281.635
2026-09-24T18:49:00Z,2026-09-24T18:50:00Z,281.62,281.685,281.595,281.66
2026-09-24T18:50:00Z,2026-09-24T18:51:00Z,281.665,281.94,281.65,281.855
2026-09-24T18:51:00Z,2026-09-24T18:52:00Z,281.86,281.87,281.71,281.815
2026-09-24T18:52:00Z,2026-09-24T18:53:00Z,281.825,281.925,281.805,281.89
2026-09-24T18:53:00Z,2026-09-24T18:54:00Z,281.885,281.89,281.775,281.8
2026-09-24T18:54:00Z,2026-09-24T18:55:00Z,281.81,281.825,281.75,281.76
2026-09-24T18:55:00Z,2026-09-24T18:56:00Z,281.765,281.805,281.74,281.795
2026-09-24T18:56:00Z,2026-09-24T18:57:00Z,281.79,281.925,281.77,281.88
2026-09-24T18:57:00Z,2026-09-24T18:58:00Z,281.88,281.91,281.86,281.865
2026-09-24T18:58:00Z,2026-09-24T18:59:00Z,281.865,281.885,281.82,281.825
2026-09-24T18:59:00Z,2026-09-24T19:00:00Z,281.83,281.84,281.74,281.78
2026-09-24T19:00:00Z,2026-09-24T19:01:00Z,281.77,281.825,281.645,281.695
2026-09-24T19:01:00Z,2026-09-24T19:02:00Z,281.695,281.705,281.515,281.53
2026-09-24T19:02:00Z,2026-09-24T19:03:00Z,281.555,281.585,281.435,281.45
2026-09-24T19:03:00Z,2026-09-24T19:04:00Z,281.46,281.49,281.37,281.375
2026-09-24T19:04:00Z,2026-09-24T19:05:00Z,281.365,281.485,281.355,281.475
2026-09-24T19:05:00Z,2026-09-24T19:06:00Z,281.47,281.515,281.385,281.455
2026-09-24T19:06:00Z,2026-09-24T19:07:00Z,281.46,281.58,281.405,281.525
2026-09-24T19:07:00Z,2026-09-24T19:08:00Z,281.515,281.615,281.51,281.595
2026-09-24T19:08:00Z,2026-09-24T19:09:00Z,281.595,281.68,281.585,281.605
2026-09-24T19:09:00Z,2026-09-24T19:10:00Z,281.61,281.655,281.55,281.63
2026-09-24T19:10:00Z,2026-09-24T19:11:00Z,281.625,281.675,281.465,281.47
2026-09-24T19:11:00Z,2026-09-24T19:12:00Z,281.475,281.48,281.355,281.42
2026-09-24T19:12:00Z,2026-09-24T19:13:00Z,281.415,281.44,281.385,281.41
2026-09-24T19:13:00Z,2026-09-24T19:14:00Z,281.405,281.44,281.335,281.39
2026-09-24T19:14:00Z,2026-09-24T19:15:00Z,281.395,281.395,281.275,281.275
2026-09-24T19:15:00Z,2026-09-24T19:16:00Z,281.275,281.295,281.23,281.295
2026-09-24T19:16:00Z,2026-09-24T19:17:00Z,281.29,281.33,281.24,281.305
2026-09-24T19:17:00Z,2026-09-24T19:18:00Z,281.31,281.345,281.245,281.265
2026-09-24T19:18:00Z,2026-09-24T19:19:00Z,281.275,281.335,281.25,281.255
2026-09-24T19:19:00Z,2026-09-24T19:20:00Z,281.26,281.345,281.245,281.34
2026-09-24T19:20:00Z,2026-09-24T19:21:00Z,281.345,281.345,281.25,281.26
2026-09-24T19:21:00Z,2026-09-24T19:22:00Z,281.265,281.325,281.205,281.32
2026-09-24T19:22:00Z,2026-09-24T19:23:00Z,281.315,281.315,281.24,281.29
2026-09-24T19:23:00Z,2026-09-24T19:24:00Z,281.29,281.38,281.27,281.38
2026-09-24T19:24:00Z,2026-09-24T19:25:00Z,281.375,281.445,281.375,281.395
2026-09-24T19:25:00Z,2026-09-24T19:26:00Z,281.395,281.465,281.395,281.405
2026-09-24T19:26:00Z,2026-09-24T19:27:00Z,281.4,281.455,281.365,281.445
2026-09-24T19:27:00Z,2026-09-24T19:28:00Z,281.435,281.435,281.355,281.355
2026-09-24T19:28:00Z,2026-09-24T19:29:00Z,281.355,281.385,281.32,281.335
2026-09-24T19:29:00Z,2026-09-24T19:30:00Z,281.335,281.375,281.285,281.365
2026-09-24T19:30:00Z,2026-09-24T19:31:00Z,281.36,281.425,281.32,281.395
2026-09-24T19:31:00Z,2026-09-24T19:32:00Z,281.395,281.455,281.335,281.45
2026-09-24T19:32:00Z,2026-09-24T19:33:00Z,281.455,281.485,281.395,281.465
2026-09-24T19:33:00Z,2026-09-24T19:34:00Z,281.465,281.525,281.425,281.525
2026-09-24T19:34:00Z,2026-09-24T19:35:00Z,281.525,281.635,281.525,281.635
2026-09-24T19:35:00Z,2026-09-24T19:36:00Z,281.63,281.655,281.535,281.585
2026-09-24T19:36:00Z,2026-09-24T19:37:00Z,281.575,281.675,281.555,281.655
2026-09-24T19:37:00Z,2026-09-24T19:38:00Z,281.655,281.655,281.53,281.555
2026-09-24T19:38:00Z,2026-09-24T19:39:00Z,281.56,281.625,281.555,281.575
2026-09-24T19:39:00Z,2026-09-24T19:40:00Z,281.58,281.645,281.58,281.645
2026-09-24T19:40:00Z,2026-09-24T19:41:00Z,281.65,281.715,281.605,281.605
2026-09-24T19:41:00Z,2026-09-24T19:42:00Z,281.59,281.68,281.585,281.675
2026-09-24T19:42:00Z,2026-09-24T19:43:00Z,281.685,281.695,281.625,281.63
2026-09-24T19:43:00Z,2026-09-24T19:44:00Z,281.62,281.705,281.605,281.69
2026-09-24T19:44:00Z,2026-09-24T19:45:00Z,281.685,281.745,281.675,281.72
2026-09-24T19:45:00Z,2026-09-24T19:46:00Z,281.71,281.775,281.635,281.685
2026-09-24T19:46:00Z,2026-09-24T19:47:00Z,281.685,281.695,281.56,281.635
2026-09-24T19:47:00Z,2026-09-24T19:48:00Z,281.635,281.675,281.635,281.67
2026-09-24T19:48:00Z,2026-09-24T19:49:00Z,281.665,281.695,281.615,281.645
2026-09-24T19:49:00Z,2026-09-24T19:50:00Z,281.64,281.7,281.615,281.625
2026-09-24T19:50:00Z,2026-09-24T19:51:00Z,281.65,281.725,281.575,281.585
2026-09-24T19:51:00Z,2026-09-24T19:52:00Z,281.595,281.715,281.595,281.685
2026-09-24T19:52:00Z,2026-09-24T19:53:00Z,281.675,281.75,281.63,281.745
2026-09-24T19:53:00Z,2026-09-24T19:54:00Z,281.735,281.845,281.715,281.77
2026-09-24T19:54:00Z,2026-09-24T19:55:00Z,281.765,281.85,281.73,281.805
2026-09-24T19:55:00Z,2026-09-24T19:56:00Z,281.8,281.805,281.62,281.635
2026-09-24T19:56:00Z,2026-09-24T19:57:00Z,281.645,281.705,281.595,281.705
2026-09-24T19:57:00Z,2026-09-24T19:58:00Z,281.715,281.765,281.665,281.685
2026-09-24T19:58:00Z,2026-09-24T19:59:00Z,281.655,281.685,281.605,281.635
2026-09-24T19:59:00Z,2026-09-24T20:00:00Z,281.64,281.72,281.585,281.68
2026-09-25T13:30:00Z,2026-09-25T13:31:00Z,282.33,282.38,282.015,282.22
2026-09-25T13:31:00Z,2026-09-25T13:32:00Z,282.23,282.25,281.955,282.17
2026-09-25T13:32:00Z,2026-09-25T13:33:00Z,282.175,282.335,281.84,281.86
2026-09-25T13:33:00Z,2026-09-25T13:34:00Z,281.835,282.13,281.825,282.035
2026-09-25T13:34:00Z,2026-09-25T13:35:00Z,282.04,282.045,281.82,281.89
2026-09-25T13:35:00Z,2026-09-25T13:36:00Z,281.9,281.965,281.81,281.88
2026-09-25T13:36:00Z,2026-09-25T13:37:00Z,281.87,281.91,281.66,281.75
2026-09-25T13:37:00Z,2026-09-25T13:38:00Z,281.755,282.02,281.63,282
2026-09-25T13:38:00Z,2026-09-25T13:39:00Z,281.99,282.17,281.97,282.155
2026-09-25T13:39:00Z,2026-09-25T13:40:00Z,282.17,282.21,281.875,282.1
2026-09-25T13:40:00Z,2026-09-25T13:41:00Z,282.105,282.23,282.015,282.085
2026-09-25T13:41:00Z,2026-09-25T13:42:00Z,282.09,282.395,281.97,282.37
2026-09-25T13:42:00Z,2026-09-25T13:43:00Z,282.38,282.605,282.31,282.605
2026-09-25T13:43:00Z,2026-09-25T13:44:00Z,282.61,282.69,282.08,282.12
2026-09-25T13:44:00Z,2026-09-25T13:45:00Z,282.125,282.17,281.93,281.975
2026-09-25T13:45:00Z,2026-09-25T13:46:00Z,281.96,281.97,281.74,281.78
2026-09-25T13:46:00Z,2026-09-25T13:47:00Z,281.79,281.82,281.63,281.695
2026-09-25T13:47:00Z,2026-09-25T13:48:00Z,281.69,281.71,281.55,281.61
2026-09-25T13:48:00Z,2026-09-25T13:49:00Z,281.6,281.725,281.415,281.535
2026-09-25T13:49:00Z,2026-09-25T13:50:00Z,281.54,281.835,281.535,281.8
2026-09-25T13:50:00Z,2026-09-25T13:51:00Z,281.79,281.79,281.64,281.69
2026-09-25T13:51:00Z,2026-09-25T13:52:00Z,281.685,281.785,281.575,281.73
2026-09-25T13:52:00Z,2026-09-25T13:53:00Z,281.725,281.73,281.56,281.6
2026-09-25T13:53:00Z,2026-09-25T13:54:00Z,281.605,281.88,281.58,281.87
2026-09-25T13:54:00Z,2026-09-25T13:55:00Z,281.86,282.045,281.805,281.975
2026-09-25T13:55:00Z,2026-09-25T13:56:00Z,281.985,282.02,281.83,281.895
2026-09-25T13:56:00Z,2026-09-25T13:57:00Z,281.905,282.085,281.88,282.065
2026-09-25T13:57:00Z,2026-09-25T13:58:00Z,282.075,282.165,282.005,282.11
2026-09-25T13:58:00Z,2026-09-25T13:59:00Z,282.115,282.135,281.99,282.015
2026-09-25T13:59:00Z,2026-09-25T14:00:00Z,282.02,282.03,281.82,281.875
2026-09-25T14:00:00Z,2026-09-25T14:01:00Z,281.885,281.94,281.55,281.62
2026-09-25T14:01:00Z,2026-09-25T14:02:00Z,281.635,281.66,281.39,281.47
2026-09-25T14:02:00Z,2026-09-25T14:03:00Z,281.495,281.495,281.245,281.265
2026-09-25T14:03:00Z,2026-09-25T14:04:00Z,281.255,281.255,280.955,281.075
2026-09-25T14:04:00Z,2026-09-25T14:05:00Z,281.07,281.15,280.78,280.795
2026-09-25T14:05:00Z,2026-09-25T14:06:00Z,280.8,280.8,280.495,280.495
2026-09-25T14:06:00Z,2026-09-25T14:07:00Z,280.505,280.775,280.455,280.7
2026-09-25T14:07:00Z,2026-09-25T14:08:00Z,280.69,280.84,280.64,280.68
2026-09-25T14:08:00Z,2026-09-25T14:09:00Z,280.675,280.975,280.635,280.975
2026-09-25T14:09:00Z,2026-09-25T14:10:00Z,280.97,281.04,280.855,281.03
2026-09-25T14:10:00Z,2026-09-25T14:11:00Z,281.02,281.18,280.94,280.95
2026-09-25T14:11:00Z,2026-09-25T14:12:00Z,280.955,281.23,280.865,281.18
2026-09-25T14:12:00Z,2026-09-25T14:13:00Z,281.185,281.185,280.91,281.1
2026-09-25T14:13:00Z,2026-09-25T14:14:00Z,281.09,281.235,280.995,281.04
2026-09-25T14:14:00Z,2026-09-25T14:15:00Z,281.035,281.1,280.875,280.995
2026-09-25T14:15:00Z,2026-09-25T14:16:00Z,280.98,281.145,280.71,281.02
2026-09-25T14:16:00Z,2026-09-25T14:17:00Z,281.015,281.05,280.64,280.68
2026-09-25T14:17:00Z,2026-09-25T14:18:00Z,280.675,280.71,280.59,280.66
2026-09-25T14:18:00Z,2026-09-25T14:19:00Z,280.65,280.815,280.54,280.575
2026-09-25T14:19:00Z,2026-09-25T14:20:00Z,280.58,280.95,280.515,280.9
2026-09-25T14:20:00Z,2026-09-25T14:21:00Z,280.91,281.14,280.875,281.12
2026-09-25T14:21:00Z,2026-09-25T14:22:00Z,281.1,281.17,280.995,281.075
2026-09-25T14:22:00Z,2026-09-25T14:23:00Z,281.08,281.31,281.06,281.235
2026-09-25T14:23:00Z,2026-09-25T14:24:00Z,281.23,281.34,281.16,281.29
2026-09-25T14:24:00Z,2026-09-25T14:25:00Z,281.285,281.37,281.135,281.25
2026-09-25T14:25:00Z,2026-09-25T14:26:00Z,281.255,281.3,281.145,281.275
2026-09-25T14:26:00Z,2026-09-25T14:27:00Z,281.28,281.29,281.1,281.165
2026-09-25T14:27:00Z,2026-09-25T14:28:00Z,281.17,281.175,281.01,281.025
2026-09-25T14:28:00Z,2026-09-25T14:29:00Z,281.02,281.05,280.79,280.91
2026-09-25T14:29:00Z,2026-09-25T14:30:00Z,280.905,281.045,280.835,280.855
2026-09-25T14:30:00Z,2026-09-25T14:31:00Z,280.86,280.9,280.69,280.87
2026-09-25T14:31:00Z,2026-09-25T14:32:00Z,280.865,280.93,280.775,280.84
2026-09-25T14:32:00Z,2026-09-25T14:33:00Z,280.835,280.905,280.745,280.84
2026-09-25T14:33:00Z,2026-09-25T14:34:00Z,280.83,280.835,280.685,280.72
2026-09-25T14:34:00Z,2026-09-25T14:35:00Z,280.725,280.925,280.715,280.86
2026-09-25T14:35:00Z,2026-09-25T14:36:00Z,280.86,280.96,280.71,280.93
2026-09-25T14:36:00Z,2026-09-25T14:37:00Z,280.925,281.015,280.84,280.875
2026-09-25T14:37:00Z,2026-09-25T14:38:00Z,280.865,281.035,280.86,281.005
2026-09-25T14:38:00Z,2026-09-25T14:39:00Z,281,281.105,280.885,280.95
2026-09-25T14:39:00Z,2026-09-25T14:40:00Z,280.93,281.035,280.92,280.92
2026-09-25T14:40:00Z,2026-09-25T14:41:00Z,280.91,280.95,280.78,280.805
2026-09-25T14:41:00Z,2026-09-25T14:42:00Z,280.805,280.885,280.685,280.71
2026-09-25T14:42:00Z,2026-09-25T14:43:00Z,280.705,280.89,280.63,280.865
2026-09-25T14:43:00Z,2026-09-25T14:44:00Z,280.855,280.9,280.73,280.765
2026-09-25T14:44:00Z,2026-09-25T14:45:00Z,280.79,280.92,280.725,280.915
2026-09-25T14:45:00Z,2026-09-25T14:46:00Z,280.91,280.915,280.75,280.85
2026-09-25T14:46:00Z,2026-09-25T14:47:00Z,280.845,281.07,280.675,280.93
2026-09-25T14:47:00Z,2026-09-25T14:48:00Z,280.92,281.14,280.875,281.02
2026-09-25T14:48:00Z,2026-09-25T14:49:00Z,281.015,281.05,280.765,280.77
2026-09-25T14:49:00Z,2026-09-25T14:50:00Z,280.765,281.065,280.76,281.005
2026-09-25T14:50:00Z,2026-09-25T14:51:00Z,281.01,281.035,280.92,280.97
2026-09-25T14:51:00Z,2026-09-25T14:52:00Z,280.975,280.99,280.595,280.595
2026-09-25T14:52:00Z,2026-09-25T14:53:00Z,280.61,280.65,280.525,280.58
2026-09-25T14:53:00Z,2026-09-25T14:54:00Z,280.59,280.72,280.56,280.635
2026-09-25T14:54:00Z,2026-09-25T14:55:00Z,280.64,280.875,280.64,280.85
2026-09-25T14:55:00Z,2026-09-25T14:56:00Z,280.845,280.905,280.8,280.875
2026-09-25T14:56:00Z,2026-09-25T14:57:00Z,280.865,280.98,280.845,280.85
2026-09-25T14:57:00Z,2026-09-25T14:58:00Z,280.86,280.97,280.82,280.84
2026-09-25T14:58:00Z,2026-09-25T14:59:00Z,280.83,280.965,280.7,280.94
2026-09-25T14:59:00Z,2026-09-25T15:00:00Z,280.94,281.06,280.935,281.045
2026-09-25T15:00:00Z,2026-09-25T15:01:00Z,281.05,281.175,281,281.155
2026-09-25T15:01:00Z,2026-09-25T15:02:00Z,281.16,281.265,281.125,281.245
2026-09-25T15:02:00Z,2026-09-25T15:03:00Z,281.25,281.45,281.25,281.37
2026-09-25T15:03:00Z,2026-09-25T15:04:00Z,281.38,281.545,281.38,281.455
2026-09-25T15:04:00Z,2026-09-25T15:05:00Z,281.45,281.69,281.425,281.55
2026-09-25T15:05:00Z,2026-09-25T15:06:00Z,281.56,281.7,281.555,281.7
2026-09-25T15:06:00Z,2026-09-25T15:07:00Z,281.695,281.805,281.675,281.775
2026-09-25T15:07:00Z,2026-09-25T15:08:00Z,281.78,281.835,281.61,281.63
2026-09-25T15:08:00Z,2026-09-25T15:09:00Z,281.64,281.67,281.43,281.47
2026-09-25T15:09:00Z,2026-09-25T15:10:00Z,281.475,281.485,281.295,281.34
2026-09-25T15:10:00Z,2026-09-25T15:11:00Z,281.35,281.36,281.17,281.22
2026-09-25T15:11:00Z,2026-09-25T15:12:00Z,281.215,281.27,281.15,281.205
2026-09-25T15:12:00Z,2026-09-25T15:13:00Z,281.21,281.31,281.15,281.31
2026-09-25T15:13:00Z,2026-09-25T15:14:00Z,281.325,281.465,281.32,281.44
2026-09-25T15:14:00Z,2026-09-25T15:15:00Z,281.445,281.51,281.415,281.48
2026-09-25T15:15:00Z,2026-09-25T15:16:00Z,281.485,281.49,281.34,281.385
2026-09-25T15:16:00Z,2026-09-25T15:17:00Z,281.385,281.43,281.33,281.42
2026-09-25T15:17:00Z,2026-09-25T15:18:00Z,281.425,281.48,281.35,281.375
2026-09-25T15:18:00Z,2026-09-25T15:19:00Z,281.39,281.515,281.38,281.475
2026-09-25T15:19:00Z,2026-09-25T15:20:00Z,281.485,281.485,281.29,281.33
2026-09-25T15:20:00Z,2026-09-25T15:21:00Z,281.35,281.535,281.33,281.515
2026-09-25T15:21:00Z,2026-09-25T15:22:00Z,281.52,281.785,281.42,281.565
2026-09-25T15:22:00Z,2026-09-25T15:23:00Z,281.575,281.685,281.53,281.63
2026-09-25T15:23:00Z,2026-09-25T15:24:00Z,281.635,281.66,281.535,281.55
2026-09-25T15:24:00Z,2026-09-25T15:25:00Z,281.545,281.58,281.415,281.425
2026-09-25T15:25:00Z,2026-09-25T15:26:00Z,281.43,281.52,281.36,281.36
2026-09-25T15:26:00Z,2026-09-25T15:27:00Z,281.355,281.52,281.31,281.52
2026-09-25T15:27:00Z,2026-09-25T15:28:00Z,281.505,281.525,281.38,281.425
2026-09-25T15:28:00Z,2026-09-25T15:29:00Z,281.445,281.445,281.35,281.42
2026-09-25T15:29:00Z,2026-09-25T15:30:00Z,281.43,281.48,281.36,281.42
2026-09-25T15:30:00Z,2026-09-25T15:31:00Z,281.43,281.945,281.41,281.63
2026-09-25T15:31:00Z,2026-09-25T15:32:00Z,281.645,281.715,281.545,281.715
2026-09-25T15:32:00Z,2026-09-25T15:33:00Z,281.71,281.815,281.66,281.72
2026-09-25T15:33:00Z,2026-09-25T15:34:00Z,281.715,281.73,281.575,281.65
2026-09-25T15:34:00Z,2026-09-25T15:35:00Z,281.645,281.69,281.44,281.445
2026-09-25T15:35:00Z,2026-09-25T15:36:00Z,281.45,281.55,281.415,281.53
2026-09-25T15:36:00Z,2026-09-25T15:37:00Z,281.525,281.58,281.465,281.52
2026-09-25T15:37:00Z,2026-09-25T15:38:00Z,281.53,281.585,281.465,281.555
2026-09-25T15:38:00Z,2026-09-25T15:39:00Z,281.56,281.565,281.355,281.375
2026-09-25T15:39:00Z,2026-09-25T15:40:00Z,281.365,281.37,281.285,281.31
2026-09-25T15:40:00Z,2026-09-25T15:41:00Z,281.32,281.355,281.235,281.335
2026-09-25T15:41:00Z,2026-09-25T15:42:00Z,281.34,281.37,281.255,281.305
2026-09-25T15:42:00Z,2026-09-25T15:43:00Z,281.305,281.33,281.155,281.2
2026-09-25T15:43:00Z,2026-09-25T15:44:00Z,281.19,281.205,281.1,281.105
2026-09-25T15:44:00Z,2026-09-25T15:45:00Z,281.105,281.13,280.98,280.985
2026-09-25T15:45:00Z,2026-09-25T15:46:00Z,280.98,281.02,280.915,280.915
2026-09-25T15:46:00Z,2026-09-25T15:47:00Z,280.91,281.06,280.845,281.055
2026-09-25T15:47:00Z,2026-09-25T15:48:00Z,281.055,281.115,281.035,281.085
2026-09-25T15:48:00Z,2026-09-25T15:49:00Z,281.09,281.18,281.035,281.115
2026-09-25T15:49:00Z,2026-09-25T15:50:00Z,281.11,281.175,281.1,281.17
2026-09-25T15:50:00Z,2026-09-25T15:51:00Z,281.175,281.215,281.12,281.145
2026-09-25T15:51:00Z,2026-09-25T15:52:00Z,281.13,281.13,280.84,280.845
2026-09-25T15:52:00Z,2026-09-25T15:53:00Z,280.84,280.905,280.795,280.885
2026-09-25T15:53:00Z,2026-09-25T15:54:00Z,280.89,280.965,280.875,280.96
2026-09-25T15:54:00Z,2026-09-25T15:55:00Z,280.955,281.4,280.94,281.26
2026-09-25T15:55:00Z,2026-09-25T15:56:00Z,281.27,281.49,281.245,281.31
2026-09-25T15:56:00Z,2026-09-25T15:57:00Z,281.315,281.43,281.22,281.42
2026-09-25T15:57:00Z,2026-09-25T15:58:00Z,281.425,281.52,281.405,281.495
2026-09-25T15:58:00Z,2026-09-25T15:59:00Z,281.485,281.945,281.47,281.875
2026-09-25T15:59:00Z,2026-09-25T16:00:00Z,281.87,282.17,281.82,282.145
2026-09-25T16:00:00Z,2026-09-25T16:01:00Z,282.165,282.5,282.035,282.475
2026-09-25T16:01:00Z,2026-09-25T16:02:00Z,282.48,282.67,282.385,282.42
2026-09-25T16:02:00Z,2026-09-25T16:03:00Z,282.425,282.84,282.425,282.84
2026-09-25T16:03:00Z,2026-09-25T16:04:00Z,282.835,283.22,282.745,283.21
2026-09-25T16:04:00Z,2026-09-25T16:05:00Z,283.215,283.235,282.83,283.115
2026-09-25T16:05:00Z,2026-09-25T16:06:00Z,283.1,283.245,282.95,283.185
2026-09-25T16:06:00Z,2026-09-25T16:07:00Z,283.185,283.265,282.905,283.24
2026-09-25T16:07:00Z,2026-09-25T16:08:00Z,283.235,283.335,283.175,283.23
2026-09-25T16:08:00Z,2026-09-25T16:09:00Z,283.235,283.415,283.165,283.325
2026-09-25T16:09:00Z,2026-09-25T16:10:00Z,283.325,283.415,283.16,283.38
2026-09-25T16:10:00Z,2026-09-25T16:11:00Z,283.385,283.525,283.31,283.31
2026-09-25T16:11:00Z,2026-09-25T16:12:00Z,283.29,283.365,283.19,283.345
2026-09-25T16:12:00Z,2026-09-25T16:13:00Z,283.34,283.49,283.27,283.31
2026-09-25T16:13:00Z,2026-09-25T16:14:00Z,283.295,283.375,283.22,283.26
2026-09-25T16:14:00Z,2026-09-25T16:15:00Z,283.255,283.28,283.045,283.22
2026-09-25T16:15:00Z,2026-09-25T16:16:00Z,283.21,283.295,283.11,283.295
2026-09-25T16:16:00Z,2026-09-25T16:17:00Z,283.295,283.335,283.155,283.29
2026-09-25T16:17:00Z,2026-09-25T16:18:00Z,283.285,283.465,283.01,283.02
2026-09-25T16:18:00Z,2026-09-25T16:19:00Z,283.01,283.025,282.87,282.91
2026-09-25T16:19:00Z,2026-09-25T16:20:00Z,282.905,283.025,282.77,283.005
2026-09-25T16:20:00Z,2026-09-25T16:21:00Z,283,283.05,282.85,282.88
2026-09-25T16:21:00Z,2026-09-25T16:22:00Z,282.885,282.96,282.76,282.85
2026-09-25T16:22:00Z,2026-09-25T16:23:00Z,282.845,282.87,282.68,282.775
2026-09-25T16:23:00Z,2026-09-25T16:24:00Z,282.785,282.87,282.69,282.72
2026-09-25T16:24:00Z,2026-09-25T16:25:00Z,282.73,282.805,282.67,282.74
2026-09-25T16:25:00Z,2026-09-25T16:26:00Z,282.745,282.965,282.71,282.84
2026-09-25T16:26:00Z,2026-09-25T16:27:00Z,282.845,283.135,282.84,283.125
2026-09-25T16:27:00Z,2026-09-25T16:28:00Z,283.115,283.155,282.92,282.965
2026-09-25T16:28:00Z,2026-09-25T16:29:00Z,282.97,282.99,282.895,282.95
2026-09-25T16:29:00Z,2026-09-25T16:30:00Z,282.94,283.05,282.94,283.005
2026-09-25T16:30:00Z,2026-09-25T16:31:00Z,283.01,283.12,282.975,283.11
2026-09-25T16:31:00Z,2026-09-25T16:32:00Z,283.12,283.12,283,283.025
2026-09-25T16:32:00Z,2026-09-25T16:33:00Z,283.03,283.135,283.015,283.1
2026-09-25T16:33:00Z,2026-09-25T16:34:00Z,283.105,283.135,283.015,283.05
2026-09-25T16:34:00Z,2026-09-25T16:35:00Z,283.045,283.045,282.365,282.55
2026-09-25T16:35:00Z,2026-09-25T16:36:00Z,282.555,282.785,282.555,282.77
2026-09-25T16:36:00Z,2026-09-25T16:37:00Z,282.76,282.78,282.625,282.77
2026-09-25T16:37:00Z,2026-09-25T16:38:00Z,282.78,282.945,282.69,282.72
2026-09-25T16:38:00Z,2026-09-25T16:39:00Z,282.725,282.74,282.555,282.7
2026-09-25T16:39:00Z,2026-09-25T16:40:00Z,282.695,282.805,282.655,282.675
2026-09-25T16:40:00Z,2026-09-25T16:41:00Z,282.68,282.715,282.57,282.58
2026-09-25T16:41:00Z,2026-09-25T16:42:00Z,282.595,282.63,282.505,282.625
2026-09-25T16:42:00Z,2026-09-25T16:43:00Z,282.64,282.825,282.635,282.695
2026-09-25T16:43:00Z,2026-09-25T16:44:00Z,282.7,282.755,282.64,282.69
2026-09-25T16:44:00Z,2026-09-25T16:45:00Z,282.7,282.78,282.67,282.685
2026-09-25T16:45:00Z,2026-09-25T16:46:00Z,282.68,282.685,282.45,282.53
2026-09-25T16:46:00Z,2026-09-25T16:47:00Z,282.525,282.6,282.515,282.56
2026-09-25T16:47:00Z,2026-09-25T16:48:00Z,282.565,282.575,282.505,282.51
2026-09-25T16:48:00Z,2026-09-25T16:49:00Z,282.51,282.56,282.35,282.36
2026-09-25T16:49:00Z,2026-09-25T16:50:00Z,282.365,282.465,282.315,282.425
2026-09-25T16:50:00Z,2026-09-25T16:51:00Z,282.435,282.49,282.4,282.405
2026-09-25T16:51:00Z,2026-09-25T16:52:00Z,282.41,282.42,282.35,282.41
2026-09-25T16:52:00Z,2026-09-25T16:53:00Z,282.405,282.43,282.35,282.41
2026-09-25T16:53:00Z,2026-09-25T16:54:00Z,282.415,282.46,282.385,282.41
2026-09-25T16:54:00Z,2026-09-25T16:55:00Z,282.415,282.465,282.39,282.45
2026-09-25T16:55:00Z,2026-09-25T16:56:00Z,282.45,282.48,282.395,282.42
2026-09-25T16:56:00Z,2026-09-25T16:57:00Z,282.415,282.49,282.365,282.38
2026-09-25T16:57:00Z,2026-09-25T16:58:00Z,282.385,282.385,282.305,282.325
2026-09-25T16:58:00Z,2026-09-25T16:59:00Z,282.315,282.32,282.285,282.305
2026-09-25T16:59:00Z,2026-09-25T17:00:00Z,282.31,282.335,282.17,282.25
2026-09-25T17:00:00Z,2026-09-25T17:01:00Z,282.255,282.27,282.245,282.245
2026-09-25T17:01:00Z,2026-09-25T17:02:00Z,282.245,282.515,282.245,282.485
2026-09-25T17:02:00Z,2026-09-25T17:03:00Z,282.49,282.515,282.42,282.46
2026-09-25T17:03:00Z,2026-09-25T17:04:00Z,282.465,282.47,282.375,282.39
2026-09-25T17:04:00Z,2026-09-25T17:05:00Z,282.385,282.43,282.355,282.405
2026-09-25T17:05:00Z,2026-09-25T17:06:00Z,282.41,282.43,282.34,282.345
2026-09-25T17:06:00Z,2026-09-25T17:07:00Z,282.34,282.39,282.3,282.31
2026-09-25T17:07:00Z,2026-09-25T17:08:00Z,282.315,282.375,282.285,282.335
2026-09-25T17:08:00Z,2026-09-25T17:09:00Z,282.34,282.35,282.195,282.295
2026-09-25T17:09:00Z,2026-09-25T17:10:00Z,282.295,282.445,282.295,282.425
2026-09-25T17:10:00Z,2026-09-25T17:11:00Z,282.43,282.43,282.325,282.355
2026-09-25T17:11:00Z,2026-09-25T17:12:00Z,282.355,282.37,282.295,282.3
2026-09-25T17:12:00Z,2026-09-25T17:13:00Z,282.31,282.335,282.215,282.31
2026-09-25T17:13:00Z,2026-09-25T17:14:00Z,282.305,282.405,282.3,282.335
2026-09-25T17:14:00Z,2026-09-25T17:15:00Z,282.34,282.37,282.315,282.37
2026-09-25T17:15:00Z,2026-09-25T17:16:00Z,282.375,282.395,282.27,282.295
2026-09-25T17:16:00Z,2026-09-25T17:17:00Z,282.295,282.295,282.195,282.25
2026-09-25T17:17:00Z,2026-09-25T17:18:00Z,282.255,282.295,282.21,282.21
2026-09-25T17:18:00Z,2026-09-25T17:19:00Z,282.21,282.215,282.09,282.155
2026-09-25T17:19:00Z,2026-09-25T17:20:00Z,282.155,282.215,282.125,282.155
2026-09-25T17:20:00Z,2026-09-25T17:21:00Z,282.155,282.19,282.115,282.12
2026-09-25T17:21:00Z,2026-09-25T17:22:00Z,282.115,282.165,282.07,282.145
2026-09-25T17:22:00Z,2026-09-25T17:23:00Z,282.145,282.175,282.145,282.165
2026-09-25T17:23:00Z,2026-09-25T17:24:00Z,282.17,282.225,282.14,282.215
2026-09-25T17:24:00Z,2026-09-25T17:25:00Z,282.21,282.285,282.195,282.265
2026-09-25T17:25:00Z,2026-09-25T17:26:00Z,282.27,282.295,282.21,282.245
2026-09-25T17:26:00Z,2026-09-25T17:27:00Z,282.245,282.255,282.19,282.2
2026-09-25T17:27:00Z,2026-09-25T17:28:00Z,282.195,282.215,282.15,282.16
2026-09-25T17:28:00Z,2026-09-25T17:29:00Z,282.155,282.17,282.1,282.115
2026-09-25T17:29:00Z,2026-09-25T17:30:00Z,282.125,282.15,282.1,282.115
2026-09-25T17:30:00Z,2026-09-25T17:31:00Z,282.115,282.165,282.065,282.16
2026-09-25T17:31:00Z,2026-09-25T17:32:00Z,282.165,282.165,281.93,281.935
2026-09-25T17:32:00Z,2026-09-25T17:33:00Z,281.945,282.05,281.945,282.045
2026-09-25T17:33:00Z,2026-09-25T17:34:00Z,282.045,282.08,281.965,281.965
2026-09-25T17:34:00Z,2026-09-25T17:35:00Z,281.97,281.975,281.835,281.925
2026-09-25T17:35:00Z,2026-09-25T17:36:00Z,281.925,281.925,281.8,281.815
2026-09-25T17:36:00Z,2026-09-25T17:37:00Z,281.81,281.835,281.735,281.74
2026-09-25T17:37:00Z,2026-09-25T17:38:00Z,281.715,281.73,281.665,281.68
2026-09-25T17:38:00Z,2026-09-25T17:39:00Z,281.675,281.76,281.675,281.7
2026-09-25T17:39:00Z,2026-09-25T17:40:00Z,281.72,281.945,281.715,281.845
2026-09-25T17:40:00Z,2026-09-25T17:41:00Z,281.865,281.955,281.8,281.84
2026-09-25T17:41:00Z,2026-09-25T17:42:00Z,281.835,282.025,281.815,281.975
2026-09-25T17:42:00Z,2026-09-25T17:43:00Z,281.975,282.065,281.975,282.025
2026-09-25T17:43:00Z,2026-09-25T17:44:00Z,282.02,282.045,281.985,282.035
2026-09-25T17:44:00Z,2026-09-25T17:45:00Z,282.035,282.085,281.935,281.965
2026-09-25T17:45:00Z,2026-09-25T17:46:00Z,281.965,282,281.915,281.975
2026-09-25T17:46:00Z,2026-09-25T17:47:00Z,281.985,282.045,281.98,281.995
2026-09-25T17:47:00Z,2026-09-25T17:48:00Z,281.995,282.02,281.93,281.935
2026-09-25T17:48:00Z,2026-09-25T17:49:00Z,281.935,282.02,281.925,281.98
2026-09-25T17:49:00Z,2026-09-25T17:50:00Z,281.985,282.045,281.97,282.005
2026-09-25T17:50:00Z,2026-09-25T17:51:00Z,281.995,282.02,281.945,281.955
2026-09-25T17:51:00Z,2026-09-25T17:52:00Z,281.96,281.965,281.885,281.915
2026-09-25T17:52:00Z,2026-09-25T17:53:00Z,281.905,281.915,281.82,281.825
2026-09-25T17:53:00Z,2026-09-25T17:54:00Z,281.825,281.895,281.805,281.885
2026-09-25T17:54:00Z,2026-09-25T17:55:00Z,281.885,281.895,281.8,281.84
2026-09-25T17:55:00Z,2026-09-25T17:56:00Z,281.835,281.865,281.81,281.865
2026-09-25T17:56:00Z,2026-09-25T17:57:00Z,281.86,281.91,281.86,281.89
2026-09-25T17:57:00Z,2026-09-25T17:58:00Z,281.885,281.885,281.86,281.885
2026-09-25T17:58:00Z,2026-09-25T17:59:00Z,281.895,281.97,281.895,281.965
2026-09-25T17:59:00Z,2026-09-25T18:00:00Z,281.965,282.005,281.965,281.995
2026-09-25T18:00:00Z,2026-09-25T18:01:00Z,282,282.005,281.905,281.915
2026-09-25T18:01:00Z,2026-09-25T18:02:00Z,281.925,281.925,281.865,281.885
2026-09-25T18:02:00Z,2026-09-25T18:03:00Z,281.895,281.975,281.885,281.955
2026-09-25T18:03:00Z,2026-09-25T18:04:00Z,281.955,281.955,281.9,281.9
2026-09-25T18:04:00Z,2026-09-25T18:05:00Z,281.905,281.915,281.85,281.85
2026-09-25T18:05:00Z,2026-09-25T18:06:00Z,281.855,281.905,281.82,281.825
2026-09-25T18:06:00Z,2026-09-25T18:07:00Z,281.825,281.885,281.825,281.845
2026-09-25T18:07:00Z,2026-09-25T18:08:00Z,281.85,281.865,281.83,281.855
2026-09-25T18:08:00Z,2026-09-25T18:09:00Z,281.86,281.93,281.855,281.925
2026-09-25T18:09:00Z,2026-09-25T18:10:00Z,281.925,281.935,281.885,281.935
2026-09-25T18:10:00Z,2026-09-25T18:11:00Z,281.935,281.935,281.885,281.885
2026-09-25T18:11:00Z,2026-09-25T18:12:00Z,281.885,281.885,281.82,281.875
2026-09-25T18:12:00Z,2026-09-25T18:13:00Z,281.875,281.955,281.835,281.955
2026-09-25T18:13:00Z,2026-09-25T18:14:00Z,281.955,282.035,281.955,282.035
2026-09-25T18:14:00Z,2026-09-25T18:15:00Z,282.055,282.095,282.015,282.085
2026-09-25T18:15:00Z,2026-09-25T18:16:00Z,282.085,282.125,282.075,282.115
2026-09-25T18:16:00Z,2026-09-25T18:17:00Z,282.115,282.155,282.065,282.08
2026-09-25T18:17:00Z,2026-09-25T18:18:00Z,282.085,282.115,282.065,282.115
2026-09-25T18:18:00Z,2026-09-25T18:19:00Z,282.115,282.15,282.075,282.095
2026-09-25T18:19:00Z,2026-09-25T18:20:00Z,282.1,282.125,282.065,282.125
2026-09-25T18:20:00Z,2026-09-25T18:21:00Z,282.115,282.145,282.095,282.125
2026-09-25T18:21:00Z,2026-09-25T18:22:00Z,282.115,282.13,282.06,282.065
2026-09-25T18:22:00Z,2026-09-25T18:23:00Z,282.065,282.105,282.055,282.07
2026-09-25T18:23:00Z,2026-09-25T18:24:00Z,282.065,282.145,282.065,282.135
2026-09-25T18:24:00Z,2026-09-25T18:25:00Z,282.135,282.205,282.135,282.185
2026-09-25T18:25:00Z,2026-09-25T18:26:00Z,282.185,282.265,282.175,282.245
2026-09-25T18:26:00Z,2026-09-25T18:27:00Z,282.245,282.265,281.99,282.035
2026-09-25T18:27:00Z,2026-09-25T18:28:00Z,282.025,282.075,281.85,281.905
2026-09-25T18:28:00Z,2026-09-25T18:29:00Z,281.9,282.025,281.875,282.005
2026-09-25T18:29:00Z,2026-09-25T18:30:00Z,282.015,282.075,281.96,282.075
2026-09-25T18:30:00Z,2026-09-25T18:31:00Z,282.075,282.165,282.045,282.125
2026-09-25T18:31:00Z,2026-09-25T18:32:00Z,282.14,282.21,282.095,282.105
2026-09-25T18:32:00Z,2026-09-25T18:33:00Z,282.115,282.19,282.08,282.085
2026-09-25T18:33:00Z,2026-09-25T18:34:00Z,282.1,282.115,282.02,282.085
2026-09-25T18:34:00Z,2026-09-25T18:35:00Z,282.085,282.11,282.04,282.065
2026-09-25T18:35:00Z,2026-09-25T18:36:00Z,282.06,282.135,282.015,282.125
2026-09-25T18:36:00Z,2026-09-25T18:37:00Z,282.135,282.175,282.125,282.175
2026-09-25T18:37:00Z,2026-09-25T18:38:00Z,282.175,282.175,281.955,281.99
2026-09-25T18:38:00Z,2026-09-25T18:39:00Z,281.985,282.015,281.945,282.01
2026-09-25T18:39:00Z,2026-09-25T18:40:00Z,282.005,282.01,281.935,281.935
2026-09-25T18:40:00Z,2026-09-25T18:41:00Z,281.945,281.975,281.905,281.945
2026-09-25T18:41:00Z,2026-09-25T18:42:00Z,281.955,282.01,281.93,282.005
2026-09-25T18:42:00Z,2026-09-25T18:43:00Z,282.005,282.035,281.995,282.035
2026-09-25T18:43:00Z,2026-09-25T18:44:00Z,282.045,282.045,281.995,282.005
2026-09-25T18:44:00Z,2026-09-25T18:45:00Z,282.005,282.065,281.995,282.055
2026-09-25T18:45:00Z,2026-09-25T18:46:00Z,282.055,282.115,282.05,282.065
2026-09-25T18:46:00Z,2026-09-25T18:47:00Z,282.065,282.105,282.055,282.075
2026-09-25T18:47:00Z,2026-09-25T18:48:00Z,282.08,282.1,282.03,282.07
2026-09-25T18:48:00Z,2026-09-25T18:49:00Z,282.07,282.145,282.065,282.145
2026-09-25T18:49:00Z,2026-09-25T18:50:00Z,282.145,282.175,282.125,282.145
2026-09-25T18:50:00Z,2026-09-25T18:51:00Z,282.15,282.205,282.125,282.175
2026-09-25T18:51:00Z,2026-09-25T18:52:00Z,282.175,282.205,282.135,282.175
2026-09-25T18:52:00Z,2026-09-25T18:53:00Z,282.175,282.235,282.175,282.235
2026-09-25T18:53:00Z,2026-09-25T18:54:00Z,282.24,282.245,282.205,282.215
2026-09-25T18:54:00Z,2026-09-25T18:55:00Z,282.21,282.225,282.135,282.145
2026-09-25T18:55:00Z,2026-09-25T18:56:00Z,282.145,282.185,282.145,282.155
2026-09-25T18:56:00Z,2026-09-25T18:57:00Z,282.165,282.175,282.11,282.145
2026-09-25T18:57:00Z,2026-09-25T18:58:00Z,282.14,282.2,282.115,282.195
2026-09-25T18:58:00Z,2026-09-25T18:59:00Z,282.195,282.255,282.185,282.245
2026-09-25T18:59:00Z,2026-09-25T19:00:00Z,282.25,282.265,282.225,282.25
2026-09-25T19:00:00Z,2026-09-25T19:01:00Z,282.255,282.335,282.215,282.255
2026-09-25T19:01:00Z,2026-09-25T19:02:00Z,282.265,282.38,282.235,282.265
2026-09-25T19:02:00Z,2026-09-25T19:03:00Z,282.27,282.285,282.14,282.155
2026-09-25T19:03:00Z,2026-09-25T19:04:00Z,282.16,282.16,282.065,282.145
2026-09-25T19:04:00Z,2026-09-25T19:05:00Z,282.15,282.205,282.145,282.18
2026-09-25T19:05:00Z,2026-09-25T19:06:00Z,282.175,282.275,282.165,282.235
2026-09-25T19:06:00Z,2026-09-25T19:07:00Z,282.235,282.255,282.205,282.215
2026-09-25T19:07:00Z,2026-09-25T19:08:00Z,282.215,282.345,282.185,282.345
2026-09-25T19:08:00Z,2026-09-25T19:09:00Z,282.345,282.365,282.3,282.315
2026-09-25T19:09:00Z,2026-09-25T19:10:00Z,282.315,282.335,282.295,282.315
2026-09-25T19:10:00Z,2026-09-25T19:11:00Z,282.315,282.355,282.3,282.345
2026-09-25T19:11:00Z,2026-09-25T19:12:00Z,282.345,282.385,282.305,282.375
2026-09-25T19:12:00Z,2026-09-25T19:13:00Z,282.375,282.455,282.365,282.435
2026-09-25T19:13:00Z,2026-09-25T19:14:00Z,282.445,282.45,282.405,282.445
2026-09-25T19:14:00Z,2026-09-25T19:15:00Z,282.445,282.495,282.435,282.465
2026-09-25T19:15:00Z,2026-09-25T19:16:00Z,282.475,282.505,282.445,282.455
2026-09-25T19:16:00Z,2026-09-25T19:17:00Z,282.46,282.475,282.4,282.415
2026-09-25T19:17:00Z,2026-09-25T19:18:00Z,282.425,282.43,282.375,282.375
2026-09-25T19:18:00Z,2026-09-25T19:19:00Z,282.38,282.425,282.375,282.425
2026-09-25T19:19:00Z,2026-09-25T19:20:00Z,282.395,282.405,282.315,282.315
2026-09-25T19:20:00Z,2026-09-25T19:21:00Z,282.32,282.365,282.295,282.305
2026-09-25T19:21:00Z,2026-09-25T19:22:00Z,282.3,282.365,282.3,282.335
2026-09-25T19:22:00Z,2026-09-25T19:23:00Z,282.33,282.405,282.325,282.355
2026-09-25T19:23:00Z,2026-09-25T19:24:00Z,282.36,282.385,282.3,282.34
2026-09-25T19:24:00Z,2026-09-25T19:25:00Z,282.335,282.385,282.335,282.35
2026-09-25T19:25:00Z,2026-09-25T19:26:00Z,282.335,282.345,282.3,282.315
2026-09-25T19:26:00Z,2026-09-25T19:27:00Z,282.32,282.32,282.155,282.155
2026-09-25T19:27:00Z,2026-09-25T19:28:00Z,282.16,282.185,282.13,282.13
2026-09-25T19:28:00Z,2026-09-25T19:29:00Z,282.135,282.175,282.115,282.125
2026-09-25T19:29:00Z,2026-09-25T19:30:00Z,282.125,282.125,282.045,282.125
2026-09-25T19:30:00Z,2026-09-25T19:31:00Z,282.13,282.135,282.055,282.065
2026-09-25T19:31:00Z,2026-09-25T19:32:00Z,282.07,282.075,282.005,282.065
2026-09-25T19:32:00Z,2026-09-25T19:33:00Z,282.065,282.07,281.965,281.995
2026-09-25T19:33:00Z,2026-09-25T19:34:00Z,281.985,282.065,281.96,282.03
2026-09-25T19:34:00Z,2026-09-25T19:35:00Z,282.035,282.065,282.01,282.035
2026-09-25T19:35:00Z,2026-09-25T19:36:00Z,282.035,282.045,282.005,282.035
2026-09-25T19:36:00Z,2026-09-25T19:37:00Z,282.035,282.055,281.99,282.055
2026-09-25T19:37:00Z,2026-09-25T19:38:00Z,282.055,282.31,282.045,282.305
2026-09-25T19:38:00Z,2026-09-25T19:39:00Z,282.295,282.425,282.295,282.365
2026-09-25T19:39:00Z,2026-09-25T19:40:00Z,282.375,282.405,282.345,282.375
2026-09-25T19:40:00Z,2026-09-25T19:41:00Z,282.375,282.375,282.255,282.275
2026-09-25T19:41:00Z,2026-09-25T19:42:00Z,282.285,282.37,282.265,282.325
2026-09-25T19:42:00Z,2026-09-25T19:43:00Z,282.335,282.415,282.325,282.405
2026-09-25T19:43:00Z,2026-09-25T19:44:00Z,282.405,282.465,282.395,282.46
2026-09-25T19:44:00Z,2026-09-25T19:45:00Z,282.465,282.515,282.445,282.45
2026-09-25T19:45:00Z,2026-09-25T19:46:00Z,282.455,282.7,282.445,282.645
2026-09-25T19:46:00Z,2026-09-25T19:47:00Z,282.645,282.745,282.59,282.73
2026-09-25T19:47:00Z,2026-09-25T19:48:00Z,282.725,282.765,282.645,282.655
2026-09-25T19:48:00Z,2026-09-25T19:49:00Z,282.645,282.655,282.565,282.615
2026-09-25T19:49:00Z,2026-09-25T19:50:00Z,282.61,282.635,282.485,282.535
2026-09-25T19:50:00Z,2026-09-25T19:51:00Z,282.525,282.705,282.525,282.605
2026-09-25T19:51:00Z,2026-09-25T19:52:00Z,282.615,282.625,282.46,282.465
2026-09-25T19:52:00Z,2026-09-25T19:53:00Z,282.475,282.5,282.385,282.395
2026-09-25T19:53:00Z,2026-09-25T19:54:00Z,282.385,282.45,282.355,282.435
2026-09-25T19:54:00Z,2026-09-25T19:55:00Z,282.43,282.505,282.295,282.305
2026-09-25T19:55:00Z,2026-09-25T19:56:00Z,282.295,282.295,282.17,282.195
2026-09-25T19:56:00Z,2026-09-25T19:57:00Z,282.19,282.19,282.085,282.135
2026-09-25T19:57:00Z,2026-09-25T19:58:00Z,282.145,282.23,282.145,282.195
2026-09-25T19:58:00Z,2026-09-25T19:59:00Z,282.185,282.195,282.065,282.135
2026-09-25T19:59:00Z,2026-09-25T20:00:00Z,282.13,282.13,281.91,281.965
2026-09-28T13:30:00Z,2026-09-28T13:31:00Z,280.285,280.395,279.685,279.775
2026-09-28T13:31:00Z,2026-09-28T13:32:00Z,279.77,279.93,279.685,279.84
2026-09-28T13:32:00Z,2026-09-28T13:33:00Z,279.85,279.88,279.64,279.66
2026-09-28T13:33:00Z,2026-09-28T13:34:00Z,279.655,279.755,279.495,279.5
2026-09-28T13:34:00Z,2026-09-28T13:35:00Z,279.495,279.87,279.485,279.71
2026-09-28T13:35:00Z,2026-09-28T13:36:00Z,279.72,279.8,279.47,279.51
2026-09-28T13:36:00Z,2026-09-28T13:37:00Z,279.52,279.74,279.4,279.715
2026-09-28T13:37:00Z,2026-09-28T13:38:00Z,279.72,280.11,279.71,280.09
2026-09-28T13:38:00Z,2026-09-28T13:39:00Z,280.095,280.14,279.85,279.97
2026-09-28T13:39:00Z,2026-09-28T13:40:00Z,279.985,280.09,279.86,280.06
2026-09-28T13:40:00Z,2026-09-28T13:41:00Z,280.05,280.13,279.815,279.89
2026-09-28T13:41:00Z,2026-09-28T13:42:00Z,279.895,279.945,279.76,279.8
2026-09-28T13:42:00Z,2026-09-28T13:43:00Z,279.815,280.07,279.785,280.01
2026-09-28T13:43:00Z,2026-09-28T13:44:00Z,280,280.14,279.985,280.085
2026-09-28T13:44:00Z,2026-09-28T13:45:00Z,280.095,280.14,279.875,280.135
2026-09-28T13:45:00Z,2026-09-28T13:46:00Z,280.13,280.175,279.825,280.17
2026-09-28T13:46:00Z,2026-09-28T13:47:00Z,280.175,280.235,279.83,279.88
2026-09-28T13:47:00Z,2026-09-28T13:48:00Z,279.885,280.19,279.775,280
2026-09-28T13:48:00Z,2026-09-28T13:49:00Z,280.015,280.1,279.835,279.905
2026-09-28T13:49:00Z,2026-09-28T13:50:00Z,279.91,279.97,279.775,279.86
2026-09-28T13:50:00Z,2026-09-28T13:51:00Z,279.865,279.9,279.6,279.72
2026-09-28T13:51:00Z,2026-09-28T13:52:00Z,279.725,279.845,279.585,279.825
2026-09-28T13:52:00Z,2026-09-28T13:53:00Z,279.815,279.965,279.77,279.88
2026-09-28T13:53:00Z,2026-09-28T13:54:00Z,279.875,279.98,279.8,279.9
2026-09-28T13:54:00Z,2026-09-28T13:55:00Z,279.905,280.075,279.72,279.885
2026-09-28T13:55:00Z,2026-09-28T13:56:00Z,279.89,280.08,279.655,279.865
2026-09-28T13:56:00Z,2026-09-28T13:57:00Z,279.87,279.915,279.755,279.785
2026-09-28T13:57:00Z,2026-09-28T13:58:00Z,279.78,279.815,279.735,279.785
2026-09-28T13:58:00Z,2026-09-28T13:59:00Z,279.78,279.87,279.735,279.825
2026-09-28T13:59:00Z,2026-09-28T14:00:00Z,279.82,280.19,279.82,280.175
2026-09-28T14:00:00Z,2026-09-28T14:01:00Z,280.15,280.185,279.835,279.96
2026-09-28T14:01:00Z,2026-09-28T14:02:00Z,279.935,280.185,279.935,280.14
2026-09-28T14:02:00Z,2026-09-28T14:03:00Z,280.145,280.45,280.12,280.435
2026-09-28T14:03:00Z,2026-09-28T14:04:00Z,280.445,280.515,280.325,280.495
2026-09-28T14:04:00Z,2026-09-28T14:05:00Z,280.485,280.485,280.02,280.03
2026-09-28T14:05:00Z,2026-09-28T14:06:00Z,280.035,280.085,279.88,280.04
2026-09-28T14:06:00Z,2026-09-28T14:07:00Z,280.045,280.385,280.045,280.385
2026-09-28T14:07:00Z,2026-09-28T14:08:00Z,280.38,280.65,280.34,280.645
2026-09-28T14:08:00Z,2026-09-28T14:09:00Z,280.635,280.66,280.45,280.595
2026-09-28T14:09:00Z,2026-09-28T14:10:00Z,280.59,280.695,280.59,280.665
2026-09-28T14:10:00Z,2026-09-28T14:11:00Z,280.66,280.805,280.54,280.75
2026-09-28T14:11:00Z,2026-09-28T14:12:00Z,280.745,280.75,280.515,280.57
2026-09-28T14:12:00Z,2026-09-28T14:13:00Z,280.565,280.635,280.435,280.53
2026-09-28T14:13:00Z,2026-09-28T14:14:00Z,280.545,280.56,280.325,280.335
2026-09-28T14:14:00Z,2026-09-28T14:15:00Z,280.345,280.43,280.15,280.395
2026-09-28T14:15:00Z,2026-09-28T14:16:00Z,280.4,280.455,280.265,280.395
2026-09-28T14:16:00Z,2026-09-28T14:17:00Z,280.39,280.435,280.23,280.41
2026-09-28T14:17:00Z,2026-09-28T14:18:00Z,280.415,280.54,280.37,280.525
2026-09-28T14:18:00Z,2026-09-28T14:19:00Z,280.54,280.545,280.385,280.385
2026-09-28T14:19:00Z,2026-09-28T14:20:00Z,280.38,280.445,280.31,280.365
2026-09-28T14:20:00Z,2026-09-28T14:21:00Z,280.36,280.51,280.305,280.475
2026-09-28T14:21:00Z,2026-09-28T14:22:00Z,280.455,280.495,280.31,280.37
2026-09-28T14:22:00Z,2026-09-28T14:23:00Z,280.375,280.705,280.37,280.69
2026-09-28T14:23:00Z,2026-09-28T14:24:00Z,280.685,280.7,280.455,280.465
2026-09-28T14:24:00Z,2026-09-28T14:25:00Z,280.46,280.65,280.435,280.645
2026-09-28T14:25:00Z,2026-09-28T14:26:00Z,280.64,280.73,280.625,280.665
2026-09-28T14:26:00Z,2026-09-28T14:27:00Z,280.67,280.705,280.58,280.685
2026-09-28T14:27:00Z,2026-09-28T14:28:00Z,280.69,280.755,280.565,280.6
2026-09-28T14:28:00Z,2026-09-28T14:29:00Z,280.595,280.76,280.55,280.76
2026-09-28T14:29:00Z,2026-09-28T14:30:00Z,280.765,280.795,280.73,280.765
2026-09-28T14:30:00Z,2026-09-28T14:31:00Z,280.77,280.775,280.565,280.69
2026-09-28T14:31:00Z,2026-09-28T14:32:00Z,280.685,280.715,280.485,280.56
2026-09-28T14:32:00Z,2026-09-28T14:33:00Z,280.555,280.565,280.445,280.47
2026-09-28T14:33:00Z,2026-09-28T14:34:00Z,280.475,280.58,280.375,280.425
2026-09-28T14:34:00Z,2026-09-28T14:35:00Z,280.43,280.49,280.335,280.355
2026-09-28T14:35:00Z,2026-09-28T14:36:00Z,280.34,280.38,280.23,280.305
2026-09-28T14:36:00Z,2026-09-28T14:37:00Z,280.3,280.425,280.27,280.365
2026-09-28T14:37:00Z,2026-09-28T14:38:00Z,280.36,280.4,280.115,280.12
2026-09-28T14:38:00Z,2026-09-28T14:39:00Z,280.125,280.13,279.91,279.965
2026-09-28T14:39:00Z,2026-09-28T14:40:00Z,279.97,280.03,279.87,279.89
2026-09-28T14:40:00Z,2026-09-28T14:41:00Z,279.895,279.97,279.85,279.905
2026-09-28T14:41:00Z,2026-09-28T14:42:00Z,279.895,280.1,279.825,280.055
2026-09-28T14:42:00Z,2026-09-28T14:43:00Z,280.05,280.07,279.855,279.88
2026-09-28T14:43:00Z,2026-09-28T14:44:00Z,279.89,279.925,279.735,279.76
2026-09-28T14:44:00Z,2026-09-28T14:45:00Z,279.765,279.765,279.63,279.695
2026-09-28T14:45:00Z,2026-09-28T14:46:00Z,279.72,279.73,279.535,279.59
2026-09-28T14:46:00Z,2026-09-28T14:47:00Z,279.605,279.67,279.505,279.565
2026-09-28T14:47:00Z,2026-09-28T14:48:00Z,279.56,279.615,279.365,279.47
2026-09-28T14:48:00Z,2026-09-28T14:49:00Z,279.48,279.55,279.355,279.36
2026-09-28T14:49:00Z,2026-09-28T14:50:00Z,279.365,279.555,279.315,279.45
2026-09-28T14:50:00Z,2026-09-28T14:51:00Z,279.445,279.47,279.42,279.455
2026-09-23T18:00:00Z,2026-09-23T18:01:00Z,283.01,283.02,282.915,282.955
2026-09-23T18:01:00Z,2026-09-23T18:02:00Z,282.945,282.995,282.895,282.91
2026-09-23T18:02:00Z,2026-09-23T18:03:00Z,282.905,282.915,282.775,282.785
2026-09-23T18:03:00Z,2026-09-23T18:04:00Z,282.78,282.78,282.64,282.645
2026-09-23T18:04:00Z,2026-09-23T18:05:00Z,282.665,282.665,282.585,282.595
2026-09-23T18:05:00Z,2026-09-23T18:06:00Z,282.59,282.6,282.545,282.595
2026-09-23T18:06:00Z,2026-09-23T18:07:00Z,282.6,282.66,282.585,282.635
2026-09-23T18:07:00Z,2026-09-23T18:08:00Z,282.63,282.635,282.565,282.58
2026-09-23T18:08:00Z,2026-09-23T18:09:00Z,282.575,282.665,282.545,282.635
2026-09-23T18:09:00Z,2026-09-23T18:10:00Z,282.635,282.655,282.595,282.62
2026-09-23T18:10:00Z,2026-09-23T18:11:00Z,282.625,282.69,282.615,282.625
2026-09-23T18:11:00Z,2026-09-23T18:12:00Z,282.625,282.645,282.575,282.575
2026-09-23T18:12:00Z,2026-09-23T18:13:00Z,282.575,282.585,282.485,282.565
2026-09-23T18:13:00Z,2026-09-23T18:14:00Z,282.565,282.565,282.495,282.52
2026-09-23T18:14:00Z,2026-09-23T18:15:00Z,282.525,282.62,282.485,282.605
2026-09-23T18:15:00Z,2026-09-23T18:16:00Z,282.6,282.665,282.575,282.645
2026-09-23T18:16:00Z,2026-09-23T18:17:00Z,282.655,282.715,282.545,282.555
2026-09-23T18:17:00Z,2026-09-23T18:18:00Z,282.55,282.625,282.545,282.575
2026-09-23T18:18:00Z,2026-09-23T18:19:00Z,282.575,282.675,282.575,282.665
2026-09-23T18:19:00Z,2026-09-23T18:20:00Z,282.665,282.705,282.635,282.645
2026-09-23T18:20:00Z,2026-09-23T18:21:00Z,282.635,282.655,282.595,282.635
2026-09-23T18:21:00Z,2026-09-23T18:22:00Z,282.64,282.64,282.505,282.515
2026-09-23T18:22:00Z,2026-09-23T18:23:00Z,282.515,282.58,282.515,282.555
2026-09-23T18:23:00Z,2026-09-23T18:24:00Z,282.545,282.605,282.525,282.565
2026-09-23T18:24:00Z,2026-09-23T18:25:00Z,282.555,282.59,282.525,282.575
2026-09-23T18:25:00Z,2026-09-23T18:26:00Z,282.58,282.65,282.545,282.555
2026-09-23T18:26:00Z,2026-09-23T18:27:00Z,282.545,282.605,282.535,282.535
2026-09-23T18:27:00Z,2026-09-23T18:28:00Z,282.535,282.57,282.525,282.535
2026-09-23T18:28:00Z,2026-09-23T18:29:00Z,282.545,282.545,282.495,282.515
2026-09-23T18:29:00Z,2026-09-23T18:30:00Z,282.52,282.54,282.475,282.525
2026-09-23T18:30:00Z,2026-09-23T18:31:00Z,282.515,282.535,282.405,282.415
2026-09-23T18:31:00Z,2026-09-23T18:32:00Z,282.415,282.425,282.335,282.365
2026-09-23T18:32:00Z,2026-09-23T18:33:00Z,282.355,282.405,282.335,282.405
2026-09-23T18:33:00Z,2026-09-23T18:34:00Z,282.415,282.455,282.39,282.41
2026-09-23T18:34:00Z,2026-09-23T18:35:00Z,282.41,282.5,282.375,282.435
2026-09-23T18:35:00Z,2026-09-23T18:36:00Z,282.44,282.465,282.435,282.445
2026-09-23T18:36:00Z,2026-09-23T18:37:00Z,282.45,282.465,282.415,282.425
2026-09-23T18:37:00Z,2026-09-23T18:38:00Z,282.425,282.425,282.345,282.355
2026-09-23T18:38:00Z,2026-09-23T18:39:00Z,282.35,282.375,282.265,282.305
2026-09-23T18:39:00Z,2026-09-23T18:40:00Z,282.305,282.315,282.245,282.245
2026-09-23T18:40:00Z,2026-09-23T18:41:00Z,282.26,282.335,282.25,282.265
2026-09-23T18:41:00Z,2026-09-23T18:42:00Z,282.275,282.305,282.215,282.275
2026-09-23T18:42:00Z,2026-09-23T18:43:00Z,282.27,282.295,282.215,282.215
2026-09-23T18:43:00Z,2026-09-23T18:44:00Z,282.23,282.29,282.225,282.235
2026-09-23T18:44:00Z,2026-09-23T18:45:00Z,282.225,282.275,282.215,282.265
2026-09-23T18:45:00Z,2026-09-23T18:46:00Z,282.27,282.275,282.145,282.175
2026-09-23T18:46:00Z,2026-09-23T18:47:00Z,282.17,282.245,282.16,282.195
2026-09-23T18:47:00Z,2026-09-23T18:48:00Z,282.205,282.265,282.195,282.255
2026-09-23T18:48:00Z,2026-09-23T18:49:00Z,282.255,282.335,282.245,282.305
2026-09-23T18:49:00Z,2026-09-23T18:50:00Z,282.315,282.325,282.275,282.3
2026-09-23T18:50:00Z,2026-09-23T18:51:00Z,282.295,282.315,282.275,282.28
2026-09-23T18:51:00Z,2026-09-23T18:52:00Z,282.285,282.32,282.265,282.275
2026-09-23T18:52:00Z,2026-09-23T18:53:00Z,282.27,282.285,282.22,282.245
2026-09-23T18:53:00Z,2026-09-23T18:54:00Z,282.255,282.29,282.225,282.285
2026-09-23T18:54:00Z,2026-09-23T18:55:00Z,282.275,282.355,282.245,282.355
2026-09-23T18:55:00Z,2026-09-23T18:56:00Z,282.345,282.49,282.345,282.485
2026-09-23T18:56:00Z,2026-09-23T18:57:00Z,282.495,282.53,282.485,282.505
2026-09-23T18:57:00Z,2026-09-23T18:58:00Z,282.505,282.53,282.475,282.52
2026-09-23T18:58:00Z,2026-09-23T18:59:00Z,282.525,282.615,282.515,282.615
2026-09-23T18:59:00Z,2026-09-23T19:00:00Z,282.62,282.645,282.595,282.615
2026-09-23T19:00:00Z,2026-09-23T19:01:00Z,282.615,282.705,282.575,282.665
2026-09-23T19:01:00Z,2026-09-23T19:02:00Z,282.675,282.675,282.56,282.58
2026-09-23T19:02:00Z,2026-09-23T19:03:00Z,282.575,282.575,282.495,282.495
2026-09-23T19:03:00Z,2026-09-23T19:04:00Z,282.495,282.505,282.335,282.345
2026-09-23T19:04:00Z,2026-09-23T19:05:00Z,282.35,282.365,282.295,282.305
2026-09-23T19:05:00Z,2026-09-23T19:06:00Z,282.305,282.31,282.245,282.29
2026-09-23T19:06:00Z,2026-09-23T19:07:00Z,282.275,282.415,282.275,282.415
2026-09-23T19:07:00Z,2026-09-23T19:08:00Z,282.415,282.57,282.415,282.535
2026-09-23T19:08:00Z,2026-09-23T19:09:00Z,282.545,282.56,282.5,282.505
2026-09-23T19:09:00Z,2026-09-23T19:10:00Z,282.5,282.535,282.41,282.475
2026-09-23T19:10:00Z,2026-09-23T19:11:00Z,282.47,282.52,282.45,282.515
2026-09-23T19:11:00Z,2026-09-23T19:12:00Z,282.515,282.605,282.49,282.585
2026-09-23T19:12:00Z,2026-09-23T19:13:00Z,282.6,282.645,282.595,282.615
2026-09-23T19:13:00Z,2026-09-23T19:14:00Z,282.605,282.645,282.565,282.64
2026-09-23T19:14:00Z,2026-09-23T19:15:00Z,282.635,282.675,282.61,282.625
2026-09-23T19:15:00Z,2026-09-23T19:16:00Z,282.63,282.635,282.475,282.475
2026-09-23T19:16:00Z,2026-09-23T19:17:00Z,282.47,282.51,282.455,282.5
2026-09-23T19:17:00Z,2026-09-23T19:18:00Z,282.505,282.505,282.46,282.475
2026-09-23T19:18:00Z,2026-09-23T19:19:00Z,282.475,282.49,282.405,282.475
2026-09-23T19:19:00Z,2026-09-23T19:20:00Z,282.475,282.5,282.435,282.435
2026-09-23T19:20:00Z,2026-09-23T19:21:00Z,282.43,282.43,282.345,282.37
2026-09-23T19:21:00Z,2026-09-23T19:22:00Z,282.365,282.395,282.35,282.385
2026-09-23T19:22:00Z,2026-09-23T19:23:00Z,282.375,282.425,282.365,282.425
2026-09-23T19:23:00Z,2026-09-23T19:24:00Z,282.425,282.475,282.415,282.435
2026-09-23T19:24:00Z,2026-09-23T19:25:00Z,282.435,282.455,282.425,282.45
2026-09-23T19:25:00Z,2026-09-23T19:26:00Z,282.445,282.495,282.435,282.435
2026-09-23T19:26:00Z,2026-09-23T19:27:00Z,282.435,282.46,282.38,282.385
2026-09-23T19:27:00Z,2026-09-23T19:28:00Z,282.39,282.435,282.375,282.395
2026-09-23T19:28:00Z,2026-09-23T19:29:00Z,282.395,282.425,282.355,282.395
2026-09-23T19:29:00Z,2026-09-23T19:30:00Z,282.395,282.425,282.335,282.415
2026-09-23T19:30:00Z,2026-09-23T19:31:00Z,282.425,282.505,282.375,282.455
2026-09-23T19:31:00Z,2026-09-23T19:32:00Z,282.445,282.515,282.435,282.435
2026-09-23T19:32:00Z,2026-09-23T19:33:00Z,282.435,282.465,282.385,282.395
2026-09-23T19:33:00Z,2026-09-23T19:34:00Z,282.405,282.435,282.335,282.435
2026-09-23T19:34:00Z,2026-09-23T19:35:00Z,282.425,282.455,282.415,282.425
2026-09-23T19:35:00Z,2026-09-23T19:36:00Z,282.425,282.425,282.375,282.375
2026-09-23T19:36:00Z,2026-09-23T19:37:00Z,282.38,282.425,282.375,282.395
2026-09-23T19:37:00Z,2026-09-23T19:38:00Z,282.395,282.395,282.305,282.315
2026-09-23T19:38:00Z,2026-09-23T19:39:00Z,282.325,282.395,282.315,282.355
2026-09-23T19:39:00Z,2026-09-23T19:40:00Z,282.355,282.375,282.33,282.33
2026-09-23T19:40:00Z,2026-09-23T19:41:00Z,282.335,282.435,282.3,282.415
2026-09-23T19:41:00Z,2026-09-23T19:42:00Z,282.42,282.445,282.385,282.385
2026-09-23T19:42:00Z,2026-09-23T19:43:00Z,282.385,282.385,282.19,282.19
2026-09-23T19:43:00Z,2026-09-23T19:44:00Z,282.195,282.195,282.125,282.135
2026-09-23T19:44:00Z,2026-09-23T19:45:00Z,282.135,282.155,282.095,282.125
2026-09-23T19:45:00Z,2026-09-23T19:46:00Z,282.125,282.165,282.075,282.085
2026-09-23T19:46:00Z,2026-09-23T19:47:00Z,282.095,282.105,282,282.015
2026-09-23T19:47:00Z,2026-09-23T19:48:00Z,282.005,282.135,281.985,282.135
2026-09-23T19:48:00Z,2026-09-23T19:49:00Z,282.125,282.165,282.065,282.145
2026-09-23T19:49:00Z,2026-09-23T19:50:00Z,282.15,282.225,282.135,282.215
2026-09-23T19:50:00Z,2026-09-23T19:51:00Z,282.225,282.26,282.105,282.175
2026-09-23T19:51:00Z,2026-09-23T19:52:00Z,282.17,282.215,282.01,282.065
2026-09-23T19:52:00Z,2026-09-23T19:53:00Z,282.08,282.195,282.045,282.085
2026-09-23T19:53:00Z,2026-09-23T19:54:00Z,282.09,282.165,282.065,282.135
2026-09-23T19:54:00Z,2026-09-23T19:55:00Z,282.125,282.155,281.995,281.995
2026-09-23T19:55:00Z,2026-09-23T19:56:00Z,282.015,282.085,281.935,281.945
2026-09-23T19:56:00Z,2026-09-23T19:57:00Z,281.935,281.945,281.855,281.92
2026-09-23T19:57:00Z,2026-09-23T19:58:00Z,281.925,282.07,281.865,282.015
2026-09-23T19:58:00Z,2026-09-23T19:59:00Z,282.005,282.045,281.985,281.99
2026-09-23T19:59:00Z,2026-09-23T20:00:00Z,281.985,282.03,281.845,281.955
2026-09-24T13:30:00Z,2026-09-24T13:31:00Z,281.33,281.36,280.865,281.14
2026-09-24T13:31:00Z,2026-09-24T13:32:00Z,281.145,281.565,280.97,281.49
2026-09-24T13:32:00Z,2026-09-24T13:33:00Z,281.495,281.74,281.47,281.63
2026-09-24T13:33:00Z,2026-09-24T13:34:00Z,281.635,281.64,281.17,281.3
2026-09-24T13:34:00Z,2026-09-24T13:35:00Z,281.295,281.295,281.02,281.08
2026-09-24T13:35:00Z,2026-09-24T13:36:00Z,281.085,281.085,280.91,280.98
2026-09-24T13:36:00Z,2026-09-24T13:37:00Z,280.96,281.08,280.935,281.02
2026-09-24T13:37:00Z,2026-09-24T13:38:00Z,281.015,281.015,280.83,280.875
2026-09-24T13:38:00Z,2026-09-24T13:39:00Z,280.89,281,280.815,280.925
2026-09-24T13:39:00Z,2026-09-24T13:40:00Z,280.9,281.13,280.855,281.13
2026-09-24T13:40:00Z,2026-09-24T13:41:00Z,281.125,281.195,280.97,281.045
2026-09-24T13:41:00Z,2026-09-24T13:42:00Z,281.035,281.045,280.725,280.74
2026-09-24T13:42:00Z,2026-09-24T13:43:00Z,280.735,280.825,280.625,280.635
2026-09-24T13:43:00Z,2026-09-24T13:44:00Z,280.625,280.785,280.605,280.745
2026-09-24T13:44:00Z,2026-09-24T13:45:00Z,280.755,280.84,280.705,280.725
2026-09-24T13:45:00Z,2026-09-24T13:46:00Z,280.72,280.74,280.59,280.66
2026-09-24T13:46:00Z,2026-09-24T13:47:00Z,280.65,280.745,280.515,280.705
2026-09-24T13:47:00Z,2026-09-24T13:48:00Z,280.71,280.835,280.665,280.755
2026-09-24T13:48:00Z,2026-09-24T13:49:00Z,280.75,280.86,280.525,280.555
2026-09-24T13:49:00Z,2026-09-24T13:50:00Z,280.58,280.775,280.565,280.705
2026-09-24T13:50:00Z,2026-09-24T13:51:00Z,280.7,280.71,280.505,280.555
2026-09-24T13:51:00Z,2026-09-24T13:52:00Z,280.56,280.77,280.52,280.705
2026-09-24T13:52:00Z,2026-09-24T13:53:00Z,280.705,280.78,280.58,280.63
2026-09-24T13:53:00Z,2026-09-24T13:54:00Z,280.635,280.765,280.555,280.72
2026-09-24T13:54:00Z,2026-09-24T13:55:00Z,280.73,280.775,280.61,280.725
2026-09-24T13:55:00Z,2026-09-24T13:56:00Z,280.73,280.75,280.53,280.545
2026-09-24T13:56:00Z,2026-09-24T13:57:00Z,280.54,280.575,280.505,280.56
2026-09-24T13:57:00Z,2026-09-24T13:58:00Z,280.545,280.675,280.535,280.605
2026-09-24T13:58:00Z,2026-09-24T13:59:00Z,280.6,280.615,280.52,280.595
2026-09-24T13:59:00Z,2026-09-24T14:00:00Z,280.6,280.605,280.52,280.535
2026-09-24T14:00:00Z,2026-09-24T14:01:00Z,280.525,280.53,280.325,280.335
2026-09-24T14:01:00Z,2026-09-24T14:02:00Z,280.345,280.48,280.335,280.395
2026-09-24T14:02:00Z,2026-09-24T14:03:00Z,280.385,280.59,280.365,280.545
2026-09-24T14:03:00Z,2026-09-24T14:04:00Z,280.535,280.595,280.485,280.595
2026-09-24T14:04:00Z,2026-09-24T14:05:00Z,280.585,280.735,280.565,280.725
2026-09-24T14:05:00Z,2026-09-24T14:06:00Z,280.715,280.835,280.65,280.83
2026-09-24T14:06:00Z,2026-09-24T14:07:00Z,280.82,281,280.815,280.985
2026-09-24T14:07:00Z,2026-09-24T14:08:00Z,280.995,281.03,280.945,281.015
2026-09-24T14:08:00Z,2026-09-24T14:09:00Z,281.02,281.02,280.835,280.92
2026-09-24T14:09:00Z,2026-09-24T14:10:00Z,280.915,280.995,280.725,280.725
2026-09-24T14:10:00Z,2026-09-24T14:11:00Z,280.745,280.8,280.635,280.79
2026-09-24T14:11:00Z,2026-09-24T14:12:00Z,280.795,280.84,280.74,280.76
2026-09-24T14:12:00Z,2026-09-24T14:13:00Z,280.765,280.765,280.6,280.68
2026-09-24T14:13:00Z,2026-09-24T14:14:00Z,280.685,280.92,280.675,280.905
2026-09-24T14:14:00Z,2026-09-24T14:15:00Z,280.91,280.99,280.87,280.88
2026-09-24T14:15:00Z,2026-09-24T14:16:00Z,280.875,280.895,280.585,280.615
2026-09-24T14:16:00Z,2026-09-24T14:17:00Z,280.62,280.75,280.615,280.75
2026-09-24T14:17:00Z,2026-09-24T14:18:00Z,280.74,280.915,280.695,280.805
2026-09-24T14:18:00Z,2026-09-24T14:19:00Z,280.815,280.815,280.645,280.655
2026-09-24T14:19:00Z,2026-09-24T14:20:00Z,280.665,280.71,280.555,280.555
2026-09-24T14:20:00Z,2026-09-24T14:21:00Z,280.565,280.565,280.425,280.455
2026-09-24T14:21:00Z,2026-09-24T14:22:00Z,280.45,280.58,280.395,280.4
2026-09-24T14:22:00Z,2026-09-24T14:23:00Z,280.395,280.525,280.355,280.51
2026-09-24T14:23:00Z,2026-09-24T14:24:00Z,280.5,280.53,280.415,280.49
2026-09-24T14:24:00Z,2026-09-24T14:25:00Z,280.5,280.59,280.465,280.465
2026-09-24T14:25:00Z,2026-09-24T14:26:00Z,280.45,280.495,280.325,280.4
2026-09-24T14:26:00Z,2026-09-24T14:27:00Z,280.405,280.445,280.355,280.415
2026-09-24T14:27:00Z,2026-09-24T14:28:00Z,280.42,280.655,280.38,280.655
2026-09-24T14:28:00Z,2026-09-24T14:29:00Z,280.67,280.67,280.585,280.585
2026-09-24T14:29:00Z,2026-09-24T14:30:00Z,280.58,280.625,280.56,280.605
2026-09-24T14:30:00Z,2026-09-24T14:31:00Z,280.61,280.67,280.515,280.66
2026-09-24T14:31:00Z,2026-09-24T14:32:00Z,280.64,280.725,280.635,280.715
2026-09-24T14:32:00Z,2026-09-24T14:33:00Z,280.705,280.795,280.69,280.76
2026-09-24T14:33:00Z,2026-09-24T14:34:00Z,280.765,280.97,280.735,280.97
2026-09-24T14:34:00Z,2026-09-24T14:35:00Z,280.965,281.05,280.95,280.985
2026-09-24T14:35:00Z,2026-09-24T14:36:00Z,280.99,280.99,280.815,280.87
2026-09-24T14:36:00Z,2026-09-24T14:37:00Z,280.875,280.9,280.755,280.81
2026-09-24T14:37:00Z,2026-09-24T14:38:00Z,280.805,280.97,280.8,280.91
2026-09-24T14:38:00Z,2026-09-24T14:39:00Z,280.915,280.915,280.755,280.78
2026-09-24T14:39:00Z,2026-09-24T14:40:00Z,280.785,280.805,280.63,280.695
2026-09-24T14:40:00Z,2026-09-24T14:41:00Z,280.7,280.755,280.585,280.6
2026-09-24T14:41:00Z,2026-09-24T14:42:00Z,280.605,280.66,280.56,280.565
2026-09-24T14:42:00Z,2026-09-24T14:43:00Z,280.56,280.63,280.44,280.465
2026-09-24T14:43:00Z,2026-09-24T14:44:00Z,280.47,280.47,280.315,280.315
2026-09-24T14:44:00Z,2026-09-24T14:45:00Z,280.315,280.375,280.265,280.3
2026-09-24T14:45:00Z,2026-09-24T14:46:00Z,280.305,280.305,280.235,280.265
2026-09-24T14:46:00Z,2026-09-24T14:47:00Z,280.26,280.3,280.21,280.235
2026-09-24T14:47:00Z,2026-09-24T14:48:00Z,280.235,280.345,280.2,280.205
2026-09-24T14:48:00Z,2026-09-24T14:49:00Z,280.205,280.245,280.155,280.175
2026-09-24T14:49:00Z,2026-09-24T14:50:00Z,280.18,280.29,280.16,280.245
2026-09-24T14:50:00Z,2026-09-24T14:51:00Z,280.23,280.465,280.225,280.255
2026-09-24T14:51:00Z,2026-09-24T14:52:00Z,280.265,280.29,280.185,280.27
2026-09-24T14:52:00Z,2026-09-24T14:53:00Z,280.26,280.27,280.155,280.175
2026-09-24T14:53:00Z,2026-09-24T14:54:00Z,280.18,280.235,280.08,280.215
2026-09-24T14:54:00Z,2026-09-24T14:55:00Z,280.225,280.245,280.14,280.15
2026-09-24T14:55:00Z,2026-09-24T14:56:00Z,280.155,280.165,280.045,280.05
2026-09-24T14:56:00Z,2026-09-24T14:57:00Z,280.045,280.07,279.975,280.01
2026-09-24T14:57:00Z,2026-09-24T14:58:00Z,280.005,280.045,279.945,280.045
2026-09-24T14:58:00Z,2026-09-24T14:59:00Z,280.04,280.04,279.855,279.855
2026-09-24T14:59:00Z,2026-09-24T15:00:00Z,279.86,280.01,279.815,279.995
2026-09-24T15:00:00Z,2026-09-24T15:01:00Z,279.985,280.005,279.855,279.905
2026-09-24T15:01:00Z,2026-09-24T15:02:00Z,279.905,279.97,279.855,279.89
2026-09-24T15:02:00Z,2026-09-24T15:03:00Z,279.88,279.93,279.835,279.85
2026-09-24T15:03:00Z,2026-09-24T15:04:00Z,279.86,279.955,279.84,279.895
2026-09-24T15:04:00Z,2026-09-24T15:05:00Z,279.89,279.945,279.81,279.835
2026-09-24T15:05:00Z,2026-09-24T15:06:00Z,279.83,279.895,279.785,279.875
2026-09-24T15:06:00Z,2026-09-24T15:07:00Z,279.865,279.935,279.76,279.82
2026-09-24T15:07:00Z,2026-09-24T15:08:00Z,279.815,279.89,279.78,279.855
2026-09-24T15:08:00Z,2026-09-24T15:09:00Z,279.855,279.885,279.81,279.88
2026-09-24T15:09:00Z,2026-09-24T15:10:00Z,279.885,279.915,279.835,279.855
2026-09-24T15:10:00Z,2026-09-24T15:11:00Z,279.86,279.92,279.735,279.795
2026-09-24T15:11:00Z,2026-09-24T15:12:00Z,279.79,279.795,279.725,279.735
2026-09-24T15:12:00Z,2026-09-24T15:13:00Z,279.73,279.765,279.61,279.625
2026-09-24T15:13:00Z,2026-09-24T15:14:00Z,279.625,279.625,279.545,279.565
2026-09-24T15:14:00Z,2026-09-24T15:15:00Z,279.575,279.585,279.515,279.56
2026-09-24T15:15:00Z,2026-09-24T15:16:00Z,279.555,279.725,279.515,279.685
2026-09-24T15:16:00Z,2026-09-24T15:17:00Z,279.69,279.915,279.685,279.795
2026-09-24T15:17:00Z,2026-09-24T15:18:00Z,279.8,279.845,279.71,279.75
2026-09-24T15:18:00Z,2026-09-24T15:19:00Z,279.745,279.745,279.57,279.665
2026-09-24T15:19:00Z,2026-09-24T15:20:00Z,279.665,279.69,279.615,279.615
2026-09-24T15:20:00Z,2026-09-24T15:21:00Z,279.595,279.6,279.45,279.465
2026-09-24T15:21:00Z,2026-09-24T15:22:00Z,279.475,279.51,279.425,279.47
2026-09-24T15:22:00Z,2026-09-24T15:23:00Z,279.475,279.545,279.44,279.545
2026-09-24T15:23:00Z,2026-09-24T15:24:00Z,279.55,279.63,279.525,279.63
2026-09-24T15:24:00Z,2026-09-24T15:25:00Z,279.625,279.75,279.61,279.715
2026-09-24T15:25:00Z,2026-09-24T15:26:00Z,279.725,279.725,279.49,279.515
2026-09-24T15:26:00Z,2026-09-24T15:27:00Z,279.525,279.595,279.495,279.505
2026-09-24T15:27:00Z,2026-09-24T15:28:00Z,279.535,279.545,279.43,279.45
2026-09-24T15:28:00Z,2026-09-24T15:29:00Z,279.44,279.465,279.395,279.395
2026-09-24T15:29:00Z,2026-09-24T15:30:00Z,279.385,279.43,279.345,279.405
2026-09-24T15:30:00Z,2026-09-24T15:31:00Z,279.415,279.465,279.4,279.425
2026-09-24T15:31:00Z,2026-09-24T15:32:00Z,279.43,279.475,279.405,279.405
2026-09-24T15:32:00Z,2026-09-24T15:33:00Z,279.405,279.445,279.37,279.41
2026-09-24T15:33:00Z,2026-09-24T15:34:00Z,279.41,279.515,279.395,279.47
2026-09-24T15:34:00Z,2026-09-24T15:35:00Z,279.475,279.495,279.415,279.415
2026-09-24T15:35:00Z,2026-09-24T15:36:00Z,279.405,279.475,279.335,279.375
2026-09-24T15:36:00Z,2026-09-24T15:37:00Z,279.37,279.49,279.27,279.29
2026-09-24T15:37:00Z,2026-09-24T15:38:00Z,279.285,279.375,279.285,279.365
2026-09-24T15:38:00Z,2026-09-24T15:39:00Z,279.36,279.39,279.325,279.33
2026-09-24T15:39:00Z,2026-09-24T15:40:00Z,279.325,279.335,279.245,279.28
2026-09-24T15:40:00Z,2026-09-24T15:41:00Z,279.275,279.31,279.215,279.265
2026-09-24T15:41:00Z,2026-09-24T15:42:00Z,279.265,279.315,279.21,279.235
2026-09-24T15:42:00Z,2026-09-24T15:43:00Z,279.235,279.285,279.2,279.26
2026-09-24T15:43:00Z,2026-09-24T15:44:00Z,279.255,279.305,279.235,279.295
2026-09-24T15:44:00Z,2026-09-24T15:45:00Z,279.28,279.425,279.28,279.425
2026-09-24T15:45:00Z,2026-09-24T15:46:00Z,279.435,279.535,279.435,279.475
2026-09-24T15:46:00Z,2026-09-24T15:47:00Z,279.47,279.47,279.335,279.34
2026-09-24T15:47:00Z,2026-09-24T15:48:00Z,279.345,279.385,279.22,279.225
2026-09-24T15:48:00Z,2026-09-24T15:49:00Z,279.225,279.275,279.19,279.19
2026-09-24T15:49:00Z,2026-09-24T15:50:00Z,279.175,279.19,279.105,279.165
2026-09-24T15:50:00Z,2026-09-24T15:51:00Z,279.165,279.255,279.115,279.255
2026-09-24T15:51:00Z,2026-09-24T15:52:00Z,279.255,279.335,279.195,279.315
2026-09-24T15:52:00Z,2026-09-24T15:53:00Z,279.325,279.385,279.305,279.37
2026-09-24T15:53:00Z,2026-09-24T15:54:00Z,279.375,279.445,279.335,279.345
2026-09-24T15:54:00Z,2026-09-24T15:55:00Z,279.36,279.4,279.315,279.395
2026-09-24T15:55:00Z,2026-09-24T15:56:00Z,279.405,279.435,279.34,279.395
2026-09-24T15:56:00Z,2026-09-24T15:57:00Z,279.385,279.45,279.345,279.435
2026-09-24T15:57:00Z,2026-09-24T15:58:00Z,279.435,279.455,279.415,279.435
2026-09-24T15:58:00Z,2026-09-24T15:59:00Z,279.435,279.435,279.355,279.385
2026-09-24T15:59:00Z,2026-09-24T16:00:00Z,279.38,279.39,279.315,279.315
2026-09-24T16:00:00Z,2026-09-24T16:01:00Z,279.31,279.315,279.065,279.095
2026-09-24T16:01:00Z,2026-09-24T16:02:00Z,279.09,279.195,279.045,279.155
2026-09-24T16:02:00Z,2026-09-24T16:03:00Z,279.155,279.2,279.145,279.17
2026-09-24T16:03:00Z,2026-09-24T16:04:00Z,279.16,279.215,279.09,279.2
2026-09-24T16:04:00Z,2026-09-24T16:05:00Z,279.2,279.26,279.17,279.255
2026-09-24T16:05:00Z,2026-09-24T16:06:00Z,279.245,279.265,279.16,279.26
2026-09-24T16:06:00Z,2026-09-24T16:07:00Z,279.255,279.255,279.135,279.16
2026-09-24T16:07:00Z,2026-09-24T16:08:00Z,279.155,279.16,279.085,279.125
2026-09-24T16:08:00Z,2026-09-24T16:09:00Z,279.12,279.155,279.08,279.155
2026-09-24T16:09:00Z,2026-09-24T16:10:00Z,279.15,279.175,279.115,279.17
2026-09-24T16:10:00Z,2026-09-24T16:11:00Z,279.165,279.255,279.16,279.205
2026-09-24T16:11:00Z,2026-09-24T16:12:00Z,279.195,279.225,279.18,279.225
2026-09-24T16:12:00Z,2026-09-24T16:13:00Z,279.225,279.255,279.185,279.185
2026-09-24T16:13:00Z,2026-09-24T16:14:00Z,279.185,279.265,279.185,279.245
2026-09-24T16:14:00Z,2026-09-24T16:15:00Z,279.245,279.35,279.245,279.35
2026-09-24T16:15:00Z,2026-09-24T16:16:00Z,279.37,280.355,279.37,280.27
2026-09-24T16:16:00Z,2026-09-24T16:17:00Z,280.3,281.27,280.165,281.075
2026-09-24T16:17:00Z,2026-09-24T16:18:00Z,281.065,281.69,281,281.48
2026-09-24T16:18:00Z,2026-09-24T16:19:00Z,281.485,281.865,281.375,281.375
2026-09-24T16:19:00Z,2026-09-24T16:20:00Z,281.355,281.555,280.85,281.005
2026-09-24T16:20:00Z,2026-09-24T16:21:00Z,281.015,281.485,280.975,281.29
2026-09-24T16:21:00Z,2026-09-24T16:22:00Z,281.285,281.345,281.105,281.17
2026-09-24T16:22:00Z,2026-09-24T16:23:00Z,281.185,281.55,281.175,281.495
2026-09-24T16:23:00Z,2026-09-24T16:24:00Z,281.5,281.56,281.22,281.22
2026-09-24T16:24:00Z,2026-09-24T16:25:00Z,281.215,281.51,281.1,281.435
2026-09-24T16:25:00Z,2026-09-24T16:26:00Z,281.445,281.5,281.09,281.11
2026-09-24T16:26:00Z,2026-09-24T16:27:00Z,281.115,281.27,281.045,281.065
2026-09-24T16:27:00Z,2026-09-24T16:28:00Z,281.07,281.35,280.955,281.25
2026-09-24T16:28:00Z,2026-09-24T16:29:00Z,281.255,281.345,281.195,281.29
2026-09-24T16:29:00Z,2026-09-24T16:30:00Z,281.285,281.285,281.135,281.175
2026-09-24T16:30:00Z,2026-09-24T16:31:00Z,281.18,281.21,281.015,281.1
2026-09-24T16:31:00Z,2026-09-24T16:32:00Z,281.105,281.14,280.8,280.805
2026-09-24T16:32:00Z,2026-09-24T16:33:00Z,280.82,280.82,280.7,280.8
2026-09-24T16:33:00Z,2026-09-24T16:34:00Z,280.81,280.99,280.775,280.92
2026-09-24T16:34:00Z,2026-09-24T16:35:00Z,280.915,280.98,280.83,280.905
2026-09-24T16:35:00Z,2026-09-24T16:36:00Z,280.91,281.105,280.825,281.08
2026-09-24T16:36:00Z,2026-09-24T16:37:00Z,281.085,281.425,281.07,281.425
2026-09-24T16:37:00Z,2026-09-24T16:38:00Z,281.41,281.525,281.37,281.43
2026-09-24T16:38:00Z,2026-09-24T16:39:00Z,281.42,281.495,281.355,281.46
2026-09-24T16:39:00Z,2026-09-24T16:40:00Z,281.465,281.62,281.465,281.61
2026-09-24T16:40:00Z,2026-09-24T16:41:00Z,281.605,281.84,281.525,281.84
2026-09-24T16:41:00Z,2026-09-24T16:42:00Z,281.84,282.07,281.84,282.07
2026-09-24T16:42:00Z,2026-09-24T16:43:00Z,282.095,282.21,281.99,282.1
2026-09-24T16:43:00Z,2026-09-24T16:44:00Z,282.11,282.135,281.77,281.79
2026-09-24T16:44:00Z,2026-09-24T16:45:00Z,281.78,281.81,281.445,281.46
2026-09-24T16:45:00Z,2026-09-24T16:46:00Z,281.45,281.48,281.285,281.37
2026-09-24T16:46:00Z,2026-09-24T16:47:00Z,281.365,281.58,281.335,281.58
2026-09-24T16:47:00Z,2026-09-24T16:48:00Z,281.59,281.59,281.43,281.52
2026-09-24T16:48:00Z,2026-09-24T16:49:00Z,281.525,281.62,281.49,281.53
2026-09-24T16:49:00Z,2026-09-24T16:50:00Z,281.54,281.59,281.42,281.51
2026-09-24T16:50:00Z,2026-09-24T16:51:00Z,281.52,281.55,281.44,281.44
2026-09-24T16:51:00Z,2026-09-24T16:52:00Z,281.46,281.715,281.45,281.595
2026-09-24T16:52:00Z,2026-09-24T16:53:00Z,281.6,281.605,281.295,281.345
2026-09-24T16:53:00Z,2026-09-24T16:54:00Z,281.35,281.39,281.255,281.28
2026-09-24T16:54:00Z,2026-09-24T16:55:00Z,281.29,281.36,281.245,281.295
2026-09-24T16:55:00Z,2026-09-24T16:56:00Z,281.3,281.355,281.25,281.31
2026-09-24T16:56:00Z,2026-09-24T16:57:00Z,281.3,281.46,281.255,281.455
2026-09-24T16:57:00Z,2026-09-24T16:58:00Z,281.45,281.48,281.355,281.39
2026-09-24T16:58:00Z,2026-09-24T16:59:00Z,281.38,281.45,281.36,281.38
2026-09-24T16:59:00Z,2026-09-24T17:00:00Z,281.38,281.38,281.305,281.305
2026-09-24T17:00:00Z,2026-09-24T17:01:00Z,281.3,281.3,281.055,281.145
2026-09-24T17:01:00Z,2026-09-24T17:02:00Z,281.15,281.36,281.11,281.28
2026-09-24T17:02:00Z,2026-09-24T17:03:00Z,281.295,281.3,281.005,281.255
2026-09-24T17:03:00Z,2026-09-24T17:04:00Z,281.26,281.64,281.26,281.5
2026-09-24T17:04:00Z,2026-09-24T17:05:00Z,281.505,281.535,281.295,281.42
2026-09-24T17:05:00Z,2026-09-24T17:06:00Z,281.43,281.61,281.36,281.42
2026-09-24T17:06:00Z,2026-09-24T17:07:00Z,281.425,281.57,281.36,281.485
2026-09-24T17:07:00Z,2026-09-24T17:08:00Z,281.49,281.63,281.465,281.515
2026-09-24T17:08:00Z,2026-09-24T17:09:00Z,281.52,281.605,281.44,281.57
2026-09-24T17:09:00Z,2026-09-24T17:10:00Z,281.575,281.58,281.485,281.485
2026-09-24T17:10:00Z,2026-09-24T17:11:00Z,281.475,281.495,281.21,281.3
2026-09-24T17:11:00Z,2026-09-24T17:12:00Z,281.305,281.305,281.17,281.25
2026-09-24T17:12:00Z,2026-09-24T17:13:00Z,281.26,281.28,281.18,281.18
2026-09-24T17:13:00Z,2026-09-24T17:14:00Z,281.17,281.42,281.135,281.415
2026-09-24T17:14:00Z,2026-09-24T17:15:00Z,281.42,281.665,281.42,281.56
2026-09-24T17:15:00Z,2026-09-24T17:16:00Z,281.555,281.57,281.34,281.37
2026-09-24T17:16:00Z,2026-09-24T17:17:00Z,281.36,281.53,281.36,281.45
2026-09-24T17:17:00Z,2026-09-24T17:18:00Z,281.455,281.535,281.35,281.35
2026-09-24T17:18:00Z,2026-09-24T17:19:00Z,281.37,281.47,281.355,281.37
2026-09-24T17:19:00Z,2026-09-24T17:20:00Z,281.375,281.38,281.055,281.055
2026-09-24T17:20:00Z,2026-09-24T17:21:00Z,281.045,281.05,280.915,281.04
2026-09-24T17:21:00Z,2026-09-24T17:22:00Z,281.04,281.125,281.03,281.09
2026-09-24T17:22:00Z,2026-09-24T17:23:00Z,281.095,281.23,281.06,281.16
2026-09-24T17:23:00Z,2026-09-24T17:24:00Z,281.165,281.205,281.12,281.185
2026-09-24T17:24:00Z,2026-09-24T17:25:00Z,281.18,281.285,281.13,281.15
2026-09-24T17:25:00Z,2026-09-24T17:26:00Z,281.145,281.145,280.97,280.98
2026-09-24T17:26:00Z,2026-09-24T17:27:00Z,280.985,281.055,280.85,280.9
2026-09-24T17:27:00Z,2026-09-24T17:28:00Z,280.895,280.965,280.86,280.915
2026-09-24T17:28:00Z,2026-09-24T17:29:00Z,280.92,281.085,280.915,281.05
2026-09-24T17:29:00Z,2026-09-24T17:30:00Z,281.045,281.07,281.005,281.055
2026-09-24T17:30:00Z,2026-09-24T17:31:00Z,281.05,281.19,281.02,281.16
2026-09-24T17:31:00Z,2026-09-24T17:32:00Z,281.17,281.29,281.145,281.22
2026-09-24T17:32:00Z,2026-09-24T17:33:00Z,281.225,281.225,281.02,281.05
2026-09-24T17:33:00Z,2026-09-24T17:34:00Z,281.045,281.095,280.99,281.04
2026-09-24T17:34:00Z,2026-09-24T17:35:00Z,281.045,281.05,280.87,280.885
2026-09-24T17:35:00Z,2026-09-24T17:36:00Z,280.89,280.92,280.835,280.835
2026-09-24T17:36:00Z,2026-09-24T17:37:00Z,280.83,280.94,280.8,280.86
2026-09-24T17:37:00Z,2026-09-24T17:38:00Z,280.86,280.925,280.785,280.81
2026-09-24T17:38:00Z,2026-09-24T17:39:00Z,280.805,280.83,280.72,280.785
2026-09-24T17:39:00Z,2026-09-24T17:40:00Z,280.8,280.925,280.79,280.865
2026-09-24T17:40:00Z,2026-09-24T17:41:00Z,280.86,280.925,280.845,280.9
2026-09-24T17:41:00Z,2026-09-24T17:42:00Z,280.91,280.94,280.79,280.83
2026-09-24T17:42:00Z,2026-09-24T17:43:00Z,280.835,280.97,280.835,280.89
2026-09-24T17:43:00Z,2026-09-24T17:44:00Z,280.88,280.9,280.63,280.7
2026-09-24T17:44:00Z,2026-09-24T17:45:00Z,280.695,280.74,280.66,280.69
2026-09-24T17:45:00Z,2026-09-24T17:46:00Z,280.68,280.74,280.61,280.74
2026-09-24T17:46:00Z,2026-09-24T17:47:00Z,280.735,280.835,280.71,280.74
2026-09-24T17:47:00Z,2026-09-24T17:48:00Z,280.745,280.86,280.705,280.86
2026-09-24T17:48:00Z,2026-09-24T17:49:00Z,280.855,280.885,280.79,280.86
2026-09-24T17:49:00Z,2026-09-24T17:50:00Z,280.855,280.98,280.85,280.955
2026-09-24T17:50:00Z,2026-09-24T17:51:00Z,280.945,281.04,280.92,281.01
2026-09-24T17:51:00Z,2026-09-24T17:52:00Z,281.015,281.055,280.97,281.02
2026-09-24T17:52:00Z,2026-09-24T17:53:00Z,281.03,281.065,280.91,280.94
2026-09-24T17:53:00Z,2026-09-24T17:54:00Z,280.93,281.035,280.89,280.97
2026-09-24T17:54:00Z,2026-09-24T17:55:00Z,280.965,280.985,280.88,280.91
2026-09-24T17:55:00Z,2026-09-24T17:56:00Z,280.915,280.94,280.8,280.8
2026-09-24T17:56:00Z,2026-09-24T17:57:00Z,280.805,281.095,280.805,281.08
2026-09-24T17:57:00Z,2026-09-24T17:58:00Z,281.07,281.07,280.95,281.025
2026-09-24T17:58:00Z,2026-09-24T17:59:00Z,281.025,281.045,280.995,281.015
2026-09-24T17:59:00Z,2026-09-24T18:00:00Z,281.015,281.205,281.015,281.17
2026-09-24T18:00:00Z,2026-09-24T18:01:00Z,281.17,281.215,281.09,281.11
2026-09-24T18:01:00Z,2026-09-24T18:02:00Z,281.13,281.14,280.875,280.965
2026-09-24T18:02:00Z,2026-09-24T18:03:00Z,280.97,280.975,280.73,280.74
2026-09-24T18:03:00Z,2026-09-24T18:04:00Z,280.745,280.76,280.54,280.61
2026-09-24T18:04:00Z,2026-09-24T18:05:00Z,280.605,280.65,280.47,280.49
2026-09-24T18:05:00Z,2026-09-24T18:06:00Z,280.5,280.635,280.495,280.61
2026-09-24T18:06:00Z,2026-09-24T18:07:00Z,280.605,280.915,280.57,280.915
2026-09-24T18:07:00Z,2026-09-24T18:08:00Z,280.91,281.06,280.82,280.97
2026-09-24T18:08:00Z,2026-09-24T18:09:00Z,280.98,281.14,280.98,281.04
2026-09-24T18:09:00Z,2026-09-24T18:10:00Z,281.055,281.16,280.995,281.1
2026-09-24T18:10:00Z,2026-09-24T18:11:00Z,281.115,281.215,281.115,281.155
2026-09-24T18:11:00Z,2026-09-24T18:12:00Z,281.16,281.27,281.16,281.18
2026-09-24T18:12:00Z,2026-09-24T18:13:00Z,281.19,281.22,281.06,281.075
2026-09-24T18:13:00Z,2026-09-24T18:14:00Z,281.07,281.225,281.045,281.19
2026-09-24T18:14:00Z,2026-09-24T18:15:00Z,281.185,281.305,281.175,281.305
2026-09-24T18:15:00Z,2026-09-24T18:16:00Z,281.315,281.355,281.24,281.355
2026-09-24T18:16:00Z,2026-09-24T18:17:00Z,281.35,281.505,281.34,281.44
2026-09-24T18:17:00Z,2026-09-24T18:18:00Z,281.44,281.52,281.4,281.49
2026-09-24T18:18:00Z,2026-09-24T18:19:00Z,281.495,281.625,281.42,281.43
2026-09-24T18:19:00Z,2026-09-24T18:20:00Z,281.42,281.425,281.375,281.39
2026-09-24T18:20:00Z,2026-09-24T18:21:00Z,281.38,281.41,281.18,281.2
2026-09-24T18:21:00Z,2026-09-24T18:22:00Z,281.205,281.34,281.205,281.33
2026-09-24T18:22:00Z,2026-09-24T18:23:00Z,281.32,281.345,281.275,281.28
2026-09-24T18:23:00Z,2026-09-24T18:24:00Z,281.29,281.455,281.27,281.44
2026-09-24T18:24:00Z,2026-09-24T18:25:00Z,281.435,281.45,281.355,281.41
2026-09-24T18:25:00Z,2026-09-24T18:26:00Z,281.4,281.77,281.38,281.59
2026-09-24T18:26:00Z,2026-09-24T18:27:00Z,281.6,281.9,281.6,281.81
2026-09-24T18:27:00Z,2026-09-24T18:28:00Z,281.82,281.83,281.72,281.77
2026-09-24T18:28:00Z,2026-09-24T18:29:00Z,281.78,281.845,281.69,281.72
2026-09-24T18:29:00Z,2026-09-24T18:30:00Z,281.715,281.805,281.705,281.73
2026-09-24T18:30:00Z,2026-09-24T18:31:00Z,281.725,281.795,281.665,281.775
2026-09-24T18:31:00Z,2026-09-24T18:32:00Z,281.77,281.785,281.57,281.645
2026-09-24T18:32:00Z,2026-09-24T18:33:00Z,281.64,281.65,281.53,281.565
2026-09-24T18:33:00Z,2026-09-24T18:34:00Z,281.57,281.63,281.5,281.515
2026-09-24T18:34:00Z,2026-09-24T18:35:00Z,281.52,281.525,281.41,281.43
2026-09-24T18:35:00Z,2026-09-24T18:36:00Z,281.435,281.445,281.305,281.33
2026-09-24T18:36:00Z,2026-09-24T18:37:00Z,281.325,281.475,281.31,281.46
2026-09-24T18:37:00Z,2026-09-24T18:38:00Z,281.465,281.585,281.455,281.5
2026-09-24T18:38:00Z,2026-09-24T18:39:00Z,281.51,282.05,281.505,282.015
2026-09-24T18:39:00Z,2026-09-24T18:40:00Z,282.01,282.24,281.8,281.86
2026-09-24T18:40:00Z,2026-09-24T18:41:00Z,281.855,281.855,281.63,281.68
2026-09-24T18:41:00Z,2026-09-24T18:42:00Z,281.69,281.785,281.63,281.75
2026-09-24T18:42:00Z,2026-09-24T18:43:00Z,281.76,281.785,281.59,281.65
2026-09-24T18:43:00Z,2026-09-24T18:44:00Z,281.66,281.665,281.53,281.61
2026-09-24T18:44:00Z,2026-09-24T18:45:00Z,281.6,281.715,281.6,281.63
2026-09-24T18:45:00Z,2026-09-24T18:46:00Z,281.62,281.705,281.59,281.59
2026-09-24T18:46:00Z,2026-09-24T18:47:00Z,281.6,281.615,281.53,281.615
2026-09-24T18:47:00Z,2026-09-24T18:48:00Z,281.6,281.63,281.535,281.58
2026-09-24T18:48:00Z,2026-09-24T18:49:00Z,281.57,281.675,281.57,281.635
2026-09-24T18:49:00Z,2026-09-24T18:50:00Z,281.62,281.685,281.595,281.66
2026-09-24T18:50:00Z,2026-09-24T18:51:00Z,281.665,281.94,281.65,281.855
2026-09-24T18:51:00Z,2026-09-24T18:52:00Z,281.86,281.87,281.71,281.815
2026-09-24T18:52:00Z,2026-09-24T18:53:00Z,281.825,281.925,281.805,281.89
2026-09-24T18:53:00Z,2026-09-24T18:54:00Z,281.885,281.89,281.775,281.8
2026-09-24T18:54:00Z,2026-09-24T18:55:00Z,281.81,281.825,281.75,281.76
2026-09-24T18:55:00Z,2026-09-24T18:56:00Z,281.765,281.805,281.74,281.795
2026-09-24T18:56:00Z,2026-09-24T18:57:00Z,281.79,281.925,281.77,281.88
2026-09-24T18:57:00Z,2026-09-24T18:58:00Z,281.88,281.91,281.86,281.865
2026-09-24T18:58:00Z,2026-09-24T18:59:00Z,281.865,281.885,281.82,281.825
2026-09-24T18:59:00Z,2026-09-24T19:00:00Z,281.83,281.84,281.74,281.78
2026-09-24T19:00:00Z,2026-09-24T19:01:00Z,281.77,281.825,281.645,281.695
2026-09-24T19:01:00Z,2026-09-24T19:02:00Z,281.695,281.705,281.515,281.53
2026-09-24T19:02:00Z,2026-09-24T19:03:00Z,281.555,281.585,281.435,281.45
2026-09-24T19:03:00Z,2026-09-24T19:04:00Z,281.46,281.49,281.37,281.375
2026-09-24T19:04:00Z,2026-09-24T19:05:00Z,281.365,281.485,281.355,281.475
2026-09-24T19:05:00Z,2026-09-24T19:06:00Z,281.47,281.515,281.385,281.455
2026-09-24T19:06:00Z,2026-09-24T19:07:00Z,281.46,281.58,281.405,281.525
2026-09-24T19:07:00Z,2026-09-24T19:08:00Z,281.515,281.615,281.51,281.595
2026-09-24T19:08:00Z,2026-09-24T19:09:00Z,281.595,281.68,281.585,281.605
2026-09-24T19:09:00Z,2026-09-24T19:10:00Z,281.61,281.655,281.55,281.63
2026-09-24T19:10:00Z,2026-09-24T19:11:00Z,281.625,281.675,281.465,281.47
2026-09-24T19:11:00Z,2026-09-24T19:12:00Z,281.475,281.48,281.355,281.42
2026-09-24T19:12:00Z,2026-09-24T19:13:00Z,281.415,281.44,281.385,281.41
2026-09-24T19:13:00Z,2026-09-24T19:14:00Z,281.405,281.44,281.335,281.39
2026-09-24T19:14:00Z,2026-09-24T19:15:00Z,281.395,281.395,281.275,281.275
2026-09-24T19:15:00Z,2026-09-24T19:16:00Z,281.275,281.295,281.23,281.295
2026-09-24T19:16:00Z,2026-09-24T19:17:00Z,281.29,281.33,281.24,281.305
2026-09-24T19:17:00Z,2026-09-24T19:18:00Z,281.31,281.345,281.245,281.265
2026-09-24T19:18:00Z,2026-09-24T19:19:00Z,281.275,281.335,281.25,281.255
2026-09-24T19:19:00Z,2026-09-24T19:20:00Z,281.26,281.345,281.245,281.34
2026-09-24T19:20:00Z,2026-09-24T19:21:00Z,281.345,281.345,281.25,281.26
2026-09-24T19:21:00Z,2026-09-24T19:22:00Z,281.265,281.325,281.205,281.32
2026-09-24T19:22:00Z,2026-09-24T19:23:00Z,281.315,281.315,281.24,281.29
2026-09-24T19:23:00Z,2026-09-24T19:24:00Z,281.29,281.38,281.27,281.38
2026-09-24T19:24:00Z,2026-09-24T19:25:00Z,281.375,281.445,281.375,281.395
2026-09-24T19:25:00Z,2026-09-24T19:26:00Z,281.395,281.465,281.395,281.405
2026-09-24T19:26:00Z,2026-09-24T19:27:00Z,281.4,281.455,281.365,281.445
2026-09-24T19:27:00Z,2026-09-24T19:28:00Z,281.435,281.435,281.355,281.355
2026-09-24T19:28:00Z,2026-09-24T19:29:00Z,281.355,281.385,281.32,281.335
2026-09-24T19:29:00Z,2026-09-24T19:30:00Z,281.335,281.375,281.285,281.365
2026-09-24T19:30:00Z,2026-09-24T19:31:00Z,281.36,281.425,281.32,281.395
2026-09-24T19:31:00Z,2026-09-24T19:32:00Z,281.395,281.455,281.335,281.45
2026-09-24T19:32:00Z,2026-09-24T19:33:00Z,281.455,281.485,281.395,281.465
2026-09-24T19:33:00Z,2026-09-24T19:34:00Z,281.465,281.525,281.425,281.525
2026-09-24T19:34:00Z,2026-09-24T19:35:00Z,281.525,281.635,281.525,281.635
2026-09-24T19:35:00Z,2026-09-24T19:36:00Z,281.63,281.655,281.535,281.585
2026-09-24T19:36:00Z,2026-09-24T19:37:00Z,281.575,281.675,281.555,281.655
2026-09-24T19:37:00Z,2026-09-24T19:38:00Z,281.655,281.655,281.53,281.555
2026-09-24T19:38:00Z,2026-09-24T19:39:00Z,281.56,281.625,281.555,281.575
2026-09-24T19:39:00Z,2026-09-24T19:40:00Z,281.58,281.645,281.58,281.645
2026-09-24T19:40:00Z,2026-09-24T19:41:00Z,281.65,281.715,281.605,281.605
2026-09-24T19:41:00Z,2026-09-24T19:42:00Z,281.59,281.68,281.585,281.675
2026-09-24T19:42:00Z,2026-09-24T19:43:00Z,281.685,281.695,281.625,281.63
2026-09-24T19:43:00Z,2026-09-24T19:44:00Z,281.62,281.705,281.605,281.69
2026-09-24T19:44:00Z,2026-09-24T19:45:00Z,281.685,281.745,281.675,281.72
2026-09-24T19:45:00Z,2026-09-24T19:46:00Z,281.71,281.775,281.635,281.685
2026-09-24T19:46:00Z,2026-09-24T19:47:00Z,281.685,281.695,281.56,281.635
2026-09-24T19:47:00Z,2026-09-24T19:48:00Z,281.635,281.675,281.635,281.67
2026-09-24T19:48:00Z,2026-09-24T19:49:00Z,281.665,281.695,281.615,281.645
2026-09-24T19:49:00Z,2026-09-24T19:50:00Z,281.64,281.7,281.615,281.625
2026-09-24T19:50:00Z,2026-09-24T19:51:00Z,281.65,281.725,281.575,281.585
2026-09-24T19:51:00Z,2026-09-24T19:52:00Z,281.595,281.715,281.595,281.685
2026-09-24T19:52:00Z,2026-09-24T19:53:00Z,281.675,281.75,281.63,281.745
2026-09-24T19:53:00Z,2026-09-24T19:54:00Z,281.735,281.845,281.715,281.77
2026-09-24T19:54:00Z,2026-09-24T19:55:00Z,281.765,281.85,281.73,281.805
2026-09-24T19:55:00Z,2026-09-24T19:56:00Z,281.8,281.805,281.62,281.635
2026-09-24T19:56:00Z,2026-09-24T19:57:00Z,281.645,281.705,281.595,281.705
2026-09-24T19:57:00Z,2026-09-24T19:58:00Z,281.715,281.765,281.665,281.685
2026-09-24T19:58:00Z,2026-09-24T19:59:00Z,281.655,281.685,281.605,281.635
2026-09-24T19:59:00Z,2026-09-24T20:00:00Z,281.64,281.72,281.585,281.68
2026-09-25T13:30:00Z,2026-09-25T13:31:00Z,282.33,282.38,282.015,282.22
2026-09-25T13:31:00Z,2026-09-25T13:32:00Z,282.23,282.25,281.955,282.17
2026-09-25T13:32:00Z,2026-09-25T13:33:00Z,282.175,282.335,281.84,281.86
2026-09-25T13:33:00Z,2026-09-25T13:34:00Z,281.835,282.13,281.825,282.035
2026-09-25T13:34:00Z,2026-09-25T13:35:00Z,282.04,282.045,281.82,281.89
2026-09-25T13:35:00Z,2026-09-25T13:36:00Z,281.9,281.965,281.81,281.88
2026-09-25T13:36:00Z,2026-09-25T13:37:00Z,281.87,281.91,281.66,281.75
2026-09-25T13:37:00Z,2026-09-25T13:38:00Z,281.755,282.02,281.63,282
2026-09-25T13:38:00Z,2026-09-25T13:39:00Z,281.99,282.17,281.97,282.155
2026-09-25T13:39:00Z,2026-09-25T13:40:00Z,282.17,282.21,281.875,282.1
2026-09-25T13:40:00Z,2026-09-25T13:41:00Z,282.105,282.23,282.015,282.085
2026-09-25T13:41:00Z,2026-09-25T13:42:00Z,282.09,282.395,281.97,282.37
2026-09-25T13:42:00Z,2026-09-25T13:43:00Z,282.38,282.605,282.31,282.605
2026-09-25T13:43:00Z,2026-09-25T13:44:00Z,282.61,282.69,282.08,282.12
2026-09-25T13:44:00Z,2026-09-25T13:45:00Z,282.125,282.17,281.93,281.975
2026-09-25T13:45:00Z,2026-09-25T13:46:00Z,281.96,281.97,281.74,281.78
2026-09-25T13:46:00Z,2026-09-25T13:47:00Z,281.79,281.82,281.63,281.695
2026-09-25T13:47:00Z,2026-09-25T13:48:00Z,281.69,281.71,281.55,281.61
2026-09-25T13:48:00Z,2026-09-25T13:49:00Z,281.6,281.725,281.415,281.535
2026-09-25T13:49:00Z,2026-09-25T13:50:00Z,281.54,281.835,281.535,281.8
2026-09-25T13:50:00Z,2026-09-25T13:51:00Z,281.79,281.79,281.64,281.69
2026-09-25T13:51:00Z,2026-09-25T13:52:00Z,281.685,281.785,281.575,281.73
2026-09-25T13:52:00Z,2026-09-25T13:53:00Z,281.725,281.73,281.56,281.6
2026-09-25T13:53:00Z,2026-09-25T13:54:00Z,281.605,281.88,281.58,281.87
2026-09-25T13:54:00Z,2026-09-25T13:55:00Z,281.86,282.045,281.805,281.975
2026-09-25T13:55:00Z,2026-09-25T13:56:00Z,281.985,282.02,281.83,281.895
2026-09-25T13:56:00Z,2026-09-25T13:57:00Z,281.905,282.085,281.88,282.065
2026-09-25T13:57:00Z,2026-09-25T13:58:00Z,282.075,282.165,282.005,282.11
2026-09-25T13:58:00Z,2026-09-25T13:59:00Z,282.115,282.135,281.99,282.015
2026-09-25T13:59:00Z,2026-09-25T14:00:00Z,282.02,282.03,281.82,281.875
2026-09-25T14:00:00Z,2026-09-25T14:01:00Z,281.885,281.94,281.55,281.62
2026-09-25T14:01:00Z,2026-09-25T14:02:00Z,281.635,281.66,281.39,281.47
2026-09-25T14:02:00Z,2026-09-25T14:03:00Z,281.495,281.495,281.245,281.265
2026-09-25T14:03:00Z,2026-09-25T14:04:00Z,281.255,281.255,280.955,281.075
2026-09-25T14:04:00Z,2026-09-25T14:05:00Z,281.07,281.15,280.78,280.795
2026-09-25T14:05:00Z,2026-09-25T14:06:00Z,280.8,280.8,280.495,280.495
2026-09-25T14:06:00Z,2026-09-25T14:07:00Z,280.505,280.775,280.455,280.7
2026-09-25T14:07:00Z,2026-09-25T14:08:00Z,280.69,280.84,280.64,280.68
2026-09-25T14:08:00Z,2026-09-25T14:09:00Z,280.675,280.975,280.635,280.975
2026-09-25T14:09:00Z,2026-09-25T14:10:00Z,280.97,281.04,280.855,281.03
2026-09-25T14:10:00Z,2026-09-25T14:11:00Z,281.02,281.18,280.94,280.95
2026-09-25T14:11:00Z,2026-09-25T14:12:00Z,280.955,281.23,280.865,281.18
2026-09-25T14:12:00Z,2026-09-25T14:13:00Z,281.185,281.185,280.91,281.1
2026-09-25T14:13:00Z,2026-09-25T14:14:00Z,281.09,281.235,280.995,281.04
2026-09-25T14:14:00Z,2026-09-25T14:15:00Z,281.035,281.1,280.875,280.995
2026-09-25T14:15:00Z,2026-09-25T14:16:00Z,280.98,281.145,280.71,281.02
2026-09-25T14:16:00Z,2026-09-25T14:17:00Z,281.015,281.05,280.64,280.68
2026-09-25T14:17:00Z,2026-09-25T14:18:00Z,280.675,280.71,280.59,280.66
2026-09-25T14:18:00Z,2026-09-25T14:19:00Z,280.65,280.815,280.54,280.575
2026-09-25T14:19:00Z,2026-09-25T14:20:00Z,280.58,280.95,280.515,280.9
2026-09-25T14:20:00Z,2026-09-25T14:21:00Z,280.91,281.14,280.875,281.12
2026-09-25T14:21:00Z,2026-09-25T14:22:00Z,281.1,281.17,280.995,281.075
2026-09-25T14:22:00Z,2026-09-25T14:23:00Z,281.08,281.31,281.06,281.235
2026-09-25T14:23:00Z,2026-09-25T14:24:00Z,281.23,281.34,281.16,281.29
2026-09-25T14:24:00Z,2026-09-25T14:25:00Z,281.285,281.37,281.135,281.25
2026-09-25T14:25:00Z,2026-09-25T14:26:00Z,281.255,281.3,281.145,281.275
2026-09-25T14:26:00Z,2026-09-25T14:27:00Z,281.28,281.29,281.1,281.165
2026-09-25T14:27:00Z,2026-09-25T14:28:00Z,281.17,281.175,281.01,281.025
2026-09-25T14:28:00Z,2026-09-25T14:29:00Z,281.02,281.05,280.79,280.91
2026-09-25T14:29:00Z,2026-09-25T14:30:00Z,280.905,281.045,280.835,280.855
2026-09-25T14:30:00Z,2026-09-25T14:31:00Z,280.86,280.9,280.69,280.87
2026-09-25T14:31:00Z,2026-09-25T14:32:00Z,280.865,280.93,280.775,280.84
2026-09-25T14:32:00Z,2026-09-25T14:33:00Z,280.835,280.905,280.745,280.84
2026-09-25T14:33:00Z,2026-09-25T14:34:00Z,280.83,280.835,280.685,280.72
2026-09-25T14:34:00Z,2026-09-25T14:35:00Z,280.725,280.925,280.715,280.86
2026-09-25T14:35:00Z,2026-09-25T14:36:00Z,280.86,280.96,280.71,280.93
2026-09-25T14:36:00Z,2026-09-25T14:37:00Z,280.925,281.015,280.84,280.875
2026-09-25T14:37:00Z,2026-09-25T14:38:00Z,280.865,281.035,280.86,281.005
2026-09-25T14:38:00Z,2026-09-25T14:39:00Z,281,281.105,280.885,280.95
2026-09-25T14:39:00Z,2026-09-25T14:40:00Z,280.93,281.035,280.92,280.92
2026-09-25T14:40:00Z,2026-09-25T14:41:00Z,280.91,280.95,280.78,280.805
2026-09-25T14:41:00Z,2026-09-25T14:42:00Z,280.805,280.885,280.685,280.71
2026-09-25T14:42:00Z,2026-09-25T14:43:00Z,280.705,280.89,280.63,280.865
2026-09-25T14:43:00Z,2026-09-25T14:44:00Z,280.855,280.9,280.73,280.765
2026-09-25T14:44:00Z,2026-09-25T14:45:00Z,280.79,280.92,280.725,280.915
2026-09-25T14:45:00Z,2026-09-25T14:46:00Z,280.91,280.915,280.75,280.85
2026-09-25T14:46:00Z,2026-09-25T14:47:00Z,280.845,281.07,280.675,280.93
2026-09-25T14:47:00Z,2026-09-25T14:48:00Z,280.92,281.14,280.875,281.02
2026-09-25T14:48:00Z,2026-09-25T14:49:00Z,281.015,281.05,280.765,280.77
2026-09-25T14:49:00Z,2026-09-25T14:50:00Z,280.765,281.065,280.76,281.005
2026-09-25T14:50:00Z,2026-09-25T14:51:00Z,281.01,281.035,280.92,280.97
2026-09-25T14:51:00Z,2026-09-25T14:52:00Z,280.975,280.99,280.595,280.595
2026-09-25T14:52:00Z,2026-09-25T14:53:00Z,280.61,280.65,280.525,280.58
2026-09-25T14:53:00Z,2026-09-25T14:54:00Z,280.59,280.72,280.56,280.635
2026-09-25T14:54:00Z,2026-09-25T14:55:00Z,280.64,280.875,280.64,280.85
2026-09-25T14:55:00Z,2026-09-25T14:56:00Z,280.845,280.905,280.8,280.875
2026-09-25T14:56:00Z,2026-09-25T14:57:00Z,280.865,280.98,280.845,280.85
2026-09-25T14:57:00Z,2026-09-25T14:58:00Z,280.86,280.97,280.82,280.84
2026-09-25T14:58:00Z,2026-09-25T14:59:00Z,280.83,280.965,280.7,280.94
2026-09-25T14:59:00Z,2026-09-25T15:00:00Z,280.94,281.06,280.935,281.045
2026-09-25T15:00:00Z,2026-09-25T15:01:00Z,281.05,281.175,281,281.155
2026-09-25T15:01:00Z,2026-09-25T15:02:00Z,281.16,281.265,281.125,281.245
2026-09-25T15:02:00Z,2026-09-25T15:03:00Z,281.25,281.45,281.25,281.37
2026-09-25T15:03:00Z,2026-09-25T15:04:00Z,281.38,281.545,281.38,281.455
2026-09-25T15:04:00Z,2026-09-25T15:05:00Z,281.45,281.69,281.425,281.55
2026-09-25T15:05:00Z,2026-09-25T15:06:00Z,281.56,281.7,281.555,281.7
2026-09-25T15:06:00Z,2026-09-25T15:07:00Z,281.695,281.805,281.675,281.775
2026-09-25T15:07:00Z,2026-09-25T15:08:00Z,281.78,281.835,281.61,281.63
2026-09-25T15:08:00Z,2026-09-25T15:09:00Z,281.64,281.67,281.43,281.47
2026-09-25T15:09:00Z,2026-09-25T15:10:00Z,281.475,281.485,281.295,281.34
2026-09-25T15:10:00Z,2026-09-25T15:11:00Z,281.35,281.36,281.17,281.22
2026-09-25T15:11:00Z,2026-09-25T15:12:00Z,281.215,281.27,281.15,281.205
2026-09-25T15:12:00Z,2026-09-25T15:13:00Z,281.21,281.31,281.15,281.31
2026-09-25T15:13:00Z,2026-09-25T15:14:00Z,281.325,281.465,281.32,281.44
2026-09-25T15:14:00Z,2026-09-25T15:15:00Z,281.445,281.51,281.415,281.48
2026-09-25T15:15:00Z,2026-09-25T15:16:00Z,281.485,281.49,281.34,281.385
2026-09-25T15:16:00Z,2026-09-25T15:17:00Z,281.385,281.43,281.33,281.42
2026-09-25T15:17:00Z,2026-09-25T15:18:00Z,281.425,281.48,281.35,281.375
2026-09-25T15:18:00Z,2026-09-25T15:19:00Z,281.39,281.515,281.38,281.475
2026-09-25T15:19:00Z,2026-09-25T15:20:00Z,281.485,281.485,281.29,281.33
2026-09-25T15:20:00Z,2026-09-25T15:21:00Z,281.35,281.535,281.33,281.515
2026-09-25T15:21:00Z,2026-09-25T15:22:00Z,281.52,281.785,281.42,281.565
2026-09-25T15:22:00Z,2026-09-25T15:23:00Z,281.575,281.685,281.53,281.63
2026-09-25T15:23:00Z,2026-09-25T15:24:00Z,281.635,281.66,281.535,281.55
2026-09-25T15:24:00Z,2026-09-25T15:25:00Z,281.545,281.58,281.415,281.425
2026-09-25T15:25:00Z,2026-09-25T15:26:00Z,281.43,281.52,281.36,281.36
2026-09-25T15:26:00Z,2026-09-25T15:27:00Z,281.355,281.52,281.31,281.52
2026-09-25T15:27:00Z,2026-09-25T15:28:00Z,281.505,281.525,281.38,281.425
2026-09-25T15:28:00Z,2026-09-25T15:29:00Z,281.445,281.445,281.35,281.42
2026-09-25T15:29:00Z,2026-09-25T15:30:00Z,281.43,281.48,281.36,281.42
2026-09-25T15:30:00Z,2026-09-25T15:31:00Z,281.43,281.945,281.41,281.63
2026-09-25T15:31:00Z,2026-09-25T15:32:00Z,281.645,281.715,281.545,281.715
2026-09-25T15:32:00Z,2026-09-25T15:33:00Z,281.71,281.815,281.66,281.72
2026-09-25T15:33:00Z,2026-09-25T15:34:00Z,281.715,281.73,281.575,281.65
2026-09-25T15:34:00Z,2026-09-25T15:35:00Z,281.645,281.69,281.44,281.445
2026-09-25T15:35:00Z,2026-09-25T15:36:00Z,281.45,281.55,281.415,281.53
2026-09-25T15:36:00Z,2026-09-25T15:37:00Z,281.525,281.58,281.465,281.52
2026-09-25T15:37:00Z,2026-09-25T15:38:00Z,281.53,281.585,281.465,281.555
2026-09-25T15:38:00Z,2026-09-25T15:39:00Z,281.56,281.565,281.355,281.375
2026-09-25T15:39:00Z,2026-09-25T15:40:00Z,281.365,281.37,281.285,281.31
2026-09-25T15:40:00Z,2026-09-25T15:41:00Z,281.32,281.355,281.235,281.335
2026-09-25T15:41:00Z,2026-09-25T15:42:00Z,281.34,281.37,281.255,281.305
2026-09-25T15:42:00Z,2026-09-25T15:43:00Z,281.305,281.33,281.155,281.2
2026-09-25T15:43:00Z,2026-09-25T15:44:00Z,281.19,281.205,281.1,281.105
2026-09-25T15:44:00Z,2026-09-25T15:45:00Z,281.105,281.13,280.98,280.985
2026-09-25T15:45:00Z,2026-09-25T15:46:00Z,280.98,281.02,280.915,280.915
2026-09-25T15:46:00Z,2026-09-25T15:47:00Z,280.91,281.06,280.845,281.055
2026-09-25T15:47:00Z,2026-09-25T15:48:00Z,281.055,281.115,281.035,281.085
2026-09-25T15:48:00Z,2026-09-25T15:49:00Z,281.09,281.18,281.035,281.115
2026-09-25T15:49:00Z,2026-09-25T15:50:00Z,281.11,281.175,281.1,281.17
2026-09-25T15:50:00Z,2026-09-25T15:51:00Z,281.175,281.215,281.12,281.145
2026-09-25T15:51:00Z,2026-09-25T15:52:00Z,281.13,281.13,280.84,280.845
2026-09-25T15:52:00Z,2026-09-25T15:53:00Z,280.84,280.905,280.795,280.885
2026-09-25T15:53:00Z,2026-09-25T15:54:00Z,280.89,280.965,280.875,280.96
2026-09-25T15:54:00Z,2026-09-25T15:55:00Z,280.955,281.4,280.94,281.26
2026-09-25T15:55:00Z,2026-09-25T15:56:00Z,281.27,281.49,281.245,281.31
2026-09-25T15:56:00Z,2026-09-25T15:57:00Z,281.315,281.43,281.22,281.42
2026-09-25T15:57:00Z,2026-09-25T15:58:00Z,281.425,281.52,281.405,281.495
2026-09-25T15:58:00Z,2026-09-25T15:59:00Z,281.485,281.945,281.47,281.875
2026-09-25T15:59:00Z,2026-09-25T16:00:00Z,281.87,282.17,281.82,282.145
2026-09-25T16:00:00Z,2026-09-25T16:01:00Z,282.165,282.5,282.035,282.475
2026-09-25T16:01:00Z,2026-09-25T16:02:00Z,282.48,282.67,282.385,282.42
2026-09-25T16:02:00Z,2026-09-25T16:03:00Z,282.425,282.84,282.425,282.84
2026-09-25T16:03:00Z,2026-09-25T16:04:00Z,282.835,283.22,282.745,283.21
2026-09-25T16:04:00Z,2026-09-25T16:05:00Z,283.215,283.235,282.83,283.115
2026-09-25T16:05:00Z,2026-09-25T16:06:00Z,283.1,283.245,282.95,283.185
2026-09-25T16:06:00Z,2026-09-25T16:07:00Z,283.185,283.265,282.905,283.24
2026-09-25T16:07:00Z,2026-09-25T16:08:00Z,283.235,283.335,283.175,283.23
2026-09-25T16:08:00Z,2026-09-25T16:09:00Z,283.235,283.415,283.165,283.325
2026-09-25T16:09:00Z,2026-09-25T16:10:00Z,283.325,283.415,283.16,283.38
2026-09-25T16:10:00Z,2026-09-25T16:11:00Z,283.385,283.525,283.31,283.31
2026-09-25T16:11:00Z,2026-09-25T16:12:00Z,283.29,283.365,283.19,283.345
2026-09-25T16:12:00Z,2026-09-25T16:13:00Z,283.34,283.49,283.27,283.31
2026-09-25T16:13:00Z,2026-09-25T16:14:00Z,283.295,283.375,283.22,283.26
2026-09-25T16:14:00Z,2026-09-25T16:15:00Z,283.255,283.28,283.045,283.22
2026-09-25T16:15:00Z,2026-09-25T16:16:00Z,283.21,283.295,283.11,283.295
2026-09-25T16:16:00Z,2026-09-25T16:17:00Z,283.295,283.335,283.155,283.29
2026-09-25T16:17:00Z,2026-09-25T16:18:00Z,283.285,283.465,283.01,283.02
2026-09-25T16:18:00Z,2026-09-25T16:19:00Z,283.01,283.025,282.87,282.91
2026-09-25T16:19:00Z,2026-09-25T16:20:00Z,282.905,283.025,282.77,283.005
2026-09-25T16:20:00Z,2026-09-25T16:21:00Z,283,283.05,282.85,282.88
2026-09-25T16:21:00Z,2026-09-25T16:22:00Z,282.885,282.96,282.76,282.85
2026-09-25T16:22:00Z,2026-09-25T16:23:00Z,282.845,282.87,282.68,282.775
2026-09-25T16:23:00Z,2026-09-25T16:24:00Z,282.785,282.87,282.69,282.72
2026-09-25T16:24:00Z,2026-09-25T16:25:00Z,282.73,282.805,282.67,282.74
2026-09-25T16:25:00Z,2026-09-25T16:26:00Z,282.745,282.965,282.71,282.84
2026-09-25T16:26:00Z,2026-09-25T16:27:00Z,282.845,283.135,282.84,283.125
2026-09-25T16:27:00Z,2026-09-25T16:28:00Z,283.115,283.155,282.92,282.965
2026-09-25T16:28:00Z,2026-09-25T16:29:00Z,282.97,282.99,282.895,282.95
2026-09-25T16:29:00Z,2026-09-25T16:30:00Z,282.94,283.05,282.94,283.005
2026-09-25T16:30:00Z,2026-09-25T16:31:00Z,283.01,283.12,282.975,283.11
2026-09-25T16:31:00Z,2026-09-25T16:32:00Z,283.12,283.12,283,283.025
2026-09-25T16:32:00Z,2026-09-25T16:33:00Z,283.03,283.135,283.015,283.1
2026-09-25T16:33:00Z,2026-09-25T16:34:00Z,283.105,283.135,283.015,283.05
2026-09-25T16:34:00Z,2026-09-25T16:35:00Z,283.045,283.045,282.365,282.55
2026-09-25T16:35:00Z,2026-09-25T16:36:00Z,282.555,282.785,282.555,282.77
2026-09-25T16:36:00Z,2026-09-25T16:37:00Z,282.76,282.78,282.625,282.77
2026-09-25T16:37:00Z,2026-09-25T16:38:00Z,282.78,282.945,282.69,282.72
2026-09-25T16:38:00Z,2026-09-25T16:39:00Z,282.725,282.74,282.555,282.7
2026-09-25T16:39:00Z,2026-09-25T16:40:00Z,282.695,282.805,282.655,282.675
2026-09-25T16:40:00Z,2026-09-25T16:41:00Z,282.68,282.715,282.57,282.58
2026-09-25T16:41:00Z,2026-09-25T16:42:00Z,282.595,282.63,282.505,282.625
2026-09-25T16:42:00Z,2026-09-25T16:43:00Z,282.64,282.825,282.635,282.695
2026-09-25T16:43:00Z,2026-09-25T16:44:00Z,282.7,282.755,282.64,282.69
2026-09-25T16:44:00Z,2026-09-25T16:45:00Z,282.7,282.78,282.67,282.685
2026-09-25T16:45:00Z,2026-09-25T16:46:00Z,282.68,282.685,282.45,282.53
2026-09-25T16:46:00Z,2026-09-25T16:47:00Z,282.525,282.6,282.515,282.56
2026-09-25T16:47:00Z,2026-09-25T16:48:00Z,282.565,282.575,282.505,282.51
2026-09-25T16:48:00Z,2026-09-25T16:49:00Z,282.51,282.56,282.35,282.36
2026-09-25T16:49:00Z,2026-09-25T16:50:00Z,282.365,282.465,282.315,282.425
2026-09-25T16:50:00Z,2026-09-25T16:51:00Z,282.435,282.49,282.4,282.405
2026-09-25T16:51:00Z,2026-09-25T16:52:00Z,282.41,282.42,282.35,282.41
2026-09-25T16:52:00Z,2026-09-25T16:53:00Z,282.405,282.43,282.35,282.41
2026-09-25T16:53:00Z,2026-09-25T16:54:00Z,282.415,282.46,282.385,282.41
2026-09-25T16:54:00Z,2026-09-25T16:55:00Z,282.415,282.465,282.39,282.45
2026-09-25T16:55:00Z,2026-09-25T16:56:00Z,282.45,282.48,282.395,282.42
2026-09-25T16:56:00Z,2026-09-25T16:57:00Z,282.415,282.49,282.365,282.38
2026-09-25T16:57:00Z,2026-09-25T16:58:00Z,282.385,282.385,282.305,282.325
2026-09-25T16:58:00Z,2026-09-25T16:59:00Z,282.315,282.32,282.285,282.305
2026-09-25T16:59:00Z,2026-09-25T17:00:00Z,282.31,282.335,282.17,282.25
2026-09-25T17:00:00Z,2026-09-25T17:01:00Z,282.255,282.27,282.245,282.245
2026-09-25T17:01:00Z,2026-09-25T17:02:00Z,282.245,282.515,282.245,282.485
2026-09-25T17:02:00Z,2026-09-25T17:03:00Z,282.49,282.515,282.42,282.46
2026-09-25T17:03:00Z,2026-09-25T17:04:00Z,282.465,282.47,282.375,282.39
2026-09-25T17:04:00Z,2026-09-25T17:05:00Z,282.385,282.43,282.355,282.405
2026-09-25T17:05:00Z,2026-09-25T17:06:00Z,282.41,282.43,282.34,282.345
2026-09-25T17:06:00Z,2026-09-25T17:07:00Z,282.34,282.39,282.3,282.31
2026-09-25T17:07:00Z,2026-09-25T17:08:00Z,282.315,282.375,282.285,282.335
2026-09-25T17:08:00Z,2026-09-25T17:09:00Z,282.34,282.35,282.195,282.295
2026-09-25T17:09:00Z,2026-09-25T17:10:00Z,282.295,282.445,282.295,282.425
2026-09-25T17:10:00Z,2026-09-25T17:11:00Z,282.43,282.43,282.325,282.355
2026-09-25T17:11:00Z,2026-09-25T17:12:00Z,282.355,282.37,282.295,282.3
2026-09-25T17:12:00Z,2026-09-25T17:13:00Z,282.31,282.335,282.215,282.31
2026-09-25T17:13:00Z,2026-09-25T17:14:00Z,282.305,282.405,282.3,282.335
2026-09-25T17:14:00Z,2026-09-25T17:15:00Z,282.34,282.37,282.315,282.37
2026-09-25T17:15:00Z,2026-09-25T17:16:00Z,282.375,282.395,282.27,282.295
2026-09-25T17:16:00Z,2026-09-25T17:17:00Z,282.295,282.295,282.195,282.25
2026-09-25T17:17:00Z,2026-09-25T17:18:00Z,282.255,282.295,282.21,282.21
2026-09-25T17:18:00Z,2026-09-25T17:19:00Z,282.21,282.215,282.09,282.155
2026-09-25T17:19:00Z,2026-09-25T17:20:00Z,282.155,282.215,282.125,282.155
2026-09-25T17:20:00Z,2026-09-25T17:21:00Z,282.155,282.19,282.115,282.12
2026-09-25T17:21:00Z,2026-09-25T17:22:00Z,282.115,282.165,282.07,282.145
2026-09-25T17:22:00Z,2026-09-25T17:23:00Z,282.145,282.175,282.145,282.165
2026-09-25T17:23:00Z,2026-09-25T17:24:00Z,282.17,282.225,282.14,282.215
2026-09-25T17:24:00Z,2026-09-25T17:25:00Z,282.21,282.285,282.195,282.265
2026-09-25T17:25:00Z,2026-09-25T17:26:00Z,282.27,282.295,282.21,282.245
2026-09-25T17:26:00Z,2026-09-25T17:27:00Z,282.245,282.255,282.19,282.2
2026-09-25T17:27:00Z,2026-09-25T17:28:00Z,282.195,282.215,282.15,282.16
2026-09-25T17:28:00Z,2026-09-25T17:29:00Z,282.155,282.17,282.1,282.115
2026-09-25T17:29:00Z,2026-09-25T17:30:00Z,282.125,282.15,282.1,282.115
2026-09-25T17:30:00Z,2026-09-25T17:31:00Z,282.115,282.165,282.065,282.16
2026-09-25T17:31:00Z,2026-09-25T17:32:00Z,282.165,282.165,281.93,281.935
2026-09-25T17:32:00Z,2026-09-25T17:33:00Z,281.945,282.05,281.945,282.045
2026-09-25T17:33:00Z,2026-09-25T17:34:00Z,282.045,282.08,281.965,281.965
2026-09-25T17:34:00Z,2026-09-25T17:35:00Z,281.97,281.975,281.835,281.925
2026-09-25T17:35:00Z,2026-09-25T17:36:00Z,281.925,281.925,281.8,281.815
2026-09-25T17:36:00Z,2026-09-25T17:37:00Z,281.81,281.835,281.735,281.74
2026-09-25T17:37:00Z,2026-09-25T17:38:00Z,281.715,281.73,281.665,281.68
2026-09-25T17:38:00Z,2026-09-25T17:39:00Z,281.675,281.76,281.675,281.7
2026-09-25T17:39:00Z,2026-09-25T17:40:00Z,281.72,281.945,281.715,281.845
2026-09-25T17:40:00Z,2026-09-25T17:41:00Z,281.865,281.955,281.8,281.84
2026-09-25T17:41:00Z,2026-09-25T17:42:00Z,281.835,282.025,281.815,281.975
2026-09-25T17:42:00Z,2026-09-25T17:43:00Z,281.975,282.065,281.975,282.025
2026-09-25T17:43:00Z,2026-09-25T17:44:00Z,282.02,282.045,281.985,282.035
2026-09-25T17:44:00Z,2026-09-25T17:45:00Z,282.035,282.085,281.935,281.965
2026-09-25T17:45:00Z,2026-09-25T17:46:00Z,281.965,282,281.915,281.975
2026-09-25T17:46:00Z,2026-09-25T17:47:00Z,281.985,282.045,281.98,281.995
2026-09-25T17:47:00Z,2026-09-25T17:48:00Z,281.995,282.02,281.93,281.935
2026-09-25T17:48:00Z,2026-09-25T17:49:00Z,281.935,282.02,281.925,281.98
2026-09-25T17:49:00Z,2026-09-25T17:50:00Z,281.985,282.045,281.97,282.005
2026-09-25T17:50:00Z,2026-09-25T17:51:00Z,281.995,282.02,281.945,281.955
2026-09-25T17:51:00Z,2026-09-25T17:52:00Z,281.96,281.965,281.885,281.915
2026-09-25T17:52:00Z,2026-09-25T17:53:00Z,281.905,281.915,281.82,281.825
2026-09-25T17:53:00Z,2026-09-25T17:54:00Z,281.825,281.895,281.805,281.885
2026-09-25T17:54:00Z,2026-09-25T17:55:00Z,281.885,281.895,281.8,281.84
2026-09-25T17:55:00Z,2026-09-25T17:56:00Z,281.835,281.865,281.81,281.865
2026-09-25T17:56:00Z,2026-09-25T17:57:00Z,281.86,281.91,281.86,281.89
2026-09-25T17:57:00Z,2026-09-25T17:58:00Z,281.885,281.885,281.86,281.885
2026-09-25T17:58:00Z,2026-09-25T17:59:00Z,281.895,281.97,281.895,281.965
2026-09-25T17:59:00Z,2026-09-25T18:00:00Z,281.965,282.005,281.965,281.995
2026-09-25T18:00:00Z,2026-09-25T18:01:00Z,282,282.005,281.905,281.915
2026-09-25T18:01:00Z,2026-09-25T18:02:00Z,281.925,281.925,281.865,281.885
2026-09-25T18:02:00Z,2026-09-25T18:03:00Z,281.895,281.975,281.885,281.955
2026-09-25T18:03:00Z,2026-09-25T18:04:00Z,281.955,281.955,281.9,281.9
2026-09-25T18:04:00Z,2026-09-25T18:05:00Z,281.905,281.915,281.85,281.85
2026-09-25T18:05:00Z,2026-09-25T18:06:00Z,281.855,281.905,281.82,281.825
2026-09-25T18:06:00Z,2026-09-25T18:07:00Z,281.825,281.885,281.825,281.845
2026-09-25T18:07:00Z,2026-09-25T18:08:00Z,281.85,281.865,281.83,281.855
2026-09-25T18:08:00Z,2026-09-25T18:09:00Z,281.86,281.93,281.855,281.925
2026-09-25T18:09:00Z,2026-09-25T18:10:00Z,281.925,281.935,281.885,281.935
2026-09-25T18:10:00Z,2026-09-25T18:11:00Z,281.935,281.935,281.885,281.885
2026-09-25T18:11:00Z,2026-09-25T18:12:00Z,281.885,281.885,281.82,281.875
2026-09-25T18:12:00Z,2026-09-25T18:13:00Z,281.875,281.955,281.835,281.955
2026-09-25T18:13:00Z,2026-09-25T18:14:00Z,281.955,282.035,281.955,282.035
2026-09-25T18:14:00Z,2026-09-25T18:15:00Z,282.055,282.095,282.015,282.085
2026-09-25T18:15:00Z,2026-09-25T18:16:00Z,282.085,282.125,282.075,282.115
2026-09-25T18:16:00Z,2026-09-25T18:17:00Z,282.115,282.155,282.065,282.08
2026-09-25T18:17:00Z,2026-09-25T18:18:00Z,282.085,282.115,282.065,282.115
2026-09-25T18:18:00Z,2026-09-25T18:19:00Z,282.115,282.15,282.075,282.095
2026-09-25T18:19:00Z,2026-09-25T18:20:00Z,282.1,282.125,282.065,282.125
2026-09-25T18:20:00Z,2026-09-25T18:21:00Z,282.115,282.145,282.095,282.125
2026-09-25T18:21:00Z,2026-09-25T18:22:00Z,282.115,282.13,282.06,282.065
2026-09-25T18:22:00Z,2026-09-25T18:23:00Z,282.065,282.105,282.055,282.07
2026-09-25T18:23:00Z,2026-09-25T18:24:00Z,282.065,282.145,282.065,282.135
2026-09-25T18:24:00Z,2026-09-25T18:25:00Z,282.135,282.205,282.135,282.185
2026-09-25T18:25:00Z,2026-09-25T18:26:00Z,282.185,282.265,282.175,282.245
2026-09-25T18:26:00Z,2026-09-25T18:27:00Z,282.245,282.265,281.99,282.035
2026-09-25T18:27:00Z,2026-09-25T18:28:00Z,282.025,282.075,281.85,281.905
2026-09-25T18:28:00Z,2026-09-25T18:29:00Z,281.9,282.025,281.875,282.005
2026-09-25T18:29:00Z,2026-09-25T18:30:00Z,282.015,282.075,281.96,282.075
2026-09-25T18:30:00Z,2026-09-25T18:31:00Z,282.075,282.165,282.045,282.125
2026-09-25T18:31:00Z,2026-09-25T18:32:00Z,282.14,282.21,282.095,282.105
2026-09-25T18:32:00Z,2026-09-25T18:33:00Z,282.115,282.19,282.08,282.085
2026-09-25T18:33:00Z,2026-09-25T18:34:00Z,282.1,282.115,282.02,282.085
2026-09-25T18:34:00Z,2026-09-25T18:35:00Z,282.085,282.11,282.04,282.065
2026-09-25T18:35:00Z,2026-09-25T18:36:00Z,282.06,282.135,282.015,282.125
2026-09-25T18:36:00Z,2026-09-25T18:37:00Z,282.135,282.175,282.125,282.175
2026-09-25T18:37:00Z,2026-09-25T18:38:00Z,282.175,282.175,281.955,281.99
2026-09-25T18:38:00Z,2026-09-25T18:39:00Z,281.985,282.015,281.945,282.01
2026-09-25T18:39:00Z,2026-09-25T18:40:00Z,282.005,282.01,281.935,281.935
2026-09-25T18:40:00Z,2026-09-25T18:41:00Z,281.945,281.975,281.905,281.945
2026-09-25T18:41:00Z,2026-09-25T18:42:00Z,281.955,282.01,281.93,282.005
2026-09-25T18:42:00Z,2026-09-25T18:43:00Z,282.005,282.035,281.995,282.035
2026-09-25T18:43:00Z,2026-09-25T18:44:00Z,282.045,282.045,281.995,282.005
2026-09-25T18:44:00Z,2026-09-25T18:45:00Z,282.005,282.065,281.995,282.055
2026-09-25T18:45:00Z,2026-09-25T18:46:00Z,282.055,282.115,282.05,282.065
2026-09-25T18:46:00Z,2026-09-25T18:47:00Z,282.065,282.105,282.055,282.075
2026-09-25T18:47:00Z,2026-09-25T18:48:00Z,282.08,282.1,282.03,282.07
2026-09-25T18:48:00Z,2026-09-25T18:49:00Z,282.07,282.145,282.065,282.145
2026-09-25T18:49:00Z,2026-09-25T18:50:00Z,282.145,282.175,282.125,282.145
2026-09-25T18:50:00Z,2026-09-25T18:51:00Z,282.15,282.205,282.125,282.175
2026-09-25T18:51:00Z,2026-09-25T18:52:00Z,282.175,282.205,282.135,282.175
2026-09-25T18:52:00Z,2026-09-25T18:53:00Z,282.175,282.235,282.175,282.235
2026-09-25T18:53:00Z,2026-09-25T18:54:00Z,282.24,282.245,282.205,282.215
2026-09-25T18:54:00Z,2026-09-25T18:55:00Z,282.21,282.225,282.135,282.145
2026-09-25T18:55:00Z,2026-09-25T18:56:00Z,282.145,282.185,282.145,282.155
2026-09-25T18:56:00Z,2026-09-25T18:57:00Z,282.165,282.175,282.11,282.145
2026-09-25T18:57:00Z,2026-09-25T18:58:00Z,282.14,282.2,282.115,282.195
2026-09-25T18:58:00Z,2026-09-25T18:59:00Z,282.195,282.255,282.185,282.245
2026-09-25T18:59:00Z,2026-09-25T19:00:00Z,282.25,282.265,282.225,282.25
2026-09-25T19:00:00Z,2026-09-25T19:01:00Z,282.255,282.335,282.215,282.255
2026-09-25T19:01:00Z,2026-09-25T19:02:00Z,282.265,282.38,282.235,282.265
2026-09-25T19:02:00Z,2026-09-25T19:03:00Z,282.27,282.285,282.14,282.155
2026-09-25T19:03:00Z,2026-09-25T19:04:00Z,282.16,282.16,282.065,282.145
2026-09-25T19:04:00Z,2026-09-25T19:05:00Z,282.15,282.205,282.145,282.18
2026-09-25T19:05:00Z,2026-09-25T19:06:00Z,282.175,282.275,282.165,282.235
2026-09-25T19:06:00Z,2026-09-25T19:07:00Z,282.235,282.255,282.205,282.215
2026-09-25T19:07:00Z,2026-09-25T19:08:00Z,282.215,282.345,282.185,282.345
2026-09-25T19:08:00Z,2026-09-25T19:09:00Z,282.345,282.365,282.3,282.315
2026-09-25T19:09:00Z,2026-09-25T19:10:00Z,282.315,282.335,282.295,282.315
2026-09-25T19:10:00Z,2026-09-25T19:11:00Z,282.315,282.355,282.3,282.345
2026-09-25T19:11:00Z,2026-09-25T19:12:00Z,282.345,282.385,282.305,282.375
2026-09-25T19:12:00Z,2026-09-25T19:13:00Z,282.375,282.455,282.365,282.435
2026-09-25T19:13:00Z,2026-09-25T19:14:00Z,282.445,282.45,282.405,282.445
2026-09-25T19:14:00Z,2026-09-25T19:15:00Z,282.445,282.495,282.435,282.465
2026-09-25T19:15:00Z,2026-09-25T19:16:00Z,282.475,282.505,282.445,282.455
2026-09-25T19:16:00Z,2026-09-25T19:17:00Z,282.46,282.475,282.4,282.415
2026-09-25T19:17:00Z,2026-09-25T19:18:00Z,282.425,282.43,282.375,282.375
2026-09-25T19:18:00Z,2026-09-25T19:19:00Z,282.38,282.425,282.375,282.425
2026-09-25T19:19:00Z,2026-09-25T19:20:00Z,282.395,282.405,282.315,282.315
2026-09-25T19:20:00Z,2026-09-25T19:21:00Z,282.32,282.365,282.295,282.305
2026-09-25T19:21:00Z,2026-09-25T19:22:00Z,282.3,282.365,282.3,282.335
2026-09-25T19:22:00Z,2026-09-25T19:23:00Z,282.33,282.405,282.325,282.355
2026-09-25T19:23:00Z,2026-09-25T19:24:00Z,282.36,282.385,282.3,282.34
2026-09-25T19:24:00Z,2026-09-25T19:25:00Z,282.335,282.385,282.335,282.35
2026-09-25T19:25:00Z,2026-09-25T19:26:00Z,282.335,282.345,282.3,282.315
2026-09-25T19:26:00Z,2026-09-25T19:27:00Z,282.32,282.32,282.155,282.155
2026-09-25T19:27:00Z,2026-09-25T19:28:00Z,282.16,282.185,282.13,282.13
2026-09-25T19:28:00Z,2026-09-25T19:29:00Z,282.135,282.175,282.115,282.125
2026-09-25T19:29:00Z,2026-09-25T19:30:00Z,282.125,282.125,282.045,282.125
2026-09-25T19:30:00Z,2026-09-25T19:31:00Z,282.13,282.135,282.055,282.065
2026-09-25T19:31:00Z,2026-09-25T19:32:00Z,282.07,282.075,282.005,282.065
2026-09-25T19:32:00Z,2026-09-25T19:33:00Z,282.065,282.07,281.965,281.995
2026-09-25T19:33:00Z,2026-09-25T19:34:00Z,281.985,282.065,281.96,282.03
2026-09-25T19:34:00Z,2026-09-25T19:35:00Z,282.035,282.065,282.01,282.035
2026-09-25T19:35:00Z,2026-09-25T19:36:00Z,282.035,282.045,282.005,282.035
2026-09-25T19:36:00Z,2026-09-25T19:37:00Z,282.035,282.055,281.99,282.055
2026-09-25T19:37:00Z,2026-09-25T19:38:00Z,282.055,282.31,282.045,282.305
2026-09-25T19:38:00Z,2026-09-25T19:39:00Z,282.295,282.425,282.295,282.365
2026-09-25T19:39:00Z,2026-09-25T19:40:00Z,282.375,282.405,282.345,282.375
2026-09-25T19:40:00Z,2026-09-25T19:41:00Z,282.375,282.375,282.255,282.275
2026-09-25T19:41:00Z,2026-09-25T19:42:00Z,282.285,282.37,282.265,282.325
2026-09-25T19:42:00Z,2026-09-25T19:43:00Z,282.335,282.415,282.325,282.405
2026-09-25T19:43:00Z,2026-09-25T19:44:00Z,282.405,282.465,282.395,282.46
2026-09-25T19:44:00Z,2026-09-25T19:45:00Z,282.465,282.515,282.445,282.45
2026-09-25T19:45:00Z,2026-09-25T19:46:00Z,282.455,282.7,282.445,282.645
2026-09-25T19:46:00Z,2026-09-25T19:47:00Z,282.645,282.745,282.59,282.73
2026-09-25T19:47:00Z,2026-09-25T19:48:00Z,282.725,282.765,282.645,282.655
2026-09-25T19:48:00Z,2026-09-25T19:49:00Z,282.645,282.655,282.565,282.615
2026-09-25T19:49:00Z,2026-09-25T19:50:00Z,282.61,282.635,282.485,282.535
2026-09-25T19:50:00Z,2026-09-25T19:51:00Z,282.525,282.705,282.525,282.605
2026-09-25T19:51:00Z,2026-09-25T19:52:00Z,282.615,282.625,282.46,282.465
2026-09-25T19:52:00Z,2026-09-25T19:53:00Z,282.475,282.5,282.385,282.395
2026-09-25T19:53:00Z,2026-09-25T19:54:00Z,282.385,282.45,282.355,282.435
2026-09-25T19:54:00Z,2026-09-25T19:55:00Z,282.43,282.505,282.295,282.305
2026-09-25T19:55:00Z,2026-09-25T19:56:00Z,282.295,282.295,282.17,282.195
2026-09-25T19:56:00Z,2026-09-25T19:57:00Z,282.19,282.19,282.085,282.135
2026-09-25T19:57:00Z,2026-09-25T19:58:00Z,282.145,282.23,282.145,282.195
2026-09-25T19:58:00Z,2026-09-25T19:59:00Z,282.185,282.195,282.065,282.135
2026-09-25T19:59:00Z,2026-09-25T20:00:00Z,282.13,282.13,281.91,281.965
2026-09-28T13:30:00Z,2026-09-28T13:31:00Z,280.285,280.395,279.685,279.775
2026-09-28T13:31:00Z,2026-09-28T13:32:00Z,279.77,279.93,279.685,279.84
2026-09-28T13:32:00Z,2026-09-28T13:33:00Z,279.85,279.88,279.64,279.66
2026-09-28T13:33:00Z,2026-09-28T13:34:00Z,279.655,279.755,279.495,279.5
2026-09-28T13:34:00Z,2026-09-28T13:35:00Z,279.495,279.87,279.485,279.71
2026-09-28T13:35:00Z,2026-09-28T13:36:00Z,279.72,279.8,279.47,279.51
2026-09-28T13:36:00Z,2026-09-28T13:37:00Z,279.52,279.74,279.4,279.715
2026-09-28T13:37:00Z,2026-09-28T13:38:00Z,279.72,280.11,279.71,280.09
2026-09-28T13:38:00Z,2026-09-28T13:39:00Z,280.095,280.14,279.85,279.97
2026-09-28T13:39:00Z,2026-09-28T13:40:00Z,279.985,280.09,279.86,280.06
2026-09-28T13:40:00Z,2026-09-28T13:41:00Z,280.05,280.13,279.815,279.89
2026-09-28T13:41:00Z,2026-09-28T13:42:00Z,279.895,279.945,279.76,279.8
2026-09-28T13:42:00Z,2026-09-28T13:43:00Z,279.815,280.07,279.785,280.01
2026-09-28T13:43:00Z,2026-09-28T13:44:00Z,280,280.14,279.985,280.085
2026-09-28T13:44:00Z,2026-09-28T13:45:00Z,280.095,280.14,279.875,280.135
2026-09-28T13:45:00Z,2026-09-28T13:46:00Z,280.13,280.175,279.825,280.17
2026-09-28T13:46:00Z,2026-09-28T13:47:00Z,280.175,280.235,279.83,279.88
2026-09-28T13:47:00Z,2026-09-28T13:48:00Z,279.885,280.19,279.775,280
2026-09-28T13:48:00Z,2026-09-28T13:49:00Z,280.015,280.1,279.835,279.905
2026-09-28T13:49:00Z,2026-09-28T13:50:00Z,279.91,279.97,279.775,279.86
2026-09-28T13:50:00Z,2026-09-28T13:51:00Z,279.865,279.9,279.6,279.72
2026-09-28T13:51:00Z,2026-09-28T13:52:00Z,279.725,279.845,279.585,279.825
2026-09-28T13:52:00Z,2026-09-28T13:53:00Z,279.815,279.965,279.77,279.88
2026-09-28T13:53:00Z,2026-09-28T13:54:00Z,279.875,279.98,279.8,279.9
2026-09-28T13:54:00Z,2026-09-28T13:55:00Z,279.905,280.075,279.72,279.885
2026-09-28T13:55:00Z,2026-09-28T13:56:00Z,279.89,280.08,279.655,279.865
2026-09-28T13:56:00Z,2026-09-28T13:57:00Z,279.87,279.915,279.755,279.785
2026-09-28T13:57:00Z,2026-09-28T13:58:00Z,279.78,279.815,279.735,279.785
2026-09-28T13:58:00Z,2026-09-28T13:59:00Z,279.78,279.87,279.735,279.825
2026-09-28T13:59:00Z,2026-09-28T14:00:00Z,279.82,280.19,279.82,280.175
2026-09-28T14:00:00Z,2026-09-28T14:01:00Z,280.15,280.185,279.835,279.96
2026-09-28T14:01:00Z,2026-09-28T14:02:00Z,279.935,280.185,279.935,280.14
2026-09-28T14:02:00Z,2026-09-28T14:03:00Z,280.145,280.45,280.12,280.435
2026-09-28T14:03:00Z,2026-09-28T14:04:00Z,280.445,280.515,280.325,280.495
2026-09-28T14:04:00Z,2026-09-28T14:05:00Z,280.485,280.485,280.02,280.03
2026-09-28T14:05:00Z,2026-09-28T14:06:00Z,280.035,280.085,279.88,280.04
2026-09-28T14:06:00Z,2026-09-28T14:07:00Z,280.045,280.385,280.045,280.385
2026-09-28T14:07:00Z,2026-09-28T14:08:00Z,280.38,280.65,280.34,280.645
2026-09-28T14:08:00Z,2026-09-28T14:09:00Z,280.635,280.66,280.45,280.595
2026-09-28T14:09:00Z,2026-09-28T14:10:00Z,280.59,280.695,280.59,280.665
2026-09-28T14:10:00Z,2026-09-28T14:11:00Z,280.66,280.805,280.54,280.75
2026-09-28T14:11:00Z,2026-09-28T14:12:00Z,280.745,280.75,280.515,280.57
2026-09-28T14:12:00Z,2026-09-28T14:13:00Z,280.565,280.635,280.435,280.53
2026-09-28T14:13:00Z,2026-09-28T14:14:00Z,280.545,280.56,280.325,280.335
2026-09-28T14:14:00Z,2026-09-28T14:15:00Z,280.345,280.43,280.15,280.395
2026-09-28T14:15:00Z,2026-09-28T14:16:00Z,280.4,280.455,280.265,280.395
2026-09-28T14:16:00Z,2026-09-28T14:17:00Z,280.39,280.435,280.23,280.41
2026-09-28T14:17:00Z,2026-09-28T14:18:00Z,280.415,280.54,280.37,280.525
2026-09-28T14:18:00Z,2026-09-28T14:19:00Z,280.54,280.545,280.385,280.385
2026-09-28T14:19:00Z,2026-09-28T14:20:00Z,280.38,280.445,280.31,280.365
2026-09-28T14:20:00Z,2026-09-28T14:21:00Z,280.36,280.51,280.305,280.475
2026-09-28T14:21:00Z,2026-09-28T14:22:00Z,280.455,280.495,280.31,280.37
2026-09-28T14:22:00Z,2026-09-28T14:23:00Z,280.375,280.705,280.37,280.69
2026-09-28T14:23:00Z,2026-09-28T14:24:00Z,280.685,280.7,280.455,280.465
2026-09-28T14:24:00Z,2026-09-28T14:25:00Z,280.46,280.65,280.435,280.645
2026-09-28T14:25:00Z,2026-09-28T14:26:00Z,280.64,280.73,280.625,280.665
2026-09-28T14:26:00Z,2026-09-28T14:27:00Z,280.67,280.705,280.58,280.685
2026-09-28T14:27:00Z,2026-09-28T14:28:00Z,280.69,280.755,280.565,280.6
2026-09-28T14:28:00Z,2026-09-28T14:29:00Z,280.595,280.76,280.55,280.76
2026-09-28T14:29:00Z,2026-09-28T14:30:00Z,280.765,280.795,280.73,280.765
2026-09-28T14:30:00Z,2026-09-28T14:31:00Z,280.77,280.775,280.565,280.69
2026-09-28T14:31:00Z,2026-09-28T14:32:00Z,280.685,280.715,280.485,280.56
2026-09-28T14:32:00Z,2026-09-28T14:33:00Z,280.555,280.565,280.445,280.47
2026-09-28T14:33:00Z,2026-09-28T14:34:00Z,280.475,280.58,280.375,280.425
2026-09-28T14:34:00Z,2026-09-28T14:35:00Z,280.43,280.49,280.335,280.355
2026-09-28T14:35:00Z,2026-09-28T14:36:00Z,280.34,280.38,280.23,280.305
2026-09-28T14:36:00Z,2026-09-28T14:37:00Z,280.3,280.425,280.27,280.365
2026-09-28T14:37:00Z,2026-09-28T14:38:00Z,280.36,280.4,280.115,280.12
2026-09-28T14:38:00Z,2026-09-28T14:39:00Z,280.125,280.13,279.91,279.965
2026-09-28T14:39:00Z,2026-09-28T14:40:00Z,279.97,280.03,279.87,279.89
2026-09-28T14:40:00Z,2026-09-28T14:41:00Z,279.895,279.97,279.85,279.905
2026-09-28T14:41:00Z,2026-09-28T14:42:00Z,279.895,280.1,279.825,280.055
2026-09-28T14:42:00Z,2026-09-28T14:43:00Z,280.05,280.07,279.855,279.88
2026-09-28T14:43:00Z,2026-09-28T14:44:00Z,279.89,279.925,279.735,279.76
2026-09-28T14:44:00Z,2026-09-28T14:45:00Z,279.765,279.765,279.63,279.695
2026-09-28T14:45:00Z,2026-09-28T14:46:00Z,279.72,279.73,279.535,279.59
2026-09-28T14:46:00Z,2026-09-28T14:47:00Z,279.605,279.67,279.505,279.565
2026-09-28T14:47:00Z,2026-09-28T14:48:00Z,279.56,279.615,279.365,279.47
2026-09-28T14:48:00Z,2026-09-28T14:49:00Z,279.48,279.55,279.355,279.36
2026-09-28T14:49:00Z,2026-09-28T14:50:00Z,279.365,279.555,279.315,279.45
2026-09-28T14:50:00Z,2026-09-28T14:51:00Z,279.445,279.76,279.37,279.69
2026-09-28T14:51:00Z,2026-09-28T14:52:00Z,279.705,279.745,279.395,279.41
2026-09-28T14:52:00Z,2026-09-28T14:53:00Z,279.4,279.49,279.37,279.43
2026-09-28T14:53:00Z,2026-09-28T14:54:00Z,279.415,279.435,279.285,279.285
2026-09-28T14:54:00Z,2026-09-28T14:55:00Z,279.295,279.355,279.225,279.245
2026-09-28T14:55:00Z,2026-09-28T14:56:00Z,279.23,279.235,279.125,279.17
2026-09-28T14:56:00Z,2026-09-28T14:57:00Z,279.175,279.405,279.175,279.355
2026-09-28T14:57:00Z,2026-09-28T14:58:00Z,279.35,279.485,279.265,279.395
2026-09-28T14:58:00Z,2026-09-28T14:59:00Z,279.39,279.44,279.235,279.255
2026-09-28T14:59:00Z,2026-09-28T15:00:00Z,279.25,279.275,279.2,279.245
2026-09-28T15:00:00Z,2026-09-28T15:01:00Z,279.285,279.335,279.185,279.255
2026-09-28T15:01:00Z,2026-09-28T15:02:00Z,279.255,279.315,279.155,279.175
2026-09-28T15:02:00Z,2026-09-28T15:03:00Z,279.17,279.28,279.085,279.125
2026-09-28T15:03:00Z,2026-09-28T15:04:00Z,279.135,279.2,279.095,279.125
2026-09-28T15:04:00Z,2026-09-28T15:05:00Z,279.12,279.185,279.085,279.11
2026-09-28T15:05:00Z,2026-09-28T15:06:00Z,279.115,279.22,279.01,279.035
2026-09-28T15:06:00Z,2026-09-28T15:07:00Z,279.03,279.165,278.95,279.075
2026-09-28T15:07:00Z,2026-09-28T15:08:00Z,279.08,279.245,279.035,279.215
2026-09-28T15:08:00Z,2026-09-28T15:09:00Z,279.235,279.275,279.135,279.155
2026-09-28T15:09:00Z,2026-09-28T15:10:00Z,279.15,279.155,279.13,279.155
2026-09-23T18:11:00Z,2026-09-23T18:12:00Z,282.625,282.645,282.575,282.575
2026-09-23T18:12:00Z,2026-09-23T18:13:00Z,282.575,282.585,282.485,282.565
2026-09-23T18:13:00Z,2026-09-23T18:14:00Z,282.565,282.565,282.495,282.52
2026-09-23T18:14:00Z,2026-09-23T18:15:00Z,282.525,282.62,282.485,282.605
2026-09-23T18:15:00Z,2026-09-23T18:16:00Z,282.6,282.665,282.575,282.645
2026-09-23T18:16:00Z,2026-09-23T18:17:00Z,282.655,282.715,282.545,282.555
2026-09-23T18:17:00Z,2026-09-23T18:18:00Z,282.55,282.625,282.545,282.575
2026-09-23T18:18:00Z,2026-09-23T18:19:00Z,282.575,282.675,282.575,282.665
2026-09-23T18:19:00Z,2026-09-23T18:20:00Z,282.665,282.705,282.635,282.645
2026-09-23T18:20:00Z,2026-09-23T18:21:00Z,282.635,282.655,282.595,282.635
2026-09-23T18:21:00Z,2026-09-23T18:22:00Z,282.64,282.64,282.505,282.515
2026-09-23T18:22:00Z,2026-09-23T18:23:00Z,282.515,282.58,282.515,282.555
2026-09-23T18:23:00Z,2026-09-23T18:24:00Z,282.545,282.605,282.525,282.565
2026-09-23T18:24:00Z,2026-09-23T18:25:00Z,282.555,282.59,282.525,282.575
2026-09-23T18:25:00Z,2026-09-23T18:26:00Z,282.58,282.65,282.545,282.555
2026-09-23T18:26:00Z,2026-09-23T18:27:00Z,282.545,282.605,282.535,282.535
2026-09-23T18:27:00Z,2026-09-23T18:28:00Z,282.535,282.57,282.525,282.535
2026-09-23T18:28:00Z,2026-09-23T18:29:00Z,282.545,282.545,282.495,282.515
2026-09-23T18:29:00Z,2026-09-23T18:30:00Z,282.52,282.54,282.475,282.525
2026-09-23T18:30:00Z,2026-09-23T18:31:00Z,282.515,282.535,282.405,282.415
2026-09-23T18:31:00Z,2026-09-23T18:32:00Z,282.415,282.425,282.335,282.365
2026-09-23T18:32:00Z,2026-09-23T18:33:00Z,282.355,282.405,282.335,282.405
2026-09-23T18:33:00Z,2026-09-23T18:34:00Z,282.415,282.455,282.39,282.41
2026-09-23T18:34:00Z,2026-09-23T18:35:00Z,282.41,282.5,282.375,282.435
2026-09-23T18:35:00Z,2026-09-23T18:36:00Z,282.44,282.465,282.435,282.445
2026-09-23T18:36:00Z,2026-09-23T18:37:00Z,282.45,282.465,282.415,282.425
2026-09-23T18:37:00Z,2026-09-23T18:38:00Z,282.425,282.425,282.345,282.355
2026-09-23T18:38:00Z,2026-09-23T18:39:00Z,282.35,282.375,282.265,282.305
2026-09-23T18:39:00Z,2026-09-23T18:40:00Z,282.305,282.315,282.245,282.245
2026-09-23T18:40:00Z,2026-09-23T18:41:00Z,282.26,282.335,282.25,282.265
2026-09-23T18:41:00Z,2026-09-23T18:42:00Z,282.275,282.305,282.215,282.275
2026-09-23T18:42:00Z,2026-09-23T18:43:00Z,282.27,282.295,282.215,282.215
2026-09-23T18:43:00Z,2026-09-23T18:44:00Z,282.23,282.29,282.225,282.235
2026-09-23T18:44:00Z,2026-09-23T18:45:00Z,282.225,282.275,282.215,282.265
2026-09-23T18:45:00Z,2026-09-23T18:46:00Z,282.27,282.275,282.145,282.175
2026-09-23T18:46:00Z,2026-09-23T18:47:00Z,282.17,282.245,282.16,282.195
2026-09-23T18:47:00Z,2026-09-23T18:48:00Z,282.205,282.265,282.195,282.255
2026-09-23T18:48:00Z,2026-09-23T18:49:00Z,282.255,282.335,282.245,282.305
2026-09-23T18:49:00Z,2026-09-23T18:50:00Z,282.315,282.325,282.275,282.3
2026-09-23T18:50:00Z,2026-09-23T18:51:00Z,282.295,282.315,282.275,282.28
2026-09-23T18:51:00Z,2026-09-23T18:52:00Z,282.285,282.32,282.265,282.275
2026-09-23T18:52:00Z,2026-09-23T18:53:00Z,282.27,282.285,282.22,282.245
2026-09-23T18:53:00Z,2026-09-23T18:54:00Z,282.255,282.29,282.225,282.285
2026-09-23T18:54:00Z,2026-09-23T18:55:00Z,282.275,282.355,282.245,282.355
2026-09-23T18:55:00Z,2026-09-23T18:56:00Z,282.345,282.49,282.345,282.485
2026-09-23T18:56:00Z,2026-09-23T18:57:00Z,282.495,282.53,282.485,282.505
2026-09-23T18:57:00Z,2026-09-23T18:58:00Z,282.505,282.53,282.475,282.52
2026-09-23T18:58:00Z,2026-09-23T18:59:00Z,282.525,282.615,282.515,282.615
2026-09-23T18:59:00Z,2026-09-23T19:00:00Z,282.62,282.645,282.595,282.615
2026-09-23T19:00:00Z,2026-09-23T19:01:00Z,282.615,282.705,282.575,282.665
2026-09-23T19:01:00Z,2026-09-23T19:02:00Z,282.675,282.675,282.56,282.58
2026-09-23T19:02:00Z,2026-09-23T19:03:00Z,282.575,282.575,282.495,282.495
2026-09-23T19:03:00Z,2026-09-23T19:04:00Z,282.495,282.505,282.335,282.345
2026-09-23T19:04:00Z,2026-09-23T19:05:00Z,282.35,282.365,282.295,282.305
2026-09-23T19:05:00Z,2026-09-23T19:06:00Z,282.305,282.31,282.245,282.29
2026-09-23T19:06:00Z,2026-09-23T19:07:00Z,282.275,282.415,282.275,282.415
2026-09-23T19:07:00Z,2026-09-23T19:08:00Z,282.415,282.57,282.415,282.535
2026-09-23T19:08:00Z,2026-09-23T19:09:00Z,282.545,282.56,282.5,282.505
2026-09-23T19:09:00Z,2026-09-23T19:10:00Z,282.5,282.535,282.41,282.475
2026-09-23T19:10:00Z,2026-09-23T19:11:00Z,282.47,282.52,282.45,282.515
2026-09-23T19:11:00Z,2026-09-23T19:12:00Z,282.515,282.605,282.49,282.585
2026-09-23T19:12:00Z,2026-09-23T19:13:00Z,282.6,282.645,282.595,282.615
2026-09-23T19:13:00Z,2026-09-23T19:14:00Z,282.605,282.645,282.565,282.64
2026-09-23T19:14:00Z,2026-09-23T19:15:00Z,282.635,282.675,282.61,282.625
2026-09-23T19:15:00Z,2026-09-23T19:16:00Z,282.63,282.635,282.475,282.475
2026-09-23T19:16:00Z,2026-09-23T19:17:00Z,282.47,282.51,282.455,282.5
2026-09-23T19:17:00Z,2026-09-23T19:18:00Z,282.505,282.505,282.46,282.475
2026-09-23T19:18:00Z,2026-09-23T19:19:00Z,282.475,282.49,282.405,282.475
2026-09-23T19:19:00Z,2026-09-23T19:20:00Z,282.475,282.5,282.435,282.435
2026-09-23T19:20:00Z,2026-09-23T19:21:00Z,282.43,282.43,282.345,282.37
2026-09-23T19:21:00Z,2026-09-23T19:22:00Z,282.365,282.395,282.35,282.385
2026-09-23T19:22:00Z,2026-09-23T19:23:00Z,282.375,282.425,282.365,282.425
2026-09-23T19:23:00Z,2026-09-23T19:24:00Z,282.425,282.475,282.415,282.435
2026-09-23T19:24:00Z,2026-09-23T19:25:00Z,282.435,282.455,282.425,282.45
2026-09-23T19:25:00Z,2026-09-23T19:26:00Z,282.445,282.495,282.435,282.435
2026-09-23T19:26:00Z,2026-09-23T19:27:00Z,282.435,282.46,282.38,282.385
2026-09-23T19:27:00Z,2026-09-23T19:28:00Z,282.39,282.435,282.375,282.395
2026-09-23T19:28:00Z,2026-09-23T19:29:00Z,282.395,282.425,282.355,282.395
2026-09-23T19:29:00Z,2026-09-23T19:30:00Z,282.395,282.425,282.335,282.415
2026-09-23T19:30:00Z,2026-09-23T19:31:00Z,282.425,282.505,282.375,282.455
2026-09-23T19:31:00Z,2026-09-23T19:32:00Z,282.445,282.515,282.435,282.435
2026-09-23T19:32:00Z,2026-09-23T19:33:00Z,282.435,282.465,282.385,282.395
2026-09-23T19:33:00Z,2026-09-23T19:34:00Z,282.405,282.435,282.335,282.435
2026-09-23T19:34:00Z,2026-09-23T19:35:00Z,282.425,282.455,282.415,282.425
2026-09-23T19:35:00Z,2026-09-23T19:36:00Z,282.425,282.425,282.375,282.375
2026-09-23T19:36:00Z,2026-09-23T19:37:00Z,282.38,282.425,282.375,282.395
2026-09-23T19:37:00Z,2026-09-23T19:38:00Z,282.395,282.395,282.305,282.315
2026-09-23T19:38:00Z,2026-09-23T19:39:00Z,282.325,282.395,282.315,282.355
2026-09-23T19:39:00Z,2026-09-23T19:40:00Z,282.355,282.375,282.33,282.33
2026-09-23T19:40:00Z,2026-09-23T19:41:00Z,282.335,282.435,282.3,282.415
2026-09-23T19:41:00Z,2026-09-23T19:42:00Z,282.42,282.445,282.385,282.385
2026-09-23T19:42:00Z,2026-09-23T19:43:00Z,282.385,282.385,282.19,282.19
2026-09-23T19:43:00Z,2026-09-23T19:44:00Z,282.195,282.195,282.125,282.135
2026-09-23T19:44:00Z,2026-09-23T19:45:00Z,282.135,282.155,282.095,282.125
2026-09-23T19:45:00Z,2026-09-23T19:46:00Z,282.125,282.165,282.075,282.085
2026-09-23T19:46:00Z,2026-09-23T19:47:00Z,282.095,282.105,282,282.015
2026-09-23T19:47:00Z,2026-09-23T19:48:00Z,282.005,282.135,281.985,282.135
2026-09-23T19:48:00Z,2026-09-23T19:49:00Z,282.125,282.165,282.065,282.145
2026-09-23T19:49:00Z,2026-09-23T19:50:00Z,282.15,282.225,282.135,282.215
2026-09-23T19:50:00Z,2026-09-23T19:51:00Z,282.225,282.26,282.105,282.175
2026-09-23T19:51:00Z,2026-09-23T19:52:00Z,282.17,282.215,282.01,282.065
2026-09-23T19:52:00Z,2026-09-23T19:53:00Z,282.08,282.195,282.045,282.085
2026-09-23T19:53:00Z,2026-09-23T19:54:00Z,282.09,282.165,282.065,282.135
2026-09-23T19:54:00Z,2026-09-23T19:55:00Z,282.125,282.155,281.995,281.995
2026-09-23T19:55:00Z,2026-09-23T19:56:00Z,282.015,282.085,281.935,281.945
2026-09-23T19:56:00Z,2026-09-23T19:57:00Z,281.935,281.945,281.855,281.92
2026-09-23T19:57:00Z,2026-09-23T19:58:00Z,281.925,282.07,281.865,282.015
2026-09-23T19:58:00Z,2026-09-23T19:59:00Z,282.005,282.045,281.985,281.99
2026-09-23T19:59:00Z,2026-09-23T20:00:00Z,281.985,282.03,281.845,281.955
2026-09-24T13:30:00Z,2026-09-24T13:31:00Z,281.33,281.36,280.865,281.14
2026-09-24T13:31:00Z,2026-09-24T13:32:00Z,281.145,281.565,280.97,281.49
2026-09-24T13:32:00Z,2026-09-24T13:33:00Z,281.495,281.74,281.47,281.63
2026-09-24T13:33:00Z,2026-09-24T13:34:00Z,281.635,281.64,281.17,281.3
2026-09-24T13:34:00Z,2026-09-24T13:35:00Z,281.295,281.295,281.02,281.08
2026-09-24T13:35:00Z,2026-09-24T13:36:00Z,281.085,281.085,280.91,280.98
2026-09-24T13:36:00Z,2026-09-24T13:37:00Z,280.96,281.08,280.935,281.02
2026-09-24T13:37:00Z,2026-09-24T13:38:00Z,281.015,281.015,280.83,280.875
2026-09-24T13:38:00Z,2026-09-24T13:39:00Z,280.89,281,280.815,280.925
2026-09-24T13:39:00Z,2026-09-24T13:40:00Z,280.9,281.13,280.855,281.13
2026-09-24T13:40:00Z,2026-09-24T13:41:00Z,281.125,281.195,280.97,281.045
2026-09-24T13:41:00Z,2026-09-24T13:42:00Z,281.035,281.045,280.725,280.74
2026-09-24T13:42:00Z,2026-09-24T13:43:00Z,280.735,280.825,280.625,280.635
2026-09-24T13:43:00Z,2026-09-24T13:44:00Z,280.625,280.785,280.605,280.745
2026-09-24T13:44:00Z,2026-09-24T13:45:00Z,280.755,280.84,280.705,280.725
2026-09-24T13:45:00Z,2026-09-24T13:46:00Z,280.72,280.74,280.59,280.66
2026-09-24T13:46:00Z,2026-09-24T13:47:00Z,280.65,280.745,280.515,280.705
2026-09-24T13:47:00Z,2026-09-24T13:48:00Z,280.71,280.835,280.665,280.755
2026-09-24T13:48:00Z,2026-09-24T13:49:00Z,280.75,280.86,280.525,280.555
2026-09-24T13:49:00Z,2026-09-24T13:50:00Z,280.58,280.775,280.565,280.705
2026-09-24T13:50:00Z,2026-09-24T13:51:00Z,280.7,280.71,280.505,280.555
2026-09-24T13:51:00Z,2026-09-24T13:52:00Z,280.56,280.77,280.52,280.705
2026-09-24T13:52:00Z,2026-09-24T13:53:00Z,280.705,280.78,280.58,280.63
2026-09-24T13:53:00Z,2026-09-24T13:54:00Z,280.635,280.765,280.555,280.72
2026-09-24T13:54:00Z,2026-09-24T13:55:00Z,280.73,280.775,280.61,280.725
2026-09-24T13:55:00Z,2026-09-24T13:56:00Z,280.73,280.75,280.53,280.545
2026-09-24T13:56:00Z,2026-09-24T13:57:00Z,280.54,280.575,280.505,280.56
2026-09-24T13:57:00Z,2026-09-24T13:58:00Z,280.545,280.675,280.535,280.605
2026-09-24T13:58:00Z,2026-09-24T13:59:00Z,280.6,280.615,280.52,280.595
2026-09-24T13:59:00Z,2026-09-24T14:00:00Z,280.6,280.605,280.52,280.535
2026-09-24T14:00:00Z,2026-09-24T14:01:00Z,280.525,280.53,280.325,280.335
2026-09-24T14:01:00Z,2026-09-24T14:02:00Z,280.345,280.48,280.335,280.395
2026-09-24T14:02:00Z,2026-09-24T14:03:00Z,280.385,280.59,280.365,280.545
2026-09-24T14:03:00Z,2026-09-24T14:04:00Z,280.535,280.595,280.485,280.595
2026-09-24T14:04:00Z,2026-09-24T14:05:00Z,280.585,280.735,280.565,280.725
2026-09-24T14:05:00Z,2026-09-24T14:06:00Z,280.715,280.835,280.65,280.83
2026-09-24T14:06:00Z,2026-09-24T14:07:00Z,280.82,281,280.815,280.985
2026-09-24T14:07:00Z,2026-09-24T14:08:00Z,280.995,281.03,280.945,281.015
2026-09-24T14:08:00Z,2026-09-24T14:09:00Z,281.02,281.02,280.835,280.92
2026-09-24T14:09:00Z,2026-09-24T14:10:00Z,280.915,280.995,280.725,280.725
2026-09-24T14:10:00Z,2026-09-24T14:11:00Z,280.745,280.8,280.635,280.79
2026-09-24T14:11:00Z,2026-09-24T14:12:00Z,280.795,280.84,280.74,280.76
2026-09-24T14:12:00Z,2026-09-24T14:13:00Z,280.765,280.765,280.6,280.68
2026-09-24T14:13:00Z,2026-09-24T14:14:00Z,280.685,280.92,280.675,280.905
2026-09-24T14:14:00Z,2026-09-24T14:15:00Z,280.91,280.99,280.87,280.88
2026-09-24T14:15:00Z,2026-09-24T14:16:00Z,280.875,280.895,280.585,280.615
2026-09-24T14:16:00Z,2026-09-24T14:17:00Z,280.62,280.75,280.615,280.75
2026-09-24T14:17:00Z,2026-09-24T14:18:00Z,280.74,280.915,280.695,280.805
2026-09-24T14:18:00Z,2026-09-24T14:19:00Z,280.815,280.815,280.645,280.655
2026-09-24T14:19:00Z,2026-09-24T14:20:00Z,280.665,280.71,280.555,280.555
2026-09-24T14:20:00Z,2026-09-24T14:21:00Z,280.565,280.565,280.425,280.455
2026-09-24T14:21:00Z,2026-09-24T14:22:00Z,280.45,280.58,280.395,280.4
2026-09-24T14:22:00Z,2026-09-24T14:23:00Z,280.395,280.525,280.355,280.51
2026-09-24T14:23:00Z,2026-09-24T14:24:00Z,280.5,280.53,280.415,280.49
2026-09-24T14:24:00Z,2026-09-24T14:25:00Z,280.5,280.59,280.465,280.465
2026-09-24T14:25:00Z,2026-09-24T14:26:00Z,280.45,280.495,280.325,280.4
2026-09-24T14:26:00Z,2026-09-24T14:27:00Z,280.405,280.445,280.355,280.415
2026-09-24T14:27:00Z,2026-09-24T14:28:00Z,280.42,280.655,280.38,280.655
2026-09-24T14:28:00Z,2026-09-24T14:29:00Z,280.67,280.67,280.585,280.585
2026-09-24T14:29:00Z,2026-09-24T14:30:00Z,280.58,280.625,280.56,280.605
2026-09-24T14:30:00Z,2026-09-24T14:31:00Z,280.61,280.67,280.515,280.66
2026-09-24T14:31:00Z,2026-09-24T14:32:00Z,280.64,280.725,280.635,280.715
2026-09-24T14:32:00Z,2026-09-24T14:33:00Z,280.705,280.795,280.69,280.76
2026-09-24T14:33:00Z,2026-09-24T14:34:00Z,280.765,280.97,280.735,280.97
2026-09-24T14:34:00Z,2026-09-24T14:35:00Z,280.965,281.05,280.95,280.985
2026-09-24T14:35:00Z,2026-09-24T14:36:00Z,280.99,280.99,280.815,280.87
2026-09-24T14:36:00Z,2026-09-24T14:37:00Z,280.875,280.9,280.755,280.81
2026-09-24T14:37:00Z,2026-09-24T14:38:00Z,280.805,280.97,280.8,280.91
2026-09-24T14:38:00Z,2026-09-24T14:39:00Z,280.915,280.915,280.755,280.78
2026-09-24T14:39:00Z,2026-09-24T14:40:00Z,280.785,280.805,280.63,280.695
2026-09-24T14:40:00Z,2026-09-24T14:41:00Z,280.7,280.755,280.585,280.6
2026-09-24T14:41:00Z,2026-09-24T14:42:00Z,280.605,280.66,280.56,280.565
2026-09-24T14:42:00Z,2026-09-24T14:43:00Z,280.56,280.63,280.44,280.465
2026-09-24T14:43:00Z,2026-09-24T14:44:00Z,280.47,280.47,280.315,280.315
2026-09-24T14:44:00Z,2026-09-24T14:45:00Z,280.315,280.375,280.265,280.3
2026-09-24T14:45:00Z,2026-09-24T14:46:00Z,280.305,280.305,280.235,280.265
2026-09-24T14:46:00Z,2026-09-24T14:47:00Z,280.26,280.3,280.21,280.235
2026-09-24T14:47:00Z,2026-09-24T14:48:00Z,280.235,280.345,280.2,280.205
2026-09-24T14:48:00Z,2026-09-24T14:49:00Z,280.205,280.245,280.155,280.175
2026-09-24T14:49:00Z,2026-09-24T14:50:00Z,280.18,280.29,280.16,280.245
2026-09-24T14:50:00Z,2026-09-24T14:51:00Z,280.23,280.465,280.225,280.255
2026-09-24T14:51:00Z,2026-09-24T14:52:00Z,280.265,280.29,280.185,280.27
2026-09-24T14:52:00Z,2026-09-24T14:53:00Z,280.26,280.27,280.155,280.175
2026-09-24T14:53:00Z,2026-09-24T14:54:00Z,280.18,280.235,280.08,280.215
2026-09-24T14:54:00Z,2026-09-24T14:55:00Z,280.225,280.245,280.14,280.15
2026-09-24T14:55:00Z,2026-09-24T14:56:00Z,280.155,280.165,280.045,280.05
2026-09-24T14:56:00Z,2026-09-24T14:57:00Z,280.045,280.07,279.975,280.01
2026-09-24T14:57:00Z,2026-09-24T14:58:00Z,280.005,280.045,279.945,280.045
2026-09-24T14:58:00Z,2026-09-24T14:59:00Z,280.04,280.04,279.855,279.855
2026-09-24T14:59:00Z,2026-09-24T15:00:00Z,279.86,280.01,279.815,279.995
2026-09-24T15:00:00Z,2026-09-24T15:01:00Z,279.985,280.005,279.855,279.905
2026-09-24T15:01:00Z,2026-09-24T15:02:00Z,279.905,279.97,279.855,279.89
2026-09-24T15:02:00Z,2026-09-24T15:03:00Z,279.88,279.93,279.835,279.85
2026-09-24T15:03:00Z,2026-09-24T15:04:00Z,279.86,279.955,279.84,279.895
2026-09-24T15:04:00Z,2026-09-24T15:05:00Z,279.89,279.945,279.81,279.835
2026-09-24T15:05:00Z,2026-09-24T15:06:00Z,279.83,279.895,279.785,279.875
2026-09-24T15:06:00Z,2026-09-24T15:07:00Z,279.865,279.935,279.76,279.82
2026-09-24T15:07:00Z,2026-09-24T15:08:00Z,279.815,279.89,279.78,279.855
2026-09-24T15:08:00Z,2026-09-24T15:09:00Z,279.855,279.885,279.81,279.88
2026-09-24T15:09:00Z,2026-09-24T15:10:00Z,279.885,279.915,279.835,279.855
2026-09-24T15:10:00Z,2026-09-24T15:11:00Z,279.86,279.92,279.735,279.795
2026-09-24T15:11:00Z,2026-09-24T15:12:00Z,279.79,279.795,279.725,279.735
2026-09-24T15:12:00Z,2026-09-24T15:13:00Z,279.73,279.765,279.61,279.625
2026-09-24T15:13:00Z,2026-09-24T15:14:00Z,279.625,279.625,279.545,279.565
2026-09-24T15:14:00Z,2026-09-24T15:15:00Z,279.575,279.585,279.515,279.56
2026-09-24T15:15:00Z,2026-09-24T15:16:00Z,279.555,279.725,279.515,279.685
2026-09-24T15:16:00Z,2026-09-24T15:17:00Z,279.69,279.915,279.685,279.795
2026-09-24T15:17:00Z,2026-09-24T15:18:00Z,279.8,279.845,279.71,279.75
2026-09-24T15:18:00Z,2026-09-24T15:19:00Z,279.745,279.745,279.57,279.665
2026-09-24T15:19:00Z,2026-09-24T15:20:00Z,279.665,279.69,279.615,279.615
2026-09-24T15:20:00Z,2026-09-24T15:21:00Z,279.595,279.6,279.45,279.465
2026-09-24T15:21:00Z,2026-09-24T15:22:00Z,279.475,279.51,279.425,279.47
2026-09-24T15:22:00Z,2026-09-24T15:23:00Z,279.475,279.545,279.44,279.545
2026-09-24T15:23:00Z,2026-09-24T15:24:00Z,279.55,279.63,279.525,279.63
2026-09-24T15:24:00Z,2026-09-24T15:25:00Z,279.625,279.75,279.61,279.715
2026-09-24T15:25:00Z,2026-09-24T15:26:00Z,279.725,279.725,279.49,279.515
2026-09-24T15:26:00Z,2026-09-24T15:27:00Z,279.525,279.595,279.495,279.505
2026-09-24T15:27:00Z,2026-09-24T15:28:00Z,279.535,279.545,279.43,279.45
2026-09-24T15:28:00Z,2026-09-24T15:29:00Z,279.44,279.465,279.395,279.395
2026-09-24T15:29:00Z,2026-09-24T15:30:00Z,279.385,279.43,279.345,279.405
2026-09-24T15:30:00Z,2026-09-24T15:31:00Z,279.415,279.465,279.4,279.425
2026-09-24T15:31:00Z,2026-09-24T15:32:00Z,279.43,279.475,279.405,279.405
2026-09-24T15:32:00Z,2026-09-24T15:33:00Z,279.405,279.445,279.37,279.41
2026-09-24T15:33:00Z,2026-09-24T15:34:00Z,279.41,279.515,279.395,279.47
2026-09-24T15:34:00Z,2026-09-24T15:35:00Z,279.475,279.495,279.415,279.415
2026-09-24T15:35:00Z,2026-09-24T15:36:00Z,279.405,279.475,279.335,279.375
2026-09-24T15:36:00Z,2026-09-24T15:37:00Z,279.37,279.49,279.27,279.29
2026-09-24T15:37:00Z,2026-09-24T15:38:00Z,279.285,279.375,279.285,279.365
2026-09-24T15:38:00Z,2026-09-24T15:39:00Z,279.36,279.39,279.325,279.33
2026-09-24T15:39:00Z,2026-09-24T15:40:00Z,279.325,279.335,279.245,279.28
2026-09-24T15:40:00Z,2026-09-24T15:41:00Z,279.275,279.31,279.215,279.265
2026-09-24T15:41:00Z,2026-09-24T15:42:00Z,279.265,279.315,279.21,279.235
2026-09-24T15:42:00Z,2026-09-24T15:43:00Z,279.235,279.285,279.2,279.26
2026-09-24T15:43:00Z,2026-09-24T15:44:00Z,279.255,279.305,279.235,279.295
2026-09-24T15:44:00Z,2026-09-24T15:45:00Z,279.28,279.425,279.28,279.425
2026-09-24T15:45:00Z,2026-09-24T15:46:00Z,279.435,279.535,279.435,279.475
2026-09-24T15:46:00Z,2026-09-24T15:47:00Z,279.47,279.47,279.335,279.34
2026-09-24T15:47:00Z,2026-09-24T15:48:00Z,279.345,279.385,279.22,279.225
2026-09-24T15:48:00Z,2026-09-24T15:49:00Z,279.225,279.275,279.19,279.19
2026-09-24T15:49:00Z,2026-09-24T15:50:00Z,279.175,279.19,279.105,279.165
2026-09-24T15:50:00Z,2026-09-24T15:51:00Z,279.165,279.255,279.115,279.255
2026-09-24T15:51:00Z,2026-09-24T15:52:00Z,279.255,279.335,279.195,279.315
2026-09-24T15:52:00Z,2026-09-24T15:53:00Z,279.325,279.385,279.305,279.37
2026-09-24T15:53:00Z,2026-09-24T15:54:00Z,279.375,279.445,279.335,279.345
2026-09-24T15:54:00Z,2026-09-24T15:55:00Z,279.36,279.4,279.315,279.395
2026-09-24T15:55:00Z,2026-09-24T15:56:00Z,279.405,279.435,279.34,279.395
2026-09-24T15:56:00Z,2026-09-24T15:57:00Z,279.385,279.45,279.345,279.435
2026-09-24T15:57:00Z,2026-09-24T15:58:00Z,279.435,279.455,279.415,279.435
2026-09-24T15:58:00Z,2026-09-24T15:59:00Z,279.435,279.435,279.355,279.385
2026-09-24T15:59:00Z,2026-09-24T16:00:00Z,279.38,279.39,279.315,279.315
2026-09-24T16:00:00Z,2026-09-24T16:01:00Z,279.31,279.315,279.065,279.095
2026-09-24T16:01:00Z,2026-09-24T16:02:00Z,279.09,279.195,279.045,279.155
2026-09-24T16:02:00Z,2026-09-24T16:03:00Z,279.155,279.2,279.145,279.17
2026-09-24T16:03:00Z,2026-09-24T16:04:00Z,279.16,279.215,279.09,279.2
2026-09-24T16:04:00Z,2026-09-24T16:05:00Z,279.2,279.26,279.17,279.255
2026-09-24T16:05:00Z,2026-09-24T16:06:00Z,279.245,279.265,279.16,279.26
2026-09-24T16:06:00Z,2026-09-24T16:07:00Z,279.255,279.255,279.135,279.16
2026-09-24T16:07:00Z,2026-09-24T16:08:00Z,279.155,279.16,279.085,279.125
2026-09-24T16:08:00Z,2026-09-24T16:09:00Z,279.12,279.155,279.08,279.155
2026-09-24T16:09:00Z,2026-09-24T16:10:00Z,279.15,279.175,279.115,279.17
2026-09-24T16:10:00Z,2026-09-24T16:11:00Z,279.165,279.255,279.16,279.205
2026-09-24T16:11:00Z,2026-09-24T16:12:00Z,279.195,279.225,279.18,279.225
2026-09-24T16:12:00Z,2026-09-24T16:13:00Z,279.225,279.255,279.185,279.185
2026-09-24T16:13:00Z,2026-09-24T16:14:00Z,279.185,279.265,279.185,279.245
2026-09-24T16:14:00Z,2026-09-24T16:15:00Z,279.245,279.35,279.245,279.35
2026-09-24T16:15:00Z,2026-09-24T16:16:00Z,279.37,280.355,279.37,280.27
2026-09-24T16:16:00Z,2026-09-24T16:17:00Z,280.3,281.27,280.165,281.075
2026-09-24T16:17:00Z,2026-09-24T16:18:00Z,281.065,281.69,281,281.48
2026-09-24T16:18:00Z,2026-09-24T16:19:00Z,281.485,281.865,281.375,281.375
2026-09-24T16:19:00Z,2026-09-24T16:20:00Z,281.355,281.555,280.85,281.005
2026-09-24T16:20:00Z,2026-09-24T16:21:00Z,281.015,281.485,280.975,281.29
2026-09-24T16:21:00Z,2026-09-24T16:22:00Z,281.285,281.345,281.105,281.17
2026-09-24T16:22:00Z,2026-09-24T16:23:00Z,281.185,281.55,281.175,281.495
2026-09-24T16:23:00Z,2026-09-24T16:24:00Z,281.5,281.56,281.22,281.22
2026-09-24T16:24:00Z,2026-09-24T16:25:00Z,281.215,281.51,281.1,281.435
2026-09-24T16:25:00Z,2026-09-24T16:26:00Z,281.445,281.5,281.09,281.11
2026-09-24T16:26:00Z,2026-09-24T16:27:00Z,281.115,281.27,281.045,281.065
2026-09-24T16:27:00Z,2026-09-24T16:28:00Z,281.07,281.35,280.955,281.25
2026-09-24T16:28:00Z,2026-09-24T16:29:00Z,281.255,281.345,281.195,281.29
2026-09-24T16:29:00Z,2026-09-24T16:30:00Z,281.285,281.285,281.135,281.175
2026-09-24T16:30:00Z,2026-09-24T16:31:00Z,281.18,281.21,281.015,281.1
2026-09-24T16:31:00Z,2026-09-24T16:32:00Z,281.105,281.14,280.8,280.805
2026-09-24T16:32:00Z,2026-09-24T16:33:00Z,280.82,280.82,280.7,280.8
2026-09-24T16:33:00Z,2026-09-24T16:34:00Z,280.81,280.99,280.775,280.92
2026-09-24T16:34:00Z,2026-09-24T16:35:00Z,280.915,280.98,280.83,280.905
2026-09-24T16:35:00Z,2026-09-24T16:36:00Z,280.91,281.105,280.825,281.08
2026-09-24T16:36:00Z,2026-09-24T16:37:00Z,281.085,281.425,281.07,281.425
2026-09-24T16:37:00Z,2026-09-24T16:38:00Z,281.41,281.525,281.37,281.43
2026-09-24T16:38:00Z,2026-09-24T16:39:00Z,281.42,281.495,281.355,281.46
2026-09-24T16:39:00Z,2026-09-24T16:40:00Z,281.465,281.62,281.465,281.61
2026-09-24T16:40:00Z,2026-09-24T16:41:00Z,281.605,281.84,281.525,281.84
2026-09-24T16:41:00Z,2026-09-24T16:42:00Z,281.84,282.07,281.84,282.07
2026-09-24T16:42:00Z,2026-09-24T16:43:00Z,282.095,282.21,281.99,282.1
2026-09-24T16:43:00Z,2026-09-24T16:44:00Z,282.11,282.135,281.77,281.79
2026-09-24T16:44:00Z,2026-09-24T16:45:00Z,281.78,281.81,281.445,281.46
2026-09-24T16:45:00Z,2026-09-24T16:46:00Z,281.45,281.48,281.285,281.37
2026-09-24T16:46:00Z,2026-09-24T16:47:00Z,281.365,281.58,281.335,281.58
2026-09-24T16:47:00Z,2026-09-24T16:48:00Z,281.59,281.59,281.43,281.52
2026-09-24T16:48:00Z,2026-09-24T16:49:00Z,281.525,281.62,281.49,281.53
2026-09-24T16:49:00Z,2026-09-24T16:50:00Z,281.54,281.59,281.42,281.51
2026-09-24T16:50:00Z,2026-09-24T16:51:00Z,281.52,281.55,281.44,281.44
2026-09-24T16:51:00Z,2026-09-24T16:52:00Z,281.46,281.715,281.45,281.595
2026-09-24T16:52:00Z,2026-09-24T16:53:00Z,281.6,281.605,281.295,281.345
2026-09-24T16:53:00Z,2026-09-24T16:54:00Z,281.35,281.39,281.255,281.28
2026-09-24T16:54:00Z,2026-09-24T16:55:00Z,281.29,281.36,281.245,281.295
2026-09-24T16:55:00Z,2026-09-24T16:56:00Z,281.3,281.355,281.25,281.31
2026-09-24T16:56:00Z,2026-09-24T16:57:00Z,281.3,281.46,281.255,281.455
2026-09-24T16:57:00Z,2026-09-24T16:58:00Z,281.45,281.48,281.355,281.39
2026-09-24T16:58:00Z,2026-09-24T16:59:00Z,281.38,281.45,281.36,281.38
2026-09-24T16:59:00Z,2026-09-24T17:00:00Z,281.38,281.38,281.305,281.305
2026-09-24T17:00:00Z,2026-09-24T17:01:00Z,281.3,281.3,281.055,281.145
2026-09-24T17:01:00Z,2026-09-24T17:02:00Z,281.15,281.36,281.11,281.28
2026-09-24T17:02:00Z,2026-09-24T17:03:00Z,281.295,281.3,281.005,281.255
2026-09-24T17:03:00Z,2026-09-24T17:04:00Z,281.26,281.64,281.26,281.5
2026-09-24T17:04:00Z,2026-09-24T17:05:00Z,281.505,281.535,281.295,281.42
2026-09-24T17:05:00Z,2026-09-24T17:06:00Z,281.43,281.61,281.36,281.42
2026-09-24T17:06:00Z,2026-09-24T17:07:00Z,281.425,281.57,281.36,281.485
2026-09-24T17:07:00Z,2026-09-24T17:08:00Z,281.49,281.63,281.465,281.515
2026-09-24T17:08:00Z,2026-09-24T17:09:00Z,281.52,281.605,281.44,281.57
2026-09-24T17:09:00Z,2026-09-24T17:10:00Z,281.575,281.58,281.485,281.485
2026-09-24T17:10:00Z,2026-09-24T17:11:00Z,281.475,281.495,281.21,281.3
2026-09-24T17:11:00Z,2026-09-24T17:12:00Z,281.305,281.305,281.17,281.25
2026-09-24T17:12:00Z,2026-09-24T17:13:00Z,281.26,281.28,281.18,281.18
2026-09-24T17:13:00Z,2026-09-24T17:14:00Z,281.17,281.42,281.135,281.415
2026-09-24T17:14:00Z,2026-09-24T17:15:00Z,281.42,281.665,281.42,281.56
2026-09-24T17:15:00Z,2026-09-24T17:16:00Z,281.555,281.57,281.34,281.37
2026-09-24T17:16:00Z,2026-09-24T17:17:00Z,281.36,281.53,281.36,281.45
2026-09-24T17:17:00Z,2026-09-24T17:18:00Z,281.455,281.535,281.35,281.35
2026-09-24T17:18:00Z,2026-09-24T17:19:00Z,281.37,281.47,281.355,281.37
2026-09-24T17:19:00Z,2026-09-24T17:20:00Z,281.375,281.38,281.055,281.055
2026-09-24T17:20:00Z,2026-09-24T17:21:00Z,281.045,281.05,280.915,281.04
2026-09-24T17:21:00Z,2026-09-24T17:22:00Z,281.04,281.125,281.03,281.09
2026-09-24T17:22:00Z,2026-09-24T17:23:00Z,281.095,281.23,281.06,281.16
2026-09-24T17:23:00Z,2026-09-24T17:24:00Z,281.165,281.205,281.12,281.185
2026-09-24T17:24:00Z,2026-09-24T17:25:00Z,281.18,281.285,281.13,281.15
2026-09-24T17:25:00Z,2026-09-24T17:26:00Z,281.145,281.145,280.97,280.98
2026-09-24T17:26:00Z,2026-09-24T17:27:00Z,280.985,281.055,280.85,280.9
2026-09-24T17:27:00Z,2026-09-24T17:28:00Z,280.895,280.965,280.86,280.915
2026-09-24T17:28:00Z,2026-09-24T17:29:00Z,280.92,281.085,280.915,281.05
2026-09-24T17:29:00Z,2026-09-24T17:30:00Z,281.045,281.07,281.005,281.055
2026-09-24T17:30:00Z,2026-09-24T17:31:00Z,281.05,281.19,281.02,281.16
2026-09-24T17:31:00Z,2026-09-24T17:32:00Z,281.17,281.29,281.145,281.22
2026-09-24T17:32:00Z,2026-09-24T17:33:00Z,281.225,281.225,281.02,281.05
2026-09-24T17:33:00Z,2026-09-24T17:34:00Z,281.045,281.095,280.99,281.04
2026-09-24T17:34:00Z,2026-09-24T17:35:00Z,281.045,281.05,280.87,280.885
2026-09-24T17:35:00Z,2026-09-24T17:36:00Z,280.89,280.92,280.835,280.835
2026-09-24T17:36:00Z,2026-09-24T17:37:00Z,280.83,280.94,280.8,280.86
2026-09-24T17:37:00Z,2026-09-24T17:38:00Z,280.86,280.925,280.785,280.81
2026-09-24T17:38:00Z,2026-09-24T17:39:00Z,280.805,280.83,280.72,280.785
2026-09-24T17:39:00Z,2026-09-24T17:40:00Z,280.8,280.925,280.79,280.865
2026-09-24T17:40:00Z,2026-09-24T17:41:00Z,280.86,280.925,280.845,280.9
2026-09-24T17:41:00Z,2026-09-24T17:42:00Z,280.91,280.94,280.79,280.83
2026-09-24T17:42:00Z,2026-09-24T17:43:00Z,280.835,280.97,280.835,280.89
2026-09-24T17:43:00Z,2026-09-24T17:44:00Z,280.88,280.9,280.63,280.7
2026-09-24T17:44:00Z,2026-09-24T17:45:00Z,280.695,280.74,280.66,280.69
2026-09-24T17:45:00Z,2026-09-24T17:46:00Z,280.68,280.74,280.61,280.74
2026-09-24T17:46:00Z,2026-09-24T17:47:00Z,280.735,280.835,280.71,280.74
2026-09-24T17:47:00Z,2026-09-24T17:48:00Z,280.745,280.86,280.705,280.86
2026-09-24T17:48:00Z,2026-09-24T17:49:00Z,280.855,280.885,280.79,280.86
2026-09-24T17:49:00Z,2026-09-24T17:50:00Z,280.855,280.98,280.85,280.955
2026-09-24T17:50:00Z,2026-09-24T17:51:00Z,280.945,281.04,280.92,281.01
2026-09-24T17:51:00Z,2026-09-24T17:52:00Z,281.015,281.055,280.97,281.02
2026-09-24T17:52:00Z,2026-09-24T17:53:00Z,281.03,281.065,280.91,280.94
2026-09-24T17:53:00Z,2026-09-24T17:54:00Z,280.93,281.035,280.89,280.97
2026-09-24T17:54:00Z,2026-09-24T17:55:00Z,280.965,280.985,280.88,280.91
2026-09-24T17:55:00Z,2026-09-24T17:56:00Z,280.915,280.94,280.8,280.8
2026-09-24T17:56:00Z,2026-09-24T17:57:00Z,280.805,281.095,280.805,281.08
2026-09-24T17:57:00Z,2026-09-24T17:58:00Z,281.07,281.07,280.95,281.025
2026-09-24T17:58:00Z,2026-09-24T17:59:00Z,281.025,281.045,280.995,281.015
2026-09-24T17:59:00Z,2026-09-24T18:00:00Z,281.015,281.205,281.015,281.17
2026-09-24T18:00:00Z,2026-09-24T18:01:00Z,281.17,281.215,281.09,281.11
2026-09-24T18:01:00Z,2026-09-24T18:02:00Z,281.13,281.14,280.875,280.965
2026-09-24T18:02:00Z,2026-09-24T18:03:00Z,280.97,280.975,280.73,280.74
2026-09-24T18:03:00Z,2026-09-24T18:04:00Z,280.745,280.76,280.54,280.61
2026-09-24T18:04:00Z,2026-09-24T18:05:00Z,280.605,280.65,280.47,280.49
2026-09-24T18:05:00Z,2026-09-24T18:06:00Z,280.5,280.635,280.495,280.61
2026-09-24T18:06:00Z,2026-09-24T18:07:00Z,280.605,280.915,280.57,280.915
2026-09-24T18:07:00Z,2026-09-24T18:08:00Z,280.91,281.06,280.82,280.97
2026-09-24T18:08:00Z,2026-09-24T18:09:00Z,280.98,281.14,280.98,281.04
2026-09-24T18:09:00Z,2026-09-24T18:10:00Z,281.055,281.16,280.995,281.1
2026-09-24T18:10:00Z,2026-09-24T18:11:00Z,281.115,281.215,281.115,281.155
2026-09-24T18:11:00Z,2026-09-24T18:12:00Z,281.16,281.27,281.16,281.18
2026-09-24T18:12:00Z,2026-09-24T18:13:00Z,281.19,281.22,281.06,281.075
2026-09-24T18:13:00Z,2026-09-24T18:14:00Z,281.07,281.225,281.045,281.19
2026-09-24T18:14:00Z,2026-09-24T18:15:00Z,281.185,281.305,281.175,281.305
2026-09-24T18:15:00Z,2026-09-24T18:16:00Z,281.315,281.355,281.24,281.355
2026-09-24T18:16:00Z,2026-09-24T18:17:00Z,281.35,281.505,281.34,281.44
2026-09-24T18:17:00Z,2026-09-24T18:18:00Z,281.44,281.52,281.4,281.49
2026-09-24T18:18:00Z,2026-09-24T18:19:00Z,281.495,281.625,281.42,281.43
2026-09-24T18:19:00Z,2026-09-24T18:20:00Z,281.42,281.425,281.375,281.39
2026-09-24T18:20:00Z,2026-09-24T18:21:00Z,281.38,281.41,281.18,281.2
2026-09-24T18:21:00Z,2026-09-24T18:22:00Z,281.205,281.34,281.205,281.33
2026-09-24T18:22:00Z,2026-09-24T18:23:00Z,281.32,281.345,281.275,281.28
2026-09-24T18:23:00Z,2026-09-24T18:24:00Z,281.29,281.455,281.27,281.44
2026-09-24T18:24:00Z,2026-09-24T18:25:00Z,281.435,281.45,281.355,281.41
2026-09-24T18:25:00Z,2026-09-24T18:26:00Z,281.4,281.77,281.38,281.59
2026-09-24T18:26:00Z,2026-09-24T18:27:00Z,281.6,281.9,281.6,281.81
2026-09-24T18:27:00Z,2026-09-24T18:28:00Z,281.82,281.83,281.72,281.77
2026-09-24T18:28:00Z,2026-09-24T18:29:00Z,281.78,281.845,281.69,281.72
2026-09-24T18:29:00Z,2026-09-24T18:30:00Z,281.715,281.805,281.705,281.73
2026-09-24T18:30:00Z,2026-09-24T18:31:00Z,281.725,281.795,281.665,281.775
2026-09-24T18:31:00Z,2026-09-24T18:32:00Z,281.77,281.785,281.57,281.645
2026-09-24T18:32:00Z,2026-09-24T18:33:00Z,281.64,281.65,281.53,281.565
2026-09-24T18:33:00Z,2026-09-24T18:34:00Z,281.57,281.63,281.5,281.515
2026-09-24T18:34:00Z,2026-09-24T18:35:00Z,281.52,281.525,281.41,281.43
2026-09-24T18:35:00Z,2026-09-24T18:36:00Z,281.435,281.445,281.305,281.33
2026-09-24T18:36:00Z,2026-09-24T18:37:00Z,281.325,281.475,281.31,281.46
2026-09-24T18:37:00Z,2026-09-24T18:38:00Z,281.465,281.585,281.455,281.5
2026-09-24T18:38:00Z,2026-09-24T18:39:00Z,281.51,282.05,281.505,282.015
2026-09-24T18:39:00Z,2026-09-24T18:40:00Z,282.01,282.24,281.8,281.86
2026-09-24T18:40:00Z,2026-09-24T18:41:00Z,281.855,281.855,281.63,281.68
2026-09-24T18:41:00Z,2026-09-24T18:42:00Z,281.69,281.785,281.63,281.75
2026-09-24T18:42:00Z,2026-09-24T18:43:00Z,281.76,281.785,281.59,281.65
2026-09-24T18:43:00Z,2026-09-24T18:44:00Z,281.66,281.665,281.53,281.61
2026-09-24T18:44:00Z,2026-09-24T18:45:00Z,281.6,281.715,281.6,281.63
2026-09-24T18:45:00Z,2026-09-24T18:46:00Z,281.62,281.705,281.59,281.59
2026-09-24T18:46:00Z,2026-09-24T18:47:00Z,281.6,281.615,281.53,281.615
2026-09-24T18:47:00Z,2026-09-24T18:48:00Z,281.6,281.63,281.535,281.58
2026-09-24T18:48:00Z,2026-09-24T18:49:00Z,281.57,281.675,281.57,281.635
2026-09-24T18:49:00Z,2026-09-24T18:50:00Z,281.62,281.685,281.595,281.66
2026-09-24T18:50:00Z,2026-09-24T18:51:00Z,281.665,281.94,281.65,281.855
2026-09-24T18:51:00Z,2026-09-24T18:52:00Z,281.86,281.87,281.71,281.815
2026-09-24T18:52:00Z,2026-09-24T18:53:00Z,281.825,281.925,281.805,281.89
2026-09-24T18:53:00Z,2026-09-24T18:54:00Z,281.885,281.89,281.775,281.8
2026-09-24T18:54:00Z,2026-09-24T18:55:00Z,281.81,281.825,281.75,281.76
2026-09-24T18:55:00Z,2026-09-24T18:56:00Z,281.765,281.805,281.74,281.795
2026-09-24T18:56:00Z,2026-09-24T18:57:00Z,281.79,281.925,281.77,281.88
2026-09-24T18:57:00Z,2026-09-24T18:58:00Z,281.88,281.91,281.86,281.865
2026-09-24T18:58:00Z,2026-09-24T18:59:00Z,281.865,281.885,281.82,281.825
2026-09-24T18:59:00Z,2026-09-24T19:00:00Z,281.83,281.84,281.74,281.78
2026-09-24T19:00:00Z,2026-09-24T19:01:00Z,281.77,281.825,281.645,281.695
2026-09-24T19:01:00Z,2026-09-24T19:02:00Z,281.695,281.705,281.515,281.53
2026-09-24T19:02:00Z,2026-09-24T19:03:00Z,281.555,281.585,281.435,281.45
2026-09-24T19:03:00Z,2026-09-24T19:04:00Z,281.46,281.49,281.37,281.375
2026-09-24T19:04:00Z,2026-09-24T19:05:00Z,281.365,281.485,281.355,281.475
2026-09-24T19:05:00Z,2026-09-24T19:06:00Z,281.47,281.515,281.385,281.455
2026-09-24T19:06:00Z,2026-09-24T19:07:00Z,281.46,281.58,281.405,281.525
2026-09-24T19:07:00Z,2026-09-24T19:08:00Z,281.515,281.615,281.51,281.595
2026-09-24T19:08:00Z,2026-09-24T19:09:00Z,281.595,281.68,281.585,281.605
2026-09-24T19:09:00Z,2026-09-24T19:10:00Z,281.61,281.655,281.55,281.63
2026-09-24T19:10:00Z,2026-09-24T19:11:00Z,281.625,281.675,281.465,281.47
2026-09-24T19:11:00Z,2026-09-24T19:12:00Z,281.475,281.48,281.355,281.42
2026-09-24T19:12:00Z,2026-09-24T19:13:00Z,281.415,281.44,281.385,281.41
2026-09-24T19:13:00Z,2026-09-24T19:14:00Z,281.405,281.44,281.335,281.39
2026-09-24T19:14:00Z,2026-09-24T19:15:00Z,281.395,281.395,281.275,281.275
2026-09-24T19:15:00Z,2026-09-24T19:16:00Z,281.275,281.295,281.23,281.295
2026-09-24T19:16:00Z,2026-09-24T19:17:00Z,281.29,281.33,281.24,281.305
2026-09-24T19:17:00Z,2026-09-24T19:18:00Z,281.31,281.345,281.245,281.265
2026-09-24T19:18:00Z,2026-09-24T19:19:00Z,281.275,281.335,281.25,281.255
2026-09-24T19:19:00Z,2026-09-24T19:20:00Z,281.26,281.345,281.245,281.34
2026-09-24T19:20:00Z,2026-09-24T19:21:00Z,281.345,281.345,281.25,281.26
2026-09-24T19:21:00Z,2026-09-24T19:22:00Z,281.265,281.325,281.205,281.32
2026-09-24T19:22:00Z,2026-09-24T19:23:00Z,281.315,281.315,281.24,281.29
2026-09-24T19:23:00Z,2026-09-24T19:24:00Z,281.29,281.38,281.27,281.38
2026-09-24T19:24:00Z,2026-09-24T19:25:00Z,281.375,281.445,281.375,281.395
2026-09-24T19:25:00Z,2026-09-24T19:26:00Z,281.395,281.465,281.395,281.405
2026-09-24T19:26:00Z,2026-09-24T19:27:00Z,281.4,281.455,281.365,281.445
2026-09-24T19:27:00Z,2026-09-24T19:28:00Z,281.435,281.435,281.355,281.355
2026-09-24T19:28:00Z,2026-09-24T19:29:00Z,281.355,281.385,281.32,281.335
2026-09-24T19:29:00Z,2026-09-24T19:30:00Z,281.335,281.375,281.285,281.365
2026-09-24T19:30:00Z,2026-09-24T19:31:00Z,281.36,281.425,281.32,281.395
2026-09-24T19:31:00Z,2026-09-24T19:32:00Z,281.395,281.455,281.335,281.45
2026-09-24T19:32:00Z,2026-09-24T19:33:00Z,281.455,281.485,281.395,281.465
2026-09-24T19:33:00Z,2026-09-24T19:34:00Z,281.465,281.525,281.425,281.525
2026-09-24T19:34:00Z,2026-09-24T19:35:00Z,281.525,281.635,281.525,281.635
2026-09-24T19:35:00Z,2026-09-24T19:36:00Z,281.63,281.655,281.535,281.585
2026-09-24T19:36:00Z,2026-09-24T19:37:00Z,281.575,281.675,281.555,281.655
2026-09-24T19:37:00Z,2026-09-24T19:38:00Z,281.655,281.655,281.53,281.555
2026-09-24T19:38:00Z,2026-09-24T19:39:00Z,281.56,281.625,281.555,281.575
2026-09-24T19:39:00Z,2026-09-24T19:40:00Z,281.58,281.645,281.58,281.645
2026-09-24T19:40:00Z,2026-09-24T19:41:00Z,281.65,281.715,281.605,281.605
2026-09-24T19:41:00Z,2026-09-24T19:42:00Z,281.59,281.68,281.585,281.675
2026-09-24T19:42:00Z,2026-09-24T19:43:00Z,281.685,281.695,281.625,281.63
2026-09-24T19:43:00Z,2026-09-24T19:44:00Z,281.62,281.705,281.605,281.69
2026-09-24T19:44:00Z,2026-09-24T19:45:00Z,281.685,281.745,281.675,281.72
2026-09-24T19:45:00Z,2026-09-24T19:46:00Z,281.71,281.775,281.635,281.685
2026-09-24T19:46:00Z,2026-09-24T19:47:00Z,281.685,281.695,281.56,281.635
2026-09-24T19:47:00Z,2026-09-24T19:48:00Z,281.635,281.675,281.635,281.67
2026-09-24T19:48:00Z,2026-09-24T19:49:00Z,281.665,281.695,281.615,281.645
2026-09-24T19:49:00Z,2026-09-24T19:50:00Z,281.64,281.7,281.615,281.625
2026-09-24T19:50:00Z,2026-09-24T19:51:00Z,281.65,281.725,281.575,281.585
2026-09-24T19:51:00Z,2026-09-24T19:52:00Z,281.595,281.715,281.595,281.685
2026-09-24T19:52:00Z,2026-09-24T19:53:00Z,281.675,281.75,281.63,281.745
2026-09-24T19:53:00Z,2026-09-24T19:54:00Z,281.735,281.845,281.715,281.77
2026-09-24T19:54:00Z,2026-09-24T19:55:00Z,281.765,281.85,281.73,281.805
2026-09-24T19:55:00Z,2026-09-24T19:56:00Z,281.8,281.805,281.62,281.635
2026-09-24T19:56:00Z,2026-09-24T19:57:00Z,281.645,281.705,281.595,281.705
2026-09-24T19:57:00Z,2026-09-24T19:58:00Z,281.715,281.765,281.665,281.685
2026-09-24T19:58:00Z,2026-09-24T19:59:00Z,281.655,281.685,281.605,281.635
2026-09-24T19:59:00Z,2026-09-24T20:00:00Z,281.64,281.72,281.585,281.68
2026-09-25T13:30:00Z,2026-09-25T13:31:00Z,282.33,282.38,282.015,282.22
2026-09-25T13:31:00Z,2026-09-25T13:32:00Z,282.23,282.25,281.955,282.17
2026-09-25T13:32:00Z,2026-09-25T13:33:00Z,282.175,282.335,281.84,281.86
2026-09-25T13:33:00Z,2026-09-25T13:34:00Z,281.835,282.13,281.825,282.035
2026-09-25T13:34:00Z,2026-09-25T13:35:00Z,282.04,282.045,281.82,281.89
2026-09-25T13:35:00Z,2026-09-25T13:36:00Z,281.9,281.965,281.81,281.88
2026-09-25T13:36:00Z,2026-09-25T13:37:00Z,281.87,281.91,281.66,281.75
2026-09-25T13:37:00Z,2026-09-25T13:38:00Z,281.755,282.02,281.63,282
2026-09-25T13:38:00Z,2026-09-25T13:39:00Z,281.99,282.17,281.97,282.155
2026-09-25T13:39:00Z,2026-09-25T13:40:00Z,282.17,282.21,281.875,282.1
2026-09-25T13:40:00Z,2026-09-25T13:41:00Z,282.105,282.23,282.015,282.085
2026-09-25T13:41:00Z,2026-09-25T13:42:00Z,282.09,282.395,281.97,282.37
2026-09-25T13:42:00Z,2026-09-25T13:43:00Z,282.38,282.605,282.31,282.605
2026-09-25T13:43:00Z,2026-09-25T13:44:00Z,282.61,282.69,282.08,282.12
2026-09-25T13:44:00Z,2026-09-25T13:45:00Z,282.125,282.17,281.93,281.975
2026-09-25T13:45:00Z,2026-09-25T13:46:00Z,281.96,281.97,281.74,281.78
2026-09-25T13:46:00Z,2026-09-25T13:47:00Z,281.79,281.82,281.63,281.695
2026-09-25T13:47:00Z,2026-09-25T13:48:00Z,281.69,281.71,281.55,281.61
2026-09-25T13:48:00Z,2026-09-25T13:49:00Z,281.6,281.725,281.415,281.535
2026-09-25T13:49:00Z,2026-09-25T13:50:00Z,281.54,281.835,281.535,281.8
2026-09-25T13:50:00Z,2026-09-25T13:51:00Z,281.79,281.79,281.64,281.69
2026-09-25T13:51:00Z,2026-09-25T13:52:00Z,281.685,281.785,281.575,281.73
2026-09-25T13:52:00Z,2026-09-25T13:53:00Z,281.725,281.73,281.56,281.6
2026-09-25T13:53:00Z,2026-09-25T13:54:00Z,281.605,281.88,281.58,281.87
2026-09-25T13:54:00Z,2026-09-25T13:55:00Z,281.86,282.045,281.805,281.975
2026-09-25T13:55:00Z,2026-09-25T13:56:00Z,281.985,282.02,281.83,281.895
2026-09-25T13:56:00Z,2026-09-25T13:57:00Z,281.905,282.085,281.88,282.065
2026-09-25T13:57:00Z,2026-09-25T13:58:00Z,282.075,282.165,282.005,282.11
2026-09-25T13:58:00Z,2026-09-25T13:59:00Z,282.115,282.135,281.99,282.015
2026-09-25T13:59:00Z,2026-09-25T14:00:00Z,282.02,282.03,281.82,281.875
2026-09-25T14:00:00Z,2026-09-25T14:01:00Z,281.885,281.94,281.55,281.62
2026-09-25T14:01:00Z,2026-09-25T14:02:00Z,281.635,281.66,281.39,281.47
2026-09-25T14:02:00Z,2026-09-25T14:03:00Z,281.495,281.495,281.245,281.265
2026-09-25T14:03:00Z,2026-09-25T14:04:00Z,281.255,281.255,280.955,281.075
2026-09-25T14:04:00Z,2026-09-25T14:05:00Z,281.07,281.15,280.78,280.795
2026-09-25T14:05:00Z,2026-09-25T14:06:00Z,280.8,280.8,280.495,280.495
2026-09-25T14:06:00Z,2026-09-25T14:07:00Z,280.505,280.775,280.455,280.7
2026-09-25T14:07:00Z,2026-09-25T14:08:00Z,280.69,280.84,280.64,280.68
2026-09-25T14:08:00Z,2026-09-25T14:09:00Z,280.675,280.975,280.635,280.975
2026-09-25T14:09:00Z,2026-09-25T14:10:00Z,280.97,281.04,280.855,281.03
2026-09-25T14:10:00Z,2026-09-25T14:11:00Z,281.02,281.18,280.94,280.95
2026-09-25T14:11:00Z,2026-09-25T14:12:00Z,280.955,281.23,280.865,281.18
2026-09-25T14:12:00Z,2026-09-25T14:13:00Z,281.185,281.185,280.91,281.1
2026-09-25T14:13:00Z,2026-09-25T14:14:00Z,281.09,281.235,280.995,281.04
2026-09-25T14:14:00Z,2026-09-25T14:15:00Z,281.035,281.1,280.875,280.995
2026-09-25T14:15:00Z,2026-09-25T14:16:00Z,280.98,281.145,280.71,281.02
2026-09-25T14:16:00Z,2026-09-25T14:17:00Z,281.015,281.05,280.64,280.68
2026-09-25T14:17:00Z,2026-09-25T14:18:00Z,280.675,280.71,280.59,280.66
2026-09-25T14:18:00Z,2026-09-25T14:19:00Z,280.65,280.815,280.54,280.575
2026-09-25T14:19:00Z,2026-09-25T14:20:00Z,280.58,280.95,280.515,280.9
2026-09-25T14:20:00Z,2026-09-25T14:21:00Z,280.91,281.14,280.875,281.12
2026-09-25T14:21:00Z,2026-09-25T14:22:00Z,281.1,281.17,280.995,281.075
2026-09-25T14:22:00Z,2026-09-25T14:23:00Z,281.08,281.31,281.06,281.235
2026-09-25T14:23:00Z,2026-09-25T14:24:00Z,281.23,281.34,281.16,281.29
2026-09-25T14:24:00Z,2026-09-25T14:25:00Z,281.285,281.37,281.135,281.25
2026-09-25T14:25:00Z,2026-09-25T14:26:00Z,281.255,281.3,281.145,281.275
2026-09-25T14:26:00Z,2026-09-25T14:27:00Z,281.28,281.29,281.1,281.165
2026-09-25T14:27:00Z,2026-09-25T14:28:00Z,281.17,281.175,281.01,281.025
2026-09-25T14:28:00Z,2026-09-25T14:29:00Z,281.02,281.05,280.79,280.91
2026-09-25T14:29:00Z,2026-09-25T14:30:00Z,280.905,281.045,280.835,280.855
2026-09-25T14:30:00Z,2026-09-25T14:31:00Z,280.86,280.9,280.69,280.87
2026-09-25T14:31:00Z,2026-09-25T14:32:00Z,280.865,280.93,280.775,280.84
2026-09-25T14:32:00Z,2026-09-25T14:33:00Z,280.835,280.905,280.745,280.84
2026-09-25T14:33:00Z,2026-09-25T14:34:00Z,280.83,280.835,280.685,280.72
2026-09-25T14:34:00Z,2026-09-25T14:35:00Z,280.725,280.925,280.715,280.86
2026-09-25T14:35:00Z,2026-09-25T14:36:00Z,280.86,280.96,280.71,280.93
2026-09-25T14:36:00Z,2026-09-25T14:37:00Z,280.925,281.015,280.84,280.875
2026-09-25T14:37:00Z,2026-09-25T14:38:00Z,280.865,281.035,280.86,281.005
2026-09-25T14:38:00Z,2026-09-25T14:39:00Z,281,281.105,280.885,280.95
2026-09-25T14:39:00Z,2026-09-25T14:40:00Z,280.93,281.035,280.92,280.92
2026-09-25T14:40:00Z,2026-09-25T14:41:00Z,280.91,280.95,280.78,280.805
2026-09-25T14:41:00Z,2026-09-25T14:42:00Z,280.805,280.885,280.685,280.71
2026-09-25T14:42:00Z,2026-09-25T14:43:00Z,280.705,280.89,280.63,280.865
2026-09-25T14:43:00Z,2026-09-25T14:44:00Z,280.855,280.9,280.73,280.765
2026-09-25T14:44:00Z,2026-09-25T14:45:00Z,280.79,280.92,280.725,280.915
2026-09-25T14:45:00Z,2026-09-25T14:46:00Z,280.91,280.915,280.75,280.85
2026-09-25T14:46:00Z,2026-09-25T14:47:00Z,280.845,281.07,280.675,280.93
2026-09-25T14:47:00Z,2026-09-25T14:48:00Z,280.92,281.14,280.875,281.02
2026-09-25T14:48:00Z,2026-09-25T14:49:00Z,281.015,281.05,280.765,280.77
2026-09-25T14:49:00Z,2026-09-25T14:50:00Z,280.765,281.065,280.76,281.005
2026-09-25T14:50:00Z,2026-09-25T14:51:00Z,281.01,281.035,280.92,280.97
2026-09-25T14:51:00Z,2026-09-25T14:52:00Z,280.975,280.99,280.595,280.595
2026-09-25T14:52:00Z,2026-09-25T14:53:00Z,280.61,280.65,280.525,280.58
2026-09-25T14:53:00Z,2026-09-25T14:54:00Z,280.59,280.72,280.56,280.635
2026-09-25T14:54:00Z,2026-09-25T14:55:00Z,280.64,280.875,280.64,280.85
2026-09-25T14:55:00Z,2026-09-25T14:56:00Z,280.845,280.905,280.8,280.875
2026-09-25T14:56:00Z,2026-09-25T14:57:00Z,280.865,280.98,280.845,280.85
2026-09-25T14:57:00Z,2026-09-25T14:58:00Z,280.86,280.97,280.82,280.84
2026-09-25T14:58:00Z,2026-09-25T14:59:00Z,280.83,280.965,280.7,280.94
2026-09-25T14:59:00Z,2026-09-25T15:00:00Z,280.94,281.06,280.935,281.045
2026-09-25T15:00:00Z,2026-09-25T15:01:00Z,281.05,281.175,281,281.155
2026-09-25T15:01:00Z,2026-09-25T15:02:00Z,281.16,281.265,281.125,281.245
2026-09-25T15:02:00Z,2026-09-25T15:03:00Z,281.25,281.45,281.25,281.37
2026-09-25T15:03:00Z,2026-09-25T15:04:00Z,281.38,281.545,281.38,281.455
2026-09-25T15:04:00Z,2026-09-25T15:05:00Z,281.45,281.69,281.425,281.55
2026-09-25T15:05:00Z,2026-09-25T15:06:00Z,281.56,281.7,281.555,281.7
2026-09-25T15:06:00Z,2026-09-25T15:07:00Z,281.695,281.805,281.675,281.775
2026-09-25T15:07:00Z,2026-09-25T15:08:00Z,281.78,281.835,281.61,281.63
2026-09-25T15:08:00Z,2026-09-25T15:09:00Z,281.64,281.67,281.43,281.47
2026-09-25T15:09:00Z,2026-09-25T15:10:00Z,281.475,281.485,281.295,281.34
2026-09-25T15:10:00Z,2026-09-25T15:11:00Z,281.35,281.36,281.17,281.22
2026-09-25T15:11:00Z,2026-09-25T15:12:00Z,281.215,281.27,281.15,281.205
2026-09-25T15:12:00Z,2026-09-25T15:13:00Z,281.21,281.31,281.15,281.31
2026-09-25T15:13:00Z,2026-09-25T15:14:00Z,281.325,281.465,281.32,281.44
2026-09-25T15:14:00Z,2026-09-25T15:15:00Z,281.445,281.51,281.415,281.48
2026-09-25T15:15:00Z,2026-09-25T15:16:00Z,281.485,281.49,281.34,281.385
2026-09-25T15:16:00Z,2026-09-25T15:17:00Z,281.385,281.43,281.33,281.42
2026-09-25T15:17:00Z,2026-09-25T15:18:00Z,281.425,281.48,281.35,281.375
2026-09-25T15:18:00Z,2026-09-25T15:19:00Z,281.39,281.515,281.38,281.475
2026-09-25T15:19:00Z,2026-09-25T15:20:00Z,281.485,281.485,281.29,281.33
2026-09-25T15:20:00Z,2026-09-25T15:21:00Z,281.35,281.535,281.33,281.515
2026-09-25T15:21:00Z,2026-09-25T15:22:00Z,281.52,281.785,281.42,281.565
2026-09-25T15:22:00Z,2026-09-25T15:23:00Z,281.575,281.685,281.53,281.63
2026-09-25T15:23:00Z,2026-09-25T15:24:00Z,281.635,281.66,281.535,281.55
2026-09-25T15:24:00Z,2026-09-25T15:25:00Z,281.545,281.58,281.415,281.425
2026-09-25T15:25:00Z,2026-09-25T15:26:00Z,281.43,281.52,281.36,281.36
2026-09-25T15:26:00Z,2026-09-25T15:27:00Z,281.355,281.52,281.31,281.52
2026-09-25T15:27:00Z,2026-09-25T15:28:00Z,281.505,281.525,281.38,281.425
2026-09-25T15:28:00Z,2026-09-25T15:29:00Z,281.445,281.445,281.35,281.42
2026-09-25T15:29:00Z,2026-09-25T15:30:00Z,281.43,281.48,281.36,281.42
2026-09-25T15:30:00Z,2026-09-25T15:31:00Z,281.43,281.945,281.41,281.63
2026-09-25T15:31:00Z,2026-09-25T15:32:00Z,281.645,281.715,281.545,281.715
2026-09-25T15:32:00Z,2026-09-25T15:33:00Z,281.71,281.815,281.66,281.72
2026-09-25T15:33:00Z,2026-09-25T15:34:00Z,281.715,281.73,281.575,281.65
2026-09-25T15:34:00Z,2026-09-25T15:35:00Z,281.645,281.69,281.44,281.445
2026-09-25T15:35:00Z,2026-09-25T15:36:00Z,281.45,281.55,281.415,281.53
2026-09-25T15:36:00Z,2026-09-25T15:37:00Z,281.525,281.58,281.465,281.52
2026-09-25T15:37:00Z,2026-09-25T15:38:00Z,281.53,281.585,281.465,281.555
2026-09-25T15:38:00Z,2026-09-25T15:39:00Z,281.56,281.565,281.355,281.375
2026-09-25T15:39:00Z,2026-09-25T15:40:00Z,281.365,281.37,281.285,281.31
2026-09-25T15:40:00Z,2026-09-25T15:41:00Z,281.32,281.355,281.235,281.335
2026-09-25T15:41:00Z,2026-09-25T15:42:00Z,281.34,281.37,281.255,281.305
2026-09-25T15:42:00Z,2026-09-25T15:43:00Z,281.305,281.33,281.155,281.2
2026-09-25T15:43:00Z,2026-09-25T15:44:00Z,281.19,281.205,281.1,281.105
2026-09-25T15:44:00Z,2026-09-25T15:45:00Z,281.105,281.13,280.98,280.985
2026-09-25T15:45:00Z,2026-09-25T15:46:00Z,280.98,281.02,280.915,280.915
2026-09-25T15:46:00Z,2026-09-25T15:47:00Z,280.91,281.06,280.845,281.055
2026-09-25T15:47:00Z,2026-09-25T15:48:00Z,281.055,281.115,281.035,281.085
2026-09-25T15:48:00Z,2026-09-25T15:49:00Z,281.09,281.18,281.035,281.115
2026-09-25T15:49:00Z,2026-09-25T15:50:00Z,281.11,281.175,281.1,281.17
2026-09-25T15:50:00Z,2026-09-25T15:51:00Z,281.175,281.215,281.12,281.145
2026-09-25T15:51:00Z,2026-09-25T15:52:00Z,281.13,281.13,280.84,280.845
2026-09-25T15:52:00Z,2026-09-25T15:53:00Z,280.84,280.905,280.795,280.885
2026-09-25T15:53:00Z,2026-09-25T15:54:00Z,280.89,280.965,280.875,280.96
2026-09-25T15:54:00Z,2026-09-25T15:55:00Z,280.955,281.4,280.94,281.26
2026-09-25T15:55:00Z,2026-09-25T15:56:00Z,281.27,281.49,281.245,281.31
2026-09-25T15:56:00Z,2026-09-25T15:57:00Z,281.315,281.43,281.22,281.42
2026-09-25T15:57:00Z,2026-09-25T15:58:00Z,281.425,281.52,281.405,281.495
2026-09-25T15:58:00Z,2026-09-25T15:59:00Z,281.485,281.945,281.47,281.875
2026-09-25T15:59:00Z,2026-09-25T16:00:00Z,281.87,282.17,281.82,282.145
2026-09-25T16:00:00Z,2026-09-25T16:01:00Z,282.165,282.5,282.035,282.475
2026-09-25T16:01:00Z,2026-09-25T16:02:00Z,282.48,282.67,282.385,282.42
2026-09-25T16:02:00Z,2026-09-25T16:03:00Z,282.425,282.84,282.425,282.84
2026-09-25T16:03:00Z,2026-09-25T16:04:00Z,282.835,283.22,282.745,283.21
2026-09-25T16:04:00Z,2026-09-25T16:05:00Z,283.215,283.235,282.83,283.115
2026-09-25T16:05:00Z,2026-09-25T16:06:00Z,283.1,283.245,282.95,283.185
2026-09-25T16:06:00Z,2026-09-25T16:07:00Z,283.185,283.265,282.905,283.24
2026-09-25T16:07:00Z,2026-09-25T16:08:00Z,283.235,283.335,283.175,283.23
2026-09-25T16:08:00Z,2026-09-25T16:09:00Z,283.235,283.415,283.165,283.325
2026-09-25T16:09:00Z,2026-09-25T16:10:00Z,283.325,283.415,283.16,283.38
2026-09-25T16:10:00Z,2026-09-25T16:11:00Z,283.385,283.525,283.31,283.31
2026-09-25T16:11:00Z,2026-09-25T16:12:00Z,283.29,283.365,283.19,283.345
2026-09-25T16:12:00Z,2026-09-25T16:13:00Z,283.34,283.49,283.27,283.31
2026-09-25T16:13:00Z,2026-09-25T16:14:00Z,283.295,283.375,283.22,283.26
2026-09-25T16:14:00Z,2026-09-25T16:15:00Z,283.255,283.28,283.045,283.22
2026-09-25T16:15:00Z,2026-09-25T16:16:00Z,283.21,283.295,283.11,283.295
2026-09-25T16:16:00Z,2026-09-25T16:17:00Z,283.295,283.335,283.155,283.29
2026-09-25T16:17:00Z,2026-09-25T16:18:00Z,283.285,283.465,283.01,283.02
2026-09-25T16:18:00Z,2026-09-25T16:19:00Z,283.01,283.025,282.87,282.91
2026-09-25T16:19:00Z,2026-09-25T16:20:00Z,282.905,283.025,282.77,283.005
2026-09-25T16:20:00Z,2026-09-25T16:21:00Z,283,283.05,282.85,282.88
2026-09-25T16:21:00Z,2026-09-25T16:22:00Z,282.885,282.96,282.76,282.85
2026-09-25T16:22:00Z,2026-09-25T16:23:00Z,282.845,282.87,282.68,282.775
2026-09-25T16:23:00Z,2026-09-25T16:24:00Z,282.785,282.87,282.69,282.72
2026-09-25T16:24:00Z,2026-09-25T16:25:00Z,282.73,282.805,282.67,282.74
2026-09-25T16:25:00Z,2026-09-25T16:26:00Z,282.745,282.965,282.71,282.84
2026-09-25T16:26:00Z,2026-09-25T16:27:00Z,282.845,283.135,282.84,283.125
2026-09-25T16:27:00Z,2026-09-25T16:28:00Z,283.115,283.155,282.92,282.965
2026-09-25T16:28:00Z,2026-09-25T16:29:00Z,282.97,282.99,282.895,282.95
2026-09-25T16:29:00Z,2026-09-25T16:30:00Z,282.94,283.05,282.94,283.005
2026-09-25T16:30:00Z,2026-09-25T16:31:00Z,283.01,283.12,282.975,283.11
2026-09-25T16:31:00Z,2026-09-25T16:32:00Z,283.12,283.12,283,283.025
2026-09-25T16:32:00Z,2026-09-25T16:33:00Z,283.03,283.135,283.015,283.1
2026-09-25T16:33:00Z,2026-09-25T16:34:00Z,283.105,283.135,283.015,283.05
2026-09-25T16:34:00Z,2026-09-25T16:35:00Z,283.045,283.045,282.365,282.55
2026-09-25T16:35:00Z,2026-09-25T16:36:00Z,282.555,282.785,282.555,282.77
2026-09-25T16:36:00Z,2026-09-25T16:37:00Z,282.76,282.78,282.625,282.77
2026-09-25T16:37:00Z,2026-09-25T16:38:00Z,282.78,282.945,282.69,282.72
2026-09-25T16:38:00Z,2026-09-25T16:39:00Z,282.725,282.74,282.555,282.7
2026-09-25T16:39:00Z,2026-09-25T16:40:00Z,282.695,282.805,282.655,282.675
2026-09-25T16:40:00Z,2026-09-25T16:41:00Z,282.68,282.715,282.57,282.58
2026-09-25T16:41:00Z,2026-09-25T16:42:00Z,282.595,282.63,282.505,282.625
2026-09-25T16:42:00Z,2026-09-25T16:43:00Z,282.64,282.825,282.635,282.695
2026-09-25T16:43:00Z,2026-09-25T16:44:00Z,282.7,282.755,282.64,282.69
2026-09-25T16:44:00Z,2026-09-25T16:45:00Z,282.7,282.78,282.67,282.685
2026-09-25T16:45:00Z,2026-09-25T16:46:00Z,282.68,282.685,282.45,282.53
2026-09-25T16:46:00Z,2026-09-25T16:47:00Z,282.525,282.6,282.515,282.56
2026-09-25T16:47:00Z,2026-09-25T16:48:00Z,282.565,282.575,282.505,282.51
2026-09-25T16:48:00Z,2026-09-25T16:49:00Z,282.51,282.56,282.35,282.36
2026-09-25T16:49:00Z,2026-09-25T16:50:00Z,282.365,282.465,282.315,282.425
2026-09-25T16:50:00Z,2026-09-25T16:51:00Z,282.435,282.49,282.4,282.405
2026-09-25T16:51:00Z,2026-09-25T16:52:00Z,282.41,282.42,282.35,282.41
2026-09-25T16:52:00Z,2026-09-25T16:53:00Z,282.405,282.43,282.35,282.41
2026-09-25T16:53:00Z,2026-09-25T16:54:00Z,282.415,282.46,282.385,282.41
2026-09-25T16:54:00Z,2026-09-25T16:55:00Z,282.415,282.465,282.39,282.45
2026-09-25T16:55:00Z,2026-09-25T16:56:00Z,282.45,282.48,282.395,282.42
2026-09-25T16:56:00Z,2026-09-25T16:57:00Z,282.415,282.49,282.365,282.38
2026-09-25T16:57:00Z,2026-09-25T16:58:00Z,282.385,282.385,282.305,282.325
2026-09-25T16:58:00Z,2026-09-25T16:59:00Z,282.315,282.32,282.285,282.305
2026-09-25T16:59:00Z,2026-09-25T17:00:00Z,282.31,282.335,282.17,282.25
2026-09-25T17:00:00Z,2026-09-25T17:01:00Z,282.255,282.27,282.245,282.245
2026-09-25T17:01:00Z,2026-09-25T17:02:00Z,282.245,282.515,282.245,282.485
2026-09-25T17:02:00Z,2026-09-25T17:03:00Z,282.49,282.515,282.42,282.46
2026-09-25T17:03:00Z,2026-09-25T17:04:00Z,282.465,282.47,282.375,282.39
2026-09-25T17:04:00Z,2026-09-25T17:05:00Z,282.385,282.43,282.355,282.405
2026-09-25T17:05:00Z,2026-09-25T17:06:00Z,282.41,282.43,282.34,282.345
2026-09-25T17:06:00Z,2026-09-25T17:07:00Z,282.34,282.39,282.3,282.31
2026-09-25T17:07:00Z,2026-09-25T17:08:00Z,282.315,282.375,282.285,282.335
2026-09-25T17:08:00Z,2026-09-25T17:09:00Z,282.34,282.35,282.195,282.295
2026-09-25T17:09:00Z,2026-09-25T17:10:00Z,282.295,282.445,282.295,282.425
2026-09-25T17:10:00Z,2026-09-25T17:11:00Z,282.43,282.43,282.325,282.355
2026-09-25T17:11:00Z,2026-09-25T17:12:00Z,282.355,282.37,282.295,282.3
2026-09-25T17:12:00Z,2026-09-25T17:13:00Z,282.31,282.335,282.215,282.31
2026-09-25T17:13:00Z,2026-09-25T17:14:00Z,282.305,282.405,282.3,282.335
2026-09-25T17:14:00Z,2026-09-25T17:15:00Z,282.34,282.37,282.315,282.37
2026-09-25T17:15:00Z,2026-09-25T17:16:00Z,282.375,282.395,282.27,282.295
2026-09-25T17:16:00Z,2026-09-25T17:17:00Z,282.295,282.295,282.195,282.25
2026-09-25T17:17:00Z,2026-09-25T17:18:00Z,282.255,282.295,282.21,282.21
2026-09-25T17:18:00Z,2026-09-25T17:19:00Z,282.21,282.215,282.09,282.155
2026-09-25T17:19:00Z,2026-09-25T17:20:00Z,282.155,282.215,282.125,282.155
2026-09-25T17:20:00Z,2026-09-25T17:21:00Z,282.155,282.19,282.115,282.12
2026-09-25T17:21:00Z,2026-09-25T17:22:00Z,282.115,282.165,282.07,282.145
2026-09-25T17:22:00Z,2026-09-25T17:23:00Z,282.145,282.175,282.145,282.165
2026-09-25T17:23:00Z,2026-09-25T17:24:00Z,282.17,282.225,282.14,282.215
2026-09-25T17:24:00Z,2026-09-25T17:25:00Z,282.21,282.285,282.195,282.265
2026-09-25T17:25:00Z,2026-09-25T17:26:00Z,282.27,282.295,282.21,282.245
2026-09-25T17:26:00Z,2026-09-25T17:27:00Z,282.245,282.255,282.19,282.2
2026-09-25T17:27:00Z,2026-09-25T17:28:00Z,282.195,282.215,282.15,282.16
2026-09-25T17:28:00Z,2026-09-25T17:29:00Z,282.155,282.17,282.1,282.115
2026-09-25T17:29:00Z,2026-09-25T17:30:00Z,282.125,282.15,282.1,282.115
2026-09-25T17:30:00Z,2026-09-25T17:31:00Z,282.115,282.165,282.065,282.16
2026-09-25T17:31:00Z,2026-09-25T17:32:00Z,282.165,282.165,281.93,281.935
2026-09-25T17:32:00Z,2026-09-25T17:33:00Z,281.945,282.05,281.945,282.045
2026-09-25T17:33:00Z,2026-09-25T17:34:00Z,282.045,282.08,281.965,281.965
2026-09-25T17:34:00Z,2026-09-25T17:35:00Z,281.97,281.975,281.835,281.925
2026-09-25T17:35:00Z,2026-09-25T17:36:00Z,281.925,281.925,281.8,281.815
2026-09-25T17:36:00Z,2026-09-25T17:37:00Z,281.81,281.835,281.735,281.74
2026-09-25T17:37:00Z,2026-09-25T17:38:00Z,281.715,281.73,281.665,281.68
2026-09-25T17:38:00Z,2026-09-25T17:39:00Z,281.675,281.76,281.675,281.7
2026-09-25T17:39:00Z,2026-09-25T17:40:00Z,281.72,281.945,281.715,281.845
2026-09-25T17:40:00Z,2026-09-25T17:41:00Z,281.865,281.955,281.8,281.84
2026-09-25T17:41:00Z,2026-09-25T17:42:00Z,281.835,282.025,281.815,281.975
2026-09-25T17:42:00Z,2026-09-25T17:43:00Z,281.975,282.065,281.975,282.025
2026-09-25T17:43:00Z,2026-09-25T17:44:00Z,282.02,282.045,281.985,282.035
2026-09-25T17:44:00Z,2026-09-25T17:45:00Z,282.035,282.085,281.935,281.965
2026-09-25T17:45:00Z,2026-09-25T17:46:00Z,281.965,282,281.915,281.975
2026-09-25T17:46:00Z,2026-09-25T17:47:00Z,281.985,282.045,281.98,281.995
2026-09-25T17:47:00Z,2026-09-25T17:48:00Z,281.995,282.02,281.93,281.935
2026-09-25T17:48:00Z,2026-09-25T17:49:00Z,281.935,282.02,281.925,281.98
2026-09-25T17:49:00Z,2026-09-25T17:50:00Z,281.985,282.045,281.97,282.005
2026-09-25T17:50:00Z,2026-09-25T17:51:00Z,281.995,282.02,281.945,281.955
2026-09-25T17:51:00Z,2026-09-25T17:52:00Z,281.96,281.965,281.885,281.915
2026-09-25T17:52:00Z,2026-09-25T17:53:00Z,281.905,281.915,281.82,281.825
2026-09-25T17:53:00Z,2026-09-25T17:54:00Z,281.825,281.895,281.805,281.885
2026-09-25T17:54:00Z,2026-09-25T17:55:00Z,281.885,281.895,281.8,281.84
2026-09-25T17:55:00Z,2026-09-25T17:56:00Z,281.835,281.865,281.81,281.865
2026-09-25T17:56:00Z,2026-09-25T17:57:00Z,281.86,281.91,281.86,281.89
2026-09-25T17:57:00Z,2026-09-25T17:58:00Z,281.885,281.885,281.86,281.885
2026-09-25T17:58:00Z,2026-09-25T17:59:00Z,281.895,281.97,281.895,281.965
2026-09-25T17:59:00Z,2026-09-25T18:00:00Z,281.965,282.005,281.965,281.995
2026-09-25T18:00:00Z,2026-09-25T18:01:00Z,282,282.005,281.905,281.915
2026-09-25T18:01:00Z,2026-09-25T18:02:00Z,281.925,281.925,281.865,281.885
2026-09-25T18:02:00Z,2026-09-25T18:03:00Z,281.895,281.975,281.885,281.955
2026-09-25T18:03:00Z,2026-09-25T18:04:00Z,281.955,281.955,281.9,281.9
2026-09-25T18:04:00Z,2026-09-25T18:05:00Z,281.905,281.915,281.85,281.85
2026-09-25T18:05:00Z,2026-09-25T18:06:00Z,281.855,281.905,281.82,281.825
2026-09-25T18:06:00Z,2026-09-25T18:07:00Z,281.825,281.885,281.825,281.845
2026-09-25T18:07:00Z,2026-09-25T18:08:00Z,281.85,281.865,281.83,281.855
2026-09-25T18:08:00Z,2026-09-25T18:09:00Z,281.86,281.93,281.855,281.925
2026-09-25T18:09:00Z,2026-09-25T18:10:00Z,281.925,281.935,281.885,281.935
2026-09-25T18:10:00Z,2026-09-25T18:11:00Z,281.935,281.935,281.885,281.885
2026-09-25T18:11:00Z,2026-09-25T18:12:00Z,281.885,281.885,281.82,281.875
2026-09-25T18:12:00Z,2026-09-25T18:13:00Z,281.875,281.955,281.835,281.955
2026-09-25T18:13:00Z,2026-09-25T18:14:00Z,281.955,282.035,281.955,282.035
2026-09-25T18:14:00Z,2026-09-25T18:15:00Z,282.055,282.095,282.015,282.085
2026-09-25T18:15:00Z,2026-09-25T18:16:00Z,282.085,282.125,282.075,282.115
2026-09-25T18:16:00Z,2026-09-25T18:17:00Z,282.115,282.155,282.065,282.08
2026-09-25T18:17:00Z,2026-09-25T18:18:00Z,282.085,282.115,282.065,282.115
2026-09-25T18:18:00Z,2026-09-25T18:19:00Z,282.115,282.15,282.075,282.095
2026-09-25T18:19:00Z,2026-09-25T18:20:00Z,282.1,282.125,282.065,282.125
2026-09-25T18:20:00Z,2026-09-25T18:21:00Z,282.115,282.145,282.095,282.125
2026-09-25T18:21:00Z,2026-09-25T18:22:00Z,282.115,282.13,282.06,282.065
2026-09-25T18:22:00Z,2026-09-25T18:23:00Z,282.065,282.105,282.055,282.07
2026-09-25T18:23:00Z,2026-09-25T18:24:00Z,282.065,282.145,282.065,282.135
2026-09-25T18:24:00Z,2026-09-25T18:25:00Z,282.135,282.205,282.135,282.185
2026-09-25T18:25:00Z,2026-09-25T18:26:00Z,282.185,282.265,282.175,282.245
2026-09-25T18:26:00Z,2026-09-25T18:27:00Z,282.245,282.265,281.99,282.035
2026-09-25T18:27:00Z,2026-09-25T18:28:00Z,282.025,282.075,281.85,281.905
2026-09-25T18:28:00Z,2026-09-25T18:29:00Z,281.9,282.025,281.875,282.005
2026-09-25T18:29:00Z,2026-09-25T18:30:00Z,282.015,282.075,281.96,282.075
2026-09-25T18:30:00Z,2026-09-25T18:31:00Z,282.075,282.165,282.045,282.125
2026-09-25T18:31:00Z,2026-09-25T18:32:00Z,282.14,282.21,282.095,282.105
2026-09-25T18:32:00Z,2026-09-25T18:33:00Z,282.115,282.19,282.08,282.085
2026-09-25T18:33:00Z,2026-09-25T18:34:00Z,282.1,282.115,282.02,282.085
2026-09-25T18:34:00Z,2026-09-25T18:35:00Z,282.085,282.11,282.04,282.065
2026-09-25T18:35:00Z,2026-09-25T18:36:00Z,282.06,282.135,282.015,282.125
2026-09-25T18:36:00Z,2026-09-25T18:37:00Z,282.135,282.175,282.125,282.175
2026-09-25T18:37:00Z,2026-09-25T18:38:00Z,282.175,282.175,281.955,281.99
2026-09-25T18:38:00Z,2026-09-25T18:39:00Z,281.985,282.015,281.945,282.01
2026-09-25T18:39:00Z,2026-09-25T18:40:00Z,282.005,282.01,281.935,281.935
2026-09-25T18:40:00Z,2026-09-25T18:41:00Z,281.945,281.975,281.905,281.945
2026-09-25T18:41:00Z,2026-09-25T18:42:00Z,281.955,282.01,281.93,282.005
2026-09-25T18:42:00Z,2026-09-25T18:43:00Z,282.005,282.035,281.995,282.035
2026-09-25T18:43:00Z,2026-09-25T18:44:00Z,282.045,282.045,281.995,282.005
2026-09-25T18:44:00Z,2026-09-25T18:45:00Z,282.005,282.065,281.995,282.055
2026-09-25T18:45:00Z,2026-09-25T18:46:00Z,282.055,282.115,282.05,282.065
2026-09-25T18:46:00Z,2026-09-25T18:47:00Z,282.065,282.105,282.055,282.075
2026-09-25T18:47:00Z,2026-09-25T18:48:00Z,282.08,282.1,282.03,282.07
2026-09-25T18:48:00Z,2026-09-25T18:49:00Z,282.07,282.145,282.065,282.145
2026-09-25T18:49:00Z,2026-09-25T18:50:00Z,282.145,282.175,282.125,282.145
2026-09-25T18:50:00Z,2026-09-25T18:51:00Z,282.15,282.205,282.125,282.175
2026-09-25T18:51:00Z,2026-09-25T18:52:00Z,282.175,282.205,282.135,282.175
2026-09-25T18:52:00Z,2026-09-25T18:53:00Z,282.175,282.235,282.175,282.235
2026-09-25T18:53:00Z,2026-09-25T18:54:00Z,282.24,282.245,282.205,282.215
2026-09-25T18:54:00Z,2026-09-25T18:55:00Z,282.21,282.225,282.135,282.145
2026-09-25T18:55:00Z,2026-09-25T18:56:00Z,282.145,282.185,282.145,282.155
2026-09-25T18:56:00Z,2026-09-25T18:57:00Z,282.165,282.175,282.11,282.145
2026-09-25T18:57:00Z,2026-09-25T18:58:00Z,282.14,282.2,282.115,282.195
2026-09-25T18:58:00Z,2026-09-25T18:59:00Z,282.195,282.255,282.185,282.245
2026-09-25T18:59:00Z,2026-09-25T19:00:00Z,282.25,282.265,282.225,282.25
2026-09-25T19:00:00Z,2026-09-25T19:01:00Z,282.255,282.335,282.215,282.255
2026-09-25T19:01:00Z,2026-09-25T19:02:00Z,282.265,282.38,282.235,282.265
2026-09-25T19:02:00Z,2026-09-25T19:03:00Z,282.27,282.285,282.14,282.155
2026-09-25T19:03:00Z,2026-09-25T19:04:00Z,282.16,282.16,282.065,282.145
2026-09-25T19:04:00Z,2026-09-25T19:05:00Z,282.15,282.205,282.145,282.18
2026-09-25T19:05:00Z,2026-09-25T19:06:00Z,282.175,282.275,282.165,282.235
2026-09-25T19:06:00Z,2026-09-25T19:07:00Z,282.235,282.255,282.205,282.215
2026-09-25T19:07:00Z,2026-09-25T19:08:00Z,282.215,282.345,282.185,282.345
2026-09-25T19:08:00Z,2026-09-25T19:09:00Z,282.345,282.365,282.3,282.315
2026-09-25T19:09:00Z,2026-09-25T19:10:00Z,282.315,282.335,282.295,282.315
2026-09-25T19:10:00Z,2026-09-25T19:11:00Z,282.315,282.355,282.3,282.345
2026-09-25T19:11:00Z,2026-09-25T19:12:00Z,282.345,282.385,282.305,282.375
2026-09-25T19:12:00Z,2026-09-25T19:13:00Z,282.375,282.455,282.365,282.435
2026-09-25T19:13:00Z,2026-09-25T19:14:00Z,282.445,282.45,282.405,282.445
2026-09-25T19:14:00Z,2026-09-25T19:15:00Z,282.445,282.495,282.435,282.465
2026-09-25T19:15:00Z,2026-09-25T19:16:00Z,282.475,282.505,282.445,282.455
2026-09-25T19:16:00Z,2026-09-25T19:17:00Z,282.46,282.475,282.4,282.415
2026-09-25T19:17:00Z,2026-09-25T19:18:00Z,282.425,282.43,282.375,282.375
2026-09-25T19:18:00Z,2026-09-25T19:19:00Z,282.38,282.425,282.375,282.425
2026-09-25T19:19:00Z,2026-09-25T19:20:00Z,282.395,282.405,282.315,282.315
2026-09-25T19:20:00Z,2026-09-25T19:21:00Z,282.32,282.365,282.295,282.305
2026-09-25T19:21:00Z,2026-09-25T19:22:00Z,282.3,282.365,282.3,282.335
2026-09-25T19:22:00Z,2026-09-25T19:23:00Z,282.33,282.405,282.325,282.355
2026-09-25T19:23:00Z,2026-09-25T19:24:00Z,282.36,282.385,282.3,282.34
2026-09-25T19:24:00Z,2026-09-25T19:25:00Z,282.335,282.385,282.335,282.35
2026-09-25T19:25:00Z,2026-09-25T19:26:00Z,282.335,282.345,282.3,282.315
2026-09-25T19:26:00Z,2026-09-25T19:27:00Z,282.32,282.32,282.155,282.155
2026-09-25T19:27:00Z,2026-09-25T19:28:00Z,282.16,282.185,282.13,282.13
2026-09-25T19:28:00Z,2026-09-25T19:29:00Z,282.135,282.175,282.115,282.125
2026-09-25T19:29:00Z,2026-09-25T19:30:00Z,282.125,282.125,282.045,282.125
2026-09-25T19:30:00Z,2026-09-25T19:31:00Z,282.13,282.135,282.055,282.065
2026-09-25T19:31:00Z,2026-09-25T19:32:00Z,282.07,282.075,282.005,282.065
2026-09-25T19:32:00Z,2026-09-25T19:33:00Z,282.065,282.07,281.965,281.995
2026-09-25T19:33:00Z,2026-09-25T19:34:00Z,281.985,282.065,281.96,282.03
2026-09-25T19:34:00Z,2026-09-25T19:35:00Z,282.035,282.065,282.01,282.035
2026-09-25T19:35:00Z,2026-09-25T19:36:00Z,282.035,282.045,282.005,282.035
2026-09-25T19:36:00Z,2026-09-25T19:37:00Z,282.035,282.055,281.99,282.055
2026-09-25T19:37:00Z,2026-09-25T19:38:00Z,282.055,282.31,282.045,282.305
2026-09-25T19:38:00Z,2026-09-25T19:39:00Z,282.295,282.425,282.295,282.365
2026-09-25T19:39:00Z,2026-09-25T19:40:00Z,282.375,282.405,282.345,282.375
2026-09-25T19:40:00Z,2026-09-25T19:41:00Z,282.375,282.375,282.255,282.275
2026-09-25T19:41:00Z,2026-09-25T19:42:00Z,282.285,282.37,282.265,282.325
2026-09-25T19:42:00Z,2026-09-25T19:43:00Z,282.335,282.415,282.325,282.405
2026-09-25T19:43:00Z,2026-09-25T19:44:00Z,282.405,282.465,282.395,282.46
2026-09-25T19:44:00Z,2026-09-25T19:45:00Z,282.465,282.515,282.445,282.45
2026-09-25T19:45:00Z,2026-09-25T19:46:00Z,282.455,282.7,282.445,282.645
2026-09-25T19:46:00Z,2026-09-25T19:47:00Z,282.645,282.745,282.59,282.73
2026-09-25T19:47:00Z,2026-09-25T19:48:00Z,282.725,282.765,282.645,282.655
2026-09-25T19:48:00Z,2026-09-25T19:49:00Z,282.645,282.655,282.565,282.615
2026-09-25T19:49:00Z,2026-09-25T19:50:00Z,282.61,282.635,282.485,282.535
2026-09-25T19:50:00Z,2026-09-25T19:51:00Z,282.525,282.705,282.525,282.605
2026-09-25T19:51:00Z,2026-09-25T19:52:00Z,282.615,282.625,282.46,282.465
2026-09-25T19:52:00Z,2026-09-25T19:53:00Z,282.475,282.5,282.385,282.395
2026-09-25T19:53:00Z,2026-09-25T19:54:00Z,282.385,282.45,282.355,282.435
2026-09-25T19:54:00Z,2026-09-25T19:55:00Z,282.43,282.505,282.295,282.305
2026-09-25T19:55:00Z,2026-09-25T19:56:00Z,282.295,282.295,282.17,282.195
2026-09-25T19:56:00Z,2026-09-25T19:57:00Z,282.19,282.19,282.085,282.135
2026-09-25T19:57:00Z,2026-09-25T19:58:00Z,282.145,282.23,282.145,282.195
2026-09-25T19:58:00Z,2026-09-25T19:59:00Z,282.185,282.195,282.065,282.135
2026-09-25T19:59:00Z,2026-09-25T20:00:00Z,282.13,282.13,281.91,281.965
2026-09-28T13:30:00Z,2026-09-28T13:31:00Z,280.285,280.395,279.685,279.775
2026-09-28T13:31:00Z,2026-09-28T13:32:00Z,279.77,279.93,279.685,279.84
2026-09-28T13:32:00Z,2026-09-28T13:33:00Z,279.85,279.88,279.64,279.66
2026-09-28T13:33:00Z,2026-09-28T13:34:00Z,279.655,279.755,279.495,279.5
2026-09-28T13:34:00Z,2026-09-28T13:35:00Z,279.495,279.87,279.485,279.71
2026-09-28T13:35:00Z,2026-09-28T13:36:00Z,279.72,279.8,279.47,279.51
2026-09-28T13:36:00Z,2026-09-28T13:37:00Z,279.52,279.74,279.4,279.715
2026-09-28T13:37:00Z,2026-09-28T13:38:00Z,279.72,280.11,279.71,280.09
2026-09-28T13:38:00Z,2026-09-28T13:39:00Z,280.095,280.14,279.85,279.97
2026-09-28T13:39:00Z,2026-09-28T13:40:00Z,279.985,280.09,279.86,280.06
2026-09-28T13:40:00Z,2026-09-28T13:41:00Z,280.05,280.13,279.815,279.89
2026-09-28T13:41:00Z,2026-09-28T13:42:00Z,279.895,279.945,279.76,279.8
2026-09-28T13:42:00Z,2026-09-28T13:43:00Z,279.815,280.07,279.785,280.01
2026-09-28T13:43:00Z,2026-09-28T13:44:00Z,280,280.14,279.985,280.085
2026-09-28T13:44:00Z,2026-09-28T13:45:00Z,280.095,280.14,279.875,280.135
2026-09-28T13:45:00Z,2026-09-28T13:46:00Z,280.13,280.175,279.825,280.17
2026-09-28T13:46:00Z,2026-09-28T13:47:00Z,280.175,280.235,279.83,279.88
2026-09-28T13:47:00Z,2026-09-28T13:48:00Z,279.885,280.19,279.775,280
2026-09-28T13:48:00Z,2026-09-28T13:49:00Z,280.015,280.1,279.835,279.905
2026-09-28T13:49:00Z,2026-09-28T13:50:00Z,279.91,279.97,279.775,279.86
2026-09-28T13:50:00Z,2026-09-28T13:51:00Z,279.865,279.9,279.6,279.72
2026-09-28T13:51:00Z,2026-09-28T13:52:00Z,279.725,279.845,279.585,279.825
2026-09-28T13:52:00Z,2026-09-28T13:53:00Z,279.815,279.965,279.77,279.88
2026-09-28T13:53:00Z,2026-09-28T13:54:00Z,279.875,279.98,279.8,279.9
2026-09-28T13:54:00Z,2026-09-28T13:55:00Z,279.905,280.075,279.72,279.885
2026-09-28T13:55:00Z,2026-09-28T13:56:00Z,279.89,280.08,279.655,279.865
2026-09-28T13:56:00Z,2026-09-28T13:57:00Z,279.87,279.915,279.755,279.785
2026-09-28T13:57:00Z,2026-09-28T13:58:00Z,279.78,279.815,279.735,279.785
2026-09-28T13:58:00Z,2026-09-28T13:59:00Z,279.78,279.87,279.735,279.825
2026-09-28T13:59:00Z,2026-09-28T14:00:00Z,279.82,280.19,279.82,280.175
2026-09-28T14:00:00Z,2026-09-28T14:01:00Z,280.15,280.185,279.835,279.96
2026-09-28T14:01:00Z,2026-09-28T14:02:00Z,279.935,280.185,279.935,280.14
2026-09-28T14:02:00Z,2026-09-28T14:03:00Z,280.145,280.45,280.12,280.435
2026-09-28T14:03:00Z,2026-09-28T14:04:00Z,280.445,280.515,280.325,280.495
2026-09-28T14:04:00Z,2026-09-28T14:05:00Z,280.485,280.485,280.02,280.03
2026-09-28T14:05:00Z,2026-09-28T14:06:00Z,280.035,280.085,279.88,280.04
2026-09-28T14:06:00Z,2026-09-28T14:07:00Z,280.045,280.385,280.045,280.385
2026-09-28T14:07:00Z,2026-09-28T14:08:00Z,280.38,280.65,280.34,280.645
2026-09-28T14:08:00Z,2026-09-28T14:09:00Z,280.635,280.66,280.45,280.595
2026-09-28T14:09:00Z,2026-09-28T14:10:00Z,280.59,280.695,280.59,280.665
2026-09-28T14:10:00Z,2026-09-28T14:11:00Z,280.66,280.805,280.54,280.75
2026-09-28T14:11:00Z,2026-09-28T14:12:00Z,280.745,280.75,280.515,280.57
2026-09-28T14:12:00Z,2026-09-28T14:13:00Z,280.565,280.635,280.435,280.53
2026-09-28T14:13:00Z,2026-09-28T14:14:00Z,280.545,280.56,280.325,280.335
2026-09-28T14:14:00Z,2026-09-28T14:15:00Z,280.345,280.43,280.15,280.395
2026-09-28T14:15:00Z,2026-09-28T14:16:00Z,280.4,280.455,280.265,280.395
2026-09-28T14:16:00Z,2026-09-28T14:17:00Z,280.39,280.435,280.23,280.41
2026-09-28T14:17:00Z,2026-09-28T14:18:00Z,280.415,280.54,280.37,280.525
2026-09-28T14:18:00Z,2026-09-28T14:19:00Z,280.54,280.545,280.385,280.385
2026-09-28T14:19:00Z,2026-09-28T14:20:00Z,280.38,280.445,280.31,280.365
2026-09-28T14:20:00Z,2026-09-28T14:21:00Z,280.36,280.51,280.305,280.475
2026-09-28T14:21:00Z,2026-09-28T14:22:00Z,280.455,280.495,280.31,280.37
2026-09-28T14:22:00Z,2026-09-28T14:23:00Z,280.375,280.705,280.37,280.69
2026-09-28T14:23:00Z,2026-09-28T14:24:00Z,280.685,280.7,280.455,280.465
2026-09-28T14:24:00Z,2026-09-28T14:25:00Z,280.46,280.65,280.435,280.645
2026-09-28T14:25:00Z,2026-09-28T14:26:00Z,280.64,280.73,280.625,280.665
2026-09-28T14:26:00Z,2026-09-28T14:27:00Z,280.67,280.705,280.58,280.685
2026-09-28T14:27:00Z,2026-09-28T14:28:00Z,280.69,280.755,280.565,280.6
2026-09-28T14:28:00Z,2026-09-28T14:29:00Z,280.595,280.76,280.55,280.76
2026-09-28T14:29:00Z,2026-09-28T14:30:00Z,280.765,280.795,280.73,280.765
2026-09-28T14:30:00Z,2026-09-28T14:31:00Z,280.77,280.775,280.565,280.69
2026-09-28T14:31:00Z,2026-09-28T14:32:00Z,280.685,280.715,280.485,280.56
2026-09-28T14:32:00Z,2026-09-28T14:33:00Z,280.555,280.565,280.445,280.47
2026-09-28T14:33:00Z,2026-09-28T14:34:00Z,280.475,280.58,280.375,280.425
2026-09-28T14:34:00Z,2026-09-28T14:35:00Z,280.43,280.49,280.335,280.355
2026-09-28T14:35:00Z,2026-09-28T14:36:00Z,280.34,280.38,280.23,280.305
2026-09-28T14:36:00Z,2026-09-28T14:37:00Z,280.3,280.425,280.27,280.365
2026-09-28T14:37:00Z,2026-09-28T14:38:00Z,280.36,280.4,280.115,280.12
2026-09-28T14:38:00Z,2026-09-28T14:39:00Z,280.125,280.13,279.91,279.965
2026-09-28T14:39:00Z,2026-09-28T14:40:00Z,279.97,280.03,279.87,279.89
2026-09-28T14:40:00Z,2026-09-28T14:41:00Z,279.895,279.97,279.85,279.905
2026-09-28T14:41:00Z,2026-09-28T14:42:00Z,279.895,280.1,279.825,280.055
2026-09-28T14:42:00Z,2026-09-28T14:43:00Z,280.05,280.07,279.855,279.88
2026-09-28T14:43:00Z,2026-09-28T14:44:00Z,279.89,279.925,279.735,279.76
2026-09-28T14:44:00Z,2026-09-28T14:45:00Z,279.765,279.765,279.63,279.695
2026-09-28T14:45:00Z,2026-09-28T14:46:00Z,279.72,279.73,279.535,279.59
2026-09-28T14:46:00Z,2026-09-28T14:47:00Z,279.605,279.67,279.505,279.565
2026-09-28T14:47:00Z,2026-09-28T14:48:00Z,279.56,279.615,279.365,279.47
2026-09-28T14:48:00Z,2026-09-28T14:49:00Z,279.48,279.55,279.355,279.36
2026-09-28T14:49:00Z,2026-09-28T14:50:00Z,279.365,279.555,279.315,279.45
2026-09-28T14:50:00Z,2026-09-28T14:51:00Z,279.445,279.76,279.37,279.69
2026-09-28T14:51:00Z,2026-09-28T14:52:00Z,279.705,279.745,279.395,279.41
2026-09-28T14:52:00Z,2026-09-28T14:53:00Z,279.4,279.49,279.37,279.43
2026-09-28T14:53:00Z,2026-09-28T14:54:00Z,279.415,279.435,279.285,279.285
2026-09-28T14:54:00Z,2026-09-28T14:55:00Z,279.295,279.355,279.225,279.245
2026-09-28T14:55:00Z,2026-09-28T14:56:00Z,279.23,279.235,279.125,279.17
2026-09-28T14:56:00Z,2026-09-28T14:57:00Z,279.175,279.405,279.175,279.355
2026-09-28T14:57:00Z,2026-09-28T14:58:00Z,279.35,279.485,279.265,279.395
2026-09-28T14:58:00Z,2026-09-28T14:59:00Z,279.39,279.44,279.235,279.255
2026-09-28T14:59:00Z,2026-09-28T15:00:00Z,279.25,279.275,279.2,279.245
2026-09-28T15:00:00Z,2026-09-28T15:01:00Z,279.285,279.335,279.185,279.255
2026-09-28T15:01:00Z,2026-09-28T15:02:00Z,279.255,279.315,279.155,279.175
2026-09-28T15:02:00Z,2026-09-28T15:03:00Z,279.17,279.28,279.085,279.125
2026-09-28T15:03:00Z,2026-09-28T15:04:00Z,279.135,279.2,279.095,279.125
2026-09-28T15:04:00Z,2026-09-28T15:05:00Z,279.12,279.185,279.085,279.11
2026-09-28T15:05:00Z,2026-09-28T15:06:00Z,279.115,279.22,279.01,279.035
2026-09-28T15:06:00Z,2026-09-28T15:07:00Z,279.03,279.165,278.95,279.075
2026-09-28T15:07:00Z,2026-09-28T15:08:00Z,279.08,279.245,279.035,279.215
2026-09-28T15:08:00Z,2026-09-28T15:09:00Z,279.235,279.275,279.135,279.155
2026-09-28T15:09:00Z,2026-09-28T15:10:00Z,279.15,279.375,279.13,279.375
2026-09-28T15:10:00Z,2026-09-28T15:11:00Z,279.38,279.49,279.295,279.305
2026-09-28T15:11:00Z,2026-09-28T15:12:00Z,279.305,279.34,279.235,279.295
2026-09-28T15:12:00Z,2026-09-28T15:13:00Z,279.295,279.325,279.17,279.255
2026-09-28T15:13:00Z,2026-09-28T15:14:00Z,279.255,279.26,279.16,279.185
2026-09-28T15:14:00Z,2026-09-28T15:15:00Z,279.185,279.185,279.005,279.07
2026-09-28T15:15:00Z,2026-09-28T15:16:00Z,279.065,279.09,279.015,279.055
2026-09-28T15:16:00Z,2026-09-28T15:17:00Z,279.055,279.095,278.95,278.965
2026-09-28T15:17:00Z,2026-09-28T15:18:00Z,278.965,278.975,278.895,278.975
2026-09-28T15:18:00Z,2026-09-28T15:19:00Z,278.975,279.015,278.905,279.01
2026-09-28T15:19:00Z,2026-09-28T15:20:00Z,279.02,279.095,278.975,279.035
2026-09-28T15:20:00Z,2026-09-28T15:21:00Z,279.04,279.04,278.99,279.005
2026-09-23T18:24:00Z,2026-09-23T18:25:00Z,282.555,282.59,282.525,282.575
2026-09-23T18:25:00Z,2026-09-23T18:26:00Z,282.58,282.65,282.545,282.555
2026-09-23T18:26:00Z,2026-09-23T18:27:00Z,282.545,282.605,282.535,282.535
2026-09-23T18:27:00Z,2026-09-23T18:28:00Z,282.535,282.57,282.525,282.535
2026-09-23T18:28:00Z,2026-09-23T18:29:00Z,282.545,282.545,282.495,282.515
2026-09-23T18:29:00Z,2026-09-23T18:30:00Z,282.52,282.54,282.475,282.525
2026-09-23T18:30:00Z,2026-09-23T18:31:00Z,282.515,282.535,282.405,282.415
2026-09-23T18:31:00Z,2026-09-23T18:32:00Z,282.415,282.425,282.335,282.365
2026-09-23T18:32:00Z,2026-09-23T18:33:00Z,282.355,282.405,282.335,282.405
2026-09-23T18:33:00Z,2026-09-23T18:34:00Z,282.415,282.455,282.39,282.41
2026-09-23T18:34:00Z,2026-09-23T18:35:00Z,282.41,282.5,282.375,282.435
2026-09-23T18:35:00Z,2026-09-23T18:36:00Z,282.44,282.465,282.435,282.445
2026-09-23T18:36:00Z,2026-09-23T18:37:00Z,282.45,282.465,282.415,282.425
2026-09-23T18:37:00Z,2026-09-23T18:38:00Z,282.425,282.425,282.345,282.355
2026-09-23T18:38:00Z,2026-09-23T18:39:00Z,282.35,282.375,282.265,282.305
2026-09-23T18:39:00Z,2026-09-23T18:40:00Z,282.305,282.315,282.245,282.245
2026-09-23T18:40:00Z,2026-09-23T18:41:00Z,282.26,282.335,282.25,282.265
2026-09-23T18:41:00Z,2026-09-23T18:42:00Z,282.275,282.305,282.215,282.275
2026-09-23T18:42:00Z,2026-09-23T18:43:00Z,282.27,282.295,282.215,282.215
2026-09-23T18:43:00Z,2026-09-23T18:44:00Z,282.23,282.29,282.225,282.235
2026-09-23T18:44:00Z,2026-09-23T18:45:00Z,282.225,282.275,282.215,282.265
2026-09-23T18:45:00Z,2026-09-23T18:46:00Z,282.27,282.275,282.145,282.175
2026-09-23T18:46:00Z,2026-09-23T18:47:00Z,282.17,282.245,282.16,282.195
2026-09-23T18:47:00Z,2026-09-23T18:48:00Z,282.205,282.265,282.195,282.255
2026-09-23T18:48:00Z,2026-09-23T18:49:00Z,282.255,282.335,282.245,282.305
2026-09-23T18:49:00Z,2026-09-23T18:50:00Z,282.315,282.325,282.275,282.3
2026-09-23T18:50:00Z,2026-09-23T18:51:00Z,282.295,282.315,282.275,282.28
2026-09-23T18:51:00Z,2026-09-23T18:52:00Z,282.285,282.32,282.265,282.275
2026-09-23T18:52:00Z,2026-09-23T18:53:00Z,282.27,282.285,282.22,282.245
2026-09-23T18:53:00Z,2026-09-23T18:54:00Z,282.255,282.29,282.225,282.285
2026-09-23T18:54:00Z,2026-09-23T18:55:00Z,282.275,282.355,282.245,282.355
2026-09-23T18:55:00Z,2026-09-23T18:56:00Z,282.345,282.49,282.345,282.485
2026-09-23T18:56:00Z,2026-09-23T18:57:00Z,282.495,282.53,282.485,282.505
2026-09-23T18:57:00Z,2026-09-23T18:58:00Z,282.505,282.53,282.475,282.52
2026-09-23T18:58:00Z,2026-09-23T18:59:00Z,282.525,282.615,282.515,282.615
2026-09-23T18:59:00Z,2026-09-23T19:00:00Z,282.62,282.645,282.595,282.615
2026-09-23T19:00:00Z,2026-09-23T19:01:00Z,282.615,282.705,282.575,282.665
2026-09-23T19:01:00Z,2026-09-23T19:02:00Z,282.675,282.675,282.56,282.58
2026-09-23T19:02:00Z,2026-09-23T19:03:00Z,282.575,282.575,282.495,282.495
2026-09-23T19:03:00Z,2026-09-23T19:04:00Z,282.495,282.505,282.335,282.345
2026-09-23T19:04:00Z,2026-09-23T19:05:00Z,282.35,282.365,282.295,282.305
2026-09-23T19:05:00Z,2026-09-23T19:06:00Z,282.305,282.31,282.245,282.29
2026-09-23T19:06:00Z,2026-09-23T19:07:00Z,282.275,282.415,282.275,282.415
2026-09-23T19:07:00Z,2026-09-23T19:08:00Z,282.415,282.57,282.415,282.535
2026-09-23T19:08:00Z,2026-09-23T19:09:00Z,282.545,282.56,282.5,282.505
2026-09-23T19:09:00Z,2026-09-23T19:10:00Z,282.5,282.535,282.41,282.475
2026-09-23T19:10:00Z,2026-09-23T19:11:00Z,282.47,282.52,282.45,282.515
2026-09-23T19:11:00Z,2026-09-23T19:12:00Z,282.515,282.605,282.49,282.585
2026-09-23T19:12:00Z,2026-09-23T19:13:00Z,282.6,282.645,282.595,282.615
2026-09-23T19:13:00Z,2026-09-23T19:14:00Z,282.605,282.645,282.565,282.64
2026-09-23T19:14:00Z,2026-09-23T19:15:00Z,282.635,282.675,282.61,282.625
2026-09-23T19:15:00Z,2026-09-23T19:16:00Z,282.63,282.635,282.475,282.475
2026-09-23T19:16:00Z,2026-09-23T19:17:00Z,282.47,282.51,282.455,282.5
2026-09-23T19:17:00Z,2026-09-23T19:18:00Z,282.505,282.505,282.46,282.475
2026-09-23T19:18:00Z,2026-09-23T19:19:00Z,282.475,282.49,282.405,282.475
2026-09-23T19:19:00Z,2026-09-23T19:20:00Z,282.475,282.5,282.435,282.435
2026-09-23T19:20:00Z,2026-09-23T19:21:00Z,282.43,282.43,282.345,282.37
2026-09-23T19:21:00Z,2026-09-23T19:22:00Z,282.365,282.395,282.35,282.385
2026-09-23T19:22:00Z,2026-09-23T19:23:00Z,282.375,282.425,282.365,282.425
2026-09-23T19:23:00Z,2026-09-23T19:24:00Z,282.425,282.475,282.415,282.435
2026-09-23T19:24:00Z,2026-09-23T19:25:00Z,282.435,282.455,282.425,282.45
2026-09-23T19:25:00Z,2026-09-23T19:26:00Z,282.445,282.495,282.435,282.435
2026-09-23T19:26:00Z,2026-09-23T19:27:00Z,282.435,282.46,282.38,282.385
2026-09-23T19:27:00Z,2026-09-23T19:28:00Z,282.39,282.435,282.375,282.395
2026-09-23T19:28:00Z,2026-09-23T19:29:00Z,282.395,282.425,282.355,282.395
2026-09-23T19:29:00Z,2026-09-23T19:30:00Z,282.395,282.425,282.335,282.415
2026-09-23T19:30:00Z,2026-09-23T19:31:00Z,282.425,282.505,282.375,282.455
2026-09-23T19:31:00Z,2026-09-23T19:32:00Z,282.445,282.515,282.435,282.435
2026-09-23T19:32:00Z,2026-09-23T19:33:00Z,282.435,282.465,282.385,282.395
2026-09-23T19:33:00Z,2026-09-23T19:34:00Z,282.405,282.435,282.335,282.435
2026-09-23T19:34:00Z,2026-09-23T19:35:00Z,282.425,282.455,282.415,282.425
2026-09-23T19:35:00Z,2026-09-23T19:36:00Z,282.425,282.425,282.375,282.375
2026-09-23T19:36:00Z,2026-09-23T19:37:00Z,282.38,282.425,282.375,282.395
2026-09-23T19:37:00Z,2026-09-23T19:38:00Z,282.395,282.395,282.305,282.315
2026-09-23T19:38:00Z,2026-09-23T19:39:00Z,282.325,282.395,282.315,282.355
2026-09-23T19:39:00Z,2026-09-23T19:40:00Z,282.355,282.375,282.33,282.33
2026-09-23T19:40:00Z,2026-09-23T19:41:00Z,282.335,282.435,282.3,282.415
2026-09-23T19:41:00Z,2026-09-23T19:42:00Z,282.42,282.445,282.385,282.385
2026-09-23T19:42:00Z,2026-09-23T19:43:00Z,282.385,282.385,282.19,282.19
2026-09-23T19:43:00Z,2026-09-23T19:44:00Z,282.195,282.195,282.125,282.135
2026-09-23T19:44:00Z,2026-09-23T19:45:00Z,282.135,282.155,282.095,282.125
2026-09-23T19:45:00Z,2026-09-23T19:46:00Z,282.125,282.165,282.075,282.085
2026-09-23T19:46:00Z,2026-09-23T19:47:00Z,282.095,282.105,282,282.015
2026-09-23T19:47:00Z,2026-09-23T19:48:00Z,282.005,282.135,281.985,282.135
2026-09-23T19:48:00Z,2026-09-23T19:49:00Z,282.125,282.165,282.065,282.145
2026-09-23T19:49:00Z,2026-09-23T19:50:00Z,282.15,282.225,282.135,282.215
2026-09-23T19:50:00Z,2026-09-23T19:51:00Z,282.225,282.26,282.105,282.175
2026-09-23T19:51:00Z,2026-09-23T19:52:00Z,282.17,282.215,282.01,282.065
2026-09-23T19:52:00Z,2026-09-23T19:53:00Z,282.08,282.195,282.045,282.085
2026-09-23T19:53:00Z,2026-09-23T19:54:00Z,282.09,282.165,282.065,282.135
2026-09-23T19:54:00Z,2026-09-23T19:55:00Z,282.125,282.155,281.995,281.995
2026-09-23T19:55:00Z,2026-09-23T19:56:00Z,282.015,282.085,281.935,281.945
2026-09-23T19:56:00Z,2026-09-23T19:57:00Z,281.935,281.945,281.855,281.92
2026-09-23T19:57:00Z,2026-09-23T19:58:00Z,281.925,282.07,281.865,282.015
2026-09-23T19:58:00Z,2026-09-23T19:59:00Z,282.005,282.045,281.985,281.99
2026-09-23T19:59:00Z,2026-09-23T20:00:00Z,281.985,282.03,281.845,281.955
2026-09-24T13:30:00Z,2026-09-24T13:31:00Z,281.33,281.36,280.865,281.14
2026-09-24T13:31:00Z,2026-09-24T13:32:00Z,281.145,281.565,280.97,281.49
2026-09-24T13:32:00Z,2026-09-24T13:33:00Z,281.495,281.74,281.47,281.63
2026-09-24T13:33:00Z,2026-09-24T13:34:00Z,281.635,281.64,281.17,281.3
2026-09-24T13:34:00Z,2026-09-24T13:35:00Z,281.295,281.295,281.02,281.08
2026-09-24T13:35:00Z,2026-09-24T13:36:00Z,281.085,281.085,280.91,280.98
2026-09-24T13:36:00Z,2026-09-24T13:37:00Z,280.96,281.08,280.935,281.02
2026-09-24T13:37:00Z,2026-09-24T13:38:00Z,281.015,281.015,280.83,280.875
2026-09-24T13:38:00Z,2026-09-24T13:39:00Z,280.89,281,280.815,280.925
2026-09-24T13:39:00Z,2026-09-24T13:40:00Z,280.9,281.13,280.855,281.13
2026-09-24T13:40:00Z,2026-09-24T13:41:00Z,281.125,281.195,280.97,281.045
2026-09-24T13:41:00Z,2026-09-24T13:42:00Z,281.035,281.045,280.725,280.74
2026-09-24T13:42:00Z,2026-09-24T13:43:00Z,280.735,280.825,280.625,280.635
2026-09-24T13:43:00Z,2026-09-24T13:44:00Z,280.625,280.785,280.605,280.745
2026-09-24T13:44:00Z,2026-09-24T13:45:00Z,280.755,280.84,280.705,280.725
2026-09-24T13:45:00Z,2026-09-24T13:46:00Z,280.72,280.74,280.59,280.66
2026-09-24T13:46:00Z,2026-09-24T13:47:00Z,280.65,280.745,280.515,280.705
2026-09-24T13:47:00Z,2026-09-24T13:48:00Z,280.71,280.835,280.665,280.755
2026-09-24T13:48:00Z,2026-09-24T13:49:00Z,280.75,280.86,280.525,280.555
2026-09-24T13:49:00Z,2026-09-24T13:50:00Z,280.58,280.775,280.565,280.705
2026-09-24T13:50:00Z,2026-09-24T13:51:00Z,280.7,280.71,280.505,280.555
2026-09-24T13:51:00Z,2026-09-24T13:52:00Z,280.56,280.77,280.52,280.705
2026-09-24T13:52:00Z,2026-09-24T13:53:00Z,280.705,280.78,280.58,280.63
2026-09-24T13:53:00Z,2026-09-24T13:54:00Z,280.635,280.765,280.555,280.72
2026-09-24T13:54:00Z,2026-09-24T13:55:00Z,280.73,280.775,280.61,280.725
2026-09-24T13:55:00Z,2026-09-24T13:56:00Z,280.73,280.75,280.53,280.545
2026-09-24T13:56:00Z,2026-09-24T13:57:00Z,280.54,280.575,280.505,280.56
2026-09-24T13:57:00Z,2026-09-24T13:58:00Z,280.545,280.675,280.535,280.605
2026-09-24T13:58:00Z,2026-09-24T13:59:00Z,280.6,280.615,280.52,280.595
2026-09-24T13:59:00Z,2026-09-24T14:00:00Z,280.6,280.605,280.52,280.535
2026-09-24T14:00:00Z,2026-09-24T14:01:00Z,280.525,280.53,280.325,280.335
2026-09-24T14:01:00Z,2026-09-24T14:02:00Z,280.345,280.48,280.335,280.395
2026-09-24T14:02:00Z,2026-09-24T14:03:00Z,280.385,280.59,280.365,280.545
2026-09-24T14:03:00Z,2026-09-24T14:04:00Z,280.535,280.595,280.485,280.595
2026-09-24T14:04:00Z,2026-09-24T14:05:00Z,280.585,280.735,280.565,280.725
2026-09-24T14:05:00Z,2026-09-24T14:06:00Z,280.715,280.835,280.65,280.83
2026-09-24T14:06:00Z,2026-09-24T14:07:00Z,280.82,281,280.815,280.985
2026-09-24T14:07:00Z,2026-09-24T14:08:00Z,280.995,281.03,280.945,281.015
2026-09-24T14:08:00Z,2026-09-24T14:09:00Z,281.02,281.02,280.835,280.92
2026-09-24T14:09:00Z,2026-09-24T14:10:00Z,280.915,280.995,280.725,280.725
2026-09-24T14:10:00Z,2026-09-24T14:11:00Z,280.745,280.8,280.635,280.79
2026-09-24T14:11:00Z,2026-09-24T14:12:00Z,280.795,280.84,280.74,280.76
2026-09-24T14:12:00Z,2026-09-24T14:13:00Z,280.765,280.765,280.6,280.68
2026-09-24T14:13:00Z,2026-09-24T14:14:00Z,280.685,280.92,280.675,280.905
2026-09-24T14:14:00Z,2026-09-24T14:15:00Z,280.91,280.99,280.87,280.88
2026-09-24T14:15:00Z,2026-09-24T14:16:00Z,280.875,280.895,280.585,280.615
2026-09-24T14:16:00Z,2026-09-24T14:17:00Z,280.62,280.75,280.615,280.75
2026-09-24T14:17:00Z,2026-09-24T14:18:00Z,280.74,280.915,280.695,280.805
2026-09-24T14:18:00Z,2026-09-24T14:19:00Z,280.815,280.815,280.645,280.655
2026-09-24T14:19:00Z,2026-09-24T14:20:00Z,280.665,280.71,280.555,280.555
2026-09-24T14:20:00Z,2026-09-24T14:21:00Z,280.565,280.565,280.425,280.455
2026-09-24T14:21:00Z,2026-09-24T14:22:00Z,280.45,280.58,280.395,280.4
2026-09-24T14:22:00Z,2026-09-24T14:23:00Z,280.395,280.525,280.355,280.51
2026-09-24T14:23:00Z,2026-09-24T14:24:00Z,280.5,280.53,280.415,280.49
2026-09-24T14:24:00Z,2026-09-24T14:25:00Z,280.5,280.59,280.465,280.465
2026-09-24T14:25:00Z,2026-09-24T14:26:00Z,280.45,280.495,280.325,280.4
2026-09-24T14:26:00Z,2026-09-24T14:27:00Z,280.405,280.445,280.355,280.415
2026-09-24T14:27:00Z,2026-09-24T14:28:00Z,280.42,280.655,280.38,280.655
2026-09-24T14:28:00Z,2026-09-24T14:29:00Z,280.67,280.67,280.585,280.585
2026-09-24T14:29:00Z,2026-09-24T14:30:00Z,280.58,280.625,280.56,280.605
2026-09-24T14:30:00Z,2026-09-24T14:31:00Z,280.61,280.67,280.515,280.66
2026-09-24T14:31:00Z,2026-09-24T14:32:00Z,280.64,280.725,280.635,280.715
2026-09-24T14:32:00Z,2026-09-24T14:33:00Z,280.705,280.795,280.69,280.76
2026-09-24T14:33:00Z,2026-09-24T14:34:00Z,280.765,280.97,280.735,280.97
2026-09-24T14:34:00Z,2026-09-24T14:35:00Z,280.965,281.05,280.95,280.985
2026-09-24T14:35:00Z,2026-09-24T14:36:00Z,280.99,280.99,280.815,280.87
2026-09-24T14:36:00Z,2026-09-24T14:37:00Z,280.875,280.9,280.755,280.81
2026-09-24T14:37:00Z,2026-09-24T14:38:00Z,280.805,280.97,280.8,280.91
2026-09-24T14:38:00Z,2026-09-24T14:39:00Z,280.915,280.915,280.755,280.78
2026-09-24T14:39:00Z,2026-09-24T14:40:00Z,280.785,280.805,280.63,280.695
2026-09-24T14:40:00Z,2026-09-24T14:41:00Z,280.7,280.755,280.585,280.6
2026-09-24T14:41:00Z,2026-09-24T14:42:00Z,280.605,280.66,280.56,280.565
2026-09-24T14:42:00Z,2026-09-24T14:43:00Z,280.56,280.63,280.44,280.465
2026-09-24T14:43:00Z,2026-09-24T14:44:00Z,280.47,280.47,280.315,280.315
2026-09-24T14:44:00Z,2026-09-24T14:45:00Z,280.315,280.375,280.265,280.3
2026-09-24T14:45:00Z,2026-09-24T14:46:00Z,280.305,280.305,280.235,280.265
2026-09-24T14:46:00Z,2026-09-24T14:47:00Z,280.26,280.3,280.21,280.235
2026-09-24T14:47:00Z,2026-09-24T14:48:00Z,280.235,280.345,280.2,280.205
2026-09-24T14:48:00Z,2026-09-24T14:49:00Z,280.205,280.245,280.155,280.175
2026-09-24T14:49:00Z,2026-09-24T14:50:00Z,280.18,280.29,280.16,280.245
2026-09-24T14:50:00Z,2026-09-24T14:51:00Z,280.23,280.465,280.225,280.255
2026-09-24T14:51:00Z,2026-09-24T14:52:00Z,280.265,280.29,280.185,280.27
2026-09-24T14:52:00Z,2026-09-24T14:53:00Z,280.26,280.27,280.155,280.175
2026-09-24T14:53:00Z,2026-09-24T14:54:00Z,280.18,280.235,280.08,280.215
2026-09-24T14:54:00Z,2026-09-24T14:55:00Z,280.225,280.245,280.14,280.15
2026-09-24T14:55:00Z,2026-09-24T14:56:00Z,280.155,280.165,280.045,280.05
2026-09-24T14:56:00Z,2026-09-24T14:57:00Z,280.045,280.07,279.975,280.01
2026-09-24T14:57:00Z,2026-09-24T14:58:00Z,280.005,280.045,279.945,280.045
2026-09-24T14:58:00Z,2026-09-24T14:59:00Z,280.04,280.04,279.855,279.855
2026-09-24T14:59:00Z,2026-09-24T15:00:00Z,279.86,280.01,279.815,279.995
2026-09-24T15:00:00Z,2026-09-24T15:01:00Z,279.985,280.005,279.855,279.905
2026-09-24T15:01:00Z,2026-09-24T15:02:00Z,279.905,279.97,279.855,279.89
2026-09-24T15:02:00Z,2026-09-24T15:03:00Z,279.88,279.93,279.835,279.85
2026-09-24T15:03:00Z,2026-09-24T15:04:00Z,279.86,279.955,279.84,279.895
2026-09-24T15:04:00Z,2026-09-24T15:05:00Z,279.89,279.945,279.81,279.835
2026-09-24T15:05:00Z,2026-09-24T15:06:00Z,279.83,279.895,279.785,279.875
2026-09-24T15:06:00Z,2026-09-24T15:07:00Z,279.865,279.935,279.76,279.82
2026-09-24T15:07:00Z,2026-09-24T15:08:00Z,279.815,279.89,279.78,279.855
2026-09-24T15:08:00Z,2026-09-24T15:09:00Z,279.855,279.885,279.81,279.88
2026-09-24T15:09:00Z,2026-09-24T15:10:00Z,279.885,279.915,279.835,279.855
2026-09-24T15:10:00Z,2026-09-24T15:11:00Z,279.86,279.92,279.735,279.795
2026-09-24T15:11:00Z,2026-09-24T15:12:00Z,279.79,279.795,279.725,279.735
2026-09-24T15:12:00Z,2026-09-24T15:13:00Z,279.73,279.765,279.61,279.625
2026-09-24T15:13:00Z,2026-09-24T15:14:00Z,279.625,279.625,279.545,279.565
2026-09-24T15:14:00Z,2026-09-24T15:15:00Z,279.575,279.585,279.515,279.56
2026-09-24T15:15:00Z,2026-09-24T15:16:00Z,279.555,279.725,279.515,279.685
2026-09-24T15:16:00Z,2026-09-24T15:17:00Z,279.69,279.915,279.685,279.795
2026-09-24T15:17:00Z,2026-09-24T15:18:00Z,279.8,279.845,279.71,279.75
2026-09-24T15:18:00Z,2026-09-24T15:19:00Z,279.745,279.745,279.57,279.665
2026-09-24T15:19:00Z,2026-09-24T15:20:00Z,279.665,279.69,279.615,279.615
2026-09-24T15:20:00Z,2026-09-24T15:21:00Z,279.595,279.6,279.45,279.465
2026-09-24T15:21:00Z,2026-09-24T15:22:00Z,279.475,279.51,279.425,279.47
2026-09-24T15:22:00Z,2026-09-24T15:23:00Z,279.475,279.545,279.44,279.545
2026-09-24T15:23:00Z,2026-09-24T15:24:00Z,279.55,279.63,279.525,279.63
2026-09-24T15:24:00Z,2026-09-24T15:25:00Z,279.625,279.75,279.61,279.715
2026-09-24T15:25:00Z,2026-09-24T15:26:00Z,279.725,279.725,279.49,279.515
2026-09-24T15:26:00Z,2026-09-24T15:27:00Z,279.525,279.595,279.495,279.505
2026-09-24T15:27:00Z,2026-09-24T15:28:00Z,279.535,279.545,279.43,279.45
2026-09-24T15:28:00Z,2026-09-24T15:29:00Z,279.44,279.465,279.395,279.395
2026-09-24T15:29:00Z,2026-09-24T15:30:00Z,279.385,279.43,279.345,279.405
2026-09-24T15:30:00Z,2026-09-24T15:31:00Z,279.415,279.465,279.4,279.425
2026-09-24T15:31:00Z,2026-09-24T15:32:00Z,279.43,279.475,279.405,279.405
2026-09-24T15:32:00Z,2026-09-24T15:33:00Z,279.405,279.445,279.37,279.41
2026-09-24T15:33:00Z,2026-09-24T15:34:00Z,279.41,279.515,279.395,279.47
2026-09-24T15:34:00Z,2026-09-24T15:35:00Z,279.475,279.495,279.415,279.415
2026-09-24T15:35:00Z,2026-09-24T15:36:00Z,279.405,279.475,279.335,279.375
2026-09-24T15:36:00Z,2026-09-24T15:37:00Z,279.37,279.49,279.27,279.29
2026-09-24T15:37:00Z,2026-09-24T15:38:00Z,279.285,279.375,279.285,279.365
2026-09-24T15:38:00Z,2026-09-24T15:39:00Z,279.36,279.39,279.325,279.33
2026-09-24T15:39:00Z,2026-09-24T15:40:00Z,279.325,279.335,279.245,279.28
2026-09-24T15:40:00Z,2026-09-24T15:41:00Z,279.275,279.31,279.215,279.265
2026-09-24T15:41:00Z,2026-09-24T15:42:00Z,279.265,279.315,279.21,279.235
2026-09-24T15:42:00Z,2026-09-24T15:43:00Z,279.235,279.285,279.2,279.26
2026-09-24T15:43:00Z,2026-09-24T15:44:00Z,279.255,279.305,279.235,279.295
2026-09-24T15:44:00Z,2026-09-24T15:45:00Z,279.28,279.425,279.28,279.425
2026-09-24T15:45:00Z,2026-09-24T15:46:00Z,279.435,279.535,279.435,279.475
2026-09-24T15:46:00Z,2026-09-24T15:47:00Z,279.47,279.47,279.335,279.34
2026-09-24T15:47:00Z,2026-09-24T15:48:00Z,279.345,279.385,279.22,279.225
2026-09-24T15:48:00Z,2026-09-24T15:49:00Z,279.225,279.275,279.19,279.19
2026-09-24T15:49:00Z,2026-09-24T15:50:00Z,279.175,279.19,279.105,279.165
2026-09-24T15:50:00Z,2026-09-24T15:51:00Z,279.165,279.255,279.115,279.255
2026-09-24T15:51:00Z,2026-09-24T15:52:00Z,279.255,279.335,279.195,279.315
2026-09-24T15:52:00Z,2026-09-24T15:53:00Z,279.325,279.385,279.305,279.37
2026-09-24T15:53:00Z,2026-09-24T15:54:00Z,279.375,279.445,279.335,279.345
2026-09-24T15:54:00Z,2026-09-24T15:55:00Z,279.36,279.4,279.315,279.395
2026-09-24T15:55:00Z,2026-09-24T15:56:00Z,279.405,279.435,279.34,279.395
2026-09-24T15:56:00Z,2026-09-24T15:57:00Z,279.385,279.45,279.345,279.435
2026-09-24T15:57:00Z,2026-09-24T15:58:00Z,279.435,279.455,279.415,279.435
2026-09-24T15:58:00Z,2026-09-24T15:59:00Z,279.435,279.435,279.355,279.385
2026-09-24T15:59:00Z,2026-09-24T16:00:00Z,279.38,279.39,279.315,279.315
2026-09-24T16:00:00Z,2026-09-24T16:01:00Z,279.31,279.315,279.065,279.095
2026-09-24T16:01:00Z,2026-09-24T16:02:00Z,279.09,279.195,279.045,279.155
2026-09-24T16:02:00Z,2026-09-24T16:03:00Z,279.155,279.2,279.145,279.17
2026-09-24T16:03:00Z,2026-09-24T16:04:00Z,279.16,279.215,279.09,279.2
2026-09-24T16:04:00Z,2026-09-24T16:05:00Z,279.2,279.26,279.17,279.255
2026-09-24T16:05:00Z,2026-09-24T16:06:00Z,279.245,279.265,279.16,279.26
2026-09-24T16:06:00Z,2026-09-24T16:07:00Z,279.255,279.255,279.135,279.16
2026-09-24T16:07:00Z,2026-09-24T16:08:00Z,279.155,279.16,279.085,279.125
2026-09-24T16:08:00Z,2026-09-24T16:09:00Z,279.12,279.155,279.08,279.155
2026-09-24T16:09:00Z,2026-09-24T16:10:00Z,279.15,279.175,279.115,279.17
2026-09-24T16:10:00Z,2026-09-24T16:11:00Z,279.165,279.255,279.16,279.205
2026-09-24T16:11:00Z,2026-09-24T16:12:00Z,279.195,279.225,279.18,279.225
2026-09-24T16:12:00Z,2026-09-24T16:13:00Z,279.225,279.255,279.185,279.185
2026-09-24T16:13:00Z,2026-09-24T16:14:00Z,279.185,279.265,279.185,279.245
2026-09-24T16:14:00Z,2026-09-24T16:15:00Z,279.245,279.35,279.245,279.35
2026-09-24T16:15:00Z,2026-09-24T16:16:00Z,279.37,280.355,279.37,280.27
2026-09-24T16:16:00Z,2026-09-24T16:17:00Z,280.3,281.27,280.165,281.075
2026-09-24T16:17:00Z,2026-09-24T16:18:00Z,281.065,281.69,281,281.48
2026-09-24T16:18:00Z,2026-09-24T16:19:00Z,281.485,281.865,281.375,281.375
2026-09-24T16:19:00Z,2026-09-24T16:20:00Z,281.355,281.555,280.85,281.005
2026-09-24T16:20:00Z,2026-09-24T16:21:00Z,281.015,281.485,280.975,281.29
2026-09-24T16:21:00Z,2026-09-24T16:22:00Z,281.285,281.345,281.105,281.17
2026-09-24T16:22:00Z,2026-09-24T16:23:00Z,281.185,281.55,281.175,281.495
2026-09-24T16:23:00Z,2026-09-24T16:24:00Z,281.5,281.56,281.22,281.22
2026-09-24T16:24:00Z,2026-09-24T16:25:00Z,281.215,281.51,281.1,281.435
2026-09-24T16:25:00Z,2026-09-24T16:26:00Z,281.445,281.5,281.09,281.11
2026-09-24T16:26:00Z,2026-09-24T16:27:00Z,281.115,281.27,281.045,281.065
2026-09-24T16:27:00Z,2026-09-24T16:28:00Z,281.07,281.35,280.955,281.25
2026-09-24T16:28:00Z,2026-09-24T16:29:00Z,281.255,281.345,281.195,281.29
2026-09-24T16:29:00Z,2026-09-24T16:30:00Z,281.285,281.285,281.135,281.175
2026-09-24T16:30:00Z,2026-09-24T16:31:00Z,281.18,281.21,281.015,281.1
2026-09-24T16:31:00Z,2026-09-24T16:32:00Z,281.105,281.14,280.8,280.805
2026-09-24T16:32:00Z,2026-09-24T16:33:00Z,280.82,280.82,280.7,280.8
2026-09-24T16:33:00Z,2026-09-24T16:34:00Z,280.81,280.99,280.775,280.92
2026-09-24T16:34:00Z,2026-09-24T16:35:00Z,280.915,280.98,280.83,280.905
2026-09-24T16:35:00Z,2026-09-24T16:36:00Z,280.91,281.105,280.825,281.08
2026-09-24T16:36:00Z,2026-09-24T16:37:00Z,281.085,281.425,281.07,281.425
2026-09-24T16:37:00Z,2026-09-24T16:38:00Z,281.41,281.525,281.37,281.43
2026-09-24T16:38:00Z,2026-09-24T16:39:00Z,281.42,281.495,281.355,281.46
2026-09-24T16:39:00Z,2026-09-24T16:40:00Z,281.465,281.62,281.465,281.61
2026-09-24T16:40:00Z,2026-09-24T16:41:00Z,281.605,281.84,281.525,281.84
2026-09-24T16:41:00Z,2026-09-24T16:42:00Z,281.84,282.07,281.84,282.07
2026-09-24T16:42:00Z,2026-09-24T16:43:00Z,282.095,282.21,281.99,282.1
2026-09-24T16:43:00Z,2026-09-24T16:44:00Z,282.11,282.135,281.77,281.79
2026-09-24T16:44:00Z,2026-09-24T16:45:00Z,281.78,281.81,281.445,281.46
2026-09-24T16:45:00Z,2026-09-24T16:46:00Z,281.45,281.48,281.285,281.37
2026-09-24T16:46:00Z,2026-09-24T16:47:00Z,281.365,281.58,281.335,281.58
2026-09-24T16:47:00Z,2026-09-24T16:48:00Z,281.59,281.59,281.43,281.52
2026-09-24T16:48:00Z,2026-09-24T16:49:00Z,281.525,281.62,281.49,281.53
2026-09-24T16:49:00Z,2026-09-24T16:50:00Z,281.54,281.59,281.42,281.51
2026-09-24T16:50:00Z,2026-09-24T16:51:00Z,281.52,281.55,281.44,281.44
2026-09-24T16:51:00Z,2026-09-24T16:52:00Z,281.46,281.715,281.45,281.595
2026-09-24T16:52:00Z,2026-09-24T16:53:00Z,281.6,281.605,281.295,281.345
2026-09-24T16:53:00Z,2026-09-24T16:54:00Z,281.35,281.39,281.255,281.28
2026-09-24T16:54:00Z,2026-09-24T16:55:00Z,281.29,281.36,281.245,281.295
2026-09-24T16:55:00Z,2026-09-24T16:56:00Z,281.3,281.355,281.25,281.31
2026-09-24T16:56:00Z,2026-09-24T16:57:00Z,281.3,281.46,281.255,281.455
2026-09-24T16:57:00Z,2026-09-24T16:58:00Z,281.45,281.48,281.355,281.39
2026-09-24T16:58:00Z,2026-09-24T16:59:00Z,281.38,281.45,281.36,281.38
2026-09-24T16:59:00Z,2026-09-24T17:00:00Z,281.38,281.38,281.305,281.305
2026-09-24T17:00:00Z,2026-09-24T17:01:00Z,281.3,281.3,281.055,281.145
2026-09-24T17:01:00Z,2026-09-24T17:02:00Z,281.15,281.36,281.11,281.28
2026-09-24T17:02:00Z,2026-09-24T17:03:00Z,281.295,281.3,281.005,281.255
2026-09-24T17:03:00Z,2026-09-24T17:04:00Z,281.26,281.64,281.26,281.5
2026-09-24T17:04:00Z,2026-09-24T17:05:00Z,281.505,281.535,281.295,281.42
2026-09-24T17:05:00Z,2026-09-24T17:06:00Z,281.43,281.61,281.36,281.42
2026-09-24T17:06:00Z,2026-09-24T17:07:00Z,281.425,281.57,281.36,281.485
2026-09-24T17:07:00Z,2026-09-24T17:08:00Z,281.49,281.63,281.465,281.515
2026-09-24T17:08:00Z,2026-09-24T17:09:00Z,281.52,281.605,281.44,281.57
2026-09-24T17:09:00Z,2026-09-24T17:10:00Z,281.575,281.58,281.485,281.485
2026-09-24T17:10:00Z,2026-09-24T17:11:00Z,281.475,281.495,281.21,281.3
2026-09-24T17:11:00Z,2026-09-24T17:12:00Z,281.305,281.305,281.17,281.25
2026-09-24T17:12:00Z,2026-09-24T17:13:00Z,281.26,281.28,281.18,281.18
2026-09-24T17:13:00Z,2026-09-24T17:14:00Z,281.17,281.42,281.135,281.415
2026-09-24T17:14:00Z,2026-09-24T17:15:00Z,281.42,281.665,281.42,281.56
2026-09-24T17:15:00Z,2026-09-24T17:16:00Z,281.555,281.57,281.34,281.37
2026-09-24T17:16:00Z,2026-09-24T17:17:00Z,281.36,281.53,281.36,281.45
2026-09-24T17:17:00Z,2026-09-24T17:18:00Z,281.455,281.535,281.35,281.35
2026-09-24T17:18:00Z,2026-09-24T17:19:00Z,281.37,281.47,281.355,281.37
2026-09-24T17:19:00Z,2026-09-24T17:20:00Z,281.375,281.38,281.055,281.055
2026-09-24T17:20:00Z,2026-09-24T17:21:00Z,281.045,281.05,280.915,281.04
2026-09-24T17:21:00Z,2026-09-24T17:22:00Z,281.04,281.125,281.03,281.09
2026-09-24T17:22:00Z,2026-09-24T17:23:00Z,281.095,281.23,281.06,281.16
2026-09-24T17:23:00Z,2026-09-24T17:24:00Z,281.165,281.205,281.12,281.185
2026-09-24T17:24:00Z,2026-09-24T17:25:00Z,281.18,281.285,281.13,281.15
2026-09-24T17:25:00Z,2026-09-24T17:26:00Z,281.145,281.145,280.97,280.98
2026-09-24T17:26:00Z,2026-09-24T17:27:00Z,280.985,281.055,280.85,280.9
2026-09-24T17:27:00Z,2026-09-24T17:28:00Z,280.895,280.965,280.86,280.915
2026-09-24T17:28:00Z,2026-09-24T17:29:00Z,280.92,281.085,280.915,281.05
2026-09-24T17:29:00Z,2026-09-24T17:30:00Z,281.045,281.07,281.005,281.055
2026-09-24T17:30:00Z,2026-09-24T17:31:00Z,281.05,281.19,281.02,281.16
2026-09-24T17:31:00Z,2026-09-24T17:32:00Z,281.17,281.29,281.145,281.22
2026-09-24T17:32:00Z,2026-09-24T17:33:00Z,281.225,281.225,281.02,281.05
2026-09-24T17:33:00Z,2026-09-24T17:34:00Z,281.045,281.095,280.99,281.04
2026-09-24T17:34:00Z,2026-09-24T17:35:00Z,281.045,281.05,280.87,280.885
2026-09-24T17:35:00Z,2026-09-24T17:36:00Z,280.89,280.92,280.835,280.835
2026-09-24T17:36:00Z,2026-09-24T17:37:00Z,280.83,280.94,280.8,280.86
2026-09-24T17:37:00Z,2026-09-24T17:38:00Z,280.86,280.925,280.785,280.81
2026-09-24T17:38:00Z,2026-09-24T17:39:00Z,280.805,280.83,280.72,280.785
2026-09-24T17:39:00Z,2026-09-24T17:40:00Z,280.8,280.925,280.79,280.865
2026-09-24T17:40:00Z,2026-09-24T17:41:00Z,280.86,280.925,280.845,280.9
2026-09-24T17:41:00Z,2026-09-24T17:42:00Z,280.91,280.94,280.79,280.83
2026-09-24T17:42:00Z,2026-09-24T17:43:00Z,280.835,280.97,280.835,280.89
2026-09-24T17:43:00Z,2026-09-24T17:44:00Z,280.88,280.9,280.63,280.7
2026-09-24T17:44:00Z,2026-09-24T17:45:00Z,280.695,280.74,280.66,280.69
2026-09-24T17:45:00Z,2026-09-24T17:46:00Z,280.68,280.74,280.61,280.74
2026-09-24T17:46:00Z,2026-09-24T17:47:00Z,280.735,280.835,280.71,280.74
2026-09-24T17:47:00Z,2026-09-24T17:48:00Z,280.745,280.86,280.705,280.86
2026-09-24T17:48:00Z,2026-09-24T17:49:00Z,280.855,280.885,280.79,280.86
2026-09-24T17:49:00Z,2026-09-24T17:50:00Z,280.855,280.98,280.85,280.955
2026-09-24T17:50:00Z,2026-09-24T17:51:00Z,280.945,281.04,280.92,281.01
2026-09-24T17:51:00Z,2026-09-24T17:52:00Z,281.015,281.055,280.97,281.02
2026-09-24T17:52:00Z,2026-09-24T17:53:00Z,281.03,281.065,280.91,280.94
2026-09-24T17:53:00Z,2026-09-24T17:54:00Z,280.93,281.035,280.89,280.97
2026-09-24T17:54:00Z,2026-09-24T17:55:00Z,280.965,280.985,280.88,280.91
2026-09-24T17:55:00Z,2026-09-24T17:56:00Z,280.915,280.94,280.8,280.8
2026-09-24T17:56:00Z,2026-09-24T17:57:00Z,280.805,281.095,280.805,281.08
2026-09-24T17:57:00Z,2026-09-24T17:58:00Z,281.07,281.07,280.95,281.025
2026-09-24T17:58:00Z,2026-09-24T17:59:00Z,281.025,281.045,280.995,281.015
2026-09-24T17:59:00Z,2026-09-24T18:00:00Z,281.015,281.205,281.015,281.17
2026-09-24T18:00:00Z,2026-09-24T18:01:00Z,281.17,281.215,281.09,281.11
2026-09-24T18:01:00Z,2026-09-24T18:02:00Z,281.13,281.14,280.875,280.965
2026-09-24T18:02:00Z,2026-09-24T18:03:00Z,280.97,280.975,280.73,280.74
2026-09-24T18:03:00Z,2026-09-24T18:04:00Z,280.745,280.76,280.54,280.61
2026-09-24T18:04:00Z,2026-09-24T18:05:00Z,280.605,280.65,280.47,280.49
2026-09-24T18:05:00Z,2026-09-24T18:06:00Z,280.5,280.635,280.495,280.61
2026-09-24T18:06:00Z,2026-09-24T18:07:00Z,280.605,280.915,280.57,280.915
2026-09-24T18:07:00Z,2026-09-24T18:08:00Z,280.91,281.06,280.82,280.97
2026-09-24T18:08:00Z,2026-09-24T18:09:00Z,280.98,281.14,280.98,281.04
2026-09-24T18:09:00Z,2026-09-24T18:10:00Z,281.055,281.16,280.995,281.1
2026-09-24T18:10:00Z,2026-09-24T18:11:00Z,281.115,281.215,281.115,281.155
2026-09-24T18:11:00Z,2026-09-24T18:12:00Z,281.16,281.27,281.16,281.18
2026-09-24T18:12:00Z,2026-09-24T18:13:00Z,281.19,281.22,281.06,281.075
2026-09-24T18:13:00Z,2026-09-24T18:14:00Z,281.07,281.225,281.045,281.19
2026-09-24T18:14:00Z,2026-09-24T18:15:00Z,281.185,281.305,281.175,281.305
2026-09-24T18:15:00Z,2026-09-24T18:16:00Z,281.315,281.355,281.24,281.355
2026-09-24T18:16:00Z,2026-09-24T18:17:00Z,281.35,281.505,281.34,281.44
2026-09-24T18:17:00Z,2026-09-24T18:18:00Z,281.44,281.52,281.4,281.49
2026-09-24T18:18:00Z,2026-09-24T18:19:00Z,281.495,281.625,281.42,281.43
2026-09-24T18:19:00Z,2026-09-24T18:20:00Z,281.42,281.425,281.375,281.39
2026-09-24T18:20:00Z,2026-09-24T18:21:00Z,281.38,281.41,281.18,281.2
2026-09-24T18:21:00Z,2026-09-24T18:22:00Z,281.205,281.34,281.205,281.33
2026-09-24T18:22:00Z,2026-09-24T18:23:00Z,281.32,281.345,281.275,281.28
2026-09-24T18:23:00Z,2026-09-24T18:24:00Z,281.29,281.455,281.27,281.44
2026-09-24T18:24:00Z,2026-09-24T18:25:00Z,281.435,281.45,281.355,281.41
2026-09-24T18:25:00Z,2026-09-24T18:26:00Z,281.4,281.77,281.38,281.59
2026-09-24T18:26:00Z,2026-09-24T18:27:00Z,281.6,281.9,281.6,281.81
2026-09-24T18:27:00Z,2026-09-24T18:28:00Z,281.82,281.83,281.72,281.77
2026-09-24T18:28:00Z,2026-09-24T18:29:00Z,281.78,281.845,281.69,281.72
2026-09-24T18:29:00Z,2026-09-24T18:30:00Z,281.715,281.805,281.705,281.73
2026-09-24T18:30:00Z,2026-09-24T18:31:00Z,281.725,281.795,281.665,281.775
2026-09-24T18:31:00Z,2026-09-24T18:32:00Z,281.77,281.785,281.57,281.645
2026-09-24T18:32:00Z,2026-09-24T18:33:00Z,281.64,281.65,281.53,281.565
2026-09-24T18:33:00Z,2026-09-24T18:34:00Z,281.57,281.63,281.5,281.515
2026-09-24T18:34:00Z,2026-09-24T18:35:00Z,281.52,281.525,281.41,281.43
2026-09-24T18:35:00Z,2026-09-24T18:36:00Z,281.435,281.445,281.305,281.33
2026-09-24T18:36:00Z,2026-09-24T18:37:00Z,281.325,281.475,281.31,281.46
2026-09-24T18:37:00Z,2026-09-24T18:38:00Z,281.465,281.585,281.455,281.5
2026-09-24T18:38:00Z,2026-09-24T18:39:00Z,281.51,282.05,281.505,282.015
2026-09-24T18:39:00Z,2026-09-24T18:40:00Z,282.01,282.24,281.8,281.86
2026-09-24T18:40:00Z,2026-09-24T18:41:00Z,281.855,281.855,281.63,281.68
2026-09-24T18:41:00Z,2026-09-24T18:42:00Z,281.69,281.785,281.63,281.75
2026-09-24T18:42:00Z,2026-09-24T18:43:00Z,281.76,281.785,281.59,281.65
2026-09-24T18:43:00Z,2026-09-24T18:44:00Z,281.66,281.665,281.53,281.61
2026-09-24T18:44:00Z,2026-09-24T18:45:00Z,281.6,281.715,281.6,281.63
2026-09-24T18:45:00Z,2026-09-24T18:46:00Z,281.62,281.705,281.59,281.59
2026-09-24T18:46:00Z,2026-09-24T18:47:00Z,281.6,281.615,281.53,281.615
2026-09-24T18:47:00Z,2026-09-24T18:48:00Z,281.6,281.63,281.535,281.58
2026-09-24T18:48:00Z,2026-09-24T18:49:00Z,281.57,281.675,281.57,281.635
2026-09-24T18:49:00Z,2026-09-24T18:50:00Z,281.62,281.685,281.595,281.66
2026-09-24T18:50:00Z,2026-09-24T18:51:00Z,281.665,281.94,281.65,281.855
2026-09-24T18:51:00Z,2026-09-24T18:52:00Z,281.86,281.87,281.71,281.815
2026-09-24T18:52:00Z,2026-09-24T18:53:00Z,281.825,281.925,281.805,281.89
2026-09-24T18:53:00Z,2026-09-24T18:54:00Z,281.885,281.89,281.775,281.8
2026-09-24T18:54:00Z,2026-09-24T18:55:00Z,281.81,281.825,281.75,281.76
2026-09-24T18:55:00Z,2026-09-24T18:56:00Z,281.765,281.805,281.74,281.795
2026-09-24T18:56:00Z,2026-09-24T18:57:00Z,281.79,281.925,281.77,281.88
2026-09-24T18:57:00Z,2026-09-24T18:58:00Z,281.88,281.91,281.86,281.865
2026-09-24T18:58:00Z,2026-09-24T18:59:00Z,281.865,281.885,281.82,281.825
2026-09-24T18:59:00Z,2026-09-24T19:00:00Z,281.83,281.84,281.74,281.78
2026-09-24T19:00:00Z,2026-09-24T19:01:00Z,281.77,281.825,281.645,281.695
2026-09-24T19:01:00Z,2026-09-24T19:02:00Z,281.695,281.705,281.515,281.53
2026-09-24T19:02:00Z,2026-09-24T19:03:00Z,281.555,281.585,281.435,281.45
2026-09-24T19:03:00Z,2026-09-24T19:04:00Z,281.46,281.49,281.37,281.375
2026-09-24T19:04:00Z,2026-09-24T19:05:00Z,281.365,281.485,281.355,281.475
2026-09-24T19:05:00Z,2026-09-24T19:06:00Z,281.47,281.515,281.385,281.455
2026-09-24T19:06:00Z,2026-09-24T19:07:00Z,281.46,281.58,281.405,281.525
2026-09-24T19:07:00Z,2026-09-24T19:08:00Z,281.515,281.615,281.51,281.595
2026-09-24T19:08:00Z,2026-09-24T19:09:00Z,281.595,281.68,281.585,281.605
2026-09-24T19:09:00Z,2026-09-24T19:10:00Z,281.61,281.655,281.55,281.63
2026-09-24T19:10:00Z,2026-09-24T19:11:00Z,281.625,281.675,281.465,281.47
2026-09-24T19:11:00Z,2026-09-24T19:12:00Z,281.475,281.48,281.355,281.42
2026-09-24T19:12:00Z,2026-09-24T19:13:00Z,281.415,281.44,281.385,281.41
2026-09-24T19:13:00Z,2026-09-24T19:14:00Z,281.405,281.44,281.335,281.39
2026-09-24T19:14:00Z,2026-09-24T19:15:00Z,281.395,281.395,281.275,281.275
2026-09-24T19:15:00Z,2026-09-24T19:16:00Z,281.275,281.295,281.23,281.295
2026-09-24T19:16:00Z,2026-09-24T19:17:00Z,281.29,281.33,281.24,281.305
2026-09-24T19:17:00Z,2026-09-24T19:18:00Z,281.31,281.345,281.245,281.265
2026-09-24T19:18:00Z,2026-09-24T19:19:00Z,281.275,281.335,281.25,281.255
2026-09-24T19:19:00Z,2026-09-24T19:20:00Z,281.26,281.345,281.245,281.34
2026-09-24T19:20:00Z,2026-09-24T19:21:00Z,281.345,281.345,281.25,281.26
2026-09-24T19:21:00Z,2026-09-24T19:22:00Z,281.265,281.325,281.205,281.32
2026-09-24T19:22:00Z,2026-09-24T19:23:00Z,281.315,281.315,281.24,281.29
2026-09-24T19:23:00Z,2026-09-24T19:24:00Z,281.29,281.38,281.27,281.38
2026-09-24T19:24:00Z,2026-09-24T19:25:00Z,281.375,281.445,281.375,281.395
2026-09-24T19:25:00Z,2026-09-24T19:26:00Z,281.395,281.465,281.395,281.405
2026-09-24T19:26:00Z,2026-09-24T19:27:00Z,281.4,281.455,281.365,281.445
2026-09-24T19:27:00Z,2026-09-24T19:28:00Z,281.435,281.435,281.355,281.355
2026-09-24T19:28:00Z,2026-09-24T19:29:00Z,281.355,281.385,281.32,281.335
2026-09-24T19:29:00Z,2026-09-24T19:30:00Z,281.335,281.375,281.285,281.365
2026-09-24T19:30:00Z,2026-09-24T19:31:00Z,281.36,281.425,281.32,281.395
2026-09-24T19:31:00Z,2026-09-24T19:32:00Z,281.395,281.455,281.335,281.45
2026-09-24T19:32:00Z,2026-09-24T19:33:00Z,281.455,281.485,281.395,281.465
2026-09-24T19:33:00Z,2026-09-24T19:34:00Z,281.465,281.525,281.425,281.525
2026-09-24T19:34:00Z,2026-09-24T19:35:00Z,281.525,281.635,281.525,281.635
2026-09-24T19:35:00Z,2026-09-24T19:36:00Z,281.63,281.655,281.535,281.585
2026-09-24T19:36:00Z,2026-09-24T19:37:00Z,281.575,281.675,281.555,281.655
2026-09-24T19:37:00Z,2026-09-24T19:38:00Z,281.655,281.655,281.53,281.555
2026-09-24T19:38:00Z,2026-09-24T19:39:00Z,281.56,281.625,281.555,281.575
2026-09-24T19:39:00Z,2026-09-24T19:40:00Z,281.58,281.645,281.58,281.645
2026-09-24T19:40:00Z,2026-09-24T19:41:00Z,281.65,281.715,281.605,281.605
2026-09-24T19:41:00Z,2026-09-24T19:42:00Z,281.59,281.68,281.585,281.675
2026-09-24T19:42:00Z,2026-09-24T19:43:00Z,281.685,281.695,281.625,281.63
2026-09-24T19:43:00Z,2026-09-24T19:44:00Z,281.62,281.705,281.605,281.69
2026-09-24T19:44:00Z,2026-09-24T19:45:00Z,281.685,281.745,281.675,281.72
2026-09-24T19:45:00Z,2026-09-24T19:46:00Z,281.71,281.775,281.635,281.685
2026-09-24T19:46:00Z,2026-09-24T19:47:00Z,281.685,281.695,281.56,281.635
2026-09-24T19:47:00Z,2026-09-24T19:48:00Z,281.635,281.675,281.635,281.67
2026-09-24T19:48:00Z,2026-09-24T19:49:00Z,281.665,281.695,281.615,281.645
2026-09-24T19:49:00Z,2026-09-24T19:50:00Z,281.64,281.7,281.615,281.625
2026-09-24T19:50:00Z,2026-09-24T19:51:00Z,281.65,281.725,281.575,281.585
2026-09-24T19:51:00Z,2026-09-24T19:52:00Z,281.595,281.715,281.595,281.685
2026-09-24T19:52:00Z,2026-09-24T19:53:00Z,281.675,281.75,281.63,281.745
2026-09-24T19:53:00Z,2026-09-24T19:54:00Z,281.735,281.845,281.715,281.77
2026-09-24T19:54:00Z,2026-09-24T19:55:00Z,281.765,281.85,281.73,281.805
2026-09-24T19:55:00Z,2026-09-24T19:56:00Z,281.8,281.805,281.62,281.635
2026-09-24T19:56:00Z,2026-09-24T19:57:00Z,281.645,281.705,281.595,281.705
2026-09-24T19:57:00Z,2026-09-24T19:58:00Z,281.715,281.765,281.665,281.685
2026-09-24T19:58:00Z,2026-09-24T19:59:00Z,281.655,281.685,281.605,281.635
2026-09-24T19:59:00Z,2026-09-24T20:00:00Z,281.64,281.72,281.585,281.68
2026-09-25T13:30:00Z,2026-09-25T13:31:00Z,282.33,282.38,282.015,282.22
2026-09-25T13:31:00Z,2026-09-25T13:32:00Z,282.23,282.25,281.955,282.17
2026-09-25T13:32:00Z,2026-09-25T13:33:00Z,282.175,282.335,281.84,281.86
2026-09-25T13:33:00Z,2026-09-25T13:34:00Z,281.835,282.13,281.825,282.035
2026-09-25T13:34:00Z,2026-09-25T13:35:00Z,282.04,282.045,281.82,281.89
2026-09-25T13:35:00Z,2026-09-25T13:36:00Z,281.9,281.965,281.81,281.88
2026-09-25T13:36:00Z,2026-09-25T13:37:00Z,281.87,281.91,281.66,281.75
2026-09-25T13:37:00Z,2026-09-25T13:38:00Z,281.755,282.02,281.63,282
2026-09-25T13:38:00Z,2026-09-25T13:39:00Z,281.99,282.17,281.97,282.155
2026-09-25T13:39:00Z,2026-09-25T13:40:00Z,282.17,282.21,281.875,282.1
2026-09-25T13:40:00Z,2026-09-25T13:41:00Z,282.105,282.23,282.015,282.085
2026-09-25T13:41:00Z,2026-09-25T13:42:00Z,282.09,282.395,281.97,282.37
2026-09-25T13:42:00Z,2026-09-25T13:43:00Z,282.38,282.605,282.31,282.605
2026-09-25T13:43:00Z,2026-09-25T13:44:00Z,282.61,282.69,282.08,282.12
2026-09-25T13:44:00Z,2026-09-25T13:45:00Z,282.125,282.17,281.93,281.975
2026-09-25T13:45:00Z,2026-09-25T13:46:00Z,281.96,281.97,281.74,281.78
2026-09-25T13:46:00Z,2026-09-25T13:47:00Z,281.79,281.82,281.63,281.695
2026-09-25T13:47:00Z,2026-09-25T13:48:00Z,281.69,281.71,281.55,281.61
2026-09-25T13:48:00Z,2026-09-25T13:49:00Z,281.6,281.725,281.415,281.535
2026-09-25T13:49:00Z,2026-09-25T13:50:00Z,281.54,281.835,281.535,281.8
2026-09-25T13:50:00Z,2026-09-25T13:51:00Z,281.79,281.79,281.64,281.69
2026-09-25T13:51:00Z,2026-09-25T13:52:00Z,281.685,281.785,281.575,281.73
2026-09-25T13:52:00Z,2026-09-25T13:53:00Z,281.725,281.73,281.56,281.6
2026-09-25T13:53:00Z,2026-09-25T13:54:00Z,281.605,281.88,281.58,281.87
2026-09-25T13:54:00Z,2026-09-25T13:55:00Z,281.86,282.045,281.805,281.975
2026-09-25T13:55:00Z,2026-09-25T13:56:00Z,281.985,282.02,281.83,281.895
2026-09-25T13:56:00Z,2026-09-25T13:57:00Z,281.905,282.085,281.88,282.065
2026-09-25T13:57:00Z,2026-09-25T13:58:00Z,282.075,282.165,282.005,282.11
2026-09-25T13:58:00Z,2026-09-25T13:59:00Z,282.115,282.135,281.99,282.015
2026-09-25T13:59:00Z,2026-09-25T14:00:00Z,282.02,282.03,281.82,281.875
2026-09-25T14:00:00Z,2026-09-25T14:01:00Z,281.885,281.94,281.55,281.62
2026-09-25T14:01:00Z,2026-09-25T14:02:00Z,281.635,281.66,281.39,281.47
2026-09-25T14:02:00Z,2026-09-25T14:03:00Z,281.495,281.495,281.245,281.265
2026-09-25T14:03:00Z,2026-09-25T14:04:00Z,281.255,281.255,280.955,281.075
2026-09-25T14:04:00Z,2026-09-25T14:05:00Z,281.07,281.15,280.78,280.795
2026-09-25T14:05:00Z,2026-09-25T14:06:00Z,280.8,280.8,280.495,280.495
2026-09-25T14:06:00Z,2026-09-25T14:07:00Z,280.505,280.775,280.455,280.7
2026-09-25T14:07:00Z,2026-09-25T14:08:00Z,280.69,280.84,280.64,280.68
2026-09-25T14:08:00Z,2026-09-25T14:09:00Z,280.675,280.975,280.635,280.975
2026-09-25T14:09:00Z,2026-09-25T14:10:00Z,280.97,281.04,280.855,281.03
2026-09-25T14:10:00Z,2026-09-25T14:11:00Z,281.02,281.18,280.94,280.95
2026-09-25T14:11:00Z,2026-09-25T14:12:00Z,280.955,281.23,280.865,281.18
2026-09-25T14:12:00Z,2026-09-25T14:13:00Z,281.185,281.185,280.91,281.1
2026-09-25T14:13:00Z,2026-09-25T14:14:00Z,281.09,281.235,280.995,281.04
2026-09-25T14:14:00Z,2026-09-25T14:15:00Z,281.035,281.1,280.875,280.995
2026-09-25T14:15:00Z,2026-09-25T14:16:00Z,280.98,281.145,280.71,281.02
2026-09-25T14:16:00Z,2026-09-25T14:17:00Z,281.015,281.05,280.64,280.68
2026-09-25T14:17:00Z,2026-09-25T14:18:00Z,280.675,280.71,280.59,280.66
2026-09-25T14:18:00Z,2026-09-25T14:19:00Z,280.65,280.815,280.54,280.575
2026-09-25T14:19:00Z,2026-09-25T14:20:00Z,280.58,280.95,280.515,280.9
2026-09-25T14:20:00Z,2026-09-25T14:21:00Z,280.91,281.14,280.875,281.12
2026-09-25T14:21:00Z,2026-09-25T14:22:00Z,281.1,281.17,280.995,281.075
2026-09-25T14:22:00Z,2026-09-25T14:23:00Z,281.08,281.31,281.06,281.235
2026-09-25T14:23:00Z,2026-09-25T14:24:00Z,281.23,281.34,281.16,281.29
2026-09-25T14:24:00Z,2026-09-25T14:25:00Z,281.285,281.37,281.135,281.25
2026-09-25T14:25:00Z,2026-09-25T14:26:00Z,281.255,281.3,281.145,281.275
2026-09-25T14:26:00Z,2026-09-25T14:27:00Z,281.28,281.29,281.1,281.165
2026-09-25T14:27:00Z,2026-09-25T14:28:00Z,281.17,281.175,281.01,281.025
2026-09-25T14:28:00Z,2026-09-25T14:29:00Z,281.02,281.05,280.79,280.91
2026-09-25T14:29:00Z,2026-09-25T14:30:00Z,280.905,281.045,280.835,280.855
2026-09-25T14:30:00Z,2026-09-25T14:31:00Z,280.86,280.9,280.69,280.87
2026-09-25T14:31:00Z,2026-09-25T14:32:00Z,280.865,280.93,280.775,280.84
2026-09-25T14:32:00Z,2026-09-25T14:33:00Z,280.835,280.905,280.745,280.84
2026-09-25T14:33:00Z,2026-09-25T14:34:00Z,280.83,280.835,280.685,280.72
2026-09-25T14:34:00Z,2026-09-25T14:35:00Z,280.725,280.925,280.715,280.86
2026-09-25T14:35:00Z,2026-09-25T14:36:00Z,280.86,280.96,280.71,280.93
2026-09-25T14:36:00Z,2026-09-25T14:37:00Z,280.925,281.015,280.84,280.875
2026-09-25T14:37:00Z,2026-09-25T14:38:00Z,280.865,281.035,280.86,281.005
2026-09-25T14:38:00Z,2026-09-25T14:39:00Z,281,281.105,280.885,280.95
2026-09-25T14:39:00Z,2026-09-25T14:40:00Z,280.93,281.035,280.92,280.92
2026-09-25T14:40:00Z,2026-09-25T14:41:00Z,280.91,280.95,280.78,280.805
2026-09-25T14:41:00Z,2026-09-25T14:42:00Z,280.805,280.885,280.685,280.71
2026-09-25T14:42:00Z,2026-09-25T14:43:00Z,280.705,280.89,280.63,280.865
2026-09-25T14:43:00Z,2026-09-25T14:44:00Z,280.855,280.9,280.73,280.765
2026-09-25T14:44:00Z,2026-09-25T14:45:00Z,280.79,280.92,280.725,280.915
2026-09-25T14:45:00Z,2026-09-25T14:46:00Z,280.91,280.915,280.75,280.85
2026-09-25T14:46:00Z,2026-09-25T14:47:00Z,280.845,281.07,280.675,280.93
2026-09-25T14:47:00Z,2026-09-25T14:48:00Z,280.92,281.14,280.875,281.02
2026-09-25T14:48:00Z,2026-09-25T14:49:00Z,281.015,281.05,280.765,280.77
2026-09-25T14:49:00Z,2026-09-25T14:50:00Z,280.765,281.065,280.76,281.005
2026-09-25T14:50:00Z,2026-09-25T14:51:00Z,281.01,281.035,280.92,280.97
2026-09-25T14:51:00Z,2026-09-25T14:52:00Z,280.975,280.99,280.595,280.595
2026-09-25T14:52:00Z,2026-09-25T14:53:00Z,280.61,280.65,280.525,280.58
2026-09-25T14:53:00Z,2026-09-25T14:54:00Z,280.59,280.72,280.56,280.635
2026-09-25T14:54:00Z,2026-09-25T14:55:00Z,280.64,280.875,280.64,280.85
2026-09-25T14:55:00Z,2026-09-25T14:56:00Z,280.845,280.905,280.8,280.875
2026-09-25T14:56:00Z,2026-09-25T14:57:00Z,280.865,280.98,280.845,280.85
2026-09-25T14:57:00Z,2026-09-25T14:58:00Z,280.86,280.97,280.82,280.84
2026-09-25T14:58:00Z,2026-09-25T14:59:00Z,280.83,280.965,280.7,280.94
2026-09-25T14:59:00Z,2026-09-25T15:00:00Z,280.94,281.06,280.935,281.045
2026-09-25T15:00:00Z,2026-09-25T15:01:00Z,281.05,281.175,281,281.155
2026-09-25T15:01:00Z,2026-09-25T15:02:00Z,281.16,281.265,281.125,281.245
2026-09-25T15:02:00Z,2026-09-25T15:03:00Z,281.25,281.45,281.25,281.37
2026-09-25T15:03:00Z,2026-09-25T15:04:00Z,281.38,281.545,281.38,281.455
2026-09-25T15:04:00Z,2026-09-25T15:05:00Z,281.45,281.69,281.425,281.55
2026-09-25T15:05:00Z,2026-09-25T15:06:00Z,281.56,281.7,281.555,281.7
2026-09-25T15:06:00Z,2026-09-25T15:07:00Z,281.695,281.805,281.675,281.775
2026-09-25T15:07:00Z,2026-09-25T15:08:00Z,281.78,281.835,281.61,281.63
2026-09-25T15:08:00Z,2026-09-25T15:09:00Z,281.64,281.67,281.43,281.47
2026-09-25T15:09:00Z,2026-09-25T15:10:00Z,281.475,281.485,281.295,281.34
2026-09-25T15:10:00Z,2026-09-25T15:11:00Z,281.35,281.36,281.17,281.22
2026-09-25T15:11:00Z,2026-09-25T15:12:00Z,281.215,281.27,281.15,281.205
2026-09-25T15:12:00Z,2026-09-25T15:13:00Z,281.21,281.31,281.15,281.31
2026-09-25T15:13:00Z,2026-09-25T15:14:00Z,281.325,281.465,281.32,281.44
2026-09-25T15:14:00Z,2026-09-25T15:15:00Z,281.445,281.51,281.415,281.48
2026-09-25T15:15:00Z,2026-09-25T15:16:00Z,281.485,281.49,281.34,281.385
2026-09-25T15:16:00Z,2026-09-25T15:17:00Z,281.385,281.43,281.33,281.42
2026-09-25T15:17:00Z,2026-09-25T15:18:00Z,281.425,281.48,281.35,281.375
2026-09-25T15:18:00Z,2026-09-25T15:19:00Z,281.39,281.515,281.38,281.475
2026-09-25T15:19:00Z,2026-09-25T15:20:00Z,281.485,281.485,281.29,281.33
2026-09-25T15:20:00Z,2026-09-25T15:21:00Z,281.35,281.535,281.33,281.515
2026-09-25T15:21:00Z,2026-09-25T15:22:00Z,281.52,281.785,281.42,281.565
2026-09-25T15:22:00Z,2026-09-25T15:23:00Z,281.575,281.685,281.53,281.63
2026-09-25T15:23:00Z,2026-09-25T15:24:00Z,281.635,281.66,281.535,281.55
2026-09-25T15:24:00Z,2026-09-25T15:25:00Z,281.545,281.58,281.415,281.425
2026-09-25T15:25:00Z,2026-09-25T15:26:00Z,281.43,281.52,281.36,281.36
2026-09-25T15:26:00Z,2026-09-25T15:27:00Z,281.355,281.52,281.31,281.52
2026-09-25T15:27:00Z,2026-09-25T15:28:00Z,281.505,281.525,281.38,281.425
2026-09-25T15:28:00Z,2026-09-25T15:29:00Z,281.445,281.445,281.35,281.42
2026-09-25T15:29:00Z,2026-09-25T15:30:00Z,281.43,281.48,281.36,281.42
2026-09-25T15:30:00Z,2026-09-25T15:31:00Z,281.43,281.945,281.41,281.63
2026-09-25T15:31:00Z,2026-09-25T15:32:00Z,281.645,281.715,281.545,281.715
2026-09-25T15:32:00Z,2026-09-25T15:33:00Z,281.71,281.815,281.66,281.72
2026-09-25T15:33:00Z,2026-09-25T15:34:00Z,281.715,281.73,281.575,281.65
2026-09-25T15:34:00Z,2026-09-25T15:35:00Z,281.645,281.69,281.44,281.445
2026-09-25T15:35:00Z,2026-09-25T15:36:00Z,281.45,281.55,281.415,281.53
2026-09-25T15:36:00Z,2026-09-25T15:37:00Z,281.525,281.58,281.465,281.52
2026-09-25T15:37:00Z,2026-09-25T15:38:00Z,281.53,281.585,281.465,281.555
2026-09-25T15:38:00Z,2026-09-25T15:39:00Z,281.56,281.565,281.355,281.375
2026-09-25T15:39:00Z,2026-09-25T15:40:00Z,281.365,281.37,281.285,281.31
2026-09-25T15:40:00Z,2026-09-25T15:41:00Z,281.32,281.355,281.235,281.335
2026-09-25T15:41:00Z,2026-09-25T15:42:00Z,281.34,281.37,281.255,281.305
2026-09-25T15:42:00Z,2026-09-25T15:43:00Z,281.305,281.33,281.155,281.2
2026-09-25T15:43:00Z,2026-09-25T15:44:00Z,281.19,281.205,281.1,281.105
2026-09-25T15:44:00Z,2026-09-25T15:45:00Z,281.105,281.13,280.98,280.985
2026-09-25T15:45:00Z,2026-09-25T15:46:00Z,280.98,281.02,280.915,280.915
2026-09-25T15:46:00Z,2026-09-25T15:47:00Z,280.91,281.06,280.845,281.055
2026-09-25T15:47:00Z,2026-09-25T15:48:00Z,281.055,281.115,281.035,281.085
2026-09-25T15:48:00Z,2026-09-25T15:49:00Z,281.09,281.18,281.035,281.115
2026-09-25T15:49:00Z,2026-09-25T15:50:00Z,281.11,281.175,281.1,281.17
2026-09-25T15:50:00Z,2026-09-25T15:51:00Z,281.175,281.215,281.12,281.145
2026-09-25T15:51:00Z,2026-09-25T15:52:00Z,281.13,281.13,280.84,280.845
2026-09-25T15:52:00Z,2026-09-25T15:53:00Z,280.84,280.905,280.795,280.885
2026-09-25T15:53:00Z,2026-09-25T15:54:00Z,280.89,280.965,280.875,280.96
2026-09-25T15:54:00Z,2026-09-25T15:55:00Z,280.955,281.4,280.94,281.26
2026-09-25T15:55:00Z,2026-09-25T15:56:00Z,281.27,281.49,281.245,281.31
2026-09-25T15:56:00Z,2026-09-25T15:57:00Z,281.315,281.43,281.22,281.42
2026-09-25T15:57:00Z,2026-09-25T15:58:00Z,281.425,281.52,281.405,281.495
2026-09-25T15:58:00Z,2026-09-25T15:59:00Z,281.485,281.945,281.47,281.875
2026-09-25T15:59:00Z,2026-09-25T16:00:00Z,281.87,282.17,281.82,282.145
2026-09-25T16:00:00Z,2026-09-25T16:01:00Z,282.165,282.5,282.035,282.475
2026-09-25T16:01:00Z,2026-09-25T16:02:00Z,282.48,282.67,282.385,282.42
2026-09-25T16:02:00Z,2026-09-25T16:03:00Z,282.425,282.84,282.425,282.84
2026-09-25T16:03:00Z,2026-09-25T16:04:00Z,282.835,283.22,282.745,283.21
2026-09-25T16:04:00Z,2026-09-25T16:05:00Z,283.215,283.235,282.83,283.115
2026-09-25T16:05:00Z,2026-09-25T16:06:00Z,283.1,283.245,282.95,283.185
2026-09-25T16:06:00Z,2026-09-25T16:07:00Z,283.185,283.265,282.905,283.24
2026-09-25T16:07:00Z,2026-09-25T16:08:00Z,283.235,283.335,283.175,283.23
2026-09-25T16:08:00Z,2026-09-25T16:09:00Z,283.235,283.415,283.165,283.325
2026-09-25T16:09:00Z,2026-09-25T16:10:00Z,283.325,283.415,283.16,283.38
2026-09-25T16:10:00Z,2026-09-25T16:11:00Z,283.385,283.525,283.31,283.31
2026-09-25T16:11:00Z,2026-09-25T16:12:00Z,283.29,283.365,283.19,283.345
2026-09-25T16:12:00Z,2026-09-25T16:13:00Z,283.34,283.49,283.27,283.31
2026-09-25T16:13:00Z,2026-09-25T16:14:00Z,283.295,283.375,283.22,283.26
2026-09-25T16:14:00Z,2026-09-25T16:15:00Z,283.255,283.28,283.045,283.22
2026-09-25T16:15:00Z,2026-09-25T16:16:00Z,283.21,283.295,283.11,283.295
2026-09-25T16:16:00Z,2026-09-25T16:17:00Z,283.295,283.335,283.155,283.29
2026-09-25T16:17:00Z,2026-09-25T16:18:00Z,283.285,283.465,283.01,283.02
2026-09-25T16:18:00Z,2026-09-25T16:19:00Z,283.01,283.025,282.87,282.91
2026-09-25T16:19:00Z,2026-09-25T16:20:00Z,282.905,283.025,282.77,283.005
2026-09-25T16:20:00Z,2026-09-25T16:21:00Z,283,283.05,282.85,282.88
2026-09-25T16:21:00Z,2026-09-25T16:22:00Z,282.885,282.96,282.76,282.85
2026-09-25T16:22:00Z,2026-09-25T16:23:00Z,282.845,282.87,282.68,282.775
2026-09-25T16:23:00Z,2026-09-25T16:24:00Z,282.785,282.87,282.69,282.72
2026-09-25T16:24:00Z,2026-09-25T16:25:00Z,282.73,282.805,282.67,282.74
2026-09-25T16:25:00Z,2026-09-25T16:26:00Z,282.745,282.965,282.71,282.84
2026-09-25T16:26:00Z,2026-09-25T16:27:00Z,282.845,283.135,282.84,283.125
2026-09-25T16:27:00Z,2026-09-25T16:28:00Z,283.115,283.155,282.92,282.965
2026-09-25T16:28:00Z,2026-09-25T16:29:00Z,282.97,282.99,282.895,282.95
2026-09-25T16:29:00Z,2026-09-25T16:30:00Z,282.94,283.05,282.94,283.005
2026-09-25T16:30:00Z,2026-09-25T16:31:00Z,283.01,283.12,282.975,283.11
2026-09-25T16:31:00Z,2026-09-25T16:32:00Z,283.12,283.12,283,283.025
2026-09-25T16:32:00Z,2026-09-25T16:33:00Z,283.03,283.135,283.015,283.1
2026-09-25T16:33:00Z,2026-09-25T16:34:00Z,283.105,283.135,283.015,283.05
2026-09-25T16:34:00Z,2026-09-25T16:35:00Z,283.045,283.045,282.365,282.55
2026-09-25T16:35:00Z,2026-09-25T16:36:00Z,282.555,282.785,282.555,282.77
2026-09-25T16:36:00Z,2026-09-25T16:37:00Z,282.76,282.78,282.625,282.77
2026-09-25T16:37:00Z,2026-09-25T16:38:00Z,282.78,282.945,282.69,282.72
2026-09-25T16:38:00Z,2026-09-25T16:39:00Z,282.725,282.74,282.555,282.7
2026-09-25T16:39:00Z,2026-09-25T16:40:00Z,282.695,282.805,282.655,282.675
2026-09-25T16:40:00Z,2026-09-25T16:41:00Z,282.68,282.715,282.57,282.58
2026-09-25T16:41:00Z,2026-09-25T16:42:00Z,282.595,282.63,282.505,282.625
2026-09-25T16:42:00Z,2026-09-25T16:43:00Z,282.64,282.825,282.635,282.695
2026-09-25T16:43:00Z,2026-09-25T16:44:00Z,282.7,282.755,282.64,282.69
2026-09-25T16:44:00Z,2026-09-25T16:45:00Z,282.7,282.78,282.67,282.685
2026-09-25T16:45:00Z,2026-09-25T16:46:00Z,282.68,282.685,282.45,282.53
2026-09-25T16:46:00Z,2026-09-25T16:47:00Z,282.525,282.6,282.515,282.56
2026-09-25T16:47:00Z,2026-09-25T16:48:00Z,282.565,282.575,282.505,282.51
2026-09-25T16:48:00Z,2026-09-25T16:49:00Z,282.51,282.56,282.35,282.36
2026-09-25T16:49:00Z,2026-09-25T16:50:00Z,282.365,282.465,282.315,282.425
2026-09-25T16:50:00Z,2026-09-25T16:51:00Z,282.435,282.49,282.4,282.405
2026-09-25T16:51:00Z,2026-09-25T16:52:00Z,282.41,282.42,282.35,282.41
2026-09-25T16:52:00Z,2026-09-25T16:53:00Z,282.405,282.43,282.35,282.41
2026-09-25T16:53:00Z,2026-09-25T16:54:00Z,282.415,282.46,282.385,282.41
2026-09-25T16:54:00Z,2026-09-25T16:55:00Z,282.415,282.465,282.39,282.45
2026-09-25T16:55:00Z,2026-09-25T16:56:00Z,282.45,282.48,282.395,282.42
2026-09-25T16:56:00Z,2026-09-25T16:57:00Z,282.415,282.49,282.365,282.38
2026-09-25T16:57:00Z,2026-09-25T16:58:00Z,282.385,282.385,282.305,282.325
2026-09-25T16:58:00Z,2026-09-25T16:59:00Z,282.315,282.32,282.285,282.305
2026-09-25T16:59:00Z,2026-09-25T17:00:00Z,282.31,282.335,282.17,282.25
2026-09-25T17:00:00Z,2026-09-25T17:01:00Z,282.255,282.27,282.245,282.245
2026-09-25T17:01:00Z,2026-09-25T17:02:00Z,282.245,282.515,282.245,282.485
2026-09-25T17:02:00Z,2026-09-25T17:03:00Z,282.49,282.515,282.42,282.46
2026-09-25T17:03:00Z,2026-09-25T17:04:00Z,282.465,282.47,282.375,282.39
2026-09-25T17:04:00Z,2026-09-25T17:05:00Z,282.385,282.43,282.355,282.405
2026-09-25T17:05:00Z,2026-09-25T17:06:00Z,282.41,282.43,282.34,282.345
2026-09-25T17:06:00Z,2026-09-25T17:07:00Z,282.34,282.39,282.3,282.31
2026-09-25T17:07:00Z,2026-09-25T17:08:00Z,282.315,282.375,282.285,282.335
2026-09-25T17:08:00Z,2026-09-25T17:09:00Z,282.34,282.35,282.195,282.295
2026-09-25T17:09:00Z,2026-09-25T17:10:00Z,282.295,282.445,282.295,282.425
2026-09-25T17:10:00Z,2026-09-25T17:11:00Z,282.43,282.43,282.325,282.355
2026-09-25T17:11:00Z,2026-09-25T17:12:00Z,282.355,282.37,282.295,282.3
2026-09-25T17:12:00Z,2026-09-25T17:13:00Z,282.31,282.335,282.215,282.31
2026-09-25T17:13:00Z,2026-09-25T17:14:00Z,282.305,282.405,282.3,282.335
2026-09-25T17:14:00Z,2026-09-25T17:15:00Z,282.34,282.37,282.315,282.37
2026-09-25T17:15:00Z,2026-09-25T17:16:00Z,282.375,282.395,282.27,282.295
2026-09-25T17:16:00Z,2026-09-25T17:17:00Z,282.295,282.295,282.195,282.25
2026-09-25T17:17:00Z,2026-09-25T17:18:00Z,282.255,282.295,282.21,282.21
2026-09-25T17:18:00Z,2026-09-25T17:19:00Z,282.21,282.215,282.09,282.155
2026-09-25T17:19:00Z,2026-09-25T17:20:00Z,282.155,282.215,282.125,282.155
2026-09-25T17:20:00Z,2026-09-25T17:21:00Z,282.155,282.19,282.115,282.12
2026-09-25T17:21:00Z,2026-09-25T17:22:00Z,282.115,282.165,282.07,282.145
2026-09-25T17:22:00Z,2026-09-25T17:23:00Z,282.145,282.175,282.145,282.165
2026-09-25T17:23:00Z,2026-09-25T17:24:00Z,282.17,282.225,282.14,282.215
2026-09-25T17:24:00Z,2026-09-25T17:25:00Z,282.21,282.285,282.195,282.265
2026-09-25T17:25:00Z,2026-09-25T17:26:00Z,282.27,282.295,282.21,282.245
2026-09-25T17:26:00Z,2026-09-25T17:27:00Z,282.245,282.255,282.19,282.2
2026-09-25T17:27:00Z,2026-09-25T17:28:00Z,282.195,282.215,282.15,282.16
2026-09-25T17:28:00Z,2026-09-25T17:29:00Z,282.155,282.17,282.1,282.115
2026-09-25T17:29:00Z,2026-09-25T17:30:00Z,282.125,282.15,282.1,282.115
2026-09-25T17:30:00Z,2026-09-25T17:31:00Z,282.115,282.165,282.065,282.16
2026-09-25T17:31:00Z,2026-09-25T17:32:00Z,282.165,282.165,281.93,281.935
2026-09-25T17:32:00Z,2026-09-25T17:33:00Z,281.945,282.05,281.945,282.045
2026-09-25T17:33:00Z,2026-09-25T17:34:00Z,282.045,282.08,281.965,281.965
2026-09-25T17:34:00Z,2026-09-25T17:35:00Z,281.97,281.975,281.835,281.925
2026-09-25T17:35:00Z,2026-09-25T17:36:00Z,281.925,281.925,281.8,281.815
2026-09-25T17:36:00Z,2026-09-25T17:37:00Z,281.81,281.835,281.735,281.74
2026-09-25T17:37:00Z,2026-09-25T17:38:00Z,281.715,281.73,281.665,281.68
2026-09-25T17:38:00Z,2026-09-25T17:39:00Z,281.675,281.76,281.675,281.7
2026-09-25T17:39:00Z,2026-09-25T17:40:00Z,281.72,281.945,281.715,281.845
2026-09-25T17:40:00Z,2026-09-25T17:41:00Z,281.865,281.955,281.8,281.84
2026-09-25T17:41:00Z,2026-09-25T17:42:00Z,281.835,282.025,281.815,281.975
2026-09-25T17:42:00Z,2026-09-25T17:43:00Z,281.975,282.065,281.975,282.025
2026-09-25T17:43:00Z,2026-09-25T17:44:00Z,282.02,282.045,281.985,282.035
2026-09-25T17:44:00Z,2026-09-25T17:45:00Z,282.035,282.085,281.935,281.965
2026-09-25T17:45:00Z,2026-09-25T17:46:00Z,281.965,282,281.915,281.975
2026-09-25T17:46:00Z,2026-09-25T17:47:00Z,281.985,282.045,281.98,281.995
2026-09-25T17:47:00Z,2026-09-25T17:48:00Z,281.995,282.02,281.93,281.935
2026-09-25T17:48:00Z,2026-09-25T17:49:00Z,281.935,282.02,281.925,281.98
2026-09-25T17:49:00Z,2026-09-25T17:50:00Z,281.985,282.045,281.97,282.005
2026-09-25T17:50:00Z,2026-09-25T17:51:00Z,281.995,282.02,281.945,281.955
2026-09-25T17:51:00Z,2026-09-25T17:52:00Z,281.96,281.965,281.885,281.915
2026-09-25T17:52:00Z,2026-09-25T17:53:00Z,281.905,281.915,281.82,281.825
2026-09-25T17:53:00Z,2026-09-25T17:54:00Z,281.825,281.895,281.805,281.885
2026-09-25T17:54:00Z,2026-09-25T17:55:00Z,281.885,281.895,281.8,281.84
2026-09-25T17:55:00Z,2026-09-25T17:56:00Z,281.835,281.865,281.81,281.865
2026-09-25T17:56:00Z,2026-09-25T17:57:00Z,281.86,281.91,281.86,281.89
2026-09-25T17:57:00Z,2026-09-25T17:58:00Z,281.885,281.885,281.86,281.885
2026-09-25T17:58:00Z,2026-09-25T17:59:00Z,281.895,281.97,281.895,281.965
2026-09-25T17:59:00Z,2026-09-25T18:00:00Z,281.965,282.005,281.965,281.995
2026-09-25T18:00:00Z,2026-09-25T18:01:00Z,282,282.005,281.905,281.915
2026-09-25T18:01:00Z,2026-09-25T18:02:00Z,281.925,281.925,281.865,281.885
2026-09-25T18:02:00Z,2026-09-25T18:03:00Z,281.895,281.975,281.885,281.955
2026-09-25T18:03:00Z,2026-09-25T18:04:00Z,281.955,281.955,281.9,281.9
2026-09-25T18:04:00Z,2026-09-25T18:05:00Z,281.905,281.915,281.85,281.85
2026-09-25T18:05:00Z,2026-09-25T18:06:00Z,281.855,281.905,281.82,281.825
2026-09-25T18:06:00Z,2026-09-25T18:07:00Z,281.825,281.885,281.825,281.845
2026-09-25T18:07:00Z,2026-09-25T18:08:00Z,281.85,281.865,281.83,281.855
2026-09-25T18:08:00Z,2026-09-25T18:09:00Z,281.86,281.93,281.855,281.925
2026-09-25T18:09:00Z,2026-09-25T18:10:00Z,281.925,281.935,281.885,281.935
2026-09-25T18:10:00Z,2026-09-25T18:11:00Z,281.935,281.935,281.885,281.885
2026-09-25T18:11:00Z,2026-09-25T18:12:00Z,281.885,281.885,281.82,281.875
2026-09-25T18:12:00Z,2026-09-25T18:13:00Z,281.875,281.955,281.835,281.955
2026-09-25T18:13:00Z,2026-09-25T18:14:00Z,281.955,282.035,281.955,282.035
2026-09-25T18:14:00Z,2026-09-25T18:15:00Z,282.055,282.095,282.015,282.085
2026-09-25T18:15:00Z,2026-09-25T18:16:00Z,282.085,282.125,282.075,282.115
2026-09-25T18:16:00Z,2026-09-25T18:17:00Z,282.115,282.155,282.065,282.08
2026-09-25T18:17:00Z,2026-09-25T18:18:00Z,282.085,282.115,282.065,282.115
2026-09-25T18:18:00Z,2026-09-25T18:19:00Z,282.115,282.15,282.075,282.095
2026-09-25T18:19:00Z,2026-09-25T18:20:00Z,282.1,282.125,282.065,282.125
2026-09-25T18:20:00Z,2026-09-25T18:21:00Z,282.115,282.145,282.095,282.125
2026-09-25T18:21:00Z,2026-09-25T18:22:00Z,282.115,282.13,282.06,282.065
2026-09-25T18:22:00Z,2026-09-25T18:23:00Z,282.065,282.105,282.055,282.07
2026-09-25T18:23:00Z,2026-09-25T18:24:00Z,282.065,282.145,282.065,282.135
2026-09-25T18:24:00Z,2026-09-25T18:25:00Z,282.135,282.205,282.135,282.185
2026-09-25T18:25:00Z,2026-09-25T18:26:00Z,282.185,282.265,282.175,282.245
2026-09-25T18:26:00Z,2026-09-25T18:27:00Z,282.245,282.265,281.99,282.035
2026-09-25T18:27:00Z,2026-09-25T18:28:00Z,282.025,282.075,281.85,281.905
2026-09-25T18:28:00Z,2026-09-25T18:29:00Z,281.9,282.025,281.875,282.005
2026-09-25T18:29:00Z,2026-09-25T18:30:00Z,282.015,282.075,281.96,282.075
2026-09-25T18:30:00Z,2026-09-25T18:31:00Z,282.075,282.165,282.045,282.125
2026-09-25T18:31:00Z,2026-09-25T18:32:00Z,282.14,282.21,282.095,282.105
2026-09-25T18:32:00Z,2026-09-25T18:33:00Z,282.115,282.19,282.08,282.085
2026-09-25T18:33:00Z,2026-09-25T18:34:00Z,282.1,282.115,282.02,282.085
2026-09-25T18:34:00Z,2026-09-25T18:35:00Z,282.085,282.11,282.04,282.065
2026-09-25T18:35:00Z,2026-09-25T18:36:00Z,282.06,282.135,282.015,282.125
2026-09-25T18:36:00Z,2026-09-25T18:37:00Z,282.135,282.175,282.125,282.175
2026-09-25T18:37:00Z,2026-09-25T18:38:00Z,282.175,282.175,281.955,281.99
2026-09-25T18:38:00Z,2026-09-25T18:39:00Z,281.985,282.015,281.945,282.01
2026-09-25T18:39:00Z,2026-09-25T18:40:00Z,282.005,282.01,281.935,281.935
2026-09-25T18:40:00Z,2026-09-25T18:41:00Z,281.945,281.975,281.905,281.945
2026-09-25T18:41:00Z,2026-09-25T18:42:00Z,281.955,282.01,281.93,282.005
2026-09-25T18:42:00Z,2026-09-25T18:43:00Z,282.005,282.035,281.995,282.035
2026-09-25T18:43:00Z,2026-09-25T18:44:00Z,282.045,282.045,281.995,282.005
2026-09-25T18:44:00Z,2026-09-25T18:45:00Z,282.005,282.065,281.995,282.055
2026-09-25T18:45:00Z,2026-09-25T18:46:00Z,282.055,282.115,282.05,282.065
2026-09-25T18:46:00Z,2026-09-25T18:47:00Z,282.065,282.105,282.055,282.075
2026-09-25T18:47:00Z,2026-09-25T18:48:00Z,282.08,282.1,282.03,282.07
2026-09-25T18:48:00Z,2026-09-25T18:49:00Z,282.07,282.145,282.065,282.145
2026-09-25T18:49:00Z,2026-09-25T18:50:00Z,282.145,282.175,282.125,282.145
2026-09-25T18:50:00Z,2026-09-25T18:51:00Z,282.15,282.205,282.125,282.175
2026-09-25T18:51:00Z,2026-09-25T18:52:00Z,282.175,282.205,282.135,282.175
2026-09-25T18:52:00Z,2026-09-25T18:53:00Z,282.175,282.235,282.175,282.235
2026-09-25T18:53:00Z,2026-09-25T18:54:00Z,282.24,282.245,282.205,282.215
2026-09-25T18:54:00Z,2026-09-25T18:55:00Z,282.21,282.225,282.135,282.145
2026-09-25T18:55:00Z,2026-09-25T18:56:00Z,282.145,282.185,282.145,282.155
2026-09-25T18:56:00Z,2026-09-25T18:57:00Z,282.165,282.175,282.11,282.145
2026-09-25T18:57:00Z,2026-09-25T18:58:00Z,282.14,282.2,282.115,282.195
2026-09-25T18:58:00Z,2026-09-25T18:59:00Z,282.195,282.255,282.185,282.245
2026-09-25T18:59:00Z,2026-09-25T19:00:00Z,282.25,282.265,282.225,282.25
2026-09-25T19:00:00Z,2026-09-25T19:01:00Z,282.255,282.335,282.215,282.255
2026-09-25T19:01:00Z,2026-09-25T19:02:00Z,282.265,282.38,282.235,282.265
2026-09-25T19:02:00Z,2026-09-25T19:03:00Z,282.27,282.285,282.14,282.155
2026-09-25T19:03:00Z,2026-09-25T19:04:00Z,282.16,282.16,282.065,282.145
2026-09-25T19:04:00Z,2026-09-25T19:05:00Z,282.15,282.205,282.145,282.18
2026-09-25T19:05:00Z,2026-09-25T19:06:00Z,282.175,282.275,282.165,282.235
2026-09-25T19:06:00Z,2026-09-25T19:07:00Z,282.235,282.255,282.205,282.215
2026-09-25T19:07:00Z,2026-09-25T19:08:00Z,282.215,282.345,282.185,282.345
2026-09-25T19:08:00Z,2026-09-25T19:09:00Z,282.345,282.365,282.3,282.315
2026-09-25T19:09:00Z,2026-09-25T19:10:00Z,282.315,282.335,282.295,282.315
2026-09-25T19:10:00Z,2026-09-25T19:11:00Z,282.315,282.355,282.3,282.345
2026-09-25T19:11:00Z,2026-09-25T19:12:00Z,282.345,282.385,282.305,282.375
2026-09-25T19:12:00Z,2026-09-25T19:13:00Z,282.375,282.455,282.365,282.435
2026-09-25T19:13:00Z,2026-09-25T19:14:00Z,282.445,282.45,282.405,282.445
2026-09-25T19:14:00Z,2026-09-25T19:15:00Z,282.445,282.495,282.435,282.465
2026-09-25T19:15:00Z,2026-09-25T19:16:00Z,282.475,282.505,282.445,282.455
2026-09-25T19:16:00Z,2026-09-25T19:17:00Z,282.46,282.475,282.4,282.415
2026-09-25T19:17:00Z,2026-09-25T19:18:00Z,282.425,282.43,282.375,282.375
2026-09-25T19:18:00Z,2026-09-25T19:19:00Z,282.38,282.425,282.375,282.425
2026-09-25T19:19:00Z,2026-09-25T19:20:00Z,282.395,282.405,282.315,282.315
2026-09-25T19:20:00Z,2026-09-25T19:21:00Z,282.32,282.365,282.295,282.305
2026-09-25T19:21:00Z,2026-09-25T19:22:00Z,282.3,282.365,282.3,282.335
2026-09-25T19:22:00Z,2026-09-25T19:23:00Z,282.33,282.405,282.325,282.355
2026-09-25T19:23:00Z,2026-09-25T19:24:00Z,282.36,282.385,282.3,282.34
2026-09-25T19:24:00Z,2026-09-25T19:25:00Z,282.335,282.385,282.335,282.35
2026-09-25T19:25:00Z,2026-09-25T19:26:00Z,282.335,282.345,282.3,282.315
2026-09-25T19:26:00Z,2026-09-25T19:27:00Z,282.32,282.32,282.155,282.155
2026-09-25T19:27:00Z,2026-09-25T19:28:00Z,282.16,282.185,282.13,282.13
2026-09-25T19:28:00Z,2026-09-25T19:29:00Z,282.135,282.175,282.115,282.125
2026-09-25T19:29:00Z,2026-09-25T19:30:00Z,282.125,282.125,282.045,282.125
2026-09-25T19:30:00Z,2026-09-25T19:31:00Z,282.13,282.135,282.055,282.065
2026-09-25T19:31:00Z,2026-09-25T19:32:00Z,282.07,282.075,282.005,282.065
2026-09-25T19:32:00Z,2026-09-25T19:33:00Z,282.065,282.07,281.965,281.995
2026-09-25T19:33:00Z,2026-09-25T19:34:00Z,281.985,282.065,281.96,282.03
2026-09-25T19:34:00Z,2026-09-25T19:35:00Z,282.035,282.065,282.01,282.035
2026-09-25T19:35:00Z,2026-09-25T19:36:00Z,282.035,282.045,282.005,282.035
2026-09-25T19:36:00Z,2026-09-25T19:37:00Z,282.035,282.055,281.99,282.055
2026-09-25T19:37:00Z,2026-09-25T19:38:00Z,282.055,282.31,282.045,282.305
2026-09-25T19:38:00Z,2026-09-25T19:39:00Z,282.295,282.425,282.295,282.365
2026-09-25T19:39:00Z,2026-09-25T19:40:00Z,282.375,282.405,282.345,282.375
2026-09-25T19:40:00Z,2026-09-25T19:41:00Z,282.375,282.375,282.255,282.275
2026-09-25T19:41:00Z,2026-09-25T19:42:00Z,282.285,282.37,282.265,282.325
2026-09-25T19:42:00Z,2026-09-25T19:43:00Z,282.335,282.415,282.325,282.405
2026-09-25T19:43:00Z,2026-09-25T19:44:00Z,282.405,282.465,282.395,282.46
2026-09-25T19:44:00Z,2026-09-25T19:45:00Z,282.465,282.515,282.445,282.45
2026-09-25T19:45:00Z,2026-09-25T19:46:00Z,282.455,282.7,282.445,282.645
2026-09-25T19:46:00Z,2026-09-25T19:47:00Z,282.645,282.745,282.59,282.73
2026-09-25T19:47:00Z,2026-09-25T19:48:00Z,282.725,282.765,282.645,282.655
2026-09-25T19:48:00Z,2026-09-25T19:49:00Z,282.645,282.655,282.565,282.615
2026-09-25T19:49:00Z,2026-09-25T19:50:00Z,282.61,282.635,282.485,282.535
2026-09-25T19:50:00Z,2026-09-25T19:51:00Z,282.525,282.705,282.525,282.605
2026-09-25T19:51:00Z,2026-09-25T19:52:00Z,282.615,282.625,282.46,282.465
2026-09-25T19:52:00Z,2026-09-25T19:53:00Z,282.475,282.5,282.385,282.395
2026-09-25T19:53:00Z,2026-09-25T19:54:00Z,282.385,282.45,282.355,282.435
2026-09-25T19:54:00Z,2026-09-25T19:55:00Z,282.43,282.505,282.295,282.305
2026-09-25T19:55:00Z,2026-09-25T19:56:00Z,282.295,282.295,282.17,282.195
2026-09-25T19:56:00Z,2026-09-25T19:57:00Z,282.19,282.19,282.085,282.135
2026-09-25T19:57:00Z,2026-09-25T19:58:00Z,282.145,282.23,282.145,282.195
2026-09-25T19:58:00Z,2026-09-25T19:59:00Z,282.185,282.195,282.065,282.135
2026-09-25T19:59:00Z,2026-09-25T20:00:00Z,282.13,282.13,281.91,281.965
2026-09-28T13:30:00Z,2026-09-28T13:31:00Z,280.285,280.395,279.685,279.775
2026-09-28T13:31:00Z,2026-09-28T13:32:00Z,279.77,279.93,279.685,279.84
2026-09-28T13:32:00Z,2026-09-28T13:33:00Z,279.85,279.88,279.64,279.66
2026-09-28T13:33:00Z,2026-09-28T13:34:00Z,279.655,279.755,279.495,279.5
2026-09-28T13:34:00Z,2026-09-28T13:35:00Z,279.495,279.87,279.485,279.71
2026-09-28T13:35:00Z,2026-09-28T13:36:00Z,279.72,279.8,279.47,279.51
2026-09-28T13:36:00Z,2026-09-28T13:37:00Z,279.52,279.74,279.4,279.715
2026-09-28T13:37:00Z,2026-09-28T13:38:00Z,279.72,280.11,279.71,280.09
2026-09-28T13:38:00Z,2026-09-28T13:39:00Z,280.095,280.14,279.85,279.97
2026-09-28T13:39:00Z,2026-09-28T13:40:00Z,279.985,280.09,279.86,280.06
2026-09-28T13:40:00Z,2026-09-28T13:41:00Z,280.05,280.13,279.815,279.89
2026-09-28T13:41:00Z,2026-09-28T13:42:00Z,279.895,279.945,279.76,279.8
2026-09-28T13:42:00Z,2026-09-28T13:43:00Z,279.815,280.07,279.785,280.01
2026-09-28T13:43:00Z,2026-09-28T13:44:00Z,280,280.14,279.985,280.085
2026-09-28T13:44:00Z,2026-09-28T13:45:00Z,280.095,280.14,279.875,280.135
2026-09-28T13:45:00Z,2026-09-28T13:46:00Z,280.13,280.175,279.825,280.17
2026-09-28T13:46:00Z,2026-09-28T13:47:00Z,280.175,280.235,279.83,279.88
2026-09-28T13:47:00Z,2026-09-28T13:48:00Z,279.885,280.19,279.775,280
2026-09-28T13:48:00Z,2026-09-28T13:49:00Z,280.015,280.1,279.835,279.905
2026-09-28T13:49:00Z,2026-09-28T13:50:00Z,279.91,279.97,279.775,279.86
2026-09-28T13:50:00Z,2026-09-28T13:51:00Z,279.865,279.9,279.6,279.72
2026-09-28T13:51:00Z,2026-09-28T13:52:00Z,279.725,279.845,279.585,279.825
2026-09-28T13:52:00Z,2026-09-28T13:53:00Z,279.815,279.965,279.77,279.88
2026-09-28T13:53:00Z,2026-09-28T13:54:00Z,279.875,279.98,279.8,279.9
2026-09-28T13:54:00Z,2026-09-28T13:55:00Z,279.905,280.075,279.72,279.885
2026-09-28T13:55:00Z,2026-09-28T13:56:00Z,279.89,280.08,279.655,279.865
2026-09-28T13:56:00Z,2026-09-28T13:57:00Z,279.87,279.915,279.755,279.785
2026-09-28T13:57:00Z,2026-09-28T13:58:00Z,279.78,279.815,279.735,279.785
2026-09-28T13:58:00Z,2026-09-28T13:59:00Z,279.78,279.87,279.735,279.825
2026-09-28T13:59:00Z,2026-09-28T14:00:00Z,279.82,280.19,279.82,280.175
2026-09-28T14:00:00Z,2026-09-28T14:01:00Z,280.15,280.185,279.835,279.96
2026-09-28T14:01:00Z,2026-09-28T14:02:00Z,279.935,280.185,279.935,280.14
2026-09-28T14:02:00Z,2026-09-28T14:03:00Z,280.145,280.45,280.12,280.435
2026-09-28T14:03:00Z,2026-09-28T14:04:00Z,280.445,280.515,280.325,280.495
2026-09-28T14:04:00Z,2026-09-28T14:05:00Z,280.485,280.485,280.02,280.03
2026-09-28T14:05:00Z,2026-09-28T14:06:00Z,280.035,280.085,279.88,280.04
2026-09-28T14:06:00Z,2026-09-28T14:07:00Z,280.045,280.385,280.045,280.385
2026-09-28T14:07:00Z,2026-09-28T14:08:00Z,280.38,280.65,280.34,280.645
2026-09-28T14:08:00Z,2026-09-28T14:09:00Z,280.635,280.66,280.45,280.595
2026-09-28T14:09:00Z,2026-09-28T14:10:00Z,280.59,280.695,280.59,280.665
2026-09-28T14:10:00Z,2026-09-28T14:11:00Z,280.66,280.805,280.54,280.75
2026-09-28T14:11:00Z,2026-09-28T14:12:00Z,280.745,280.75,280.515,280.57
2026-09-28T14:12:00Z,2026-09-28T14:13:00Z,280.565,280.635,280.435,280.53
2026-09-28T14:13:00Z,2026-09-28T14:14:00Z,280.545,280.56,280.325,280.335
2026-09-28T14:14:00Z,2026-09-28T14:15:00Z,280.345,280.43,280.15,280.395
2026-09-28T14:15:00Z,2026-09-28T14:16:00Z,280.4,280.455,280.265,280.395
2026-09-28T14:16:00Z,2026-09-28T14:17:00Z,280.39,280.435,280.23,280.41
2026-09-28T14:17:00Z,2026-09-28T14:18:00Z,280.415,280.54,280.37,280.525
2026-09-28T14:18:00Z,2026-09-28T14:19:00Z,280.54,280.545,280.385,280.385
2026-09-28T14:19:00Z,2026-09-28T14:20:00Z,280.38,280.445,280.31,280.365
2026-09-28T14:20:00Z,2026-09-28T14:21:00Z,280.36,280.51,280.305,280.475
2026-09-28T14:21:00Z,2026-09-28T14:22:00Z,280.455,280.495,280.31,280.37
2026-09-28T14:22:00Z,2026-09-28T14:23:00Z,280.375,280.705,280.37,280.69
2026-09-28T14:23:00Z,2026-09-28T14:24:00Z,280.685,280.7,280.455,280.465
2026-09-28T14:24:00Z,2026-09-28T14:25:00Z,280.46,280.65,280.435,280.645
2026-09-28T14:25:00Z,2026-09-28T14:26:00Z,280.64,280.73,280.625,280.665
2026-09-28T14:26:00Z,2026-09-28T14:27:00Z,280.67,280.705,280.58,280.685
2026-09-28T14:27:00Z,2026-09-28T14:28:00Z,280.69,280.755,280.565,280.6
2026-09-28T14:28:00Z,2026-09-28T14:29:00Z,280.595,280.76,280.55,280.76
2026-09-28T14:29:00Z,2026-09-28T14:30:00Z,280.765,280.795,280.73,280.765
2026-09-28T14:30:00Z,2026-09-28T14:31:00Z,280.77,280.775,280.565,280.69
2026-09-28T14:31:00Z,2026-09-28T14:32:00Z,280.685,280.715,280.485,280.56
2026-09-28T14:32:00Z,2026-09-28T14:33:00Z,280.555,280.565,280.445,280.47
2026-09-28T14:33:00Z,2026-09-28T14:34:00Z,280.475,280.58,280.375,280.425
2026-09-28T14:34:00Z,2026-09-28T14:35:00Z,280.43,280.49,280.335,280.355
2026-09-28T14:35:00Z,2026-09-28T14:36:00Z,280.34,280.38,280.23,280.305
2026-09-28T14:36:00Z,2026-09-28T14:37:00Z,280.3,280.425,280.27,280.365
2026-09-28T14:37:00Z,2026-09-28T14:38:00Z,280.36,280.4,280.115,280.12
2026-09-28T14:38:00Z,2026-09-28T14:39:00Z,280.125,280.13,279.91,279.965
2026-09-28T14:39:00Z,2026-09-28T14:40:00Z,279.97,280.03,279.87,279.89
2026-09-28T14:40:00Z,2026-09-28T14:41:00Z,279.895,279.97,279.85,279.905
2026-09-28T14:41:00Z,2026-09-28T14:42:00Z,279.895,280.1,279.825,280.055
2026-09-28T14:42:00Z,2026-09-28T14:43:00Z,280.05,280.07,279.855,279.88
2026-09-28T14:43:00Z,2026-09-28T14:44:00Z,279.89,279.925,279.735,279.76
2026-09-28T14:44:00Z,2026-09-28T14:45:00Z,279.765,279.765,279.63,279.695
2026-09-28T14:45:00Z,2026-09-28T14:46:00Z,279.72,279.73,279.535,279.59
2026-09-28T14:46:00Z,2026-09-28T14:47:00Z,279.605,279.67,279.505,279.565
2026-09-28T14:47:00Z,2026-09-28T14:48:00Z,279.56,279.615,279.365,279.47
2026-09-28T14:48:00Z,2026-09-28T14:49:00Z,279.48,279.55,279.355,279.36
2026-09-28T14:49:00Z,2026-09-28T14:50:00Z,279.365,279.555,279.315,279.45
2026-09-28T14:50:00Z,2026-09-28T14:51:00Z,279.445,279.76,279.37,279.69
2026-09-28T14:51:00Z,2026-09-28T14:52:00Z,279.705,279.745,279.395,279.41
2026-09-28T14:52:00Z,2026-09-28T14:53:00Z,279.4,279.49,279.37,279.43
2026-09-28T14:53:00Z,2026-09-28T14:54:00Z,279.415,279.435,279.285,279.285
2026-09-28T14:54:00Z,2026-09-28T14:55:00Z,279.295,279.355,279.225,279.245
2026-09-28T14:55:00Z,2026-09-28T14:56:00Z,279.23,279.235,279.125,279.17
2026-09-28T14:56:00Z,2026-09-28T14:57:00Z,279.175,279.405,279.175,279.355
2026-09-28T14:57:00Z,2026-09-28T14:58:00Z,279.35,279.485,279.265,279.395
2026-09-28T14:58:00Z,2026-09-28T14:59:00Z,279.39,279.44,279.235,279.255
2026-09-28T14:59:00Z,2026-09-28T15:00:00Z,279.25,279.275,279.2,279.245
2026-09-28T15:00:00Z,2026-09-28T15:01:00Z,279.285,279.335,279.185,279.255
2026-09-28T15:01:00Z,2026-09-28T15:02:00Z,279.255,279.315,279.155,279.175
2026-09-28T15:02:00Z,2026-09-28T15:03:00Z,279.17,279.28,279.085,279.125
2026-09-28T15:03:00Z,2026-09-28T15:04:00Z,279.135,279.2,279.095,279.125
2026-09-28T15:04:00Z,2026-09-28T15:05:00Z,279.12,279.185,279.085,279.11
2026-09-28T15:05:00Z,2026-09-28T15:06:00Z,279.115,279.22,279.01,279.035
2026-09-28T15:06:00Z,2026-09-28T15:07:00Z,279.03,279.165,278.95,279.075
2026-09-28T15:07:00Z,2026-09-28T15:08:00Z,279.08,279.245,279.035,279.215
2026-09-28T15:08:00Z,2026-09-28T15:09:00Z,279.235,279.275,279.135,279.155
2026-09-28T15:09:00Z,2026-09-28T15:10:00Z,279.15,279.375,279.13,279.375
2026-09-28T15:10:00Z,2026-09-28T15:11:00Z,279.38,279.49,279.295,279.305
2026-09-28T15:11:00Z,2026-09-28T15:12:00Z,279.305,279.34,279.235,279.295
2026-09-28T15:12:00Z,2026-09-28T15:13:00Z,279.295,279.325,279.17,279.255
2026-09-28T15:13:00Z,2026-09-28T15:14:00Z,279.255,279.26,279.16,279.185
2026-09-28T15:14:00Z,2026-09-28T15:15:00Z,279.185,279.185,279.005,279.07
2026-09-28T15:15:00Z,2026-09-28T15:16:00Z,279.065,279.09,279.015,279.055
2026-09-28T15:16:00Z,2026-09-28T15:17:00Z,279.055,279.095,278.95,278.965
2026-09-28T15:17:00Z,2026-09-28T15:18:00Z,278.965,278.975,278.895,278.975
2026-09-28T15:18:00Z,2026-09-28T15:19:00Z,278.975,279.015,278.905,279.01
2026-09-28T15:19:00Z,2026-09-28T15:20:00Z,279.02,279.095,278.975,279.035
2026-09-28T15:20:00Z,2026-09-28T15:21:00Z,279.04,279.08,278.92,278.975
2026-09-28T15:21:00Z,2026-09-28T15:22:00Z,278.985,278.995,278.875,278.945
2026-09-28T15:22:00Z,2026-09-28T15:23:00Z,278.94,278.965,278.885,278.965
2026-09-28T15:23:00Z,2026-09-28T15:24:00Z,278.965,279.005,278.945,278.995
2026-09-28T15:24:00Z,2026-09-28T15:25:00Z,278.995,279.02,278.92,278.97
2026-09-28T15:25:00Z,2026-09-28T15:26:00Z,278.975,279.145,278.885,278.99
2026-09-28T15:26:00Z,2026-09-28T15:27:00Z,278.995,279.08,278.895,279.05
2026-09-28T15:27:00Z,2026-09-28T15:28:00Z,279.06,279.06,278.94,279.025
2026-09-28T15:28:00Z,2026-09-28T15:29:00Z,279.025,279.07,278.975,279.05
2026-09-28T15:29:00Z,2026-09-28T15:30:00Z,279.055,279.105,278.985,279.065
2026-09-28T15:30:00Z,2026-09-28T15:31:00Z,279.06,279.135,278.98,279.055
2026-09-28T15:31:00Z,2026-09-28T15:32:00Z,279.05,279.105,278.985,279.03
2026-09-28T15:32:00Z,2026-09-28T15:33:00Z,279.035,279.145,279.025,279.095
2026-09-28T15:33:00Z,2026-09-28T15:34:00Z,279.1,279.115,279.1,279.115
2026-09-23T18:33:00Z,2026-09-23T18:34:00Z,282.415,282.455,282.39,282.41
2026-09-23T18:34:00Z,2026-09-23T18:35:00Z,282.41,282.5,282.375,282.435
2026-09-23T18:35:00Z,2026-09-23T18:36:00Z,282.44,282.465,282.435,282.445
2026-09-23T18:36:00Z,2026-09-23T18:37:00Z,282.45,282.465,282.415,282.425
2026-09-23T18:37:00Z,2026-09-23T18:38:00Z,282.425,282.425,282.345,282.355
2026-09-23T18:38:00Z,2026-09-23T18:39:00Z,282.35,282.375,282.265,282.305
2026-09-23T18:39:00Z,2026-09-23T18:40:00Z,282.305,282.315,282.245,282.245
2026-09-23T18:40:00Z,2026-09-23T18:41:00Z,282.26,282.335,282.25,282.265
2026-09-23T18:41:00Z,2026-09-23T18:42:00Z,282.275,282.305,282.215,282.275
2026-09-23T18:42:00Z,2026-09-23T18:43:00Z,282.27,282.295,282.215,282.215
2026-09-23T18:43:00Z,2026-09-23T18:44:00Z,282.23,282.29,282.225,282.235
2026-09-23T18:44:00Z,2026-09-23T18:45:00Z,282.225,282.275,282.215,282.265
2026-09-23T18:45:00Z,2026-09-23T18:46:00Z,282.27,282.275,282.145,282.175
2026-09-23T18:46:00Z,2026-09-23T18:47:00Z,282.17,282.245,282.16,282.195
2026-09-23T18:47:00Z,2026-09-23T18:48:00Z,282.205,282.265,282.195,282.255
2026-09-23T18:48:00Z,2026-09-23T18:49:00Z,282.255,282.335,282.245,282.305
2026-09-23T18:49:00Z,2026-09-23T18:50:00Z,282.315,282.325,282.275,282.3
2026-09-23T18:50:00Z,2026-09-23T18:51:00Z,282.295,282.315,282.275,282.28
2026-09-23T18:51:00Z,2026-09-23T18:52:00Z,282.285,282.32,282.265,282.275
2026-09-23T18:52:00Z,2026-09-23T18:53:00Z,282.27,282.285,282.22,282.245
2026-09-23T18:53:00Z,2026-09-23T18:54:00Z,282.255,282.29,282.225,282.285
2026-09-23T18:54:00Z,2026-09-23T18:55:00Z,282.275,282.355,282.245,282.355
2026-09-23T18:55:00Z,2026-09-23T18:56:00Z,282.345,282.49,282.345,282.485
2026-09-23T18:56:00Z,2026-09-23T18:57:00Z,282.495,282.53,282.485,282.505
2026-09-23T18:57:00Z,2026-09-23T18:58:00Z,282.505,282.53,282.475,282.52
2026-09-23T18:58:00Z,2026-09-23T18:59:00Z,282.525,282.615,282.515,282.615
2026-09-23T18:59:00Z,2026-09-23T19:00:00Z,282.62,282.645,282.595,282.615
2026-09-23T19:00:00Z,2026-09-23T19:01:00Z,282.615,282.705,282.575,282.665
2026-09-23T19:01:00Z,2026-09-23T19:02:00Z,282.675,282.675,282.56,282.58
2026-09-23T19:02:00Z,2026-09-23T19:03:00Z,282.575,282.575,282.495,282.495
2026-09-23T19:03:00Z,2026-09-23T19:04:00Z,282.495,282.505,282.335,282.345
2026-09-23T19:04:00Z,2026-09-23T19:05:00Z,282.35,282.365,282.295,282.305
2026-09-23T19:05:00Z,2026-09-23T19:06:00Z,282.305,282.31,282.245,282.29
2026-09-23T19:06:00Z,2026-09-23T19:07:00Z,282.275,282.415,282.275,282.415
2026-09-23T19:07:00Z,2026-09-23T19:08:00Z,282.415,282.57,282.415,282.535
2026-09-23T19:08:00Z,2026-09-23T19:09:00Z,282.545,282.56,282.5,282.505
2026-09-23T19:09:00Z,2026-09-23T19:10:00Z,282.5,282.535,282.41,282.475
2026-09-23T19:10:00Z,2026-09-23T19:11:00Z,282.47,282.52,282.45,282.515
2026-09-23T19:11:00Z,2026-09-23T19:12:00Z,282.515,282.605,282.49,282.585
2026-09-23T19:12:00Z,2026-09-23T19:13:00Z,282.6,282.645,282.595,282.615
2026-09-23T19:13:00Z,2026-09-23T19:14:00Z,282.605,282.645,282.565,282.64
2026-09-23T19:14:00Z,2026-09-23T19:15:00Z,282.635,282.675,282.61,282.625
2026-09-23T19:15:00Z,2026-09-23T19:16:00Z,282.63,282.635,282.475,282.475
2026-09-23T19:16:00Z,2026-09-23T19:17:00Z,282.47,282.51,282.455,282.5
2026-09-23T19:17:00Z,2026-09-23T19:18:00Z,282.505,282.505,282.46,282.475
2026-09-23T19:18:00Z,2026-09-23T19:19:00Z,282.475,282.49,282.405,282.475
2026-09-23T19:19:00Z,2026-09-23T19:20:00Z,282.475,282.5,282.435,282.435
2026-09-23T19:20:00Z,2026-09-23T19:21:00Z,282.43,282.43,282.345,282.37
2026-09-23T19:21:00Z,2026-09-23T19:22:00Z,282.365,282.395,282.35,282.385
2026-09-23T19:22:00Z,2026-09-23T19:23:00Z,282.375,282.425,282.365,282.425
2026-09-23T19:23:00Z,2026-09-23T19:24:00Z,282.425,282.475,282.415,282.435
2026-09-23T19:24:00Z,2026-09-23T19:25:00Z,282.435,282.455,282.425,282.45
2026-09-23T19:25:00Z,2026-09-23T19:26:00Z,282.445,282.495,282.435,282.435
2026-09-23T19:26:00Z,2026-09-23T19:27:00Z,282.435,282.46,282.38,282.385
2026-09-23T19:27:00Z,2026-09-23T19:28:00Z,282.39,282.435,282.375,282.395
2026-09-23T19:28:00Z,2026-09-23T19:29:00Z,282.395,282.425,282.355,282.395
2026-09-23T19:29:00Z,2026-09-23T19:30:00Z,282.395,282.425,282.335,282.415
2026-09-23T19:30:00Z,2026-09-23T19:31:00Z,282.425,282.505,282.375,282.455
2026-09-23T19:31:00Z,2026-09-23T19:32:00Z,282.445,282.515,282.435,282.435
2026-09-23T19:32:00Z,2026-09-23T19:33:00Z,282.435,282.465,282.385,282.395
2026-09-23T19:33:00Z,2026-09-23T19:34:00Z,282.405,282.435,282.335,282.435
2026-09-23T19:34:00Z,2026-09-23T19:35:00Z,282.425,282.455,282.415,282.425
2026-09-23T19:35:00Z,2026-09-23T19:36:00Z,282.425,282.425,282.375,282.375
2026-09-23T19:36:00Z,2026-09-23T19:37:00Z,282.38,282.425,282.375,282.395
2026-09-23T19:37:00Z,2026-09-23T19:38:00Z,282.395,282.395,282.305,282.315
2026-09-23T19:38:00Z,2026-09-23T19:39:00Z,282.325,282.395,282.315,282.355
2026-09-23T19:39:00Z,2026-09-23T19:40:00Z,282.355,282.375,282.33,282.33
2026-09-23T19:40:00Z,2026-09-23T19:41:00Z,282.335,282.435,282.3,282.415
2026-09-23T19:41:00Z,2026-09-23T19:42:00Z,282.42,282.445,282.385,282.385
2026-09-23T19:42:00Z,2026-09-23T19:43:00Z,282.385,282.385,282.19,282.19
2026-09-23T19:43:00Z,2026-09-23T19:44:00Z,282.195,282.195,282.125,282.135
2026-09-23T19:44:00Z,2026-09-23T19:45:00Z,282.135,282.155,282.095,282.125
2026-09-23T19:45:00Z,2026-09-23T19:46:00Z,282.125,282.165,282.075,282.085
2026-09-23T19:46:00Z,2026-09-23T19:47:00Z,282.095,282.105,282,282.015
2026-09-23T19:47:00Z,2026-09-23T19:48:00Z,282.005,282.135,281.985,282.135
2026-09-23T19:48:00Z,2026-09-23T19:49:00Z,282.125,282.165,282.065,282.145
2026-09-23T19:49:00Z,2026-09-23T19:50:00Z,282.15,282.225,282.135,282.215
2026-09-23T19:50:00Z,2026-09-23T19:51:00Z,282.225,282.26,282.105,282.175
2026-09-23T19:51:00Z,2026-09-23T19:52:00Z,282.17,282.215,282.01,282.065
2026-09-23T19:52:00Z,2026-09-23T19:53:00Z,282.08,282.195,282.045,282.085
2026-09-23T19:53:00Z,2026-09-23T19:54:00Z,282.09,282.165,282.065,282.135
2026-09-23T19:54:00Z,2026-09-23T19:55:00Z,282.125,282.155,281.995,281.995
2026-09-23T19:55:00Z,2026-09-23T19:56:00Z,282.015,282.085,281.935,281.945
2026-09-23T19:56:00Z,2026-09-23T19:57:00Z,281.935,281.945,281.855,281.92
2026-09-23T19:57:00Z,2026-09-23T19:58:00Z,281.925,282.07,281.865,282.015
2026-09-23T19:58:00Z,2026-09-23T19:59:00Z,282.005,282.045,281.985,281.99
2026-09-23T19:59:00Z,2026-09-23T20:00:00Z,281.985,282.03,281.845,281.955
2026-09-24T13:30:00Z,2026-09-24T13:31:00Z,281.33,281.36,280.865,281.14
2026-09-24T13:31:00Z,2026-09-24T13:32:00Z,281.145,281.565,280.97,281.49
2026-09-24T13:32:00Z,2026-09-24T13:33:00Z,281.495,281.74,281.47,281.63
2026-09-24T13:33:00Z,2026-09-24T13:34:00Z,281.635,281.64,281.17,281.3
2026-09-24T13:34:00Z,2026-09-24T13:35:00Z,281.295,281.295,281.02,281.08
2026-09-24T13:35:00Z,2026-09-24T13:36:00Z,281.085,281.085,280.91,280.98
2026-09-24T13:36:00Z,2026-09-24T13:37:00Z,280.96,281.08,280.935,281.02
2026-09-24T13:37:00Z,2026-09-24T13:38:00Z,281.015,281.015,280.83,280.875
2026-09-24T13:38:00Z,2026-09-24T13:39:00Z,280.89,281,280.815,280.925
2026-09-24T13:39:00Z,2026-09-24T13:40:00Z,280.9,281.13,280.855,281.13
2026-09-24T13:40:00Z,2026-09-24T13:41:00Z,281.125,281.195,280.97,281.045
2026-09-24T13:41:00Z,2026-09-24T13:42:00Z,281.035,281.045,280.725,280.74
2026-09-24T13:42:00Z,2026-09-24T13:43:00Z,280.735,280.825,280.625,280.635
2026-09-24T13:43:00Z,2026-09-24T13:44:00Z,280.625,280.785,280.605,280.745
2026-09-24T13:44:00Z,2026-09-24T13:45:00Z,280.755,280.84,280.705,280.725
2026-09-24T13:45:00Z,2026-09-24T13:46:00Z,280.72,280.74,280.59,280.66
2026-09-24T13:46:00Z,2026-09-24T13:47:00Z,280.65,280.745,280.515,280.705
2026-09-24T13:47:00Z,2026-09-24T13:48:00Z,280.71,280.835,280.665,280.755
2026-09-24T13:48:00Z,2026-09-24T13:49:00Z,280.75,280.86,280.525,280.555
2026-09-24T13:49:00Z,2026-09-24T13:50:00Z,280.58,280.775,280.565,280.705
2026-09-24T13:50:00Z,2026-09-24T13:51:00Z,280.7,280.71,280.505,280.555
2026-09-24T13:51:00Z,2026-09-24T13:52:00Z,280.56,280.77,280.52,280.705
2026-09-24T13:52:00Z,2026-09-24T13:53:00Z,280.705,280.78,280.58,280.63
2026-09-24T13:53:00Z,2026-09-24T13:54:00Z,280.635,280.765,280.555,280.72
2026-09-24T13:54:00Z,2026-09-24T13:55:00Z,280.73,280.775,280.61,280.725
2026-09-24T13:55:00Z,2026-09-24T13:56:00Z,280.73,280.75,280.53,280.545
2026-09-24T13:56:00Z,2026-09-24T13:57:00Z,280.54,280.575,280.505,280.56
2026-09-24T13:57:00Z,2026-09-24T13:58:00Z,280.545,280.675,280.535,280.605
2026-09-24T13:58:00Z,2026-09-24T13:59:00Z,280.6,280.615,280.52,280.595
2026-09-24T13:59:00Z,2026-09-24T14:00:00Z,280.6,280.605,280.52,280.535
2026-09-24T14:00:00Z,2026-09-24T14:01:00Z,280.525,280.53,280.325,280.335
2026-09-24T14:01:00Z,2026-09-24T14:02:00Z,280.345,280.48,280.335,280.395
2026-09-24T14:02:00Z,2026-09-24T14:03:00Z,280.385,280.59,280.365,280.545
2026-09-24T14:03:00Z,2026-09-24T14:04:00Z,280.535,280.595,280.485,280.595
2026-09-24T14:04:00Z,2026-09-24T14:05:00Z,280.585,280.735,280.565,280.725
2026-09-24T14:05:00Z,2026-09-24T14:06:00Z,280.715,280.835,280.65,280.83
2026-09-24T14:06:00Z,2026-09-24T14:07:00Z,280.82,281,280.815,280.985
2026-09-24T14:07:00Z,2026-09-24T14:08:00Z,280.995,281.03,280.945,281.015
2026-09-24T14:08:00Z,2026-09-24T14:09:00Z,281.02,281.02,280.835,280.92
2026-09-24T14:09:00Z,2026-09-24T14:10:00Z,280.915,280.995,280.725,280.725
2026-09-24T14:10:00Z,2026-09-24T14:11:00Z,280.745,280.8,280.635,280.79
2026-09-24T14:11:00Z,2026-09-24T14:12:00Z,280.795,280.84,280.74,280.76
2026-09-24T14:12:00Z,2026-09-24T14:13:00Z,280.765,280.765,280.6,280.68
2026-09-24T14:13:00Z,2026-09-24T14:14:00Z,280.685,280.92,280.675,280.905
2026-09-24T14:14:00Z,2026-09-24T14:15:00Z,280.91,280.99,280.87,280.88
2026-09-24T14:15:00Z,2026-09-24T14:16:00Z,280.875,280.895,280.585,280.615
2026-09-24T14:16:00Z,2026-09-24T14:17:00Z,280.62,280.75,280.615,280.75
2026-09-24T14:17:00Z,2026-09-24T14:18:00Z,280.74,280.915,280.695,280.805
2026-09-24T14:18:00Z,2026-09-24T14:19:00Z,280.815,280.815,280.645,280.655
2026-09-24T14:19:00Z,2026-09-24T14:20:00Z,280.665,280.71,280.555,280.555
2026-09-24T14:20:00Z,2026-09-24T14:21:00Z,280.565,280.565,280.425,280.455
2026-09-24T14:21:00Z,2026-09-24T14:22:00Z,280.45,280.58,280.395,280.4
2026-09-24T14:22:00Z,2026-09-24T14:23:00Z,280.395,280.525,280.355,280.51
2026-09-24T14:23:00Z,2026-09-24T14:24:00Z,280.5,280.53,280.415,280.49
2026-09-24T14:24:00Z,2026-09-24T14:25:00Z,280.5,280.59,280.465,280.465
2026-09-24T14:25:00Z,2026-09-24T14:26:00Z,280.45,280.495,280.325,280.4
2026-09-24T14:26:00Z,2026-09-24T14:27:00Z,280.405,280.445,280.355,280.415
2026-09-24T14:27:00Z,2026-09-24T14:28:00Z,280.42,280.655,280.38,280.655
2026-09-24T14:28:00Z,2026-09-24T14:29:00Z,280.67,280.67,280.585,280.585
2026-09-24T14:29:00Z,2026-09-24T14:30:00Z,280.58,280.625,280.56,280.605
2026-09-24T14:30:00Z,2026-09-24T14:31:00Z,280.61,280.67,280.515,280.66
2026-09-24T14:31:00Z,2026-09-24T14:32:00Z,280.64,280.725,280.635,280.715
2026-09-24T14:32:00Z,2026-09-24T14:33:00Z,280.705,280.795,280.69,280.76
2026-09-24T14:33:00Z,2026-09-24T14:34:00Z,280.765,280.97,280.735,280.97
2026-09-24T14:34:00Z,2026-09-24T14:35:00Z,280.965,281.05,280.95,280.985
2026-09-24T14:35:00Z,2026-09-24T14:36:00Z,280.99,280.99,280.815,280.87
2026-09-24T14:36:00Z,2026-09-24T14:37:00Z,280.875,280.9,280.755,280.81
2026-09-24T14:37:00Z,2026-09-24T14:38:00Z,280.805,280.97,280.8,280.91
2026-09-24T14:38:00Z,2026-09-24T14:39:00Z,280.915,280.915,280.755,280.78
2026-09-24T14:39:00Z,2026-09-24T14:40:00Z,280.785,280.805,280.63,280.695
2026-09-24T14:40:00Z,2026-09-24T14:41:00Z,280.7,280.755,280.585,280.6
2026-09-24T14:41:00Z,2026-09-24T14:42:00Z,280.605,280.66,280.56,280.565
2026-09-24T14:42:00Z,2026-09-24T14:43:00Z,280.56,280.63,280.44,280.465
2026-09-24T14:43:00Z,2026-09-24T14:44:00Z,280.47,280.47,280.315,280.315
2026-09-24T14:44:00Z,2026-09-24T14:45:00Z,280.315,280.375,280.265,280.3
2026-09-24T14:45:00Z,2026-09-24T14:46:00Z,280.305,280.305,280.235,280.265
2026-09-24T14:46:00Z,2026-09-24T14:47:00Z,280.26,280.3,280.21,280.235
2026-09-24T14:47:00Z,2026-09-24T14:48:00Z,280.235,280.345,280.2,280.205
2026-09-24T14:48:00Z,2026-09-24T14:49:00Z,280.205,280.245,280.155,280.175
2026-09-24T14:49:00Z,2026-09-24T14:50:00Z,280.18,280.29,280.16,280.245
2026-09-24T14:50:00Z,2026-09-24T14:51:00Z,280.23,280.465,280.225,280.255
2026-09-24T14:51:00Z,2026-09-24T14:52:00Z,280.265,280.29,280.185,280.27
2026-09-24T14:52:00Z,2026-09-24T14:53:00Z,280.26,280.27,280.155,280.175
2026-09-24T14:53:00Z,2026-09-24T14:54:00Z,280.18,280.235,280.08,280.215
2026-09-24T14:54:00Z,2026-09-24T14:55:00Z,280.225,280.245,280.14,280.15
2026-09-24T14:55:00Z,2026-09-24T14:56:00Z,280.155,280.165,280.045,280.05
2026-09-24T14:56:00Z,2026-09-24T14:57:00Z,280.045,280.07,279.975,280.01
2026-09-24T14:57:00Z,2026-09-24T14:58:00Z,280.005,280.045,279.945,280.045
2026-09-24T14:58:00Z,2026-09-24T14:59:00Z,280.04,280.04,279.855,279.855
2026-09-24T14:59:00Z,2026-09-24T15:00:00Z,279.86,280.01,279.815,279.995
2026-09-24T15:00:00Z,2026-09-24T15:01:00Z,279.985,280.005,279.855,279.905
2026-09-24T15:01:00Z,2026-09-24T15:02:00Z,279.905,279.97,279.855,279.89
2026-09-24T15:02:00Z,2026-09-24T15:03:00Z,279.88,279.93,279.835,279.85
2026-09-24T15:03:00Z,2026-09-24T15:04:00Z,279.86,279.955,279.84,279.895
2026-09-24T15:04:00Z,2026-09-24T15:05:00Z,279.89,279.945,279.81,279.835
2026-09-24T15:05:00Z,2026-09-24T15:06:00Z,279.83,279.895,279.785,279.875
2026-09-24T15:06:00Z,2026-09-24T15:07:00Z,279.865,279.935,279.76,279.82
2026-09-24T15:07:00Z,2026-09-24T15:08:00Z,279.815,279.89,279.78,279.855
2026-09-24T15:08:00Z,2026-09-24T15:09:00Z,279.855,279.885,279.81,279.88
2026-09-24T15:09:00Z,2026-09-24T15:10:00Z,279.885,279.915,279.835,279.855
2026-09-24T15:10:00Z,2026-09-24T15:11:00Z,279.86,279.92,279.735,279.795
2026-09-24T15:11:00Z,2026-09-24T15:12:00Z,279.79,279.795,279.725,279.735
2026-09-24T15:12:00Z,2026-09-24T15:13:00Z,279.73,279.765,279.61,279.625
2026-09-24T15:13:00Z,2026-09-24T15:14:00Z,279.625,279.625,279.545,279.565
2026-09-24T15:14:00Z,2026-09-24T15:15:00Z,279.575,279.585,279.515,279.56
2026-09-24T15:15:00Z,2026-09-24T15:16:00Z,279.555,279.725,279.515,279.685
2026-09-24T15:16:00Z,2026-09-24T15:17:00Z,279.69,279.915,279.685,279.795
2026-09-24T15:17:00Z,2026-09-24T15:18:00Z,279.8,279.845,279.71,279.75
2026-09-24T15:18:00Z,2026-09-24T15:19:00Z,279.745,279.745,279.57,279.665
2026-09-24T15:19:00Z,2026-09-24T15:20:00Z,279.665,279.69,279.615,279.615
2026-09-24T15:20:00Z,2026-09-24T15:21:00Z,279.595,279.6,279.45,279.465
2026-09-24T15:21:00Z,2026-09-24T15:22:00Z,279.475,279.51,279.425,279.47
2026-09-24T15:22:00Z,2026-09-24T15:23:00Z,279.475,279.545,279.44,279.545
2026-09-24T15:23:00Z,2026-09-24T15:24:00Z,279.55,279.63,279.525,279.63
2026-09-24T15:24:00Z,2026-09-24T15:25:00Z,279.625,279.75,279.61,279.715
2026-09-24T15:25:00Z,2026-09-24T15:26:00Z,279.725,279.725,279.49,279.515
2026-09-24T15:26:00Z,2026-09-24T15:27:00Z,279.525,279.595,279.495,279.505
2026-09-24T15:27:00Z,2026-09-24T15:28:00Z,279.535,279.545,279.43,279.45
2026-09-24T15:28:00Z,2026-09-24T15:29:00Z,279.44,279.465,279.395,279.395
2026-09-24T15:29:00Z,2026-09-24T15:30:00Z,279.385,279.43,279.345,279.405
2026-09-24T15:30:00Z,2026-09-24T15:31:00Z,279.415,279.465,279.4,279.425
2026-09-24T15:31:00Z,2026-09-24T15:32:00Z,279.43,279.475,279.405,279.405
2026-09-24T15:32:00Z,2026-09-24T15:33:00Z,279.405,279.445,279.37,279.41
2026-09-24T15:33:00Z,2026-09-24T15:34:00Z,279.41,279.515,279.395,279.47
2026-09-24T15:34:00Z,2026-09-24T15:35:00Z,279.475,279.495,279.415,279.415
2026-09-24T15:35:00Z,2026-09-24T15:36:00Z,279.405,279.475,279.335,279.375
2026-09-24T15:36:00Z,2026-09-24T15:37:00Z,279.37,279.49,279.27,279.29
2026-09-24T15:37:00Z,2026-09-24T15:38:00Z,279.285,279.375,279.285,279.365
2026-09-24T15:38:00Z,2026-09-24T15:39:00Z,279.36,279.39,279.325,279.33
2026-09-24T15:39:00Z,2026-09-24T15:40:00Z,279.325,279.335,279.245,279.28
2026-09-24T15:40:00Z,2026-09-24T15:41:00Z,279.275,279.31,279.215,279.265
2026-09-24T15:41:00Z,2026-09-24T15:42:00Z,279.265,279.315,279.21,279.235
2026-09-24T15:42:00Z,2026-09-24T15:43:00Z,279.235,279.285,279.2,279.26
2026-09-24T15:43:00Z,2026-09-24T15:44:00Z,279.255,279.305,279.235,279.295
2026-09-24T15:44:00Z,2026-09-24T15:45:00Z,279.28,279.425,279.28,279.425
2026-09-24T15:45:00Z,2026-09-24T15:46:00Z,279.435,279.535,279.435,279.475
2026-09-24T15:46:00Z,2026-09-24T15:47:00Z,279.47,279.47,279.335,279.34
2026-09-24T15:47:00Z,2026-09-24T15:48:00Z,279.345,279.385,279.22,279.225
2026-09-24T15:48:00Z,2026-09-24T15:49:00Z,279.225,279.275,279.19,279.19
2026-09-24T15:49:00Z,2026-09-24T15:50:00Z,279.175,279.19,279.105,279.165
2026-09-24T15:50:00Z,2026-09-24T15:51:00Z,279.165,279.255,279.115,279.255
2026-09-24T15:51:00Z,2026-09-24T15:52:00Z,279.255,279.335,279.195,279.315
2026-09-24T15:52:00Z,2026-09-24T15:53:00Z,279.325,279.385,279.305,279.37
2026-09-24T15:53:00Z,2026-09-24T15:54:00Z,279.375,279.445,279.335,279.345
2026-09-24T15:54:00Z,2026-09-24T15:55:00Z,279.36,279.4,279.315,279.395
2026-09-24T15:55:00Z,2026-09-24T15:56:00Z,279.405,279.435,279.34,279.395
2026-09-24T15:56:00Z,2026-09-24T15:57:00Z,279.385,279.45,279.345,279.435
2026-09-24T15:57:00Z,2026-09-24T15:58:00Z,279.435,279.455,279.415,279.435
2026-09-24T15:58:00Z,2026-09-24T15:59:00Z,279.435,279.435,279.355,279.385
2026-09-24T15:59:00Z,2026-09-24T16:00:00Z,279.38,279.39,279.315,279.315
2026-09-24T16:00:00Z,2026-09-24T16:01:00Z,279.31,279.315,279.065,279.095
2026-09-24T16:01:00Z,2026-09-24T16:02:00Z,279.09,279.195,279.045,279.155
2026-09-24T16:02:00Z,2026-09-24T16:03:00Z,279.155,279.2,279.145,279.17
2026-09-24T16:03:00Z,2026-09-24T16:04:00Z,279.16,279.215,279.09,279.2
2026-09-24T16:04:00Z,2026-09-24T16:05:00Z,279.2,279.26,279.17,279.255
2026-09-24T16:05:00Z,2026-09-24T16:06:00Z,279.245,279.265,279.16,279.26
2026-09-24T16:06:00Z,2026-09-24T16:07:00Z,279.255,279.255,279.135,279.16
2026-09-24T16:07:00Z,2026-09-24T16:08:00Z,279.155,279.16,279.085,279.125
2026-09-24T16:08:00Z,2026-09-24T16:09:00Z,279.12,279.155,279.08,279.155
2026-09-24T16:09:00Z,2026-09-24T16:10:00Z,279.15,279.175,279.115,279.17
2026-09-24T16:10:00Z,2026-09-24T16:11:00Z,279.165,279.255,279.16,279.205
2026-09-24T16:11:00Z,2026-09-24T16:12:00Z,279.195,279.225,279.18,279.225
2026-09-24T16:12:00Z,2026-09-24T16:13:00Z,279.225,279.255,279.185,279.185
2026-09-24T16:13:00Z,2026-09-24T16:14:00Z,279.185,279.265,279.185,279.245
2026-09-24T16:14:00Z,2026-09-24T16:15:00Z,279.245,279.35,279.245,279.35
2026-09-24T16:15:00Z,2026-09-24T16:16:00Z,279.37,280.355,279.37,280.27
2026-09-24T16:16:00Z,2026-09-24T16:17:00Z,280.3,281.27,280.165,281.075
2026-09-24T16:17:00Z,2026-09-24T16:18:00Z,281.065,281.69,281,281.48
2026-09-24T16:18:00Z,2026-09-24T16:19:00Z,281.485,281.865,281.375,281.375
2026-09-24T16:19:00Z,2026-09-24T16:20:00Z,281.355,281.555,280.85,281.005
2026-09-24T16:20:00Z,2026-09-24T16:21:00Z,281.015,281.485,280.975,281.29
2026-09-24T16:21:00Z,2026-09-24T16:22:00Z,281.285,281.345,281.105,281.17
2026-09-24T16:22:00Z,2026-09-24T16:23:00Z,281.185,281.55,281.175,281.495
2026-09-24T16:23:00Z,2026-09-24T16:24:00Z,281.5,281.56,281.22,281.22
2026-09-24T16:24:00Z,2026-09-24T16:25:00Z,281.215,281.51,281.1,281.435
2026-09-24T16:25:00Z,2026-09-24T16:26:00Z,281.445,281.5,281.09,281.11
2026-09-24T16:26:00Z,2026-09-24T16:27:00Z,281.115,281.27,281.045,281.065
2026-09-24T16:27:00Z,2026-09-24T16:28:00Z,281.07,281.35,280.955,281.25
2026-09-24T16:28:00Z,2026-09-24T16:29:00Z,281.255,281.345,281.195,281.29
2026-09-24T16:29:00Z,2026-09-24T16:30:00Z,281.285,281.285,281.135,281.175
2026-09-24T16:30:00Z,2026-09-24T16:31:00Z,281.18,281.21,281.015,281.1
2026-09-24T16:31:00Z,2026-09-24T16:32:00Z,281.105,281.14,280.8,280.805
2026-09-24T16:32:00Z,2026-09-24T16:33:00Z,280.82,280.82,280.7,280.8
2026-09-24T16:33:00Z,2026-09-24T16:34:00Z,280.81,280.99,280.775,280.92
2026-09-24T16:34:00Z,2026-09-24T16:35:00Z,280.915,280.98,280.83,280.905
2026-09-24T16:35:00Z,2026-09-24T16:36:00Z,280.91,281.105,280.825,281.08
2026-09-24T16:36:00Z,2026-09-24T16:37:00Z,281.085,281.425,281.07,281.425
2026-09-24T16:37:00Z,2026-09-24T16:38:00Z,281.41,281.525,281.37,281.43
2026-09-24T16:38:00Z,2026-09-24T16:39:00Z,281.42,281.495,281.355,281.46
2026-09-24T16:39:00Z,2026-09-24T16:40:00Z,281.465,281.62,281.465,281.61
2026-09-24T16:40:00Z,2026-09-24T16:41:00Z,281.605,281.84,281.525,281.84
2026-09-24T16:41:00Z,2026-09-24T16:42:00Z,281.84,282.07,281.84,282.07
2026-09-24T16:42:00Z,2026-09-24T16:43:00Z,282.095,282.21,281.99,282.1
2026-09-24T16:43:00Z,2026-09-24T16:44:00Z,282.11,282.135,281.77,281.79
2026-09-24T16:44:00Z,2026-09-24T16:45:00Z,281.78,281.81,281.445,281.46
2026-09-24T16:45:00Z,2026-09-24T16:46:00Z,281.45,281.48,281.285,281.37
2026-09-24T16:46:00Z,2026-09-24T16:47:00Z,281.365,281.58,281.335,281.58
2026-09-24T16:47:00Z,2026-09-24T16:48:00Z,281.59,281.59,281.43,281.52
2026-09-24T16:48:00Z,2026-09-24T16:49:00Z,281.525,281.62,281.49,281.53
2026-09-24T16:49:00Z,2026-09-24T16:50:00Z,281.54,281.59,281.42,281.51
2026-09-24T16:50:00Z,2026-09-24T16:51:00Z,281.52,281.55,281.44,281.44
2026-09-24T16:51:00Z,2026-09-24T16:52:00Z,281.46,281.715,281.45,281.595
2026-09-24T16:52:00Z,2026-09-24T16:53:00Z,281.6,281.605,281.295,281.345
2026-09-24T16:53:00Z,2026-09-24T16:54:00Z,281.35,281.39,281.255,281.28
2026-09-24T16:54:00Z,2026-09-24T16:55:00Z,281.29,281.36,281.245,281.295
2026-09-24T16:55:00Z,2026-09-24T16:56:00Z,281.3,281.355,281.25,281.31
2026-09-24T16:56:00Z,2026-09-24T16:57:00Z,281.3,281.46,281.255,281.455
2026-09-24T16:57:00Z,2026-09-24T16:58:00Z,281.45,281.48,281.355,281.39
2026-09-24T16:58:00Z,2026-09-24T16:59:00Z,281.38,281.45,281.36,281.38
2026-09-24T16:59:00Z,2026-09-24T17:00:00Z,281.38,281.38,281.305,281.305
2026-09-24T17:00:00Z,2026-09-24T17:01:00Z,281.3,281.3,281.055,281.145
2026-09-24T17:01:00Z,2026-09-24T17:02:00Z,281.15,281.36,281.11,281.28
2026-09-24T17:02:00Z,2026-09-24T17:03:00Z,281.295,281.3,281.005,281.255
2026-09-24T17:03:00Z,2026-09-24T17:04:00Z,281.26,281.64,281.26,281.5
2026-09-24T17:04:00Z,2026-09-24T17:05:00Z,281.505,281.535,281.295,281.42
2026-09-24T17:05:00Z,2026-09-24T17:06:00Z,281.43,281.61,281.36,281.42
2026-09-24T17:06:00Z,2026-09-24T17:07:00Z,281.425,281.57,281.36,281.485
2026-09-24T17:07:00Z,2026-09-24T17:08:00Z,281.49,281.63,281.465,281.515
2026-09-24T17:08:00Z,2026-09-24T17:09:00Z,281.52,281.605,281.44,281.57
2026-09-24T17:09:00Z,2026-09-24T17:10:00Z,281.575,281.58,281.485,281.485
2026-09-24T17:10:00Z,2026-09-24T17:11:00Z,281.475,281.495,281.21,281.3
2026-09-24T17:11:00Z,2026-09-24T17:12:00Z,281.305,281.305,281.17,281.25
2026-09-24T17:12:00Z,2026-09-24T17:13:00Z,281.26,281.28,281.18,281.18
2026-09-24T17:13:00Z,2026-09-24T17:14:00Z,281.17,281.42,281.135,281.415
2026-09-24T17:14:00Z,2026-09-24T17:15:00Z,281.42,281.665,281.42,281.56
2026-09-24T17:15:00Z,2026-09-24T17:16:00Z,281.555,281.57,281.34,281.37
2026-09-24T17:16:00Z,2026-09-24T17:17:00Z,281.36,281.53,281.36,281.45
2026-09-24T17:17:00Z,2026-09-24T17:18:00Z,281.455,281.535,281.35,281.35
2026-09-24T17:18:00Z,2026-09-24T17:19:00Z,281.37,281.47,281.355,281.37
2026-09-24T17:19:00Z,2026-09-24T17:20:00Z,281.375,281.38,281.055,281.055
2026-09-24T17:20:00Z,2026-09-24T17:21:00Z,281.045,281.05,280.915,281.04
2026-09-24T17:21:00Z,2026-09-24T17:22:00Z,281.04,281.125,281.03,281.09
2026-09-24T17:22:00Z,2026-09-24T17:23:00Z,281.095,281.23,281.06,281.16
2026-09-24T17:23:00Z,2026-09-24T17:24:00Z,281.165,281.205,281.12,281.185
2026-09-24T17:24:00Z,2026-09-24T17:25:00Z,281.18,281.285,281.13,281.15
2026-09-24T17:25:00Z,2026-09-24T17:26:00Z,281.145,281.145,280.97,280.98
2026-09-24T17:26:00Z,2026-09-24T17:27:00Z,280.985,281.055,280.85,280.9
2026-09-24T17:27:00Z,2026-09-24T17:28:00Z,280.895,280.965,280.86,280.915
2026-09-24T17:28:00Z,2026-09-24T17:29:00Z,280.92,281.085,280.915,281.05
2026-09-24T17:29:00Z,2026-09-24T17:30:00Z,281.045,281.07,281.005,281.055
2026-09-24T17:30:00Z,2026-09-24T17:31:00Z,281.05,281.19,281.02,281.16
2026-09-24T17:31:00Z,2026-09-24T17:32:00Z,281.17,281.29,281.145,281.22
2026-09-24T17:32:00Z,2026-09-24T17:33:00Z,281.225,281.225,281.02,281.05
2026-09-24T17:33:00Z,2026-09-24T17:34:00Z,281.045,281.095,280.99,281.04
2026-09-24T17:34:00Z,2026-09-24T17:35:00Z,281.045,281.05,280.87,280.885
2026-09-24T17:35:00Z,2026-09-24T17:36:00Z,280.89,280.92,280.835,280.835
2026-09-24T17:36:00Z,2026-09-24T17:37:00Z,280.83,280.94,280.8,280.86
2026-09-24T17:37:00Z,2026-09-24T17:38:00Z,280.86,280.925,280.785,280.81
2026-09-24T17:38:00Z,2026-09-24T17:39:00Z,280.805,280.83,280.72,280.785
2026-09-24T17:39:00Z,2026-09-24T17:40:00Z,280.8,280.925,280.79,280.865
2026-09-24T17:40:00Z,2026-09-24T17:41:00Z,280.86,280.925,280.845,280.9
2026-09-24T17:41:00Z,2026-09-24T17:42:00Z,280.91,280.94,280.79,280.83
2026-09-24T17:42:00Z,2026-09-24T17:43:00Z,280.835,280.97,280.835,280.89
2026-09-24T17:43:00Z,2026-09-24T17:44:00Z,280.88,280.9,280.63,280.7
2026-09-24T17:44:00Z,2026-09-24T17:45:00Z,280.695,280.74,280.66,280.69
2026-09-24T17:45:00Z,2026-09-24T17:46:00Z,280.68,280.74,280.61,280.74
2026-09-24T17:46:00Z,2026-09-24T17:47:00Z,280.735,280.835,280.71,280.74
2026-09-24T17:47:00Z,2026-09-24T17:48:00Z,280.745,280.86,280.705,280.86
2026-09-24T17:48:00Z,2026-09-24T17:49:00Z,280.855,280.885,280.79,280.86
2026-09-24T17:49:00Z,2026-09-24T17:50:00Z,280.855,280.98,280.85,280.955
2026-09-24T17:50:00Z,2026-09-24T17:51:00Z,280.945,281.04,280.92,281.01
2026-09-24T17:51:00Z,2026-09-24T17:52:00Z,281.015,281.055,280.97,281.02
2026-09-24T17:52:00Z,2026-09-24T17:53:00Z,281.03,281.065,280.91,280.94
2026-09-24T17:53:00Z,2026-09-24T17:54:00Z,280.93,281.035,280.89,280.97
2026-09-24T17:54:00Z,2026-09-24T17:55:00Z,280.965,280.985,280.88,280.91
2026-09-24T17:55:00Z,2026-09-24T17:56:00Z,280.915,280.94,280.8,280.8
2026-09-24T17:56:00Z,2026-09-24T17:57:00Z,280.805,281.095,280.805,281.08
2026-09-24T17:57:00Z,2026-09-24T17:58:00Z,281.07,281.07,280.95,281.025
2026-09-24T17:58:00Z,2026-09-24T17:59:00Z,281.025,281.045,280.995,281.015
2026-09-24T17:59:00Z,2026-09-24T18:00:00Z,281.015,281.205,281.015,281.17
2026-09-24T18:00:00Z,2026-09-24T18:01:00Z,281.17,281.215,281.09,281.11
2026-09-24T18:01:00Z,2026-09-24T18:02:00Z,281.13,281.14,280.875,280.965
2026-09-24T18:02:00Z,2026-09-24T18:03:00Z,280.97,280.975,280.73,280.74
2026-09-24T18:03:00Z,2026-09-24T18:04:00Z,280.745,280.76,280.54,280.61
2026-09-24T18:04:00Z,2026-09-24T18:05:00Z,280.605,280.65,280.47,280.49
2026-09-24T18:05:00Z,2026-09-24T18:06:00Z,280.5,280.635,280.495,280.61
2026-09-24T18:06:00Z,2026-09-24T18:07:00Z,280.605,280.915,280.57,280.915
2026-09-24T18:07:00Z,2026-09-24T18:08:00Z,280.91,281.06,280.82,280.97
2026-09-24T18:08:00Z,2026-09-24T18:09:00Z,280.98,281.14,280.98,281.04
2026-09-24T18:09:00Z,2026-09-24T18:10:00Z,281.055,281.16,280.995,281.1
2026-09-24T18:10:00Z,2026-09-24T18:11:00Z,281.115,281.215,281.115,281.155
2026-09-24T18:11:00Z,2026-09-24T18:12:00Z,281.16,281.27,281.16,281.18
2026-09-24T18:12:00Z,2026-09-24T18:13:00Z,281.19,281.22,281.06,281.075
2026-09-24T18:13:00Z,2026-09-24T18:14:00Z,281.07,281.225,281.045,281.19
2026-09-24T18:14:00Z,2026-09-24T18:15:00Z,281.185,281.305,281.175,281.305
2026-09-24T18:15:00Z,2026-09-24T18:16:00Z,281.315,281.355,281.24,281.355
2026-09-24T18:16:00Z,2026-09-24T18:17:00Z,281.35,281.505,281.34,281.44
2026-09-24T18:17:00Z,2026-09-24T18:18:00Z,281.44,281.52,281.4,281.49
2026-09-24T18:18:00Z,2026-09-24T18:19:00Z,281.495,281.625,281.42,281.43
2026-09-24T18:19:00Z,2026-09-24T18:20:00Z,281.42,281.425,281.375,281.39
2026-09-24T18:20:00Z,2026-09-24T18:21:00Z,281.38,281.41,281.18,281.2
2026-09-24T18:21:00Z,2026-09-24T18:22:00Z,281.205,281.34,281.205,281.33
2026-09-24T18:22:00Z,2026-09-24T18:23:00Z,281.32,281.345,281.275,281.28
2026-09-24T18:23:00Z,2026-09-24T18:24:00Z,281.29,281.455,281.27,281.44
2026-09-24T18:24:00Z,2026-09-24T18:25:00Z,281.435,281.45,281.355,281.41
2026-09-24T18:25:00Z,2026-09-24T18:26:00Z,281.4,281.77,281.38,281.59
2026-09-24T18:26:00Z,2026-09-24T18:27:00Z,281.6,281.9,281.6,281.81
2026-09-24T18:27:00Z,2026-09-24T18:28:00Z,281.82,281.83,281.72,281.77
2026-09-24T18:28:00Z,2026-09-24T18:29:00Z,281.78,281.845,281.69,281.72
2026-09-24T18:29:00Z,2026-09-24T18:30:00Z,281.715,281.805,281.705,281.73
2026-09-24T18:30:00Z,2026-09-24T18:31:00Z,281.725,281.795,281.665,281.775
2026-09-24T18:31:00Z,2026-09-24T18:32:00Z,281.77,281.785,281.57,281.645
2026-09-24T18:32:00Z,2026-09-24T18:33:00Z,281.64,281.65,281.53,281.565
2026-09-24T18:33:00Z,2026-09-24T18:34:00Z,281.57,281.63,281.5,281.515
2026-09-24T18:34:00Z,2026-09-24T18:35:00Z,281.52,281.525,281.41,281.43
2026-09-24T18:35:00Z,2026-09-24T18:36:00Z,281.435,281.445,281.305,281.33
2026-09-24T18:36:00Z,2026-09-24T18:37:00Z,281.325,281.475,281.31,281.46
2026-09-24T18:37:00Z,2026-09-24T18:38:00Z,281.465,281.585,281.455,281.5
2026-09-24T18:38:00Z,2026-09-24T18:39:00Z,281.51,282.05,281.505,282.015
2026-09-24T18:39:00Z,2026-09-24T18:40:00Z,282.01,282.24,281.8,281.86
2026-09-24T18:40:00Z,2026-09-24T18:41:00Z,281.855,281.855,281.63,281.68
2026-09-24T18:41:00Z,2026-09-24T18:42:00Z,281.69,281.785,281.63,281.75
2026-09-24T18:42:00Z,2026-09-24T18:43:00Z,281.76,281.785,281.59,281.65
2026-09-24T18:43:00Z,2026-09-24T18:44:00Z,281.66,281.665,281.53,281.61
2026-09-24T18:44:00Z,2026-09-24T18:45:00Z,281.6,281.715,281.6,281.63
2026-09-24T18:45:00Z,2026-09-24T18:46:00Z,281.62,281.705,281.59,281.59
2026-09-24T18:46:00Z,2026-09-24T18:47:00Z,281.6,281.615,281.53,281.615
2026-09-24T18:47:00Z,2026-09-24T18:48:00Z,281.6,281.63,281.535,281.58
2026-09-24T18:48:00Z,2026-09-24T18:49:00Z,281.57,281.675,281.57,281.635
2026-09-24T18:49:00Z,2026-09-24T18:50:00Z,281.62,281.685,281.595,281.66
2026-09-24T18:50:00Z,2026-09-24T18:51:00Z,281.665,281.94,281.65,281.855
2026-09-24T18:51:00Z,2026-09-24T18:52:00Z,281.86,281.87,281.71,281.815
2026-09-24T18:52:00Z,2026-09-24T18:53:00Z,281.825,281.925,281.805,281.89
2026-09-24T18:53:00Z,2026-09-24T18:54:00Z,281.885,281.89,281.775,281.8
2026-09-24T18:54:00Z,2026-09-24T18:55:00Z,281.81,281.825,281.75,281.76
2026-09-24T18:55:00Z,2026-09-24T18:56:00Z,281.765,281.805,281.74,281.795
2026-09-24T18:56:00Z,2026-09-24T18:57:00Z,281.79,281.925,281.77,281.88
2026-09-24T18:57:00Z,2026-09-24T18:58:00Z,281.88,281.91,281.86,281.865
2026-09-24T18:58:00Z,2026-09-24T18:59:00Z,281.865,281.885,281.82,281.825
2026-09-24T18:59:00Z,2026-09-24T19:00:00Z,281.83,281.84,281.74,281.78
2026-09-24T19:00:00Z,2026-09-24T19:01:00Z,281.77,281.825,281.645,281.695
2026-09-24T19:01:00Z,2026-09-24T19:02:00Z,281.695,281.705,281.515,281.53
2026-09-24T19:02:00Z,2026-09-24T19:03:00Z,281.555,281.585,281.435,281.45
2026-09-24T19:03:00Z,2026-09-24T19:04:00Z,281.46,281.49,281.37,281.375
2026-09-24T19:04:00Z,2026-09-24T19:05:00Z,281.365,281.485,281.355,281.475
2026-09-24T19:05:00Z,2026-09-24T19:06:00Z,281.47,281.515,281.385,281.455
2026-09-24T19:06:00Z,2026-09-24T19:07:00Z,281.46,281.58,281.405,281.525
2026-09-24T19:07:00Z,2026-09-24T19:08:00Z,281.515,281.615,281.51,281.595
2026-09-24T19:08:00Z,2026-09-24T19:09:00Z,281.595,281.68,281.585,281.605
2026-09-24T19:09:00Z,2026-09-24T19:10:00Z,281.61,281.655,281.55,281.63
2026-09-24T19:10:00Z,2026-09-24T19:11:00Z,281.625,281.675,281.465,281.47
2026-09-24T19:11:00Z,2026-09-24T19:12:00Z,281.475,281.48,281.355,281.42
2026-09-24T19:12:00Z,2026-09-24T19:13:00Z,281.415,281.44,281.385,281.41
2026-09-24T19:13:00Z,2026-09-24T19:14:00Z,281.405,281.44,281.335,281.39
2026-09-24T19:14:00Z,2026-09-24T19:15:00Z,281.395,281.395,281.275,281.275
2026-09-24T19:15:00Z,2026-09-24T19:16:00Z,281.275,281.295,281.23,281.295
2026-09-24T19:16:00Z,2026-09-24T19:17:00Z,281.29,281.33,281.24,281.305
2026-09-24T19:17:00Z,2026-09-24T19:18:00Z,281.31,281.345,281.245,281.265
2026-09-24T19:18:00Z,2026-09-24T19:19:00Z,281.275,281.335,281.25,281.255
2026-09-24T19:19:00Z,2026-09-24T19:20:00Z,281.26,281.345,281.245,281.34
2026-09-24T19:20:00Z,2026-09-24T19:21:00Z,281.345,281.345,281.25,281.26
2026-09-24T19:21:00Z,2026-09-24T19:22:00Z,281.265,281.325,281.205,281.32
2026-09-24T19:22:00Z,2026-09-24T19:23:00Z,281.315,281.315,281.24,281.29
2026-09-24T19:23:00Z,2026-09-24T19:24:00Z,281.29,281.38,281.27,281.38
2026-09-24T19:24:00Z,2026-09-24T19:25:00Z,281.375,281.445,281.375,281.395
2026-09-24T19:25:00Z,2026-09-24T19:26:00Z,281.395,281.465,281.395,281.405
2026-09-24T19:26:00Z,2026-09-24T19:27:00Z,281.4,281.455,281.365,281.445
2026-09-24T19:27:00Z,2026-09-24T19:28:00Z,281.435,281.435,281.355,281.355
2026-09-24T19:28:00Z,2026-09-24T19:29:00Z,281.355,281.385,281.32,281.335
2026-09-24T19:29:00Z,2026-09-24T19:30:00Z,281.335,281.375,281.285,281.365
2026-09-24T19:30:00Z,2026-09-24T19:31:00Z,281.36,281.425,281.32,281.395
2026-09-24T19:31:00Z,2026-09-24T19:32:00Z,281.395,281.455,281.335,281.45
2026-09-24T19:32:00Z,2026-09-24T19:33:00Z,281.455,281.485,281.395,281.465
2026-09-24T19:33:00Z,2026-09-24T19:34:00Z,281.465,281.525,281.425,281.525
2026-09-24T19:34:00Z,2026-09-24T19:35:00Z,281.525,281.635,281.525,281.635
2026-09-24T19:35:00Z,2026-09-24T19:36:00Z,281.63,281.655,281.535,281.585
2026-09-24T19:36:00Z,2026-09-24T19:37:00Z,281.575,281.675,281.555,281.655
2026-09-24T19:37:00Z,2026-09-24T19:38:00Z,281.655,281.655,281.53,281.555
2026-09-24T19:38:00Z,2026-09-24T19:39:00Z,281.56,281.625,281.555,281.575
2026-09-24T19:39:00Z,2026-09-24T19:40:00Z,281.58,281.645,281.58,281.645
2026-09-24T19:40:00Z,2026-09-24T19:41:00Z,281.65,281.715,281.605,281.605
2026-09-24T19:41:00Z,2026-09-24T19:42:00Z,281.59,281.68,281.585,281.675
2026-09-24T19:42:00Z,2026-09-24T19:43:00Z,281.685,281.695,281.625,281.63
2026-09-24T19:43:00Z,2026-09-24T19:44:00Z,281.62,281.705,281.605,281.69
2026-09-24T19:44:00Z,2026-09-24T19:45:00Z,281.685,281.745,281.675,281.72
2026-09-24T19:45:00Z,2026-09-24T19:46:00Z,281.71,281.775,281.635,281.685
2026-09-24T19:46:00Z,2026-09-24T19:47:00Z,281.685,281.695,281.56,281.635
2026-09-24T19:47:00Z,2026-09-24T19:48:00Z,281.635,281.675,281.635,281.67
2026-09-24T19:48:00Z,2026-09-24T19:49:00Z,281.665,281.695,281.615,281.645
2026-09-24T19:49:00Z,2026-09-24T19:50:00Z,281.64,281.7,281.615,281.625
2026-09-24T19:50:00Z,2026-09-24T19:51:00Z,281.65,281.725,281.575,281.585
2026-09-24T19:51:00Z,2026-09-24T19:52:00Z,281.595,281.715,281.595,281.685
2026-09-24T19:52:00Z,2026-09-24T19:53:00Z,281.675,281.75,281.63,281.745
2026-09-24T19:53:00Z,2026-09-24T19:54:00Z,281.735,281.845,281.715,281.77
2026-09-24T19:54:00Z,2026-09-24T19:55:00Z,281.765,281.85,281.73,281.805
2026-09-24T19:55:00Z,2026-09-24T19:56:00Z,281.8,281.805,281.62,281.635
2026-09-24T19:56:00Z,2026-09-24T19:57:00Z,281.645,281.705,281.595,281.705
2026-09-24T19:57:00Z,2026-09-24T19:58:00Z,281.715,281.765,281.665,281.685
2026-09-24T19:58:00Z,2026-09-24T19:59:00Z,281.655,281.685,281.605,281.635
2026-09-24T19:59:00Z,2026-09-24T20:00:00Z,281.64,281.72,281.585,281.68
2026-09-25T13:30:00Z,2026-09-25T13:31:00Z,282.33,282.38,282.015,282.22
2026-09-25T13:31:00Z,2026-09-25T13:32:00Z,282.23,282.25,281.955,282.17
2026-09-25T13:32:00Z,2026-09-25T13:33:00Z,282.175,282.335,281.84,281.86
2026-09-25T13:33:00Z,2026-09-25T13:34:00Z,281.835,282.13,281.825,282.035
2026-09-25T13:34:00Z,2026-09-25T13:35:00Z,282.04,282.045,281.82,281.89
2026-09-25T13:35:00Z,2026-09-25T13:36:00Z,281.9,281.965,281.81,281.88
2026-09-25T13:36:00Z,2026-09-25T13:37:00Z,281.87,281.91,281.66,281.75
2026-09-25T13:37:00Z,2026-09-25T13:38:00Z,281.755,282.02,281.63,282
2026-09-25T13:38:00Z,2026-09-25T13:39:00Z,281.99,282.17,281.97,282.155
2026-09-25T13:39:00Z,2026-09-25T13:40:00Z,282.17,282.21,281.875,282.1
2026-09-25T13:40:00Z,2026-09-25T13:41:00Z,282.105,282.23,282.015,282.085
2026-09-25T13:41:00Z,2026-09-25T13:42:00Z,282.09,282.395,281.97,282.37
2026-09-25T13:42:00Z,2026-09-25T13:43:00Z,282.38,282.605,282.31,282.605
2026-09-25T13:43:00Z,2026-09-25T13:44:00Z,282.61,282.69,282.08,282.12
2026-09-25T13:44:00Z,2026-09-25T13:45:00Z,282.125,282.17,281.93,281.975
2026-09-25T13:45:00Z,2026-09-25T13:46:00Z,281.96,281.97,281.74,281.78
2026-09-25T13:46:00Z,2026-09-25T13:47:00Z,281.79,281.82,281.63,281.695
2026-09-25T13:47:00Z,2026-09-25T13:48:00Z,281.69,281.71,281.55,281.61
2026-09-25T13:48:00Z,2026-09-25T13:49:00Z,281.6,281.725,281.415,281.535
2026-09-25T13:49:00Z,2026-09-25T13:50:00Z,281.54,281.835,281.535,281.8
2026-09-25T13:50:00Z,2026-09-25T13:51:00Z,281.79,281.79,281.64,281.69
2026-09-25T13:51:00Z,2026-09-25T13:52:00Z,281.685,281.785,281.575,281.73
2026-09-25T13:52:00Z,2026-09-25T13:53:00Z,281.725,281.73,281.56,281.6
2026-09-25T13:53:00Z,2026-09-25T13:54:00Z,281.605,281.88,281.58,281.87
2026-09-25T13:54:00Z,2026-09-25T13:55:00Z,281.86,282.045,281.805,281.975
2026-09-25T13:55:00Z,2026-09-25T13:56:00Z,281.985,282.02,281.83,281.895
2026-09-25T13:56:00Z,2026-09-25T13:57:00Z,281.905,282.085,281.88,282.065
2026-09-25T13:57:00Z,2026-09-25T13:58:00Z,282.075,282.165,282.005,282.11
2026-09-25T13:58:00Z,2026-09-25T13:59:00Z,282.115,282.135,281.99,282.015
2026-09-25T13:59:00Z,2026-09-25T14:00:00Z,282.02,282.03,281.82,281.875
2026-09-25T14:00:00Z,2026-09-25T14:01:00Z,281.885,281.94,281.55,281.62
2026-09-25T14:01:00Z,2026-09-25T14:02:00Z,281.635,281.66,281.39,281.47
2026-09-25T14:02:00Z,2026-09-25T14:03:00Z,281.495,281.495,281.245,281.265
2026-09-25T14:03:00Z,2026-09-25T14:04:00Z,281.255,281.255,280.955,281.075
2026-09-25T14:04:00Z,2026-09-25T14:05:00Z,281.07,281.15,280.78,280.795
2026-09-25T14:05:00Z,2026-09-25T14:06:00Z,280.8,280.8,280.495,280.495
2026-09-25T14:06:00Z,2026-09-25T14:07:00Z,280.505,280.775,280.455,280.7
2026-09-25T14:07:00Z,2026-09-25T14:08:00Z,280.69,280.84,280.64,280.68
2026-09-25T14:08:00Z,2026-09-25T14:09:00Z,280.675,280.975,280.635,280.975
2026-09-25T14:09:00Z,2026-09-25T14:10:00Z,280.97,281.04,280.855,281.03
2026-09-25T14:10:00Z,2026-09-25T14:11:00Z,281.02,281.18,280.94,280.95
2026-09-25T14:11:00Z,2026-09-25T14:12:00Z,280.955,281.23,280.865,281.18
2026-09-25T14:12:00Z,2026-09-25T14:13:00Z,281.185,281.185,280.91,281.1
2026-09-25T14:13:00Z,2026-09-25T14:14:00Z,281.09,281.235,280.995,281.04
2026-09-25T14:14:00Z,2026-09-25T14:15:00Z,281.035,281.1,280.875,280.995
2026-09-25T14:15:00Z,2026-09-25T14:16:00Z,280.98,281.145,280.71,281.02
2026-09-25T14:16:00Z,2026-09-25T14:17:00Z,281.015,281.05,280.64,280.68
2026-09-25T14:17:00Z,2026-09-25T14:18:00Z,280.675,280.71,280.59,280.66
2026-09-25T14:18:00Z,2026-09-25T14:19:00Z,280.65,280.815,280.54,280.575
2026-09-25T14:19:00Z,2026-09-25T14:20:00Z,280.58,280.95,280.515,280.9
2026-09-25T14:20:00Z,2026-09-25T14:21:00Z,280.91,281.14,280.875,281.12
2026-09-25T14:21:00Z,2026-09-25T14:22:00Z,281.1,281.17,280.995,281.075
2026-09-25T14:22:00Z,2026-09-25T14:23:00Z,281.08,281.31,281.06,281.235
2026-09-25T14:23:00Z,2026-09-25T14:24:00Z,281.23,281.34,281.16,281.29
2026-09-25T14:24:00Z,2026-09-25T14:25:00Z,281.285,281.37,281.135,281.25
2026-09-25T14:25:00Z,2026-09-25T14:26:00Z,281.255,281.3,281.145,281.275
2026-09-25T14:26:00Z,2026-09-25T14:27:00Z,281.28,281.29,281.1,281.165
2026-09-25T14:27:00Z,2026-09-25T14:28:00Z,281.17,281.175,281.01,281.025
2026-09-25T14:28:00Z,2026-09-25T14:29:00Z,281.02,281.05,280.79,280.91
2026-09-25T14:29:00Z,2026-09-25T14:30:00Z,280.905,281.045,280.835,280.855
2026-09-25T14:30:00Z,2026-09-25T14:31:00Z,280.86,280.9,280.69,280.87
2026-09-25T14:31:00Z,2026-09-25T14:32:00Z,280.865,280.93,280.775,280.84
2026-09-25T14:32:00Z,2026-09-25T14:33:00Z,280.835,280.905,280.745,280.84
2026-09-25T14:33:00Z,2026-09-25T14:34:00Z,280.83,280.835,280.685,280.72
2026-09-25T14:34:00Z,2026-09-25T14:35:00Z,280.725,280.925,280.715,280.86
2026-09-25T14:35:00Z,2026-09-25T14:36:00Z,280.86,280.96,280.71,280.93
2026-09-25T14:36:00Z,2026-09-25T14:37:00Z,280.925,281.015,280.84,280.875
2026-09-25T14:37:00Z,2026-09-25T14:38:00Z,280.865,281.035,280.86,281.005
2026-09-25T14:38:00Z,2026-09-25T14:39:00Z,281,281.105,280.885,280.95
2026-09-25T14:39:00Z,2026-09-25T14:40:00Z,280.93,281.035,280.92,280.92
2026-09-25T14:40:00Z,2026-09-25T14:41:00Z,280.91,280.95,280.78,280.805
2026-09-25T14:41:00Z,2026-09-25T14:42:00Z,280.805,280.885,280.685,280.71
2026-09-25T14:42:00Z,2026-09-25T14:43:00Z,280.705,280.89,280.63,280.865
2026-09-25T14:43:00Z,2026-09-25T14:44:00Z,280.855,280.9,280.73,280.765
2026-09-25T14:44:00Z,2026-09-25T14:45:00Z,280.79,280.92,280.725,280.915
2026-09-25T14:45:00Z,2026-09-25T14:46:00Z,280.91,280.915,280.75,280.85
2026-09-25T14:46:00Z,2026-09-25T14:47:00Z,280.845,281.07,280.675,280.93
2026-09-25T14:47:00Z,2026-09-25T14:48:00Z,280.92,281.14,280.875,281.02
2026-09-25T14:48:00Z,2026-09-25T14:49:00Z,281.015,281.05,280.765,280.77
2026-09-25T14:49:00Z,2026-09-25T14:50:00Z,280.765,281.065,280.76,281.005
2026-09-25T14:50:00Z,2026-09-25T14:51:00Z,281.01,281.035,280.92,280.97
2026-09-25T14:51:00Z,2026-09-25T14:52:00Z,280.975,280.99,280.595,280.595
2026-09-25T14:52:00Z,2026-09-25T14:53:00Z,280.61,280.65,280.525,280.58
2026-09-25T14:53:00Z,2026-09-25T14:54:00Z,280.59,280.72,280.56,280.635
2026-09-25T14:54:00Z,2026-09-25T14:55:00Z,280.64,280.875,280.64,280.85
2026-09-25T14:55:00Z,2026-09-25T14:56:00Z,280.845,280.905,280.8,280.875
2026-09-25T14:56:00Z,2026-09-25T14:57:00Z,280.865,280.98,280.845,280.85
2026-09-25T14:57:00Z,2026-09-25T14:58:00Z,280.86,280.97,280.82,280.84
2026-09-25T14:58:00Z,2026-09-25T14:59:00Z,280.83,280.965,280.7,280.94
2026-09-25T14:59:00Z,2026-09-25T15:00:00Z,280.94,281.06,280.935,281.045
2026-09-25T15:00:00Z,2026-09-25T15:01:00Z,281.05,281.175,281,281.155
2026-09-25T15:01:00Z,2026-09-25T15:02:00Z,281.16,281.265,281.125,281.245
2026-09-25T15:02:00Z,2026-09-25T15:03:00Z,281.25,281.45,281.25,281.37
2026-09-25T15:03:00Z,2026-09-25T15:04:00Z,281.38,281.545,281.38,281.455
2026-09-25T15:04:00Z,2026-09-25T15:05:00Z,281.45,281.69,281.425,281.55
2026-09-25T15:05:00Z,2026-09-25T15:06:00Z,281.56,281.7,281.555,281.7
2026-09-25T15:06:00Z,2026-09-25T15:07:00Z,281.695,281.805,281.675,281.775
2026-09-25T15:07:00Z,2026-09-25T15:08:00Z,281.78,281.835,281.61,281.63
2026-09-25T15:08:00Z,2026-09-25T15:09:00Z,281.64,281.67,281.43,281.47
2026-09-25T15:09:00Z,2026-09-25T15:10:00Z,281.475,281.485,281.295,281.34
2026-09-25T15:10:00Z,2026-09-25T15:11:00Z,281.35,281.36,281.17,281.22
2026-09-25T15:11:00Z,2026-09-25T15:12:00Z,281.215,281.27,281.15,281.205
2026-09-25T15:12:00Z,2026-09-25T15:13:00Z,281.21,281.31,281.15,281.31
2026-09-25T15:13:00Z,2026-09-25T15:14:00Z,281.325,281.465,281.32,281.44
2026-09-25T15:14:00Z,2026-09-25T15:15:00Z,281.445,281.51,281.415,281.48
2026-09-25T15:15:00Z,2026-09-25T15:16:00Z,281.485,281.49,281.34,281.385
2026-09-25T15:16:00Z,2026-09-25T15:17:00Z,281.385,281.43,281.33,281.42
2026-09-25T15:17:00Z,2026-09-25T15:18:00Z,281.425,281.48,281.35,281.375
2026-09-25T15:18:00Z,2026-09-25T15:19:00Z,281.39,281.515,281.38,281.475
2026-09-25T15:19:00Z,2026-09-25T15:20:00Z,281.485,281.485,281.29,281.33
2026-09-25T15:20:00Z,2026-09-25T15:21:00Z,281.35,281.535,281.33,281.515
2026-09-25T15:21:00Z,2026-09-25T15:22:00Z,281.52,281.785,281.42,281.565
2026-09-25T15:22:00Z,2026-09-25T15:23:00Z,281.575,281.685,281.53,281.63
2026-09-25T15:23:00Z,2026-09-25T15:24:00Z,281.635,281.66,281.535,281.55
2026-09-25T15:24:00Z,2026-09-25T15:25:00Z,281.545,281.58,281.415,281.425
2026-09-25T15:25:00Z,2026-09-25T15:26:00Z,281.43,281.52,281.36,281.36
2026-09-25T15:26:00Z,2026-09-25T15:27:00Z,281.355,281.52,281.31,281.52
2026-09-25T15:27:00Z,2026-09-25T15:28:00Z,281.505,281.525,281.38,281.425
2026-09-25T15:28:00Z,2026-09-25T15:29:00Z,281.445,281.445,281.35,281.42
2026-09-25T15:29:00Z,2026-09-25T15:30:00Z,281.43,281.48,281.36,281.42
2026-09-25T15:30:00Z,2026-09-25T15:31:00Z,281.43,281.945,281.41,281.63
2026-09-25T15:31:00Z,2026-09-25T15:32:00Z,281.645,281.715,281.545,281.715
2026-09-25T15:32:00Z,2026-09-25T15:33:00Z,281.71,281.815,281.66,281.72
2026-09-25T15:33:00Z,2026-09-25T15:34:00Z,281.715,281.73,281.575,281.65
2026-09-25T15:34:00Z,2026-09-25T15:35:00Z,281.645,281.69,281.44,281.445
2026-09-25T15:35:00Z,2026-09-25T15:36:00Z,281.45,281.55,281.415,281.53
2026-09-25T15:36:00Z,2026-09-25T15:37:00Z,281.525,281.58,281.465,281.52
2026-09-25T15:37:00Z,2026-09-25T15:38:00Z,281.53,281.585,281.465,281.555
2026-09-25T15:38:00Z,2026-09-25T15:39:00Z,281.56,281.565,281.355,281.375
2026-09-25T15:39:00Z,2026-09-25T15:40:00Z,281.365,281.37,281.285,281.31
2026-09-25T15:40:00Z,2026-09-25T15:41:00Z,281.32,281.355,281.235,281.335
2026-09-25T15:41:00Z,2026-09-25T15:42:00Z,281.34,281.37,281.255,281.305
2026-09-25T15:42:00Z,2026-09-25T15:43:00Z,281.305,281.33,281.155,281.2
2026-09-25T15:43:00Z,2026-09-25T15:44:00Z,281.19,281.205,281.1,281.105
2026-09-25T15:44:00Z,2026-09-25T15:45:00Z,281.105,281.13,280.98,280.985
2026-09-25T15:45:00Z,2026-09-25T15:46:00Z,280.98,281.02,280.915,280.915
2026-09-25T15:46:00Z,2026-09-25T15:47:00Z,280.91,281.06,280.845,281.055
2026-09-25T15:47:00Z,2026-09-25T15:48:00Z,281.055,281.115,281.035,281.085
2026-09-25T15:48:00Z,2026-09-25T15:49:00Z,281.09,281.18,281.035,281.115
2026-09-25T15:49:00Z,2026-09-25T15:50:00Z,281.11,281.175,281.1,281.17
2026-09-25T15:50:00Z,2026-09-25T15:51:00Z,281.175,281.215,281.12,281.145
2026-09-25T15:51:00Z,2026-09-25T15:52:00Z,281.13,281.13,280.84,280.845
2026-09-25T15:52:00Z,2026-09-25T15:53:00Z,280.84,280.905,280.795,280.885
2026-09-25T15:53:00Z,2026-09-25T15:54:00Z,280.89,280.965,280.875,280.96
2026-09-25T15:54:00Z,2026-09-25T15:55:00Z,280.955,281.4,280.94,281.26
2026-09-25T15:55:00Z,2026-09-25T15:56:00Z,281.27,281.49,281.245,281.31
2026-09-25T15:56:00Z,2026-09-25T15:57:00Z,281.315,281.43,281.22,281.42
2026-09-25T15:57:00Z,2026-09-25T15:58:00Z,281.425,281.52,281.405,281.495
2026-09-25T15:58:00Z,2026-09-25T15:59:00Z,281.485,281.945,281.47,281.875
2026-09-25T15:59:00Z,2026-09-25T16:00:00Z,281.87,282.17,281.82,282.145
2026-09-25T16:00:00Z,2026-09-25T16:01:00Z,282.165,282.5,282.035,282.475
2026-09-25T16:01:00Z,2026-09-25T16:02:00Z,282.48,282.67,282.385,282.42
2026-09-25T16:02:00Z,2026-09-25T16:03:00Z,282.425,282.84,282.425,282.84
2026-09-25T16:03:00Z,2026-09-25T16:04:00Z,282.835,283.22,282.745,283.21
2026-09-25T16:04:00Z,2026-09-25T16:05:00Z,283.215,283.235,282.83,283.115
2026-09-25T16:05:00Z,2026-09-25T16:06:00Z,283.1,283.245,282.95,283.185
2026-09-25T16:06:00Z,2026-09-25T16:07:00Z,283.185,283.265,282.905,283.24
2026-09-25T16:07:00Z,2026-09-25T16:08:00Z,283.235,283.335,283.175,283.23
2026-09-25T16:08:00Z,2026-09-25T16:09:00Z,283.235,283.415,283.165,283.325
2026-09-25T16:09:00Z,2026-09-25T16:10:00Z,283.325,283.415,283.16,283.38
2026-09-25T16:10:00Z,2026-09-25T16:11:00Z,283.385,283.525,283.31,283.31
2026-09-25T16:11:00Z,2026-09-25T16:12:00Z,283.29,283.365,283.19,283.345
2026-09-25T16:12:00Z,2026-09-25T16:13:00Z,283.34,283.49,283.27,283.31
2026-09-25T16:13:00Z,2026-09-25T16:14:00Z,283.295,283.375,283.22,283.26
2026-09-25T16:14:00Z,2026-09-25T16:15:00Z,283.255,283.28,283.045,283.22
2026-09-25T16:15:00Z,2026-09-25T16:16:00Z,283.21,283.295,283.11,283.295
2026-09-25T16:16:00Z,2026-09-25T16:17:00Z,283.295,283.335,283.155,283.29
2026-09-25T16:17:00Z,2026-09-25T16:18:00Z,283.285,283.465,283.01,283.02
2026-09-25T16:18:00Z,2026-09-25T16:19:00Z,283.01,283.025,282.87,282.91
2026-09-25T16:19:00Z,2026-09-25T16:20:00Z,282.905,283.025,282.77,283.005
2026-09-25T16:20:00Z,2026-09-25T16:21:00Z,283,283.05,282.85,282.88
2026-09-25T16:21:00Z,2026-09-25T16:22:00Z,282.885,282.96,282.76,282.85
2026-09-25T16:22:00Z,2026-09-25T16:23:00Z,282.845,282.87,282.68,282.775
2026-09-25T16:23:00Z,2026-09-25T16:24:00Z,282.785,282.87,282.69,282.72
2026-09-25T16:24:00Z,2026-09-25T16:25:00Z,282.73,282.805,282.67,282.74
2026-09-25T16:25:00Z,2026-09-25T16:26:00Z,282.745,282.965,282.71,282.84
2026-09-25T16:26:00Z,2026-09-25T16:27:00Z,282.845,283.135,282.84,283.125
2026-09-25T16:27:00Z,2026-09-25T16:28:00Z,283.115,283.155,282.92,282.965
2026-09-25T16:28:00Z,2026-09-25T16:29:00Z,282.97,282.99,282.895,282.95
2026-09-25T16:29:00Z,2026-09-25T16:30:00Z,282.94,283.05,282.94,283.005
2026-09-25T16:30:00Z,2026-09-25T16:31:00Z,283.01,283.12,282.975,283.11
2026-09-25T16:31:00Z,2026-09-25T16:32:00Z,283.12,283.12,283,283.025
2026-09-25T16:32:00Z,2026-09-25T16:33:00Z,283.03,283.135,283.015,283.1
2026-09-25T16:33:00Z,2026-09-25T16:34:00Z,283.105,283.135,283.015,283.05
2026-09-25T16:34:00Z,2026-09-25T16:35:00Z,283.045,283.045,282.365,282.55
2026-09-25T16:35:00Z,2026-09-25T16:36:00Z,282.555,282.785,282.555,282.77
2026-09-25T16:36:00Z,2026-09-25T16:37:00Z,282.76,282.78,282.625,282.77
2026-09-25T16:37:00Z,2026-09-25T16:38:00Z,282.78,282.945,282.69,282.72
2026-09-25T16:38:00Z,2026-09-25T16:39:00Z,282.725,282.74,282.555,282.7
2026-09-25T16:39:00Z,2026-09-25T16:40:00Z,282.695,282.805,282.655,282.675
2026-09-25T16:40:00Z,2026-09-25T16:41:00Z,282.68,282.715,282.57,282.58
2026-09-25T16:41:00Z,2026-09-25T16:42:00Z,282.595,282.63,282.505,282.625
2026-09-25T16:42:00Z,2026-09-25T16:43:00Z,282.64,282.825,282.635,282.695
2026-09-25T16:43:00Z,2026-09-25T16:44:00Z,282.7,282.755,282.64,282.69
2026-09-25T16:44:00Z,2026-09-25T16:45:00Z,282.7,282.78,282.67,282.685
2026-09-25T16:45:00Z,2026-09-25T16:46:00Z,282.68,282.685,282.45,282.53
2026-09-25T16:46:00Z,2026-09-25T16:47:00Z,282.525,282.6,282.515,282.56
2026-09-25T16:47:00Z,2026-09-25T16:48:00Z,282.565,282.575,282.505,282.51
2026-09-25T16:48:00Z,2026-09-25T16:49:00Z,282.51,282.56,282.35,282.36
2026-09-25T16:49:00Z,2026-09-25T16:50:00Z,282.365,282.465,282.315,282.425
2026-09-25T16:50:00Z,2026-09-25T16:51:00Z,282.435,282.49,282.4,282.405
2026-09-25T16:51:00Z,2026-09-25T16:52:00Z,282.41,282.42,282.35,282.41
2026-09-25T16:52:00Z,2026-09-25T16:53:00Z,282.405,282.43,282.35,282.41
2026-09-25T16:53:00Z,2026-09-25T16:54:00Z,282.415,282.46,282.385,282.41
2026-09-25T16:54:00Z,2026-09-25T16:55:00Z,282.415,282.465,282.39,282.45
2026-09-25T16:55:00Z,2026-09-25T16:56:00Z,282.45,282.48,282.395,282.42
2026-09-25T16:56:00Z,2026-09-25T16:57:00Z,282.415,282.49,282.365,282.38
2026-09-25T16:57:00Z,2026-09-25T16:58:00Z,282.385,282.385,282.305,282.325
2026-09-25T16:58:00Z,2026-09-25T16:59:00Z,282.315,282.32,282.285,282.305
2026-09-25T16:59:00Z,2026-09-25T17:00:00Z,282.31,282.335,282.17,282.25
2026-09-25T17:00:00Z,2026-09-25T17:01:00Z,282.255,282.27,282.245,282.245
2026-09-25T17:01:00Z,2026-09-25T17:02:00Z,282.245,282.515,282.245,282.485
2026-09-25T17:02:00Z,2026-09-25T17:03:00Z,282.49,282.515,282.42,282.46
2026-09-25T17:03:00Z,2026-09-25T17:04:00Z,282.465,282.47,282.375,282.39
2026-09-25T17:04:00Z,2026-09-25T17:05:00Z,282.385,282.43,282.355,282.405
2026-09-25T17:05:00Z,2026-09-25T17:06:00Z,282.41,282.43,282.34,282.345
2026-09-25T17:06:00Z,2026-09-25T17:07:00Z,282.34,282.39,282.3,282.31
2026-09-25T17:07:00Z,2026-09-25T17:08:00Z,282.315,282.375,282.285,282.335
2026-09-25T17:08:00Z,2026-09-25T17:09:00Z,282.34,282.35,282.195,282.295
2026-09-25T17:09:00Z,2026-09-25T17:10:00Z,282.295,282.445,282.295,282.425
2026-09-25T17:10:00Z,2026-09-25T17:11:00Z,282.43,282.43,282.325,282.355
2026-09-25T17:11:00Z,2026-09-25T17:12:00Z,282.355,282.37,282.295,282.3
2026-09-25T17:12:00Z,2026-09-25T17:13:00Z,282.31,282.335,282.215,282.31
2026-09-25T17:13:00Z,2026-09-25T17:14:00Z,282.305,282.405,282.3,282.335
2026-09-25T17:14:00Z,2026-09-25T17:15:00Z,282.34,282.37,282.315,282.37
2026-09-25T17:15:00Z,2026-09-25T17:16:00Z,282.375,282.395,282.27,282.295
2026-09-25T17:16:00Z,2026-09-25T17:17:00Z,282.295,282.295,282.195,282.25
2026-09-25T17:17:00Z,2026-09-25T17:18:00Z,282.255,282.295,282.21,282.21
2026-09-25T17:18:00Z,2026-09-25T17:19:00Z,282.21,282.215,282.09,282.155
2026-09-25T17:19:00Z,2026-09-25T17:20:00Z,282.155,282.215,282.125,282.155
2026-09-25T17:20:00Z,2026-09-25T17:21:00Z,282.155,282.19,282.115,282.12
2026-09-25T17:21:00Z,2026-09-25T17:22:00Z,282.115,282.165,282.07,282.145
2026-09-25T17:22:00Z,2026-09-25T17:23:00Z,282.145,282.175,282.145,282.165
2026-09-25T17:23:00Z,2026-09-25T17:24:00Z,282.17,282.225,282.14,282.215
2026-09-25T17:24:00Z,2026-09-25T17:25:00Z,282.21,282.285,282.195,282.265
2026-09-25T17:25:00Z,2026-09-25T17:26:00Z,282.27,282.295,282.21,282.245
2026-09-25T17:26:00Z,2026-09-25T17:27:00Z,282.245,282.255,282.19,282.2
2026-09-25T17:27:00Z,2026-09-25T17:28:00Z,282.195,282.215,282.15,282.16
2026-09-25T17:28:00Z,2026-09-25T17:29:00Z,282.155,282.17,282.1,282.115
2026-09-25T17:29:00Z,2026-09-25T17:30:00Z,282.125,282.15,282.1,282.115
2026-09-25T17:30:00Z,2026-09-25T17:31:00Z,282.115,282.165,282.065,282.16
2026-09-25T17:31:00Z,2026-09-25T17:32:00Z,282.165,282.165,281.93,281.935
2026-09-25T17:32:00Z,2026-09-25T17:33:00Z,281.945,282.05,281.945,282.045
2026-09-25T17:33:00Z,2026-09-25T17:34:00Z,282.045,282.08,281.965,281.965
2026-09-25T17:34:00Z,2026-09-25T17:35:00Z,281.97,281.975,281.835,281.925
2026-09-25T17:35:00Z,2026-09-25T17:36:00Z,281.925,281.925,281.8,281.815
2026-09-25T17:36:00Z,2026-09-25T17:37:00Z,281.81,281.835,281.735,281.74
2026-09-25T17:37:00Z,2026-09-25T17:38:00Z,281.715,281.73,281.665,281.68
2026-09-25T17:38:00Z,2026-09-25T17:39:00Z,281.675,281.76,281.675,281.7
2026-09-25T17:39:00Z,2026-09-25T17:40:00Z,281.72,281.945,281.715,281.845
2026-09-25T17:40:00Z,2026-09-25T17:41:00Z,281.865,281.955,281.8,281.84
2026-09-25T17:41:00Z,2026-09-25T17:42:00Z,281.835,282.025,281.815,281.975
2026-09-25T17:42:00Z,2026-09-25T17:43:00Z,281.975,282.065,281.975,282.025
2026-09-25T17:43:00Z,2026-09-25T17:44:00Z,282.02,282.045,281.985,282.035
2026-09-25T17:44:00Z,2026-09-25T17:45:00Z,282.035,282.085,281.935,281.965
2026-09-25T17:45:00Z,2026-09-25T17:46:00Z,281.965,282,281.915,281.975
2026-09-25T17:46:00Z,2026-09-25T17:47:00Z,281.985,282.045,281.98,281.995
2026-09-25T17:47:00Z,2026-09-25T17:48:00Z,281.995,282.02,281.93,281.935
2026-09-25T17:48:00Z,2026-09-25T17:49:00Z,281.935,282.02,281.925,281.98
2026-09-25T17:49:00Z,2026-09-25T17:50:00Z,281.985,282.045,281.97,282.005
2026-09-25T17:50:00Z,2026-09-25T17:51:00Z,281.995,282.02,281.945,281.955
2026-09-25T17:51:00Z,2026-09-25T17:52:00Z,281.96,281.965,281.885,281.915
2026-09-25T17:52:00Z,2026-09-25T17:53:00Z,281.905,281.915,281.82,281.825
2026-09-25T17:53:00Z,2026-09-25T17:54:00Z,281.825,281.895,281.805,281.885
2026-09-25T17:54:00Z,2026-09-25T17:55:00Z,281.885,281.895,281.8,281.84
2026-09-25T17:55:00Z,2026-09-25T17:56:00Z,281.835,281.865,281.81,281.865
2026-09-25T17:56:00Z,2026-09-25T17:57:00Z,281.86,281.91,281.86,281.89
2026-09-25T17:57:00Z,2026-09-25T17:58:00Z,281.885,281.885,281.86,281.885
2026-09-25T17:58:00Z,2026-09-25T17:59:00Z,281.895,281.97,281.895,281.965
2026-09-25T17:59:00Z,2026-09-25T18:00:00Z,281.965,282.005,281.965,281.995
2026-09-25T18:00:00Z,2026-09-25T18:01:00Z,282,282.005,281.905,281.915
2026-09-25T18:01:00Z,2026-09-25T18:02:00Z,281.925,281.925,281.865,281.885
2026-09-25T18:02:00Z,2026-09-25T18:03:00Z,281.895,281.975,281.885,281.955
2026-09-25T18:03:00Z,2026-09-25T18:04:00Z,281.955,281.955,281.9,281.9
2026-09-25T18:04:00Z,2026-09-25T18:05:00Z,281.905,281.915,281.85,281.85
2026-09-25T18:05:00Z,2026-09-25T18:06:00Z,281.855,281.905,281.82,281.825
2026-09-25T18:06:00Z,2026-09-25T18:07:00Z,281.825,281.885,281.825,281.845
2026-09-25T18:07:00Z,2026-09-25T18:08:00Z,281.85,281.865,281.83,281.855
2026-09-25T18:08:00Z,2026-09-25T18:09:00Z,281.86,281.93,281.855,281.925
2026-09-25T18:09:00Z,2026-09-25T18:10:00Z,281.925,281.935,281.885,281.935
2026-09-25T18:10:00Z,2026-09-25T18:11:00Z,281.935,281.935,281.885,281.885
2026-09-25T18:11:00Z,2026-09-25T18:12:00Z,281.885,281.885,281.82,281.875
2026-09-25T18:12:00Z,2026-09-25T18:13:00Z,281.875,281.955,281.835,281.955
2026-09-25T18:13:00Z,2026-09-25T18:14:00Z,281.955,282.035,281.955,282.035
2026-09-25T18:14:00Z,2026-09-25T18:15:00Z,282.055,282.095,282.015,282.085
2026-09-25T18:15:00Z,2026-09-25T18:16:00Z,282.085,282.125,282.075,282.115
2026-09-25T18:16:00Z,2026-09-25T18:17:00Z,282.115,282.155,282.065,282.08
2026-09-25T18:17:00Z,2026-09-25T18:18:00Z,282.085,282.115,282.065,282.115
2026-09-25T18:18:00Z,2026-09-25T18:19:00Z,282.115,282.15,282.075,282.095
2026-09-25T18:19:00Z,2026-09-25T18:20:00Z,282.1,282.125,282.065,282.125
2026-09-25T18:20:00Z,2026-09-25T18:21:00Z,282.115,282.145,282.095,282.125
2026-09-25T18:21:00Z,2026-09-25T18:22:00Z,282.115,282.13,282.06,282.065
2026-09-25T18:22:00Z,2026-09-25T18:23:00Z,282.065,282.105,282.055,282.07
2026-09-25T18:23:00Z,2026-09-25T18:24:00Z,282.065,282.145,282.065,282.135
2026-09-25T18:24:00Z,2026-09-25T18:25:00Z,282.135,282.205,282.135,282.185
2026-09-25T18:25:00Z,2026-09-25T18:26:00Z,282.185,282.265,282.175,282.245
2026-09-25T18:26:00Z,2026-09-25T18:27:00Z,282.245,282.265,281.99,282.035
2026-09-25T18:27:00Z,2026-09-25T18:28:00Z,282.025,282.075,281.85,281.905
2026-09-25T18:28:00Z,2026-09-25T18:29:00Z,281.9,282.025,281.875,282.005
2026-09-25T18:29:00Z,2026-09-25T18:30:00Z,282.015,282.075,281.96,282.075
2026-09-25T18:30:00Z,2026-09-25T18:31:00Z,282.075,282.165,282.045,282.125
2026-09-25T18:31:00Z,2026-09-25T18:32:00Z,282.14,282.21,282.095,282.105
2026-09-25T18:32:00Z,2026-09-25T18:33:00Z,282.115,282.19,282.08,282.085
2026-09-25T18:33:00Z,2026-09-25T18:34:00Z,282.1,282.115,282.02,282.085
2026-09-25T18:34:00Z,2026-09-25T18:35:00Z,282.085,282.11,282.04,282.065
2026-09-25T18:35:00Z,2026-09-25T18:36:00Z,282.06,282.135,282.015,282.125
2026-09-25T18:36:00Z,2026-09-25T18:37:00Z,282.135,282.175,282.125,282.175
2026-09-25T18:37:00Z,2026-09-25T18:38:00Z,282.175,282.175,281.955,281.99
2026-09-25T18:38:00Z,2026-09-25T18:39:00Z,281.985,282.015,281.945,282.01
2026-09-25T18:39:00Z,2026-09-25T18:40:00Z,282.005,282.01,281.935,281.935
2026-09-25T18:40:00Z,2026-09-25T18:41:00Z,281.945,281.975,281.905,281.945
2026-09-25T18:41:00Z,2026-09-25T18:42:00Z,281.955,282.01,281.93,282.005
2026-09-25T18:42:00Z,2026-09-25T18:43:00Z,282.005,282.035,281.995,282.035
2026-09-25T18:43:00Z,2026-09-25T18:44:00Z,282.045,282.045,281.995,282.005
2026-09-25T18:44:00Z,2026-09-25T18:45:00Z,282.005,282.065,281.995,282.055
2026-09-25T18:45:00Z,2026-09-25T18:46:00Z,282.055,282.115,282.05,282.065
2026-09-25T18:46:00Z,2026-09-25T18:47:00Z,282.065,282.105,282.055,282.075
2026-09-25T18:47:00Z,2026-09-25T18:48:00Z,282.08,282.1,282.03,282.07
2026-09-25T18:48:00Z,2026-09-25T18:49:00Z,282.07,282.145,282.065,282.145
2026-09-25T18:49:00Z,2026-09-25T18:50:00Z,282.145,282.175,282.125,282.145
2026-09-25T18:50:00Z,2026-09-25T18:51:00Z,282.15,282.205,282.125,282.175
2026-09-25T18:51:00Z,2026-09-25T18:52:00Z,282.175,282.205,282.135,282.175
2026-09-25T18:52:00Z,2026-09-25T18:53:00Z,282.175,282.235,282.175,282.235
2026-09-25T18:53:00Z,2026-09-25T18:54:00Z,282.24,282.245,282.205,282.215
2026-09-25T18:54:00Z,2026-09-25T18:55:00Z,282.21,282.225,282.135,282.145
2026-09-25T18:55:00Z,2026-09-25T18:56:00Z,282.145,282.185,282.145,282.155
2026-09-25T18:56:00Z,2026-09-25T18:57:00Z,282.165,282.175,282.11,282.145
2026-09-25T18:57:00Z,2026-09-25T18:58:00Z,282.14,282.2,282.115,282.195
2026-09-25T18:58:00Z,2026-09-25T18:59:00Z,282.195,282.255,282.185,282.245
2026-09-25T18:59:00Z,2026-09-25T19:00:00Z,282.25,282.265,282.225,282.25
2026-09-25T19:00:00Z,2026-09-25T19:01:00Z,282.255,282.335,282.215,282.255
2026-09-25T19:01:00Z,2026-09-25T19:02:00Z,282.265,282.38,282.235,282.265
2026-09-25T19:02:00Z,2026-09-25T19:03:00Z,282.27,282.285,282.14,282.155
2026-09-25T19:03:00Z,2026-09-25T19:04:00Z,282.16,282.16,282.065,282.145
2026-09-25T19:04:00Z,2026-09-25T19:05:00Z,282.15,282.205,282.145,282.18
2026-09-25T19:05:00Z,2026-09-25T19:06:00Z,282.175,282.275,282.165,282.235
2026-09-25T19:06:00Z,2026-09-25T19:07:00Z,282.235,282.255,282.205,282.215
2026-09-25T19:07:00Z,2026-09-25T19:08:00Z,282.215,282.345,282.185,282.345
2026-09-25T19:08:00Z,2026-09-25T19:09:00Z,282.345,282.365,282.3,282.315
2026-09-25T19:09:00Z,2026-09-25T19:10:00Z,282.315,282.335,282.295,282.315
2026-09-25T19:10:00Z,2026-09-25T19:11:00Z,282.315,282.355,282.3,282.345
2026-09-25T19:11:00Z,2026-09-25T19:12:00Z,282.345,282.385,282.305,282.375
2026-09-25T19:12:00Z,2026-09-25T19:13:00Z,282.375,282.455,282.365,282.435
2026-09-25T19:13:00Z,2026-09-25T19:14:00Z,282.445,282.45,282.405,282.445
2026-09-25T19:14:00Z,2026-09-25T19:15:00Z,282.445,282.495,282.435,282.465
2026-09-25T19:15:00Z,2026-09-25T19:16:00Z,282.475,282.505,282.445,282.455
2026-09-25T19:16:00Z,2026-09-25T19:17:00Z,282.46,282.475,282.4,282.415
2026-09-25T19:17:00Z,2026-09-25T19:18:00Z,282.425,282.43,282.375,282.375
2026-09-25T19:18:00Z,2026-09-25T19:19:00Z,282.38,282.425,282.375,282.425
2026-09-25T19:19:00Z,2026-09-25T19:20:00Z,282.395,282.405,282.315,282.315
2026-09-25T19:20:00Z,2026-09-25T19:21:00Z,282.32,282.365,282.295,282.305
2026-09-25T19:21:00Z,2026-09-25T19:22:00Z,282.3,282.365,282.3,282.335
2026-09-25T19:22:00Z,2026-09-25T19:23:00Z,282.33,282.405,282.325,282.355
2026-09-25T19:23:00Z,2026-09-25T19:24:00Z,282.36,282.385,282.3,282.34
2026-09-25T19:24:00Z,2026-09-25T19:25:00Z,282.335,282.385,282.335,282.35
2026-09-25T19:25:00Z,2026-09-25T19:26:00Z,282.335,282.345,282.3,282.315
2026-09-25T19:26:00Z,2026-09-25T19:27:00Z,282.32,282.32,282.155,282.155
2026-09-25T19:27:00Z,2026-09-25T19:28:00Z,282.16,282.185,282.13,282.13
2026-09-25T19:28:00Z,2026-09-25T19:29:00Z,282.135,282.175,282.115,282.125
2026-09-25T19:29:00Z,2026-09-25T19:30:00Z,282.125,282.125,282.045,282.125
2026-09-25T19:30:00Z,2026-09-25T19:31:00Z,282.13,282.135,282.055,282.065
2026-09-25T19:31:00Z,2026-09-25T19:32:00Z,282.07,282.075,282.005,282.065
2026-09-25T19:32:00Z,2026-09-25T19:33:00Z,282.065,282.07,281.965,281.995
2026-09-25T19:33:00Z,2026-09-25T19:34:00Z,281.985,282.065,281.96,282.03
2026-09-25T19:34:00Z,2026-09-25T19:35:00Z,282.035,282.065,282.01,282.035
2026-09-25T19:35:00Z,2026-09-25T19:36:00Z,282.035,282.045,282.005,282.035
2026-09-25T19:36:00Z,2026-09-25T19:37:00Z,282.035,282.055,281.99,282.055
2026-09-25T19:37:00Z,2026-09-25T19:38:00Z,282.055,282.31,282.045,282.305
2026-09-25T19:38:00Z,2026-09-25T19:39:00Z,282.295,282.425,282.295,282.365
2026-09-25T19:39:00Z,2026-09-25T19:40:00Z,282.375,282.405,282.345,282.375
2026-09-25T19:40:00Z,2026-09-25T19:41:00Z,282.375,282.375,282.255,282.275
2026-09-25T19:41:00Z,2026-09-25T19:42:00Z,282.285,282.37,282.265,282.325
2026-09-25T19:42:00Z,2026-09-25T19:43:00Z,282.335,282.415,282.325,282.405
2026-09-25T19:43:00Z,2026-09-25T19:44:00Z,282.405,282.465,282.395,282.46
2026-09-25T19:44:00Z,2026-09-25T19:45:00Z,282.465,282.515,282.445,282.45
2026-09-25T19:45:00Z,2026-09-25T19:46:00Z,282.455,282.7,282.445,282.645
2026-09-25T19:46:00Z,2026-09-25T19:47:00Z,282.645,282.745,282.59,282.73
2026-09-25T19:47:00Z,2026-09-25T19:48:00Z,282.725,282.765,282.645,282.655
2026-09-25T19:48:00Z,2026-09-25T19:49:00Z,282.645,282.655,282.565,282.615
2026-09-25T19:49:00Z,2026-09-25T19:50:00Z,282.61,282.635,282.485,282.535
2026-09-25T19:50:00Z,2026-09-25T19:51:00Z,282.525,282.705,282.525,282.605
2026-09-25T19:51:00Z,2026-09-25T19:52:00Z,282.615,282.625,282.46,282.465
2026-09-25T19:52:00Z,2026-09-25T19:53:00Z,282.475,282.5,282.385,282.395
2026-09-25T19:53:00Z,2026-09-25T19:54:00Z,282.385,282.45,282.355,282.435
2026-09-25T19:54:00Z,2026-09-25T19:55:00Z,282.43,282.505,282.295,282.305
2026-09-25T19:55:00Z,2026-09-25T19:56:00Z,282.295,282.295,282.17,282.195
2026-09-25T19:56:00Z,2026-09-25T19:57:00Z,282.19,282.19,282.085,282.135
2026-09-25T19:57:00Z,2026-09-25T19:58:00Z,282.145,282.23,282.145,282.195
2026-09-25T19:58:00Z,2026-09-25T19:59:00Z,282.185,282.195,282.065,282.135
2026-09-25T19:59:00Z,2026-09-25T20:00:00Z,282.13,282.13,281.91,281.965
2026-09-28T13:30:00Z,2026-09-28T13:31:00Z,280.285,280.395,279.685,279.775
2026-09-28T13:31:00Z,2026-09-28T13:32:00Z,279.77,279.93,279.685,279.84
2026-09-28T13:32:00Z,2026-09-28T13:33:00Z,279.85,279.88,279.64,279.66
2026-09-28T13:33:00Z,2026-09-28T13:34:00Z,279.655,279.755,279.495,279.5
2026-09-28T13:34:00Z,2026-09-28T13:35:00Z,279.495,279.87,279.485,279.71
2026-09-28T13:35:00Z,2026-09-28T13:36:00Z,279.72,279.8,279.47,279.51
2026-09-28T13:36:00Z,2026-09-28T13:37:00Z,279.52,279.74,279.4,279.715
2026-09-28T13:37:00Z,2026-09-28T13:38:00Z,279.72,280.11,279.71,280.09
2026-09-28T13:38:00Z,2026-09-28T13:39:00Z,280.095,280.14,279.85,279.97
2026-09-28T13:39:00Z,2026-09-28T13:40:00Z,279.985,280.09,279.86,280.06
2026-09-28T13:40:00Z,2026-09-28T13:41:00Z,280.05,280.13,279.815,279.89
2026-09-28T13:41:00Z,2026-09-28T13:42:00Z,279.895,279.945,279.76,279.8
2026-09-28T13:42:00Z,2026-09-28T13:43:00Z,279.815,280.07,279.785,280.01
2026-09-28T13:43:00Z,2026-09-28T13:44:00Z,280,280.14,279.985,280.085
2026-09-28T13:44:00Z,2026-09-28T13:45:00Z,280.095,280.14,279.875,280.135
2026-09-28T13:45:00Z,2026-09-28T13:46:00Z,280.13,280.175,279.825,280.17
2026-09-28T13:46:00Z,2026-09-28T13:47:00Z,280.175,280.235,279.83,279.88
2026-09-28T13:47:00Z,2026-09-28T13:48:00Z,279.885,280.19,279.775,280
2026-09-28T13:48:00Z,2026-09-28T13:49:00Z,280.015,280.1,279.835,279.905
2026-09-28T13:49:00Z,2026-09-28T13:50:00Z,279.91,279.97,279.775,279.86
2026-09-28T13:50:00Z,2026-09-28T13:51:00Z,279.865,279.9,279.6,279.72
2026-09-28T13:51:00Z,2026-09-28T13:52:00Z,279.725,279.845,279.585,279.825
2026-09-28T13:52:00Z,2026-09-28T13:53:00Z,279.815,279.965,279.77,279.88
2026-09-28T13:53:00Z,2026-09-28T13:54:00Z,279.875,279.98,279.8,279.9
2026-09-28T13:54:00Z,2026-09-28T13:55:00Z,279.905,280.075,279.72,279.885
2026-09-28T13:55:00Z,2026-09-28T13:56:00Z,279.89,280.08,279.655,279.865
2026-09-28T13:56:00Z,2026-09-28T13:57:00Z,279.87,279.915,279.755,279.785
2026-09-28T13:57:00Z,2026-09-28T13:58:00Z,279.78,279.815,279.735,279.785
2026-09-28T13:58:00Z,2026-09-28T13:59:00Z,279.78,279.87,279.735,279.825
2026-09-28T13:59:00Z,2026-09-28T14:00:00Z,279.82,280.19,279.82,280.175
2026-09-28T14:00:00Z,2026-09-28T14:01:00Z,280.15,280.185,279.835,279.96
2026-09-28T14:01:00Z,2026-09-28T14:02:00Z,279.935,280.185,279.935,280.14
2026-09-28T14:02:00Z,2026-09-28T14:03:00Z,280.145,280.45,280.12,280.435
2026-09-28T14:03:00Z,2026-09-28T14:04:00Z,280.445,280.515,280.325,280.495
2026-09-28T14:04:00Z,2026-09-28T14:05:00Z,280.485,280.485,280.02,280.03
2026-09-28T14:05:00Z,2026-09-28T14:06:00Z,280.035,280.085,279.88,280.04
2026-09-28T14:06:00Z,2026-09-28T14:07:00Z,280.045,280.385,280.045,280.385
2026-09-28T14:07:00Z,2026-09-28T14:08:00Z,280.38,280.65,280.34,280.645
2026-09-28T14:08:00Z,2026-09-28T14:09:00Z,280.635,280.66,280.45,280.595
2026-09-28T14:09:00Z,2026-09-28T14:10:00Z,280.59,280.695,280.59,280.665
2026-09-28T14:10:00Z,2026-09-28T14:11:00Z,280.66,280.805,280.54,280.75
2026-09-28T14:11:00Z,2026-09-28T14:12:00Z,280.745,280.75,280.515,280.57
2026-09-28T14:12:00Z,2026-09-28T14:13:00Z,280.565,280.635,280.435,280.53
2026-09-28T14:13:00Z,2026-09-28T14:14:00Z,280.545,280.56,280.325,280.335
2026-09-28T14:14:00Z,2026-09-28T14:15:00Z,280.345,280.43,280.15,280.395
2026-09-28T14:15:00Z,2026-09-28T14:16:00Z,280.4,280.455,280.265,280.395
2026-09-28T14:16:00Z,2026-09-28T14:17:00Z,280.39,280.435,280.23,280.41
2026-09-28T14:17:00Z,2026-09-28T14:18:00Z,280.415,280.54,280.37,280.525
2026-09-28T14:18:00Z,2026-09-28T14:19:00Z,280.54,280.545,280.385,280.385
2026-09-28T14:19:00Z,2026-09-28T14:20:00Z,280.38,280.445,280.31,280.365
2026-09-28T14:20:00Z,2026-09-28T14:21:00Z,280.36,280.51,280.305,280.475
2026-09-28T14:21:00Z,2026-09-28T14:22:00Z,280.455,280.495,280.31,280.37
2026-09-28T14:22:00Z,2026-09-28T14:23:00Z,280.375,280.705,280.37,280.69
2026-09-28T14:23:00Z,2026-09-28T14:24:00Z,280.685,280.7,280.455,280.465
2026-09-28T14:24:00Z,2026-09-28T14:25:00Z,280.46,280.65,280.435,280.645
2026-09-28T14:25:00Z,2026-09-28T14:26:00Z,280.64,280.73,280.625,280.665
2026-09-28T14:26:00Z,2026-09-28T14:27:00Z,280.67,280.705,280.58,280.685
2026-09-28T14:27:00Z,2026-09-28T14:28:00Z,280.69,280.755,280.565,280.6
2026-09-28T14:28:00Z,2026-09-28T14:29:00Z,280.595,280.76,280.55,280.76
2026-09-28T14:29:00Z,2026-09-28T14:30:00Z,280.765,280.795,280.73,280.765
2026-09-28T14:30:00Z,2026-09-28T14:31:00Z,280.77,280.775,280.565,280.69
2026-09-28T14:31:00Z,2026-09-28T14:32:00Z,280.685,280.715,280.485,280.56
2026-09-28T14:32:00Z,2026-09-28T14:33:00Z,280.555,280.565,280.445,280.47
2026-09-28T14:33:00Z,2026-09-28T14:34:00Z,280.475,280.58,280.375,280.425
2026-09-28T14:34:00Z,2026-09-28T14:35:00Z,280.43,280.49,280.335,280.355
2026-09-28T14:35:00Z,2026-09-28T14:36:00Z,280.34,280.38,280.23,280.305
2026-09-28T14:36:00Z,2026-09-28T14:37:00Z,280.3,280.425,280.27,280.365
2026-09-28T14:37:00Z,2026-09-28T14:38:00Z,280.36,280.4,280.115,280.12
2026-09-28T14:38:00Z,2026-09-28T14:39:00Z,280.125,280.13,279.91,279.965
2026-09-28T14:39:00Z,2026-09-28T14:40:00Z,279.97,280.03,279.87,279.89
2026-09-28T14:40:00Z,2026-09-28T14:41:00Z,279.895,279.97,279.85,279.905
2026-09-28T14:41:00Z,2026-09-28T14:42:00Z,279.895,280.1,279.825,280.055
2026-09-28T14:42:00Z,2026-09-28T14:43:00Z,280.05,280.07,279.855,279.88
2026-09-28T14:43:00Z,2026-09-28T14:44:00Z,279.89,279.925,279.735,279.76
2026-09-28T14:44:00Z,2026-09-28T14:45:00Z,279.765,279.765,279.63,279.695
2026-09-28T14:45:00Z,2026-09-28T14:46:00Z,279.72,279.73,279.535,279.59
2026-09-28T14:46:00Z,2026-09-28T14:47:00Z,279.605,279.67,279.505,279.565
2026-09-28T14:47:00Z,2026-09-28T14:48:00Z,279.56,279.615,279.365,279.47
2026-09-28T14:48:00Z,2026-09-28T14:49:00Z,279.48,279.55,279.355,279.36
2026-09-28T14:49:00Z,2026-09-28T14:50:00Z,279.365,279.555,279.315,279.45
2026-09-28T14:50:00Z,2026-09-28T14:51:00Z,279.445,279.76,279.37,279.69
2026-09-28T14:51:00Z,2026-09-28T14:52:00Z,279.705,279.745,279.395,279.41
2026-09-28T14:52:00Z,2026-09-28T14:53:00Z,279.4,279.49,279.37,279.43
2026-09-28T14:53:00Z,2026-09-28T14:54:00Z,279.415,279.435,279.285,279.285
2026-09-28T14:54:00Z,2026-09-28T14:55:00Z,279.295,279.355,279.225,279.245
2026-09-28T14:55:00Z,2026-09-28T14:56:00Z,279.23,279.235,279.125,279.17
2026-09-28T14:56:00Z,2026-09-28T14:57:00Z,279.175,279.405,279.175,279.355
2026-09-28T14:57:00Z,2026-09-28T14:58:00Z,279.35,279.485,279.265,279.395
2026-09-28T14:58:00Z,2026-09-28T14:59:00Z,279.39,279.44,279.235,279.255
2026-09-28T14:59:00Z,2026-09-28T15:00:00Z,279.25,279.275,279.2,279.245
2026-09-28T15:00:00Z,2026-09-28T15:01:00Z,279.285,279.335,279.185,279.255
2026-09-28T15:01:00Z,2026-09-28T15:02:00Z,279.255,279.315,279.155,279.175
2026-09-28T15:02:00Z,2026-09-28T15:03:00Z,279.17,279.28,279.085,279.125
2026-09-28T15:03:00Z,2026-09-28T15:04:00Z,279.135,279.2,279.095,279.125
2026-09-28T15:04:00Z,2026-09-28T15:05:00Z,279.12,279.185,279.085,279.11
2026-09-28T15:05:00Z,2026-09-28T15:06:00Z,279.115,279.22,279.01,279.035
2026-09-28T15:06:00Z,2026-09-28T15:07:00Z,279.03,279.165,278.95,279.075
2026-09-28T15:07:00Z,2026-09-28T15:08:00Z,279.08,279.245,279.035,279.215
2026-09-28T15:08:00Z,2026-09-28T15:09:00Z,279.235,279.275,279.135,279.155
2026-09-28T15:09:00Z,2026-09-28T15:10:00Z,279.15,279.375,279.13,279.375
2026-09-28T15:10:00Z,2026-09-28T15:11:00Z,279.38,279.49,279.295,279.305
2026-09-28T15:11:00Z,2026-09-28T15:12:00Z,279.305,279.34,279.235,279.295
2026-09-28T15:12:00Z,2026-09-28T15:13:00Z,279.295,279.325,279.17,279.255
2026-09-28T15:13:00Z,2026-09-28T15:14:00Z,279.255,279.26,279.16,279.185
2026-09-28T15:14:00Z,2026-09-28T15:15:00Z,279.185,279.185,279.005,279.07
2026-09-28T15:15:00Z,2026-09-28T15:16:00Z,279.065,279.09,279.015,279.055
2026-09-28T15:16:00Z,2026-09-28T15:17:00Z,279.055,279.095,278.95,278.965
2026-09-28T15:17:00Z,2026-09-28T15:18:00Z,278.965,278.975,278.895,278.975
2026-09-28T15:18:00Z,2026-09-28T15:19:00Z,278.975,279.015,278.905,279.01
2026-09-28T15:19:00Z,2026-09-28T15:20:00Z,279.02,279.095,278.975,279.035
2026-09-28T15:20:00Z,2026-09-28T15:21:00Z,279.04,279.08,278.92,278.975
2026-09-28T15:21:00Z,2026-09-28T15:22:00Z,278.985,278.995,278.875,278.945
2026-09-28T15:22:00Z,2026-09-28T15:23:00Z,278.94,278.965,278.885,278.965
2026-09-28T15:23:00Z,2026-09-28T15:24:00Z,278.965,279.005,278.945,278.995
2026-09-28T15:24:00Z,2026-09-28T15:25:00Z,278.995,279.02,278.92,278.97
2026-09-28T15:25:00Z,2026-09-28T15:26:00Z,278.975,279.145,278.885,278.99
2026-09-28T15:26:00Z,2026-09-28T15:27:00Z,278.995,279.08,278.895,279.05
2026-09-28T15:27:00Z,2026-09-28T15:28:00Z,279.06,279.06,278.94,279.025
2026-09-28T15:28:00Z,2026-09-28T15:29:00Z,279.025,279.07,278.975,279.05
2026-09-28T15:29:00Z,2026-09-28T15:30:00Z,279.055,279.105,278.985,279.065
2026-09-28T15:30:00Z,2026-09-28T15:31:00Z,279.06,279.135,278.98,279.055
2026-09-28T15:31:00Z,2026-09-28T15:32:00Z,279.05,279.105,278.985,279.03
2026-09-28T15:32:00Z,2026-09-28T15:33:00Z,279.035,279.145,279.025,279.095
2026-09-28T15:33:00Z,2026-09-28T15:34:00Z,279.1,279.115,278.92,278.935
2026-09-28T15:34:00Z,2026-09-28T15:35:00Z,278.945,279.01,278.875,279
2026-09-28T15:35:00Z,2026-09-28T15:36:00Z,278.995,279.055,278.975,279.05
2026-09-28T15:36:00Z,2026-09-28T15:37:00Z,279.045,279.21,279.045,279.21
2026-09-28T15:37:00Z,2026-09-28T15:38:00Z,279.215,279.235,279.12,279.165
2026-09-28T15:38:00Z,2026-09-28T15:39:00Z,279.165,279.255,279.125,279.21
2026-09-28T15:39:00Z,2026-09-28T15:40:00Z,279.205,279.285,279.17,279.21
2026-09-28T15:40:00Z,2026-09-28T15:41:00Z,279.22,279.225,278.96,279.01
2026-09-28T15:41:00Z,2026-09-28T15:42:00Z,279.015,279.02,278.89,278.97
2026-09-28T15:42:00Z,2026-09-28T15:43:00Z,278.975,279.01,278.965,279.01
2026-09-23T18:58:00Z,2026-09-23T18:59:00Z,282.525,282.615,282.515,282.615
2026-09-23T18:59:00Z,2026-09-23T19:00:00Z,282.62,282.645,282.595,282.615
2026-09-23T19:00:00Z,2026-09-23T19:01:00Z,282.615,282.705,282.575,282.665
2026-09-23T19:01:00Z,2026-09-23T19:02:00Z,282.675,282.675,282.56,282.58
2026-09-23T19:02:00Z,2026-09-23T19:03:00Z,282.575,282.575,282.495,282.495
2026-09-23T19:03:00Z,2026-09-23T19:04:00Z,282.495,282.505,282.335,282.345
2026-09-23T19:04:00Z,2026-09-23T19:05:00Z,282.35,282.365,282.295,282.305
2026-09-23T19:05:00Z,2026-09-23T19:06:00Z,282.305,282.31,282.245,282.29
2026-09-23T19:06:00Z,2026-09-23T19:07:00Z,282.275,282.415,282.275,282.415
2026-09-23T19:07:00Z,2026-09-23T19:08:00Z,282.415,282.57,282.415,282.535
2026-09-23T19:08:00Z,2026-09-23T19:09:00Z,282.545,282.56,282.5,282.505
2026-09-23T19:09:00Z,2026-09-23T19:10:00Z,282.5,282.535,282.41,282.475
2026-09-23T19:10:00Z,2026-09-23T19:11:00Z,282.47,282.52,282.45,282.515
2026-09-23T19:11:00Z,2026-09-23T19:12:00Z,282.515,282.605,282.49,282.585
2026-09-23T19:12:00Z,2026-09-23T19:13:00Z,282.6,282.645,282.595,282.615
2026-09-23T19:13:00Z,2026-09-23T19:14:00Z,282.605,282.645,282.565,282.64
2026-09-23T19:14:00Z,2026-09-23T19:15:00Z,282.635,282.675,282.61,282.625
2026-09-23T19:15:00Z,2026-09-23T19:16:00Z,282.63,282.635,282.475,282.475
2026-09-23T19:16:00Z,2026-09-23T19:17:00Z,282.47,282.51,282.455,282.5
2026-09-23T19:17:00Z,2026-09-23T19:18:00Z,282.505,282.505,282.46,282.475
2026-09-23T19:18:00Z,2026-09-23T19:19:00Z,282.475,282.49,282.405,282.475
2026-09-23T19:19:00Z,2026-09-23T19:20:00Z,282.475,282.5,282.435,282.435
2026-09-23T19:20:00Z,2026-09-23T19:21:00Z,282.43,282.43,282.345,282.37
2026-09-23T19:21:00Z,2026-09-23T19:22:00Z,282.365,282.395,282.35,282.385
2026-09-23T19:22:00Z,2026-09-23T19:23:00Z,282.375,282.425,282.365,282.425
2026-09-23T19:23:00Z,2026-09-23T19:24:00Z,282.425,282.475,282.415,282.435
2026-09-23T19:24:00Z,2026-09-23T19:25:00Z,282.435,282.455,282.425,282.45
2026-09-23T19:25:00Z,2026-09-23T19:26:00Z,282.445,282.495,282.435,282.435
2026-09-23T19:26:00Z,2026-09-23T19:27:00Z,282.435,282.46,282.38,282.385
2026-09-23T19:27:00Z,2026-09-23T19:28:00Z,282.39,282.435,282.375,282.395
2026-09-23T19:28:00Z,2026-09-23T19:29:00Z,282.395,282.425,282.355,282.395
2026-09-23T19:29:00Z,2026-09-23T19:30:00Z,282.395,282.425,282.335,282.415
2026-09-23T19:30:00Z,2026-09-23T19:31:00Z,282.425,282.505,282.375,282.455
2026-09-23T19:31:00Z,2026-09-23T19:32:00Z,282.445,282.515,282.435,282.435
2026-09-23T19:32:00Z,2026-09-23T19:33:00Z,282.435,282.465,282.385,282.395
2026-09-23T19:33:00Z,2026-09-23T19:34:00Z,282.405,282.435,282.335,282.435
2026-09-23T19:34:00Z,2026-09-23T19:35:00Z,282.425,282.455,282.415,282.425
2026-09-23T19:35:00Z,2026-09-23T19:36:00Z,282.425,282.425,282.375,282.375
2026-09-23T19:36:00Z,2026-09-23T19:37:00Z,282.38,282.425,282.375,282.395
2026-09-23T19:37:00Z,2026-09-23T19:38:00Z,282.395,282.395,282.305,282.315
2026-09-23T19:38:00Z,2026-09-23T19:39:00Z,282.325,282.395,282.315,282.355
2026-09-23T19:39:00Z,2026-09-23T19:40:00Z,282.355,282.375,282.33,282.33
2026-09-23T19:40:00Z,2026-09-23T19:41:00Z,282.335,282.435,282.3,282.415
2026-09-23T19:41:00Z,2026-09-23T19:42:00Z,282.42,282.445,282.385,282.385
2026-09-23T19:42:00Z,2026-09-23T19:43:00Z,282.385,282.385,282.19,282.19
2026-09-23T19:43:00Z,2026-09-23T19:44:00Z,282.195,282.195,282.125,282.135
2026-09-23T19:44:00Z,2026-09-23T19:45:00Z,282.135,282.155,282.095,282.125
2026-09-23T19:45:00Z,2026-09-23T19:46:00Z,282.125,282.165,282.075,282.085
2026-09-23T19:46:00Z,2026-09-23T19:47:00Z,282.095,282.105,282,282.015
2026-09-23T19:47:00Z,2026-09-23T19:48:00Z,282.005,282.135,281.985,282.135
2026-09-23T19:48:00Z,2026-09-23T19:49:00Z,282.125,282.165,282.065,282.145
2026-09-23T19:49:00Z,2026-09-23T19:50:00Z,282.15,282.225,282.135,282.215
2026-09-23T19:50:00Z,2026-09-23T19:51:00Z,282.225,282.26,282.105,282.175
2026-09-23T19:51:00Z,2026-09-23T19:52:00Z,282.17,282.215,282.01,282.065
2026-09-23T19:52:00Z,2026-09-23T19:53:00Z,282.08,282.195,282.045,282.085
2026-09-23T19:53:00Z,2026-09-23T19:54:00Z,282.09,282.165,282.065,282.135
2026-09-23T19:54:00Z,2026-09-23T19:55:00Z,282.125,282.155,281.995,281.995
2026-09-23T19:55:00Z,2026-09-23T19:56:00Z,282.015,282.085,281.935,281.945
2026-09-23T19:56:00Z,2026-09-23T19:57:00Z,281.935,281.945,281.855,281.92
2026-09-23T19:57:00Z,2026-09-23T19:58:00Z,281.925,282.07,281.865,282.015
2026-09-23T19:58:00Z,2026-09-23T19:59:00Z,282.005,282.045,281.985,281.99
2026-09-23T19:59:00Z,2026-09-23T20:00:00Z,281.985,282.03,281.845,281.955
2026-09-24T13:30:00Z,2026-09-24T13:31:00Z,281.33,281.36,280.865,281.14
2026-09-24T13:31:00Z,2026-09-24T13:32:00Z,281.145,281.565,280.97,281.49
2026-09-24T13:32:00Z,2026-09-24T13:33:00Z,281.495,281.74,281.47,281.63
2026-09-24T13:33:00Z,2026-09-24T13:34:00Z,281.635,281.64,281.17,281.3
2026-09-24T13:34:00Z,2026-09-24T13:35:00Z,281.295,281.295,281.02,281.08
2026-09-24T13:35:00Z,2026-09-24T13:36:00Z,281.085,281.085,280.91,280.98
2026-09-24T13:36:00Z,2026-09-24T13:37:00Z,280.96,281.08,280.935,281.02
2026-09-24T13:37:00Z,2026-09-24T13:38:00Z,281.015,281.015,280.83,280.875
2026-09-24T13:38:00Z,2026-09-24T13:39:00Z,280.89,281,280.815,280.925
2026-09-24T13:39:00Z,2026-09-24T13:40:00Z,280.9,281.13,280.855,281.13
2026-09-24T13:40:00Z,2026-09-24T13:41:00Z,281.125,281.195,280.97,281.045
2026-09-24T13:41:00Z,2026-09-24T13:42:00Z,281.035,281.045,280.725,280.74
2026-09-24T13:42:00Z,2026-09-24T13:43:00Z,280.735,280.825,280.625,280.635
2026-09-24T13:43:00Z,2026-09-24T13:44:00Z,280.625,280.785,280.605,280.745
2026-09-24T13:44:00Z,2026-09-24T13:45:00Z,280.755,280.84,280.705,280.725
2026-09-24T13:45:00Z,2026-09-24T13:46:00Z,280.72,280.74,280.59,280.66
2026-09-24T13:46:00Z,2026-09-24T13:47:00Z,280.65,280.745,280.515,280.705
2026-09-24T13:47:00Z,2026-09-24T13:48:00Z,280.71,280.835,280.665,280.755
2026-09-24T13:48:00Z,2026-09-24T13:49:00Z,280.75,280.86,280.525,280.555
2026-09-24T13:49:00Z,2026-09-24T13:50:00Z,280.58,280.775,280.565,280.705
2026-09-24T13:50:00Z,2026-09-24T13:51:00Z,280.7,280.71,280.505,280.555
2026-09-24T13:51:00Z,2026-09-24T13:52:00Z,280.56,280.77,280.52,280.705
2026-09-24T13:52:00Z,2026-09-24T13:53:00Z,280.705,280.78,280.58,280.63
2026-09-24T13:53:00Z,2026-09-24T13:54:00Z,280.635,280.765,280.555,280.72
2026-09-24T13:54:00Z,2026-09-24T13:55:00Z,280.73,280.775,280.61,280.725
2026-09-24T13:55:00Z,2026-09-24T13:56:00Z,280.73,280.75,280.53,280.545
2026-09-24T13:56:00Z,2026-09-24T13:57:00Z,280.54,280.575,280.505,280.56
2026-09-24T13:57:00Z,2026-09-24T13:58:00Z,280.545,280.675,280.535,280.605
2026-09-24T13:58:00Z,2026-09-24T13:59:00Z,280.6,280.615,280.52,280.595
2026-09-24T13:59:00Z,2026-09-24T14:00:00Z,280.6,280.605,280.52,280.535
2026-09-24T14:00:00Z,2026-09-24T14:01:00Z,280.525,280.53,280.325,280.335
2026-09-24T14:01:00Z,2026-09-24T14:02:00Z,280.345,280.48,280.335,280.395
2026-09-24T14:02:00Z,2026-09-24T14:03:00Z,280.385,280.59,280.365,280.545
2026-09-24T14:03:00Z,2026-09-24T14:04:00Z,280.535,280.595,280.485,280.595
2026-09-24T14:04:00Z,2026-09-24T14:05:00Z,280.585,280.735,280.565,280.725
2026-09-24T14:05:00Z,2026-09-24T14:06:00Z,280.715,280.835,280.65,280.83
2026-09-24T14:06:00Z,2026-09-24T14:07:00Z,280.82,281,280.815,280.985
2026-09-24T14:07:00Z,2026-09-24T14:08:00Z,280.995,281.03,280.945,281.015
2026-09-24T14:08:00Z,2026-09-24T14:09:00Z,281.02,281.02,280.835,280.92
2026-09-24T14:09:00Z,2026-09-24T14:10:00Z,280.915,280.995,280.725,280.725
2026-09-24T14:10:00Z,2026-09-24T14:11:00Z,280.745,280.8,280.635,280.79
2026-09-24T14:11:00Z,2026-09-24T14:12:00Z,280.795,280.84,280.74,280.76
2026-09-24T14:12:00Z,2026-09-24T14:13:00Z,280.765,280.765,280.6,280.68
2026-09-24T14:13:00Z,2026-09-24T14:14:00Z,280.685,280.92,280.675,280.905
2026-09-24T14:14:00Z,2026-09-24T14:15:00Z,280.91,280.99,280.87,280.88
2026-09-24T14:15:00Z,2026-09-24T14:16:00Z,280.875,280.895,280.585,280.615
2026-09-24T14:16:00Z,2026-09-24T14:17:00Z,280.62,280.75,280.615,280.75
2026-09-24T14:17:00Z,2026-09-24T14:18:00Z,280.74,280.915,280.695,280.805
2026-09-24T14:18:00Z,2026-09-24T14:19:00Z,280.815,280.815,280.645,280.655
2026-09-24T14:19:00Z,2026-09-24T14:20:00Z,280.665,280.71,280.555,280.555
2026-09-24T14:20:00Z,2026-09-24T14:21:00Z,280.565,280.565,280.425,280.455
2026-09-24T14:21:00Z,2026-09-24T14:22:00Z,280.45,280.58,280.395,280.4
2026-09-24T14:22:00Z,2026-09-24T14:23:00Z,280.395,280.525,280.355,280.51
2026-09-24T14:23:00Z,2026-09-24T14:24:00Z,280.5,280.53,280.415,280.49
2026-09-24T14:24:00Z,2026-09-24T14:25:00Z,280.5,280.59,280.465,280.465
2026-09-24T14:25:00Z,2026-09-24T14:26:00Z,280.45,280.495,280.325,280.4
2026-09-24T14:26:00Z,2026-09-24T14:27:00Z,280.405,280.445,280.355,280.415
2026-09-24T14:27:00Z,2026-09-24T14:28:00Z,280.42,280.655,280.38,280.655
2026-09-24T14:28:00Z,2026-09-24T14:29:00Z,280.67,280.67,280.585,280.585
2026-09-24T14:29:00Z,2026-09-24T14:30:00Z,280.58,280.625,280.56,280.605
2026-09-24T14:30:00Z,2026-09-24T14:31:00Z,280.61,280.67,280.515,280.66
2026-09-24T14:31:00Z,2026-09-24T14:32:00Z,280.64,280.725,280.635,280.715
2026-09-24T14:32:00Z,2026-09-24T14:33:00Z,280.705,280.795,280.69,280.76
2026-09-24T14:33:00Z,2026-09-24T14:34:00Z,280.765,280.97,280.735,280.97
2026-09-24T14:34:00Z,2026-09-24T14:35:00Z,280.965,281.05,280.95,280.985
2026-09-24T14:35:00Z,2026-09-24T14:36:00Z,280.99,280.99,280.815,280.87
2026-09-24T14:36:00Z,2026-09-24T14:37:00Z,280.875,280.9,280.755,280.81
2026-09-24T14:37:00Z,2026-09-24T14:38:00Z,280.805,280.97,280.8,280.91
2026-09-24T14:38:00Z,2026-09-24T14:39:00Z,280.915,280.915,280.755,280.78
2026-09-24T14:39:00Z,2026-09-24T14:40:00Z,280.785,280.805,280.63,280.695
2026-09-24T14:40:00Z,2026-09-24T14:41:00Z,280.7,280.755,280.585,280.6
2026-09-24T14:41:00Z,2026-09-24T14:42:00Z,280.605,280.66,280.56,280.565
2026-09-24T14:42:00Z,2026-09-24T14:43:00Z,280.56,280.63,280.44,280.465
2026-09-24T14:43:00Z,2026-09-24T14:44:00Z,280.47,280.47,280.315,280.315
2026-09-24T14:44:00Z,2026-09-24T14:45:00Z,280.315,280.375,280.265,280.3
2026-09-24T14:45:00Z,2026-09-24T14:46:00Z,280.305,280.305,280.235,280.265
2026-09-24T14:46:00Z,2026-09-24T14:47:00Z,280.26,280.3,280.21,280.235
2026-09-24T14:47:00Z,2026-09-24T14:48:00Z,280.235,280.345,280.2,280.205
2026-09-24T14:48:00Z,2026-09-24T14:49:00Z,280.205,280.245,280.155,280.175
2026-09-24T14:49:00Z,2026-09-24T14:50:00Z,280.18,280.29,280.16,280.245
2026-09-24T14:50:00Z,2026-09-24T14:51:00Z,280.23,280.465,280.225,280.255
2026-09-24T14:51:00Z,2026-09-24T14:52:00Z,280.265,280.29,280.185,280.27
2026-09-24T14:52:00Z,2026-09-24T14:53:00Z,280.26,280.27,280.155,280.175
2026-09-24T14:53:00Z,2026-09-24T14:54:00Z,280.18,280.235,280.08,280.215
2026-09-24T14:54:00Z,2026-09-24T14:55:00Z,280.225,280.245,280.14,280.15
2026-09-24T14:55:00Z,2026-09-24T14:56:00Z,280.155,280.165,280.045,280.05
2026-09-24T14:56:00Z,2026-09-24T14:57:00Z,280.045,280.07,279.975,280.01
2026-09-24T14:57:00Z,2026-09-24T14:58:00Z,280.005,280.045,279.945,280.045
2026-09-24T14:58:00Z,2026-09-24T14:59:00Z,280.04,280.04,279.855,279.855
2026-09-24T14:59:00Z,2026-09-24T15:00:00Z,279.86,280.01,279.815,279.995
2026-09-24T15:00:00Z,2026-09-24T15:01:00Z,279.985,280.005,279.855,279.905
2026-09-24T15:01:00Z,2026-09-24T15:02:00Z,279.905,279.97,279.855,279.89
2026-09-24T15:02:00Z,2026-09-24T15:03:00Z,279.88,279.93,279.835,279.85
2026-09-24T15:03:00Z,2026-09-24T15:04:00Z,279.86,279.955,279.84,279.895
2026-09-24T15:04:00Z,2026-09-24T15:05:00Z,279.89,279.945,279.81,279.835
2026-09-24T15:05:00Z,2026-09-24T15:06:00Z,279.83,279.895,279.785,279.875
2026-09-24T15:06:00Z,2026-09-24T15:07:00Z,279.865,279.935,279.76,279.82
2026-09-24T15:07:00Z,2026-09-24T15:08:00Z,279.815,279.89,279.78,279.855
2026-09-24T15:08:00Z,2026-09-24T15:09:00Z,279.855,279.885,279.81,279.88
2026-09-24T15:09:00Z,2026-09-24T15:10:00Z,279.885,279.915,279.835,279.855
2026-09-24T15:10:00Z,2026-09-24T15:11:00Z,279.86,279.92,279.735,279.795
2026-09-24T15:11:00Z,2026-09-24T15:12:00Z,279.79,279.795,279.725,279.735
2026-09-24T15:12:00Z,2026-09-24T15:13:00Z,279.73,279.765,279.61,279.625
2026-09-24T15:13:00Z,2026-09-24T15:14:00Z,279.625,279.625,279.545,279.565
2026-09-24T15:14:00Z,2026-09-24T15:15:00Z,279.575,279.585,279.515,279.56
2026-09-24T15:15:00Z,2026-09-24T15:16:00Z,279.555,279.725,279.515,279.685
2026-09-24T15:16:00Z,2026-09-24T15:17:00Z,279.69,279.915,279.685,279.795
2026-09-24T15:17:00Z,2026-09-24T15:18:00Z,279.8,279.845,279.71,279.75
2026-09-24T15:18:00Z,2026-09-24T15:19:00Z,279.745,279.745,279.57,279.665
2026-09-24T15:19:00Z,2026-09-24T15:20:00Z,279.665,279.69,279.615,279.615
2026-09-24T15:20:00Z,2026-09-24T15:21:00Z,279.595,279.6,279.45,279.465
2026-09-24T15:21:00Z,2026-09-24T15:22:00Z,279.475,279.51,279.425,279.47
2026-09-24T15:22:00Z,2026-09-24T15:23:00Z,279.475,279.545,279.44,279.545
2026-09-24T15:23:00Z,2026-09-24T15:24:00Z,279.55,279.63,279.525,279.63
2026-09-24T15:24:00Z,2026-09-24T15:25:00Z,279.625,279.75,279.61,279.715
2026-09-24T15:25:00Z,2026-09-24T15:26:00Z,279.725,279.725,279.49,279.515
2026-09-24T15:26:00Z,2026-09-24T15:27:00Z,279.525,279.595,279.495,279.505
2026-09-24T15:27:00Z,2026-09-24T15:28:00Z,279.535,279.545,279.43,279.45
2026-09-24T15:28:00Z,2026-09-24T15:29:00Z,279.44,279.465,279.395,279.395
2026-09-24T15:29:00Z,2026-09-24T15:30:00Z,279.385,279.43,279.345,279.405
2026-09-24T15:30:00Z,2026-09-24T15:31:00Z,279.415,279.465,279.4,279.425
2026-09-24T15:31:00Z,2026-09-24T15:32:00Z,279.43,279.475,279.405,279.405
2026-09-24T15:32:00Z,2026-09-24T15:33:00Z,279.405,279.445,279.37,279.41
2026-09-24T15:33:00Z,2026-09-24T15:34:00Z,279.41,279.515,279.395,279.47
2026-09-24T15:34:00Z,2026-09-24T15:35:00Z,279.475,279.495,279.415,279.415
2026-09-24T15:35:00Z,2026-09-24T15:36:00Z,279.405,279.475,279.335,279.375
2026-09-24T15:36:00Z,2026-09-24T15:37:00Z,279.37,279.49,279.27,279.29
2026-09-24T15:37:00Z,2026-09-24T15:38:00Z,279.285,279.375,279.285,279.365
2026-09-24T15:38:00Z,2026-09-24T15:39:00Z,279.36,279.39,279.325,279.33
2026-09-24T15:39:00Z,2026-09-24T15:40:00Z,279.325,279.335,279.245,279.28
2026-09-24T15:40:00Z,2026-09-24T15:41:00Z,279.275,279.31,279.215,279.265
2026-09-24T15:41:00Z,2026-09-24T15:42:00Z,279.265,279.315,279.21,279.235
2026-09-24T15:42:00Z,2026-09-24T15:43:00Z,279.235,279.285,279.2,279.26
2026-09-24T15:43:00Z,2026-09-24T15:44:00Z,279.255,279.305,279.235,279.295
2026-09-24T15:44:00Z,2026-09-24T15:45:00Z,279.28,279.425,279.28,279.425
2026-09-24T15:45:00Z,2026-09-24T15:46:00Z,279.435,279.535,279.435,279.475
2026-09-24T15:46:00Z,2026-09-24T15:47:00Z,279.47,279.47,279.335,279.34
2026-09-24T15:47:00Z,2026-09-24T15:48:00Z,279.345,279.385,279.22,279.225
2026-09-24T15:48:00Z,2026-09-24T15:49:00Z,279.225,279.275,279.19,279.19
2026-09-24T15:49:00Z,2026-09-24T15:50:00Z,279.175,279.19,279.105,279.165
2026-09-24T15:50:00Z,2026-09-24T15:51:00Z,279.165,279.255,279.115,279.255
2026-09-24T15:51:00Z,2026-09-24T15:52:00Z,279.255,279.335,279.195,279.315
2026-09-24T15:52:00Z,2026-09-24T15:53:00Z,279.325,279.385,279.305,279.37
2026-09-24T15:53:00Z,2026-09-24T15:54:00Z,279.375,279.445,279.335,279.345
2026-09-24T15:54:00Z,2026-09-24T15:55:00Z,279.36,279.4,279.315,279.395
2026-09-24T15:55:00Z,2026-09-24T15:56:00Z,279.405,279.435,279.34,279.395
2026-09-24T15:56:00Z,2026-09-24T15:57:00Z,279.385,279.45,279.345,279.435
2026-09-24T15:57:00Z,2026-09-24T15:58:00Z,279.435,279.455,279.415,279.435
2026-09-24T15:58:00Z,2026-09-24T15:59:00Z,279.435,279.435,279.355,279.385
2026-09-24T15:59:00Z,2026-09-24T16:00:00Z,279.38,279.39,279.315,279.315
2026-09-24T16:00:00Z,2026-09-24T16:01:00Z,279.31,279.315,279.065,279.095
2026-09-24T16:01:00Z,2026-09-24T16:02:00Z,279.09,279.195,279.045,279.155
2026-09-24T16:02:00Z,2026-09-24T16:03:00Z,279.155,279.2,279.145,279.17
2026-09-24T16:03:00Z,2026-09-24T16:04:00Z,279.16,279.215,279.09,279.2
2026-09-24T16:04:00Z,2026-09-24T16:05:00Z,279.2,279.26,279.17,279.255
2026-09-24T16:05:00Z,2026-09-24T16:06:00Z,279.245,279.265,279.16,279.26
2026-09-24T16:06:00Z,2026-09-24T16:07:00Z,279.255,279.255,279.135,279.16
2026-09-24T16:07:00Z,2026-09-24T16:08:00Z,279.155,279.16,279.085,279.125
2026-09-24T16:08:00Z,2026-09-24T16:09:00Z,279.12,279.155,279.08,279.155
2026-09-24T16:09:00Z,2026-09-24T16:10:00Z,279.15,279.175,279.115,279.17
2026-09-24T16:10:00Z,2026-09-24T16:11:00Z,279.165,279.255,279.16,279.205
2026-09-24T16:11:00Z,2026-09-24T16:12:00Z,279.195,279.225,279.18,279.225
2026-09-24T16:12:00Z,2026-09-24T16:13:00Z,279.225,279.255,279.185,279.185
2026-09-24T16:13:00Z,2026-09-24T16:14:00Z,279.185,279.265,279.185,279.245
2026-09-24T16:14:00Z,2026-09-24T16:15:00Z,279.245,279.35,279.245,279.35
2026-09-24T16:15:00Z,2026-09-24T16:16:00Z,279.37,280.355,279.37,280.27
2026-09-24T16:16:00Z,2026-09-24T16:17:00Z,280.3,281.27,280.165,281.075
2026-09-24T16:17:00Z,2026-09-24T16:18:00Z,281.065,281.69,281,281.48
2026-09-24T16:18:00Z,2026-09-24T16:19:00Z,281.485,281.865,281.375,281.375
2026-09-24T16:19:00Z,2026-09-24T16:20:00Z,281.355,281.555,280.85,281.005
2026-09-24T16:20:00Z,2026-09-24T16:21:00Z,281.015,281.485,280.975,281.29
2026-09-24T16:21:00Z,2026-09-24T16:22:00Z,281.285,281.345,281.105,281.17
2026-09-24T16:22:00Z,2026-09-24T16:23:00Z,281.185,281.55,281.175,281.495
2026-09-24T16:23:00Z,2026-09-24T16:24:00Z,281.5,281.56,281.22,281.22
2026-09-24T16:24:00Z,2026-09-24T16:25:00Z,281.215,281.51,281.1,281.435
2026-09-24T16:25:00Z,2026-09-24T16:26:00Z,281.445,281.5,281.09,281.11
2026-09-24T16:26:00Z,2026-09-24T16:27:00Z,281.115,281.27,281.045,281.065
2026-09-24T16:27:00Z,2026-09-24T16:28:00Z,281.07,281.35,280.955,281.25
2026-09-24T16:28:00Z,2026-09-24T16:29:00Z,281.255,281.345,281.195,281.29
2026-09-24T16:29:00Z,2026-09-24T16:30:00Z,281.285,281.285,281.135,281.175
2026-09-24T16:30:00Z,2026-09-24T16:31:00Z,281.18,281.21,281.015,281.1
2026-09-24T16:31:00Z,2026-09-24T16:32:00Z,281.105,281.14,280.8,280.805
2026-09-24T16:32:00Z,2026-09-24T16:33:00Z,280.82,280.82,280.7,280.8
2026-09-24T16:33:00Z,2026-09-24T16:34:00Z,280.81,280.99,280.775,280.92
2026-09-24T16:34:00Z,2026-09-24T16:35:00Z,280.915,280.98,280.83,280.905
2026-09-24T16:35:00Z,2026-09-24T16:36:00Z,280.91,281.105,280.825,281.08
2026-09-24T16:36:00Z,2026-09-24T16:37:00Z,281.085,281.425,281.07,281.425
2026-09-24T16:37:00Z,2026-09-24T16:38:00Z,281.41,281.525,281.37,281.43
2026-09-24T16:38:00Z,2026-09-24T16:39:00Z,281.42,281.495,281.355,281.46
2026-09-24T16:39:00Z,2026-09-24T16:40:00Z,281.465,281.62,281.465,281.61
2026-09-24T16:40:00Z,2026-09-24T16:41:00Z,281.605,281.84,281.525,281.84
2026-09-24T16:41:00Z,2026-09-24T16:42:00Z,281.84,282.07,281.84,282.07
2026-09-24T16:42:00Z,2026-09-24T16:43:00Z,282.095,282.21,281.99,282.1
2026-09-24T16:43:00Z,2026-09-24T16:44:00Z,282.11,282.135,281.77,281.79
2026-09-24T16:44:00Z,2026-09-24T16:45:00Z,281.78,281.81,281.445,281.46
2026-09-24T16:45:00Z,2026-09-24T16:46:00Z,281.45,281.48,281.285,281.37
2026-09-24T16:46:00Z,2026-09-24T16:47:00Z,281.365,281.58,281.335,281.58
2026-09-24T16:47:00Z,2026-09-24T16:48:00Z,281.59,281.59,281.43,281.52
2026-09-24T16:48:00Z,2026-09-24T16:49:00Z,281.525,281.62,281.49,281.53
2026-09-24T16:49:00Z,2026-09-24T16:50:00Z,281.54,281.59,281.42,281.51
2026-09-24T16:50:00Z,2026-09-24T16:51:00Z,281.52,281.55,281.44,281.44
2026-09-24T16:51:00Z,2026-09-24T16:52:00Z,281.46,281.715,281.45,281.595
2026-09-24T16:52:00Z,2026-09-24T16:53:00Z,281.6,281.605,281.295,281.345
2026-09-24T16:53:00Z,2026-09-24T16:54:00Z,281.35,281.39,281.255,281.28
2026-09-24T16:54:00Z,2026-09-24T16:55:00Z,281.29,281.36,281.245,281.295
2026-09-24T16:55:00Z,2026-09-24T16:56:00Z,281.3,281.355,281.25,281.31
2026-09-24T16:56:00Z,2026-09-24T16:57:00Z,281.3,281.46,281.255,281.455
2026-09-24T16:57:00Z,2026-09-24T16:58:00Z,281.45,281.48,281.355,281.39
2026-09-24T16:58:00Z,2026-09-24T16:59:00Z,281.38,281.45,281.36,281.38
2026-09-24T16:59:00Z,2026-09-24T17:00:00Z,281.38,281.38,281.305,281.305
2026-09-24T17:00:00Z,2026-09-24T17:01:00Z,281.3,281.3,281.055,281.145
2026-09-24T17:01:00Z,2026-09-24T17:02:00Z,281.15,281.36,281.11,281.28
2026-09-24T17:02:00Z,2026-09-24T17:03:00Z,281.295,281.3,281.005,281.255
2026-09-24T17:03:00Z,2026-09-24T17:04:00Z,281.26,281.64,281.26,281.5
2026-09-24T17:04:00Z,2026-09-24T17:05:00Z,281.505,281.535,281.295,281.42
2026-09-24T17:05:00Z,2026-09-24T17:06:00Z,281.43,281.61,281.36,281.42
2026-09-24T17:06:00Z,2026-09-24T17:07:00Z,281.425,281.57,281.36,281.485
2026-09-24T17:07:00Z,2026-09-24T17:08:00Z,281.49,281.63,281.465,281.515
2026-09-24T17:08:00Z,2026-09-24T17:09:00Z,281.52,281.605,281.44,281.57
2026-09-24T17:09:00Z,2026-09-24T17:10:00Z,281.575,281.58,281.485,281.485
2026-09-24T17:10:00Z,2026-09-24T17:11:00Z,281.475,281.495,281.21,281.3
2026-09-24T17:11:00Z,2026-09-24T17:12:00Z,281.305,281.305,281.17,281.25
2026-09-24T17:12:00Z,2026-09-24T17:13:00Z,281.26,281.28,281.18,281.18
2026-09-24T17:13:00Z,2026-09-24T17:14:00Z,281.17,281.42,281.135,281.415
2026-09-24T17:14:00Z,2026-09-24T17:15:00Z,281.42,281.665,281.42,281.56
2026-09-24T17:15:00Z,2026-09-24T17:16:00Z,281.555,281.57,281.34,281.37
2026-09-24T17:16:00Z,2026-09-24T17:17:00Z,281.36,281.53,281.36,281.45
2026-09-24T17:17:00Z,2026-09-24T17:18:00Z,281.455,281.535,281.35,281.35
2026-09-24T17:18:00Z,2026-09-24T17:19:00Z,281.37,281.47,281.355,281.37
2026-09-24T17:19:00Z,2026-09-24T17:20:00Z,281.375,281.38,281.055,281.055
2026-09-24T17:20:00Z,2026-09-24T17:21:00Z,281.045,281.05,280.915,281.04
2026-09-24T17:21:00Z,2026-09-24T17:22:00Z,281.04,281.125,281.03,281.09
2026-09-24T17:22:00Z,2026-09-24T17:23:00Z,281.095,281.23,281.06,281.16
2026-09-24T17:23:00Z,2026-09-24T17:24:00Z,281.165,281.205,281.12,281.185
2026-09-24T17:24:00Z,2026-09-24T17:25:00Z,281.18,281.285,281.13,281.15
2026-09-24T17:25:00Z,2026-09-24T17:26:00Z,281.145,281.145,280.97,280.98
2026-09-24T17:26:00Z,2026-09-24T17:27:00Z,280.985,281.055,280.85,280.9
2026-09-24T17:27:00Z,2026-09-24T17:28:00Z,280.895,280.965,280.86,280.915
2026-09-24T17:28:00Z,2026-09-24T17:29:00Z,280.92,281.085,280.915,281.05
2026-09-24T17:29:00Z,2026-09-24T17:30:00Z,281.045,281.07,281.005,281.055
2026-09-24T17:30:00Z,2026-09-24T17:31:00Z,281.05,281.19,281.02,281.16
2026-09-24T17:31:00Z,2026-09-24T17:32:00Z,281.17,281.29,281.145,281.22
2026-09-24T17:32:00Z,2026-09-24T17:33:00Z,281.225,281.225,281.02,281.05
2026-09-24T17:33:00Z,2026-09-24T17:34:00Z,281.045,281.095,280.99,281.04
2026-09-24T17:34:00Z,2026-09-24T17:35:00Z,281.045,281.05,280.87,280.885
2026-09-24T17:35:00Z,2026-09-24T17:36:00Z,280.89,280.92,280.835,280.835
2026-09-24T17:36:00Z,2026-09-24T17:37:00Z,280.83,280.94,280.8,280.86
2026-09-24T17:37:00Z,2026-09-24T17:38:00Z,280.86,280.925,280.785,280.81
2026-09-24T17:38:00Z,2026-09-24T17:39:00Z,280.805,280.83,280.72,280.785
2026-09-24T17:39:00Z,2026-09-24T17:40:00Z,280.8,280.925,280.79,280.865
2026-09-24T17:40:00Z,2026-09-24T17:41:00Z,280.86,280.925,280.845,280.9
2026-09-24T17:41:00Z,2026-09-24T17:42:00Z,280.91,280.94,280.79,280.83
2026-09-24T17:42:00Z,2026-09-24T17:43:00Z,280.835,280.97,280.835,280.89
2026-09-24T17:43:00Z,2026-09-24T17:44:00Z,280.88,280.9,280.63,280.7
2026-09-24T17:44:00Z,2026-09-24T17:45:00Z,280.695,280.74,280.66,280.69
2026-09-24T17:45:00Z,2026-09-24T17:46:00Z,280.68,280.74,280.61,280.74
2026-09-24T17:46:00Z,2026-09-24T17:47:00Z,280.735,280.835,280.71,280.74
2026-09-24T17:47:00Z,2026-09-24T17:48:00Z,280.745,280.86,280.705,280.86
2026-09-24T17:48:00Z,2026-09-24T17:49:00Z,280.855,280.885,280.79,280.86
2026-09-24T17:49:00Z,2026-09-24T17:50:00Z,280.855,280.98,280.85,280.955
2026-09-24T17:50:00Z,2026-09-24T17:51:00Z,280.945,281.04,280.92,281.01
2026-09-24T17:51:00Z,2026-09-24T17:52:00Z,281.015,281.055,280.97,281.02
2026-09-24T17:52:00Z,2026-09-24T17:53:00Z,281.03,281.065,280.91,280.94
2026-09-24T17:53:00Z,2026-09-24T17:54:00Z,280.93,281.035,280.89,280.97
2026-09-24T17:54:00Z,2026-09-24T17:55:00Z,280.965,280.985,280.88,280.91
2026-09-24T17:55:00Z,2026-09-24T17:56:00Z,280.915,280.94,280.8,280.8
2026-09-24T17:56:00Z,2026-09-24T17:57:00Z,280.805,281.095,280.805,281.08
2026-09-24T17:57:00Z,2026-09-24T17:58:00Z,281.07,281.07,280.95,281.025
2026-09-24T17:58:00Z,2026-09-24T17:59:00Z,281.025,281.045,280.995,281.015
2026-09-24T17:59:00Z,2026-09-24T18:00:00Z,281.015,281.205,281.015,281.17
2026-09-24T18:00:00Z,2026-09-24T18:01:00Z,281.17,281.215,281.09,281.11
2026-09-24T18:01:00Z,2026-09-24T18:02:00Z,281.13,281.14,280.875,280.965
2026-09-24T18:02:00Z,2026-09-24T18:03:00Z,280.97,280.975,280.73,280.74
2026-09-24T18:03:00Z,2026-09-24T18:04:00Z,280.745,280.76,280.54,280.61
2026-09-24T18:04:00Z,2026-09-24T18:05:00Z,280.605,280.65,280.47,280.49
2026-09-24T18:05:00Z,2026-09-24T18:06:00Z,280.5,280.635,280.495,280.61
2026-09-24T18:06:00Z,2026-09-24T18:07:00Z,280.605,280.915,280.57,280.915
2026-09-24T18:07:00Z,2026-09-24T18:08:00Z,280.91,281.06,280.82,280.97
2026-09-24T18:08:00Z,2026-09-24T18:09:00Z,280.98,281.14,280.98,281.04
2026-09-24T18:09:00Z,2026-09-24T18:10:00Z,281.055,281.16,280.995,281.1
2026-09-24T18:10:00Z,2026-09-24T18:11:00Z,281.115,281.215,281.115,281.155
2026-09-24T18:11:00Z,2026-09-24T18:12:00Z,281.16,281.27,281.16,281.18
2026-09-24T18:12:00Z,2026-09-24T18:13:00Z,281.19,281.22,281.06,281.075
2026-09-24T18:13:00Z,2026-09-24T18:14:00Z,281.07,281.225,281.045,281.19
2026-09-24T18:14:00Z,2026-09-24T18:15:00Z,281.185,281.305,281.175,281.305
2026-09-24T18:15:00Z,2026-09-24T18:16:00Z,281.315,281.355,281.24,281.355
2026-09-24T18:16:00Z,2026-09-24T18:17:00Z,281.35,281.505,281.34,281.44
2026-09-24T18:17:00Z,2026-09-24T18:18:00Z,281.44,281.52,281.4,281.49
2026-09-24T18:18:00Z,2026-09-24T18:19:00Z,281.495,281.625,281.42,281.43
2026-09-24T18:19:00Z,2026-09-24T18:20:00Z,281.42,281.425,281.375,281.39
2026-09-24T18:20:00Z,2026-09-24T18:21:00Z,281.38,281.41,281.18,281.2
2026-09-24T18:21:00Z,2026-09-24T18:22:00Z,281.205,281.34,281.205,281.33
2026-09-24T18:22:00Z,2026-09-24T18:23:00Z,281.32,281.345,281.275,281.28
2026-09-24T18:23:00Z,2026-09-24T18:24:00Z,281.29,281.455,281.27,281.44
2026-09-24T18:24:00Z,2026-09-24T18:25:00Z,281.435,281.45,281.355,281.41
2026-09-24T18:25:00Z,2026-09-24T18:26:00Z,281.4,281.77,281.38,281.59
2026-09-24T18:26:00Z,2026-09-24T18:27:00Z,281.6,281.9,281.6,281.81
2026-09-24T18:27:00Z,2026-09-24T18:28:00Z,281.82,281.83,281.72,281.77
2026-09-24T18:28:00Z,2026-09-24T18:29:00Z,281.78,281.845,281.69,281.72
2026-09-24T18:29:00Z,2026-09-24T18:30:00Z,281.715,281.805,281.705,281.73
2026-09-24T18:30:00Z,2026-09-24T18:31:00Z,281.725,281.795,281.665,281.775
2026-09-24T18:31:00Z,2026-09-24T18:32:00Z,281.77,281.785,281.57,281.645
2026-09-24T18:32:00Z,2026-09-24T18:33:00Z,281.64,281.65,281.53,281.565
2026-09-24T18:33:00Z,2026-09-24T18:34:00Z,281.57,281.63,281.5,281.515
2026-09-24T18:34:00Z,2026-09-24T18:35:00Z,281.52,281.525,281.41,281.43
2026-09-24T18:35:00Z,2026-09-24T18:36:00Z,281.435,281.445,281.305,281.33
2026-09-24T18:36:00Z,2026-09-24T18:37:00Z,281.325,281.475,281.31,281.46
2026-09-24T18:37:00Z,2026-09-24T18:38:00Z,281.465,281.585,281.455,281.5
2026-09-24T18:38:00Z,2026-09-24T18:39:00Z,281.51,282.05,281.505,282.015
2026-09-24T18:39:00Z,2026-09-24T18:40:00Z,282.01,282.24,281.8,281.86
2026-09-24T18:40:00Z,2026-09-24T18:41:00Z,281.855,281.855,281.63,281.68
2026-09-24T18:41:00Z,2026-09-24T18:42:00Z,281.69,281.785,281.63,281.75
2026-09-24T18:42:00Z,2026-09-24T18:43:00Z,281.76,281.785,281.59,281.65
2026-09-24T18:43:00Z,2026-09-24T18:44:00Z,281.66,281.665,281.53,281.61
2026-09-24T18:44:00Z,2026-09-24T18:45:00Z,281.6,281.715,281.6,281.63
2026-09-24T18:45:00Z,2026-09-24T18:46:00Z,281.62,281.705,281.59,281.59
2026-09-24T18:46:00Z,2026-09-24T18:47:00Z,281.6,281.615,281.53,281.615
2026-09-24T18:47:00Z,2026-09-24T18:48:00Z,281.6,281.63,281.535,281.58
2026-09-24T18:48:00Z,2026-09-24T18:49:00Z,281.57,281.675,281.57,281.635
2026-09-24T18:49:00Z,2026-09-24T18:50:00Z,281.62,281.685,281.595,281.66
2026-09-24T18:50:00Z,2026-09-24T18:51:00Z,281.665,281.94,281.65,281.855
2026-09-24T18:51:00Z,2026-09-24T18:52:00Z,281.86,281.87,281.71,281.815
2026-09-24T18:52:00Z,2026-09-24T18:53:00Z,281.825,281.925,281.805,281.89
2026-09-24T18:53:00Z,2026-09-24T18:54:00Z,281.885,281.89,281.775,281.8
2026-09-24T18:54:00Z,2026-09-24T18:55:00Z,281.81,281.825,281.75,281.76
2026-09-24T18:55:00Z,2026-09-24T18:56:00Z,281.765,281.805,281.74,281.795
2026-09-24T18:56:00Z,2026-09-24T18:57:00Z,281.79,281.925,281.77,281.88
2026-09-24T18:57:00Z,2026-09-24T18:58:00Z,281.88,281.91,281.86,281.865
2026-09-24T18:58:00Z,2026-09-24T18:59:00Z,281.865,281.885,281.82,281.825
2026-09-24T18:59:00Z,2026-09-24T19:00:00Z,281.83,281.84,281.74,281.78
2026-09-24T19:00:00Z,2026-09-24T19:01:00Z,281.77,281.825,281.645,281.695
2026-09-24T19:01:00Z,2026-09-24T19:02:00Z,281.695,281.705,281.515,281.53
2026-09-24T19:02:00Z,2026-09-24T19:03:00Z,281.555,281.585,281.435,281.45
2026-09-24T19:03:00Z,2026-09-24T19:04:00Z,281.46,281.49,281.37,281.375
2026-09-24T19:04:00Z,2026-09-24T19:05:00Z,281.365,281.485,281.355,281.475
2026-09-24T19:05:00Z,2026-09-24T19:06:00Z,281.47,281.515,281.385,281.455
2026-09-24T19:06:00Z,2026-09-24T19:07:00Z,281.46,281.58,281.405,281.525
2026-09-24T19:07:00Z,2026-09-24T19:08:00Z,281.515,281.615,281.51,281.595
2026-09-24T19:08:00Z,2026-09-24T19:09:00Z,281.595,281.68,281.585,281.605
2026-09-24T19:09:00Z,2026-09-24T19:10:00Z,281.61,281.655,281.55,281.63
2026-09-24T19:10:00Z,2026-09-24T19:11:00Z,281.625,281.675,281.465,281.47
2026-09-24T19:11:00Z,2026-09-24T19:12:00Z,281.475,281.48,281.355,281.42
2026-09-24T19:12:00Z,2026-09-24T19:13:00Z,281.415,281.44,281.385,281.41
2026-09-24T19:13:00Z,2026-09-24T19:14:00Z,281.405,281.44,281.335,281.39
2026-09-24T19:14:00Z,2026-09-24T19:15:00Z,281.395,281.395,281.275,281.275
2026-09-24T19:15:00Z,2026-09-24T19:16:00Z,281.275,281.295,281.23,281.295
2026-09-24T19:16:00Z,2026-09-24T19:17:00Z,281.29,281.33,281.24,281.305
2026-09-24T19:17:00Z,2026-09-24T19:18:00Z,281.31,281.345,281.245,281.265
2026-09-24T19:18:00Z,2026-09-24T19:19:00Z,281.275,281.335,281.25,281.255
2026-09-24T19:19:00Z,2026-09-24T19:20:00Z,281.26,281.345,281.245,281.34
2026-09-24T19:20:00Z,2026-09-24T19:21:00Z,281.345,281.345,281.25,281.26
2026-09-24T19:21:00Z,2026-09-24T19:22:00Z,281.265,281.325,281.205,281.32
2026-09-24T19:22:00Z,2026-09-24T19:23:00Z,281.315,281.315,281.24,281.29
2026-09-24T19:23:00Z,2026-09-24T19:24:00Z,281.29,281.38,281.27,281.38
2026-09-24T19:24:00Z,2026-09-24T19:25:00Z,281.375,281.445,281.375,281.395
2026-09-24T19:25:00Z,2026-09-24T19:26:00Z,281.395,281.465,281.395,281.405
2026-09-24T19:26:00Z,2026-09-24T19:27:00Z,281.4,281.455,281.365,281.445
2026-09-24T19:27:00Z,2026-09-24T19:28:00Z,281.435,281.435,281.355,281.355
2026-09-24T19:28:00Z,2026-09-24T19:29:00Z,281.355,281.385,281.32,281.335
2026-09-24T19:29:00Z,2026-09-24T19:30:00Z,281.335,281.375,281.285,281.365
2026-09-24T19:30:00Z,2026-09-24T19:31:00Z,281.36,281.425,281.32,281.395
2026-09-24T19:31:00Z,2026-09-24T19:32:00Z,281.395,281.455,281.335,281.45
2026-09-24T19:32:00Z,2026-09-24T19:33:00Z,281.455,281.485,281.395,281.465
2026-09-24T19:33:00Z,2026-09-24T19:34:00Z,281.465,281.525,281.425,281.525
2026-09-24T19:34:00Z,2026-09-24T19:35:00Z,281.525,281.635,281.525,281.635
2026-09-24T19:35:00Z,2026-09-24T19:36:00Z,281.63,281.655,281.535,281.585
2026-09-24T19:36:00Z,2026-09-24T19:37:00Z,281.575,281.675,281.555,281.655
2026-09-24T19:37:00Z,2026-09-24T19:38:00Z,281.655,281.655,281.53,281.555
2026-09-24T19:38:00Z,2026-09-24T19:39:00Z,281.56,281.625,281.555,281.575
2026-09-24T19:39:00Z,2026-09-24T19:40:00Z,281.58,281.645,281.58,281.645
2026-09-24T19:40:00Z,2026-09-24T19:41:00Z,281.65,281.715,281.605,281.605
2026-09-24T19:41:00Z,2026-09-24T19:42:00Z,281.59,281.68,281.585,281.675
2026-09-24T19:42:00Z,2026-09-24T19:43:00Z,281.685,281.695,281.625,281.63
2026-09-24T19:43:00Z,2026-09-24T19:44:00Z,281.62,281.705,281.605,281.69
2026-09-24T19:44:00Z,2026-09-24T19:45:00Z,281.685,281.745,281.675,281.72
2026-09-24T19:45:00Z,2026-09-24T19:46:00Z,281.71,281.775,281.635,281.685
2026-09-24T19:46:00Z,2026-09-24T19:47:00Z,281.685,281.695,281.56,281.635
2026-09-24T19:47:00Z,2026-09-24T19:48:00Z,281.635,281.675,281.635,281.67
2026-09-24T19:48:00Z,2026-09-24T19:49:00Z,281.665,281.695,281.615,281.645
2026-09-24T19:49:00Z,2026-09-24T19:50:00Z,281.64,281.7,281.615,281.625
2026-09-24T19:50:00Z,2026-09-24T19:51:00Z,281.65,281.725,281.575,281.585
2026-09-24T19:51:00Z,2026-09-24T19:52:00Z,281.595,281.715,281.595,281.685
2026-09-24T19:52:00Z,2026-09-24T19:53:00Z,281.675,281.75,281.63,281.745
2026-09-24T19:53:00Z,2026-09-24T19:54:00Z,281.735,281.845,281.715,281.77
2026-09-24T19:54:00Z,2026-09-24T19:55:00Z,281.765,281.85,281.73,281.805
2026-09-24T19:55:00Z,2026-09-24T19:56:00Z,281.8,281.805,281.62,281.635
2026-09-24T19:56:00Z,2026-09-24T19:57:00Z,281.645,281.705,281.595,281.705
2026-09-24T19:57:00Z,2026-09-24T19:58:00Z,281.715,281.765,281.665,281.685
2026-09-24T19:58:00Z,2026-09-24T19:59:00Z,281.655,281.685,281.605,281.635
2026-09-24T19:59:00Z,2026-09-24T20:00:00Z,281.64,281.72,281.585,281.68
2026-09-25T13:30:00Z,2026-09-25T13:31:00Z,282.33,282.38,282.015,282.22
2026-09-25T13:31:00Z,2026-09-25T13:32:00Z,282.23,282.25,281.955,282.17
2026-09-25T13:32:00Z,2026-09-25T13:33:00Z,282.175,282.335,281.84,281.86
2026-09-25T13:33:00Z,2026-09-25T13:34:00Z,281.835,282.13,281.825,282.035
2026-09-25T13:34:00Z,2026-09-25T13:35:00Z,282.04,282.045,281.82,281.89
2026-09-25T13:35:00Z,2026-09-25T13:36:00Z,281.9,281.965,281.81,281.88
2026-09-25T13:36:00Z,2026-09-25T13:37:00Z,281.87,281.91,281.66,281.75
2026-09-25T13:37:00Z,2026-09-25T13:38:00Z,281.755,282.02,281.63,282
2026-09-25T13:38:00Z,2026-09-25T13:39:00Z,281.99,282.17,281.97,282.155
2026-09-25T13:39:00Z,2026-09-25T13:40:00Z,282.17,282.21,281.875,282.1
2026-09-25T13:40:00Z,2026-09-25T13:41:00Z,282.105,282.23,282.015,282.085
2026-09-25T13:41:00Z,2026-09-25T13:42:00Z,282.09,282.395,281.97,282.37
2026-09-25T13:42:00Z,2026-09-25T13:43:00Z,282.38,282.605,282.31,282.605
2026-09-25T13:43:00Z,2026-09-25T13:44:00Z,282.61,282.69,282.08,282.12
2026-09-25T13:44:00Z,2026-09-25T13:45:00Z,282.125,282.17,281.93,281.975
2026-09-25T13:45:00Z,2026-09-25T13:46:00Z,281.96,281.97,281.74,281.78
2026-09-25T13:46:00Z,2026-09-25T13:47:00Z,281.79,281.82,281.63,281.695
2026-09-25T13:47:00Z,2026-09-25T13:48:00Z,281.69,281.71,281.55,281.61
2026-09-25T13:48:00Z,2026-09-25T13:49:00Z,281.6,281.725,281.415,281.535
2026-09-25T13:49:00Z,2026-09-25T13:50:00Z,281.54,281.835,281.535,281.8
2026-09-25T13:50:00Z,2026-09-25T13:51:00Z,281.79,281.79,281.64,281.69
2026-09-25T13:51:00Z,2026-09-25T13:52:00Z,281.685,281.785,281.575,281.73
2026-09-25T13:52:00Z,2026-09-25T13:53:00Z,281.725,281.73,281.56,281.6
2026-09-25T13:53:00Z,2026-09-25T13:54:00Z,281.605,281.88,281.58,281.87
2026-09-25T13:54:00Z,2026-09-25T13:55:00Z,281.86,282.045,281.805,281.975
2026-09-25T13:55:00Z,2026-09-25T13:56:00Z,281.985,282.02,281.83,281.895
2026-09-25T13:56:00Z,2026-09-25T13:57:00Z,281.905,282.085,281.88,282.065
2026-09-25T13:57:00Z,2026-09-25T13:58:00Z,282.075,282.165,282.005,282.11
2026-09-25T13:58:00Z,2026-09-25T13:59:00Z,282.115,282.135,281.99,282.015
2026-09-25T13:59:00Z,2026-09-25T14:00:00Z,282.02,282.03,281.82,281.875
2026-09-25T14:00:00Z,2026-09-25T14:01:00Z,281.885,281.94,281.55,281.62
2026-09-25T14:01:00Z,2026-09-25T14:02:00Z,281.635,281.66,281.39,281.47
2026-09-25T14:02:00Z,2026-09-25T14:03:00Z,281.495,281.495,281.245,281.265
2026-09-25T14:03:00Z,2026-09-25T14:04:00Z,281.255,281.255,280.955,281.075
2026-09-25T14:04:00Z,2026-09-25T14:05:00Z,281.07,281.15,280.78,280.795
2026-09-25T14:05:00Z,2026-09-25T14:06:00Z,280.8,280.8,280.495,280.495
2026-09-25T14:06:00Z,2026-09-25T14:07:00Z,280.505,280.775,280.455,280.7
2026-09-25T14:07:00Z,2026-09-25T14:08:00Z,280.69,280.84,280.64,280.68
2026-09-25T14:08:00Z,2026-09-25T14:09:00Z,280.675,280.975,280.635,280.975
2026-09-25T14:09:00Z,2026-09-25T14:10:00Z,280.97,281.04,280.855,281.03
2026-09-25T14:10:00Z,2026-09-25T14:11:00Z,281.02,281.18,280.94,280.95
2026-09-25T14:11:00Z,2026-09-25T14:12:00Z,280.955,281.23,280.865,281.18
2026-09-25T14:12:00Z,2026-09-25T14:13:00Z,281.185,281.185,280.91,281.1
2026-09-25T14:13:00Z,2026-09-25T14:14:00Z,281.09,281.235,280.995,281.04
2026-09-25T14:14:00Z,2026-09-25T14:15:00Z,281.035,281.1,280.875,280.995
2026-09-25T14:15:00Z,2026-09-25T14:16:00Z,280.98,281.145,280.71,281.02
2026-09-25T14:16:00Z,2026-09-25T14:17:00Z,281.015,281.05,280.64,280.68
2026-09-25T14:17:00Z,2026-09-25T14:18:00Z,280.675,280.71,280.59,280.66
2026-09-25T14:18:00Z,2026-09-25T14:19:00Z,280.65,280.815,280.54,280.575
2026-09-25T14:19:00Z,2026-09-25T14:20:00Z,280.58,280.95,280.515,280.9
2026-09-25T14:20:00Z,2026-09-25T14:21:00Z,280.91,281.14,280.875,281.12
2026-09-25T14:21:00Z,2026-09-25T14:22:00Z,281.1,281.17,280.995,281.075
2026-09-25T14:22:00Z,2026-09-25T14:23:00Z,281.08,281.31,281.06,281.235
2026-09-25T14:23:00Z,2026-09-25T14:24:00Z,281.23,281.34,281.16,281.29
2026-09-25T14:24:00Z,2026-09-25T14:25:00Z,281.285,281.37,281.135,281.25
2026-09-25T14:25:00Z,2026-09-25T14:26:00Z,281.255,281.3,281.145,281.275
2026-09-25T14:26:00Z,2026-09-25T14:27:00Z,281.28,281.29,281.1,281.165
2026-09-25T14:27:00Z,2026-09-25T14:28:00Z,281.17,281.175,281.01,281.025
2026-09-25T14:28:00Z,2026-09-25T14:29:00Z,281.02,281.05,280.79,280.91
2026-09-25T14:29:00Z,2026-09-25T14:30:00Z,280.905,281.045,280.835,280.855
2026-09-25T14:30:00Z,2026-09-25T14:31:00Z,280.86,280.9,280.69,280.87
2026-09-25T14:31:00Z,2026-09-25T14:32:00Z,280.865,280.93,280.775,280.84
2026-09-25T14:32:00Z,2026-09-25T14:33:00Z,280.835,280.905,280.745,280.84
2026-09-25T14:33:00Z,2026-09-25T14:34:00Z,280.83,280.835,280.685,280.72
2026-09-25T14:34:00Z,2026-09-25T14:35:00Z,280.725,280.925,280.715,280.86
2026-09-25T14:35:00Z,2026-09-25T14:36:00Z,280.86,280.96,280.71,280.93
2026-09-25T14:36:00Z,2026-09-25T14:37:00Z,280.925,281.015,280.84,280.875
2026-09-25T14:37:00Z,2026-09-25T14:38:00Z,280.865,281.035,280.86,281.005
2026-09-25T14:38:00Z,2026-09-25T14:39:00Z,281,281.105,280.885,280.95
2026-09-25T14:39:00Z,2026-09-25T14:40:00Z,280.93,281.035,280.92,280.92
2026-09-25T14:40:00Z,2026-09-25T14:41:00Z,280.91,280.95,280.78,280.805
2026-09-25T14:41:00Z,2026-09-25T14:42:00Z,280.805,280.885,280.685,280.71
2026-09-25T14:42:00Z,2026-09-25T14:43:00Z,280.705,280.89,280.63,280.865
2026-09-25T14:43:00Z,2026-09-25T14:44:00Z,280.855,280.9,280.73,280.765
2026-09-25T14:44:00Z,2026-09-25T14:45:00Z,280.79,280.92,280.725,280.915
2026-09-25T14:45:00Z,2026-09-25T14:46:00Z,280.91,280.915,280.75,280.85
2026-09-25T14:46:00Z,2026-09-25T14:47:00Z,280.845,281.07,280.675,280.93
2026-09-25T14:47:00Z,2026-09-25T14:48:00Z,280.92,281.14,280.875,281.02
2026-09-25T14:48:00Z,2026-09-25T14:49:00Z,281.015,281.05,280.765,280.77
2026-09-25T14:49:00Z,2026-09-25T14:50:00Z,280.765,281.065,280.76,281.005
2026-09-25T14:50:00Z,2026-09-25T14:51:00Z,281.01,281.035,280.92,280.97
2026-09-25T14:51:00Z,2026-09-25T14:52:00Z,280.975,280.99,280.595,280.595
2026-09-25T14:52:00Z,2026-09-25T14:53:00Z,280.61,280.65,280.525,280.58
2026-09-25T14:53:00Z,2026-09-25T14:54:00Z,280.59,280.72,280.56,280.635
2026-09-25T14:54:00Z,2026-09-25T14:55:00Z,280.64,280.875,280.64,280.85
2026-09-25T14:55:00Z,2026-09-25T14:56:00Z,280.845,280.905,280.8,280.875
2026-09-25T14:56:00Z,2026-09-25T14:57:00Z,280.865,280.98,280.845,280.85
2026-09-25T14:57:00Z,2026-09-25T14:58:00Z,280.86,280.97,280.82,280.84
2026-09-25T14:58:00Z,2026-09-25T14:59:00Z,280.83,280.965,280.7,280.94
2026-09-25T14:59:00Z,2026-09-25T15:00:00Z,280.94,281.06,280.935,281.045
2026-09-25T15:00:00Z,2026-09-25T15:01:00Z,281.05,281.175,281,281.155
2026-09-25T15:01:00Z,2026-09-25T15:02:00Z,281.16,281.265,281.125,281.245
2026-09-25T15:02:00Z,2026-09-25T15:03:00Z,281.25,281.45,281.25,281.37
2026-09-25T15:03:00Z,2026-09-25T15:04:00Z,281.38,281.545,281.38,281.455
2026-09-25T15:04:00Z,2026-09-25T15:05:00Z,281.45,281.69,281.425,281.55
2026-09-25T15:05:00Z,2026-09-25T15:06:00Z,281.56,281.7,281.555,281.7
2026-09-25T15:06:00Z,2026-09-25T15:07:00Z,281.695,281.805,281.675,281.775
2026-09-25T15:07:00Z,2026-09-25T15:08:00Z,281.78,281.835,281.61,281.63
2026-09-25T15:08:00Z,2026-09-25T15:09:00Z,281.64,281.67,281.43,281.47
2026-09-25T15:09:00Z,2026-09-25T15:10:00Z,281.475,281.485,281.295,281.34
2026-09-25T15:10:00Z,2026-09-25T15:11:00Z,281.35,281.36,281.17,281.22
2026-09-25T15:11:00Z,2026-09-25T15:12:00Z,281.215,281.27,281.15,281.205
2026-09-25T15:12:00Z,2026-09-25T15:13:00Z,281.21,281.31,281.15,281.31
2026-09-25T15:13:00Z,2026-09-25T15:14:00Z,281.325,281.465,281.32,281.44
2026-09-25T15:14:00Z,2026-09-25T15:15:00Z,281.445,281.51,281.415,281.48
2026-09-25T15:15:00Z,2026-09-25T15:16:00Z,281.485,281.49,281.34,281.385
2026-09-25T15:16:00Z,2026-09-25T15:17:00Z,281.385,281.43,281.33,281.42
2026-09-25T15:17:00Z,2026-09-25T15:18:00Z,281.425,281.48,281.35,281.375
2026-09-25T15:18:00Z,2026-09-25T15:19:00Z,281.39,281.515,281.38,281.475
2026-09-25T15:19:00Z,2026-09-25T15:20:00Z,281.485,281.485,281.29,281.33
2026-09-25T15:20:00Z,2026-09-25T15:21:00Z,281.35,281.535,281.33,281.515
2026-09-25T15:21:00Z,2026-09-25T15:22:00Z,281.52,281.785,281.42,281.565
2026-09-25T15:22:00Z,2026-09-25T15:23:00Z,281.575,281.685,281.53,281.63
2026-09-25T15:23:00Z,2026-09-25T15:24:00Z,281.635,281.66,281.535,281.55
2026-09-25T15:24:00Z,2026-09-25T15:25:00Z,281.545,281.58,281.415,281.425
2026-09-25T15:25:00Z,2026-09-25T15:26:00Z,281.43,281.52,281.36,281.36
2026-09-25T15:26:00Z,2026-09-25T15:27:00Z,281.355,281.52,281.31,281.52
2026-09-25T15:27:00Z,2026-09-25T15:28:00Z,281.505,281.525,281.38,281.425
2026-09-25T15:28:00Z,2026-09-25T15:29:00Z,281.445,281.445,281.35,281.42
2026-09-25T15:29:00Z,2026-09-25T15:30:00Z,281.43,281.48,281.36,281.42
2026-09-25T15:30:00Z,2026-09-25T15:31:00Z,281.43,281.945,281.41,281.63
2026-09-25T15:31:00Z,2026-09-25T15:32:00Z,281.645,281.715,281.545,281.715
2026-09-25T15:32:00Z,2026-09-25T15:33:00Z,281.71,281.815,281.66,281.72
2026-09-25T15:33:00Z,2026-09-25T15:34:00Z,281.715,281.73,281.575,281.65
2026-09-25T15:34:00Z,2026-09-25T15:35:00Z,281.645,281.69,281.44,281.445
2026-09-25T15:35:00Z,2026-09-25T15:36:00Z,281.45,281.55,281.415,281.53
2026-09-25T15:36:00Z,2026-09-25T15:37:00Z,281.525,281.58,281.465,281.52
2026-09-25T15:37:00Z,2026-09-25T15:38:00Z,281.53,281.585,281.465,281.555
2026-09-25T15:38:00Z,2026-09-25T15:39:00Z,281.56,281.565,281.355,281.375
2026-09-25T15:39:00Z,2026-09-25T15:40:00Z,281.365,281.37,281.285,281.31
2026-09-25T15:40:00Z,2026-09-25T15:41:00Z,281.32,281.355,281.235,281.335
2026-09-25T15:41:00Z,2026-09-25T15:42:00Z,281.34,281.37,281.255,281.305
2026-09-25T15:42:00Z,2026-09-25T15:43:00Z,281.305,281.33,281.155,281.2
2026-09-25T15:43:00Z,2026-09-25T15:44:00Z,281.19,281.205,281.1,281.105
2026-09-25T15:44:00Z,2026-09-25T15:45:00Z,281.105,281.13,280.98,280.985
2026-09-25T15:45:00Z,2026-09-25T15:46:00Z,280.98,281.02,280.915,280.915
2026-09-25T15:46:00Z,2026-09-25T15:47:00Z,280.91,281.06,280.845,281.055
2026-09-25T15:47:00Z,2026-09-25T15:48:00Z,281.055,281.115,281.035,281.085
2026-09-25T15:48:00Z,2026-09-25T15:49:00Z,281.09,281.18,281.035,281.115
2026-09-25T15:49:00Z,2026-09-25T15:50:00Z,281.11,281.175,281.1,281.17
2026-09-25T15:50:00Z,2026-09-25T15:51:00Z,281.175,281.215,281.12,281.145
2026-09-25T15:51:00Z,2026-09-25T15:52:00Z,281.13,281.13,280.84,280.845
2026-09-25T15:52:00Z,2026-09-25T15:53:00Z,280.84,280.905,280.795,280.885
2026-09-25T15:53:00Z,2026-09-25T15:54:00Z,280.89,280.965,280.875,280.96
2026-09-25T15:54:00Z,2026-09-25T15:55:00Z,280.955,281.4,280.94,281.26
2026-09-25T15:55:00Z,2026-09-25T15:56:00Z,281.27,281.49,281.245,281.31
2026-09-25T15:56:00Z,2026-09-25T15:57:00Z,281.315,281.43,281.22,281.42
2026-09-25T15:57:00Z,2026-09-25T15:58:00Z,281.425,281.52,281.405,281.495
2026-09-25T15:58:00Z,2026-09-25T15:59:00Z,281.485,281.945,281.47,281.875
2026-09-25T15:59:00Z,2026-09-25T16:00:00Z,281.87,282.17,281.82,282.145
2026-09-25T16:00:00Z,2026-09-25T16:01:00Z,282.165,282.5,282.035,282.475
2026-09-25T16:01:00Z,2026-09-25T16:02:00Z,282.48,282.67,282.385,282.42
2026-09-25T16:02:00Z,2026-09-25T16:03:00Z,282.425,282.84,282.425,282.84
2026-09-25T16:03:00Z,2026-09-25T16:04:00Z,282.835,283.22,282.745,283.21
2026-09-25T16:04:00Z,2026-09-25T16:05:00Z,283.215,283.235,282.83,283.115
2026-09-25T16:05:00Z,2026-09-25T16:06:00Z,283.1,283.245,282.95,283.185
2026-09-25T16:06:00Z,2026-09-25T16:07:00Z,283.185,283.265,282.905,283.24
2026-09-25T16:07:00Z,2026-09-25T16:08:00Z,283.235,283.335,283.175,283.23
2026-09-25T16:08:00Z,2026-09-25T16:09:00Z,283.235,283.415,283.165,283.325
2026-09-25T16:09:00Z,2026-09-25T16:10:00Z,283.325,283.415,283.16,283.38
2026-09-25T16:10:00Z,2026-09-25T16:11:00Z,283.385,283.525,283.31,283.31
2026-09-25T16:11:00Z,2026-09-25T16:12:00Z,283.29,283.365,283.19,283.345
2026-09-25T16:12:00Z,2026-09-25T16:13:00Z,283.34,283.49,283.27,283.31
2026-09-25T16:13:00Z,2026-09-25T16:14:00Z,283.295,283.375,283.22,283.26
2026-09-25T16:14:00Z,2026-09-25T16:15:00Z,283.255,283.28,283.045,283.22
2026-09-25T16:15:00Z,2026-09-25T16:16:00Z,283.21,283.295,283.11,283.295
2026-09-25T16:16:00Z,2026-09-25T16:17:00Z,283.295,283.335,283.155,283.29
2026-09-25T16:17:00Z,2026-09-25T16:18:00Z,283.285,283.465,283.01,283.02
2026-09-25T16:18:00Z,2026-09-25T16:19:00Z,283.01,283.025,282.87,282.91
2026-09-25T16:19:00Z,2026-09-25T16:20:00Z,282.905,283.025,282.77,283.005
2026-09-25T16:20:00Z,2026-09-25T16:21:00Z,283,283.05,282.85,282.88
2026-09-25T16:21:00Z,2026-09-25T16:22:00Z,282.885,282.96,282.76,282.85
2026-09-25T16:22:00Z,2026-09-25T16:23:00Z,282.845,282.87,282.68,282.775
2026-09-25T16:23:00Z,2026-09-25T16:24:00Z,282.785,282.87,282.69,282.72
2026-09-25T16:24:00Z,2026-09-25T16:25:00Z,282.73,282.805,282.67,282.74
2026-09-25T16:25:00Z,2026-09-25T16:26:00Z,282.745,282.965,282.71,282.84
2026-09-25T16:26:00Z,2026-09-25T16:27:00Z,282.845,283.135,282.84,283.125
2026-09-25T16:27:00Z,2026-09-25T16:28:00Z,283.115,283.155,282.92,282.965
2026-09-25T16:28:00Z,2026-09-25T16:29:00Z,282.97,282.99,282.895,282.95
2026-09-25T16:29:00Z,2026-09-25T16:30:00Z,282.94,283.05,282.94,283.005
2026-09-25T16:30:00Z,2026-09-25T16:31:00Z,283.01,283.12,282.975,283.11
2026-09-25T16:31:00Z,2026-09-25T16:32:00Z,283.12,283.12,283,283.025
2026-09-25T16:32:00Z,2026-09-25T16:33:00Z,283.03,283.135,283.015,283.1
2026-09-25T16:33:00Z,2026-09-25T16:34:00Z,283.105,283.135,283.015,283.05
2026-09-25T16:34:00Z,2026-09-25T16:35:00Z,283.045,283.045,282.365,282.55
2026-09-25T16:35:00Z,2026-09-25T16:36:00Z,282.555,282.785,282.555,282.77
2026-09-25T16:36:00Z,2026-09-25T16:37:00Z,282.76,282.78,282.625,282.77
2026-09-25T16:37:00Z,2026-09-25T16:38:00Z,282.78,282.945,282.69,282.72
2026-09-25T16:38:00Z,2026-09-25T16:39:00Z,282.725,282.74,282.555,282.7
2026-09-25T16:39:00Z,2026-09-25T16:40:00Z,282.695,282.805,282.655,282.675
2026-09-25T16:40:00Z,2026-09-25T16:41:00Z,282.68,282.715,282.57,282.58
2026-09-25T16:41:00Z,2026-09-25T16:42:00Z,282.595,282.63,282.505,282.625
2026-09-25T16:42:00Z,2026-09-25T16:43:00Z,282.64,282.825,282.635,282.695
2026-09-25T16:43:00Z,2026-09-25T16:44:00Z,282.7,282.755,282.64,282.69
2026-09-25T16:44:00Z,2026-09-25T16:45:00Z,282.7,282.78,282.67,282.685
2026-09-25T16:45:00Z,2026-09-25T16:46:00Z,282.68,282.685,282.45,282.53
2026-09-25T16:46:00Z,2026-09-25T16:47:00Z,282.525,282.6,282.515,282.56
2026-09-25T16:47:00Z,2026-09-25T16:48:00Z,282.565,282.575,282.505,282.51
2026-09-25T16:48:00Z,2026-09-25T16:49:00Z,282.51,282.56,282.35,282.36
2026-09-25T16:49:00Z,2026-09-25T16:50:00Z,282.365,282.465,282.315,282.425
2026-09-25T16:50:00Z,2026-09-25T16:51:00Z,282.435,282.49,282.4,282.405
2026-09-25T16:51:00Z,2026-09-25T16:52:00Z,282.41,282.42,282.35,282.41
2026-09-25T16:52:00Z,2026-09-25T16:53:00Z,282.405,282.43,282.35,282.41
2026-09-25T16:53:00Z,2026-09-25T16:54:00Z,282.415,282.46,282.385,282.41
2026-09-25T16:54:00Z,2026-09-25T16:55:00Z,282.415,282.465,282.39,282.45
2026-09-25T16:55:00Z,2026-09-25T16:56:00Z,282.45,282.48,282.395,282.42
2026-09-25T16:56:00Z,2026-09-25T16:57:00Z,282.415,282.49,282.365,282.38
2026-09-25T16:57:00Z,2026-09-25T16:58:00Z,282.385,282.385,282.305,282.325
2026-09-25T16:58:00Z,2026-09-25T16:59:00Z,282.315,282.32,282.285,282.305
2026-09-25T16:59:00Z,2026-09-25T17:00:00Z,282.31,282.335,282.17,282.25
2026-09-25T17:00:00Z,2026-09-25T17:01:00Z,282.255,282.27,282.245,282.245
2026-09-25T17:01:00Z,2026-09-25T17:02:00Z,282.245,282.515,282.245,282.485
2026-09-25T17:02:00Z,2026-09-25T17:03:00Z,282.49,282.515,282.42,282.46
2026-09-25T17:03:00Z,2026-09-25T17:04:00Z,282.465,282.47,282.375,282.39
2026-09-25T17:04:00Z,2026-09-25T17:05:00Z,282.385,282.43,282.355,282.405
2026-09-25T17:05:00Z,2026-09-25T17:06:00Z,282.41,282.43,282.34,282.345
2026-09-25T17:06:00Z,2026-09-25T17:07:00Z,282.34,282.39,282.3,282.31
2026-09-25T17:07:00Z,2026-09-25T17:08:00Z,282.315,282.375,282.285,282.335
2026-09-25T17:08:00Z,2026-09-25T17:09:00Z,282.34,282.35,282.195,282.295
2026-09-25T17:09:00Z,2026-09-25T17:10:00Z,282.295,282.445,282.295,282.425
2026-09-25T17:10:00Z,2026-09-25T17:11:00Z,282.43,282.43,282.325,282.355
2026-09-25T17:11:00Z,2026-09-25T17:12:00Z,282.355,282.37,282.295,282.3
2026-09-25T17:12:00Z,2026-09-25T17:13:00Z,282.31,282.335,282.215,282.31
2026-09-25T17:13:00Z,2026-09-25T17:14:00Z,282.305,282.405,282.3,282.335
2026-09-25T17:14:00Z,2026-09-25T17:15:00Z,282.34,282.37,282.315,282.37
2026-09-25T17:15:00Z,2026-09-25T17:16:00Z,282.375,282.395,282.27,282.295
2026-09-25T17:16:00Z,2026-09-25T17:17:00Z,282.295,282.295,282.195,282.25
2026-09-25T17:17:00Z,2026-09-25T17:18:00Z,282.255,282.295,282.21,282.21
2026-09-25T17:18:00Z,2026-09-25T17:19:00Z,282.21,282.215,282.09,282.155
2026-09-25T17:19:00Z,2026-09-25T17:20:00Z,282.155,282.215,282.125,282.155
2026-09-25T17:20:00Z,2026-09-25T17:21:00Z,282.155,282.19,282.115,282.12
2026-09-25T17:21:00Z,2026-09-25T17:22:00Z,282.115,282.165,282.07,282.145
2026-09-25T17:22:00Z,2026-09-25T17:23:00Z,282.145,282.175,282.145,282.165
2026-09-25T17:23:00Z,2026-09-25T17:24:00Z,282.17,282.225,282.14,282.215
2026-09-25T17:24:00Z,2026-09-25T17:25:00Z,282.21,282.285,282.195,282.265
2026-09-25T17:25:00Z,2026-09-25T17:26:00Z,282.27,282.295,282.21,282.245
2026-09-25T17:26:00Z,2026-09-25T17:27:00Z,282.245,282.255,282.19,282.2
2026-09-25T17:27:00Z,2026-09-25T17:28:00Z,282.195,282.215,282.15,282.16
2026-09-25T17:28:00Z,2026-09-25T17:29:00Z,282.155,282.17,282.1,282.115
2026-09-25T17:29:00Z,2026-09-25T17:30:00Z,282.125,282.15,282.1,282.115
2026-09-25T17:30:00Z,2026-09-25T17:31:00Z,282.115,282.165,282.065,282.16
2026-09-25T17:31:00Z,2026-09-25T17:32:00Z,282.165,282.165,281.93,281.935
2026-09-25T17:32:00Z,2026-09-25T17:33:00Z,281.945,282.05,281.945,282.045
2026-09-25T17:33:00Z,2026-09-25T17:34:00Z,282.045,282.08,281.965,281.965
2026-09-25T17:34:00Z,2026-09-25T17:35:00Z,281.97,281.975,281.835,281.925
2026-09-25T17:35:00Z,2026-09-25T17:36:00Z,281.925,281.925,281.8,281.815
2026-09-25T17:36:00Z,2026-09-25T17:37:00Z,281.81,281.835,281.735,281.74
2026-09-25T17:37:00Z,2026-09-25T17:38:00Z,281.715,281.73,281.665,281.68
2026-09-25T17:38:00Z,2026-09-25T17:39:00Z,281.675,281.76,281.675,281.7
2026-09-25T17:39:00Z,2026-09-25T17:40:00Z,281.72,281.945,281.715,281.845
2026-09-25T17:40:00Z,2026-09-25T17:41:00Z,281.865,281.955,281.8,281.84
2026-09-25T17:41:00Z,2026-09-25T17:42:00Z,281.835,282.025,281.815,281.975
2026-09-25T17:42:00Z,2026-09-25T17:43:00Z,281.975,282.065,281.975,282.025
2026-09-25T17:43:00Z,2026-09-25T17:44:00Z,282.02,282.045,281.985,282.035
2026-09-25T17:44:00Z,2026-09-25T17:45:00Z,282.035,282.085,281.935,281.965
2026-09-25T17:45:00Z,2026-09-25T17:46:00Z,281.965,282,281.915,281.975
2026-09-25T17:46:00Z,2026-09-25T17:47:00Z,281.985,282.045,281.98,281.995
2026-09-25T17:47:00Z,2026-09-25T17:48:00Z,281.995,282.02,281.93,281.935
2026-09-25T17:48:00Z,2026-09-25T17:49:00Z,281.935,282.02,281.925,281.98
2026-09-25T17:49:00Z,2026-09-25T17:50:00Z,281.985,282.045,281.97,282.005
2026-09-25T17:50:00Z,2026-09-25T17:51:00Z,281.995,282.02,281.945,281.955
2026-09-25T17:51:00Z,2026-09-25T17:52:00Z,281.96,281.965,281.885,281.915
2026-09-25T17:52:00Z,2026-09-25T17:53:00Z,281.905,281.915,281.82,281.825
2026-09-25T17:53:00Z,2026-09-25T17:54:00Z,281.825,281.895,281.805,281.885
2026-09-25T17:54:00Z,2026-09-25T17:55:00Z,281.885,281.895,281.8,281.84
2026-09-25T17:55:00Z,2026-09-25T17:56:00Z,281.835,281.865,281.81,281.865
2026-09-25T17:56:00Z,2026-09-25T17:57:00Z,281.86,281.91,281.86,281.89
2026-09-25T17:57:00Z,2026-09-25T17:58:00Z,281.885,281.885,281.86,281.885
2026-09-25T17:58:00Z,2026-09-25T17:59:00Z,281.895,281.97,281.895,281.965
2026-09-25T17:59:00Z,2026-09-25T18:00:00Z,281.965,282.005,281.965,281.995
2026-09-25T18:00:00Z,2026-09-25T18:01:00Z,282,282.005,281.905,281.915
2026-09-25T18:01:00Z,2026-09-25T18:02:00Z,281.925,281.925,281.865,281.885
2026-09-25T18:02:00Z,2026-09-25T18:03:00Z,281.895,281.975,281.885,281.955
2026-09-25T18:03:00Z,2026-09-25T18:04:00Z,281.955,281.955,281.9,281.9
2026-09-25T18:04:00Z,2026-09-25T18:05:00Z,281.905,281.915,281.85,281.85
2026-09-25T18:05:00Z,2026-09-25T18:06:00Z,281.855,281.905,281.82,281.825
2026-09-25T18:06:00Z,2026-09-25T18:07:00Z,281.825,281.885,281.825,281.845
2026-09-25T18:07:00Z,2026-09-25T18:08:00Z,281.85,281.865,281.83,281.855
2026-09-25T18:08:00Z,2026-09-25T18:09:00Z,281.86,281.93,281.855,281.925
2026-09-25T18:09:00Z,2026-09-25T18:10:00Z,281.925,281.935,281.885,281.935
2026-09-25T18:10:00Z,2026-09-25T18:11:00Z,281.935,281.935,281.885,281.885
2026-09-25T18:11:00Z,2026-09-25T18:12:00Z,281.885,281.885,281.82,281.875
2026-09-25T18:12:00Z,2026-09-25T18:13:00Z,281.875,281.955,281.835,281.955
2026-09-25T18:13:00Z,2026-09-25T18:14:00Z,281.955,282.035,281.955,282.035
2026-09-25T18:14:00Z,2026-09-25T18:15:00Z,282.055,282.095,282.015,282.085
2026-09-25T18:15:00Z,2026-09-25T18:16:00Z,282.085,282.125,282.075,282.115
2026-09-25T18:16:00Z,2026-09-25T18:17:00Z,282.115,282.155,282.065,282.08
2026-09-25T18:17:00Z,2026-09-25T18:18:00Z,282.085,282.115,282.065,282.115
2026-09-25T18:18:00Z,2026-09-25T18:19:00Z,282.115,282.15,282.075,282.095
2026-09-25T18:19:00Z,2026-09-25T18:20:00Z,282.1,282.125,282.065,282.125
2026-09-25T18:20:00Z,2026-09-25T18:21:00Z,282.115,282.145,282.095,282.125
2026-09-25T18:21:00Z,2026-09-25T18:22:00Z,282.115,282.13,282.06,282.065
2026-09-25T18:22:00Z,2026-09-25T18:23:00Z,282.065,282.105,282.055,282.07
2026-09-25T18:23:00Z,2026-09-25T18:24:00Z,282.065,282.145,282.065,282.135
2026-09-25T18:24:00Z,2026-09-25T18:25:00Z,282.135,282.205,282.135,282.185
2026-09-25T18:25:00Z,2026-09-25T18:26:00Z,282.185,282.265,282.175,282.245
2026-09-25T18:26:00Z,2026-09-25T18:27:00Z,282.245,282.265,281.99,282.035
2026-09-25T18:27:00Z,2026-09-25T18:28:00Z,282.025,282.075,281.85,281.905
2026-09-25T18:28:00Z,2026-09-25T18:29:00Z,281.9,282.025,281.875,282.005
2026-09-25T18:29:00Z,2026-09-25T18:30:00Z,282.015,282.075,281.96,282.075
2026-09-25T18:30:00Z,2026-09-25T18:31:00Z,282.075,282.165,282.045,282.125
2026-09-25T18:31:00Z,2026-09-25T18:32:00Z,282.14,282.21,282.095,282.105
2026-09-25T18:32:00Z,2026-09-25T18:33:00Z,282.115,282.19,282.08,282.085
2026-09-25T18:33:00Z,2026-09-25T18:34:00Z,282.1,282.115,282.02,282.085
2026-09-25T18:34:00Z,2026-09-25T18:35:00Z,282.085,282.11,282.04,282.065
2026-09-25T18:35:00Z,2026-09-25T18:36:00Z,282.06,282.135,282.015,282.125
2026-09-25T18:36:00Z,2026-09-25T18:37:00Z,282.135,282.175,282.125,282.175
2026-09-25T18:37:00Z,2026-09-25T18:38:00Z,282.175,282.175,281.955,281.99
2026-09-25T18:38:00Z,2026-09-25T18:39:00Z,281.985,282.015,281.945,282.01
2026-09-25T18:39:00Z,2026-09-25T18:40:00Z,282.005,282.01,281.935,281.935
2026-09-25T18:40:00Z,2026-09-25T18:41:00Z,281.945,281.975,281.905,281.945
2026-09-25T18:41:00Z,2026-09-25T18:42:00Z,281.955,282.01,281.93,282.005
2026-09-25T18:42:00Z,2026-09-25T18:43:00Z,282.005,282.035,281.995,282.035
2026-09-25T18:43:00Z,2026-09-25T18:44:00Z,282.045,282.045,281.995,282.005
2026-09-25T18:44:00Z,2026-09-25T18:45:00Z,282.005,282.065,281.995,282.055
2026-09-25T18:45:00Z,2026-09-25T18:46:00Z,282.055,282.115,282.05,282.065
2026-09-25T18:46:00Z,2026-09-25T18:47:00Z,282.065,282.105,282.055,282.075
2026-09-25T18:47:00Z,2026-09-25T18:48:00Z,282.08,282.1,282.03,282.07
2026-09-25T18:48:00Z,2026-09-25T18:49:00Z,282.07,282.145,282.065,282.145
2026-09-25T18:49:00Z,2026-09-25T18:50:00Z,282.145,282.175,282.125,282.145
2026-09-25T18:50:00Z,2026-09-25T18:51:00Z,282.15,282.205,282.125,282.175
2026-09-25T18:51:00Z,2026-09-25T18:52:00Z,282.175,282.205,282.135,282.175
2026-09-25T18:52:00Z,2026-09-25T18:53:00Z,282.175,282.235,282.175,282.235
2026-09-25T18:53:00Z,2026-09-25T18:54:00Z,282.24,282.245,282.205,282.215
2026-09-25T18:54:00Z,2026-09-25T18:55:00Z,282.21,282.225,282.135,282.145
2026-09-25T18:55:00Z,2026-09-25T18:56:00Z,282.145,282.185,282.145,282.155
2026-09-25T18:56:00Z,2026-09-25T18:57:00Z,282.165,282.175,282.11,282.145
2026-09-25T18:57:00Z,2026-09-25T18:58:00Z,282.14,282.2,282.115,282.195
2026-09-25T18:58:00Z,2026-09-25T18:59:00Z,282.195,282.255,282.185,282.245
2026-09-25T18:59:00Z,2026-09-25T19:00:00Z,282.25,282.265,282.225,282.25
2026-09-25T19:00:00Z,2026-09-25T19:01:00Z,282.255,282.335,282.215,282.255
2026-09-25T19:01:00Z,2026-09-25T19:02:00Z,282.265,282.38,282.235,282.265
2026-09-25T19:02:00Z,2026-09-25T19:03:00Z,282.27,282.285,282.14,282.155
2026-09-25T19:03:00Z,2026-09-25T19:04:00Z,282.16,282.16,282.065,282.145
2026-09-25T19:04:00Z,2026-09-25T19:05:00Z,282.15,282.205,282.145,282.18
2026-09-25T19:05:00Z,2026-09-25T19:06:00Z,282.175,282.275,282.165,282.235
2026-09-25T19:06:00Z,2026-09-25T19:07:00Z,282.235,282.255,282.205,282.215
2026-09-25T19:07:00Z,2026-09-25T19:08:00Z,282.215,282.345,282.185,282.345
2026-09-25T19:08:00Z,2026-09-25T19:09:00Z,282.345,282.365,282.3,282.315
2026-09-25T19:09:00Z,2026-09-25T19:10:00Z,282.315,282.335,282.295,282.315
2026-09-25T19:10:00Z,2026-09-25T19:11:00Z,282.315,282.355,282.3,282.345
2026-09-25T19:11:00Z,2026-09-25T19:12:00Z,282.345,282.385,282.305,282.375
2026-09-25T19:12:00Z,2026-09-25T19:13:00Z,282.375,282.455,282.365,282.435
2026-09-25T19:13:00Z,2026-09-25T19:14:00Z,282.445,282.45,282.405,282.445
2026-09-25T19:14:00Z,2026-09-25T19:15:00Z,282.445,282.495,282.435,282.465
2026-09-25T19:15:00Z,2026-09-25T19:16:00Z,282.475,282.505,282.445,282.455
2026-09-25T19:16:00Z,2026-09-25T19:17:00Z,282.46,282.475,282.4,282.415
2026-09-25T19:17:00Z,2026-09-25T19:18:00Z,282.425,282.43,282.375,282.375
2026-09-25T19:18:00Z,2026-09-25T19:19:00Z,282.38,282.425,282.375,282.425
2026-09-25T19:19:00Z,2026-09-25T19:20:00Z,282.395,282.405,282.315,282.315
2026-09-25T19:20:00Z,2026-09-25T19:21:00Z,282.32,282.365,282.295,282.305
2026-09-25T19:21:00Z,2026-09-25T19:22:00Z,282.3,282.365,282.3,282.335
2026-09-25T19:22:00Z,2026-09-25T19:23:00Z,282.33,282.405,282.325,282.355
2026-09-25T19:23:00Z,2026-09-25T19:24:00Z,282.36,282.385,282.3,282.34
2026-09-25T19:24:00Z,2026-09-25T19:25:00Z,282.335,282.385,282.335,282.35
2026-09-25T19:25:00Z,2026-09-25T19:26:00Z,282.335,282.345,282.3,282.315
2026-09-25T19:26:00Z,2026-09-25T19:27:00Z,282.32,282.32,282.155,282.155
2026-09-25T19:27:00Z,2026-09-25T19:28:00Z,282.16,282.185,282.13,282.13
2026-09-25T19:28:00Z,2026-09-25T19:29:00Z,282.135,282.175,282.115,282.125
2026-09-25T19:29:00Z,2026-09-25T19:30:00Z,282.125,282.125,282.045,282.125
2026-09-25T19:30:00Z,2026-09-25T19:31:00Z,282.13,282.135,282.055,282.065
2026-09-25T19:31:00Z,2026-09-25T19:32:00Z,282.07,282.075,282.005,282.065
2026-09-25T19:32:00Z,2026-09-25T19:33:00Z,282.065,282.07,281.965,281.995
2026-09-25T19:33:00Z,2026-09-25T19:34:00Z,281.985,282.065,281.96,282.03
2026-09-25T19:34:00Z,2026-09-25T19:35:00Z,282.035,282.065,282.01,282.035
2026-09-25T19:35:00Z,2026-09-25T19:36:00Z,282.035,282.045,282.005,282.035
2026-09-25T19:36:00Z,2026-09-25T19:37:00Z,282.035,282.055,281.99,282.055
2026-09-25T19:37:00Z,2026-09-25T19:38:00Z,282.055,282.31,282.045,282.305
2026-09-25T19:38:00Z,2026-09-25T19:39:00Z,282.295,282.425,282.295,282.365
2026-09-25T19:39:00Z,2026-09-25T19:40:00Z,282.375,282.405,282.345,282.375
2026-09-25T19:40:00Z,2026-09-25T19:41:00Z,282.375,282.375,282.255,282.275
2026-09-25T19:41:00Z,2026-09-25T19:42:00Z,282.285,282.37,282.265,282.325
2026-09-25T19:42:00Z,2026-09-25T19:43:00Z,282.335,282.415,282.325,282.405
2026-09-25T19:43:00Z,2026-09-25T19:44:00Z,282.405,282.465,282.395,282.46
2026-09-25T19:44:00Z,2026-09-25T19:45:00Z,282.465,282.515,282.445,282.45
2026-09-25T19:45:00Z,2026-09-25T19:46:00Z,282.455,282.7,282.445,282.645
2026-09-25T19:46:00Z,2026-09-25T19:47:00Z,282.645,282.745,282.59,282.73
2026-09-25T19:47:00Z,2026-09-25T19:48:00Z,282.725,282.765,282.645,282.655
2026-09-25T19:48:00Z,2026-09-25T19:49:00Z,282.645,282.655,282.565,282.615
2026-09-25T19:49:00Z,2026-09-25T19:50:00Z,282.61,282.635,282.485,282.535
2026-09-25T19:50:00Z,2026-09-25T19:51:00Z,282.525,282.705,282.525,282.605
2026-09-25T19:51:00Z,2026-09-25T19:52:00Z,282.615,282.625,282.46,282.465
2026-09-25T19:52:00Z,2026-09-25T19:53:00Z,282.475,282.5,282.385,282.395
2026-09-25T19:53:00Z,2026-09-25T19:54:00Z,282.385,282.45,282.355,282.435
2026-09-25T19:54:00Z,2026-09-25T19:55:00Z,282.43,282.505,282.295,282.305
2026-09-25T19:55:00Z,2026-09-25T19:56:00Z,282.295,282.295,282.17,282.195
2026-09-25T19:56:00Z,2026-09-25T19:57:00Z,282.19,282.19,282.085,282.135
2026-09-25T19:57:00Z,2026-09-25T19:58:00Z,282.145,282.23,282.145,282.195
2026-09-25T19:58:00Z,2026-09-25T19:59:00Z,282.185,282.195,282.065,282.135
2026-09-25T19:59:00Z,2026-09-25T20:00:00Z,282.13,282.13,281.91,281.965
2026-09-28T13:30:00Z,2026-09-28T13:31:00Z,280.285,280.395,279.685,279.775
2026-09-28T13:31:00Z,2026-09-28T13:32:00Z,279.77,279.93,279.685,279.84
2026-09-28T13:32:00Z,2026-09-28T13:33:00Z,279.85,279.88,279.64,279.66
2026-09-28T13:33:00Z,2026-09-28T13:34:00Z,279.655,279.755,279.495,279.5
2026-09-28T13:34:00Z,2026-09-28T13:35:00Z,279.495,279.87,279.485,279.71
2026-09-28T13:35:00Z,2026-09-28T13:36:00Z,279.72,279.8,279.47,279.51
2026-09-28T13:36:00Z,2026-09-28T13:37:00Z,279.52,279.74,279.4,279.715
2026-09-28T13:37:00Z,2026-09-28T13:38:00Z,279.72,280.11,279.71,280.09
2026-09-28T13:38:00Z,2026-09-28T13:39:00Z,280.095,280.14,279.85,279.97
2026-09-28T13:39:00Z,2026-09-28T13:40:00Z,279.985,280.09,279.86,280.06
2026-09-28T13:40:00Z,2026-09-28T13:41:00Z,280.05,280.13,279.815,279.89
2026-09-28T13:41:00Z,2026-09-28T13:42:00Z,279.895,279.945,279.76,279.8
2026-09-28T13:42:00Z,2026-09-28T13:43:00Z,279.815,280.07,279.785,280.01
2026-09-28T13:43:00Z,2026-09-28T13:44:00Z,280,280.14,279.985,280.085
2026-09-28T13:44:00Z,2026-09-28T13:45:00Z,280.095,280.14,279.875,280.135
2026-09-28T13:45:00Z,2026-09-28T13:46:00Z,280.13,280.175,279.825,280.17
2026-09-28T13:46:00Z,2026-09-28T13:47:00Z,280.175,280.235,279.83,279.88
2026-09-28T13:47:00Z,2026-09-28T13:48:00Z,279.885,280.19,279.775,280
2026-09-28T13:48:00Z,2026-09-28T13:49:00Z,280.015,280.1,279.835,279.905
2026-09-28T13:49:00Z,2026-09-28T13:50:00Z,279.91,279.97,279.775,279.86
2026-09-28T13:50:00Z,2026-09-28T13:51:00Z,279.865,279.9,279.6,279.72
2026-09-28T13:51:00Z,2026-09-28T13:52:00Z,279.725,279.845,279.585,279.825
2026-09-28T13:52:00Z,2026-09-28T13:53:00Z,279.815,279.965,279.77,279.88
2026-09-28T13:53:00Z,2026-09-28T13:54:00Z,279.875,279.98,279.8,279.9
2026-09-28T13:54:00Z,2026-09-28T13:55:00Z,279.905,280.075,279.72,279.885
2026-09-28T13:55:00Z,2026-09-28T13:56:00Z,279.89,280.08,279.655,279.865
2026-09-28T13:56:00Z,2026-09-28T13:57:00Z,279.87,279.915,279.755,279.785
2026-09-28T13:57:00Z,2026-09-28T13:58:00Z,279.78,279.815,279.735,279.785
2026-09-28T13:58:00Z,2026-09-28T13:59:00Z,279.78,279.87,279.735,279.825
2026-09-28T13:59:00Z,2026-09-28T14:00:00Z,279.82,280.19,279.82,280.175
2026-09-28T14:00:00Z,2026-09-28T14:01:00Z,280.15,280.185,279.835,279.96
2026-09-28T14:01:00Z,2026-09-28T14:02:00Z,279.935,280.185,279.935,280.14
2026-09-28T14:02:00Z,2026-09-28T14:03:00Z,280.145,280.45,280.12,280.435
2026-09-28T14:03:00Z,2026-09-28T14:04:00Z,280.445,280.515,280.325,280.495
2026-09-28T14:04:00Z,2026-09-28T14:05:00Z,280.485,280.485,280.02,280.03
2026-09-28T14:05:00Z,2026-09-28T14:06:00Z,280.035,280.085,279.88,280.04
2026-09-28T14:06:00Z,2026-09-28T14:07:00Z,280.045,280.385,280.045,280.385
2026-09-28T14:07:00Z,2026-09-28T14:08:00Z,280.38,280.65,280.34,280.645
2026-09-28T14:08:00Z,2026-09-28T14:09:00Z,280.635,280.66,280.45,280.595
2026-09-28T14:09:00Z,2026-09-28T14:10:00Z,280.59,280.695,280.59,280.665
2026-09-28T14:10:00Z,2026-09-28T14:11:00Z,280.66,280.805,280.54,280.75
2026-09-28T14:11:00Z,2026-09-28T14:12:00Z,280.745,280.75,280.515,280.57
2026-09-28T14:12:00Z,2026-09-28T14:13:00Z,280.565,280.635,280.435,280.53
2026-09-28T14:13:00Z,2026-09-28T14:14:00Z,280.545,280.56,280.325,280.335
2026-09-28T14:14:00Z,2026-09-28T14:15:00Z,280.345,280.43,280.15,280.395
2026-09-28T14:15:00Z,2026-09-28T14:16:00Z,280.4,280.455,280.265,280.395
2026-09-28T14:16:00Z,2026-09-28T14:17:00Z,280.39,280.435,280.23,280.41
2026-09-28T14:17:00Z,2026-09-28T14:18:00Z,280.415,280.54,280.37,280.525
2026-09-28T14:18:00Z,2026-09-28T14:19:00Z,280.54,280.545,280.385,280.385
2026-09-28T14:19:00Z,2026-09-28T14:20:00Z,280.38,280.445,280.31,280.365
2026-09-28T14:20:00Z,2026-09-28T14:21:00Z,280.36,280.51,280.305,280.475
2026-09-28T14:21:00Z,2026-09-28T14:22:00Z,280.455,280.495,280.31,280.37
2026-09-28T14:22:00Z,2026-09-28T14:23:00Z,280.375,280.705,280.37,280.69
2026-09-28T14:23:00Z,2026-09-28T14:24:00Z,280.685,280.7,280.455,280.465
2026-09-28T14:24:00Z,2026-09-28T14:25:00Z,280.46,280.65,280.435,280.645
2026-09-28T14:25:00Z,2026-09-28T14:26:00Z,280.64,280.73,280.625,280.665
2026-09-28T14:26:00Z,2026-09-28T14:27:00Z,280.67,280.705,280.58,280.685
2026-09-28T14:27:00Z,2026-09-28T14:28:00Z,280.69,280.755,280.565,280.6
2026-09-28T14:28:00Z,2026-09-28T14:29:00Z,280.595,280.76,280.55,280.76
2026-09-28T14:29:00Z,2026-09-28T14:30:00Z,280.765,280.795,280.73,280.765
2026-09-28T14:30:00Z,2026-09-28T14:31:00Z,280.77,280.775,280.565,280.69
2026-09-28T14:31:00Z,2026-09-28T14:32:00Z,280.685,280.715,280.485,280.56
2026-09-28T14:32:00Z,2026-09-28T14:33:00Z,280.555,280.565,280.445,280.47
2026-09-28T14:33:00Z,2026-09-28T14:34:00Z,280.475,280.58,280.375,280.425
2026-09-28T14:34:00Z,2026-09-28T14:35:00Z,280.43,280.49,280.335,280.355
2026-09-28T14:35:00Z,2026-09-28T14:36:00Z,280.34,280.38,280.23,280.305
2026-09-28T14:36:00Z,2026-09-28T14:37:00Z,280.3,280.425,280.27,280.365
2026-09-28T14:37:00Z,2026-09-28T14:38:00Z,280.36,280.4,280.115,280.12
2026-09-28T14:38:00Z,2026-09-28T14:39:00Z,280.125,280.13,279.91,279.965
2026-09-28T14:39:00Z,2026-09-28T14:40:00Z,279.97,280.03,279.87,279.89
2026-09-28T14:40:00Z,2026-09-28T14:41:00Z,279.895,279.97,279.85,279.905
2026-09-28T14:41:00Z,2026-09-28T14:42:00Z,279.895,280.1,279.825,280.055
2026-09-28T14:42:00Z,2026-09-28T14:43:00Z,280.05,280.07,279.855,279.88
2026-09-28T14:43:00Z,2026-09-28T14:44:00Z,279.89,279.925,279.735,279.76
2026-09-28T14:44:00Z,2026-09-28T14:45:00Z,279.765,279.765,279.63,279.695
2026-09-28T14:45:00Z,2026-09-28T14:46:00Z,279.72,279.73,279.535,279.59
2026-09-28T14:46:00Z,2026-09-28T14:47:00Z,279.605,279.67,279.505,279.565
2026-09-28T14:47:00Z,2026-09-28T14:48:00Z,279.56,279.615,279.365,279.47
2026-09-28T14:48:00Z,2026-09-28T14:49:00Z,279.48,279.55,279.355,279.36
2026-09-28T14:49:00Z,2026-09-28T14:50:00Z,279.365,279.555,279.315,279.45
2026-09-28T14:50:00Z,2026-09-28T14:51:00Z,279.445,279.76,279.37,279.69
2026-09-28T14:51:00Z,2026-09-28T14:52:00Z,279.705,279.745,279.395,279.41
2026-09-28T14:52:00Z,2026-09-28T14:53:00Z,279.4,279.49,279.37,279.43
2026-09-28T14:53:00Z,2026-09-28T14:54:00Z,279.415,279.435,279.285,279.285
2026-09-28T14:54:00Z,2026-09-28T14:55:00Z,279.295,279.355,279.225,279.245
2026-09-28T14:55:00Z,2026-09-28T14:56:00Z,279.23,279.235,279.125,279.17
2026-09-28T14:56:00Z,2026-09-28T14:57:00Z,279.175,279.405,279.175,279.355
2026-09-28T14:57:00Z,2026-09-28T14:58:00Z,279.35,279.485,279.265,279.395
2026-09-28T14:58:00Z,2026-09-28T14:59:00Z,279.39,279.44,279.235,279.255
2026-09-28T14:59:00Z,2026-09-28T15:00:00Z,279.25,279.275,279.2,279.245
2026-09-28T15:00:00Z,2026-09-28T15:01:00Z,279.285,279.335,279.185,279.255
2026-09-28T15:01:00Z,2026-09-28T15:02:00Z,279.255,279.315,279.155,279.175
2026-09-28T15:02:00Z,2026-09-28T15:03:00Z,279.17,279.28,279.085,279.125
2026-09-28T15:03:00Z,2026-09-28T15:04:00Z,279.135,279.2,279.095,279.125
2026-09-28T15:04:00Z,2026-09-28T15:05:00Z,279.12,279.185,279.085,279.11
2026-09-28T15:05:00Z,2026-09-28T15:06:00Z,279.115,279.22,279.01,279.035
2026-09-28T15:06:00Z,2026-09-28T15:07:00Z,279.03,279.165,278.95,279.075
2026-09-28T15:07:00Z,2026-09-28T15:08:00Z,279.08,279.245,279.035,279.215
2026-09-28T15:08:00Z,2026-09-28T15:09:00Z,279.235,279.275,279.135,279.155
2026-09-28T15:09:00Z,2026-09-28T15:10:00Z,279.15,279.375,279.13,279.375
2026-09-28T15:10:00Z,2026-09-28T15:11:00Z,279.38,279.49,279.295,279.305
2026-09-28T15:11:00Z,2026-09-28T15:12:00Z,279.305,279.34,279.235,279.295
2026-09-28T15:12:00Z,2026-09-28T15:13:00Z,279.295,279.325,279.17,279.255
2026-09-28T15:13:00Z,2026-09-28T15:14:00Z,279.255,279.26,279.16,279.185
2026-09-28T15:14:00Z,2026-09-28T15:15:00Z,279.185,279.185,279.005,279.07
2026-09-28T15:15:00Z,2026-09-28T15:16:00Z,279.065,279.09,279.015,279.055
2026-09-28T15:16:00Z,2026-09-28T15:17:00Z,279.055,279.095,278.95,278.965
2026-09-28T15:17:00Z,2026-09-28T15:18:00Z,278.965,278.975,278.895,278.975
2026-09-28T15:18:00Z,2026-09-28T15:19:00Z,278.975,279.015,278.905,279.01
2026-09-28T15:19:00Z,2026-09-28T15:20:00Z,279.02,279.095,278.975,279.035
2026-09-28T15:20:00Z,2026-09-28T15:21:00Z,279.04,279.08,278.92,278.975
2026-09-28T15:21:00Z,2026-09-28T15:22:00Z,278.985,278.995,278.875,278.945
2026-09-28T15:22:00Z,2026-09-28T15:23:00Z,278.94,278.965,278.885,278.965
2026-09-28T15:23:00Z,2026-09-28T15:24:00Z,278.965,279.005,278.945,278.995
2026-09-28T15:24:00Z,2026-09-28T15:25:00Z,278.995,279.02,278.92,278.97
2026-09-28T15:25:00Z,2026-09-28T15:26:00Z,278.975,279.145,278.885,278.99
2026-09-28T15:26:00Z,2026-09-28T15:27:00Z,278.995,279.08,278.895,279.05
2026-09-28T15:27:00Z,2026-09-28T15:28:00Z,279.06,279.06,278.94,279.025
2026-09-28T15:28:00Z,2026-09-28T15:29:00Z,279.025,279.07,278.975,279.05
2026-09-28T15:29:00Z,2026-09-28T15:30:00Z,279.055,279.105,278.985,279.065
2026-09-28T15:30:00Z,2026-09-28T15:31:00Z,279.06,279.135,278.98,279.055
2026-09-28T15:31:00Z,2026-09-28T15:32:00Z,279.05,279.105,278.985,279.03
2026-09-28T15:32:00Z,2026-09-28T15:33:00Z,279.035,279.145,279.025,279.095
2026-09-28T15:33:00Z,2026-09-28T15:34:00Z,279.1,279.115,278.92,278.935
2026-09-28T15:34:00Z,2026-09-28T15:35:00Z,278.945,279.01,278.875,279
2026-09-28T15:35:00Z,2026-09-28T15:36:00Z,278.995,279.055,278.975,279.05
2026-09-28T15:36:00Z,2026-09-28T15:37:00Z,279.045,279.21,279.045,279.21
2026-09-28T15:37:00Z,2026-09-28T15:38:00Z,279.215,279.235,279.12,279.165
2026-09-28T15:38:00Z,2026-09-28T15:39:00Z,279.165,279.255,279.125,279.21
2026-09-28T15:39:00Z,2026-09-28T15:40:00Z,279.205,279.285,279.17,279.21
2026-09-28T15:40:00Z,2026-09-28T15:41:00Z,279.22,279.225,278.96,279.01
2026-09-28T15:41:00Z,2026-09-28T15:42:00Z,279.015,279.02,278.89,278.97
2026-09-28T15:42:00Z,2026-09-28T15:43:00Z,278.975,279.075,278.965,279.035
2026-09-28T15:43:00Z,2026-09-28T15:44:00Z,279.04,279.065,278.925,278.925
2026-09-28T15:44:00Z,2026-09-28T15:45:00Z,278.92,278.965,278.905,278.965
2026-09-28T15:45:00Z,2026-09-28T15:46:00Z,278.965,278.965,278.885,278.925
2026-09-28T15:46:00Z,2026-09-28T15:47:00Z,278.925,278.935,278.815,278.845
2026-09-28T15:47:00Z,2026-09-28T15:48:00Z,278.845,278.865,278.805,278.805
2026-09-28T15:48:00Z,2026-09-28T15:49:00Z,278.805,278.885,278.805,278.815
2026-09-28T15:49:00Z,2026-09-28T15:50:00Z,278.805,278.865,278.805,278.835
2026-09-28T15:50:00Z,2026-09-28T15:51:00Z,278.835,278.905,278.805,278.845
2026-09-28T15:51:00Z,2026-09-28T15:52:00Z,278.85,278.87,278.81,278.85
2026-09-28T15:52:00Z,2026-09-28T15:53:00Z,278.855,278.885,278.815,278.815
2026-09-28T15:53:00Z,2026-09-28T15:54:00Z,278.82,278.905,278.815,278.895
2026-09-28T15:54:00Z,2026-09-28T15:55:00Z,278.895,279.095,278.88,279.075
2026-09-28T15:55:00Z,2026-09-28T15:56:00Z,279.08,279.195,279.07,279.185
2026-09-28T15:56:00Z,2026-09-28T15:57:00Z,279.19,279.22,279.11,279.175
2026-09-28T15:57:00Z,2026-09-28T15:58:00Z,279.18,279.185,279.085,279.1
2026-09-28T15:58:00Z,2026-09-28T15:59:00Z,279.095,279.145,279.095,279.135
2026-09-28T15:59:00Z,2026-09-28T16:00:00Z,279.135,279.195,279.11,279.185
2026-09-28T16:00:00Z,2026-09-28T16:01:00Z,279.175,279.3,279.09,279.17
2026-09-28T16:01:00Z,2026-09-28T16:02:00Z,279.175,279.245,279.15,279.225
2026-09-28T16:02:00Z,2026-09-28T16:03:00Z,279.215,279.24,279.165,279.165
2026-09-28T16:03:00Z,2026-09-28T16:04:00Z,279.165,279.19,279.06,279.105
2026-09-28T16:04:00Z,2026-09-28T16:05:00Z,279.1,279.135,279.07,279.13
2026-09-28T16:05:00Z,2026-09-28T16:06:00Z,279.125,279.195,279.085,279.195
2026-09-28T16:06:00Z,2026-09-28T16:07:00Z,279.19,279.275,279.185,279.26
2026-09-28T16:07:00Z,2026-09-28T16:08:00Z,279.25,279.265,279.21,279.21
