from,to,open,high,low,close
2026-09-09T16:05:00Z,2026-09-09T16:10:00Z,574.51,574.605,573.375,573.375
2026-09-09T16:10:00Z,2026-09-09T16:15:00Z,573.35,573.7,572.915,573.05
2026-09-09T16:15:00Z,2026-09-09T16:20:00Z,573.03,573.13,572.48,572.865
2026-09-09T16:20:00Z,2026-09-09T16:25:00Z,572.85,573.135,572.535,573.135
2026-09-09T16:25:00Z,2026-09-09T16:30:00Z,573.135,573.26,572.21,572.655
2026-09-09T16:30:00Z,2026-09-09T16:35:00Z,572.685,574.025,572.575,574
2026-09-09T16:35:00Z,2026-09-09T16:40:00Z,573.995,574.585,573.83,574.535
2026-09-09T16:40:00Z,2026-09-09T16:45:00Z,574.55,574.795,574.425,574.795
2026-09-09T16:45:00Z,2026-09-09T16:50:00Z,574.815,574.855,574.28,574.53
2026-09-09T16:50:00Z,2026-09-09T16:55:00Z,574.525,575.235,574.52,574.555
2026-09-09T16:55:00Z,2026-09-09T17:00:00Z,574.56,574.855,574.365,574.44
2026-09-09T17:00:00Z,2026-09-09T17:05:00Z,574.43,574.97,574.015,574.44
2026-09-09T17:05:00Z,2026-09-09T17:10:00Z,574.42,575.17,574.42,574.78
2026-09-09T17:10:00Z,2026-09-09T17:15:00Z,574.745,575.405,574.605,575.26
2026-09-09T17:15:00Z,2026-09-09T17:20:00Z,575.25,575.425,574.845,574.85
2026-09-09T17:20:00Z,2026-09-09T17:25:00Z,574.855,574.945,574.62,574.68
2026-09-09T17:25:00Z,2026-09-09T17:30:00Z,574.695,574.73,574.22,574.3
2026-09-09T17:30:00Z,2026-09-09T17:35:00Z,574.335,574.385,573.66,574.19
2026-09-09T17:35:00Z,2026-09-09T17:40:00Z,574.2,574.345,573.55,573.7
2026-09-09T17:40:00Z,2026-09-09T17:45:00Z,573.735,574.23,573.7,574.175
2026-09-09T17:45:00Z,2026-09-09T17:50:00Z,574.18,574.91,574.17,574.83
2026-09-09T17:50:00Z,2026-09-09T17:55:00Z,574.825,575.065,574.63,575.03
2026-09-09T17:55:00Z,2026-09-09T18:00:00Z,575.025,575.025,574.46,574.495
2026-09-09T18:00:00Z,2026-09-09T18:05:00Z,574.485,574.825,574.425,574.63
2026-09-09T18:05:00Z,2026-09-09T18:10:00Z,574.66,574.745,574.27,574.415
2026-09-09T18:10:00Z,2026-09-09T18:15:00Z,574.41,574.54,574.05,574.3
2026-09-09T18:15:00Z,2026-09-09T18:20:00Z,574.305,574.525,574.125,574.14
2026-09-09T18:20:00Z,2026-09-09T18:25:00Z,574.145,574.205,573.875,574.065
2026-09-09T18:25:00Z,2026-09-09T18:30:00Z,574.075,574.37,573.815,574.06
2026-09-09T18:30:00Z,2026-09-09T18:35:00Z,574.05,574.36,573.955,574.1
2026-09-09T18:35:00Z,2026-09-09T18:40:00Z,574.085,574.375,574.08,574.225
2026-09-09T18:40:00Z,2026-09-09T18:45:00Z,574.23,574.265,573.885,574.09
2026-09-09T18:45:00Z,2026-09-09T18:50:00Z,574.085,574.21,573.7,573.8
2026-09-09T18:50:00Z,2026-09-09T18:55:00Z,573.79,573.815,573.3,573.525
2026-09-09T18:55:00Z,2026-09-09T19:00:00Z,573.51,573.585,572.86,572.88
2026-09-09T19:00:00Z,2026-09-09T19:05:00Z,572.91,573.24,572.59,572.995
2026-09-09T19:05:00Z,2026-09-09T19:10:00Z,573,573.78,572.83,573.69
2026-09-09T19:10:00Z,2026-09-09T19:15:00Z,573.695,573.765,573.38,573.525
2026-09-09T19:15:00Z,2026-09-09T19:20:00Z,573.52,574.35,573.52,574.255
2026-09-09T19:20:00Z,2026-09-09T19:25:00Z,574.25,574.48,573.98,574.115
2026-09-09T19:25:00Z,2026-09-09T19:30:00Z,574.12,574.16,573.33,573.33
2026-09-09T19:30:00Z,2026-09-09T19:35:00Z,573.335,573.575,573.19,573.235
2026-09-09T19:35:00Z,2026-09-09T19:40:00Z,573.24,573.425,573.05,573.28
2026-09-09T19:40:00Z,2026-09-09T19:45:00Z,573.275,573.42,573.12,573.265
2026-09-09T19:45:00Z,2026-09-09T19:50:00Z,573.26,573.665,573.26,573.525
2026-09-09T19:50:00Z,2026-09-09T19:55:00Z,573.51,573.855,573.115,573.46
2026-09-09T19:55:00Z,2026-09-09T20:00:00Z,573.475,574.34,572.975,574.315
2026-09-10T13:30:00Z,2026-09-10T13:35:00Z,561.355,563.72,559.12,559.65
2026-09-10T13:35:00Z,2026-09-10T13:40:00Z,559.71,562.445,559.57,562.27
2026-09-10T13:40:00Z,2026-09-10T13:45:00Z,562.255,563.245,560.06,560.08
2026-09-10T13:45:00Z,2026-09-10T13:50:00Z,560.105,561.61,559.455,560.855
2026-09-10T13:50:00Z,2026-09-10T13:55:00Z,560.86,560.915,557.58,557.68
2026-09-10T13:55:00Z,2026-09-10T14:00:00Z,557.675,558.49,557.1,557.435
2026-09-10T14:00:00Z,2026-09-10T14:05:00Z,557.445,560.755,557.305,559.81
2026-09-10T14:05:00Z,2026-09-10T14:10:00Z,559.805,560.18,558.955,560.17
2026-09-10T14:10:00Z,2026-09-10T14:15:00Z,560.155,560.825,559.225,559.335
2026-09-10T14:15:00Z,2026-09-10T14:20:00Z,559.33,560.34,558.775,560.195
2026-09-10T14:20:00Z,2026-09-10T14:25:00Z,560.21,563.215,560.05,562.63
2026-09-10T14:25:00Z,2026-09-10T14:30:00Z,562.575,563.455,561.365,562.025
2026-09-10T14:30:00Z,2026-09-10T14:35:00Z,562.015,563.155,561.91,562.615
2026-09-10T14:35:00Z,2026-09-10T14:40:00Z,562.585,564.64,562.565,563.72
2026-09-10T14:40:00Z,2026-09-10T14:45:00Z,563.74,564.13,562.675,562.9
2026-09-10T14:45:00Z,2026-09-10T14:50:00Z,562.895,563.41,562.235,562.825
2026-09-10T14:50:00Z,2026-09-10T14:55:00Z,562.82,563.805,562.475,563.805
2026-09-10T14:55:00Z,2026-09-10T15:00:00Z,563.8,564.38,563.165,564.38
2026-09-10T15:00:00Z,2026-09-10T15:05:00Z,564.415,564.515,563.215,563.635
2026-09-10T15:05:00Z,2026-09-10T15:10:00Z,563.65,564.735,563.65,563.96
2026-09-10T15:10:00Z,2026-09-10T15:15:00Z,563.96,565.125,563.96,564.66
2026-09-10T15:15:00Z,2026-09-10T15:20:00Z,564.66,564.865,563.065,563.635
2026-09-10T15:20:00Z,2026-09-10T15:25:00Z,563.63,563.915,563.05,563.675
2026-09-10T15:25:00Z,2026-09-10T15:30:00Z,563.67,564.73,563.505,564.055
2026-09-10T15:30:00Z,2026-09-10T15:35:00Z,564.055,564.51,563.56,564.47
2026-09-10T15:35:00Z,2026-09-10T15:40:00Z,564.475,564.945,563.97,564.345
2026-09-10T15:40:00Z,2026-09-10T15:45:00Z,564.335,564.95,563.875,564.945
2026-09-10T15:45:00Z,2026-09-10T15:50:00Z,564.95,565.04,564.015,564.565
2026-09-10T15:50:00Z,2026-09-10T15:55:00Z,564.525,565.175,564.165,564.28
2026-09-10T15:55:00Z,2026-09-10T16:00:00Z,564.285,564.71,563.61,564.445
2026-09-10T16:00:00Z,2026-09-10T16:05:00Z,564.43,564.895,564.035,564.115
2026-09-10T16:05:00Z,2026-09-10T16:10:00Z,564.125,564.52,563.42,563.555
2026-09-10T16:10:00Z,2026-09-10T16:15:00Z,563.57,563.895,562.765,562.83
2026-09-10T16:15:00Z,2026-09-10T16:20:00Z,562.84,563.4,562.04,562.255
2026-09-10T16:20:00Z,2026-09-10T16:25:00Z,562.31,562.8,562.305,562.545
2026-09-10T16:25:00Z,2026-09-10T16:30:00Z,562.54,562.565,561.31,561.845
2026-09-10T16:30:00Z,2026-09-10T16:35:00Z,561.83,562.395,561.235,561.25
2026-09-10T16:35:00Z,2026-09-10T16:40:00Z,561.23,561.575,560.555,561.41
2026-09-10T16:40:00Z,2026-09-10T16:45:00Z,561.4,562.535,561.4,562.53
2026-09-10T16:45:00Z,2026-09-10T16:50:00Z,562.515,563.46,562.505,562.83
2026-09-10T16:50:00Z,2026-09-10T16:55:00Z,562.825,563.78,562.825,563.775
2026-09-10T16:55:00Z,2026-09-10T17:00:00Z,563.785,563.985,563.485,563.885
2026-09-10T17:00:00Z,2026-09-10T17:05:00Z,563.865,564.985,563.635,563.985
2026-09-10T17:05:00Z,2026-09-10T17:10:00Z,563.99,564.65,563.94,564.215
2026-09-10T17:10:00Z,2026-09-10T17:15:00Z,564.215,564.66,563.67,563.695
2026-09-10T17:15:00Z,2026-09-10T17:20:00Z,563.695,563.84,563.505,563.63
2026-09-10T17:20:00Z,2026-09-10T17:25:00Z,563.635,563.67,563.035,563.185
2026-09-10T17:25:00Z,2026-09-10T17:30:00Z,563.215,563.395,562.82,563.26
2026-09-10T17:30:00Z,2026-09-10T17:35:00Z,563.255,563.42,562.77,562.89
2026-09-10T17:35:00Z,2026-09-10T17:40:00Z,562.9,563.25,562.21,562.235
2026-09-10T17:40:00Z,2026-09-10T17:45:00Z,562.23,562.88,562.205,562.88
2026-09-10T17:45:00Z,2026-09-10T17:50:00Z,562.885,562.91,562.525,562.585
2026-09-10T17:50:00Z,2026-09-10T17:55:00Z,562.59,562.97,562.54,562.895
2026-09-10T17:55:00Z,2026-09-10T18:00:00Z,562.92,563.06,562.49,562.89
2026-09-10T18:00:00Z,2026-09-10T18:05:00Z,562.885,563.355,562.075,562.095
2026-09-10T18:05:00Z,2026-09-10T18:10:00Z,562.105,562.595,561.77,561.885
2026-09-10T18:10:00Z,2026-09-10T18:15:00Z,561.89,562.28,561.625,562.19
2026-09-10T18:15:00Z,2026-09-10T18:20:00Z,562.185,562.295,561.755,562.22
2026-09-10T18:20:00Z,2026-09-10T18:25:00Z,562.225,562.69,562.025,562.16
2026-09-10T18:25:00Z,2026-09-10T18:30:00Z,562.165,562.34,561.8,561.94
2026-09-10T18:30:00Z,2026-09-10T18:35:00Z,561.945,562.035,561.605,561.955
2026-09-10T18:35:00Z,2026-09-10T18:40:00Z,561.93,562.22,561.72,562.2
2026-09-10T18:40:00Z,2026-09-10T18:45:00Z,562.195,562.195,561.765,562.005
2026-09-10T18:45:00Z,2026-09-10T18:50:00Z,562,562.24,561.39,561.65
2026-09-10T18:50:00Z,2026-09-10T18:55:00Z,561.645,562.685,561.38,562.175
2026-09-10T18:55:00Z,2026-09-10T19:00:00Z,562.2,562.425,562.055,562.365
2026-09-10T19:00:00Z,2026-09-10T19:05:00Z,562.38,562.635,561.655,561.755
2026-09-10T19:05:00Z,2026-09-10T19:10:00Z,561.765,561.93,560.735,561.38
2026-09-10T19:10:00Z,2026-09-10T19:15:00Z,561.365,561.56,560.725,561.23
2026-09-10T19:15:00Z,2026-09-10T19:20:00Z,561.225,561.6,560.93,561.36
2026-09-10T19:20:00Z,2026-09-10T19:25:00Z,561.35,561.875,561.21,561.815
2026-09-10T19:25:00Z,2026-09-10T19:30:00Z,561.81,562.385,561.81,562.275
2026-09-10T19:30:00Z,2026-09-10T19:35:00Z,562.28,562.615,561.885,562.415
2026-09-10T19:35:00Z,2026-09-10T19:40:00Z,562.395,562.395,561.57,562.02
2026-09-10T19:40:00Z,2026-09-10T19:45:00Z,562.02,562.37,561.695,561.71
2026-09-10T19:45:00Z,2026-09-10T19:50:00Z,561.705,562.175,561.705,561.97
2026-09-10T19:50:00Z,2026-09-10T19:55:00Z,561.975,561.985,560.685,560.975
2026-09-10T19:55:00Z,2026-09-10T20:00:00Z,560.965,561.315,560.19,560.28
2026-09-11T13:30:00Z,2026-09-11T13:35:00Z,568.485,568.635,564.64,566.77
2026-09-11T13:35:00Z,2026-09-11T13:40:00Z,566.93,567.315,564.075,567.315
2026-09-11T13:40:00Z,2026-09-11T13:45:00Z,567.42,569.83,566.35,569.7
2026-09-11T13:45:00Z,2026-09-11T13:50:00Z,569.7,571.37,568.92,569.92
2026-09-11T13:50:00Z,2026-09-11T13:55:00Z,569.925,570.065,567.505,569.19
2026-09-11T13:55:00Z,2026-09-11T14:00:00Z,569.185,570,568.085,569.975
2026-09-11T14:00:00Z,2026-09-11T14:05:00Z,569.79,569.93,566.63,566.655
2026-09-11T14:05:00Z,2026-09-11T14:10:00Z,566.68,567.77,566.15,567.455
2026-09-11T14:10:00Z,2026-09-11T14:15:00Z,567.45,568.55,567.415,568.465
2026-09-11T14:15:00Z,2026-09-11T14:20:00Z,568.46,570.06,567.925,569.93
2026-09-11T14:20:00Z,2026-09-11T14:25:00Z,569.935,570.59,569.75,569.88
2026-09-11T14:25:00Z,2026-09-11T14:30:00Z,569.875,571.21,569.875,570.52
2026-09-11T14:30:00Z,2026-09-11T14:35:00Z,570.545,570.645,568.92,569.27
2026-09-11T14:35:00Z,2026-09-11T14:40:00Z,569.265,569.265,567.7,568.315
2026-09-11T14:40:00Z,2026-09-11T14:45:00Z,568.325,568.935,567.13,567.775
2026-09-11T14:45:00Z,2026-09-11T14:50:00Z,567.78,569.065,566.945,569.065
2026-09-11T14:50:00Z,2026-09-11T14:55:00Z,569.07,569.125,568.075,568.29
2026-09-11T14:55:00Z,2026-09-11T15:00:00Z,568.295,569.26,567.8,568.975
2026-09-11T15:00:00Z,2026-09-11T15:05:00Z,569.005,569.875,568.555,569.855
2026-09-11T15:05:00Z,2026-09-11T15:10:00Z,569.825,570.505,569.64,570.315
2026-09-11T15:10:00Z,2026-09-11T15:15:00Z,570.32,570.51,568.78,569.225
2026-09-11T15:15:00Z,2026-09-11T15:20:00Z,569.225,571.055,569.225,570.6
2026-09-11T15:20:00Z,2026-09-11T15:25:00Z,570.625,571.565,570.54,571.56
2026-09-11T15:25:00Z,2026-09-11T15:30:00Z,571.565,572.3,571.51,572.125
2026-09-11T15:30:00Z,2026-09-11T15:35:00Z,572.115,572.81,571.89,572.6
2026-09-11T15:35:00Z,2026-09-11T15:40:00Z,572.59,572.645,571.605,572.005
2026-09-11T15:40:00Z,2026-09-11T15:45:00Z,571.995,572.095,571.29,571.9
2026-09-11T15:45:00Z,2026-09-11T15:50:00Z,571.875,572.2,571.455,572.1
2026-09-11T15:50:00Z,2026-09-11T15:55:00Z,572.105,572.16,571.075,571.355
2026-09-11T15:55:00Z,2026-09-11T16:00:00Z,571.33,571.84,571.03,571.695
2026-09-11T16:00:00Z,2026-09-11T16:05:00Z,571.71,572.365,571.57,572.355
2026-09-11T16:05:00Z,2026-09-11T16:10:00Z,572.365,572.42,571.735,571.96
2026-09-11T16:10:00Z,2026-09-11T16:15:00Z,571.965,572,571.26,571.48
2026-09-11T16:15:00Z,2026-09-11T16:20:00Z,571.485,571.5,570.72,570.89
2026-09-11T16:20:00Z,2026-09-11T16:25:00Z,570.885,570.93,570.15,570.31
2026-09-11T16:25:00Z,2026-09-11T16:30:00Z,570.315,570.725,569.61,569.685
2026-09-11T16:30:00Z,2026-09-11T16:35:00Z,569.675,570.54,569.57,570.075
2026-09-11T16:35:00Z,2026-09-11T16:40:00Z,570.075,570.13,569.12,569.175
2026-09-11T16:40:00Z,2026-09-11T16:45:00Z,569.17,570.59,568.935,570.535
2026-09-11T16:45:00Z,2026-09-11T16:50:00Z,570.545,570.545,569.83,569.86
2026-09-11T16:50:00Z,2026-09-11T16:55:00Z,569.855,570.86,569.83,570.84
2026-09-11T16:55:00Z,2026-09-11T17:00:00Z,570.835,571.235,570.795,571.16
2026-09-11T17:00:00Z,2026-09-11T17:05:00Z,571.155,571.43,571.125,571.155
2026-09-11T17:05:00Z,2026-09-11T17:10:00Z,571.145,571.765,571.13,571.465
2026-09-11T17:10:00Z,2026-09-11T17:15:00Z,571.465,571.585,570.81,570.82
2026-09-11T17:15:00Z,2026-09-11T17:20:00Z,570.825,571.525,570.825,571.405
2026-09-11T17:20:00Z,2026-09-11T17:25:00Z,571.435,571.775,571.3,571.75
2026-09-11T17:25:00Z,2026-09-11T17:30:00Z,571.76,571.925,571.5,571.64
2026-09-11T17:30:00Z,2026-09-11T17:35:00Z,571.66,571.89,571.45,571.52
2026-09-11T17:35:00Z,2026-09-11T17:40:00Z,571.52,572.01,571.52,571.89
2026-09-11T17:40:00Z,2026-09-11T17:45:00Z,571.88,572.245,571.78,572.05
2026-09-11T17:45:00Z,2026-09-11T17:50:00Z,572.055,572.175,571.855,572.055
2026-09-11T17:50:00Z,2026-09-11T17:55:00Z,572.055,572.38,571.995,572.07
2026-09-11T17:55:00Z,2026-09-11T18:00:00Z,572.075,572.14,571.49,571.57
2026-09-11T18:00:00Z,2026-09-11T18:05:00Z,571.58,571.635,571.29,571.485
2026-09-11T18:05:00Z,2026-09-11T18:10:00Z,571.485,571.685,571.285,571.52
2026-09-11T18:10:00Z,2026-09-11T18:15:00Z,571.54,571.565,571.145,571.26
2026-09-11T18:15:00Z,2026-09-11T18:20:00Z,571.265,571.5,571.125,571.47
2026-09-11T18:20:00Z,2026-09-11T18:25:00Z,571.47,571.515,570.825,571.08
2026-09-11T18:25:00Z,2026-09-11T18:30:00Z,571.085,571.45,571.04,571.325
2026-09-11T18:30:00Z,2026-09-11T18:35:00Z,571.335,571.96,571.075,571.865
2026-09-11T18:35:00Z,2026-09-11T18:40:00Z,571.875,571.925,571.33,571.45
2026-09-11T18:40:00Z,2026-09-11T18:45:00Z,571.445,571.73,571.215,571.365
2026-09-11T18:45:00Z,2026-09-11T18:50:00Z,571.37,571.49,570.915,570.945
2026-09-11T18:50:00Z,2026-09-11T18:55:00Z,570.9,571.07,570.535,570.575
2026-09-11T18:55:00Z,2026-09-11T19:00:00Z,570.565,571.28,570.565,570.755
2026-09-11T19:00:00Z,2026-09-11T19:05:00Z,570.77,570.79,569.74,569.8
2026-09-11T19:05:00Z,2026-09-11T19:10:00Z,569.82,570.045,569.44,569.505
2026-09-11T19:10:00Z,2026-09-11T19:15:00Z,569.51,569.67,569.075,569.25
2026-09-11T19:15:00Z,2026-09-11T19:20:00Z,569.24,569.745,569.225,569.475
2026-09-11T19:20:00Z,2026-09-11T19:25:00Z,569.49,569.57,568.98,569.34
2026-09-11T19:25:00Z,2026-09-11T19:30:00Z,569.345,569.585,568.68,568.805
2026-09-11T19:30:00Z,2026-09-11T19:35:00Z,568.8,569.06,568.52,568.85
2026-09-11T19:35:00Z,2026-09-11T19:40:00Z,568.845,568.85,568.405,568.595
2026-09-11T19:40:00Z,2026-09-11T19:45:00Z,568.605,569.01,568.57,568.87
2026-09-11T19:45:00Z,2026-09-11T19:50:00Z,568.865,569.18,568.465,568.78
2026-09-11T19:50:00Z,2026-09-11T19:55:00Z,568.78,569.065,568.45,568.74
2026-09-11T19:55:00Z,2026-09-11T20:00:00Z,568.765,568.775,568.075,568.475
2026-09-14T13:30:00Z,2026-09-14T13:35:00Z,540.285,541,537.825,538.015
2026-09-14T13:35:00Z,2026-09-14T13:40:00Z,538.01,538.965,537.77,538.31
2026-09-14T13:40:00Z,2026-09-14T13:45:00Z,538.315,541.245,538.1,541.065
2026-09-14T13:45:00Z,2026-09-14T13:50:00Z,541.06,545.235,540.92,544.865
2026-09-14T13:50:00Z,2026-09-14T13:55:00Z,544.915,545.015,541.935,542.625
2026-09-14T13:55:00Z,2026-09-14T14:00:00Z,542.595,543.465,541.795,542.335
2026-09-14T14:00:00Z,2026-09-14T14:05:00Z,542.325,543.68,542.055,542.675
2026-09-14T14:05:00Z,2026-09-14T14:10:00Z,542.68,544.725,542.545,544.445
2026-09-14T14:10:00Z,2026-09-14T14:15:00Z,544.44,546.25,544.44,545.095
2026-09-14T14:15:00Z,2026-09-14T14:20:00Z,545.1,545.745,543.915,544.785
2026-09-14T14:20:00Z,2026-09-14T14:25:00Z,544.78,544.845,542.895,543.595
2026-09-14T14:25:00Z,2026-09-14T14:30:00Z,543.59,544.02,542.77,543.36
2026-09-14T14:30:00Z,2026-09-14T14:35:00Z,543.34,543.93,542.65,543.385
2026-09-14T14:35:00Z,2026-09-14T14:40:00Z,543.39,543.39,541.005,541.485
2026-09-14T14:40:00Z,2026-09-14T14:45:00Z,541.495,542.07,541.115,542.06
2026-09-14T14:45:00Z,2026-09-14T14:50:00Z,542.04,542.61,541.235,541.585
2026-09-14T14:50:00Z,2026-09-14T14:55:00Z,541.565,541.69,540.365,540.54
2026-09-14T14:55:00Z,2026-09-14T15:00:00Z,540.53,541.025,540.255,540.895
2026-09-14T15:00:00Z,2026-09-14T15:05:00Z,540.9,541.39,539.97,540.045
2026-09-14T15:05:00Z,2026-09-14T15:10:00Z,540.075,542.835,540.03,540.51
2026-09-14T15:10:00Z,2026-09-14T15:15:00Z,540.565,540.855,540.115,540.135
2026-09-14T15:15:00Z,2026-09-14T15:20:00Z,540.13,541.68,540.045,541.35
2026-09-14T15:20:00Z,2026-09-14T15:25:00Z,541.34,542,540.975,541.79
2026-09-14T15:25:00Z,2026-09-14T15:30:00Z,541.795,542.535,541.685,542.255
2026-09-14T15:30:00Z,2026-09-14T15:35:00Z,542.28,544.63,542.1,544.4
2026-09-14T15:35:00Z,2026-09-14T15:40:00Z,544.405,544.885,543.7,544.54
2026-09-14T15:40:00Z,2026-09-14T15:45:00Z,544.54,545.59,544.335,545.11
2026-09-14T15:45:00Z,2026-09-14T15:50:00Z,545.115,545.21,543.945,543.99
2026-09-14T15:50:00Z,2026-09-14T15:55:00Z,543.985,544.37,543.595,544.03
2026-09-14T15:55:00Z,2026-09-14T16:00:00Z,544.025,544.34,543.705,544.055
2026-09-14T16:00:00Z,2026-09-14T16:05:00Z,544.05,544.09,542.82,542.835
2026-09-14T16:05:00Z,2026-09-14T16:10:00Z,542.82,543.02,542.195,542.255
2026-09-14T16:10:00Z,2026-09-14T16:15:00Z,542.26,542.88,542.215,542.515
2026-09-14T16:15:00Z,2026-09-14T16:20:00Z,542.52,544.8,542.515,544.58
2026-09-14T16:20:00Z,2026-09-14T16:25:00Z,544.59,544.855,543.91,544.5
2026-09-14T16:25:00Z,2026-09-14T16:30:00Z,544.505,544.625,543.64,543.845
2026-09-14T16:30:00Z,2026-09-14T16:35:00Z,543.775,543.96,543.4,543.56
2026-09-14T16:35:00Z,2026-09-14T16:40:00Z,543.565,543.76,543.12,543.56
2026-09-14T16:40:00Z,2026-09-14T16:45:00Z,543.57,544.525,543.09,544.52
2026-09-14T16:45:00Z,2026-09-14T16:50:00Z,544.515,545.965,544.21,545.3
2026-09-14T16:50:00Z,2026-09-14T16:55:00Z,545.29,545.81,544.83,544.875
2026-09-14T16:55:00Z,2026-09-14T17:00:00Z,544.88,545.21,544.455,544.85
2026-09-14T17:00:00Z,2026-09-14T17:05:00Z,544.855,545.22,544.345,544.675
2026-09-14T17:05:00Z,2026-09-14T17:10:00Z,544.685,544.945,544.505,544.8
2026-09-14T17:10:00Z,2026-09-14T17:15:00Z,544.805,545.58,544.71,544.825
2026-09-14T17:15:00Z,2026-09-14T17:20:00Z,544.82,545.03,543.95,544.34
2026-09-14T17:20:00Z,2026-09-14T17:25:00Z,544.35,544.83,544.3,544.7
2026-09-14T17:25:00Z,2026-09-14T17:30:00Z,544.71,544.945,544.33,544.935
2026-09-14T17:30:00Z,2026-09-14T17:35:00Z,544.94,544.965,544.385,544.62
2026-09-14T17:35:00Z,2026-09-14T17:40:00Z,544.615,544.73,544.125,544.69
2026-09-14T17:40:00Z,2026-09-14T17:45:00Z,544.7,544.77,544.295,544.635
2026-09-14T17:45:00Z,2026-09-14T17:50:00Z,544.64,545.1,544.635,544.915
2026-09-14T17:50:00Z,2026-09-14T17:55:00Z,544.93,545.35,544.83,545.18
2026-09-14T17:55:00Z,2026-09-14T18:00:00Z,545.185,545.51,545.07,545.11
2026-09-14T18:00:00Z,2026-09-14T18:05:00Z,545.105,545.765,544.855,545.055
2026-09-14T18:05:00Z,2026-09-14T18:10:00Z,545.055,545.475,544.855,545.31
2026-09-14T18:10:00Z,2026-09-14T18:15:00Z,545.315,545.59,545.01,545.535
2026-09-14T18:15:00Z,2026-09-14T18:20:00Z,545.54,545.795,545.395,545.605
2026-09-14T18:20:00Z,2026-09-14T18:25:00Z,545.595,545.81,545.18,545.37
2026-09-14T18:25:00Z,2026-09-14T18:30:00Z,545.365,545.43,544.825,544.975
2026-09-14T18:30:00Z,2026-09-14T18:35:00Z,544.97,545.6,544.94,545.47
2026-09-14T18:35:00Z,2026-09-14T18:40:00Z,545.48,545.715,545.38,545.56
2026-09-14T18:40:00Z,2026-09-14T18:45:00Z,545.555,546.015,545.355,545.83
2026-09-14T18:45:00Z,2026-09-14T18:50:00Z,545.835,546.09,545.425,545.875
2026-09-14T18:50:00Z,2026-09-14T18:55:00Z,545.865,546.24,545.705,546.155
2026-09-14T18:55:00Z,2026-09-14T19:00:00Z,546.16,546.43,545.92,546.37
2026-09-14T19:00:00Z,2026-09-14T19:05:00Z,546.365,546.73,546.26,546.545
2026-09-14T19:05:00Z,2026-09-14T19:10:00Z,546.515,546.625,545.27,545.75
2026-09-14T19:10:00Z,2026-09-14T19:15:00Z,545.76,545.835,544.72,544.905
2026-09-14T19:15:00Z,2026-09-14T19:20:00Z,544.905,544.95,544.445,544.94
2026-09-14T19:20:00Z,2026-09-14T19:25:00Z,544.93,545.025,544.275,544.635
2026-09-14T19:25:00Z,2026-09-14T19:30:00Z,544.61,544.88,544.17,544.215
2026-09-14T19:30:00Z,2026-09-14T19:35:00Z,544.185,544.46,542.995,543.285
2026-09-14T19:35:00Z,2026-09-14T19:40:00Z,543.28,543.285,542.345,542.475
2026-09-14T19:40:00Z,2026-09-14T19:45:00Z,542.485,542.985,542.435,542.845
2026-09-14T19:45:00Z,2026-09-14T19:50:00Z,542.84,543.165,542.42,543.05
2026-09-14T19:50:00Z,2026-09-14T19:55:00Z,543.05,543.05,541.51,542.31
2026-09-14T19:55:00Z,2026-09-14T20:00:00Z,542.29,542.34,540.755,540.765
2026-09-15T13:30:00Z,2026-09-15T13:35:00Z,546.46,548.115,545.035,546.72
2026-09-15T13:35:00Z,2026-09-15T13:40:00Z,546.71,546.905,544.165,544.47
2026-09-15T13:40:00Z,2026-09-15T13:45:00Z,544.455,546.17,544.005,545.745
2026-09-15T13:45:00Z,2026-09-15T13:50:00Z,545.75,547.015,545.59,546.52
2026-09-15T13:50:00Z,2026-09-15T13:55:00Z,546.515,547.38,545.835,546.97
2026-09-15T13:55:00Z,2026-09-15T14:00:00Z,546.985,547.53,546.535,546.81
2026-09-15T14:00:00Z,2026-09-15T14:05:00Z,546.745,547.51,546.24,546.66
2026-09-15T14:05:00Z,2026-09-15T14:10:00Z,546.665,547.555,546.285,546.49
2026-09-15T14:10:00Z,2026-09-15T14:15:00Z,546.525,546.585,544.66,545.025
2026-09-15T14:15:00Z,2026-09-15T14:20:00Z,545.04,545.69,544.895,545.525
2026-09-15T14:20:00Z,2026-09-15T14:25:00Z,545.52,545.69,543.81,545.03
2026-09-15T14:25:00Z,2026-09-15T14:30:00Z,545.04,545.285,544.57,544.97
2026-09-15T14:30:00Z,2026-09-15T14:35:00Z,544.965,545.57,544.095,544.225
2026-09-15T14:35:00Z,2026-09-15T14:40:00Z,544.215,544.51,543.26,543.535
2026-09-15T14:40:00Z,2026-09-15T14:45:00Z,543.52,543.99,542.84,543.98
2026-09-15T14:45:00Z,2026-09-15T14:50:00Z,543.985,544.65,542.97,542.975
2026-09-15T14:50:00Z,2026-09-15T14:55:00Z,542.98,542.995,541.055,542.115
2026-09-15T14:55:00Z,2026-09-15T15:00:00Z,542.095,542.485,541.675,541.925
2026-09-15T15:00:00Z,2026-09-15T15:05:00Z,541.93,543.05,541.68,543.05
2026-09-15T15:05:00Z,2026-09-15T15:10:00Z,543.045,543.195,542.24,542.31
2026-09-15T15:10:00Z,2026-09-15T15:15:00Z,542.3,542.55,541.55,542.155
2026-09-15T15:15:00Z,2026-09-15T15:20:00Z,542.16,542.74,542.09,542.495
2026-09-15T15:20:00Z,2026-09-15T15:25:00Z,542.51,543.115,542.025,542.73
2026-09-15T15:25:00Z,2026-09-15T15:30:00Z,542.735,543.735,542.71,543.48
2026-09-15T15:30:00Z,2026-09-15T15:35:00Z,543.475,543.52,542.475,542.99
2026-09-15T15:35:00Z,2026-09-15T15:40:00Z,542.985,543.29,542.675,542.685
2026-09-15T15:40:00Z,2026-09-15T15:45:00Z,542.69,543.17,542.61,542.78
2026-09-15T15:45:00Z,2026-09-15T15:50:00Z,542.79,542.89,542.125,542.35
2026-09-15T15:50:00Z,2026-09-15T15:55:00Z,542.345,543.335,542.29,542.555
2026-09-15T15:55:00Z,2026-09-15T16:00:00Z,542.55,542.925,541.385,541.4
2026-09-15T16:00:00Z,2026-09-15T16:05:00Z,541.39,542.14,541.335,541.73
2026-09-15T16:05:00Z,2026-09-15T16:10:00Z,541.675,541.84,540.77,540.96
2026-09-15T16:10:00Z,2026-09-15T16:15:00Z,540.955,541.065,540.615,540.815
2026-09-15T16:15:00Z,2026-09-15T16:20:00Z,540.82,541.61,540.7,541.51
2026-09-15T16:20:00Z,2026-09-15T16:25:00Z,541.515,542.19,541.48,542.005
2026-09-15T16:25:00Z,2026-09-15T16:30:00Z,542.01,542.13,541.565,541.68
2026-09-15T16:30:00Z,2026-09-15T16:35:00Z,541.69,541.69,540.9,541.145
2026-09-15T16:35:00Z,2026-09-15T16:40:00Z,541.15,541.335,540.815,541.175
2026-09-15T16:40:00Z,2026-09-15T16:45:00Z,541.185,541.72,541.08,541.56
2026-09-15T16:45:00Z,2026-09-15T16:50:00Z,541.555,541.92,541.24,541.51
2026-09-15T16:50:00Z,2026-09-15T16:55:00Z,541.51,542.075,541.44,541.915
2026-09-15T16:55:00Z,2026-09-15T17:00:00Z,541.92,541.985,540.95,541.16
2026-09-15T17:00:00Z,2026-09-15T17:05:00Z,541.14,541.27,540.34,540.34
2026-09-15T17:05:00Z,2026-09-15T17:10:00Z,540.335,540.765,540.125,540.465
2026-09-15T17:10:00Z,2026-09-15T17:15:00Z,540.46,540.82,540.46,540.485
2026-09-15T17:15:00Z,2026-09-15T17:20:00Z,540.51,541.035,540.495,541.015
2026-09-15T17:20:00Z,2026-09-15T17:25:00Z,541.04,541.31,540.66,540.665
2026-09-15T17:25:00Z,2026-09-15T17:30:00Z,540.665,541.14,540.615,541.14
2026-09-15T17:30:00Z,2026-09-15T17:35:00Z,541.14,541.375,540.955,541
2026-09-15T17:35:00Z,2026-09-15T17:40:00Z,541,541.17,540.69,540.69
2026-09-15T17:40:00Z,2026-09-15T17:45:00Z,540.69,540.85,540.19,540.535
2026-09-15T17:45:00Z,2026-09-15T17:50:00Z,540.535,540.91,540.535,540.875
2026-09-15T17:50:00Z,2026-09-15T17:55:00Z,540.86,541.53,540.76,541.495
2026-09-15T17:55:00Z,2026-09-15T18:00:00Z,541.5,541.895,541.365,541.85
2026-09-15T18:00:00Z,2026-09-15T18:05:00Z,541.86,542.115,541.56,542.05
2026-09-15T18:05:00Z,2026-09-15T18:10:00Z,542.06,542.29,541.855,542.27
2026-09-15T18:10:00Z,2026-09-15T18:15:00Z,542.28,542.295,541.715,541.77
2026-09-15T18:15:00Z,2026-09-15T18:20:00Z,541.78,541.89,541.3,541.52
2026-09-15T18:20:00Z,2026-09-15T18:25:00Z,541.495,541.92,541.46,541.805
2026-09-15T18:25:00Z,2026-09-15T18:30:00Z,541.81,542.38,541.79,542.17
2026-09-15T18:30:00Z,2026-09-15T18:35:00Z,542.165,542.165,541.525,541.585
2026-09-15T18:35:00Z,2026-09-15T18:40:00Z,541.59,541.77,541.1,541.515
2026-09-15T18:40:00Z,2026-09-15T18:45:00Z,541.52,541.635,540.995,541.225
2026-09-15T18:45:00Z,2026-09-15T18:50:00Z,541.23,541.3,540.855,541.005
2026-09-15T18:50:00Z,2026-09-15T18:55:00Z,540.995,541.46,540.935,541.45
2026-09-15T18:55:00Z,2026-09-15T19:00:00Z,541.445,541.72,541.31,541.66
2026-09-15T19:00:00Z,2026-09-15T19:05:00Z,541.65,541.885,541.42,541.585
2026-09-15T19:05:00Z,2026-09-15T19:10:00Z,541.625,541.965,541.57,541.96
2026-09-15T19:10:00Z,2026-09-15T19:15:00Z,541.955,542.09,541.53,541.53
2026-09-15T19:15:00Z,2026-09-15T19:20:00Z,541.6,541.97,541.45,541.96
2026-09-15T19:20:00Z,2026-09-15T19:25:00Z,541.96,541.96,541.52,541.62
2026-09-15T19:25:00Z,2026-09-15T19:30:00Z,541.61,542.22,541.57,541.96
2026-09-15T19:30:00Z,2026-09-15T19:35:00Z,541.945,542.05,541.55,541.69
2026-09-15T19:35:00Z,2026-09-15T19:40:00Z,541.68,541.74,541.43,541.635
2026-09-15T19:40:00Z,2026-09-15T19:45:00Z,541.635,542.215,541.565,541.87
2026-09-15T19:45:00Z,2026-09-15T19:50:00Z,541.87,542.41,541.67,541.82
2026-09-15T19:50:00Z,2026-09-15T19:55:00Z,541.82,541.895,541.295,541.845
2026-09-15T19:55:00Z,2026-09-15T20:00:00Z,541.85,542.21,541.6,542.12
2026-09-16T13:30:00Z,2026-09-16T13:35:00Z,550.145,550.405,548.285,549.51
2026-09-16T13:35:00Z,2026-09-16T13:40:00Z,549.635,550.38,548.71,549.495
2026-09-16T13:40:00Z,2026-09-16T13:45:00Z,549.505,549.995,548.975,549.125
2026-09-16T13:45:00Z,2026-09-16T13:50:00Z,549.13,551.23,549.105,551.1
2026-09-16T13:50:00Z,2026-09-16T13:55:00Z,551.095,551.34,550.295,550.605
2026-09-16T13:55:00Z,2026-09-16T14:00:00Z,550.615,551.755,550.53,551.565
2026-09-16T14:00:00Z,2026-09-16T14:05:00Z,551.59,551.805,550.345,550.595
2026-09-16T14:05:00Z,2026-09-16T14:10:00Z,550.6,551.52,550.075,550.98
2026-09-16T14:10:00Z,2026-09-16T14:15:00Z,551.01,551.43,550.075,550.715
2026-09-16T14:15:00Z,2026-09-16T14:20:00Z,550.75,551.695,550.635,551.28
2026-09-16T14:20:00Z,2026-09-16T14:25:00Z,551.295,551.605,550.93,551.11
2026-09-16T14:25:00Z,2026-09-16T14:30:00Z,551.115,551.24,550.58,551
2026-09-16T14:30:00Z,2026-09-16T14:35:00Z,550.995,551.075,550.285,550.285
2026-09-16T14:35:00Z,2026-09-16T14:40:00Z,550.29,550.57,549.74,550.295
2026-09-16T14:40:00Z,2026-09-16T14:45:00Z,550.28,550.525,549.96,550.49
2026-09-16T14:45:00Z,2026-09-16T14:50:00Z,550.45,550.75,550.025,550.345
2026-09-16T14:50:00Z,2026-09-16T14:55:00Z,550.315,550.735,549.975,550.515
2026-09-16T14:55:00Z,2026-09-16T15:00:00Z,550.525,551.365,550.32,551.32
2026-09-16T15:00:00Z,2026-09-16T15:05:00Z,551.315,551.585,550.96,551.15
2026-09-16T15:05:00Z,2026-09-16T15:10:00Z,551.14,552.39,550.87,552.05
2026-09-16T15:10:00Z,2026-09-16T15:15:00Z,552.06,552.115,551.27,551.595
2026-09-16T15:15:00Z,2026-09-16T15:20:00Z,551.585,551.66,550.675,550.985
2026-09-16T15:20:00Z,2026-09-16T15:25:00Z,550.975,551.765,550.81,551.75
2026-09-16T15:25:00Z,2026-09-16T15:30:00Z,551.75,552.375,551.59,551.635
2026-09-16T15:30:00Z,2026-09-16T15:35:00Z,551.64,551.73,551.185,551.37
2026-09-16T15:35:00Z,2026-09-16T15:40:00Z,551.365,551.795,551.24,551.425
2026-09-16T15:40:00Z,2026-09-16T15:45:00Z,551.42,551.575,551.04,551.39
2026-09-16T15:45:00Z,2026-09-16T15:50:00Z,551.385,553.16,551.255,552.495
2026-09-16T15:50:00Z,2026-09-16T15:55:00Z,552.5,552.68,551.7,551.7
2026-09-16T15:55:00Z,2026-09-16T16:00:00Z,551.68,551.825,551.325,551.335
2026-09-16T16:00:00Z,2026-09-16T16:05:00Z,551.345,551.5,550.79,550.8
2026-09-16T16:05:00Z,2026-09-16T16:10:00Z,550.805,551.34,550.79,551.165
2026-09-16T16:10:00Z,2026-09-16T16:15:00Z,551.16,551.38,550.98,551.37
2026-09-16T16:15:00Z,2026-09-16T16:20:00Z,551.365,551.675,551.33,551.61
2026-09-16T16:20:00Z,2026-09-16T16:25:00Z,551.615,551.615,551.045,551.075
2026-09-16T16:25:00Z,2026-09-16T16:30:00Z,551.07,551.405,551.04,551.305
2026-09-16T16:30:00Z,2026-09-16T16:35:00Z,551.31,551.425,550.68,550.73
2026-09-16T16:35:00Z,2026-09-16T16:40:00Z,550.74,550.975,550.655,550.815
2026-09-16T16:40:00Z,2026-09-16T16:45:00Z,550.81,550.86,550.58,550.6
2026-09-16T16:45:00Z,2026-09-16T16:50:00Z,550.59,551.285,550.59,551.05
2026-09-16T16:50:00Z,2026-09-16T16:55:00Z,551.065,551.22,550.65,551
2026-09-16T16:55:00Z,2026-09-16T17:00:00Z,550.995,551.055,550.735,550.765
2026-09-16T17:00:00Z,2026-09-16T17:05:00Z,550.775,550.8,549.89,550.065
2026-09-16T17:05:00Z,2026-09-16T17:10:00Z,550.06,550.225,549.89,550.205
2026-09-16T17:10:00Z,2026-09-16T17:15:00Z,550.2,550.385,549.93,550.32
2026-09-16T17:15:00Z,2026-09-16T17:20:00Z,550.31,550.37,549.9,550.025
2026-09-16T17:20:00Z,2026-09-16T17:25:00Z,550.02,550.09,549.375,549.48
2026-09-16T17:25:00Z,2026-09-16T17:30:00Z,549.445,549.655,549.34,549.585
2026-09-16T17:30:00Z,2026-09-16T17:35:00Z,549.59,549.78,549.17,549.33
2026-09-16T17:35:00Z,2026-09-16T17:40:00Z,549.335,549.565,549.225,549.23
2026-09-16T17:40:00Z,2026-09-16T17:45:00Z,549.24,549.265,548.63,548.77
2026-09-16T17:45:00Z,2026-09-16T17:50:00Z,548.775,549.41,548.76,549.3
2026-09-16T17:50:00Z,2026-09-16T17:55:00Z,549.32,549.89,549.08,549.77
2026-09-16T17:55:00Z,2026-09-16T18:00:00Z,549.76,551.245,549.74,551.225
2026-09-16T18:00:00Z,2026-09-16T18:05:00Z,551.235,552.32,548.43,551.385
2026-09-16T18:05:00Z,2026-09-16T18:10:00Z,551.395,552.28,550.92,550.975
2026-09-16T18:10:00Z,2026-09-16T18:15:00Z,550.99,551.23,550.07,550.43
2026-09-16T18:15:00Z,2026-09-16T18:20:00Z,550.435,550.435,549.44,549.885
2026-09-16T18:20:00Z,2026-09-16T18:25:00Z,549.895,550.19,549.5,549.59
2026-09-16T18:25:00Z,2026-09-16T18:30:00Z,549.58,549.665,547.875,549.435
2026-09-16T18:30:00Z,2026-09-16T18:35:00Z,549.44,549.86,547.49,547.91
2026-09-16T18:35:00Z,2026-09-16T18:40:00Z,547.89,548.65,546.015,548.125
2026-09-16T18:40:00Z,2026-09-16T18:45:00Z,548.12,550.03,547.83,548.43
2026-09-16T18:45:00Z,2026-09-16T18:50:00Z,548.415,549.32,546.7,546.89
2026-09-16T18:50:00Z,2026-09-16T18:55:00Z,546.895,547.47,544.895,544.945
2026-09-16T18:55:00Z,2026-09-16T19:00:00Z,544.96,545.74,543.18,543.925
2026-09-16T19:00:00Z,2026-09-16T19:05:00Z,543.99,545.325,543.745,544.445
2026-09-16T19:05:00Z,2026-09-16T19:10:00Z,544.47,544.47,541.645,542.405
2026-09-16T19:10:00Z,2026-09-16T19:15:00Z,542.43,542.585,540.605,541.335
2026-09-16T19:15:00Z,2026-09-16T19:20:00Z,541.33,542.275,540.62,541.285
2026-09-16T19:20:00Z,2026-09-16T19:25:00Z,541.28,541.835,540.68,541.465
2026-09-16T19:25:00Z,2026-09-16T19:30:00Z,541.475,542.705,540.425,542.57
2026-09-16T19:30:00Z,2026-09-16T19:35:00Z,542.575,543.94,542.36,543.925
2026-09-16T19:35:00Z,2026-09-16T19:40:00Z,543.945,544.065,542.7,543.995
2026-09-16T19:40:00Z,2026-09-16T19:45:00Z,543.995,544.515,543.09,543.63
2026-09-16T19:45:00Z,2026-09-16T19:50:00Z,543.62,545.105,543.565,544.675
2026-09-16T19:50:00Z,2026-09-16T19:55:00Z,544.68,545.365,543.95,544.345
2026-09-16T19:55:00Z,2026-09-16T20:00:00Z,544.35,545.745,543.93,545.46
2026-09-17T13:30:00Z,2026-09-17T13:35:00Z,560.04,560.635,558.645,558.935
2026-09-17T13:35:00Z,2026-09-17T13:40:00Z,558.935,559.785,557.695,557.755
2026-09-17T13:40:00Z,2026-09-17T13:45:00Z,557.74,559.74,557.625,559.265
2026-09-17T13:45:00Z,2026-09-17T13:50:00Z,559.26,560.415,558.985,559.7
2026-09-17T13:50:00Z,2026-09-17T13:55:00Z,559.715,561.725,559.49,560.955
2026-09-17T13:55:00Z,2026-09-17T14:00:00Z,560.95,561.295,560.12,561.04
2026-09-17T14:00:00Z,2026-09-17T14:05:00Z,560.96,561.18,559.45,559.96
2026-09-17T14:05:00Z,2026-09-17T14:10:00Z,559.965,560.42,558.98,559.63
2026-09-17T14:10:00Z,2026-09-17T14:15:00Z,559.61,561.25,559.51,561.02
2026-09-17T14:15:00Z,2026-09-17T14:20:00Z,561.025,561.555,560.635,560.935
2026-09-17T14:20:00Z,2026-09-17T14:25:00Z,560.915,560.935,560.305,560.43
2026-09-17T14:25:00Z,2026-09-17T14:30:00Z,560.425,560.735,559.91,559.965
2026-09-17T14:30:00Z,2026-09-17T14:35:00Z,559.965,560.685,559.51,560.45
2026-09-17T14:35:00Z,2026-09-17T14:40:00Z,560.51,560.58,560.02,560.16
2026-09-17T14:40:00Z,2026-09-17T14:45:00Z,560.165,560.53,559.715,559.865
2026-09-17T14:45:00Z,2026-09-17T14:50:00Z,559.885,559.91,559.22,559.52
2026-09-17T14:50:00Z,2026-09-17T14:55:00Z,559.54,559.655,558.455,558.91
2026-09-17T14:55:00Z,2026-09-17T15:00:00Z,558.895,559.635,558.675,559.155
2026-09-17T15:00:00Z,2026-09-17T15:05:00Z,559.175,559.735,558.7,559.615
2026-09-17T15:05:00Z,2026-09-17T15:10:00Z,559.605,560.22,559.21,559.9
2026-09-17T15:10:00Z,2026-09-17T15:15:00Z,559.89,559.895,559.115,559.57
2026-09-17T15:15:00Z,2026-09-17T15:20:00Z,559.56,559.56,559.02,559.11
2026-09-17T15:20:00Z,2026-09-17T15:25:00Z,559.115,559.53,558.875,559.445
2026-09-17T15:25:00Z,2026-09-17T15:30:00Z,559.46,559.96,559.435,559.775
2026-09-17T15:30:00Z,2026-09-17T15:35:00Z,559.78,559.985,559.33,559.495
2026-09-17T15:35:00Z,2026-09-17T15:40:00Z,559.475,559.725,559.42,559.54
2026-09-17T15:40:00Z,2026-09-17T15:45:00Z,559.53,560.05,559.51,559.71
2026-09-17T15:45:00Z,2026-09-17T15:50:00Z,559.69,559.94,559.595,559.94
2026-09-17T15:50:00Z,2026-09-17T15:55:00Z,559.905,559.985,559.435,559.47
2026-09-17T15:55:00Z,2026-09-17T16:00:00Z,559.48,559.925,559.425,559.86
2026-09-17T16:00:00Z,2026-09-17T16:05:00Z,559.905,560.085,559.68,559.78
2026-09-17T16:05:00Z,2026-09-17T16:10:00Z,559.79,560.24,559.65,560.22
2026-09-17T16:10:00Z,2026-09-17T16:15:00Z,560.21,560.47,560.14,560.47
2026-09-17T16:15:00Z,2026-09-17T16:20:00Z,560.455,560.655,560.2,560.6
2026-09-17T16:20:00Z,2026-09-17T16:25:00Z,560.59,560.84,560.315,560.68
2026-09-17T16:25:00Z,2026-09-17T16:30:00Z,560.675,560.75,560.31,560.75
2026-09-17T16:30:00Z,2026-09-17T16:35:00Z,560.745,560.885,560.2,560.33
2026-09-17T16:35:00Z,2026-09-17T16:40:00Z,560.335,560.58,560.145,560.21
2026-09-17T16:40:00Z,2026-09-17T16:45:00Z,560.22,560.615,560.095,560.47
2026-09-17T16:45:00Z,2026-09-17T16:50:00Z,560.475,560.695,560.31,560.525
2026-09-17T16:50:00Z,2026-09-17T16:55:00Z,560.52,560.74,560.4,560.645
2026-09-17T16:55:00Z,2026-09-17T17:00:00Z,560.635,560.71,559.71,560.625
2026-09-17T17:00:00Z,2026-09-17T17:05:00Z,560.63,561.225,560.565,561.04
2026-09-17T17:05:00Z,2026-09-17T17:10:00Z,561.045,561.53,561.005,561.18
2026-09-17T17:10:00Z,2026-09-17T17:15:00Z,561.175,561.18,560.555,560.63
2026-09-17T17:15:00Z,2026-09-17T17:20:00Z,560.62,560.96,560.54,560.845
2026-09-17T17:20:00Z,2026-09-17T17:25:00Z,560.85,560.95,560.63,560.77
2026-09-17T17:25:00Z,2026-09-17T17:30:00Z,560.795,561.105,560.735,560.87
2026-09-17T17:30:00Z,2026-09-17T17:35:00Z,560.875,560.97,560.56,560.925
2026-09-17T17:35:00Z,2026-09-17T17:40:00Z,560.93,561.125,560.7,560.735
2026-09-17T17:40:00Z,2026-09-17T17:45:00Z,560.725,561.345,560.725,561.325
2026-09-17T17:45:00Z,2026-09-17T17:50:00Z,561.315,561.44,561.245,561.27
2026-09-17T17:50:00Z,2026-09-17T17:55:00Z,561.26,561.32,561.04,561.135
2026-09-17T17:55:00Z,2026-09-17T18:00:00Z,561.125,561.305,561.1,561.295
2026-09-17T18:00:00Z,2026-09-17T18:05:00Z,561.305,561.4,561.065,561.26
2026-09-17T18:05:00Z,2026-09-17T18:10:00Z,561.28,561.48,561.05,561.16
2026-09-17T18:10:00Z,2026-09-17T18:15:00Z,561.165,561.45,561.06,561.33
2026-09-17T18:15:00Z,2026-09-17T18:20:00Z,561.315,561.505,561.255,561.485
2026-09-17T18:20:00Z,2026-09-17T18:25:00Z,561.485,561.54,561.055,561.255
2026-09-17T18:25:00Z,2026-09-17T18:30:00Z,561.25,561.43,561.21,561.255
2026-09-17T18:30:00Z,2026-09-17T18:35:00Z,561.26,561.63,561.17,561.205
2026-09-17T18:35:00Z,2026-09-17T18:40:00Z,561.21,561.245,560.82,560.905
2026-09-17T18:40:00Z,2026-09-17T18:45:00Z,560.88,561.015,560.72,560.975
2026-09-17T18:45:00Z,2026-09-17T18:50:00Z,560.97,561.27,560.89,561.015
2026-09-17T18:50:00Z,2026-09-17T18:55:00Z,561.005,561.12,560.665,560.755
2026-09-17T18:55:00Z,2026-09-17T19:00:00Z,560.75,561.075,560.735,561.025
2026-09-17T19:00:00Z,2026-09-17T19:05:00Z,561.015,561.21,560.885,561
2026-09-17T19:05:00Z,2026-09-17T19:10:00Z,561.01,561.395,560.885,561.075
2026-09-17T19:10:00Z,2026-09-17T19:15:00Z,561.08,561.23,560.93,560.97
2026-09-17T19:15:00Z,2026-09-17T19:20:00Z,560.965,561.43,560.965,561.265
2026-09-17T19:20:00Z,2026-09-17T19:25:00Z,561.26,561.36,560.94,560.95
2026-09-17T19:25:00Z,2026-09-17T19:30:00Z,560.97,561.105,560.605,560.68
2026-09-17T19:30:00Z,2026-09-17T19:35:00Z,560.685,561.6,560.65,561.32
2026-09-17T19:35:00Z,2026-09-17T19:40:00Z,561.31,561.56,561.3,561.525
2026-09-17T19:40:00Z,2026-09-17T19:45:00Z,561.52,561.555,560.66,561.015
2026-09-17T19:45:00Z,2026-09-17T19:50:00Z,561.035,561.085,560.74,561.005
2026-09-17T19:50:00Z,2026-09-17T19:55:00Z,561.01,561.475,560.59,560.66
2026-09-17T19:55:00Z,2026-09-17T20:00:00Z,560.65,561.185,560.38,560.575
2026-09-18T13:30:00Z,2026-09-18T13:35:00Z,563.76,565.1,563.34,563.97
2026-09-18T13:35:00Z,2026-09-18T13:40:00Z,563.955,566.04,563.755,565.925
2026-09-18T13:40:00Z,2026-09-18T13:45:00Z,565.935,567.36,565.11,566.815
2026-09-18T13:45:00Z,2026-09-18T13:50:00Z,566.78,567.605,565.755,565.91
2026-09-18T13:50:00Z,2026-09-18T13:55:00Z,565.89,566.045,565.105,565.545
2026-09-18T13:55:00Z,2026-09-18T14:00:00Z,565.555,565.61,564.58,565.07
2026-09-18T14:00:00Z,2026-09-18T14:05:00Z,565.085,565.54,563.775,563.875
2026-09-18T14:05:00Z,2026-09-18T14:10:00Z,563.87,565.205,563.345,565.2
2026-09-18T14:10:00Z,2026-09-18T14:15:00Z,565.195,566.385,565.12,566.09
2026-09-18T14:15:00Z,2026-09-18T14:20:00Z,566.1,566.21,565.415,565.925
2026-09-18T14:20:00Z,2026-09-18T14:25:00Z,565.92,566.51,565.56,566.215
2026-09-18T14:25:00Z,2026-09-18T14:30:00Z,566.14,566.16,565.555,565.57
2026-09-18T14:30:00Z,2026-09-18T14:35:00Z,565.615,565.885,565.41,565.54
2026-09-18T14:35:00Z,2026-09-18T14:40:00Z,565.545,565.775,564.915,565.28
2026-09-18T14:40:00Z,2026-09-18T14:45:00Z,565.275,565.345,564.145,564.28
2026-09-18T14:45:00Z,2026-09-18T14:50:00Z,564.295,565.085,564.08,564.96
2026-09-18T14:50:00Z,2026-09-18T14:55:00Z,564.955,565.505,564.82,565.165
2026-09-18T14:55:00Z,2026-09-18T15:00:00Z,565.19,565.345,564.6,564.915
2026-09-18T15:00:00Z,2026-09-18T15:05:00Z,564.925,565.22,564.38,564.475
2026-09-18T15:05:00Z,2026-09-18T15:10:00Z,564.48,565.165,564.45,564.81
2026-09-18T15:10:00Z,2026-09-18T15:15:00Z,564.8,564.825,564.13,564.63
2026-09-18T15:15:00Z,2026-09-18T15:20:00Z,564.66,565.17,564.535,564.95
2026-09-18T15:20:00Z,2026-09-18T15:25:00Z,564.955,565.405,564.67,565.135
2026-09-18T15:25:00Z,2026-09-18T15:30:00Z,565.13,565.815,565.04,565.685
2026-09-18T15:30:00Z,2026-09-18T15:35:00Z,565.69,565.88,565.145,565.54
2026-09-18T15:35:00Z,2026-09-18T15:40:00Z,565.535,565.655,564.915,565.045
2026-09-18T15:40:00Z,2026-09-18T15:45:00Z,565.035,565.055,564.6,564.92
2026-09-18T15:45:00Z,2026-09-18T15:50:00Z,564.945,565.275,564.645,565.135
2026-09-18T15:50:00Z,2026-09-18T15:55:00Z,565.135,565.4,564.6,564.64
2026-09-18T15:55:00Z,2026-09-18T16:00:00Z,564.645,564.745,564.175,564.285
2026-09-18T16:00:00Z,2026-09-18T16:05:00Z,564.275,564.295,563.855,563.895
2026-09-18T16:05:00Z,2026-09-18T16:10:00Z,563.905,564.38,563.895,563.935
2026-09-18T16:10:00Z,2026-09-18T16:15:00Z,563.91,564.075,563.64,563.905
2026-09-18T16:15:00Z,2026-09-18T16:20:00Z,563.92,564.435,563.885,564.395
2026-09-18T16:20:00Z,2026-09-18T16:25:00Z,564.4,564.585,563.15,563.215
2026-09-18T16:25:00Z,2026-09-18T16:30:00Z,563.225,563.65,562.725,563.585
2026-09-18T16:30:00Z,2026-09-18T16:35:00Z,563.58,564.34,563.4,564.2
2026-09-18T16:35:00Z,2026-09-18T16:40:00Z,564.21,564.34,563.845,563.965
2026-09-18T16:40:00Z,2026-09-18T16:45:00Z,563.965,564.085,563.735,563.965
2026-09-18T16:45:00Z,2026-09-18T16:50:00Z,563.975,563.98,563.44,563.655
2026-09-18T16:50:00Z,2026-09-18T16:55:00Z,563.65,563.91,563.565,563.845
2026-09-18T16:55:00Z,2026-09-18T17:00:00Z,563.84,564.13,563.76,564.11
2026-09-18T17:00:00Z,2026-09-18T17:05:00Z,564.115,564.42,563.955,564.155
2026-09-18T17:05:00Z,2026-09-18T17:10:00Z,564.165,564.65,564.08,564.555
2026-09-18T17:10:00Z,2026-09-18T17:15:00Z,564.56,564.565,564.265,564.56
2026-09-18T17:15:00Z,2026-09-18T17:20:00Z,564.565,564.87,564.48,564.7
2026-09-18T17:20:00Z,2026-09-18T17:25:00Z,564.69,564.755,564.455,564.545
2026-09-18T17:25:00Z,2026-09-18T17:30:00Z,564.54,564.835,564.515,564.735
2026-09-18T17:30:00Z,2026-09-18T17:35:00Z,564.73,564.75,564.465,564.59
2026-09-18T17:35:00Z,2026-09-18T17:40:00Z,564.595,564.86,564.595,564.705
2026-09-18T17:40:00Z,2026-09-18T17:45:00Z,564.695,564.845,564.525,564.835
2026-09-18T17:45:00Z,2026-09-18T17:50:00Z,564.84,564.84,564.565,564.79
2026-09-18T17:50:00Z,2026-09-18T17:55:00Z,564.795,564.845,564.555,564.57
2026-09-18T17:55:00Z,2026-09-18T18:00:00Z,564.565,564.805,564.545,564.65
2026-09-18T18:00:00Z,2026-09-18T18:05:00Z,564.64,564.705,564.415,564.5
2026-09-18T18:05:00Z,2026-09-18T18:10:00Z,564.48,564.55,564.27,564.325
2026-09-18T18:10:00Z,2026-09-18T18:15:00Z,564.31,564.375,564.08,564.23
2026-09-18T18:15:00Z,2026-09-18T18:20:00Z,564.22,564.49,564.22,564.46
2026-09-18T18:20:00Z,2026-09-18T18:25:00Z,564.46,565.085,564.43,564.62
2026-09-18T18:25:00Z,2026-09-18T18:30:00Z,564.625,564.67,564.19,564.4
2026-09-18T18:30:00Z,2026-09-18T18:35:00Z,564.405,564.42,564.115,564.31
2026-09-18T18:35:00Z,2026-09-18T18:40:00Z,564.34,564.42,564.1,564.37
2026-09-18T18:40:00Z,2026-09-18T18:45:00Z,564.375,564.545,564.255,564.515
2026-09-18T18:45:00Z,2026-09-18T18:50:00Z,564.525,564.985,564.475,564.865
2026-09-18T18:50:00Z,2026-09-18T18:55:00Z,564.86,565.49,564.785,565.21
2026-09-18T18:55:00Z,2026-09-18T19:00:00Z,565.215,565.44,565.085,565.16
2026-09-18T19:00:00Z,2026-09-18T19:05:00Z,565.155,565.82,565.155,565.715
2026-09-18T19:05:00Z,2026-09-18T19:10:00Z,565.71,565.955,565.4,565.595
2026-09-18T19:10:00Z,2026-09-18T19:15:00Z,565.6,565.925,565.37,565.58
2026-09-18T19:15:00Z,2026-09-18T19:20:00Z,565.575,565.99,565.495,565.95
2026-09-18T19:20:00Z,2026-09-18T19:25:00Z,565.985,566.055,565.67,565.73
2026-09-18T19:25:00Z,2026-09-18T19:30:00Z,565.745,565.795,565.56,565.71
2026-09-18T19:30:00Z,2026-09-18T19:35:00Z,565.715,566.005,565.245,566
2026-09-18T19:35:00Z,2026-09-18T19:40:00Z,566.005,566.725,565.92,566.525
2026-09-18T19:40:00Z,2026-09-18T19:45:00Z,566.52,566.99,566.48,566.975
2026-09-18T19:45:00Z,2026-09-18T19:50:00Z,566.965,567.15,566.69,566.97
2026-09-18T19:50:00Z,2026-09-18T19:55:00Z,566.965,569.535,566.965,569.495
2026-09-18T19:55:00Z,2026-09-18T20:00:00Z,569.485,572.87,569.485,572.725
2026-09-21T13:30:00Z,2026-09-21T13:35:00Z,581.895,582.765,578.55,580.4
2026-09-21T13:35:00Z,2026-09-21T13:40:00Z,580.42,583.505,579.825,583.225
2026-09-21T13:40:00Z,2026-09-21T13:45:00Z,583.24,584.445,583.055,583.625
2026-09-21T13:45:00Z,2026-09-21T13:50:00Z,583.63,585.29,583.63,584.64
2026-09-21T13:50:00Z,2026-09-21T13:55:00Z,584.65,585.21,584.445,585.03
2026-09-21T13:55:00Z,2026-09-21T14:00:00Z,585.04,585.04,584.175,584.245
2026-09-21T14:00:00Z,2026-09-21T14:05:00Z,584.245,584.925,583.825,583.975
2026-09-21T14:05:00Z,2026-09-21T14:10:00Z,583.96,584.1,582.665,582.86
2026-09-21T14:10:00Z,2026-09-21T14:15:00Z,582.855,584.725,582.855,584.67
2026-09-21T14:15:00Z,2026-09-21T14:20:00Z,584.695,585.345,584.525,585.03
2026-09-21T14:20:00Z,2026-09-21T14:25:00Z,585.04,585.975,584.43,585.955
2026-09-21T14:25:00Z,2026-09-21T14:30:00Z,585.965,586.8,585.74,586.535
2026-09-21T14:30:00Z,2026-09-21T14:35:00Z,586.545,587.035,586.45,586.685
2026-09-21T14:35:00Z,2026-09-21T14:40:00Z,586.69,587.84,586.69,587.21
2026-09-21T14:40:00Z,2026-09-21T14:45:00Z,587.215,587.295,586.45,587.11
2026-09-21T14:45:00Z,2026-09-21T14:50:00Z,587.09,587.295,586.785,586.795
2026-09-21T14:50:00Z,2026-09-21T14:55:00Z,586.785,586.975,586.145,586.975
2026-09-21T14:55:00Z,2026-09-21T15:00:00Z,586.95,588.315,586.77,588.215
2026-09-21T15:00:00Z,2026-09-21T15:05:00Z,588.22,590.115,588.19,590.09
2026-09-21T15:05:00Z,2026-09-21T15:10:00Z,590.095,590.59,589.54,590.29
2026-09-21T15:10:00Z,2026-09-21T15:15:00Z,590.28,591.08,590.1,590.87
2026-09-21T15:15:00Z,2026-09-21T15:20:00Z,590.88,591.02,590.19,590.385
2026-09-21T15:20:00Z,2026-09-21T15:25:00Z,590.4,590.5,589.98,590.39
2026-09-21T15:25:00Z,2026-09-21T15:30:00Z,590.385,591.205,590.3,591.165
2026-09-21T15:30:00Z,2026-09-21T15:35:00Z,591.175,591.465,590.94,590.98
2026-09-21T15:35:00Z,2026-09-21T15:40:00Z,590.96,591.795,590.93,591.665
2026-09-21T15:40:00Z,2026-09-21T15:45:00Z,591.67,591.8,590.985,591.23
2026-09-21T15:45:00Z,2026-09-21T15:50:00Z,591.24,591.41,590.99,591.095
2026-09-21T15:50:00Z,2026-09-21T15:55:00Z,591.125,591.21,590.45,590.51
2026-09-21T15:55:00Z,2026-09-21T16:00:00Z,590.505,590.635,590.11,590.54
2026-09-21T16:00:00Z,2026-09-21T16:05:00Z,590.545,590.88,589.97,590.86
2026-09-21T16:05:00Z,2026-09-21T16:10:00Z,590.87,591.305,590.59,591.125
2026-09-21T16:10:00Z,2026-09-21T16:15:00Z,591.13,591.645,591.04,591.3
2026-09-21T16:15:00Z,2026-09-21T16:20:00Z,591.34,591.525,591.03,591.35
2026-09-21T16:20:00Z,2026-09-21T16:25:00Z,591.355,591.835,591.13,591.83
2026-09-21T16:25:00Z,2026-09-21T16:30:00Z,591.84,592.41,591.68,592.18
2026-09-21T16:30:00Z,2026-09-21T16:35:00Z,592.175,593.285,592.165,593.21
2026-09-21T16:35:00Z,2026-09-21T16:40:00Z,593.22,593.385,592.27,592.47
2026-09-21T16:40:00Z,2026-09-21T16:45:00Z,592.46,592.9,592.37,592.415
2026-09-21T16:45:00Z,2026-09-21T16:50:00Z,592.425,592.935,592.42,592.74
2026-09-21T16:50:00Z,2026-09-21T16:55:00Z,592.735,592.94,592.49,592.93
2026-09-21T16:55:00Z,2026-09-21T17:00:00Z,592.925,593.375,592.88,593.34
2026-09-21T17:00:00Z,2026-09-21T17:05:00Z,593.32,593.645,593.295,593.585
2026-09-21T17:05:00Z,2026-09-21T17:10:00Z,593.59,593.77,593.13,593.23
2026-09-21T17:10:00Z,2026-09-21T17:15:00Z,593.24,593.36,592.93,593.17
2026-09-21T17:15:00Z,2026-09-21T17:20:00Z,593.155,593.24,592.67,592.9
2026-09-21T17:20:00Z,2026-09-21T17:25:00Z,592.91,592.98,591.95,592.005
2026-09-21T17:25:00Z,2026-09-21T17:30:00Z,592.02,592.74,591.77,592.705
2026-09-21T17:30:00Z,2026-09-21T17:35:00Z,592.71,593.105,592.505,592.55
2026-09-21T17:35:00Z,2026-09-21T17:40:00Z,592.555,593.035,592.41,592.945
2026-09-21T17:40:00Z,2026-09-21T17:45:00Z,592.955,593.165,592.85,593.165
2026-09-21T17:45:00Z,2026-09-21T17:50:00Z,593.165,593.78,593.165,593.595
2026-09-21T17:50:00Z,2026-09-21T17:55:00Z,593.6,593.865,593.51,593.735
2026-09-21T17:55:00Z,2026-09-21T18:00:00Z,593.725,593.78,593.275,593.365
2026-09-21T18:00:00Z,2026-09-21T18:05:00Z,593.37,593.98,593.365,593.98
2026-09-21T18:05:00Z,2026-09-21T18:10:00Z,593.975,594.09,593.645,593.695
2026-09-21T18:10:00Z,2026-09-21T18:15:00Z,593.69,594.315,593.68,594.265
2026-09-21T18:15:00Z,2026-09-21T18:20:00Z,594.26,594.55,594.065,594.47
2026-09-21T18:20:00Z,2026-09-21T18:25:00Z,594.46,594.83,594.415,594.685
2026-09-21T18:25:00Z,2026-09-21T18:30:00Z,594.69,594.71,594.315,594.71
2026-09-21T18:30:00Z,2026-09-21T18:35:00Z,594.715,594.96,594.37,594.485
2026-09-21T18:35:00Z,2026-09-21T18:40:00Z,594.495,595.27,594.495,595.26
2026-09-21T18:40:00Z,2026-09-21T18:45:00Z,595.265,595.275,594.925,595.165
2026-09-21T18:45:00Z,2026-09-21T18:50:00Z,595.195,595.48,595.13,595.435
2026-09-21T18:50:00Z,2026-09-21T18:55:00Z,595.42,595.99,595.315,595.89
2026-09-21T18:55:00Z,2026-09-21T19:00:00Z,595.88,595.93,595.435,595.8
2026-09-21T19:00:00Z,2026-09-21T19:05:00Z,595.795,596.13,595.395,595.43
2026-09-21T19:05:00Z,2026-09-21T19:10:00Z,595.445,596.18,595.395,595.78
2026-09-21T19:10:00Z,2026-09-21T19:15:00Z,595.79,596.5,595.61,596.495
2026-09-21T19:15:00Z,2026-09-21T19:20:00Z,596.485,597.055,596.44,596.94
2026-09-21T19:20:00Z,2026-09-21T19:25:00Z,596.935,597.14,596.555,596.6
2026-09-21T19:25:00Z,2026-09-21T19:30:00Z,596.61,596.73,596.25,596.255
2026-09-21T19:30:00Z,2026-09-21T19:35:00Z,596.25,597.415,596.13,597.345
2026-09-21T19:35:00Z,2026-09-21T19:40:00Z,597.345,598.48,597.3,598.415
2026-09-21T19:40:00Z,2026-09-21T19:45:00Z,598.42,598.62,597.77,597.86
2026-09-21T19:45:00Z,2026-09-21T19:50:00Z,597.87,597.91,597.095,597.345
2026-09-21T19:50:00Z,2026-09-21T19:55:00Z,597.355,597.445,596.525,596.78
2026-09-21T19:55:00Z,2026-09-21T20:00:00Z,596.735,597.37,595.905,596.135
2026-09-22T13:30:00Z,2026-09-22T13:35:00Z,591.26,596.76,591.17,596.76
2026-09-22T13:35:00Z,2026-09-22T13:40:00Z,596.765,597.975,595.995,596.75
2026-09-22T13:40:00Z,2026-09-22T13:45:00Z,596.735,598.345,596.585,597.635
2026-09-22T13:45:00Z,2026-09-22T13:50:00Z,597.62,597.88,596.56,596.98
2026-09-22T13:50:00Z,2026-09-22T13:55:00Z,596.97,599.325,596.925,599.3
2026-09-22T13:55:00Z,2026-09-22T14:00:00Z,599.295,600.195,598.34,600.145
2026-09-22T14:00:00Z,2026-09-22T14:05:00Z,600.15,600.24,598.76,599.45
2026-09-22T14:05:00Z,2026-09-22T14:10:00Z,599.435,600.08,598.99,599.96
2026-09-22T14:10:00Z,2026-09-22T14:15:00Z,599.955,601.845,599.88,601.195
2026-09-22T14:15:00Z,2026-09-22T14:20:00Z,601.19,601.36,600.54,600.94
2026-09-22T14:20:00Z,2026-09-22T14:25:00Z,600.935,601.325,600.165,601.195
2026-09-22T14:25:00Z,2026-09-22T14:30:00Z,601.175,602.31,600.745,601.995
2026-09-22T14:30:00Z,2026-09-22T14:35:00Z,601.99,603.685,601.835,603.565
2026-09-22T14:35:00Z,2026-09-22T14:40:00Z,603.575,603.585,601.25,601.49
2026-09-22T14:40:00Z,2026-09-22T14:45:00Z,601.47,601.68,599.45,599.945
2026-09-22T14:45:00Z,2026-09-22T14:50:00Z,599.935,600.47,598.41,600.44
2026-09-22T14:50:00Z,2026-09-22T14:55:00Z,600.415,600.795,599.635,600.52
2026-09-22T14:55:00Z,2026-09-22T15:00:00Z,600.56,600.785,599.88,600.485
2026-09-22T15:00:00Z,2026-09-22T15:05:00Z,600.495,600.95,600.125,600.435
2026-09-22T15:05:00Z,2026-09-22T15:10:00Z,600.48,601.12,600.3,600.445
2026-09-22T15:10:00Z,2026-09-22T15:15:00Z,600.5,601.88,600.5,601.7
2026-09-22T15:15:00Z,2026-09-22T15:20:00Z,601.705,601.81,601.05,601.73
2026-09-22T15:20:00Z,2026-09-22T15:25:00Z,601.725,601.835,601.185,601.445
2026-09-22T15:25:00Z,2026-09-22T15:30:00Z,601.44,601.75,601.12,601.365
2026-09-22T15:30:00Z,2026-09-22T15:35:00Z,601.375,601.645,601.095,601.495
2026-09-22T15:35:00Z,2026-09-22T15:40:00Z,601.49,601.68,600.995,601.28
2026-09-22T15:40:00Z,2026-09-22T15:45:00Z,601.285,601.49,600.995,601.355
2026-09-22T15:45:00Z,2026-09-22T15:50:00Z,601.345,602.075,601.295,601.7
2026-09-22T15:50:00Z,2026-09-22T15:55:00Z,601.705,602.27,601.64,601.815
2026-09-22T15:55:00Z,2026-09-22T16:00:00Z,601.81,602.4,601.655,602.325
2026-09-22T16:00:00Z,2026-09-22T16:05:00Z,602.34,602.485,602.055,602.365
2026-09-22T16:05:00Z,2026-09-22T16:10:00Z,602.36,603.19,602.26,602.765
2026-09-22T16:10:00Z,2026-09-22T16:15:00Z,602.73,603.06,602.53,602.945
2026-09-22T16:15:00Z,2026-09-22T16:20:00Z,602.935,603.02,602.425,602.58
2026-09-22T16:20:00Z,2026-09-22T16:25:00Z,602.585,603.075,602.075,602.19
2026-09-22T16:25:00Z,2026-09-22T16:30:00Z,602.18,602.535,601.345,601.39
2026-09-22T16:30:00Z,2026-09-22T16:35:00Z,601.395,602.435,601.395,602.35
2026-09-22T16:35:00Z,2026-09-22T16:40:00Z,602.345,602.495,602.005,602.2
2026-09-22T16:40:00Z,2026-09-22T16:45:00Z,602.185,602.65,602.13,602.565
2026-09-22T16:45:00Z,2026-09-22T16:50:00Z,602.56,603.46,602.43,603.38
2026-09-22T16:50:00Z,2026-09-22T16:55:00Z,603.385,603.81,603.235,603.66
2026-09-22T16:55:00Z,2026-09-22T17:00:00Z,603.655,603.985,603.55,603.95
2026-09-22T17:00:00Z,2026-09-22T17:05:00Z,603.94,604.29,603.8,604.125
2026-09-22T17:05:00Z,2026-09-22T17:10:00Z,604.12,604.535,603.995,604.2
2026-09-22T17:10:00Z,2026-09-22T17:15:00Z,604.21,604.395,603.91,603.95
2026-09-22T17:15:00Z,2026-09-22T17:20:00Z,603.94,603.95,603.55,603.715
2026-09-22T17:20:00Z,2026-09-22T17:25:00Z,603.7,603.72,602.93,603.18
2026-09-22T17:25:00Z,2026-09-22T17:30:00Z,603.185,603.79,603.09,603.72
2026-09-22T17:30:00Z,2026-09-22T17:35:00Z,603.71,603.735,602.95,603.33
2026-09-22T17:35:00Z,2026-09-22T17:40:00Z,603.34,603.535,603.03,603.165
2026-09-22T17:40:00Z,2026-09-22T17:45:00Z,603.16,603.56,602.815,603.41
2026-09-22T17:45:00Z,2026-09-22T17:50:00Z,603.42,603.655,603.31,603.52
2026-09-22T17:50:00Z,2026-09-22T17:55:00Z,603.53,604.97,603.39,604.64
2026-09-22T17:55:00Z,2026-09-22T18:00:00Z,604.635,604.76,604.03,604.625
2026-09-22T18:00:00Z,2026-09-22T18:05:00Z,604.62,604.645,603.33,604.285
2026-09-22T18:05:00Z,2026-09-22T18:10:00Z,604.295,604.935,604.235,604.895
2026-09-22T18:10:00Z,2026-09-22T18:15:00Z,604.855,605.24,604.81,604.875
2026-09-22T18:15:00Z,2026-09-22T18:20:00Z,604.88,605.435,604.88,605.28
2026-09-22T18:20:00Z,2026-09-22T18:25:00Z,605.27,605.645,605.23,605.465
2026-09-22T18:25:00Z,2026-09-22T18:30:00Z,605.47,605.675,605.345,605.56
2026-09-22T18:30:00Z,2026-09-22T18:35:00Z,605.57,605.715,605.175,605.21
2026-09-22T18:35:00Z,2026-09-22T18:40:00Z,605.22,605.36,604.73,604.95
2026-09-22T18:40:00Z,2026-09-22T18:45:00Z,604.96,605.165,604.645,605.09
2026-09-22T18:45:00Z,2026-09-22T18:50:00Z,605.08,605.18,604.79,605.02
2026-09-22T18:50:00Z,2026-09-22T18:55:00Z,605.025,605.21,604.86,605.05
2026-09-22T18:55:00Z,2026-09-22T19:00:00Z,605.04,605.305,604.88,605.05
2026-09-22T19:00:00Z,2026-09-22T19:05:00Z,605.03,606.02,605.025,606
2026-09-22T19:05:00Z,2026-09-22T19:10:00Z,605.96,606.32,605.935,606.25
2026-09-22T19:10:00Z,2026-09-22T19:15:00Z,606.265,606.475,605.9,606.31
2026-09-22T19:15:00Z,2026-09-22T19:20:00Z,606.315,606.68,606.29,606.51
2026-09-22T19:20:00Z,2026-09-22T19:25:00Z,606.515,606.545,605.635,605.705
2026-09-22T19:25:00Z,2026-09-22T19:30:00Z,605.71,606.41,605.675,606.01
2026-09-22T19:30:00Z,2026-09-22T19:35:00Z,605.995,606.985,605.94,606.91
2026-09-22T19:35:00Z,2026-09-22T19:40:00Z,606.915,607.485,606.65,607.4
2026-09-22T19:40:00Z,2026-09-22T19:45:00Z,607.405,607.45,606.755,607.08
2026-09-22T19:45:00Z,2026-09-22T19:50:00Z,607.085,607.75,607.03,607.665
2026-09-22T19:50:00Z,2026-09-22T19:55:00Z,607.67,608.655,607.275,607.53
2026-09-22T19:55:00Z,2026-09-22T20:00:00Z,607.5,607.9,607.3,607.56
2026-09-23T13:30:00Z,2026-09-23T13:35:00Z,604.68,606.335,602.765,603.6
2026-09-23T13:35:00Z,2026-09-23T13:40:00Z,603.625,605.195,601.56,602.2
2026-09-23T13:40:00Z,2026-09-23T13:45:00Z,602.23,602.26,600.82,601.84
2026-09-23T13:45:00Z,2026-09-23T13:50:00Z,601.76,602.235,599.105,599.455
2026-09-23T13:50:00Z,2026-09-23T13:55:00Z,599.555,599.71,597.88,599.255
2026-09-23T13:55:00Z,2026-09-23T14:00:00Z,599.255,600.185,599.065,599.775
2026-09-23T14:00:00Z,2026-09-23T14:05:00Z,599.735,601.685,599.675,600.575
2026-09-23T14:05:00Z,2026-09-23T14:10:00Z,600.455,600.955,598.73,598.84
2026-09-23T14:10:00Z,2026-09-23T14:15:00Z,598.885,599.025,595.805,596.02
2026-09-23T14:15:00Z,2026-09-23T14:20:00Z,596.015,597.1,594.27,594.365
2026-09-23T14:20:00Z,2026-09-23T14:25:00Z,594.355,595.355,593.845,594.99
2026-09-23T14:25:00Z,2026-09-23T14:30:00Z,594.98,595.915,593.985,595.47
2026-09-23T14:30:00Z,2026-09-23T14:35:00Z,595.465,596.745,594.385,596.725
2026-09-23T14:35:00Z,2026-09-23T14:40:00Z,596.73,597.52,595.565,595.985
2026-09-23T14:40:00Z,2026-09-23T14:45:00Z,596,596.855,595.825,596.65
2026-09-23T14:45:00Z,2026-09-23T14:50:00Z,596.65,597.345,596.48,597.21
2026-09-23T14:50:00Z,2026-09-23T14:55:00Z,597.15,600.315,596.245,599.915
2026-09-23T14:55:00Z,2026-09-23T15:00:00Z,599.885,600.64,599.345,600.295
2026-09-23T15:00:00Z,2026-09-23T15:05:00Z,600.305,600.645,599.055,599.465
2026-09-23T15:05:00Z,2026-09-23T15:10:00Z,599.46,600.49,599.085,600.075
2026-09-23T15:10:00Z,2026-09-23T15:15:00Z,600.07,600.605,599.93,600.52
2026-09-23T15:15:00Z,2026-09-23T15:20:00Z,600.525,600.975,599.055,600.17
2026-09-23T15:20:00Z,2026-09-23T15:25:00Z,600.165,601.1,599.755,600.92
2026-09-23T15:25:00Z,2026-09-23T15:30:00Z,600.93,601.43,600.13,600.2
2026-09-23T15:30:00Z,2026-09-23T15:35:00Z,600.22,600.485,599.82,599.87
2026-09-23T15:35:00Z,2026-09-23T15:40:00Z,599.86,599.86,598.95,599.215
2026-09-23T15:40:00Z,2026-09-23T15:45:00Z,599.19,599.965,599.08,599.925
2026-09-23T15:45:00Z,2026-09-23T15:50:00Z,599.925,599.96,597.66,597.845
2026-09-23T15:50:00Z,2026-09-23T15:55:00Z,597.85,598.18,597.19,597.985
2026-09-23T15:55:00Z,2026-09-23T16:00:00Z,597.995,598.085,597.59,597.825
2026-09-23T16:00:00Z,2026-09-23T16:05:00Z,597.815,597.875,597.09,597.4
2026-09-23T16:05:00Z,2026-09-23T16:10:00Z,597.37,598.24,597.32,598.2
2026-09-23T16:10:00Z,2026-09-23T16:15:00Z,598.21,598.355,597.635,597.855
2026-09-23T16:15:00Z,2026-09-23T16:20:00Z,597.845,598.48,597.71,597.885
2026-09-23T16:20:00Z,2026-09-23T16:25:00Z,597.87,597.89,597.075,597.34
2026-09-23T16:25:00Z,2026-09-23T16:30:00Z,597.34,597.74,597.25,597.375
2026-09-23T16:30:00Z,2026-09-23T16:35:00Z,597.375,598.335,597.345,597.9
2026-09-23T16:35:00Z,2026-09-23T16:40:00Z,597.895,598,597.32,597.445
2026-09-23T16:40:00Z,2026-09-23T16:45:00Z,597.455,597.465,596.55,596.725
2026-09-23T16:45:00Z,2026-09-23T16:50:00Z,596.73,597.12,596.17,596.385
2026-09-23T16:50:00Z,2026-09-23T16:55:00Z,596.38,596.39,595.56,595.7
2026-09-23T16:55:00Z,2026-09-23T17:00:00Z,595.69,596.72,595.665,596.43
2026-09-23T17:00:00Z,2026-09-23T17:05:00Z,596.435,596.865,594.725,595.165
2026-09-23T17:05:00Z,2026-09-23T17:10:00Z,595.175,595.63,594.87,595.495
2026-09-23T17:10:00Z,2026-09-23T17:15:00Z,595.455,595.545,594.78,595.335
2026-09-23T17:15:00Z,2026-09-23T17:20:00Z,595.33,597.165,595.31,597.1
2026-09-23T17:20:00Z,2026-09-23T17:25:00Z,597.09,597.395,596.545,596.625
2026-09-23T17:25:00Z,2026-09-23T17:30:00Z,596.635,597.125,596.515,596.705
2026-09-23T17:30:00Z,2026-09-23T17:35:00Z,596.71,597.84,596.465,597.745
2026-09-23T17:35:00Z,2026-09-23T17:40:00Z,597.74,597.84,597.31,597.625
2026-09-23T17:40:00Z,2026-09-23T17:45:00Z,597.625,599.56,597.21,599.475
2026-09-23T17:45:00Z,2026-09-23T17:50:00Z,599.49,599.79,599.085,599.63
2026-09-23T17:50:00Z,2026-09-23T17:55:00Z,599.635,599.965,599.31,599.79
2026-09-23T17:55:00Z,2026-09-23T18:00:00Z,599.8,599.985,599.51,599.98
2026-09-23T18:00:00Z,2026-09-23T18:05:00Z,599.975,600.215,598.865,598.91
2026-09-23T18:05:00Z,2026-09-23T18:10:00Z,598.925,599.975,598.89,599.435
2026-09-23T18:10:00Z,2026-09-23T18:15:00Z,599.445,599.65,599.2,599.58
2026-09-23T18:15:00Z,2026-09-23T18:20:00Z,599.555,600.465,599.42,600.12
2026-09-23T18:20:00Z,2026-09-23T18:25:00Z,600.115,600.25,599.75,600.17
2026-09-23T18:25:00Z,2026-09-23T18:30:00Z,600.175,600.375,599.99,600.115
2026-09-23T18:30:00Z,2026-09-23T18:35:00Z,600.095,600.17,599.605,600.025
2026-09-23T18:35:00Z,2026-09-23T18:40:00Z,600.04,600.275,599.535,599.62
2026-09-23T18:40:00Z,2026-09-23T18:45:00Z,599.645,599.99,599.39,599.86
2026-09-23T18:45:00Z,2026-09-23T18:50:00Z,599.855,600.305,599.555,600.235
2026-09-23T18:50:00Z,2026-09-23T18:55:00Z,600.21,600.365,599.835,599.87
2026-09-23T18:55:00Z,2026-09-23T19:00:00Z,599.88,600.575,599.81,600.4
2026-09-23T19:00:00Z,2026-09-23T19:05:00Z,600.39,600.64,599.575,599.65
2026-09-23T19:05:00Z,2026-09-23T19:10:00Z,599.645,601.02,599.55,600.24
2026-09-23T19:10:00Z,2026-09-23T19:15:00Z,600.225,600.43,599.615,599.925
2026-09-23T19:15:00Z,2026-09-23T19:20:00Z,599.93,600.09,599.16,599.74
2026-09-23T19:20:00Z,2026-09-23T19:25:00Z,599.725,600.03,599.6,599.83
2026-09-23T19:25:00Z,2026-09-23T19:30:00Z,599.805,600.095,599.585,599.7
2026-09-23T19:30:00Z,2026-09-23T19:35:00Z,599.74,600.475,599.52,600.45
2026-09-23T19:35:00Z,2026-09-23T19:40:00Z,600.465,600.96,600.17,600.91
2026-09-23T19:40:00Z,2026-09-23T19:45:00Z,600.92,601.2,600.05,600.325
2026-09-23T19:45:00Z,2026-09-23T19:50:00Z,600.32,600.775,600.02,600.6
2026-09-23T19:50:00Z,2026-09-23T19:55:00Z,600.605,600.605,598.955,599.185
2026-09-23T19:55:00Z,2026-09-23T20:00:00Z,599.175,601.295,599.175,601.06
2026-09-24T13:30:00Z,2026-09-24T13:35:00Z,591.675,591.765,588.965,590.155
2026-09-24T13:35:00Z,2026-09-24T13:40:00Z,590.15,593.465,589.88,593.095
2026-09-24T13:40:00Z,2026-09-24T13:45:00Z,593.09,593.515,591.905,593.425
2026-09-24T13:45:00Z,2026-09-24T13:50:00Z,593.435,596.295,593.43,594.085
2026-09-24T13:50:00Z,2026-09-24T13:55:00Z,594.125,594.925,592.09,592.465
2026-09-24T13:55:00Z,2026-09-24T14:00:00Z,592.435,593.59,591.95,593.355
2026-09-24T14:00:00Z,2026-09-24T14:05:00Z,593.365,594.85,593.095,594.67
2026-09-24T14:05:00Z,2026-09-24T14:10:00Z,594.665,594.79,593.295,593.295
2026-09-24T14:10:00Z,2026-09-24T14:15:00Z,593.375,593.57,592.54,593.37
2026-09-24T14:15:00Z,2026-09-24T14:20:00Z,593.35,593.9,592.51,593.03
2026-09-24T14:20:00Z,2026-09-24T14:25:00Z,593.05,593.855,592.98,593.235
2026-09-24T14:25:00Z,2026-09-24T14:30:00Z,593.24,594.565,593.19,594.565
2026-09-24T14:30:00Z,2026-09-24T14:35:00Z,594.515,595.215,593.83,594.895
2026-09-24T14:35:00Z,2026-09-24T14:40:00Z,594.89,594.98,592.975,593.325
2026-09-24T14:40:00Z,2026-09-24T14:45:00Z,593.36,594.06,592.57,592.65
2026-09-24T14:45:00Z,2026-09-24T14:50:00Z,592.68,593.495,592.53,592.84
2026-09-24T14:50:00Z,2026-09-24T14:55:00Z,592.835,593.185,591.395,591.865
2026-09-24T14:55:00Z,2026-09-24T15:00:00Z,591.875,591.935,591.145,591.42
2026-09-24T15:00:00Z,2026-09-24T15:05:00Z,591.415,592.48,591.405,592.055
2026-09-24T15:05:00Z,2026-09-24T15:10:00Z,592.035,592.29,590.825,590.9
2026-09-24T15:10:00Z,2026-09-24T15:15:00Z,590.85,591.695,590.845,591.295
2026-09-24T15:15:00Z,2026-09-24T15:20:00Z,591.29,592.23,591.06,591.26
2026-09-24T15:20:00Z,2026-09-24T15:25:00Z,591.245,592.61,591.05,592.585
2026-09-24T15:25:00Z,2026-09-24T15:30:00Z,592.59,592.635,591.565,591.72
2026-09-24T15:30:00Z,2026-09-24T15:35:00Z,591.73,592.08,591.335,591.975
2026-09-24T15:35:00Z,2026-09-24T15:40:00Z,591.985,592.405,591.715,592.055
2026-09-24T15:40:00Z,2026-09-24T15:45:00Z,592.09,592.925,591.855,592.805
2026-09-24T15:45:00Z,2026-09-24T15:50:00Z,592.83,593.215,592.395,592.565
2026-09-24T15:50:00Z,2026-09-24T15:55:00Z,592.55,593.98,592.535,593.86
2026-09-24T15:55:00Z,2026-09-24T16:00:00Z,593.865,594.02,593.235,593.245
2026-09-24T16:00:00Z,2026-09-24T16:05:00Z,593.24,593.32,592.18,592.785
2026-09-24T16:05:00Z,2026-09-24T16:10:00Z,592.795,592.815,592.11,592.34
2026-09-24T16:10:00Z,2026-09-24T16:15:00Z,592.345,592.965,591.945,592.955
2026-09-24T16:15:00Z,2026-09-24T16:20:00Z,593.055,598.775,593.045,597.54
2026-09-24T16:20:00Z,2026-09-24T16:25:00Z,597.545,598.66,596.695,597.475
2026-09-24T16:25:00Z,2026-09-24T16:30:00Z,597.48,597.66,596.305,597.17
2026-09-24T16:30:00Z,2026-09-24T16:35:00Z,597.16,597.47,596.585,597.175
2026-09-24T16:35:00Z,2026-09-24T16:40:00Z,597.18,599.515,597.1,599.245
2026-09-24T16:40:00Z,2026-09-24T16:45:00Z,599.245,601.4,599.08,599.805
2026-09-24T16:45:00Z,2026-09-24T16:50:00Z,599.815,600.615,599.005,600.45
2026-09-24T16:50:00Z,2026-09-24T16:55:00Z,600.46,601.13,599.61,599.94
2026-09-24T16:55:00Z,2026-09-24T17:00:00Z,599.93,601.175,599.79,600.86
2026-09-24T17:00:00Z,2026-09-24T17:05:00Z,600.79,601.675,599.98,601.505
2026-09-24T17:05:00Z,2026-09-24T17:10:00Z,601.5,601.99,600.985,601.07
2026-09-24T17:10:00Z,2026-09-24T17:15:00Z,601.07,601.095,599.69,600.35
2026-09-24T17:15:00Z,2026-09-24T17:20:00Z,600.355,600.435,599.175,599.185
2026-09-24T17:20:00Z,2026-09-24T17:25:00Z,599.18,599.525,598.755,598.915
2026-09-24T17:25:00Z,2026-09-24T17:30:00Z,598.92,599.12,597.965,598.78
2026-09-24T17:30:00Z,2026-09-24T17:35:00Z,598.765,599.51,598.575,598.615
2026-09-24T17:35:00Z,2026-09-24T17:40:00Z,598.61,598.935,598.14,598.525
2026-09-24T17:40:00Z,2026-09-24T17:45:00Z,598.52,598.94,597.29,597.305
2026-09-24T17:45:00Z,2026-09-24T17:50:00Z,597.3,598.41,597.065,598.23
2026-09-24T17:50:00Z,2026-09-24T17:55:00Z,598.225,598.285,596.865,597.135
2026-09-24T17:55:00Z,2026-09-24T18:00:00Z,597.14,597.825,596.975,597.505
2026-09-24T18:00:00Z,2026-09-24T18:05:00Z,597.51,597.535,595.14,595.195
2026-09-24T18:05:00Z,2026-09-24T18:10:00Z,595.165,596.73,595.07,596.49
2026-09-24T18:10:00Z,2026-09-24T18:15:00Z,596.545,597.29,596.545,597.065
2026-09-24T18:15:00Z,2026-09-24T18:20:00Z,597.07,597.91,597.01,597.4
2026-09-24T18:20:00Z,2026-09-24T18:25:00Z,597.445,597.905,596.985,597.865
2026-09-24T18:25:00Z,2026-09-24T18:30:00Z,597.825,598.97,597.775,598.43
2026-09-24T18:30:00Z,2026-09-24T18:35:00Z,598.415,598.695,597.855,597.875
2026-09-24T18:35:00Z,2026-09-24T18:40:00Z,597.87,599.8,597.445,598.93
2026-09-24T18:40:00Z,2026-09-24T18:45:00Z,598.935,598.935,597.89,598.27
2026-09-24T18:45:00Z,2026-09-24T18:50:00Z,598.265,598.85,598.22,598.71
2026-09-24T18:50:00Z,2026-09-24T18:55:00Z,598.73,599.69,598.625,599.515
2026-09-24T18:55:00Z,2026-09-24T19:00:00Z,599.52,600.395,599.52,600.05
2026-09-24T19:00:00Z,2026-09-24T19:05:00Z,600.055,600.145,598.855,599.095
2026-09-24T19:05:00Z,2026-09-24T19:10:00Z,599.09,599.505,598.965,599.185
2026-09-24T19:10:00Z,2026-09-24T19:15:00Z,599.185,599.33,598.5,598.52
2026-09-24T19:15:00Z,2026-09-24T19:20:00Z,598.515,599.815,598.515,599.65
2026-09-24T19:20:00Z,2026-09-24T19:25:00Z,599.65,599.93,599.42,599.78
2026-09-24T19:25:00Z,2026-09-24T19:30:00Z,599.79,600.045,599.115,599.14
2026-09-24T19:30:00Z,2026-09-24T19:35:00Z,599.215,599.925,599.07,599.885
2026-09-24T19:35:00Z,2026-09-24T19:40:00Z,599.875,599.97,599.51,599.77
2026-09-24T19:40:00Z,2026-09-24T19:45:00Z,599.76,599.905,599.32,599.725
2026-09-24T19:45:00Z,2026-09-24T19:50:00Z,599.72,599.9,599.57,599.66
2026-09-24T19:50:00Z,2026-09-24T19:55:00Z,599.65,600.655,599.65,600.58
2026-09-24T19:55:00Z,2026-09-24T20:00:00Z,600.575,600.795,600.235,600.655
2026-09-25T13:30:00Z,2026-09-25T13:35:00Z,605.315,606.9,603.26,606.89
2026-09-25T13:35:00Z,2026-09-25T13:40:00Z,606.895,607.73,606.44,607.505
2026-09-25T13:40:00Z,2026-09-25T13:45:00Z,607.5,607.98,606.55,607.495
2026-09-25T13:45:00Z,2026-09-25T13:50:00Z,607.52,607.91,606.48,607.23
2026-09-25T13:50:00Z,2026-09-25T13:55:00Z,607.23,609.27,606.745,609.18
2026-09-25T13:55:00Z,2026-09-25T14:00:00Z,609.18,609.62,608.285,608.905
2026-09-25T14:00:00Z,2026-09-25T14:05:00Z,608.915,609.4,606.825,607.03
2026-09-25T14:05:00Z,2026-09-25T14:10:00Z,607.025,607.08,605.25,606.86
2026-09-25T14:10:00Z,2026-09-25T14:15:00Z,606.865,608.16,605.21,605.23
2026-09-25T14:15:00Z,2026-09-25T14:20:00Z,605.205,605.205,602.465,603.225
2026-09-25T14:20:00Z,2026-09-25T14:25:00Z,603.235,604.465,602.865,604.245
2026-09-25T14:25:00Z,2026-09-25T14:30:00Z,604.265,604.635,602.535,602.655
2026-09-25T14:30:00Z,2026-09-25T14:35:00Z,602.66,604.5,602.28,604.375
2026-09-25T14:35:00Z,2026-09-25T14:40:00Z,604.37,604.74,604.1,604.55
2026-09-25T14:40:00Z,2026-09-25T14:45:00Z,604.55,604.695,602.82,604.13
2026-09-25T14:45:00Z,2026-09-25T14:50:00Z,604.115,605.61,603.42,605.48
2026-09-25T14:50:00Z,2026-09-25T14:55:00Z,605.47,605.475,604.285,605.25
2026-09-25T14:55:00Z,2026-09-25T15:00:00Z,605.255,606.49,605.21,606.4
2026-09-25T15:00:00Z,2026-09-25T15:05:00Z,606.405,607.3,605.965,606.95
2026-09-25T15:05:00Z,2026-09-25T15:10:00Z,606.955,607.185,606.35,606.395
2026-09-25T15:10:00Z,2026-09-25T15:15:00Z,606.39,606.41,605.345,605.92
2026-09-25T15:15:00Z,2026-09-25T15:20:00Z,605.91,606.57,605.72,605.965
2026-09-25T15:20:00Z,2026-09-25T15:25:00Z,605.975,606.505,605.67,605.745
2026-09-25T15:25:00Z,2026-09-25T15:30:00Z,605.755,605.845,604.96,605.245
2026-09-25T15:30:00Z,2026-09-25T15:35:00Z,605.27,606.42,604.78,604.87
2026-09-25T15:35:00Z,2026-09-25T15:40:00Z,604.85,605.14,603.045,603.495
2026-09-25T15:40:00Z,2026-09-25T15:45:00Z,603.5,604.175,603.13,603.19
2026-09-25T15:45:00Z,2026-09-25T15:50:00Z,603.185,604.48,602.91,604.415
2026-09-25T15:50:00Z,2026-09-25T15:55:00Z,604.42,604.57,603.155,604.38
2026-09-25T15:55:00Z,2026-09-25T16:00:00Z,604.39,606.435,604.28,606.305
2026-09-25T16:00:00Z,2026-09-25T16:05:00Z,606.315,608.16,606.005,608.135
2026-09-25T16:05:00Z,2026-09-25T16:10:00Z,608.13,609.015,607.675,608.995
2026-09-25T16:10:00Z,2026-09-25T16:15:00Z,609.02,609.54,607.96,608.33
2026-09-25T16:15:00Z,2026-09-25T16:20:00Z,608.32,609.33,607.71,608.005
2026-09-25T16:20:00Z,2026-09-25T16:25:00Z,607.98,608.045,606.62,607.23
2026-09-25T16:25:00Z,2026-09-25T16:30:00Z,607.205,608.59,607.105,608.485
2026-09-25T16:30:00Z,2026-09-25T16:35:00Z,608.5,608.685,607.195,607.63
2026-09-25T16:35:00Z,2026-09-25T16:40:00Z,607.64,608.805,607.615,608.08
2026-09-25T16:40:00Z,2026-09-25T16:45:00Z,608.08,608.585,607.8,608.28
2026-09-25T16:45:00Z,2026-09-25T16:50:00Z,608.285,608.53,607.365,607.835
2026-09-25T16:50:00Z,2026-09-25T16:55:00Z,607.825,608.175,607.525,607.735
2026-09-25T16:55:00Z,2026-09-25T17:00:00Z,607.725,607.905,606.835,607.245
2026-09-25T17:00:00Z,2026-09-25T17:05:00Z,607.245,608.325,607.19,607.99
2026-09-25T17:05:00Z,2026-09-25T17:10:00Z,607.99,608.45,607.845,608.425
2026-09-25T17:10:00Z,2026-09-25T17:15:00Z,608.42,608.65,607.835,608.62
2026-09-25T17:15:00Z,2026-09-25T17:20:00Z,608.625,608.745,608.085,608.155
2026-09-25T17:20:00Z,2026-09-25T17:25:00Z,608.17,608.26,608.025,608.135
2026-09-25T17:25:00Z,2026-09-25T17:30:00Z,608.13,608.165,607.675,607.77
2026-09-25T17:30:00Z,2026-09-25T17:35:00Z,607.795,607.865,607.035,607.205
2026-09-25T17:35:00Z,2026-09-25T17:40:00Z,607.215,607.68,606.72,607.41
2026-09-25T17:40:00Z,2026-09-25T17:45:00Z,607.435,607.88,607.28,607.715
2026-09-25T17:45:00Z,2026-09-25T17:50:00Z,607.695,607.895,607.495,607.815
2026-09-25T17:50:00Z,2026-09-25T17:55:00Z,607.815,607.85,607.045,607.21
2026-09-25T17:55:00Z,2026-09-25T18:00:00Z,607.285,607.635,607.225,607.48
2026-09-25T18:00:00Z,2026-09-25T18:05:00Z,607.485,607.58,607.23,607.26
2026-09-25T18:05:00Z,2026-09-25T18:10:00Z,607.24,607.655,607.11,607.6
2026-09-25T18:10:00Z,2026-09-25T18:15:00Z,607.595,608.07,607.37,608.03
2026-09-25T18:15:00Z,2026-09-25T18:20:00Z,608.04,608.105,607.59,607.735
2026-09-25T18:20:00Z,2026-09-25T18:25:00Z,607.725,608.085,607.635,608.035
2026-09-25T18:25:00Z,2026-09-25T18:30:00Z,608.04,608.055,606.625,607.11
2026-09-25T18:30:00Z,2026-09-25T18:35:00Z,607.14,607.49,607.05,607.19
2026-09-25T18:35:00Z,2026-09-25T18:40:00Z,607.19,607.36,606.415,606.42
2026-09-25T18:40:00Z,2026-09-25T18:45:00Z,606.455,606.91,606.26,606.9
2026-09-25T18:45:00Z,2026-09-25T18:50:00Z,606.905,607.005,606.48,606.72
2026-09-25T18:50:00Z,2026-09-25T18:55:00Z,606.725,606.735,606.21,606.26
2026-09-25T18:55:00Z,2026-09-25T19:00:00Z,606.27,606.465,606.045,606.075
2026-09-25T19:00:00Z,2026-09-25T19:05:00Z,606.08,606.645,605.675,606.54
2026-09-25T19:05:00Z,2026-09-25T19:10:00Z,606.54,606.965,606.51,606.7
2026-09-25T19:10:00Z,2026-09-25T19:15:00Z,606.695,607.155,606.58,607.11
2026-09-25T19:15:00Z,2026-09-25T19:20:00Z,607.12,607.205,606.745,606.745
2026-09-25T19:20:00Z,2026-09-25T19:25:00Z,606.75,606.96,606.495,606.8
2026-09-25T19:25:00Z,2026-09-25T19:30:00Z,606.78,606.9,606.41,606.73
2026-09-25T19:30:00Z,2026-09-25T19:35:00Z,606.74,606.74,605.795,605.795
2026-09-25T19:35:00Z,2026-09-25T19:40:00Z,605.8,606.52,605.45,606.385
2026-09-25T19:40:00Z,2026-09-25T19:45:00Z,606.39,606.85,606.13,606.695
2026-09-25T19:45:00Z,2026-09-25T19:50:00Z,606.705,607.485,606.705,607.38
2026-09-25T19:50:00Z,2026-09-25T19:55:00Z,607.36,608.01,607.21,607.46
2026-09-25T19:55:00Z,2026-09-25T20:00:00Z,607.445,607.685,606.44,606.63
2026-09-28T13:30:00Z,2026-09-28T13:35:00Z,605.155,607.955,604.29,605.045
2026-09-28T13:35:00Z,2026-09-28T13:40:00Z,605.035,605.055,602.62,603.27
2026-09-28T13:40:00Z,2026-09-28T13:45:00Z,603.245,603.755,601.36,601.57
2026-09-28T13:45:00Z,2026-09-28T13:50:00Z,601.575,602.625,600.92,602.18
2026-09-28T13:50:00Z,2026-09-28T13:55:00Z,602.175,602.47,599.93,602.24
2026-09-28T13:55:00Z,2026-09-28T14:00:00Z,602.235,602.9,601.435,602.225
2026-09-28T14:00:00Z,2026-09-28T14:05:00Z,602.245,602.57,600.435,600.51
2026-09-28T14:05:00Z,2026-09-28T14:10:00Z,600.53,600.6,599.58,599.785
2026-09-28T14:10:00Z,2026-09-28T14:15:00Z,599.78,599.78,596.825,597.12
2026-09-28T14:15:00Z,2026-09-28T14:20:00Z,597.125,599.46,597.105,599.19
2026-09-28T14:20:00Z,2026-09-28T14:25:00Z,599.185,600.295,598.56,599.61
2026-09-28T14:25:00Z,2026-09-28T14:30:00Z,599.605,599.605,598.44,598.635
2026-09-28T14:30:00Z,2026-09-28T14:35:00Z,598.63,599.605,598.38,599.165
2026-09-28T14:35:00Z,2026-09-28T14:40:00Z,599.14,599.255,596.855,597.51
2026-09-28T14:40:00Z,2026-09-28T14:45:00Z,597.55,598.035,594.615,594.795
2026-09-28T14:45:00Z,2026-09-28T14:50:00Z,594.84,594.995,591.935,593.055
2026-09-28T14:50:00Z,2026-09-28T14:55:00Z,593.04,593.52,593.005,593.52
2026-09-09T16:20:00Z,2026-09-09T16:25:00Z,572.85,573.135,572.535,573.135
2026-09-09T16:25:00Z,2026-09-09T16:30:00Z,573.135,573.26,572.21,572.655
2026-09-09T16:30:00Z,2026-09-09T16:35:00Z,572.685,574.025,572.575,574
2026-09-09T16:35:00Z,2026-09-09T16:40:00Z,573.995,574.585,573.83,574.535
2026-09-09T16:40:00Z,2026-09-09T16:45:00Z,574.55,574.795,574.425,574.795
2026-09-09T16:45:00Z,2026-09-09T16:50:00Z,574.815,574.855,574.28,574.53
2026-09-09T16:50:00Z,2026-09-09T16:55:00Z,574.525,575.235,574.52,574.555
2026-09-09T16:55:00Z,2026-09-09T17:00:00Z,574.56,574.855,574.365,574.44
2026-09-09T17:00:00Z,2026-09-09T17:05:00Z,574.43,574.97,574.015,574.44
2026-09-09T17:05:00Z,2026-09-09T17:10:00Z,574.42,575.17,574.42,574.78
2026-09-09T17:10:00Z,2026-09-09T17:15:00Z,574.745,575.405,574.605,575.26
2026-09-09T17:15:00Z,2026-09-09T17:20:00Z,575.25,575.425,574.845,574.85
2026-09-09T17:20:00Z,2026-09-09T17:25:00Z,574.855,574.945,574.62,574.68
2026-09-09T17:25:00Z,2026-09-09T17:30:00Z,574.695,574.73,574.22,574.3
2026-09-09T17:30:00Z,2026-09-09T17:35:00Z,574.335,574.385,573.66,574.19
2026-09-09T17:35:00Z,2026-09-09T17:40:00Z,574.2,574.345,573.55,573.7
2026-09-09T17:40:00Z,2026-09-09T17:45:00Z,573.735,574.23,573.7,574.175
2026-09-09T17:45:00Z,2026-09-09T17:50:00Z,574.18,574.91,574.17,574.83
2026-09-09T17:50:00Z,2026-09-09T17:55:00Z,574.825,575.065,574.63,575.03
2026-09-09T17:55:00Z,2026-09-09T18:00:00Z,575.025,575.025,574.46,574.495
2026-09-09T18:00:00Z,2026-09-09T18:05:00Z,574.485,574.825,574.425,574.63
2026-09-09T18:05:00Z,2026-09-09T18:10:00Z,574.66,574.745,574.27,574.415
2026-09-09T18:10:00Z,2026-09-09T18:15:00Z,574.41,574.54,574.05,574.3
2026-09-09T18:15:00Z,2026-09-09T18:20:00Z,574.305,574.525,574.125,574.14
2026-09-09T18:20:00Z,2026-09-09T18:25:00Z,574.145,574.205,573.875,574.065
2026-09-09T18:25:00Z,2026-09-09T18:30:00Z,574.075,574.37,573.815,574.06
2026-09-09T18:30:00Z,2026-09-09T18:35:00Z,574.05,574.36,573.955,574.1
2026-09-09T18:35:00Z,2026-09-09T18:40:00Z,574.085,574.375,574.08,574.225
2026-09-09T18:40:00Z,2026-09-09T18:45:00Z,574.23,574.265,573.885,574.09
2026-09-09T18:45:00Z,2026-09-09T18:50:00Z,574.085,574.21,573.7,573.8
2026-09-09T18:50:00Z,2026-09-09T18:55:00Z,573.79,573.815,573.3,573.525
2026-09-09T18:55:00Z,2026-09-09T19:00:00Z,573.51,573.585,572.86,572.88
2026-09-09T19:00:00Z,2026-09-09T19:05:00Z,572.91,573.24,572.59,572.995
2026-09-09T19:05:00Z,2026-09-09T19:10:00Z,573,573.78,572.83,573.69
2026-09-09T19:10:00Z,2026-09-09T19:15:00Z,573.695,573.765,573.38,573.525
2026-09-09T19:15:00Z,2026-09-09T19:20:00Z,573.52,574.35,573.52,574.255
2026-09-09T19:20:00Z,2026-09-09T19:25:00Z,574.25,574.48,573.98,574.115
2026-09-09T19:25:00Z,2026-09-09T19:30:00Z,574.12,574.16,573.33,573.33
2026-09-09T19:30:00Z,2026-09-09T19:35:00Z,573.335,573.575,573.19,573.235
2026-09-09T19:35:00Z,2026-09-09T19:40:00Z,573.24,573.425,573.05,573.28
2026-09-09T19:40:00Z,2026-09-09T19:45:00Z,573.275,573.42,573.12,573.265
2026-09-09T19:45:00Z,2026-09-09T19:50:00Z,573.26,573.665,573.26,573.525
2026-09-09T19:50:00Z,2026-09-09T19:55:00Z,573.51,573.855,573.115,573.46
2026-09-09T19:55:00Z,2026-09-09T20:00:00Z,573.475,574.34,572.975,574.315
2026-09-10T13:30:00Z,2026-09-10T13:35:00Z,561.355,563.72,559.12,559.65
2026-09-10T13:35:00Z,2026-09-10T13:40:00Z,559.71,562.445,559.57,562.27
2026-09-10T13:40:00Z,2026-09-10T13:45:00Z,562.255,563.245,560.06,560.08
2026-09-10T13:45:00Z,2026-09-10T13:50:00Z,560.105,561.61,559.455,560.855
2026-09-10T13:50:00Z,2026-09-10T13:55:00Z,560.86,560.915,557.58,557.68
2026-09-10T13:55:00Z,2026-09-10T14:00:00Z,557.675,558.49,557.1,557.435
2026-09-10T14:00:00Z,2026-09-10T14:05:00Z,557.445,560.755,557.305,559.81
2026-09-10T14:05:00Z,2026-09-10T14:10:00Z,559.805,560.18,558.955,560.17
2026-09-10T14:10:00Z,2026-09-10T14:15:00Z,560.155,560.825,559.225,559.335
2026-09-10T14:15:00Z,2026-09-10T14:20:00Z,559.33,560.34,558.775,560.195
2026-09-10T14:20:00Z,2026-09-10T14:25:00Z,560.21,563.215,560.05,562.63
2026-09-10T14:25:00Z,2026-09-10T14:30:00Z,562.575,563.455,561.365,562.025
2026-09-10T14:30:00Z,2026-09-10T14:35:00Z,562.015,563.155,561.91,562.615
2026-09-10T14:35:00Z,2026-09-10T14:40:00Z,562.585,564.64,562.565,563.72
2026-09-10T14:40:00Z,2026-09-10T14:45:00Z,563.74,564.13,562.675,562.9
2026-09-10T14:45:00Z,2026-09-10T14:50:00Z,562.895,563.41,562.235,562.825
2026-09-10T14:50:00Z,2026-09-10T14:55:00Z,562.82,563.805,562.475,563.805
2026-09-10T14:55:00Z,2026-09-10T15:00:00Z,563.8,564.38,563.165,564.38
2026-09-10T15:00:00Z,2026-09-10T15:05:00Z,564.415,564.515,563.215,563.635
2026-09-10T15:05:00Z,2026-09-10T15:10:00Z,563.65,564.735,563.65,563.96
2026-09-10T15:10:00Z,2026-09-10T15:15:00Z,563.96,565.125,563.96,564.66
2026-09-10T15:15:00Z,2026-09-10T15:20:00Z,564.66,564.865,563.065,563.635
2026-09-10T15:20:00Z,2026-09-10T15:25:00Z,563.63,563.915,563.05,563.675
2026-09-10T15:25:00Z,2026-09-10T15:30:00Z,563.67,564.73,563.505,564.055
2026-09-10T15:30:00Z,2026-09-10T15:35:00Z,564.055,564.51,563.56,564.47
2026-09-10T15:35:00Z,2026-09-10T15:40:00Z,564.475,564.945,563.97,564.345
2026-09-10T15:40:00Z,2026-09-10T15:45:00Z,564.335,564.95,563.875,564.945
2026-09-10T15:45:00Z,2026-09-10T15:50:00Z,564.95,565.04,564.015,564.565
2026-09-10T15:50:00Z,2026-09-10T15:55:00Z,564.525,565.175,564.165,564.28
2026-09-10T15:55:00Z,2026-09-10T16:00:00Z,564.285,564.71,563.61,564.445
2026-09-10T16:00:00Z,2026-09-10T16:05:00Z,564.43,564.895,564.035,564.115
2026-09-10T16:05:00Z,2026-09-10T16:10:00Z,564.125,564.52,563.42,563.555
2026-09-10T16:10:00Z,2026-09-10T16:15:00Z,563.57,563.895,562.765,562.83
2026-09-10T16:15:00Z,2026-09-10T16:20:00Z,562.84,563.4,562.04,562.255
2026-09-10T16:20:00Z,2026-09-10T16:25:00Z,562.31,562.8,562.305,562.545
2026-09-10T16:25:00Z,2026-09-10T16:30:00Z,562.54,562.565,561.31,561.845
2026-09-10T16:30:00Z,2026-09-10T16:35:00Z,561.83,562.395,561.235,561.25
2026-09-10T16:35:00Z,2026-09-10T16:40:00Z,561.23,561.575,560.555,561.41
2026-09-10T16:40:00Z,2026-09-10T16:45:00Z,561.4,562.535,561.4,562.53
2026-09-10T16:45:00Z,2026-09-10T16:50:00Z,562.515,563.46,562.505,562.83
2026-09-10T16:50:00Z,2026-09-10T16:55:00Z,562.825,563.78,562.825,563.775
2026-09-10T16:55:00Z,2026-09-10T17:00:00Z,563.785,563.985,563.485,563.885
2026-09-10T17:00:00Z,2026-09-10T17:05:00Z,563.865,564.985,563.635,563.985
2026-09-10T17:05:00Z,2026-09-10T17:10:00Z,563.99,564.65,563.94,564.215
2026-09-10T17:10:00Z,2026-09-10T17:15:00Z,564.215,564.66,563.67,563.695
2026-09-10T17:15:00Z,2026-09-10T17:20:00Z,563.695,563.84,563.505,563.63
2026-09-10T17:20:00Z,2026-09-10T17:25:00Z,563.635,563.67,563.035,563.185
2026-09-10T17:25:00Z,2026-09-10T17:30:00Z,563.215,563.395,562.82,563.26
2026-09-10T17:30:00Z,2026-09-10T17:35:00Z,563.255,563.42,562.77,562.89
2026-09-10T17:35:00Z,2026-09-10T17:40:00Z,562.9,563.25,562.21,562.235
2026-09-10T17:40:00Z,2026-09-10T17:45:00Z,562.23,562.88,562.205,562.88
2026-09-10T17:45:00Z,2026-09-10T17:50:00Z,562.885,562.91,562.525,562.585
2026-09-10T17:50:00Z,2026-09-10T17:55:00Z,562.59,562.97,562.54,562.895
2026-09-10T17:55:00Z,2026-09-10T18:00:00Z,562.92,563.06,562.49,562.89
2026-09-10T18:00:00Z,2026-09-10T18:05:00Z,562.885,563.355,562.075,562.095
2026-09-10T18:05:00Z,2026-09-10T18:10:00Z,562.105,562.595,561.77,561.885
2026-09-10T18:10:00Z,2026-09-10T18:15:00Z,561.89,562.28,561.625,562.19
2026-09-10T18:15:00Z,2026-09-10T18:20:00Z,562.185,562.295,561.755,562.22
2026-09-10T18:20:00Z,2026-09-10T18:25:00Z,562.225,562.69,562.025,562.16
2026-09-10T18:25:00Z,2026-09-10T18:30:00Z,562.165,562.34,561.8,561.94
2026-09-10T18:30:00Z,2026-09-10T18:35:00Z,561.945,562.035,561.605,561.955
2026-09-10T18:35:00Z,2026-09-10T18:40:00Z,561.93,562.22,561.72,562.2
2026-09-10T18:40:00Z,2026-09-10T18:45:00Z,562.195,562.195,561.765,562.005
2026-09-10T18:45:00Z,2026-09-10T18:50:00Z,562,562.24,561.39,561.65
2026-09-10T18:50:00Z,2026-09-10T18:55:00Z,561.645,562.685,561.38,562.175
2026-09-10T18:55:00Z,2026-09-10T19:00:00Z,562.2,562.425,562.055,562.365
2026-09-10T19:00:00Z,2026-09-10T19:05:00Z,562.38,562.635,561.655,561.755
2026-09-10T19:05:00Z,2026-09-10T19:10:00Z,561.765,561.93,560.735,561.38
2026-09-10T19:10:00Z,2026-09-10T19:15:00Z,561.365,561.56,560.725,561.23
2026-09-10T19:15:00Z,2026-09-10T19:20:00Z,561.225,561.6,560.93,561.36
2026-09-10T19:20:00Z,2026-09-10T19:25:00Z,561.35,561.875,561.21,561.815
2026-09-10T19:25:00Z,2026-09-10T19:30:00Z,561.81,562.385,561.81,562.275
2026-09-10T19:30:00Z,2026-09-10T19:35:00Z,562.28,562.615,561.885,562.415
2026-09-10T19:35:00Z,2026-09-10T19:40:00Z,562.395,562.395,561.57,562.02
2026-09-10T19:40:00Z,2026-09-10T19:45:00Z,562.02,562.37,561.695,561.71
2026-09-10T19:45:00Z,2026-09-10T19:50:00Z,561.705,562.175,561.705,561.97
2026-09-10T19:50:00Z,2026-09-10T19:55:00Z,561.975,561.985,560.685,560.975
2026-09-10T19:55:00Z,2026-09-10T20:00:00Z,560.965,561.315,560.19,560.28
2026-09-11T13:30:00Z,2026-09-11T13:35:00Z,568.485,568.635,564.64,566.77
2026-09-11T13:35:00Z,2026-09-11T13:40:00Z,566.93,567.315,564.075,567.315
2026-09-11T13:40:00Z,2026-09-11T13:45:00Z,567.42,569.83,566.35,569.7
2026-09-11T13:45:00Z,2026-09-11T13:50:00Z,569.7,571.37,568.92,569.92
2026-09-11T13:50:00Z,2026-09-11T13:55:00Z,569.925,570.065,567.505,569.19
2026-09-11T13:55:00Z,2026-09-11T14:00:00Z,569.185,570,568.085,569.975
2026-09-11T14:00:00Z,2026-09-11T14:05:00Z,569.79,569.93,566.63,566.655
2026-09-11T14:05:00Z,2026-09-11T14:10:00Z,566.68,567.77,566.15,567.455
2026-09-11T14:10:00Z,2026-09-11T14:15:00Z,567.45,568.55,567.415,568.465
2026-09-11T14:15:00Z,2026-09-11T14:20:00Z,568.46,570.06,567.925,569.93
2026-09-11T14:20:00Z,2026-09-11T14:25:00Z,569.935,570.59,569.75,569.88
2026-09-11T14:25:00Z,2026-09-11T14:30:00Z,569.875,571.21,569.875,570.52
2026-09-11T14:30:00Z,2026-09-11T14:35:00Z,570.545,570.645,568.92,569.27
2026-09-11T14:35:00Z,2026-09-11T14:40:00Z,569.265,569.265,567.7,568.315
2026-09-11T14:40:00Z,2026-09-11T14:45:00Z,568.325,568.935,567.13,567.775
2026-09-11T14:45:00Z,2026-09-11T14:50:00Z,567.78,569.065,566.945,569.065
2026-09-11T14:50:00Z,2026-09-11T14:55:00Z,569.07,569.125,568.075,568.29
2026-09-11T14:55:00Z,2026-09-11T15:00:00Z,568.295,569.26,567.8,568.975
2026-09-11T15:00:00Z,2026-09-11T15:05:00Z,569.005,569.875,568.555,569.855
2026-09-11T15:05:00Z,2026-09-11T15:10:00Z,569.825,570.505,569.64,570.315
2026-09-11T15:10:00Z,2026-09-11T15:15:00Z,570.32,570.51,568.78,569.225
2026-09-11T15:15:00Z,2026-09-11T15:20:00Z,569.225,571.055,569.225,570.6
2026-09-11T15:20:00Z,2026-09-11T15:25:00Z,570.625,571.565,570.54,571.56
2026-09-11T15:25:00Z,2026-09-11T15:30:00Z,571.565,572.3,571.51,572.125
2026-09-11T15:30:00Z,2026-09-11T15:35:00Z,572.115,572.81,571.89,572.6
2026-09-11T15:35:00Z,2026-09-11T15:40:00Z,572.59,572.645,571.605,572.005
2026-09-11T15:40:00Z,2026-09-11T15:45:00Z,571.995,572.095,571.29,571.9
2026-09-11T15:45:00Z,2026-09-11T15:50:00Z,571.875,572.2,571.455,572.1
2026-09-11T15:50:00Z,2026-09-11T15:55:00Z,572.105,572.16,571.075,571.355
2026-09-11T15:55:00Z,2026-09-11T16:00:00Z,571.33,571.84,571.03,571.695
2026-09-11T16:00:00Z,2026-09-11T16:05:00Z,571.71,572.365,571.57,572.355
2026-09-11T16:05:00Z,2026-09-11T16:10:00Z,572.365,572.42,571.735,571.96
2026-09-11T16:10:00Z,2026-09-11T16:15:00Z,571.965,572,571.26,571.48
2026-09-11T16:15:00Z,2026-09-11T16:20:00Z,571.485,571.5,570.72,570.89
2026-09-11T16:20:00Z,2026-09-11T16:25:00Z,570.885,570.93,570.15,570.31
2026-09-11T16:25:00Z,2026-09-11T16:30:00Z,570.315,570.725,569.61,569.685
2026-09-11T16:30:00Z,2026-09-11T16:35:00Z,569.675,570.54,569.57,570.075
2026-09-11T16:35:00Z,2026-09-11T16:40:00Z,570.075,570.13,569.12,569.175
2026-09-11T16:40:00Z,2026-09-11T16:45:00Z,569.17,570.59,568.935,570.535
2026-09-11T16:45:00Z,2026-09-11T16:50:00Z,570.545,570.545,569.83,569.86
2026-09-11T16:50:00Z,2026-09-11T16:55:00Z,569.855,570.86,569.83,570.84
2026-09-11T16:55:00Z,2026-09-11T17:00:00Z,570.835,571.235,570.795,571.16
2026-09-11T17:00:00Z,2026-09-11T17:05:00Z,571.155,571.43,571.125,571.155
2026-09-11T17:05:00Z,2026-09-11T17:10:00Z,571.145,571.765,571.13,571.465
2026-09-11T17:10:00Z,2026-09-11T17:15:00Z,571.465,571.585,570.81,570.82
2026-09-11T17:15:00Z,2026-09-11T17:20:00Z,570.825,571.525,570.825,571.405
2026-09-11T17:20:00Z,2026-09-11T17:25:00Z,571.435,571.775,571.3,571.75
2026-09-11T17:25:00Z,2026-09-11T17:30:00Z,571.76,571.925,571.5,571.64
2026-09-11T17:30:00Z,2026-09-11T17:35:00Z,571.66,571.89,571.45,571.52
2026-09-11T17:35:00Z,2026-09-11T17:40:00Z,571.52,572.01,571.52,571.89
2026-09-11T17:40:00Z,2026-09-11T17:45:00Z,571.88,572.245,571.78,572.05
2026-09-11T17:45:00Z,2026-09-11T17:50:00Z,572.055,572.175,571.855,572.055
2026-09-11T17:50:00Z,2026-09-11T17:55:00Z,572.055,572.38,571.995,572.07
2026-09-11T17:55:00Z,2026-09-11T18:00:00Z,572.075,572.14,571.49,571.57
2026-09-11T18:00:00Z,2026-09-11T18:05:00Z,571.58,571.635,571.29,571.485
2026-09-11T18:05:00Z,2026-09-11T18:10:00Z,571.485,571.685,571.285,571.52
2026-09-11T18:10:00Z,2026-09-11T18:15:00Z,571.54,571.565,571.145,571.26
2026-09-11T18:15:00Z,2026-09-11T18:20:00Z,571.265,571.5,571.125,571.47
2026-09-11T18:20:00Z,2026-09-11T18:25:00Z,571.47,571.515,570.825,571.08
2026-09-11T18:25:00Z,2026-09-11T18:30:00Z,571.085,571.45,571.04,571.325
2026-09-11T18:30:00Z,2026-09-11T18:35:00Z,571.335,571.96,571.075,571.865
2026-09-11T18:35:00Z,2026-09-11T18:40:00Z,571.875,571.925,571.33,571.45
2026-09-11T18:40:00Z,2026-09-11T18:45:00Z,571.445,571.73,571.215,571.365
2026-09-11T18:45:00Z,2026-09-11T18:50:00Z,571.37,571.49,570.915,570.945
2026-09-11T18:50:00Z,2026-09-11T18:55:00Z,570.9,571.07,570.535,570.575
2026-09-11T18:55:00Z,2026-09-11T19:00:00Z,570.565,571.28,570.565,570.755
2026-09-11T19:00:00Z,2026-09-11T19:05:00Z,570.77,570.79,569.74,569.8
2026-09-11T19:05:00Z,2026-09-11T19:10:00Z,569.82,570.045,569.44,569.505
2026-09-11T19:10:00Z,2026-09-11T19:15:00Z,569.51,569.67,569.075,569.25
2026-09-11T19:15:00Z,2026-09-11T19:20:00Z,569.24,569.745,569.225,569.475
2026-09-11T19:20:00Z,2026-09-11T19:25:00Z,569.49,569.57,568.98,569.34
2026-09-11T19:25:00Z,2026-09-11T19:30:00Z,569.345,569.585,568.68,568.805
2026-09-11T19:30:00Z,2026-09-11T19:35:00Z,568.8,569.06,568.52,568.85
2026-09-11T19:35:00Z,2026-09-11T19:40:00Z,568.845,568.85,568.405,568.595
2026-09-11T19:40:00Z,2026-09-11T19:45:00Z,568.605,569.01,568.57,568.87
2026-09-11T19:45:00Z,2026-09-11T19:50:00Z,568.865,569.18,568.465,568.78
2026-09-11T19:50:00Z,2026-09-11T19:55:00Z,568.78,569.065,568.45,568.74
2026-09-11T19:55:00Z,2026-09-11T20:00:00Z,568.765,568.775,568.075,568.475
2026-09-14T13:30:00Z,2026-09-14T13:35:00Z,540.285,541,537.825,538.015
2026-09-14T13:35:00Z,2026-09-14T13:40:00Z,538.01,538.965,537.77,538.31
2026-09-14T13:40:00Z,2026-09-14T13:45:00Z,538.315,541.245,538.1,541.065
2026-09-14T13:45:00Z,2026-09-14T13:50:00Z,541.06,545.235,540.92,544.865
2026-09-14T13:50:00Z,2026-09-14T13:55:00Z,544.915,545.015,541.935,542.625
2026-09-14T13:55:00Z,2026-09-14T14:00:00Z,542.595,543.465,541.795,542.335
2026-09-14T14:00:00Z,2026-09-14T14:05:00Z,542.325,543.68,542.055,542.675
2026-09-14T14:05:00Z,2026-09-14T14:10:00Z,542.68,544.725,542.545,544.445
2026-09-14T14:10:00Z,2026-09-14T14:15:00Z,544.44,546.25,544.44,545.095
2026-09-14T14:15:00Z,2026-09-14T14:20:00Z,545.1,545.745,543.915,544.785
2026-09-14T14:20:00Z,2026-09-14T14:25:00Z,544.78,544.845,542.895,543.595
2026-09-14T14:25:00Z,2026-09-14T14:30:00Z,543.59,544.02,542.77,543.36
2026-09-14T14:30:00Z,2026-09-14T14:35:00Z,543.34,543.93,542.65,543.385
2026-09-14T14:35:00Z,2026-09-14T14:40:00Z,543.39,543.39,541.005,541.485
2026-09-14T14:40:00Z,2026-09-14T14:45:00Z,541.495,542.07,541.115,542.06
2026-09-14T14:45:00Z,2026-09-14T14:50:00Z,542.04,542.61,541.235,541.585
2026-09-14T14:50:00Z,2026-09-14T14:55:00Z,541.565,541.69,540.365,540.54
2026-09-14T14:55:00Z,2026-09-14T15:00:00Z,540.53,541.025,540.255,540.895
2026-09-14T15:00:00Z,2026-09-14T15:05:00Z,540.9,541.39,539.97,540.045
2026-09-14T15:05:00Z,2026-09-14T15:10:00Z,540.075,542.835,540.03,540.51
2026-09-14T15:10:00Z,2026-09-14T15:15:00Z,540.565,540.855,540.115,540.135
2026-09-14T15:15:00Z,2026-09-14T15:20:00Z,540.13,541.68,540.045,541.35
2026-09-14T15:20:00Z,2026-09-14T15:25:00Z,541.34,542,540.975,541.79
2026-09-14T15:25:00Z,2026-09-14T15:30:00Z,541.795,542.535,541.685,542.255
2026-09-14T15:30:00Z,2026-09-14T15:35:00Z,542.28,544.63,542.1,544.4
2026-09-14T15:35:00Z,2026-09-14T15:40:00Z,544.405,544.885,543.7,544.54
2026-09-14T15:40:00Z,2026-09-14T15:45:00Z,544.54,545.59,544.335,545.11
2026-09-14T15:45:00Z,2026-09-14T15:50:00Z,545.115,545.21,543.945,543.99
2026-09-14T15:50:00Z,2026-09-14T15:55:00Z,543.985,544.37,543.595,544.03
2026-09-14T15:55:00Z,2026-09-14T16:00:00Z,544.025,544.34,543.705,544.055
2026-09-14T16:00:00Z,2026-09-14T16:05:00Z,544.05,544.09,542.82,542.835
2026-09-14T16:05:00Z,2026-09-14T16:10:00Z,542.82,543.02,542.195,542.255
2026-09-14T16:10:00Z,2026-09-14T16:15:00Z,542.26,542.88,542.215,542.515
2026-09-14T16:15:00Z,2026-09-14T16:20:00Z,542.52,544.8,542.515,544.58
2026-09-14T16:20:00Z,2026-09-14T16:25:00Z,544.59,544.855,543.91,544.5
2026-09-14T16:25:00Z,2026-09-14T16:30:00Z,544.505,544.625,543.64,543.845
2026-09-14T16:30:00Z,2026-09-14T16:35:00Z,543.775,543.96,543.4,543.56
2026-09-14T16:35:00Z,2026-09-14T16:40:00Z,543.565,543.76,543.12,543.56
2026-09-14T16:40:00Z,2026-09-14T16:45:00Z,543.57,544.525,543.09,544.52
2026-09-14T16:45:00Z,2026-09-14T16:50:00Z,544.515,545.965,544.21,545.3
2026-09-14T16:50:00Z,2026-09-14T16:55:00Z,545.29,545.81,544.83,544.875
2026-09-14T16:55:00Z,2026-09-14T17:00:00Z,544.88,545.21,544.455,544.85
2026-09-14T17:00:00Z,2026-09-14T17:05:00Z,544.855,545.22,544.345,544.675
2026-09-14T17:05:00Z,2026-09-14T17:10:00Z,544.685,544.945,544.505,544.8
2026-09-14T17:10:00Z,2026-09-14T17:15:00Z,544.805,545.58,544.71,544.825
2026-09-14T17:15:00Z,2026-09-14T17:20:00Z,544.82,545.03,543.95,544.34
2026-09-14T17:20:00Z,2026-09-14T17:25:00Z,544.35,544.83,544.3,544.7
2026-09-14T17:25:00Z,2026-09-14T17:30:00Z,544.71,544.945,544.33,544.935
2026-09-14T17:30:00Z,2026-09-14T17:35:00Z,544.94,544.965,544.385,544.62
2026-09-14T17:35:00Z,2026-09-14T17:40:00Z,544.615,544.73,544.125,544.69
2026-09-14T17:40:00Z,2026-09-14T17:45:00Z,544.7,544.77,544.295,544.635
2026-09-14T17:45:00Z,2026-09-14T17:50:00Z,544.64,545.1,544.635,544.915
2026-09-14T17:50:00Z,2026-09-14T17:55:00Z,544.93,545.35,544.83,545.18
2026-09-14T17:55:00Z,2026-09-14T18:00:00Z,545.185,545.51,545.07,545.11
2026-09-14T18:00:00Z,2026-09-14T18:05:00Z,545.105,545.765,544.855,545.055
2026-09-14T18:05:00Z,2026-09-14T18:10:00Z,545.055,545.475,544.855,545.31
2026-09-14T18:10:00Z,2026-09-14T18:15:00Z,545.315,545.59,545.01,545.535
2026-09-14T18:15:00Z,2026-09-14T18:20:00Z,545.54,545.795,545.395,545.605
2026-09-14T18:20:00Z,2026-09-14T18:25:00Z,545.595,545.81,545.18,545.37
2026-09-14T18:25:00Z,2026-09-14T18:30:00Z,545.365,545.43,544.825,544.975
2026-09-14T18:30:00Z,2026-09-14T18:35:00Z,544.97,545.6,544.94,545.47
2026-09-14T18:35:00Z,2026-09-14T18:40:00Z,545.48,545.715,545.38,545.56
2026-09-14T18:40:00Z,2026-09-14T18:45:00Z,545.555,546.015,545.355,545.83
2026-09-14T18:45:00Z,2026-09-14T18:50:00Z,545.835,546.09,545.425,545.875
2026-09-14T18:50:00Z,2026-09-14T18:55:00Z,545.865,546.24,545.705,546.155
2026-09-14T18:55:00Z,2026-09-14T19:00:00Z,546.16,546.43,545.92,546.37
2026-09-14T19:00:00Z,2026-09-14T19:05:00Z,546.365,546.73,546.26,546.545
2026-09-14T19:05:00Z,2026-09-14T19:10:00Z,546.515,546.625,545.27,545.75
2026-09-14T19:10:00Z,2026-09-14T19:15:00Z,545.76,545.835,544.72,544.905
2026-09-14T19:15:00Z,2026-09-14T19:20:00Z,544.905,544.95,544.445,544.94
2026-09-14T19:20:00Z,2026-09-14T19:25:00Z,544.93,545.025,544.275,544.635
2026-09-14T19:25:00Z,2026-09-14T19:30:00Z,544.61,544.88,544.17,544.215
2026-09-14T19:30:00Z,2026-09-14T19:35:00Z,544.185,544.46,542.995,543.285
2026-09-14T19:35:00Z,2026-09-14T19:40:00Z,543.28,543.285,542.345,542.475
2026-09-14T19:40:00Z,2026-09-14T19:45:00Z,542.485,542.985,542.435,542.845
2026-09-14T19:45:00Z,2026-09-14T19:50:00Z,542.84,543.165,542.42,543.05
2026-09-14T19:50:00Z,2026-09-14T19:55:00Z,543.05,543.05,541.51,542.31
2026-09-14T19:55:00Z,2026-09-14T20:00:00Z,542.29,542.34,540.755,540.765
2026-09-15T13:30:00Z,2026-09-15T13:35:00Z,546.46,548.115,545.035,546.72
2026-09-15T13:35:00Z,2026-09-15T13:40:00Z,546.71,546.905,544.165,544.47
2026-09-15T13:40:00Z,2026-09-15T13:45:00Z,544.455,546.17,544.005,545.745
2026-09-15T13:45:00Z,2026-09-15T13:50:00Z,545.75,547.015,545.59,546.52
2026-09-15T13:50:00Z,2026-09-15T13:55:00Z,546.515,547.38,545.835,546.97
2026-09-15T13:55:00Z,2026-09-15T14:00:00Z,546.985,547.53,546.535,546.81
2026-09-15T14:00:00Z,2026-09-15T14:05:00Z,546.745,547.51,546.24,546.66
2026-09-15T14:05:00Z,2026-09-15T14:10:00Z,546.665,547.555,546.285,546.49
2026-09-15T14:10:00Z,2026-09-15T14:15:00Z,546.525,546.585,544.66,545.025
2026-09-15T14:15:00Z,2026-09-15T14:20:00Z,545.04,545.69,544.895,545.525
2026-09-15T14:20:00Z,2026-09-15T14:25:00Z,545.52,545.69,543.81,545.03
2026-09-15T14:25:00Z,2026-09-15T14:30:00Z,545.04,545.285,544.57,544.97
2026-09-15T14:30:00Z,2026-09-15T14:35:00Z,544.965,545.57,544.095,544.225
2026-09-15T14:35:00Z,2026-09-15T14:40:00Z,544.215,544.51,543.26,543.535
2026-09-15T14:40:00Z,2026-09-15T14:45:00Z,543.52,543.99,542.84,543.98
2026-09-15T14:45:00Z,2026-09-15T14:50:00Z,543.985,544.65,542.97,542.975
2026-09-15T14:50:00Z,2026-09-15T14:55:00Z,542.98,542.995,541.055,542.115
2026-09-15T14:55:00Z,2026-09-15T15:00:00Z,542.095,542.485,541.675,541.925
2026-09-15T15:00:00Z,2026-09-15T15:05:00Z,541.93,543.05,541.68,543.05
2026-09-15T15:05:00Z,2026-09-15T15:10:00Z,543.045,543.195,542.24,542.31
2026-09-15T15:10:00Z,2026-09-15T15:15:00Z,542.3,542.55,541.55,542.155
2026-09-15T15:15:00Z,2026-09-15T15:20:00Z,542.16,542.74,542.09,542.495
2026-09-15T15:20:00Z,2026-09-15T15:25:00Z,542.51,543.115,542.025,542.73
2026-09-15T15:25:00Z,2026-09-15T15:30:00Z,542.735,543.735,542.71,543.48
2026-09-15T15:30:00Z,2026-09-15T15:35:00Z,543.475,543.52,542.475,542.99
2026-09-15T15:35:00Z,2026-09-15T15:40:00Z,542.985,543.29,542.675,542.685
2026-09-15T15:40:00Z,2026-09-15T15:45:00Z,542.69,543.17,542.61,542.78
2026-09-15T15:45:00Z,2026-09-15T15:50:00Z,542.79,542.89,542.125,542.35
2026-09-15T15:50:00Z,2026-09-15T15:55:00Z,542.345,543.335,542.29,542.555
2026-09-15T15:55:00Z,2026-09-15T16:00:00Z,542.55,542.925,541.385,541.4
2026-09-15T16:00:00Z,2026-09-15T16:05:00Z,541.39,542.14,541.335,541.73
2026-09-15T16:05:00Z,2026-09-15T16:10:00Z,541.675,541.84,540.77,540.96
2026-09-15T16:10:00Z,2026-09-15T16:15:00Z,540.955,541.065,540.615,540.815
2026-09-15T16:15:00Z,2026-09-15T16:20:00Z,540.82,541.61,540.7,541.51
2026-09-15T16:20:00Z,2026-09-15T16:25:00Z,541.515,542.19,541.48,542.005
2026-09-15T16:25:00Z,2026-09-15T16:30:00Z,542.01,542.13,541.565,541.68
2026-09-15T16:30:00Z,2026-09-15T16:35:00Z,541.69,541.69,540.9,541.145
2026-09-15T16:35:00Z,2026-09-15T16:40:00Z,541.15,541.335,540.815,541.175
2026-09-15T16:40:00Z,2026-09-15T16:45:00Z,541.185,541.72,541.08,541.56
2026-09-15T16:45:00Z,2026-09-15T16:50:00Z,541.555,541.92,541.24,541.51
2026-09-15T16:50:00Z,2026-09-15T16:55:00Z,541.51,542.075,541.44,541.915
2026-09-15T16:55:00Z,2026-09-15T17:00:00Z,541.92,541.985,540.95,541.16
2026-09-15T17:00:00Z,2026-09-15T17:05:00Z,541.14,541.27,540.34,540.34
2026-09-15T17:05:00Z,2026-09-15T17:10:00Z,540.335,540.765,540.125,540.465
2026-09-15T17:10:00Z,2026-09-15T17:15:00Z,540.46,540.82,540.46,540.485
2026-09-15T17:15:00Z,2026-09-15T17:20:00Z,540.51,541.035,540.495,541.015
2026-09-15T17:20:00Z,2026-09-15T17:25:00Z,541.04,541.31,540.66,540.665
2026-09-15T17:25:00Z,2026-09-15T17:30:00Z,540.665,541.14,540.615,541.14
2026-09-15T17:30:00Z,2026-09-15T17:35:00Z,541.14,541.375,540.955,541
2026-09-15T17:35:00Z,2026-09-15T17:40:00Z,541,541.17,540.69,540.69
2026-09-15T17:40:00Z,2026-09-15T17:45:00Z,540.69,540.85,540.19,540.535
2026-09-15T17:45:00Z,2026-09-15T17:50:00Z,540.535,540.91,540.535,540.875
2026-09-15T17:50:00Z,2026-09-15T17:55:00Z,540.86,541.53,540.76,541.495
2026-09-15T17:55:00Z,2026-09-15T18:00:00Z,541.5,541.895,541.365,541.85
2026-09-15T18:00:00Z,2026-09-15T18:05:00Z,541.86,542.115,541.56,542.05
2026-09-15T18:05:00Z,2026-09-15T18:10:00Z,542.06,542.29,541.855,542.27
2026-09-15T18:10:00Z,2026-09-15T18:15:00Z,542.28,542.295,541.715,541.77
2026-09-15T18:15:00Z,2026-09-15T18:20:00Z,541.78,541.89,541.3,541.52
2026-09-15T18:20:00Z,2026-09-15T18:25:00Z,541.495,541.92,541.46,541.805
2026-09-15T18:25:00Z,2026-09-15T18:30:00Z,541.81,542.38,541.79,542.17
2026-09-15T18:30:00Z,2026-09-15T18:35:00Z,542.165,542.165,541.525,541.585
2026-09-15T18:35:00Z,2026-09-15T18:40:00Z,541.59,541.77,541.1,541.515
2026-09-15T18:40:00Z,2026-09-15T18:45:00Z,541.52,541.635,540.995,541.225
2026-09-15T18:45:00Z,2026-09-15T18:50:00Z,541.23,541.3,540.855,541.005
2026-09-15T18:50:00Z,2026-09-15T18:55:00Z,540.995,541.46,540.935,541.45
2026-09-15T18:55:00Z,2026-09-15T19:00:00Z,541.445,541.72,541.31,541.66
2026-09-15T19:00:00Z,2026-09-15T19:05:00Z,541.65,541.885,541.42,541.585
2026-09-15T19:05:00Z,2026-09-15T19:10:00Z,541.625,541.965,541.57,541.96
2026-09-15T19:10:00Z,2026-09-15T19:15:00Z,541.955,542.09,541.53,541.53
2026-09-15T19:15:00Z,2026-09-15T19:20:00Z,541.6,541.97,541.45,541.96
2026-09-15T19:20:00Z,2026-09-15T19:25:00Z,541.96,541.96,541.52,541.62
2026-09-15T19:25:00Z,2026-09-15T19:30:00Z,541.61,542.22,541.57,541.96
2026-09-15T19:30:00Z,2026-09-15T19:35:00Z,541.945,542.05,541.55,541.69
2026-09-15T19:35:00Z,2026-09-15T19:40:00Z,541.68,541.74,541.43,541.635
2026-09-15T19:40:00Z,2026-09-15T19:45:00Z,541.635,542.215,541.565,541.87
2026-09-15T19:45:00Z,2026-09-15T19:50:00Z,541.87,542.41,541.67,541.82
2026-09-15T19:50:00Z,2026-09-15T19:55:00Z,541.82,541.895,541.295,541.845
2026-09-15T19:55:00Z,2026-09-15T20:00:00Z,541.85,542.21,541.6,542.12
2026-09-16T13:30:00Z,2026-09-16T13:35:00Z,550.145,550.405,548.285,549.51
2026-09-16T13:35:00Z,2026-09-16T13:40:00Z,549.635,550.38,548.71,549.495
2026-09-16T13:40:00Z,2026-09-16T13:45:00Z,549.505,549.995,548.975,549.125
2026-09-16T13:45:00Z,2026-09-16T13:50:00Z,549.13,551.23,549.105,551.1
2026-09-16T13:50:00Z,2026-09-16T13:55:00Z,551.095,551.34,550.295,550.605
2026-09-16T13:55:00Z,2026-09-16T14:00:00Z,550.615,551.755,550.53,551.565
2026-09-16T14:00:00Z,2026-09-16T14:05:00Z,551.59,551.805,550.345,550.595
2026-09-16T14:05:00Z,2026-09-16T14:10:00Z,550.6,551.52,550.075,550.98
2026-09-16T14:10:00Z,2026-09-16T14:15:00Z,551.01,551.43,550.075,550.715
2026-09-16T14:15:00Z,2026-09-16T14:20:00Z,550.75,551.695,550.635,551.28
2026-09-16T14:20:00Z,2026-09-16T14:25:00Z,551.295,551.605,550.93,551.11
2026-09-16T14:25:00Z,2026-09-16T14:30:00Z,551.115,551.24,550.58,551
2026-09-16T14:30:00Z,2026-09-16T14:35:00Z,550.995,551.075,550.285,550.285
2026-09-16T14:35:00Z,2026-09-16T14:40:00Z,550.29,550.57,549.74,550.295
2026-09-16T14:40:00Z,2026-09-16T14:45:00Z,550.28,550.525,549.96,550.49
2026-09-16T14:45:00Z,2026-09-16T14:50:00Z,550.45,550.75,550.025,550.345
2026-09-16T14:50:00Z,2026-09-16T14:55:00Z,550.315,550.735,549.975,550.515
2026-09-16T14:55:00Z,2026-09-16T15:00:00Z,550.525,551.365,550.32,551.32
2026-09-16T15:00:00Z,2026-09-16T15:05:00Z,551.315,551.585,550.96,551.15
2026-09-16T15:05:00Z,2026-09-16T15:10:00Z,551.14,552.39,550.87,552.05
2026-09-16T15:10:00Z,2026-09-16T15:15:00Z,552.06,552.115,551.27,551.595
2026-09-16T15:15:00Z,2026-09-16T15:20:00Z,551.585,551.66,550.675,550.985
2026-09-16T15:20:00Z,2026-09-16T15:25:00Z,550.975,551.765,550.81,551.75
2026-09-16T15:25:00Z,2026-09-16T15:30:00Z,551.75,552.375,551.59,551.635
2026-09-16T15:30:00Z,2026-09-16T15:35:00Z,551.64,551.73,551.185,551.37
2026-09-16T15:35:00Z,2026-09-16T15:40:00Z,551.365,551.795,551.24,551.425
2026-09-16T15:40:00Z,2026-09-16T15:45:00Z,551.42,551.575,551.04,551.39
2026-09-16T15:45:00Z,2026-09-16T15:50:00Z,551.385,553.16,551.255,552.495
2026-09-16T15:50:00Z,2026-09-16T15:55:00Z,552.5,552.68,551.7,551.7
2026-09-16T15:55:00Z,2026-09-16T16:00:00Z,551.68,551.825,551.325,551.335
2026-09-16T16:00:00Z,2026-09-16T16:05:00Z,551.345,551.5,550.79,550.8
2026-09-16T16:05:00Z,2026-09-16T16:10:00Z,550.805,551.34,550.79,551.165
2026-09-16T16:10:00Z,2026-09-16T16:15:00Z,551.16,551.38,550.98,551.37
2026-09-16T16:15:00Z,2026-09-16T16:20:00Z,551.365,551.675,551.33,551.61
2026-09-16T16:20:00Z,2026-09-16T16:25:00Z,551.615,551.615,551.045,551.075
2026-09-16T16:25:00Z,2026-09-16T16:30:00Z,551.07,551.405,551.04,551.305
2026-09-16T16:30:00Z,2026-09-16T16:35:00Z,551.31,551.425,550.68,550.73
2026-09-16T16:35:00Z,2026-09-16T16:40:00Z,550.74,550.975,550.655,550.815
2026-09-16T16:40:00Z,2026-09-16T16:45:00Z,550.81,550.86,550.58,550.6
2026-09-16T16:45:00Z,2026-09-16T16:50:00Z,550.59,551.285,550.59,551.05
2026-09-16T16:50:00Z,2026-09-16T16:55:00Z,551.065,551.22,550.65,551
2026-09-16T16:55:00Z,2026-09-16T17:00:00Z,550.995,551.055,550.735,550.765
2026-09-16T17:00:00Z,2026-09-16T17:05:00Z,550.775,550.8,549.89,550.065
2026-09-16T17:05:00Z,2026-09-16T17:10:00Z,550.06,550.225,549.89,550.205
2026-09-16T17:10:00Z,2026-09-16T17:15:00Z,550.2,550.385,549.93,550.32
2026-09-16T17:15:00Z,2026-09-16T17:20:00Z,550.31,550.37,549.9,550.025
2026-09-16T17:20:00Z,2026-09-16T17:25:00Z,550.02,550.09,549.375,549.48
2026-09-16T17:25:00Z,2026-09-16T17:30:00Z,549.445,549.655,549.34,549.585
2026-09-16T17:30:00Z,2026-09-16T17:35:00Z,549.59,549.78,549.17,549.33
2026-09-16T17:35:00Z,2026-09-16T17:40:00Z,549.335,549.565,549.225,549.23
2026-09-16T17:40:00Z,2026-09-16T17:45:00Z,549.24,549.265,548.63,548.77
2026-09-16T17:45:00Z,2026-09-16T17:50:00Z,548.775,549.41,548.76,549.3
2026-09-16T17:50:00Z,2026-09-16T17:55:00Z,549.32,549.89,549.08,549.77
2026-09-16T17:55:00Z,2026-09-16T18:00:00Z,549.76,551.245,549.74,551.225
2026-09-16T18:00:00Z,2026-09-16T18:05:00Z,551.235,552.32,548.43,551.385
2026-09-16T18:05:00Z,2026-09-16T18:10:00Z,551.395,552.28,550.92,550.975
2026-09-16T18:10:00Z,2026-09-16T18:15:00Z,550.99,551.23,550.07,550.43
2026-09-16T18:15:00Z,2026-09-16T18:20:00Z,550.435,550.435,549.44,549.885
2026-09-16T18:20:00Z,2026-09-16T18:25:00Z,549.895,550.19,549.5,549.59
2026-09-16T18:25:00Z,2026-09-16T18:30:00Z,549.58,549.665,547.875,549.435
2026-09-16T18:30:00Z,2026-09-16T18:35:00Z,549.44,549.86,547.49,547.91
2026-09-16T18:35:00Z,2026-09-16T18:40:00Z,547.89,548.65,546.015,548.125
2026-09-16T18:40:00Z,2026-09-16T18:45:00Z,548.12,550.03,547.83,548.43
2026-09-16T18:45:00Z,2026-09-16T18:50:00Z,548.415,549.32,546.7,546.89
2026-09-16T18:50:00Z,2026-09-16T18:55:00Z,546.895,547.47,544.895,544.945
2026-09-16T18:55:00Z,2026-09-16T19:00:00Z,544.96,545.74,543.18,543.925
2026-09-16T19:00:00Z,2026-09-16T19:05:00Z,543.99,545.325,543.745,544.445
2026-09-16T19:05:00Z,2026-09-16T19:10:00Z,544.47,544.47,541.645,542.405
2026-09-16T19:10:00Z,2026-09-16T19:15:00Z,542.43,542.585,540.605,541.335
2026-09-16T19:15:00Z,2026-09-16T19:20:00Z,541.33,542.275,540.62,541.285
2026-09-16T19:20:00Z,2026-09-16T19:25:00Z,541.28,541.835,540.68,541.465
2026-09-16T19:25:00Z,2026-09-16T19:30:00Z,541.475,542.705,540.425,542.57
2026-09-16T19:30:00Z,2026-09-16T19:35:00Z,542.575,543.94,542.36,543.925
2026-09-16T19:35:00Z,2026-09-16T19:40:00Z,543.945,544.065,542.7,543.995
2026-09-16T19:40:00Z,2026-09-16T19:45:00Z,543.995,544.515,543.09,543.63
2026-09-16T19:45:00Z,2026-09-16T19:50:00Z,543.62,545.105,543.565,544.675
2026-09-16T19:50:00Z,2026-09-16T19:55:00Z,544.68,545.365,543.95,544.345
2026-09-16T19:55:00Z,2026-09-16T20:00:00Z,544.35,545.745,543.93,545.46
2026-09-17T13:30:00Z,2026-09-17T13:35:00Z,560.04,560.635,558.645,558.935
2026-09-17T13:35:00Z,2026-09-17T13:40:00Z,558.935,559.785,557.695,557.755
2026-09-17T13:40:00Z,2026-09-17T13:45:00Z,557.74,559.74,557.625,559.265
2026-09-17T13:45:00Z,2026-09-17T13:50:00Z,559.26,560.415,558.985,559.7
2026-09-17T13:50:00Z,2026-09-17T13:55:00Z,559.715,561.725,559.49,560.955
2026-09-17T13:55:00Z,2026-09-17T14:00:00Z,560.95,561.295,560.12,561.04
2026-09-17T14:00:00Z,2026-09-17T14:05:00Z,560.96,561.18,559.45,559.96
2026-09-17T14:05:00Z,2026-09-17T14:10:00Z,559.965,560.42,558.98,559.63
2026-09-17T14:10:00Z,2026-09-17T14:15:00Z,559.61,561.25,559.51,561.02
2026-09-17T14:15:00Z,2026-09-17T14:20:00Z,561.025,561.555,560.635,560.935
2026-09-17T14:20:00Z,2026-09-17T14:25:00Z,560.915,560.935,560.305,560.43
2026-09-17T14:25:00Z,2026-09-17T14:30:00Z,560.425,560.735,559.91,559.965
2026-09-17T14:30:00Z,2026-09-17T14:35:00Z,559.965,560.685,559.51,560.45
2026-09-17T14:35:00Z,2026-09-17T14:40:00Z,560.51,560.58,560.02,560.16
2026-09-17T14:40:00Z,2026-09-17T14:45:00Z,560.165,560.53,559.715,559.865
2026-09-17T14:45:00Z,2026-09-17T14:50:00Z,559.885,559.91,559.22,559.52
2026-09-17T14:50:00Z,2026-09-17T14:55:00Z,559.54,559.655,558.455,558.91
2026-09-17T14:55:00Z,2026-09-17T15:00:00Z,558.895,559.635,558.675,559.155
2026-09-17T15:00:00Z,2026-09-17T15:05:00Z,559.175,559.735,558.7,559.615
2026-09-17T15:05:00Z,2026-09-17T15:10:00Z,559.605,560.22,559.21,559.9
2026-09-17T15:10:00Z,2026-09-17T15:15:00Z,559.89,559.895,559.115,559.57
2026-09-17T15:15:00Z,2026-09-17T15:20:00Z,559.56,559.56,559.02,559.11
2026-09-17T15:20:00Z,2026-09-17T15:25:00Z,559.115,559.53,558.875,559.445
2026-09-17T15:25:00Z,2026-09-17T15:30:00Z,559.46,559.96,559.435,559.775
2026-09-17T15:30:00Z,2026-09-17T15:35:00Z,559.78,559.985,559.33,559.495
2026-09-17T15:35:00Z,2026-09-17T15:40:00Z,559.475,559.725,559.42,559.54
2026-09-17T15:40:00Z,2026-09-17T15:45:00Z,559.53,560.05,559.51,559.71
2026-09-17T15:45:00Z,2026-09-17T15:50:00Z,559.69,559.94,559.595,559.94
2026-09-17T15:50:00Z,2026-09-17T15:55:00Z,559.905,559.985,559.435,559.47
2026-09-17T15:55:00Z,2026-09-17T16:00:00Z,559.48,559.925,559.425,559.86
2026-09-17T16:00:00Z,2026-09-17T16:05:00Z,559.905,560.085,559.68,559.78
2026-09-17T16:05:00Z,2026-09-17T16:10:00Z,559.79,560.24,559.65,560.22
2026-09-17T16:10:00Z,2026-09-17T16:15:00Z,560.21,560.47,560.14,560.47
2026-09-17T16:15:00Z,2026-09-17T16:20:00Z,560.455,560.655,560.2,560.6
2026-09-17T16:20:00Z,2026-09-17T16:25:00Z,560.59,560.84,560.315,560.68
2026-09-17T16:25:00Z,2026-09-17T16:30:00Z,560.675,560.75,560.31,560.75
2026-09-17T16:30:00Z,2026-09-17T16:35:00Z,560.745,560.885,560.2,560.33
2026-09-17T16:35:00Z,2026-09-17T16:40:00Z,560.335,560.58,560.145,560.21
2026-09-17T16:40:00Z,2026-09-17T16:45:00Z,560.22,560.615,560.095,560.47
2026-09-17T16:45:00Z,2026-09-17T16:50:00Z,560.475,560.695,560.31,560.525
2026-09-17T16:50:00Z,2026-09-17T16:55:00Z,560.52,560.74,560.4,560.645
2026-09-17T16:55:00Z,2026-09-17T17:00:00Z,560.635,560.71,559.71,560.625
2026-09-17T17:00:00Z,2026-09-17T17:05:00Z,560.63,561.225,560.565,561.04
2026-09-17T17:05:00Z,2026-09-17T17:10:00Z,561.045,561.53,561.005,561.18
2026-09-17T17:10:00Z,2026-09-17T17:15:00Z,561.175,561.18,560.555,560.63
2026-09-17T17:15:00Z,2026-09-17T17:20:00Z,560.62,560.96,560.54,560.845
2026-09-17T17:20:00Z,2026-09-17T17:25:00Z,560.85,560.95,560.63,560.77
2026-09-17T17:25:00Z,2026-09-17T17:30:00Z,560.795,561.105,560.735,560.87
2026-09-17T17:30:00Z,2026-09-17T17:35:00Z,560.875,560.97,560.56,560.925
2026-09-17T17:35:00Z,2026-09-17T17:40:00Z,560.93,561.125,560.7,560.735
2026-09-17T17:40:00Z,2026-09-17T17:45:00Z,560.725,561.345,560.725,561.325
2026-09-17T17:45:00Z,2026-09-17T17:50:00Z,561.315,561.44,561.245,561.27
2026-09-17T17:50:00Z,2026-09-17T17:55:00Z,561.26,561.32,561.04,561.135
2026-09-17T17:55:00Z,2026-09-17T18:00:00Z,561.125,561.305,561.1,561.295
2026-09-17T18:00:00Z,2026-09-17T18:05:00Z,561.305,561.4,561.065,561.26
2026-09-17T18:05:00Z,2026-09-17T18:10:00Z,561.28,561.48,561.05,561.16
2026-09-17T18:10:00Z,2026-09-17T18:15:00Z,561.165,561.45,561.06,561.33
2026-09-17T18:15:00Z,2026-09-17T18:20:00Z,561.315,561.505,561.255,561.485
2026-09-17T18:20:00Z,2026-09-17T18:25:00Z,561.485,561.54,561.055,561.255
2026-09-17T18:25:00Z,2026-09-17T18:30:00Z,561.25,561.43,561.21,561.255
2026-09-17T18:30:00Z,2026-09-17T18:35:00Z,561.26,561.63,561.17,561.205
2026-09-17T18:35:00Z,2026-09-17T18:40:00Z,561.21,561.245,560.82,560.905
2026-09-17T18:40:00Z,2026-09-17T18:45:00Z,560.88,561.015,560.72,560.975
2026-09-17T18:45:00Z,2026-09-17T18:50:00Z,560.97,561.27,560.89,561.015
2026-09-17T18:50:00Z,2026-09-17T18:55:00Z,561.005,561.12,560.665,560.755
2026-09-17T18:55:00Z,2026-09-17T19:00:00Z,560.75,561.075,560.735,561.025
2026-09-17T19:00:00Z,2026-09-17T19:05:00Z,561.015,561.21,560.885,561
2026-09-17T19:05:00Z,2026-09-17T19:10:00Z,561.01,561.395,560.885,561.075
2026-09-17T19:10:00Z,2026-09-17T19:15:00Z,561.08,561.23,560.93,560.97
2026-09-17T19:15:00Z,2026-09-17T19:20:00Z,560.965,561.43,560.965,561.265
2026-09-17T19:20:00Z,2026-09-17T19:25:00Z,561.26,561.36,560.94,560.95
2026-09-17T19:25:00Z,2026-09-17T19:30:00Z,560.97,561.105,560.605,560.68
2026-09-17T19:30:00Z,2026-09-17T19:35:00Z,560.685,561.6,560.65,561.32
2026-09-17T19:35:00Z,2026-09-17T19:40:00Z,561.31,561.56,561.3,561.525
2026-09-17T19:40:00Z,2026-09-17T19:45:00Z,561.52,561.555,560.66,561.015
2026-09-17T19:45:00Z,2026-09-17T19:50:00Z,561.035,561.085,560.74,561.005
2026-09-17T19:50:00Z,2026-09-17T19:55:00Z,561.01,561.475,560.59,560.66
2026-09-17T19:55:00Z,2026-09-17T20:00:00Z,560.65,561.185,560.38,560.575
2026-09-18T13:30:00Z,2026-09-18T13:35:00Z,563.76,565.1,563.34,563.97
2026-09-18T13:35:00Z,2026-09-18T13:40:00Z,563.955,566.04,563.755,565.925
2026-09-18T13:40:00Z,2026-09-18T13:45:00Z,565.935,567.36,565.11,566.815
2026-09-18T13:45:00Z,2026-09-18T13:50:00Z,566.78,567.605,565.755,565.91
2026-09-18T13:50:00Z,2026-09-18T13:55:00Z,565.89,566.045,565.105,565.545
2026-09-18T13:55:00Z,2026-09-18T14:00:00Z,565.555,565.61,564.58,565.07
2026-09-18T14:00:00Z,2026-09-18T14:05:00Z,565.085,565.54,563.775,563.875
2026-09-18T14:05:00Z,2026-09-18T14:10:00Z,563.87,565.205,563.345,565.2
2026-09-18T14:10:00Z,2026-09-18T14:15:00Z,565.195,566.385,565.12,566.09
2026-09-18T14:15:00Z,2026-09-18T14:20:00Z,566.1,566.21,565.415,565.925
2026-09-18T14:20:00Z,2026-09-18T14:25:00Z,565.92,566.51,565.56,566.215
2026-09-18T14:25:00Z,2026-09-18T14:30:00Z,566.14,566.16,565.555,565.57
2026-09-18T14:30:00Z,2026-09-18T14:35:00Z,565.615,565.885,565.41,565.54
2026-09-18T14:35:00Z,2026-09-18T14:40:00Z,565.545,565.775,564.915,565.28
2026-09-18T14:40:00Z,2026-09-18T14:45:00Z,565.275,565.345,564.145,564.28
2026-09-18T14:45:00Z,2026-09-18T14:50:00Z,564.295,565.085,564.08,564.96
2026-09-18T14:50:00Z,2026-09-18T14:55:00Z,564.955,565.505,564.82,565.165
2026-09-18T14:55:00Z,2026-09-18T15:00:00Z,565.19,565.345,564.6,564.915
2026-09-18T15:00:00Z,2026-09-18T15:05:00Z,564.925,565.22,564.38,564.475
2026-09-18T15:05:00Z,2026-09-18T15:10:00Z,564.48,565.165,564.45,564.81
2026-09-18T15:10:00Z,2026-09-18T15:15:00Z,564.8,564.825,564.13,564.63
2026-09-18T15:15:00Z,2026-09-18T15:20:00Z,564.66,565.17,564.535,564.95
2026-09-18T15:20:00Z,2026-09-18T15:25:00Z,564.955,565.405,564.67,565.135
2026-09-18T15:25:00Z,2026-09-18T15:30:00Z,565.13,565.815,565.04,565.685
2026-09-18T15:30:00Z,2026-09-18T15:35:00Z,565.69,565.88,565.145,565.54
2026-09-18T15:35:00Z,2026-09-18T15:40:00Z,565.535,565.655,564.915,565.045
2026-09-18T15:40:00Z,2026-09-18T15:45:00Z,565.035,565.055,564.6,564.92
2026-09-18T15:45:00Z,2026-09-18T15:50:00Z,564.945,565.275,564.645,565.135
2026-09-18T15:50:00Z,2026-09-18T15:55:00Z,565.135,565.4,564.6,564.64
2026-09-18T15:55:00Z,2026-09-18T16:00:00Z,564.645,564.745,564.175,564.285
2026-09-18T16:00:00Z,2026-09-18T16:05:00Z,564.275,564.295,563.855,563.895
2026-09-18T16:05:00Z,2026-09-18T16:10:00Z,563.905,564.38,563.895,563.935
2026-09-18T16:10:00Z,2026-09-18T16:15:00Z,563.91,564.075,563.64,563.905
2026-09-18T16:15:00Z,2026-09-18T16:20:00Z,563.92,564.435,563.885,564.395
2026-09-18T16:20:00Z,2026-09-18T16:25:00Z,564.4,564.585,563.15,563.215
2026-09-18T16:25:00Z,2026-09-18T16:30:00Z,563.225,563.65,562.725,563.585
2026-09-18T16:30:00Z,2026-09-18T16:35:00Z,563.58,564.34,563.4,564.2
2026-09-18T16:35:00Z,2026-09-18T16:40:00Z,564.21,564.34,563.845,563.965
2026-09-18T16:40:00Z,2026-09-18T16:45:00Z,563.965,564.085,563.735,563.965
2026-09-18T16:45:00Z,2026-09-18T16:50:00Z,563.975,563.98,563.44,563.655
2026-09-18T16:50:00Z,2026-09-18T16:55:00Z,563.65,563.91,563.565,563.845
2026-09-18T16:55:00Z,2026-09-18T17:00:00Z,563.84,564.13,563.76,564.11
2026-09-18T17:00:00Z,2026-09-18T17:05:00Z,564.115,564.42,563.955,564.155
2026-09-18T17:05:00Z,2026-09-18T17:10:00Z,564.165,564.65,564.08,564.555
2026-09-18T17:10:00Z,2026-09-18T17:15:00Z,564.56,564.565,564.265,564.56
2026-09-18T17:15:00Z,2026-09-18T17:20:00Z,564.565,564.87,564.48,564.7
2026-09-18T17:20:00Z,2026-09-18T17:25:00Z,564.69,564.755,564.455,564.545
2026-09-18T17:25:00Z,2026-09-18T17:30:00Z,564.54,564.835,564.515,564.735
2026-09-18T17:30:00Z,2026-09-18T17:35:00Z,564.73,564.75,564.465,564.59
2026-09-18T17:35:00Z,2026-09-18T17:40:00Z,564.595,564.86,564.595,564.705
2026-09-18T17:40:00Z,2026-09-18T17:45:00Z,564.695,564.845,564.525,564.835
2026-09-18T17:45:00Z,2026-09-18T17:50:00Z,564.84,564.84,564.565,564.79
2026-09-18T17:50:00Z,2026-09-18T17:55:00Z,564.795,564.845,564.555,564.57
2026-09-18T17:55:00Z,2026-09-18T18:00:00Z,564.565,564.805,564.545,564.65
2026-09-18T18:00:00Z,2026-09-18T18:05:00Z,564.64,564.705,564.415,564.5
2026-09-18T18:05:00Z,2026-09-18T18:10:00Z,564.48,564.55,564.27,564.325
2026-09-18T18:10:00Z,2026-09-18T18:15:00Z,564.31,564.375,564.08,564.23
2026-09-18T18:15:00Z,2026-09-18T18:20:00Z,564.22,564.49,564.22,564.46
2026-09-18T18:20:00Z,2026-09-18T18:25:00Z,564.46,565.085,564.43,564.62
2026-09-18T18:25:00Z,2026-09-18T18:30:00Z,564.625,564.67,564.19,564.4
2026-09-18T18:30:00Z,2026-09-18T18:35:00Z,564.405,564.42,564.115,564.31
2026-09-18T18:35:00Z,2026-09-18T18:40:00Z,564.34,564.42,564.1,564.37
2026-09-18T18:40:00Z,2026-09-18T18:45:00Z,564.375,564.545,564.255,564.515
2026-09-18T18:45:00Z,2026-09-18T18:50:00Z,564.525,564.985,564.475,564.865
2026-09-18T18:50:00Z,2026-09-18T18:55:00Z,564.86,565.49,564.785,565.21
2026-09-18T18:55:00Z,2026-09-18T19:00:00Z,565.215,565.44,565.085,565.16
2026-09-18T19:00:00Z,2026-09-18T19:05:00Z,565.155,565.82,565.155,565.715
2026-09-18T19:05:00Z,2026-09-18T19:10:00Z,565.71,565.955,565.4,565.595
2026-09-18T19:10:00Z,2026-09-18T19:15:00Z,565.6,565.925,565.37,565.58
2026-09-18T19:15:00Z,2026-09-18T19:20:00Z,565.575,565.99,565.495,565.95
2026-09-18T19:20:00Z,2026-09-18T19:25:00Z,565.985,566.055,565.67,565.73
2026-09-18T19:25:00Z,2026-09-18T19:30:00Z,565.745,565.795,565.56,565.71
2026-09-18T19:30:00Z,2026-09-18T19:35:00Z,565.715,566.005,565.245,566
2026-09-18T19:35:00Z,2026-09-18T19:40:00Z,566.005,566.725,565.92,566.525
2026-09-18T19:40:00Z,2026-09-18T19:45:00Z,566.52,566.99,566.48,566.975
2026-09-18T19:45:00Z,2026-09-18T19:50:00Z,566.965,567.15,566.69,566.97
2026-09-18T19:50:00Z,2026-09-18T19:55:00Z,566.965,569.535,566.965,569.495
2026-09-18T19:55:00Z,2026-09-18T20:00:00Z,569.485,572.87,569.485,572.725
2026-09-21T13:30:00Z,2026-09-21T13:35:00Z,581.895,582.765,578.55,580.4
2026-09-21T13:35:00Z,2026-09-21T13:40:00Z,580.42,583.505,579.825,583.225
2026-09-21T13:40:00Z,2026-09-21T13:45:00Z,583.24,584.445,583.055,583.625
2026-09-21T13:45:00Z,2026-09-21T13:50:00Z,583.63,585.29,583.63,584.64
2026-09-21T13:50:00Z,2026-09-21T13:55:00Z,584.65,585.21,584.445,585.03
2026-09-21T13:55:00Z,2026-09-21T14:00:00Z,585.04,585.04,584.175,584.245
2026-09-21T14:00:00Z,2026-09-21T14:05:00Z,584.245,584.925,583.825,583.975
2026-09-21T14:05:00Z,2026-09-21T14:10:00Z,583.96,584.1,582.665,582.86
2026-09-21T14:10:00Z,2026-09-21T14:15:00Z,582.855,584.725,582.855,584.67
2026-09-21T14:15:00Z,2026-09-21T14:20:00Z,584.695,585.345,584.525,585.03
2026-09-21T14:20:00Z,2026-09-21T14:25:00Z,585.04,585.975,584.43,585.955
2026-09-21T14:25:00Z,2026-09-21T14:30:00Z,585.965,586.8,585.74,586.535
2026-09-21T14:30:00Z,2026-09-21T14:35:00Z,586.545,587.035,586.45,586.685
2026-09-21T14:35:00Z,2026-09-21T14:40:00Z,586.69,587.84,586.69,587.21
2026-09-21T14:40:00Z,2026-09-21T14:45:00Z,587.215,587.295,586.45,587.11
2026-09-21T14:45:00Z,2026-09-21T14:50:00Z,587.09,587.295,586.785,586.795
2026-09-21T14:50:00Z,2026-09-21T14:55:00Z,586.785,586.975,586.145,586.975
2026-09-21T14:55:00Z,2026-09-21T15:00:00Z,586.95,588.315,586.77,588.215
2026-09-21T15:00:00Z,2026-09-21T15:05:00Z,588.22,590.115,588.19,590.09
2026-09-21T15:05:00Z,2026-09-21T15:10:00Z,590.095,590.59,589.54,590.29
2026-09-21T15:10:00Z,2026-09-21T15:15:00Z,590.28,591.08,590.1,590.87
2026-09-21T15:15:00Z,2026-09-21T15:20:00Z,590.88,591.02,590.19,590.385
2026-09-21T15:20:00Z,2026-09-21T15:25:00Z,590.4,590.5,589.98,590.39
2026-09-21T15:25:00Z,2026-09-21T15:30:00Z,590.385,591.205,590.3,591.165
2026-09-21T15:30:00Z,2026-09-21T15:35:00Z,591.175,591.465,590.94,590.98
2026-09-21T15:35:00Z,2026-09-21T15:40:00Z,590.96,591.795,590.93,591.665
2026-09-21T15:40:00Z,2026-09-21T15:45:00Z,591.67,591.8,590.985,591.23
2026-09-21T15:45:00Z,2026-09-21T15:50:00Z,591.24,591.41,590.99,591.095
2026-09-21T15:50:00Z,2026-09-21T15:55:00Z,591.125,591.21,590.45,590.51
2026-09-21T15:55:00Z,2026-09-21T16:00:00Z,590.505,590.635,590.11,590.54
2026-09-21T16:00:00Z,2026-09-21T16:05:00Z,590.545,590.88,589.97,590.86
2026-09-21T16:05:00Z,2026-09-21T16:10:00Z,590.87,591.305,590.59,591.125
2026-09-21T16:10:00Z,2026-09-21T16:15:00Z,591.13,591.645,591.04,591.3
2026-09-21T16:15:00Z,2026-09-21T16:20:00Z,591.34,591.525,591.03,591.35
2026-09-21T16:20:00Z,2026-09-21T16:25:00Z,591.355,591.835,591.13,591.83
2026-09-21T16:25:00Z,2026-09-21T16:30:00Z,591.84,592.41,591.68,592.18
2026-09-21T16:30:00Z,2026-09-21T16:35:00Z,592.175,593.285,592.165,593.21
2026-09-21T16:35:00Z,2026-09-21T16:40:00Z,593.22,593.385,592.27,592.47
2026-09-21T16:40:00Z,2026-09-21T16:45:00Z,592.46,592.9,592.37,592.415
2026-09-21T16:45:00Z,2026-09-21T16:50:00Z,592.425,592.935,592.42,592.74
2026-09-21T16:50:00Z,2026-09-21T16:55:00Z,592.735,592.94,592.49,592.93
2026-09-21T16:55:00Z,2026-09-21T17:00:00Z,592.925,593.375,592.88,593.34
2026-09-21T17:00:00Z,2026-09-21T17:05:00Z,593.32,593.645,593.295,593.585
2026-09-21T17:05:00Z,2026-09-21T17:10:00Z,593.59,593.77,593.13,593.23
2026-09-21T17:10:00Z,2026-09-21T17:15:00Z,593.24,593.36,592.93,593.17
2026-09-21T17:15:00Z,2026-09-21T17:20:00Z,593.155,593.24,592.67,592.9
2026-09-21T17:20:00Z,2026-09-21T17:25:00Z,592.91,592.98,591.95,592.005
2026-09-21T17:25:00Z,2026-09-21T17:30:00Z,592.02,592.74,591.77,592.705
2026-09-21T17:30:00Z,2026-09-21T17:35:00Z,592.71,593.105,592.505,592.55
2026-09-21T17:35:00Z,2026-09-21T17:40:00Z,592.555,593.035,592.41,592.945
2026-09-21T17:40:00Z,2026-09-21T17:45:00Z,592.955,593.165,592.85,593.165
2026-09-21T17:45:00Z,2026-09-21T17:50:00Z,593.165,593.78,593.165,593.595
2026-09-21T17:50:00Z,2026-09-21T17:55:00Z,593.6,593.865,593.51,593.735
2026-09-21T17:55:00Z,2026-09-21T18:00:00Z,593.725,593.78,593.275,593.365
2026-09-21T18:00:00Z,2026-09-21T18:05:00Z,593.37,593.98,593.365,593.98
2026-09-21T18:05:00Z,2026-09-21T18:10:00Z,593.975,594.09,593.645,593.695
2026-09-21T18:10:00Z,2026-09-21T18:15:00Z,593.69,594.315,593.68,594.265
2026-09-21T18:15:00Z,2026-09-21T18:20:00Z,594.26,594.55,594.065,594.47
2026-09-21T18:20:00Z,2026-09-21T18:25:00Z,594.46,594.83,594.415,594.685
2026-09-21T18:25:00Z,2026-09-21T18:30:00Z,594.69,594.71,594.315,594.71
2026-09-21T18:30:00Z,2026-09-21T18:35:00Z,594.715,594.96,594.37,594.485
2026-09-21T18:35:00Z,2026-09-21T18:40:00Z,594.495,595.27,594.495,595.26
2026-09-21T18:40:00Z,2026-09-21T18:45:00Z,595.265,595.275,594.925,595.165
2026-09-21T18:45:00Z,2026-09-21T18:50:00Z,595.195,595.48,595.13,595.435
2026-09-21T18:50:00Z,2026-09-21T18:55:00Z,595.42,595.99,595.315,595.89
2026-09-21T18:55:00Z,2026-09-21T19:00:00Z,595.88,595.93,595.435,595.8
2026-09-21T19:00:00Z,2026-09-21T19:05:00Z,595.795,596.13,595.395,595.43
2026-09-21T19:05:00Z,2026-09-21T19:10:00Z,595.445,596.18,595.395,595.78
2026-09-21T19:10:00Z,2026-09-21T19:15:00Z,595.79,596.5,595.61,596.495
2026-09-21T19:15:00Z,2026-09-21T19:20:00Z,596.485,597.055,596.44,596.94
2026-09-21T19:20:00Z,2026-09-21T19:25:00Z,596.935,597.14,596.555,596.6
2026-09-21T19:25:00Z,2026-09-21T19:30:00Z,596.61,596.73,596.25,596.255
2026-09-21T19:30:00Z,2026-09-21T19:35:00Z,596.25,597.415,596.13,597.345
2026-09-21T19:35:00Z,2026-09-21T19:40:00Z,597.345,598.48,597.3,598.415
2026-09-21T19:40:00Z,2026-09-21T19:45:00Z,598.42,598.62,597.77,597.86
2026-09-21T19:45:00Z,2026-09-21T19:50:00Z,597.87,597.91,597.095,597.345
2026-09-21T19:50:00Z,2026-09-21T19:55:00Z,597.355,597.445,596.525,596.78
2026-09-21T19:55:00Z,2026-09-21T20:00:00Z,596.735,597.37,595.905,596.135
2026-09-22T13:30:00Z,2026-09-22T13:35:00Z,591.26,596.76,591.17,596.76
2026-09-22T13:35:00Z,2026-09-22T13:40:00Z,596.765,597.975,595.995,596.75
2026-09-22T13:40:00Z,2026-09-22T13:45:00Z,596.735,598.345,596.585,597.635
2026-09-22T13:45:00Z,2026-09-22T13:50:00Z,597.62,597.88,596.56,596.98
2026-09-22T13:50:00Z,2026-09-22T13:55:00Z,596.97,599.325,596.925,599.3
2026-09-22T13:55:00Z,2026-09-22T14:00:00Z,599.295,600.195,598.34,600.145
2026-09-22T14:00:00Z,2026-09-22T14:05:00Z,600.15,600.24,598.76,599.45
2026-09-22T14:05:00Z,2026-09-22T14:10:00Z,599.435,600.08,598.99,599.96
2026-09-22T14:10:00Z,2026-09-22T14:15:00Z,599.955,601.845,599.88,601.195
2026-09-22T14:15:00Z,2026-09-22T14:20:00Z,601.19,601.36,600.54,600.94
2026-09-22T14:20:00Z,2026-09-22T14:25:00Z,600.935,601.325,600.165,601.195
2026-09-22T14:25:00Z,2026-09-22T14:30:00Z,601.175,602.31,600.745,601.995
2026-09-22T14:30:00Z,2026-09-22T14:35:00Z,601.99,603.685,601.835,603.565
2026-09-22T14:35:00Z,2026-09-22T14:40:00Z,603.575,603.585,601.25,601.49
2026-09-22T14:40:00Z,2026-09-22T14:45:00Z,601.47,601.68,599.45,599.945
2026-09-22T14:45:00Z,2026-09-22T14:50:00Z,599.935,600.47,598.41,600.44
2026-09-22T14:50:00Z,2026-09-22T14:55:00Z,600.415,600.795,599.635,600.52
2026-09-22T14:55:00Z,2026-09-22T15:00:00Z,600.56,600.785,599.88,600.485
2026-09-22T15:00:00Z,2026-09-22T15:05:00Z,600.495,600.95,600.125,600.435
2026-09-22T15:05:00Z,2026-09-22T15:10:00Z,600.48,601.12,600.3,600.445
2026-09-22T15:10:00Z,2026-09-22T15:15:00Z,600.5,601.88,600.5,601.7
2026-09-22T15:15:00Z,2026-09-22T15:20:00Z,601.705,601.81,601.05,601.73
2026-09-22T15:20:00Z,2026-09-22T15:25:00Z,601.725,601.835,601.185,601.445
2026-09-22T15:25:00Z,2026-09-22T15:30:00Z,601.44,601.75,601.12,601.365
2026-09-22T15:30:00Z,2026-09-22T15:35:00Z,601.375,601.645,601.095,601.495
2026-09-22T15:35:00Z,2026-09-22T15:40:00Z,601.49,601.68,600.995,601.28
2026-09-22T15:40:00Z,2026-09-22T15:45:00Z,601.285,601.49,600.995,601.355
2026-09-22T15:45:00Z,2026-09-22T15:50:00Z,601.345,602.075,601.295,601.7
2026-09-22T15:50:00Z,2026-09-22T15:55:00Z,601.705,602.27,601.64,601.815
2026-09-22T15:55:00Z,2026-09-22T16:00:00Z,601.81,602.4,601.655,602.325
2026-09-22T16:00:00Z,2026-09-22T16:05:00Z,602.34,602.485,602.055,602.365
2026-09-22T16:05:00Z,2026-09-22T16:10:00Z,602.36,603.19,602.26,602.765
2026-09-22T16:10:00Z,2026-09-22T16:15:00Z,602.73,603.06,602.53,602.945
2026-09-22T16:15:00Z,2026-09-22T16:20:00Z,602.935,603.02,602.425,602.58
2026-09-22T16:20:00Z,2026-09-22T16:25:00Z,602.585,603.075,602.075,602.19
2026-09-22T16:25:00Z,2026-09-22T16:30:00Z,602.18,602.535,601.345,601.39
2026-09-22T16:30:00Z,2026-09-22T16:35:00Z,601.395,602.435,601.395,602.35
2026-09-22T16:35:00Z,2026-09-22T16:40:00Z,602.345,602.495,602.005,602.2
2026-09-22T16:40:00Z,2026-09-22T16:45:00Z,602.185,602.65,602.13,602.565
2026-09-22T16:45:00Z,2026-09-22T16:50:00Z,602.56,603.46,602.43,603.38
2026-09-22T16:50:00Z,2026-09-22T16:55:00Z,603.385,603.81,603.235,603.66
2026-09-22T16:55:00Z,2026-09-22T17:00:00Z,603.655,603.985,603.55,603.95
2026-09-22T17:00:00Z,2026-09-22T17:05:00Z,603.94,604.29,603.8,604.125
2026-09-22T17:05:00Z,2026-09-22T17:10:00Z,604.12,604.535,603.995,604.2
2026-09-22T17:10:00Z,2026-09-22T17:15:00Z,604.21,604.395,603.91,603.95
2026-09-22T17:15:00Z,2026-09-22T17:20:00Z,603.94,603.95,603.55,603.715
2026-09-22T17:20:00Z,2026-09-22T17:25:00Z,603.7,603.72,602.93,603.18
2026-09-22T17:25:00Z,2026-09-22T17:30:00Z,603.185,603.79,603.09,603.72
2026-09-22T17:30:00Z,2026-09-22T17:35:00Z,603.71,603.735,602.95,603.33
2026-09-22T17:35:00Z,2026-09-22T17:40:00Z,603.34,603.535,603.03,603.165
2026-09-22T17:40:00Z,2026-09-22T17:45:00Z,603.16,603.56,602.815,603.41
2026-09-22T17:45:00Z,2026-09-22T17:50:00Z,603.42,603.655,603.31,603.52
2026-09-22T17:50:00Z,2026-09-22T17:55:00Z,603.53,604.97,603.39,604.64
2026-09-22T17:55:00Z,2026-09-22T18:00:00Z,604.635,604.76,604.03,604.625
2026-09-22T18:00:00Z,2026-09-22T18:05:00Z,604.62,604.645,603.33,604.285
2026-09-22T18:05:00Z,2026-09-22T18:10:00Z,604.295,604.935,604.235,604.895
2026-09-22T18:10:00Z,2026-09-22T18:15:00Z,604.855,605.24,604.81,604.875
2026-09-22T18:15:00Z,2026-09-22T18:20:00Z,604.88,605.435,604.88,605.28
2026-09-22T18:20:00Z,2026-09-22T18:25:00Z,605.27,605.645,605.23,605.465
2026-09-22T18:25:00Z,2026-09-22T18:30:00Z,605.47,605.675,605.345,605.56
2026-09-22T18:30:00Z,2026-09-22T18:35:00Z,605.57,605.715,605.175,605.21
2026-09-22T18:35:00Z,2026-09-22T18:40:00Z,605.22,605.36,604.73,604.95
2026-09-22T18:40:00Z,2026-09-22T18:45:00Z,604.96,605.165,604.645,605.09
2026-09-22T18:45:00Z,2026-09-22T18:50:00Z,605.08,605.18,604.79,605.02
2026-09-22T18:50:00Z,2026-09-22T18:55:00Z,605.025,605.21,604.86,605.05
2026-09-22T18:55:00Z,2026-09-22T19:00:00Z,605.04,605.305,604.88,605.05
2026-09-22T19:00:00Z,2026-09-22T19:05:00Z,605.03,606.02,605.025,606
2026-09-22T19:05:00Z,2026-09-22T19:10:00Z,605.96,606.32,605.935,606.25
2026-09-22T19:10:00Z,2026-09-22T19:15:00Z,606.265,606.475,605.9,606.31
2026-09-22T19:15:00Z,2026-09-22T19:20:00Z,606.315,606.68,606.29,606.51
2026-09-22T19:20:00Z,2026-09-22T19:25:00Z,606.515,606.545,605.635,605.705
2026-09-22T19:25:00Z,2026-09-22T19:30:00Z,605.71,606.41,605.675,606.01
2026-09-22T19:30:00Z,2026-09-22T19:35:00Z,605.995,606.985,605.94,606.91
2026-09-22T19:35:00Z,2026-09-22T19:40:00Z,606.915,607.485,606.65,607.4
2026-09-22T19:40:00Z,2026-09-22T19:45:00Z,607.405,607.45,606.755,607.08
2026-09-22T19:45:00Z,2026-09-22T19:50:00Z,607.085,607.75,607.03,607.665
2026-09-22T19:50:00Z,2026-09-22T19:55:00Z,607.67,608.655,607.275,607.53
2026-09-22T19:55:00Z,2026-09-22T20:00:00Z,607.5,607.9,607.3,607.56
2026-09-23T13:30:00Z,2026-09-23T13:35:00Z,604.68,606.335,602.765,603.6
2026-09-23T13:35:00Z,2026-09-23T13:40:00Z,603.625,605.195,601.56,602.2
2026-09-23T13:40:00Z,2026-09-23T13:45:00Z,602.23,602.26,600.82,601.84
2026-09-23T13:45:00Z,2026-09-23T13:50:00Z,601.76,602.235,599.105,599.455
2026-09-23T13:50:00Z,2026-09-23T13:55:00Z,599.555,599.71,597.88,599.255
2026-09-23T13:55:00Z,2026-09-23T14:00:00Z,599.255,600.185,599.065,599.775
2026-09-23T14:00:00Z,2026-09-23T14:05:00Z,599.735,601.685,599.675,600.575
2026-09-23T14:05:00Z,2026-09-23T14:10:00Z,600.455,600.955,598.73,598.84
2026-09-23T14:10:00Z,2026-09-23T14:15:00Z,598.885,599.025,595.805,596.02
2026-09-23T14:15:00Z,2026-09-23T14:20:00Z,596.015,597.1,594.27,594.365
2026-09-23T14:20:00Z,2026-09-23T14:25:00Z,594.355,595.355,593.845,594.99
2026-09-23T14:25:00Z,2026-09-23T14:30:00Z,594.98,595.915,593.985,595.47
2026-09-23T14:30:00Z,2026-09-23T14:35:00Z,595.465,596.745,594.385,596.725
2026-09-23T14:35:00Z,2026-09-23T14:40:00Z,596.73,597.52,595.565,595.985
2026-09-23T14:40:00Z,2026-09-23T14:45:00Z,596,596.855,595.825,596.65
2026-09-23T14:45:00Z,2026-09-23T14:50:00Z,596.65,597.345,596.48,597.21
2026-09-23T14:50:00Z,2026-09-23T14:55:00Z,597.15,600.315,596.245,599.915
2026-09-23T14:55:00Z,2026-09-23T15:00:00Z,599.885,600.64,599.345,600.295
2026-09-23T15:00:00Z,2026-09-23T15:05:00Z,600.305,600.645,599.055,599.465
2026-09-23T15:05:00Z,2026-09-23T15:10:00Z,599.46,600.49,599.085,600.075
2026-09-23T15:10:00Z,2026-09-23T15:15:00Z,600.07,600.605,599.93,600.52
2026-09-23T15:15:00Z,2026-09-23T15:20:00Z,600.525,600.975,599.055,600.17
2026-09-23T15:20:00Z,2026-09-23T15:25:00Z,600.165,601.1,599.755,600.92
2026-09-23T15:25:00Z,2026-09-23T15:30:00Z,600.93,601.43,600.13,600.2
2026-09-23T15:30:00Z,2026-09-23T15:35:00Z,600.22,600.485,599.82,599.87
2026-09-23T15:35:00Z,2026-09-23T15:40:00Z,599.86,599.86,598.95,599.215
2026-09-23T15:40:00Z,2026-09-23T15:45:00Z,599.19,599.965,599.08,599.925
2026-09-23T15:45:00Z,2026-09-23T15:50:00Z,599.925,599.96,597.66,597.845
2026-09-23T15:50:00Z,2026-09-23T15:55:00Z,597.85,598.18,597.19,597.985
2026-09-23T15:55:00Z,2026-09-23T16:00:00Z,597.995,598.085,597.59,597.825
2026-09-23T16:00:00Z,2026-09-23T16:05:00Z,597.815,597.875,597.09,597.4
2026-09-23T16:05:00Z,2026-09-23T16:10:00Z,597.37,598.24,597.32,598.2
2026-09-23T16:10:00Z,2026-09-23T16:15:00Z,598.21,598.355,597.635,597.855
2026-09-23T16:15:00Z,2026-09-23T16:20:00Z,597.845,598.48,597.71,597.885
2026-09-23T16:20:00Z,2026-09-23T16:25:00Z,597.87,597.89,597.075,597.34
2026-09-23T16:25:00Z,2026-09-23T16:30:00Z,597.34,597.74,597.25,597.375
2026-09-23T16:30:00Z,2026-09-23T16:35:00Z,597.375,598.335,597.345,597.9
2026-09-23T16:35:00Z,2026-09-23T16:40:00Z,597.895,598,597.32,597.445
2026-09-23T16:40:00Z,2026-09-23T16:45:00Z,597.455,597.465,596.55,596.725
2026-09-23T16:45:00Z,2026-09-23T16:50:00Z,596.73,597.12,596.17,596.385
2026-09-23T16:50:00Z,2026-09-23T16:55:00Z,596.38,596.39,595.56,595.7
2026-09-23T16:55:00Z,2026-09-23T17:00:00Z,595.69,596.72,595.665,596.43
2026-09-23T17:00:00Z,2026-09-23T17:05:00Z,596.435,596.865,594.725,595.165
2026-09-23T17:05:00Z,2026-09-23T17:10:00Z,595.175,595.63,594.87,595.495
2026-09-23T17:10:00Z,2026-09-23T17:15:00Z,595.455,595.545,594.78,595.335
2026-09-23T17:15:00Z,2026-09-23T17:20:00Z,595.33,597.165,595.31,597.1
2026-09-23T17:20:00Z,2026-09-23T17:25:00Z,597.09,597.395,596.545,596.625
2026-09-23T17:25:00Z,2026-09-23T17:30:00Z,596.635,597.125,596.515,596.705
2026-09-23T17:30:00Z,2026-09-23T17:35:00Z,596.71,597.84,596.465,597.745
2026-09-23T17:35:00Z,2026-09-23T17:40:00Z,597.74,597.84,597.31,597.625
2026-09-23T17:40:00Z,2026-09-23T17:45:00Z,597.625,599.56,597.21,599.475
2026-09-23T17:45:00Z,2026-09-23T17:50:00Z,599.49,599.79,599.085,599.63
2026-09-23T17:50:00Z,2026-09-23T17:55:00Z,599.635,599.965,599.31,599.79
2026-09-23T17:55:00Z,2026-09-23T18:00:00Z,599.8,599.985,599.51,599.98
2026-09-23T18:00:00Z,2026-09-23T18:05:00Z,599.975,600.215,598.865,598.91
2026-09-23T18:05:00Z,2026-09-23T18:10:00Z,598.925,599.975,598.89,599.435
2026-09-23T18:10:00Z,2026-09-23T18:15:00Z,599.445,599.65,599.2,599.58
2026-09-23T18:15:00Z,2026-09-23T18:20:00Z,599.555,600.465,599.42,600.12
2026-09-23T18:20:00Z,2026-09-23T18:25:00Z,600.115,600.25,599.75,600.17
2026-09-23T18:25:00Z,2026-09-23T18:30:00Z,600.175,600.375,599.99,600.115
2026-09-23T18:30:00Z,2026-09-23T18:35:00Z,600.095,600.17,599.605,600.025
2026-09-23T18:35:00Z,2026-09-23T18:40:00Z,600.04,600.275,599.535,599.62
2026-09-23T18:40:00Z,2026-09-23T18:45:00Z,599.645,599.99,599.39,599.86
2026-09-23T18:45:00Z,2026-09-23T18:50:00Z,599.855,600.305,599.555,600.235
2026-09-23T18:50:00Z,2026-09-23T18:55:00Z,600.21,600.365,599.835,599.87
2026-09-23T18:55:00Z,2026-09-23T19:00:00Z,599.88,600.575,599.81,600.4
2026-09-23T19:00:00Z,2026-09-23T19:05:00Z,600.39,600.64,599.575,599.65
2026-09-23T19:05:00Z,2026-09-23T19:10:00Z,599.645,601.02,599.55,600.24
2026-09-23T19:10:00Z,2026-09-23T19:15:00Z,600.225,600.43,599.615,599.925
2026-09-23T19:15:00Z,2026-09-23T19:20:00Z,599.93,600.09,599.16,599.74
2026-09-23T19:20:00Z,2026-09-23T19:25:00Z,599.725,600.03,599.6,599.83
2026-09-23T19:25:00Z,2026-09-23T19:30:00Z,599.805,600.095,599.585,599.7
2026-09-23T19:30:00Z,2026-09-23T19:35:00Z,599.74,600.475,599.52,600.45
2026-09-23T19:35:00Z,2026-09-23T19:40:00Z,600.465,600.96,600.17,600.91
2026-09-23T19:40:00Z,2026-09-23T19:45:00Z,600.92,601.2,600.05,600.325
2026-09-23T19:45:00Z,2026-09-23T19:50:00Z,600.32,600.775,600.02,600.6
2026-09-23T19:50:00Z,2026-09-23T19:55:00Z,600.605,600.605,598.955,599.185
2026-09-23T19:55:00Z,2026-09-23T20:00:00Z,599.175,601.295,599.175,601.06
2026-09-24T13:30:00Z,2026-09-24T13:35:00Z,591.675,591.765,588.965,590.155
2026-09-24T13:35:00Z,2026-09-24T13:40:00Z,590.15,593.465,589.88,593.095
2026-09-24T13:40:00Z,2026-09-24T13:45:00Z,593.09,593.515,591.905,593.425
2026-09-24T13:45:00Z,2026-09-24T13:50:00Z,593.435,596.295,593.43,594.085
2026-09-24T13:50:00Z,2026-09-24T13:55:00Z,594.125,594.925,592.09,592.465
2026-09-24T13:55:00Z,2026-09-24T14:00:00Z,592.435,593.59,591.95,593.355
2026-09-24T14:00:00Z,2026-09-24T14:05:00Z,593.365,594.85,593.095,594.67
2026-09-24T14:05:00Z,2026-09-24T14:10:00Z,594.665,594.79,593.295,593.295
2026-09-24T14:10:00Z,2026-09-24T14:15:00Z,593.375,593.57,592.54,593.37
2026-09-24T14:15:00Z,2026-09-24T14:20:00Z,593.35,593.9,592.51,593.03
2026-09-24T14:20:00Z,2026-09-24T14:25:00Z,593.05,593.855,592.98,593.235
2026-09-24T14:25:00Z,2026-09-24T14:30:00Z,593.24,594.565,593.19,594.565
2026-09-24T14:30:00Z,2026-09-24T14:35:00Z,594.515,595.215,593.83,594.895
2026-09-24T14:35:00Z,2026-09-24T14:40:00Z,594.89,594.98,592.975,593.325
2026-09-24T14:40:00Z,2026-09-24T14:45:00Z,593.36,594.06,592.57,592.65
2026-09-24T14:45:00Z,2026-09-24T14:50:00Z,592.68,593.495,592.53,592.84
2026-09-24T14:50:00Z,2026-09-24T14:55:00Z,592.835,593.185,591.395,591.865
2026-09-24T14:55:00Z,2026-09-24T15:00:00Z,591.875,591.935,591.145,591.42
2026-09-24T15:00:00Z,2026-09-24T15:05:00Z,591.415,592.48,591.405,592.055
2026-09-24T15:05:00Z,2026-09-24T15:10:00Z,592.035,592.29,590.825,590.9
2026-09-24T15:10:00Z,2026-09-24T15:15:00Z,590.85,591.695,590.845,591.295
2026-09-24T15:15:00Z,2026-09-24T15:20:00Z,591.29,592.23,591.06,591.26
2026-09-24T15:20:00Z,2026-09-24T15:25:00Z,591.245,592.61,591.05,592.585
2026-09-24T15:25:00Z,2026-09-24T15:30:00Z,592.59,592.635,591.565,591.72
2026-09-24T15:30:00Z,2026-09-24T15:35:00Z,591.73,592.08,591.335,591.975
2026-09-24T15:35:00Z,2026-09-24T15:40:00Z,591.985,592.405,591.715,592.055
2026-09-24T15:40:00Z,2026-09-24T15:45:00Z,592.09,592.925,591.855,592.805
2026-09-24T15:45:00Z,2026-09-24T15:50:00Z,592.83,593.215,592.395,592.565
2026-09-24T15:50:00Z,2026-09-24T15:55:00Z,592.55,593.98,592.535,593.86
2026-09-24T15:55:00Z,2026-09-24T16:00:00Z,593.865,594.02,593.235,593.245
2026-09-24T16:00:00Z,2026-09-24T16:05:00Z,593.24,593.32,592.18,592.785
2026-09-24T16:05:00Z,2026-09-24T16:10:00Z,592.795,592.815,592.11,592.34
2026-09-24T16:10:00Z,2026-09-24T16:15:00Z,592.345,592.965,591.945,592.955
2026-09-24T16:15:00Z,2026-09-24T16:20:00Z,593.055,598.775,593.045,597.54
2026-09-24T16:20:00Z,2026-09-24T16:25:00Z,597.545,598.66,596.695,597.475
2026-09-24T16:25:00Z,2026-09-24T16:30:00Z,597.48,597.66,596.305,597.17
2026-09-24T16:30:00Z,2026-09-24T16:35:00Z,597.16,597.47,596.585,597.175
2026-09-24T16:35:00Z,2026-09-24T16:40:00Z,597.18,599.515,597.1,599.245
2026-09-24T16:40:00Z,2026-09-24T16:45:00Z,599.245,601.4,599.08,599.805
2026-09-24T16:45:00Z,2026-09-24T16:50:00Z,599.815,600.615,599.005,600.45
2026-09-24T16:50:00Z,2026-09-24T16:55:00Z,600.46,601.13,599.61,599.94
2026-09-24T16:55:00Z,2026-09-24T17:00:00Z,599.93,601.175,599.79,600.86
2026-09-24T17:00:00Z,2026-09-24T17:05:00Z,600.79,601.675,599.98,601.505
2026-09-24T17:05:00Z,2026-09-24T17:10:00Z,601.5,601.99,600.985,601.07
2026-09-24T17:10:00Z,2026-09-24T17:15:00Z,601.07,601.095,599.69,600.35
2026-09-24T17:15:00Z,2026-09-24T17:20:00Z,600.355,600.435,599.175,599.185
2026-09-24T17:20:00Z,2026-09-24T17:25:00Z,599.18,599.525,598.755,598.915
2026-09-24T17:25:00Z,2026-09-24T17:30:00Z,598.92,599.12,597.965,598.78
2026-09-24T17:30:00Z,2026-09-24T17:35:00Z,598.765,599.51,598.575,598.615
2026-09-24T17:35:00Z,2026-09-24T17:40:00Z,598.61,598.935,598.14,598.525
2026-09-24T17:40:00Z,2026-09-24T17:45:00Z,598.52,598.94,597.29,597.305
2026-09-24T17:45:00Z,2026-09-24T17:50:00Z,597.3,598.41,597.065,598.23
2026-09-24T17:50:00Z,2026-09-24T17:55:00Z,598.225,598.285,596.865,597.135
2026-09-24T17:55:00Z,2026-09-24T18:00:00Z,597.14,597.825,596.975,597.505
2026-09-24T18:00:00Z,2026-09-24T18:05:00Z,597.51,597.535,595.14,595.195
2026-09-24T18:05:00Z,2026-09-24T18:10:00Z,595.165,596.73,595.07,596.49
2026-09-24T18:10:00Z,2026-09-24T18:15:00Z,596.545,597.29,596.545,597.065
2026-09-24T18:15:00Z,2026-09-24T18:20:00Z,597.07,597.91,597.01,597.4
2026-09-24T18:20:00Z,2026-09-24T18:25:00Z,597.445,597.905,596.985,597.865
2026-09-24T18:25:00Z,2026-09-24T18:30:00Z,597.825,598.97,597.775,598.43
2026-09-24T18:30:00Z,2026-09-24T18:35:00Z,598.415,598.695,597.855,597.875
2026-09-24T18:35:00Z,2026-09-24T18:40:00Z,597.87,599.8,597.445,598.93
2026-09-24T18:40:00Z,2026-09-24T18:45:00Z,598.935,598.935,597.89,598.27
2026-09-24T18:45:00Z,2026-09-24T18:50:00Z,598.265,598.85,598.22,598.71
2026-09-24T18:50:00Z,2026-09-24T18:55:00Z,598.73,599.69,598.625,599.515
2026-09-24T18:55:00Z,2026-09-24T19:00:00Z,599.52,600.395,599.52,600.05
2026-09-24T19:00:00Z,2026-09-24T19:05:00Z,600.055,600.145,598.855,599.095
2026-09-24T19:05:00Z,2026-09-24T19:10:00Z,599.09,599.505,598.965,599.185
2026-09-24T19:10:00Z,2026-09-24T19:15:00Z,599.185,599.33,598.5,598.52
2026-09-24T19:15:00Z,2026-09-24T19:20:00Z,598.515,599.815,598.515,599.65
2026-09-24T19:20:00Z,2026-09-24T19:25:00Z,599.65,599.93,599.42,599.78
2026-09-24T19:25:00Z,2026-09-24T19:30:00Z,599.79,600.045,599.115,599.14
2026-09-24T19:30:00Z,2026-09-24T19:35:00Z,599.215,599.925,599.07,599.885
2026-09-24T19:35:00Z,2026-09-24T19:40:00Z,599.875,599.97,599.51,599.77
2026-09-24T19:40:00Z,2026-09-24T19:45:00Z,599.76,599.905,599.32,599.725
2026-09-24T19:45:00Z,2026-09-24T19:50:00Z,599.72,599.9,599.57,599.66
2026-09-24T19:50:00Z,2026-09-24T19:55:00Z,599.65,600.655,599.65,600.58
2026-09-24T19:55:00Z,2026-09-24T20:00:00Z,600.575,600.795,600.235,600.655
2026-09-25T13:30:00Z,2026-09-25T13:35:00Z,605.315,606.9,603.26,606.89
2026-09-25T13:35:00Z,2026-09-25T13:40:00Z,606.895,607.73,606.44,607.505
2026-09-25T13:40:00Z,2026-09-25T13:45:00Z,607.5,607.98,606.55,607.495
2026-09-25T13:45:00Z,2026-09-25T13:50:00Z,607.52,607.91,606.48,607.23
2026-09-25T13:50:00Z,2026-09-25T13:55:00Z,607.23,609.27,606.745,609.18
2026-09-25T13:55:00Z,2026-09-25T14:00:00Z,609.18,609.62,608.285,608.905
2026-09-25T14:00:00Z,2026-09-25T14:05:00Z,608.915,609.4,606.825,607.03
2026-09-25T14:05:00Z,2026-09-25T14:10:00Z,607.025,607.08,605.25,606.86
2026-09-25T14:10:00Z,2026-09-25T14:15:00Z,606.865,608.16,605.21,605.23
2026-09-25T14:15:00Z,2026-09-25T14:20:00Z,605.205,605.205,602.465,603.225
2026-09-25T14:20:00Z,2026-09-25T14:25:00Z,603.235,604.465,602.865,604.245
2026-09-25T14:25:00Z,2026-09-25T14:30:00Z,604.265,604.635,602.535,602.655
2026-09-25T14:30:00Z,2026-09-25T14:35:00Z,602.66,604.5,602.28,604.375
2026-09-25T14:35:00Z,2026-09-25T14:40:00Z,604.37,604.74,604.1,604.55
2026-09-25T14:40:00Z,2026-09-25T14:45:00Z,604.55,604.695,602.82,604.13
2026-09-25T14:45:00Z,2026-09-25T14:50:00Z,604.115,605.61,603.42,605.48
2026-09-25T14:50:00Z,2026-09-25T14:55:00Z,605.47,605.475,604.285,605.25
2026-09-25T14:55:00Z,2026-09-25T15:00:00Z,605.255,606.49,605.21,606.4
2026-09-25T15:00:00Z,2026-09-25T15:05:00Z,606.405,607.3,605.965,606.95
2026-09-25T15:05:00Z,2026-09-25T15:10:00Z,606.955,607.185,606.35,606.395
2026-09-25T15:10:00Z,2026-09-25T15:15:00Z,606.39,606.41,605.345,605.92
2026-09-25T15:15:00Z,2026-09-25T15:20:00Z,605.91,606.57,605.72,605.965
2026-09-25T15:20:00Z,2026-09-25T15:25:00Z,605.975,606.505,605.67,605.745
2026-09-25T15:25:00Z,2026-09-25T15:30:00Z,605.755,605.845,604.96,605.245
2026-09-25T15:30:00Z,2026-09-25T15:35:00Z,605.27,606.42,604.78,604.87
2026-09-25T15:35:00Z,2026-09-25T15:40:00Z,604.85,605.14,603.045,603.495
2026-09-25T15:40:00Z,2026-09-25T15:45:00Z,603.5,604.175,603.13,603.19
2026-09-25T15:45:00Z,2026-09-25T15:50:00Z,603.185,604.48,602.91,604.415
2026-09-25T15:50:00Z,2026-09-25T15:55:00Z,604.42,604.57,603.155,604.38
2026-09-25T15:55:00Z,2026-09-25T16:00:00Z,604.39,606.435,604.28,606.305
2026-09-25T16:00:00Z,2026-09-25T16:05:00Z,606.315,608.16,606.005,608.135
2026-09-25T16:05:00Z,2026-09-25T16:10:00Z,608.13,609.015,607.675,608.995
2026-09-25T16:10:00Z,2026-09-25T16:15:00Z,609.02,609.54,607.96,608.33
2026-09-25T16:15:00Z,2026-09-25T16:20:00Z,608.32,609.33,607.71,608.005
2026-09-25T16:20:00Z,2026-09-25T16:25:00Z,607.98,608.045,606.62,607.23
2026-09-25T16:25:00Z,2026-09-25T16:30:00Z,607.205,608.59,607.105,608.485
2026-09-25T16:30:00Z,2026-09-25T16:35:00Z,608.5,608.685,607.195,607.63
2026-09-25T16:35:00Z,2026-09-25T16:40:00Z,607.64,608.805,607.615,608.08
2026-09-25T16:40:00Z,2026-09-25T16:45:00Z,608.08,608.585,607.8,608.28
2026-09-25T16:45:00Z,2026-09-25T16:50:00Z,608.285,608.53,607.365,607.835
2026-09-25T16:50:00Z,2026-09-25T16:55:00Z,607.825,608.175,607.525,607.735
2026-09-25T16:55:00Z,2026-09-25T17:00:00Z,607.725,607.905,606.835,607.245
2026-09-25T17:00:00Z,2026-09-25T17:05:00Z,607.245,608.325,607.19,607.99
2026-09-25T17:05:00Z,2026-09-25T17:10:00Z,607.99,608.45,607.845,608.425
2026-09-25T17:10:00Z,2026-09-25T17:15:00Z,608.42,608.65,607.835,608.62
2026-09-25T17:15:00Z,2026-09-25T17:20:00Z,608.625,608.745,608.085,608.155
2026-09-25T17:20:00Z,2026-09-25T17:25:00Z,608.17,608.26,608.025,608.135
2026-09-25T17:25:00Z,2026-09-25T17:30:00Z,608.13,608.165,607.675,607.77
2026-09-25T17:30:00Z,2026-09-25T17:35:00Z,607.795,607.865,607.035,607.205
2026-09-25T17:35:00Z,2026-09-25T17:40:00Z,607.215,607.68,606.72,607.41
2026-09-25T17:40:00Z,2026-09-25T17:45:00Z,607.435,607.88,607.28,607.715
2026-09-25T17:45:00Z,2026-09-25T17:50:00Z,607.695,607.895,607.495,607.815
2026-09-25T17:50:00Z,2026-09-25T17:55:00Z,607.815,607.85,607.045,607.21
2026-09-25T17:55:00Z,2026-09-25T18:00:00Z,607.285,607.635,607.225,607.48
2026-09-25T18:00:00Z,2026-09-25T18:05:00Z,607.485,607.58,607.23,607.26
2026-09-25T18:05:00Z,2026-09-25T18:10:00Z,607.24,607.655,607.11,607.6
2026-09-25T18:10:00Z,2026-09-25T18:15:00Z,607.595,608.07,607.37,608.03
2026-09-25T18:15:00Z,2026-09-25T18:20:00Z,608.04,608.105,607.59,607.735
2026-09-25T18:20:00Z,2026-09-25T18:25:00Z,607.725,608.085,607.635,608.035
2026-09-25T18:25:00Z,2026-09-25T18:30:00Z,608.04,608.055,606.625,607.11
2026-09-25T18:30:00Z,2026-09-25T18:35:00Z,607.14,607.49,607.05,607.19
2026-09-25T18:35:00Z,2026-09-25T18:40:00Z,607.19,607.36,606.415,606.42
2026-09-25T18:40:00Z,2026-09-25T18:45:00Z,606.455,606.91,606.26,606.9
2026-09-25T18:45:00Z,2026-09-25T18:50:00Z,606.905,607.005,606.48,606.72
2026-09-25T18:50:00Z,2026-09-25T18:55:00Z,606.725,606.735,606.21,606.26
2026-09-25T18:55:00Z,2026-09-25T19:00:00Z,606.27,606.465,606.045,606.075
2026-09-25T19:00:00Z,2026-09-25T19:05:00Z,606.08,606.645,605.675,606.54
2026-09-25T19:05:00Z,2026-09-25T19:10:00Z,606.54,606.965,606.51,606.7
2026-09-25T19:10:00Z,2026-09-25T19:15:00Z,606.695,607.155,606.58,607.11
2026-09-25T19:15:00Z,2026-09-25T19:20:00Z,607.12,607.205,606.745,606.745
2026-09-25T19:20:00Z,2026-09-25T19:25:00Z,606.75,606.96,606.495,606.8
2026-09-25T19:25:00Z,2026-09-25T19:30:00Z,606.78,606.9,606.41,606.73
2026-09-25T19:30:00Z,2026-09-25T19:35:00Z,606.74,606.74,605.795,605.795
2026-09-25T19:35:00Z,2026-09-25T19:40:00Z,605.8,606.52,605.45,606.385
2026-09-25T19:40:00Z,2026-09-25T19:45:00Z,606.39,606.85,606.13,606.695
2026-09-25T19:45:00Z,2026-09-25T19:50:00Z,606.705,607.485,606.705,607.38
2026-09-25T19:50:00Z,2026-09-25T19:55:00Z,607.36,608.01,607.21,607.46
2026-09-25T19:55:00Z,2026-09-25T20:00:00Z,607.445,607.685,606.44,606.63
2026-09-28T13:30:00Z,2026-09-28T13:35:00Z,605.155,607.955,604.29,605.045
2026-09-28T13:35:00Z,2026-09-28T13:40:00Z,605.035,605.055,602.62,603.27
2026-09-28T13:40:00Z,2026-09-28T13:45:00Z,603.245,603.755,601.36,601.57
2026-09-28T13:45:00Z,2026-09-28T13:50:00Z,601.575,602.625,600.92,602.18
2026-09-28T13:50:00Z,2026-09-28T13:55:00Z,602.175,602.47,599.93,602.24
2026-09-28T13:55:00Z,2026-09-28T14:00:00Z,602.235,602.9,601.435,602.225
2026-09-28T14:00:00Z,2026-09-28T14:05:00Z,602.245,602.57,600.435,600.51
2026-09-28T14:05:00Z,2026-09-28T14:10:00Z,600.53,600.6,599.58,599.785
2026-09-28T14:10:00Z,2026-09-28T14:15:00Z,599.78,599.78,596.825,597.12
2026-09-28T14:15:00Z,2026-09-28T14:20:00Z,597.125,599.46,597.105,599.19
2026-09-28T14:20:00Z,2026-09-28T14:25:00Z,599.185,600.295,598.56,599.61
2026-09-28T14:25:00Z,2026-09-28T14:30:00Z,599.605,599.605,598.44,598.635
2026-09-28T14:30:00Z,2026-09-28T14:35:00Z,598.63,599.605,598.38,599.165
2026-09-28T14:35:00Z,2026-09-28T14:40:00Z,599.14,599.255,596.855,597.51
2026-09-28T14:40:00Z,2026-09-28T14:45:00Z,597.55,598.035,594.615,594.795
2026-09-28T14:45:00Z,2026-09-28T14:50:00Z,594.84,594.995,591.935,593.055
2026-09-28T14:50:00Z,2026-09-28T14:55:00Z,593.04,593.835,592.33,592.94
2026-09-28T14:55:00Z,2026-09-28T15:00:00Z,592.88,594.565,592.76,594.095
2026-09-28T15:00:00Z,2026-09-28T15:05:00Z,594.2,594.87,593.815,594.56
2026-09-28T15:05:00Z,2026-09-28T15:10:00Z,594.565,595.65,593.88,595.12
2026-09-09T16:35:00Z,2026-09-09T16:40:00Z,573.995,574.585,573.83,574.535
2026-09-09T16:40:00Z,2026-09-09T16:45:00Z,574.55,574.795,574.425,574.795
2026-09-09T16:45:00Z,2026-09-09T16:50:00Z,574.815,574.855,574.28,574.53
2026-09-09T16:50:00Z,2026-09-09T16:55:00Z,574.525,575.235,574.52,574.555
2026-09-09T16:55:00Z,2026-09-09T17:00:00Z,574.56,574.855,574.365,574.44
2026-09-09T17:00:00Z,2026-09-09T17:05:00Z,574.43,574.97,574.015,574.44
2026-09-09T17:05:00Z,2026-09-09T17:10:00Z,574.42,575.17,574.42,574.78
2026-09-09T17:10:00Z,2026-09-09T17:15:00Z,574.745,575.405,574.605,575.26
2026-09-09T17:15:00Z,2026-09-09T17:20:00Z,575.25,575.425,574.845,574.85
2026-09-09T17:20:00Z,2026-09-09T17:25:00Z,574.855,574.945,574.62,574.68
2026-09-09T17:25:00Z,2026-09-09T17:30:00Z,574.695,574.73,574.22,574.3
2026-09-09T17:30:00Z,2026-09-09T17:35:00Z,574.335,574.385,573.66,574.19
2026-09-09T17:35:00Z,2026-09-09T17:40:00Z,574.2,574.345,573.55,573.7
2026-09-09T17:40:00Z,2026-09-09T17:45:00Z,573.735,574.23,573.7,574.175
2026-09-09T17:45:00Z,2026-09-09T17:50:00Z,574.18,574.91,574.17,574.83
2026-09-09T17:50:00Z,2026-09-09T17:55:00Z,574.825,575.065,574.63,575.03
2026-09-09T17:55:00Z,2026-09-09T18:00:00Z,575.025,575.025,574.46,574.495
2026-09-09T18:00:00Z,2026-09-09T18:05:00Z,574.485,574.825,574.425,574.63
2026-09-09T18:05:00Z,2026-09-09T18:10:00Z,574.66,574.745,574.27,574.415
2026-09-09T18:10:00Z,2026-09-09T18:15:00Z,574.41,574.54,574.05,574.3
2026-09-09T18:15:00Z,2026-09-09T18:20:00Z,574.305,574.525,574.125,574.14
2026-09-09T18:20:00Z,2026-09-09T18:25:00Z,574.145,574.205,573.875,574.065
2026-09-09T18:25:00Z,2026-09-09T18:30:00Z,574.075,574.37,573.815,574.06
2026-09-09T18:30:00Z,2026-09-09T18:35:00Z,574.05,574.36,573.955,574.1
2026-09-09T18:35:00Z,2026-09-09T18:40:00Z,574.085,574.375,574.08,574.225
2026-09-09T18:40:00Z,2026-09-09T18:45:00Z,574.23,574.265,573.885,574.09
2026-09-09T18:45:00Z,2026-09-09T18:50:00Z,574.085,574.21,573.7,573.8
2026-09-09T18:50:00Z,2026-09-09T18:55:00Z,573.79,573.815,573.3,573.525
2026-09-09T18:55:00Z,2026-09-09T19:00:00Z,573.51,573.585,572.86,572.88
2026-09-09T19:00:00Z,2026-09-09T19:05:00Z,572.91,573.24,572.59,572.995
2026-09-09T19:05:00Z,2026-09-09T19:10:00Z,573,573.78,572.83,573.69
2026-09-09T19:10:00Z,2026-09-09T19:15:00Z,573.695,573.765,573.38,573.525
2026-09-09T19:15:00Z,2026-09-09T19:20:00Z,573.52,574.35,573.52,574.255
2026-09-09T19:20:00Z,2026-09-09T19:25:00Z,574.25,574.48,573.98,574.115
2026-09-09T19:25:00Z,2026-09-09T19:30:00Z,574.12,574.16,573.33,573.33
2026-09-09T19:30:00Z,2026-09-09T19:35:00Z,573.335,573.575,573.19,573.235
2026-09-09T19:35:00Z,2026-09-09T19:40:00Z,573.24,573.425,573.05,573.28
2026-09-09T19:40:00Z,2026-09-09T19:45:00Z,573.275,573.42,573.12,573.265
2026-09-09T19:45:00Z,2026-09-09T19:50:00Z,573.26,573.665,573.26,573.525
2026-09-09T19:50:00Z,2026-09-09T19:55:00Z,573.51,573.855,573.115,573.46
2026-09-09T19:55:00Z,2026-09-09T20:00:00Z,573.475,574.34,572.975,574.315
2026-09-10T13:30:00Z,2026-09-10T13:35:00Z,561.355,563.72,559.12,559.65
2026-09-10T13:35:00Z,2026-09-10T13:40:00Z,559.71,562.445,559.57,562.27
2026-09-10T13:40:00Z,2026-09-10T13:45:00Z,562.255,563.245,560.06,560.08
2026-09-10T13:45:00Z,2026-09-10T13:50:00Z,560.105,561.61,559.455,560.855
2026-09-10T13:50:00Z,2026-09-10T13:55:00Z,560.86,560.915,557.58,557.68
2026-09-10T13:55:00Z,2026-09-10T14:00:00Z,557.675,558.49,557.1,557.435
2026-09-10T14:00:00Z,2026-09-10T14:05:00Z,557.445,560.755,557.305,559.81
2026-09-10T14:05:00Z,2026-09-10T14:10:00Z,559.805,560.18,558.955,560.17
2026-09-10T14:10:00Z,2026-09-10T14:15:00Z,560.155,560.825,559.225,559.335
2026-09-10T14:15:00Z,2026-09-10T14:20:00Z,559.33,560.34,558.775,560.195
2026-09-10T14:20:00Z,2026-09-10T14:25:00Z,560.21,563.215,560.05,562.63
2026-09-10T14:25:00Z,2026-09-10T14:30:00Z,562.575,563.455,561.365,562.025
2026-09-10T14:30:00Z,2026-09-10T14:35:00Z,562.015,563.155,561.91,562.615
2026-09-10T14:35:00Z,2026-09-10T14:40:00Z,562.585,564.64,562.565,563.72
2026-09-10T14:40:00Z,2026-09-10T14:45:00Z,563.74,564.13,562.675,562.9
2026-09-10T14:45:00Z,2026-09-10T14:50:00Z,562.895,563.41,562.235,562.825
2026-09-10T14:50:00Z,2026-09-10T14:55:00Z,562.82,563.805,562.475,563.805
2026-09-10T14:55:00Z,2026-09-10T15:00:00Z,563.8,564.38,563.165,564.38
2026-09-10T15:00:00Z,2026-09-10T15:05:00Z,564.415,564.515,563.215,563.635
2026-09-10T15:05:00Z,2026-09-10T15:10:00Z,563.65,564.735,563.65,563.96
2026-09-10T15:10:00Z,2026-09-10T15:15:00Z,563.96,565.125,563.96,564.66
2026-09-10T15:15:00Z,2026-09-10T15:20:00Z,564.66,564.865,563.065,563.635
2026-09-10T15:20:00Z,2026-09-10T15:25:00Z,563.63,563.915,563.05,563.675
2026-09-10T15:25:00Z,2026-09-10T15:30:00Z,563.67,564.73,563.505,564.055
2026-09-10T15:30:00Z,2026-09-10T15:35:00Z,564.055,564.51,563.56,564.47
2026-09-10T15:35:00Z,2026-09-10T15:40:00Z,564.475,564.945,563.97,564.345
2026-09-10T15:40:00Z,2026-09-10T15:45:00Z,564.335,564.95,563.875,564.945
2026-09-10T15:45:00Z,2026-09-10T15:50:00Z,564.95,565.04,564.015,564.565
2026-09-10T15:50:00Z,2026-09-10T15:55:00Z,564.525,565.175,564.165,564.28
2026-09-10T15:55:00Z,2026-09-10T16:00:00Z,564.285,564.71,563.61,564.445
2026-09-10T16:00:00Z,2026-09-10T16:05:00Z,564.43,564.895,564.035,564.115
2026-09-10T16:05:00Z,2026-09-10T16:10:00Z,564.125,564.52,563.42,563.555
2026-09-10T16:10:00Z,2026-09-10T16:15:00Z,563.57,563.895,562.765,562.83
2026-09-10T16:15:00Z,2026-09-10T16:20:00Z,562.84,563.4,562.04,562.255
2026-09-10T16:20:00Z,2026-09-10T16:25:00Z,562.31,562.8,562.305,562.545
2026-09-10T16:25:00Z,2026-09-10T16:30:00Z,562.54,562.565,561.31,561.845
2026-09-10T16:30:00Z,2026-09-10T16:35:00Z,561.83,562.395,561.235,561.25
2026-09-10T16:35:00Z,2026-09-10T16:40:00Z,561.23,561.575,560.555,561.41
2026-09-10T16:40:00Z,2026-09-10T16:45:00Z,561.4,562.535,561.4,562.53
2026-09-10T16:45:00Z,2026-09-10T16:50:00Z,562.515,563.46,562.505,562.83
2026-09-10T16:50:00Z,2026-09-10T16:55:00Z,562.825,563.78,562.825,563.775
2026-09-10T16:55:00Z,2026-09-10T17:00:00Z,563.785,563.985,563.485,563.885
2026-09-10T17:00:00Z,2026-09-10T17:05:00Z,563.865,564.985,563.635,563.985
2026-09-10T17:05:00Z,2026-09-10T17:10:00Z,563.99,564.65,563.94,564.215
2026-09-10T17:10:00Z,2026-09-10T17:15:00Z,564.215,564.66,563.67,563.695
2026-09-10T17:15:00Z,2026-09-10T17:20:00Z,563.695,563.84,563.505,563.63
2026-09-10T17:20:00Z,2026-09-10T17:25:00Z,563.635,563.67,563.035,563.185
2026-09-10T17:25:00Z,2026-09-10T17:30:00Z,563.215,563.395,562.82,563.26
2026-09-10T17:30:00Z,2026-09-10T17:35:00Z,563.255,563.42,562.77,562.89
2026-09-10T17:35:00Z,2026-09-10T17:40:00Z,562.9,563.25,562.21,562.235
2026-09-10T17:40:00Z,2026-09-10T17:45:00Z,562.23,562.88,562.205,562.88
2026-09-10T17:45:00Z,2026-09-10T17:50:00Z,562.885,562.91,562.525,562.585
2026-09-10T17:50:00Z,2026-09-10T17:55:00Z,562.59,562.97,562.54,562.895
2026-09-10T17:55:00Z,2026-09-10T18:00:00Z,562.92,563.06,562.49,562.89
2026-09-10T18:00:00Z,2026-09-10T18:05:00Z,562.885,563.355,562.075,562.095
2026-09-10T18:05:00Z,2026-09-10T18:10:00Z,562.105,562.595,561.77,561.885
2026-09-10T18:10:00Z,2026-09-10T18:15:00Z,561.89,562.28,561.625,562.19
2026-09-10T18:15:00Z,2026-09-10T18:20:00Z,562.185,562.295,561.755,562.22
2026-09-10T18:20:00Z,2026-09-10T18:25:00Z,562.225,562.69,562.025,562.16
2026-09-10T18:25:00Z,2026-09-10T18:30:00Z,562.165,562.34,561.8,561.94
2026-09-10T18:30:00Z,2026-09-10T18:35:00Z,561.945,562.035,561.605,561.955
2026-09-10T18:35:00Z,2026-09-10T18:40:00Z,561.93,562.22,561.72,562.2
2026-09-10T18:40:00Z,2026-09-10T18:45:00Z,562.195,562.195,561.765,562.005
2026-09-10T18:45:00Z,2026-09-10T18:50:00Z,562,562.24,561.39,561.65
2026-09-10T18:50:00Z,2026-09-10T18:55:00Z,561.645,562.685,561.38,562.175
2026-09-10T18:55:00Z,2026-09-10T19:00:00Z,562.2,562.425,562.055,562.365
2026-09-10T19:00:00Z,2026-09-10T19:05:00Z,562.38,562.635,561.655,561.755
2026-09-10T19:05:00Z,2026-09-10T19:10:00Z,561.765,561.93,560.735,561.38
2026-09-10T19:10:00Z,2026-09-10T19:15:00Z,561.365,561.56,560.725,561.23
2026-09-10T19:15:00Z,2026-09-10T19:20:00Z,561.225,561.6,560.93,561.36
2026-09-10T19:20:00Z,2026-09-10T19:25:00Z,561.35,561.875,561.21,561.815
2026-09-10T19:25:00Z,2026-09-10T19:30:00Z,561.81,562.385,561.81,562.275
2026-09-10T19:30:00Z,2026-09-10T19:35:00Z,562.28,562.615,561.885,562.415
2026-09-10T19:35:00Z,2026-09-10T19:40:00Z,562.395,562.395,561.57,562.02
2026-09-10T19:40:00Z,2026-09-10T19:45:00Z,562.02,562.37,561.695,561.71
2026-09-10T19:45:00Z,2026-09-10T19:50:00Z,561.705,562.175,561.705,561.97
2026-09-10T19:50:00Z,2026-09-10T19:55:00Z,561.975,561.985,560.685,560.975
2026-09-10T19:55:00Z,2026-09-10T20:00:00Z,560.965,561.315,560.19,560.28
2026-09-11T13:30:00Z,2026-09-11T13:35:00Z,568.485,568.635,564.64,566.77
2026-09-11T13:35:00Z,2026-09-11T13:40:00Z,566.93,567.315,564.075,567.315
2026-09-11T13:40:00Z,2026-09-11T13:45:00Z,567.42,569.83,566.35,569.7
2026-09-11T13:45:00Z,2026-09-11T13:50:00Z,569.7,571.37,568.92,569.92
2026-09-11T13:50:00Z,2026-09-11T13:55:00Z,569.925,570.065,567.505,569.19
2026-09-11T13:55:00Z,2026-09-11T14:00:00Z,569.185,570,568.085,569.975
2026-09-11T14:00:00Z,2026-09-11T14:05:00Z,569.79,569.93,566.63,566.655
2026-09-11T14:05:00Z,2026-09-11T14:10:00Z,566.68,567.77,566.15,567.455
2026-09-11T14:10:00Z,2026-09-11T14:15:00Z,567.45,568.55,567.415,568.465
2026-09-11T14:15:00Z,2026-09-11T14:20:00Z,568.46,570.06,567.925,569.93
2026-09-11T14:20:00Z,2026-09-11T14:25:00Z,569.935,570.59,569.75,569.88
2026-09-11T14:25:00Z,2026-09-11T14:30:00Z,569.875,571.21,569.875,570.52
2026-09-11T14:30:00Z,2026-09-11T14:35:00Z,570.545,570.645,568.92,569.27
2026-09-11T14:35:00Z,2026-09-11T14:40:00Z,569.265,569.265,567.7,568.315
2026-09-11T14:40:00Z,2026-09-11T14:45:00Z,568.325,568.935,567.13,567.775
2026-09-11T14:45:00Z,2026-09-11T14:50:00Z,567.78,569.065,566.945,569.065
2026-09-11T14:50:00Z,2026-09-11T14:55:00Z,569.07,569.125,568.075,568.29
2026-09-11T14:55:00Z,2026-09-11T15:00:00Z,568.295,569.26,567.8,568.975
2026-09-11T15:00:00Z,2026-09-11T15:05:00Z,569.005,569.875,568.555,569.855
2026-09-11T15:05:00Z,2026-09-11T15:10:00Z,569.825,570.505,569.64,570.315
2026-09-11T15:10:00Z,2026-09-11T15:15:00Z,570.32,570.51,568.78,569.225
2026-09-11T15:15:00Z,2026-09-11T15:20:00Z,569.225,571.055,569.225,570.6
2026-09-11T15:20:00Z,2026-09-11T15:25:00Z,570.625,571.565,570.54,571.56
2026-09-11T15:25:00Z,2026-09-11T15:30:00Z,571.565,572.3,571.51,572.125
2026-09-11T15:30:00Z,2026-09-11T15:35:00Z,572.115,572.81,571.89,572.6
2026-09-11T15:35:00Z,2026-09-11T15:40:00Z,572.59,572.645,571.605,572.005
2026-09-11T15:40:00Z,2026-09-11T15:45:00Z,571.995,572.095,571.29,571.9
2026-09-11T15:45:00Z,2026-09-11T15:50:00Z,571.875,572.2,571.455,572.1
2026-09-11T15:50:00Z,2026-09-11T15:55:00Z,572.105,572.16,571.075,571.355
2026-09-11T15:55:00Z,2026-09-11T16:00:00Z,571.33,571.84,571.03,571.695
2026-09-11T16:00:00Z,2026-09-11T16:05:00Z,571.71,572.365,571.57,572.355
2026-09-11T16:05:00Z,2026-09-11T16:10:00Z,572.365,572.42,571.735,571.96
2026-09-11T16:10:00Z,2026-09-11T16:15:00Z,571.965,572,571.26,571.48
2026-09-11T16:15:00Z,2026-09-11T16:20:00Z,571.485,571.5,570.72,570.89
2026-09-11T16:20:00Z,2026-09-11T16:25:00Z,570.885,570.93,570.15,570.31
2026-09-11T16:25:00Z,2026-09-11T16:30:00Z,570.315,570.725,569.61,569.685
2026-09-11T16:30:00Z,2026-09-11T16:35:00Z,569.675,570.54,569.57,570.075
2026-09-11T16:35:00Z,2026-09-11T16:40:00Z,570.075,570.13,569.12,569.175
2026-09-11T16:40:00Z,2026-09-11T16:45:00Z,569.17,570.59,568.935,570.535
2026-09-11T16:45:00Z,2026-09-11T16:50:00Z,570.545,570.545,569.83,569.86
2026-09-11T16:50:00Z,2026-09-11T16:55:00Z,569.855,570.86,569.83,570.84
2026-09-11T16:55:00Z,2026-09-11T17:00:00Z,570.835,571.235,570.795,571.16
2026-09-11T17:00:00Z,2026-09-11T17:05:00Z,571.155,571.43,571.125,571.155
2026-09-11T17:05:00Z,2026-09-11T17:10:00Z,571.145,571.765,571.13,571.465
2026-09-11T17:10:00Z,2026-09-11T17:15:00Z,571.465,571.585,570.81,570.82
2026-09-11T17:15:00Z,2026-09-11T17:20:00Z,570.825,571.525,570.825,571.405
2026-09-11T17:20:00Z,2026-09-11T17:25:00Z,571.435,571.775,571.3,571.75
2026-09-11T17:25:00Z,2026-09-11T17:30:00Z,571.76,571.925,571.5,571.64
2026-09-11T17:30:00Z,2026-09-11T17:35:00Z,571.66,571.89,571.45,571.52
2026-09-11T17:35:00Z,2026-09-11T17:40:00Z,571.52,572.01,571.52,571.89
2026-09-11T17:40:00Z,2026-09-11T17:45:00Z,571.88,572.245,571.78,572.05
2026-09-11T17:45:00Z,2026-09-11T17:50:00Z,572.055,572.175,571.855,572.055
2026-09-11T17:50:00Z,2026-09-11T17:55:00Z,572.055,572.38,571.995,572.07
2026-09-11T17:55:00Z,2026-09-11T18:00:00Z,572.075,572.14,571.49,571.57
2026-09-11T18:00:00Z,2026-09-11T18:05:00Z,571.58,571.635,571.29,571.485
2026-09-11T18:05:00Z,2026-09-11T18:10:00Z,571.485,571.685,571.285,571.52
2026-09-11T18:10:00Z,2026-09-11T18:15:00Z,571.54,571.565,571.145,571.26
2026-09-11T18:15:00Z,2026-09-11T18:20:00Z,571.265,571.5,571.125,571.47
2026-09-11T18:20:00Z,2026-09-11T18:25:00Z,571.47,571.515,570.825,571.08
2026-09-11T18:25:00Z,2026-09-11T18:30:00Z,571.085,571.45,571.04,571.325
2026-09-11T18:30:00Z,2026-09-11T18:35:00Z,571.335,571.96,571.075,571.865
2026-09-11T18:35:00Z,2026-09-11T18:40:00Z,571.875,571.925,571.33,571.45
2026-09-11T18:40:00Z,2026-09-11T18:45:00Z,571.445,571.73,571.215,571.365
2026-09-11T18:45:00Z,2026-09-11T18:50:00Z,571.37,571.49,570.915,570.945
2026-09-11T18:50:00Z,2026-09-11T18:55:00Z,570.9,571.07,570.535,570.575
2026-09-11T18:55:00Z,2026-09-11T19:00:00Z,570.565,571.28,570.565,570.755
2026-09-11T19:00:00Z,2026-09-11T19:05:00Z,570.77,570.79,569.74,569.8
2026-09-11T19:05:00Z,2026-09-11T19:10:00Z,569.82,570.045,569.44,569.505
2026-09-11T19:10:00Z,2026-09-11T19:15:00Z,569.51,569.67,569.075,569.25
2026-09-11T19:15:00Z,2026-09-11T19:20:00Z,569.24,569.745,569.225,569.475
2026-09-11T19:20:00Z,2026-09-11T19:25:00Z,569.49,569.57,568.98,569.34
2026-09-11T19:25:00Z,2026-09-11T19:30:00Z,569.345,569.585,568.68,568.805
2026-09-11T19:30:00Z,2026-09-11T19:35:00Z,568.8,569.06,568.52,568.85
2026-09-11T19:35:00Z,2026-09-11T19:40:00Z,568.845,568.85,568.405,568.595
2026-09-11T19:40:00Z,2026-09-11T19:45:00Z,568.605,569.01,568.57,568.87
2026-09-11T19:45:00Z,2026-09-11T19:50:00Z,568.865,569.18,568.465,568.78
2026-09-11T19:50:00Z,2026-09-11T19:55:00Z,568.78,569.065,568.45,568.74
2026-09-11T19:55:00Z,2026-09-11T20:00:00Z,568.765,568.775,568.075,568.475
2026-09-14T13:30:00Z,2026-09-14T13:35:00Z,540.285,541,537.825,538.015
2026-09-14T13:35:00Z,2026-09-14T13:40:00Z,538.01,538.965,537.77,538.31
2026-09-14T13:40:00Z,2026-09-14T13:45:00Z,538.315,541.245,538.1,541.065
2026-09-14T13:45:00Z,2026-09-14T13:50:00Z,541.06,545.235,540.92,544.865
2026-09-14T13:50:00Z,2026-09-14T13:55:00Z,544.915,545.015,541.935,542.625
2026-09-14T13:55:00Z,2026-09-14T14:00:00Z,542.595,543.465,541.795,542.335
2026-09-14T14:00:00Z,2026-09-14T14:05:00Z,542.325,543.68,542.055,542.675
2026-09-14T14:05:00Z,2026-09-14T14:10:00Z,542.68,544.725,542.545,544.445
2026-09-14T14:10:00Z,2026-09-14T14:15:00Z,544.44,546.25,544.44,545.095
2026-09-14T14:15:00Z,2026-09-14T14:20:00Z,545.1,545.745,543.915,544.785
2026-09-14T14:20:00Z,2026-09-14T14:25:00Z,544.78,544.845,542.895,543.595
2026-09-14T14:25:00Z,2026-09-14T14:30:00Z,543.59,544.02,542.77,543.36
2026-09-14T14:30:00Z,2026-09-14T14:35:00Z,543.34,543.93,542.65,543.385
2026-09-14T14:35:00Z,2026-09-14T14:40:00Z,543.39,543.39,541.005,541.485
2026-09-14T14:40:00Z,2026-09-14T14:45:00Z,541.495,542.07,541.115,542.06
2026-09-14T14:45:00Z,2026-09-14T14:50:00Z,542.04,542.61,541.235,541.585
2026-09-14T14:50:00Z,2026-09-14T14:55:00Z,541.565,541.69,540.365,540.54
2026-09-14T14:55:00Z,2026-09-14T15:00:00Z,540.53,541.025,540.255,540.895
2026-09-14T15:00:00Z,2026-09-14T15:05:00Z,540.9,541.39,539.97,540.045
2026-09-14T15:05:00Z,2026-09-14T15:10:00Z,540.075,542.835,540.03,540.51
2026-09-14T15:10:00Z,2026-09-14T15:15:00Z,540.565,540.855,540.115,540.135
2026-09-14T15:15:00Z,2026-09-14T15:20:00Z,540.13,541.68,540.045,541.35
2026-09-14T15:20:00Z,2026-09-14T15:25:00Z,541.34,542,540.975,541.79
2026-09-14T15:25:00Z,2026-09-14T15:30:00Z,541.795,542.535,541.685,542.255
2026-09-14T15:30:00Z,2026-09-14T15:35:00Z,542.28,544.63,542.1,544.4
2026-09-14T15:35:00Z,2026-09-14T15:40:00Z,544.405,544.885,543.7,544.54
2026-09-14T15:40:00Z,2026-09-14T15:45:00Z,544.54,545.59,544.335,545.11
2026-09-14T15:45:00Z,2026-09-14T15:50:00Z,545.115,545.21,543.945,543.99
2026-09-14T15:50:00Z,2026-09-14T15:55:00Z,543.985,544.37,543.595,544.03
2026-09-14T15:55:00Z,2026-09-14T16:00:00Z,544.025,544.34,543.705,544.055
2026-09-14T16:00:00Z,2026-09-14T16:05:00Z,544.05,544.09,542.82,542.835
2026-09-14T16:05:00Z,2026-09-14T16:10:00Z,542.82,543.02,542.195,542.255
2026-09-14T16:10:00Z,2026-09-14T16:15:00Z,542.26,542.88,542.215,542.515
2026-09-14T16:15:00Z,2026-09-14T16:20:00Z,542.52,544.8,542.515,544.58
2026-09-14T16:20:00Z,2026-09-14T16:25:00Z,544.59,544.855,543.91,544.5
2026-09-14T16:25:00Z,2026-09-14T16:30:00Z,544.505,544.625,543.64,543.845
2026-09-14T16:30:00Z,2026-09-14T16:35:00Z,543.775,543.96,543.4,543.56
2026-09-14T16:35:00Z,2026-09-14T16:40:00Z,543.565,543.76,543.12,543.56
2026-09-14T16:40:00Z,2026-09-14T16:45:00Z,543.57,544.525,543.09,544.52
2026-09-14T16:45:00Z,2026-09-14T16:50:00Z,544.515,545.965,544.21,545.3
2026-09-14T16:50:00Z,2026-09-14T16:55:00Z,545.29,545.81,544.83,544.875
2026-09-14T16:55:00Z,2026-09-14T17:00:00Z,544.88,545.21,544.455,544.85
2026-09-14T17:00:00Z,2026-09-14T17:05:00Z,544.855,545.22,544.345,544.675
2026-09-14T17:05:00Z,2026-09-14T17:10:00Z,544.685,544.945,544.505,544.8
2026-09-14T17:10:00Z,2026-09-14T17:15:00Z,544.805,545.58,544.71,544.825
2026-09-14T17:15:00Z,2026-09-14T17:20:00Z,544.82,545.03,543.95,544.34
2026-09-14T17:20:00Z,2026-09-14T17:25:00Z,544.35,544.83,544.3,544.7
2026-09-14T17:25:00Z,2026-09-14T17:30:00Z,544.71,544.945,544.33,544.935
2026-09-14T17:30:00Z,2026-09-14T17:35:00Z,544.94,544.965,544.385,544.62
2026-09-14T17:35:00Z,2026-09-14T17:40:00Z,544.615,544.73,544.125,544.69
2026-09-14T17:40:00Z,2026-09-14T17:45:00Z,544.7,544.77,544.295,544.635
2026-09-14T17:45:00Z,2026-09-14T17:50:00Z,544.64,545.1,544.635,544.915
2026-09-14T17:50:00Z,2026-09-14T17:55:00Z,544.93,545.35,544.83,545.18
2026-09-14T17:55:00Z,2026-09-14T18:00:00Z,545.185,545.51,545.07,545.11
2026-09-14T18:00:00Z,2026-09-14T18:05:00Z,545.105,545.765,544.855,545.055
2026-09-14T18:05:00Z,2026-09-14T18:10:00Z,545.055,545.475,544.855,545.31
2026-09-14T18:10:00Z,2026-09-14T18:15:00Z,545.315,545.59,545.01,545.535
2026-09-14T18:15:00Z,2026-09-14T18:20:00Z,545.54,545.795,545.395,545.605
2026-09-14T18:20:00Z,2026-09-14T18:25:00Z,545.595,545.81,545.18,545.37
2026-09-14T18:25:00Z,2026-09-14T18:30:00Z,545.365,545.43,544.825,544.975
2026-09-14T18:30:00Z,2026-09-14T18:35:00Z,544.97,545.6,544.94,545.47
2026-09-14T18:35:00Z,2026-09-14T18:40:00Z,545.48,545.715,545.38,545.56
2026-09-14T18:40:00Z,2026-09-14T18:45:00Z,545.555,546.015,545.355,545.83
2026-09-14T18:45:00Z,2026-09-14T18:50:00Z,545.835,546.09,545.425,545.875
2026-09-14T18:50:00Z,2026-09-14T18:55:00Z,545.865,546.24,545.705,546.155
2026-09-14T18:55:00Z,2026-09-14T19:00:00Z,546.16,546.43,545.92,546.37
2026-09-14T19:00:00Z,2026-09-14T19:05:00Z,546.365,546.73,546.26,546.545
2026-09-14T19:05:00Z,2026-09-14T19:10:00Z,546.515,546.625,545.27,545.75
2026-09-14T19:10:00Z,2026-09-14T19:15:00Z,545.76,545.835,544.72,544.905
2026-09-14T19:15:00Z,2026-09-14T19:20:00Z,544.905,544.95,544.445,544.94
2026-09-14T19:20:00Z,2026-09-14T19:25:00Z,544.93,545.025,544.275,544.635
2026-09-14T19:25:00Z,2026-09-14T19:30:00Z,544.61,544.88,544.17,544.215
2026-09-14T19:30:00Z,2026-09-14T19:35:00Z,544.185,544.46,542.995,543.285
2026-09-14T19:35:00Z,2026-09-14T19:40:00Z,543.28,543.285,542.345,542.475
2026-09-14T19:40:00Z,2026-09-14T19:45:00Z,542.485,542.985,542.435,542.845
2026-09-14T19:45:00Z,2026-09-14T19:50:00Z,542.84,543.165,542.42,543.05
2026-09-14T19:50:00Z,2026-09-14T19:55:00Z,543.05,543.05,541.51,542.31
2026-09-14T19:55:00Z,2026-09-14T20:00:00Z,542.29,542.34,540.755,540.765
2026-09-15T13:30:00Z,2026-09-15T13:35:00Z,546.46,548.115,545.035,546.72
2026-09-15T13:35:00Z,2026-09-15T13:40:00Z,546.71,546.905,544.165,544.47
2026-09-15T13:40:00Z,2026-09-15T13:45:00Z,544.455,546.17,544.005,545.745
2026-09-15T13:45:00Z,2026-09-15T13:50:00Z,545.75,547.015,545.59,546.52
2026-09-15T13:50:00Z,2026-09-15T13:55:00Z,546.515,547.38,545.835,546.97
2026-09-15T13:55:00Z,2026-09-15T14:00:00Z,546.985,547.53,546.535,546.81
2026-09-15T14:00:00Z,2026-09-15T14:05:00Z,546.745,547.51,546.24,546.66
2026-09-15T14:05:00Z,2026-09-15T14:10:00Z,546.665,547.555,546.285,546.49
2026-09-15T14:10:00Z,2026-09-15T14:15:00Z,546.525,546.585,544.66,545.025
2026-09-15T14:15:00Z,2026-09-15T14:20:00Z,545.04,545.69,544.895,545.525
2026-09-15T14:20:00Z,2026-09-15T14:25:00Z,545.52,545.69,543.81,545.03
2026-09-15T14:25:00Z,2026-09-15T14:30:00Z,545.04,545.285,544.57,544.97
2026-09-15T14:30:00Z,2026-09-15T14:35:00Z,544.965,545.57,544.095,544.225
2026-09-15T14:35:00Z,2026-09-15T14:40:00Z,544.215,544.51,543.26,543.535
2026-09-15T14:40:00Z,2026-09-15T14:45:00Z,543.52,543.99,542.84,543.98
2026-09-15T14:45:00Z,2026-09-15T14:50:00Z,543.985,544.65,542.97,542.975
2026-09-15T14:50:00Z,2026-09-15T14:55:00Z,542.98,542.995,541.055,542.115
2026-09-15T14:55:00Z,2026-09-15T15:00:00Z,542.095,542.485,541.675,541.925
2026-09-15T15:00:00Z,2026-09-15T15:05:00Z,541.93,543.05,541.68,543.05
2026-09-15T15:05:00Z,2026-09-15T15:10:00Z,543.045,543.195,542.24,542.31
2026-09-15T15:10:00Z,2026-09-15T15:15:00Z,542.3,542.55,541.55,542.155
2026-09-15T15:15:00Z,2026-09-15T15:20:00Z,542.16,542.74,542.09,542.495
2026-09-15T15:20:00Z,2026-09-15T15:25:00Z,542.51,543.115,542.025,542.73
2026-09-15T15:25:00Z,2026-09-15T15:30:00Z,542.735,543.735,542.71,543.48
2026-09-15T15:30:00Z,2026-09-15T15:35:00Z,543.475,543.52,542.475,542.99
2026-09-15T15:35:00Z,2026-09-15T15:40:00Z,542.985,543.29,542.675,542.685
2026-09-15T15:40:00Z,2026-09-15T15:45:00Z,542.69,543.17,542.61,542.78
2026-09-15T15:45:00Z,2026-09-15T15:50:00Z,542.79,542.89,542.125,542.35
2026-09-15T15:50:00Z,2026-09-15T15:55:00Z,542.345,543.335,542.29,542.555
2026-09-15T15:55:00Z,2026-09-15T16:00:00Z,542.55,542.925,541.385,541.4
2026-09-15T16:00:00Z,2026-09-15T16:05:00Z,541.39,542.14,541.335,541.73
2026-09-15T16:05:00Z,2026-09-15T16:10:00Z,541.675,541.84,540.77,540.96
2026-09-15T16:10:00Z,2026-09-15T16:15:00Z,540.955,541.065,540.615,540.815
2026-09-15T16:15:00Z,2026-09-15T16:20:00Z,540.82,541.61,540.7,541.51
2026-09-15T16:20:00Z,2026-09-15T16:25:00Z,541.515,542.19,541.48,542.005
2026-09-15T16:25:00Z,2026-09-15T16:30:00Z,542.01,542.13,541.565,541.68
2026-09-15T16:30:00Z,2026-09-15T16:35:00Z,541.69,541.69,540.9,541.145
2026-09-15T16:35:00Z,2026-09-15T16:40:00Z,541.15,541.335,540.815,541.175
2026-09-15T16:40:00Z,2026-09-15T16:45:00Z,541.185,541.72,541.08,541.56
2026-09-15T16:45:00Z,2026-09-15T16:50:00Z,541.555,541.92,541.24,541.51
2026-09-15T16:50:00Z,2026-09-15T16:55:00Z,541.51,542.075,541.44,541.915
2026-09-15T16:55:00Z,2026-09-15T17:00:00Z,541.92,541.985,540.95,541.16
2026-09-15T17:00:00Z,2026-09-15T17:05:00Z,541.14,541.27,540.34,540.34
2026-09-15T17:05:00Z,2026-09-15T17:10:00Z,540.335,540.765,540.125,540.465
2026-09-15T17:10:00Z,2026-09-15T17:15:00Z,540.46,540.82,540.46,540.485
2026-09-15T17:15:00Z,2026-09-15T17:20:00Z,540.51,541.035,540.495,541.015
2026-09-15T17:20:00Z,2026-09-15T17:25:00Z,541.04,541.31,540.66,540.665
2026-09-15T17:25:00Z,2026-09-15T17:30:00Z,540.665,541.14,540.615,541.14
2026-09-15T17:30:00Z,2026-09-15T17:35:00Z,541.14,541.375,540.955,541
2026-09-15T17:35:00Z,2026-09-15T17:40:00Z,541,541.17,540.69,540.69
2026-09-15T17:40:00Z,2026-09-15T17:45:00Z,540.69,540.85,540.19,540.535
2026-09-15T17:45:00Z,2026-09-15T17:50:00Z,540.535,540.91,540.535,540.875
2026-09-15T17:50:00Z,2026-09-15T17:55:00Z,540.86,541.53,540.76,541.495
2026-09-15T17:55:00Z,2026-09-15T18:00:00Z,541.5,541.895,541.365,541.85
2026-09-15T18:00:00Z,2026-09-15T18:05:00Z,541.86,542.115,541.56,542.05
2026-09-15T18:05:00Z,2026-09-15T18:10:00Z,542.06,542.29,541.855,542.27
2026-09-15T18:10:00Z,2026-09-15T18:15:00Z,542.28,542.295,541.715,541.77
2026-09-15T18:15:00Z,2026-09-15T18:20:00Z,541.78,541.89,541.3,541.52
2026-09-15T18:20:00Z,2026-09-15T18:25:00Z,541.495,541.92,541.46,541.805
2026-09-15T18:25:00Z,2026-09-15T18:30:00Z,541.81,542.38,541.79,542.17
2026-09-15T18:30:00Z,2026-09-15T18:35:00Z,542.165,542.165,541.525,541.585
2026-09-15T18:35:00Z,2026-09-15T18:40:00Z,541.59,541.77,541.1,541.515
2026-09-15T18:40:00Z,2026-09-15T18:45:00Z,541.52,541.635,540.995,541.225
2026-09-15T18:45:00Z,2026-09-15T18:50:00Z,541.23,541.3,540.855,541.005
2026-09-15T18:50:00Z,2026-09-15T18:55:00Z,540.995,541.46,540.935,541.45
2026-09-15T18:55:00Z,2026-09-15T19:00:00Z,541.445,541.72,541.31,541.66
2026-09-15T19:00:00Z,2026-09-15T19:05:00Z,541.65,541.885,541.42,541.585
2026-09-15T19:05:00Z,2026-09-15T19:10:00Z,541.625,541.965,541.57,541.96
2026-09-15T19:10:00Z,2026-09-15T19:15:00Z,541.955,542.09,541.53,541.53
2026-09-15T19:15:00Z,2026-09-15T19:20:00Z,541.6,541.97,541.45,541.96
2026-09-15T19:20:00Z,2026-09-15T19:25:00Z,541.96,541.96,541.52,541.62
2026-09-15T19:25:00Z,2026-09-15T19:30:00Z,541.61,542.22,541.57,541.96
2026-09-15T19:30:00Z,2026-09-15T19:35:00Z,541.945,542.05,541.55,541.69
2026-09-15T19:35:00Z,2026-09-15T19:40:00Z,541.68,541.74,541.43,541.635
2026-09-15T19:40:00Z,2026-09-15T19:45:00Z,541.635,542.215,541.565,541.87
2026-09-15T19:45:00Z,2026-09-15T19:50:00Z,541.87,542.41,541.67,541.82
2026-09-15T19:50:00Z,2026-09-15T19:55:00Z,541.82,541.895,541.295,541.845
2026-09-15T19:55:00Z,2026-09-15T20:00:00Z,541.85,542.21,541.6,542.12
2026-09-16T13:30:00Z,2026-09-16T13:35:00Z,550.145,550.405,548.285,549.51
2026-09-16T13:35:00Z,2026-09-16T13:40:00Z,549.635,550.38,548.71,549.495
2026-09-16T13:40:00Z,2026-09-16T13:45:00Z,549.505,549.995,548.975,549.125
2026-09-16T13:45:00Z,2026-09-16T13:50:00Z,549.13,551.23,549.105,551.1
2026-09-16T13:50:00Z,2026-09-16T13:55:00Z,551.095,551.34,550.295,550.605
2026-09-16T13:55:00Z,2026-09-16T14:00:00Z,550.615,551.755,550.53,551.565
2026-09-16T14:00:00Z,2026-09-16T14:05:00Z,551.59,551.805,550.345,550.595
2026-09-16T14:05:00Z,2026-09-16T14:10:00Z,550.6,551.52,550.075,550.98
2026-09-16T14:10:00Z,2026-09-16T14:15:00Z,551.01,551.43,550.075,550.715
2026-09-16T14:15:00Z,2026-09-16T14:20:00Z,550.75,551.695,550.635,551.28
2026-09-16T14:20:00Z,2026-09-16T14:25:00Z,551.295,551.605,550.93,551.11
2026-09-16T14:25:00Z,2026-09-16T14:30:00Z,551.115,551.24,550.58,551
2026-09-16T14:30:00Z,2026-09-16T14:35:00Z,550.995,551.075,550.285,550.285
2026-09-16T14:35:00Z,2026-09-16T14:40:00Z,550.29,550.57,549.74,550.295
2026-09-16T14:40:00Z,2026-09-16T14:45:00Z,550.28,550.525,549.96,550.49
2026-09-16T14:45:00Z,2026-09-16T14:50:00Z,550.45,550.75,550.025,550.345
2026-09-16T14:50:00Z,2026-09-16T14:55:00Z,550.315,550.735,549.975,550.515
2026-09-16T14:55:00Z,2026-09-16T15:00:00Z,550.525,551.365,550.32,551.32
2026-09-16T15:00:00Z,2026-09-16T15:05:00Z,551.315,551.585,550.96,551.15
2026-09-16T15:05:00Z,2026-09-16T15:10:00Z,551.14,552.39,550.87,552.05
2026-09-16T15:10:00Z,2026-09-16T15:15:00Z,552.06,552.115,551.27,551.595
2026-09-16T15:15:00Z,2026-09-16T15:20:00Z,551.585,551.66,550.675,550.985
2026-09-16T15:20:00Z,2026-09-16T15:25:00Z,550.975,551.765,550.81,551.75
2026-09-16T15:25:00Z,2026-09-16T15:30:00Z,551.75,552.375,551.59,551.635
2026-09-16T15:30:00Z,2026-09-16T15:35:00Z,551.64,551.73,551.185,551.37
2026-09-16T15:35:00Z,2026-09-16T15:40:00Z,551.365,551.795,551.24,551.425
2026-09-16T15:40:00Z,2026-09-16T15:45:00Z,551.42,551.575,551.04,551.39
2026-09-16T15:45:00Z,2026-09-16T15:50:00Z,551.385,553.16,551.255,552.495
2026-09-16T15:50:00Z,2026-09-16T15:55:00Z,552.5,552.68,551.7,551.7
2026-09-16T15:55:00Z,2026-09-16T16:00:00Z,551.68,551.825,551.325,551.335
2026-09-16T16:00:00Z,2026-09-16T16:05:00Z,551.345,551.5,550.79,550.8
2026-09-16T16:05:00Z,2026-09-16T16:10:00Z,550.805,551.34,550.79,551.165
2026-09-16T16:10:00Z,2026-09-16T16:15:00Z,551.16,551.38,550.98,551.37
2026-09-16T16:15:00Z,2026-09-16T16:20:00Z,551.365,551.675,551.33,551.61
2026-09-16T16:20:00Z,2026-09-16T16:25:00Z,551.615,551.615,551.045,551.075
2026-09-16T16:25:00Z,2026-09-16T16:30:00Z,551.07,551.405,551.04,551.305
2026-09-16T16:30:00Z,2026-09-16T16:35:00Z,551.31,551.425,550.68,550.73
2026-09-16T16:35:00Z,2026-09-16T16:40:00Z,550.74,550.975,550.655,550.815
2026-09-16T16:40:00Z,2026-09-16T16:45:00Z,550.81,550.86,550.58,550.6
2026-09-16T16:45:00Z,2026-09-16T16:50:00Z,550.59,551.285,550.59,551.05
2026-09-16T16:50:00Z,2026-09-16T16:55:00Z,551.065,551.22,550.65,551
2026-09-16T16:55:00Z,2026-09-16T17:00:00Z,550.995,551.055,550.735,550.765
2026-09-16T17:00:00Z,2026-09-16T17:05:00Z,550.775,550.8,549.89,550.065
2026-09-16T17:05:00Z,2026-09-16T17:10:00Z,550.06,550.225,549.89,550.205
2026-09-16T17:10:00Z,2026-09-16T17:15:00Z,550.2,550.385,549.93,550.32
2026-09-16T17:15:00Z,2026-09-16T17:20:00Z,550.31,550.37,549.9,550.025
2026-09-16T17:20:00Z,2026-09-16T17:25:00Z,550.02,550.09,549.375,549.48
2026-09-16T17:25:00Z,2026-09-16T17:30:00Z,549.445,549.655,549.34,549.585
2026-09-16T17:30:00Z,2026-09-16T17:35:00Z,549.59,549.78,549.17,549.33
2026-09-16T17:35:00Z,2026-09-16T17:40:00Z,549.335,549.565,549.225,549.23
2026-09-16T17:40:00Z,2026-09-16T17:45:00Z,549.24,549.265,548.63,548.77
2026-09-16T17:45:00Z,2026-09-16T17:50:00Z,548.775,549.41,548.76,549.3
2026-09-16T17:50:00Z,2026-09-16T17:55:00Z,549.32,549.89,549.08,549.77
2026-09-16T17:55:00Z,2026-09-16T18:00:00Z,549.76,551.245,549.74,551.225
2026-09-16T18:00:00Z,2026-09-16T18:05:00Z,551.235,552.32,548.43,551.385
2026-09-16T18:05:00Z,2026-09-16T18:10:00Z,551.395,552.28,550.92,550.975
2026-09-16T18:10:00Z,2026-09-16T18:15:00Z,550.99,551.23,550.07,550.43
2026-09-16T18:15:00Z,2026-09-16T18:20:00Z,550.435,550.435,549.44,549.885
2026-09-16T18:20:00Z,2026-09-16T18:25:00Z,549.895,550.19,549.5,549.59
2026-09-16T18:25:00Z,2026-09-16T18:30:00Z,549.58,549.665,547.875,549.435
2026-09-16T18:30:00Z,2026-09-16T18:35:00Z,549.44,549.86,547.49,547.91
2026-09-16T18:35:00Z,2026-09-16T18:40:00Z,547.89,548.65,546.015,548.125
2026-09-16T18:40:00Z,2026-09-16T18:45:00Z,548.12,550.03,547.83,548.43
2026-09-16T18:45:00Z,2026-09-16T18:50:00Z,548.415,549.32,546.7,546.89
2026-09-16T18:50:00Z,2026-09-16T18:55:00Z,546.895,547.47,544.895,544.945
2026-09-16T18:55:00Z,2026-09-16T19:00:00Z,544.96,545.74,543.18,543.925
2026-09-16T19:00:00Z,2026-09-16T19:05:00Z,543.99,545.325,543.745,544.445
2026-09-16T19:05:00Z,2026-09-16T19:10:00Z,544.47,544.47,541.645,542.405
2026-09-16T19:10:00Z,2026-09-16T19:15:00Z,542.43,542.585,540.605,541.335
2026-09-16T19:15:00Z,2026-09-16T19:20:00Z,541.33,542.275,540.62,541.285
2026-09-16T19:20:00Z,2026-09-16T19:25:00Z,541.28,541.835,540.68,541.465
2026-09-16T19:25:00Z,2026-09-16T19:30:00Z,541.475,542.705,540.425,542.57
2026-09-16T19:30:00Z,2026-09-16T19:35:00Z,542.575,543.94,542.36,543.925
2026-09-16T19:35:00Z,2026-09-16T19:40:00Z,543.945,544.065,542.7,543.995
2026-09-16T19:40:00Z,2026-09-16T19:45:00Z,543.995,544.515,543.09,543.63
2026-09-16T19:45:00Z,2026-09-16T19:50:00Z,543.62,545.105,543.565,544.675
2026-09-16T19:50:00Z,2026-09-16T19:55:00Z,544.68,545.365,543.95,544.345
2026-09-16T19:55:00Z,2026-09-16T20:00:00Z,544.35,545.745,543.93,545.46
2026-09-17T13:30:00Z,2026-09-17T13:35:00Z,560.04,560.635,558.645,558.935
2026-09-17T13:35:00Z,2026-09-17T13:40:00Z,558.935,559.785,557.695,557.755
2026-09-17T13:40:00Z,2026-09-17T13:45:00Z,557.74,559.74,557.625,559.265
2026-09-17T13:45:00Z,2026-09-17T13:50:00Z,559.26,560.415,558.985,559.7
2026-09-17T13:50:00Z,2026-09-17T13:55:00Z,559.715,561.725,559.49,560.955
2026-09-17T13:55:00Z,2026-09-17T14:00:00Z,560.95,561.295,560.12,561.04
2026-09-17T14:00:00Z,2026-09-17T14:05:00Z,560.96,561.18,559.45,559.96
2026-09-17T14:05:00Z,2026-09-17T14:10:00Z,559.965,560.42,558.98,559.63
2026-09-17T14:10:00Z,2026-09-17T14:15:00Z,559.61,561.25,559.51,561.02
2026-09-17T14:15:00Z,2026-09-17T14:20:00Z,561.025,561.555,560.635,560.935
2026-09-17T14:20:00Z,2026-09-17T14:25:00Z,560.915,560.935,560.305,560.43
2026-09-17T14:25:00Z,2026-09-17T14:30:00Z,560.425,560.735,559.91,559.965
2026-09-17T14:30:00Z,2026-09-17T14:35:00Z,559.965,560.685,559.51,560.45
2026-09-17T14:35:00Z,2026-09-17T14:40:00Z,560.51,560.58,560.02,560.16
2026-09-17T14:40:00Z,2026-09-17T14:45:00Z,560.165,560.53,559.715,559.865
2026-09-17T14:45:00Z,2026-09-17T14:50:00Z,559.885,559.91,559.22,559.52
2026-09-17T14:50:00Z,2026-09-17T14:55:00Z,559.54,559.655,558.455,558.91
2026-09-17T14:55:00Z,2026-09-17T15:00:00Z,558.895,559.635,558.675,559.155
2026-09-17T15:00:00Z,2026-09-17T15:05:00Z,559.175,559.735,558.7,559.615
2026-09-17T15:05:00Z,2026-09-17T15:10:00Z,559.605,560.22,559.21,559.9
2026-09-17T15:10:00Z,2026-09-17T15:15:00Z,559.89,559.895,559.115,559.57
2026-09-17T15:15:00Z,2026-09-17T15:20:00Z,559.56,559.56,559.02,559.11
2026-09-17T15:20:00Z,2026-09-17T15:25:00Z,559.115,559.53,558.875,559.445
2026-09-17T15:25:00Z,2026-09-17T15:30:00Z,559.46,559.96,559.435,559.775
2026-09-17T15:30:00Z,2026-09-17T15:35:00Z,559.78,559.985,559.33,559.495
2026-09-17T15:35:00Z,2026-09-17T15:40:00Z,559.475,559.725,559.42,559.54
2026-09-17T15:40:00Z,2026-09-17T15:45:00Z,559.53,560.05,559.51,559.71
2026-09-17T15:45:00Z,2026-09-17T15:50:00Z,559.69,559.94,559.595,559.94
2026-09-17T15:50:00Z,2026-09-17T15:55:00Z,559.905,559.985,559.435,559.47
2026-09-17T15:55:00Z,2026-09-17T16:00:00Z,559.48,559.925,559.425,559.86
2026-09-17T16:00:00Z,2026-09-17T16:05:00Z,559.905,560.085,559.68,559.78
2026-09-17T16:05:00Z,2026-09-17T16:10:00Z,559.79,560.24,559.65,560.22
2026-09-17T16:10:00Z,2026-09-17T16:15:00Z,560.21,560.47,560.14,560.47
2026-09-17T16:15:00Z,2026-09-17T16:20:00Z,560.455,560.655,560.2,560.6
2026-09-17T16:20:00Z,2026-09-17T16:25:00Z,560.59,560.84,560.315,560.68
2026-09-17T16:25:00Z,2026-09-17T16:30:00Z,560.675,560.75,560.31,560.75
2026-09-17T16:30:00Z,2026-09-17T16:35:00Z,560.745,560.885,560.2,560.33
2026-09-17T16:35:00Z,2026-09-17T16:40:00Z,560.335,560.58,560.145,560.21
2026-09-17T16:40:00Z,2026-09-17T16:45:00Z,560.22,560.615,560.095,560.47
2026-09-17T16:45:00Z,2026-09-17T16:50:00Z,560.475,560.695,560.31,560.525
2026-09-17T16:50:00Z,2026-09-17T16:55:00Z,560.52,560.74,560.4,560.645
2026-09-17T16:55:00Z,2026-09-17T17:00:00Z,560.635,560.71,559.71,560.625
2026-09-17T17:00:00Z,2026-09-17T17:05:00Z,560.63,561.225,560.565,561.04
2026-09-17T17:05:00Z,2026-09-17T17:10:00Z,561.045,561.53,561.005,561.18
2026-09-17T17:10:00Z,2026-09-17T17:15:00Z,561.175,561.18,560.555,560.63
2026-09-17T17:15:00Z,2026-09-17T17:20:00Z,560.62,560.96,560.54,560.845
2026-09-17T17:20:00Z,2026-09-17T17:25:00Z,560.85,560.95,560.63,560.77
2026-09-17T17:25:00Z,2026-09-17T17:30:00Z,560.795,561.105,560.735,560.87
2026-09-17T17:30:00Z,2026-09-17T17:35:00Z,560.875,560.97,560.56,560.925
2026-09-17T17:35:00Z,2026-09-17T17:40:00Z,560.93,561.125,560.7,560.735
2026-09-17T17:40:00Z,2026-09-17T17:45:00Z,560.725,561.345,560.725,561.325
2026-09-17T17:45:00Z,2026-09-17T17:50:00Z,561.315,561.44,561.245,561.27
2026-09-17T17:50:00Z,2026-09-17T17:55:00Z,561.26,561.32,561.04,561.135
2026-09-17T17:55:00Z,2026-09-17T18:00:00Z,561.125,561.305,561.1,561.295
2026-09-17T18:00:00Z,2026-09-17T18:05:00Z,561.305,561.4,561.065,561.26
2026-09-17T18:05:00Z,2026-09-17T18:10:00Z,561.28,561.48,561.05,561.16
2026-09-17T18:10:00Z,2026-09-17T18:15:00Z,561.165,561.45,561.06,561.33
2026-09-17T18:15:00Z,2026-09-17T18:20:00Z,561.315,561.505,561.255,561.485
2026-09-17T18:20:00Z,2026-09-17T18:25:00Z,561.485,561.54,561.055,561.255
2026-09-17T18:25:00Z,2026-09-17T18:30:00Z,561.25,561.43,561.21,561.255
2026-09-17T18:30:00Z,2026-09-17T18:35:00Z,561.26,561.63,561.17,561.205
2026-09-17T18:35:00Z,2026-09-17T18:40:00Z,561.21,561.245,560.82,560.905
2026-09-17T18:40:00Z,2026-09-17T18:45:00Z,560.88,561.015,560.72,560.975
2026-09-17T18:45:00Z,2026-09-17T18:50:00Z,560.97,561.27,560.89,561.015
2026-09-17T18:50:00Z,2026-09-17T18:55:00Z,561.005,561.12,560.665,560.755
2026-09-17T18:55:00Z,2026-09-17T19:00:00Z,560.75,561.075,560.735,561.025
2026-09-17T19:00:00Z,2026-09-17T19:05:00Z,561.015,561.21,560.885,561
2026-09-17T19:05:00Z,2026-09-17T19:10:00Z,561.01,561.395,560.885,561.075
2026-09-17T19:10:00Z,2026-09-17T19:15:00Z,561.08,561.23,560.93,560.97
2026-09-17T19:15:00Z,2026-09-17T19:20:00Z,560.965,561.43,560.965,561.265
2026-09-17T19:20:00Z,2026-09-17T19:25:00Z,561.26,561.36,560.94,560.95
2026-09-17T19:25:00Z,2026-09-17T19:30:00Z,560.97,561.105,560.605,560.68
2026-09-17T19:30:00Z,2026-09-17T19:35:00Z,560.685,561.6,560.65,561.32
2026-09-17T19:35:00Z,2026-09-17T19:40:00Z,561.31,561.56,561.3,561.525
2026-09-17T19:40:00Z,2026-09-17T19:45:00Z,561.52,561.555,560.66,561.015
2026-09-17T19:45:00Z,2026-09-17T19:50:00Z,561.035,561.085,560.74,561.005
2026-09-17T19:50:00Z,2026-09-17T19:55:00Z,561.01,561.475,560.59,560.66
2026-09-17T19:55:00Z,2026-09-17T20:00:00Z,560.65,561.185,560.38,560.575
2026-09-18T13:30:00Z,2026-09-18T13:35:00Z,563.76,565.1,563.34,563.97
2026-09-18T13:35:00Z,2026-09-18T13:40:00Z,563.955,566.04,563.755,565.925
2026-09-18T13:40:00Z,2026-09-18T13:45:00Z,565.935,567.36,565.11,566.815
2026-09-18T13:45:00Z,2026-09-18T13:50:00Z,566.78,567.605,565.755,565.91
2026-09-18T13:50:00Z,2026-09-18T13:55:00Z,565.89,566.045,565.105,565.545
2026-09-18T13:55:00Z,2026-09-18T14:00:00Z,565.555,565.61,564.58,565.07
2026-09-18T14:00:00Z,2026-09-18T14:05:00Z,565.085,565.54,563.775,563.875
2026-09-18T14:05:00Z,2026-09-18T14:10:00Z,563.87,565.205,563.345,565.2
2026-09-18T14:10:00Z,2026-09-18T14:15:00Z,565.195,566.385,565.12,566.09
2026-09-18T14:15:00Z,2026-09-18T14:20:00Z,566.1,566.21,565.415,565.925
2026-09-18T14:20:00Z,2026-09-18T14:25:00Z,565.92,566.51,565.56,566.215
2026-09-18T14:25:00Z,2026-09-18T14:30:00Z,566.14,566.16,565.555,565.57
2026-09-18T14:30:00Z,2026-09-18T14:35:00Z,565.615,565.885,565.41,565.54
2026-09-18T14:35:00Z,2026-09-18T14:40:00Z,565.545,565.775,564.915,565.28
2026-09-18T14:40:00Z,2026-09-18T14:45:00Z,565.275,565.345,564.145,564.28
2026-09-18T14:45:00Z,2026-09-18T14:50:00Z,564.295,565.085,564.08,564.96
2026-09-18T14:50:00Z,2026-09-18T14:55:00Z,564.955,565.505,564.82,565.165
2026-09-18T14:55:00Z,2026-09-18T15:00:00Z,565.19,565.345,564.6,564.915
2026-09-18T15:00:00Z,2026-09-18T15:05:00Z,564.925,565.22,564.38,564.475
2026-09-18T15:05:00Z,2026-09-18T15:10:00Z,564.48,565.165,564.45,564.81
2026-09-18T15:10:00Z,2026-09-18T15:15:00Z,564.8,564.825,564.13,564.63
2026-09-18T15:15:00Z,2026-09-18T15:20:00Z,564.66,565.17,564.535,564.95
2026-09-18T15:20:00Z,2026-09-18T15:25:00Z,564.955,565.405,564.67,565.135
2026-09-18T15:25:00Z,2026-09-18T15:30:00Z,565.13,565.815,565.04,565.685
2026-09-18T15:30:00Z,2026-09-18T15:35:00Z,565.69,565.88,565.145,565.54
2026-09-18T15:35:00Z,2026-09-18T15:40:00Z,565.535,565.655,564.915,565.045
2026-09-18T15:40:00Z,2026-09-18T15:45:00Z,565.035,565.055,564.6,564.92
2026-09-18T15:45:00Z,2026-09-18T15:50:00Z,564.945,565.275,564.645,565.135
2026-09-18T15:50:00Z,2026-09-18T15:55:00Z,565.135,565.4,564.6,564.64
2026-09-18T15:55:00Z,2026-09-18T16:00:00Z,564.645,564.745,564.175,564.285
2026-09-18T16:00:00Z,2026-09-18T16:05:00Z,564.275,564.295,563.855,563.895
2026-09-18T16:05:00Z,2026-09-18T16:10:00Z,563.905,564.38,563.895,563.935
2026-09-18T16:10:00Z,2026-09-18T16:15:00Z,563.91,564.075,563.64,563.905
2026-09-18T16:15:00Z,2026-09-18T16:20:00Z,563.92,564.435,563.885,564.395
2026-09-18T16:20:00Z,2026-09-18T16:25:00Z,564.4,564.585,563.15,563.215
2026-09-18T16:25:00Z,2026-09-18T16:30:00Z,563.225,563.65,562.725,563.585
2026-09-18T16:30:00Z,2026-09-18T16:35:00Z,563.58,564.34,563.4,564.2
2026-09-18T16:35:00Z,2026-09-18T16:40:00Z,564.21,564.34,563.845,563.965
2026-09-18T16:40:00Z,2026-09-18T16:45:00Z,563.965,564.085,563.735,563.965
2026-09-18T16:45:00Z,2026-09-18T16:50:00Z,563.975,563.98,563.44,563.655
2026-09-18T16:50:00Z,2026-09-18T16:55:00Z,563.65,563.91,563.565,563.845
2026-09-18T16:55:00Z,2026-09-18T17:00:00Z,563.84,564.13,563.76,564.11
2026-09-18T17:00:00Z,2026-09-18T17:05:00Z,564.115,564.42,563.955,564.155
2026-09-18T17:05:00Z,2026-09-18T17:10:00Z,564.165,564.65,564.08,564.555
2026-09-18T17:10:00Z,2026-09-18T17:15:00Z,564.56,564.565,564.265,564.56
2026-09-18T17:15:00Z,2026-09-18T17:20:00Z,564.565,564.87,564.48,564.7
2026-09-18T17:20:00Z,2026-09-18T17:25:00Z,564.69,564.755,564.455,564.545
2026-09-18T17:25:00Z,2026-09-18T17:30:00Z,564.54,564.835,564.515,564.735
2026-09-18T17:30:00Z,2026-09-18T17:35:00Z,564.73,564.75,564.465,564.59
2026-09-18T17:35:00Z,2026-09-18T17:40:00Z,564.595,564.86,564.595,564.705
2026-09-18T17:40:00Z,2026-09-18T17:45:00Z,564.695,564.845,564.525,564.835
2026-09-18T17:45:00Z,2026-09-18T17:50:00Z,564.84,564.84,564.565,564.79
2026-09-18T17:50:00Z,2026-09-18T17:55:00Z,564.795,564.845,564.555,564.57
2026-09-18T17:55:00Z,2026-09-18T18:00:00Z,564.565,564.805,564.545,564.65
2026-09-18T18:00:00Z,2026-09-18T18:05:00Z,564.64,564.705,564.415,564.5
2026-09-18T18:05:00Z,2026-09-18T18:10:00Z,564.48,564.55,564.27,564.325
2026-09-18T18:10:00Z,2026-09-18T18:15:00Z,564.31,564.375,564.08,564.23
2026-09-18T18:15:00Z,2026-09-18T18:20:00Z,564.22,564.49,564.22,564.46
2026-09-18T18:20:00Z,2026-09-18T18:25:00Z,564.46,565.085,564.43,564.62
2026-09-18T18:25:00Z,2026-09-18T18:30:00Z,564.625,564.67,564.19,564.4
2026-09-18T18:30:00Z,2026-09-18T18:35:00Z,564.405,564.42,564.115,564.31
2026-09-18T18:35:00Z,2026-09-18T18:40:00Z,564.34,564.42,564.1,564.37
2026-09-18T18:40:00Z,2026-09-18T18:45:00Z,564.375,564.545,564.255,564.515
2026-09-18T18:45:00Z,2026-09-18T18:50:00Z,564.525,564.985,564.475,564.865
2026-09-18T18:50:00Z,2026-09-18T18:55:00Z,564.86,565.49,564.785,565.21
2026-09-18T18:55:00Z,2026-09-18T19:00:00Z,565.215,565.44,565.085,565.16
2026-09-18T19:00:00Z,2026-09-18T19:05:00Z,565.155,565.82,565.155,565.715
2026-09-18T19:05:00Z,2026-09-18T19:10:00Z,565.71,565.955,565.4,565.595
2026-09-18T19:10:00Z,2026-09-18T19:15:00Z,565.6,565.925,565.37,565.58
2026-09-18T19:15:00Z,2026-09-18T19:20:00Z,565.575,565.99,565.495,565.95
2026-09-18T19:20:00Z,2026-09-18T19:25:00Z,565.985,566.055,565.67,565.73
2026-09-18T19:25:00Z,2026-09-18T19:30:00Z,565.745,565.795,565.56,565.71
2026-09-18T19:30:00Z,2026-09-18T19:35:00Z,565.715,566.005,565.245,566
2026-09-18T19:35:00Z,2026-09-18T19:40:00Z,566.005,566.725,565.92,566.525
2026-09-18T19:40:00Z,2026-09-18T19:45:00Z,566.52,566.99,566.48,566.975
2026-09-18T19:45:00Z,2026-09-18T19:50:00Z,566.965,567.15,566.69,566.97
2026-09-18T19:50:00Z,2026-09-18T19:55:00Z,566.965,569.535,566.965,569.495
2026-09-18T19:55:00Z,2026-09-18T20:00:00Z,569.485,572.87,569.485,572.725
2026-09-21T13:30:00Z,2026-09-21T13:35:00Z,581.895,582.765,578.55,580.4
2026-09-21T13:35:00Z,2026-09-21T13:40:00Z,580.42,583.505,579.825,583.225
2026-09-21T13:40:00Z,2026-09-21T13:45:00Z,583.24,584.445,583.055,583.625
2026-09-21T13:45:00Z,2026-09-21T13:50:00Z,583.63,585.29,583.63,584.64
2026-09-21T13:50:00Z,2026-09-21T13:55:00Z,584.65,585.21,584.445,585.03
2026-09-21T13:55:00Z,2026-09-21T14:00:00Z,585.04,585.04,584.175,584.245
2026-09-21T14:00:00Z,2026-09-21T14:05:00Z,584.245,584.925,583.825,583.975
2026-09-21T14:05:00Z,2026-09-21T14:10:00Z,583.96,584.1,582.665,582.86
2026-09-21T14:10:00Z,2026-09-21T14:15:00Z,582.855,584.725,582.855,584.67
2026-09-21T14:15:00Z,2026-09-21T14:20:00Z,584.695,585.345,584.525,585.03
2026-09-21T14:20:00Z,2026-09-21T14:25:00Z,585.04,585.975,584.43,585.955
2026-09-21T14:25:00Z,2026-09-21T14:30:00Z,585.965,586.8,585.74,586.535
2026-09-21T14:30:00Z,2026-09-21T14:35:00Z,586.545,587.035,586.45,586.685
2026-09-21T14:35:00Z,2026-09-21T14:40:00Z,586.69,587.84,586.69,587.21
2026-09-21T14:40:00Z,2026-09-21T14:45:00Z,587.215,587.295,586.45,587.11
2026-09-21T14:45:00Z,2026-09-21T14:50:00Z,587.09,587.295,586.785,586.795
2026-09-21T14:50:00Z,2026-09-21T14:55:00Z,586.785,586.975,586.145,586.975
2026-09-21T14:55:00Z,2026-09-21T15:00:00Z,586.95,588.315,586.77,588.215
2026-09-21T15:00:00Z,2026-09-21T15:05:00Z,588.22,590.115,588.19,590.09
2026-09-21T15:05:00Z,2026-09-21T15:10:00Z,590.095,590.59,589.54,590.29
2026-09-21T15:10:00Z,2026-09-21T15:15:00Z,590.28,591.08,590.1,590.87
2026-09-21T15:15:00Z,2026-09-21T15:20:00Z,590.88,591.02,590.19,590.385
2026-09-21T15:20:00Z,2026-09-21T15:25:00Z,590.4,590.5,589.98,590.39
2026-09-21T15:25:00Z,2026-09-21T15:30:00Z,590.385,591.205,590.3,591.165
2026-09-21T15:30:00Z,2026-09-21T15:35:00Z,591.175,591.465,590.94,590.98
2026-09-21T15:35:00Z,2026-09-21T15:40:00Z,590.96,591.795,590.93,591.665
2026-09-21T15:40:00Z,2026-09-21T15:45:00Z,591.67,591.8,590.985,591.23
2026-09-21T15:45:00Z,2026-09-21T15:50:00Z,591.24,591.41,590.99,591.095
2026-09-21T15:50:00Z,2026-09-21T15:55:00Z,591.125,591.21,590.45,590.51
2026-09-21T15:55:00Z,2026-09-21T16:00:00Z,590.505,590.635,590.11,590.54
2026-09-21T16:00:00Z,2026-09-21T16:05:00Z,590.545,590.88,589.97,590.86
2026-09-21T16:05:00Z,2026-09-21T16:10:00Z,590.87,591.305,590.59,591.125
2026-09-21T16:10:00Z,2026-09-21T16:15:00Z,591.13,591.645,591.04,591.3
2026-09-21T16:15:00Z,2026-09-21T16:20:00Z,591.34,591.525,591.03,591.35
2026-09-21T16:20:00Z,2026-09-21T16:25:00Z,591.355,591.835,591.13,591.83
2026-09-21T16:25:00Z,2026-09-21T16:30:00Z,591.84,592.41,591.68,592.18
2026-09-21T16:30:00Z,2026-09-21T16:35:00Z,592.175,593.285,592.165,593.21
2026-09-21T16:35:00Z,2026-09-21T16:40:00Z,593.22,593.385,592.27,592.47
2026-09-21T16:40:00Z,2026-09-21T16:45:00Z,592.46,592.9,592.37,592.415
2026-09-21T16:45:00Z,2026-09-21T16:50:00Z,592.425,592.935,592.42,592.74
2026-09-21T16:50:00Z,2026-09-21T16:55:00Z,592.735,592.94,592.49,592.93
2026-09-21T16:55:00Z,2026-09-21T17:00:00Z,592.925,593.375,592.88,593.34
2026-09-21T17:00:00Z,2026-09-21T17:05:00Z,593.32,593.645,593.295,593.585
2026-09-21T17:05:00Z,2026-09-21T17:10:00Z,593.59,593.77,593.13,593.23
2026-09-21T17:10:00Z,2026-09-21T17:15:00Z,593.24,593.36,592.93,593.17
2026-09-21T17:15:00Z,2026-09-21T17:20:00Z,593.155,593.24,592.67,592.9
2026-09-21T17:20:00Z,2026-09-21T17:25:00Z,592.91,592.98,591.95,592.005
2026-09-21T17:25:00Z,2026-09-21T17:30:00Z,592.02,592.74,591.77,592.705
2026-09-21T17:30:00Z,2026-09-21T17:35:00Z,592.71,593.105,592.505,592.55
2026-09-21T17:35:00Z,2026-09-21T17:40:00Z,592.555,593.035,592.41,592.945
2026-09-21T17:40:00Z,2026-09-21T17:45:00Z,592.955,593.165,592.85,593.165
2026-09-21T17:45:00Z,2026-09-21T17:50:00Z,593.165,593.78,593.165,593.595
2026-09-21T17:50:00Z,2026-09-21T17:55:00Z,593.6,593.865,593.51,593.735
2026-09-21T17:55:00Z,2026-09-21T18:00:00Z,593.725,593.78,593.275,593.365
2026-09-21T18:00:00Z,2026-09-21T18:05:00Z,593.37,593.98,593.365,593.98
2026-09-21T18:05:00Z,2026-09-21T18:10:00Z,593.975,594.09,593.645,593.695
2026-09-21T18:10:00Z,2026-09-21T18:15:00Z,593.69,594.315,593.68,594.265
2026-09-21T18:15:00Z,2026-09-21T18:20:00Z,594.26,594.55,594.065,594.47
2026-09-21T18:20:00Z,2026-09-21T18:25:00Z,594.46,594.83,594.415,594.685
2026-09-21T18:25:00Z,2026-09-21T18:30:00Z,594.69,594.71,594.315,594.71
2026-09-21T18:30:00Z,2026-09-21T18:35:00Z,594.715,594.96,594.37,594.485
2026-09-21T18:35:00Z,2026-09-21T18:40:00Z,594.495,595.27,594.495,595.26
2026-09-21T18:40:00Z,2026-09-21T18:45:00Z,595.265,595.275,594.925,595.165
2026-09-21T18:45:00Z,2026-09-21T18:50:00Z,595.195,595.48,595.13,595.435
2026-09-21T18:50:00Z,2026-09-21T18:55:00Z,595.42,595.99,595.315,595.89
2026-09-21T18:55:00Z,2026-09-21T19:00:00Z,595.88,595.93,595.435,595.8
2026-09-21T19:00:00Z,2026-09-21T19:05:00Z,595.795,596.13,595.395,595.43
2026-09-21T19:05:00Z,2026-09-21T19:10:00Z,595.445,596.18,595.395,595.78
2026-09-21T19:10:00Z,2026-09-21T19:15:00Z,595.79,596.5,595.61,596.495
2026-09-21T19:15:00Z,2026-09-21T19:20:00Z,596.485,597.055,596.44,596.94
2026-09-21T19:20:00Z,2026-09-21T19:25:00Z,596.935,597.14,596.555,596.6
2026-09-21T19:25:00Z,2026-09-21T19:30:00Z,596.61,596.73,596.25,596.255
2026-09-21T19:30:00Z,2026-09-21T19:35:00Z,596.25,597.415,596.13,597.345
2026-09-21T19:35:00Z,2026-09-21T19:40:00Z,597.345,598.48,597.3,598.415
2026-09-21T19:40:00Z,2026-09-21T19:45:00Z,598.42,598.62,597.77,597.86
2026-09-21T19:45:00Z,2026-09-21T19:50:00Z,597.87,597.91,597.095,597.345
2026-09-21T19:50:00Z,2026-09-21T19:55:00Z,597.355,597.445,596.525,596.78
2026-09-21T19:55:00Z,2026-09-21T20:00:00Z,596.735,597.37,595.905,596.135
2026-09-22T13:30:00Z,2026-09-22T13:35:00Z,591.26,596.76,591.17,596.76
2026-09-22T13:35:00Z,2026-09-22T13:40:00Z,596.765,597.975,595.995,596.75
2026-09-22T13:40:00Z,2026-09-22T13:45:00Z,596.735,598.345,596.585,597.635
2026-09-22T13:45:00Z,2026-09-22T13:50:00Z,597.62,597.88,596.56,596.98
2026-09-22T13:50:00Z,2026-09-22T13:55:00Z,596.97,599.325,596.925,599.3
2026-09-22T13:55:00Z,2026-09-22T14:00:00Z,599.295,600.195,598.34,600.145
2026-09-22T14:00:00Z,2026-09-22T14:05:00Z,600.15,600.24,598.76,599.45
2026-09-22T14:05:00Z,2026-09-22T14:10:00Z,599.435,600.08,598.99,599.96
2026-09-22T14:10:00Z,2026-09-22T14:15:00Z,599.955,601.845,599.88,601.195
2026-09-22T14:15:00Z,2026-09-22T14:20:00Z,601.19,601.36,600.54,600.94
2026-09-22T14:20:00Z,2026-09-22T14:25:00Z,600.935,601.325,600.165,601.195
2026-09-22T14:25:00Z,2026-09-22T14:30:00Z,601.175,602.31,600.745,601.995
2026-09-22T14:30:00Z,2026-09-22T14:35:00Z,601.99,603.685,601.835,603.565
2026-09-22T14:35:00Z,2026-09-22T14:40:00Z,603.575,603.585,601.25,601.49
2026-09-22T14:40:00Z,2026-09-22T14:45:00Z,601.47,601.68,599.45,599.945
2026-09-22T14:45:00Z,2026-09-22T14:50:00Z,599.935,600.47,598.41,600.44
2026-09-22T14:50:00Z,2026-09-22T14:55:00Z,600.415,600.795,599.635,600.52
2026-09-22T14:55:00Z,2026-09-22T15:00:00Z,600.56,600.785,599.88,600.485
2026-09-22T15:00:00Z,2026-09-22T15:05:00Z,600.495,600.95,600.125,600.435
2026-09-22T15:05:00Z,2026-09-22T15:10:00Z,600.48,601.12,600.3,600.445
2026-09-22T15:10:00Z,2026-09-22T15:15:00Z,600.5,601.88,600.5,601.7
2026-09-22T15:15:00Z,2026-09-22T15:20:00Z,601.705,601.81,601.05,601.73
2026-09-22T15:20:00Z,2026-09-22T15:25:00Z,601.725,601.835,601.185,601.445
2026-09-22T15:25:00Z,2026-09-22T15:30:00Z,601.44,601.75,601.12,601.365
2026-09-22T15:30:00Z,2026-09-22T15:35:00Z,601.375,601.645,601.095,601.495
2026-09-22T15:35:00Z,2026-09-22T15:40:00Z,601.49,601.68,600.995,601.28
2026-09-22T15:40:00Z,2026-09-22T15:45:00Z,601.285,601.49,600.995,601.355
2026-09-22T15:45:00Z,2026-09-22T15:50:00Z,601.345,602.075,601.295,601.7
2026-09-22T15:50:00Z,2026-09-22T15:55:00Z,601.705,602.27,601.64,601.815
2026-09-22T15:55:00Z,2026-09-22T16:00:00Z,601.81,602.4,601.655,602.325
2026-09-22T16:00:00Z,2026-09-22T16:05:00Z,602.34,602.485,602.055,602.365
2026-09-22T16:05:00Z,2026-09-22T16:10:00Z,602.36,603.19,602.26,602.765
2026-09-22T16:10:00Z,2026-09-22T16:15:00Z,602.73,603.06,602.53,602.945
2026-09-22T16:15:00Z,2026-09-22T16:20:00Z,602.935,603.02,602.425,602.58
2026-09-22T16:20:00Z,2026-09-22T16:25:00Z,602.585,603.075,602.075,602.19
2026-09-22T16:25:00Z,2026-09-22T16:30:00Z,602.18,602.535,601.345,601.39
2026-09-22T16:30:00Z,2026-09-22T16:35:00Z,601.395,602.435,601.395,602.35
2026-09-22T16:35:00Z,2026-09-22T16:40:00Z,602.345,602.495,602.005,602.2
2026-09-22T16:40:00Z,2026-09-22T16:45:00Z,602.185,602.65,602.13,602.565
2026-09-22T16:45:00Z,2026-09-22T16:50:00Z,602.56,603.46,602.43,603.38
2026-09-22T16:50:00Z,2026-09-22T16:55:00Z,603.385,603.81,603.235,603.66
2026-09-22T16:55:00Z,2026-09-22T17:00:00Z,603.655,603.985,603.55,603.95
2026-09-22T17:00:00Z,2026-09-22T17:05:00Z,603.94,604.29,603.8,604.125
2026-09-22T17:05:00Z,2026-09-22T17:10:00Z,604.12,604.535,603.995,604.2
2026-09-22T17:10:00Z,2026-09-22T17:15:00Z,604.21,604.395,603.91,603.95
2026-09-22T17:15:00Z,2026-09-22T17:20:00Z,603.94,603.95,603.55,603.715
2026-09-22T17:20:00Z,2026-09-22T17:25:00Z,603.7,603.72,602.93,603.18
2026-09-22T17:25:00Z,2026-09-22T17:30:00Z,603.185,603.79,603.09,603.72
2026-09-22T17:30:00Z,2026-09-22T17:35:00Z,603.71,603.735,602.95,603.33
2026-09-22T17:35:00Z,2026-09-22T17:40:00Z,603.34,603.535,603.03,603.165
2026-09-22T17:40:00Z,2026-09-22T17:45:00Z,603.16,603.56,602.815,603.41
2026-09-22T17:45:00Z,2026-09-22T17:50:00Z,603.42,603.655,603.31,603.52
2026-09-22T17:50:00Z,2026-09-22T17:55:00Z,603.53,604.97,603.39,604.64
2026-09-22T17:55:00Z,2026-09-22T18:00:00Z,604.635,604.76,604.03,604.625
2026-09-22T18:00:00Z,2026-09-22T18:05:00Z,604.62,604.645,603.33,604.285
2026-09-22T18:05:00Z,2026-09-22T18:10:00Z,604.295,604.935,604.235,604.895
2026-09-22T18:10:00Z,2026-09-22T18:15:00Z,604.855,605.24,604.81,604.875
2026-09-22T18:15:00Z,2026-09-22T18:20:00Z,604.88,605.435,604.88,605.28
2026-09-22T18:20:00Z,2026-09-22T18:25:00Z,605.27,605.645,605.23,605.465
2026-09-22T18:25:00Z,2026-09-22T18:30:00Z,605.47,605.675,605.345,605.56
2026-09-22T18:30:00Z,2026-09-22T18:35:00Z,605.57,605.715,605.175,605.21
2026-09-22T18:35:00Z,2026-09-22T18:40:00Z,605.22,605.36,604.73,604.95
2026-09-22T18:40:00Z,2026-09-22T18:45:00Z,604.96,605.165,604.645,605.09
2026-09-22T18:45:00Z,2026-09-22T18:50:00Z,605.08,605.18,604.79,605.02
2026-09-22T18:50:00Z,2026-09-22T18:55:00Z,605.025,605.21,604.86,605.05
2026-09-22T18:55:00Z,2026-09-22T19:00:00Z,605.04,605.305,604.88,605.05
2026-09-22T19:00:00Z,2026-09-22T19:05:00Z,605.03,606.02,605.025,606
2026-09-22T19:05:00Z,2026-09-22T19:10:00Z,605.96,606.32,605.935,606.25
2026-09-22T19:10:00Z,2026-09-22T19:15:00Z,606.265,606.475,605.9,606.31
2026-09-22T19:15:00Z,2026-09-22T19:20:00Z,606.315,606.68,606.29,606.51
2026-09-22T19:20:00Z,2026-09-22T19:25:00Z,606.515,606.545,605.635,605.705
2026-09-22T19:25:00Z,2026-09-22T19:30:00Z,605.71,606.41,605.675,606.01
2026-09-22T19:30:00Z,2026-09-22T19:35:00Z,605.995,606.985,605.94,606.91
2026-09-22T19:35:00Z,2026-09-22T19:40:00Z,606.915,607.485,606.65,607.4
2026-09-22T19:40:00Z,2026-09-22T19:45:00Z,607.405,607.45,606.755,607.08
2026-09-22T19:45:00Z,2026-09-22T19:50:00Z,607.085,607.75,607.03,607.665
2026-09-22T19:50:00Z,2026-09-22T19:55:00Z,607.67,608.655,607.275,607.53
2026-09-22T19:55:00Z,2026-09-22T20:00:00Z,607.5,607.9,607.3,607.56
2026-09-23T13:30:00Z,2026-09-23T13:35:00Z,604.68,606.335,602.765,603.6
2026-09-23T13:35:00Z,2026-09-23T13:40:00Z,603.625,605.195,601.56,602.2
2026-09-23T13:40:00Z,2026-09-23T13:45:00Z,602.23,602.26,600.82,601.84
2026-09-23T13:45:00Z,2026-09-23T13:50:00Z,601.76,602.235,599.105,599.455
2026-09-23T13:50:00Z,2026-09-23T13:55:00Z,599.555,599.71,597.88,599.255
2026-09-23T13:55:00Z,2026-09-23T14:00:00Z,599.255,600.185,599.065,599.775
2026-09-23T14:00:00Z,2026-09-23T14:05:00Z,599.735,601.685,599.675,600.575
2026-09-23T14:05:00Z,2026-09-23T14:10:00Z,600.455,600.955,598.73,598.84
2026-09-23T14:10:00Z,2026-09-23T14:15:00Z,598.885,599.025,595.805,596.02
2026-09-23T14:15:00Z,2026-09-23T14:20:00Z,596.015,597.1,594.27,594.365
2026-09-23T14:20:00Z,2026-09-23T14:25:00Z,594.355,595.355,593.845,594.99
2026-09-23T14:25:00Z,2026-09-23T14:30:00Z,594.98,595.915,593.985,595.47
2026-09-23T14:30:00Z,2026-09-23T14:35:00Z,595.465,596.745,594.385,596.725
2026-09-23T14:35:00Z,2026-09-23T14:40:00Z,596.73,597.52,595.565,595.985
2026-09-23T14:40:00Z,2026-09-23T14:45:00Z,596,596.855,595.825,596.65
2026-09-23T14:45:00Z,2026-09-23T14:50:00Z,596.65,597.345,596.48,597.21
2026-09-23T14:50:00Z,2026-09-23T14:55:00Z,597.15,600.315,596.245,599.915
2026-09-23T14:55:00Z,2026-09-23T15:00:00Z,599.885,600.64,599.345,600.295
2026-09-23T15:00:00Z,2026-09-23T15:05:00Z,600.305,600.645,599.055,599.465
2026-09-23T15:05:00Z,2026-09-23T15:10:00Z,599.46,600.49,599.085,600.075
2026-09-23T15:10:00Z,2026-09-23T15:15:00Z,600.07,600.605,599.93,600.52
2026-09-23T15:15:00Z,2026-09-23T15:20:00Z,600.525,600.975,599.055,600.17
2026-09-23T15:20:00Z,2026-09-23T15:25:00Z,600.165,601.1,599.755,600.92
2026-09-23T15:25:00Z,2026-09-23T15:30:00Z,600.93,601.43,600.13,600.2
2026-09-23T15:30:00Z,2026-09-23T15:35:00Z,600.22,600.485,599.82,599.87
2026-09-23T15:35:00Z,2026-09-23T15:40:00Z,599.86,599.86,598.95,599.215
2026-09-23T15:40:00Z,2026-09-23T15:45:00Z,599.19,599.965,599.08,599.925
2026-09-23T15:45:00Z,2026-09-23T15:50:00Z,599.925,599.96,597.66,597.845
2026-09-23T15:50:00Z,2026-09-23T15:55:00Z,597.85,598.18,597.19,597.985
2026-09-23T15:55:00Z,2026-09-23T16:00:00Z,597.995,598.085,597.59,597.825
2026-09-23T16:00:00Z,2026-09-23T16:05:00Z,597.815,597.875,597.09,597.4
2026-09-23T16:05:00Z,2026-09-23T16:10:00Z,597.37,598.24,597.32,598.2
2026-09-23T16:10:00Z,2026-09-23T16:15:00Z,598.21,598.355,597.635,597.855
2026-09-23T16:15:00Z,2026-09-23T16:20:00Z,597.845,598.48,597.71,597.885
2026-09-23T16:20:00Z,2026-09-23T16:25:00Z,597.87,597.89,597.075,597.34
2026-09-23T16:25:00Z,2026-09-23T16:30:00Z,597.34,597.74,597.25,597.375
2026-09-23T16:30:00Z,2026-09-23T16:35:00Z,597.375,598.335,597.345,597.9
2026-09-23T16:35:00Z,2026-09-23T16:40:00Z,597.895,598,597.32,597.445
2026-09-23T16:40:00Z,2026-09-23T16:45:00Z,597.455,597.465,596.55,596.725
2026-09-23T16:45:00Z,2026-09-23T16:50:00Z,596.73,597.12,596.17,596.385
2026-09-23T16:50:00Z,2026-09-23T16:55:00Z,596.38,596.39,595.56,595.7
2026-09-23T16:55:00Z,2026-09-23T17:00:00Z,595.69,596.72,595.665,596.43
2026-09-23T17:00:00Z,2026-09-23T17:05:00Z,596.435,596.865,594.725,595.165
2026-09-23T17:05:00Z,2026-09-23T17:10:00Z,595.175,595.63,594.87,595.495
2026-09-23T17:10:00Z,2026-09-23T17:15:00Z,595.455,595.545,594.78,595.335
2026-09-23T17:15:00Z,2026-09-23T17:20:00Z,595.33,597.165,595.31,597.1
2026-09-23T17:20:00Z,2026-09-23T17:25:00Z,597.09,597.395,596.545,596.625
2026-09-23T17:25:00Z,2026-09-23T17:30:00Z,596.635,597.125,596.515,596.705
2026-09-23T17:30:00Z,2026-09-23T17:35:00Z,596.71,597.84,596.465,597.745
2026-09-23T17:35:00Z,2026-09-23T17:40:00Z,597.74,597.84,597.31,597.625
2026-09-23T17:40:00Z,2026-09-23T17:45:00Z,597.625,599.56,597.21,599.475
2026-09-23T17:45:00Z,2026-09-23T17:50:00Z,599.49,599.79,599.085,599.63
2026-09-23T17:50:00Z,2026-09-23T17:55:00Z,599.635,599.965,599.31,599.79
2026-09-23T17:55:00Z,2026-09-23T18:00:00Z,599.8,599.985,599.51,599.98
2026-09-23T18:00:00Z,2026-09-23T18:05:00Z,599.975,600.215,598.865,598.91
2026-09-23T18:05:00Z,2026-09-23T18:10:00Z,598.925,599.975,598.89,599.435
2026-09-23T18:10:00Z,2026-09-23T18:15:00Z,599.445,599.65,599.2,599.58
2026-09-23T18:15:00Z,2026-09-23T18:20:00Z,599.555,600.465,599.42,600.12
2026-09-23T18:20:00Z,2026-09-23T18:25:00Z,600.115,600.25,599.75,600.17
2026-09-23T18:25:00Z,2026-09-23T18:30:00Z,600.175,600.375,599.99,600.115
2026-09-23T18:30:00Z,2026-09-23T18:35:00Z,600.095,600.17,599.605,600.025
2026-09-23T18:35:00Z,2026-09-23T18:40:00Z,600.04,600.275,599.535,599.62
2026-09-23T18:40:00Z,2026-09-23T18:45:00Z,599.645,599.99,599.39,599.86
2026-09-23T18:45:00Z,2026-09-23T18:50:00Z,599.855,600.305,599.555,600.235
2026-09-23T18:50:00Z,2026-09-23T18:55:00Z,600.21,600.365,599.835,599.87
2026-09-23T18:55:00Z,2026-09-23T19:00:00Z,599.88,600.575,599.81,600.4
2026-09-23T19:00:00Z,2026-09-23T19:05:00Z,600.39,600.64,599.575,599.65
2026-09-23T19:05:00Z,2026-09-23T19:10:00Z,599.645,601.02,599.55,600.24
2026-09-23T19:10:00Z,2026-09-23T19:15:00Z,600.225,600.43,599.615,599.925
2026-09-23T19:15:00Z,2026-09-23T19:20:00Z,599.93,600.09,599.16,599.74
2026-09-23T19:20:00Z,2026-09-23T19:25:00Z,599.725,600.03,599.6,599.83
2026-09-23T19:25:00Z,2026-09-23T19:30:00Z,599.805,600.095,599.585,599.7
2026-09-23T19:30:00Z,2026-09-23T19:35:00Z,599.74,600.475,599.52,600.45
2026-09-23T19:35:00Z,2026-09-23T19:40:00Z,600.465,600.96,600.17,600.91
2026-09-23T19:40:00Z,2026-09-23T19:45:00Z,600.92,601.2,600.05,600.325
2026-09-23T19:45:00Z,2026-09-23T19:50:00Z,600.32,600.775,600.02,600.6
2026-09-23T19:50:00Z,2026-09-23T19:55:00Z,600.605,600.605,598.955,599.185
2026-09-23T19:55:00Z,2026-09-23T20:00:00Z,599.175,601.295,599.175,601.06
2026-09-24T13:30:00Z,2026-09-24T13:35:00Z,591.675,591.765,588.965,590.155
2026-09-24T13:35:00Z,2026-09-24T13:40:00Z,590.15,593.465,589.88,593.095
2026-09-24T13:40:00Z,2026-09-24T13:45:00Z,593.09,593.515,591.905,593.425
2026-09-24T13:45:00Z,2026-09-24T13:50:00Z,593.435,596.295,593.43,594.085
2026-09-24T13:50:00Z,2026-09-24T13:55:00Z,594.125,594.925,592.09,592.465
2026-09-24T13:55:00Z,2026-09-24T14:00:00Z,592.435,593.59,591.95,593.355
2026-09-24T14:00:00Z,2026-09-24T14:05:00Z,593.365,594.85,593.095,594.67
2026-09-24T14:05:00Z,2026-09-24T14:10:00Z,594.665,594.79,593.295,593.295
2026-09-24T14:10:00Z,2026-09-24T14:15:00Z,593.375,593.57,592.54,593.37
2026-09-24T14:15:00Z,2026-09-24T14:20:00Z,593.35,593.9,592.51,593.03
2026-09-24T14:20:00Z,2026-09-24T14:25:00Z,593.05,593.855,592.98,593.235
2026-09-24T14:25:00Z,2026-09-24T14:30:00Z,593.24,594.565,593.19,594.565
2026-09-24T14:30:00Z,2026-09-24T14:35:00Z,594.515,595.215,593.83,594.895
2026-09-24T14:35:00Z,2026-09-24T14:40:00Z,594.89,594.98,592.975,593.325
2026-09-24T14:40:00Z,2026-09-24T14:45:00Z,593.36,594.06,592.57,592.65
2026-09-24T14:45:00Z,2026-09-24T14:50:00Z,592.68,593.495,592.53,592.84
2026-09-24T14:50:00Z,2026-09-24T14:55:00Z,592.835,593.185,591.395,591.865
2026-09-24T14:55:00Z,2026-09-24T15:00:00Z,591.875,591.935,591.145,591.42
2026-09-24T15:00:00Z,2026-09-24T15:05:00Z,591.415,592.48,591.405,592.055
2026-09-24T15:05:00Z,2026-09-24T15:10:00Z,592.035,592.29,590.825,590.9
2026-09-24T15:10:00Z,2026-09-24T15:15:00Z,590.85,591.695,590.845,591.295
2026-09-24T15:15:00Z,2026-09-24T15:20:00Z,591.29,592.23,591.06,591.26
2026-09-24T15:20:00Z,2026-09-24T15:25:00Z,591.245,592.61,591.05,592.585
2026-09-24T15:25:00Z,2026-09-24T15:30:00Z,592.59,592.635,591.565,591.72
2026-09-24T15:30:00Z,2026-09-24T15:35:00Z,591.73,592.08,591.335,591.975
2026-09-24T15:35:00Z,2026-09-24T15:40:00Z,591.985,592.405,591.715,592.055
2026-09-24T15:40:00Z,2026-09-24T15:45:00Z,592.09,592.925,591.855,592.805
2026-09-24T15:45:00Z,2026-09-24T15:50:00Z,592.83,593.215,592.395,592.565
2026-09-24T15:50:00Z,2026-09-24T15:55:00Z,592.55,593.98,592.535,593.86
2026-09-24T15:55:00Z,2026-09-24T16:00:00Z,593.865,594.02,593.235,593.245
2026-09-24T16:00:00Z,2026-09-24T16:05:00Z,593.24,593.32,592.18,592.785
2026-09-24T16:05:00Z,2026-09-24T16:10:00Z,592.795,592.815,592.11,592.34
2026-09-24T16:10:00Z,2026-09-24T16:15:00Z,592.345,592.965,591.945,592.955
2026-09-24T16:15:00Z,2026-09-24T16:20:00Z,593.055,598.775,593.045,597.54
2026-09-24T16:20:00Z,2026-09-24T16:25:00Z,597.545,598.66,596.695,597.475
2026-09-24T16:25:00Z,2026-09-24T16:30:00Z,597.48,597.66,596.305,597.17
2026-09-24T16:30:00Z,2026-09-24T16:35:00Z,597.16,597.47,596.585,597.175
2026-09-24T16:35:00Z,2026-09-24T16:40:00Z,597.18,599.515,597.1,599.245
2026-09-24T16:40:00Z,2026-09-24T16:45:00Z,599.245,601.4,599.08,599.805
2026-09-24T16:45:00Z,2026-09-24T16:50:00Z,599.815,600.615,599.005,600.45
2026-09-24T16:50:00Z,2026-09-24T16:55:00Z,600.46,601.13,599.61,599.94
2026-09-24T16:55:00Z,2026-09-24T17:00:00Z,599.93,601.175,599.79,600.86
2026-09-24T17:00:00Z,2026-09-24T17:05:00Z,600.79,601.675,599.98,601.505
2026-09-24T17:05:00Z,2026-09-24T17:10:00Z,601.5,601.99,600.985,601.07
2026-09-24T17:10:00Z,2026-09-24T17:15:00Z,601.07,601.095,599.69,600.35
2026-09-24T17:15:00Z,2026-09-24T17:20:00Z,600.355,600.435,599.175,599.185
2026-09-24T17:20:00Z,2026-09-24T17:25:00Z,599.18,599.525,598.755,598.915
2026-09-24T17:25:00Z,2026-09-24T17:30:00Z,598.92,599.12,597.965,598.78
2026-09-24T17:30:00Z,2026-09-24T17:35:00Z,598.765,599.51,598.575,598.615
2026-09-24T17:35:00Z,2026-09-24T17:40:00Z,598.61,598.935,598.14,598.525
2026-09-24T17:40:00Z,2026-09-24T17:45:00Z,598.52,598.94,597.29,597.305
2026-09-24T17:45:00Z,2026-09-24T17:50:00Z,597.3,598.41,597.065,598.23
2026-09-24T17:50:00Z,2026-09-24T17:55:00Z,598.225,598.285,596.865,597.135
2026-09-24T17:55:00Z,2026-09-24T18:00:00Z,597.14,597.825,596.975,597.505
2026-09-24T18:00:00Z,2026-09-24T18:05:00Z,597.51,597.535,595.14,595.195
2026-09-24T18:05:00Z,2026-09-24T18:10:00Z,595.165,596.73,595.07,596.49
2026-09-24T18:10:00Z,2026-09-24T18:15:00Z,596.545,597.29,596.545,597.065
2026-09-24T18:15:00Z,2026-09-24T18:20:00Z,597.07,597.91,597.01,597.4
2026-09-24T18:20:00Z,2026-09-24T18:25:00Z,597.445,597.905,596.985,597.865
2026-09-24T18:25:00Z,2026-09-24T18:30:00Z,597.825,598.97,597.775,598.43
2026-09-24T18:30:00Z,2026-09-24T18:35:00Z,598.415,598.695,597.855,597.875
2026-09-24T18:35:00Z,2026-09-24T18:40:00Z,597.87,599.8,597.445,598.93
2026-09-24T18:40:00Z,2026-09-24T18:45:00Z,598.935,598.935,597.89,598.27
2026-09-24T18:45:00Z,2026-09-24T18:50:00Z,598.265,598.85,598.22,598.71
2026-09-24T18:50:00Z,2026-09-24T18:55:00Z,598.73,599.69,598.625,599.515
2026-09-24T18:55:00Z,2026-09-24T19:00:00Z,599.52,600.395,599.52,600.05
2026-09-24T19:00:00Z,2026-09-24T19:05:00Z,600.055,600.145,598.855,599.095
2026-09-24T19:05:00Z,2026-09-24T19:10:00Z,599.09,599.505,598.965,599.185
2026-09-24T19:10:00Z,2026-09-24T19:15:00Z,599.185,599.33,598.5,598.52
2026-09-24T19:15:00Z,2026-09-24T19:20:00Z,598.515,599.815,598.515,599.65
2026-09-24T19:20:00Z,2026-09-24T19:25:00Z,599.65,599.93,599.42,599.78
2026-09-24T19:25:00Z,2026-09-24T19:30:00Z,599.79,600.045,599.115,599.14
2026-09-24T19:30:00Z,2026-09-24T19:35:00Z,599.215,599.925,599.07,599.885
2026-09-24T19:35:00Z,2026-09-24T19:40:00Z,599.875,599.97,599.51,599.77
2026-09-24T19:40:00Z,2026-09-24T19:45:00Z,599.76,599.905,599.32,599.725
2026-09-24T19:45:00Z,2026-09-24T19:50:00Z,599.72,599.9,599.57,599.66
2026-09-24T19:50:00Z,2026-09-24T19:55:00Z,599.65,600.655,599.65,600.58
2026-09-24T19:55:00Z,2026-09-24T20:00:00Z,600.575,600.795,600.235,600.655
2026-09-25T13:30:00Z,2026-09-25T13:35:00Z,605.315,606.9,603.26,606.89
2026-09-25T13:35:00Z,2026-09-25T13:40:00Z,606.895,607.73,606.44,607.505
2026-09-25T13:40:00Z,2026-09-25T13:45:00Z,607.5,607.98,606.55,607.495
2026-09-25T13:45:00Z,2026-09-25T13:50:00Z,607.52,607.91,606.48,607.23
2026-09-25T13:50:00Z,2026-09-25T13:55:00Z,607.23,609.27,606.745,609.18
2026-09-25T13:55:00Z,2026-09-25T14:00:00Z,609.18,609.62,608.285,608.905
2026-09-25T14:00:00Z,2026-09-25T14:05:00Z,608.915,609.4,606.825,607.03
2026-09-25T14:05:00Z,2026-09-25T14:10:00Z,607.025,607.08,605.25,606.86
2026-09-25T14:10:00Z,2026-09-25T14:15:00Z,606.865,608.16,605.21,605.23
2026-09-25T14:15:00Z,2026-09-25T14:20:00Z,605.205,605.205,602.465,603.225
2026-09-25T14:20:00Z,2026-09-25T14:25:00Z,603.235,604.465,602.865,604.245
2026-09-25T14:25:00Z,2026-09-25T14:30:00Z,604.265,604.635,602.535,602.655
2026-09-25T14:30:00Z,2026-09-25T14:35:00Z,602.66,604.5,602.28,604.375
2026-09-25T14:35:00Z,2026-09-25T14:40:00Z,604.37,604.74,604.1,604.55
2026-09-25T14:40:00Z,2026-09-25T14:45:00Z,604.55,604.695,602.82,604.13
2026-09-25T14:45:00Z,2026-09-25T14:50:00Z,604.115,605.61,603.42,605.48
2026-09-25T14:50:00Z,2026-09-25T14:55:00Z,605.47,605.475,604.285,605.25
2026-09-25T14:55:00Z,2026-09-25T15:00:00Z,605.255,606.49,605.21,606.4
2026-09-25T15:00:00Z,2026-09-25T15:05:00Z,606.405,607.3,605.965,606.95
2026-09-25T15:05:00Z,2026-09-25T15:10:00Z,606.955,607.185,606.35,606.395
2026-09-25T15:10:00Z,2026-09-25T15:15:00Z,606.39,606.41,605.345,605.92
2026-09-25T15:15:00Z,2026-09-25T15:20:00Z,605.91,606.57,605.72,605.965
2026-09-25T15:20:00Z,2026-09-25T15:25:00Z,605.975,606.505,605.67,605.745
2026-09-25T15:25:00Z,2026-09-25T15:30:00Z,605.755,605.845,604.96,605.245
2026-09-25T15:30:00Z,2026-09-25T15:35:00Z,605.27,606.42,604.78,604.87
2026-09-25T15:35:00Z,2026-09-25T15:40:00Z,604.85,605.14,603.045,603.495
2026-09-25T15:40:00Z,2026-09-25T15:45:00Z,603.5,604.175,603.13,603.19
2026-09-25T15:45:00Z,2026-09-25T15:50:00Z,603.185,604.48,602.91,604.415
2026-09-25T15:50:00Z,2026-09-25T15:55:00Z,604.42,604.57,603.155,604.38
2026-09-25T15:55:00Z,2026-09-25T16:00:00Z,604.39,606.435,604.28,606.305
2026-09-25T16:00:00Z,2026-09-25T16:05:00Z,606.315,608.16,606.005,608.135
2026-09-25T16:05:00Z,2026-09-25T16:10:00Z,608.13,609.015,607.675,608.995
2026-09-25T16:10:00Z,2026-09-25T16:15:00Z,609.02,609.54,607.96,608.33
2026-09-25T16:15:00Z,2026-09-25T16:20:00Z,608.32,609.33,607.71,608.005
2026-09-25T16:20:00Z,2026-09-25T16:25:00Z,607.98,608.045,606.62,607.23
2026-09-25T16:25:00Z,2026-09-25T16:30:00Z,607.205,608.59,607.105,608.485
2026-09-25T16:30:00Z,2026-09-25T16:35:00Z,608.5,608.685,607.195,607.63
2026-09-25T16:35:00Z,2026-09-25T16:40:00Z,607.64,608.805,607.615,608.08
2026-09-25T16:40:00Z,2026-09-25T16:45:00Z,608.08,608.585,607.8,608.28
2026-09-25T16:45:00Z,2026-09-25T16:50:00Z,608.285,608.53,607.365,607.835
2026-09-25T16:50:00Z,2026-09-25T16:55:00Z,607.825,608.175,607.525,607.735
2026-09-25T16:55:00Z,2026-09-25T17:00:00Z,607.725,607.905,606.835,607.245
2026-09-25T17:00:00Z,2026-09-25T17:05:00Z,607.245,608.325,607.19,607.99
2026-09-25T17:05:00Z,2026-09-25T17:10:00Z,607.99,608.45,607.845,608.425
2026-09-25T17:10:00Z,2026-09-25T17:15:00Z,608.42,608.65,607.835,608.62
2026-09-25T17:15:00Z,2026-09-25T17:20:00Z,608.625,608.745,608.085,608.155
2026-09-25T17:20:00Z,2026-09-25T17:25:00Z,608.17,608.26,608.025,608.135
2026-09-25T17:25:00Z,2026-09-25T17:30:00Z,608.13,608.165,607.675,607.77
2026-09-25T17:30:00Z,2026-09-25T17:35:00Z,607.795,607.865,607.035,607.205
2026-09-25T17:35:00Z,2026-09-25T17:40:00Z,607.215,607.68,606.72,607.41
2026-09-25T17:40:00Z,2026-09-25T17:45:00Z,607.435,607.88,607.28,607.715
2026-09-25T17:45:00Z,2026-09-25T17:50:00Z,607.695,607.895,607.495,607.815
2026-09-25T17:50:00Z,2026-09-25T17:55:00Z,607.815,607.85,607.045,607.21
2026-09-25T17:55:00Z,2026-09-25T18:00:00Z,607.285,607.635,607.225,607.48
2026-09-25T18:00:00Z,2026-09-25T18:05:00Z,607.485,607.58,607.23,607.26
2026-09-25T18:05:00Z,2026-09-25T18:10:00Z,607.24,607.655,607.11,607.6
2026-09-25T18:10:00Z,2026-09-25T18:15:00Z,607.595,608.07,607.37,608.03
2026-09-25T18:15:00Z,2026-09-25T18:20:00Z,608.04,608.105,607.59,607.735
2026-09-25T18:20:00Z,2026-09-25T18:25:00Z,607.725,608.085,607.635,608.035
2026-09-25T18:25:00Z,2026-09-25T18:30:00Z,608.04,608.055,606.625,607.11
2026-09-25T18:30:00Z,2026-09-25T18:35:00Z,607.14,607.49,607.05,607.19
2026-09-25T18:35:00Z,2026-09-25T18:40:00Z,607.19,607.36,606.415,606.42
2026-09-25T18:40:00Z,2026-09-25T18:45:00Z,606.455,606.91,606.26,606.9
2026-09-25T18:45:00Z,2026-09-25T18:50:00Z,606.905,607.005,606.48,606.72
2026-09-25T18:50:00Z,2026-09-25T18:55:00Z,606.725,606.735,606.21,606.26
2026-09-25T18:55:00Z,2026-09-25T19:00:00Z,606.27,606.465,606.045,606.075
2026-09-25T19:00:00Z,2026-09-25T19:05:00Z,606.08,606.645,605.675,606.54
2026-09-25T19:05:00Z,2026-09-25T19:10:00Z,606.54,606.965,606.51,606.7
2026-09-25T19:10:00Z,2026-09-25T19:15:00Z,606.695,607.155,606.58,607.11
2026-09-25T19:15:00Z,2026-09-25T19:20:00Z,607.12,607.205,606.745,606.745
2026-09-25T19:20:00Z,2026-09-25T19:25:00Z,606.75,606.96,606.495,606.8
2026-09-25T19:25:00Z,2026-09-25T19:30:00Z,606.78,606.9,606.41,606.73
2026-09-25T19:30:00Z,2026-09-25T19:35:00Z,606.74,606.74,605.795,605.795
2026-09-25T19:35:00Z,2026-09-25T19:40:00Z,605.8,606.52,605.45,606.385
2026-09-25T19:40:00Z,2026-09-25T19:45:00Z,606.39,606.85,606.13,606.695
2026-09-25T19:45:00Z,2026-09-25T19:50:00Z,606.705,607.485,606.705,607.38
2026-09-25T19:50:00Z,2026-09-25T19:55:00Z,607.36,608.01,607.21,607.46
2026-09-25T19:55:00Z,2026-09-25T20:00:00Z,607.445,607.685,606.44,606.63
2026-09-28T13:30:00Z,2026-09-28T13:35:00Z,605.155,607.955,604.29,605.045
2026-09-28T13:35:00Z,2026-09-28T13:40:00Z,605.035,605.055,602.62,603.27
2026-09-28T13:40:00Z,2026-09-28T13:45:00Z,603.245,603.755,601.36,601.57
2026-09-28T13:45:00Z,2026-09-28T13:50:00Z,601.575,602.625,600.92,602.18
2026-09-28T13:50:00Z,2026-09-28T13:55:00Z,602.175,602.47,599.93,602.24
2026-09-28T13:55:00Z,2026-09-28T14:00:00Z,602.235,602.9,601.435,602.225
2026-09-28T14:00:00Z,2026-09-28T14:05:00Z,602.245,602.57,600.435,600.51
2026-09-28T14:05:00Z,2026-09-28T14:10:00Z,600.53,600.6,599.58,599.785
2026-09-28T14:10:00Z,2026-09-28T14:15:00Z,599.78,599.78,596.825,597.12
2026-09-28T14:15:00Z,2026-09-28T14:20:00Z,597.125,599.46,597.105,599.19
2026-09-28T14:20:00Z,2026-09-28T14:25:00Z,599.185,600.295,598.56,599.61
2026-09-28T14:25:00Z,2026-09-28T14:30:00Z,599.605,599.605,598.44,598.635
2026-09-28T14:30:00Z,2026-09-28T14:35:00Z,598.63,599.605,598.38,599.165
2026-09-28T14:35:00Z,2026-09-28T14:40:00Z,599.14,599.255,596.855,597.51
2026-09-28T14:40:00Z,2026-09-28T14:45:00Z,597.55,598.035,594.615,594.795
2026-09-28T14:45:00Z,2026-09-28T14:50:00Z,594.84,594.995,591.935,593.055
2026-09-28T14:50:00Z,2026-09-28T14:55:00Z,593.04,593.835,592.33,592.94
2026-09-28T14:55:00Z,2026-09-28T15:00:00Z,592.88,594.565,592.76,594.095
2026-09-28T15:00:00Z,2026-09-28T15:05:00Z,594.2,594.87,593.815,594.56
2026-09-28T15:05:00Z,2026-09-28T15:10:00Z,594.565,595.65,593.88,595.35
2026-09-28T15:10:00Z,2026-09-28T15:15:00Z,595.35,595.495,594.425,594.64
2026-09-28T15:15:00Z,2026-09-28T15:20:00Z,594.64,594.64,593.245,593.93
2026-09-28T15:20:00Z,2026-09-28T15:25:00Z,593.94,593.995,593.72,593.94
2026-09-09T16:45:00Z,2026-09-09T16:50:00Z,574.815,574.855,574.28,574.53
2026-09-09T16:50:00Z,2026-09-09T16:55:00Z,574.525,575.235,574.52,574.555
2026-09-09T16:55:00Z,2026-09-09T17:00:00Z,574.56,574.855,574.365,574.44
2026-09-09T17:00:00Z,2026-09-09T17:05:00Z,574.43,574.97,574.015,574.44
2026-09-09T17:05:00Z,2026-09-09T17:10:00Z,574.42,575.17,574.42,574.78
2026-09-09T17:10:00Z,2026-09-09T17:15:00Z,574.745,575.405,574.605,575.26
2026-09-09T17:15:00Z,2026-09-09T17:20:00Z,575.25,575.425,574.845,574.85
2026-09-09T17:20:00Z,2026-09-09T17:25:00Z,574.855,574.945,574.62,574.68
2026-09-09T17:25:00Z,2026-09-09T17:30:00Z,574.695,574.73,574.22,574.3
2026-09-09T17:30:00Z,2026-09-09T17:35:00Z,574.335,574.385,573.66,574.19
2026-09-09T17:35:00Z,2026-09-09T17:40:00Z,574.2,574.345,573.55,573.7
2026-09-09T17:40:00Z,2026-09-09T17:45:00Z,573.735,574.23,573.7,574.175
2026-09-09T17:45:00Z,2026-09-09T17:50:00Z,574.18,574.91,574.17,574.83
2026-09-09T17:50:00Z,2026-09-09T17:55:00Z,574.825,575.065,574.63,575.03
2026-09-09T17:55:00Z,2026-09-09T18:00:00Z,575.025,575.025,574.46,574.495
2026-09-09T18:00:00Z,2026-09-09T18:05:00Z,574.485,574.825,574.425,574.63
2026-09-09T18:05:00Z,2026-09-09T18:10:00Z,574.66,574.745,574.27,574.415
2026-09-09T18:10:00Z,2026-09-09T18:15:00Z,574.41,574.54,574.05,574.3
2026-09-09T18:15:00Z,2026-09-09T18:20:00Z,574.305,574.525,574.125,574.14
2026-09-09T18:20:00Z,2026-09-09T18:25:00Z,574.145,574.205,573.875,574.065
2026-09-09T18:25:00Z,2026-09-09T18:30:00Z,574.075,574.37,573.815,574.06
2026-09-09T18:30:00Z,2026-09-09T18:35:00Z,574.05,574.36,573.955,574.1
2026-09-09T18:35:00Z,2026-09-09T18:40:00Z,574.085,574.375,574.08,574.225
2026-09-09T18:40:00Z,2026-09-09T18:45:00Z,574.23,574.265,573.885,574.09
2026-09-09T18:45:00Z,2026-09-09T18:50:00Z,574.085,574.21,573.7,573.8
2026-09-09T18:50:00Z,2026-09-09T18:55:00Z,573.79,573.815,573.3,573.525
2026-09-09T18:55:00Z,2026-09-09T19:00:00Z,573.51,573.585,572.86,572.88
2026-09-09T19:00:00Z,2026-09-09T19:05:00Z,572.91,573.24,572.59,572.995
2026-09-09T19:05:00Z,2026-09-09T19:10:00Z,573,573.78,572.83,573.69
2026-09-09T19:10:00Z,2026-09-09T19:15:00Z,573.695,573.765,573.38,573.525
2026-09-09T19:15:00Z,2026-09-09T19:20:00Z,573.52,574.35,573.52,574.255
2026-09-09T19:20:00Z,2026-09-09T19:25:00Z,574.25,574.48,573.98,574.115
2026-09-09T19:25:00Z,2026-09-09T19:30:00Z,574.12,574.16,573.33,573.33
2026-09-09T19:30:00Z,2026-09-09T19:35:00Z,573.335,573.575,573.19,573.235
2026-09-09T19:35:00Z,2026-09-09T19:40:00Z,573.24,573.425,573.05,573.28
2026-09-09T19:40:00Z,2026-09-09T19:45:00Z,573.275,573.42,573.12,573.265
2026-09-09T19:45:00Z,2026-09-09T19:50:00Z,573.26,573.665,573.26,573.525
2026-09-09T19:50:00Z,2026-09-09T19:55:00Z,573.51,573.855,573.115,573.46
2026-09-09T19:55:00Z,2026-09-09T20:00:00Z,573.475,574.34,572.975,574.315
2026-09-10T13:30:00Z,2026-09-10T13:35:00Z,561.355,563.72,559.12,559.65
2026-09-10T13:35:00Z,2026-09-10T13:40:00Z,559.71,562.445,559.57,562.27
2026-09-10T13:40:00Z,2026-09-10T13:45:00Z,562.255,563.245,560.06,560.08
2026-09-10T13:45:00Z,2026-09-10T13:50:00Z,560.105,561.61,559.455,560.855
2026-09-10T13:50:00Z,2026-09-10T13:55:00Z,560.86,560.915,557.58,557.68
2026-09-10T13:55:00Z,2026-09-10T14:00:00Z,557.675,558.49,557.1,557.435
2026-09-10T14:00:00Z,2026-09-10T14:05:00Z,557.445,560.755,557.305,559.81
2026-09-10T14:05:00Z,2026-09-10T14:10:00Z,559.805,560.18,558.955,560.17
2026-09-10T14:10:00Z,2026-09-10T14:15:00Z,560.155,560.825,559.225,559.335
2026-09-10T14:15:00Z,2026-09-10T14:20:00Z,559.33,560.34,558.775,560.195
2026-09-10T14:20:00Z,2026-09-10T14:25:00Z,560.21,563.215,560.05,562.63
2026-09-10T14:25:00Z,2026-09-10T14:30:00Z,562.575,563.455,561.365,562.025
2026-09-10T14:30:00Z,2026-09-10T14:35:00Z,562.015,563.155,561.91,562.615
2026-09-10T14:35:00Z,2026-09-10T14:40:00Z,562.585,564.64,562.565,563.72
2026-09-10T14:40:00Z,2026-09-10T14:45:00Z,563.74,564.13,562.675,562.9
2026-09-10T14:45:00Z,2026-09-10T14:50:00Z,562.895,563.41,562.235,562.825
2026-09-10T14:50:00Z,2026-09-10T14:55:00Z,562.82,563.805,562.475,563.805
2026-09-10T14:55:00Z,2026-09-10T15:00:00Z,563.8,564.38,563.165,564.38
2026-09-10T15:00:00Z,2026-09-10T15:05:00Z,564.415,564.515,563.215,563.635
2026-09-10T15:05:00Z,2026-09-10T15:10:00Z,563.65,564.735,563.65,563.96
2026-09-10T15:10:00Z,2026-09-10T15:15:00Z,563.96,565.125,563.96,564.66
2026-09-10T15:15:00Z,2026-09-10T15:20:00Z,564.66,564.865,563.065,563.635
2026-09-10T15:20:00Z,2026-09-10T15:25:00Z,563.63,563.915,563.05,563.675
2026-09-10T15:25:00Z,2026-09-10T15:30:00Z,563.67,564.73,563.505,564.055
2026-09-10T15:30:00Z,2026-09-10T15:35:00Z,564.055,564.51,563.56,564.47
2026-09-10T15:35:00Z,2026-09-10T15:40:00Z,564.475,564.945,563.97,564.345
2026-09-10T15:40:00Z,2026-09-10T15:45:00Z,564.335,564.95,563.875,564.945
2026-09-10T15:45:00Z,2026-09-10T15:50:00Z,564.95,565.04,564.015,564.565
2026-09-10T15:50:00Z,2026-09-10T15:55:00Z,564.525,565.175,564.165,564.28
2026-09-10T15:55:00Z,2026-09-10T16:00:00Z,564.285,564.71,563.61,564.445
2026-09-10T16:00:00Z,2026-09-10T16:05:00Z,564.43,564.895,564.035,564.115
2026-09-10T16:05:00Z,2026-09-10T16:10:00Z,564.125,564.52,563.42,563.555
2026-09-10T16:10:00Z,2026-09-10T16:15:00Z,563.57,563.895,562.765,562.83
2026-09-10T16:15:00Z,2026-09-10T16:20:00Z,562.84,563.4,562.04,562.255
2026-09-10T16:20:00Z,2026-09-10T16:25:00Z,562.31,562.8,562.305,562.545
2026-09-10T16:25:00Z,2026-09-10T16:30:00Z,562.54,562.565,561.31,561.845
2026-09-10T16:30:00Z,2026-09-10T16:35:00Z,561.83,562.395,561.235,561.25
2026-09-10T16:35:00Z,2026-09-10T16:40:00Z,561.23,561.575,560.555,561.41
2026-09-10T16:40:00Z,2026-09-10T16:45:00Z,561.4,562.535,561.4,562.53
2026-09-10T16:45:00Z,2026-09-10T16:50:00Z,562.515,563.46,562.505,562.83
2026-09-10T16:50:00Z,2026-09-10T16:55:00Z,562.825,563.78,562.825,563.775
2026-09-10T16:55:00Z,2026-09-10T17:00:00Z,563.785,563.985,563.485,563.885
2026-09-10T17:00:00Z,2026-09-10T17:05:00Z,563.865,564.985,563.635,563.985
2026-09-10T17:05:00Z,2026-09-10T17:10:00Z,563.99,564.65,563.94,564.215
2026-09-10T17:10:00Z,2026-09-10T17:15:00Z,564.215,564.66,563.67,563.695
2026-09-10T17:15:00Z,2026-09-10T17:20:00Z,563.695,563.84,563.505,563.63
2026-09-10T17:20:00Z,2026-09-10T17:25:00Z,563.635,563.67,563.035,563.185
2026-09-10T17:25:00Z,2026-09-10T17:30:00Z,563.215,563.395,562.82,563.26
2026-09-10T17:30:00Z,2026-09-10T17:35:00Z,563.255,563.42,562.77,562.89
2026-09-10T17:35:00Z,2026-09-10T17:40:00Z,562.9,563.25,562.21,562.235
2026-09-10T17:40:00Z,2026-09-10T17:45:00Z,562.23,562.88,562.205,562.88
2026-09-10T17:45:00Z,2026-09-10T17:50:00Z,562.885,562.91,562.525,562.585
2026-09-10T17:50:00Z,2026-09-10T17:55:00Z,562.59,562.97,562.54,562.895
2026-09-10T17:55:00Z,2026-09-10T18:00:00Z,562.92,563.06,562.49,562.89
2026-09-10T18:00:00Z,2026-09-10T18:05:00Z,562.885,563.355,562.075,562.095
2026-09-10T18:05:00Z,2026-09-10T18:10:00Z,562.105,562.595,561.77,561.885
2026-09-10T18:10:00Z,2026-09-10T18:15:00Z,561.89,562.28,561.625,562.19
2026-09-10T18:15:00Z,2026-09-10T18:20:00Z,562.185,562.295,561.755,562.22
2026-09-10T18:20:00Z,2026-09-10T18:25:00Z,562.225,562.69,562.025,562.16
2026-09-10T18:25:00Z,2026-09-10T18:30:00Z,562.165,562.34,561.8,561.94
2026-09-10T18:30:00Z,2026-09-10T18:35:00Z,561.945,562.035,561.605,561.955
2026-09-10T18:35:00Z,2026-09-10T18:40:00Z,561.93,562.22,561.72,562.2
2026-09-10T18:40:00Z,2026-09-10T18:45:00Z,562.195,562.195,561.765,562.005
2026-09-10T18:45:00Z,2026-09-10T18:50:00Z,562,562.24,561.39,561.65
2026-09-10T18:50:00Z,2026-09-10T18:55:00Z,561.645,562.685,561.38,562.175
2026-09-10T18:55:00Z,2026-09-10T19:00:00Z,562.2,562.425,562.055,562.365
2026-09-10T19:00:00Z,2026-09-10T19:05:00Z,562.38,562.635,561.655,561.755
2026-09-10T19:05:00Z,2026-09-10T19:10:00Z,561.765,561.93,560.735,561.38
2026-09-10T19:10:00Z,2026-09-10T19:15:00Z,561.365,561.56,560.725,561.23
2026-09-10T19:15:00Z,2026-09-10T19:20:00Z,561.225,561.6,560.93,561.36
2026-09-10T19:20:00Z,2026-09-10T19:25:00Z,561.35,561.875,561.21,561.815
2026-09-10T19:25:00Z,2026-09-10T19:30:00Z,561.81,562.385,561.81,562.275
2026-09-10T19:30:00Z,2026-09-10T19:35:00Z,562.28,562.615,561.885,562.415
2026-09-10T19:35:00Z,2026-09-10T19:40:00Z,562.395,562.395,561.57,562.02
2026-09-10T19:40:00Z,2026-09-10T19:45:00Z,562.02,562.37,561.695,561.71
2026-09-10T19:45:00Z,2026-09-10T19:50:00Z,561.705,562.175,561.705,561.97
2026-09-10T19:50:00Z,2026-09-10T19:55:00Z,561.975,561.985,560.685,560.975
2026-09-10T19:55:00Z,2026-09-10T20:00:00Z,560.965,561.315,560.19,560.28
2026-09-11T13:30:00Z,2026-09-11T13:35:00Z,568.485,568.635,564.64,566.77
2026-09-11T13:35:00Z,2026-09-11T13:40:00Z,566.93,567.315,564.075,567.315
2026-09-11T13:40:00Z,2026-09-11T13:45:00Z,567.42,569.83,566.35,569.7
2026-09-11T13:45:00Z,2026-09-11T13:50:00Z,569.7,571.37,568.92,569.92
2026-09-11T13:50:00Z,2026-09-11T13:55:00Z,569.925,570.065,567.505,569.19
2026-09-11T13:55:00Z,2026-09-11T14:00:00Z,569.185,570,568.085,569.975
2026-09-11T14:00:00Z,2026-09-11T14:05:00Z,569.79,569.93,566.63,566.655
2026-09-11T14:05:00Z,2026-09-11T14:10:00Z,566.68,567.77,566.15,567.455
2026-09-11T14:10:00Z,2026-09-11T14:15:00Z,567.45,568.55,567.415,568.465
2026-09-11T14:15:00Z,2026-09-11T14:20:00Z,568.46,570.06,567.925,569.93
2026-09-11T14:20:00Z,2026-09-11T14:25:00Z,569.935,570.59,569.75,569.88
2026-09-11T14:25:00Z,2026-09-11T14:30:00Z,569.875,571.21,569.875,570.52
2026-09-11T14:30:00Z,2026-09-11T14:35:00Z,570.545,570.645,568.92,569.27
2026-09-11T14:35:00Z,2026-09-11T14:40:00Z,569.265,569.265,567.7,568.315
2026-09-11T14:40:00Z,2026-09-11T14:45:00Z,568.325,568.935,567.13,567.775
2026-09-11T14:45:00Z,2026-09-11T14:50:00Z,567.78,569.065,566.945,569.065
2026-09-11T14:50:00Z,2026-09-11T14:55:00Z,569.07,569.125,568.075,568.29
2026-09-11T14:55:00Z,2026-09-11T15:00:00Z,568.295,569.26,567.8,568.975
2026-09-11T15:00:00Z,2026-09-11T15:05:00Z,569.005,569.875,568.555,569.855
2026-09-11T15:05:00Z,2026-09-11T15:10:00Z,569.825,570.505,569.64,570.315
2026-09-11T15:10:00Z,2026-09-11T15:15:00Z,570.32,570.51,568.78,569.225
2026-09-11T15:15:00Z,2026-09-11T15:20:00Z,569.225,571.055,569.225,570.6
2026-09-11T15:20:00Z,2026-09-11T15:25:00Z,570.625,571.565,570.54,571.56
2026-09-11T15:25:00Z,2026-09-11T15:30:00Z,571.565,572.3,571.51,572.125
2026-09-11T15:30:00Z,2026-09-11T15:35:00Z,572.115,572.81,571.89,572.6
2026-09-11T15:35:00Z,2026-09-11T15:40:00Z,572.59,572.645,571.605,572.005
2026-09-11T15:40:00Z,2026-09-11T15:45:00Z,571.995,572.095,571.29,571.9
2026-09-11T15:45:00Z,2026-09-11T15:50:00Z,571.875,572.2,571.455,572.1
2026-09-11T15:50:00Z,2026-09-11T15:55:00Z,572.105,572.16,571.075,571.355
2026-09-11T15:55:00Z,2026-09-11T16:00:00Z,571.33,571.84,571.03,571.695
2026-09-11T16:00:00Z,2026-09-11T16:05:00Z,571.71,572.365,571.57,572.355
2026-09-11T16:05:00Z,2026-09-11T16:10:00Z,572.365,572.42,571.735,571.96
2026-09-11T16:10:00Z,2026-09-11T16:15:00Z,571.965,572,571.26,571.48
2026-09-11T16:15:00Z,2026-09-11T16:20:00Z,571.485,571.5,570.72,570.89
2026-09-11T16:20:00Z,2026-09-11T16:25:00Z,570.885,570.93,570.15,570.31
2026-09-11T16:25:00Z,2026-09-11T16:30:00Z,570.315,570.725,569.61,569.685
2026-09-11T16:30:00Z,2026-09-11T16:35:00Z,569.675,570.54,569.57,570.075
2026-09-11T16:35:00Z,2026-09-11T16:40:00Z,570.075,570.13,569.12,569.175
2026-09-11T16:40:00Z,2026-09-11T16:45:00Z,569.17,570.59,568.935,570.535
2026-09-11T16:45:00Z,2026-09-11T16:50:00Z,570.545,570.545,569.83,569.86
2026-09-11T16:50:00Z,2026-09-11T16:55:00Z,569.855,570.86,569.83,570.84
2026-09-11T16:55:00Z,2026-09-11T17:00:00Z,570.835,571.235,570.795,571.16
2026-09-11T17:00:00Z,2026-09-11T17:05:00Z,571.155,571.43,571.125,571.155
2026-09-11T17:05:00Z,2026-09-11T17:10:00Z,571.145,571.765,571.13,571.465
2026-09-11T17:10:00Z,2026-09-11T17:15:00Z,571.465,571.585,570.81,570.82
2026-09-11T17:15:00Z,2026-09-11T17:20:00Z,570.825,571.525,570.825,571.405
2026-09-11T17:20:00Z,2026-09-11T17:25:00Z,571.435,571.775,571.3,571.75
2026-09-11T17:25:00Z,2026-09-11T17:30:00Z,571.76,571.925,571.5,571.64
2026-09-11T17:30:00Z,2026-09-11T17:35:00Z,571.66,571.89,571.45,571.52
2026-09-11T17:35:00Z,2026-09-11T17:40:00Z,571.52,572.01,571.52,571.89
2026-09-11T17:40:00Z,2026-09-11T17:45:00Z,571.88,572.245,571.78,572.05
2026-09-11T17:45:00Z,2026-09-11T17:50:00Z,572.055,572.175,571.855,572.055
2026-09-11T17:50:00Z,2026-09-11T17:55:00Z,572.055,572.38,571.995,572.07
2026-09-11T17:55:00Z,2026-09-11T18:00:00Z,572.075,572.14,571.49,571.57
2026-09-11T18:00:00Z,2026-09-11T18:05:00Z,571.58,571.635,571.29,571.485
2026-09-11T18:05:00Z,2026-09-11T18:10:00Z,571.485,571.685,571.285,571.52
2026-09-11T18:10:00Z,2026-09-11T18:15:00Z,571.54,571.565,571.145,571.26
2026-09-11T18:15:00Z,2026-09-11T18:20:00Z,571.265,571.5,571.125,571.47
2026-09-11T18:20:00Z,2026-09-11T18:25:00Z,571.47,571.515,570.825,571.08
2026-09-11T18:25:00Z,2026-09-11T18:30:00Z,571.085,571.45,571.04,571.325
2026-09-11T18:30:00Z,2026-09-11T18:35:00Z,571.335,571.96,571.075,571.865
2026-09-11T18:35:00Z,2026-09-11T18:40:00Z,571.875,571.925,571.33,571.45
2026-09-11T18:40:00Z,2026-09-11T18:45:00Z,571.445,571.73,571.215,571.365
2026-09-11T18:45:00Z,2026-09-11T18:50:00Z,571.37,571.49,570.915,570.945
2026-09-11T18:50:00Z,2026-09-11T18:55:00Z,570.9,571.07,570.535,570.575
2026-09-11T18:55:00Z,2026-09-11T19:00:00Z,570.565,571.28,570.565,570.755
2026-09-11T19:00:00Z,2026-09-11T19:05:00Z,570.77,570.79,569.74,569.8
2026-09-11T19:05:00Z,2026-09-11T19:10:00Z,569.82,570.045,569.44,569.505
2026-09-11T19:10:00Z,2026-09-11T19:15:00Z,569.51,569.67,569.075,569.25
2026-09-11T19:15:00Z,2026-09-11T19:20:00Z,569.24,569.745,569.225,569.475
2026-09-11T19:20:00Z,2026-09-11T19:25:00Z,569.49,569.57,568.98,569.34
2026-09-11T19:25:00Z,2026-09-11T19:30:00Z,569.345,569.585,568.68,568.805
2026-09-11T19:30:00Z,2026-09-11T19:35:00Z,568.8,569.06,568.52,568.85
2026-09-11T19:35:00Z,2026-09-11T19:40:00Z,568.845,568.85,568.405,568.595
2026-09-11T19:40:00Z,2026-09-11T19:45:00Z,568.605,569.01,568.57,568.87
2026-09-11T19:45:00Z,2026-09-11T19:50:00Z,568.865,569.18,568.465,568.78
2026-09-11T19:50:00Z,2026-09-11T19:55:00Z,568.78,569.065,568.45,568.74
2026-09-11T19:55:00Z,2026-09-11T20:00:00Z,568.765,568.775,568.075,568.475
2026-09-14T13:30:00Z,2026-09-14T13:35:00Z,540.285,541,537.825,538.015
2026-09-14T13:35:00Z,2026-09-14T13:40:00Z,538.01,538.965,537.77,538.31
2026-09-14T13:40:00Z,2026-09-14T13:45:00Z,538.315,541.245,538.1,541.065
2026-09-14T13:45:00Z,2026-09-14T13:50:00Z,541.06,545.235,540.92,544.865
2026-09-14T13:50:00Z,2026-09-14T13:55:00Z,544.915,545.015,541.935,542.625
2026-09-14T13:55:00Z,2026-09-14T14:00:00Z,542.595,543.465,541.795,542.335
2026-09-14T14:00:00Z,2026-09-14T14:05:00Z,542.325,543.68,542.055,542.675
2026-09-14T14:05:00Z,2026-09-14T14:10:00Z,542.68,544.725,542.545,544.445
2026-09-14T14:10:00Z,2026-09-14T14:15:00Z,544.44,546.25,544.44,545.095
2026-09-14T14:15:00Z,2026-09-14T14:20:00Z,545.1,545.745,543.915,544.785
2026-09-14T14:20:00Z,2026-09-14T14:25:00Z,544.78,544.845,542.895,543.595
2026-09-14T14:25:00Z,2026-09-14T14:30:00Z,543.59,544.02,542.77,543.36
2026-09-14T14:30:00Z,2026-09-14T14:35:00Z,543.34,543.93,542.65,543.385
2026-09-14T14:35:00Z,2026-09-14T14:40:00Z,543.39,543.39,541.005,541.485
2026-09-14T14:40:00Z,2026-09-14T14:45:00Z,541.495,542.07,541.115,542.06
2026-09-14T14:45:00Z,2026-09-14T14:50:00Z,542.04,542.61,541.235,541.585
2026-09-14T14:50:00Z,2026-09-14T14:55:00Z,541.565,541.69,540.365,540.54
2026-09-14T14:55:00Z,2026-09-14T15:00:00Z,540.53,541.025,540.255,540.895
2026-09-14T15:00:00Z,2026-09-14T15:05:00Z,540.9,541.39,539.97,540.045
2026-09-14T15:05:00Z,2026-09-14T15:10:00Z,540.075,542.835,540.03,540.51
2026-09-14T15:10:00Z,2026-09-14T15:15:00Z,540.565,540.855,540.115,540.135
2026-09-14T15:15:00Z,2026-09-14T15:20:00Z,540.13,541.68,540.045,541.35
2026-09-14T15:20:00Z,2026-09-14T15:25:00Z,541.34,542,540.975,541.79
2026-09-14T15:25:00Z,2026-09-14T15:30:00Z,541.795,542.535,541.685,542.255
2026-09-14T15:30:00Z,2026-09-14T15:35:00Z,542.28,544.63,542.1,544.4
2026-09-14T15:35:00Z,2026-09-14T15:40:00Z,544.405,544.885,543.7,544.54
2026-09-14T15:40:00Z,2026-09-14T15:45:00Z,544.54,545.59,544.335,545.11
2026-09-14T15:45:00Z,2026-09-14T15:50:00Z,545.115,545.21,543.945,543.99
2026-09-14T15:50:00Z,2026-09-14T15:55:00Z,543.985,544.37,543.595,544.03
2026-09-14T15:55:00Z,2026-09-14T16:00:00Z,544.025,544.34,543.705,544.055
2026-09-14T16:00:00Z,2026-09-14T16:05:00Z,544.05,544.09,542.82,542.835
2026-09-14T16:05:00Z,2026-09-14T16:10:00Z,542.82,543.02,542.195,542.255
2026-09-14T16:10:00Z,2026-09-14T16:15:00Z,542.26,542.88,542.215,542.515
2026-09-14T16:15:00Z,2026-09-14T16:20:00Z,542.52,544.8,542.515,544.58
2026-09-14T16:20:00Z,2026-09-14T16:25:00Z,544.59,544.855,543.91,544.5
2026-09-14T16:25:00Z,2026-09-14T16:30:00Z,544.505,544.625,543.64,543.845
2026-09-14T16:30:00Z,2026-09-14T16:35:00Z,543.775,543.96,543.4,543.56
2026-09-14T16:35:00Z,2026-09-14T16:40:00Z,543.565,543.76,543.12,543.56
2026-09-14T16:40:00Z,2026-09-14T16:45:00Z,543.57,544.525,543.09,544.52
2026-09-14T16:45:00Z,2026-09-14T16:50:00Z,544.515,545.965,544.21,545.3
2026-09-14T16:50:00Z,2026-09-14T16:55:00Z,545.29,545.81,544.83,544.875
2026-09-14T16:55:00Z,2026-09-14T17:00:00Z,544.88,545.21,544.455,544.85
2026-09-14T17:00:00Z,2026-09-14T17:05:00Z,544.855,545.22,544.345,544.675
2026-09-14T17:05:00Z,2026-09-14T17:10:00Z,544.685,544.945,544.505,544.8
2026-09-14T17:10:00Z,2026-09-14T17:15:00Z,544.805,545.58,544.71,544.825
2026-09-14T17:15:00Z,2026-09-14T17:20:00Z,544.82,545.03,543.95,544.34
2026-09-14T17:20:00Z,2026-09-14T17:25:00Z,544.35,544.83,544.3,544.7
2026-09-14T17:25:00Z,2026-09-14T17:30:00Z,544.71,544.945,544.33,544.935
2026-09-14T17:30:00Z,2026-09-14T17:35:00Z,544.94,544.965,544.385,544.62
2026-09-14T17:35:00Z,2026-09-14T17:40:00Z,544.615,544.73,544.125,544.69
2026-09-14T17:40:00Z,2026-09-14T17:45:00Z,544.7,544.77,544.295,544.635
2026-09-14T17:45:00Z,2026-09-14T17:50:00Z,544.64,545.1,544.635,544.915
2026-09-14T17:50:00Z,2026-09-14T17:55:00Z,544.93,545.35,544.83,545.18
2026-09-14T17:55:00Z,2026-09-14T18:00:00Z,545.185,545.51,545.07,545.11
2026-09-14T18:00:00Z,2026-09-14T18:05:00Z,545.105,545.765,544.855,545.055
2026-09-14T18:05:00Z,2026-09-14T18:10:00Z,545.055,545.475,544.855,545.31
2026-09-14T18:10:00Z,2026-09-14T18:15:00Z,545.315,545.59,545.01,545.535
2026-09-14T18:15:00Z,2026-09-14T18:20:00Z,545.54,545.795,545.395,545.605
2026-09-14T18:20:00Z,2026-09-14T18:25:00Z,545.595,545.81,545.18,545.37
2026-09-14T18:25:00Z,2026-09-14T18:30:00Z,545.365,545.43,544.825,544.975
2026-09-14T18:30:00Z,2026-09-14T18:35:00Z,544.97,545.6,544.94,545.47
2026-09-14T18:35:00Z,2026-09-14T18:40:00Z,545.48,545.715,545.38,545.56
2026-09-14T18:40:00Z,2026-09-14T18:45:00Z,545.555,546.015,545.355,545.83
2026-09-14T18:45:00Z,2026-09-14T18:50:00Z,545.835,546.09,545.425,545.875
2026-09-14T18:50:00Z,2026-09-14T18:55:00Z,545.865,546.24,545.705,546.155
2026-09-14T18:55:00Z,2026-09-14T19:00:00Z,546.16,546.43,545.92,546.37
2026-09-14T19:00:00Z,2026-09-14T19:05:00Z,546.365,546.73,546.26,546.545
2026-09-14T19:05:00Z,2026-09-14T19:10:00Z,546.515,546.625,545.27,545.75
2026-09-14T19:10:00Z,2026-09-14T19:15:00Z,545.76,545.835,544.72,544.905
2026-09-14T19:15:00Z,2026-09-14T19:20:00Z,544.905,544.95,544.445,544.94
2026-09-14T19:20:00Z,2026-09-14T19:25:00Z,544.93,545.025,544.275,544.635
2026-09-14T19:25:00Z,2026-09-14T19:30:00Z,544.61,544.88,544.17,544.215
2026-09-14T19:30:00Z,2026-09-14T19:35:00Z,544.185,544.46,542.995,543.285
2026-09-14T19:35:00Z,2026-09-14T19:40:00Z,543.28,543.285,542.345,542.475
2026-09-14T19:40:00Z,2026-09-14T19:45:00Z,542.485,542.985,542.435,542.845
2026-09-14T19:45:00Z,2026-09-14T19:50:00Z,542.84,543.165,542.42,543.05
2026-09-14T19:50:00Z,2026-09-14T19:55:00Z,543.05,543.05,541.51,542.31
2026-09-14T19:55:00Z,2026-09-14T20:00:00Z,542.29,542.34,540.755,540.765
2026-09-15T13:30:00Z,2026-09-15T13:35:00Z,546.46,548.115,545.035,546.72
2026-09-15T13:35:00Z,2026-09-15T13:40:00Z,546.71,546.905,544.165,544.47
2026-09-15T13:40:00Z,2026-09-15T13:45:00Z,544.455,546.17,544.005,545.745
2026-09-15T13:45:00Z,2026-09-15T13:50:00Z,545.75,547.015,545.59,546.52
2026-09-15T13:50:00Z,2026-09-15T13:55:00Z,546.515,547.38,545.835,546.97
2026-09-15T13:55:00Z,2026-09-15T14:00:00Z,546.985,547.53,546.535,546.81
2026-09-15T14:00:00Z,2026-09-15T14:05:00Z,546.745,547.51,546.24,546.66
2026-09-15T14:05:00Z,2026-09-15T14:10:00Z,546.665,547.555,546.285,546.49
2026-09-15T14:10:00Z,2026-09-15T14:15:00Z,546.525,546.585,544.66,545.025
2026-09-15T14:15:00Z,2026-09-15T14:20:00Z,545.04,545.69,544.895,545.525
2026-09-15T14:20:00Z,2026-09-15T14:25:00Z,545.52,545.69,543.81,545.03
2026-09-15T14:25:00Z,2026-09-15T14:30:00Z,545.04,545.285,544.57,544.97
2026-09-15T14:30:00Z,2026-09-15T14:35:00Z,544.965,545.57,544.095,544.225
2026-09-15T14:35:00Z,2026-09-15T14:40:00Z,544.215,544.51,543.26,543.535
2026-09-15T14:40:00Z,2026-09-15T14:45:00Z,543.52,543.99,542.84,543.98
2026-09-15T14:45:00Z,2026-09-15T14:50:00Z,543.985,544.65,542.97,542.975
2026-09-15T14:50:00Z,2026-09-15T14:55:00Z,542.98,542.995,541.055,542.115
2026-09-15T14:55:00Z,2026-09-15T15:00:00Z,542.095,542.485,541.675,541.925
2026-09-15T15:00:00Z,2026-09-15T15:05:00Z,541.93,543.05,541.68,543.05
2026-09-15T15:05:00Z,2026-09-15T15:10:00Z,543.045,543.195,542.24,542.31
2026-09-15T15:10:00Z,2026-09-15T15:15:00Z,542.3,542.55,541.55,542.155
2026-09-15T15:15:00Z,2026-09-15T15:20:00Z,542.16,542.74,542.09,542.495
2026-09-15T15:20:00Z,2026-09-15T15:25:00Z,542.51,543.115,542.025,542.73
2026-09-15T15:25:00Z,2026-09-15T15:30:00Z,542.735,543.735,542.71,543.48
2026-09-15T15:30:00Z,2026-09-15T15:35:00Z,543.475,543.52,542.475,542.99
2026-09-15T15:35:00Z,2026-09-15T15:40:00Z,542.985,543.29,542.675,542.685
2026-09-15T15:40:00Z,2026-09-15T15:45:00Z,542.69,543.17,542.61,542.78
2026-09-15T15:45:00Z,2026-09-15T15:50:00Z,542.79,542.89,542.125,542.35
2026-09-15T15:50:00Z,2026-09-15T15:55:00Z,542.345,543.335,542.29,542.555
2026-09-15T15:55:00Z,2026-09-15T16:00:00Z,542.55,542.925,541.385,541.4
2026-09-15T16:00:00Z,2026-09-15T16:05:00Z,541.39,542.14,541.335,541.73
2026-09-15T16:05:00Z,2026-09-15T16:10:00Z,541.675,541.84,540.77,540.96
2026-09-15T16:10:00Z,2026-09-15T16:15:00Z,540.955,541.065,540.615,540.815
2026-09-15T16:15:00Z,2026-09-15T16:20:00Z,540.82,541.61,540.7,541.51
2026-09-15T16:20:00Z,2026-09-15T16:25:00Z,541.515,542.19,541.48,542.005
2026-09-15T16:25:00Z,2026-09-15T16:30:00Z,542.01,542.13,541.565,541.68
2026-09-15T16:30:00Z,2026-09-15T16:35:00Z,541.69,541.69,540.9,541.145
2026-09-15T16:35:00Z,2026-09-15T16:40:00Z,541.15,541.335,540.815,541.175
2026-09-15T16:40:00Z,2026-09-15T16:45:00Z,541.185,541.72,541.08,541.56
2026-09-15T16:45:00Z,2026-09-15T16:50:00Z,541.555,541.92,541.24,541.51
2026-09-15T16:50:00Z,2026-09-15T16:55:00Z,541.51,542.075,541.44,541.915
2026-09-15T16:55:00Z,2026-09-15T17:00:00Z,541.92,541.985,540.95,541.16
2026-09-15T17:00:00Z,2026-09-15T17:05:00Z,541.14,541.27,540.34,540.34
2026-09-15T17:05:00Z,2026-09-15T17:10:00Z,540.335,540.765,540.125,540.465
2026-09-15T17:10:00Z,2026-09-15T17:15:00Z,540.46,540.82,540.46,540.485
2026-09-15T17:15:00Z,2026-09-15T17:20:00Z,540.51,541.035,540.495,541.015
2026-09-15T17:20:00Z,2026-09-15T17:25:00Z,541.04,541.31,540.66,540.665
2026-09-15T17:25:00Z,2026-09-15T17:30:00Z,540.665,541.14,540.615,541.14
2026-09-15T17:30:00Z,2026-09-15T17:35:00Z,541.14,541.375,540.955,541
2026-09-15T17:35:00Z,2026-09-15T17:40:00Z,541,541.17,540.69,540.69
2026-09-15T17:40:00Z,2026-09-15T17:45:00Z,540.69,540.85,540.19,540.535
2026-09-15T17:45:00Z,2026-09-15T17:50:00Z,540.535,540.91,540.535,540.875
2026-09-15T17:50:00Z,2026-09-15T17:55:00Z,540.86,541.53,540.76,541.495
2026-09-15T17:55:00Z,2026-09-15T18:00:00Z,541.5,541.895,541.365,541.85
2026-09-15T18:00:00Z,2026-09-15T18:05:00Z,541.86,542.115,541.56,542.05
2026-09-15T18:05:00Z,2026-09-15T18:10:00Z,542.06,542.29,541.855,542.27
2026-09-15T18:10:00Z,2026-09-15T18:15:00Z,542.28,542.295,541.715,541.77
2026-09-15T18:15:00Z,2026-09-15T18:20:00Z,541.78,541.89,541.3,541.52
2026-09-15T18:20:00Z,2026-09-15T18:25:00Z,541.495,541.92,541.46,541.805
2026-09-15T18:25:00Z,2026-09-15T18:30:00Z,541.81,542.38,541.79,542.17
2026-09-15T18:30:00Z,2026-09-15T18:35:00Z,542.165,542.165,541.525,541.585
2026-09-15T18:35:00Z,2026-09-15T18:40:00Z,541.59,541.77,541.1,541.515
2026-09-15T18:40:00Z,2026-09-15T18:45:00Z,541.52,541.635,540.995,541.225
2026-09-15T18:45:00Z,2026-09-15T18:50:00Z,541.23,541.3,540.855,541.005
2026-09-15T18:50:00Z,2026-09-15T18:55:00Z,540.995,541.46,540.935,541.45
2026-09-15T18:55:00Z,2026-09-15T19:00:00Z,541.445,541.72,541.31,541.66
2026-09-15T19:00:00Z,2026-09-15T19:05:00Z,541.65,541.885,541.42,541.585
2026-09-15T19:05:00Z,2026-09-15T19:10:00Z,541.625,541.965,541.57,541.96
2026-09-15T19:10:00Z,2026-09-15T19:15:00Z,541.955,542.09,541.53,541.53
2026-09-15T19:15:00Z,2026-09-15T19:20:00Z,541.6,541.97,541.45,541.96
2026-09-15T19:20:00Z,2026-09-15T19:25:00Z,541.96,541.96,541.52,541.62
2026-09-15T19:25:00Z,2026-09-15T19:30:00Z,541.61,542.22,541.57,541.96
2026-09-15T19:30:00Z,2026-09-15T19:35:00Z,541.945,542.05,541.55,541.69
2026-09-15T19:35:00Z,2026-09-15T19:40:00Z,541.68,541.74,541.43,541.635
2026-09-15T19:40:00Z,2026-09-15T19:45:00Z,541.635,542.215,541.565,541.87
2026-09-15T19:45:00Z,2026-09-15T19:50:00Z,541.87,542.41,541.67,541.82
2026-09-15T19:50:00Z,2026-09-15T19:55:00Z,541.82,541.895,541.295,541.845
2026-09-15T19:55:00Z,2026-09-15T20:00:00Z,541.85,542.21,541.6,542.12
2026-09-16T13:30:00Z,2026-09-16T13:35:00Z,550.145,550.405,548.285,549.51
2026-09-16T13:35:00Z,2026-09-16T13:40:00Z,549.635,550.38,548.71,549.495
2026-09-16T13:40:00Z,2026-09-16T13:45:00Z,549.505,549.995,548.975,549.125
2026-09-16T13:45:00Z,2026-09-16T13:50:00Z,549.13,551.23,549.105,551.1
2026-09-16T13:50:00Z,2026-09-16T13:55:00Z,551.095,551.34,550.295,550.605
2026-09-16T13:55:00Z,2026-09-16T14:00:00Z,550.615,551.755,550.53,551.565
2026-09-16T14:00:00Z,2026-09-16T14:05:00Z,551.59,551.805,550.345,550.595
2026-09-16T14:05:00Z,2026-09-16T14:10:00Z,550.6,551.52,550.075,550.98
2026-09-16T14:10:00Z,2026-09-16T14:15:00Z,551.01,551.43,550.075,550.715
2026-09-16T14:15:00Z,2026-09-16T14:20:00Z,550.75,551.695,550.635,551.28
2026-09-16T14:20:00Z,2026-09-16T14:25:00Z,551.295,551.605,550.93,551.11
2026-09-16T14:25:00Z,2026-09-16T14:30:00Z,551.115,551.24,550.58,551
2026-09-16T14:30:00Z,2026-09-16T14:35:00Z,550.995,551.075,550.285,550.285
2026-09-16T14:35:00Z,2026-09-16T14:40:00Z,550.29,550.57,549.74,550.295
2026-09-16T14:40:00Z,2026-09-16T14:45:00Z,550.28,550.525,549.96,550.49
2026-09-16T14:45:00Z,2026-09-16T14:50:00Z,550.45,550.75,550.025,550.345
2026-09-16T14:50:00Z,2026-09-16T14:55:00Z,550.315,550.735,549.975,550.515
2026-09-16T14:55:00Z,2026-09-16T15:00:00Z,550.525,551.365,550.32,551.32
2026-09-16T15:00:00Z,2026-09-16T15:05:00Z,551.315,551.585,550.96,551.15
2026-09-16T15:05:00Z,2026-09-16T15:10:00Z,551.14,552.39,550.87,552.05
2026-09-16T15:10:00Z,2026-09-16T15:15:00Z,552.06,552.115,551.27,551.595
2026-09-16T15:15:00Z,2026-09-16T15:20:00Z,551.585,551.66,550.675,550.985
2026-09-16T15:20:00Z,2026-09-16T15:25:00Z,550.975,551.765,550.81,551.75
2026-09-16T15:25:00Z,2026-09-16T15:30:00Z,551.75,552.375,551.59,551.635
2026-09-16T15:30:00Z,2026-09-16T15:35:00Z,551.64,551.73,551.185,551.37
2026-09-16T15:35:00Z,2026-09-16T15:40:00Z,551.365,551.795,551.24,551.425
2026-09-16T15:40:00Z,2026-09-16T15:45:00Z,551.42,551.575,551.04,551.39
2026-09-16T15:45:00Z,2026-09-16T15:50:00Z,551.385,553.16,551.255,552.495
2026-09-16T15:50:00Z,2026-09-16T15:55:00Z,552.5,552.68,551.7,551.7
2026-09-16T15:55:00Z,2026-09-16T16:00:00Z,551.68,551.825,551.325,551.335
2026-09-16T16:00:00Z,2026-09-16T16:05:00Z,551.345,551.5,550.79,550.8
2026-09-16T16:05:00Z,2026-09-16T16:10:00Z,550.805,551.34,550.79,551.165
2026-09-16T16:10:00Z,2026-09-16T16:15:00Z,551.16,551.38,550.98,551.37
2026-09-16T16:15:00Z,2026-09-16T16:20:00Z,551.365,551.675,551.33,551.61
2026-09-16T16:20:00Z,2026-09-16T16:25:00Z,551.615,551.615,551.045,551.075
2026-09-16T16:25:00Z,2026-09-16T16:30:00Z,551.07,551.405,551.04,551.305
2026-09-16T16:30:00Z,2026-09-16T16:35:00Z,551.31,551.425,550.68,550.73
2026-09-16T16:35:00Z,2026-09-16T16:40:00Z,550.74,550.975,550.655,550.815
2026-09-16T16:40:00Z,2026-09-16T16:45:00Z,550.81,550.86,550.58,550.6
2026-09-16T16:45:00Z,2026-09-16T16:50:00Z,550.59,551.285,550.59,551.05
2026-09-16T16:50:00Z,2026-09-16T16:55:00Z,551.065,551.22,550.65,551
2026-09-16T16:55:00Z,2026-09-16T17:00:00Z,550.995,551.055,550.735,550.765
2026-09-16T17:00:00Z,2026-09-16T17:05:00Z,550.775,550.8,549.89,550.065
2026-09-16T17:05:00Z,2026-09-16T17:10:00Z,550.06,550.225,549.89,550.205
2026-09-16T17:10:00Z,2026-09-16T17:15:00Z,550.2,550.385,549.93,550.32
2026-09-16T17:15:00Z,2026-09-16T17:20:00Z,550.31,550.37,549.9,550.025
2026-09-16T17:20:00Z,2026-09-16T17:25:00Z,550.02,550.09,549.375,549.48
2026-09-16T17:25:00Z,2026-09-16T17:30:00Z,549.445,549.655,549.34,549.585
2026-09-16T17:30:00Z,2026-09-16T17:35:00Z,549.59,549.78,549.17,549.33
2026-09-16T17:35:00Z,2026-09-16T17:40:00Z,549.335,549.565,549.225,549.23
2026-09-16T17:40:00Z,2026-09-16T17:45:00Z,549.24,549.265,548.63,548.77
2026-09-16T17:45:00Z,2026-09-16T17:50:00Z,548.775,549.41,548.76,549.3
2026-09-16T17:50:00Z,2026-09-16T17:55:00Z,549.32,549.89,549.08,549.77
2026-09-16T17:55:00Z,2026-09-16T18:00:00Z,549.76,551.245,549.74,551.225
2026-09-16T18:00:00Z,2026-09-16T18:05:00Z,551.235,552.32,548.43,551.385
2026-09-16T18:05:00Z,2026-09-16T18:10:00Z,551.395,552.28,550.92,550.975
2026-09-16T18:10:00Z,2026-09-16T18:15:00Z,550.99,551.23,550.07,550.43
2026-09-16T18:15:00Z,2026-09-16T18:20:00Z,550.435,550.435,549.44,549.885
2026-09-16T18:20:00Z,2026-09-16T18:25:00Z,549.895,550.19,549.5,549.59
2026-09-16T18:25:00Z,2026-09-16T18:30:00Z,549.58,549.665,547.875,549.435
2026-09-16T18:30:00Z,2026-09-16T18:35:00Z,549.44,549.86,547.49,547.91
2026-09-16T18:35:00Z,2026-09-16T18:40:00Z,547.89,548.65,546.015,548.125
2026-09-16T18:40:00Z,2026-09-16T18:45:00Z,548.12,550.03,547.83,548.43
2026-09-16T18:45:00Z,2026-09-16T18:50:00Z,548.415,549.32,546.7,546.89
2026-09-16T18:50:00Z,2026-09-16T18:55:00Z,546.895,547.47,544.895,544.945
2026-09-16T18:55:00Z,2026-09-16T19:00:00Z,544.96,545.74,543.18,543.925
2026-09-16T19:00:00Z,2026-09-16T19:05:00Z,543.99,545.325,543.745,544.445
2026-09-16T19:05:00Z,2026-09-16T19:10:00Z,544.47,544.47,541.645,542.405
2026-09-16T19:10:00Z,2026-09-16T19:15:00Z,542.43,542.585,540.605,541.335
2026-09-16T19:15:00Z,2026-09-16T19:20:00Z,541.33,542.275,540.62,541.285
2026-09-16T19:20:00Z,2026-09-16T19:25:00Z,541.28,541.835,540.68,541.465
2026-09-16T19:25:00Z,2026-09-16T19:30:00Z,541.475,542.705,540.425,542.57
2026-09-16T19:30:00Z,2026-09-16T19:35:00Z,542.575,543.94,542.36,543.925
2026-09-16T19:35:00Z,2026-09-16T19:40:00Z,543.945,544.065,542.7,543.995
2026-09-16T19:40:00Z,2026-09-16T19:45:00Z,543.995,544.515,543.09,543.63
2026-09-16T19:45:00Z,2026-09-16T19:50:00Z,543.62,545.105,543.565,544.675
2026-09-16T19:50:00Z,2026-09-16T19:55:00Z,544.68,545.365,543.95,544.345
2026-09-16T19:55:00Z,2026-09-16T20:00:00Z,544.35,545.745,543.93,545.46
2026-09-17T13:30:00Z,2026-09-17T13:35:00Z,560.04,560.635,558.645,558.935
2026-09-17T13:35:00Z,2026-09-17T13:40:00Z,558.935,559.785,557.695,557.755
2026-09-17T13:40:00Z,2026-09-17T13:45:00Z,557.74,559.74,557.625,559.265
2026-09-17T13:45:00Z,2026-09-17T13:50:00Z,559.26,560.415,558.985,559.7
2026-09-17T13:50:00Z,2026-09-17T13:55:00Z,559.715,561.725,559.49,560.955
2026-09-17T13:55:00Z,2026-09-17T14:00:00Z,560.95,561.295,560.12,561.04
2026-09-17T14:00:00Z,2026-09-17T14:05:00Z,560.96,561.18,559.45,559.96
2026-09-17T14:05:00Z,2026-09-17T14:10:00Z,559.965,560.42,558.98,559.63
2026-09-17T14:10:00Z,2026-09-17T14:15:00Z,559.61,561.25,559.51,561.02
2026-09-17T14:15:00Z,2026-09-17T14:20:00Z,561.025,561.555,560.635,560.935
2026-09-17T14:20:00Z,2026-09-17T14:25:00Z,560.915,560.935,560.305,560.43
2026-09-17T14:25:00Z,2026-09-17T14:30:00Z,560.425,560.735,559.91,559.965
2026-09-17T14:30:00Z,2026-09-17T14:35:00Z,559.965,560.685,559.51,560.45
2026-09-17T14:35:00Z,2026-09-17T14:40:00Z,560.51,560.58,560.02,560.16
2026-09-17T14:40:00Z,2026-09-17T14:45:00Z,560.165,560.53,559.715,559.865
2026-09-17T14:45:00Z,2026-09-17T14:50:00Z,559.885,559.91,559.22,559.52
2026-09-17T14:50:00Z,2026-09-17T14:55:00Z,559.54,559.655,558.455,558.91
2026-09-17T14:55:00Z,2026-09-17T15:00:00Z,558.895,559.635,558.675,559.155
2026-09-17T15:00:00Z,2026-09-17T15:05:00Z,559.175,559.735,558.7,559.615
2026-09-17T15:05:00Z,2026-09-17T15:10:00Z,559.605,560.22,559.21,559.9
2026-09-17T15:10:00Z,2026-09-17T15:15:00Z,559.89,559.895,559.115,559.57
2026-09-17T15:15:00Z,2026-09-17T15:20:00Z,559.56,559.56,559.02,559.11
2026-09-17T15:20:00Z,2026-09-17T15:25:00Z,559.115,559.53,558.875,559.445
2026-09-17T15:25:00Z,2026-09-17T15:30:00Z,559.46,559.96,559.435,559.775
2026-09-17T15:30:00Z,2026-09-17T15:35:00Z,559.78,559.985,559.33,559.495
2026-09-17T15:35:00Z,2026-09-17T15:40:00Z,559.475,559.725,559.42,559.54
2026-09-17T15:40:00Z,2026-09-17T15:45:00Z,559.53,560.05,559.51,559.71
2026-09-17T15:45:00Z,2026-09-17T15:50:00Z,559.69,559.94,559.595,559.94
2026-09-17T15:50:00Z,2026-09-17T15:55:00Z,559.905,559.985,559.435,559.47
2026-09-17T15:55:00Z,2026-09-17T16:00:00Z,559.48,559.925,559.425,559.86
2026-09-17T16:00:00Z,2026-09-17T16:05:00Z,559.905,560.085,559.68,559.78
2026-09-17T16:05:00Z,2026-09-17T16:10:00Z,559.79,560.24,559.65,560.22
2026-09-17T16:10:00Z,2026-09-17T16:15:00Z,560.21,560.47,560.14,560.47
2026-09-17T16:15:00Z,2026-09-17T16:20:00Z,560.455,560.655,560.2,560.6
2026-09-17T16:20:00Z,2026-09-17T16:25:00Z,560.59,560.84,560.315,560.68
2026-09-17T16:25:00Z,2026-09-17T16:30:00Z,560.675,560.75,560.31,560.75
2026-09-17T16:30:00Z,2026-09-17T16:35:00Z,560.745,560.885,560.2,560.33
2026-09-17T16:35:00Z,2026-09-17T16:40:00Z,560.335,560.58,560.145,560.21
2026-09-17T16:40:00Z,2026-09-17T16:45:00Z,560.22,560.615,560.095,560.47
2026-09-17T16:45:00Z,2026-09-17T16:50:00Z,560.475,560.695,560.31,560.525
2026-09-17T16:50:00Z,2026-09-17T16:55:00Z,560.52,560.74,560.4,560.645
2026-09-17T16:55:00Z,2026-09-17T17:00:00Z,560.635,560.71,559.71,560.625
2026-09-17T17:00:00Z,2026-09-17T17:05:00Z,560.63,561.225,560.565,561.04
2026-09-17T17:05:00Z,2026-09-17T17:10:00Z,561.045,561.53,561.005,561.18
2026-09-17T17:10:00Z,2026-09-17T17:15:00Z,561.175,561.18,560.555,560.63
2026-09-17T17:15:00Z,2026-09-17T17:20:00Z,560.62,560.96,560.54,560.845
2026-09-17T17:20:00Z,2026-09-17T17:25:00Z,560.85,560.95,560.63,560.77
2026-09-17T17:25:00Z,2026-09-17T17:30:00Z,560.795,561.105,560.735,560.87
2026-09-17T17:30:00Z,2026-09-17T17:35:00Z,560.875,560.97,560.56,560.925
2026-09-17T17:35:00Z,2026-09-17T17:40:00Z,560.93,561.125,560.7,560.735
2026-09-17T17:40:00Z,2026-09-17T17:45:00Z,560.725,561.345,560.725,561.325
2026-09-17T17:45:00Z,2026-09-17T17:50:00Z,561.315,561.44,561.245,561.27
2026-09-17T17:50:00Z,2026-09-17T17:55:00Z,561.26,561.32,561.04,561.135
2026-09-17T17:55:00Z,2026-09-17T18:00:00Z,561.125,561.305,561.1,561.295
2026-09-17T18:00:00Z,2026-09-17T18:05:00Z,561.305,561.4,561.065,561.26
2026-09-17T18:05:00Z,2026-09-17T18:10:00Z,561.28,561.48,561.05,561.16
2026-09-17T18:10:00Z,2026-09-17T18:15:00Z,561.165,561.45,561.06,561.33
2026-09-17T18:15:00Z,2026-09-17T18:20:00Z,561.315,561.505,561.255,561.485
2026-09-17T18:20:00Z,2026-09-17T18:25:00Z,561.485,561.54,561.055,561.255
2026-09-17T18:25:00Z,2026-09-17T18:30:00Z,561.25,561.43,561.21,561.255
2026-09-17T18:30:00Z,2026-09-17T18:35:00Z,561.26,561.63,561.17,561.205
2026-09-17T18:35:00Z,2026-09-17T18:40:00Z,561.21,561.245,560.82,560.905
2026-09-17T18:40:00Z,2026-09-17T18:45:00Z,560.88,561.015,560.72,560.975
2026-09-17T18:45:00Z,2026-09-17T18:50:00Z,560.97,561.27,560.89,561.015
2026-09-17T18:50:00Z,2026-09-17T18:55:00Z,561.005,561.12,560.665,560.755
2026-09-17T18:55:00Z,2026-09-17T19:00:00Z,560.75,561.075,560.735,561.025
2026-09-17T19:00:00Z,2026-09-17T19:05:00Z,561.015,561.21,560.885,561
2026-09-17T19:05:00Z,2026-09-17T19:10:00Z,561.01,561.395,560.885,561.075
2026-09-17T19:10:00Z,2026-09-17T19:15:00Z,561.08,561.23,560.93,560.97
2026-09-17T19:15:00Z,2026-09-17T19:20:00Z,560.965,561.43,560.965,561.265
2026-09-17T19:20:00Z,2026-09-17T19:25:00Z,561.26,561.36,560.94,560.95
2026-09-17T19:25:00Z,2026-09-17T19:30:00Z,560.97,561.105,560.605,560.68
2026-09-17T19:30:00Z,2026-09-17T19:35:00Z,560.685,561.6,560.65,561.32
2026-09-17T19:35:00Z,2026-09-17T19:40:00Z,561.31,561.56,561.3,561.525
2026-09-17T19:40:00Z,2026-09-17T19:45:00Z,561.52,561.555,560.66,561.015
2026-09-17T19:45:00Z,2026-09-17T19:50:00Z,561.035,561.085,560.74,561.005
2026-09-17T19:50:00Z,2026-09-17T19:55:00Z,561.01,561.475,560.59,560.66
2026-09-17T19:55:00Z,2026-09-17T20:00:00Z,560.65,561.185,560.38,560.575
2026-09-18T13:30:00Z,2026-09-18T13:35:00Z,563.76,565.1,563.34,563.97
2026-09-18T13:35:00Z,2026-09-18T13:40:00Z,563.955,566.04,563.755,565.925
2026-09-18T13:40:00Z,2026-09-18T13:45:00Z,565.935,567.36,565.11,566.815
2026-09-18T13:45:00Z,2026-09-18T13:50:00Z,566.78,567.605,565.755,565.91
2026-09-18T13:50:00Z,2026-09-18T13:55:00Z,565.89,566.045,565.105,565.545
2026-09-18T13:55:00Z,2026-09-18T14:00:00Z,565.555,565.61,564.58,565.07
2026-09-18T14:00:00Z,2026-09-18T14:05:00Z,565.085,565.54,563.775,563.875
2026-09-18T14:05:00Z,2026-09-18T14:10:00Z,563.87,565.205,563.345,565.2
2026-09-18T14:10:00Z,2026-09-18T14:15:00Z,565.195,566.385,565.12,566.09
2026-09-18T14:15:00Z,2026-09-18T14:20:00Z,566.1,566.21,565.415,565.925
2026-09-18T14:20:00Z,2026-09-18T14:25:00Z,565.92,566.51,565.56,566.215
2026-09-18T14:25:00Z,2026-09-18T14:30:00Z,566.14,566.16,565.555,565.57
2026-09-18T14:30:00Z,2026-09-18T14:35:00Z,565.615,565.885,565.41,565.54
2026-09-18T14:35:00Z,2026-09-18T14:40:00Z,565.545,565.775,564.915,565.28
2026-09-18T14:40:00Z,2026-09-18T14:45:00Z,565.275,565.345,564.145,564.28
2026-09-18T14:45:00Z,2026-09-18T14:50:00Z,564.295,565.085,564.08,564.96
2026-09-18T14:50:00Z,2026-09-18T14:55:00Z,564.955,565.505,564.82,565.165
2026-09-18T14:55:00Z,2026-09-18T15:00:00Z,565.19,565.345,564.6,564.915
2026-09-18T15:00:00Z,2026-09-18T15:05:00Z,564.925,565.22,564.38,564.475
2026-09-18T15:05:00Z,2026-09-18T15:10:00Z,564.48,565.165,564.45,564.81
2026-09-18T15:10:00Z,2026-09-18T15:15:00Z,564.8,564.825,564.13,564.63
2026-09-18T15:15:00Z,2026-09-18T15:20:00Z,564.66,565.17,564.535,564.95
2026-09-18T15:20:00Z,2026-09-18T15:25:00Z,564.955,565.405,564.67,565.135
2026-09-18T15:25:00Z,2026-09-18T15:30:00Z,565.13,565.815,565.04,565.685
2026-09-18T15:30:00Z,2026-09-18T15:35:00Z,565.69,565.88,565.145,565.54
2026-09-18T15:35:00Z,2026-09-18T15:40:00Z,565.535,565.655,564.915,565.045
2026-09-18T15:40:00Z,2026-09-18T15:45:00Z,565.035,565.055,564.6,564.92
2026-09-18T15:45:00Z,2026-09-18T15:50:00Z,564.945,565.275,564.645,565.135
2026-09-18T15:50:00Z,2026-09-18T15:55:00Z,565.135,565.4,564.6,564.64
2026-09-18T15:55:00Z,2026-09-18T16:00:00Z,564.645,564.745,564.175,564.285
2026-09-18T16:00:00Z,2026-09-18T16:05:00Z,564.275,564.295,563.855,563.895
2026-09-18T16:05:00Z,2026-09-18T16:10:00Z,563.905,564.38,563.895,563.935
2026-09-18T16:10:00Z,2026-09-18T16:15:00Z,563.91,564.075,563.64,563.905
2026-09-18T16:15:00Z,2026-09-18T16:20:00Z,563.92,564.435,563.885,564.395
2026-09-18T16:20:00Z,2026-09-18T16:25:00Z,564.4,564.585,563.15,563.215
2026-09-18T16:25:00Z,2026-09-18T16:30:00Z,563.225,563.65,562.725,563.585
2026-09-18T16:30:00Z,2026-09-18T16:35:00Z,563.58,564.34,563.4,564.2
2026-09-18T16:35:00Z,2026-09-18T16:40:00Z,564.21,564.34,563.845,563.965
2026-09-18T16:40:00Z,2026-09-18T16:45:00Z,563.965,564.085,563.735,563.965
2026-09-18T16:45:00Z,2026-09-18T16:50:00Z,563.975,563.98,563.44,563.655
2026-09-18T16:50:00Z,2026-09-18T16:55:00Z,563.65,563.91,563.565,563.845
2026-09-18T16:55:00Z,2026-09-18T17:00:00Z,563.84,564.13,563.76,564.11
2026-09-18T17:00:00Z,2026-09-18T17:05:00Z,564.115,564.42,563.955,564.155
2026-09-18T17:05:00Z,2026-09-18T17:10:00Z,564.165,564.65,564.08,564.555
2026-09-18T17:10:00Z,2026-09-18T17:15:00Z,564.56,564.565,564.265,564.56
2026-09-18T17:15:00Z,2026-09-18T17:20:00Z,564.565,564.87,564.48,564.7
2026-09-18T17:20:00Z,2026-09-18T17:25:00Z,564.69,564.755,564.455,564.545
2026-09-18T17:25:00Z,2026-09-18T17:30:00Z,564.54,564.835,564.515,564.735
2026-09-18T17:30:00Z,2026-09-18T17:35:00Z,564.73,564.75,564.465,564.59
2026-09-18T17:35:00Z,2026-09-18T17:40:00Z,564.595,564.86,564.595,564.705
2026-09-18T17:40:00Z,2026-09-18T17:45:00Z,564.695,564.845,564.525,564.835
2026-09-18T17:45:00Z,2026-09-18T17:50:00Z,564.84,564.84,564.565,564.79
2026-09-18T17:50:00Z,2026-09-18T17:55:00Z,564.795,564.845,564.555,564.57
2026-09-18T17:55:00Z,2026-09-18T18:00:00Z,564.565,564.805,564.545,564.65
2026-09-18T18:00:00Z,2026-09-18T18:05:00Z,564.64,564.705,564.415,564.5
2026-09-18T18:05:00Z,2026-09-18T18:10:00Z,564.48,564.55,564.27,564.325
2026-09-18T18:10:00Z,2026-09-18T18:15:00Z,564.31,564.375,564.08,564.23
2026-09-18T18:15:00Z,2026-09-18T18:20:00Z,564.22,564.49,564.22,564.46
2026-09-18T18:20:00Z,2026-09-18T18:25:00Z,564.46,565.085,564.43,564.62
2026-09-18T18:25:00Z,2026-09-18T18:30:00Z,564.625,564.67,564.19,564.4
2026-09-18T18:30:00Z,2026-09-18T18:35:00Z,564.405,564.42,564.115,564.31
2026-09-18T18:35:00Z,2026-09-18T18:40:00Z,564.34,564.42,564.1,564.37
2026-09-18T18:40:00Z,2026-09-18T18:45:00Z,564.375,564.545,564.255,564.515
2026-09-18T18:45:00Z,2026-09-18T18:50:00Z,564.525,564.985,564.475,564.865
2026-09-18T18:50:00Z,2026-09-18T18:55:00Z,564.86,565.49,564.785,565.21
2026-09-18T18:55:00Z,2026-09-18T19:00:00Z,565.215,565.44,565.085,565.16
2026-09-18T19:00:00Z,2026-09-18T19:05:00Z,565.155,565.82,565.155,565.715
2026-09-18T19:05:00Z,2026-09-18T19:10:00Z,565.71,565.955,565.4,565.595
2026-09-18T19:10:00Z,2026-09-18T19:15:00Z,565.6,565.925,565.37,565.58
2026-09-18T19:15:00Z,2026-09-18T19:20:00Z,565.575,565.99,565.495,565.95
2026-09-18T19:20:00Z,2026-09-18T19:25:00Z,565.985,566.055,565.67,565.73
2026-09-18T19:25:00Z,2026-09-18T19:30:00Z,565.745,565.795,565.56,565.71
2026-09-18T19:30:00Z,2026-09-18T19:35:00Z,565.715,566.005,565.245,566
2026-09-18T19:35:00Z,2026-09-18T19:40:00Z,566.005,566.725,565.92,566.525
2026-09-18T19:40:00Z,2026-09-18T19:45:00Z,566.52,566.99,566.48,566.975
2026-09-18T19:45:00Z,2026-09-18T19:50:00Z,566.965,567.15,566.69,566.97
2026-09-18T19:50:00Z,2026-09-18T19:55:00Z,566.965,569.535,566.965,569.495
2026-09-18T19:55:00Z,2026-09-18T20:00:00Z,569.485,572.87,569.485,572.725
2026-09-21T13:30:00Z,2026-09-21T13:35:00Z,581.895,582.765,578.55,580.4
2026-09-21T13:35:00Z,2026-09-21T13:40:00Z,580.42,583.505,579.825,583.225
2026-09-21T13:40:00Z,2026-09-21T13:45:00Z,583.24,584.445,583.055,583.625
2026-09-21T13:45:00Z,2026-09-21T13:50:00Z,583.63,585.29,583.63,584.64
2026-09-21T13:50:00Z,2026-09-21T13:55:00Z,584.65,585.21,584.445,585.03
2026-09-21T13:55:00Z,2026-09-21T14:00:00Z,585.04,585.04,584.175,584.245
2026-09-21T14:00:00Z,2026-09-21T14:05:00Z,584.245,584.925,583.825,583.975
2026-09-21T14:05:00Z,2026-09-21T14:10:00Z,583.96,584.1,582.665,582.86
2026-09-21T14:10:00Z,2026-09-21T14:15:00Z,582.855,584.725,582.855,584.67
2026-09-21T14:15:00Z,2026-09-21T14:20:00Z,584.695,585.345,584.525,585.03
2026-09-21T14:20:00Z,2026-09-21T14:25:00Z,585.04,585.975,584.43,585.955
2026-09-21T14:25:00Z,2026-09-21T14:30:00Z,585.965,586.8,585.74,586.535
2026-09-21T14:30:00Z,2026-09-21T14:35:00Z,586.545,587.035,586.45,586.685
2026-09-21T14:35:00Z,2026-09-21T14:40:00Z,586.69,587.84,586.69,587.21
2026-09-21T14:40:00Z,2026-09-21T14:45:00Z,587.215,587.295,586.45,587.11
2026-09-21T14:45:00Z,2026-09-21T14:50:00Z,587.09,587.295,586.785,586.795
2026-09-21T14:50:00Z,2026-09-21T14:55:00Z,586.785,586.975,586.145,586.975
2026-09-21T14:55:00Z,2026-09-21T15:00:00Z,586.95,588.315,586.77,588.215
2026-09-21T15:00:00Z,2026-09-21T15:05:00Z,588.22,590.115,588.19,590.09
2026-09-21T15:05:00Z,2026-09-21T15:10:00Z,590.095,590.59,589.54,590.29
2026-09-21T15:10:00Z,2026-09-21T15:15:00Z,590.28,591.08,590.1,590.87
2026-09-21T15:15:00Z,2026-09-21T15:20:00Z,590.88,591.02,590.19,590.385
2026-09-21T15:20:00Z,2026-09-21T15:25:00Z,590.4,590.5,589.98,590.39
2026-09-21T15:25:00Z,2026-09-21T15:30:00Z,590.385,591.205,590.3,591.165
2026-09-21T15:30:00Z,2026-09-21T15:35:00Z,591.175,591.465,590.94,590.98
2026-09-21T15:35:00Z,2026-09-21T15:40:00Z,590.96,591.795,590.93,591.665
2026-09-21T15:40:00Z,2026-09-21T15:45:00Z,591.67,591.8,590.985,591.23
2026-09-21T15:45:00Z,2026-09-21T15:50:00Z,591.24,591.41,590.99,591.095
2026-09-21T15:50:00Z,2026-09-21T15:55:00Z,591.125,591.21,590.45,590.51
2026-09-21T15:55:00Z,2026-09-21T16:00:00Z,590.505,590.635,590.11,590.54
2026-09-21T16:00:00Z,2026-09-21T16:05:00Z,590.545,590.88,589.97,590.86
2026-09-21T16:05:00Z,2026-09-21T16:10:00Z,590.87,591.305,590.59,591.125
2026-09-21T16:10:00Z,2026-09-21T16:15:00Z,591.13,591.645,591.04,591.3
2026-09-21T16:15:00Z,2026-09-21T16:20:00Z,591.34,591.525,591.03,591.35
2026-09-21T16:20:00Z,2026-09-21T16:25:00Z,591.355,591.835,591.13,591.83
2026-09-21T16:25:00Z,2026-09-21T16:30:00Z,591.84,592.41,591.68,592.18
2026-09-21T16:30:00Z,2026-09-21T16:35:00Z,592.175,593.285,592.165,593.21
2026-09-21T16:35:00Z,2026-09-21T16:40:00Z,593.22,593.385,592.27,592.47
2026-09-21T16:40:00Z,2026-09-21T16:45:00Z,592.46,592.9,592.37,592.415
2026-09-21T16:45:00Z,2026-09-21T16:50:00Z,592.425,592.935,592.42,592.74
2026-09-21T16:50:00Z,2026-09-21T16:55:00Z,592.735,592.94,592.49,592.93
2026-09-21T16:55:00Z,2026-09-21T17:00:00Z,592.925,593.375,592.88,593.34
2026-09-21T17:00:00Z,2026-09-21T17:05:00Z,593.32,593.645,593.295,593.585
2026-09-21T17:05:00Z,2026-09-21T17:10:00Z,593.59,593.77,593.13,593.23
2026-09-21T17:10:00Z,2026-09-21T17:15:00Z,593.24,593.36,592.93,593.17
2026-09-21T17:15:00Z,2026-09-21T17:20:00Z,593.155,593.24,592.67,592.9
2026-09-21T17:20:00Z,2026-09-21T17:25:00Z,592.91,592.98,591.95,592.005
2026-09-21T17:25:00Z,2026-09-21T17:30:00Z,592.02,592.74,591.77,592.705
2026-09-21T17:30:00Z,2026-09-21T17:35:00Z,592.71,593.105,592.505,592.55
2026-09-21T17:35:00Z,2026-09-21T17:40:00Z,592.555,593.035,592.41,592.945
2026-09-21T17:40:00Z,2026-09-21T17:45:00Z,592.955,593.165,592.85,593.165
2026-09-21T17:45:00Z,2026-09-21T17:50:00Z,593.165,593.78,593.165,593.595
2026-09-21T17:50:00Z,2026-09-21T17:55:00Z,593.6,593.865,593.51,593.735
2026-09-21T17:55:00Z,2026-09-21T18:00:00Z,593.725,593.78,593.275,593.365
2026-09-21T18:00:00Z,2026-09-21T18:05:00Z,593.37,593.98,593.365,593.98
2026-09-21T18:05:00Z,2026-09-21T18:10:00Z,593.975,594.09,593.645,593.695
2026-09-21T18:10:00Z,2026-09-21T18:15:00Z,593.69,594.315,593.68,594.265
2026-09-21T18:15:00Z,2026-09-21T18:20:00Z,594.26,594.55,594.065,594.47
2026-09-21T18:20:00Z,2026-09-21T18:25:00Z,594.46,594.83,594.415,594.685
2026-09-21T18:25:00Z,2026-09-21T18:30:00Z,594.69,594.71,594.315,594.71
2026-09-21T18:30:00Z,2026-09-21T18:35:00Z,594.715,594.96,594.37,594.485
2026-09-21T18:35:00Z,2026-09-21T18:40:00Z,594.495,595.27,594.495,595.26
2026-09-21T18:40:00Z,2026-09-21T18:45:00Z,595.265,595.275,594.925,595.165
2026-09-21T18:45:00Z,2026-09-21T18:50:00Z,595.195,595.48,595.13,595.435
2026-09-21T18:50:00Z,2026-09-21T18:55:00Z,595.42,595.99,595.315,595.89
2026-09-21T18:55:00Z,2026-09-21T19:00:00Z,595.88,595.93,595.435,595.8
2026-09-21T19:00:00Z,2026-09-21T19:05:00Z,595.795,596.13,595.395,595.43
2026-09-21T19:05:00Z,2026-09-21T19:10:00Z,595.445,596.18,595.395,595.78
2026-09-21T19:10:00Z,2026-09-21T19:15:00Z,595.79,596.5,595.61,596.495
2026-09-21T19:15:00Z,2026-09-21T19:20:00Z,596.485,597.055,596.44,596.94
2026-09-21T19:20:00Z,2026-09-21T19:25:00Z,596.935,597.14,596.555,596.6
2026-09-21T19:25:00Z,2026-09-21T19:30:00Z,596.61,596.73,596.25,596.255
2026-09-21T19:30:00Z,2026-09-21T19:35:00Z,596.25,597.415,596.13,597.345
2026-09-21T19:35:00Z,2026-09-21T19:40:00Z,597.345,598.48,597.3,598.415
2026-09-21T19:40:00Z,2026-09-21T19:45:00Z,598.42,598.62,597.77,597.86
2026-09-21T19:45:00Z,2026-09-21T19:50:00Z,597.87,597.91,597.095,597.345
2026-09-21T19:50:00Z,2026-09-21T19:55:00Z,597.355,597.445,596.525,596.78
2026-09-21T19:55:00Z,2026-09-21T20:00:00Z,596.735,597.37,595.905,596.135
2026-09-22T13:30:00Z,2026-09-22T13:35:00Z,591.26,596.76,591.17,596.76
2026-09-22T13:35:00Z,2026-09-22T13:40:00Z,596.765,597.975,595.995,596.75
2026-09-22T13:40:00Z,2026-09-22T13:45:00Z,596.735,598.345,596.585,597.635
2026-09-22T13:45:00Z,2026-09-22T13:50:00Z,597.62,597.88,596.56,596.98
2026-09-22T13:50:00Z,2026-09-22T13:55:00Z,596.97,599.325,596.925,599.3
2026-09-22T13:55:00Z,2026-09-22T14:00:00Z,599.295,600.195,598.34,600.145
2026-09-22T14:00:00Z,2026-09-22T14:05:00Z,600.15,600.24,598.76,599.45
2026-09-22T14:05:00Z,2026-09-22T14:10:00Z,599.435,600.08,598.99,599.96
2026-09-22T14:10:00Z,2026-09-22T14:15:00Z,599.955,601.845,599.88,601.195
2026-09-22T14:15:00Z,2026-09-22T14:20:00Z,601.19,601.36,600.54,600.94
2026-09-22T14:20:00Z,2026-09-22T14:25:00Z,600.935,601.325,600.165,601.195
2026-09-22T14:25:00Z,2026-09-22T14:30:00Z,601.175,602.31,600.745,601.995
2026-09-22T14:30:00Z,2026-09-22T14:35:00Z,601.99,603.685,601.835,603.565
2026-09-22T14:35:00Z,2026-09-22T14:40:00Z,603.575,603.585,601.25,601.49
2026-09-22T14:40:00Z,2026-09-22T14:45:00Z,601.47,601.68,599.45,599.945
2026-09-22T14:45:00Z,2026-09-22T14:50:00Z,599.935,600.47,598.41,600.44
2026-09-22T14:50:00Z,2026-09-22T14:55:00Z,600.415,600.795,599.635,600.52
2026-09-22T14:55:00Z,2026-09-22T15:00:00Z,600.56,600.785,599.88,600.485
2026-09-22T15:00:00Z,2026-09-22T15:05:00Z,600.495,600.95,600.125,600.435
2026-09-22T15:05:00Z,2026-09-22T15:10:00Z,600.48,601.12,600.3,600.445
2026-09-22T15:10:00Z,2026-09-22T15:15:00Z,600.5,601.88,600.5,601.7
2026-09-22T15:15:00Z,2026-09-22T15:20:00Z,601.705,601.81,601.05,601.73
2026-09-22T15:20:00Z,2026-09-22T15:25:00Z,601.725,601.835,601.185,601.445
2026-09-22T15:25:00Z,2026-09-22T15:30:00Z,601.44,601.75,601.12,601.365
2026-09-22T15:30:00Z,2026-09-22T15:35:00Z,601.375,601.645,601.095,601.495
2026-09-22T15:35:00Z,2026-09-22T15:40:00Z,601.49,601.68,600.995,601.28
2026-09-22T15:40:00Z,2026-09-22T15:45:00Z,601.285,601.49,600.995,601.355
2026-09-22T15:45:00Z,2026-09-22T15:50:00Z,601.345,602.075,601.295,601.7
2026-09-22T15:50:00Z,2026-09-22T15:55:00Z,601.705,602.27,601.64,601.815
2026-09-22T15:55:00Z,2026-09-22T16:00:00Z,601.81,602.4,601.655,602.325
2026-09-22T16:00:00Z,2026-09-22T16:05:00Z,602.34,602.485,602.055,602.365
2026-09-22T16:05:00Z,2026-09-22T16:10:00Z,602.36,603.19,602.26,602.765
2026-09-22T16:10:00Z,2026-09-22T16:15:00Z,602.73,603.06,602.53,602.945
2026-09-22T16:15:00Z,2026-09-22T16:20:00Z,602.935,603.02,602.425,602.58
2026-09-22T16:20:00Z,2026-09-22T16:25:00Z,602.585,603.075,602.075,602.19
2026-09-22T16:25:00Z,2026-09-22T16:30:00Z,602.18,602.535,601.345,601.39
2026-09-22T16:30:00Z,2026-09-22T16:35:00Z,601.395,602.435,601.395,602.35
2026-09-22T16:35:00Z,2026-09-22T16:40:00Z,602.345,602.495,602.005,602.2
2026-09-22T16:40:00Z,2026-09-22T16:45:00Z,602.185,602.65,602.13,602.565
2026-09-22T16:45:00Z,2026-09-22T16:50:00Z,602.56,603.46,602.43,603.38
2026-09-22T16:50:00Z,2026-09-22T16:55:00Z,603.385,603.81,603.235,603.66
2026-09-22T16:55:00Z,2026-09-22T17:00:00Z,603.655,603.985,603.55,603.95
2026-09-22T17:00:00Z,2026-09-22T17:05:00Z,603.94,604.29,603.8,604.125
2026-09-22T17:05:00Z,2026-09-22T17:10:00Z,604.12,604.535,603.995,604.2
2026-09-22T17:10:00Z,2026-09-22T17:15:00Z,604.21,604.395,603.91,603.95
2026-09-22T17:15:00Z,2026-09-22T17:20:00Z,603.94,603.95,603.55,603.715
2026-09-22T17:20:00Z,2026-09-22T17:25:00Z,603.7,603.72,602.93,603.18
2026-09-22T17:25:00Z,2026-09-22T17:30:00Z,603.185,603.79,603.09,603.72
2026-09-22T17:30:00Z,2026-09-22T17:35:00Z,603.71,603.735,602.95,603.33
2026-09-22T17:35:00Z,2026-09-22T17:40:00Z,603.34,603.535,603.03,603.165
2026-09-22T17:40:00Z,2026-09-22T17:45:00Z,603.16,603.56,602.815,603.41
2026-09-22T17:45:00Z,2026-09-22T17:50:00Z,603.42,603.655,603.31,603.52
2026-09-22T17:50:00Z,2026-09-22T17:55:00Z,603.53,604.97,603.39,604.64
2026-09-22T17:55:00Z,2026-09-22T18:00:00Z,604.635,604.76,604.03,604.625
2026-09-22T18:00:00Z,2026-09-22T18:05:00Z,604.62,604.645,603.33,604.285
2026-09-22T18:05:00Z,2026-09-22T18:10:00Z,604.295,604.935,604.235,604.895
2026-09-22T18:10:00Z,2026-09-22T18:15:00Z,604.855,605.24,604.81,604.875
2026-09-22T18:15:00Z,2026-09-22T18:20:00Z,604.88,605.435,604.88,605.28
2026-09-22T18:20:00Z,2026-09-22T18:25:00Z,605.27,605.645,605.23,605.465
2026-09-22T18:25:00Z,2026-09-22T18:30:00Z,605.47,605.675,605.345,605.56
2026-09-22T18:30:00Z,2026-09-22T18:35:00Z,605.57,605.715,605.175,605.21
2026-09-22T18:35:00Z,2026-09-22T18:40:00Z,605.22,605.36,604.73,604.95
2026-09-22T18:40:00Z,2026-09-22T18:45:00Z,604.96,605.165,604.645,605.09
2026-09-22T18:45:00Z,2026-09-22T18:50:00Z,605.08,605.18,604.79,605.02
2026-09-22T18:50:00Z,2026-09-22T18:55:00Z,605.025,605.21,604.86,605.05
2026-09-22T18:55:00Z,2026-09-22T19:00:00Z,605.04,605.305,604.88,605.05
2026-09-22T19:00:00Z,2026-09-22T19:05:00Z,605.03,606.02,605.025,606
2026-09-22T19:05:00Z,2026-09-22T19:10:00Z,605.96,606.32,605.935,606.25
2026-09-22T19:10:00Z,2026-09-22T19:15:00Z,606.265,606.475,605.9,606.31
2026-09-22T19:15:00Z,2026-09-22T19:20:00Z,606.315,606.68,606.29,606.51
2026-09-22T19:20:00Z,2026-09-22T19:25:00Z,606.515,606.545,605.635,605.705
2026-09-22T19:25:00Z,2026-09-22T19:30:00Z,605.71,606.41,605.675,606.01
2026-09-22T19:30:00Z,2026-09-22T19:35:00Z,605.995,606.985,605.94,606.91
2026-09-22T19:35:00Z,2026-09-22T19:40:00Z,606.915,607.485,606.65,607.4
2026-09-22T19:40:00Z,2026-09-22T19:45:00Z,607.405,607.45,606.755,607.08
2026-09-22T19:45:00Z,2026-09-22T19:50:00Z,607.085,607.75,607.03,607.665
2026-09-22T19:50:00Z,2026-09-22T19:55:00Z,607.67,608.655,607.275,607.53
2026-09-22T19:55:00Z,2026-09-22T20:00:00Z,607.5,607.9,607.3,607.56
2026-09-23T13:30:00Z,2026-09-23T13:35:00Z,604.68,606.335,602.765,603.6
2026-09-23T13:35:00Z,2026-09-23T13:40:00Z,603.625,605.195,601.56,602.2
2026-09-23T13:40:00Z,2026-09-23T13:45:00Z,602.23,602.26,600.82,601.84
2026-09-23T13:45:00Z,2026-09-23T13:50:00Z,601.76,602.235,599.105,599.455
2026-09-23T13:50:00Z,2026-09-23T13:55:00Z,599.555,599.71,597.88,599.255
2026-09-23T13:55:00Z,2026-09-23T14:00:00Z,599.255,600.185,599.065,599.775
2026-09-23T14:00:00Z,2026-09-23T14:05:00Z,599.735,601.685,599.675,600.575
2026-09-23T14:05:00Z,2026-09-23T14:10:00Z,600.455,600.955,598.73,598.84
2026-09-23T14:10:00Z,2026-09-23T14:15:00Z,598.885,599.025,595.805,596.02
2026-09-23T14:15:00Z,2026-09-23T14:20:00Z,596.015,597.1,594.27,594.365
2026-09-23T14:20:00Z,2026-09-23T14:25:00Z,594.355,595.355,593.845,594.99
2026-09-23T14:25:00Z,2026-09-23T14:30:00Z,594.98,595.915,593.985,595.47
2026-09-23T14:30:00Z,2026-09-23T14:35:00Z,595.465,596.745,594.385,596.725
2026-09-23T14:35:00Z,2026-09-23T14:40:00Z,596.73,597.52,595.565,595.985
2026-09-23T14:40:00Z,2026-09-23T14:45:00Z,596,596.855,595.825,596.65
2026-09-23T14:45:00Z,2026-09-23T14:50:00Z,596.65,597.345,596.48,597.21
2026-09-23T14:50:00Z,2026-09-23T14:55:00Z,597.15,600.315,596.245,599.915
2026-09-23T14:55:00Z,2026-09-23T15:00:00Z,599.885,600.64,599.345,600.295
2026-09-23T15:00:00Z,2026-09-23T15:05:00Z,600.305,600.645,599.055,599.465
2026-09-23T15:05:00Z,2026-09-23T15:10:00Z,599.46,600.49,599.085,600.075
2026-09-23T15:10:00Z,2026-09-23T15:15:00Z,600.07,600.605,599.93,600.52
2026-09-23T15:15:00Z,2026-09-23T15:20:00Z,600.525,600.975,599.055,600.17
2026-09-23T15:20:00Z,2026-09-23T15:25:00Z,600.165,601.1,599.755,600.92
2026-09-23T15:25:00Z,2026-09-23T15:30:00Z,600.93,601.43,600.13,600.2
2026-09-23T15:30:00Z,2026-09-23T15:35:00Z,600.22,600.485,599.82,599.87
2026-09-23T15:35:00Z,2026-09-23T15:40:00Z,599.86,599.86,598.95,599.215
2026-09-23T15:40:00Z,2026-09-23T15:45:00Z,599.19,599.965,599.08,599.925
2026-09-23T15:45:00Z,2026-09-23T15:50:00Z,599.925,599.96,597.66,597.845
2026-09-23T15:50:00Z,2026-09-23T15:55:00Z,597.85,598.18,597.19,597.985
2026-09-23T15:55:00Z,2026-09-23T16:00:00Z,597.995,598.085,597.59,597.825
2026-09-23T16:00:00Z,2026-09-23T16:05:00Z,597.815,597.875,597.09,597.4
2026-09-23T16:05:00Z,2026-09-23T16:10:00Z,597.37,598.24,597.32,598.2
2026-09-23T16:10:00Z,2026-09-23T16:15:00Z,598.21,598.355,597.635,597.855
2026-09-23T16:15:00Z,2026-09-23T16:20:00Z,597.845,598.48,597.71,597.885
2026-09-23T16:20:00Z,2026-09-23T16:25:00Z,597.87,597.89,597.075,597.34
2026-09-23T16:25:00Z,2026-09-23T16:30:00Z,597.34,597.74,597.25,597.375
2026-09-23T16:30:00Z,2026-09-23T16:35:00Z,597.375,598.335,597.345,597.9
2026-09-23T16:35:00Z,2026-09-23T16:40:00Z,597.895,598,597.32,597.445
2026-09-23T16:40:00Z,2026-09-23T16:45:00Z,597.455,597.465,596.55,596.725
2026-09-23T16:45:00Z,2026-09-23T16:50:00Z,596.73,597.12,596.17,596.385
2026-09-23T16:50:00Z,2026-09-23T16:55:00Z,596.38,596.39,595.56,595.7
2026-09-23T16:55:00Z,2026-09-23T17:00:00Z,595.69,596.72,595.665,596.43
2026-09-23T17:00:00Z,2026-09-23T17:05:00Z,596.435,596.865,594.725,595.165
2026-09-23T17:05:00Z,2026-09-23T17:10:00Z,595.175,595.63,594.87,595.495
2026-09-23T17:10:00Z,2026-09-23T17:15:00Z,595.455,595.545,594.78,595.335
2026-09-23T17:15:00Z,2026-09-23T17:20:00Z,595.33,597.165,595.31,597.1
2026-09-23T17:20:00Z,2026-09-23T17:25:00Z,597.09,597.395,596.545,596.625
2026-09-23T17:25:00Z,2026-09-23T17:30:00Z,596.635,597.125,596.515,596.705
2026-09-23T17:30:00Z,2026-09-23T17:35:00Z,596.71,597.84,596.465,597.745
2026-09-23T17:35:00Z,2026-09-23T17:40:00Z,597.74,597.84,597.31,597.625
2026-09-23T17:40:00Z,2026-09-23T17:45:00Z,597.625,599.56,597.21,599.475
2026-09-23T17:45:00Z,2026-09-23T17:50:00Z,599.49,599.79,599.085,599.63
2026-09-23T17:50:00Z,2026-09-23T17:55:00Z,599.635,599.965,599.31,599.79
2026-09-23T17:55:00Z,2026-09-23T18:00:00Z,599.8,599.985,599.51,599.98
2026-09-23T18:00:00Z,2026-09-23T18:05:00Z,599.975,600.215,598.865,598.91
2026-09-23T18:05:00Z,2026-09-23T18:10:00Z,598.925,599.975,598.89,599.435
2026-09-23T18:10:00Z,2026-09-23T18:15:00Z,599.445,599.65,599.2,599.58
2026-09-23T18:15:00Z,2026-09-23T18:20:00Z,599.555,600.465,599.42,600.12
2026-09-23T18:20:00Z,2026-09-23T18:25:00Z,600.115,600.25,599.75,600.17
2026-09-23T18:25:00Z,2026-09-23T18:30:00Z,600.175,600.375,599.99,600.115
2026-09-23T18:30:00Z,2026-09-23T18:35:00Z,600.095,600.17,599.605,600.025
2026-09-23T18:35:00Z,2026-09-23T18:40:00Z,600.04,600.275,599.535,599.62
2026-09-23T18:40:00Z,2026-09-23T18:45:00Z,599.645,599.99,599.39,599.86
2026-09-23T18:45:00Z,2026-09-23T18:50:00Z,599.855,600.305,599.555,600.235
2026-09-23T18:50:00Z,2026-09-23T18:55:00Z,600.21,600.365,599.835,599.87
2026-09-23T18:55:00Z,2026-09-23T19:00:00Z,599.88,600.575,599.81,600.4
2026-09-23T19:00:00Z,2026-09-23T19:05:00Z,600.39,600.64,599.575,599.65
2026-09-23T19:05:00Z,2026-09-23T19:10:00Z,599.645,601.02,599.55,600.24
2026-09-23T19:10:00Z,2026-09-23T19:15:00Z,600.225,600.43,599.615,599.925
2026-09-23T19:15:00Z,2026-09-23T19:20:00Z,599.93,600.09,599.16,599.74
2026-09-23T19:20:00Z,2026-09-23T19:25:00Z,599.725,600.03,599.6,599.83
2026-09-23T19:25:00Z,2026-09-23T19:30:00Z,599.805,600.095,599.585,599.7
2026-09-23T19:30:00Z,2026-09-23T19:35:00Z,599.74,600.475,599.52,600.45
2026-09-23T19:35:00Z,2026-09-23T19:40:00Z,600.465,600.96,600.17,600.91
2026-09-23T19:40:00Z,2026-09-23T19:45:00Z,600.92,601.2,600.05,600.325
2026-09-23T19:45:00Z,2026-09-23T19:50:00Z,600.32,600.775,600.02,600.6
2026-09-23T19:50:00Z,2026-09-23T19:55:00Z,600.605,600.605,598.955,599.185
2026-09-23T19:55:00Z,2026-09-23T20:00:00Z,599.175,601.295,599.175,601.06
2026-09-24T13:30:00Z,2026-09-24T13:35:00Z,591.675,591.765,588.965,590.155
2026-09-24T13:35:00Z,2026-09-24T13:40:00Z,590.15,593.465,589.88,593.095
2026-09-24T13:40:00Z,2026-09-24T13:45:00Z,593.09,593.515,591.905,593.425
2026-09-24T13:45:00Z,2026-09-24T13:50:00Z,593.435,596.295,593.43,594.085
2026-09-24T13:50:00Z,2026-09-24T13:55:00Z,594.125,594.925,592.09,592.465
2026-09-24T13:55:00Z,2026-09-24T14:00:00Z,592.435,593.59,591.95,593.355
2026-09-24T14:00:00Z,2026-09-24T14:05:00Z,593.365,594.85,593.095,594.67
2026-09-24T14:05:00Z,2026-09-24T14:10:00Z,594.665,594.79,593.295,593.295
2026-09-24T14:10:00Z,2026-09-24T14:15:00Z,593.375,593.57,592.54,593.37
2026-09-24T14:15:00Z,2026-09-24T14:20:00Z,593.35,593.9,592.51,593.03
2026-09-24T14:20:00Z,2026-09-24T14:25:00Z,593.05,593.855,592.98,593.235
2026-09-24T14:25:00Z,2026-09-24T14:30:00Z,593.24,594.565,593.19,594.565
2026-09-24T14:30:00Z,2026-09-24T14:35:00Z,594.515,595.215,593.83,594.895
2026-09-24T14:35:00Z,2026-09-24T14:40:00Z,594.89,594.98,592.975,593.325
2026-09-24T14:40:00Z,2026-09-24T14:45:00Z,593.36,594.06,592.57,592.65
2026-09-24T14:45:00Z,2026-09-24T14:50:00Z,592.68,593.495,592.53,592.84
2026-09-24T14:50:00Z,2026-09-24T14:55:00Z,592.835,593.185,591.395,591.865
2026-09-24T14:55:00Z,2026-09-24T15:00:00Z,591.875,591.935,591.145,591.42
2026-09-24T15:00:00Z,2026-09-24T15:05:00Z,591.415,592.48,591.405,592.055
2026-09-24T15:05:00Z,2026-09-24T15:10:00Z,592.035,592.29,590.825,590.9
2026-09-24T15:10:00Z,2026-09-24T15:15:00Z,590.85,591.695,590.845,591.295
2026-09-24T15:15:00Z,2026-09-24T15:20:00Z,591.29,592.23,591.06,591.26
2026-09-24T15:20:00Z,2026-09-24T15:25:00Z,591.245,592.61,591.05,592.585
2026-09-24T15:25:00Z,2026-09-24T15:30:00Z,592.59,592.635,591.565,591.72
2026-09-24T15:30:00Z,2026-09-24T15:35:00Z,591.73,592.08,591.335,591.975
2026-09-24T15:35:00Z,2026-09-24T15:40:00Z,591.985,592.405,591.715,592.055
2026-09-24T15:40:00Z,2026-09-24T15:45:00Z,592.09,592.925,591.855,592.805
2026-09-24T15:45:00Z,2026-09-24T15:50:00Z,592.83,593.215,592.395,592.565
2026-09-24T15:50:00Z,2026-09-24T15:55:00Z,592.55,593.98,592.535,593.86
2026-09-24T15:55:00Z,2026-09-24T16:00:00Z,593.865,594.02,593.235,593.245
2026-09-24T16:00:00Z,2026-09-24T16:05:00Z,593.24,593.32,592.18,592.785
2026-09-24T16:05:00Z,2026-09-24T16:10:00Z,592.795,592.815,592.11,592.34
2026-09-24T16:10:00Z,2026-09-24T16:15:00Z,592.345,592.965,591.945,592.955
2026-09-24T16:15:00Z,2026-09-24T16:20:00Z,593.055,598.775,593.045,597.54
2026-09-24T16:20:00Z,2026-09-24T16:25:00Z,597.545,598.66,596.695,597.475
2026-09-24T16:25:00Z,2026-09-24T16:30:00Z,597.48,597.66,596.305,597.17
2026-09-24T16:30:00Z,2026-09-24T16:35:00Z,597.16,597.47,596.585,597.175
2026-09-24T16:35:00Z,2026-09-24T16:40:00Z,597.18,599.515,597.1,599.245
2026-09-24T16:40:00Z,2026-09-24T16:45:00Z,599.245,601.4,599.08,599.805
2026-09-24T16:45:00Z,2026-09-24T16:50:00Z,599.815,600.615,599.005,600.45
2026-09-24T16:50:00Z,2026-09-24T16:55:00Z,600.46,601.13,599.61,599.94
2026-09-24T16:55:00Z,2026-09-24T17:00:00Z,599.93,601.175,599.79,600.86
2026-09-24T17:00:00Z,2026-09-24T17:05:00Z,600.79,601.675,599.98,601.505
2026-09-24T17:05:00Z,2026-09-24T17:10:00Z,601.5,601.99,600.985,601.07
2026-09-24T17:10:00Z,2026-09-24T17:15:00Z,601.07,601.095,599.69,600.35
2026-09-24T17:15:00Z,2026-09-24T17:20:00Z,600.355,600.435,599.175,599.185
2026-09-24T17:20:00Z,2026-09-24T17:25:00Z,599.18,599.525,598.755,598.915
2026-09-24T17:25:00Z,2026-09-24T17:30:00Z,598.92,599.12,597.965,598.78
2026-09-24T17:30:00Z,2026-09-24T17:35:00Z,598.765,599.51,598.575,598.615
2026-09-24T17:35:00Z,2026-09-24T17:40:00Z,598.61,598.935,598.14,598.525
2026-09-24T17:40:00Z,2026-09-24T17:45:00Z,598.52,598.94,597.29,597.305
2026-09-24T17:45:00Z,2026-09-24T17:50:00Z,597.3,598.41,597.065,598.23
2026-09-24T17:50:00Z,2026-09-24T17:55:00Z,598.225,598.285,596.865,597.135
2026-09-24T17:55:00Z,2026-09-24T18:00:00Z,597.14,597.825,596.975,597.505
2026-09-24T18:00:00Z,2026-09-24T18:05:00Z,597.51,597.535,595.14,595.195
2026-09-24T18:05:00Z,2026-09-24T18:10:00Z,595.165,596.73,595.07,596.49
2026-09-24T18:10:00Z,2026-09-24T18:15:00Z,596.545,597.29,596.545,597.065
2026-09-24T18:15:00Z,2026-09-24T18:20:00Z,597.07,597.91,597.01,597.4
2026-09-24T18:20:00Z,2026-09-24T18:25:00Z,597.445,597.905,596.985,597.865
2026-09-24T18:25:00Z,2026-09-24T18:30:00Z,597.825,598.97,597.775,598.43
2026-09-24T18:30:00Z,2026-09-24T18:35:00Z,598.415,598.695,597.855,597.875
2026-09-24T18:35:00Z,2026-09-24T18:40:00Z,597.87,599.8,597.445,598.93
2026-09-24T18:40:00Z,2026-09-24T18:45:00Z,598.935,598.935,597.89,598.27
2026-09-24T18:45:00Z,2026-09-24T18:50:00Z,598.265,598.85,598.22,598.71
2026-09-24T18:50:00Z,2026-09-24T18:55:00Z,598.73,599.69,598.625,599.515
2026-09-24T18:55:00Z,2026-09-24T19:00:00Z,599.52,600.395,599.52,600.05
2026-09-24T19:00:00Z,2026-09-24T19:05:00Z,600.055,600.145,598.855,599.095
2026-09-24T19:05:00Z,2026-09-24T19:10:00Z,599.09,599.505,598.965,599.185
2026-09-24T19:10:00Z,2026-09-24T19:15:00Z,599.185,599.33,598.5,598.52
2026-09-24T19:15:00Z,2026-09-24T19:20:00Z,598.515,599.815,598.515,599.65
2026-09-24T19:20:00Z,2026-09-24T19:25:00Z,599.65,599.93,599.42,599.78
2026-09-24T19:25:00Z,2026-09-24T19:30:00Z,599.79,600.045,599.115,599.14
2026-09-24T19:30:00Z,2026-09-24T19:35:00Z,599.215,599.925,599.07,599.885
2026-09-24T19:35:00Z,2026-09-24T19:40:00Z,599.875,599.97,599.51,599.77
2026-09-24T19:40:00Z,2026-09-24T19:45:00Z,599.76,599.905,599.32,599.725
2026-09-24T19:45:00Z,2026-09-24T19:50:00Z,599.72,599.9,599.57,599.66
2026-09-24T19:50:00Z,2026-09-24T19:55:00Z,599.65,600.655,599.65,600.58
2026-09-24T19:55:00Z,2026-09-24T20:00:00Z,600.575,600.795,600.235,600.655
2026-09-25T13:30:00Z,2026-09-25T13:35:00Z,605.315,606.9,603.26,606.89
2026-09-25T13:35:00Z,2026-09-25T13:40:00Z,606.895,607.73,606.44,607.505
2026-09-25T13:40:00Z,2026-09-25T13:45:00Z,607.5,607.98,606.55,607.495
2026-09-25T13:45:00Z,2026-09-25T13:50:00Z,607.52,607.91,606.48,607.23
2026-09-25T13:50:00Z,2026-09-25T13:55:00Z,607.23,609.27,606.745,609.18
2026-09-25T13:55:00Z,2026-09-25T14:00:00Z,609.18,609.62,608.285,608.905
2026-09-25T14:00:00Z,2026-09-25T14:05:00Z,608.915,609.4,606.825,607.03
2026-09-25T14:05:00Z,2026-09-25T14:10:00Z,607.025,607.08,605.25,606.86
2026-09-25T14:10:00Z,2026-09-25T14:15:00Z,606.865,608.16,605.21,605.23
2026-09-25T14:15:00Z,2026-09-25T14:20:00Z,605.205,605.205,602.465,603.225
2026-09-25T14:20:00Z,2026-09-25T14:25:00Z,603.235,604.465,602.865,604.245
2026-09-25T14:25:00Z,2026-09-25T14:30:00Z,604.265,604.635,602.535,602.655
2026-09-25T14:30:00Z,2026-09-25T14:35:00Z,602.66,604.5,602.28,604.375
2026-09-25T14:35:00Z,2026-09-25T14:40:00Z,604.37,604.74,604.1,604.55
2026-09-25T14:40:00Z,2026-09-25T14:45:00Z,604.55,604.695,602.82,604.13
2026-09-25T14:45:00Z,2026-09-25T14:50:00Z,604.115,605.61,603.42,605.48
2026-09-25T14:50:00Z,2026-09-25T14:55:00Z,605.47,605.475,604.285,605.25
2026-09-25T14:55:00Z,2026-09-25T15:00:00Z,605.255,606.49,605.21,606.4
2026-09-25T15:00:00Z,2026-09-25T15:05:00Z,606.405,607.3,605.965,606.95
2026-09-25T15:05:00Z,2026-09-25T15:10:00Z,606.955,607.185,606.35,606.395
2026-09-25T15:10:00Z,2026-09-25T15:15:00Z,606.39,606.41,605.345,605.92
2026-09-25T15:15:00Z,2026-09-25T15:20:00Z,605.91,606.57,605.72,605.965
2026-09-25T15:20:00Z,2026-09-25T15:25:00Z,605.975,606.505,605.67,605.745
2026-09-25T15:25:00Z,2026-09-25T15:30:00Z,605.755,605.845,604.96,605.245
2026-09-25T15:30:00Z,2026-09-25T15:35:00Z,605.27,606.42,604.78,604.87
2026-09-25T15:35:00Z,2026-09-25T15:40:00Z,604.85,605.14,603.045,603.495
2026-09-25T15:40:00Z,2026-09-25T15:45:00Z,603.5,604.175,603.13,603.19
2026-09-25T15:45:00Z,2026-09-25T15:50:00Z,603.185,604.48,602.91,604.415
2026-09-25T15:50:00Z,2026-09-25T15:55:00Z,604.42,604.57,603.155,604.38
2026-09-25T15:55:00Z,2026-09-25T16:00:00Z,604.39,606.435,604.28,606.305
2026-09-25T16:00:00Z,2026-09-25T16:05:00Z,606.315,608.16,606.005,608.135
2026-09-25T16:05:00Z,2026-09-25T16:10:00Z,608.13,609.015,607.675,608.995
2026-09-25T16:10:00Z,2026-09-25T16:15:00Z,609.02,609.54,607.96,608.33
2026-09-25T16:15:00Z,2026-09-25T16:20:00Z,608.32,609.33,607.71,608.005
2026-09-25T16:20:00Z,2026-09-25T16:25:00Z,607.98,608.045,606.62,607.23
2026-09-25T16:25:00Z,2026-09-25T16:30:00Z,607.205,608.59,607.105,608.485
2026-09-25T16:30:00Z,2026-09-25T16:35:00Z,608.5,608.685,607.195,607.63
2026-09-25T16:35:00Z,2026-09-25T16:40:00Z,607.64,608.805,607.615,608.08
2026-09-25T16:40:00Z,2026-09-25T16:45:00Z,608.08,608.585,607.8,608.28
2026-09-25T16:45:00Z,2026-09-25T16:50:00Z,608.285,608.53,607.365,607.835
2026-09-25T16:50:00Z,2026-09-25T16:55:00Z,607.825,608.175,607.525,607.735
2026-09-25T16:55:00Z,2026-09-25T17:00:00Z,607.725,607.905,606.835,607.245
2026-09-25T17:00:00Z,2026-09-25T17:05:00Z,607.245,608.325,607.19,607.99
2026-09-25T17:05:00Z,2026-09-25T17:10:00Z,607.99,608.45,607.845,608.425
2026-09-25T17:10:00Z,2026-09-25T17:15:00Z,608.42,608.65,607.835,608.62
2026-09-25T17:15:00Z,2026-09-25T17:20:00Z,608.625,608.745,608.085,608.155
2026-09-25T17:20:00Z,2026-09-25T17:25:00Z,608.17,608.26,608.025,608.135
2026-09-25T17:25:00Z,2026-09-25T17:30:00Z,608.13,608.165,607.675,607.77
2026-09-25T17:30:00Z,2026-09-25T17:35:00Z,607.795,607.865,607.035,607.205
2026-09-25T17:35:00Z,2026-09-25T17:40:00Z,607.215,607.68,606.72,607.41
2026-09-25T17:40:00Z,2026-09-25T17:45:00Z,607.435,607.88,607.28,607.715
2026-09-25T17:45:00Z,2026-09-25T17:50:00Z,607.695,607.895,607.495,607.815
2026-09-25T17:50:00Z,2026-09-25T17:55:00Z,607.815,607.85,607.045,607.21
2026-09-25T17:55:00Z,2026-09-25T18:00:00Z,607.285,607.635,607.225,607.48
2026-09-25T18:00:00Z,2026-09-25T18:05:00Z,607.485,607.58,607.23,607.26
2026-09-25T18:05:00Z,2026-09-25T18:10:00Z,607.24,607.655,607.11,607.6
2026-09-25T18:10:00Z,2026-09-25T18:15:00Z,607.595,608.07,607.37,608.03
2026-09-25T18:15:00Z,2026-09-25T18:20:00Z,608.04,608.105,607.59,607.735
2026-09-25T18:20:00Z,2026-09-25T18:25:00Z,607.725,608.085,607.635,608.035
2026-09-25T18:25:00Z,2026-09-25T18:30:00Z,608.04,608.055,606.625,607.11
2026-09-25T18:30:00Z,2026-09-25T18:35:00Z,607.14,607.49,607.05,607.19
2026-09-25T18:35:00Z,2026-09-25T18:40:00Z,607.19,607.36,606.415,606.42
2026-09-25T18:40:00Z,2026-09-25T18:45:00Z,606.455,606.91,606.26,606.9
2026-09-25T18:45:00Z,2026-09-25T18:50:00Z,606.905,607.005,606.48,606.72
2026-09-25T18:50:00Z,2026-09-25T18:55:00Z,606.725,606.735,606.21,606.26
2026-09-25T18:55:00Z,2026-09-25T19:00:00Z,606.27,606.465,606.045,606.075
2026-09-25T19:00:00Z,2026-09-25T19:05:00Z,606.08,606.645,605.675,606.54
2026-09-25T19:05:00Z,2026-09-25T19:10:00Z,606.54,606.965,606.51,606.7
2026-09-25T19:10:00Z,2026-09-25T19:15:00Z,606.695,607.155,606.58,607.11
2026-09-25T19:15:00Z,2026-09-25T19:20:00Z,607.12,607.205,606.745,606.745
2026-09-25T19:20:00Z,2026-09-25T19:25:00Z,606.75,606.96,606.495,606.8
2026-09-25T19:25:00Z,2026-09-25T19:30:00Z,606.78,606.9,606.41,606.73
2026-09-25T19:30:00Z,2026-09-25T19:35:00Z,606.74,606.74,605.795,605.795
2026-09-25T19:35:00Z,2026-09-25T19:40:00Z,605.8,606.52,605.45,606.385
2026-09-25T19:40:00Z,2026-09-25T19:45:00Z,606.39,606.85,606.13,606.695
2026-09-25T19:45:00Z,2026-09-25T19:50:00Z,606.705,607.485,606.705,607.38
2026-09-25T19:50:00Z,2026-09-25T19:55:00Z,607.36,608.01,607.21,607.46
2026-09-25T19:55:00Z,2026-09-25T20:00:00Z,607.445,607.685,606.44,606.63
2026-09-28T13:30:00Z,2026-09-28T13:35:00Z,605.155,607.955,604.29,605.045
2026-09-28T13:35:00Z,2026-09-28T13:40:00Z,605.035,605.055,602.62,603.27
2026-09-28T13:40:00Z,2026-09-28T13:45:00Z,603.245,603.755,601.36,601.57
2026-09-28T13:45:00Z,2026-09-28T13:50:00Z,601.575,602.625,600.92,602.18
2026-09-28T13:50:00Z,2026-09-28T13:55:00Z,602.175,602.47,599.93,602.24
2026-09-28T13:55:00Z,2026-09-28T14:00:00Z,602.235,602.9,601.435,602.225
2026-09-28T14:00:00Z,2026-09-28T14:05:00Z,602.245,602.57,600.435,600.51
2026-09-28T14:05:00Z,2026-09-28T14:10:00Z,600.53,600.6,599.58,599.785
2026-09-28T14:10:00Z,2026-09-28T14:15:00Z,599.78,599.78,596.825,597.12
2026-09-28T14:15:00Z,2026-09-28T14:20:00Z,597.125,599.46,597.105,599.19
2026-09-28T14:20:00Z,2026-09-28T14:25:00Z,599.185,600.295,598.56,599.61
2026-09-28T14:25:00Z,2026-09-28T14:30:00Z,599.605,599.605,598.44,598.635
2026-09-28T14:30:00Z,2026-09-28T14:35:00Z,598.63,599.605,598.38,599.165
2026-09-28T14:35:00Z,2026-09-28T14:40:00Z,599.14,599.255,596.855,597.51
2026-09-28T14:40:00Z,2026-09-28T14:45:00Z,597.55,598.035,594.615,594.795
2026-09-28T14:45:00Z,2026-09-28T14:50:00Z,594.84,594.995,591.935,593.055
2026-09-28T14:50:00Z,2026-09-28T14:55:00Z,593.04,593.835,592.33,592.94
2026-09-28T14:55:00Z,2026-09-28T15:00:00Z,592.88,594.565,592.76,594.095
2026-09-28T15:00:00Z,2026-09-28T15:05:00Z,594.2,594.87,593.815,594.56
2026-09-28T15:05:00Z,2026-09-28T15:10:00Z,594.565,595.65,593.88,595.35
2026-09-28T15:10:00Z,2026-09-28T15:15:00Z,595.35,595.495,594.425,594.64
2026-09-28T15:15:00Z,2026-09-28T15:20:00Z,594.64,594.64,593.245,593.93
2026-09-28T15:20:00Z,2026-09-28T15:25:00Z,593.94,594.655,593.275,594.505
2026-09-28T15:25:00Z,2026-09-28T15:30:00Z,594.51,595.785,594.365,595.68
2026-09-28T15:30:00Z,2026-09-28T15:35:00Z,595.665,595.975,595.275,595.93
2026-09-09T16:55:00Z,2026-09-09T17:00:00Z,574.56,574.855,574.365,574.44
2026-09-09T17:00:00Z,2026-09-09T17:05:00Z,574.43,574.97,574.015,574.44
2026-09-09T17:05:00Z,2026-09-09T17:10:00Z,574.42,575.17,574.42,574.78
2026-09-09T17:10:00Z,2026-09-09T17:15:00Z,574.745,575.405,574.605,575.26
2026-09-09T17:15:00Z,2026-09-09T17:20:00Z,575.25,575.425,574.845,574.85
2026-09-09T17:20:00Z,2026-09-09T17:25:00Z,574.855,574.945,574.62,574.68
2026-09-09T17:25:00Z,2026-09-09T17:30:00Z,574.695,574.73,574.22,574.3
2026-09-09T17:30:00Z,2026-09-09T17:35:00Z,574.335,574.385,573.66,574.19
2026-09-09T17:35:00Z,2026-09-09T17:40:00Z,574.2,574.345,573.55,573.7
2026-09-09T17:40:00Z,2026-09-09T17:45:00Z,573.735,574.23,573.7,574.175
2026-09-09T17:45:00Z,2026-09-09T17:50:00Z,574.18,574.91,574.17,574.83
2026-09-09T17:50:00Z,2026-09-09T17:55:00Z,574.825,575.065,574.63,575.03
2026-09-09T17:55:00Z,2026-09-09T18:00:00Z,575.025,575.025,574.46,574.495
2026-09-09T18:00:00Z,2026-09-09T18:05:00Z,574.485,574.825,574.425,574.63
2026-09-09T18:05:00Z,2026-09-09T18:10:00Z,574.66,574.745,574.27,574.415
2026-09-09T18:10:00Z,2026-09-09T18:15:00Z,574.41,574.54,574.05,574.3
2026-09-09T18:15:00Z,2026-09-09T18:20:00Z,574.305,574.525,574.125,574.14
2026-09-09T18:20:00Z,2026-09-09T18:25:00Z,574.145,574.205,573.875,574.065
2026-09-09T18:25:00Z,2026-09-09T18:30:00Z,574.075,574.37,573.815,574.06
2026-09-09T18:30:00Z,2026-09-09T18:35:00Z,574.05,574.36,573.955,574.1
2026-09-09T18:35:00Z,2026-09-09T18:40:00Z,574.085,574.375,574.08,574.225
2026-09-09T18:40:00Z,2026-09-09T18:45:00Z,574.23,574.265,573.885,574.09
2026-09-09T18:45:00Z,2026-09-09T18:50:00Z,574.085,574.21,573.7,573.8
2026-09-09T18:50:00Z,2026-09-09T18:55:00Z,573.79,573.815,573.3,573.525
2026-09-09T18:55:00Z,2026-09-09T19:00:00Z,573.51,573.585,572.86,572.88
2026-09-09T19:00:00Z,2026-09-09T19:05:00Z,572.91,573.24,572.59,572.995
2026-09-09T19:05:00Z,2026-09-09T19:10:00Z,573,573.78,572.83,573.69
2026-09-09T19:10:00Z,2026-09-09T19:15:00Z,573.695,573.765,573.38,573.525
2026-09-09T19:15:00Z,2026-09-09T19:20:00Z,573.52,574.35,573.52,574.255
2026-09-09T19:20:00Z,2026-09-09T19:25:00Z,574.25,574.48,573.98,574.115
2026-09-09T19:25:00Z,2026-09-09T19:30:00Z,574.12,574.16,573.33,573.33
2026-09-09T19:30:00Z,2026-09-09T19:35:00Z,573.335,573.575,573.19,573.235
2026-09-09T19:35:00Z,2026-09-09T19:40:00Z,573.24,573.425,573.05,573.28
2026-09-09T19:40:00Z,2026-09-09T19:45:00Z,573.275,573.42,573.12,573.265
2026-09-09T19:45:00Z,2026-09-09T19:50:00Z,573.26,573.665,573.26,573.525
2026-09-09T19:50:00Z,2026-09-09T19:55:00Z,573.51,573.855,573.115,573.46
2026-09-09T19:55:00Z,2026-09-09T20:00:00Z,573.475,574.34,572.975,574.315
2026-09-10T13:30:00Z,2026-09-10T13:35:00Z,561.355,563.72,559.12,559.65
2026-09-10T13:35:00Z,2026-09-10T13:40:00Z,559.71,562.445,559.57,562.27
2026-09-10T13:40:00Z,2026-09-10T13:45:00Z,562.255,563.245,560.06,560.08
2026-09-10T13:45:00Z,2026-09-10T13:50:00Z,560.105,561.61,559.455,560.855
2026-09-10T13:50:00Z,2026-09-10T13:55:00Z,560.86,560.915,557.58,557.68
2026-09-10T13:55:00Z,2026-09-10T14:00:00Z,557.675,558.49,557.1,557.435
2026-09-10T14:00:00Z,2026-09-10T14:05:00Z,557.445,560.755,557.305,559.81
2026-09-10T14:05:00Z,2026-09-10T14:10:00Z,559.805,560.18,558.955,560.17
2026-09-10T14:10:00Z,2026-09-10T14:15:00Z,560.155,560.825,559.225,559.335
2026-09-10T14:15:00Z,2026-09-10T14:20:00Z,559.33,560.34,558.775,560.195
2026-09-10T14:20:00Z,2026-09-10T14:25:00Z,560.21,563.215,560.05,562.63
2026-09-10T14:25:00Z,2026-09-10T14:30:00Z,562.575,563.455,561.365,562.025
2026-09-10T14:30:00Z,2026-09-10T14:35:00Z,562.015,563.155,561.91,562.615
2026-09-10T14:35:00Z,2026-09-10T14:40:00Z,562.585,564.64,562.565,563.72
2026-09-10T14:40:00Z,2026-09-10T14:45:00Z,563.74,564.13,562.675,562.9
2026-09-10T14:45:00Z,2026-09-10T14:50:00Z,562.895,563.41,562.235,562.825
2026-09-10T14:50:00Z,2026-09-10T14:55:00Z,562.82,563.805,562.475,563.805
2026-09-10T14:55:00Z,2026-09-10T15:00:00Z,563.8,564.38,563.165,564.38
2026-09-10T15:00:00Z,2026-09-10T15:05:00Z,564.415,564.515,563.215,563.635
2026-09-10T15:05:00Z,2026-09-10T15:10:00Z,563.65,564.735,563.65,563.96
2026-09-10T15:10:00Z,2026-09-10T15:15:00Z,563.96,565.125,563.96,564.66
2026-09-10T15:15:00Z,2026-09-10T15:20:00Z,564.66,564.865,563.065,563.635
2026-09-10T15:20:00Z,2026-09-10T15:25:00Z,563.63,563.915,563.05,563.675
2026-09-10T15:25:00Z,2026-09-10T15:30:00Z,563.67,564.73,563.505,564.055
2026-09-10T15:30:00Z,2026-09-10T15:35:00Z,564.055,564.51,563.56,564.47
2026-09-10T15:35:00Z,2026-09-10T15:40:00Z,564.475,564.945,563.97,564.345
2026-09-10T15:40:00Z,2026-09-10T15:45:00Z,564.335,564.95,563.875,564.945
2026-09-10T15:45:00Z,2026-09-10T15:50:00Z,564.95,565.04,564.015,564.565
2026-09-10T15:50:00Z,2026-09-10T15:55:00Z,564.525,565.175,564.165,564.28
2026-09-10T15:55:00Z,2026-09-10T16:00:00Z,564.285,564.71,563.61,564.445
2026-09-10T16:00:00Z,2026-09-10T16:05:00Z,564.43,564.895,564.035,564.115
2026-09-10T16:05:00Z,2026-09-10T16:10:00Z,564.125,564.52,563.42,563.555
2026-09-10T16:10:00Z,2026-09-10T16:15:00Z,563.57,563.895,562.765,562.83
2026-09-10T16:15:00Z,2026-09-10T16:20:00Z,562.84,563.4,562.04,562.255
2026-09-10T16:20:00Z,2026-09-10T16:25:00Z,562.31,562.8,562.305,562.545
2026-09-10T16:25:00Z,2026-09-10T16:30:00Z,562.54,562.565,561.31,561.845
2026-09-10T16:30:00Z,2026-09-10T16:35:00Z,561.83,562.395,561.235,561.25
2026-09-10T16:35:00Z,2026-09-10T16:40:00Z,561.23,561.575,560.555,561.41
2026-09-10T16:40:00Z,2026-09-10T16:45:00Z,561.4,562.535,561.4,562.53
2026-09-10T16:45:00Z,2026-09-10T16:50:00Z,562.515,563.46,562.505,562.83
2026-09-10T16:50:00Z,2026-09-10T16:55:00Z,562.825,563.78,562.825,563.775
2026-09-10T16:55:00Z,2026-09-10T17:00:00Z,563.785,563.985,563.485,563.885
2026-09-10T17:00:00Z,2026-09-10T17:05:00Z,563.865,564.985,563.635,563.985
2026-09-10T17:05:00Z,2026-09-10T17:10:00Z,563.99,564.65,563.94,564.215
2026-09-10T17:10:00Z,2026-09-10T17:15:00Z,564.215,564.66,563.67,563.695
2026-09-10T17:15:00Z,2026-09-10T17:20:00Z,563.695,563.84,563.505,563.63
2026-09-10T17:20:00Z,2026-09-10T17:25:00Z,563.635,563.67,563.035,563.185
2026-09-10T17:25:00Z,2026-09-10T17:30:00Z,563.215,563.395,562.82,563.26
2026-09-10T17:30:00Z,2026-09-10T17:35:00Z,563.255,563.42,562.77,562.89
2026-09-10T17:35:00Z,2026-09-10T17:40:00Z,562.9,563.25,562.21,562.235
2026-09-10T17:40:00Z,2026-09-10T17:45:00Z,562.23,562.88,562.205,562.88
2026-09-10T17:45:00Z,2026-09-10T17:50:00Z,562.885,562.91,562.525,562.585
2026-09-10T17:50:00Z,2026-09-10T17:55:00Z,562.59,562.97,562.54,562.895
2026-09-10T17:55:00Z,2026-09-10T18:00:00Z,562.92,563.06,562.49,562.89
2026-09-10T18:00:00Z,2026-09-10T18:05:00Z,562.885,563.355,562.075,562.095
2026-09-10T18:05:00Z,2026-09-10T18:10:00Z,562.105,562.595,561.77,561.885
2026-09-10T18:10:00Z,2026-09-10T18:15:00Z,561.89,562.28,561.625,562.19
2026-09-10T18:15:00Z,2026-09-10T18:20:00Z,562.185,562.295,561.755,562.22
2026-09-10T18:20:00Z,2026-09-10T18:25:00Z,562.225,562.69,562.025,562.16
2026-09-10T18:25:00Z,2026-09-10T18:30:00Z,562.165,562.34,561.8,561.94
2026-09-10T18:30:00Z,2026-09-10T18:35:00Z,561.945,562.035,561.605,561.955
2026-09-10T18:35:00Z,2026-09-10T18:40:00Z,561.93,562.22,561.72,562.2
2026-09-10T18:40:00Z,2026-09-10T18:45:00Z,562.195,562.195,561.765,562.005
2026-09-10T18:45:00Z,2026-09-10T18:50:00Z,562,562.24,561.39,561.65
2026-09-10T18:50:00Z,2026-09-10T18:55:00Z,561.645,562.685,561.38,562.175
2026-09-10T18:55:00Z,2026-09-10T19:00:00Z,562.2,562.425,562.055,562.365
2026-09-10T19:00:00Z,2026-09-10T19:05:00Z,562.38,562.635,561.655,561.755
2026-09-10T19:05:00Z,2026-09-10T19:10:00Z,561.765,561.93,560.735,561.38
2026-09-10T19:10:00Z,2026-09-10T19:15:00Z,561.365,561.56,560.725,561.23
2026-09-10T19:15:00Z,2026-09-10T19:20:00Z,561.225,561.6,560.93,561.36
2026-09-10T19:20:00Z,2026-09-10T19:25:00Z,561.35,561.875,561.21,561.815
2026-09-10T19:25:00Z,2026-09-10T19:30:00Z,561.81,562.385,561.81,562.275
2026-09-10T19:30:00Z,2026-09-10T19:35:00Z,562.28,562.615,561.885,562.415
2026-09-10T19:35:00Z,2026-09-10T19:40:00Z,562.395,562.395,561.57,562.02
2026-09-10T19:40:00Z,2026-09-10T19:45:00Z,562.02,562.37,561.695,561.71
2026-09-10T19:45:00Z,2026-09-10T19:50:00Z,561.705,562.175,561.705,561.97
2026-09-10T19:50:00Z,2026-09-10T19:55:00Z,561.975,561.985,560.685,560.975
2026-09-10T19:55:00Z,2026-09-10T20:00:00Z,560.965,561.315,560.19,560.28
2026-09-11T13:30:00Z,2026-09-11T13:35:00Z,568.485,568.635,564.64,566.77
2026-09-11T13:35:00Z,2026-09-11T13:40:00Z,566.93,567.315,564.075,567.315
2026-09-11T13:40:00Z,2026-09-11T13:45:00Z,567.42,569.83,566.35,569.7
2026-09-11T13:45:00Z,2026-09-11T13:50:00Z,569.7,571.37,568.92,569.92
2026-09-11T13:50:00Z,2026-09-11T13:55:00Z,569.925,570.065,567.505,569.19
2026-09-11T13:55:00Z,2026-09-11T14:00:00Z,569.185,570,568.085,569.975
2026-09-11T14:00:00Z,2026-09-11T14:05:00Z,569.79,569.93,566.63,566.655
2026-09-11T14:05:00Z,2026-09-11T14:10:00Z,566.68,567.77,566.15,567.455
2026-09-11T14:10:00Z,2026-09-11T14:15:00Z,567.45,568.55,567.415,568.465
2026-09-11T14:15:00Z,2026-09-11T14:20:00Z,568.46,570.06,567.925,569.93
2026-09-11T14:20:00Z,2026-09-11T14:25:00Z,569.935,570.59,569.75,569.88
2026-09-11T14:25:00Z,2026-09-11T14:30:00Z,569.875,571.21,569.875,570.52
2026-09-11T14:30:00Z,2026-09-11T14:35:00Z,570.545,570.645,568.92,569.27
2026-09-11T14:35:00Z,2026-09-11T14:40:00Z,569.265,569.265,567.7,568.315
2026-09-11T14:40:00Z,2026-09-11T14:45:00Z,568.325,568.935,567.13,567.775
2026-09-11T14:45:00Z,2026-09-11T14:50:00Z,567.78,569.065,566.945,569.065
2026-09-11T14:50:00Z,2026-09-11T14:55:00Z,569.07,569.125,568.075,568.29
2026-09-11T14:55:00Z,2026-09-11T15:00:00Z,568.295,569.26,567.8,568.975
2026-09-11T15:00:00Z,2026-09-11T15:05:00Z,569.005,569.875,568.555,569.855
2026-09-11T15:05:00Z,2026-09-11T15:10:00Z,569.825,570.505,569.64,570.315
2026-09-11T15:10:00Z,2026-09-11T15:15:00Z,570.32,570.51,568.78,569.225
2026-09-11T15:15:00Z,2026-09-11T15:20:00Z,569.225,571.055,569.225,570.6
2026-09-11T15:20:00Z,2026-09-11T15:25:00Z,570.625,571.565,570.54,571.56
2026-09-11T15:25:00Z,2026-09-11T15:30:00Z,571.565,572.3,571.51,572.125
2026-09-11T15:30:00Z,2026-09-11T15:35:00Z,572.115,572.81,571.89,572.6
2026-09-11T15:35:00Z,2026-09-11T15:40:00Z,572.59,572.645,571.605,572.005
2026-09-11T15:40:00Z,2026-09-11T15:45:00Z,571.995,572.095,571.29,571.9
2026-09-11T15:45:00Z,2026-09-11T15:50:00Z,571.875,572.2,571.455,572.1
2026-09-11T15:50:00Z,2026-09-11T15:55:00Z,572.105,572.16,571.075,571.355
2026-09-11T15:55:00Z,2026-09-11T16:00:00Z,571.33,571.84,571.03,571.695
2026-09-11T16:00:00Z,2026-09-11T16:05:00Z,571.71,572.365,571.57,572.355
2026-09-11T16:05:00Z,2026-09-11T16:10:00Z,572.365,572.42,571.735,571.96
2026-09-11T16:10:00Z,2026-09-11T16:15:00Z,571.965,572,571.26,571.48
2026-09-11T16:15:00Z,2026-09-11T16:20:00Z,571.485,571.5,570.72,570.89
2026-09-11T16:20:00Z,2026-09-11T16:25:00Z,570.885,570.93,570.15,570.31
2026-09-11T16:25:00Z,2026-09-11T16:30:00Z,570.315,570.725,569.61,569.685
2026-09-11T16:30:00Z,2026-09-11T16:35:00Z,569.675,570.54,569.57,570.075
2026-09-11T16:35:00Z,2026-09-11T16:40:00Z,570.075,570.13,569.12,569.175
2026-09-11T16:40:00Z,2026-09-11T16:45:00Z,569.17,570.59,568.935,570.535
2026-09-11T16:45:00Z,2026-09-11T16:50:00Z,570.545,570.545,569.83,569.86
2026-09-11T16:50:00Z,2026-09-11T16:55:00Z,569.855,570.86,569.83,570.84
2026-09-11T16:55:00Z,2026-09-11T17:00:00Z,570.835,571.235,570.795,571.16
2026-09-11T17:00:00Z,2026-09-11T17:05:00Z,571.155,571.43,571.125,571.155
2026-09-11T17:05:00Z,2026-09-11T17:10:00Z,571.145,571.765,571.13,571.465
2026-09-11T17:10:00Z,2026-09-11T17:15:00Z,571.465,571.585,570.81,570.82
2026-09-11T17:15:00Z,2026-09-11T17:20:00Z,570.825,571.525,570.825,571.405
2026-09-11T17:20:00Z,2026-09-11T17:25:00Z,571.435,571.775,571.3,571.75
2026-09-11T17:25:00Z,2026-09-11T17:30:00Z,571.76,571.925,571.5,571.64
2026-09-11T17:30:00Z,2026-09-11T17:35:00Z,571.66,571.89,571.45,571.52
2026-09-11T17:35:00Z,2026-09-11T17:40:00Z,571.52,572.01,571.52,571.89
2026-09-11T17:40:00Z,2026-09-11T17:45:00Z,571.88,572.245,571.78,572.05
2026-09-11T17:45:00Z,2026-09-11T17:50:00Z,572.055,572.175,571.855,572.055
2026-09-11T17:50:00Z,2026-09-11T17:55:00Z,572.055,572.38,571.995,572.07
2026-09-11T17:55:00Z,2026-09-11T18:00:00Z,572.075,572.14,571.49,571.57
2026-09-11T18:00:00Z,2026-09-11T18:05:00Z,571.58,571.635,571.29,571.485
2026-09-11T18:05:00Z,2026-09-11T18:10:00Z,571.485,571.685,571.285,571.52
2026-09-11T18:10:00Z,2026-09-11T18:15:00Z,571.54,571.565,571.145,571.26
2026-09-11T18:15:00Z,2026-09-11T18:20:00Z,571.265,571.5,571.125,571.47
2026-09-11T18:20:00Z,2026-09-11T18:25:00Z,571.47,571.515,570.825,571.08
2026-09-11T18:25:00Z,2026-09-11T18:30:00Z,571.085,571.45,571.04,571.325
2026-09-11T18:30:00Z,2026-09-11T18:35:00Z,571.335,571.96,571.075,571.865
2026-09-11T18:35:00Z,2026-09-11T18:40:00Z,571.875,571.925,571.33,571.45
2026-09-11T18:40:00Z,2026-09-11T18:45:00Z,571.445,571.73,571.215,571.365
2026-09-11T18:45:00Z,2026-09-11T18:50:00Z,571.37,571.49,570.915,570.945
2026-09-11T18:50:00Z,2026-09-11T18:55:00Z,570.9,571.07,570.535,570.575
2026-09-11T18:55:00Z,2026-09-11T19:00:00Z,570.565,571.28,570.565,570.755
2026-09-11T19:00:00Z,2026-09-11T19:05:00Z,570.77,570.79,569.74,569.8
2026-09-11T19:05:00Z,2026-09-11T19:10:00Z,569.82,570.045,569.44,569.505
2026-09-11T19:10:00Z,2026-09-11T19:15:00Z,569.51,569.67,569.075,569.25
2026-09-11T19:15:00Z,2026-09-11T19:20:00Z,569.24,569.745,569.225,569.475
2026-09-11T19:20:00Z,2026-09-11T19:25:00Z,569.49,569.57,568.98,569.34
2026-09-11T19:25:00Z,2026-09-11T19:30:00Z,569.345,569.585,568.68,568.805
2026-09-11T19:30:00Z,2026-09-11T19:35:00Z,568.8,569.06,568.52,568.85
2026-09-11T19:35:00Z,2026-09-11T19:40:00Z,568.845,568.85,568.405,568.595
2026-09-11T19:40:00Z,2026-09-11T19:45:00Z,568.605,569.01,568.57,568.87
2026-09-11T19:45:00Z,2026-09-11T19:50:00Z,568.865,569.18,568.465,568.78
2026-09-11T19:50:00Z,2026-09-11T19:55:00Z,568.78,569.065,568.45,568.74
2026-09-11T19:55:00Z,2026-09-11T20:00:00Z,568.765,568.775,568.075,568.475
2026-09-14T13:30:00Z,2026-09-14T13:35:00Z,540.285,541,537.825,538.015
2026-09-14T13:35:00Z,2026-09-14T13:40:00Z,538.01,538.965,537.77,538.31
2026-09-14T13:40:00Z,2026-09-14T13:45:00Z,538.315,541.245,538.1,541.065
2026-09-14T13:45:00Z,2026-09-14T13:50:00Z,541.06,545.235,540.92,544.865
2026-09-14T13:50:00Z,2026-09-14T13:55:00Z,544.915,545.015,541.935,542.625
2026-09-14T13:55:00Z,2026-09-14T14:00:00Z,542.595,543.465,541.795,542.335
2026-09-14T14:00:00Z,2026-09-14T14:05:00Z,542.325,543.68,542.055,542.675
2026-09-14T14:05:00Z,2026-09-14T14:10:00Z,542.68,544.725,542.545,544.445
2026-09-14T14:10:00Z,2026-09-14T14:15:00Z,544.44,546.25,544.44,545.095
2026-09-14T14:15:00Z,2026-09-14T14:20:00Z,545.1,545.745,543.915,544.785
2026-09-14T14:20:00Z,2026-09-14T14:25:00Z,544.78,544.845,542.895,543.595
2026-09-14T14:25:00Z,2026-09-14T14:30:00Z,543.59,544.02,542.77,543.36
2026-09-14T14:30:00Z,2026-09-14T14:35:00Z,543.34,543.93,542.65,543.385
2026-09-14T14:35:00Z,2026-09-14T14:40:00Z,543.39,543.39,541.005,541.485
2026-09-14T14:40:00Z,2026-09-14T14:45:00Z,541.495,542.07,541.115,542.06
2026-09-14T14:45:00Z,2026-09-14T14:50:00Z,542.04,542.61,541.235,541.585
2026-09-14T14:50:00Z,2026-09-14T14:55:00Z,541.565,541.69,540.365,540.54
2026-09-14T14:55:00Z,2026-09-14T15:00:00Z,540.53,541.025,540.255,540.895
2026-09-14T15:00:00Z,2026-09-14T15:05:00Z,540.9,541.39,539.97,540.045
2026-09-14T15:05:00Z,2026-09-14T15:10:00Z,540.075,542.835,540.03,540.51
2026-09-14T15:10:00Z,2026-09-14T15:15:00Z,540.565,540.855,540.115,540.135
2026-09-14T15:15:00Z,2026-09-14T15:20:00Z,540.13,541.68,540.045,541.35
2026-09-14T15:20:00Z,2026-09-14T15:25:00Z,541.34,542,540.975,541.79
2026-09-14T15:25:00Z,2026-09-14T15:30:00Z,541.795,542.535,541.685,542.255
2026-09-14T15:30:00Z,2026-09-14T15:35:00Z,542.28,544.63,542.1,544.4
2026-09-14T15:35:00Z,2026-09-14T15:40:00Z,544.405,544.885,543.7,544.54
2026-09-14T15:40:00Z,2026-09-14T15:45:00Z,544.54,545.59,544.335,545.11
2026-09-14T15:45:00Z,2026-09-14T15:50:00Z,545.115,545.21,543.945,543.99
2026-09-14T15:50:00Z,2026-09-14T15:55:00Z,543.985,544.37,543.595,544.03
2026-09-14T15:55:00Z,2026-09-14T16:00:00Z,544.025,544.34,543.705,544.055
2026-09-14T16:00:00Z,2026-09-14T16:05:00Z,544.05,544.09,542.82,542.835
2026-09-14T16:05:00Z,2026-09-14T16:10:00Z,542.82,543.02,542.195,542.255
2026-09-14T16:10:00Z,2026-09-14T16:15:00Z,542.26,542.88,542.215,542.515
2026-09-14T16:15:00Z,2026-09-14T16:20:00Z,542.52,544.8,542.515,544.58
2026-09-14T16:20:00Z,2026-09-14T16:25:00Z,544.59,544.855,543.91,544.5
2026-09-14T16:25:00Z,2026-09-14T16:30:00Z,544.505,544.625,543.64,543.845
2026-09-14T16:30:00Z,2026-09-14T16:35:00Z,543.775,543.96,543.4,543.56
2026-09-14T16:35:00Z,2026-09-14T16:40:00Z,543.565,543.76,543.12,543.56
2026-09-14T16:40:00Z,2026-09-14T16:45:00Z,543.57,544.525,543.09,544.52
2026-09-14T16:45:00Z,2026-09-14T16:50:00Z,544.515,545.965,544.21,545.3
2026-09-14T16:50:00Z,2026-09-14T16:55:00Z,545.29,545.81,544.83,544.875
2026-09-14T16:55:00Z,2026-09-14T17:00:00Z,544.88,545.21,544.455,544.85
2026-09-14T17:00:00Z,2026-09-14T17:05:00Z,544.855,545.22,544.345,544.675
2026-09-14T17:05:00Z,2026-09-14T17:10:00Z,544.685,544.945,544.505,544.8
2026-09-14T17:10:00Z,2026-09-14T17:15:00Z,544.805,545.58,544.71,544.825
2026-09-14T17:15:00Z,2026-09-14T17:20:00Z,544.82,545.03,543.95,544.34
2026-09-14T17:20:00Z,2026-09-14T17:25:00Z,544.35,544.83,544.3,544.7
2026-09-14T17:25:00Z,2026-09-14T17:30:00Z,544.71,544.945,544.33,544.935
2026-09-14T17:30:00Z,2026-09-14T17:35:00Z,544.94,544.965,544.385,544.62
2026-09-14T17:35:00Z,2026-09-14T17:40:00Z,544.615,544.73,544.125,544.69
2026-09-14T17:40:00Z,2026-09-14T17:45:00Z,544.7,544.77,544.295,544.635
2026-09-14T17:45:00Z,2026-09-14T17:50:00Z,544.64,545.1,544.635,544.915
2026-09-14T17:50:00Z,2026-09-14T17:55:00Z,544.93,545.35,544.83,545.18
2026-09-14T17:55:00Z,2026-09-14T18:00:00Z,545.185,545.51,545.07,545.11
2026-09-14T18:00:00Z,2026-09-14T18:05:00Z,545.105,545.765,544.855,545.055
2026-09-14T18:05:00Z,2026-09-14T18:10:00Z,545.055,545.475,544.855,545.31
2026-09-14T18:10:00Z,2026-09-14T18:15:00Z,545.315,545.59,545.01,545.535
2026-09-14T18:15:00Z,2026-09-14T18:20:00Z,545.54,545.795,545.395,545.605
2026-09-14T18:20:00Z,2026-09-14T18:25:00Z,545.595,545.81,545.18,545.37
2026-09-14T18:25:00Z,2026-09-14T18:30:00Z,545.365,545.43,544.825,544.975
2026-09-14T18:30:00Z,2026-09-14T18:35:00Z,544.97,545.6,544.94,545.47
2026-09-14T18:35:00Z,2026-09-14T18:40:00Z,545.48,545.715,545.38,545.56
2026-09-14T18:40:00Z,2026-09-14T18:45:00Z,545.555,546.015,545.355,545.83
2026-09-14T18:45:00Z,2026-09-14T18:50:00Z,545.835,546.09,545.425,545.875
2026-09-14T18:50:00Z,2026-09-14T18:55:00Z,545.865,546.24,545.705,546.155
2026-09-14T18:55:00Z,2026-09-14T19:00:00Z,546.16,546.43,545.92,546.37
2026-09-14T19:00:00Z,2026-09-14T19:05:00Z,546.365,546.73,546.26,546.545
2026-09-14T19:05:00Z,2026-09-14T19:10:00Z,546.515,546.625,545.27,545.75
2026-09-14T19:10:00Z,2026-09-14T19:15:00Z,545.76,545.835,544.72,544.905
2026-09-14T19:15:00Z,2026-09-14T19:20:00Z,544.905,544.95,544.445,544.94
2026-09-14T19:20:00Z,2026-09-14T19:25:00Z,544.93,545.025,544.275,544.635
2026-09-14T19:25:00Z,2026-09-14T19:30:00Z,544.61,544.88,544.17,544.215
2026-09-14T19:30:00Z,2026-09-14T19:35:00Z,544.185,544.46,542.995,543.285
2026-09-14T19:35:00Z,2026-09-14T19:40:00Z,543.28,543.285,542.345,542.475
2026-09-14T19:40:00Z,2026-09-14T19:45:00Z,542.485,542.985,542.435,542.845
2026-09-14T19:45:00Z,2026-09-14T19:50:00Z,542.84,543.165,542.42,543.05
2026-09-14T19:50:00Z,2026-09-14T19:55:00Z,543.05,543.05,541.51,542.31
2026-09-14T19:55:00Z,2026-09-14T20:00:00Z,542.29,542.34,540.755,540.765
2026-09-15T13:30:00Z,2026-09-15T13:35:00Z,546.46,548.115,545.035,546.72
2026-09-15T13:35:00Z,2026-09-15T13:40:00Z,546.71,546.905,544.165,544.47
2026-09-15T13:40:00Z,2026-09-15T13:45:00Z,544.455,546.17,544.005,545.745
2026-09-15T13:45:00Z,2026-09-15T13:50:00Z,545.75,547.015,545.59,546.52
2026-09-15T13:50:00Z,2026-09-15T13:55:00Z,546.515,547.38,545.835,546.97
2026-09-15T13:55:00Z,2026-09-15T14:00:00Z,546.985,547.53,546.535,546.81
2026-09-15T14:00:00Z,2026-09-15T14:05:00Z,546.745,547.51,546.24,546.66
2026-09-15T14:05:00Z,2026-09-15T14:10:00Z,546.665,547.555,546.285,546.49
2026-09-15T14:10:00Z,2026-09-15T14:15:00Z,546.525,546.585,544.66,545.025
2026-09-15T14:15:00Z,2026-09-15T14:20:00Z,545.04,545.69,544.895,545.525
2026-09-15T14:20:00Z,2026-09-15T14:25:00Z,545.52,545.69,543.81,545.03
2026-09-15T14:25:00Z,2026-09-15T14:30:00Z,545.04,545.285,544.57,544.97
2026-09-15T14:30:00Z,2026-09-15T14:35:00Z,544.965,545.57,544.095,544.225
2026-09-15T14:35:00Z,2026-09-15T14:40:00Z,544.215,544.51,543.26,543.535
2026-09-15T14:40:00Z,2026-09-15T14:45:00Z,543.52,543.99,542.84,543.98
2026-09-15T14:45:00Z,2026-09-15T14:50:00Z,543.985,544.65,542.97,542.975
2026-09-15T14:50:00Z,2026-09-15T14:55:00Z,542.98,542.995,541.055,542.115
2026-09-15T14:55:00Z,2026-09-15T15:00:00Z,542.095,542.485,541.675,541.925
2026-09-15T15:00:00Z,2026-09-15T15:05:00Z,541.93,543.05,541.68,543.05
2026-09-15T15:05:00Z,2026-09-15T15:10:00Z,543.045,543.195,542.24,542.31
2026-09-15T15:10:00Z,2026-09-15T15:15:00Z,542.3,542.55,541.55,542.155
2026-09-15T15:15:00Z,2026-09-15T15:20:00Z,542.16,542.74,542.09,542.495
2026-09-15T15:20:00Z,2026-09-15T15:25:00Z,542.51,543.115,542.025,542.73
2026-09-15T15:25:00Z,2026-09-15T15:30:00Z,542.735,543.735,542.71,543.48
2026-09-15T15:30:00Z,2026-09-15T15:35:00Z,543.475,543.52,542.475,542.99
2026-09-15T15:35:00Z,2026-09-15T15:40:00Z,542.985,543.29,542.675,542.685
2026-09-15T15:40:00Z,2026-09-15T15:45:00Z,542.69,543.17,542.61,542.78
2026-09-15T15:45:00Z,2026-09-15T15:50:00Z,542.79,542.89,542.125,542.35
2026-09-15T15:50:00Z,2026-09-15T15:55:00Z,542.345,543.335,542.29,542.555
2026-09-15T15:55:00Z,2026-09-15T16:00:00Z,542.55,542.925,541.385,541.4
2026-09-15T16:00:00Z,2026-09-15T16:05:00Z,541.39,542.14,541.335,541.73
2026-09-15T16:05:00Z,2026-09-15T16:10:00Z,541.675,541.84,540.77,540.96
2026-09-15T16:10:00Z,2026-09-15T16:15:00Z,540.955,541.065,540.615,540.815
2026-09-15T16:15:00Z,2026-09-15T16:20:00Z,540.82,541.61,540.7,541.51
2026-09-15T16:20:00Z,2026-09-15T16:25:00Z,541.515,542.19,541.48,542.005
2026-09-15T16:25:00Z,2026-09-15T16:30:00Z,542.01,542.13,541.565,541.68
2026-09-15T16:30:00Z,2026-09-15T16:35:00Z,541.69,541.69,540.9,541.145
2026-09-15T16:35:00Z,2026-09-15T16:40:00Z,541.15,541.335,540.815,541.175
2026-09-15T16:40:00Z,2026-09-15T16:45:00Z,541.185,541.72,541.08,541.56
2026-09-15T16:45:00Z,2026-09-15T16:50:00Z,541.555,541.92,541.24,541.51
2026-09-15T16:50:00Z,2026-09-15T16:55:00Z,541.51,542.075,541.44,541.915
2026-09-15T16:55:00Z,2026-09-15T17:00:00Z,541.92,541.985,540.95,541.16
2026-09-15T17:00:00Z,2026-09-15T17:05:00Z,541.14,541.27,540.34,540.34
2026-09-15T17:05:00Z,2026-09-15T17:10:00Z,540.335,540.765,540.125,540.465
2026-09-15T17:10:00Z,2026-09-15T17:15:00Z,540.46,540.82,540.46,540.485
2026-09-15T17:15:00Z,2026-09-15T17:20:00Z,540.51,541.035,540.495,541.015
2026-09-15T17:20:00Z,2026-09-15T17:25:00Z,541.04,541.31,540.66,540.665
2026-09-15T17:25:00Z,2026-09-15T17:30:00Z,540.665,541.14,540.615,541.14
2026-09-15T17:30:00Z,2026-09-15T17:35:00Z,541.14,541.375,540.955,541
2026-09-15T17:35:00Z,2026-09-15T17:40:00Z,541,541.17,540.69,540.69
2026-09-15T17:40:00Z,2026-09-15T17:45:00Z,540.69,540.85,540.19,540.535
2026-09-15T17:45:00Z,2026-09-15T17:50:00Z,540.535,540.91,540.535,540.875
2026-09-15T17:50:00Z,2026-09-15T17:55:00Z,540.86,541.53,540.76,541.495
2026-09-15T17:55:00Z,2026-09-15T18:00:00Z,541.5,541.895,541.365,541.85
2026-09-15T18:00:00Z,2026-09-15T18:05:00Z,541.86,542.115,541.56,542.05
2026-09-15T18:05:00Z,2026-09-15T18:10:00Z,542.06,542.29,541.855,542.27
2026-09-15T18:10:00Z,2026-09-15T18:15:00Z,542.28,542.295,541.715,541.77
2026-09-15T18:15:00Z,2026-09-15T18:20:00Z,541.78,541.89,541.3,541.52
2026-09-15T18:20:00Z,2026-09-15T18:25:00Z,541.495,541.92,541.46,541.805
2026-09-15T18:25:00Z,2026-09-15T18:30:00Z,541.81,542.38,541.79,542.17
2026-09-15T18:30:00Z,2026-09-15T18:35:00Z,542.165,542.165,541.525,541.585
2026-09-15T18:35:00Z,2026-09-15T18:40:00Z,541.59,541.77,541.1,541.515
2026-09-15T18:40:00Z,2026-09-15T18:45:00Z,541.52,541.635,540.995,541.225
2026-09-15T18:45:00Z,2026-09-15T18:50:00Z,541.23,541.3,540.855,541.005
2026-09-15T18:50:00Z,2026-09-15T18:55:00Z,540.995,541.46,540.935,541.45
2026-09-15T18:55:00Z,2026-09-15T19:00:00Z,541.445,541.72,541.31,541.66
2026-09-15T19:00:00Z,2026-09-15T19:05:00Z,541.65,541.885,541.42,541.585
2026-09-15T19:05:00Z,2026-09-15T19:10:00Z,541.625,541.965,541.57,541.96
2026-09-15T19:10:00Z,2026-09-15T19:15:00Z,541.955,542.09,541.53,541.53
2026-09-15T19:15:00Z,2026-09-15T19:20:00Z,541.6,541.97,541.45,541.96
2026-09-15T19:20:00Z,2026-09-15T19:25:00Z,541.96,541.96,541.52,541.62
2026-09-15T19:25:00Z,2026-09-15T19:30:00Z,541.61,542.22,541.57,541.96
2026-09-15T19:30:00Z,2026-09-15T19:35:00Z,541.945,542.05,541.55,541.69
2026-09-15T19:35:00Z,2026-09-15T19:40:00Z,541.68,541.74,541.43,541.635
2026-09-15T19:40:00Z,2026-09-15T19:45:00Z,541.635,542.215,541.565,541.87
2026-09-15T19:45:00Z,2026-09-15T19:50:00Z,541.87,542.41,541.67,541.82
2026-09-15T19:50:00Z,2026-09-15T19:55:00Z,541.82,541.895,541.295,541.845
2026-09-15T19:55:00Z,2026-09-15T20:00:00Z,541.85,542.21,541.6,542.12
2026-09-16T13:30:00Z,2026-09-16T13:35:00Z,550.145,550.405,548.285,549.51
2026-09-16T13:35:00Z,2026-09-16T13:40:00Z,549.635,550.38,548.71,549.495
2026-09-16T13:40:00Z,2026-09-16T13:45:00Z,549.505,549.995,548.975,549.125
2026-09-16T13:45:00Z,2026-09-16T13:50:00Z,549.13,551.23,549.105,551.1
2026-09-16T13:50:00Z,2026-09-16T13:55:00Z,551.095,551.34,550.295,550.605
2026-09-16T13:55:00Z,2026-09-16T14:00:00Z,550.615,551.755,550.53,551.565
2026-09-16T14:00:00Z,2026-09-16T14:05:00Z,551.59,551.805,550.345,550.595
2026-09-16T14:05:00Z,2026-09-16T14:10:00Z,550.6,551.52,550.075,550.98
2026-09-16T14:10:00Z,2026-09-16T14:15:00Z,551.01,551.43,550.075,550.715
2026-09-16T14:15:00Z,2026-09-16T14:20:00Z,550.75,551.695,550.635,551.28
2026-09-16T14:20:00Z,2026-09-16T14:25:00Z,551.295,551.605,550.93,551.11
2026-09-16T14:25:00Z,2026-09-16T14:30:00Z,551.115,551.24,550.58,551
2026-09-16T14:30:00Z,2026-09-16T14:35:00Z,550.995,551.075,550.285,550.285
2026-09-16T14:35:00Z,2026-09-16T14:40:00Z,550.29,550.57,549.74,550.295
2026-09-16T14:40:00Z,2026-09-16T14:45:00Z,550.28,550.525,549.96,550.49
2026-09-16T14:45:00Z,2026-09-16T14:50:00Z,550.45,550.75,550.025,550.345
2026-09-16T14:50:00Z,2026-09-16T14:55:00Z,550.315,550.735,549.975,550.515
2026-09-16T14:55:00Z,2026-09-16T15:00:00Z,550.525,551.365,550.32,551.32
2026-09-16T15:00:00Z,2026-09-16T15:05:00Z,551.315,551.585,550.96,551.15
2026-09-16T15:05:00Z,2026-09-16T15:10:00Z,551.14,552.39,550.87,552.05
2026-09-16T15:10:00Z,2026-09-16T15:15:00Z,552.06,552.115,551.27,551.595
2026-09-16T15:15:00Z,2026-09-16T15:20:00Z,551.585,551.66,550.675,550.985
2026-09-16T15:20:00Z,2026-09-16T15:25:00Z,550.975,551.765,550.81,551.75
2026-09-16T15:25:00Z,2026-09-16T15:30:00Z,551.75,552.375,551.59,551.635
2026-09-16T15:30:00Z,2026-09-16T15:35:00Z,551.64,551.73,551.185,551.37
2026-09-16T15:35:00Z,2026-09-16T15:40:00Z,551.365,551.795,551.24,551.425
2026-09-16T15:40:00Z,2026-09-16T15:45:00Z,551.42,551.575,551.04,551.39
2026-09-16T15:45:00Z,2026-09-16T15:50:00Z,551.385,553.16,551.255,552.495
2026-09-16T15:50:00Z,2026-09-16T15:55:00Z,552.5,552.68,551.7,551.7
2026-09-16T15:55:00Z,2026-09-16T16:00:00Z,551.68,551.825,551.325,551.335
2026-09-16T16:00:00Z,2026-09-16T16:05:00Z,551.345,551.5,550.79,550.8
2026-09-16T16:05:00Z,2026-09-16T16:10:00Z,550.805,551.34,550.79,551.165
2026-09-16T16:10:00Z,2026-09-16T16:15:00Z,551.16,551.38,550.98,551.37
2026-09-16T16:15:00Z,2026-09-16T16:20:00Z,551.365,551.675,551.33,551.61
2026-09-16T16:20:00Z,2026-09-16T16:25:00Z,551.615,551.615,551.045,551.075
2026-09-16T16:25:00Z,2026-09-16T16:30:00Z,551.07,551.405,551.04,551.305
2026-09-16T16:30:00Z,2026-09-16T16:35:00Z,551.31,551.425,550.68,550.73
2026-09-16T16:35:00Z,2026-09-16T16:40:00Z,550.74,550.975,550.655,550.815
2026-09-16T16:40:00Z,2026-09-16T16:45:00Z,550.81,550.86,550.58,550.6
2026-09-16T16:45:00Z,2026-09-16T16:50:00Z,550.59,551.285,550.59,551.05
2026-09-16T16:50:00Z,2026-09-16T16:55:00Z,551.065,551.22,550.65,551
2026-09-16T16:55:00Z,2026-09-16T17:00:00Z,550.995,551.055,550.735,550.765
2026-09-16T17:00:00Z,2026-09-16T17:05:00Z,550.775,550.8,549.89,550.065
2026-09-16T17:05:00Z,2026-09-16T17:10:00Z,550.06,550.225,549.89,550.205
2026-09-16T17:10:00Z,2026-09-16T17:15:00Z,550.2,550.385,549.93,550.32
2026-09-16T17:15:00Z,2026-09-16T17:20:00Z,550.31,550.37,549.9,550.025
2026-09-16T17:20:00Z,2026-09-16T17:25:00Z,550.02,550.09,549.375,549.48
2026-09-16T17:25:00Z,2026-09-16T17:30:00Z,549.445,549.655,549.34,549.585
2026-09-16T17:30:00Z,2026-09-16T17:35:00Z,549.59,549.78,549.17,549.33
2026-09-16T17:35:00Z,2026-09-16T17:40:00Z,549.335,549.565,549.225,549.23
2026-09-16T17:40:00Z,2026-09-16T17:45:00Z,549.24,549.265,548.63,548.77
2026-09-16T17:45:00Z,2026-09-16T17:50:00Z,548.775,549.41,548.76,549.3
2026-09-16T17:50:00Z,2026-09-16T17:55:00Z,549.32,549.89,549.08,549.77
2026-09-16T17:55:00Z,2026-09-16T18:00:00Z,549.76,551.245,549.74,551.225
2026-09-16T18:00:00Z,2026-09-16T18:05:00Z,551.235,552.32,548.43,551.385
2026-09-16T18:05:00Z,2026-09-16T18:10:00Z,551.395,552.28,550.92,550.975
2026-09-16T18:10:00Z,2026-09-16T18:15:00Z,550.99,551.23,550.07,550.43
2026-09-16T18:15:00Z,2026-09-16T18:20:00Z,550.435,550.435,549.44,549.885
2026-09-16T18:20:00Z,2026-09-16T18:25:00Z,549.895,550.19,549.5,549.59
2026-09-16T18:25:00Z,2026-09-16T18:30:00Z,549.58,549.665,547.875,549.435
2026-09-16T18:30:00Z,2026-09-16T18:35:00Z,549.44,549.86,547.49,547.91
2026-09-16T18:35:00Z,2026-09-16T18:40:00Z,547.89,548.65,546.015,548.125
2026-09-16T18:40:00Z,2026-09-16T18:45:00Z,548.12,550.03,547.83,548.43
2026-09-16T18:45:00Z,2026-09-16T18:50:00Z,548.415,549.32,546.7,546.89
2026-09-16T18:50:00Z,2026-09-16T18:55:00Z,546.895,547.47,544.895,544.945
2026-09-16T18:55:00Z,2026-09-16T19:00:00Z,544.96,545.74,543.18,543.925
2026-09-16T19:00:00Z,2026-09-16T19:05:00Z,543.99,545.325,543.745,544.445
2026-09-16T19:05:00Z,2026-09-16T19:10:00Z,544.47,544.47,541.645,542.405
2026-09-16T19:10:00Z,2026-09-16T19:15:00Z,542.43,542.585,540.605,541.335
2026-09-16T19:15:00Z,2026-09-16T19:20:00Z,541.33,542.275,540.62,541.285
2026-09-16T19:20:00Z,2026-09-16T19:25:00Z,541.28,541.835,540.68,541.465
2026-09-16T19:25:00Z,2026-09-16T19:30:00Z,541.475,542.705,540.425,542.57
2026-09-16T19:30:00Z,2026-09-16T19:35:00Z,542.575,543.94,542.36,543.925
2026-09-16T19:35:00Z,2026-09-16T19:40:00Z,543.945,544.065,542.7,543.995
2026-09-16T19:40:00Z,2026-09-16T19:45:00Z,543.995,544.515,543.09,543.63
2026-09-16T19:45:00Z,2026-09-16T19:50:00Z,543.62,545.105,543.565,544.675
2026-09-16T19:50:00Z,2026-09-16T19:55:00Z,544.68,545.365,543.95,544.345
2026-09-16T19:55:00Z,2026-09-16T20:00:00Z,544.35,545.745,543.93,545.46
2026-09-17T13:30:00Z,2026-09-17T13:35:00Z,560.04,560.635,558.645,558.935
2026-09-17T13:35:00Z,2026-09-17T13:40:00Z,558.935,559.785,557.695,557.755
2026-09-17T13:40:00Z,2026-09-17T13:45:00Z,557.74,559.74,557.625,559.265
2026-09-17T13:45:00Z,2026-09-17T13:50:00Z,559.26,560.415,558.985,559.7
2026-09-17T13:50:00Z,2026-09-17T13:55:00Z,559.715,561.725,559.49,560.955
2026-09-17T13:55:00Z,2026-09-17T14:00:00Z,560.95,561.295,560.12,561.04
2026-09-17T14:00:00Z,2026-09-17T14:05:00Z,560.96,561.18,559.45,559.96
2026-09-17T14:05:00Z,2026-09-17T14:10:00Z,559.965,560.42,558.98,559.63
2026-09-17T14:10:00Z,2026-09-17T14:15:00Z,559.61,561.25,559.51,561.02
2026-09-17T14:15:00Z,2026-09-17T14:20:00Z,561.025,561.555,560.635,560.935
2026-09-17T14:20:00Z,2026-09-17T14:25:00Z,560.915,560.935,560.305,560.43
2026-09-17T14:25:00Z,2026-09-17T14:30:00Z,560.425,560.735,559.91,559.965
2026-09-17T14:30:00Z,2026-09-17T14:35:00Z,559.965,560.685,559.51,560.45
2026-09-17T14:35:00Z,2026-09-17T14:40:00Z,560.51,560.58,560.02,560.16
2026-09-17T14:40:00Z,2026-09-17T14:45:00Z,560.165,560.53,559.715,559.865
2026-09-17T14:45:00Z,2026-09-17T14:50:00Z,559.885,559.91,559.22,559.52
2026-09-17T14:50:00Z,2026-09-17T14:55:00Z,559.54,559.655,558.455,558.91
2026-09-17T14:55:00Z,2026-09-17T15:00:00Z,558.895,559.635,558.675,559.155
2026-09-17T15:00:00Z,2026-09-17T15:05:00Z,559.175,559.735,558.7,559.615
2026-09-17T15:05:00Z,2026-09-17T15:10:00Z,559.605,560.22,559.21,559.9
2026-09-17T15:10:00Z,2026-09-17T15:15:00Z,559.89,559.895,559.115,559.57
2026-09-17T15:15:00Z,2026-09-17T15:20:00Z,559.56,559.56,559.02,559.11
2026-09-17T15:20:00Z,2026-09-17T15:25:00Z,559.115,559.53,558.875,559.445
2026-09-17T15:25:00Z,2026-09-17T15:30:00Z,559.46,559.96,559.435,559.775
2026-09-17T15:30:00Z,2026-09-17T15:35:00Z,559.78,559.985,559.33,559.495
2026-09-17T15:35:00Z,2026-09-17T15:40:00Z,559.475,559.725,559.42,559.54
2026-09-17T15:40:00Z,2026-09-17T15:45:00Z,559.53,560.05,559.51,559.71
2026-09-17T15:45:00Z,2026-09-17T15:50:00Z,559.69,559.94,559.595,559.94
2026-09-17T15:50:00Z,2026-09-17T15:55:00Z,559.905,559.985,559.435,559.47
2026-09-17T15:55:00Z,2026-09-17T16:00:00Z,559.48,559.925,559.425,559.86
2026-09-17T16:00:00Z,2026-09-17T16:05:00Z,559.905,560.085,559.68,559.78
2026-09-17T16:05:00Z,2026-09-17T16:10:00Z,559.79,560.24,559.65,560.22
2026-09-17T16:10:00Z,2026-09-17T16:15:00Z,560.21,560.47,560.14,560.47
2026-09-17T16:15:00Z,2026-09-17T16:20:00Z,560.455,560.655,560.2,560.6
2026-09-17T16:20:00Z,2026-09-17T16:25:00Z,560.59,560.84,560.315,560.68
2026-09-17T16:25:00Z,2026-09-17T16:30:00Z,560.675,560.75,560.31,560.75
2026-09-17T16:30:00Z,2026-09-17T16:35:00Z,560.745,560.885,560.2,560.33
2026-09-17T16:35:00Z,2026-09-17T16:40:00Z,560.335,560.58,560.145,560.21
2026-09-17T16:40:00Z,2026-09-17T16:45:00Z,560.22,560.615,560.095,560.47
2026-09-17T16:45:00Z,2026-09-17T16:50:00Z,560.475,560.695,560.31,560.525
2026-09-17T16:50:00Z,2026-09-17T16:55:00Z,560.52,560.74,560.4,560.645
2026-09-17T16:55:00Z,2026-09-17T17:00:00Z,560.635,560.71,559.71,560.625
2026-09-17T17:00:00Z,2026-09-17T17:05:00Z,560.63,561.225,560.565,561.04
2026-09-17T17:05:00Z,2026-09-17T17:10:00Z,561.045,561.53,561.005,561.18
2026-09-17T17:10:00Z,2026-09-17T17:15:00Z,561.175,561.18,560.555,560.63
2026-09-17T17:15:00Z,2026-09-17T17:20:00Z,560.62,560.96,560.54,560.845
2026-09-17T17:20:00Z,2026-09-17T17:25:00Z,560.85,560.95,560.63,560.77
2026-09-17T17:25:00Z,2026-09-17T17:30:00Z,560.795,561.105,560.735,560.87
2026-09-17T17:30:00Z,2026-09-17T17:35:00Z,560.875,560.97,560.56,560.925
2026-09-17T17:35:00Z,2026-09-17T17:40:00Z,560.93,561.125,560.7,560.735
2026-09-17T17:40:00Z,2026-09-17T17:45:00Z,560.725,561.345,560.725,561.325
2026-09-17T17:45:00Z,2026-09-17T17:50:00Z,561.315,561.44,561.245,561.27
2026-09-17T17:50:00Z,2026-09-17T17:55:00Z,561.26,561.32,561.04,561.135
2026-09-17T17:55:00Z,2026-09-17T18:00:00Z,561.125,561.305,561.1,561.295
2026-09-17T18:00:00Z,2026-09-17T18:05:00Z,561.305,561.4,561.065,561.26
2026-09-17T18:05:00Z,2026-09-17T18:10:00Z,561.28,561.48,561.05,561.16
2026-09-17T18:10:00Z,2026-09-17T18:15:00Z,561.165,561.45,561.06,561.33
2026-09-17T18:15:00Z,2026-09-17T18:20:00Z,561.315,561.505,561.255,561.485
2026-09-17T18:20:00Z,2026-09-17T18:25:00Z,561.485,561.54,561.055,561.255
2026-09-17T18:25:00Z,2026-09-17T18:30:00Z,561.25,561.43,561.21,561.255
2026-09-17T18:30:00Z,2026-09-17T18:35:00Z,561.26,561.63,561.17,561.205
2026-09-17T18:35:00Z,2026-09-17T18:40:00Z,561.21,561.245,560.82,560.905
2026-09-17T18:40:00Z,2026-09-17T18:45:00Z,560.88,561.015,560.72,560.975
2026-09-17T18:45:00Z,2026-09-17T18:50:00Z,560.97,561.27,560.89,561.015
2026-09-17T18:50:00Z,2026-09-17T18:55:00Z,561.005,561.12,560.665,560.755
2026-09-17T18:55:00Z,2026-09-17T19:00:00Z,560.75,561.075,560.735,561.025
2026-09-17T19:00:00Z,2026-09-17T19:05:00Z,561.015,561.21,560.885,561
2026-09-17T19:05:00Z,2026-09-17T19:10:00Z,561.01,561.395,560.885,561.075
2026-09-17T19:10:00Z,2026-09-17T19:15:00Z,561.08,561.23,560.93,560.97
2026-09-17T19:15:00Z,2026-09-17T19:20:00Z,560.965,561.43,560.965,561.265
2026-09-17T19:20:00Z,2026-09-17T19:25:00Z,561.26,561.36,560.94,560.95
2026-09-17T19:25:00Z,2026-09-17T19:30:00Z,560.97,561.105,560.605,560.68
2026-09-17T19:30:00Z,2026-09-17T19:35:00Z,560.685,561.6,560.65,561.32
2026-09-17T19:35:00Z,2026-09-17T19:40:00Z,561.31,561.56,561.3,561.525
2026-09-17T19:40:00Z,2026-09-17T19:45:00Z,561.52,561.555,560.66,561.015
2026-09-17T19:45:00Z,2026-09-17T19:50:00Z,561.035,561.085,560.74,561.005
2026-09-17T19:50:00Z,2026-09-17T19:55:00Z,561.01,561.475,560.59,560.66
2026-09-17T19:55:00Z,2026-09-17T20:00:00Z,560.65,561.185,560.38,560.575
2026-09-18T13:30:00Z,2026-09-18T13:35:00Z,563.76,565.1,563.34,563.97
2026-09-18T13:35:00Z,2026-09-18T13:40:00Z,563.955,566.04,563.755,565.925
2026-09-18T13:40:00Z,2026-09-18T13:45:00Z,565.935,567.36,565.11,566.815
2026-09-18T13:45:00Z,2026-09-18T13:50:00Z,566.78,567.605,565.755,565.91
2026-09-18T13:50:00Z,2026-09-18T13:55:00Z,565.89,566.045,565.105,565.545
2026-09-18T13:55:00Z,2026-09-18T14:00:00Z,565.555,565.61,564.58,565.07
2026-09-18T14:00:00Z,2026-09-18T14:05:00Z,565.085,565.54,563.775,563.875
2026-09-18T14:05:00Z,2026-09-18T14:10:00Z,563.87,565.205,563.345,565.2
2026-09-18T14:10:00Z,2026-09-18T14:15:00Z,565.195,566.385,565.12,566.09
2026-09-18T14:15:00Z,2026-09-18T14:20:00Z,566.1,566.21,565.415,565.925
2026-09-18T14:20:00Z,2026-09-18T14:25:00Z,565.92,566.51,565.56,566.215
2026-09-18T14:25:00Z,2026-09-18T14:30:00Z,566.14,566.16,565.555,565.57
2026-09-18T14:30:00Z,2026-09-18T14:35:00Z,565.615,565.885,565.41,565.54
2026-09-18T14:35:00Z,2026-09-18T14:40:00Z,565.545,565.775,564.915,565.28
2026-09-18T14:40:00Z,2026-09-18T14:45:00Z,565.275,565.345,564.145,564.28
2026-09-18T14:45:00Z,2026-09-18T14:50:00Z,564.295,565.085,564.08,564.96
2026-09-18T14:50:00Z,2026-09-18T14:55:00Z,564.955,565.505,564.82,565.165
2026-09-18T14:55:00Z,2026-09-18T15:00:00Z,565.19,565.345,564.6,564.915
2026-09-18T15:00:00Z,2026-09-18T15:05:00Z,564.925,565.22,564.38,564.475
2026-09-18T15:05:00Z,2026-09-18T15:10:00Z,564.48,565.165,564.45,564.81
2026-09-18T15:10:00Z,2026-09-18T15:15:00Z,564.8,564.825,564.13,564.63
2026-09-18T15:15:00Z,2026-09-18T15:20:00Z,564.66,565.17,564.535,564.95
2026-09-18T15:20:00Z,2026-09-18T15:25:00Z,564.955,565.405,564.67,565.135
2026-09-18T15:25:00Z,2026-09-18T15:30:00Z,565.13,565.815,565.04,565.685
2026-09-18T15:30:00Z,2026-09-18T15:35:00Z,565.69,565.88,565.145,565.54
2026-09-18T15:35:00Z,2026-09-18T15:40:00Z,565.535,565.655,564.915,565.045
2026-09-18T15:40:00Z,2026-09-18T15:45:00Z,565.035,565.055,564.6,564.92
2026-09-18T15:45:00Z,2026-09-18T15:50:00Z,564.945,565.275,564.645,565.135
2026-09-18T15:50:00Z,2026-09-18T15:55:00Z,565.135,565.4,564.6,564.64
2026-09-18T15:55:00Z,2026-09-18T16:00:00Z,564.645,564.745,564.175,564.285
2026-09-18T16:00:00Z,2026-09-18T16:05:00Z,564.275,564.295,563.855,563.895
2026-09-18T16:05:00Z,2026-09-18T16:10:00Z,563.905,564.38,563.895,563.935
2026-09-18T16:10:00Z,2026-09-18T16:15:00Z,563.91,564.075,563.64,563.905
2026-09-18T16:15:00Z,2026-09-18T16:20:00Z,563.92,564.435,563.885,564.395
2026-09-18T16:20:00Z,2026-09-18T16:25:00Z,564.4,564.585,563.15,563.215
2026-09-18T16:25:00Z,2026-09-18T16:30:00Z,563.225,563.65,562.725,563.585
2026-09-18T16:30:00Z,2026-09-18T16:35:00Z,563.58,564.34,563.4,564.2
2026-09-18T16:35:00Z,2026-09-18T16:40:00Z,564.21,564.34,563.845,563.965
2026-09-18T16:40:00Z,2026-09-18T16:45:00Z,563.965,564.085,563.735,563.965
2026-09-18T16:45:00Z,2026-09-18T16:50:00Z,563.975,563.98,563.44,563.655
2026-09-18T16:50:00Z,2026-09-18T16:55:00Z,563.65,563.91,563.565,563.845
2026-09-18T16:55:00Z,2026-09-18T17:00:00Z,563.84,564.13,563.76,564.11
2026-09-18T17:00:00Z,2026-09-18T17:05:00Z,564.115,564.42,563.955,564.155
2026-09-18T17:05:00Z,2026-09-18T17:10:00Z,564.165,564.65,564.08,564.555
2026-09-18T17:10:00Z,2026-09-18T17:15:00Z,564.56,564.565,564.265,564.56
2026-09-18T17:15:00Z,2026-09-18T17:20:00Z,564.565,564.87,564.48,564.7
2026-09-18T17:20:00Z,2026-09-18T17:25:00Z,564.69,564.755,564.455,564.545
2026-09-18T17:25:00Z,2026-09-18T17:30:00Z,564.54,564.835,564.515,564.735
2026-09-18T17:30:00Z,2026-09-18T17:35:00Z,564.73,564.75,564.465,564.59
2026-09-18T17:35:00Z,2026-09-18T17:40:00Z,564.595,564.86,564.595,564.705
2026-09-18T17:40:00Z,2026-09-18T17:45:00Z,564.695,564.845,564.525,564.835
2026-09-18T17:45:00Z,2026-09-18T17:50:00Z,564.84,564.84,564.565,564.79
2026-09-18T17:50:00Z,2026-09-18T17:55:00Z,564.795,564.845,564.555,564.57
2026-09-18T17:55:00Z,2026-09-18T18:00:00Z,564.565,564.805,564.545,564.65
2026-09-18T18:00:00Z,2026-09-18T18:05:00Z,564.64,564.705,564.415,564.5
2026-09-18T18:05:00Z,2026-09-18T18:10:00Z,564.48,564.55,564.27,564.325
2026-09-18T18:10:00Z,2026-09-18T18:15:00Z,564.31,564.375,564.08,564.23
2026-09-18T18:15:00Z,2026-09-18T18:20:00Z,564.22,564.49,564.22,564.46
2026-09-18T18:20:00Z,2026-09-18T18:25:00Z,564.46,565.085,564.43,564.62
2026-09-18T18:25:00Z,2026-09-18T18:30:00Z,564.625,564.67,564.19,564.4
2026-09-18T18:30:00Z,2026-09-18T18:35:00Z,564.405,564.42,564.115,564.31
2026-09-18T18:35:00Z,2026-09-18T18:40:00Z,564.34,564.42,564.1,564.37
2026-09-18T18:40:00Z,2026-09-18T18:45:00Z,564.375,564.545,564.255,564.515
2026-09-18T18:45:00Z,2026-09-18T18:50:00Z,564.525,564.985,564.475,564.865
2026-09-18T18:50:00Z,2026-09-18T18:55:00Z,564.86,565.49,564.785,565.21
2026-09-18T18:55:00Z,2026-09-18T19:00:00Z,565.215,565.44,565.085,565.16
2026-09-18T19:00:00Z,2026-09-18T19:05:00Z,565.155,565.82,565.155,565.715
2026-09-18T19:05:00Z,2026-09-18T19:10:00Z,565.71,565.955,565.4,565.595
2026-09-18T19:10:00Z,2026-09-18T19:15:00Z,565.6,565.925,565.37,565.58
2026-09-18T19:15:00Z,2026-09-18T19:20:00Z,565.575,565.99,565.495,565.95
2026-09-18T19:20:00Z,2026-09-18T19:25:00Z,565.985,566.055,565.67,565.73
2026-09-18T19:25:00Z,2026-09-18T19:30:00Z,565.745,565.795,565.56,565.71
2026-09-18T19:30:00Z,2026-09-18T19:35:00Z,565.715,566.005,565.245,566
2026-09-18T19:35:00Z,2026-09-18T19:40:00Z,566.005,566.725,565.92,566.525
2026-09-18T19:40:00Z,2026-09-18T19:45:00Z,566.52,566.99,566.48,566.975
2026-09-18T19:45:00Z,2026-09-18T19:50:00Z,566.965,567.15,566.69,566.97
2026-09-18T19:50:00Z,2026-09-18T19:55:00Z,566.965,569.535,566.965,569.495
2026-09-18T19:55:00Z,2026-09-18T20:00:00Z,569.485,572.87,569.485,572.725
2026-09-21T13:30:00Z,2026-09-21T13:35:00Z,581.895,582.765,578.55,580.4
2026-09-21T13:35:00Z,2026-09-21T13:40:00Z,580.42,583.505,579.825,583.225
2026-09-21T13:40:00Z,2026-09-21T13:45:00Z,583.24,584.445,583.055,583.625
2026-09-21T13:45:00Z,2026-09-21T13:50:00Z,583.63,585.29,583.63,584.64
2026-09-21T13:50:00Z,2026-09-21T13:55:00Z,584.65,585.21,584.445,585.03
2026-09-21T13:55:00Z,2026-09-21T14:00:00Z,585.04,585.04,584.175,584.245
2026-09-21T14:00:00Z,2026-09-21T14:05:00Z,584.245,584.925,583.825,583.975
2026-09-21T14:05:00Z,2026-09-21T14:10:00Z,583.96,584.1,582.665,582.86
2026-09-21T14:10:00Z,2026-09-21T14:15:00Z,582.855,584.725,582.855,584.67
2026-09-21T14:15:00Z,2026-09-21T14:20:00Z,584.695,585.345,584.525,585.03
2026-09-21T14:20:00Z,2026-09-21T14:25:00Z,585.04,585.975,584.43,585.955
2026-09-21T14:25:00Z,2026-09-21T14:30:00Z,585.965,586.8,585.74,586.535
2026-09-21T14:30:00Z,2026-09-21T14:35:00Z,586.545,587.035,586.45,586.685
2026-09-21T14:35:00Z,2026-09-21T14:40:00Z,586.69,587.84,586.69,587.21
2026-09-21T14:40:00Z,2026-09-21T14:45:00Z,587.215,587.295,586.45,587.11
2026-09-21T14:45:00Z,2026-09-21T14:50:00Z,587.09,587.295,586.785,586.795
2026-09-21T14:50:00Z,2026-09-21T14:55:00Z,586.785,586.975,586.145,586.975
2026-09-21T14:55:00Z,2026-09-21T15:00:00Z,586.95,588.315,586.77,588.215
2026-09-21T15:00:00Z,2026-09-21T15:05:00Z,588.22,590.115,588.19,590.09
2026-09-21T15:05:00Z,2026-09-21T15:10:00Z,590.095,590.59,589.54,590.29
2026-09-21T15:10:00Z,2026-09-21T15:15:00Z,590.28,591.08,590.1,590.87
2026-09-21T15:15:00Z,2026-09-21T15:20:00Z,590.88,591.02,590.19,590.385
2026-09-21T15:20:00Z,2026-09-21T15:25:00Z,590.4,590.5,589.98,590.39
2026-09-21T15:25:00Z,2026-09-21T15:30:00Z,590.385,591.205,590.3,591.165
2026-09-21T15:30:00Z,2026-09-21T15:35:00Z,591.175,591.465,590.94,590.98
2026-09-21T15:35:00Z,2026-09-21T15:40:00Z,590.96,591.795,590.93,591.665
2026-09-21T15:40:00Z,2026-09-21T15:45:00Z,591.67,591.8,590.985,591.23
2026-09-21T15:45:00Z,2026-09-21T15:50:00Z,591.24,591.41,590.99,591.095
2026-09-21T15:50:00Z,2026-09-21T15:55:00Z,591.125,591.21,590.45,590.51
2026-09-21T15:55:00Z,2026-09-21T16:00:00Z,590.505,590.635,590.11,590.54
2026-09-21T16:00:00Z,2026-09-21T16:05:00Z,590.545,590.88,589.97,590.86
2026-09-21T16:05:00Z,2026-09-21T16:10:00Z,590.87,591.305,590.59,591.125
2026-09-21T16:10:00Z,2026-09-21T16:15:00Z,591.13,591.645,591.04,591.3
2026-09-21T16:15:00Z,2026-09-21T16:20:00Z,591.34,591.525,591.03,591.35
2026-09-21T16:20:00Z,2026-09-21T16:25:00Z,591.355,591.835,591.13,591.83
2026-09-21T16:25:00Z,2026-09-21T16:30:00Z,591.84,592.41,591.68,592.18
2026-09-21T16:30:00Z,2026-09-21T16:35:00Z,592.175,593.285,592.165,593.21
2026-09-21T16:35:00Z,2026-09-21T16:40:00Z,593.22,593.385,592.27,592.47
2026-09-21T16:40:00Z,2026-09-21T16:45:00Z,592.46,592.9,592.37,592.415
2026-09-21T16:45:00Z,2026-09-21T16:50:00Z,592.425,592.935,592.42,592.74
2026-09-21T16:50:00Z,2026-09-21T16:55:00Z,592.735,592.94,592.49,592.93
2026-09-21T16:55:00Z,2026-09-21T17:00:00Z,592.925,593.375,592.88,593.34
2026-09-21T17:00:00Z,2026-09-21T17:05:00Z,593.32,593.645,593.295,593.585
2026-09-21T17:05:00Z,2026-09-21T17:10:00Z,593.59,593.77,593.13,593.23
2026-09-21T17:10:00Z,2026-09-21T17:15:00Z,593.24,593.36,592.93,593.17
2026-09-21T17:15:00Z,2026-09-21T17:20:00Z,593.155,593.24,592.67,592.9
2026-09-21T17:20:00Z,2026-09-21T17:25:00Z,592.91,592.98,591.95,592.005
2026-09-21T17:25:00Z,2026-09-21T17:30:00Z,592.02,592.74,591.77,592.705
2026-09-21T17:30:00Z,2026-09-21T17:35:00Z,592.71,593.105,592.505,592.55
2026-09-21T17:35:00Z,2026-09-21T17:40:00Z,592.555,593.035,592.41,592.945
2026-09-21T17:40:00Z,2026-09-21T17:45:00Z,592.955,593.165,592.85,593.165
2026-09-21T17:45:00Z,2026-09-21T17:50:00Z,593.165,593.78,593.165,593.595
2026-09-21T17:50:00Z,2026-09-21T17:55:00Z,593.6,593.865,593.51,593.735
2026-09-21T17:55:00Z,2026-09-21T18:00:00Z,593.725,593.78,593.275,593.365
2026-09-21T18:00:00Z,2026-09-21T18:05:00Z,593.37,593.98,593.365,593.98
2026-09-21T18:05:00Z,2026-09-21T18:10:00Z,593.975,594.09,593.645,593.695
2026-09-21T18:10:00Z,2026-09-21T18:15:00Z,593.69,594.315,593.68,594.265
2026-09-21T18:15:00Z,2026-09-21T18:20:00Z,594.26,594.55,594.065,594.47
2026-09-21T18:20:00Z,2026-09-21T18:25:00Z,594.46,594.83,594.415,594.685
2026-09-21T18:25:00Z,2026-09-21T18:30:00Z,594.69,594.71,594.315,594.71
2026-09-21T18:30:00Z,2026-09-21T18:35:00Z,594.715,594.96,594.37,594.485
2026-09-21T18:35:00Z,2026-09-21T18:40:00Z,594.495,595.27,594.495,595.26
2026-09-21T18:40:00Z,2026-09-21T18:45:00Z,595.265,595.275,594.925,595.165
2026-09-21T18:45:00Z,2026-09-21T18:50:00Z,595.195,595.48,595.13,595.435
2026-09-21T18:50:00Z,2026-09-21T18:55:00Z,595.42,595.99,595.315,595.89
2026-09-21T18:55:00Z,2026-09-21T19:00:00Z,595.88,595.93,595.435,595.8
2026-09-21T19:00:00Z,2026-09-21T19:05:00Z,595.795,596.13,595.395,595.43
2026-09-21T19:05:00Z,2026-09-21T19:10:00Z,595.445,596.18,595.395,595.78
2026-09-21T19:10:00Z,2026-09-21T19:15:00Z,595.79,596.5,595.61,596.495
2026-09-21T19:15:00Z,2026-09-21T19:20:00Z,596.485,597.055,596.44,596.94
2026-09-21T19:20:00Z,2026-09-21T19:25:00Z,596.935,597.14,596.555,596.6
2026-09-21T19:25:00Z,2026-09-21T19:30:00Z,596.61,596.73,596.25,596.255
2026-09-21T19:30:00Z,2026-09-21T19:35:00Z,596.25,597.415,596.13,597.345
2026-09-21T19:35:00Z,2026-09-21T19:40:00Z,597.345,598.48,597.3,598.415
2026-09-21T19:40:00Z,2026-09-21T19:45:00Z,598.42,598.62,597.77,597.86
2026-09-21T19:45:00Z,2026-09-21T19:50:00Z,597.87,597.91,597.095,597.345
2026-09-21T19:50:00Z,2026-09-21T19:55:00Z,597.355,597.445,596.525,596.78
2026-09-21T19:55:00Z,2026-09-21T20:00:00Z,596.735,597.37,595.905,596.135
2026-09-22T13:30:00Z,2026-09-22T13:35:00Z,591.26,596.76,591.17,596.76
2026-09-22T13:35:00Z,2026-09-22T13:40:00Z,596.765,597.975,595.995,596.75
2026-09-22T13:40:00Z,2026-09-22T13:45:00Z,596.735,598.345,596.585,597.635
2026-09-22T13:45:00Z,2026-09-22T13:50:00Z,597.62,597.88,596.56,596.98
2026-09-22T13:50:00Z,2026-09-22T13:55:00Z,596.97,599.325,596.925,599.3
2026-09-22T13:55:00Z,2026-09-22T14:00:00Z,599.295,600.195,598.34,600.145
2026-09-22T14:00:00Z,2026-09-22T14:05:00Z,600.15,600.24,598.76,599.45
2026-09-22T14:05:00Z,2026-09-22T14:10:00Z,599.435,600.08,598.99,599.96
2026-09-22T14:10:00Z,2026-09-22T14:15:00Z,599.955,601.845,599.88,601.195
2026-09-22T14:15:00Z,2026-09-22T14:20:00Z,601.19,601.36,600.54,600.94
2026-09-22T14:20:00Z,2026-09-22T14:25:00Z,600.935,601.325,600.165,601.195
2026-09-22T14:25:00Z,2026-09-22T14:30:00Z,601.175,602.31,600.745,601.995
2026-09-22T14:30:00Z,2026-09-22T14:35:00Z,601.99,603.685,601.835,603.565
2026-09-22T14:35:00Z,2026-09-22T14:40:00Z,603.575,603.585,601.25,601.49
2026-09-22T14:40:00Z,2026-09-22T14:45:00Z,601.47,601.68,599.45,599.945
2026-09-22T14:45:00Z,2026-09-22T14:50:00Z,599.935,600.47,598.41,600.44
2026-09-22T14:50:00Z,2026-09-22T14:55:00Z,600.415,600.795,599.635,600.52
2026-09-22T14:55:00Z,2026-09-22T15:00:00Z,600.56,600.785,599.88,600.485
2026-09-22T15:00:00Z,2026-09-22T15:05:00Z,600.495,600.95,600.125,600.435
2026-09-22T15:05:00Z,2026-09-22T15:10:00Z,600.48,601.12,600.3,600.445
2026-09-22T15:10:00Z,2026-09-22T15:15:00Z,600.5,601.88,600.5,601.7
2026-09-22T15:15:00Z,2026-09-22T15:20:00Z,601.705,601.81,601.05,601.73
2026-09-22T15:20:00Z,2026-09-22T15:25:00Z,601.725,601.835,601.185,601.445
2026-09-22T15:25:00Z,2026-09-22T15:30:00Z,601.44,601.75,601.12,601.365
2026-09-22T15:30:00Z,2026-09-22T15:35:00Z,601.375,601.645,601.095,601.495
2026-09-22T15:35:00Z,2026-09-22T15:40:00Z,601.49,601.68,600.995,601.28
2026-09-22T15:40:00Z,2026-09-22T15:45:00Z,601.285,601.49,600.995,601.355
2026-09-22T15:45:00Z,2026-09-22T15:50:00Z,601.345,602.075,601.295,601.7
2026-09-22T15:50:00Z,2026-09-22T15:55:00Z,601.705,602.27,601.64,601.815
2026-09-22T15:55:00Z,2026-09-22T16:00:00Z,601.81,602.4,601.655,602.325
2026-09-22T16:00:00Z,2026-09-22T16:05:00Z,602.34,602.485,602.055,602.365
2026-09-22T16:05:00Z,2026-09-22T16:10:00Z,602.36,603.19,602.26,602.765
2026-09-22T16:10:00Z,2026-09-22T16:15:00Z,602.73,603.06,602.53,602.945
2026-09-22T16:15:00Z,2026-09-22T16:20:00Z,602.935,603.02,602.425,602.58
2026-09-22T16:20:00Z,2026-09-22T16:25:00Z,602.585,603.075,602.075,602.19
2026-09-22T16:25:00Z,2026-09-22T16:30:00Z,602.18,602.535,601.345,601.39
2026-09-22T16:30:00Z,2026-09-22T16:35:00Z,601.395,602.435,601.395,602.35
2026-09-22T16:35:00Z,2026-09-22T16:40:00Z,602.345,602.495,602.005,602.2
2026-09-22T16:40:00Z,2026-09-22T16:45:00Z,602.185,602.65,602.13,602.565
2026-09-22T16:45:00Z,2026-09-22T16:50:00Z,602.56,603.46,602.43,603.38
2026-09-22T16:50:00Z,2026-09-22T16:55:00Z,603.385,603.81,603.235,603.66
2026-09-22T16:55:00Z,2026-09-22T17:00:00Z,603.655,603.985,603.55,603.95
2026-09-22T17:00:00Z,2026-09-22T17:05:00Z,603.94,604.29,603.8,604.125
2026-09-22T17:05:00Z,2026-09-22T17:10:00Z,604.12,604.535,603.995,604.2
2026-09-22T17:10:00Z,2026-09-22T17:15:00Z,604.21,604.395,603.91,603.95
2026-09-22T17:15:00Z,2026-09-22T17:20:00Z,603.94,603.95,603.55,603.715
2026-09-22T17:20:00Z,2026-09-22T17:25:00Z,603.7,603.72,602.93,603.18
2026-09-22T17:25:00Z,2026-09-22T17:30:00Z,603.185,603.79,603.09,603.72
2026-09-22T17:30:00Z,2026-09-22T17:35:00Z,603.71,603.735,602.95,603.33
2026-09-22T17:35:00Z,2026-09-22T17:40:00Z,603.34,603.535,603.03,603.165
2026-09-22T17:40:00Z,2026-09-22T17:45:00Z,603.16,603.56,602.815,603.41
2026-09-22T17:45:00Z,2026-09-22T17:50:00Z,603.42,603.655,603.31,603.52
2026-09-22T17:50:00Z,2026-09-22T17:55:00Z,603.53,604.97,603.39,604.64
2026-09-22T17:55:00Z,2026-09-22T18:00:00Z,604.635,604.76,604.03,604.625
2026-09-22T18:00:00Z,2026-09-22T18:05:00Z,604.62,604.645,603.33,604.285
2026-09-22T18:05:00Z,2026-09-22T18:10:00Z,604.295,604.935,604.235,604.895
2026-09-22T18:10:00Z,2026-09-22T18:15:00Z,604.855,605.24,604.81,604.875
2026-09-22T18:15:00Z,2026-09-22T18:20:00Z,604.88,605.435,604.88,605.28
2026-09-22T18:20:00Z,2026-09-22T18:25:00Z,605.27,605.645,605.23,605.465
2026-09-22T18:25:00Z,2026-09-22T18:30:00Z,605.47,605.675,605.345,605.56
2026-09-22T18:30:00Z,2026-09-22T18:35:00Z,605.57,605.715,605.175,605.21
2026-09-22T18:35:00Z,2026-09-22T18:40:00Z,605.22,605.36,604.73,604.95
2026-09-22T18:40:00Z,2026-09-22T18:45:00Z,604.96,605.165,604.645,605.09
2026-09-22T18:45:00Z,2026-09-22T18:50:00Z,605.08,605.18,604.79,605.02
2026-09-22T18:50:00Z,2026-09-22T18:55:00Z,605.025,605.21,604.86,605.05
2026-09-22T18:55:00Z,2026-09-22T19:00:00Z,605.04,605.305,604.88,605.05
2026-09-22T19:00:00Z,2026-09-22T19:05:00Z,605.03,606.02,605.025,606
2026-09-22T19:05:00Z,2026-09-22T19:10:00Z,605.96,606.32,605.935,606.25
2026-09-22T19:10:00Z,2026-09-22T19:15:00Z,606.265,606.475,605.9,606.31
2026-09-22T19:15:00Z,2026-09-22T19:20:00Z,606.315,606.68,606.29,606.51
2026-09-22T19:20:00Z,2026-09-22T19:25:00Z,606.515,606.545,605.635,605.705
2026-09-22T19:25:00Z,2026-09-22T19:30:00Z,605.71,606.41,605.675,606.01
2026-09-22T19:30:00Z,2026-09-22T19:35:00Z,605.995,606.985,605.94,606.91
2026-09-22T19:35:00Z,2026-09-22T19:40:00Z,606.915,607.485,606.65,607.4
2026-09-22T19:40:00Z,2026-09-22T19:45:00Z,607.405,607.45,606.755,607.08
2026-09-22T19:45:00Z,2026-09-22T19:50:00Z,607.085,607.75,607.03,607.665
2026-09-22T19:50:00Z,2026-09-22T19:55:00Z,607.67,608.655,607.275,607.53
2026-09-22T19:55:00Z,2026-09-22T20:00:00Z,607.5,607.9,607.3,607.56
2026-09-23T13:30:00Z,2026-09-23T13:35:00Z,604.68,606.335,602.765,603.6
2026-09-23T13:35:00Z,2026-09-23T13:40:00Z,603.625,605.195,601.56,602.2
2026-09-23T13:40:00Z,2026-09-23T13:45:00Z,602.23,602.26,600.82,601.84
2026-09-23T13:45:00Z,2026-09-23T13:50:00Z,601.76,602.235,599.105,599.455
2026-09-23T13:50:00Z,2026-09-23T13:55:00Z,599.555,599.71,597.88,599.255
2026-09-23T13:55:00Z,2026-09-23T14:00:00Z,599.255,600.185,599.065,599.775
2026-09-23T14:00:00Z,2026-09-23T14:05:00Z,599.735,601.685,599.675,600.575
2026-09-23T14:05:00Z,2026-09-23T14:10:00Z,600.455,600.955,598.73,598.84
2026-09-23T14:10:00Z,2026-09-23T14:15:00Z,598.885,599.025,595.805,596.02
2026-09-23T14:15:00Z,2026-09-23T14:20:00Z,596.015,597.1,594.27,594.365
2026-09-23T14:20:00Z,2026-09-23T14:25:00Z,594.355,595.355,593.845,594.99
2026-09-23T14:25:00Z,2026-09-23T14:30:00Z,594.98,595.915,593.985,595.47
2026-09-23T14:30:00Z,2026-09-23T14:35:00Z,595.465,596.745,594.385,596.725
2026-09-23T14:35:00Z,2026-09-23T14:40:00Z,596.73,597.52,595.565,595.985
2026-09-23T14:40:00Z,2026-09-23T14:45:00Z,596,596.855,595.825,596.65
2026-09-23T14:45:00Z,2026-09-23T14:50:00Z,596.65,597.345,596.48,597.21
2026-09-23T14:50:00Z,2026-09-23T14:55:00Z,597.15,600.315,596.245,599.915
2026-09-23T14:55:00Z,2026-09-23T15:00:00Z,599.885,600.64,599.345,600.295
2026-09-23T15:00:00Z,2026-09-23T15:05:00Z,600.305,600.645,599.055,599.465
2026-09-23T15:05:00Z,2026-09-23T15:10:00Z,599.46,600.49,599.085,600.075
2026-09-23T15:10:00Z,2026-09-23T15:15:00Z,600.07,600.605,599.93,600.52
2026-09-23T15:15:00Z,2026-09-23T15:20:00Z,600.525,600.975,599.055,600.17
2026-09-23T15:20:00Z,2026-09-23T15:25:00Z,600.165,601.1,599.755,600.92
2026-09-23T15:25:00Z,2026-09-23T15:30:00Z,600.93,601.43,600.13,600.2
2026-09-23T15:30:00Z,2026-09-23T15:35:00Z,600.22,600.485,599.82,599.87
2026-09-23T15:35:00Z,2026-09-23T15:40:00Z,599.86,599.86,598.95,599.215
2026-09-23T15:40:00Z,2026-09-23T15:45:00Z,599.19,599.965,599.08,599.925
2026-09-23T15:45:00Z,2026-09-23T15:50:00Z,599.925,599.96,597.66,597.845
2026-09-23T15:50:00Z,2026-09-23T15:55:00Z,597.85,598.18,597.19,597.985
2026-09-23T15:55:00Z,2026-09-23T16:00:00Z,597.995,598.085,597.59,597.825
2026-09-23T16:00:00Z,2026-09-23T16:05:00Z,597.815,597.875,597.09,597.4
2026-09-23T16:05:00Z,2026-09-23T16:10:00Z,597.37,598.24,597.32,598.2
2026-09-23T16:10:00Z,2026-09-23T16:15:00Z,598.21,598.355,597.635,597.855
2026-09-23T16:15:00Z,2026-09-23T16:20:00Z,597.845,598.48,597.71,597.885
2026-09-23T16:20:00Z,2026-09-23T16:25:00Z,597.87,597.89,597.075,597.34
2026-09-23T16:25:00Z,2026-09-23T16:30:00Z,597.34,597.74,597.25,597.375
2026-09-23T16:30:00Z,2026-09-23T16:35:00Z,597.375,598.335,597.345,597.9
2026-09-23T16:35:00Z,2026-09-23T16:40:00Z,597.895,598,597.32,597.445
2026-09-23T16:40:00Z,2026-09-23T16:45:00Z,597.455,597.465,596.55,596.725
2026-09-23T16:45:00Z,2026-09-23T16:50:00Z,596.73,597.12,596.17,596.385
2026-09-23T16:50:00Z,2026-09-23T16:55:00Z,596.38,596.39,595.56,595.7
2026-09-23T16:55:00Z,2026-09-23T17:00:00Z,595.69,596.72,595.665,596.43
2026-09-23T17:00:00Z,2026-09-23T17:05:00Z,596.435,596.865,594.725,595.165
2026-09-23T17:05:00Z,2026-09-23T17:10:00Z,595.175,595.63,594.87,595.495
2026-09-23T17:10:00Z,2026-09-23T17:15:00Z,595.455,595.545,594.78,595.335
2026-09-23T17:15:00Z,2026-09-23T17:20:00Z,595.33,597.165,595.31,597.1
2026-09-23T17:20:00Z,2026-09-23T17:25:00Z,597.09,597.395,596.545,596.625
2026-09-23T17:25:00Z,2026-09-23T17:30:00Z,596.635,597.125,596.515,596.705
2026-09-23T17:30:00Z,2026-09-23T17:35:00Z,596.71,597.84,596.465,597.745
2026-09-23T17:35:00Z,2026-09-23T17:40:00Z,597.74,597.84,597.31,597.625
2026-09-23T17:40:00Z,2026-09-23T17:45:00Z,597.625,599.56,597.21,599.475
2026-09-23T17:45:00Z,2026-09-23T17:50:00Z,599.49,599.79,599.085,599.63
2026-09-23T17:50:00Z,2026-09-23T17:55:00Z,599.635,599.965,599.31,599.79
2026-09-23T17:55:00Z,2026-09-23T18:00:00Z,599.8,599.985,599.51,599.98
2026-09-23T18:00:00Z,2026-09-23T18:05:00Z,599.975,600.215,598.865,598.91
2026-09-23T18:05:00Z,2026-09-23T18:10:00Z,598.925,599.975,598.89,599.435
2026-09-23T18:10:00Z,2026-09-23T18:15:00Z,599.445,599.65,599.2,599.58
2026-09-23T18:15:00Z,2026-09-23T18:20:00Z,599.555,600.465,599.42,600.12
2026-09-23T18:20:00Z,2026-09-23T18:25:00Z,600.115,600.25,599.75,600.17
2026-09-23T18:25:00Z,2026-09-23T18:30:00Z,600.175,600.375,599.99,600.115
2026-09-23T18:30:00Z,2026-09-23T18:35:00Z,600.095,600.17,599.605,600.025
2026-09-23T18:35:00Z,2026-09-23T18:40:00Z,600.04,600.275,599.535,599.62
2026-09-23T18:40:00Z,2026-09-23T18:45:00Z,599.645,599.99,599.39,599.86
2026-09-23T18:45:00Z,2026-09-23T18:50:00Z,599.855,600.305,599.555,600.235
2026-09-23T18:50:00Z,2026-09-23T18:55:00Z,600.21,600.365,599.835,599.87
2026-09-23T18:55:00Z,2026-09-23T19:00:00Z,599.88,600.575,599.81,600.4
2026-09-23T19:00:00Z,2026-09-23T19:05:00Z,600.39,600.64,599.575,599.65
2026-09-23T19:05:00Z,2026-09-23T19:10:00Z,599.645,601.02,599.55,600.24
2026-09-23T19:10:00Z,2026-09-23T19:15:00Z,600.225,600.43,599.615,599.925
2026-09-23T19:15:00Z,2026-09-23T19:20:00Z,599.93,600.09,599.16,599.74
2026-09-23T19:20:00Z,2026-09-23T19:25:00Z,599.725,600.03,599.6,599.83
2026-09-23T19:25:00Z,2026-09-23T19:30:00Z,599.805,600.095,599.585,599.7
2026-09-23T19:30:00Z,2026-09-23T19:35:00Z,599.74,600.475,599.52,600.45
2026-09-23T19:35:00Z,2026-09-23T19:40:00Z,600.465,600.96,600.17,600.91
2026-09-23T19:40:00Z,2026-09-23T19:45:00Z,600.92,601.2,600.05,600.325
2026-09-23T19:45:00Z,2026-09-23T19:50:00Z,600.32,600.775,600.02,600.6
2026-09-23T19:50:00Z,2026-09-23T19:55:00Z,600.605,600.605,598.955,599.185
2026-09-23T19:55:00Z,2026-09-23T20:00:00Z,599.175,601.295,599.175,601.06
2026-09-24T13:30:00Z,2026-09-24T13:35:00Z,591.675,591.765,588.965,590.155
2026-09-24T13:35:00Z,2026-09-24T13:40:00Z,590.15,593.465,589.88,593.095
2026-09-24T13:40:00Z,2026-09-24T13:45:00Z,593.09,593.515,591.905,593.425
2026-09-24T13:45:00Z,2026-09-24T13:50:00Z,593.435,596.295,593.43,594.085
2026-09-24T13:50:00Z,2026-09-24T13:55:00Z,594.125,594.925,592.09,592.465
2026-09-24T13:55:00Z,2026-09-24T14:00:00Z,592.435,593.59,591.95,593.355
2026-09-24T14:00:00Z,2026-09-24T14:05:00Z,593.365,594.85,593.095,594.67
2026-09-24T14:05:00Z,2026-09-24T14:10:00Z,594.665,594.79,593.295,593.295
2026-09-24T14:10:00Z,2026-09-24T14:15:00Z,593.375,593.57,592.54,593.37
2026-09-24T14:15:00Z,2026-09-24T14:20:00Z,593.35,593.9,592.51,593.03
2026-09-24T14:20:00Z,2026-09-24T14:25:00Z,593.05,593.855,592.98,593.235
2026-09-24T14:25:00Z,2026-09-24T14:30:00Z,593.24,594.565,593.19,594.565
2026-09-24T14:30:00Z,2026-09-24T14:35:00Z,594.515,595.215,593.83,594.895
2026-09-24T14:35:00Z,2026-09-24T14:40:00Z,594.89,594.98,592.975,593.325
2026-09-24T14:40:00Z,2026-09-24T14:45:00Z,593.36,594.06,592.57,592.65
2026-09-24T14:45:00Z,2026-09-24T14:50:00Z,592.68,593.495,592.53,592.84
2026-09-24T14:50:00Z,2026-09-24T14:55:00Z,592.835,593.185,591.395,591.865
2026-09-24T14:55:00Z,2026-09-24T15:00:00Z,591.875,591.935,591.145,591.42
2026-09-24T15:00:00Z,2026-09-24T15:05:00Z,591.415,592.48,591.405,592.055
2026-09-24T15:05:00Z,2026-09-24T15:10:00Z,592.035,592.29,590.825,590.9
2026-09-24T15:10:00Z,2026-09-24T15:15:00Z,590.85,591.695,590.845,591.295
2026-09-24T15:15:00Z,2026-09-24T15:20:00Z,591.29,592.23,591.06,591.26
2026-09-24T15:20:00Z,2026-09-24T15:25:00Z,591.245,592.61,591.05,592.585
2026-09-24T15:25:00Z,2026-09-24T15:30:00Z,592.59,592.635,591.565,591.72
2026-09-24T15:30:00Z,2026-09-24T15:35:00Z,591.73,592.08,591.335,591.975
2026-09-24T15:35:00Z,2026-09-24T15:40:00Z,591.985,592.405,591.715,592.055
2026-09-24T15:40:00Z,2026-09-24T15:45:00Z,592.09,592.925,591.855,592.805
2026-09-24T15:45:00Z,2026-09-24T15:50:00Z,592.83,593.215,592.395,592.565
2026-09-24T15:50:00Z,2026-09-24T15:55:00Z,592.55,593.98,592.535,593.86
2026-09-24T15:55:00Z,2026-09-24T16:00:00Z,593.865,594.02,593.235,593.245
2026-09-24T16:00:00Z,2026-09-24T16:05:00Z,593.24,593.32,592.18,592.785
2026-09-24T16:05:00Z,2026-09-24T16:10:00Z,592.795,592.815,592.11,592.34
2026-09-24T16:10:00Z,2026-09-24T16:15:00Z,592.345,592.965,591.945,592.955
2026-09-24T16:15:00Z,2026-09-24T16:20:00Z,593.055,598.775,593.045,597.54
2026-09-24T16:20:00Z,2026-09-24T16:25:00Z,597.545,598.66,596.695,597.475
2026-09-24T16:25:00Z,2026-09-24T16:30:00Z,597.48,597.66,596.305,597.17
2026-09-24T16:30:00Z,2026-09-24T16:35:00Z,597.16,597.47,596.585,597.175
2026-09-24T16:35:00Z,2026-09-24T16:40:00Z,597.18,599.515,597.1,599.245
2026-09-24T16:40:00Z,2026-09-24T16:45:00Z,599.245,601.4,599.08,599.805
2026-09-24T16:45:00Z,2026-09-24T16:50:00Z,599.815,600.615,599.005,600.45
2026-09-24T16:50:00Z,2026-09-24T16:55:00Z,600.46,601.13,599.61,599.94
2026-09-24T16:55:00Z,2026-09-24T17:00:00Z,599.93,601.175,599.79,600.86
2026-09-24T17:00:00Z,2026-09-24T17:05:00Z,600.79,601.675,599.98,601.505
2026-09-24T17:05:00Z,2026-09-24T17:10:00Z,601.5,601.99,600.985,601.07
2026-09-24T17:10:00Z,2026-09-24T17:15:00Z,601.07,601.095,599.69,600.35
2026-09-24T17:15:00Z,2026-09-24T17:20:00Z,600.355,600.435,599.175,599.185
2026-09-24T17:20:00Z,2026-09-24T17:25:00Z,599.18,599.525,598.755,598.915
2026-09-24T17:25:00Z,2026-09-24T17:30:00Z,598.92,599.12,597.965,598.78
2026-09-24T17:30:00Z,2026-09-24T17:35:00Z,598.765,599.51,598.575,598.615
2026-09-24T17:35:00Z,2026-09-24T17:40:00Z,598.61,598.935,598.14,598.525
2026-09-24T17:40:00Z,2026-09-24T17:45:00Z,598.52,598.94,597.29,597.305
2026-09-24T17:45:00Z,2026-09-24T17:50:00Z,597.3,598.41,597.065,598.23
2026-09-24T17:50:00Z,2026-09-24T17:55:00Z,598.225,598.285,596.865,597.135
2026-09-24T17:55:00Z,2026-09-24T18:00:00Z,597.14,597.825,596.975,597.505
2026-09-24T18:00:00Z,2026-09-24T18:05:00Z,597.51,597.535,595.14,595.195
2026-09-24T18:05:00Z,2026-09-24T18:10:00Z,595.165,596.73,595.07,596.49
2026-09-24T18:10:00Z,2026-09-24T18:15:00Z,596.545,597.29,596.545,597.065
2026-09-24T18:15:00Z,2026-09-24T18:20:00Z,597.07,597.91,597.01,597.4
2026-09-24T18:20:00Z,2026-09-24T18:25:00Z,597.445,597.905,596.985,597.865
2026-09-24T18:25:00Z,2026-09-24T18:30:00Z,597.825,598.97,597.775,598.43
2026-09-24T18:30:00Z,2026-09-24T18:35:00Z,598.415,598.695,597.855,597.875
2026-09-24T18:35:00Z,2026-09-24T18:40:00Z,597.87,599.8,597.445,598.93
2026-09-24T18:40:00Z,2026-09-24T18:45:00Z,598.935,598.935,597.89,598.27
2026-09-24T18:45:00Z,2026-09-24T18:50:00Z,598.265,598.85,598.22,598.71
2026-09-24T18:50:00Z,2026-09-24T18:55:00Z,598.73,599.69,598.625,599.515
2026-09-24T18:55:00Z,2026-09-24T19:00:00Z,599.52,600.395,599.52,600.05
2026-09-24T19:00:00Z,2026-09-24T19:05:00Z,600.055,600.145,598.855,599.095
2026-09-24T19:05:00Z,2026-09-24T19:10:00Z,599.09,599.505,598.965,599.185
2026-09-24T19:10:00Z,2026-09-24T19:15:00Z,599.185,599.33,598.5,598.52
2026-09-24T19:15:00Z,2026-09-24T19:20:00Z,598.515,599.815,598.515,599.65
2026-09-24T19:20:00Z,2026-09-24T19:25:00Z,599.65,599.93,599.42,599.78
2026-09-24T19:25:00Z,2026-09-24T19:30:00Z,599.79,600.045,599.115,599.14
2026-09-24T19:30:00Z,2026-09-24T19:35:00Z,599.215,599.925,599.07,599.885
2026-09-24T19:35:00Z,2026-09-24T19:40:00Z,599.875,599.97,599.51,599.77
2026-09-24T19:40:00Z,2026-09-24T19:45:00Z,599.76,599.905,599.32,599.725
2026-09-24T19:45:00Z,2026-09-24T19:50:00Z,599.72,599.9,599.57,599.66
2026-09-24T19:50:00Z,2026-09-24T19:55:00Z,599.65,600.655,599.65,600.58
2026-09-24T19:55:00Z,2026-09-24T20:00:00Z,600.575,600.795,600.235,600.655
2026-09-25T13:30:00Z,2026-09-25T13:35:00Z,605.315,606.9,603.26,606.89
2026-09-25T13:35:00Z,2026-09-25T13:40:00Z,606.895,607.73,606.44,607.505
2026-09-25T13:40:00Z,2026-09-25T13:45:00Z,607.5,607.98,606.55,607.495
2026-09-25T13:45:00Z,2026-09-25T13:50:00Z,607.52,607.91,606.48,607.23
2026-09-25T13:50:00Z,2026-09-25T13:55:00Z,607.23,609.27,606.745,609.18
2026-09-25T13:55:00Z,2026-09-25T14:00:00Z,609.18,609.62,608.285,608.905
2026-09-25T14:00:00Z,2026-09-25T14:05:00Z,608.915,609.4,606.825,607.03
2026-09-25T14:05:00Z,2026-09-25T14:10:00Z,607.025,607.08,605.25,606.86
2026-09-25T14:10:00Z,2026-09-25T14:15:00Z,606.865,608.16,605.21,605.23
2026-09-25T14:15:00Z,2026-09-25T14:20:00Z,605.205,605.205,602.465,603.225
2026-09-25T14:20:00Z,2026-09-25T14:25:00Z,603.235,604.465,602.865,604.245
2026-09-25T14:25:00Z,2026-09-25T14:30:00Z,604.265,604.635,602.535,602.655
2026-09-25T14:30:00Z,2026-09-25T14:35:00Z,602.66,604.5,602.28,604.375
2026-09-25T14:35:00Z,2026-09-25T14:40:00Z,604.37,604.74,604.1,604.55
2026-09-25T14:40:00Z,2026-09-25T14:45:00Z,604.55,604.695,602.82,604.13
2026-09-25T14:45:00Z,2026-09-25T14:50:00Z,604.115,605.61,603.42,605.48
2026-09-25T14:50:00Z,2026-09-25T14:55:00Z,605.47,605.475,604.285,605.25
2026-09-25T14:55:00Z,2026-09-25T15:00:00Z,605.255,606.49,605.21,606.4
2026-09-25T15:00:00Z,2026-09-25T15:05:00Z,606.405,607.3,605.965,606.95
2026-09-25T15:05:00Z,2026-09-25T15:10:00Z,606.955,607.185,606.35,606.395
2026-09-25T15:10:00Z,2026-09-25T15:15:00Z,606.39,606.41,605.345,605.92
2026-09-25T15:15:00Z,2026-09-25T15:20:00Z,605.91,606.57,605.72,605.965
2026-09-25T15:20:00Z,2026-09-25T15:25:00Z,605.975,606.505,605.67,605.745
2026-09-25T15:25:00Z,2026-09-25T15:30:00Z,605.755,605.845,604.96,605.245
2026-09-25T15:30:00Z,2026-09-25T15:35:00Z,605.27,606.42,604.78,604.87
2026-09-25T15:35:00Z,2026-09-25T15:40:00Z,604.85,605.14,603.045,603.495
2026-09-25T15:40:00Z,2026-09-25T15:45:00Z,603.5,604.175,603.13,603.19
2026-09-25T15:45:00Z,2026-09-25T15:50:00Z,603.185,604.48,602.91,604.415
2026-09-25T15:50:00Z,2026-09-25T15:55:00Z,604.42,604.57,603.155,604.38
2026-09-25T15:55:00Z,2026-09-25T16:00:00Z,604.39,606.435,604.28,606.305
2026-09-25T16:00:00Z,2026-09-25T16:05:00Z,606.315,608.16,606.005,608.135
2026-09-25T16:05:00Z,2026-09-25T16:10:00Z,608.13,609.015,607.675,608.995
2026-09-25T16:10:00Z,2026-09-25T16:15:00Z,609.02,609.54,607.96,608.33
2026-09-25T16:15:00Z,2026-09-25T16:20:00Z,608.32,609.33,607.71,608.005
2026-09-25T16:20:00Z,2026-09-25T16:25:00Z,607.98,608.045,606.62,607.23
2026-09-25T16:25:00Z,2026-09-25T16:30:00Z,607.205,608.59,607.105,608.485
2026-09-25T16:30:00Z,2026-09-25T16:35:00Z,608.5,608.685,607.195,607.63
2026-09-25T16:35:00Z,2026-09-25T16:40:00Z,607.64,608.805,607.615,608.08
2026-09-25T16:40:00Z,2026-09-25T16:45:00Z,608.08,608.585,607.8,608.28
2026-09-25T16:45:00Z,2026-09-25T16:50:00Z,608.285,608.53,607.365,607.835
2026-09-25T16:50:00Z,2026-09-25T16:55:00Z,607.825,608.175,607.525,607.735
2026-09-25T16:55:00Z,2026-09-25T17:00:00Z,607.725,607.905,606.835,607.245
2026-09-25T17:00:00Z,2026-09-25T17:05:00Z,607.245,608.325,607.19,607.99
2026-09-25T17:05:00Z,2026-09-25T17:10:00Z,607.99,608.45,607.845,608.425
2026-09-25T17:10:00Z,2026-09-25T17:15:00Z,608.42,608.65,607.835,608.62
2026-09-25T17:15:00Z,2026-09-25T17:20:00Z,608.625,608.745,608.085,608.155
2026-09-25T17:20:00Z,2026-09-25T17:25:00Z,608.17,608.26,608.025,608.135
2026-09-25T17:25:00Z,2026-09-25T17:30:00Z,608.13,608.165,607.675,607.77
2026-09-25T17:30:00Z,2026-09-25T17:35:00Z,607.795,607.865,607.035,607.205
2026-09-25T17:35:00Z,2026-09-25T17:40:00Z,607.215,607.68,606.72,607.41
2026-09-25T17:40:00Z,2026-09-25T17:45:00Z,607.435,607.88,607.28,607.715
2026-09-25T17:45:00Z,2026-09-25T17:50:00Z,607.695,607.895,607.495,607.815
2026-09-25T17:50:00Z,2026-09-25T17:55:00Z,607.815,607.85,607.045,607.21
2026-09-25T17:55:00Z,2026-09-25T18:00:00Z,607.285,607.635,607.225,607.48
2026-09-25T18:00:00Z,2026-09-25T18:05:00Z,607.485,607.58,607.23,607.26
2026-09-25T18:05:00Z,2026-09-25T18:10:00Z,607.24,607.655,607.11,607.6
2026-09-25T18:10:00Z,2026-09-25T18:15:00Z,607.595,608.07,607.37,608.03
2026-09-25T18:15:00Z,2026-09-25T18:20:00Z,608.04,608.105,607.59,607.735
2026-09-25T18:20:00Z,2026-09-25T18:25:00Z,607.725,608.085,607.635,608.035
2026-09-25T18:25:00Z,2026-09-25T18:30:00Z,608.04,608.055,606.625,607.11
2026-09-25T18:30:00Z,2026-09-25T18:35:00Z,607.14,607.49,607.05,607.19
2026-09-25T18:35:00Z,2026-09-25T18:40:00Z,607.19,607.36,606.415,606.42
2026-09-25T18:40:00Z,2026-09-25T18:45:00Z,606.455,606.91,606.26,606.9
2026-09-25T18:45:00Z,2026-09-25T18:50:00Z,606.905,607.005,606.48,606.72
2026-09-25T18:50:00Z,2026-09-25T18:55:00Z,606.725,606.735,606.21,606.26
2026-09-25T18:55:00Z,2026-09-25T19:00:00Z,606.27,606.465,606.045,606.075
2026-09-25T19:00:00Z,2026-09-25T19:05:00Z,606.08,606.645,605.675,606.54
2026-09-25T19:05:00Z,2026-09-25T19:10:00Z,606.54,606.965,606.51,606.7
2026-09-25T19:10:00Z,2026-09-25T19:15:00Z,606.695,607.155,606.58,607.11
2026-09-25T19:15:00Z,2026-09-25T19:20:00Z,607.12,607.205,606.745,606.745
2026-09-25T19:20:00Z,2026-09-25T19:25:00Z,606.75,606.96,606.495,606.8
2026-09-25T19:25:00Z,2026-09-25T19:30:00Z,606.78,606.9,606.41,606.73
2026-09-25T19:30:00Z,2026-09-25T19:35:00Z,606.74,606.74,605.795,605.795
2026-09-25T19:35:00Z,2026-09-25T19:40:00Z,605.8,606.52,605.45,606.385
2026-09-25T19:40:00Z,2026-09-25T19:45:00Z,606.39,606.85,606.13,606.695
2026-09-25T19:45:00Z,2026-09-25T19:50:00Z,606.705,607.485,606.705,607.38
2026-09-25T19:50:00Z,2026-09-25T19:55:00Z,607.36,608.01,607.21,607.46
2026-09-25T19:55:00Z,2026-09-25T20:00:00Z,607.445,607.685,606.44,606.63
2026-09-28T13:30:00Z,2026-09-28T13:35:00Z,605.155,607.955,604.29,605.045
2026-09-28T13:35:00Z,2026-09-28T13:40:00Z,605.035,605.055,602.62,603.27
2026-09-28T13:40:00Z,2026-09-28T13:45:00Z,603.245,603.755,601.36,601.57
2026-09-28T13:45:00Z,2026-09-28T13:50:00Z,601.575,602.625,600.92,602.18
2026-09-28T13:50:00Z,2026-09-28T13:55:00Z,602.175,602.47,599.93,602.24
2026-09-28T13:55:00Z,2026-09-28T14:00:00Z,602.235,602.9,601.435,602.225
2026-09-28T14:00:00Z,2026-09-28T14:05:00Z,602.245,602.57,600.435,600.51
2026-09-28T14:05:00Z,2026-09-28T14:10:00Z,600.53,600.6,599.58,599.785
2026-09-28T14:10:00Z,2026-09-28T14:15:00Z,599.78,599.78,596.825,597.12
2026-09-28T14:15:00Z,2026-09-28T14:20:00Z,597.125,599.46,597.105,599.19
2026-09-28T14:20:00Z,2026-09-28T14:25:00Z,599.185,600.295,598.56,599.61
2026-09-28T14:25:00Z,2026-09-28T14:30:00Z,599.605,599.605,598.44,598.635
2026-09-28T14:30:00Z,2026-09-28T14:35:00Z,598.63,599.605,598.38,599.165
2026-09-28T14:35:00Z,2026-09-28T14:40:00Z,599.14,599.255,596.855,597.51
2026-09-28T14:40:00Z,2026-09-28T14:45:00Z,597.55,598.035,594.615,594.795
2026-09-28T14:45:00Z,2026-09-28T14:50:00Z,594.84,594.995,591.935,593.055
2026-09-28T14:50:00Z,2026-09-28T14:55:00Z,593.04,593.835,592.33,592.94
2026-09-28T14:55:00Z,2026-09-28T15:00:00Z,592.88,594.565,592.76,594.095
2026-09-28T15:00:00Z,2026-09-28T15:05:00Z,594.2,594.87,593.815,594.56
2026-09-28T15:05:00Z,2026-09-28T15:10:00Z,594.565,595.65,593.88,595.35
2026-09-28T15:10:00Z,2026-09-28T15:15:00Z,595.35,595.495,594.425,594.64
2026-09-28T15:15:00Z,2026-09-28T15:20:00Z,594.64,594.64,593.245,593.93
2026-09-28T15:20:00Z,2026-09-28T15:25:00Z,593.94,594.655,593.275,594.505
2026-09-28T15:25:00Z,2026-09-28T15:30:00Z,594.51,595.785,594.365,595.68
2026-09-28T15:30:00Z,2026-09-28T15:35:00Z,595.665,596.1,595.275,595.875
2026-09-28T15:35:00Z,2026-09-28T15:40:00Z,595.9,597.105,595.71,596.95
2026-09-28T15:40:00Z,2026-09-28T15:45:00Z,596.965,597.005,595.495,595.56
