from,to,open,high,low,close
2026-09-23T17:41:00Z,2026-09-23T17:42:00Z,597.61,598.38,597.455,598.23
2026-09-23T17:42:00Z,2026-09-23T17:43:00Z,598.22,598.69,598.175,598.675
2026-09-23T17:43:00Z,2026-09-23T17:44:00Z,598.675,599.535,598.675,599.44
2026-09-23T17:44:00Z,2026-09-23T17:45:00Z,599.455,599.56,599.225,599.475
2026-09-23T17:45:00Z,2026-09-23T17:46:00Z,599.49,599.64,599.085,599.39
2026-09-23T17:46:00Z,2026-09-23T17:47:00Z,599.365,599.73,599.34,599.435
2026-09-23T17:47:00Z,2026-09-23T17:48:00Z,599.445,599.79,599.35,599.56
2026-09-23T17:48:00Z,2026-09-23T17:49:00Z,599.585,599.6,599.295,599.51
2026-09-23T17:49:00Z,2026-09-23T17:50:00Z,599.52,599.78,599.52,599.63
2026-09-23T17:50:00Z,2026-09-23T17:51:00Z,599.635,599.965,599.475,599.605
2026-09-23T17:51:00Z,2026-09-23T17:52:00Z,599.585,599.775,599.585,599.66
2026-09-23T17:52:00Z,2026-09-23T17:53:00Z,599.665,599.805,599.595,599.76
2026-09-23T17:53:00Z,2026-09-23T17:54:00Z,599.765,599.88,599.34,599.41
2026-09-23T17:54:00Z,2026-09-23T17:55:00Z,599.4,599.79,599.31,599.79
2026-09-23T17:55:00Z,2026-09-23T17:56:00Z,599.8,599.945,599.585,599.63
2026-09-23T17:56:00Z,2026-09-23T17:57:00Z,599.625,599.815,599.575,599.67
2026-09-23T17:57:00Z,2026-09-23T17:58:00Z,599.675,599.84,599.51,599.81
2026-09-23T17:58:00Z,2026-09-23T17:59:00Z,599.82,599.86,599.67,599.815
2026-09-23T17:59:00Z,2026-09-23T18:00:00Z,599.81,599.985,599.735,599.98
2026-09-23T18:00:00Z,2026-09-23T18:01:00Z,599.975,600.215,599.9,600.08
2026-09-23T18:01:00Z,2026-09-23T18:02:00Z,600.085,600.085,599.63,599.815
2026-09-23T18:02:00Z,2026-09-23T18:03:00Z,599.825,599.895,599.67,599.755
2026-09-23T18:03:00Z,2026-09-23T18:04:00Z,599.775,599.805,599.135,599.135
2026-09-23T18:04:00Z,2026-09-23T18:05:00Z,599.14,599.155,598.865,598.91
2026-09-23T18:05:00Z,2026-09-23T18:06:00Z,598.925,599.255,598.89,599.255
2026-09-23T18:06:00Z,2026-09-23T18:07:00Z,599.245,599.58,599.195,599.37
2026-09-23T18:07:00Z,2026-09-23T18:08:00Z,599.355,599.775,599.305,599.775
2026-09-23T18:08:00Z,2026-09-23T18:09:00Z,599.77,599.975,599.655,599.77
2026-09-23T18:09:00Z,2026-09-23T18:10:00Z,599.795,599.805,599.41,599.435
2026-09-23T18:10:00Z,2026-09-23T18:11:00Z,599.445,599.65,599.365,599.38
2026-09-23T18:11:00Z,2026-09-23T18:12:00Z,599.335,599.615,599.335,599.465
2026-09-23T18:12:00Z,2026-09-23T18:13:00Z,599.47,599.48,599.2,599.285
2026-09-23T18:13:00Z,2026-09-23T18:14:00Z,599.315,599.43,599.25,599.375
2026-09-23T18:14:00Z,2026-09-23T18:15:00Z,599.37,599.59,599.245,599.58
2026-09-23T18:15:00Z,2026-09-23T18:16:00Z,599.555,599.86,599.42,599.81
2026-09-23T18:16:00Z,2026-09-23T18:17:00Z,599.83,600.195,599.825,600.14
2026-09-23T18:17:00Z,2026-09-23T18:18:00Z,600.15,600.33,600.135,600.25
2026-09-23T18:18:00Z,2026-09-23T18:19:00Z,600.29,600.465,600.155,600.46
2026-09-23T18:19:00Z,2026-09-23T18:20:00Z,600.455,600.455,600.01,600.12
2026-09-23T18:20:00Z,2026-09-23T18:21:00Z,600.115,600.15,599.935,600.07
2026-09-23T18:21:00Z,2026-09-23T18:22:00Z,600.075,600.1,599.75,599.79
2026-09-23T18:22:00Z,2026-09-23T18:23:00Z,599.79,599.98,599.775,599.96
2026-09-23T18:23:00Z,2026-09-23T18:24:00Z,599.93,600.105,599.8,600.055
2026-09-23T18:24:00Z,2026-09-23T18:25:00Z,600.05,600.25,600.04,600.17
2026-09-23T18:25:00Z,2026-09-23T18:26:00Z,600.175,600.29,600.11,600.13
2026-09-23T18:26:00Z,2026-09-23T18:27:00Z,600.15,600.345,599.995,600.04
2026-09-23T18:27:00Z,2026-09-23T18:28:00Z,600.03,600.375,600.005,600.19
2026-09-23T18:28:00Z,2026-09-23T18:29:00Z,600.18,600.225,600.025,600.12
2026-09-23T18:29:00Z,2026-09-23T18:30:00Z,600.125,600.18,599.99,600.115
2026-09-23T18:30:00Z,2026-09-23T18:31:00Z,600.095,600.125,599.8,599.82
2026-09-23T18:31:00Z,2026-09-23T18:32:00Z,599.815,599.855,599.605,599.755
2026-09-23T18:32:00Z,2026-09-23T18:33:00Z,599.765,599.905,599.625,599.905
2026-09-23T18:33:00Z,2026-09-23T18:34:00Z,599.915,599.965,599.76,599.89
2026-09-23T18:34:00Z,2026-09-23T18:35:00Z,599.88,600.17,599.725,600.025
2026-09-23T18:35:00Z,2026-09-23T18:36:00Z,600.04,600.23,599.995,600.11
2026-09-23T18:36:00Z,2026-09-23T18:37:00Z,600.09,600.275,600.08,600.11
2026-09-23T18:37:00Z,2026-09-23T18:38:00Z,600.1,600.12,599.825,599.825
2026-09-23T18:38:00Z,2026-09-23T18:39:00Z,599.84,599.845,599.535,599.715
2026-09-23T18:39:00Z,2026-09-23T18:40:00Z,599.71,599.8,599.57,599.62
2026-09-23T18:40:00Z,2026-09-23T18:41:00Z,599.645,599.925,599.635,599.83
2026-09-23T18:41:00Z,2026-09-23T18:42:00Z,599.845,599.865,599.395,599.395
2026-09-23T18:42:00Z,2026-09-23T18:43:00Z,599.415,599.775,599.39,599.655
2026-09-23T18:43:00Z,2026-09-23T18:44:00Z,599.665,599.99,599.665,599.96
2026-09-23T18:44:00Z,2026-09-23T18:45:00Z,599.97,599.985,599.79,599.86
2026-09-23T18:45:00Z,2026-09-23T18:46:00Z,599.855,599.985,599.775,599.9
2026-09-23T18:46:00Z,2026-09-23T18:47:00Z,599.89,599.94,599.695,599.73
2026-09-23T18:47:00Z,2026-09-23T18:48:00Z,599.715,599.865,599.69,599.77
2026-09-23T18:48:00Z,2026-09-23T18:49:00Z,599.755,599.97,599.555,599.97
2026-09-23T18:49:00Z,2026-09-23T18:50:00Z,599.965,600.305,599.9,600.235
2026-09-23T18:50:00Z,2026-09-23T18:51:00Z,600.21,600.365,600.075,600.1
2026-09-23T18:51:00Z,2026-09-23T18:52:00Z,600.105,600.24,600.085,600.2
2026-09-23T18:52:00Z,2026-09-23T18:53:00Z,600.175,600.305,599.88,599.94
2026-09-23T18:53:00Z,2026-09-23T18:54:00Z,599.94,600.11,599.88,600.075
2026-09-23T18:54:00Z,2026-09-23T18:55:00Z,600.07,600.07,599.835,599.87
2026-09-23T18:55:00Z,2026-09-23T18:56:00Z,599.88,600.125,599.81,600.1
2026-09-23T18:56:00Z,2026-09-23T18:57:00Z,600.105,600.25,600.055,600.21
2026-09-23T18:57:00Z,2026-09-23T18:58:00Z,600.23,600.42,600.1,600.405
2026-09-23T18:58:00Z,2026-09-23T18:59:00Z,600.415,600.45,600.34,600.44
2026-09-23T18:59:00Z,2026-09-23T19:00:00Z,600.435,600.575,600.31,600.4
2026-09-23T19:00:00Z,2026-09-23T19:01:00Z,600.39,600.48,599.97,600.42
2026-09-23T19:01:00Z,2026-09-23T19:02:00Z,600.39,600.64,600.36,600.425
2026-09-23T19:02:00Z,2026-09-23T19:03:00Z,600.43,600.44,600.085,600.11
2026-09-23T19:03:00Z,2026-09-23T19:04:00Z,600.12,600.3,599.575,599.61
2026-09-23T19:04:00Z,2026-09-23T19:05:00Z,599.605,599.81,599.58,599.65
2026-09-23T19:05:00Z,2026-09-23T19:06:00Z,599.645,599.885,599.55,599.85
2026-09-23T19:06:00Z,2026-09-23T19:07:00Z,599.865,600.255,599.755,600.25
2026-09-23T19:07:00Z,2026-09-23T19:08:00Z,600.245,601.02,600.215,600.805
2026-09-23T19:08:00Z,2026-09-23T19:09:00Z,600.83,600.91,600.735,600.77
2026-09-23T19:09:00Z,2026-09-23T19:10:00Z,600.78,600.8,600.155,600.24
2026-09-23T19:10:00Z,2026-09-23T19:11:00Z,600.225,600.43,600.225,600.31
2026-09-23T19:11:00Z,2026-09-23T19:12:00Z,600.305,600.33,600.045,600.065
2026-09-23T19:12:00Z,2026-09-23T19:13:00Z,600.07,600.135,599.705,599.78
2026-09-23T19:13:00Z,2026-09-23T19:14:00Z,599.775,599.985,599.615,599.975
2026-09-23T19:14:00Z,2026-09-23T19:15:00Z,599.98,600.145,599.88,599.925
2026-09-23T19:15:00Z,2026-09-23T19:16:00Z,599.93,600.09,599.475,599.515
2026-09-23T19:16:00Z,2026-09-23T19:17:00Z,599.535,599.61,599.265,599.265
2026-09-23T19:17:00Z,2026-09-23T19:18:00Z,599.275,599.6,599.16,599.59
2026-09-23T19:18:00Z,2026-09-23T19:19:00Z,599.585,599.855,599.505,599.825
2026-09-23T19:19:00Z,2026-09-23T19:20:00Z,599.815,600.005,599.565,599.74
2026-09-23T19:20:00Z,2026-09-23T19:21:00Z,599.725,599.87,599.6,599.805
2026-09-23T19:21:00Z,2026-09-23T19:22:00Z,599.795,600.03,599.775,599.97
2026-09-23T19:22:00Z,2026-09-23T19:23:00Z,599.985,599.995,599.64,599.665
2026-09-23T19:23:00Z,2026-09-23T19:24:00Z,599.67,599.88,599.67,599.795
2026-09-23T19:24:00Z,2026-09-23T19:25:00Z,599.795,599.84,599.71,599.83
2026-09-23T19:25:00Z,2026-09-23T19:26:00Z,599.805,600.05,599.62,599.65
2026-09-23T19:26:00Z,2026-09-23T19:27:00Z,599.67,599.885,599.625,599.73
2026-09-23T19:27:00Z,2026-09-23T19:28:00Z,599.735,600.095,599.625,600.05
2026-09-23T19:28:00Z,2026-09-23T19:29:00Z,600.055,600.07,599.77,599.78
2026-09-23T19:29:00Z,2026-09-23T19:30:00Z,599.77,599.895,599.585,599.7
2026-09-23T19:30:00Z,2026-09-23T19:31:00Z,599.74,600.165,599.52,599.975
2026-09-23T19:31:00Z,2026-09-23T19:32:00Z,599.985,599.985,599.805,599.97
2026-09-23T19:32:00Z,2026-09-23T19:33:00Z,600,600.24,599.935,600.21
2026-09-23T19:33:00Z,2026-09-23T19:34:00Z,600.22,600.44,600.07,600.405
2026-09-23T19:34:00Z,2026-09-23T19:35:00Z,600.41,600.475,600.2,600.45
2026-09-23T19:35:00Z,2026-09-23T19:36:00Z,600.465,600.53,600.17,600.52
2026-09-23T19:36:00Z,2026-09-23T19:37:00Z,600.525,600.75,600.485,600.695
2026-09-23T19:37:00Z,2026-09-23T19:38:00Z,600.715,600.845,600.4,600.84
2026-09-23T19:38:00Z,2026-09-23T19:39:00Z,600.83,600.845,600.51,600.575
2026-09-23T19:39:00Z,2026-09-23T19:40:00Z,600.57,600.96,600.51,600.91
2026-09-23T19:40:00Z,2026-09-23T19:41:00Z,600.92,601.2,600.78,601.025
2026-09-23T19:41:00Z,2026-09-23T19:42:00Z,601.03,601.035,600.635,600.78
2026-09-23T19:42:00Z,2026-09-23T19:43:00Z,600.785,600.815,600.245,600.31
2026-09-23T19:43:00Z,2026-09-23T19:44:00Z,600.355,600.375,600.075,600.315
2026-09-23T19:44:00Z,2026-09-23T19:45:00Z,600.335,600.365,600.05,600.325
2026-09-23T19:45:00Z,2026-09-23T19:46:00Z,600.32,600.36,600.02,600.36
2026-09-23T19:46:00Z,2026-09-23T19:47:00Z,600.435,600.45,600.125,600.385
2026-09-23T19:47:00Z,2026-09-23T19:48:00Z,600.395,600.68,600.235,600.675
2026-09-23T19:48:00Z,2026-09-23T19:49:00Z,600.68,600.725,600.455,600.665
2026-09-23T19:49:00Z,2026-09-23T19:50:00Z,600.67,600.775,600.48,600.6
2026-09-23T19:50:00Z,2026-09-23T19:51:00Z,600.605,600.605,599.605,599.895
2026-09-23T19:51:00Z,2026-09-23T19:52:00Z,599.9,600.065,599.47,599.5
2026-09-23T19:52:00Z,2026-09-23T19:53:00Z,599.505,599.505,598.955,599.125
2026-09-23T19:53:00Z,2026-09-23T19:54:00Z,599.13,599.72,599.13,599.715
2026-09-23T19:54:00Z,2026-09-23T19:55:00Z,599.72,599.81,599.085,599.185
2026-09-23T19:55:00Z,2026-09-23T19:56:00Z,599.175,600.25,599.175,599.77
2026-09-23T19:56:00Z,2026-09-23T19:57:00Z,599.835,599.835,599.56,599.765
2026-09-23T19:57:00Z,2026-09-23T19:58:00Z,599.755,600.57,599.755,600.445
2026-09-23T19:58:00Z,2026-09-23T19:59:00Z,600.435,600.565,600.375,600.48
2026-09-23T19:59:00Z,2026-09-23T20:00:00Z,600.47,601.295,600.08,601.06
2026-09-24T13:30:00Z,2026-09-24T13:31:00Z,591.675,591.765,590.415,590.88
2026-09-24T13:31:00Z,2026-09-24T13:32:00Z,591.12,591.12,589.455,590.47
2026-09-24T13:32:00Z,2026-09-24T13:33:00Z,590.49,591.125,589.315,589.365
2026-09-24T13:33:00Z,2026-09-24T13:34:00Z,589.32,590.035,588.965,589.585
2026-09-24T13:34:00Z,2026-09-24T13:35:00Z,589.58,590.425,589.145,590.155
2026-09-24T13:35:00Z,2026-09-24T13:36:00Z,590.15,591.715,589.88,591.715
2026-09-24T13:36:00Z,2026-09-24T13:37:00Z,591.73,592.47,591.39,591.475
2026-09-24T13:37:00Z,2026-09-24T13:38:00Z,591.485,592.105,590.89,592.065
2026-09-24T13:38:00Z,2026-09-24T13:39:00Z,592.04,593.465,592.005,593.275
2026-09-24T13:39:00Z,2026-09-24T13:40:00Z,593.28,593.31,592.85,593.095
2026-09-24T13:40:00Z,2026-09-24T13:41:00Z,593.09,593.095,592.5,592.72
2026-09-24T13:41:00Z,2026-09-24T13:42:00Z,592.715,592.935,592.005,592.11
2026-09-24T13:42:00Z,2026-09-24T13:43:00Z,592.11,593.41,591.905,592.915
2026-09-24T13:43:00Z,2026-09-24T13:44:00Z,592.85,593.205,592.685,593.175
2026-09-24T13:44:00Z,2026-09-24T13:45:00Z,593.085,593.515,592.915,593.425
2026-09-24T13:45:00Z,2026-09-24T13:46:00Z,593.435,594.53,593.43,594.53
2026-09-24T13:46:00Z,2026-09-24T13:47:00Z,594.475,595.75,594.26,595.685
2026-09-24T13:47:00Z,2026-09-24T13:48:00Z,595.7,596.295,595.535,595.865
2026-09-24T13:48:00Z,2026-09-24T13:49:00Z,595.87,595.905,594.68,594.805
2026-09-24T13:49:00Z,2026-09-24T13:50:00Z,594.775,594.855,593.985,594.085
2026-09-24T13:50:00Z,2026-09-24T13:51:00Z,594.125,594.635,593.88,594.31
2026-09-24T13:51:00Z,2026-09-24T13:52:00Z,594.295,594.925,593.875,593.875
2026-09-24T13:52:00Z,2026-09-24T13:53:00Z,593.88,594.69,593.69,593.8
2026-09-24T13:53:00Z,2026-09-24T13:54:00Z,593.795,594.01,593.055,593.055
2026-09-24T13:54:00Z,2026-09-24T13:55:00Z,593.09,593.375,592.09,592.465
2026-09-24T13:55:00Z,2026-09-24T13:56:00Z,592.435,593.11,592.41,592.49
2026-09-24T13:56:00Z,2026-09-24T13:57:00Z,592.5,592.94,591.95,592.535
2026-09-24T13:57:00Z,2026-09-24T13:58:00Z,592.53,592.72,592.32,592.585
2026-09-24T13:58:00Z,2026-09-24T13:59:00Z,592.555,592.965,592.32,592.87
2026-09-24T13:59:00Z,2026-09-24T14:00:00Z,592.87,593.59,592.835,593.355
2026-09-24T14:00:00Z,2026-09-24T14:01:00Z,593.365,594.25,593.095,594.025
2026-09-24T14:01:00Z,2026-09-24T14:02:00Z,594.025,594.845,593.405,593.455
2026-09-24T14:02:00Z,2026-09-24T14:03:00Z,593.46,594.155,593.41,594.02
2026-09-24T14:03:00Z,2026-09-24T14:04:00Z,594.055,594.38,593.995,594.295
2026-09-24T14:04:00Z,2026-09-24T14:05:00Z,594.3,594.85,594.255,594.67
2026-09-24T14:05:00Z,2026-09-24T14:06:00Z,594.665,594.755,594.325,594.56
2026-09-24T14:06:00Z,2026-09-24T14:07:00Z,594.56,594.79,594.09,594.36
2026-09-24T14:07:00Z,2026-09-24T14:08:00Z,594.365,594.575,594.145,594.425
2026-09-24T14:08:00Z,2026-09-24T14:09:00Z,594.415,594.53,593.46,593.61
2026-09-24T14:09:00Z,2026-09-24T14:10:00Z,593.565,593.695,593.295,593.295
2026-09-24T14:10:00Z,2026-09-24T14:11:00Z,593.375,593.56,592.76,593.545
2026-09-24T14:11:00Z,2026-09-24T14:12:00Z,593.49,593.57,592.87,592.89
2026-09-24T14:12:00Z,2026-09-24T14:13:00Z,592.89,593.07,592.57,592.66
2026-09-24T14:13:00Z,2026-09-24T14:14:00Z,592.7,593.26,592.54,593.21
2026-09-24T14:14:00Z,2026-09-24T14:15:00Z,593.2,593.425,593.125,593.37
2026-09-24T14:15:00Z,2026-09-24T14:16:00Z,593.35,593.9,593.2,593.245
2026-09-24T14:16:00Z,2026-09-24T14:17:00Z,593.235,593.3,592.865,593.155
2026-09-24T14:17:00Z,2026-09-24T14:18:00Z,593.155,593.5,592.51,592.73
2026-09-24T14:18:00Z,2026-09-24T14:19:00Z,592.73,593.255,592.66,593.09
2026-09-24T14:19:00Z,2026-09-24T14:20:00Z,593.115,593.245,592.74,593.03
2026-09-24T14:20:00Z,2026-09-24T14:21:00Z,593.05,593.345,592.98,593.28
2026-09-24T14:21:00Z,2026-09-24T14:22:00Z,593.215,593.33,593.045,593.09
2026-09-24T14:22:00Z,2026-09-24T14:23:00Z,593.095,593.495,593.055,593.3
2026-09-24T14:23:00Z,2026-09-24T14:24:00Z,593.29,593.855,593.29,593.55
2026-09-24T14:24:00Z,2026-09-24T14:25:00Z,593.555,593.59,593.165,593.235
2026-09-24T14:25:00Z,2026-09-24T14:26:00Z,593.24,593.59,593.19,593.425
2026-09-24T14:26:00Z,2026-09-24T14:27:00Z,593.43,593.645,593.43,593.55
2026-09-24T14:27:00Z,2026-09-24T14:28:00Z,593.59,594.425,593.355,594.365
2026-09-24T14:28:00Z,2026-09-24T14:29:00Z,594.335,594.515,594.08,594.475
2026-09-24T14:29:00Z,2026-09-24T14:30:00Z,594.475,594.565,594.28,594.565
2026-09-24T14:30:00Z,2026-09-24T14:31:00Z,594.515,594.535,593.83,594.025
2026-09-24T14:31:00Z,2026-09-24T14:32:00Z,594.04,594.495,594.04,594.4
2026-09-24T14:32:00Z,2026-09-24T14:33:00Z,594.42,594.745,594.31,594.6
2026-09-24T14:33:00Z,2026-09-24T14:34:00Z,594.65,595.215,594.615,595.05
2026-09-24T14:34:00Z,2026-09-24T14:35:00Z,595.07,595.14,594.675,594.895
2026-09-24T14:35:00Z,2026-09-24T14:36:00Z,594.89,594.98,594.55,594.91
2026-09-24T14:36:00Z,2026-09-24T14:37:00Z,594.84,594.955,594.025,594.135
2026-09-24T14:37:00Z,2026-09-24T14:38:00Z,594.14,594.15,593.66,593.71
2026-09-24T14:38:00Z,2026-09-24T14:39:00Z,593.7,593.78,593.285,593.285
2026-09-24T14:39:00Z,2026-09-24T14:40:00Z,593.295,593.57,592.975,593.325
2026-09-24T14:40:00Z,2026-09-24T14:41:00Z,593.36,593.585,593.23,593.465
2026-09-24T14:41:00Z,2026-09-24T14:42:00Z,593.48,593.53,593.17,593.35
2026-09-24T14:42:00Z,2026-09-24T14:43:00Z,593.33,594.06,593.3,593.655
2026-09-24T14:43:00Z,2026-09-24T14:44:00Z,593.66,593.67,593.16,593.17
2026-09-24T14:44:00Z,2026-09-24T14:45:00Z,593.18,593.19,592.57,592.65
2026-09-24T14:45:00Z,2026-09-24T14:46:00Z,592.68,592.805,592.58,592.665
2026-09-24T14:46:00Z,2026-09-24T14:47:00Z,592.655,593.01,592.53,592.765
2026-09-24T14:47:00Z,2026-09-24T14:48:00Z,592.85,593.43,592.83,593.33
2026-09-24T14:48:00Z,2026-09-24T14:49:00Z,593.335,593.495,593,593.02
2026-09-24T14:49:00Z,2026-09-24T14:50:00Z,593.015,593.215,592.785,592.84
2026-09-24T14:50:00Z,2026-09-24T14:51:00Z,592.835,593.185,592.61,592.61
2026-09-24T14:51:00Z,2026-09-24T14:52:00Z,592.625,592.625,592.1,592.135
2026-09-24T14:52:00Z,2026-09-24T14:53:00Z,592.13,592.29,591.625,591.635
2026-09-24T14:53:00Z,2026-09-24T14:54:00Z,591.63,591.89,591.395,591.89
2026-09-24T14:54:00Z,2026-09-24T14:55:00Z,591.905,592.045,591.76,591.865
2026-09-24T14:55:00Z,2026-09-24T14:56:00Z,591.875,591.935,591.32,591.34
2026-09-24T14:56:00Z,2026-09-24T14:57:00Z,591.35,591.64,591.345,591.54
2026-09-24T14:57:00Z,2026-09-24T14:58:00Z,591.54,591.69,591.355,591.505
2026-09-24T14:58:00Z,2026-09-24T14:59:00Z,591.525,591.62,591.285,591.4
2026-09-24T14:59:00Z,2026-09-24T15:00:00Z,591.405,591.42,591.145,591.42
2026-09-24T15:00:00Z,2026-09-24T15:01:00Z,591.415,592.12,591.405,591.92
2026-09-24T15:01:00Z,2026-09-24T15:02:00Z,591.93,592.11,591.735,591.855
2026-09-24T15:02:00Z,2026-09-24T15:03:00Z,591.865,592.48,591.735,592.05
2026-09-24T15:03:00Z,2026-09-24T15:04:00Z,592.07,592.27,591.825,592.125
2026-09-24T15:04:00Z,2026-09-24T15:05:00Z,592.13,592.475,591.915,592.055
2026-09-24T15:05:00Z,2026-09-24T15:06:00Z,592.035,592.29,591.935,592.015
2026-09-24T15:06:00Z,2026-09-24T15:07:00Z,592.02,592.17,591.32,591.46
2026-09-24T15:07:00Z,2026-09-24T15:08:00Z,591.47,591.51,591.105,591.325
2026-09-24T15:08:00Z,2026-09-24T15:09:00Z,591.335,591.465,591.1,591.355
2026-09-24T15:09:00Z,2026-09-24T15:10:00Z,591.345,591.345,590.825,590.9
2026-09-24T15:10:00Z,2026-09-24T15:11:00Z,590.85,591.23,590.845,591.16
2026-09-24T15:11:00Z,2026-09-24T15:12:00Z,591.18,591.325,591.035,591.285
2026-09-24T15:12:00Z,2026-09-24T15:13:00Z,591.28,591.695,591.14,591.38
2026-09-24T15:13:00Z,2026-09-24T15:14:00Z,591.375,591.53,591.04,591.41
2026-09-24T15:14:00Z,2026-09-24T15:15:00Z,591.405,591.55,591.215,591.295
2026-09-24T15:15:00Z,2026-09-24T15:16:00Z,591.29,591.66,591.16,591.52
2026-09-24T15:16:00Z,2026-09-24T15:17:00Z,591.535,592.23,591.46,591.77
2026-09-24T15:17:00Z,2026-09-24T15:18:00Z,591.775,592.08,591.57,591.9
2026-09-24T15:18:00Z,2026-09-24T15:19:00Z,591.895,591.915,591.13,591.32
2026-09-24T15:19:00Z,2026-09-24T15:20:00Z,591.335,591.43,591.06,591.26
2026-09-24T15:20:00Z,2026-09-24T15:21:00Z,591.245,591.325,591.05,591.22
2026-09-24T15:21:00Z,2026-09-24T15:22:00Z,591.2,591.555,591.06,591.55
2026-09-24T15:22:00Z,2026-09-24T15:23:00Z,591.555,591.755,591.405,591.755
2026-09-24T15:23:00Z,2026-09-24T15:24:00Z,591.76,592.155,591.555,592.12
2026-09-24T15:24:00Z,2026-09-24T15:25:00Z,592.13,592.61,592.12,592.585
2026-09-24T15:25:00Z,2026-09-24T15:26:00Z,592.59,592.635,592.07,592.15
2026-09-24T15:26:00Z,2026-09-24T15:27:00Z,592.165,592.295,591.99,592.13
2026-09-24T15:27:00Z,2026-09-24T15:28:00Z,592.175,592.175,591.935,592.17
2026-09-24T15:28:00Z,2026-09-24T15:29:00Z,592.165,592.165,591.665,591.705
2026-09-24T15:29:00Z,2026-09-24T15:30:00Z,591.72,591.815,591.565,591.72
2026-09-24T15:30:00Z,2026-09-24T15:31:00Z,591.73,591.835,591.45,591.525
2026-09-24T15:31:00Z,2026-09-24T15:32:00Z,591.515,591.69,591.335,591.615
2026-09-24T15:32:00Z,2026-09-24T15:33:00Z,591.62,591.76,591.385,591.76
2026-09-24T15:33:00Z,2026-09-24T15:34:00Z,591.765,591.935,591.655,591.935
2026-09-24T15:34:00Z,2026-09-24T15:35:00Z,591.93,592.08,591.85,591.975
2026-09-24T15:35:00Z,2026-09-24T15:36:00Z,591.985,592.255,591.715,591.955
2026-09-24T15:36:00Z,2026-09-24T15:37:00Z,591.945,592.215,591.855,592.1
2026-09-24T15:37:00Z,2026-09-24T15:38:00Z,592.11,592.39,592.08,592.305
2026-09-24T15:38:00Z,2026-09-24T15:39:00Z,592.3,592.405,592.125,592.165
2026-09-24T15:39:00Z,2026-09-24T15:40:00Z,592.16,592.16,591.84,592.055
2026-09-24T15:40:00Z,2026-09-24T15:41:00Z,592.09,592.34,591.925,592.015
2026-09-24T15:41:00Z,2026-09-24T15:42:00Z,592.01,592.33,592,592.275
2026-09-24T15:42:00Z,2026-09-24T15:43:00Z,592.27,592.33,591.855,591.995
2026-09-24T15:43:00Z,2026-09-24T15:44:00Z,591.99,592.475,591.96,592.455
2026-09-24T15:44:00Z,2026-09-24T15:45:00Z,592.445,592.925,592.38,592.805
2026-09-24T15:45:00Z,2026-09-24T15:46:00Z,592.83,593.215,592.83,593.095
2026-09-24T15:46:00Z,2026-09-24T15:47:00Z,593.085,593.085,592.88,592.88
2026-09-24T15:47:00Z,2026-09-24T15:48:00Z,592.945,593.075,592.73,592.79
2026-09-24T15:48:00Z,2026-09-24T15:49:00Z,592.785,592.94,592.535,592.55
2026-09-24T15:49:00Z,2026-09-24T15:50:00Z,592.575,592.635,592.395,592.565
2026-09-24T15:50:00Z,2026-09-24T15:51:00Z,592.55,593.39,592.535,593.38
2026-09-24T15:51:00Z,2026-09-24T15:52:00Z,593.395,593.525,593.235,593.425
2026-09-24T15:52:00Z,2026-09-24T15:53:00Z,593.415,593.795,593.395,593.73
2026-09-24T15:53:00Z,2026-09-24T15:54:00Z,593.74,593.98,593.655,593.7
2026-09-24T15:54:00Z,2026-09-24T15:55:00Z,593.705,593.86,593.455,593.86
2026-09-24T15:55:00Z,2026-09-24T15:56:00Z,593.865,594.02,593.775,593.795
2026-09-24T15:56:00Z,2026-09-24T15:57:00Z,593.77,593.775,593.325,593.475
2026-09-24T15:57:00Z,2026-09-24T15:58:00Z,593.475,593.48,593.26,593.26
2026-09-24T15:58:00Z,2026-09-24T15:59:00Z,593.425,593.645,593.33,593.535
2026-09-24T15:59:00Z,2026-09-24T16:00:00Z,593.55,593.655,593.235,593.245
2026-09-24T16:00:00Z,2026-09-24T16:01:00Z,593.24,593.32,592.465,592.465
2026-09-24T16:01:00Z,2026-09-24T16:02:00Z,592.47,592.705,592.18,592.555
2026-09-24T16:02:00Z,2026-09-24T16:03:00Z,592.545,592.755,592.34,592.69
2026-09-24T16:03:00Z,2026-09-24T16:04:00Z,592.685,592.73,592.34,592.525
2026-09-24T16:04:00Z,2026-09-24T16:05:00Z,592.52,592.8,592.48,592.785
2026-09-24T16:05:00Z,2026-09-24T16:06:00Z,592.795,592.815,592.485,592.79
2026-09-24T16:06:00Z,2026-09-24T16:07:00Z,592.785,592.79,592.225,592.375
2026-09-24T16:07:00Z,2026-09-24T16:08:00Z,592.36,592.44,592.13,592.235
2026-09-24T16:08:00Z,2026-09-24T16:09:00Z,592.245,592.35,592.11,592.32
2026-09-24T16:09:00Z,2026-09-24T16:10:00Z,592.275,592.39,592.225,592.34
2026-09-24T16:10:00Z,2026-09-24T16:11:00Z,592.345,592.48,592.27,592.435
2026-09-24T16:11:00Z,2026-09-24T16:12:00Z,592.44,592.455,591.945,592.055
2026-09-24T16:12:00Z,2026-09-24T16:13:00Z,592.05,592.43,592.045,592.195
2026-09-24T16:13:00Z,2026-09-24T16:14:00Z,592.2,592.495,592.165,592.39
2026-09-24T16:14:00Z,2026-09-24T16:15:00Z,592.395,592.965,592.36,592.955
2026-09-24T16:15:00Z,2026-09-24T16:16:00Z,593.055,595.155,593.045,594.925
2026-09-24T16:16:00Z,2026-09-24T16:17:00Z,594.925,597.335,594.64,597.065
2026-09-24T16:17:00Z,2026-09-24T16:18:00Z,597.06,597.87,596.835,597.715
2026-09-24T16:18:00Z,2026-09-24T16:19:00Z,597.72,598.775,597.55,597.615
2026-09-24T16:19:00Z,2026-09-24T16:20:00Z,597.615,597.985,596.82,597.54
2026-09-24T16:20:00Z,2026-09-24T16:21:00Z,597.545,598.66,597.44,598.2
2026-09-24T16:21:00Z,2026-09-24T16:22:00Z,598.205,598.205,596.695,596.85
2026-09-24T16:22:00Z,2026-09-24T16:23:00Z,596.86,598.23,596.86,597.985
2026-09-24T16:23:00Z,2026-09-24T16:24:00Z,597.995,598.215,597.29,597.315
2026-09-24T16:24:00Z,2026-09-24T16:25:00Z,597.285,597.635,597.16,597.475
2026-09-24T16:25:00Z,2026-09-24T16:26:00Z,597.48,597.66,596.305,596.51
2026-09-24T16:26:00Z,2026-09-24T16:27:00Z,596.49,597.135,596.49,597.045
2026-09-24T16:27:00Z,2026-09-24T16:28:00Z,597.04,597.26,596.43,597.26
2026-09-24T16:28:00Z,2026-09-24T16:29:00Z,597.255,597.48,597.165,597.405
2026-09-24T16:29:00Z,2026-09-24T16:30:00Z,597.4,597.425,597.15,597.17
2026-09-24T16:30:00Z,2026-09-24T16:31:00Z,597.16,597.225,596.785,597.045
2026-09-24T16:31:00Z,2026-09-24T16:32:00Z,597.055,597.47,596.83,596.83
2026-09-24T16:32:00Z,2026-09-24T16:33:00Z,596.84,596.91,596.585,596.755
2026-09-24T16:33:00Z,2026-09-24T16:34:00Z,596.745,597.195,596.645,597.165
2026-09-24T16:34:00Z,2026-09-24T16:35:00Z,597.145,597.185,596.755,597.175
2026-09-24T16:35:00Z,2026-09-24T16:36:00Z,597.18,597.76,597.1,597.7
2026-09-24T16:36:00Z,2026-09-24T16:37:00Z,597.725,598.945,597.725,598.935
2026-09-24T16:37:00Z,2026-09-24T16:38:00Z,598.935,599.505,598.93,599.09
2026-09-24T16:38:00Z,2026-09-24T16:39:00Z,599.095,599.38,599.06,599.315
2026-09-24T16:39:00Z,2026-09-24T16:40:00Z,599.325,599.515,599.155,599.245
2026-09-24T16:40:00Z,2026-09-24T16:41:00Z,599.245,600.025,599.08,600.025
2026-09-24T16:41:00Z,2026-09-24T16:42:00Z,600.025,600.72,600.025,600.66
2026-09-24T16:42:00Z,2026-09-24T16:43:00Z,600.685,601.33,600.67,601.205
2026-09-24T16:43:00Z,2026-09-24T16:44:00Z,601.24,601.31,600.825,601.065
2026-09-24T16:44:00Z,2026-09-24T16:45:00Z,601.06,601.4,599.78,599.805
2026-09-24T16:45:00Z,2026-09-24T16:46:00Z,599.815,599.92,599.005,599.38
2026-09-24T16:46:00Z,2026-09-24T16:47:00Z,599.385,599.865,599.29,599.805
2026-09-24T16:47:00Z,2026-09-24T16:48:00Z,599.83,599.955,599.25,599.435
2026-09-24T16:48:00Z,2026-09-24T16:49:00Z,599.44,600.565,599.44,600.435
2026-09-24T16:49:00Z,2026-09-24T16:50:00Z,600.42,600.615,600.115,600.45
2026-09-24T16:50:00Z,2026-09-24T16:51:00Z,600.46,600.5,600.09,600.265
2026-09-24T16:51:00Z,2026-09-24T16:52:00Z,600.27,601.13,600.27,600.955
2026-09-24T16:52:00Z,2026-09-24T16:53:00Z,600.935,601.035,599.895,599.96
2026-09-24T16:53:00Z,2026-09-24T16:54:00Z,600.05,600.145,599.61,599.805
2026-09-24T16:54:00Z,2026-09-24T16:55:00Z,599.815,600.245,599.615,599.94
2026-09-24T16:55:00Z,2026-09-24T16:56:00Z,599.93,600.25,599.79,600.03
2026-09-24T16:56:00Z,2026-09-24T16:57:00Z,600.035,600.795,599.98,600.795
2026-09-24T16:57:00Z,2026-09-24T16:58:00Z,600.79,601.175,600.72,600.72
2026-09-24T16:58:00Z,2026-09-24T16:59:00Z,600.7,600.86,600.64,600.85
2026-09-24T16:59:00Z,2026-09-24T17:00:00Z,600.87,600.94,600.645,600.86
2026-09-24T17:00:00Z,2026-09-24T17:01:00Z,600.79,600.8,599.98,600.275
2026-09-24T17:01:00Z,2026-09-24T17:02:00Z,600.25,601.005,600.245,600.76
2026-09-24T17:02:00Z,2026-09-24T17:03:00Z,600.775,600.775,600.005,600.685
2026-09-24T17:03:00Z,2026-09-24T17:04:00Z,600.69,601.675,600.69,601.565
2026-09-24T17:04:00Z,2026-09-24T17:05:00Z,601.565,601.6,600.905,601.505
2026-09-24T17:05:00Z,2026-09-24T17:06:00Z,601.5,601.99,601.435,601.435
2026-09-24T17:06:00Z,2026-09-24T17:07:00Z,601.445,601.74,601.37,601.465
2026-09-24T17:07:00Z,2026-09-24T17:08:00Z,601.47,601.725,601.245,601.265
2026-09-24T17:08:00Z,2026-09-24T17:09:00Z,601.27,601.555,600.985,601.555
2026-09-24T17:09:00Z,2026-09-24T17:10:00Z,601.555,601.555,601.07,601.07
2026-09-24T17:10:00Z,2026-09-24T17:11:00Z,601.07,601.095,600.245,600.43
2026-09-24T17:11:00Z,2026-09-24T17:12:00Z,600.415,600.445,600.01,600.185
2026-09-24T17:12:00Z,2026-09-24T17:13:00Z,600.195,600.265,599.945,599.995
2026-09-24T17:13:00Z,2026-09-24T17:14:00Z,599.985,600.18,599.69,600.17
2026-09-24T17:14:00Z,2026-09-24T17:15:00Z,600.195,600.445,600.15,600.35
2026-09-24T17:15:00Z,2026-09-24T17:16:00Z,600.355,600.435,599.57,599.67
2026-09-24T17:16:00Z,2026-09-24T17:17:00Z,599.69,599.955,599.69,599.76
2026-09-24T17:17:00Z,2026-09-24T17:18:00Z,599.775,599.965,599.51,599.51
2026-09-24T17:18:00Z,2026-09-24T17:19:00Z,599.515,600.335,599.49,600.185
2026-09-24T17:19:00Z,2026-09-24T17:20:00Z,600.19,600.2,599.175,599.185
2026-09-24T17:20:00Z,2026-09-24T17:21:00Z,599.18,599.3,598.82,599.17
2026-09-24T17:21:00Z,2026-09-24T17:22:00Z,599.2,599.46,599,599.08
2026-09-24T17:22:00Z,2026-09-24T17:23:00Z,599.105,599.525,599.065,599.31
2026-09-24T17:23:00Z,2026-09-24T17:24:00Z,599.345,599.38,599.125,599.235
2026-09-24T17:24:00Z,2026-09-24T17:25:00Z,599.23,599.52,598.755,598.915
2026-09-24T17:25:00Z,2026-09-24T17:26:00Z,598.92,599.12,598.355,598.405
2026-09-24T17:26:00Z,2026-09-24T17:27:00Z,598.415,598.58,597.965,598.13
2026-09-24T17:27:00Z,2026-09-24T17:28:00Z,598.105,598.475,598.06,598.33
2026-09-24T17:28:00Z,2026-09-24T17:29:00Z,598.335,598.745,598.33,598.7
2026-09-24T17:29:00Z,2026-09-24T17:30:00Z,598.675,598.845,598.625,598.78
2026-09-24T17:30:00Z,2026-09-24T17:31:00Z,598.765,599.35,598.715,599.31
2026-09-24T17:31:00Z,2026-09-24T17:32:00Z,599.32,599.51,599.19,599.27
2026-09-24T17:32:00Z,2026-09-24T17:33:00Z,599.275,599.395,599.055,599.36
2026-09-24T17:33:00Z,2026-09-24T17:34:00Z,599.345,599.395,599.095,599.22
2026-09-24T17:34:00Z,2026-09-24T17:35:00Z,599.22,599.22,598.575,598.615
2026-09-24T17:35:00Z,2026-09-24T17:36:00Z,598.61,598.93,598.505,598.735
2026-09-24T17:36:00Z,2026-09-24T17:37:00Z,598.67,598.925,598.61,598.725
2026-09-24T17:37:00Z,2026-09-24T17:38:00Z,598.72,598.935,598.555,598.56
2026-09-24T17:38:00Z,2026-09-24T17:39:00Z,598.555,598.61,598.14,598.375
2026-09-24T17:39:00Z,2026-09-24T17:40:00Z,598.4,598.705,598.39,598.525
2026-09-24T17:40:00Z,2026-09-24T17:41:00Z,598.52,598.94,598.5,598.905
2026-09-24T17:41:00Z,2026-09-24T17:42:00Z,598.855,598.88,598.35,598.355
2026-09-24T17:42:00Z,2026-09-24T17:43:00Z,598.35,598.72,598.225,598.25
2026-09-24T17:43:00Z,2026-09-24T17:44:00Z,598.22,598.23,597.415,597.605
2026-09-24T17:44:00Z,2026-09-24T17:45:00Z,597.6,597.69,597.29,597.305
2026-09-24T17:45:00Z,2026-09-24T17:46:00Z,597.3,597.46,597.065,597.4
2026-09-24T17:46:00Z,2026-09-24T17:47:00Z,597.395,597.865,597.355,597.78
2026-09-24T17:47:00Z,2026-09-24T17:48:00Z,597.775,598.25,597.725,598.225
2026-09-24T17:48:00Z,2026-09-24T17:49:00Z,598.23,598.3,597.89,598.005
2026-09-24T17:49:00Z,2026-09-24T17:50:00Z,597.99,598.41,597.91,598.23
2026-09-24T17:50:00Z,2026-09-24T17:51:00Z,598.225,598.285,598.025,598.115
2026-09-24T17:51:00Z,2026-09-24T17:52:00Z,598.12,598.21,597.895,597.91
2026-09-24T17:52:00Z,2026-09-24T17:53:00Z,597.895,598.07,597.485,597.58
2026-09-24T17:53:00Z,2026-09-24T17:54:00Z,597.575,597.775,597.355,597.38
2026-09-24T17:54:00Z,2026-09-24T17:55:00Z,597.375,597.445,596.865,597.135
2026-09-24T17:55:00Z,2026-09-24T17:56:00Z,597.14,597.35,596.995,596.995
2026-09-24T17:56:00Z,2026-09-24T17:57:00Z,596.975,597.825,596.975,597.69
2026-09-24T17:57:00Z,2026-09-24T17:58:00Z,597.685,597.685,597.415,597.445
2026-09-24T17:58:00Z,2026-09-24T17:59:00Z,597.45,597.48,597.185,597.265
2026-09-24T17:59:00Z,2026-09-24T18:00:00Z,597.265,597.625,597.265,597.505
2026-09-24T18:00:00Z,2026-09-24T18:01:00Z,597.51,597.535,597.045,597.065
2026-09-24T18:01:00Z,2026-09-24T18:02:00Z,597.095,597.14,596.3,596.6
2026-09-24T18:02:00Z,2026-09-24T18:03:00Z,596.645,596.645,596.2,596.275
2026-09-24T18:03:00Z,2026-09-24T18:04:00Z,596.265,596.28,595.39,595.535
2026-09-24T18:04:00Z,2026-09-24T18:05:00Z,595.54,595.685,595.14,595.195
2026-09-24T18:05:00Z,2026-09-24T18:06:00Z,595.165,595.41,595.12,595.39
2026-09-24T18:06:00Z,2026-09-24T18:07:00Z,595.315,595.965,595.07,595.725
2026-09-24T18:07:00Z,2026-09-24T18:08:00Z,595.76,596.095,595.505,595.805
2026-09-24T18:08:00Z,2026-09-24T18:09:00Z,595.825,596.66,595.825,596.46
2026-09-24T18:09:00Z,2026-09-24T18:10:00Z,596.48,596.73,596.42,596.49
2026-09-24T18:10:00Z,2026-09-24T18:11:00Z,596.545,596.825,596.545,596.605
2026-09-24T18:11:00Z,2026-09-24T18:12:00Z,596.61,597.29,596.55,597.085
2026-09-24T18:12:00Z,2026-09-24T18:13:00Z,597.095,597.21,596.785,596.79
2026-09-24T18:13:00Z,2026-09-24T18:14:00Z,596.79,596.96,596.63,596.73
2026-09-24T18:14:00Z,2026-09-24T18:15:00Z,596.72,597.085,596.715,597.065
2026-09-24T18:15:00Z,2026-09-24T18:16:00Z,597.07,597.27,597.01,597.2
2026-09-24T18:16:00Z,2026-09-24T18:17:00Z,597.205,597.63,597.17,597.33
2026-09-24T18:17:00Z,2026-09-24T18:18:00Z,597.325,597.76,597.31,597.76
2026-09-24T18:18:00Z,2026-09-24T18:19:00Z,597.755,597.91,597.325,597.39
2026-09-24T18:19:00Z,2026-09-24T18:20:00Z,597.385,597.475,597.23,597.4
2026-09-24T18:20:00Z,2026-09-24T18:21:00Z,597.445,597.5,596.985,597.125
2026-09-24T18:21:00Z,2026-09-24T18:22:00Z,597.11,597.44,597.105,597.335
2026-09-24T18:22:00Z,2026-09-24T18:23:00Z,597.365,597.555,597.33,597.44
2026-09-24T18:23:00Z,2026-09-24T18:24:00Z,597.45,597.905,597.345,597.815
2026-09-24T18:24:00Z,2026-09-24T18:25:00Z,597.81,597.885,597.72,597.865
2026-09-24T18:25:00Z,2026-09-24T18:26:00Z,597.825,598.805,597.775,598.4
2026-09-24T18:26:00Z,2026-09-24T18:27:00Z,598.345,598.97,598.345,598.835
2026-09-24T18:27:00Z,2026-09-24T18:28:00Z,598.84,598.855,598.42,598.585
2026-09-24T18:28:00Z,2026-09-24T18:29:00Z,598.58,598.83,598.405,598.485
2026-09-24T18:29:00Z,2026-09-24T18:30:00Z,598.475,598.52,598.235,598.43
2026-09-24T18:30:00Z,2026-09-24T18:31:00Z,598.415,598.695,598.385,598.485
2026-09-24T18:31:00Z,2026-09-24T18:32:00Z,598.48,598.525,597.93,598.36
2026-09-24T18:32:00Z,2026-09-24T18:33:00Z,598.355,598.355,597.86,598.045
2026-09-24T18:33:00Z,2026-09-24T18:34:00Z,598.05,598.23,598.035,598.085
2026-09-24T18:34:00Z,2026-09-24T18:35:00Z,598.1,598.265,597.855,597.875
2026-09-24T18:35:00Z,2026-09-24T18:36:00Z,597.87,597.94,597.445,597.555
2026-09-24T18:36:00Z,2026-09-24T18:37:00Z,597.555,597.97,597.525,597.88
2026-09-24T18:37:00Z,2026-09-24T18:38:00Z,597.87,598.035,597.745,597.81
2026-09-24T18:38:00Z,2026-09-24T18:39:00Z,597.775,599.115,597.715,599.06
2026-09-24T18:39:00Z,2026-09-24T18:40:00Z,599.06,599.8,598.715,598.93
2026-09-24T18:40:00Z,2026-09-24T18:41:00Z,598.935,598.935,598.105,598.285
2026-09-24T18:41:00Z,2026-09-24T18:42:00Z,598.285,598.35,598.035,598.31
2026-09-24T18:42:00Z,2026-09-24T18:43:00Z,598.305,598.575,598.08,598.12
2026-09-24T18:43:00Z,2026-09-24T18:44:00Z,598.145,598.19,597.89,598.19
2026-09-24T18:44:00Z,2026-09-24T18:45:00Z,598.21,598.345,598.185,598.27
2026-09-24T18:45:00Z,2026-09-24T18:46:00Z,598.265,598.74,598.22,598.62
2026-09-24T18:46:00Z,2026-09-24T18:47:00Z,598.61,598.655,598.46,598.64
2026-09-24T18:47:00Z,2026-09-24T18:48:00Z,598.675,598.715,598.585,598.59
2026-09-24T18:48:00Z,2026-09-24T18:49:00Z,598.615,598.85,598.53,598.825
2026-09-24T18:49:00Z,2026-09-24T18:50:00Z,598.835,598.84,598.615,598.71
2026-09-24T18:50:00Z,2026-09-24T18:51:00Z,598.73,599.43,598.625,599.265
2026-09-24T18:51:00Z,2026-09-24T18:52:00Z,599.27,599.29,598.855,599.135
2026-09-24T18:52:00Z,2026-09-24T18:53:00Z,599.08,599.69,599.08,599.59
2026-09-24T18:53:00Z,2026-09-24T18:54:00Z,599.625,599.65,599.325,599.56
2026-09-24T18:54:00Z,2026-09-24T18:55:00Z,599.55,599.6,599.475,599.515
2026-09-24T18:55:00Z,2026-09-24T18:56:00Z,599.52,599.81,599.52,599.81
2026-09-24T18:56:00Z,2026-09-24T18:57:00Z,599.81,600,599.76,599.975
2026-09-24T18:57:00Z,2026-09-24T18:58:00Z,599.93,600.18,599.91,600.085
2026-09-24T18:58:00Z,2026-09-24T18:59:00Z,600.09,600.385,599.955,600.31
2026-09-24T18:59:00Z,2026-09-24T19:00:00Z,600.315,600.395,600.025,600.05
2026-09-24T19:00:00Z,2026-09-24T19:01:00Z,600.055,600.145,599.645,600.045
2026-09-24T19:01:00Z,2026-09-24T19:02:00Z,600.035,600.065,599.39,599.545
2026-09-24T19:02:00Z,2026-09-24T19:03:00Z,599.61,599.88,599.355,599.39
2026-09-24T19:03:00Z,2026-09-24T19:04:00Z,599.4,599.42,598.965,598.98
2026-09-24T19:04:00Z,2026-09-24T19:05:00Z,598.975,599.115,598.855,599.095
2026-09-24T19:05:00Z,2026-09-24T19:06:00Z,599.09,599.31,599.05,599.275
2026-09-24T19:06:00Z,2026-09-24T19:07:00Z,599.275,599.405,599.14,599.16
2026-09-24T19:07:00Z,2026-09-24T19:08:00Z,599.17,599.485,598.965,599.385
2026-09-24T19:08:00Z,2026-09-24T19:09:00Z,599.36,599.505,599.28,599.28
2026-09-24T19:09:00Z,2026-09-24T19:10:00Z,599.29,599.29,599.045,599.185
2026-09-24T19:10:00Z,2026-09-24T19:11:00Z,599.185,599.33,598.84,598.855
2026-09-24T19:11:00Z,2026-09-24T19:12:00Z,598.865,598.975,598.55,598.665
2026-09-24T19:12:00Z,2026-09-24T19:13:00Z,598.66,598.955,598.66,598.925
2026-09-24T19:13:00Z,2026-09-24T19:14:00Z,598.905,599.185,598.85,598.99
2026-09-24T19:14:00Z,2026-09-24T19:15:00Z,598.985,599.015,598.5,598.52
2026-09-24T19:15:00Z,2026-09-24T19:16:00Z,598.515,598.915,598.515,598.8
2026-09-24T19:16:00Z,2026-09-24T19:17:00Z,598.815,599.35,598.78,599.34
2026-09-24T19:17:00Z,2026-09-24T19:18:00Z,599.35,599.685,599.35,599.6
2026-09-24T19:18:00Z,2026-09-24T19:19:00Z,599.59,599.815,599.52,599.745
2026-09-24T19:19:00Z,2026-09-24T19:20:00Z,599.75,599.775,599.455,599.65
2026-09-24T19:20:00Z,2026-09-24T19:21:00Z,599.65,599.83,599.53,599.595
2026-09-24T19:21:00Z,2026-09-24T19:22:00Z,599.61,599.625,599.42,599.505
2026-09-24T19:22:00Z,2026-09-24T19:23:00Z,599.515,599.755,599.495,599.65
2026-09-24T19:23:00Z,2026-09-24T19:24:00Z,599.64,599.68,599.425,599.565
2026-09-24T19:24:00Z,2026-09-24T19:25:00Z,599.56,599.93,599.53,599.78
2026-09-24T19:25:00Z,2026-09-24T19:26:00Z,599.79,599.97,599.78,599.8
2026-09-24T19:26:00Z,2026-09-24T19:27:00Z,599.805,600.045,599.76,599.835
2026-09-24T19:27:00Z,2026-09-24T19:28:00Z,599.815,599.88,599.665,599.665
2026-09-24T19:28:00Z,2026-09-24T19:29:00Z,599.67,599.745,599.495,599.495
2026-09-24T19:29:00Z,2026-09-24T19:30:00Z,599.51,599.595,599.115,599.14
2026-09-24T19:30:00Z,2026-09-24T19:31:00Z,599.215,599.75,599.07,599.68
2026-09-24T19:31:00Z,2026-09-24T19:32:00Z,599.67,599.92,599.55,599.905
2026-09-24T19:32:00Z,2026-09-24T19:33:00Z,599.905,599.905,599.625,599.69
2026-09-24T19:33:00Z,2026-09-24T19:34:00Z,599.685,599.77,599.62,599.7
2026-09-24T19:34:00Z,2026-09-24T19:35:00Z,599.705,599.925,599.64,599.885
2026-09-24T19:35:00Z,2026-09-24T19:36:00Z,599.875,599.9,599.57,599.685
2026-09-24T19:36:00Z,2026-09-24T19:37:00Z,599.675,599.97,599.675,599.87
2026-09-24T19:37:00Z,2026-09-24T19:38:00Z,599.87,599.89,599.51,599.555
2026-09-24T19:38:00Z,2026-09-24T19:39:00Z,599.56,599.785,599.515,599.785
2026-09-24T19:39:00Z,2026-09-24T19:40:00Z,599.77,599.895,599.685,599.77
2026-09-24T19:40:00Z,2026-09-24T19:41:00Z,599.76,599.905,599.53,599.565
2026-09-24T19:41:00Z,2026-09-24T19:42:00Z,599.565,599.675,599.49,599.64
2026-09-24T19:42:00Z,2026-09-24T19:43:00Z,599.66,599.69,599.395,599.435
2026-09-24T19:43:00Z,2026-09-24T19:44:00Z,599.43,599.665,599.32,599.63
2026-09-24T19:44:00Z,2026-09-24T19:45:00Z,599.64,599.755,599.525,599.725
2026-09-24T19:45:00Z,2026-09-24T19:46:00Z,599.72,599.875,599.57,599.855
2026-09-24T19:46:00Z,2026-09-24T19:47:00Z,599.86,599.9,599.64,599.79
2026-09-24T19:47:00Z,2026-09-24T19:48:00Z,599.81,599.88,599.7,599.825
2026-09-24T19:48:00Z,2026-09-24T19:49:00Z,599.83,599.85,599.57,599.61
2026-09-24T19:49:00Z,2026-09-24T19:50:00Z,599.615,599.755,599.615,599.66
2026-09-24T19:50:00Z,2026-09-24T19:51:00Z,599.65,600.33,599.65,600.03
2026-09-24T19:51:00Z,2026-09-24T19:52:00Z,599.965,600.41,599.91,600.32
2026-09-24T19:52:00Z,2026-09-24T19:53:00Z,600.325,600.42,600.24,600.345
2026-09-24T19:53:00Z,2026-09-24T19:54:00Z,600.38,600.645,600.33,600.61
2026-09-24T19:54:00Z,2026-09-24T19:55:00Z,600.6,600.655,600.2,600.58
2026-09-24T19:55:00Z,2026-09-24T19:56:00Z,600.575,600.785,600.235,600.64
2026-09-24T19:56:00Z,2026-09-24T19:57:00Z,600.65,600.78,600.495,600.53
2026-09-24T19:57:00Z,2026-09-24T19:58:00Z,600.535,600.64,600.435,600.585
2026-09-24T19:58:00Z,2026-09-24T19:59:00Z,600.59,600.745,600.585,600.635
2026-09-24T19:59:00Z,2026-09-24T20:00:00Z,600.645,600.795,600.64,600.655
2026-09-25T13:30:00Z,2026-09-25T13:31:00Z,605.315,605.315,603.26,604.92
2026-09-25T13:31:00Z,2026-09-25T13:32:00Z,604.815,605.22,603.79,604.805
2026-09-25T13:32:00Z,2026-09-25T13:33:00Z,604.805,605.765,604.675,605.695
2026-09-25T13:33:00Z,2026-09-25T13:34:00Z,605.67,605.67,604.945,605.56
2026-09-25T13:34:00Z,2026-09-25T13:35:00Z,605.565,606.9,605.485,606.89
2026-09-25T13:35:00Z,2026-09-25T13:36:00Z,606.895,607.135,606.795,606.965
2026-09-25T13:36:00Z,2026-09-25T13:37:00Z,606.86,607.47,606.44,607.36
2026-09-25T13:37:00Z,2026-09-25T13:38:00Z,607.38,607.73,606.92,607.38
2026-09-25T13:38:00Z,2026-09-25T13:39:00Z,607.375,607.565,607.105,607.405
2026-09-25T13:39:00Z,2026-09-25T13:40:00Z,607.41,607.57,606.495,607.505
2026-09-25T13:40:00Z,2026-09-25T13:41:00Z,607.5,607.9,607.14,607.875
2026-09-25T13:41:00Z,2026-09-25T13:42:00Z,607.87,607.98,607.155,607.345
2026-09-25T13:42:00Z,2026-09-25T13:43:00Z,607.32,607.75,606.55,607.75
2026-09-25T13:43:00Z,2026-09-25T13:44:00Z,607.78,607.78,607.115,607.355
2026-09-25T13:44:00Z,2026-09-25T13:45:00Z,607.35,607.525,606.91,607.495
2026-09-25T13:45:00Z,2026-09-25T13:46:00Z,607.52,607.91,606.695,606.85
2026-09-25T13:46:00Z,2026-09-25T13:47:00Z,606.815,607.17,606.48,607.155
2026-09-25T13:47:00Z,2026-09-25T13:48:00Z,607.155,607.875,607.155,607.49
2026-09-25T13:48:00Z,2026-09-25T13:49:00Z,607.48,607.58,606.485,606.75
2026-09-25T13:49:00Z,2026-09-25T13:50:00Z,606.775,607.39,606.76,607.23
2026-09-25T13:50:00Z,2026-09-25T13:51:00Z,607.23,607.625,607.015,607.29
2026-09-25T13:51:00Z,2026-09-25T13:52:00Z,607.305,607.48,606.93,606.94
2026-09-25T13:52:00Z,2026-09-25T13:53:00Z,606.935,607.76,606.745,607.755
2026-09-25T13:53:00Z,2026-09-25T13:54:00Z,607.695,608.32,607.605,608.175
2026-09-25T13:54:00Z,2026-09-25T13:55:00Z,608.175,609.27,608.175,609.18
2026-09-25T13:55:00Z,2026-09-25T13:56:00Z,609.18,609.62,609.06,609.13
2026-09-25T13:56:00Z,2026-09-25T13:57:00Z,609.085,609.125,608.685,608.965
2026-09-25T13:57:00Z,2026-09-25T13:58:00Z,608.99,608.99,608.495,608.815
2026-09-25T13:58:00Z,2026-09-25T13:59:00Z,608.825,608.94,608.285,608.59
2026-09-25T13:59:00Z,2026-09-25T14:00:00Z,608.595,608.915,608.475,608.905
2026-09-25T14:00:00Z,2026-09-25T14:01:00Z,608.915,609.4,608.55,608.58
2026-09-25T14:01:00Z,2026-09-25T14:02:00Z,608.59,608.62,607.635,607.635
2026-09-25T14:02:00Z,2026-09-25T14:03:00Z,607.615,608.08,606.965,607.925
2026-09-25T14:03:00Z,2026-09-25T14:04:00Z,607.905,607.905,607.125,607.74
2026-09-25T14:04:00Z,2026-09-25T14:05:00Z,607.74,607.74,606.825,607.03
2026-09-25T14:05:00Z,2026-09-25T14:06:00Z,607.025,607.025,605.29,605.47
2026-09-25T14:06:00Z,2026-09-25T14:07:00Z,605.455,606.265,605.25,606.265
2026-09-25T14:07:00Z,2026-09-25T14:08:00Z,606.25,607.08,606.235,606.45
2026-09-25T14:08:00Z,2026-09-25T14:09:00Z,606.435,606.825,605.795,606.785
2026-09-25T14:09:00Z,2026-09-25T14:10:00Z,606.895,606.99,606.405,606.86
2026-09-25T14:10:00Z,2026-09-25T14:11:00Z,606.865,607.54,606.865,607.24
2026-09-25T14:11:00Z,2026-09-25T14:12:00Z,607.23,608.16,606.995,608.01
2026-09-25T14:12:00Z,2026-09-25T14:13:00Z,608.01,608.01,607.415,607.42
2026-09-25T14:13:00Z,2026-09-25T14:14:00Z,607.34,607.535,606.535,606.675
2026-09-25T14:14:00Z,2026-09-25T14:15:00Z,606.675,606.675,605.21,605.23
2026-09-25T14:15:00Z,2026-09-25T14:16:00Z,605.205,605.205,603.585,604.475
2026-09-25T14:16:00Z,2026-09-25T14:17:00Z,604.505,605.01,603.635,603.69
2026-09-25T14:17:00Z,2026-09-25T14:18:00Z,603.695,603.81,602.465,602.7
2026-09-25T14:18:00Z,2026-09-25T14:19:00Z,602.705,604.04,602.61,603.325
2026-09-25T14:19:00Z,2026-09-25T14:20:00Z,603.33,603.525,602.58,603.225
2026-09-25T14:20:00Z,2026-09-25T14:21:00Z,603.235,603.905,602.925,603.7
2026-09-25T14:21:00Z,2026-09-25T14:22:00Z,603.67,603.955,602.865,603.075
2026-09-25T14:22:00Z,2026-09-25T14:23:00Z,603.07,603.775,602.95,603.46
2026-09-25T14:23:00Z,2026-09-25T14:24:00Z,603.455,604.23,603.39,603.875
2026-09-25T14:24:00Z,2026-09-25T14:25:00Z,603.885,604.465,603.825,604.245
2026-09-25T14:25:00Z,2026-09-25T14:26:00Z,604.265,604.43,603.825,604.25
2026-09-25T14:26:00Z,2026-09-25T14:27:00Z,604.26,604.635,604.09,604.245
2026-09-25T14:27:00Z,2026-09-25T14:28:00Z,604.27,604.37,603.8,603.925
2026-09-25T14:28:00Z,2026-09-25T14:29:00Z,603.93,603.99,603.08,603.405
2026-09-25T14:29:00Z,2026-09-25T14:30:00Z,603.41,603.71,602.535,602.655
2026-09-25T14:30:00Z,2026-09-25T14:31:00Z,602.66,603.23,602.28,602.835
2026-09-25T14:31:00Z,2026-09-25T14:32:00Z,602.78,603.275,602.74,602.97
2026-09-25T14:32:00Z,2026-09-25T14:33:00Z,603.105,603.7,603.105,603.49
2026-09-25T14:33:00Z,2026-09-25T14:34:00Z,603.47,604.215,603.45,603.935
2026-09-25T14:34:00Z,2026-09-25T14:35:00Z,603.925,604.5,603.91,604.375
2026-09-25T14:35:00Z,2026-09-25T14:36:00Z,604.37,604.645,604.11,604.51
2026-09-25T14:36:00Z,2026-09-25T14:37:00Z,604.505,604.62,604.155,604.19
2026-09-25T14:37:00Z,2026-09-25T14:38:00Z,604.185,604.345,604.1,604.32
2026-09-25T14:38:00Z,2026-09-25T14:39:00Z,604.28,604.74,604.23,604.41
2026-09-25T14:39:00Z,2026-09-25T14:40:00Z,604.395,604.735,604.395,604.55
2026-09-25T14:40:00Z,2026-09-25T14:41:00Z,604.55,604.695,603.885,603.91
2026-09-25T14:41:00Z,2026-09-25T14:42:00Z,604,604.145,602.99,603.07
2026-09-25T14:42:00Z,2026-09-25T14:43:00Z,603.025,603.47,602.82,603.365
2026-09-25T14:43:00Z,2026-09-25T14:44:00Z,603.35,603.45,602.95,603.35
2026-09-25T14:44:00Z,2026-09-25T14:45:00Z,603.345,604.18,603.34,604.13
2026-09-25T14:45:00Z,2026-09-25T14:46:00Z,604.115,604.145,603.42,604.06
2026-09-25T14:46:00Z,2026-09-25T14:47:00Z,604.055,604.885,603.815,604.43
2026-09-25T14:47:00Z,2026-09-25T14:48:00Z,604.425,604.855,604.31,604.705
2026-09-25T14:48:00Z,2026-09-25T14:49:00Z,604.735,605.015,604.71,604.94
2026-09-25T14:49:00Z,2026-09-25T14:50:00Z,604.95,605.61,604.76,605.48
2026-09-25T14:50:00Z,2026-09-25T14:51:00Z,605.47,605.47,604.96,605.345
2026-09-25T14:51:00Z,2026-09-25T14:52:00Z,605.355,605.475,604.35,604.35
2026-09-25T14:52:00Z,2026-09-25T14:53:00Z,604.355,604.69,604.285,604.495
2026-09-25T14:53:00Z,2026-09-25T14:54:00Z,604.5,605.19,604.48,605.095
2026-09-25T14:54:00Z,2026-09-25T14:55:00Z,605.07,605.34,604.885,605.25
2026-09-25T14:55:00Z,2026-09-25T14:56:00Z,605.255,605.845,605.21,605.8
2026-09-25T14:56:00Z,2026-09-25T14:57:00Z,605.795,606.055,605.5,605.51
2026-09-25T14:57:00Z,2026-09-25T14:58:00Z,605.54,606.015,605.54,605.98
2026-09-25T14:58:00Z,2026-09-25T14:59:00Z,605.97,606.445,605.79,606.4
2026-09-25T14:59:00Z,2026-09-25T15:00:00Z,606.385,606.49,606.225,606.4
2026-09-25T15:00:00Z,2026-09-25T15:01:00Z,606.405,606.405,606,606.11
2026-09-25T15:01:00Z,2026-09-25T15:02:00Z,606.1,606.45,605.965,606.225
2026-09-25T15:02:00Z,2026-09-25T15:03:00Z,606.23,606.835,606.23,606.815
2026-09-25T15:03:00Z,2026-09-25T15:04:00Z,606.825,607.15,606.825,606.99
2026-09-25T15:04:00Z,2026-09-25T15:05:00Z,606.99,607.3,606.87,606.95
2026-09-25T15:05:00Z,2026-09-25T15:06:00Z,606.955,607.185,606.735,606.91
2026-09-25T15:06:00Z,2026-09-25T15:07:00Z,606.9,607.085,606.87,607.01
2026-09-25T15:07:00Z,2026-09-25T15:08:00Z,607.005,607.135,606.885,606.96
2026-09-25T15:08:00Z,2026-09-25T15:09:00Z,606.93,606.93,606.6,606.705
2026-09-25T15:09:00Z,2026-09-25T15:10:00Z,606.71,606.765,606.35,606.395
2026-09-25T15:10:00Z,2026-09-25T15:11:00Z,606.39,606.41,605.9,606.135
2026-09-25T15:11:00Z,2026-09-25T15:12:00Z,606.12,606.145,605.405,605.495
2026-09-25T15:12:00Z,2026-09-25T15:13:00Z,605.505,605.745,605.345,605.57
2026-09-25T15:13:00Z,2026-09-25T15:14:00Z,605.605,605.925,605.555,605.895
2026-09-25T15:14:00Z,2026-09-25T15:15:00Z,605.91,606.11,605.855,605.92
2026-09-25T15:15:00Z,2026-09-25T15:16:00Z,605.91,606.3,605.855,606.245
2026-09-25T15:16:00Z,2026-09-25T15:17:00Z,606.235,606.57,606.145,606.31
2026-09-25T15:17:00Z,2026-09-25T15:18:00Z,606.28,606.405,605.965,606.075
2026-09-25T15:18:00Z,2026-09-25T15:19:00Z,606.065,606.345,605.99,606.215
2026-09-25T15:19:00Z,2026-09-25T15:20:00Z,606.205,606.23,605.72,605.965
2026-09-25T15:20:00Z,2026-09-25T15:21:00Z,605.975,606.12,605.67,606.055
2026-09-25T15:21:00Z,2026-09-25T15:22:00Z,606.085,606.505,605.855,606.14
2026-09-25T15:22:00Z,2026-09-25T15:23:00Z,606.145,606.155,605.95,606.05
2026-09-25T15:23:00Z,2026-09-25T15:24:00Z,606.055,606.32,606,606.17
2026-09-25T15:24:00Z,2026-09-25T15:25:00Z,606.14,606.16,605.685,605.745
2026-09-25T15:25:00Z,2026-09-25T15:26:00Z,605.755,605.845,605.56,605.565
2026-09-25T15:26:00Z,2026-09-25T15:27:00Z,605.56,605.56,605.145,605.445
2026-09-25T15:27:00Z,2026-09-25T15:28:00Z,605.445,605.445,604.96,605.115
2026-09-25T15:28:00Z,2026-09-25T15:29:00Z,605.06,605.3,605.015,605.145
2026-09-25T15:29:00Z,2026-09-25T15:30:00Z,605.175,605.605,605.065,605.245
2026-09-25T15:30:00Z,2026-09-25T15:31:00Z,605.27,606.19,605.09,605.91
2026-09-25T15:31:00Z,2026-09-25T15:32:00Z,605.9,606.21,605.725,606.21
2026-09-25T15:32:00Z,2026-09-25T15:33:00Z,606.185,606.42,606.07,606.2
2026-09-25T15:33:00Z,2026-09-25T15:34:00Z,606.205,606.22,605.72,605.75
2026-09-25T15:34:00Z,2026-09-25T15:35:00Z,605.75,605.91,604.78,604.87
2026-09-25T15:35:00Z,2026-09-25T15:36:00Z,604.85,605.14,604.59,604.79
2026-09-25T15:36:00Z,2026-09-25T15:37:00Z,604.785,604.855,603.795,603.845
2026-09-25T15:37:00Z,2026-09-25T15:38:00Z,603.855,603.95,603.31,603.585
2026-09-25T15:38:00Z,2026-09-25T15:39:00Z,603.595,603.73,603.125,603.22
2026-09-25T15:39:00Z,2026-09-25T15:40:00Z,603.21,603.64,603.045,603.495
2026-09-25T15:40:00Z,2026-09-25T15:41:00Z,603.5,603.915,603.235,603.905
2026-09-25T15:41:00Z,2026-09-25T15:42:00Z,603.96,604.08,603.805,603.97
2026-09-25T15:42:00Z,2026-09-25T15:43:00Z,604.075,604.175,603.47,603.79
2026-09-25T15:43:00Z,2026-09-25T15:44:00Z,603.785,603.885,603.54,603.61
2026-09-25T15:44:00Z,2026-09-25T15:45:00Z,603.635,603.67,603.13,603.19
2026-09-25T15:45:00Z,2026-09-25T15:46:00Z,603.185,603.43,602.91,603.295
2026-09-25T15:46:00Z,2026-09-25T15:47:00Z,603.28,603.79,602.95,603.78
2026-09-25T15:47:00Z,2026-09-25T15:48:00Z,603.78,604.055,603.74,603.985
2026-09-25T15:48:00Z,2026-09-25T15:49:00Z,603.98,604.275,603.84,604.1
2026-09-25T15:49:00Z,2026-09-25T15:50:00Z,604.11,604.48,604.11,604.415
2026-09-25T15:50:00Z,2026-09-25T15:51:00Z,604.42,604.57,604.16,604.25
2026-09-25T15:51:00Z,2026-09-25T15:52:00Z,604.235,604.235,603.3,603.465
2026-09-25T15:52:00Z,2026-09-25T15:53:00Z,603.455,603.7,603.155,603.39
2026-09-25T15:53:00Z,2026-09-25T15:54:00Z,603.4,603.61,603.365,603.41
2026-09-25T15:54:00Z,2026-09-25T15:55:00Z,603.385,604.56,603.27,604.38
2026-09-25T15:55:00Z,2026-09-25T15:56:00Z,604.39,604.745,604.3,604.435
2026-09-25T15:56:00Z,2026-09-25T15:57:00Z,604.445,604.715,604.28,604.68
2026-09-25T15:57:00Z,2026-09-25T15:58:00Z,604.69,605.12,604.69,605.085
2026-09-25T15:58:00Z,2026-09-25T15:59:00Z,605.155,605.935,605.035,605.75
2026-09-25T15:59:00Z,2026-09-25T16:00:00Z,605.74,606.435,605.705,606.305
2026-09-25T16:00:00Z,2026-09-25T16:01:00Z,606.315,606.945,606.005,606.915
2026-09-25T16:01:00Z,2026-09-25T16:02:00Z,606.92,607.045,606.67,606.715
2026-09-25T16:02:00Z,2026-09-25T16:03:00Z,606.75,607.5,606.725,607.5
2026-09-25T16:03:00Z,2026-09-25T16:04:00Z,607.495,607.945,607.32,607.935
2026-09-25T16:04:00Z,2026-09-25T16:05:00Z,607.94,608.16,607.755,608.135
2026-09-25T16:05:00Z,2026-09-25T16:06:00Z,608.13,608.575,607.675,608.405
2026-09-25T16:06:00Z,2026-09-25T16:07:00Z,608.395,608.685,608.19,608.385
2026-09-25T16:07:00Z,2026-09-25T16:08:00Z,608.4,608.66,608.355,608.465
2026-09-25T16:08:00Z,2026-09-25T16:09:00Z,608.465,608.66,608.295,608.375
2026-09-25T16:09:00Z,2026-09-25T16:10:00Z,608.375,609.015,608.095,608.995
2026-09-25T16:10:00Z,2026-09-25T16:11:00Z,609.02,609.54,608.865,609.325
2026-09-25T16:11:00Z,2026-09-25T16:12:00Z,609.305,609.32,608.395,608.66
2026-09-25T16:12:00Z,2026-09-25T16:13:00Z,608.65,608.81,608.475,608.6
2026-09-25T16:13:00Z,2026-09-25T16:14:00Z,608.585,608.755,608.47,608.685
2026-09-25T16:14:00Z,2026-09-25T16:15:00Z,608.7,608.755,607.96,608.33
2026-09-25T16:15:00Z,2026-09-25T16:16:00Z,608.32,608.95,608.18,608.95
2026-09-25T16:16:00Z,2026-09-25T16:17:00Z,608.95,609.25,608.725,609.175
2026-09-25T16:17:00Z,2026-09-25T16:18:00Z,609.155,609.33,608.485,608.495
2026-09-25T16:18:00Z,2026-09-25T16:19:00Z,608.505,608.545,607.715,607.845
2026-09-25T16:19:00Z,2026-09-25T16:20:00Z,607.84,608.025,607.71,608.005
2026-09-25T16:20:00Z,2026-09-25T16:21:00Z,607.98,608.045,607.485,607.56
2026-09-25T16:21:00Z,2026-09-25T16:22:00Z,607.575,607.745,607.13,607.63
2026-09-25T16:22:00Z,2026-09-25T16:23:00Z,607.615,607.63,607.07,607.31
2026-09-25T16:23:00Z,2026-09-25T16:24:00Z,607.32,607.325,606.62,606.91
2026-09-25T16:24:00Z,2026-09-25T16:25:00Z,606.9,607.29,606.895,607.23
2026-09-25T16:25:00Z,2026-09-25T16:26:00Z,607.205,607.775,607.105,607.52
2026-09-25T16:26:00Z,2026-09-25T16:27:00Z,607.53,608.435,607.38,608.4
2026-09-25T16:27:00Z,2026-09-25T16:28:00Z,608.39,608.535,608.275,608.37
2026-09-25T16:28:00Z,2026-09-25T16:29:00Z,608.375,608.4,608.16,608.27
2026-09-25T16:29:00Z,2026-09-25T16:30:00Z,608.255,608.59,608.255,608.485
2026-09-25T16:30:00Z,2026-09-25T16:31:00Z,608.5,608.525,608.045,608.33
2026-09-25T16:31:00Z,2026-09-25T16:32:00Z,608.4,608.55,608.265,608.52
2026-09-25T16:32:00Z,2026-09-25T16:33:00Z,608.525,608.685,608.31,608.315
2026-09-25T16:33:00Z,2026-09-25T16:34:00Z,608.315,608.62,608.245,608.58
2026-09-25T16:34:00Z,2026-09-25T16:35:00Z,608.59,608.605,607.195,607.63
2026-09-25T16:35:00Z,2026-09-25T16:36:00Z,607.64,608.025,607.63,607.97
2026-09-25T16:36:00Z,2026-09-25T16:37:00Z,607.965,608.195,607.615,608.18
2026-09-25T16:37:00Z,2026-09-25T16:38:00Z,608.185,608.805,608.18,608.445
2026-09-25T16:38:00Z,2026-09-25T16:39:00Z,608.43,608.43,607.84,608.305
2026-09-25T16:39:00Z,2026-09-25T16:40:00Z,608.3,608.38,608.03,608.08
2026-09-25T16:40:00Z,2026-09-25T16:41:00Z,608.08,608.12,607.86,607.885
2026-09-25T16:41:00Z,2026-09-25T16:42:00Z,607.885,608.075,607.865,607.965
2026-09-25T16:42:00Z,2026-09-25T16:43:00Z,608,608.395,607.8,607.895
2026-09-25T16:43:00Z,2026-09-25T16:44:00Z,607.91,608.425,607.9,608.365
2026-09-25T16:44:00Z,2026-09-25T16:45:00Z,608.375,608.585,608.23,608.28
2026-09-25T16:45:00Z,2026-09-25T16:46:00Z,608.285,608.405,607.9,608.405
2026-09-25T16:46:00Z,2026-09-25T16:47:00Z,608.41,608.53,608.25,608.265
2026-09-25T16:47:00Z,2026-09-25T16:48:00Z,608.265,608.265,608,608.045
2026-09-25T16:48:00Z,2026-09-25T16:49:00Z,608.04,608.095,607.685,607.75
2026-09-25T16:49:00Z,2026-09-25T16:50:00Z,607.74,607.91,607.365,607.835
2026-09-25T16:50:00Z,2026-09-25T16:51:00Z,607.825,608.175,607.8,607.925
2026-09-25T16:51:00Z,2026-09-25T16:52:00Z,607.92,607.94,607.73,607.9
2026-09-25T16:52:00Z,2026-09-25T16:53:00Z,607.905,608.015,607.745,608.005
2026-09-25T16:53:00Z,2026-09-25T16:54:00Z,608,608.03,607.645,607.665
2026-09-25T16:54:00Z,2026-09-25T16:55:00Z,607.68,607.78,607.525,607.735
2026-09-25T16:55:00Z,2026-09-25T16:56:00Z,607.725,607.855,607.61,607.695
2026-09-25T16:56:00Z,2026-09-25T16:57:00Z,607.69,607.905,607.53,607.585
2026-09-25T16:57:00Z,2026-09-25T16:58:00Z,607.58,607.58,607.145,607.15
2026-09-25T16:58:00Z,2026-09-25T16:59:00Z,607.16,607.28,607.075,607.205
2026-09-25T16:59:00Z,2026-09-25T17:00:00Z,607.195,607.485,606.835,607.245
2026-09-25T17:00:00Z,2026-09-25T17:01:00Z,607.245,607.245,607.19,607.24
2026-09-25T17:01:00Z,2026-09-25T17:02:00Z,607.24,608.065,607.24,608.025
2026-09-25T17:02:00Z,2026-09-25T17:03:00Z,608.025,608.21,607.925,608.115
2026-09-25T17:03:00Z,2026-09-25T17:04:00Z,608.11,608.325,608.005,608.005
2026-09-25T17:04:00Z,2026-09-25T17:05:00Z,608,608.13,607.9,607.99
2026-09-25T17:05:00Z,2026-09-25T17:06:00Z,607.99,608.135,607.945,608.055
2026-09-25T17:06:00Z,2026-09-25T17:07:00Z,608.055,608.215,607.98,608.065
2026-09-25T17:07:00Z,2026-09-25T17:08:00Z,608.06,608.185,607.99,608.135
2026-09-25T17:08:00Z,2026-09-25T17:09:00Z,608.15,608.15,607.845,608.05
2026-09-25T17:09:00Z,2026-09-25T17:10:00Z,608.05,608.45,608.05,608.425
2026-09-25T17:10:00Z,2026-09-25T17:11:00Z,608.42,608.42,608.2,608.275
2026-09-25T17:11:00Z,2026-09-25T17:12:00Z,608.27,608.38,607.945,607.945
2026-09-25T17:12:00Z,2026-09-25T17:13:00Z,607.985,608.27,607.835,608.27
2026-09-25T17:13:00Z,2026-09-25T17:14:00Z,608.265,608.525,608.165,608.34
2026-09-25T17:14:00Z,2026-09-25T17:15:00Z,608.35,608.65,608.28,608.62
2026-09-25T17:15:00Z,2026-09-25T17:16:00Z,608.625,608.64,608.425,608.535
2026-09-25T17:16:00Z,2026-09-25T17:17:00Z,608.54,608.56,608.4,608.415
2026-09-25T17:17:00Z,2026-09-25T17:18:00Z,608.41,608.745,608.41,608.52
2026-09-25T17:18:00Z,2026-09-25T17:19:00Z,608.54,608.56,608.11,608.24
2026-09-25T17:19:00Z,2026-09-25T17:20:00Z,608.235,608.25,608.085,608.155
2026-09-25T17:20:00Z,2026-09-25T17:21:00Z,608.17,608.26,608.04,608.205
2026-09-25T17:21:00Z,2026-09-25T17:22:00Z,608.22,608.26,608.065,608.16
2026-09-25T17:22:00Z,2026-09-25T17:23:00Z,608.16,608.255,608.075,608.09
2026-09-25T17:23:00Z,2026-09-25T17:24:00Z,608.125,608.235,608.025,608.095
2026-09-25T17:24:00Z,2026-09-25T17:25:00Z,608.12,608.19,608.045,608.135
2026-09-25T17:25:00Z,2026-09-25T17:26:00Z,608.13,608.165,608.045,608.06
2026-09-25T17:26:00Z,2026-09-25T17:27:00Z,608.08,608.155,607.855,607.875
2026-09-25T17:27:00Z,2026-09-25T17:28:00Z,607.865,607.865,607.685,607.72
2026-09-25T17:28:00Z,2026-09-25T17:29:00Z,607.71,607.87,607.71,607.85
2026-09-25T17:29:00Z,2026-09-25T17:30:00Z,607.845,607.86,607.675,607.77
2026-09-25T17:30:00Z,2026-09-25T17:31:00Z,607.795,607.865,607.7,607.82
2026-09-25T17:31:00Z,2026-09-25T17:32:00Z,607.82,607.82,607.5,607.5
2026-09-25T17:32:00Z,2026-09-25T17:33:00Z,607.505,607.715,607.465,607.555
2026-09-25T17:33:00Z,2026-09-25T17:34:00Z,607.555,607.78,607.495,607.55
2026-09-25T17:34:00Z,2026-09-25T17:35:00Z,607.555,607.6,607.035,607.205
2026-09-25T17:35:00Z,2026-09-25T17:36:00Z,607.215,607.245,607.08,607.2
2026-09-25T17:36:00Z,2026-09-25T17:37:00Z,607.195,607.33,607.035,607.07
2026-09-25T17:37:00Z,2026-09-25T17:38:00Z,607.075,607.08,606.72,606.955
2026-09-25T17:38:00Z,2026-09-25T17:39:00Z,606.95,607.305,606.91,607.28
2026-09-25T17:39:00Z,2026-09-25T17:40:00Z,607.275,607.68,607.17,607.41
2026-09-25T17:40:00Z,2026-09-25T17:41:00Z,607.435,607.665,607.28,607.48
2026-09-25T17:41:00Z,2026-09-25T17:42:00Z,607.49,607.72,607.43,607.65
2026-09-25T17:42:00Z,2026-09-25T17:43:00Z,607.64,607.88,607.61,607.81
2026-09-25T17:43:00Z,2026-09-25T17:44:00Z,607.8,607.81,607.605,607.67
2026-09-25T17:44:00Z,2026-09-25T17:45:00Z,607.67,607.845,607.635,607.715
2026-09-25T17:45:00Z,2026-09-25T17:46:00Z,607.695,607.79,607.575,607.7
2026-09-25T17:46:00Z,2026-09-25T17:47:00Z,607.705,607.765,607.58,607.61
2026-09-25T17:47:00Z,2026-09-25T17:48:00Z,607.61,607.645,607.495,607.585
2026-09-25T17:48:00Z,2026-09-25T17:49:00Z,607.625,607.63,607.515,607.585
2026-09-25T17:49:00Z,2026-09-25T17:50:00Z,607.59,607.895,607.59,607.815
2026-09-25T17:50:00Z,2026-09-25T17:51:00Z,607.815,607.84,607.7,607.75
2026-09-25T17:51:00Z,2026-09-25T17:52:00Z,607.74,607.85,607.58,607.66
2026-09-25T17:52:00Z,2026-09-25T17:53:00Z,607.655,607.66,607.15,607.16
2026-09-25T17:53:00Z,2026-09-25T17:54:00Z,607.155,607.31,607.08,607.305
2026-09-25T17:54:00Z,2026-09-25T17:55:00Z,607.3,607.32,607.045,607.21
2026-09-25T17:55:00Z,2026-09-25T17:56:00Z,607.285,607.38,607.225,607.355
2026-09-25T17:56:00Z,2026-09-25T17:57:00Z,607.36,607.52,607.32,607.445
2026-09-25T17:57:00Z,2026-09-25T17:58:00Z,607.455,607.505,607.38,607.42
2026-09-25T17:58:00Z,2026-09-25T17:59:00Z,607.42,607.635,607.42,607.49
2026-09-25T17:59:00Z,2026-09-25T18:00:00Z,607.485,607.57,607.36,607.48
2026-09-25T18:00:00Z,2026-09-25T18:01:00Z,607.485,607.565,607.405,607.5
2026-09-25T18:01:00Z,2026-09-25T18:02:00Z,607.51,607.565,607.425,607.49
2026-09-25T18:02:00Z,2026-09-25T18:03:00Z,607.5,607.53,607.255,607.3
2026-09-25T18:03:00Z,2026-09-25T18:04:00Z,607.355,607.58,607.285,607.485
2026-09-25T18:04:00Z,2026-09-25T18:05:00Z,607.48,607.505,607.23,607.26
2026-09-25T18:05:00Z,2026-09-25T18:06:00Z,607.24,607.51,607.24,607.41
2026-09-25T18:06:00Z,2026-09-25T18:07:00Z,607.415,607.46,607.19,607.26
2026-09-25T18:07:00Z,2026-09-25T18:08:00Z,607.27,607.345,607.11,607.225
2026-09-25T18:08:00Z,2026-09-25T18:09:00Z,607.215,607.515,607.135,607.5
2026-09-25T18:09:00Z,2026-09-25T18:10:00Z,607.505,607.655,607.49,607.6
2026-09-25T18:10:00Z,2026-09-25T18:11:00Z,607.595,607.63,607.49,607.505
2026-09-25T18:11:00Z,2026-09-25T18:12:00Z,607.51,607.56,607.425,607.47
2026-09-25T18:12:00Z,2026-09-25T18:13:00Z,607.475,607.72,607.37,607.68
2026-09-25T18:13:00Z,2026-09-25T18:14:00Z,607.675,607.925,607.67,607.92
2026-09-25T18:14:00Z,2026-09-25T18:15:00Z,607.905,608.07,607.865,608.03
2026-09-25T18:15:00Z,2026-09-25T18:16:00Z,608.04,608.065,607.9,607.96
2026-09-25T18:16:00Z,2026-09-25T18:17:00Z,607.975,608.105,607.885,607.98
2026-09-25T18:17:00Z,2026-09-25T18:18:00Z,607.99,607.99,607.835,607.91
2026-09-25T18:18:00Z,2026-09-25T18:19:00Z,607.905,607.995,607.69,607.725
2026-09-25T18:19:00Z,2026-09-25T18:20:00Z,607.735,607.735,607.59,607.735
2026-09-25T18:20:00Z,2026-09-25T18:21:00Z,607.725,607.895,607.71,607.75
2026-09-25T18:21:00Z,2026-09-25T18:22:00Z,607.755,607.755,607.635,607.68
2026-09-25T18:22:00Z,2026-09-25T18:23:00Z,607.725,607.95,607.675,607.775
2026-09-25T18:23:00Z,2026-09-25T18:24:00Z,607.77,608.055,607.755,608.01
2026-09-25T18:24:00Z,2026-09-25T18:25:00Z,608.015,608.085,608.01,608.035
2026-09-25T18:25:00Z,2026-09-25T18:26:00Z,608.04,608.055,607.92,607.95
2026-09-25T18:26:00Z,2026-09-25T18:27:00Z,607.945,607.955,607.175,607.315
2026-09-25T18:27:00Z,2026-09-25T18:28:00Z,607.31,607.32,606.685,606.73
2026-09-25T18:28:00Z,2026-09-25T18:29:00Z,606.725,607.075,606.625,607.04
2026-09-25T18:29:00Z,2026-09-25T18:30:00Z,607.035,607.285,606.91,607.11
2026-09-25T18:30:00Z,2026-09-25T18:31:00Z,607.14,607.465,607.13,607.305
2026-09-25T18:31:00Z,2026-09-25T18:32:00Z,607.31,607.49,607.255,607.325
2026-09-25T18:32:00Z,2026-09-25T18:33:00Z,607.335,607.335,607.06,607.13
2026-09-25T18:33:00Z,2026-09-25T18:34:00Z,607.155,607.295,607.13,607.175
2026-09-25T18:34:00Z,2026-09-25T18:35:00Z,607.21,607.23,607.05,607.19
2026-09-25T18:35:00Z,2026-09-25T18:36:00Z,607.19,607.36,607.05,607.28
2026-09-25T18:36:00Z,2026-09-25T18:37:00Z,607.3,607.345,607.245,607.31
2026-09-25T18:37:00Z,2026-09-25T18:38:00Z,607.31,607.31,606.72,606.775
2026-09-25T18:38:00Z,2026-09-25T18:39:00Z,606.765,606.8,606.6,606.79
2026-09-25T18:39:00Z,2026-09-25T18:40:00Z,606.795,606.825,606.415,606.42
2026-09-25T18:40:00Z,2026-09-25T18:41:00Z,606.455,606.61,606.26,606.55
2026-09-25T18:41:00Z,2026-09-25T18:42:00Z,606.555,606.71,606.46,606.61
2026-09-25T18:42:00Z,2026-09-25T18:43:00Z,606.595,606.815,606.595,606.81
2026-09-25T18:43:00Z,2026-09-25T18:44:00Z,606.805,606.81,606.71,606.81
2026-09-25T18:44:00Z,2026-09-25T18:45:00Z,606.79,606.91,606.765,606.9
2026-09-25T18:45:00Z,2026-09-25T18:46:00Z,606.905,607.005,606.865,606.905
2026-09-25T18:46:00Z,2026-09-25T18:47:00Z,606.9,606.995,606.7,606.72
2026-09-25T18:47:00Z,2026-09-25T18:48:00Z,606.69,606.705,606.505,606.57
2026-09-25T18:48:00Z,2026-09-25T18:49:00Z,606.555,606.75,606.48,606.705
2026-09-25T18:49:00Z,2026-09-25T18:50:00Z,606.71,606.84,606.7,606.72
2026-09-25T18:50:00Z,2026-09-25T18:51:00Z,606.725,606.735,606.535,606.605
2026-09-25T18:51:00Z,2026-09-25T18:52:00Z,606.605,606.645,606.355,606.515
2026-09-25T18:52:00Z,2026-09-25T18:53:00Z,606.5,606.61,606.415,606.61
2026-09-25T18:53:00Z,2026-09-25T18:54:00Z,606.64,606.655,606.475,606.58
2026-09-25T18:54:00Z,2026-09-25T18:55:00Z,606.59,606.6,606.21,606.26
2026-09-25T18:55:00Z,2026-09-25T18:56:00Z,606.27,606.465,606.27,606.405
2026-09-25T18:56:00Z,2026-09-25T18:57:00Z,606.41,606.46,606.335,606.405
2026-09-25T18:57:00Z,2026-09-25T18:58:00Z,606.41,606.45,606.33,606.365
2026-09-25T18:58:00Z,2026-09-25T18:59:00Z,606.355,606.465,606.27,606.425
2026-09-25T18:59:00Z,2026-09-25T19:00:00Z,606.42,606.44,606.045,606.075
2026-09-25T19:00:00Z,2026-09-25T19:01:00Z,606.08,606.295,606.055,606.125
2026-09-25T19:01:00Z,2026-09-25T19:02:00Z,606.115,606.385,605.935,605.935
2026-09-25T19:02:00Z,2026-09-25T19:03:00Z,605.95,606.01,605.74,605.79
2026-09-25T19:03:00Z,2026-09-25T19:04:00Z,605.795,606.225,605.675,606.225
2026-09-25T19:04:00Z,2026-09-25T19:05:00Z,606.23,606.645,606.23,606.54
2026-09-25T19:05:00Z,2026-09-25T19:06:00Z,606.54,606.835,606.51,606.755
2026-09-25T19:06:00Z,2026-09-25T19:07:00Z,606.76,606.965,606.555,606.625
2026-09-25T19:07:00Z,2026-09-25T19:08:00Z,606.63,606.85,606.58,606.785
2026-09-25T19:08:00Z,2026-09-25T19:09:00Z,606.805,606.83,606.675,606.815
2026-09-25T19:09:00Z,2026-09-25T19:10:00Z,606.81,606.81,606.56,606.7
2026-09-25T19:10:00Z,2026-09-25T19:11:00Z,606.695,606.855,606.655,606.76
2026-09-25T19:11:00Z,2026-09-25T19:12:00Z,606.75,606.785,606.58,606.7
2026-09-25T19:12:00Z,2026-09-25T19:13:00Z,606.71,606.845,606.66,606.835
2026-09-25T19:13:00Z,2026-09-25T19:14:00Z,606.84,606.875,606.7,606.86
2026-09-25T19:14:00Z,2026-09-25T19:15:00Z,606.85,607.155,606.835,607.11
2026-09-25T19:15:00Z,2026-09-25T19:16:00Z,607.12,607.205,606.985,607.06
2026-09-25T19:16:00Z,2026-09-25T19:17:00Z,607.065,607.12,606.905,606.985
2026-09-25T19:17:00Z,2026-09-25T19:18:00Z,607.025,607.06,606.94,607.01
2026-09-25T19:18:00Z,2026-09-25T19:19:00Z,607,607.065,606.94,607.03
2026-09-25T19:19:00Z,2026-09-25T19:20:00Z,607.025,607.03,606.745,606.745
2026-09-25T19:20:00Z,2026-09-25T19:21:00Z,606.75,606.875,606.675,606.695
2026-09-25T19:21:00Z,2026-09-25T19:22:00Z,606.685,606.79,606.615,606.74
2026-09-25T19:22:00Z,2026-09-25T19:23:00Z,606.745,606.79,606.55,606.62
2026-09-25T19:23:00Z,2026-09-25T19:24:00Z,606.61,606.635,606.495,606.62
2026-09-25T19:24:00Z,2026-09-25T19:25:00Z,606.61,606.96,606.61,606.8
2026-09-25T19:25:00Z,2026-09-25T19:26:00Z,606.78,606.9,606.69,606.8
2026-09-25T19:26:00Z,2026-09-25T19:27:00Z,606.815,606.83,606.41,606.665
2026-09-25T19:27:00Z,2026-09-25T19:28:00Z,606.655,606.74,606.53,606.715
2026-09-25T19:28:00Z,2026-09-25T19:29:00Z,606.71,606.795,606.55,606.635
2026-09-25T19:29:00Z,2026-09-25T19:30:00Z,606.625,606.82,606.545,606.73
2026-09-25T19:30:00Z,2026-09-25T19:31:00Z,606.74,606.74,606.01,606.14
2026-09-25T19:31:00Z,2026-09-25T19:32:00Z,606.13,606.28,606.06,606.265
2026-09-25T19:32:00Z,2026-09-25T19:33:00Z,606.275,606.435,606.115,606.22
2026-09-25T19:33:00Z,2026-09-25T19:34:00Z,606.215,606.37,606.155,606.345
2026-09-25T19:34:00Z,2026-09-25T19:35:00Z,606.34,606.4,605.795,605.795
2026-09-25T19:35:00Z,2026-09-25T19:36:00Z,605.8,605.935,605.55,605.645
2026-09-25T19:36:00Z,2026-09-25T19:37:00Z,605.655,605.845,605.45,605.825
2026-09-25T19:37:00Z,2026-09-25T19:38:00Z,605.815,606.345,605.77,606.26
2026-09-25T19:38:00Z,2026-09-25T19:39:00Z,606.265,606.45,606.195,606.32
2026-09-25T19:39:00Z,2026-09-25T19:40:00Z,606.325,606.52,606.24,606.385
2026-09-25T19:40:00Z,2026-09-25T19:41:00Z,606.39,606.405,606.13,606.305
2026-09-25T19:41:00Z,2026-09-25T19:42:00Z,606.3,606.425,606.165,606.17
2026-09-25T19:42:00Z,2026-09-25T19:43:00Z,606.175,606.445,606.175,606.425
2026-09-25T19:43:00Z,2026-09-25T19:44:00Z,606.435,606.85,606.425,606.79
2026-09-25T19:44:00Z,2026-09-25T19:45:00Z,606.805,606.83,606.535,606.695
2026-09-25T19:45:00Z,2026-09-25T19:46:00Z,606.705,607.245,606.705,607.155
2026-09-25T19:46:00Z,2026-09-25T19:47:00Z,607.16,607.275,607.03,607.175
2026-09-25T19:47:00Z,2026-09-25T19:48:00Z,607.165,607.215,607,607.195
2026-09-25T19:48:00Z,2026-09-25T19:49:00Z,607.19,607.33,606.99,607.25
2026-09-25T19:49:00Z,2026-09-25T19:50:00Z,607.265,607.485,607.205,607.38
2026-09-25T19:50:00Z,2026-09-25T19:51:00Z,607.36,607.63,607.29,607.62
2026-09-25T19:51:00Z,2026-09-25T19:52:00Z,607.615,607.855,607.365,607.525
2026-09-25T19:52:00Z,2026-09-25T19:53:00Z,607.535,607.985,607.535,607.725
2026-09-25T19:53:00Z,2026-09-25T19:54:00Z,607.73,608.01,607.675,607.675
2026-09-25T19:54:00Z,2026-09-25T19:55:00Z,607.68,607.755,607.21,607.46
2026-09-25T19:55:00Z,2026-09-25T19:56:00Z,607.445,607.685,607.18,607.26
2026-09-25T19:56:00Z,2026-09-25T19:57:00Z,607.255,607.265,606.57,606.77
2026-09-25T19:57:00Z,2026-09-25T19:58:00Z,606.765,607.395,606.765,607.385
2026-09-25T19:58:00Z,2026-09-25T19:59:00Z,607.375,607.47,607.145,607.3
2026-09-25T19:59:00Z,2026-09-25T20:00:00Z,607.295,607.3,606.44,606.63
2026-09-28T13:30:00Z,2026-09-28T13:31:00Z,605.155,605.835,604.29,604.495
2026-09-28T13:31:00Z,2026-09-28T13:32:00Z,604.495,607.21,604.42,607.11
2026-09-28T13:32:00Z,2026-09-28T13:33:00Z,607.175,607.955,606.88,607.575
2026-09-28T13:33:00Z,2026-09-28T13:34:00Z,607.585,607.585,606.39,607.03
2026-09-28T13:34:00Z,2026-09-28T13:35:00Z,606.97,607.05,604.94,605.045
2026-09-28T13:35:00Z,2026-09-28T13:36:00Z,605.035,605.055,603.56,603.755
2026-09-28T13:36:00Z,2026-09-28T13:37:00Z,603.75,604.955,603.42,604.885
2026-09-28T13:37:00Z,2026-09-28T13:38:00Z,604.885,604.93,603.875,603.915
2026-09-28T13:38:00Z,2026-09-28T13:39:00Z,603.92,603.92,602.62,603.01
2026-09-28T13:39:00Z,2026-09-28T13:40:00Z,603.015,603.82,602.925,603.27
2026-09-28T13:40:00Z,2026-09-28T13:41:00Z,603.245,603.63,602.805,603.2
2026-09-28T13:41:00Z,2026-09-28T13:42:00Z,603.25,603.755,602.32,602.33
2026-09-28T13:42:00Z,2026-09-28T13:43:00Z,602.375,603.555,602.375,603.09
2026-09-28T13:43:00Z,2026-09-28T13:44:00Z,603.145,603.525,602.645,603.375
2026-09-28T13:44:00Z,2026-09-28T13:45:00Z,603.37,603.37,601.36,601.57
2026-09-28T13:45:00Z,2026-09-28T13:46:00Z,601.575,602.205,601.19,601.545
2026-09-28T13:46:00Z,2026-09-28T13:47:00Z,601.49,601.61,600.92,601.44
2026-09-28T13:47:00Z,2026-09-28T13:48:00Z,601.445,602.1,601.43,601.58
2026-09-28T13:48:00Z,2026-09-28T13:49:00Z,601.575,602.165,601.34,601.96
2026-09-28T13:49:00Z,2026-09-28T13:50:00Z,601.8,602.625,601.8,602.18
2026-09-28T13:50:00Z,2026-09-28T13:51:00Z,602.175,602.365,601.37,601.405
2026-09-28T13:51:00Z,2026-09-28T13:52:00Z,601.39,601.39,600.14,600.35
2026-09-28T13:52:00Z,2026-09-28T13:53:00Z,600.345,600.395,599.93,600.385
2026-09-28T13:53:00Z,2026-09-28T13:54:00Z,600.39,601.605,600.385,601.465
2026-09-28T13:54:00Z,2026-09-28T13:55:00Z,601.48,602.47,601.44,602.24
2026-09-28T13:55:00Z,2026-09-28T13:56:00Z,602.235,602.825,601.84,602.035
2026-09-28T13:56:00Z,2026-09-28T13:57:00Z,602.04,602.05,601.435,601.635
2026-09-28T13:57:00Z,2026-09-28T13:58:00Z,601.605,602.525,601.585,602.475
2026-09-28T13:58:00Z,2026-09-28T13:59:00Z,602.5,602.9,602.245,602.525
2026-09-28T13:59:00Z,2026-09-28T14:00:00Z,602.515,602.55,601.83,602.225
2026-09-28T14:00:00Z,2026-09-28T14:01:00Z,602.245,602.57,601.71,602.56
2026-09-28T14:01:00Z,2026-09-28T14:02:00Z,602.555,602.555,601.255,601.64
2026-09-28T14:02:00Z,2026-09-28T14:03:00Z,601.62,601.7,601.185,601.365
2026-09-28T14:03:00Z,2026-09-28T14:04:00Z,601.39,601.64,601.13,601.295
2026-09-28T14:04:00Z,2026-09-28T14:05:00Z,601.26,601.285,600.435,600.51
2026-09-28T14:05:00Z,2026-09-28T14:06:00Z,600.53,600.6,599.76,599.815
2026-09-28T14:06:00Z,2026-09-28T14:07:00Z,599.84,600.2,599.58,600.16
2026-09-28T14:07:00Z,2026-09-28T14:08:00Z,600.17,600.525,600.065,600.225
2026-09-28T14:08:00Z,2026-09-28T14:09:00Z,600.225,600.265,599.58,599.625
2026-09-28T14:09:00Z,2026-09-28T14:10:00Z,599.655,600.345,599.65,599.785
2026-09-28T14:10:00Z,2026-09-28T14:11:00Z,599.78,599.78,598.59,598.645
2026-09-28T14:11:00Z,2026-09-28T14:12:00Z,598.64,598.775,598.065,598.115
2026-09-28T14:12:00Z,2026-09-28T14:13:00Z,598.05,598.06,597.11,597.35
2026-09-28T14:13:00Z,2026-09-28T14:14:00Z,597.345,597.855,597.095,597.53
2026-09-28T14:14:00Z,2026-09-28T14:15:00Z,597.535,597.535,596.825,597.12
2026-09-28T14:15:00Z,2026-09-28T14:16:00Z,597.125,598.36,597.105,597.945
2026-09-28T14:16:00Z,2026-09-28T14:17:00Z,597.955,598.73,597.86,598.665
2026-09-28T14:17:00Z,2026-09-28T14:18:00Z,598.725,598.845,598.36,598.845
2026-09-28T14:18:00Z,2026-09-28T14:19:00Z,598.825,599.155,598.76,598.91
2026-09-28T14:19:00Z,2026-09-28T14:20:00Z,598.93,599.46,598.93,599.19
2026-09-28T14:20:00Z,2026-09-28T14:21:00Z,599.185,599.79,598.56,599.66
2026-09-28T14:21:00Z,2026-09-28T14:22:00Z,599.655,599.86,599.05,599.22
2026-09-28T14:22:00Z,2026-09-28T14:23:00Z,599.24,600.295,599.24,600.295
2026-09-28T14:23:00Z,2026-09-28T14:24:00Z,600.29,600.295,599.71,599.855
2026-09-28T14:24:00Z,2026-09-28T14:25:00Z,599.845,599.875,599.425,599.61
2026-09-28T14:25:00Z,2026-09-28T14:26:00Z,599.605,599.605,599.075,599.095
2026-09-28T14:26:00Z,2026-09-28T14:27:00Z,599.085,599.22,598.6,598.815
2026-09-28T14:27:00Z,2026-09-28T14:28:00Z,598.82,598.9,598.635,598.77
2026-09-28T14:28:00Z,2026-09-28T14:29:00Z,598.78,599.085,598.585,599.055
2026-09-28T14:29:00Z,2026-09-28T14:30:00Z,599.035,599.045,598.44,598.635
2026-09-28T14:30:00Z,2026-09-28T14:31:00Z,598.63,598.885,598.505,598.645
2026-09-28T14:31:00Z,2026-09-28T14:32:00Z,598.6,598.77,598.38,598.655
2026-09-28T14:32:00Z,2026-09-28T14:33:00Z,598.65,599.305,598.575,599.305
2026-09-28T14:33:00Z,2026-09-28T14:34:00Z,599.345,599.605,599.175,599.305
2026-09-28T14:34:00Z,2026-09-28T14:35:00Z,599.31,599.425,599.085,599.165
2026-09-28T14:35:00Z,2026-09-28T14:36:00Z,599.14,599.255,598.53,598.57
2026-09-28T14:36:00Z,2026-09-28T14:37:00Z,598.57,598.78,598.16,598.25
2026-09-28T14:37:00Z,2026-09-28T14:38:00Z,598.245,598.495,597.58,597.68
2026-09-28T14:38:00Z,2026-09-28T14:39:00Z,597.675,597.745,596.855,597.165
2026-09-28T14:39:00Z,2026-09-28T14:40:00Z,597.16,597.64,597.09,597.51
2026-09-28T14:40:00Z,2026-09-28T14:41:00Z,597.55,598.035,597.47,597.525
2026-09-28T14:41:00Z,2026-09-28T14:42:00Z,597.585,597.59,597.035,597.455
2026-09-28T14:42:00Z,2026-09-28T14:43:00Z,597.455,597.455,596.645,596.7
2026-09-28T14:43:00Z,2026-09-28T14:44:00Z,596.69,596.69,595.54,595.675
2026-09-28T14:44:00Z,2026-09-28T14:45:00Z,595.685,595.685,594.615,594.795
2026-09-28T14:45:00Z,2026-09-28T14:46:00Z,594.84,594.995,593.52,593.925
2026-09-28T14:46:00Z,2026-09-28T14:47:00Z,593.95,594.28,593.325,593.5
2026-09-28T14:47:00Z,2026-09-28T14:48:00Z,593.49,593.5,592.46,592.56
2026-09-28T14:48:00Z,2026-09-28T14:49:00Z,592.535,592.81,591.935,592.69
2026-09-28T14:49:00Z,2026-09-28T14:50:00Z,592.655,593.14,592.655,593.055
2026-09-28T14:50:00Z,2026-09-28T14:51:00Z,593.04,593.5,593.005,593.465
2026-09-23T18:00:00Z,2026-09-23T18:01:00Z,599.975,600.215,599.9,600.08
2026-09-23T18:01:00Z,2026-09-23T18:02:00Z,600.085,600.085,599.63,599.815
2026-09-23T18:02:00Z,2026-09-23T18:03:00Z,599.825,599.895,599.67,599.755
2026-09-23T18:03:00Z,2026-09-23T18:04:00Z,599.775,599.805,599.135,599.135
2026-09-23T18:04:00Z,2026-09-23T18:05:00Z,599.14,599.155,598.865,598.91
2026-09-23T18:05:00Z,2026-09-23T18:06:00Z,598.925,599.255,598.89,599.255
2026-09-23T18:06:00Z,2026-09-23T18:07:00Z,599.245,599.58,599.195,599.37
2026-09-23T18:07:00Z,2026-09-23T18:08:00Z,599.355,599.775,599.305,599.775
2026-09-23T18:08:00Z,2026-09-23T18:09:00Z,599.77,599.975,599.655,599.77
2026-09-23T18:09:00Z,2026-09-23T18:10:00Z,599.795,599.805,599.41,599.435
2026-09-23T18:10:00Z,2026-09-23T18:11:00Z,599.445,599.65,599.365,599.38
2026-09-23T18:11:00Z,2026-09-23T18:12:00Z,599.335,599.615,599.335,599.465
2026-09-23T18:12:00Z,2026-09-23T18:13:00Z,599.47,599.48,599.2,599.285
2026-09-23T18:13:00Z,2026-09-23T18:14:00Z,599.315,599.43,599.25,599.375
2026-09-23T18:14:00Z,2026-09-23T18:15:00Z,599.37,599.59,599.245,599.58
2026-09-23T18:15:00Z,2026-09-23T18:16:00Z,599.555,599.86,599.42,599.81
2026-09-23T18:16:00Z,2026-09-23T18:17:00Z,599.83,600.195,599.825,600.14
2026-09-23T18:17:00Z,2026-09-23T18:18:00Z,600.15,600.33,600.135,600.25
2026-09-23T18:18:00Z,2026-09-23T18:19:00Z,600.29,600.465,600.155,600.46
2026-09-23T18:19:00Z,2026-09-23T18:20:00Z,600.455,600.455,600.01,600.12
2026-09-23T18:20:00Z,2026-09-23T18:21:00Z,600.115,600.15,599.935,600.07
2026-09-23T18:21:00Z,2026-09-23T18:22:00Z,600.075,600.1,599.75,599.79
2026-09-23T18:22:00Z,2026-09-23T18:23:00Z,599.79,599.98,599.775,599.96
2026-09-23T18:23:00Z,2026-09-23T18:24:00Z,599.93,600.105,599.8,600.055
2026-09-23T18:24:00Z,2026-09-23T18:25:00Z,600.05,600.25,600.04,600.17
2026-09-23T18:25:00Z,2026-09-23T18:26:00Z,600.175,600.29,600.11,600.13
2026-09-23T18:26:00Z,2026-09-23T18:27:00Z,600.15,600.345,599.995,600.04
2026-09-23T18:27:00Z,2026-09-23T18:28:00Z,600.03,600.375,600.005,600.19
2026-09-23T18:28:00Z,2026-09-23T18:29:00Z,600.18,600.225,600.025,600.12
2026-09-23T18:29:00Z,2026-09-23T18:30:00Z,600.125,600.18,599.99,600.115
2026-09-23T18:30:00Z,2026-09-23T18:31:00Z,600.095,600.125,599.8,599.82
2026-09-23T18:31:00Z,2026-09-23T18:32:00Z,599.815,599.855,599.605,599.755
2026-09-23T18:32:00Z,2026-09-23T18:33:00Z,599.765,599.905,599.625,599.905
2026-09-23T18:33:00Z,2026-09-23T18:34:00Z,599.915,599.965,599.76,599.89
2026-09-23T18:34:00Z,2026-09-23T18:35:00Z,599.88,600.17,599.725,600.025
2026-09-23T18:35:00Z,2026-09-23T18:36:00Z,600.04,600.23,599.995,600.11
2026-09-23T18:36:00Z,2026-09-23T18:37:00Z,600.09,600.275,600.08,600.11
2026-09-23T18:37:00Z,2026-09-23T18:38:00Z,600.1,600.12,599.825,599.825
2026-09-23T18:38:00Z,2026-09-23T18:39:00Z,599.84,599.845,599.535,599.715
2026-09-23T18:39:00Z,2026-09-23T18:40:00Z,599.71,599.8,599.57,599.62
2026-09-23T18:40:00Z,2026-09-23T18:41:00Z,599.645,599.925,599.635,599.83
2026-09-23T18:41:00Z,2026-09-23T18:42:00Z,599.845,599.865,599.395,599.395
2026-09-23T18:42:00Z,2026-09-23T18:43:00Z,599.415,599.775,599.39,599.655
2026-09-23T18:43:00Z,2026-09-23T18:44:00Z,599.665,599.99,599.665,599.96
2026-09-23T18:44:00Z,2026-09-23T18:45:00Z,599.97,599.985,599.79,599.86
2026-09-23T18:45:00Z,2026-09-23T18:46:00Z,599.855,599.985,599.775,599.9
2026-09-23T18:46:00Z,2026-09-23T18:47:00Z,599.89,599.94,599.695,599.73
2026-09-23T18:47:00Z,2026-09-23T18:48:00Z,599.715,599.865,599.69,599.77
2026-09-23T18:48:00Z,2026-09-23T18:49:00Z,599.755,599.97,599.555,599.97
2026-09-23T18:49:00Z,2026-09-23T18:50:00Z,599.965,600.305,599.9,600.235
2026-09-23T18:50:00Z,2026-09-23T18:51:00Z,600.21,600.365,600.075,600.1
2026-09-23T18:51:00Z,2026-09-23T18:52:00Z,600.105,600.24,600.085,600.2
2026-09-23T18:52:00Z,2026-09-23T18:53:00Z,600.175,600.305,599.88,599.94
2026-09-23T18:53:00Z,2026-09-23T18:54:00Z,599.94,600.11,599.88,600.075
2026-09-23T18:54:00Z,2026-09-23T18:55:00Z,600.07,600.07,599.835,599.87
2026-09-23T18:55:00Z,2026-09-23T18:56:00Z,599.88,600.125,599.81,600.1
2026-09-23T18:56:00Z,2026-09-23T18:57:00Z,600.105,600.25,600.055,600.21
2026-09-23T18:57:00Z,2026-09-23T18:58:00Z,600.23,600.42,600.1,600.405
2026-09-23T18:58:00Z,2026-09-23T18:59:00Z,600.415,600.45,600.34,600.44
2026-09-23T18:59:00Z,2026-09-23T19:00:00Z,600.435,600.575,600.31,600.4
2026-09-23T19:00:00Z,2026-09-23T19:01:00Z,600.39,600.48,599.97,600.42
2026-09-23T19:01:00Z,2026-09-23T19:02:00Z,600.39,600.64,600.36,600.425
2026-09-23T19:02:00Z,2026-09-23T19:03:00Z,600.43,600.44,600.085,600.11
2026-09-23T19:03:00Z,2026-09-23T19:04:00Z,600.12,600.3,599.575,599.61
2026-09-23T19:04:00Z,2026-09-23T19:05:00Z,599.605,599.81,599.58,599.65
2026-09-23T19:05:00Z,2026-09-23T19:06:00Z,599.645,599.885,599.55,599.85
2026-09-23T19:06:00Z,2026-09-23T19:07:00Z,599.865,600.255,599.755,600.25
2026-09-23T19:07:00Z,2026-09-23T19:08:00Z,600.245,601.02,600.215,600.805
2026-09-23T19:08:00Z,2026-09-23T19:09:00Z,600.83,600.91,600.735,600.77
2026-09-23T19:09:00Z,2026-09-23T19:10:00Z,600.78,600.8,600.155,600.24
2026-09-23T19:10:00Z,2026-09-23T19:11:00Z,600.225,600.43,600.225,600.31
2026-09-23T19:11:00Z,2026-09-23T19:12:00Z,600.305,600.33,600.045,600.065
2026-09-23T19:12:00Z,2026-09-23T19:13:00Z,600.07,600.135,599.705,599.78
2026-09-23T19:13:00Z,2026-09-23T19:14:00Z,599.775,599.985,599.615,599.975
2026-09-23T19:14:00Z,2026-09-23T19:15:00Z,599.98,600.145,599.88,599.925
2026-09-23T19:15:00Z,2026-09-23T19:16:00Z,599.93,600.09,599.475,599.515
2026-09-23T19:16:00Z,2026-09-23T19:17:00Z,599.535,599.61,599.265,599.265
2026-09-23T19:17:00Z,2026-09-23T19:18:00Z,599.275,599.6,599.16,599.59
2026-09-23T19:18:00Z,2026-09-23T19:19:00Z,599.585,599.855,599.505,599.825
2026-09-23T19:19:00Z,2026-09-23T19:20:00Z,599.815,600.005,599.565,599.74
2026-09-23T19:20:00Z,2026-09-23T19:21:00Z,599.725,599.87,599.6,599.805
2026-09-23T19:21:00Z,2026-09-23T19:22:00Z,599.795,600.03,599.775,599.97
2026-09-23T19:22:00Z,2026-09-23T19:23:00Z,599.985,599.995,599.64,599.665
2026-09-23T19:23:00Z,2026-09-23T19:24:00Z,599.67,599.88,599.67,599.795
2026-09-23T19:24:00Z,2026-09-23T19:25:00Z,599.795,599.84,599.71,599.83
2026-09-23T19:25:00Z,2026-09-23T19:26:00Z,599.805,600.05,599.62,599.65
2026-09-23T19:26:00Z,2026-09-23T19:27:00Z,599.67,599.885,599.625,599.73
2026-09-23T19:27:00Z,2026-09-23T19:28:00Z,599.735,600.095,599.625,600.05
2026-09-23T19:28:00Z,2026-09-23T19:29:00Z,600.055,600.07,599.77,599.78
2026-09-23T19:29:00Z,2026-09-23T19:30:00Z,599.77,599.895,599.585,599.7
2026-09-23T19:30:00Z,2026-09-23T19:31:00Z,599.74,600.165,599.52,599.975
2026-09-23T19:31:00Z,2026-09-23T19:32:00Z,599.985,599.985,599.805,599.97
2026-09-23T19:32:00Z,2026-09-23T19:33:00Z,600,600.24,599.935,600.21
2026-09-23T19:33:00Z,2026-09-23T19:34:00Z,600.22,600.44,600.07,600.405
2026-09-23T19:34:00Z,2026-09-23T19:35:00Z,600.41,600.475,600.2,600.45
2026-09-23T19:35:00Z,2026-09-23T19:36:00Z,600.465,600.53,600.17,600.52
2026-09-23T19:36:00Z,2026-09-23T19:37:00Z,600.525,600.75,600.485,600.695
2026-09-23T19:37:00Z,2026-09-23T19:38:00Z,600.715,600.845,600.4,600.84
2026-09-23T19:38:00Z,2026-09-23T19:39:00Z,600.83,600.845,600.51,600.575
2026-09-23T19:39:00Z,2026-09-23T19:40:00Z,600.57,600.96,600.51,600.91
2026-09-23T19:40:00Z,2026-09-23T19:41:00Z,600.92,601.2,600.78,601.025
2026-09-23T19:41:00Z,2026-09-23T19:42:00Z,601.03,601.035,600.635,600.78
2026-09-23T19:42:00Z,2026-09-23T19:43:00Z,600.785,600.815,600.245,600.31
2026-09-23T19:43:00Z,2026-09-23T19:44:00Z,600.355,600.375,600.075,600.315
2026-09-23T19:44:00Z,2026-09-23T19:45:00Z,600.335,600.365,600.05,600.325
2026-09-23T19:45:00Z,2026-09-23T19:46:00Z,600.32,600.36,600.02,600.36
2026-09-23T19:46:00Z,2026-09-23T19:47:00Z,600.435,600.45,600.125,600.385
2026-09-23T19:47:00Z,2026-09-23T19:48:00Z,600.395,600.68,600.235,600.675
2026-09-23T19:48:00Z,2026-09-23T19:49:00Z,600.68,600.725,600.455,600.665
2026-09-23T19:49:00Z,2026-09-23T19:50:00Z,600.67,600.775,600.48,600.6
2026-09-23T19:50:00Z,2026-09-23T19:51:00Z,600.605,600.605,599.605,599.895
2026-09-23T19:51:00Z,2026-09-23T19:52:00Z,599.9,600.065,599.47,599.5
2026-09-23T19:52:00Z,2026-09-23T19:53:00Z,599.505,599.505,598.955,599.125
2026-09-23T19:53:00Z,2026-09-23T19:54:00Z,599.13,599.72,599.13,599.715
2026-09-23T19:54:00Z,2026-09-23T19:55:00Z,599.72,599.81,599.085,599.185
2026-09-23T19:55:00Z,2026-09-23T19:56:00Z,599.175,600.25,599.175,599.77
2026-09-23T19:56:00Z,2026-09-23T19:57:00Z,599.835,599.835,599.56,599.765
2026-09-23T19:57:00Z,2026-09-23T19:58:00Z,599.755,600.57,599.755,600.445
2026-09-23T19:58:00Z,2026-09-23T19:59:00Z,600.435,600.565,600.375,600.48
2026-09-23T19:59:00Z,2026-09-23T20:00:00Z,600.47,601.295,600.08,601.06
2026-09-24T13:30:00Z,2026-09-24T13:31:00Z,591.675,591.765,590.415,590.88
2026-09-24T13:31:00Z,2026-09-24T13:32:00Z,591.12,591.12,589.455,590.47
2026-09-24T13:32:00Z,2026-09-24T13:33:00Z,590.49,591.125,589.315,589.365
2026-09-24T13:33:00Z,2026-09-24T13:34:00Z,589.32,590.035,588.965,589.585
2026-09-24T13:34:00Z,2026-09-24T13:35:00Z,589.58,590.425,589.145,590.155
2026-09-24T13:35:00Z,2026-09-24T13:36:00Z,590.15,591.715,589.88,591.715
2026-09-24T13:36:00Z,2026-09-24T13:37:00Z,591.73,592.47,591.39,591.475
2026-09-24T13:37:00Z,2026-09-24T13:38:00Z,591.485,592.105,590.89,592.065
2026-09-24T13:38:00Z,2026-09-24T13:39:00Z,592.04,593.465,592.005,593.275
2026-09-24T13:39:00Z,2026-09-24T13:40:00Z,593.28,593.31,592.85,593.095
2026-09-24T13:40:00Z,2026-09-24T13:41:00Z,593.09,593.095,592.5,592.72
2026-09-24T13:41:00Z,2026-09-24T13:42:00Z,592.715,592.935,592.005,592.11
2026-09-24T13:42:00Z,2026-09-24T13:43:00Z,592.11,593.41,591.905,592.915
2026-09-24T13:43:00Z,2026-09-24T13:44:00Z,592.85,593.205,592.685,593.175
2026-09-24T13:44:00Z,2026-09-24T13:45:00Z,593.085,593.515,592.915,593.425
2026-09-24T13:45:00Z,2026-09-24T13:46:00Z,593.435,594.53,593.43,594.53
2026-09-24T13:46:00Z,2026-09-24T13:47:00Z,594.475,595.75,594.26,595.685
2026-09-24T13:47:00Z,2026-09-24T13:48:00Z,595.7,596.295,595.535,595.865
2026-09-24T13:48:00Z,2026-09-24T13:49:00Z,595.87,595.905,594.68,594.805
2026-09-24T13:49:00Z,2026-09-24T13:50:00Z,594.775,594.855,593.985,594.085
2026-09-24T13:50:00Z,2026-09-24T13:51:00Z,594.125,594.635,593.88,594.31
2026-09-24T13:51:00Z,2026-09-24T13:52:00Z,594.295,594.925,593.875,593.875
2026-09-24T13:52:00Z,2026-09-24T13:53:00Z,593.88,594.69,593.69,593.8
2026-09-24T13:53:00Z,2026-09-24T13:54:00Z,593.795,594.01,593.055,593.055
2026-09-24T13:54:00Z,2026-09-24T13:55:00Z,593.09,593.375,592.09,592.465
2026-09-24T13:55:00Z,2026-09-24T13:56:00Z,592.435,593.11,592.41,592.49
2026-09-24T13:56:00Z,2026-09-24T13:57:00Z,592.5,592.94,591.95,592.535
2026-09-24T13:57:00Z,2026-09-24T13:58:00Z,592.53,592.72,592.32,592.585
2026-09-24T13:58:00Z,2026-09-24T13:59:00Z,592.555,592.965,592.32,592.87
2026-09-24T13:59:00Z,2026-09-24T14:00:00Z,592.87,593.59,592.835,593.355
2026-09-24T14:00:00Z,2026-09-24T14:01:00Z,593.365,594.25,593.095,594.025
2026-09-24T14:01:00Z,2026-09-24T14:02:00Z,594.025,594.845,593.405,593.455
2026-09-24T14:02:00Z,2026-09-24T14:03:00Z,593.46,594.155,593.41,594.02
2026-09-24T14:03:00Z,2026-09-24T14:04:00Z,594.055,594.38,593.995,594.295
2026-09-24T14:04:00Z,2026-09-24T14:05:00Z,594.3,594.85,594.255,594.67
2026-09-24T14:05:00Z,2026-09-24T14:06:00Z,594.665,594.755,594.325,594.56
2026-09-24T14:06:00Z,2026-09-24T14:07:00Z,594.56,594.79,594.09,594.36
2026-09-24T14:07:00Z,2026-09-24T14:08:00Z,594.365,594.575,594.145,594.425
2026-09-24T14:08:00Z,2026-09-24T14:09:00Z,594.415,594.53,593.46,593.61
2026-09-24T14:09:00Z,2026-09-24T14:10:00Z,593.565,593.695,593.295,593.295
2026-09-24T14:10:00Z,2026-09-24T14:11:00Z,593.375,593.56,592.76,593.545
2026-09-24T14:11:00Z,2026-09-24T14:12:00Z,593.49,593.57,592.87,592.89
2026-09-24T14:12:00Z,2026-09-24T14:13:00Z,592.89,593.07,592.57,592.66
2026-09-24T14:13:00Z,2026-09-24T14:14:00Z,592.7,593.26,592.54,593.21
2026-09-24T14:14:00Z,2026-09-24T14:15:00Z,593.2,593.425,593.125,593.37
2026-09-24T14:15:00Z,2026-09-24T14:16:00Z,593.35,593.9,593.2,593.245
2026-09-24T14:16:00Z,2026-09-24T14:17:00Z,593.235,593.3,592.865,593.155
2026-09-24T14:17:00Z,2026-09-24T14:18:00Z,593.155,593.5,592.51,592.73
2026-09-24T14:18:00Z,2026-09-24T14:19:00Z,592.73,593.255,592.66,593.09
2026-09-24T14:19:00Z,2026-09-24T14:20:00Z,593.115,593.245,592.74,593.03
2026-09-24T14:20:00Z,2026-09-24T14:21:00Z,593.05,593.345,592.98,593.28
2026-09-24T14:21:00Z,2026-09-24T14:22:00Z,593.215,593.33,593.045,593.09
2026-09-24T14:22:00Z,2026-09-24T14:23:00Z,593.095,593.495,593.055,593.3
2026-09-24T14:23:00Z,2026-09-24T14:24:00Z,593.29,593.855,593.29,593.55
2026-09-24T14:24:00Z,2026-09-24T14:25:00Z,593.555,593.59,593.165,593.235
2026-09-24T14:25:00Z,2026-09-24T14:26:00Z,593.24,593.59,593.19,593.425
2026-09-24T14:26:00Z,2026-09-24T14:27:00Z,593.43,593.645,593.43,593.55
2026-09-24T14:27:00Z,2026-09-24T14:28:00Z,593.59,594.425,593.355,594.365
2026-09-24T14:28:00Z,2026-09-24T14:29:00Z,594.335,594.515,594.08,594.475
2026-09-24T14:29:00Z,2026-09-24T14:30:00Z,594.475,594.565,594.28,594.565
2026-09-24T14:30:00Z,2026-09-24T14:31:00Z,594.515,594.535,593.83,594.025
2026-09-24T14:31:00Z,2026-09-24T14:32:00Z,594.04,594.495,594.04,594.4
2026-09-24T14:32:00Z,2026-09-24T14:33:00Z,594.42,594.745,594.31,594.6
2026-09-24T14:33:00Z,2026-09-24T14:34:00Z,594.65,595.215,594.615,595.05
2026-09-24T14:34:00Z,2026-09-24T14:35:00Z,595.07,595.14,594.675,594.895
2026-09-24T14:35:00Z,2026-09-24T14:36:00Z,594.89,594.98,594.55,594.91
2026-09-24T14:36:00Z,2026-09-24T14:37:00Z,594.84,594.955,594.025,594.135
2026-09-24T14:37:00Z,2026-09-24T14:38:00Z,594.14,594.15,593.66,593.71
2026-09-24T14:38:00Z,2026-09-24T14:39:00Z,593.7,593.78,593.285,593.285
2026-09-24T14:39:00Z,2026-09-24T14:40:00Z,593.295,593.57,592.975,593.325
2026-09-24T14:40:00Z,2026-09-24T14:41:00Z,593.36,593.585,593.23,593.465
2026-09-24T14:41:00Z,2026-09-24T14:42:00Z,593.48,593.53,593.17,593.35
2026-09-24T14:42:00Z,2026-09-24T14:43:00Z,593.33,594.06,593.3,593.655
2026-09-24T14:43:00Z,2026-09-24T14:44:00Z,593.66,593.67,593.16,593.17
2026-09-24T14:44:00Z,2026-09-24T14:45:00Z,593.18,593.19,592.57,592.65
2026-09-24T14:45:00Z,2026-09-24T14:46:00Z,592.68,592.805,592.58,592.665
2026-09-24T14:46:00Z,2026-09-24T14:47:00Z,592.655,593.01,592.53,592.765
2026-09-24T14:47:00Z,2026-09-24T14:48:00Z,592.85,593.43,592.83,593.33
2026-09-24T14:48:00Z,2026-09-24T14:49:00Z,593.335,593.495,593,593.02
2026-09-24T14:49:00Z,2026-09-24T14:50:00Z,593.015,593.215,592.785,592.84
2026-09-24T14:50:00Z,2026-09-24T14:51:00Z,592.835,593.185,592.61,592.61
2026-09-24T14:51:00Z,2026-09-24T14:52:00Z,592.625,592.625,592.1,592.135
2026-09-24T14:52:00Z,2026-09-24T14:53:00Z,592.13,592.29,591.625,591.635
2026-09-24T14:53:00Z,2026-09-24T14:54:00Z,591.63,591.89,591.395,591.89
2026-09-24T14:54:00Z,2026-09-24T14:55:00Z,591.905,592.045,591.76,591.865
2026-09-24T14:55:00Z,2026-09-24T14:56:00Z,591.875,591.935,591.32,591.34
2026-09-24T14:56:00Z,2026-09-24T14:57:00Z,591.35,591.64,591.345,591.54
2026-09-24T14:57:00Z,2026-09-24T14:58:00Z,591.54,591.69,591.355,591.505
2026-09-24T14:58:00Z,2026-09-24T14:59:00Z,591.525,591.62,591.285,591.4
2026-09-24T14:59:00Z,2026-09-24T15:00:00Z,591.405,591.42,591.145,591.42
2026-09-24T15:00:00Z,2026-09-24T15:01:00Z,591.415,592.12,591.405,591.92
2026-09-24T15:01:00Z,2026-09-24T15:02:00Z,591.93,592.11,591.735,591.855
2026-09-24T15:02:00Z,2026-09-24T15:03:00Z,591.865,592.48,591.735,592.05
2026-09-24T15:03:00Z,2026-09-24T15:04:00Z,592.07,592.27,591.825,592.125
2026-09-24T15:04:00Z,2026-09-24T15:05:00Z,592.13,592.475,591.915,592.055
2026-09-24T15:05:00Z,2026-09-24T15:06:00Z,592.035,592.29,591.935,592.015
2026-09-24T15:06:00Z,2026-09-24T15:07:00Z,592.02,592.17,591.32,591.46
2026-09-24T15:07:00Z,2026-09-24T15:08:00Z,591.47,591.51,591.105,591.325
2026-09-24T15:08:00Z,2026-09-24T15:09:00Z,591.335,591.465,591.1,591.355
2026-09-24T15:09:00Z,2026-09-24T15:10:00Z,591.345,591.345,590.825,590.9
2026-09-24T15:10:00Z,2026-09-24T15:11:00Z,590.85,591.23,590.845,591.16
2026-09-24T15:11:00Z,2026-09-24T15:12:00Z,591.18,591.325,591.035,591.285
2026-09-24T15:12:00Z,2026-09-24T15:13:00Z,591.28,591.695,591.14,591.38
2026-09-24T15:13:00Z,2026-09-24T15:14:00Z,591.375,591.53,591.04,591.41
2026-09-24T15:14:00Z,2026-09-24T15:15:00Z,591.405,591.55,591.215,591.295
2026-09-24T15:15:00Z,2026-09-24T15:16:00Z,591.29,591.66,591.16,591.52
2026-09-24T15:16:00Z,2026-09-24T15:17:00Z,591.535,592.23,591.46,591.77
2026-09-24T15:17:00Z,2026-09-24T15:18:00Z,591.775,592.08,591.57,591.9
2026-09-24T15:18:00Z,2026-09-24T15:19:00Z,591.895,591.915,591.13,591.32
2026-09-24T15:19:00Z,2026-09-24T15:20:00Z,591.335,591.43,591.06,591.26
2026-09-24T15:20:00Z,2026-09-24T15:21:00Z,591.245,591.325,591.05,591.22
2026-09-24T15:21:00Z,2026-09-24T15:22:00Z,591.2,591.555,591.06,591.55
2026-09-24T15:22:00Z,2026-09-24T15:23:00Z,591.555,591.755,591.405,591.755
2026-09-24T15:23:00Z,2026-09-24T15:24:00Z,591.76,592.155,591.555,592.12
2026-09-24T15:24:00Z,2026-09-24T15:25:00Z,592.13,592.61,592.12,592.585
2026-09-24T15:25:00Z,2026-09-24T15:26:00Z,592.59,592.635,592.07,592.15
2026-09-24T15:26:00Z,2026-09-24T15:27:00Z,592.165,592.295,591.99,592.13
2026-09-24T15:27:00Z,2026-09-24T15:28:00Z,592.175,592.175,591.935,592.17
2026-09-24T15:28:00Z,2026-09-24T15:29:00Z,592.165,592.165,591.665,591.705
2026-09-24T15:29:00Z,2026-09-24T15:30:00Z,591.72,591.815,591.565,591.72
2026-09-24T15:30:00Z,2026-09-24T15:31:00Z,591.73,591.835,591.45,591.525
2026-09-24T15:31:00Z,2026-09-24T15:32:00Z,591.515,591.69,591.335,591.615
2026-09-24T15:32:00Z,2026-09-24T15:33:00Z,591.62,591.76,591.385,591.76
2026-09-24T15:33:00Z,2026-09-24T15:34:00Z,591.765,591.935,591.655,591.935
2026-09-24T15:34:00Z,2026-09-24T15:35:00Z,591.93,592.08,591.85,591.975
2026-09-24T15:35:00Z,2026-09-24T15:36:00Z,591.985,592.255,591.715,591.955
2026-09-24T15:36:00Z,2026-09-24T15:37:00Z,591.945,592.215,591.855,592.1
2026-09-24T15:37:00Z,2026-09-24T15:38:00Z,592.11,592.39,592.08,592.305
2026-09-24T15:38:00Z,2026-09-24T15:39:00Z,592.3,592.405,592.125,592.165
2026-09-24T15:39:00Z,2026-09-24T15:40:00Z,592.16,592.16,591.84,592.055
2026-09-24T15:40:00Z,2026-09-24T15:41:00Z,592.09,592.34,591.925,592.015
2026-09-24T15:41:00Z,2026-09-24T15:42:00Z,592.01,592.33,592,592.275
2026-09-24T15:42:00Z,2026-09-24T15:43:00Z,592.27,592.33,591.855,591.995
2026-09-24T15:43:00Z,2026-09-24T15:44:00Z,591.99,592.475,591.96,592.455
2026-09-24T15:44:00Z,2026-09-24T15:45:00Z,592.445,592.925,592.38,592.805
2026-09-24T15:45:00Z,2026-09-24T15:46:00Z,592.83,593.215,592.83,593.095
2026-09-24T15:46:00Z,2026-09-24T15:47:00Z,593.085,593.085,592.88,592.88
2026-09-24T15:47:00Z,2026-09-24T15:48:00Z,592.945,593.075,592.73,592.79
2026-09-24T15:48:00Z,2026-09-24T15:49:00Z,592.785,592.94,592.535,592.55
2026-09-24T15:49:00Z,2026-09-24T15:50:00Z,592.575,592.635,592.395,592.565
2026-09-24T15:50:00Z,2026-09-24T15:51:00Z,592.55,593.39,592.535,593.38
2026-09-24T15:51:00Z,2026-09-24T15:52:00Z,593.395,593.525,593.235,593.425
2026-09-24T15:52:00Z,2026-09-24T15:53:00Z,593.415,593.795,593.395,593.73
2026-09-24T15:53:00Z,2026-09-24T15:54:00Z,593.74,593.98,593.655,593.7
2026-09-24T15:54:00Z,2026-09-24T15:55:00Z,593.705,593.86,593.455,593.86
2026-09-24T15:55:00Z,2026-09-24T15:56:00Z,593.865,594.02,593.775,593.795
2026-09-24T15:56:00Z,2026-09-24T15:57:00Z,593.77,593.775,593.325,593.475
2026-09-24T15:57:00Z,2026-09-24T15:58:00Z,593.475,593.48,593.26,593.26
2026-09-24T15:58:00Z,2026-09-24T15:59:00Z,593.425,593.645,593.33,593.535
2026-09-24T15:59:00Z,2026-09-24T16:00:00Z,593.55,593.655,593.235,593.245
2026-09-24T16:00:00Z,2026-09-24T16:01:00Z,593.24,593.32,592.465,592.465
2026-09-24T16:01:00Z,2026-09-24T16:02:00Z,592.47,592.705,592.18,592.555
2026-09-24T16:02:00Z,2026-09-24T16:03:00Z,592.545,592.755,592.34,592.69
2026-09-24T16:03:00Z,2026-09-24T16:04:00Z,592.685,592.73,592.34,592.525
2026-09-24T16:04:00Z,2026-09-24T16:05:00Z,592.52,592.8,592.48,592.785
2026-09-24T16:05:00Z,2026-09-24T16:06:00Z,592.795,592.815,592.485,592.79
2026-09-24T16:06:00Z,2026-09-24T16:07:00Z,592.785,592.79,592.225,592.375
2026-09-24T16:07:00Z,2026-09-24T16:08:00Z,592.36,592.44,592.13,592.235
2026-09-24T16:08:00Z,2026-09-24T16:09:00Z,592.245,592.35,592.11,592.32
2026-09-24T16:09:00Z,2026-09-24T16:10:00Z,592.275,592.39,592.225,592.34
2026-09-24T16:10:00Z,2026-09-24T16:11:00Z,592.345,592.48,592.27,592.435
2026-09-24T16:11:00Z,2026-09-24T16:12:00Z,592.44,592.455,591.945,592.055
2026-09-24T16:12:00Z,2026-09-24T16:13:00Z,592.05,592.43,592.045,592.195
2026-09-24T16:13:00Z,2026-09-24T16:14:00Z,592.2,592.495,592.165,592.39
2026-09-24T16:14:00Z,2026-09-24T16:15:00Z,592.395,592.965,592.36,592.955
2026-09-24T16:15:00Z,2026-09-24T16:16:00Z,593.055,595.155,593.045,594.925
2026-09-24T16:16:00Z,2026-09-24T16:17:00Z,594.925,597.335,594.64,597.065
2026-09-24T16:17:00Z,2026-09-24T16:18:00Z,597.06,597.87,596.835,597.715
2026-09-24T16:18:00Z,2026-09-24T16:19:00Z,597.72,598.775,597.55,597.615
2026-09-24T16:19:00Z,2026-09-24T16:20:00Z,597.615,597.985,596.82,597.54
2026-09-24T16:20:00Z,2026-09-24T16:21:00Z,597.545,598.66,597.44,598.2
2026-09-24T16:21:00Z,2026-09-24T16:22:00Z,598.205,598.205,596.695,596.85
2026-09-24T16:22:00Z,2026-09-24T16:23:00Z,596.86,598.23,596.86,597.985
2026-09-24T16:23:00Z,2026-09-24T16:24:00Z,597.995,598.215,597.29,597.315
2026-09-24T16:24:00Z,2026-09-24T16:25:00Z,597.285,597.635,597.16,597.475
2026-09-24T16:25:00Z,2026-09-24T16:26:00Z,597.48,597.66,596.305,596.51
2026-09-24T16:26:00Z,2026-09-24T16:27:00Z,596.49,597.135,596.49,597.045
2026-09-24T16:27:00Z,2026-09-24T16:28:00Z,597.04,597.26,596.43,597.26
2026-09-24T16:28:00Z,2026-09-24T16:29:00Z,597.255,597.48,597.165,597.405
2026-09-24T16:29:00Z,2026-09-24T16:30:00Z,597.4,597.425,597.15,597.17
2026-09-24T16:30:00Z,2026-09-24T16:31:00Z,597.16,597.225,596.785,597.045
2026-09-24T16:31:00Z,2026-09-24T16:32:00Z,597.055,597.47,596.83,596.83
2026-09-24T16:32:00Z,2026-09-24T16:33:00Z,596.84,596.91,596.585,596.755
2026-09-24T16:33:00Z,2026-09-24T16:34:00Z,596.745,597.195,596.645,597.165
2026-09-24T16:34:00Z,2026-09-24T16:35:00Z,597.145,597.185,596.755,597.175
2026-09-24T16:35:00Z,2026-09-24T16:36:00Z,597.18,597.76,597.1,597.7
2026-09-24T16:36:00Z,2026-09-24T16:37:00Z,597.725,598.945,597.725,598.935
2026-09-24T16:37:00Z,2026-09-24T16:38:00Z,598.935,599.505,598.93,599.09
2026-09-24T16:38:00Z,2026-09-24T16:39:00Z,599.095,599.38,599.06,599.315
2026-09-24T16:39:00Z,2026-09-24T16:40:00Z,599.325,599.515,599.155,599.245
2026-09-24T16:40:00Z,2026-09-24T16:41:00Z,599.245,600.025,599.08,600.025
2026-09-24T16:41:00Z,2026-09-24T16:42:00Z,600.025,600.72,600.025,600.66
2026-09-24T16:42:00Z,2026-09-24T16:43:00Z,600.685,601.33,600.67,601.205
2026-09-24T16:43:00Z,2026-09-24T16:44:00Z,601.24,601.31,600.825,601.065
2026-09-24T16:44:00Z,2026-09-24T16:45:00Z,601.06,601.4,599.78,599.805
2026-09-24T16:45:00Z,2026-09-24T16:46:00Z,599.815,599.92,599.005,599.38
2026-09-24T16:46:00Z,2026-09-24T16:47:00Z,599.385,599.865,599.29,599.805
2026-09-24T16:47:00Z,2026-09-24T16:48:00Z,599.83,599.955,599.25,599.435
2026-09-24T16:48:00Z,2026-09-24T16:49:00Z,599.44,600.565,599.44,600.435
2026-09-24T16:49:00Z,2026-09-24T16:50:00Z,600.42,600.615,600.115,600.45
2026-09-24T16:50:00Z,2026-09-24T16:51:00Z,600.46,600.5,600.09,600.265
2026-09-24T16:51:00Z,2026-09-24T16:52:00Z,600.27,601.13,600.27,600.955
2026-09-24T16:52:00Z,2026-09-24T16:53:00Z,600.935,601.035,599.895,599.96
2026-09-24T16:53:00Z,2026-09-24T16:54:00Z,600.05,600.145,599.61,599.805
2026-09-24T16:54:00Z,2026-09-24T16:55:00Z,599.815,600.245,599.615,599.94
2026-09-24T16:55:00Z,2026-09-24T16:56:00Z,599.93,600.25,599.79,600.03
2026-09-24T16:56:00Z,2026-09-24T16:57:00Z,600.035,600.795,599.98,600.795
2026-09-24T16:57:00Z,2026-09-24T16:58:00Z,600.79,601.175,600.72,600.72
2026-09-24T16:58:00Z,2026-09-24T16:59:00Z,600.7,600.86,600.64,600.85
2026-09-24T16:59:00Z,2026-09-24T17:00:00Z,600.87,600.94,600.645,600.86
2026-09-24T17:00:00Z,2026-09-24T17:01:00Z,600.79,600.8,599.98,600.275
2026-09-24T17:01:00Z,2026-09-24T17:02:00Z,600.25,601.005,600.245,600.76
2026-09-24T17:02:00Z,2026-09-24T17:03:00Z,600.775,600.775,600.005,600.685
2026-09-24T17:03:00Z,2026-09-24T17:04:00Z,600.69,601.675,600.69,601.565
2026-09-24T17:04:00Z,2026-09-24T17:05:00Z,601.565,601.6,600.905,601.505
2026-09-24T17:05:00Z,2026-09-24T17:06:00Z,601.5,601.99,601.435,601.435
2026-09-24T17:06:00Z,2026-09-24T17:07:00Z,601.445,601.74,601.37,601.465
2026-09-24T17:07:00Z,2026-09-24T17:08:00Z,601.47,601.725,601.245,601.265
2026-09-24T17:08:00Z,2026-09-24T17:09:00Z,601.27,601.555,600.985,601.555
2026-09-24T17:09:00Z,2026-09-24T17:10:00Z,601.555,601.555,601.07,601.07
2026-09-24T17:10:00Z,2026-09-24T17:11:00Z,601.07,601.095,600.245,600.43
2026-09-24T17:11:00Z,2026-09-24T17:12:00Z,600.415,600.445,600.01,600.185
2026-09-24T17:12:00Z,2026-09-24T17:13:00Z,600.195,600.265,599.945,599.995
2026-09-24T17:13:00Z,2026-09-24T17:14:00Z,599.985,600.18,599.69,600.17
2026-09-24T17:14:00Z,2026-09-24T17:15:00Z,600.195,600.445,600.15,600.35
2026-09-24T17:15:00Z,2026-09-24T17:16:00Z,600.355,600.435,599.57,599.67
2026-09-24T17:16:00Z,2026-09-24T17:17:00Z,599.69,599.955,599.69,599.76
2026-09-24T17:17:00Z,2026-09-24T17:18:00Z,599.775,599.965,599.51,599.51
2026-09-24T17:18:00Z,2026-09-24T17:19:00Z,599.515,600.335,599.49,600.185
2026-09-24T17:19:00Z,2026-09-24T17:20:00Z,600.19,600.2,599.175,599.185
2026-09-24T17:20:00Z,2026-09-24T17:21:00Z,599.18,599.3,598.82,599.17
2026-09-24T17:21:00Z,2026-09-24T17:22:00Z,599.2,599.46,599,599.08
2026-09-24T17:22:00Z,2026-09-24T17:23:00Z,599.105,599.525,599.065,599.31
2026-09-24T17:23:00Z,2026-09-24T17:24:00Z,599.345,599.38,599.125,599.235
2026-09-24T17:24:00Z,2026-09-24T17:25:00Z,599.23,599.52,598.755,598.915
2026-09-24T17:25:00Z,2026-09-24T17:26:00Z,598.92,599.12,598.355,598.405
2026-09-24T17:26:00Z,2026-09-24T17:27:00Z,598.415,598.58,597.965,598.13
2026-09-24T17:27:00Z,2026-09-24T17:28:00Z,598.105,598.475,598.06,598.33
2026-09-24T17:28:00Z,2026-09-24T17:29:00Z,598.335,598.745,598.33,598.7
2026-09-24T17:29:00Z,2026-09-24T17:30:00Z,598.675,598.845,598.625,598.78
2026-09-24T17:30:00Z,2026-09-24T17:31:00Z,598.765,599.35,598.715,599.31
2026-09-24T17:31:00Z,2026-09-24T17:32:00Z,599.32,599.51,599.19,599.27
2026-09-24T17:32:00Z,2026-09-24T17:33:00Z,599.275,599.395,599.055,599.36
2026-09-24T17:33:00Z,2026-09-24T17:34:00Z,599.345,599.395,599.095,599.22
2026-09-24T17:34:00Z,2026-09-24T17:35:00Z,599.22,599.22,598.575,598.615
2026-09-24T17:35:00Z,2026-09-24T17:36:00Z,598.61,598.93,598.505,598.735
2026-09-24T17:36:00Z,2026-09-24T17:37:00Z,598.67,598.925,598.61,598.725
2026-09-24T17:37:00Z,2026-09-24T17:38:00Z,598.72,598.935,598.555,598.56
2026-09-24T17:38:00Z,2026-09-24T17:39:00Z,598.555,598.61,598.14,598.375
2026-09-24T17:39:00Z,2026-09-24T17:40:00Z,598.4,598.705,598.39,598.525
2026-09-24T17:40:00Z,2026-09-24T17:41:00Z,598.52,598.94,598.5,598.905
2026-09-24T17:41:00Z,2026-09-24T17:42:00Z,598.855,598.88,598.35,598.355
2026-09-24T17:42:00Z,2026-09-24T17:43:00Z,598.35,598.72,598.225,598.25
2026-09-24T17:43:00Z,2026-09-24T17:44:00Z,598.22,598.23,597.415,597.605
2026-09-24T17:44:00Z,2026-09-24T17:45:00Z,597.6,597.69,597.29,597.305
2026-09-24T17:45:00Z,2026-09-24T17:46:00Z,597.3,597.46,597.065,597.4
2026-09-24T17:46:00Z,2026-09-24T17:47:00Z,597.395,597.865,597.355,597.78
2026-09-24T17:47:00Z,2026-09-24T17:48:00Z,597.775,598.25,597.725,598.225
2026-09-24T17:48:00Z,2026-09-24T17:49:00Z,598.23,598.3,597.89,598.005
2026-09-24T17:49:00Z,2026-09-24T17:50:00Z,597.99,598.41,597.91,598.23
2026-09-24T17:50:00Z,2026-09-24T17:51:00Z,598.225,598.285,598.025,598.115
2026-09-24T17:51:00Z,2026-09-24T17:52:00Z,598.12,598.21,597.895,597.91
2026-09-24T17:52:00Z,2026-09-24T17:53:00Z,597.895,598.07,597.485,597.58
2026-09-24T17:53:00Z,2026-09-24T17:54:00Z,597.575,597.775,597.355,597.38
2026-09-24T17:54:00Z,2026-09-24T17:55:00Z,597.375,597.445,596.865,597.135
2026-09-24T17:55:00Z,2026-09-24T17:56:00Z,597.14,597.35,596.995,596.995
2026-09-24T17:56:00Z,2026-09-24T17:57:00Z,596.975,597.825,596.975,597.69
2026-09-24T17:57:00Z,2026-09-24T17:58:00Z,597.685,597.685,597.415,597.445
2026-09-24T17:58:00Z,2026-09-24T17:59:00Z,597.45,597.48,597.185,597.265
2026-09-24T17:59:00Z,2026-09-24T18:00:00Z,597.265,597.625,597.265,597.505
2026-09-24T18:00:00Z,2026-09-24T18:01:00Z,597.51,597.535,597.045,597.065
2026-09-24T18:01:00Z,2026-09-24T18:02:00Z,597.095,597.14,596.3,596.6
2026-09-24T18:02:00Z,2026-09-24T18:03:00Z,596.645,596.645,596.2,596.275
2026-09-24T18:03:00Z,2026-09-24T18:04:00Z,596.265,596.28,595.39,595.535
2026-09-24T18:04:00Z,2026-09-24T18:05:00Z,595.54,595.685,595.14,595.195
2026-09-24T18:05:00Z,2026-09-24T18:06:00Z,595.165,595.41,595.12,595.39
2026-09-24T18:06:00Z,2026-09-24T18:07:00Z,595.315,595.965,595.07,595.725
2026-09-24T18:07:00Z,2026-09-24T18:08:00Z,595.76,596.095,595.505,595.805
2026-09-24T18:08:00Z,2026-09-24T18:09:00Z,595.825,596.66,595.825,596.46
2026-09-24T18:09:00Z,2026-09-24T18:10:00Z,596.48,596.73,596.42,596.49
2026-09-24T18:10:00Z,2026-09-24T18:11:00Z,596.545,596.825,596.545,596.605
2026-09-24T18:11:00Z,2026-09-24T18:12:00Z,596.61,597.29,596.55,597.085
2026-09-24T18:12:00Z,2026-09-24T18:13:00Z,597.095,597.21,596.785,596.79
2026-09-24T18:13:00Z,2026-09-24T18:14:00Z,596.79,596.96,596.63,596.73
2026-09-24T18:14:00Z,2026-09-24T18:15:00Z,596.72,597.085,596.715,597.065
2026-09-24T18:15:00Z,2026-09-24T18:16:00Z,597.07,597.27,597.01,597.2
2026-09-24T18:16:00Z,2026-09-24T18:17:00Z,597.205,597.63,597.17,597.33
2026-09-24T18:17:00Z,2026-09-24T18:18:00Z,597.325,597.76,597.31,597.76
2026-09-24T18:18:00Z,2026-09-24T18:19:00Z,597.755,597.91,597.325,597.39
2026-09-24T18:19:00Z,2026-09-24T18:20:00Z,597.385,597.475,597.23,597.4
2026-09-24T18:20:00Z,2026-09-24T18:21:00Z,597.445,597.5,596.985,597.125
2026-09-24T18:21:00Z,2026-09-24T18:22:00Z,597.11,597.44,597.105,597.335
2026-09-24T18:22:00Z,2026-09-24T18:23:00Z,597.365,597.555,597.33,597.44
2026-09-24T18:23:00Z,2026-09-24T18:24:00Z,597.45,597.905,597.345,597.815
2026-09-24T18:24:00Z,2026-09-24T18:25:00Z,597.81,597.885,597.72,597.865
2026-09-24T18:25:00Z,2026-09-24T18:26:00Z,597.825,598.805,597.775,598.4
2026-09-24T18:26:00Z,2026-09-24T18:27:00Z,598.345,598.97,598.345,598.835
2026-09-24T18:27:00Z,2026-09-24T18:28:00Z,598.84,598.855,598.42,598.585
2026-09-24T18:28:00Z,2026-09-24T18:29:00Z,598.58,598.83,598.405,598.485
2026-09-24T18:29:00Z,2026-09-24T18:30:00Z,598.475,598.52,598.235,598.43
2026-09-24T18:30:00Z,2026-09-24T18:31:00Z,598.415,598.695,598.385,598.485
2026-09-24T18:31:00Z,2026-09-24T18:32:00Z,598.48,598.525,597.93,598.36
2026-09-24T18:32:00Z,2026-09-24T18:33:00Z,598.355,598.355,597.86,598.045
2026-09-24T18:33:00Z,2026-09-24T18:34:00Z,598.05,598.23,598.035,598.085
2026-09-24T18:34:00Z,2026-09-24T18:35:00Z,598.1,598.265,597.855,597.875
2026-09-24T18:35:00Z,2026-09-24T18:36:00Z,597.87,597.94,597.445,597.555
2026-09-24T18:36:00Z,2026-09-24T18:37:00Z,597.555,597.97,597.525,597.88
2026-09-24T18:37:00Z,2026-09-24T18:38:00Z,597.87,598.035,597.745,597.81
2026-09-24T18:38:00Z,2026-09-24T18:39:00Z,597.775,599.115,597.715,599.06
2026-09-24T18:39:00Z,2026-09-24T18:40:00Z,599.06,599.8,598.715,598.93
2026-09-24T18:40:00Z,2026-09-24T18:41:00Z,598.935,598.935,598.105,598.285
2026-09-24T18:41:00Z,2026-09-24T18:42:00Z,598.285,598.35,598.035,598.31
2026-09-24T18:42:00Z,2026-09-24T18:43:00Z,598.305,598.575,598.08,598.12
2026-09-24T18:43:00Z,2026-09-24T18:44:00Z,598.145,598.19,597.89,598.19
2026-09-24T18:44:00Z,2026-09-24T18:45:00Z,598.21,598.345,598.185,598.27
2026-09-24T18:45:00Z,2026-09-24T18:46:00Z,598.265,598.74,598.22,598.62
2026-09-24T18:46:00Z,2026-09-24T18:47:00Z,598.61,598.655,598.46,598.64
2026-09-24T18:47:00Z,2026-09-24T18:48:00Z,598.675,598.715,598.585,598.59
2026-09-24T18:48:00Z,2026-09-24T18:49:00Z,598.615,598.85,598.53,598.825
2026-09-24T18:49:00Z,2026-09-24T18:50:00Z,598.835,598.84,598.615,598.71
2026-09-24T18:50:00Z,2026-09-24T18:51:00Z,598.73,599.43,598.625,599.265
2026-09-24T18:51:00Z,2026-09-24T18:52:00Z,599.27,599.29,598.855,599.135
2026-09-24T18:52:00Z,2026-09-24T18:53:00Z,599.08,599.69,599.08,599.59
2026-09-24T18:53:00Z,2026-09-24T18:54:00Z,599.625,599.65,599.325,599.56
2026-09-24T18:54:00Z,2026-09-24T18:55:00Z,599.55,599.6,599.475,599.515
2026-09-24T18:55:00Z,2026-09-24T18:56:00Z,599.52,599.81,599.52,599.81
2026-09-24T18:56:00Z,2026-09-24T18:57:00Z,599.81,600,599.76,599.975
2026-09-24T18:57:00Z,2026-09-24T18:58:00Z,599.93,600.18,599.91,600.085
2026-09-24T18:58:00Z,2026-09-24T18:59:00Z,600.09,600.385,599.955,600.31
2026-09-24T18:59:00Z,2026-09-24T19:00:00Z,600.315,600.395,600.025,600.05
2026-09-24T19:00:00Z,2026-09-24T19:01:00Z,600.055,600.145,599.645,600.045
2026-09-24T19:01:00Z,2026-09-24T19:02:00Z,600.035,600.065,599.39,599.545
2026-09-24T19:02:00Z,2026-09-24T19:03:00Z,599.61,599.88,599.355,599.39
2026-09-24T19:03:00Z,2026-09-24T19:04:00Z,599.4,599.42,598.965,598.98
2026-09-24T19:04:00Z,2026-09-24T19:05:00Z,598.975,599.115,598.855,599.095
2026-09-24T19:05:00Z,2026-09-24T19:06:00Z,599.09,599.31,599.05,599.275
2026-09-24T19:06:00Z,2026-09-24T19:07:00Z,599.275,599.405,599.14,599.16
2026-09-24T19:07:00Z,2026-09-24T19:08:00Z,599.17,599.485,598.965,599.385
2026-09-24T19:08:00Z,2026-09-24T19:09:00Z,599.36,599.505,599.28,599.28
2026-09-24T19:09:00Z,2026-09-24T19:10:00Z,599.29,599.29,599.045,599.185
2026-09-24T19:10:00Z,2026-09-24T19:11:00Z,599.185,599.33,598.84,598.855
2026-09-24T19:11:00Z,2026-09-24T19:12:00Z,598.865,598.975,598.55,598.665
2026-09-24T19:12:00Z,2026-09-24T19:13:00Z,598.66,598.955,598.66,598.925
2026-09-24T19:13:00Z,2026-09-24T19:14:00Z,598.905,599.185,598.85,598.99
2026-09-24T19:14:00Z,2026-09-24T19:15:00Z,598.985,599.015,598.5,598.52
2026-09-24T19:15:00Z,2026-09-24T19:16:00Z,598.515,598.915,598.515,598.8
2026-09-24T19:16:00Z,2026-09-24T19:17:00Z,598.815,599.35,598.78,599.34
2026-09-24T19:17:00Z,2026-09-24T19:18:00Z,599.35,599.685,599.35,599.6
2026-09-24T19:18:00Z,2026-09-24T19:19:00Z,599.59,599.815,599.52,599.745
2026-09-24T19:19:00Z,2026-09-24T19:20:00Z,599.75,599.775,599.455,599.65
2026-09-24T19:20:00Z,2026-09-24T19:21:00Z,599.65,599.83,599.53,599.595
2026-09-24T19:21:00Z,2026-09-24T19:22:00Z,599.61,599.625,599.42,599.505
2026-09-24T19:22:00Z,2026-09-24T19:23:00Z,599.515,599.755,599.495,599.65
2026-09-24T19:23:00Z,2026-09-24T19:24:00Z,599.64,599.68,599.425,599.565
2026-09-24T19:24:00Z,2026-09-24T19:25:00Z,599.56,599.93,599.53,599.78
2026-09-24T19:25:00Z,2026-09-24T19:26:00Z,599.79,599.97,599.78,599.8
2026-09-24T19:26:00Z,2026-09-24T19:27:00Z,599.805,600.045,599.76,599.835
2026-09-24T19:27:00Z,2026-09-24T19:28:00Z,599.815,599.88,599.665,599.665
2026-09-24T19:28:00Z,2026-09-24T19:29:00Z,599.67,599.745,599.495,599.495
2026-09-24T19:29:00Z,2026-09-24T19:30:00Z,599.51,599.595,599.115,599.14
2026-09-24T19:30:00Z,2026-09-24T19:31:00Z,599.215,599.75,599.07,599.68
2026-09-24T19:31:00Z,2026-09-24T19:32:00Z,599.67,599.92,599.55,599.905
2026-09-24T19:32:00Z,2026-09-24T19:33:00Z,599.905,599.905,599.625,599.69
2026-09-24T19:33:00Z,2026-09-24T19:34:00Z,599.685,599.77,599.62,599.7
2026-09-24T19:34:00Z,2026-09-24T19:35:00Z,599.705,599.925,599.64,599.885
2026-09-24T19:35:00Z,2026-09-24T19:36:00Z,599.875,599.9,599.57,599.685
2026-09-24T19:36:00Z,2026-09-24T19:37:00Z,599.675,599.97,599.675,599.87
2026-09-24T19:37:00Z,2026-09-24T19:38:00Z,599.87,599.89,599.51,599.555
2026-09-24T19:38:00Z,2026-09-24T19:39:00Z,599.56,599.785,599.515,599.785
2026-09-24T19:39:00Z,2026-09-24T19:40:00Z,599.77,599.895,599.685,599.77
2026-09-24T19:40:00Z,2026-09-24T19:41:00Z,599.76,599.905,599.53,599.565
2026-09-24T19:41:00Z,2026-09-24T19:42:00Z,599.565,599.675,599.49,599.64
2026-09-24T19:42:00Z,2026-09-24T19:43:00Z,599.66,599.69,599.395,599.435
2026-09-24T19:43:00Z,2026-09-24T19:44:00Z,599.43,599.665,599.32,599.63
2026-09-24T19:44:00Z,2026-09-24T19:45:00Z,599.64,599.755,599.525,599.725
2026-09-24T19:45:00Z,2026-09-24T19:46:00Z,599.72,599.875,599.57,599.855
2026-09-24T19:46:00Z,2026-09-24T19:47:00Z,599.86,599.9,599.64,599.79
2026-09-24T19:47:00Z,2026-09-24T19:48:00Z,599.81,599.88,599.7,599.825
2026-09-24T19:48:00Z,2026-09-24T19:49:00Z,599.83,599.85,599.57,599.61
2026-09-24T19:49:00Z,2026-09-24T19:50:00Z,599.615,599.755,599.615,599.66
2026-09-24T19:50:00Z,2026-09-24T19:51:00Z,599.65,600.33,599.65,600.03
2026-09-24T19:51:00Z,2026-09-24T19:52:00Z,599.965,600.41,599.91,600.32
2026-09-24T19:52:00Z,2026-09-24T19:53:00Z,600.325,600.42,600.24,600.345
2026-09-24T19:53:00Z,2026-09-24T19:54:00Z,600.38,600.645,600.33,600.61
2026-09-24T19:54:00Z,2026-09-24T19:55:00Z,600.6,600.655,600.2,600.58
2026-09-24T19:55:00Z,2026-09-24T19:56:00Z,600.575,600.785,600.235,600.64
2026-09-24T19:56:00Z,2026-09-24T19:57:00Z,600.65,600.78,600.495,600.53
2026-09-24T19:57:00Z,2026-09-24T19:58:00Z,600.535,600.64,600.435,600.585
2026-09-24T19:58:00Z,2026-09-24T19:59:00Z,600.59,600.745,600.585,600.635
2026-09-24T19:59:00Z,2026-09-24T20:00:00Z,600.645,600.795,600.64,600.655
2026-09-25T13:30:00Z,2026-09-25T13:31:00Z,605.315,605.315,603.26,604.92
2026-09-25T13:31:00Z,2026-09-25T13:32:00Z,604.815,605.22,603.79,604.805
2026-09-25T13:32:00Z,2026-09-25T13:33:00Z,604.805,605.765,604.675,605.695
2026-09-25T13:33:00Z,2026-09-25T13:34:00Z,605.67,605.67,604.945,605.56
2026-09-25T13:34:00Z,2026-09-25T13:35:00Z,605.565,606.9,605.485,606.89
2026-09-25T13:35:00Z,2026-09-25T13:36:00Z,606.895,607.135,606.795,606.965
2026-09-25T13:36:00Z,2026-09-25T13:37:00Z,606.86,607.47,606.44,607.36
2026-09-25T13:37:00Z,2026-09-25T13:38:00Z,607.38,607.73,606.92,607.38
2026-09-25T13:38:00Z,2026-09-25T13:39:00Z,607.375,607.565,607.105,607.405
2026-09-25T13:39:00Z,2026-09-25T13:40:00Z,607.41,607.57,606.495,607.505
2026-09-25T13:40:00Z,2026-09-25T13:41:00Z,607.5,607.9,607.14,607.875
2026-09-25T13:41:00Z,2026-09-25T13:42:00Z,607.87,607.98,607.155,607.345
2026-09-25T13:42:00Z,2026-09-25T13:43:00Z,607.32,607.75,606.55,607.75
2026-09-25T13:43:00Z,2026-09-25T13:44:00Z,607.78,607.78,607.115,607.355
2026-09-25T13:44:00Z,2026-09-25T13:45:00Z,607.35,607.525,606.91,607.495
2026-09-25T13:45:00Z,2026-09-25T13:46:00Z,607.52,607.91,606.695,606.85
2026-09-25T13:46:00Z,2026-09-25T13:47:00Z,606.815,607.17,606.48,607.155
2026-09-25T13:47:00Z,2026-09-25T13:48:00Z,607.155,607.875,607.155,607.49
2026-09-25T13:48:00Z,2026-09-25T13:49:00Z,607.48,607.58,606.485,606.75
2026-09-25T13:49:00Z,2026-09-25T13:50:00Z,606.775,607.39,606.76,607.23
2026-09-25T13:50:00Z,2026-09-25T13:51:00Z,607.23,607.625,607.015,607.29
2026-09-25T13:51:00Z,2026-09-25T13:52:00Z,607.305,607.48,606.93,606.94
2026-09-25T13:52:00Z,2026-09-25T13:53:00Z,606.935,607.76,606.745,607.755
2026-09-25T13:53:00Z,2026-09-25T13:54:00Z,607.695,608.32,607.605,608.175
2026-09-25T13:54:00Z,2026-09-25T13:55:00Z,608.175,609.27,608.175,609.18
2026-09-25T13:55:00Z,2026-09-25T13:56:00Z,609.18,609.62,609.06,609.13
2026-09-25T13:56:00Z,2026-09-25T13:57:00Z,609.085,609.125,608.685,608.965
2026-09-25T13:57:00Z,2026-09-25T13:58:00Z,608.99,608.99,608.495,608.815
2026-09-25T13:58:00Z,2026-09-25T13:59:00Z,608.825,608.94,608.285,608.59
2026-09-25T13:59:00Z,2026-09-25T14:00:00Z,608.595,608.915,608.475,608.905
2026-09-25T14:00:00Z,2026-09-25T14:01:00Z,608.915,609.4,608.55,608.58
2026-09-25T14:01:00Z,2026-09-25T14:02:00Z,608.59,608.62,607.635,607.635
2026-09-25T14:02:00Z,2026-09-25T14:03:00Z,607.615,608.08,606.965,607.925
2026-09-25T14:03:00Z,2026-09-25T14:04:00Z,607.905,607.905,607.125,607.74
2026-09-25T14:04:00Z,2026-09-25T14:05:00Z,607.74,607.74,606.825,607.03
2026-09-25T14:05:00Z,2026-09-25T14:06:00Z,607.025,607.025,605.29,605.47
2026-09-25T14:06:00Z,2026-09-25T14:07:00Z,605.455,606.265,605.25,606.265
2026-09-25T14:07:00Z,2026-09-25T14:08:00Z,606.25,607.08,606.235,606.45
2026-09-25T14:08:00Z,2026-09-25T14:09:00Z,606.435,606.825,605.795,606.785
2026-09-25T14:09:00Z,2026-09-25T14:10:00Z,606.895,606.99,606.405,606.86
2026-09-25T14:10:00Z,2026-09-25T14:11:00Z,606.865,607.54,606.865,607.24
2026-09-25T14:11:00Z,2026-09-25T14:12:00Z,607.23,608.16,606.995,608.01
2026-09-25T14:12:00Z,2026-09-25T14:13:00Z,608.01,608.01,607.415,607.42
2026-09-25T14:13:00Z,2026-09-25T14:14:00Z,607.34,607.535,606.535,606.675
2026-09-25T14:14:00Z,2026-09-25T14:15:00Z,606.675,606.675,605.21,605.23
2026-09-25T14:15:00Z,2026-09-25T14:16:00Z,605.205,605.205,603.585,604.475
2026-09-25T14:16:00Z,2026-09-25T14:17:00Z,604.505,605.01,603.635,603.69
2026-09-25T14:17:00Z,2026-09-25T14:18:00Z,603.695,603.81,602.465,602.7
2026-09-25T14:18:00Z,2026-09-25T14:19:00Z,602.705,604.04,602.61,603.325
2026-09-25T14:19:00Z,2026-09-25T14:20:00Z,603.33,603.525,602.58,603.225
2026-09-25T14:20:00Z,2026-09-25T14:21:00Z,603.235,603.905,602.925,603.7
2026-09-25T14:21:00Z,2026-09-25T14:22:00Z,603.67,603.955,602.865,603.075
2026-09-25T14:22:00Z,2026-09-25T14:23:00Z,603.07,603.775,602.95,603.46
2026-09-25T14:23:00Z,2026-09-25T14:24:00Z,603.455,604.23,603.39,603.875
2026-09-25T14:24:00Z,2026-09-25T14:25:00Z,603.885,604.465,603.825,604.245
2026-09-25T14:25:00Z,2026-09-25T14:26:00Z,604.265,604.43,603.825,604.25
2026-09-25T14:26:00Z,2026-09-25T14:27:00Z,604.26,604.635,604.09,604.245
2026-09-25T14:27:00Z,2026-09-25T14:28:00Z,604.27,604.37,603.8,603.925
2026-09-25T14:28:00Z,2026-09-25T14:29:00Z,603.93,603.99,603.08,603.405
2026-09-25T14:29:00Z,2026-09-25T14:30:00Z,603.41,603.71,602.535,602.655
2026-09-25T14:30:00Z,2026-09-25T14:31:00Z,602.66,603.23,602.28,602.835
2026-09-25T14:31:00Z,2026-09-25T14:32:00Z,602.78,603.275,602.74,602.97
2026-09-25T14:32:00Z,2026-09-25T14:33:00Z,603.105,603.7,603.105,603.49
2026-09-25T14:33:00Z,2026-09-25T14:34:00Z,603.47,604.215,603.45,603.935
2026-09-25T14:34:00Z,2026-09-25T14:35:00Z,603.925,604.5,603.91,604.375
2026-09-25T14:35:00Z,2026-09-25T14:36:00Z,604.37,604.645,604.11,604.51
2026-09-25T14:36:00Z,2026-09-25T14:37:00Z,604.505,604.62,604.155,604.19
2026-09-25T14:37:00Z,2026-09-25T14:38:00Z,604.185,604.345,604.1,604.32
2026-09-25T14:38:00Z,2026-09-25T14:39:00Z,604.28,604.74,604.23,604.41
2026-09-25T14:39:00Z,2026-09-25T14:40:00Z,604.395,604.735,604.395,604.55
2026-09-25T14:40:00Z,2026-09-25T14:41:00Z,604.55,604.695,603.885,603.91
2026-09-25T14:41:00Z,2026-09-25T14:42:00Z,604,604.145,602.99,603.07
2026-09-25T14:42:00Z,2026-09-25T14:43:00Z,603.025,603.47,602.82,603.365
2026-09-25T14:43:00Z,2026-09-25T14:44:00Z,603.35,603.45,602.95,603.35
2026-09-25T14:44:00Z,2026-09-25T14:45:00Z,603.345,604.18,603.34,604.13
2026-09-25T14:45:00Z,2026-09-25T14:46:00Z,604.115,604.145,603.42,604.06
2026-09-25T14:46:00Z,2026-09-25T14:47:00Z,604.055,604.885,603.815,604.43
2026-09-25T14:47:00Z,2026-09-25T14:48:00Z,604.425,604.855,604.31,604.705
2026-09-25T14:48:00Z,2026-09-25T14:49:00Z,604.735,605.015,604.71,604.94
2026-09-25T14:49:00Z,2026-09-25T14:50:00Z,604.95,605.61,604.76,605.48
2026-09-25T14:50:00Z,2026-09-25T14:51:00Z,605.47,605.47,604.96,605.345
2026-09-25T14:51:00Z,2026-09-25T14:52:00Z,605.355,605.475,604.35,604.35
2026-09-25T14:52:00Z,2026-09-25T14:53:00Z,604.355,604.69,604.285,604.495
2026-09-25T14:53:00Z,2026-09-25T14:54:00Z,604.5,605.19,604.48,605.095
2026-09-25T14:54:00Z,2026-09-25T14:55:00Z,605.07,605.34,604.885,605.25
2026-09-25T14:55:00Z,2026-09-25T14:56:00Z,605.255,605.845,605.21,605.8
2026-09-25T14:56:00Z,2026-09-25T14:57:00Z,605.795,606.055,605.5,605.51
2026-09-25T14:57:00Z,2026-09-25T14:58:00Z,605.54,606.015,605.54,605.98
2026-09-25T14:58:00Z,2026-09-25T14:59:00Z,605.97,606.445,605.79,606.4
2026-09-25T14:59:00Z,2026-09-25T15:00:00Z,606.385,606.49,606.225,606.4
2026-09-25T15:00:00Z,2026-09-25T15:01:00Z,606.405,606.405,606,606.11
2026-09-25T15:01:00Z,2026-09-25T15:02:00Z,606.1,606.45,605.965,606.225
2026-09-25T15:02:00Z,2026-09-25T15:03:00Z,606.23,606.835,606.23,606.815
2026-09-25T15:03:00Z,2026-09-25T15:04:00Z,606.825,607.15,606.825,606.99
2026-09-25T15:04:00Z,2026-09-25T15:05:00Z,606.99,607.3,606.87,606.95
2026-09-25T15:05:00Z,2026-09-25T15:06:00Z,606.955,607.185,606.735,606.91
2026-09-25T15:06:00Z,2026-09-25T15:07:00Z,606.9,607.085,606.87,607.01
2026-09-25T15:07:00Z,2026-09-25T15:08:00Z,607.005,607.135,606.885,606.96
2026-09-25T15:08:00Z,2026-09-25T15:09:00Z,606.93,606.93,606.6,606.705
2026-09-25T15:09:00Z,2026-09-25T15:10:00Z,606.71,606.765,606.35,606.395
2026-09-25T15:10:00Z,2026-09-25T15:11:00Z,606.39,606.41,605.9,606.135
2026-09-25T15:11:00Z,2026-09-25T15:12:00Z,606.12,606.145,605.405,605.495
2026-09-25T15:12:00Z,2026-09-25T15:13:00Z,605.505,605.745,605.345,605.57
2026-09-25T15:13:00Z,2026-09-25T15:14:00Z,605.605,605.925,605.555,605.895
2026-09-25T15:14:00Z,2026-09-25T15:15:00Z,605.91,606.11,605.855,605.92
2026-09-25T15:15:00Z,2026-09-25T15:16:00Z,605.91,606.3,605.855,606.245
2026-09-25T15:16:00Z,2026-09-25T15:17:00Z,606.235,606.57,606.145,606.31
2026-09-25T15:17:00Z,2026-09-25T15:18:00Z,606.28,606.405,605.965,606.075
2026-09-25T15:18:00Z,2026-09-25T15:19:00Z,606.065,606.345,605.99,606.215
2026-09-25T15:19:00Z,2026-09-25T15:20:00Z,606.205,606.23,605.72,605.965
2026-09-25T15:20:00Z,2026-09-25T15:21:00Z,605.975,606.12,605.67,606.055
2026-09-25T15:21:00Z,2026-09-25T15:22:00Z,606.085,606.505,605.855,606.14
2026-09-25T15:22:00Z,2026-09-25T15:23:00Z,606.145,606.155,605.95,606.05
2026-09-25T15:23:00Z,2026-09-25T15:24:00Z,606.055,606.32,606,606.17
2026-09-25T15:24:00Z,2026-09-25T15:25:00Z,606.14,606.16,605.685,605.745
2026-09-25T15:25:00Z,2026-09-25T15:26:00Z,605.755,605.845,605.56,605.565
2026-09-25T15:26:00Z,2026-09-25T15:27:00Z,605.56,605.56,605.145,605.445
2026-09-25T15:27:00Z,2026-09-25T15:28:00Z,605.445,605.445,604.96,605.115
2026-09-25T15:28:00Z,2026-09-25T15:29:00Z,605.06,605.3,605.015,605.145
2026-09-25T15:29:00Z,2026-09-25T15:30:00Z,605.175,605.605,605.065,605.245
2026-09-25T15:30:00Z,2026-09-25T15:31:00Z,605.27,606.19,605.09,605.91
2026-09-25T15:31:00Z,2026-09-25T15:32:00Z,605.9,606.21,605.725,606.21
2026-09-25T15:32:00Z,2026-09-25T15:33:00Z,606.185,606.42,606.07,606.2
2026-09-25T15:33:00Z,2026-09-25T15:34:00Z,606.205,606.22,605.72,605.75
2026-09-25T15:34:00Z,2026-09-25T15:35:00Z,605.75,605.91,604.78,604.87
2026-09-25T15:35:00Z,2026-09-25T15:36:00Z,604.85,605.14,604.59,604.79
2026-09-25T15:36:00Z,2026-09-25T15:37:00Z,604.785,604.855,603.795,603.845
2026-09-25T15:37:00Z,2026-09-25T15:38:00Z,603.855,603.95,603.31,603.585
2026-09-25T15:38:00Z,2026-09-25T15:39:00Z,603.595,603.73,603.125,603.22
2026-09-25T15:39:00Z,2026-09-25T15:40:00Z,603.21,603.64,603.045,603.495
2026-09-25T15:40:00Z,2026-09-25T15:41:00Z,603.5,603.915,603.235,603.905
2026-09-25T15:41:00Z,2026-09-25T15:42:00Z,603.96,604.08,603.805,603.97
2026-09-25T15:42:00Z,2026-09-25T15:43:00Z,604.075,604.175,603.47,603.79
2026-09-25T15:43:00Z,2026-09-25T15:44:00Z,603.785,603.885,603.54,603.61
2026-09-25T15:44:00Z,2026-09-25T15:45:00Z,603.635,603.67,603.13,603.19
2026-09-25T15:45:00Z,2026-09-25T15:46:00Z,603.185,603.43,602.91,603.295
2026-09-25T15:46:00Z,2026-09-25T15:47:00Z,603.28,603.79,602.95,603.78
2026-09-25T15:47:00Z,2026-09-25T15:48:00Z,603.78,604.055,603.74,603.985
2026-09-25T15:48:00Z,2026-09-25T15:49:00Z,603.98,604.275,603.84,604.1
2026-09-25T15:49:00Z,2026-09-25T15:50:00Z,604.11,604.48,604.11,604.415
2026-09-25T15:50:00Z,2026-09-25T15:51:00Z,604.42,604.57,604.16,604.25
2026-09-25T15:51:00Z,2026-09-25T15:52:00Z,604.235,604.235,603.3,603.465
2026-09-25T15:52:00Z,2026-09-25T15:53:00Z,603.455,603.7,603.155,603.39
2026-09-25T15:53:00Z,2026-09-25T15:54:00Z,603.4,603.61,603.365,603.41
2026-09-25T15:54:00Z,2026-09-25T15:55:00Z,603.385,604.56,603.27,604.38
2026-09-25T15:55:00Z,2026-09-25T15:56:00Z,604.39,604.745,604.3,604.435
2026-09-25T15:56:00Z,2026-09-25T15:57:00Z,604.445,604.715,604.28,604.68
2026-09-25T15:57:00Z,2026-09-25T15:58:00Z,604.69,605.12,604.69,605.085
2026-09-25T15:58:00Z,2026-09-25T15:59:00Z,605.155,605.935,605.035,605.75
2026-09-25T15:59:00Z,2026-09-25T16:00:00Z,605.74,606.435,605.705,606.305
2026-09-25T16:00:00Z,2026-09-25T16:01:00Z,606.315,606.945,606.005,606.915
2026-09-25T16:01:00Z,2026-09-25T16:02:00Z,606.92,607.045,606.67,606.715
2026-09-25T16:02:00Z,2026-09-25T16:03:00Z,606.75,607.5,606.725,607.5
2026-09-25T16:03:00Z,2026-09-25T16:04:00Z,607.495,607.945,607.32,607.935
2026-09-25T16:04:00Z,2026-09-25T16:05:00Z,607.94,608.16,607.755,608.135
2026-09-25T16:05:00Z,2026-09-25T16:06:00Z,608.13,608.575,607.675,608.405
2026-09-25T16:06:00Z,2026-09-25T16:07:00Z,608.395,608.685,608.19,608.385
2026-09-25T16:07:00Z,2026-09-25T16:08:00Z,608.4,608.66,608.355,608.465
2026-09-25T16:08:00Z,2026-09-25T16:09:00Z,608.465,608.66,608.295,608.375
2026-09-25T16:09:00Z,2026-09-25T16:10:00Z,608.375,609.015,608.095,608.995
2026-09-25T16:10:00Z,2026-09-25T16:11:00Z,609.02,609.54,608.865,609.325
2026-09-25T16:11:00Z,2026-09-25T16:12:00Z,609.305,609.32,608.395,608.66
2026-09-25T16:12:00Z,2026-09-25T16:13:00Z,608.65,608.81,608.475,608.6
2026-09-25T16:13:00Z,2026-09-25T16:14:00Z,608.585,608.755,608.47,608.685
2026-09-25T16:14:00Z,2026-09-25T16:15:00Z,608.7,608.755,607.96,608.33
2026-09-25T16:15:00Z,2026-09-25T16:16:00Z,608.32,608.95,608.18,608.95
2026-09-25T16:16:00Z,2026-09-25T16:17:00Z,608.95,609.25,608.725,609.175
2026-09-25T16:17:00Z,2026-09-25T16:18:00Z,609.155,609.33,608.485,608.495
2026-09-25T16:18:00Z,2026-09-25T16:19:00Z,608.505,608.545,607.715,607.845
2026-09-25T16:19:00Z,2026-09-25T16:20:00Z,607.84,608.025,607.71,608.005
2026-09-25T16:20:00Z,2026-09-25T16:21:00Z,607.98,608.045,607.485,607.56
2026-09-25T16:21:00Z,2026-09-25T16:22:00Z,607.575,607.745,607.13,607.63
2026-09-25T16:22:00Z,2026-09-25T16:23:00Z,607.615,607.63,607.07,607.31
2026-09-25T16:23:00Z,2026-09-25T16:24:00Z,607.32,607.325,606.62,606.91
2026-09-25T16:24:00Z,2026-09-25T16:25:00Z,606.9,607.29,606.895,607.23
2026-09-25T16:25:00Z,2026-09-25T16:26:00Z,607.205,607.775,607.105,607.52
2026-09-25T16:26:00Z,2026-09-25T16:27:00Z,607.53,608.435,607.38,608.4
2026-09-25T16:27:00Z,2026-09-25T16:28:00Z,608.39,608.535,608.275,608.37
2026-09-25T16:28:00Z,2026-09-25T16:29:00Z,608.375,608.4,608.16,608.27
2026-09-25T16:29:00Z,2026-09-25T16:30:00Z,608.255,608.59,608.255,608.485
2026-09-25T16:30:00Z,2026-09-25T16:31:00Z,608.5,608.525,608.045,608.33
2026-09-25T16:31:00Z,2026-09-25T16:32:00Z,608.4,608.55,608.265,608.52
2026-09-25T16:32:00Z,2026-09-25T16:33:00Z,608.525,608.685,608.31,608.315
2026-09-25T16:33:00Z,2026-09-25T16:34:00Z,608.315,608.62,608.245,608.58
2026-09-25T16:34:00Z,2026-09-25T16:35:00Z,608.59,608.605,607.195,607.63
2026-09-25T16:35:00Z,2026-09-25T16:36:00Z,607.64,608.025,607.63,607.97
2026-09-25T16:36:00Z,2026-09-25T16:37:00Z,607.965,608.195,607.615,608.18
2026-09-25T16:37:00Z,2026-09-25T16:38:00Z,608.185,608.805,608.18,608.445
2026-09-25T16:38:00Z,2026-09-25T16:39:00Z,608.43,608.43,607.84,608.305
2026-09-25T16:39:00Z,2026-09-25T16:40:00Z,608.3,608.38,608.03,608.08
2026-09-25T16:40:00Z,2026-09-25T16:41:00Z,608.08,608.12,607.86,607.885
2026-09-25T16:41:00Z,2026-09-25T16:42:00Z,607.885,608.075,607.865,607.965
2026-09-25T16:42:00Z,2026-09-25T16:43:00Z,608,608.395,607.8,607.895
2026-09-25T16:43:00Z,2026-09-25T16:44:00Z,607.91,608.425,607.9,608.365
2026-09-25T16:44:00Z,2026-09-25T16:45:00Z,608.375,608.585,608.23,608.28
2026-09-25T16:45:00Z,2026-09-25T16:46:00Z,608.285,608.405,607.9,608.405
2026-09-25T16:46:00Z,2026-09-25T16:47:00Z,608.41,608.53,608.25,608.265
2026-09-25T16:47:00Z,2026-09-25T16:48:00Z,608.265,608.265,608,608.045
2026-09-25T16:48:00Z,2026-09-25T16:49:00Z,608.04,608.095,607.685,607.75
2026-09-25T16:49:00Z,2026-09-25T16:50:00Z,607.74,607.91,607.365,607.835
2026-09-25T16:50:00Z,2026-09-25T16:51:00Z,607.825,608.175,607.8,607.925
2026-09-25T16:51:00Z,2026-09-25T16:52:00Z,607.92,607.94,607.73,607.9
2026-09-25T16:52:00Z,2026-09-25T16:53:00Z,607.905,608.015,607.745,608.005
2026-09-25T16:53:00Z,2026-09-25T16:54:00Z,608,608.03,607.645,607.665
2026-09-25T16:54:00Z,2026-09-25T16:55:00Z,607.68,607.78,607.525,607.735
2026-09-25T16:55:00Z,2026-09-25T16:56:00Z,607.725,607.855,607.61,607.695
2026-09-25T16:56:00Z,2026-09-25T16:57:00Z,607.69,607.905,607.53,607.585
2026-09-25T16:57:00Z,2026-09-25T16:58:00Z,607.58,607.58,607.145,607.15
2026-09-25T16:58:00Z,2026-09-25T16:59:00Z,607.16,607.28,607.075,607.205
2026-09-25T16:59:00Z,2026-09-25T17:00:00Z,607.195,607.485,606.835,607.245
2026-09-25T17:00:00Z,2026-09-25T17:01:00Z,607.245,607.245,607.19,607.24
2026-09-25T17:01:00Z,2026-09-25T17:02:00Z,607.24,608.065,607.24,608.025
2026-09-25T17:02:00Z,2026-09-25T17:03:00Z,608.025,608.21,607.925,608.115
2026-09-25T17:03:00Z,2026-09-25T17:04:00Z,608.11,608.325,608.005,608.005
2026-09-25T17:04:00Z,2026-09-25T17:05:00Z,608,608.13,607.9,607.99
2026-09-25T17:05:00Z,2026-09-25T17:06:00Z,607.99,608.135,607.945,608.055
2026-09-25T17:06:00Z,2026-09-25T17:07:00Z,608.055,608.215,607.98,608.065
2026-09-25T17:07:00Z,2026-09-25T17:08:00Z,608.06,608.185,607.99,608.135
2026-09-25T17:08:00Z,2026-09-25T17:09:00Z,608.15,608.15,607.845,608.05
2026-09-25T17:09:00Z,2026-09-25T17:10:00Z,608.05,608.45,608.05,608.425
2026-09-25T17:10:00Z,2026-09-25T17:11:00Z,608.42,608.42,608.2,608.275
2026-09-25T17:11:00Z,2026-09-25T17:12:00Z,608.27,608.38,607.945,607.945
2026-09-25T17:12:00Z,2026-09-25T17:13:00Z,607.985,608.27,607.835,608.27
2026-09-25T17:13:00Z,2026-09-25T17:14:00Z,608.265,608.525,608.165,608.34
2026-09-25T17:14:00Z,2026-09-25T17:15:00Z,608.35,608.65,608.28,608.62
2026-09-25T17:15:00Z,2026-09-25T17:16:00Z,608.625,608.64,608.425,608.535
2026-09-25T17:16:00Z,2026-09-25T17:17:00Z,608.54,608.56,608.4,608.415
2026-09-25T17:17:00Z,2026-09-25T17:18:00Z,608.41,608.745,608.41,608.52
2026-09-25T17:18:00Z,2026-09-25T17:19:00Z,608.54,608.56,608.11,608.24
2026-09-25T17:19:00Z,2026-09-25T17:20:00Z,608.235,608.25,608.085,608.155
2026-09-25T17:20:00Z,2026-09-25T17:21:00Z,608.17,608.26,608.04,608.205
2026-09-25T17:21:00Z,2026-09-25T17:22:00Z,608.22,608.26,608.065,608.16
2026-09-25T17:22:00Z,2026-09-25T17:23:00Z,608.16,608.255,608.075,608.09
2026-09-25T17:23:00Z,2026-09-25T17:24:00Z,608.125,608.235,608.025,608.095
2026-09-25T17:24:00Z,2026-09-25T17:25:00Z,608.12,608.19,608.045,608.135
2026-09-25T17:25:00Z,2026-09-25T17:26:00Z,608.13,608.165,608.045,608.06
2026-09-25T17:26:00Z,2026-09-25T17:27:00Z,608.08,608.155,607.855,607.875
2026-09-25T17:27:00Z,2026-09-25T17:28:00Z,607.865,607.865,607.685,607.72
2026-09-25T17:28:00Z,2026-09-25T17:29:00Z,607.71,607.87,607.71,607.85
2026-09-25T17:29:00Z,2026-09-25T17:30:00Z,607.845,607.86,607.675,607.77
2026-09-25T17:30:00Z,2026-09-25T17:31:00Z,607.795,607.865,607.7,607.82
2026-09-25T17:31:00Z,2026-09-25T17:32:00Z,607.82,607.82,607.5,607.5
2026-09-25T17:32:00Z,2026-09-25T17:33:00Z,607.505,607.715,607.465,607.555
2026-09-25T17:33:00Z,2026-09-25T17:34:00Z,607.555,607.78,607.495,607.55
2026-09-25T17:34:00Z,2026-09-25T17:35:00Z,607.555,607.6,607.035,607.205
2026-09-25T17:35:00Z,2026-09-25T17:36:00Z,607.215,607.245,607.08,607.2
2026-09-25T17:36:00Z,2026-09-25T17:37:00Z,607.195,607.33,607.035,607.07
2026-09-25T17:37:00Z,2026-09-25T17:38:00Z,607.075,607.08,606.72,606.955
2026-09-25T17:38:00Z,2026-09-25T17:39:00Z,606.95,607.305,606.91,607.28
2026-09-25T17:39:00Z,2026-09-25T17:40:00Z,607.275,607.68,607.17,607.41
2026-09-25T17:40:00Z,2026-09-25T17:41:00Z,607.435,607.665,607.28,607.48
2026-09-25T17:41:00Z,2026-09-25T17:42:00Z,607.49,607.72,607.43,607.65
2026-09-25T17:42:00Z,2026-09-25T17:43:00Z,607.64,607.88,607.61,607.81
2026-09-25T17:43:00Z,2026-09-25T17:44:00Z,607.8,607.81,607.605,607.67
2026-09-25T17:44:00Z,2026-09-25T17:45:00Z,607.67,607.845,607.635,607.715
2026-09-25T17:45:00Z,2026-09-25T17:46:00Z,607.695,607.79,607.575,607.7
2026-09-25T17:46:00Z,2026-09-25T17:47:00Z,607.705,607.765,607.58,607.61
2026-09-25T17:47:00Z,2026-09-25T17:48:00Z,607.61,607.645,607.495,607.585
2026-09-25T17:48:00Z,2026-09-25T17:49:00Z,607.625,607.63,607.515,607.585
2026-09-25T17:49:00Z,2026-09-25T17:50:00Z,607.59,607.895,607.59,607.815
2026-09-25T17:50:00Z,2026-09-25T17:51:00Z,607.815,607.84,607.7,607.75
2026-09-25T17:51:00Z,2026-09-25T17:52:00Z,607.74,607.85,607.58,607.66
2026-09-25T17:52:00Z,2026-09-25T17:53:00Z,607.655,607.66,607.15,607.16
2026-09-25T17:53:00Z,2026-09-25T17:54:00Z,607.155,607.31,607.08,607.305
2026-09-25T17:54:00Z,2026-09-25T17:55:00Z,607.3,607.32,607.045,607.21
2026-09-25T17:55:00Z,2026-09-25T17:56:00Z,607.285,607.38,607.225,607.355
2026-09-25T17:56:00Z,2026-09-25T17:57:00Z,607.36,607.52,607.32,607.445
2026-09-25T17:57:00Z,2026-09-25T17:58:00Z,607.455,607.505,607.38,607.42
2026-09-25T17:58:00Z,2026-09-25T17:59:00Z,607.42,607.635,607.42,607.49
2026-09-25T17:59:00Z,2026-09-25T18:00:00Z,607.485,607.57,607.36,607.48
2026-09-25T18:00:00Z,2026-09-25T18:01:00Z,607.485,607.565,607.405,607.5
2026-09-25T18:01:00Z,2026-09-25T18:02:00Z,607.51,607.565,607.425,607.49
2026-09-25T18:02:00Z,2026-09-25T18:03:00Z,607.5,607.53,607.255,607.3
2026-09-25T18:03:00Z,2026-09-25T18:04:00Z,607.355,607.58,607.285,607.485
2026-09-25T18:04:00Z,2026-09-25T18:05:00Z,607.48,607.505,607.23,607.26
2026-09-25T18:05:00Z,2026-09-25T18:06:00Z,607.24,607.51,607.24,607.41
2026-09-25T18:06:00Z,2026-09-25T18:07:00Z,607.415,607.46,607.19,607.26
2026-09-25T18:07:00Z,2026-09-25T18:08:00Z,607.27,607.345,607.11,607.225
2026-09-25T18:08:00Z,2026-09-25T18:09:00Z,607.215,607.515,607.135,607.5
2026-09-25T18:09:00Z,2026-09-25T18:10:00Z,607.505,607.655,607.49,607.6
2026-09-25T18:10:00Z,2026-09-25T18:11:00Z,607.595,607.63,607.49,607.505
2026-09-25T18:11:00Z,2026-09-25T18:12:00Z,607.51,607.56,607.425,607.47
2026-09-25T18:12:00Z,2026-09-25T18:13:00Z,607.475,607.72,607.37,607.68
2026-09-25T18:13:00Z,2026-09-25T18:14:00Z,607.675,607.925,607.67,607.92
2026-09-25T18:14:00Z,2026-09-25T18:15:00Z,607.905,608.07,607.865,608.03
2026-09-25T18:15:00Z,2026-09-25T18:16:00Z,608.04,608.065,607.9,607.96
2026-09-25T18:16:00Z,2026-09-25T18:17:00Z,607.975,608.105,607.885,607.98
2026-09-25T18:17:00Z,2026-09-25T18:18:00Z,607.99,607.99,607.835,607.91
2026-09-25T18:18:00Z,2026-09-25T18:19:00Z,607.905,607.995,607.69,607.725
2026-09-25T18:19:00Z,2026-09-25T18:20:00Z,607.735,607.735,607.59,607.735
2026-09-25T18:20:00Z,2026-09-25T18:21:00Z,607.725,607.895,607.71,607.75
2026-09-25T18:21:00Z,2026-09-25T18:22:00Z,607.755,607.755,607.635,607.68
2026-09-25T18:22:00Z,2026-09-25T18:23:00Z,607.725,607.95,607.675,607.775
2026-09-25T18:23:00Z,2026-09-25T18:24:00Z,607.77,608.055,607.755,608.01
2026-09-25T18:24:00Z,2026-09-25T18:25:00Z,608.015,608.085,608.01,608.035
2026-09-25T18:25:00Z,2026-09-25T18:26:00Z,608.04,608.055,607.92,607.95
2026-09-25T18:26:00Z,2026-09-25T18:27:00Z,607.945,607.955,607.175,607.315
2026-09-25T18:27:00Z,2026-09-25T18:28:00Z,607.31,607.32,606.685,606.73
2026-09-25T18:28:00Z,2026-09-25T18:29:00Z,606.725,607.075,606.625,607.04
2026-09-25T18:29:00Z,2026-09-25T18:30:00Z,607.035,607.285,606.91,607.11
2026-09-25T18:30:00Z,2026-09-25T18:31:00Z,607.14,607.465,607.13,607.305
2026-09-25T18:31:00Z,2026-09-25T18:32:00Z,607.31,607.49,607.255,607.325
2026-09-25T18:32:00Z,2026-09-25T18:33:00Z,607.335,607.335,607.06,607.13
2026-09-25T18:33:00Z,2026-09-25T18:34:00Z,607.155,607.295,607.13,607.175
2026-09-25T18:34:00Z,2026-09-25T18:35:00Z,607.21,607.23,607.05,607.19
2026-09-25T18:35:00Z,2026-09-25T18:36:00Z,607.19,607.36,607.05,607.28
2026-09-25T18:36:00Z,2026-09-25T18:37:00Z,607.3,607.345,607.245,607.31
2026-09-25T18:37:00Z,2026-09-25T18:38:00Z,607.31,607.31,606.72,606.775
2026-09-25T18:38:00Z,2026-09-25T18:39:00Z,606.765,606.8,606.6,606.79
2026-09-25T18:39:00Z,2026-09-25T18:40:00Z,606.795,606.825,606.415,606.42
2026-09-25T18:40:00Z,2026-09-25T18:41:00Z,606.455,606.61,606.26,606.55
2026-09-25T18:41:00Z,2026-09-25T18:42:00Z,606.555,606.71,606.46,606.61
2026-09-25T18:42:00Z,2026-09-25T18:43:00Z,606.595,606.815,606.595,606.81
2026-09-25T18:43:00Z,2026-09-25T18:44:00Z,606.805,606.81,606.71,606.81
2026-09-25T18:44:00Z,2026-09-25T18:45:00Z,606.79,606.91,606.765,606.9
2026-09-25T18:45:00Z,2026-09-25T18:46:00Z,606.905,607.005,606.865,606.905
2026-09-25T18:46:00Z,2026-09-25T18:47:00Z,606.9,606.995,606.7,606.72
2026-09-25T18:47:00Z,2026-09-25T18:48:00Z,606.69,606.705,606.505,606.57
2026-09-25T18:48:00Z,2026-09-25T18:49:00Z,606.555,606.75,606.48,606.705
2026-09-25T18:49:00Z,2026-09-25T18:50:00Z,606.71,606.84,606.7,606.72
2026-09-25T18:50:00Z,2026-09-25T18:51:00Z,606.725,606.735,606.535,606.605
2026-09-25T18:51:00Z,2026-09-25T18:52:00Z,606.605,606.645,606.355,606.515
2026-09-25T18:52:00Z,2026-09-25T18:53:00Z,606.5,606.61,606.415,606.61
2026-09-25T18:53:00Z,2026-09-25T18:54:00Z,606.64,606.655,606.475,606.58
2026-09-25T18:54:00Z,2026-09-25T18:55:00Z,606.59,606.6,606.21,606.26
2026-09-25T18:55:00Z,2026-09-25T18:56:00Z,606.27,606.465,606.27,606.405
2026-09-25T18:56:00Z,2026-09-25T18:57:00Z,606.41,606.46,606.335,606.405
2026-09-25T18:57:00Z,2026-09-25T18:58:00Z,606.41,606.45,606.33,606.365
2026-09-25T18:58:00Z,2026-09-25T18:59:00Z,606.355,606.465,606.27,606.425
2026-09-25T18:59:00Z,2026-09-25T19:00:00Z,606.42,606.44,606.045,606.075
2026-09-25T19:00:00Z,2026-09-25T19:01:00Z,606.08,606.295,606.055,606.125
2026-09-25T19:01:00Z,2026-09-25T19:02:00Z,606.115,606.385,605.935,605.935
2026-09-25T19:02:00Z,2026-09-25T19:03:00Z,605.95,606.01,605.74,605.79
2026-09-25T19:03:00Z,2026-09-25T19:04:00Z,605.795,606.225,605.675,606.225
2026-09-25T19:04:00Z,2026-09-25T19:05:00Z,606.23,606.645,606.23,606.54
2026-09-25T19:05:00Z,2026-09-25T19:06:00Z,606.54,606.835,606.51,606.755
2026-09-25T19:06:00Z,2026-09-25T19:07:00Z,606.76,606.965,606.555,606.625
2026-09-25T19:07:00Z,2026-09-25T19:08:00Z,606.63,606.85,606.58,606.785
2026-09-25T19:08:00Z,2026-09-25T19:09:00Z,606.805,606.83,606.675,606.815
2026-09-25T19:09:00Z,2026-09-25T19:10:00Z,606.81,606.81,606.56,606.7
2026-09-25T19:10:00Z,2026-09-25T19:11:00Z,606.695,606.855,606.655,606.76
2026-09-25T19:11:00Z,2026-09-25T19:12:00Z,606.75,606.785,606.58,606.7
2026-09-25T19:12:00Z,2026-09-25T19:13:00Z,606.71,606.845,606.66,606.835
2026-09-25T19:13:00Z,2026-09-25T19:14:00Z,606.84,606.875,606.7,606.86
2026-09-25T19:14:00Z,2026-09-25T19:15:00Z,606.85,607.155,606.835,607.11
2026-09-25T19:15:00Z,2026-09-25T19:16:00Z,607.12,607.205,606.985,607.06
2026-09-25T19:16:00Z,2026-09-25T19:17:00Z,607.065,607.12,606.905,606.985
2026-09-25T19:17:00Z,2026-09-25T19:18:00Z,607.025,607.06,606.94,607.01
2026-09-25T19:18:00Z,2026-09-25T19:19:00Z,607,607.065,606.94,607.03
2026-09-25T19:19:00Z,2026-09-25T19:20:00Z,607.025,607.03,606.745,606.745
2026-09-25T19:20:00Z,2026-09-25T19:21:00Z,606.75,606.875,606.675,606.695
2026-09-25T19:21:00Z,2026-09-25T19:22:00Z,606.685,606.79,606.615,606.74
2026-09-25T19:22:00Z,2026-09-25T19:23:00Z,606.745,606.79,606.55,606.62
2026-09-25T19:23:00Z,2026-09-25T19:24:00Z,606.61,606.635,606.495,606.62
2026-09-25T19:24:00Z,2026-09-25T19:25:00Z,606.61,606.96,606.61,606.8
2026-09-25T19:25:00Z,2026-09-25T19:26:00Z,606.78,606.9,606.69,606.8
2026-09-25T19:26:00Z,2026-09-25T19:27:00Z,606.815,606.83,606.41,606.665
2026-09-25T19:27:00Z,2026-09-25T19:28:00Z,606.655,606.74,606.53,606.715
2026-09-25T19:28:00Z,2026-09-25T19:29:00Z,606.71,606.795,606.55,606.635
2026-09-25T19:29:00Z,2026-09-25T19:30:00Z,606.625,606.82,606.545,606.73
2026-09-25T19:30:00Z,2026-09-25T19:31:00Z,606.74,606.74,606.01,606.14
2026-09-25T19:31:00Z,2026-09-25T19:32:00Z,606.13,606.28,606.06,606.265
2026-09-25T19:32:00Z,2026-09-25T19:33:00Z,606.275,606.435,606.115,606.22
2026-09-25T19:33:00Z,2026-09-25T19:34:00Z,606.215,606.37,606.155,606.345
2026-09-25T19:34:00Z,2026-09-25T19:35:00Z,606.34,606.4,605.795,605.795
2026-09-25T19:35:00Z,2026-09-25T19:36:00Z,605.8,605.935,605.55,605.645
2026-09-25T19:36:00Z,2026-09-25T19:37:00Z,605.655,605.845,605.45,605.825
2026-09-25T19:37:00Z,2026-09-25T19:38:00Z,605.815,606.345,605.77,606.26
2026-09-25T19:38:00Z,2026-09-25T19:39:00Z,606.265,606.45,606.195,606.32
2026-09-25T19:39:00Z,2026-09-25T19:40:00Z,606.325,606.52,606.24,606.385
2026-09-25T19:40:00Z,2026-09-25T19:41:00Z,606.39,606.405,606.13,606.305
2026-09-25T19:41:00Z,2026-09-25T19:42:00Z,606.3,606.425,606.165,606.17
2026-09-25T19:42:00Z,2026-09-25T19:43:00Z,606.175,606.445,606.175,606.425
2026-09-25T19:43:00Z,2026-09-25T19:44:00Z,606.435,606.85,606.425,606.79
2026-09-25T19:44:00Z,2026-09-25T19:45:00Z,606.805,606.83,606.535,606.695
2026-09-25T19:45:00Z,2026-09-25T19:46:00Z,606.705,607.245,606.705,607.155
2026-09-25T19:46:00Z,2026-09-25T19:47:00Z,607.16,607.275,607.03,607.175
2026-09-25T19:47:00Z,2026-09-25T19:48:00Z,607.165,607.215,607,607.195
2026-09-25T19:48:00Z,2026-09-25T19:49:00Z,607.19,607.33,606.99,607.25
2026-09-25T19:49:00Z,2026-09-25T19:50:00Z,607.265,607.485,607.205,607.38
2026-09-25T19:50:00Z,2026-09-25T19:51:00Z,607.36,607.63,607.29,607.62
2026-09-25T19:51:00Z,2026-09-25T19:52:00Z,607.615,607.855,607.365,607.525
2026-09-25T19:52:00Z,2026-09-25T19:53:00Z,607.535,607.985,607.535,607.725
2026-09-25T19:53:00Z,2026-09-25T19:54:00Z,607.73,608.01,607.675,607.675
2026-09-25T19:54:00Z,2026-09-25T19:55:00Z,607.68,607.755,607.21,607.46
2026-09-25T19:55:00Z,2026-09-25T19:56:00Z,607.445,607.685,607.18,607.26
2026-09-25T19:56:00Z,2026-09-25T19:57:00Z,607.255,607.265,606.57,606.77
2026-09-25T19:57:00Z,2026-09-25T19:58:00Z,606.765,607.395,606.765,607.385
2026-09-25T19:58:00Z,2026-09-25T19:59:00Z,607.375,607.47,607.145,607.3
2026-09-25T19:59:00Z,2026-09-25T20:00:00Z,607.295,607.3,606.44,606.63
2026-09-28T13:30:00Z,2026-09-28T13:31:00Z,605.155,605.835,604.29,604.495
2026-09-28T13:31:00Z,2026-09-28T13:32:00Z,604.495,607.21,604.42,607.11
2026-09-28T13:32:00Z,2026-09-28T13:33:00Z,607.175,607.955,606.88,607.575
2026-09-28T13:33:00Z,2026-09-28T13:34:00Z,607.585,607.585,606.39,607.03
2026-09-28T13:34:00Z,2026-09-28T13:35:00Z,606.97,607.05,604.94,605.045
2026-09-28T13:35:00Z,2026-09-28T13:36:00Z,605.035,605.055,603.56,603.755
2026-09-28T13:36:00Z,2026-09-28T13:37:00Z,603.75,604.955,603.42,604.885
2026-09-28T13:37:00Z,2026-09-28T13:38:00Z,604.885,604.93,603.875,603.915
2026-09-28T13:38:00Z,2026-09-28T13:39:00Z,603.92,603.92,602.62,603.01
2026-09-28T13:39:00Z,2026-09-28T13:40:00Z,603.015,603.82,602.925,603.27
2026-09-28T13:40:00Z,2026-09-28T13:41:00Z,603.245,603.63,602.805,603.2
2026-09-28T13:41:00Z,2026-09-28T13:42:00Z,603.25,603.755,602.32,602.33
2026-09-28T13:42:00Z,2026-09-28T13:43:00Z,602.375,603.555,602.375,603.09
2026-09-28T13:43:00Z,2026-09-28T13:44:00Z,603.145,603.525,602.645,603.375
2026-09-28T13:44:00Z,2026-09-28T13:45:00Z,603.37,603.37,601.36,601.57
2026-09-28T13:45:00Z,2026-09-28T13:46:00Z,601.575,602.205,601.19,601.545
2026-09-28T13:46:00Z,2026-09-28T13:47:00Z,601.49,601.61,600.92,601.44
2026-09-28T13:47:00Z,2026-09-28T13:48:00Z,601.445,602.1,601.43,601.58
2026-09-28T13:48:00Z,2026-09-28T13:49:00Z,601.575,602.165,601.34,601.96
2026-09-28T13:49:00Z,2026-09-28T13:50:00Z,601.8,602.625,601.8,602.18
2026-09-28T13:50:00Z,2026-09-28T13:51:00Z,602.175,602.365,601.37,601.405
2026-09-28T13:51:00Z,2026-09-28T13:52:00Z,601.39,601.39,600.14,600.35
2026-09-28T13:52:00Z,2026-09-28T13:53:00Z,600.345,600.395,599.93,600.385
2026-09-28T13:53:00Z,2026-09-28T13:54:00Z,600.39,601.605,600.385,601.465
2026-09-28T13:54:00Z,2026-09-28T13:55:00Z,601.48,602.47,601.44,602.24
2026-09-28T13:55:00Z,2026-09-28T13:56:00Z,602.235,602.825,601.84,602.035
2026-09-28T13:56:00Z,2026-09-28T13:57:00Z,602.04,602.05,601.435,601.635
2026-09-28T13:57:00Z,2026-09-28T13:58:00Z,601.605,602.525,601.585,602.475
2026-09-28T13:58:00Z,2026-09-28T13:59:00Z,602.5,602.9,602.245,602.525
2026-09-28T13:59:00Z,2026-09-28T14:00:00Z,602.515,602.55,601.83,602.225
2026-09-28T14:00:00Z,2026-09-28T14:01:00Z,602.245,602.57,601.71,602.56
2026-09-28T14:01:00Z,2026-09-28T14:02:00Z,602.555,602.555,601.255,601.64
2026-09-28T14:02:00Z,2026-09-28T14:03:00Z,601.62,601.7,601.185,601.365
2026-09-28T14:03:00Z,2026-09-28T14:04:00Z,601.39,601.64,601.13,601.295
2026-09-28T14:04:00Z,2026-09-28T14:05:00Z,601.26,601.285,600.435,600.51
2026-09-28T14:05:00Z,2026-09-28T14:06:00Z,600.53,600.6,599.76,599.815
2026-09-28T14:06:00Z,2026-09-28T14:07:00Z,599.84,600.2,599.58,600.16
2026-09-28T14:07:00Z,2026-09-28T14:08:00Z,600.17,600.525,600.065,600.225
2026-09-28T14:08:00Z,2026-09-28T14:09:00Z,600.225,600.265,599.58,599.625
2026-09-28T14:09:00Z,2026-09-28T14:10:00Z,599.655,600.345,599.65,599.785
2026-09-28T14:10:00Z,2026-09-28T14:11:00Z,599.78,599.78,598.59,598.645
2026-09-28T14:11:00Z,2026-09-28T14:12:00Z,598.64,598.775,598.065,598.115
2026-09-28T14:12:00Z,2026-09-28T14:13:00Z,598.05,598.06,597.11,597.35
2026-09-28T14:13:00Z,2026-09-28T14:14:00Z,597.345,597.855,597.095,597.53
2026-09-28T14:14:00Z,2026-09-28T14:15:00Z,597.535,597.535,596.825,597.12
2026-09-28T14:15:00Z,2026-09-28T14:16:00Z,597.125,598.36,597.105,597.945
2026-09-28T14:16:00Z,2026-09-28T14:17:00Z,597.955,598.73,597.86,598.665
2026-09-28T14:17:00Z,2026-09-28T14:18:00Z,598.725,598.845,598.36,598.845
2026-09-28T14:18:00Z,2026-09-28T14:19:00Z,598.825,599.155,598.76,598.91
2026-09-28T14:19:00Z,2026-09-28T14:20:00Z,598.93,599.46,598.93,599.19
2026-09-28T14:20:00Z,2026-09-28T14:21:00Z,599.185,599.79,598.56,599.66
2026-09-28T14:21:00Z,2026-09-28T14:22:00Z,599.655,599.86,599.05,599.22
2026-09-28T14:22:00Z,2026-09-28T14:23:00Z,599.24,600.295,599.24,600.295
2026-09-28T14:23:00Z,2026-09-28T14:24:00Z,600.29,600.295,599.71,599.855
2026-09-28T14:24:00Z,2026-09-28T14:25:00Z,599.845,599.875,599.425,599.61
2026-09-28T14:25:00Z,2026-09-28T14:26:00Z,599.605,599.605,599.075,599.095
2026-09-28T14:26:00Z,2026-09-28T14:27:00Z,599.085,599.22,598.6,598.815
2026-09-28T14:27:00Z,2026-09-28T14:28:00Z,598.82,598.9,598.635,598.77
2026-09-28T14:28:00Z,2026-09-28T14:29:00Z,598.78,599.085,598.585,599.055
2026-09-28T14:29:00Z,2026-09-28T14:30:00Z,599.035,599.045,598.44,598.635
2026-09-28T14:30:00Z,2026-09-28T14:31:00Z,598.63,598.885,598.505,598.645
2026-09-28T14:31:00Z,2026-09-28T14:32:00Z,598.6,598.77,598.38,598.655
2026-09-28T14:32:00Z,2026-09-28T14:33:00Z,598.65,599.305,598.575,599.305
2026-09-28T14:33:00Z,2026-09-28T14:34:00Z,599.345,599.605,599.175,599.305
2026-09-28T14:34:00Z,2026-09-28T14:35:00Z,599.31,599.425,599.085,599.165
2026-09-28T14:35:00Z,2026-09-28T14:36:00Z,599.14,599.255,598.53,598.57
2026-09-28T14:36:00Z,2026-09-28T14:37:00Z,598.57,598.78,598.16,598.25
2026-09-28T14:37:00Z,2026-09-28T14:38:00Z,598.245,598.495,597.58,597.68
2026-09-28T14:38:00Z,2026-09-28T14:39:00Z,597.675,597.745,596.855,597.165
2026-09-28T14:39:00Z,2026-09-28T14:40:00Z,597.16,597.64,597.09,597.51
2026-09-28T14:40:00Z,2026-09-28T14:41:00Z,597.55,598.035,597.47,597.525
2026-09-28T14:41:00Z,2026-09-28T14:42:00Z,597.585,597.59,597.035,597.455
2026-09-28T14:42:00Z,2026-09-28T14:43:00Z,597.455,597.455,596.645,596.7
2026-09-28T14:43:00Z,2026-09-28T14:44:00Z,596.69,596.69,595.54,595.675
2026-09-28T14:44:00Z,2026-09-28T14:45:00Z,595.685,595.685,594.615,594.795
2026-09-28T14:45:00Z,2026-09-28T14:46:00Z,594.84,594.995,593.52,593.925
2026-09-28T14:46:00Z,2026-09-28T14:47:00Z,593.95,594.28,593.325,593.5
2026-09-28T14:47:00Z,2026-09-28T14:48:00Z,593.49,593.5,592.46,592.56
2026-09-28T14:48:00Z,2026-09-28T14:49:00Z,592.535,592.81,591.935,592.69
2026-09-28T14:49:00Z,2026-09-28T14:50:00Z,592.655,593.14,592.655,593.055
2026-09-28T14:50:00Z,2026-09-28T14:51:00Z,593.04,593.835,593.005,593.545
2026-09-28T14:51:00Z,2026-09-28T14:52:00Z,593.585,593.77,592.995,593.08
2026-09-28T14:52:00Z,2026-09-28T14:53:00Z,593.075,593.29,592.445,592.465
2026-09-28T14:53:00Z,2026-09-28T14:54:00Z,592.47,593.18,592.425,592.505
2026-09-28T14:54:00Z,2026-09-28T14:55:00Z,592.5,593.095,592.33,592.94
2026-09-28T14:55:00Z,2026-09-28T14:56:00Z,592.88,593.4,592.76,592.93
2026-09-28T14:56:00Z,2026-09-28T14:57:00Z,592.94,594.145,592.93,594.135
2026-09-28T14:57:00Z,2026-09-28T14:58:00Z,594.18,594.4,593.93,594.24
2026-09-28T14:58:00Z,2026-09-28T14:59:00Z,594.265,594.565,593.86,593.94
2026-09-28T14:59:00Z,2026-09-28T15:00:00Z,593.95,594.12,593.64,594.095
2026-09-28T15:00:00Z,2026-09-28T15:01:00Z,594.2,594.27,593.815,593.93
2026-09-28T15:01:00Z,2026-09-28T15:02:00Z,593.935,594.62,593.895,594.215
2026-09-28T15:02:00Z,2026-09-28T15:03:00Z,594.205,594.615,594.205,594.375
2026-09-28T15:03:00Z,2026-09-28T15:04:00Z,594.43,594.87,594.3,594.52
2026-09-28T15:04:00Z,2026-09-28T15:05:00Z,594.52,594.72,594.4,594.56
2026-09-28T15:05:00Z,2026-09-28T15:06:00Z,594.565,594.68,594.405,594.5
2026-09-28T15:06:00Z,2026-09-28T15:07:00Z,594.535,595.02,593.88,594.68
2026-09-28T15:07:00Z,2026-09-28T15:08:00Z,594.72,595.41,594.585,595.385
2026-09-28T15:08:00Z,2026-09-28T15:09:00Z,595.395,595.65,594.835,594.97
2026-09-28T15:09:00Z,2026-09-28T15:10:00Z,594.945,595.185,594.85,595.12
2026-09-23T18:11:00Z,2026-09-23T18:12:00Z,599.335,599.615,599.335,599.465
2026-09-23T18:12:00Z,2026-09-23T18:13:00Z,599.47,599.48,599.2,599.285
2026-09-23T18:13:00Z,2026-09-23T18:14:00Z,599.315,599.43,599.25,599.375
2026-09-23T18:14:00Z,2026-09-23T18:15:00Z,599.37,599.59,599.245,599.58
2026-09-23T18:15:00Z,2026-09-23T18:16:00Z,599.555,599.86,599.42,599.81
2026-09-23T18:16:00Z,2026-09-23T18:17:00Z,599.83,600.195,599.825,600.14
2026-09-23T18:17:00Z,2026-09-23T18:18:00Z,600.15,600.33,600.135,600.25
2026-09-23T18:18:00Z,2026-09-23T18:19:00Z,600.29,600.465,600.155,600.46
2026-09-23T18:19:00Z,2026-09-23T18:20:00Z,600.455,600.455,600.01,600.12
2026-09-23T18:20:00Z,2026-09-23T18:21:00Z,600.115,600.15,599.935,600.07
2026-09-23T18:21:00Z,2026-09-23T18:22:00Z,600.075,600.1,599.75,599.79
2026-09-23T18:22:00Z,2026-09-23T18:23:00Z,599.79,599.98,599.775,599.96
2026-09-23T18:23:00Z,2026-09-23T18:24:00Z,599.93,600.105,599.8,600.055
2026-09-23T18:24:00Z,2026-09-23T18:25:00Z,600.05,600.25,600.04,600.17
2026-09-23T18:25:00Z,2026-09-23T18:26:00Z,600.175,600.29,600.11,600.13
2026-09-23T18:26:00Z,2026-09-23T18:27:00Z,600.15,600.345,599.995,600.04
2026-09-23T18:27:00Z,2026-09-23T18:28:00Z,600.03,600.375,600.005,600.19
2026-09-23T18:28:00Z,2026-09-23T18:29:00Z,600.18,600.225,600.025,600.12
2026-09-23T18:29:00Z,2026-09-23T18:30:00Z,600.125,600.18,599.99,600.115
2026-09-23T18:30:00Z,2026-09-23T18:31:00Z,600.095,600.125,599.8,599.82
2026-09-23T18:31:00Z,2026-09-23T18:32:00Z,599.815,599.855,599.605,599.755
2026-09-23T18:32:00Z,2026-09-23T18:33:00Z,599.765,599.905,599.625,599.905
2026-09-23T18:33:00Z,2026-09-23T18:34:00Z,599.915,599.965,599.76,599.89
2026-09-23T18:34:00Z,2026-09-23T18:35:00Z,599.88,600.17,599.725,600.025
2026-09-23T18:35:00Z,2026-09-23T18:36:00Z,600.04,600.23,599.995,600.11
2026-09-23T18:36:00Z,2026-09-23T18:37:00Z,600.09,600.275,600.08,600.11
2026-09-23T18:37:00Z,2026-09-23T18:38:00Z,600.1,600.12,599.825,599.825
2026-09-23T18:38:00Z,2026-09-23T18:39:00Z,599.84,599.845,599.535,599.715
2026-09-23T18:39:00Z,2026-09-23T18:40:00Z,599.71,599.8,599.57,599.62
2026-09-23T18:40:00Z,2026-09-23T18:41:00Z,599.645,599.925,599.635,599.83
2026-09-23T18:41:00Z,2026-09-23T18:42:00Z,599.845,599.865,599.395,599.395
2026-09-23T18:42:00Z,2026-09-23T18:43:00Z,599.415,599.775,599.39,599.655
2026-09-23T18:43:00Z,2026-09-23T18:44:00Z,599.665,599.99,599.665,599.96
2026-09-23T18:44:00Z,2026-09-23T18:45:00Z,599.97,599.985,599.79,599.86
2026-09-23T18:45:00Z,2026-09-23T18:46:00Z,599.855,599.985,599.775,599.9
2026-09-23T18:46:00Z,2026-09-23T18:47:00Z,599.89,599.94,599.695,599.73
2026-09-23T18:47:00Z,2026-09-23T18:48:00Z,599.715,599.865,599.69,599.77
2026-09-23T18:48:00Z,2026-09-23T18:49:00Z,599.755,599.97,599.555,599.97
2026-09-23T18:49:00Z,2026-09-23T18:50:00Z,599.965,600.305,599.9,600.235
2026-09-23T18:50:00Z,2026-09-23T18:51:00Z,600.21,600.365,600.075,600.1
2026-09-23T18:51:00Z,2026-09-23T18:52:00Z,600.105,600.24,600.085,600.2
2026-09-23T18:52:00Z,2026-09-23T18:53:00Z,600.175,600.305,599.88,599.94
2026-09-23T18:53:00Z,2026-09-23T18:54:00Z,599.94,600.11,599.88,600.075
2026-09-23T18:54:00Z,2026-09-23T18:55:00Z,600.07,600.07,599.835,599.87
2026-09-23T18:55:00Z,2026-09-23T18:56:00Z,599.88,600.125,599.81,600.1
2026-09-23T18:56:00Z,2026-09-23T18:57:00Z,600.105,600.25,600.055,600.21
2026-09-23T18:57:00Z,2026-09-23T18:58:00Z,600.23,600.42,600.1,600.405
2026-09-23T18:58:00Z,2026-09-23T18:59:00Z,600.415,600.45,600.34,600.44
2026-09-23T18:59:00Z,2026-09-23T19:00:00Z,600.435,600.575,600.31,600.4
2026-09-23T19:00:00Z,2026-09-23T19:01:00Z,600.39,600.48,599.97,600.42
2026-09-23T19:01:00Z,2026-09-23T19:02:00Z,600.39,600.64,600.36,600.425
2026-09-23T19:02:00Z,2026-09-23T19:03:00Z,600.43,600.44,600.085,600.11
2026-09-23T19:03:00Z,2026-09-23T19:04:00Z,600.12,600.3,599.575,599.61
2026-09-23T19:04:00Z,2026-09-23T19:05:00Z,599.605,599.81,599.58,599.65
2026-09-23T19:05:00Z,2026-09-23T19:06:00Z,599.645,599.885,599.55,599.85
2026-09-23T19:06:00Z,2026-09-23T19:07:00Z,599.865,600.255,599.755,600.25
2026-09-23T19:07:00Z,2026-09-23T19:08:00Z,600.245,601.02,600.215,600.805
2026-09-23T19:08:00Z,2026-09-23T19:09:00Z,600.83,600.91,600.735,600.77
2026-09-23T19:09:00Z,2026-09-23T19:10:00Z,600.78,600.8,600.155,600.24
2026-09-23T19:10:00Z,2026-09-23T19:11:00Z,600.225,600.43,600.225,600.31
2026-09-23T19:11:00Z,2026-09-23T19:12:00Z,600.305,600.33,600.045,600.065
2026-09-23T19:12:00Z,2026-09-23T19:13:00Z,600.07,600.135,599.705,599.78
2026-09-23T19:13:00Z,2026-09-23T19:14:00Z,599.775,599.985,599.615,599.975
2026-09-23T19:14:00Z,2026-09-23T19:15:00Z,599.98,600.145,599.88,599.925
2026-09-23T19:15:00Z,2026-09-23T19:16:00Z,599.93,600.09,599.475,599.515
2026-09-23T19:16:00Z,2026-09-23T19:17:00Z,599.535,599.61,599.265,599.265
2026-09-23T19:17:00Z,2026-09-23T19:18:00Z,599.275,599.6,599.16,599.59
2026-09-23T19:18:00Z,2026-09-23T19:19:00Z,599.585,599.855,599.505,599.825
2026-09-23T19:19:00Z,2026-09-23T19:20:00Z,599.815,600.005,599.565,599.74
2026-09-23T19:20:00Z,2026-09-23T19:21:00Z,599.725,599.87,599.6,599.805
2026-09-23T19:21:00Z,2026-09-23T19:22:00Z,599.795,600.03,599.775,599.97
2026-09-23T19:22:00Z,2026-09-23T19:23:00Z,599.985,599.995,599.64,599.665
2026-09-23T19:23:00Z,2026-09-23T19:24:00Z,599.67,599.88,599.67,599.795
2026-09-23T19:24:00Z,2026-09-23T19:25:00Z,599.795,599.84,599.71,599.83
2026-09-23T19:25:00Z,2026-09-23T19:26:00Z,599.805,600.05,599.62,599.65
2026-09-23T19:26:00Z,2026-09-23T19:27:00Z,599.67,599.885,599.625,599.73
2026-09-23T19:27:00Z,2026-09-23T19:28:00Z,599.735,600.095,599.625,600.05
2026-09-23T19:28:00Z,2026-09-23T19:29:00Z,600.055,600.07,599.77,599.78
2026-09-23T19:29:00Z,2026-09-23T19:30:00Z,599.77,599.895,599.585,599.7
2026-09-23T19:30:00Z,2026-09-23T19:31:00Z,599.74,600.165,599.52,599.975
2026-09-23T19:31:00Z,2026-09-23T19:32:00Z,599.985,599.985,599.805,599.97
2026-09-23T19:32:00Z,2026-09-23T19:33:00Z,600,600.24,599.935,600.21
2026-09-23T19:33:00Z,2026-09-23T19:34:00Z,600.22,600.44,600.07,600.405
2026-09-23T19:34:00Z,2026-09-23T19:35:00Z,600.41,600.475,600.2,600.45
2026-09-23T19:35:00Z,2026-09-23T19:36:00Z,600.465,600.53,600.17,600.52
2026-09-23T19:36:00Z,2026-09-23T19:37:00Z,600.525,600.75,600.485,600.695
2026-09-23T19:37:00Z,2026-09-23T19:38:00Z,600.715,600.845,600.4,600.84
2026-09-23T19:38:00Z,2026-09-23T19:39:00Z,600.83,600.845,600.51,600.575
2026-09-23T19:39:00Z,2026-09-23T19:40:00Z,600.57,600.96,600.51,600.91
2026-09-23T19:40:00Z,2026-09-23T19:41:00Z,600.92,601.2,600.78,601.025
2026-09-23T19:41:00Z,2026-09-23T19:42:00Z,601.03,601.035,600.635,600.78
2026-09-23T19:42:00Z,2026-09-23T19:43:00Z,600.785,600.815,600.245,600.31
2026-09-23T19:43:00Z,2026-09-23T19:44:00Z,600.355,600.375,600.075,600.315
2026-09-23T19:44:00Z,2026-09-23T19:45:00Z,600.335,600.365,600.05,600.325
2026-09-23T19:45:00Z,2026-09-23T19:46:00Z,600.32,600.36,600.02,600.36
2026-09-23T19:46:00Z,2026-09-23T19:47:00Z,600.435,600.45,600.125,600.385
2026-09-23T19:47:00Z,2026-09-23T19:48:00Z,600.395,600.68,600.235,600.675
2026-09-23T19:48:00Z,2026-09-23T19:49:00Z,600.68,600.725,600.455,600.665
2026-09-23T19:49:00Z,2026-09-23T19:50:00Z,600.67,600.775,600.48,600.6
2026-09-23T19:50:00Z,2026-09-23T19:51:00Z,600.605,600.605,599.605,599.895
2026-09-23T19:51:00Z,2026-09-23T19:52:00Z,599.9,600.065,599.47,599.5
2026-09-23T19:52:00Z,2026-09-23T19:53:00Z,599.505,599.505,598.955,599.125
2026-09-23T19:53:00Z,2026-09-23T19:54:00Z,599.13,599.72,599.13,599.715
2026-09-23T19:54:00Z,2026-09-23T19:55:00Z,599.72,599.81,599.085,599.185
2026-09-23T19:55:00Z,2026-09-23T19:56:00Z,599.175,600.25,599.175,599.77
2026-09-23T19:56:00Z,2026-09-23T19:57:00Z,599.835,599.835,599.56,599.765
2026-09-23T19:57:00Z,2026-09-23T19:58:00Z,599.755,600.57,599.755,600.445
2026-09-23T19:58:00Z,2026-09-23T19:59:00Z,600.435,600.565,600.375,600.48
2026-09-23T19:59:00Z,2026-09-23T20:00:00Z,600.47,601.295,600.08,601.06
2026-09-24T13:30:00Z,2026-09-24T13:31:00Z,591.675,591.765,590.415,590.88
2026-09-24T13:31:00Z,2026-09-24T13:32:00Z,591.12,591.12,589.455,590.47
2026-09-24T13:32:00Z,2026-09-24T13:33:00Z,590.49,591.125,589.315,589.365
2026-09-24T13:33:00Z,2026-09-24T13:34:00Z,589.32,590.035,588.965,589.585
2026-09-24T13:34:00Z,2026-09-24T13:35:00Z,589.58,590.425,589.145,590.155
2026-09-24T13:35:00Z,2026-09-24T13:36:00Z,590.15,591.715,589.88,591.715
2026-09-24T13:36:00Z,2026-09-24T13:37:00Z,591.73,592.47,591.39,591.475
2026-09-24T13:37:00Z,2026-09-24T13:38:00Z,591.485,592.105,590.89,592.065
2026-09-24T13:38:00Z,2026-09-24T13:39:00Z,592.04,593.465,592.005,593.275
2026-09-24T13:39:00Z,2026-09-24T13:40:00Z,593.28,593.31,592.85,593.095
2026-09-24T13:40:00Z,2026-09-24T13:41:00Z,593.09,593.095,592.5,592.72
2026-09-24T13:41:00Z,2026-09-24T13:42:00Z,592.715,592.935,592.005,592.11
2026-09-24T13:42:00Z,2026-09-24T13:43:00Z,592.11,593.41,591.905,592.915
2026-09-24T13:43:00Z,2026-09-24T13:44:00Z,592.85,593.205,592.685,593.175
2026-09-24T13:44:00Z,2026-09-24T13:45:00Z,593.085,593.515,592.915,593.425
2026-09-24T13:45:00Z,2026-09-24T13:46:00Z,593.435,594.53,593.43,594.53
2026-09-24T13:46:00Z,2026-09-24T13:47:00Z,594.475,595.75,594.26,595.685
2026-09-24T13:47:00Z,2026-09-24T13:48:00Z,595.7,596.295,595.535,595.865
2026-09-24T13:48:00Z,2026-09-24T13:49:00Z,595.87,595.905,594.68,594.805
2026-09-24T13:49:00Z,2026-09-24T13:50:00Z,594.775,594.855,593.985,594.085
2026-09-24T13:50:00Z,2026-09-24T13:51:00Z,594.125,594.635,593.88,594.31
2026-09-24T13:51:00Z,2026-09-24T13:52:00Z,594.295,594.925,593.875,593.875
2026-09-24T13:52:00Z,2026-09-24T13:53:00Z,593.88,594.69,593.69,593.8
2026-09-24T13:53:00Z,2026-09-24T13:54:00Z,593.795,594.01,593.055,593.055
2026-09-24T13:54:00Z,2026-09-24T13:55:00Z,593.09,593.375,592.09,592.465
2026-09-24T13:55:00Z,2026-09-24T13:56:00Z,592.435,593.11,592.41,592.49
2026-09-24T13:56:00Z,2026-09-24T13:57:00Z,592.5,592.94,591.95,592.535
2026-09-24T13:57:00Z,2026-09-24T13:58:00Z,592.53,592.72,592.32,592.585
2026-09-24T13:58:00Z,2026-09-24T13:59:00Z,592.555,592.965,592.32,592.87
2026-09-24T13:59:00Z,2026-09-24T14:00:00Z,592.87,593.59,592.835,593.355
2026-09-24T14:00:00Z,2026-09-24T14:01:00Z,593.365,594.25,593.095,594.025
2026-09-24T14:01:00Z,2026-09-24T14:02:00Z,594.025,594.845,593.405,593.455
2026-09-24T14:02:00Z,2026-09-24T14:03:00Z,593.46,594.155,593.41,594.02
2026-09-24T14:03:00Z,2026-09-24T14:04:00Z,594.055,594.38,593.995,594.295
2026-09-24T14:04:00Z,2026-09-24T14:05:00Z,594.3,594.85,594.255,594.67
2026-09-24T14:05:00Z,2026-09-24T14:06:00Z,594.665,594.755,594.325,594.56
2026-09-24T14:06:00Z,2026-09-24T14:07:00Z,594.56,594.79,594.09,594.36
2026-09-24T14:07:00Z,2026-09-24T14:08:00Z,594.365,594.575,594.145,594.425
2026-09-24T14:08:00Z,2026-09-24T14:09:00Z,594.415,594.53,593.46,593.61
2026-09-24T14:09:00Z,2026-09-24T14:10:00Z,593.565,593.695,593.295,593.295
2026-09-24T14:10:00Z,2026-09-24T14:11:00Z,593.375,593.56,592.76,593.545
2026-09-24T14:11:00Z,2026-09-24T14:12:00Z,593.49,593.57,592.87,592.89
2026-09-24T14:12:00Z,2026-09-24T14:13:00Z,592.89,593.07,592.57,592.66
2026-09-24T14:13:00Z,2026-09-24T14:14:00Z,592.7,593.26,592.54,593.21
2026-09-24T14:14:00Z,2026-09-24T14:15:00Z,593.2,593.425,593.125,593.37
2026-09-24T14:15:00Z,2026-09-24T14:16:00Z,593.35,593.9,593.2,593.245
2026-09-24T14:16:00Z,2026-09-24T14:17:00Z,593.235,593.3,592.865,593.155
2026-09-24T14:17:00Z,2026-09-24T14:18:00Z,593.155,593.5,592.51,592.73
2026-09-24T14:18:00Z,2026-09-24T14:19:00Z,592.73,593.255,592.66,593.09
2026-09-24T14:19:00Z,2026-09-24T14:20:00Z,593.115,593.245,592.74,593.03
2026-09-24T14:20:00Z,2026-09-24T14:21:00Z,593.05,593.345,592.98,593.28
2026-09-24T14:21:00Z,2026-09-24T14:22:00Z,593.215,593.33,593.045,593.09
2026-09-24T14:22:00Z,2026-09-24T14:23:00Z,593.095,593.495,593.055,593.3
2026-09-24T14:23:00Z,2026-09-24T14:24:00Z,593.29,593.855,593.29,593.55
2026-09-24T14:24:00Z,2026-09-24T14:25:00Z,593.555,593.59,593.165,593.235
2026-09-24T14:25:00Z,2026-09-24T14:26:00Z,593.24,593.59,593.19,593.425
2026-09-24T14:26:00Z,2026-09-24T14:27:00Z,593.43,593.645,593.43,593.55
2026-09-24T14:27:00Z,2026-09-24T14:28:00Z,593.59,594.425,593.355,594.365
2026-09-24T14:28:00Z,2026-09-24T14:29:00Z,594.335,594.515,594.08,594.475
2026-09-24T14:29:00Z,2026-09-24T14:30:00Z,594.475,594.565,594.28,594.565
2026-09-24T14:30:00Z,2026-09-24T14:31:00Z,594.515,594.535,593.83,594.025
2026-09-24T14:31:00Z,2026-09-24T14:32:00Z,594.04,594.495,594.04,594.4
2026-09-24T14:32:00Z,2026-09-24T14:33:00Z,594.42,594.745,594.31,594.6
2026-09-24T14:33:00Z,2026-09-24T14:34:00Z,594.65,595.215,594.615,595.05
2026-09-24T14:34:00Z,2026-09-24T14:35:00Z,595.07,595.14,594.675,594.895
2026-09-24T14:35:00Z,2026-09-24T14:36:00Z,594.89,594.98,594.55,594.91
2026-09-24T14:36:00Z,2026-09-24T14:37:00Z,594.84,594.955,594.025,594.135
2026-09-24T14:37:00Z,2026-09-24T14:38:00Z,594.14,594.15,593.66,593.71
2026-09-24T14:38:00Z,2026-09-24T14:39:00Z,593.7,593.78,593.285,593.285
2026-09-24T14:39:00Z,2026-09-24T14:40:00Z,593.295,593.57,592.975,593.325
2026-09-24T14:40:00Z,2026-09-24T14:41:00Z,593.36,593.585,593.23,593.465
2026-09-24T14:41:00Z,2026-09-24T14:42:00Z,593.48,593.53,593.17,593.35
2026-09-24T14:42:00Z,2026-09-24T14:43:00Z,593.33,594.06,593.3,593.655
2026-09-24T14:43:00Z,2026-09-24T14:44:00Z,593.66,593.67,593.16,593.17
2026-09-24T14:44:00Z,2026-09-24T14:45:00Z,593.18,593.19,592.57,592.65
2026-09-24T14:45:00Z,2026-09-24T14:46:00Z,592.68,592.805,592.58,592.665
2026-09-24T14:46:00Z,2026-09-24T14:47:00Z,592.655,593.01,592.53,592.765
2026-09-24T14:47:00Z,2026-09-24T14:48:00Z,592.85,593.43,592.83,593.33
2026-09-24T14:48:00Z,2026-09-24T14:49:00Z,593.335,593.495,593,593.02
2026-09-24T14:49:00Z,2026-09-24T14:50:00Z,593.015,593.215,592.785,592.84
2026-09-24T14:50:00Z,2026-09-24T14:51:00Z,592.835,593.185,592.61,592.61
2026-09-24T14:51:00Z,2026-09-24T14:52:00Z,592.625,592.625,592.1,592.135
2026-09-24T14:52:00Z,2026-09-24T14:53:00Z,592.13,592.29,591.625,591.635
2026-09-24T14:53:00Z,2026-09-24T14:54:00Z,591.63,591.89,591.395,591.89
2026-09-24T14:54:00Z,2026-09-24T14:55:00Z,591.905,592.045,591.76,591.865
2026-09-24T14:55:00Z,2026-09-24T14:56:00Z,591.875,591.935,591.32,591.34
2026-09-24T14:56:00Z,2026-09-24T14:57:00Z,591.35,591.64,591.345,591.54
2026-09-24T14:57:00Z,2026-09-24T14:58:00Z,591.54,591.69,591.355,591.505
2026-09-24T14:58:00Z,2026-09-24T14:59:00Z,591.525,591.62,591.285,591.4
2026-09-24T14:59:00Z,2026-09-24T15:00:00Z,591.405,591.42,591.145,591.42
2026-09-24T15:00:00Z,2026-09-24T15:01:00Z,591.415,592.12,591.405,591.92
2026-09-24T15:01:00Z,2026-09-24T15:02:00Z,591.93,592.11,591.735,591.855
2026-09-24T15:02:00Z,2026-09-24T15:03:00Z,591.865,592.48,591.735,592.05
2026-09-24T15:03:00Z,2026-09-24T15:04:00Z,592.07,592.27,591.825,592.125
2026-09-24T15:04:00Z,2026-09-24T15:05:00Z,592.13,592.475,591.915,592.055
2026-09-24T15:05:00Z,2026-09-24T15:06:00Z,592.035,592.29,591.935,592.015
2026-09-24T15:06:00Z,2026-09-24T15:07:00Z,592.02,592.17,591.32,591.46
2026-09-24T15:07:00Z,2026-09-24T15:08:00Z,591.47,591.51,591.105,591.325
2026-09-24T15:08:00Z,2026-09-24T15:09:00Z,591.335,591.465,591.1,591.355
2026-09-24T15:09:00Z,2026-09-24T15:10:00Z,591.345,591.345,590.825,590.9
2026-09-24T15:10:00Z,2026-09-24T15:11:00Z,590.85,591.23,590.845,591.16
2026-09-24T15:11:00Z,2026-09-24T15:12:00Z,591.18,591.325,591.035,591.285
2026-09-24T15:12:00Z,2026-09-24T15:13:00Z,591.28,591.695,591.14,591.38
2026-09-24T15:13:00Z,2026-09-24T15:14:00Z,591.375,591.53,591.04,591.41
2026-09-24T15:14:00Z,2026-09-24T15:15:00Z,591.405,591.55,591.215,591.295
2026-09-24T15:15:00Z,2026-09-24T15:16:00Z,591.29,591.66,591.16,591.52
2026-09-24T15:16:00Z,2026-09-24T15:17:00Z,591.535,592.23,591.46,591.77
2026-09-24T15:17:00Z,2026-09-24T15:18:00Z,591.775,592.08,591.57,591.9
2026-09-24T15:18:00Z,2026-09-24T15:19:00Z,591.895,591.915,591.13,591.32
2026-09-24T15:19:00Z,2026-09-24T15:20:00Z,591.335,591.43,591.06,591.26
2026-09-24T15:20:00Z,2026-09-24T15:21:00Z,591.245,591.325,591.05,591.22
2026-09-24T15:21:00Z,2026-09-24T15:22:00Z,591.2,591.555,591.06,591.55
2026-09-24T15:22:00Z,2026-09-24T15:23:00Z,591.555,591.755,591.405,591.755
2026-09-24T15:23:00Z,2026-09-24T15:24:00Z,591.76,592.155,591.555,592.12
2026-09-24T15:24:00Z,2026-09-24T15:25:00Z,592.13,592.61,592.12,592.585
2026-09-24T15:25:00Z,2026-09-24T15:26:00Z,592.59,592.635,592.07,592.15
2026-09-24T15:26:00Z,2026-09-24T15:27:00Z,592.165,592.295,591.99,592.13
2026-09-24T15:27:00Z,2026-09-24T15:28:00Z,592.175,592.175,591.935,592.17
2026-09-24T15:28:00Z,2026-09-24T15:29:00Z,592.165,592.165,591.665,591.705
2026-09-24T15:29:00Z,2026-09-24T15:30:00Z,591.72,591.815,591.565,591.72
2026-09-24T15:30:00Z,2026-09-24T15:31:00Z,591.73,591.835,591.45,591.525
2026-09-24T15:31:00Z,2026-09-24T15:32:00Z,591.515,591.69,591.335,591.615
2026-09-24T15:32:00Z,2026-09-24T15:33:00Z,591.62,591.76,591.385,591.76
2026-09-24T15:33:00Z,2026-09-24T15:34:00Z,591.765,591.935,591.655,591.935
2026-09-24T15:34:00Z,2026-09-24T15:35:00Z,591.93,592.08,591.85,591.975
2026-09-24T15:35:00Z,2026-09-24T15:36:00Z,591.985,592.255,591.715,591.955
2026-09-24T15:36:00Z,2026-09-24T15:37:00Z,591.945,592.215,591.855,592.1
2026-09-24T15:37:00Z,2026-09-24T15:38:00Z,592.11,592.39,592.08,592.305
2026-09-24T15:38:00Z,2026-09-24T15:39:00Z,592.3,592.405,592.125,592.165
2026-09-24T15:39:00Z,2026-09-24T15:40:00Z,592.16,592.16,591.84,592.055
2026-09-24T15:40:00Z,2026-09-24T15:41:00Z,592.09,592.34,591.925,592.015
2026-09-24T15:41:00Z,2026-09-24T15:42:00Z,592.01,592.33,592,592.275
2026-09-24T15:42:00Z,2026-09-24T15:43:00Z,592.27,592.33,591.855,591.995
2026-09-24T15:43:00Z,2026-09-24T15:44:00Z,591.99,592.475,591.96,592.455
2026-09-24T15:44:00Z,2026-09-24T15:45:00Z,592.445,592.925,592.38,592.805
2026-09-24T15:45:00Z,2026-09-24T15:46:00Z,592.83,593.215,592.83,593.095
2026-09-24T15:46:00Z,2026-09-24T15:47:00Z,593.085,593.085,592.88,592.88
2026-09-24T15:47:00Z,2026-09-24T15:48:00Z,592.945,593.075,592.73,592.79
2026-09-24T15:48:00Z,2026-09-24T15:49:00Z,592.785,592.94,592.535,592.55
2026-09-24T15:49:00Z,2026-09-24T15:50:00Z,592.575,592.635,592.395,592.565
2026-09-24T15:50:00Z,2026-09-24T15:51:00Z,592.55,593.39,592.535,593.38
2026-09-24T15:51:00Z,2026-09-24T15:52:00Z,593.395,593.525,593.235,593.425
2026-09-24T15:52:00Z,2026-09-24T15:53:00Z,593.415,593.795,593.395,593.73
2026-09-24T15:53:00Z,2026-09-24T15:54:00Z,593.74,593.98,593.655,593.7
2026-09-24T15:54:00Z,2026-09-24T15:55:00Z,593.705,593.86,593.455,593.86
2026-09-24T15:55:00Z,2026-09-24T15:56:00Z,593.865,594.02,593.775,593.795
2026-09-24T15:56:00Z,2026-09-24T15:57:00Z,593.77,593.775,593.325,593.475
2026-09-24T15:57:00Z,2026-09-24T15:58:00Z,593.475,593.48,593.26,593.26
2026-09-24T15:58:00Z,2026-09-24T15:59:00Z,593.425,593.645,593.33,593.535
2026-09-24T15:59:00Z,2026-09-24T16:00:00Z,593.55,593.655,593.235,593.245
2026-09-24T16:00:00Z,2026-09-24T16:01:00Z,593.24,593.32,592.465,592.465
2026-09-24T16:01:00Z,2026-09-24T16:02:00Z,592.47,592.705,592.18,592.555
2026-09-24T16:02:00Z,2026-09-24T16:03:00Z,592.545,592.755,592.34,592.69
2026-09-24T16:03:00Z,2026-09-24T16:04:00Z,592.685,592.73,592.34,592.525
2026-09-24T16:04:00Z,2026-09-24T16:05:00Z,592.52,592.8,592.48,592.785
2026-09-24T16:05:00Z,2026-09-24T16:06:00Z,592.795,592.815,592.485,592.79
2026-09-24T16:06:00Z,2026-09-24T16:07:00Z,592.785,592.79,592.225,592.375
2026-09-24T16:07:00Z,2026-09-24T16:08:00Z,592.36,592.44,592.13,592.235
2026-09-24T16:08:00Z,2026-09-24T16:09:00Z,592.245,592.35,592.11,592.32
2026-09-24T16:09:00Z,2026-09-24T16:10:00Z,592.275,592.39,592.225,592.34
2026-09-24T16:10:00Z,2026-09-24T16:11:00Z,592.345,592.48,592.27,592.435
2026-09-24T16:11:00Z,2026-09-24T16:12:00Z,592.44,592.455,591.945,592.055
2026-09-24T16:12:00Z,2026-09-24T16:13:00Z,592.05,592.43,592.045,592.195
2026-09-24T16:13:00Z,2026-09-24T16:14:00Z,592.2,592.495,592.165,592.39
2026-09-24T16:14:00Z,2026-09-24T16:15:00Z,592.395,592.965,592.36,592.955
2026-09-24T16:15:00Z,2026-09-24T16:16:00Z,593.055,595.155,593.045,594.925
2026-09-24T16:16:00Z,2026-09-24T16:17:00Z,594.925,597.335,594.64,597.065
2026-09-24T16:17:00Z,2026-09-24T16:18:00Z,597.06,597.87,596.835,597.715
2026-09-24T16:18:00Z,2026-09-24T16:19:00Z,597.72,598.775,597.55,597.615
2026-09-24T16:19:00Z,2026-09-24T16:20:00Z,597.615,597.985,596.82,597.54
2026-09-24T16:20:00Z,2026-09-24T16:21:00Z,597.545,598.66,597.44,598.2
2026-09-24T16:21:00Z,2026-09-24T16:22:00Z,598.205,598.205,596.695,596.85
2026-09-24T16:22:00Z,2026-09-24T16:23:00Z,596.86,598.23,596.86,597.985
2026-09-24T16:23:00Z,2026-09-24T16:24:00Z,597.995,598.215,597.29,597.315
2026-09-24T16:24:00Z,2026-09-24T16:25:00Z,597.285,597.635,597.16,597.475
2026-09-24T16:25:00Z,2026-09-24T16:26:00Z,597.48,597.66,596.305,596.51
2026-09-24T16:26:00Z,2026-09-24T16:27:00Z,596.49,597.135,596.49,597.045
2026-09-24T16:27:00Z,2026-09-24T16:28:00Z,597.04,597.26,596.43,597.26
2026-09-24T16:28:00Z,2026-09-24T16:29:00Z,597.255,597.48,597.165,597.405
2026-09-24T16:29:00Z,2026-09-24T16:30:00Z,597.4,597.425,597.15,597.17
2026-09-24T16:30:00Z,2026-09-24T16:31:00Z,597.16,597.225,596.785,597.045
2026-09-24T16:31:00Z,2026-09-24T16:32:00Z,597.055,597.47,596.83,596.83
2026-09-24T16:32:00Z,2026-09-24T16:33:00Z,596.84,596.91,596.585,596.755
2026-09-24T16:33:00Z,2026-09-24T16:34:00Z,596.745,597.195,596.645,597.165
2026-09-24T16:34:00Z,2026-09-24T16:35:00Z,597.145,597.185,596.755,597.175
2026-09-24T16:35:00Z,2026-09-24T16:36:00Z,597.18,597.76,597.1,597.7
2026-09-24T16:36:00Z,2026-09-24T16:37:00Z,597.725,598.945,597.725,598.935
2026-09-24T16:37:00Z,2026-09-24T16:38:00Z,598.935,599.505,598.93,599.09
2026-09-24T16:38:00Z,2026-09-24T16:39:00Z,599.095,599.38,599.06,599.315
2026-09-24T16:39:00Z,2026-09-24T16:40:00Z,599.325,599.515,599.155,599.245
2026-09-24T16:40:00Z,2026-09-24T16:41:00Z,599.245,600.025,599.08,600.025
2026-09-24T16:41:00Z,2026-09-24T16:42:00Z,600.025,600.72,600.025,600.66
2026-09-24T16:42:00Z,2026-09-24T16:43:00Z,600.685,601.33,600.67,601.205
2026-09-24T16:43:00Z,2026-09-24T16:44:00Z,601.24,601.31,600.825,601.065
2026-09-24T16:44:00Z,2026-09-24T16:45:00Z,601.06,601.4,599.78,599.805
2026-09-24T16:45:00Z,2026-09-24T16:46:00Z,599.815,599.92,599.005,599.38
2026-09-24T16:46:00Z,2026-09-24T16:47:00Z,599.385,599.865,599.29,599.805
2026-09-24T16:47:00Z,2026-09-24T16:48:00Z,599.83,599.955,599.25,599.435
2026-09-24T16:48:00Z,2026-09-24T16:49:00Z,599.44,600.565,599.44,600.435
2026-09-24T16:49:00Z,2026-09-24T16:50:00Z,600.42,600.615,600.115,600.45
2026-09-24T16:50:00Z,2026-09-24T16:51:00Z,600.46,600.5,600.09,600.265
2026-09-24T16:51:00Z,2026-09-24T16:52:00Z,600.27,601.13,600.27,600.955
2026-09-24T16:52:00Z,2026-09-24T16:53:00Z,600.935,601.035,599.895,599.96
2026-09-24T16:53:00Z,2026-09-24T16:54:00Z,600.05,600.145,599.61,599.805
2026-09-24T16:54:00Z,2026-09-24T16:55:00Z,599.815,600.245,599.615,599.94
2026-09-24T16:55:00Z,2026-09-24T16:56:00Z,599.93,600.25,599.79,600.03
2026-09-24T16:56:00Z,2026-09-24T16:57:00Z,600.035,600.795,599.98,600.795
2026-09-24T16:57:00Z,2026-09-24T16:58:00Z,600.79,601.175,600.72,600.72
2026-09-24T16:58:00Z,2026-09-24T16:59:00Z,600.7,600.86,600.64,600.85
2026-09-24T16:59:00Z,2026-09-24T17:00:00Z,600.87,600.94,600.645,600.86
2026-09-24T17:00:00Z,2026-09-24T17:01:00Z,600.79,600.8,599.98,600.275
2026-09-24T17:01:00Z,2026-09-24T17:02:00Z,600.25,601.005,600.245,600.76
2026-09-24T17:02:00Z,2026-09-24T17:03:00Z,600.775,600.775,600.005,600.685
2026-09-24T17:03:00Z,2026-09-24T17:04:00Z,600.69,601.675,600.69,601.565
2026-09-24T17:04:00Z,2026-09-24T17:05:00Z,601.565,601.6,600.905,601.505
2026-09-24T17:05:00Z,2026-09-24T17:06:00Z,601.5,601.99,601.435,601.435
2026-09-24T17:06:00Z,2026-09-24T17:07:00Z,601.445,601.74,601.37,601.465
2026-09-24T17:07:00Z,2026-09-24T17:08:00Z,601.47,601.725,601.245,601.265
2026-09-24T17:08:00Z,2026-09-24T17:09:00Z,601.27,601.555,600.985,601.555
2026-09-24T17:09:00Z,2026-09-24T17:10:00Z,601.555,601.555,601.07,601.07
2026-09-24T17:10:00Z,2026-09-24T17:11:00Z,601.07,601.095,600.245,600.43
2026-09-24T17:11:00Z,2026-09-24T17:12:00Z,600.415,600.445,600.01,600.185
2026-09-24T17:12:00Z,2026-09-24T17:13:00Z,600.195,600.265,599.945,599.995
2026-09-24T17:13:00Z,2026-09-24T17:14:00Z,599.985,600.18,599.69,600.17
2026-09-24T17:14:00Z,2026-09-24T17:15:00Z,600.195,600.445,600.15,600.35
2026-09-24T17:15:00Z,2026-09-24T17:16:00Z,600.355,600.435,599.57,599.67
2026-09-24T17:16:00Z,2026-09-24T17:17:00Z,599.69,599.955,599.69,599.76
2026-09-24T17:17:00Z,2026-09-24T17:18:00Z,599.775,599.965,599.51,599.51
2026-09-24T17:18:00Z,2026-09-24T17:19:00Z,599.515,600.335,599.49,600.185
2026-09-24T17:19:00Z,2026-09-24T17:20:00Z,600.19,600.2,599.175,599.185
2026-09-24T17:20:00Z,2026-09-24T17:21:00Z,599.18,599.3,598.82,599.17
2026-09-24T17:21:00Z,2026-09-24T17:22:00Z,599.2,599.46,599,599.08
2026-09-24T17:22:00Z,2026-09-24T17:23:00Z,599.105,599.525,599.065,599.31
2026-09-24T17:23:00Z,2026-09-24T17:24:00Z,599.345,599.38,599.125,599.235
2026-09-24T17:24:00Z,2026-09-24T17:25:00Z,599.23,599.52,598.755,598.915
2026-09-24T17:25:00Z,2026-09-24T17:26:00Z,598.92,599.12,598.355,598.405
2026-09-24T17:26:00Z,2026-09-24T17:27:00Z,598.415,598.58,597.965,598.13
2026-09-24T17:27:00Z,2026-09-24T17:28:00Z,598.105,598.475,598.06,598.33
2026-09-24T17:28:00Z,2026-09-24T17:29:00Z,598.335,598.745,598.33,598.7
2026-09-24T17:29:00Z,2026-09-24T17:30:00Z,598.675,598.845,598.625,598.78
2026-09-24T17:30:00Z,2026-09-24T17:31:00Z,598.765,599.35,598.715,599.31
2026-09-24T17:31:00Z,2026-09-24T17:32:00Z,599.32,599.51,599.19,599.27
2026-09-24T17:32:00Z,2026-09-24T17:33:00Z,599.275,599.395,599.055,599.36
2026-09-24T17:33:00Z,2026-09-24T17:34:00Z,599.345,599.395,599.095,599.22
2026-09-24T17:34:00Z,2026-09-24T17:35:00Z,599.22,599.22,598.575,598.615
2026-09-24T17:35:00Z,2026-09-24T17:36:00Z,598.61,598.93,598.505,598.735
2026-09-24T17:36:00Z,2026-09-24T17:37:00Z,598.67,598.925,598.61,598.725
2026-09-24T17:37:00Z,2026-09-24T17:38:00Z,598.72,598.935,598.555,598.56
2026-09-24T17:38:00Z,2026-09-24T17:39:00Z,598.555,598.61,598.14,598.375
2026-09-24T17:39:00Z,2026-09-24T17:40:00Z,598.4,598.705,598.39,598.525
2026-09-24T17:40:00Z,2026-09-24T17:41:00Z,598.52,598.94,598.5,598.905
2026-09-24T17:41:00Z,2026-09-24T17:42:00Z,598.855,598.88,598.35,598.355
2026-09-24T17:42:00Z,2026-09-24T17:43:00Z,598.35,598.72,598.225,598.25
2026-09-24T17:43:00Z,2026-09-24T17:44:00Z,598.22,598.23,597.415,597.605
2026-09-24T17:44:00Z,2026-09-24T17:45:00Z,597.6,597.69,597.29,597.305
2026-09-24T17:45:00Z,2026-09-24T17:46:00Z,597.3,597.46,597.065,597.4
2026-09-24T17:46:00Z,2026-09-24T17:47:00Z,597.395,597.865,597.355,597.78
2026-09-24T17:47:00Z,2026-09-24T17:48:00Z,597.775,598.25,597.725,598.225
2026-09-24T17:48:00Z,2026-09-24T17:49:00Z,598.23,598.3,597.89,598.005
2026-09-24T17:49:00Z,2026-09-24T17:50:00Z,597.99,598.41,597.91,598.23
2026-09-24T17:50:00Z,2026-09-24T17:51:00Z,598.225,598.285,598.025,598.115
2026-09-24T17:51:00Z,2026-09-24T17:52:00Z,598.12,598.21,597.895,597.91
2026-09-24T17:52:00Z,2026-09-24T17:53:00Z,597.895,598.07,597.485,597.58
2026-09-24T17:53:00Z,2026-09-24T17:54:00Z,597.575,597.775,597.355,597.38
2026-09-24T17:54:00Z,2026-09-24T17:55:00Z,597.375,597.445,596.865,597.135
2026-09-24T17:55:00Z,2026-09-24T17:56:00Z,597.14,597.35,596.995,596.995
2026-09-24T17:56:00Z,2026-09-24T17:57:00Z,596.975,597.825,596.975,597.69
2026-09-24T17:57:00Z,2026-09-24T17:58:00Z,597.685,597.685,597.415,597.445
2026-09-24T17:58:00Z,2026-09-24T17:59:00Z,597.45,597.48,597.185,597.265
2026-09-24T17:59:00Z,2026-09-24T18:00:00Z,597.265,597.625,597.265,597.505
2026-09-24T18:00:00Z,2026-09-24T18:01:00Z,597.51,597.535,597.045,597.065
2026-09-24T18:01:00Z,2026-09-24T18:02:00Z,597.095,597.14,596.3,596.6
2026-09-24T18:02:00Z,2026-09-24T18:03:00Z,596.645,596.645,596.2,596.275
2026-09-24T18:03:00Z,2026-09-24T18:04:00Z,596.265,596.28,595.39,595.535
2026-09-24T18:04:00Z,2026-09-24T18:05:00Z,595.54,595.685,595.14,595.195
2026-09-24T18:05:00Z,2026-09-24T18:06:00Z,595.165,595.41,595.12,595.39
2026-09-24T18:06:00Z,2026-09-24T18:07:00Z,595.315,595.965,595.07,595.725
2026-09-24T18:07:00Z,2026-09-24T18:08:00Z,595.76,596.095,595.505,595.805
2026-09-24T18:08:00Z,2026-09-24T18:09:00Z,595.825,596.66,595.825,596.46
2026-09-24T18:09:00Z,2026-09-24T18:10:00Z,596.48,596.73,596.42,596.49
2026-09-24T18:10:00Z,2026-09-24T18:11:00Z,596.545,596.825,596.545,596.605
2026-09-24T18:11:00Z,2026-09-24T18:12:00Z,596.61,597.29,596.55,597.085
2026-09-24T18:12:00Z,2026-09-24T18:13:00Z,597.095,597.21,596.785,596.79
2026-09-24T18:13:00Z,2026-09-24T18:14:00Z,596.79,596.96,596.63,596.73
2026-09-24T18:14:00Z,2026-09-24T18:15:00Z,596.72,597.085,596.715,597.065
2026-09-24T18:15:00Z,2026-09-24T18:16:00Z,597.07,597.27,597.01,597.2
2026-09-24T18:16:00Z,2026-09-24T18:17:00Z,597.205,597.63,597.17,597.33
2026-09-24T18:17:00Z,2026-09-24T18:18:00Z,597.325,597.76,597.31,597.76
2026-09-24T18:18:00Z,2026-09-24T18:19:00Z,597.755,597.91,597.325,597.39
2026-09-24T18:19:00Z,2026-09-24T18:20:00Z,597.385,597.475,597.23,597.4
2026-09-24T18:20:00Z,2026-09-24T18:21:00Z,597.445,597.5,596.985,597.125
2026-09-24T18:21:00Z,2026-09-24T18:22:00Z,597.11,597.44,597.105,597.335
2026-09-24T18:22:00Z,2026-09-24T18:23:00Z,597.365,597.555,597.33,597.44
2026-09-24T18:23:00Z,2026-09-24T18:24:00Z,597.45,597.905,597.345,597.815
2026-09-24T18:24:00Z,2026-09-24T18:25:00Z,597.81,597.885,597.72,597.865
2026-09-24T18:25:00Z,2026-09-24T18:26:00Z,597.825,598.805,597.775,598.4
2026-09-24T18:26:00Z,2026-09-24T18:27:00Z,598.345,598.97,598.345,598.835
2026-09-24T18:27:00Z,2026-09-24T18:28:00Z,598.84,598.855,598.42,598.585
2026-09-24T18:28:00Z,2026-09-24T18:29:00Z,598.58,598.83,598.405,598.485
2026-09-24T18:29:00Z,2026-09-24T18:30:00Z,598.475,598.52,598.235,598.43
2026-09-24T18:30:00Z,2026-09-24T18:31:00Z,598.415,598.695,598.385,598.485
2026-09-24T18:31:00Z,2026-09-24T18:32:00Z,598.48,598.525,597.93,598.36
2026-09-24T18:32:00Z,2026-09-24T18:33:00Z,598.355,598.355,597.86,598.045
2026-09-24T18:33:00Z,2026-09-24T18:34:00Z,598.05,598.23,598.035,598.085
2026-09-24T18:34:00Z,2026-09-24T18:35:00Z,598.1,598.265,597.855,597.875
2026-09-24T18:35:00Z,2026-09-24T18:36:00Z,597.87,597.94,597.445,597.555
2026-09-24T18:36:00Z,2026-09-24T18:37:00Z,597.555,597.97,597.525,597.88
2026-09-24T18:37:00Z,2026-09-24T18:38:00Z,597.87,598.035,597.745,597.81
2026-09-24T18:38:00Z,2026-09-24T18:39:00Z,597.775,599.115,597.715,599.06
2026-09-24T18:39:00Z,2026-09-24T18:40:00Z,599.06,599.8,598.715,598.93
2026-09-24T18:40:00Z,2026-09-24T18:41:00Z,598.935,598.935,598.105,598.285
2026-09-24T18:41:00Z,2026-09-24T18:42:00Z,598.285,598.35,598.035,598.31
2026-09-24T18:42:00Z,2026-09-24T18:43:00Z,598.305,598.575,598.08,598.12
2026-09-24T18:43:00Z,2026-09-24T18:44:00Z,598.145,598.19,597.89,598.19
2026-09-24T18:44:00Z,2026-09-24T18:45:00Z,598.21,598.345,598.185,598.27
2026-09-24T18:45:00Z,2026-09-24T18:46:00Z,598.265,598.74,598.22,598.62
2026-09-24T18:46:00Z,2026-09-24T18:47:00Z,598.61,598.655,598.46,598.64
2026-09-24T18:47:00Z,2026-09-24T18:48:00Z,598.675,598.715,598.585,598.59
2026-09-24T18:48:00Z,2026-09-24T18:49:00Z,598.615,598.85,598.53,598.825
2026-09-24T18:49:00Z,2026-09-24T18:50:00Z,598.835,598.84,598.615,598.71
2026-09-24T18:50:00Z,2026-09-24T18:51:00Z,598.73,599.43,598.625,599.265
2026-09-24T18:51:00Z,2026-09-24T18:52:00Z,599.27,599.29,598.855,599.135
2026-09-24T18:52:00Z,2026-09-24T18:53:00Z,599.08,599.69,599.08,599.59
2026-09-24T18:53:00Z,2026-09-24T18:54:00Z,599.625,599.65,599.325,599.56
2026-09-24T18:54:00Z,2026-09-24T18:55:00Z,599.55,599.6,599.475,599.515
2026-09-24T18:55:00Z,2026-09-24T18:56:00Z,599.52,599.81,599.52,599.81
2026-09-24T18:56:00Z,2026-09-24T18:57:00Z,599.81,600,599.76,599.975
2026-09-24T18:57:00Z,2026-09-24T18:58:00Z,599.93,600.18,599.91,600.085
2026-09-24T18:58:00Z,2026-09-24T18:59:00Z,600.09,600.385,599.955,600.31
2026-09-24T18:59:00Z,2026-09-24T19:00:00Z,600.315,600.395,600.025,600.05
2026-09-24T19:00:00Z,2026-09-24T19:01:00Z,600.055,600.145,599.645,600.045
2026-09-24T19:01:00Z,2026-09-24T19:02:00Z,600.035,600.065,599.39,599.545
2026-09-24T19:02:00Z,2026-09-24T19:03:00Z,599.61,599.88,599.355,599.39
2026-09-24T19:03:00Z,2026-09-24T19:04:00Z,599.4,599.42,598.965,598.98
2026-09-24T19:04:00Z,2026-09-24T19:05:00Z,598.975,599.115,598.855,599.095
2026-09-24T19:05:00Z,2026-09-24T19:06:00Z,599.09,599.31,599.05,599.275
2026-09-24T19:06:00Z,2026-09-24T19:07:00Z,599.275,599.405,599.14,599.16
2026-09-24T19:07:00Z,2026-09-24T19:08:00Z,599.17,599.485,598.965,599.385
2026-09-24T19:08:00Z,2026-09-24T19:09:00Z,599.36,599.505,599.28,599.28
2026-09-24T19:09:00Z,2026-09-24T19:10:00Z,599.29,599.29,599.045,599.185
2026-09-24T19:10:00Z,2026-09-24T19:11:00Z,599.185,599.33,598.84,598.855
2026-09-24T19:11:00Z,2026-09-24T19:12:00Z,598.865,598.975,598.55,598.665
2026-09-24T19:12:00Z,2026-09-24T19:13:00Z,598.66,598.955,598.66,598.925
2026-09-24T19:13:00Z,2026-09-24T19:14:00Z,598.905,599.185,598.85,598.99
2026-09-24T19:14:00Z,2026-09-24T19:15:00Z,598.985,599.015,598.5,598.52
2026-09-24T19:15:00Z,2026-09-24T19:16:00Z,598.515,598.915,598.515,598.8
2026-09-24T19:16:00Z,2026-09-24T19:17:00Z,598.815,599.35,598.78,599.34
2026-09-24T19:17:00Z,2026-09-24T19:18:00Z,599.35,599.685,599.35,599.6
2026-09-24T19:18:00Z,2026-09-24T19:19:00Z,599.59,599.815,599.52,599.745
2026-09-24T19:19:00Z,2026-09-24T19:20:00Z,599.75,599.775,599.455,599.65
2026-09-24T19:20:00Z,2026-09-24T19:21:00Z,599.65,599.83,599.53,599.595
2026-09-24T19:21:00Z,2026-09-24T19:22:00Z,599.61,599.625,599.42,599.505
2026-09-24T19:22:00Z,2026-09-24T19:23:00Z,599.515,599.755,599.495,599.65
2026-09-24T19:23:00Z,2026-09-24T19:24:00Z,599.64,599.68,599.425,599.565
2026-09-24T19:24:00Z,2026-09-24T19:25:00Z,599.56,599.93,599.53,599.78
2026-09-24T19:25:00Z,2026-09-24T19:26:00Z,599.79,599.97,599.78,599.8
2026-09-24T19:26:00Z,2026-09-24T19:27:00Z,599.805,600.045,599.76,599.835
2026-09-24T19:27:00Z,2026-09-24T19:28:00Z,599.815,599.88,599.665,599.665
2026-09-24T19:28:00Z,2026-09-24T19:29:00Z,599.67,599.745,599.495,599.495
2026-09-24T19:29:00Z,2026-09-24T19:30:00Z,599.51,599.595,599.115,599.14
2026-09-24T19:30:00Z,2026-09-24T19:31:00Z,599.215,599.75,599.07,599.68
2026-09-24T19:31:00Z,2026-09-24T19:32:00Z,599.67,599.92,599.55,599.905
2026-09-24T19:32:00Z,2026-09-24T19:33:00Z,599.905,599.905,599.625,599.69
2026-09-24T19:33:00Z,2026-09-24T19:34:00Z,599.685,599.77,599.62,599.7
2026-09-24T19:34:00Z,2026-09-24T19:35:00Z,599.705,599.925,599.64,599.885
2026-09-24T19:35:00Z,2026-09-24T19:36:00Z,599.875,599.9,599.57,599.685
2026-09-24T19:36:00Z,2026-09-24T19:37:00Z,599.675,599.97,599.675,599.87
2026-09-24T19:37:00Z,2026-09-24T19:38:00Z,599.87,599.89,599.51,599.555
2026-09-24T19:38:00Z,2026-09-24T19:39:00Z,599.56,599.785,599.515,599.785
2026-09-24T19:39:00Z,2026-09-24T19:40:00Z,599.77,599.895,599.685,599.77
2026-09-24T19:40:00Z,2026-09-24T19:41:00Z,599.76,599.905,599.53,599.565
2026-09-24T19:41:00Z,2026-09-24T19:42:00Z,599.565,599.675,599.49,599.64
2026-09-24T19:42:00Z,2026-09-24T19:43:00Z,599.66,599.69,599.395,599.435
2026-09-24T19:43:00Z,2026-09-24T19:44:00Z,599.43,599.665,599.32,599.63
2026-09-24T19:44:00Z,2026-09-24T19:45:00Z,599.64,599.755,599.525,599.725
2026-09-24T19:45:00Z,2026-09-24T19:46:00Z,599.72,599.875,599.57,599.855
2026-09-24T19:46:00Z,2026-09-24T19:47:00Z,599.86,599.9,599.64,599.79
2026-09-24T19:47:00Z,2026-09-24T19:48:00Z,599.81,599.88,599.7,599.825
2026-09-24T19:48:00Z,2026-09-24T19:49:00Z,599.83,599.85,599.57,599.61
2026-09-24T19:49:00Z,2026-09-24T19:50:00Z,599.615,599.755,599.615,599.66
2026-09-24T19:50:00Z,2026-09-24T19:51:00Z,599.65,600.33,599.65,600.03
2026-09-24T19:51:00Z,2026-09-24T19:52:00Z,599.965,600.41,599.91,600.32
2026-09-24T19:52:00Z,2026-09-24T19:53:00Z,600.325,600.42,600.24,600.345
2026-09-24T19:53:00Z,2026-09-24T19:54:00Z,600.38,600.645,600.33,600.61
2026-09-24T19:54:00Z,2026-09-24T19:55:00Z,600.6,600.655,600.2,600.58
2026-09-24T19:55:00Z,2026-09-24T19:56:00Z,600.575,600.785,600.235,600.64
2026-09-24T19:56:00Z,2026-09-24T19:57:00Z,600.65,600.78,600.495,600.53
2026-09-24T19:57:00Z,2026-09-24T19:58:00Z,600.535,600.64,600.435,600.585
2026-09-24T19:58:00Z,2026-09-24T19:59:00Z,600.59,600.745,600.585,600.635
2026-09-24T19:59:00Z,2026-09-24T20:00:00Z,600.645,600.795,600.64,600.655
2026-09-25T13:30:00Z,2026-09-25T13:31:00Z,605.315,605.315,603.26,604.92
2026-09-25T13:31:00Z,2026-09-25T13:32:00Z,604.815,605.22,603.79,604.805
2026-09-25T13:32:00Z,2026-09-25T13:33:00Z,604.805,605.765,604.675,605.695
2026-09-25T13:33:00Z,2026-09-25T13:34:00Z,605.67,605.67,604.945,605.56
2026-09-25T13:34:00Z,2026-09-25T13:35:00Z,605.565,606.9,605.485,606.89
2026-09-25T13:35:00Z,2026-09-25T13:36:00Z,606.895,607.135,606.795,606.965
2026-09-25T13:36:00Z,2026-09-25T13:37:00Z,606.86,607.47,606.44,607.36
2026-09-25T13:37:00Z,2026-09-25T13:38:00Z,607.38,607.73,606.92,607.38
2026-09-25T13:38:00Z,2026-09-25T13:39:00Z,607.375,607.565,607.105,607.405
2026-09-25T13:39:00Z,2026-09-25T13:40:00Z,607.41,607.57,606.495,607.505
2026-09-25T13:40:00Z,2026-09-25T13:41:00Z,607.5,607.9,607.14,607.875
2026-09-25T13:41:00Z,2026-09-25T13:42:00Z,607.87,607.98,607.155,607.345
2026-09-25T13:42:00Z,2026-09-25T13:43:00Z,607.32,607.75,606.55,607.75
2026-09-25T13:43:00Z,2026-09-25T13:44:00Z,607.78,607.78,607.115,607.355
2026-09-25T13:44:00Z,2026-09-25T13:45:00Z,607.35,607.525,606.91,607.495
2026-09-25T13:45:00Z,2026-09-25T13:46:00Z,607.52,607.91,606.695,606.85
2026-09-25T13:46:00Z,2026-09-25T13:47:00Z,606.815,607.17,606.48,607.155
2026-09-25T13:47:00Z,2026-09-25T13:48:00Z,607.155,607.875,607.155,607.49
2026-09-25T13:48:00Z,2026-09-25T13:49:00Z,607.48,607.58,606.485,606.75
2026-09-25T13:49:00Z,2026-09-25T13:50:00Z,606.775,607.39,606.76,607.23
2026-09-25T13:50:00Z,2026-09-25T13:51:00Z,607.23,607.625,607.015,607.29
2026-09-25T13:51:00Z,2026-09-25T13:52:00Z,607.305,607.48,606.93,606.94
2026-09-25T13:52:00Z,2026-09-25T13:53:00Z,606.935,607.76,606.745,607.755
2026-09-25T13:53:00Z,2026-09-25T13:54:00Z,607.695,608.32,607.605,608.175
2026-09-25T13:54:00Z,2026-09-25T13:55:00Z,608.175,609.27,608.175,609.18
2026-09-25T13:55:00Z,2026-09-25T13:56:00Z,609.18,609.62,609.06,609.13
2026-09-25T13:56:00Z,2026-09-25T13:57:00Z,609.085,609.125,608.685,608.965
2026-09-25T13:57:00Z,2026-09-25T13:58:00Z,608.99,608.99,608.495,608.815
2026-09-25T13:58:00Z,2026-09-25T13:59:00Z,608.825,608.94,608.285,608.59
2026-09-25T13:59:00Z,2026-09-25T14:00:00Z,608.595,608.915,608.475,608.905
2026-09-25T14:00:00Z,2026-09-25T14:01:00Z,608.915,609.4,608.55,608.58
2026-09-25T14:01:00Z,2026-09-25T14:02:00Z,608.59,608.62,607.635,607.635
2026-09-25T14:02:00Z,2026-09-25T14:03:00Z,607.615,608.08,606.965,607.925
2026-09-25T14:03:00Z,2026-09-25T14:04:00Z,607.905,607.905,607.125,607.74
2026-09-25T14:04:00Z,2026-09-25T14:05:00Z,607.74,607.74,606.825,607.03
2026-09-25T14:05:00Z,2026-09-25T14:06:00Z,607.025,607.025,605.29,605.47
2026-09-25T14:06:00Z,2026-09-25T14:07:00Z,605.455,606.265,605.25,606.265
2026-09-25T14:07:00Z,2026-09-25T14:08:00Z,606.25,607.08,606.235,606.45
2026-09-25T14:08:00Z,2026-09-25T14:09:00Z,606.435,606.825,605.795,606.785
2026-09-25T14:09:00Z,2026-09-25T14:10:00Z,606.895,606.99,606.405,606.86
2026-09-25T14:10:00Z,2026-09-25T14:11:00Z,606.865,607.54,606.865,607.24
2026-09-25T14:11:00Z,2026-09-25T14:12:00Z,607.23,608.16,606.995,608.01
2026-09-25T14:12:00Z,2026-09-25T14:13:00Z,608.01,608.01,607.415,607.42
2026-09-25T14:13:00Z,2026-09-25T14:14:00Z,607.34,607.535,606.535,606.675
2026-09-25T14:14:00Z,2026-09-25T14:15:00Z,606.675,606.675,605.21,605.23
2026-09-25T14:15:00Z,2026-09-25T14:16:00Z,605.205,605.205,603.585,604.475
2026-09-25T14:16:00Z,2026-09-25T14:17:00Z,604.505,605.01,603.635,603.69
2026-09-25T14:17:00Z,2026-09-25T14:18:00Z,603.695,603.81,602.465,602.7
2026-09-25T14:18:00Z,2026-09-25T14:19:00Z,602.705,604.04,602.61,603.325
2026-09-25T14:19:00Z,2026-09-25T14:20:00Z,603.33,603.525,602.58,603.225
2026-09-25T14:20:00Z,2026-09-25T14:21:00Z,603.235,603.905,602.925,603.7
2026-09-25T14:21:00Z,2026-09-25T14:22:00Z,603.67,603.955,602.865,603.075
2026-09-25T14:22:00Z,2026-09-25T14:23:00Z,603.07,603.775,602.95,603.46
2026-09-25T14:23:00Z,2026-09-25T14:24:00Z,603.455,604.23,603.39,603.875
2026-09-25T14:24:00Z,2026-09-25T14:25:00Z,603.885,604.465,603.825,604.245
2026-09-25T14:25:00Z,2026-09-25T14:26:00Z,604.265,604.43,603.825,604.25
2026-09-25T14:26:00Z,2026-09-25T14:27:00Z,604.26,604.635,604.09,604.245
2026-09-25T14:27:00Z,2026-09-25T14:28:00Z,604.27,604.37,603.8,603.925
2026-09-25T14:28:00Z,2026-09-25T14:29:00Z,603.93,603.99,603.08,603.405
2026-09-25T14:29:00Z,2026-09-25T14:30:00Z,603.41,603.71,602.535,602.655
2026-09-25T14:30:00Z,2026-09-25T14:31:00Z,602.66,603.23,602.28,602.835
2026-09-25T14:31:00Z,2026-09-25T14:32:00Z,602.78,603.275,602.74,602.97
2026-09-25T14:32:00Z,2026-09-25T14:33:00Z,603.105,603.7,603.105,603.49
2026-09-25T14:33:00Z,2026-09-25T14:34:00Z,603.47,604.215,603.45,603.935
2026-09-25T14:34:00Z,2026-09-25T14:35:00Z,603.925,604.5,603.91,604.375
2026-09-25T14:35:00Z,2026-09-25T14:36:00Z,604.37,604.645,604.11,604.51
2026-09-25T14:36:00Z,2026-09-25T14:37:00Z,604.505,604.62,604.155,604.19
2026-09-25T14:37:00Z,2026-09-25T14:38:00Z,604.185,604.345,604.1,604.32
2026-09-25T14:38:00Z,2026-09-25T14:39:00Z,604.28,604.74,604.23,604.41
2026-09-25T14:39:00Z,2026-09-25T14:40:00Z,604.395,604.735,604.395,604.55
2026-09-25T14:40:00Z,2026-09-25T14:41:00Z,604.55,604.695,603.885,603.91
2026-09-25T14:41:00Z,2026-09-25T14:42:00Z,604,604.145,602.99,603.07
2026-09-25T14:42:00Z,2026-09-25T14:43:00Z,603.025,603.47,602.82,603.365
2026-09-25T14:43:00Z,2026-09-25T14:44:00Z,603.35,603.45,602.95,603.35
2026-09-25T14:44:00Z,2026-09-25T14:45:00Z,603.345,604.18,603.34,604.13
2026-09-25T14:45:00Z,2026-09-25T14:46:00Z,604.115,604.145,603.42,604.06
2026-09-25T14:46:00Z,2026-09-25T14:47:00Z,604.055,604.885,603.815,604.43
2026-09-25T14:47:00Z,2026-09-25T14:48:00Z,604.425,604.855,604.31,604.705
2026-09-25T14:48:00Z,2026-09-25T14:49:00Z,604.735,605.015,604.71,604.94
2026-09-25T14:49:00Z,2026-09-25T14:50:00Z,604.95,605.61,604.76,605.48
2026-09-25T14:50:00Z,2026-09-25T14:51:00Z,605.47,605.47,604.96,605.345
2026-09-25T14:51:00Z,2026-09-25T14:52:00Z,605.355,605.475,604.35,604.35
2026-09-25T14:52:00Z,2026-09-25T14:53:00Z,604.355,604.69,604.285,604.495
2026-09-25T14:53:00Z,2026-09-25T14:54:00Z,604.5,605.19,604.48,605.095
2026-09-25T14:54:00Z,2026-09-25T14:55:00Z,605.07,605.34,604.885,605.25
2026-09-25T14:55:00Z,2026-09-25T14:56:00Z,605.255,605.845,605.21,605.8
2026-09-25T14:56:00Z,2026-09-25T14:57:00Z,605.795,606.055,605.5,605.51
2026-09-25T14:57:00Z,2026-09-25T14:58:00Z,605.54,606.015,605.54,605.98
2026-09-25T14:58:00Z,2026-09-25T14:59:00Z,605.97,606.445,605.79,606.4
2026-09-25T14:59:00Z,2026-09-25T15:00:00Z,606.385,606.49,606.225,606.4
2026-09-25T15:00:00Z,2026-09-25T15:01:00Z,606.405,606.405,606,606.11
2026-09-25T15:01:00Z,2026-09-25T15:02:00Z,606.1,606.45,605.965,606.225
2026-09-25T15:02:00Z,2026-09-25T15:03:00Z,606.23,606.835,606.23,606.815
2026-09-25T15:03:00Z,2026-09-25T15:04:00Z,606.825,607.15,606.825,606.99
2026-09-25T15:04:00Z,2026-09-25T15:05:00Z,606.99,607.3,606.87,606.95
2026-09-25T15:05:00Z,2026-09-25T15:06:00Z,606.955,607.185,606.735,606.91
2026-09-25T15:06:00Z,2026-09-25T15:07:00Z,606.9,607.085,606.87,607.01
2026-09-25T15:07:00Z,2026-09-25T15:08:00Z,607.005,607.135,606.885,606.96
2026-09-25T15:08:00Z,2026-09-25T15:09:00Z,606.93,606.93,606.6,606.705
2026-09-25T15:09:00Z,2026-09-25T15:10:00Z,606.71,606.765,606.35,606.395
2026-09-25T15:10:00Z,2026-09-25T15:11:00Z,606.39,606.41,605.9,606.135
2026-09-25T15:11:00Z,2026-09-25T15:12:00Z,606.12,606.145,605.405,605.495
2026-09-25T15:12:00Z,2026-09-25T15:13:00Z,605.505,605.745,605.345,605.57
2026-09-25T15:13:00Z,2026-09-25T15:14:00Z,605.605,605.925,605.555,605.895
2026-09-25T15:14:00Z,2026-09-25T15:15:00Z,605.91,606.11,605.855,605.92
2026-09-25T15:15:00Z,2026-09-25T15:16:00Z,605.91,606.3,605.855,606.245
2026-09-25T15:16:00Z,2026-09-25T15:17:00Z,606.235,606.57,606.145,606.31
2026-09-25T15:17:00Z,2026-09-25T15:18:00Z,606.28,606.405,605.965,606.075
2026-09-25T15:18:00Z,2026-09-25T15:19:00Z,606.065,606.345,605.99,606.215
2026-09-25T15:19:00Z,2026-09-25T15:20:00Z,606.205,606.23,605.72,605.965
2026-09-25T15:20:00Z,2026-09-25T15:21:00Z,605.975,606.12,605.67,606.055
2026-09-25T15:21:00Z,2026-09-25T15:22:00Z,606.085,606.505,605.855,606.14
2026-09-25T15:22:00Z,2026-09-25T15:23:00Z,606.145,606.155,605.95,606.05
2026-09-25T15:23:00Z,2026-09-25T15:24:00Z,606.055,606.32,606,606.17
2026-09-25T15:24:00Z,2026-09-25T15:25:00Z,606.14,606.16,605.685,605.745
2026-09-25T15:25:00Z,2026-09-25T15:26:00Z,605.755,605.845,605.56,605.565
2026-09-25T15:26:00Z,2026-09-25T15:27:00Z,605.56,605.56,605.145,605.445
2026-09-25T15:27:00Z,2026-09-25T15:28:00Z,605.445,605.445,604.96,605.115
2026-09-25T15:28:00Z,2026-09-25T15:29:00Z,605.06,605.3,605.015,605.145
2026-09-25T15:29:00Z,2026-09-25T15:30:00Z,605.175,605.605,605.065,605.245
2026-09-25T15:30:00Z,2026-09-25T15:31:00Z,605.27,606.19,605.09,605.91
2026-09-25T15:31:00Z,2026-09-25T15:32:00Z,605.9,606.21,605.725,606.21
2026-09-25T15:32:00Z,2026-09-25T15:33:00Z,606.185,606.42,606.07,606.2
2026-09-25T15:33:00Z,2026-09-25T15:34:00Z,606.205,606.22,605.72,605.75
2026-09-25T15:34:00Z,2026-09-25T15:35:00Z,605.75,605.91,604.78,604.87
2026-09-25T15:35:00Z,2026-09-25T15:36:00Z,604.85,605.14,604.59,604.79
2026-09-25T15:36:00Z,2026-09-25T15:37:00Z,604.785,604.855,603.795,603.845
2026-09-25T15:37:00Z,2026-09-25T15:38:00Z,603.855,603.95,603.31,603.585
2026-09-25T15:38:00Z,2026-09-25T15:39:00Z,603.595,603.73,603.125,603.22
2026-09-25T15:39:00Z,2026-09-25T15:40:00Z,603.21,603.64,603.045,603.495
2026-09-25T15:40:00Z,2026-09-25T15:41:00Z,603.5,603.915,603.235,603.905
2026-09-25T15:41:00Z,2026-09-25T15:42:00Z,603.96,604.08,603.805,603.97
2026-09-25T15:42:00Z,2026-09-25T15:43:00Z,604.075,604.175,603.47,603.79
2026-09-25T15:43:00Z,2026-09-25T15:44:00Z,603.785,603.885,603.54,603.61
2026-09-25T15:44:00Z,2026-09-25T15:45:00Z,603.635,603.67,603.13,603.19
2026-09-25T15:45:00Z,2026-09-25T15:46:00Z,603.185,603.43,602.91,603.295
2026-09-25T15:46:00Z,2026-09-25T15:47:00Z,603.28,603.79,602.95,603.78
2026-09-25T15:47:00Z,2026-09-25T15:48:00Z,603.78,604.055,603.74,603.985
2026-09-25T15:48:00Z,2026-09-25T15:49:00Z,603.98,604.275,603.84,604.1
2026-09-25T15:49:00Z,2026-09-25T15:50:00Z,604.11,604.48,604.11,604.415
2026-09-25T15:50:00Z,2026-09-25T15:51:00Z,604.42,604.57,604.16,604.25
2026-09-25T15:51:00Z,2026-09-25T15:52:00Z,604.235,604.235,603.3,603.465
2026-09-25T15:52:00Z,2026-09-25T15:53:00Z,603.455,603.7,603.155,603.39
2026-09-25T15:53:00Z,2026-09-25T15:54:00Z,603.4,603.61,603.365,603.41
2026-09-25T15:54:00Z,2026-09-25T15:55:00Z,603.385,604.56,603.27,604.38
2026-09-25T15:55:00Z,2026-09-25T15:56:00Z,604.39,604.745,604.3,604.435
2026-09-25T15:56:00Z,2026-09-25T15:57:00Z,604.445,604.715,604.28,604.68
2026-09-25T15:57:00Z,2026-09-25T15:58:00Z,604.69,605.12,604.69,605.085
2026-09-25T15:58:00Z,2026-09-25T15:59:00Z,605.155,605.935,605.035,605.75
2026-09-25T15:59:00Z,2026-09-25T16:00:00Z,605.74,606.435,605.705,606.305
2026-09-25T16:00:00Z,2026-09-25T16:01:00Z,606.315,606.945,606.005,606.915
2026-09-25T16:01:00Z,2026-09-25T16:02:00Z,606.92,607.045,606.67,606.715
2026-09-25T16:02:00Z,2026-09-25T16:03:00Z,606.75,607.5,606.725,607.5
2026-09-25T16:03:00Z,2026-09-25T16:04:00Z,607.495,607.945,607.32,607.935
2026-09-25T16:04:00Z,2026-09-25T16:05:00Z,607.94,608.16,607.755,608.135
2026-09-25T16:05:00Z,2026-09-25T16:06:00Z,608.13,608.575,607.675,608.405
2026-09-25T16:06:00Z,2026-09-25T16:07:00Z,608.395,608.685,608.19,608.385
2026-09-25T16:07:00Z,2026-09-25T16:08:00Z,608.4,608.66,608.355,608.465
2026-09-25T16:08:00Z,2026-09-25T16:09:00Z,608.465,608.66,608.295,608.375
2026-09-25T16:09:00Z,2026-09-25T16:10:00Z,608.375,609.015,608.095,608.995
2026-09-25T16:10:00Z,2026-09-25T16:11:00Z,609.02,609.54,608.865,609.325
2026-09-25T16:11:00Z,2026-09-25T16:12:00Z,609.305,609.32,608.395,608.66
2026-09-25T16:12:00Z,2026-09-25T16:13:00Z,608.65,608.81,608.475,608.6
2026-09-25T16:13:00Z,2026-09-25T16:14:00Z,608.585,608.755,608.47,608.685
2026-09-25T16:14:00Z,2026-09-25T16:15:00Z,608.7,608.755,607.96,608.33
2026-09-25T16:15:00Z,2026-09-25T16:16:00Z,608.32,608.95,608.18,608.95
2026-09-25T16:16:00Z,2026-09-25T16:17:00Z,608.95,609.25,608.725,609.175
2026-09-25T16:17:00Z,2026-09-25T16:18:00Z,609.155,609.33,608.485,608.495
2026-09-25T16:18:00Z,2026-09-25T16:19:00Z,608.505,608.545,607.715,607.845
2026-09-25T16:19:00Z,2026-09-25T16:20:00Z,607.84,608.025,607.71,608.005
2026-09-25T16:20:00Z,2026-09-25T16:21:00Z,607.98,608.045,607.485,607.56
2026-09-25T16:21:00Z,2026-09-25T16:22:00Z,607.575,607.745,607.13,607.63
2026-09-25T16:22:00Z,2026-09-25T16:23:00Z,607.615,607.63,607.07,607.31
2026-09-25T16:23:00Z,2026-09-25T16:24:00Z,607.32,607.325,606.62,606.91
2026-09-25T16:24:00Z,2026-09-25T16:25:00Z,606.9,607.29,606.895,607.23
2026-09-25T16:25:00Z,2026-09-25T16:26:00Z,607.205,607.775,607.105,607.52
2026-09-25T16:26:00Z,2026-09-25T16:27:00Z,607.53,608.435,607.38,608.4
2026-09-25T16:27:00Z,2026-09-25T16:28:00Z,608.39,608.535,608.275,608.37
2026-09-25T16:28:00Z,2026-09-25T16:29:00Z,608.375,608.4,608.16,608.27
2026-09-25T16:29:00Z,2026-09-25T16:30:00Z,608.255,608.59,608.255,608.485
2026-09-25T16:30:00Z,2026-09-25T16:31:00Z,608.5,608.525,608.045,608.33
2026-09-25T16:31:00Z,2026-09-25T16:32:00Z,608.4,608.55,608.265,608.52
2026-09-25T16:32:00Z,2026-09-25T16:33:00Z,608.525,608.685,608.31,608.315
2026-09-25T16:33:00Z,2026-09-25T16:34:00Z,608.315,608.62,608.245,608.58
2026-09-25T16:34:00Z,2026-09-25T16:35:00Z,608.59,608.605,607.195,607.63
2026-09-25T16:35:00Z,2026-09-25T16:36:00Z,607.64,608.025,607.63,607.97
2026-09-25T16:36:00Z,2026-09-25T16:37:00Z,607.965,608.195,607.615,608.18
2026-09-25T16:37:00Z,2026-09-25T16:38:00Z,608.185,608.805,608.18,608.445
2026-09-25T16:38:00Z,2026-09-25T16:39:00Z,608.43,608.43,607.84,608.305
2026-09-25T16:39:00Z,2026-09-25T16:40:00Z,608.3,608.38,608.03,608.08
2026-09-25T16:40:00Z,2026-09-25T16:41:00Z,608.08,608.12,607.86,607.885
2026-09-25T16:41:00Z,2026-09-25T16:42:00Z,607.885,608.075,607.865,607.965
2026-09-25T16:42:00Z,2026-09-25T16:43:00Z,608,608.395,607.8,607.895
2026-09-25T16:43:00Z,2026-09-25T16:44:00Z,607.91,608.425,607.9,608.365
2026-09-25T16:44:00Z,2026-09-25T16:45:00Z,608.375,608.585,608.23,608.28
2026-09-25T16:45:00Z,2026-09-25T16:46:00Z,608.285,608.405,607.9,608.405
2026-09-25T16:46:00Z,2026-09-25T16:47:00Z,608.41,608.53,608.25,608.265
2026-09-25T16:47:00Z,2026-09-25T16:48:00Z,608.265,608.265,608,608.045
2026-09-25T16:48:00Z,2026-09-25T16:49:00Z,608.04,608.095,607.685,607.75
2026-09-25T16:49:00Z,2026-09-25T16:50:00Z,607.74,607.91,607.365,607.835
2026-09-25T16:50:00Z,2026-09-25T16:51:00Z,607.825,608.175,607.8,607.925
2026-09-25T16:51:00Z,2026-09-25T16:52:00Z,607.92,607.94,607.73,607.9
2026-09-25T16:52:00Z,2026-09-25T16:53:00Z,607.905,608.015,607.745,608.005
2026-09-25T16:53:00Z,2026-09-25T16:54:00Z,608,608.03,607.645,607.665
2026-09-25T16:54:00Z,2026-09-25T16:55:00Z,607.68,607.78,607.525,607.735
2026-09-25T16:55:00Z,2026-09-25T16:56:00Z,607.725,607.855,607.61,607.695
2026-09-25T16:56:00Z,2026-09-25T16:57:00Z,607.69,607.905,607.53,607.585
2026-09-25T16:57:00Z,2026-09-25T16:58:00Z,607.58,607.58,607.145,607.15
2026-09-25T16:58:00Z,2026-09-25T16:59:00Z,607.16,607.28,607.075,607.205
2026-09-25T16:59:00Z,2026-09-25T17:00:00Z,607.195,607.485,606.835,607.245
2026-09-25T17:00:00Z,2026-09-25T17:01:00Z,607.245,607.245,607.19,607.24
2026-09-25T17:01:00Z,2026-09-25T17:02:00Z,607.24,608.065,607.24,608.025
2026-09-25T17:02:00Z,2026-09-25T17:03:00Z,608.025,608.21,607.925,608.115
2026-09-25T17:03:00Z,2026-09-25T17:04:00Z,608.11,608.325,608.005,608.005
2026-09-25T17:04:00Z,2026-09-25T17:05:00Z,608,608.13,607.9,607.99
2026-09-25T17:05:00Z,2026-09-25T17:06:00Z,607.99,608.135,607.945,608.055
2026-09-25T17:06:00Z,2026-09-25T17:07:00Z,608.055,608.215,607.98,608.065
2026-09-25T17:07:00Z,2026-09-25T17:08:00Z,608.06,608.185,607.99,608.135
2026-09-25T17:08:00Z,2026-09-25T17:09:00Z,608.15,608.15,607.845,608.05
2026-09-25T17:09:00Z,2026-09-25T17:10:00Z,608.05,608.45,608.05,608.425
2026-09-25T17:10:00Z,2026-09-25T17:11:00Z,608.42,608.42,608.2,608.275
2026-09-25T17:11:00Z,2026-09-25T17:12:00Z,608.27,608.38,607.945,607.945
2026-09-25T17:12:00Z,2026-09-25T17:13:00Z,607.985,608.27,607.835,608.27
2026-09-25T17:13:00Z,2026-09-25T17:14:00Z,608.265,608.525,608.165,608.34
2026-09-25T17:14:00Z,2026-09-25T17:15:00Z,608.35,608.65,608.28,608.62
2026-09-25T17:15:00Z,2026-09-25T17:16:00Z,608.625,608.64,608.425,608.535
2026-09-25T17:16:00Z,2026-09-25T17:17:00Z,608.54,608.56,608.4,608.415
2026-09-25T17:17:00Z,2026-09-25T17:18:00Z,608.41,608.745,608.41,608.52
2026-09-25T17:18:00Z,2026-09-25T17:19:00Z,608.54,608.56,608.11,608.24
2026-09-25T17:19:00Z,2026-09-25T17:20:00Z,608.235,608.25,608.085,608.155
2026-09-25T17:20:00Z,2026-09-25T17:21:00Z,608.17,608.26,608.04,608.205
2026-09-25T17:21:00Z,2026-09-25T17:22:00Z,608.22,608.26,608.065,608.16
2026-09-25T17:22:00Z,2026-09-25T17:23:00Z,608.16,608.255,608.075,608.09
2026-09-25T17:23:00Z,2026-09-25T17:24:00Z,608.125,608.235,608.025,608.095
2026-09-25T17:24:00Z,2026-09-25T17:25:00Z,608.12,608.19,608.045,608.135
2026-09-25T17:25:00Z,2026-09-25T17:26:00Z,608.13,608.165,608.045,608.06
2026-09-25T17:26:00Z,2026-09-25T17:27:00Z,608.08,608.155,607.855,607.875
2026-09-25T17:27:00Z,2026-09-25T17:28:00Z,607.865,607.865,607.685,607.72
2026-09-25T17:28:00Z,2026-09-25T17:29:00Z,607.71,607.87,607.71,607.85
2026-09-25T17:29:00Z,2026-09-25T17:30:00Z,607.845,607.86,607.675,607.77
2026-09-25T17:30:00Z,2026-09-25T17:31:00Z,607.795,607.865,607.7,607.82
2026-09-25T17:31:00Z,2026-09-25T17:32:00Z,607.82,607.82,607.5,607.5
2026-09-25T17:32:00Z,2026-09-25T17:33:00Z,607.505,607.715,607.465,607.555
2026-09-25T17:33:00Z,2026-09-25T17:34:00Z,607.555,607.78,607.495,607.55
2026-09-25T17:34:00Z,2026-09-25T17:35:00Z,607.555,607.6,607.035,607.205
2026-09-25T17:35:00Z,2026-09-25T17:36:00Z,607.215,607.245,607.08,607.2
2026-09-25T17:36:00Z,2026-09-25T17:37:00Z,607.195,607.33,607.035,607.07
2026-09-25T17:37:00Z,2026-09-25T17:38:00Z,607.075,607.08,606.72,606.955
2026-09-25T17:38:00Z,2026-09-25T17:39:00Z,606.95,607.305,606.91,607.28
2026-09-25T17:39:00Z,2026-09-25T17:40:00Z,607.275,607.68,607.17,607.41
2026-09-25T17:40:00Z,2026-09-25T17:41:00Z,607.435,607.665,607.28,607.48
2026-09-25T17:41:00Z,2026-09-25T17:42:00Z,607.49,607.72,607.43,607.65
2026-09-25T17:42:00Z,2026-09-25T17:43:00Z,607.64,607.88,607.61,607.81
2026-09-25T17:43:00Z,2026-09-25T17:44:00Z,607.8,607.81,607.605,607.67
2026-09-25T17:44:00Z,2026-09-25T17:45:00Z,607.67,607.845,607.635,607.715
2026-09-25T17:45:00Z,2026-09-25T17:46:00Z,607.695,607.79,607.575,607.7
2026-09-25T17:46:00Z,2026-09-25T17:47:00Z,607.705,607.765,607.58,607.61
2026-09-25T17:47:00Z,2026-09-25T17:48:00Z,607.61,607.645,607.495,607.585
2026-09-25T17:48:00Z,2026-09-25T17:49:00Z,607.625,607.63,607.515,607.585
2026-09-25T17:49:00Z,2026-09-25T17:50:00Z,607.59,607.895,607.59,607.815
2026-09-25T17:50:00Z,2026-09-25T17:51:00Z,607.815,607.84,607.7,607.75
2026-09-25T17:51:00Z,2026-09-25T17:52:00Z,607.74,607.85,607.58,607.66
2026-09-25T17:52:00Z,2026-09-25T17:53:00Z,607.655,607.66,607.15,607.16
2026-09-25T17:53:00Z,2026-09-25T17:54:00Z,607.155,607.31,607.08,607.305
2026-09-25T17:54:00Z,2026-09-25T17:55:00Z,607.3,607.32,607.045,607.21
2026-09-25T17:55:00Z,2026-09-25T17:56:00Z,607.285,607.38,607.225,607.355
2026-09-25T17:56:00Z,2026-09-25T17:57:00Z,607.36,607.52,607.32,607.445
2026-09-25T17:57:00Z,2026-09-25T17:58:00Z,607.455,607.505,607.38,607.42
2026-09-25T17:58:00Z,2026-09-25T17:59:00Z,607.42,607.635,607.42,607.49
2026-09-25T17:59:00Z,2026-09-25T18:00:00Z,607.485,607.57,607.36,607.48
2026-09-25T18:00:00Z,2026-09-25T18:01:00Z,607.485,607.565,607.405,607.5
2026-09-25T18:01:00Z,2026-09-25T18:02:00Z,607.51,607.565,607.425,607.49
2026-09-25T18:02:00Z,2026-09-25T18:03:00Z,607.5,607.53,607.255,607.3
2026-09-25T18:03:00Z,2026-09-25T18:04:00Z,607.355,607.58,607.285,607.485
2026-09-25T18:04:00Z,2026-09-25T18:05:00Z,607.48,607.505,607.23,607.26
2026-09-25T18:05:00Z,2026-09-25T18:06:00Z,607.24,607.51,607.24,607.41
2026-09-25T18:06:00Z,2026-09-25T18:07:00Z,607.415,607.46,607.19,607.26
2026-09-25T18:07:00Z,2026-09-25T18:08:00Z,607.27,607.345,607.11,607.225
2026-09-25T18:08:00Z,2026-09-25T18:09:00Z,607.215,607.515,607.135,607.5
2026-09-25T18:09:00Z,2026-09-25T18:10:00Z,607.505,607.655,607.49,607.6
2026-09-25T18:10:00Z,2026-09-25T18:11:00Z,607.595,607.63,607.49,607.505
2026-09-25T18:11:00Z,2026-09-25T18:12:00Z,607.51,607.56,607.425,607.47
2026-09-25T18:12:00Z,2026-09-25T18:13:00Z,607.475,607.72,607.37,607.68
2026-09-25T18:13:00Z,2026-09-25T18:14:00Z,607.675,607.925,607.67,607.92
2026-09-25T18:14:00Z,2026-09-25T18:15:00Z,607.905,608.07,607.865,608.03
2026-09-25T18:15:00Z,2026-09-25T18:16:00Z,608.04,608.065,607.9,607.96
2026-09-25T18:16:00Z,2026-09-25T18:17:00Z,607.975,608.105,607.885,607.98
2026-09-25T18:17:00Z,2026-09-25T18:18:00Z,607.99,607.99,607.835,607.91
2026-09-25T18:18:00Z,2026-09-25T18:19:00Z,607.905,607.995,607.69,607.725
2026-09-25T18:19:00Z,2026-09-25T18:20:00Z,607.735,607.735,607.59,607.735
2026-09-25T18:20:00Z,2026-09-25T18:21:00Z,607.725,607.895,607.71,607.75
2026-09-25T18:21:00Z,2026-09-25T18:22:00Z,607.755,607.755,607.635,607.68
2026-09-25T18:22:00Z,2026-09-25T18:23:00Z,607.725,607.95,607.675,607.775
2026-09-25T18:23:00Z,2026-09-25T18:24:00Z,607.77,608.055,607.755,608.01
2026-09-25T18:24:00Z,2026-09-25T18:25:00Z,608.015,608.085,608.01,608.035
2026-09-25T18:25:00Z,2026-09-25T18:26:00Z,608.04,608.055,607.92,607.95
2026-09-25T18:26:00Z,2026-09-25T18:27:00Z,607.945,607.955,607.175,607.315
2026-09-25T18:27:00Z,2026-09-25T18:28:00Z,607.31,607.32,606.685,606.73
2026-09-25T18:28:00Z,2026-09-25T18:29:00Z,606.725,607.075,606.625,607.04
2026-09-25T18:29:00Z,2026-09-25T18:30:00Z,607.035,607.285,606.91,607.11
2026-09-25T18:30:00Z,2026-09-25T18:31:00Z,607.14,607.465,607.13,607.305
2026-09-25T18:31:00Z,2026-09-25T18:32:00Z,607.31,607.49,607.255,607.325
2026-09-25T18:32:00Z,2026-09-25T18:33:00Z,607.335,607.335,607.06,607.13
2026-09-25T18:33:00Z,2026-09-25T18:34:00Z,607.155,607.295,607.13,607.175
2026-09-25T18:34:00Z,2026-09-25T18:35:00Z,607.21,607.23,607.05,607.19
2026-09-25T18:35:00Z,2026-09-25T18:36:00Z,607.19,607.36,607.05,607.28
2026-09-25T18:36:00Z,2026-09-25T18:37:00Z,607.3,607.345,607.245,607.31
2026-09-25T18:37:00Z,2026-09-25T18:38:00Z,607.31,607.31,606.72,606.775
2026-09-25T18:38:00Z,2026-09-25T18:39:00Z,606.765,606.8,606.6,606.79
2026-09-25T18:39:00Z,2026-09-25T18:40:00Z,606.795,606.825,606.415,606.42
2026-09-25T18:40:00Z,2026-09-25T18:41:00Z,606.455,606.61,606.26,606.55
2026-09-25T18:41:00Z,2026-09-25T18:42:00Z,606.555,606.71,606.46,606.61
2026-09-25T18:42:00Z,2026-09-25T18:43:00Z,606.595,606.815,606.595,606.81
2026-09-25T18:43:00Z,2026-09-25T18:44:00Z,606.805,606.81,606.71,606.81
2026-09-25T18:44:00Z,2026-09-25T18:45:00Z,606.79,606.91,606.765,606.9
2026-09-25T18:45:00Z,2026-09-25T18:46:00Z,606.905,607.005,606.865,606.905
2026-09-25T18:46:00Z,2026-09-25T18:47:00Z,606.9,606.995,606.7,606.72
2026-09-25T18:47:00Z,2026-09-25T18:48:00Z,606.69,606.705,606.505,606.57
2026-09-25T18:48:00Z,2026-09-25T18:49:00Z,606.555,606.75,606.48,606.705
2026-09-25T18:49:00Z,2026-09-25T18:50:00Z,606.71,606.84,606.7,606.72
2026-09-25T18:50:00Z,2026-09-25T18:51:00Z,606.725,606.735,606.535,606.605
2026-09-25T18:51:00Z,2026-09-25T18:52:00Z,606.605,606.645,606.355,606.515
2026-09-25T18:52:00Z,2026-09-25T18:53:00Z,606.5,606.61,606.415,606.61
2026-09-25T18:53:00Z,2026-09-25T18:54:00Z,606.64,606.655,606.475,606.58
2026-09-25T18:54:00Z,2026-09-25T18:55:00Z,606.59,606.6,606.21,606.26
2026-09-25T18:55:00Z,2026-09-25T18:56:00Z,606.27,606.465,606.27,606.405
2026-09-25T18:56:00Z,2026-09-25T18:57:00Z,606.41,606.46,606.335,606.405
2026-09-25T18:57:00Z,2026-09-25T18:58:00Z,606.41,606.45,606.33,606.365
2026-09-25T18:58:00Z,2026-09-25T18:59:00Z,606.355,606.465,606.27,606.425
2026-09-25T18:59:00Z,2026-09-25T19:00:00Z,606.42,606.44,606.045,606.075
2026-09-25T19:00:00Z,2026-09-25T19:01:00Z,606.08,606.295,606.055,606.125
2026-09-25T19:01:00Z,2026-09-25T19:02:00Z,606.115,606.385,605.935,605.935
2026-09-25T19:02:00Z,2026-09-25T19:03:00Z,605.95,606.01,605.74,605.79
2026-09-25T19:03:00Z,2026-09-25T19:04:00Z,605.795,606.225,605.675,606.225
2026-09-25T19:04:00Z,2026-09-25T19:05:00Z,606.23,606.645,606.23,606.54
2026-09-25T19:05:00Z,2026-09-25T19:06:00Z,606.54,606.835,606.51,606.755
2026-09-25T19:06:00Z,2026-09-25T19:07:00Z,606.76,606.965,606.555,606.625
2026-09-25T19:07:00Z,2026-09-25T19:08:00Z,606.63,606.85,606.58,606.785
2026-09-25T19:08:00Z,2026-09-25T19:09:00Z,606.805,606.83,606.675,606.815
2026-09-25T19:09:00Z,2026-09-25T19:10:00Z,606.81,606.81,606.56,606.7
2026-09-25T19:10:00Z,2026-09-25T19:11:00Z,606.695,606.855,606.655,606.76
2026-09-25T19:11:00Z,2026-09-25T19:12:00Z,606.75,606.785,606.58,606.7
2026-09-25T19:12:00Z,2026-09-25T19:13:00Z,606.71,606.845,606.66,606.835
2026-09-25T19:13:00Z,2026-09-25T19:14:00Z,606.84,606.875,606.7,606.86
2026-09-25T19:14:00Z,2026-09-25T19:15:00Z,606.85,607.155,606.835,607.11
2026-09-25T19:15:00Z,2026-09-25T19:16:00Z,607.12,607.205,606.985,607.06
2026-09-25T19:16:00Z,2026-09-25T19:17:00Z,607.065,607.12,606.905,606.985
2026-09-25T19:17:00Z,2026-09-25T19:18:00Z,607.025,607.06,606.94,607.01
2026-09-25T19:18:00Z,2026-09-25T19:19:00Z,607,607.065,606.94,607.03
2026-09-25T19:19:00Z,2026-09-25T19:20:00Z,607.025,607.03,606.745,606.745
2026-09-25T19:20:00Z,2026-09-25T19:21:00Z,606.75,606.875,606.675,606.695
2026-09-25T19:21:00Z,2026-09-25T19:22:00Z,606.685,606.79,606.615,606.74
2026-09-25T19:22:00Z,2026-09-25T19:23:00Z,606.745,606.79,606.55,606.62
2026-09-25T19:23:00Z,2026-09-25T19:24:00Z,606.61,606.635,606.495,606.62
2026-09-25T19:24:00Z,2026-09-25T19:25:00Z,606.61,606.96,606.61,606.8
2026-09-25T19:25:00Z,2026-09-25T19:26:00Z,606.78,606.9,606.69,606.8
2026-09-25T19:26:00Z,2026-09-25T19:27:00Z,606.815,606.83,606.41,606.665
2026-09-25T19:27:00Z,2026-09-25T19:28:00Z,606.655,606.74,606.53,606.715
2026-09-25T19:28:00Z,2026-09-25T19:29:00Z,606.71,606.795,606.55,606.635
2026-09-25T19:29:00Z,2026-09-25T19:30:00Z,606.625,606.82,606.545,606.73
2026-09-25T19:30:00Z,2026-09-25T19:31:00Z,606.74,606.74,606.01,606.14
2026-09-25T19:31:00Z,2026-09-25T19:32:00Z,606.13,606.28,606.06,606.265
2026-09-25T19:32:00Z,2026-09-25T19:33:00Z,606.275,606.435,606.115,606.22
2026-09-25T19:33:00Z,2026-09-25T19:34:00Z,606.215,606.37,606.155,606.345
2026-09-25T19:34:00Z,2026-09-25T19:35:00Z,606.34,606.4,605.795,605.795
2026-09-25T19:35:00Z,2026-09-25T19:36:00Z,605.8,605.935,605.55,605.645
2026-09-25T19:36:00Z,2026-09-25T19:37:00Z,605.655,605.845,605.45,605.825
2026-09-25T19:37:00Z,2026-09-25T19:38:00Z,605.815,606.345,605.77,606.26
2026-09-25T19:38:00Z,2026-09-25T19:39:00Z,606.265,606.45,606.195,606.32
2026-09-25T19:39:00Z,2026-09-25T19:40:00Z,606.325,606.52,606.24,606.385
2026-09-25T19:40:00Z,2026-09-25T19:41:00Z,606.39,606.405,606.13,606.305
2026-09-25T19:41:00Z,2026-09-25T19:42:00Z,606.3,606.425,606.165,606.17
2026-09-25T19:42:00Z,2026-09-25T19:43:00Z,606.175,606.445,606.175,606.425
2026-09-25T19:43:00Z,2026-09-25T19:44:00Z,606.435,606.85,606.425,606.79
2026-09-25T19:44:00Z,2026-09-25T19:45:00Z,606.805,606.83,606.535,606.695
2026-09-25T19:45:00Z,2026-09-25T19:46:00Z,606.705,607.245,606.705,607.155
2026-09-25T19:46:00Z,2026-09-25T19:47:00Z,607.16,607.275,607.03,607.175
2026-09-25T19:47:00Z,2026-09-25T19:48:00Z,607.165,607.215,607,607.195
2026-09-25T19:48:00Z,2026-09-25T19:49:00Z,607.19,607.33,606.99,607.25
2026-09-25T19:49:00Z,2026-09-25T19:50:00Z,607.265,607.485,607.205,607.38
2026-09-25T19:50:00Z,2026-09-25T19:51:00Z,607.36,607.63,607.29,607.62
2026-09-25T19:51:00Z,2026-09-25T19:52:00Z,607.615,607.855,607.365,607.525
2026-09-25T19:52:00Z,2026-09-25T19:53:00Z,607.535,607.985,607.535,607.725
2026-09-25T19:53:00Z,2026-09-25T19:54:00Z,607.73,608.01,607.675,607.675
2026-09-25T19:54:00Z,2026-09-25T19:55:00Z,607.68,607.755,607.21,607.46
2026-09-25T19:55:00Z,2026-09-25T19:56:00Z,607.445,607.685,607.18,607.26
2026-09-25T19:56:00Z,2026-09-25T19:57:00Z,607.255,607.265,606.57,606.77
2026-09-25T19:57:00Z,2026-09-25T19:58:00Z,606.765,607.395,606.765,607.385
2026-09-25T19:58:00Z,2026-09-25T19:59:00Z,607.375,607.47,607.145,607.3
2026-09-25T19:59:00Z,2026-09-25T20:00:00Z,607.295,607.3,606.44,606.63
2026-09-28T13:30:00Z,2026-09-28T13:31:00Z,605.155,605.835,604.29,604.495
2026-09-28T13:31:00Z,2026-09-28T13:32:00Z,604.495,607.21,604.42,607.11
2026-09-28T13:32:00Z,2026-09-28T13:33:00Z,607.175,607.955,606.88,607.575
2026-09-28T13:33:00Z,2026-09-28T13:34:00Z,607.585,607.585,606.39,607.03
2026-09-28T13:34:00Z,2026-09-28T13:35:00Z,606.97,607.05,604.94,605.045
2026-09-28T13:35:00Z,2026-09-28T13:36:00Z,605.035,605.055,603.56,603.755
2026-09-28T13:36:00Z,2026-09-28T13:37:00Z,603.75,604.955,603.42,604.885
2026-09-28T13:37:00Z,2026-09-28T13:38:00Z,604.885,604.93,603.875,603.915
2026-09-28T13:38:00Z,2026-09-28T13:39:00Z,603.92,603.92,602.62,603.01
2026-09-28T13:39:00Z,2026-09-28T13:40:00Z,603.015,603.82,602.925,603.27
2026-09-28T13:40:00Z,2026-09-28T13:41:00Z,603.245,603.63,602.805,603.2
2026-09-28T13:41:00Z,2026-09-28T13:42:00Z,603.25,603.755,602.32,602.33
2026-09-28T13:42:00Z,2026-09-28T13:43:00Z,602.375,603.555,602.375,603.09
2026-09-28T13:43:00Z,2026-09-28T13:44:00Z,603.145,603.525,602.645,603.375
2026-09-28T13:44:00Z,2026-09-28T13:45:00Z,603.37,603.37,601.36,601.57
2026-09-28T13:45:00Z,2026-09-28T13:46:00Z,601.575,602.205,601.19,601.545
2026-09-28T13:46:00Z,2026-09-28T13:47:00Z,601.49,601.61,600.92,601.44
2026-09-28T13:47:00Z,2026-09-28T13:48:00Z,601.445,602.1,601.43,601.58
2026-09-28T13:48:00Z,2026-09-28T13:49:00Z,601.575,602.165,601.34,601.96
2026-09-28T13:49:00Z,2026-09-28T13:50:00Z,601.8,602.625,601.8,602.18
2026-09-28T13:50:00Z,2026-09-28T13:51:00Z,602.175,602.365,601.37,601.405
2026-09-28T13:51:00Z,2026-09-28T13:52:00Z,601.39,601.39,600.14,600.35
2026-09-28T13:52:00Z,2026-09-28T13:53:00Z,600.345,600.395,599.93,600.385
2026-09-28T13:53:00Z,2026-09-28T13:54:00Z,600.39,601.605,600.385,601.465
2026-09-28T13:54:00Z,2026-09-28T13:55:00Z,601.48,602.47,601.44,602.24
2026-09-28T13:55:00Z,2026-09-28T13:56:00Z,602.235,602.825,601.84,602.035
2026-09-28T13:56:00Z,2026-09-28T13:57:00Z,602.04,602.05,601.435,601.635
2026-09-28T13:57:00Z,2026-09-28T13:58:00Z,601.605,602.525,601.585,602.475
2026-09-28T13:58:00Z,2026-09-28T13:59:00Z,602.5,602.9,602.245,602.525
2026-09-28T13:59:00Z,2026-09-28T14:00:00Z,602.515,602.55,601.83,602.225
2026-09-28T14:00:00Z,2026-09-28T14:01:00Z,602.245,602.57,601.71,602.56
2026-09-28T14:01:00Z,2026-09-28T14:02:00Z,602.555,602.555,601.255,601.64
2026-09-28T14:02:00Z,2026-09-28T14:03:00Z,601.62,601.7,601.185,601.365
2026-09-28T14:03:00Z,2026-09-28T14:04:00Z,601.39,601.64,601.13,601.295
2026-09-28T14:04:00Z,2026-09-28T14:05:00Z,601.26,601.285,600.435,600.51
2026-09-28T14:05:00Z,2026-09-28T14:06:00Z,600.53,600.6,599.76,599.815
2026-09-28T14:06:00Z,2026-09-28T14:07:00Z,599.84,600.2,599.58,600.16
2026-09-28T14:07:00Z,2026-09-28T14:08:00Z,600.17,600.525,600.065,600.225
2026-09-28T14:08:00Z,2026-09-28T14:09:00Z,600.225,600.265,599.58,599.625
2026-09-28T14:09:00Z,2026-09-28T14:10:00Z,599.655,600.345,599.65,599.785
2026-09-28T14:10:00Z,2026-09-28T14:11:00Z,599.78,599.78,598.59,598.645
2026-09-28T14:11:00Z,2026-09-28T14:12:00Z,598.64,598.775,598.065,598.115
2026-09-28T14:12:00Z,2026-09-28T14:13:00Z,598.05,598.06,597.11,597.35
2026-09-28T14:13:00Z,2026-09-28T14:14:00Z,597.345,597.855,597.095,597.53
2026-09-28T14:14:00Z,2026-09-28T14:15:00Z,597.535,597.535,596.825,597.12
2026-09-28T14:15:00Z,2026-09-28T14:16:00Z,597.125,598.36,597.105,597.945
2026-09-28T14:16:00Z,2026-09-28T14:17:00Z,597.955,598.73,597.86,598.665
2026-09-28T14:17:00Z,2026-09-28T14:18:00Z,598.725,598.845,598.36,598.845
2026-09-28T14:18:00Z,2026-09-28T14:19:00Z,598.825,599.155,598.76,598.91
2026-09-28T14:19:00Z,2026-09-28T14:20:00Z,598.93,599.46,598.93,599.19
2026-09-28T14:20:00Z,2026-09-28T14:21:00Z,599.185,599.79,598.56,599.66
2026-09-28T14:21:00Z,2026-09-28T14:22:00Z,599.655,599.86,599.05,599.22
2026-09-28T14:22:00Z,2026-09-28T14:23:00Z,599.24,600.295,599.24,600.295
2026-09-28T14:23:00Z,2026-09-28T14:24:00Z,600.29,600.295,599.71,599.855
2026-09-28T14:24:00Z,2026-09-28T14:25:00Z,599.845,599.875,599.425,599.61
2026-09-28T14:25:00Z,2026-09-28T14:26:00Z,599.605,599.605,599.075,599.095
2026-09-28T14:26:00Z,2026-09-28T14:27:00Z,599.085,599.22,598.6,598.815
2026-09-28T14:27:00Z,2026-09-28T14:28:00Z,598.82,598.9,598.635,598.77
2026-09-28T14:28:00Z,2026-09-28T14:29:00Z,598.78,599.085,598.585,599.055
2026-09-28T14:29:00Z,2026-09-28T14:30:00Z,599.035,599.045,598.44,598.635
2026-09-28T14:30:00Z,2026-09-28T14:31:00Z,598.63,598.885,598.505,598.645
2026-09-28T14:31:00Z,2026-09-28T14:32:00Z,598.6,598.77,598.38,598.655
2026-09-28T14:32:00Z,2026-09-28T14:33:00Z,598.65,599.305,598.575,599.305
2026-09-28T14:33:00Z,2026-09-28T14:34:00Z,599.345,599.605,599.175,599.305
2026-09-28T14:34:00Z,2026-09-28T14:35:00Z,599.31,599.425,599.085,599.165
2026-09-28T14:35:00Z,2026-09-28T14:36:00Z,599.14,599.255,598.53,598.57
2026-09-28T14:36:00Z,2026-09-28T14:37:00Z,598.57,598.78,598.16,598.25
2026-09-28T14:37:00Z,2026-09-28T14:38:00Z,598.245,598.495,597.58,597.68
2026-09-28T14:38:00Z,2026-09-28T14:39:00Z,597.675,597.745,596.855,597.165
2026-09-28T14:39:00Z,2026-09-28T14:40:00Z,597.16,597.64,597.09,597.51
2026-09-28T14:40:00Z,2026-09-28T14:41:00Z,597.55,598.035,597.47,597.525
2026-09-28T14:41:00Z,2026-09-28T14:42:00Z,597.585,597.59,597.035,597.455
2026-09-28T14:42:00Z,2026-09-28T14:43:00Z,597.455,597.455,596.645,596.7
2026-09-28T14:43:00Z,2026-09-28T14:44:00Z,596.69,596.69,595.54,595.675
2026-09-28T14:44:00Z,2026-09-28T14:45:00Z,595.685,595.685,594.615,594.795
2026-09-28T14:45:00Z,2026-09-28T14:46:00Z,594.84,594.995,593.52,593.925
2026-09-28T14:46:00Z,2026-09-28T14:47:00Z,593.95,594.28,593.325,593.5
2026-09-28T14:47:00Z,2026-09-28T14:48:00Z,593.49,593.5,592.46,592.56
2026-09-28T14:48:00Z,2026-09-28T14:49:00Z,592.535,592.81,591.935,592.69
2026-09-28T14:49:00Z,2026-09-28T14:50:00Z,592.655,593.14,592.655,593.055
2026-09-28T14:50:00Z,2026-09-28T14:51:00Z,593.04,593.835,593.005,593.545
2026-09-28T14:51:00Z,2026-09-28T14:52:00Z,593.585,593.77,592.995,593.08
2026-09-28T14:52:00Z,2026-09-28T14:53:00Z,593.075,593.29,592.445,592.465
2026-09-28T14:53:00Z,2026-09-28T14:54:00Z,592.47,593.18,592.425,592.505
2026-09-28T14:54:00Z,2026-09-28T14:55:00Z,592.5,593.095,592.33,592.94
2026-09-28T14:55:00Z,2026-09-28T14:56:00Z,592.88,593.4,592.76,592.93
2026-09-28T14:56:00Z,2026-09-28T14:57:00Z,592.94,594.145,592.93,594.135
2026-09-28T14:57:00Z,2026-09-28T14:58:00Z,594.18,594.4,593.93,594.24
2026-09-28T14:58:00Z,2026-09-28T14:59:00Z,594.265,594.565,593.86,593.94
2026-09-28T14:59:00Z,2026-09-28T15:00:00Z,593.95,594.12,593.64,594.095
2026-09-28T15:00:00Z,2026-09-28T15:01:00Z,594.2,594.27,593.815,593.93
2026-09-28T15:01:00Z,2026-09-28T15:02:00Z,593.935,594.62,593.895,594.215
2026-09-28T15:02:00Z,2026-09-28T15:03:00Z,594.205,594.615,594.205,594.375
2026-09-28T15:03:00Z,2026-09-28T15:04:00Z,594.43,594.87,594.3,594.52
2026-09-28T15:04:00Z,2026-09-28T15:05:00Z,594.52,594.72,594.4,594.56
2026-09-28T15:05:00Z,2026-09-28T15:06:00Z,594.565,594.68,594.405,594.5
2026-09-28T15:06:00Z,2026-09-28T15:07:00Z,594.535,595.02,593.88,594.68
2026-09-28T15:07:00Z,2026-09-28T15:08:00Z,594.72,595.41,594.585,595.385
2026-09-28T15:08:00Z,2026-09-28T15:09:00Z,595.395,595.65,594.835,594.97
2026-09-28T15:09:00Z,2026-09-28T15:10:00Z,594.945,595.365,594.85,595.35
2026-09-28T15:10:00Z,2026-09-28T15:11:00Z,595.35,595.475,594.77,594.77
2026-09-28T15:11:00Z,2026-09-28T15:12:00Z,594.71,595.495,594.56,595.33
2026-09-28T15:12:00Z,2026-09-28T15:13:00Z,595.33,595.33,595.065,595.265
2026-09-28T15:13:00Z,2026-09-28T15:14:00Z,595.31,595.335,594.935,595.07
2026-09-28T15:14:00Z,2026-09-28T15:15:00Z,595.065,595.065,594.425,594.64
2026-09-28T15:15:00Z,2026-09-28T15:16:00Z,594.64,594.64,594.035,594.05
2026-09-28T15:16:00Z,2026-09-28T15:17:00Z,594.05,594.05,593.655,593.765
2026-09-28T15:17:00Z,2026-09-28T15:18:00Z,593.77,593.805,593.245,593.7
2026-09-28T15:18:00Z,2026-09-28T15:19:00Z,593.705,593.925,593.37,593.67
2026-09-28T15:19:00Z,2026-09-28T15:20:00Z,593.665,594.12,593.57,593.93
2026-09-28T15:20:00Z,2026-09-28T15:21:00Z,593.94,593.965,593.72,593.96
2026-09-23T18:24:00Z,2026-09-23T18:25:00Z,600.05,600.25,600.04,600.17
2026-09-23T18:25:00Z,2026-09-23T18:26:00Z,600.175,600.29,600.11,600.13
2026-09-23T18:26:00Z,2026-09-23T18:27:00Z,600.15,600.345,599.995,600.04
2026-09-23T18:27:00Z,2026-09-23T18:28:00Z,600.03,600.375,600.005,600.19
2026-09-23T18:28:00Z,2026-09-23T18:29:00Z,600.18,600.225,600.025,600.12
2026-09-23T18:29:00Z,2026-09-23T18:30:00Z,600.125,600.18,599.99,600.115
2026-09-23T18:30:00Z,2026-09-23T18:31:00Z,600.095,600.125,599.8,599.82
2026-09-23T18:31:00Z,2026-09-23T18:32:00Z,599.815,599.855,599.605,599.755
2026-09-23T18:32:00Z,2026-09-23T18:33:00Z,599.765,599.905,599.625,599.905
2026-09-23T18:33:00Z,2026-09-23T18:34:00Z,599.915,599.965,599.76,599.89
2026-09-23T18:34:00Z,2026-09-23T18:35:00Z,599.88,600.17,599.725,600.025
2026-09-23T18:35:00Z,2026-09-23T18:36:00Z,600.04,600.23,599.995,600.11
2026-09-23T18:36:00Z,2026-09-23T18:37:00Z,600.09,600.275,600.08,600.11
2026-09-23T18:37:00Z,2026-09-23T18:38:00Z,600.1,600.12,599.825,599.825
2026-09-23T18:38:00Z,2026-09-23T18:39:00Z,599.84,599.845,599.535,599.715
2026-09-23T18:39:00Z,2026-09-23T18:40:00Z,599.71,599.8,599.57,599.62
2026-09-23T18:40:00Z,2026-09-23T18:41:00Z,599.645,599.925,599.635,599.83
2026-09-23T18:41:00Z,2026-09-23T18:42:00Z,599.845,599.865,599.395,599.395
2026-09-23T18:42:00Z,2026-09-23T18:43:00Z,599.415,599.775,599.39,599.655
2026-09-23T18:43:00Z,2026-09-23T18:44:00Z,599.665,599.99,599.665,599.96
2026-09-23T18:44:00Z,2026-09-23T18:45:00Z,599.97,599.985,599.79,599.86
2026-09-23T18:45:00Z,2026-09-23T18:46:00Z,599.855,599.985,599.775,599.9
2026-09-23T18:46:00Z,2026-09-23T18:47:00Z,599.89,599.94,599.695,599.73
2026-09-23T18:47:00Z,2026-09-23T18:48:00Z,599.715,599.865,599.69,599.77
2026-09-23T18:48:00Z,2026-09-23T18:49:00Z,599.755,599.97,599.555,599.97
2026-09-23T18:49:00Z,2026-09-23T18:50:00Z,599.965,600.305,599.9,600.235
2026-09-23T18:50:00Z,2026-09-23T18:51:00Z,600.21,600.365,600.075,600.1
2026-09-23T18:51:00Z,2026-09-23T18:52:00Z,600.105,600.24,600.085,600.2
2026-09-23T18:52:00Z,2026-09-23T18:53:00Z,600.175,600.305,599.88,599.94
2026-09-23T18:53:00Z,2026-09-23T18:54:00Z,599.94,600.11,599.88,600.075
2026-09-23T18:54:00Z,2026-09-23T18:55:00Z,600.07,600.07,599.835,599.87
2026-09-23T18:55:00Z,2026-09-23T18:56:00Z,599.88,600.125,599.81,600.1
2026-09-23T18:56:00Z,2026-09-23T18:57:00Z,600.105,600.25,600.055,600.21
2026-09-23T18:57:00Z,2026-09-23T18:58:00Z,600.23,600.42,600.1,600.405
2026-09-23T18:58:00Z,2026-09-23T18:59:00Z,600.415,600.45,600.34,600.44
2026-09-23T18:59:00Z,2026-09-23T19:00:00Z,600.435,600.575,600.31,600.4
2026-09-23T19:00:00Z,2026-09-23T19:01:00Z,600.39,600.48,599.97,600.42
2026-09-23T19:01:00Z,2026-09-23T19:02:00Z,600.39,600.64,600.36,600.425
2026-09-23T19:02:00Z,2026-09-23T19:03:00Z,600.43,600.44,600.085,600.11
2026-09-23T19:03:00Z,2026-09-23T19:04:00Z,600.12,600.3,599.575,599.61
2026-09-23T19:04:00Z,2026-09-23T19:05:00Z,599.605,599.81,599.58,599.65
2026-09-23T19:05:00Z,2026-09-23T19:06:00Z,599.645,599.885,599.55,599.85
2026-09-23T19:06:00Z,2026-09-23T19:07:00Z,599.865,600.255,599.755,600.25
2026-09-23T19:07:00Z,2026-09-23T19:08:00Z,600.245,601.02,600.215,600.805
2026-09-23T19:08:00Z,2026-09-23T19:09:00Z,600.83,600.91,600.735,600.77
2026-09-23T19:09:00Z,2026-09-23T19:10:00Z,600.78,600.8,600.155,600.24
2026-09-23T19:10:00Z,2026-09-23T19:11:00Z,600.225,600.43,600.225,600.31
2026-09-23T19:11:00Z,2026-09-23T19:12:00Z,600.305,600.33,600.045,600.065
2026-09-23T19:12:00Z,2026-09-23T19:13:00Z,600.07,600.135,599.705,599.78
2026-09-23T19:13:00Z,2026-09-23T19:14:00Z,599.775,599.985,599.615,599.975
2026-09-23T19:14:00Z,2026-09-23T19:15:00Z,599.98,600.145,599.88,599.925
2026-09-23T19:15:00Z,2026-09-23T19:16:00Z,599.93,600.09,599.475,599.515
2026-09-23T19:16:00Z,2026-09-23T19:17:00Z,599.535,599.61,599.265,599.265
2026-09-23T19:17:00Z,2026-09-23T19:18:00Z,599.275,599.6,599.16,599.59
2026-09-23T19:18:00Z,2026-09-23T19:19:00Z,599.585,599.855,599.505,599.825
2026-09-23T19:19:00Z,2026-09-23T19:20:00Z,599.815,600.005,599.565,599.74
2026-09-23T19:20:00Z,2026-09-23T19:21:00Z,599.725,599.87,599.6,599.805
2026-09-23T19:21:00Z,2026-09-23T19:22:00Z,599.795,600.03,599.775,599.97
2026-09-23T19:22:00Z,2026-09-23T19:23:00Z,599.985,599.995,599.64,599.665
2026-09-23T19:23:00Z,2026-09-23T19:24:00Z,599.67,599.88,599.67,599.795
2026-09-23T19:24:00Z,2026-09-23T19:25:00Z,599.795,599.84,599.71,599.83
2026-09-23T19:25:00Z,2026-09-23T19:26:00Z,599.805,600.05,599.62,599.65
2026-09-23T19:26:00Z,2026-09-23T19:27:00Z,599.67,599.885,599.625,599.73
2026-09-23T19:27:00Z,2026-09-23T19:28:00Z,599.735,600.095,599.625,600.05
2026-09-23T19:28:00Z,2026-09-23T19:29:00Z,600.055,600.07,599.77,599.78
2026-09-23T19:29:00Z,2026-09-23T19:30:00Z,599.77,599.895,599.585,599.7
2026-09-23T19:30:00Z,2026-09-23T19:31:00Z,599.74,600.165,599.52,599.975
2026-09-23T19:31:00Z,2026-09-23T19:32:00Z,599.985,599.985,599.805,599.97
2026-09-23T19:32:00Z,2026-09-23T19:33:00Z,600,600.24,599.935,600.21
2026-09-23T19:33:00Z,2026-09-23T19:34:00Z,600.22,600.44,600.07,600.405
2026-09-23T19:34:00Z,2026-09-23T19:35:00Z,600.41,600.475,600.2,600.45
2026-09-23T19:35:00Z,2026-09-23T19:36:00Z,600.465,600.53,600.17,600.52
2026-09-23T19:36:00Z,2026-09-23T19:37:00Z,600.525,600.75,600.485,600.695
2026-09-23T19:37:00Z,2026-09-23T19:38:00Z,600.715,600.845,600.4,600.84
2026-09-23T19:38:00Z,2026-09-23T19:39:00Z,600.83,600.845,600.51,600.575
2026-09-23T19:39:00Z,2026-09-23T19:40:00Z,600.57,600.96,600.51,600.91
2026-09-23T19:40:00Z,2026-09-23T19:41:00Z,600.92,601.2,600.78,601.025
2026-09-23T19:41:00Z,2026-09-23T19:42:00Z,601.03,601.035,600.635,600.78
2026-09-23T19:42:00Z,2026-09-23T19:43:00Z,600.785,600.815,600.245,600.31
2026-09-23T19:43:00Z,2026-09-23T19:44:00Z,600.355,600.375,600.075,600.315
2026-09-23T19:44:00Z,2026-09-23T19:45:00Z,600.335,600.365,600.05,600.325
2026-09-23T19:45:00Z,2026-09-23T19:46:00Z,600.32,600.36,600.02,600.36
2026-09-23T19:46:00Z,2026-09-23T19:47:00Z,600.435,600.45,600.125,600.385
2026-09-23T19:47:00Z,2026-09-23T19:48:00Z,600.395,600.68,600.235,600.675
2026-09-23T19:48:00Z,2026-09-23T19:49:00Z,600.68,600.725,600.455,600.665
2026-09-23T19:49:00Z,2026-09-23T19:50:00Z,600.67,600.775,600.48,600.6
2026-09-23T19:50:00Z,2026-09-23T19:51:00Z,600.605,600.605,599.605,599.895
2026-09-23T19:51:00Z,2026-09-23T19:52:00Z,599.9,600.065,599.47,599.5
2026-09-23T19:52:00Z,2026-09-23T19:53:00Z,599.505,599.505,598.955,599.125
2026-09-23T19:53:00Z,2026-09-23T19:54:00Z,599.13,599.72,599.13,599.715
2026-09-23T19:54:00Z,2026-09-23T19:55:00Z,599.72,599.81,599.085,599.185
2026-09-23T19:55:00Z,2026-09-23T19:56:00Z,599.175,600.25,599.175,599.77
2026-09-23T19:56:00Z,2026-09-23T19:57:00Z,599.835,599.835,599.56,599.765
2026-09-23T19:57:00Z,2026-09-23T19:58:00Z,599.755,600.57,599.755,600.445
2026-09-23T19:58:00Z,2026-09-23T19:59:00Z,600.435,600.565,600.375,600.48
2026-09-23T19:59:00Z,2026-09-23T20:00:00Z,600.47,601.295,600.08,601.06
2026-09-24T13:30:00Z,2026-09-24T13:31:00Z,591.675,591.765,590.415,590.88
2026-09-24T13:31:00Z,2026-09-24T13:32:00Z,591.12,591.12,589.455,590.47
2026-09-24T13:32:00Z,2026-09-24T13:33:00Z,590.49,591.125,589.315,589.365
2026-09-24T13:33:00Z,2026-09-24T13:34:00Z,589.32,590.035,588.965,589.585
2026-09-24T13:34:00Z,2026-09-24T13:35:00Z,589.58,590.425,589.145,590.155
2026-09-24T13:35:00Z,2026-09-24T13:36:00Z,590.15,591.715,589.88,591.715
2026-09-24T13:36:00Z,2026-09-24T13:37:00Z,591.73,592.47,591.39,591.475
2026-09-24T13:37:00Z,2026-09-24T13:38:00Z,591.485,592.105,590.89,592.065
2026-09-24T13:38:00Z,2026-09-24T13:39:00Z,592.04,593.465,592.005,593.275
2026-09-24T13:39:00Z,2026-09-24T13:40:00Z,593.28,593.31,592.85,593.095
2026-09-24T13:40:00Z,2026-09-24T13:41:00Z,593.09,593.095,592.5,592.72
2026-09-24T13:41:00Z,2026-09-24T13:42:00Z,592.715,592.935,592.005,592.11
2026-09-24T13:42:00Z,2026-09-24T13:43:00Z,592.11,593.41,591.905,592.915
2026-09-24T13:43:00Z,2026-09-24T13:44:00Z,592.85,593.205,592.685,593.175
2026-09-24T13:44:00Z,2026-09-24T13:45:00Z,593.085,593.515,592.915,593.425
2026-09-24T13:45:00Z,2026-09-24T13:46:00Z,593.435,594.53,593.43,594.53
2026-09-24T13:46:00Z,2026-09-24T13:47:00Z,594.475,595.75,594.26,595.685
2026-09-24T13:47:00Z,2026-09-24T13:48:00Z,595.7,596.295,595.535,595.865
2026-09-24T13:48:00Z,2026-09-24T13:49:00Z,595.87,595.905,594.68,594.805
2026-09-24T13:49:00Z,2026-09-24T13:50:00Z,594.775,594.855,593.985,594.085
2026-09-24T13:50:00Z,2026-09-24T13:51:00Z,594.125,594.635,593.88,594.31
2026-09-24T13:51:00Z,2026-09-24T13:52:00Z,594.295,594.925,593.875,593.875
2026-09-24T13:52:00Z,2026-09-24T13:53:00Z,593.88,594.69,593.69,593.8
2026-09-24T13:53:00Z,2026-09-24T13:54:00Z,593.795,594.01,593.055,593.055
2026-09-24T13:54:00Z,2026-09-24T13:55:00Z,593.09,593.375,592.09,592.465
2026-09-24T13:55:00Z,2026-09-24T13:56:00Z,592.435,593.11,592.41,592.49
2026-09-24T13:56:00Z,2026-09-24T13:57:00Z,592.5,592.94,591.95,592.535
2026-09-24T13:57:00Z,2026-09-24T13:58:00Z,592.53,592.72,592.32,592.585
2026-09-24T13:58:00Z,2026-09-24T13:59:00Z,592.555,592.965,592.32,592.87
2026-09-24T13:59:00Z,2026-09-24T14:00:00Z,592.87,593.59,592.835,593.355
2026-09-24T14:00:00Z,2026-09-24T14:01:00Z,593.365,594.25,593.095,594.025
2026-09-24T14:01:00Z,2026-09-24T14:02:00Z,594.025,594.845,593.405,593.455
2026-09-24T14:02:00Z,2026-09-24T14:03:00Z,593.46,594.155,593.41,594.02
2026-09-24T14:03:00Z,2026-09-24T14:04:00Z,594.055,594.38,593.995,594.295
2026-09-24T14:04:00Z,2026-09-24T14:05:00Z,594.3,594.85,594.255,594.67
2026-09-24T14:05:00Z,2026-09-24T14:06:00Z,594.665,594.755,594.325,594.56
2026-09-24T14:06:00Z,2026-09-24T14:07:00Z,594.56,594.79,594.09,594.36
2026-09-24T14:07:00Z,2026-09-24T14:08:00Z,594.365,594.575,594.145,594.425
2026-09-24T14:08:00Z,2026-09-24T14:09:00Z,594.415,594.53,593.46,593.61
2026-09-24T14:09:00Z,2026-09-24T14:10:00Z,593.565,593.695,593.295,593.295
2026-09-24T14:10:00Z,2026-09-24T14:11:00Z,593.375,593.56,592.76,593.545
2026-09-24T14:11:00Z,2026-09-24T14:12:00Z,593.49,593.57,592.87,592.89
2026-09-24T14:12:00Z,2026-09-24T14:13:00Z,592.89,593.07,592.57,592.66
2026-09-24T14:13:00Z,2026-09-24T14:14:00Z,592.7,593.26,592.54,593.21
2026-09-24T14:14:00Z,2026-09-24T14:15:00Z,593.2,593.425,593.125,593.37
2026-09-24T14:15:00Z,2026-09-24T14:16:00Z,593.35,593.9,593.2,593.245
2026-09-24T14:16:00Z,2026-09-24T14:17:00Z,593.235,593.3,592.865,593.155
2026-09-24T14:17:00Z,2026-09-24T14:18:00Z,593.155,593.5,592.51,592.73
2026-09-24T14:18:00Z,2026-09-24T14:19:00Z,592.73,593.255,592.66,593.09
2026-09-24T14:19:00Z,2026-09-24T14:20:00Z,593.115,593.245,592.74,593.03
2026-09-24T14:20:00Z,2026-09-24T14:21:00Z,593.05,593.345,592.98,593.28
2026-09-24T14:21:00Z,2026-09-24T14:22:00Z,593.215,593.33,593.045,593.09
2026-09-24T14:22:00Z,2026-09-24T14:23:00Z,593.095,593.495,593.055,593.3
2026-09-24T14:23:00Z,2026-09-24T14:24:00Z,593.29,593.855,593.29,593.55
2026-09-24T14:24:00Z,2026-09-24T14:25:00Z,593.555,593.59,593.165,593.235
2026-09-24T14:25:00Z,2026-09-24T14:26:00Z,593.24,593.59,593.19,593.425
2026-09-24T14:26:00Z,2026-09-24T14:27:00Z,593.43,593.645,593.43,593.55
2026-09-24T14:27:00Z,2026-09-24T14:28:00Z,593.59,594.425,593.355,594.365
2026-09-24T14:28:00Z,2026-09-24T14:29:00Z,594.335,594.515,594.08,594.475
2026-09-24T14:29:00Z,2026-09-24T14:30:00Z,594.475,594.565,594.28,594.565
2026-09-24T14:30:00Z,2026-09-24T14:31:00Z,594.515,594.535,593.83,594.025
2026-09-24T14:31:00Z,2026-09-24T14:32:00Z,594.04,594.495,594.04,594.4
2026-09-24T14:32:00Z,2026-09-24T14:33:00Z,594.42,594.745,594.31,594.6
2026-09-24T14:33:00Z,2026-09-24T14:34:00Z,594.65,595.215,594.615,595.05
2026-09-24T14:34:00Z,2026-09-24T14:35:00Z,595.07,595.14,594.675,594.895
2026-09-24T14:35:00Z,2026-09-24T14:36:00Z,594.89,594.98,594.55,594.91
2026-09-24T14:36:00Z,2026-09-24T14:37:00Z,594.84,594.955,594.025,594.135
2026-09-24T14:37:00Z,2026-09-24T14:38:00Z,594.14,594.15,593.66,593.71
2026-09-24T14:38:00Z,2026-09-24T14:39:00Z,593.7,593.78,593.285,593.285
2026-09-24T14:39:00Z,2026-09-24T14:40:00Z,593.295,593.57,592.975,593.325
2026-09-24T14:40:00Z,2026-09-24T14:41:00Z,593.36,593.585,593.23,593.465
2026-09-24T14:41:00Z,2026-09-24T14:42:00Z,593.48,593.53,593.17,593.35
2026-09-24T14:42:00Z,2026-09-24T14:43:00Z,593.33,594.06,593.3,593.655
2026-09-24T14:43:00Z,2026-09-24T14:44:00Z,593.66,593.67,593.16,593.17
2026-09-24T14:44:00Z,2026-09-24T14:45:00Z,593.18,593.19,592.57,592.65
2026-09-24T14:45:00Z,2026-09-24T14:46:00Z,592.68,592.805,592.58,592.665
2026-09-24T14:46:00Z,2026-09-24T14:47:00Z,592.655,593.01,592.53,592.765
2026-09-24T14:47:00Z,2026-09-24T14:48:00Z,592.85,593.43,592.83,593.33
2026-09-24T14:48:00Z,2026-09-24T14:49:00Z,593.335,593.495,593,593.02
2026-09-24T14:49:00Z,2026-09-24T14:50:00Z,593.015,593.215,592.785,592.84
2026-09-24T14:50:00Z,2026-09-24T14:51:00Z,592.835,593.185,592.61,592.61
2026-09-24T14:51:00Z,2026-09-24T14:52:00Z,592.625,592.625,592.1,592.135
2026-09-24T14:52:00Z,2026-09-24T14:53:00Z,592.13,592.29,591.625,591.635
2026-09-24T14:53:00Z,2026-09-24T14:54:00Z,591.63,591.89,591.395,591.89
2026-09-24T14:54:00Z,2026-09-24T14:55:00Z,591.905,592.045,591.76,591.865
2026-09-24T14:55:00Z,2026-09-24T14:56:00Z,591.875,591.935,591.32,591.34
2026-09-24T14:56:00Z,2026-09-24T14:57:00Z,591.35,591.64,591.345,591.54
2026-09-24T14:57:00Z,2026-09-24T14:58:00Z,591.54,591.69,591.355,591.505
2026-09-24T14:58:00Z,2026-09-24T14:59:00Z,591.525,591.62,591.285,591.4
2026-09-24T14:59:00Z,2026-09-24T15:00:00Z,591.405,591.42,591.145,591.42
2026-09-24T15:00:00Z,2026-09-24T15:01:00Z,591.415,592.12,591.405,591.92
2026-09-24T15:01:00Z,2026-09-24T15:02:00Z,591.93,592.11,591.735,591.855
2026-09-24T15:02:00Z,2026-09-24T15:03:00Z,591.865,592.48,591.735,592.05
2026-09-24T15:03:00Z,2026-09-24T15:04:00Z,592.07,592.27,591.825,592.125
2026-09-24T15:04:00Z,2026-09-24T15:05:00Z,592.13,592.475,591.915,592.055
2026-09-24T15:05:00Z,2026-09-24T15:06:00Z,592.035,592.29,591.935,592.015
2026-09-24T15:06:00Z,2026-09-24T15:07:00Z,592.02,592.17,591.32,591.46
2026-09-24T15:07:00Z,2026-09-24T15:08:00Z,591.47,591.51,591.105,591.325
2026-09-24T15:08:00Z,2026-09-24T15:09:00Z,591.335,591.465,591.1,591.355
2026-09-24T15:09:00Z,2026-09-24T15:10:00Z,591.345,591.345,590.825,590.9
2026-09-24T15:10:00Z,2026-09-24T15:11:00Z,590.85,591.23,590.845,591.16
2026-09-24T15:11:00Z,2026-09-24T15:12:00Z,591.18,591.325,591.035,591.285
2026-09-24T15:12:00Z,2026-09-24T15:13:00Z,591.28,591.695,591.14,591.38
2026-09-24T15:13:00Z,2026-09-24T15:14:00Z,591.375,591.53,591.04,591.41
2026-09-24T15:14:00Z,2026-09-24T15:15:00Z,591.405,591.55,591.215,591.295
2026-09-24T15:15:00Z,2026-09-24T15:16:00Z,591.29,591.66,591.16,591.52
2026-09-24T15:16:00Z,2026-09-24T15:17:00Z,591.535,592.23,591.46,591.77
2026-09-24T15:17:00Z,2026-09-24T15:18:00Z,591.775,592.08,591.57,591.9
2026-09-24T15:18:00Z,2026-09-24T15:19:00Z,591.895,591.915,591.13,591.32
2026-09-24T15:19:00Z,2026-09-24T15:20:00Z,591.335,591.43,591.06,591.26
2026-09-24T15:20:00Z,2026-09-24T15:21:00Z,591.245,591.325,591.05,591.22
2026-09-24T15:21:00Z,2026-09-24T15:22:00Z,591.2,591.555,591.06,591.55
2026-09-24T15:22:00Z,2026-09-24T15:23:00Z,591.555,591.755,591.405,591.755
2026-09-24T15:23:00Z,2026-09-24T15:24:00Z,591.76,592.155,591.555,592.12
2026-09-24T15:24:00Z,2026-09-24T15:25:00Z,592.13,592.61,592.12,592.585
2026-09-24T15:25:00Z,2026-09-24T15:26:00Z,592.59,592.635,592.07,592.15
2026-09-24T15:26:00Z,2026-09-24T15:27:00Z,592.165,592.295,591.99,592.13
2026-09-24T15:27:00Z,2026-09-24T15:28:00Z,592.175,592.175,591.935,592.17
2026-09-24T15:28:00Z,2026-09-24T15:29:00Z,592.165,592.165,591.665,591.705
2026-09-24T15:29:00Z,2026-09-24T15:30:00Z,591.72,591.815,591.565,591.72
2026-09-24T15:30:00Z,2026-09-24T15:31:00Z,591.73,591.835,591.45,591.525
2026-09-24T15:31:00Z,2026-09-24T15:32:00Z,591.515,591.69,591.335,591.615
2026-09-24T15:32:00Z,2026-09-24T15:33:00Z,591.62,591.76,591.385,591.76
2026-09-24T15:33:00Z,2026-09-24T15:34:00Z,591.765,591.935,591.655,591.935
2026-09-24T15:34:00Z,2026-09-24T15:35:00Z,591.93,592.08,591.85,591.975
2026-09-24T15:35:00Z,2026-09-24T15:36:00Z,591.985,592.255,591.715,591.955
2026-09-24T15:36:00Z,2026-09-24T15:37:00Z,591.945,592.215,591.855,592.1
2026-09-24T15:37:00Z,2026-09-24T15:38:00Z,592.11,592.39,592.08,592.305
2026-09-24T15:38:00Z,2026-09-24T15:39:00Z,592.3,592.405,592.125,592.165
2026-09-24T15:39:00Z,2026-09-24T15:40:00Z,592.16,592.16,591.84,592.055
2026-09-24T15:40:00Z,2026-09-24T15:41:00Z,592.09,592.34,591.925,592.015
2026-09-24T15:41:00Z,2026-09-24T15:42:00Z,592.01,592.33,592,592.275
2026-09-24T15:42:00Z,2026-09-24T15:43:00Z,592.27,592.33,591.855,591.995
2026-09-24T15:43:00Z,2026-09-24T15:44:00Z,591.99,592.475,591.96,592.455
2026-09-24T15:44:00Z,2026-09-24T15:45:00Z,592.445,592.925,592.38,592.805
2026-09-24T15:45:00Z,2026-09-24T15:46:00Z,592.83,593.215,592.83,593.095
2026-09-24T15:46:00Z,2026-09-24T15:47:00Z,593.085,593.085,592.88,592.88
2026-09-24T15:47:00Z,2026-09-24T15:48:00Z,592.945,593.075,592.73,592.79
2026-09-24T15:48:00Z,2026-09-24T15:49:00Z,592.785,592.94,592.535,592.55
2026-09-24T15:49:00Z,2026-09-24T15:50:00Z,592.575,592.635,592.395,592.565
2026-09-24T15:50:00Z,2026-09-24T15:51:00Z,592.55,593.39,592.535,593.38
2026-09-24T15:51:00Z,2026-09-24T15:52:00Z,593.395,593.525,593.235,593.425
2026-09-24T15:52:00Z,2026-09-24T15:53:00Z,593.415,593.795,593.395,593.73
2026-09-24T15:53:00Z,2026-09-24T15:54:00Z,593.74,593.98,593.655,593.7
2026-09-24T15:54:00Z,2026-09-24T15:55:00Z,593.705,593.86,593.455,593.86
2026-09-24T15:55:00Z,2026-09-24T15:56:00Z,593.865,594.02,593.775,593.795
2026-09-24T15:56:00Z,2026-09-24T15:57:00Z,593.77,593.775,593.325,593.475
2026-09-24T15:57:00Z,2026-09-24T15:58:00Z,593.475,593.48,593.26,593.26
2026-09-24T15:58:00Z,2026-09-24T15:59:00Z,593.425,593.645,593.33,593.535
2026-09-24T15:59:00Z,2026-09-24T16:00:00Z,593.55,593.655,593.235,593.245
2026-09-24T16:00:00Z,2026-09-24T16:01:00Z,593.24,593.32,592.465,592.465
2026-09-24T16:01:00Z,2026-09-24T16:02:00Z,592.47,592.705,592.18,592.555
2026-09-24T16:02:00Z,2026-09-24T16:03:00Z,592.545,592.755,592.34,592.69
2026-09-24T16:03:00Z,2026-09-24T16:04:00Z,592.685,592.73,592.34,592.525
2026-09-24T16:04:00Z,2026-09-24T16:05:00Z,592.52,592.8,592.48,592.785
2026-09-24T16:05:00Z,2026-09-24T16:06:00Z,592.795,592.815,592.485,592.79
2026-09-24T16:06:00Z,2026-09-24T16:07:00Z,592.785,592.79,592.225,592.375
2026-09-24T16:07:00Z,2026-09-24T16:08:00Z,592.36,592.44,592.13,592.235
2026-09-24T16:08:00Z,2026-09-24T16:09:00Z,592.245,592.35,592.11,592.32
2026-09-24T16:09:00Z,2026-09-24T16:10:00Z,592.275,592.39,592.225,592.34
2026-09-24T16:10:00Z,2026-09-24T16:11:00Z,592.345,592.48,592.27,592.435
2026-09-24T16:11:00Z,2026-09-24T16:12:00Z,592.44,592.455,591.945,592.055
2026-09-24T16:12:00Z,2026-09-24T16:13:00Z,592.05,592.43,592.045,592.195
2026-09-24T16:13:00Z,2026-09-24T16:14:00Z,592.2,592.495,592.165,592.39
2026-09-24T16:14:00Z,2026-09-24T16:15:00Z,592.395,592.965,592.36,592.955
2026-09-24T16:15:00Z,2026-09-24T16:16:00Z,593.055,595.155,593.045,594.925
2026-09-24T16:16:00Z,2026-09-24T16:17:00Z,594.925,597.335,594.64,597.065
2026-09-24T16:17:00Z,2026-09-24T16:18:00Z,597.06,597.87,596.835,597.715
2026-09-24T16:18:00Z,2026-09-24T16:19:00Z,597.72,598.775,597.55,597.615
2026-09-24T16:19:00Z,2026-09-24T16:20:00Z,597.615,597.985,596.82,597.54
2026-09-24T16:20:00Z,2026-09-24T16:21:00Z,597.545,598.66,597.44,598.2
2026-09-24T16:21:00Z,2026-09-24T16:22:00Z,598.205,598.205,596.695,596.85
2026-09-24T16:22:00Z,2026-09-24T16:23:00Z,596.86,598.23,596.86,597.985
2026-09-24T16:23:00Z,2026-09-24T16:24:00Z,597.995,598.215,597.29,597.315
2026-09-24T16:24:00Z,2026-09-24T16:25:00Z,597.285,597.635,597.16,597.475
2026-09-24T16:25:00Z,2026-09-24T16:26:00Z,597.48,597.66,596.305,596.51
2026-09-24T16:26:00Z,2026-09-24T16:27:00Z,596.49,597.135,596.49,597.045
2026-09-24T16:27:00Z,2026-09-24T16:28:00Z,597.04,597.26,596.43,597.26
2026-09-24T16:28:00Z,2026-09-24T16:29:00Z,597.255,597.48,597.165,597.405
2026-09-24T16:29:00Z,2026-09-24T16:30:00Z,597.4,597.425,597.15,597.17
2026-09-24T16:30:00Z,2026-09-24T16:31:00Z,597.16,597.225,596.785,597.045
2026-09-24T16:31:00Z,2026-09-24T16:32:00Z,597.055,597.47,596.83,596.83
2026-09-24T16:32:00Z,2026-09-24T16:33:00Z,596.84,596.91,596.585,596.755
2026-09-24T16:33:00Z,2026-09-24T16:34:00Z,596.745,597.195,596.645,597.165
2026-09-24T16:34:00Z,2026-09-24T16:35:00Z,597.145,597.185,596.755,597.175
2026-09-24T16:35:00Z,2026-09-24T16:36:00Z,597.18,597.76,597.1,597.7
2026-09-24T16:36:00Z,2026-09-24T16:37:00Z,597.725,598.945,597.725,598.935
2026-09-24T16:37:00Z,2026-09-24T16:38:00Z,598.935,599.505,598.93,599.09
2026-09-24T16:38:00Z,2026-09-24T16:39:00Z,599.095,599.38,599.06,599.315
2026-09-24T16:39:00Z,2026-09-24T16:40:00Z,599.325,599.515,599.155,599.245
2026-09-24T16:40:00Z,2026-09-24T16:41:00Z,599.245,600.025,599.08,600.025
2026-09-24T16:41:00Z,2026-09-24T16:42:00Z,600.025,600.72,600.025,600.66
2026-09-24T16:42:00Z,2026-09-24T16:43:00Z,600.685,601.33,600.67,601.205
2026-09-24T16:43:00Z,2026-09-24T16:44:00Z,601.24,601.31,600.825,601.065
2026-09-24T16:44:00Z,2026-09-24T16:45:00Z,601.06,601.4,599.78,599.805
2026-09-24T16:45:00Z,2026-09-24T16:46:00Z,599.815,599.92,599.005,599.38
2026-09-24T16:46:00Z,2026-09-24T16:47:00Z,599.385,599.865,599.29,599.805
2026-09-24T16:47:00Z,2026-09-24T16:48:00Z,599.83,599.955,599.25,599.435
2026-09-24T16:48:00Z,2026-09-24T16:49:00Z,599.44,600.565,599.44,600.435
2026-09-24T16:49:00Z,2026-09-24T16:50:00Z,600.42,600.615,600.115,600.45
2026-09-24T16:50:00Z,2026-09-24T16:51:00Z,600.46,600.5,600.09,600.265
2026-09-24T16:51:00Z,2026-09-24T16:52:00Z,600.27,601.13,600.27,600.955
2026-09-24T16:52:00Z,2026-09-24T16:53:00Z,600.935,601.035,599.895,599.96
2026-09-24T16:53:00Z,2026-09-24T16:54:00Z,600.05,600.145,599.61,599.805
2026-09-24T16:54:00Z,2026-09-24T16:55:00Z,599.815,600.245,599.615,599.94
2026-09-24T16:55:00Z,2026-09-24T16:56:00Z,599.93,600.25,599.79,600.03
2026-09-24T16:56:00Z,2026-09-24T16:57:00Z,600.035,600.795,599.98,600.795
2026-09-24T16:57:00Z,2026-09-24T16:58:00Z,600.79,601.175,600.72,600.72
2026-09-24T16:58:00Z,2026-09-24T16:59:00Z,600.7,600.86,600.64,600.85
2026-09-24T16:59:00Z,2026-09-24T17:00:00Z,600.87,600.94,600.645,600.86
2026-09-24T17:00:00Z,2026-09-24T17:01:00Z,600.79,600.8,599.98,600.275
2026-09-24T17:01:00Z,2026-09-24T17:02:00Z,600.25,601.005,600.245,600.76
2026-09-24T17:02:00Z,2026-09-24T17:03:00Z,600.775,600.775,600.005,600.685
2026-09-24T17:03:00Z,2026-09-24T17:04:00Z,600.69,601.675,600.69,601.565
2026-09-24T17:04:00Z,2026-09-24T17:05:00Z,601.565,601.6,600.905,601.505
2026-09-24T17:05:00Z,2026-09-24T17:06:00Z,601.5,601.99,601.435,601.435
2026-09-24T17:06:00Z,2026-09-24T17:07:00Z,601.445,601.74,601.37,601.465
2026-09-24T17:07:00Z,2026-09-24T17:08:00Z,601.47,601.725,601.245,601.265
2026-09-24T17:08:00Z,2026-09-24T17:09:00Z,601.27,601.555,600.985,601.555
2026-09-24T17:09:00Z,2026-09-24T17:10:00Z,601.555,601.555,601.07,601.07
2026-09-24T17:10:00Z,2026-09-24T17:11:00Z,601.07,601.095,600.245,600.43
2026-09-24T17:11:00Z,2026-09-24T17:12:00Z,600.415,600.445,600.01,600.185
2026-09-24T17:12:00Z,2026-09-24T17:13:00Z,600.195,600.265,599.945,599.995
2026-09-24T17:13:00Z,2026-09-24T17:14:00Z,599.985,600.18,599.69,600.17
2026-09-24T17:14:00Z,2026-09-24T17:15:00Z,600.195,600.445,600.15,600.35
2026-09-24T17:15:00Z,2026-09-24T17:16:00Z,600.355,600.435,599.57,599.67
2026-09-24T17:16:00Z,2026-09-24T17:17:00Z,599.69,599.955,599.69,599.76
2026-09-24T17:17:00Z,2026-09-24T17:18:00Z,599.775,599.965,599.51,599.51
2026-09-24T17:18:00Z,2026-09-24T17:19:00Z,599.515,600.335,599.49,600.185
2026-09-24T17:19:00Z,2026-09-24T17:20:00Z,600.19,600.2,599.175,599.185
2026-09-24T17:20:00Z,2026-09-24T17:21:00Z,599.18,599.3,598.82,599.17
2026-09-24T17:21:00Z,2026-09-24T17:22:00Z,599.2,599.46,599,599.08
2026-09-24T17:22:00Z,2026-09-24T17:23:00Z,599.105,599.525,599.065,599.31
2026-09-24T17:23:00Z,2026-09-24T17:24:00Z,599.345,599.38,599.125,599.235
2026-09-24T17:24:00Z,2026-09-24T17:25:00Z,599.23,599.52,598.755,598.915
2026-09-24T17:25:00Z,2026-09-24T17:26:00Z,598.92,599.12,598.355,598.405
2026-09-24T17:26:00Z,2026-09-24T17:27:00Z,598.415,598.58,597.965,598.13
2026-09-24T17:27:00Z,2026-09-24T17:28:00Z,598.105,598.475,598.06,598.33
2026-09-24T17:28:00Z,2026-09-24T17:29:00Z,598.335,598.745,598.33,598.7
2026-09-24T17:29:00Z,2026-09-24T17:30:00Z,598.675,598.845,598.625,598.78
2026-09-24T17:30:00Z,2026-09-24T17:31:00Z,598.765,599.35,598.715,599.31
2026-09-24T17:31:00Z,2026-09-24T17:32:00Z,599.32,599.51,599.19,599.27
2026-09-24T17:32:00Z,2026-09-24T17:33:00Z,599.275,599.395,599.055,599.36
2026-09-24T17:33:00Z,2026-09-24T17:34:00Z,599.345,599.395,599.095,599.22
2026-09-24T17:34:00Z,2026-09-24T17:35:00Z,599.22,599.22,598.575,598.615
2026-09-24T17:35:00Z,2026-09-24T17:36:00Z,598.61,598.93,598.505,598.735
2026-09-24T17:36:00Z,2026-09-24T17:37:00Z,598.67,598.925,598.61,598.725
2026-09-24T17:37:00Z,2026-09-24T17:38:00Z,598.72,598.935,598.555,598.56
2026-09-24T17:38:00Z,2026-09-24T17:39:00Z,598.555,598.61,598.14,598.375
2026-09-24T17:39:00Z,2026-09-24T17:40:00Z,598.4,598.705,598.39,598.525
2026-09-24T17:40:00Z,2026-09-24T17:41:00Z,598.52,598.94,598.5,598.905
2026-09-24T17:41:00Z,2026-09-24T17:42:00Z,598.855,598.88,598.35,598.355
2026-09-24T17:42:00Z,2026-09-24T17:43:00Z,598.35,598.72,598.225,598.25
2026-09-24T17:43:00Z,2026-09-24T17:44:00Z,598.22,598.23,597.415,597.605
2026-09-24T17:44:00Z,2026-09-24T17:45:00Z,597.6,597.69,597.29,597.305
2026-09-24T17:45:00Z,2026-09-24T17:46:00Z,597.3,597.46,597.065,597.4
2026-09-24T17:46:00Z,2026-09-24T17:47:00Z,597.395,597.865,597.355,597.78
2026-09-24T17:47:00Z,2026-09-24T17:48:00Z,597.775,598.25,597.725,598.225
2026-09-24T17:48:00Z,2026-09-24T17:49:00Z,598.23,598.3,597.89,598.005
2026-09-24T17:49:00Z,2026-09-24T17:50:00Z,597.99,598.41,597.91,598.23
2026-09-24T17:50:00Z,2026-09-24T17:51:00Z,598.225,598.285,598.025,598.115
2026-09-24T17:51:00Z,2026-09-24T17:52:00Z,598.12,598.21,597.895,597.91
2026-09-24T17:52:00Z,2026-09-24T17:53:00Z,597.895,598.07,597.485,597.58
2026-09-24T17:53:00Z,2026-09-24T17:54:00Z,597.575,597.775,597.355,597.38
2026-09-24T17:54:00Z,2026-09-24T17:55:00Z,597.375,597.445,596.865,597.135
2026-09-24T17:55:00Z,2026-09-24T17:56:00Z,597.14,597.35,596.995,596.995
2026-09-24T17:56:00Z,2026-09-24T17:57:00Z,596.975,597.825,596.975,597.69
2026-09-24T17:57:00Z,2026-09-24T17:58:00Z,597.685,597.685,597.415,597.445
2026-09-24T17:58:00Z,2026-09-24T17:59:00Z,597.45,597.48,597.185,597.265
2026-09-24T17:59:00Z,2026-09-24T18:00:00Z,597.265,597.625,597.265,597.505
2026-09-24T18:00:00Z,2026-09-24T18:01:00Z,597.51,597.535,597.045,597.065
2026-09-24T18:01:00Z,2026-09-24T18:02:00Z,597.095,597.14,596.3,596.6
2026-09-24T18:02:00Z,2026-09-24T18:03:00Z,596.645,596.645,596.2,596.275
2026-09-24T18:03:00Z,2026-09-24T18:04:00Z,596.265,596.28,595.39,595.535
2026-09-24T18:04:00Z,2026-09-24T18:05:00Z,595.54,595.685,595.14,595.195
2026-09-24T18:05:00Z,2026-09-24T18:06:00Z,595.165,595.41,595.12,595.39
2026-09-24T18:06:00Z,2026-09-24T18:07:00Z,595.315,595.965,595.07,595.725
2026-09-24T18:07:00Z,2026-09-24T18:08:00Z,595.76,596.095,595.505,595.805
2026-09-24T18:08:00Z,2026-09-24T18:09:00Z,595.825,596.66,595.825,596.46
2026-09-24T18:09:00Z,2026-09-24T18:10:00Z,596.48,596.73,596.42,596.49
2026-09-24T18:10:00Z,2026-09-24T18:11:00Z,596.545,596.825,596.545,596.605
2026-09-24T18:11:00Z,2026-09-24T18:12:00Z,596.61,597.29,596.55,597.085
2026-09-24T18:12:00Z,2026-09-24T18:13:00Z,597.095,597.21,596.785,596.79
2026-09-24T18:13:00Z,2026-09-24T18:14:00Z,596.79,596.96,596.63,596.73
2026-09-24T18:14:00Z,2026-09-24T18:15:00Z,596.72,597.085,596.715,597.065
2026-09-24T18:15:00Z,2026-09-24T18:16:00Z,597.07,597.27,597.01,597.2
2026-09-24T18:16:00Z,2026-09-24T18:17:00Z,597.205,597.63,597.17,597.33
2026-09-24T18:17:00Z,2026-09-24T18:18:00Z,597.325,597.76,597.31,597.76
2026-09-24T18:18:00Z,2026-09-24T18:19:00Z,597.755,597.91,597.325,597.39
2026-09-24T18:19:00Z,2026-09-24T18:20:00Z,597.385,597.475,597.23,597.4
2026-09-24T18:20:00Z,2026-09-24T18:21:00Z,597.445,597.5,596.985,597.125
2026-09-24T18:21:00Z,2026-09-24T18:22:00Z,597.11,597.44,597.105,597.335
2026-09-24T18:22:00Z,2026-09-24T18:23:00Z,597.365,597.555,597.33,597.44
2026-09-24T18:23:00Z,2026-09-24T18:24:00Z,597.45,597.905,597.345,597.815
2026-09-24T18:24:00Z,2026-09-24T18:25:00Z,597.81,597.885,597.72,597.865
2026-09-24T18:25:00Z,2026-09-24T18:26:00Z,597.825,598.805,597.775,598.4
2026-09-24T18:26:00Z,2026-09-24T18:27:00Z,598.345,598.97,598.345,598.835
2026-09-24T18:27:00Z,2026-09-24T18:28:00Z,598.84,598.855,598.42,598.585
2026-09-24T18:28:00Z,2026-09-24T18:29:00Z,598.58,598.83,598.405,598.485
2026-09-24T18:29:00Z,2026-09-24T18:30:00Z,598.475,598.52,598.235,598.43
2026-09-24T18:30:00Z,2026-09-24T18:31:00Z,598.415,598.695,598.385,598.485
2026-09-24T18:31:00Z,2026-09-24T18:32:00Z,598.48,598.525,597.93,598.36
2026-09-24T18:32:00Z,2026-09-24T18:33:00Z,598.355,598.355,597.86,598.045
2026-09-24T18:33:00Z,2026-09-24T18:34:00Z,598.05,598.23,598.035,598.085
2026-09-24T18:34:00Z,2026-09-24T18:35:00Z,598.1,598.265,597.855,597.875
2026-09-24T18:35:00Z,2026-09-24T18:36:00Z,597.87,597.94,597.445,597.555
2026-09-24T18:36:00Z,2026-09-24T18:37:00Z,597.555,597.97,597.525,597.88
2026-09-24T18:37:00Z,2026-09-24T18:38:00Z,597.87,598.035,597.745,597.81
2026-09-24T18:38:00Z,2026-09-24T18:39:00Z,597.775,599.115,597.715,599.06
2026-09-24T18:39:00Z,2026-09-24T18:40:00Z,599.06,599.8,598.715,598.93
2026-09-24T18:40:00Z,2026-09-24T18:41:00Z,598.935,598.935,598.105,598.285
2026-09-24T18:41:00Z,2026-09-24T18:42:00Z,598.285,598.35,598.035,598.31
2026-09-24T18:42:00Z,2026-09-24T18:43:00Z,598.305,598.575,598.08,598.12
2026-09-24T18:43:00Z,2026-09-24T18:44:00Z,598.145,598.19,597.89,598.19
2026-09-24T18:44:00Z,2026-09-24T18:45:00Z,598.21,598.345,598.185,598.27
2026-09-24T18:45:00Z,2026-09-24T18:46:00Z,598.265,598.74,598.22,598.62
2026-09-24T18:46:00Z,2026-09-24T18:47:00Z,598.61,598.655,598.46,598.64
2026-09-24T18:47:00Z,2026-09-24T18:48:00Z,598.675,598.715,598.585,598.59
2026-09-24T18:48:00Z,2026-09-24T18:49:00Z,598.615,598.85,598.53,598.825
2026-09-24T18:49:00Z,2026-09-24T18:50:00Z,598.835,598.84,598.615,598.71
2026-09-24T18:50:00Z,2026-09-24T18:51:00Z,598.73,599.43,598.625,599.265
2026-09-24T18:51:00Z,2026-09-24T18:52:00Z,599.27,599.29,598.855,599.135
2026-09-24T18:52:00Z,2026-09-24T18:53:00Z,599.08,599.69,599.08,599.59
2026-09-24T18:53:00Z,2026-09-24T18:54:00Z,599.625,599.65,599.325,599.56
2026-09-24T18:54:00Z,2026-09-24T18:55:00Z,599.55,599.6,599.475,599.515
2026-09-24T18:55:00Z,2026-09-24T18:56:00Z,599.52,599.81,599.52,599.81
2026-09-24T18:56:00Z,2026-09-24T18:57:00Z,599.81,600,599.76,599.975
2026-09-24T18:57:00Z,2026-09-24T18:58:00Z,599.93,600.18,599.91,600.085
2026-09-24T18:58:00Z,2026-09-24T18:59:00Z,600.09,600.385,599.955,600.31
2026-09-24T18:59:00Z,2026-09-24T19:00:00Z,600.315,600.395,600.025,600.05
2026-09-24T19:00:00Z,2026-09-24T19:01:00Z,600.055,600.145,599.645,600.045
2026-09-24T19:01:00Z,2026-09-24T19:02:00Z,600.035,600.065,599.39,599.545
2026-09-24T19:02:00Z,2026-09-24T19:03:00Z,599.61,599.88,599.355,599.39
2026-09-24T19:03:00Z,2026-09-24T19:04:00Z,599.4,599.42,598.965,598.98
2026-09-24T19:04:00Z,2026-09-24T19:05:00Z,598.975,599.115,598.855,599.095
2026-09-24T19:05:00Z,2026-09-24T19:06:00Z,599.09,599.31,599.05,599.275
2026-09-24T19:06:00Z,2026-09-24T19:07:00Z,599.275,599.405,599.14,599.16
2026-09-24T19:07:00Z,2026-09-24T19:08:00Z,599.17,599.485,598.965,599.385
2026-09-24T19:08:00Z,2026-09-24T19:09:00Z,599.36,599.505,599.28,599.28
2026-09-24T19:09:00Z,2026-09-24T19:10:00Z,599.29,599.29,599.045,599.185
2026-09-24T19:10:00Z,2026-09-24T19:11:00Z,599.185,599.33,598.84,598.855
2026-09-24T19:11:00Z,2026-09-24T19:12:00Z,598.865,598.975,598.55,598.665
2026-09-24T19:12:00Z,2026-09-24T19:13:00Z,598.66,598.955,598.66,598.925
2026-09-24T19:13:00Z,2026-09-24T19:14:00Z,598.905,599.185,598.85,598.99
2026-09-24T19:14:00Z,2026-09-24T19:15:00Z,598.985,599.015,598.5,598.52
2026-09-24T19:15:00Z,2026-09-24T19:16:00Z,598.515,598.915,598.515,598.8
2026-09-24T19:16:00Z,2026-09-24T19:17:00Z,598.815,599.35,598.78,599.34
2026-09-24T19:17:00Z,2026-09-24T19:18:00Z,599.35,599.685,599.35,599.6
2026-09-24T19:18:00Z,2026-09-24T19:19:00Z,599.59,599.815,599.52,599.745
2026-09-24T19:19:00Z,2026-09-24T19:20:00Z,599.75,599.775,599.455,599.65
2026-09-24T19:20:00Z,2026-09-24T19:21:00Z,599.65,599.83,599.53,599.595
2026-09-24T19:21:00Z,2026-09-24T19:22:00Z,599.61,599.625,599.42,599.505
2026-09-24T19:22:00Z,2026-09-24T19:23:00Z,599.515,599.755,599.495,599.65
2026-09-24T19:23:00Z,2026-09-24T19:24:00Z,599.64,599.68,599.425,599.565
2026-09-24T19:24:00Z,2026-09-24T19:25:00Z,599.56,599.93,599.53,599.78
2026-09-24T19:25:00Z,2026-09-24T19:26:00Z,599.79,599.97,599.78,599.8
2026-09-24T19:26:00Z,2026-09-24T19:27:00Z,599.805,600.045,599.76,599.835
2026-09-24T19:27:00Z,2026-09-24T19:28:00Z,599.815,599.88,599.665,599.665
2026-09-24T19:28:00Z,2026-09-24T19:29:00Z,599.67,599.745,599.495,599.495
2026-09-24T19:29:00Z,2026-09-24T19:30:00Z,599.51,599.595,599.115,599.14
2026-09-24T19:30:00Z,2026-09-24T19:31:00Z,599.215,599.75,599.07,599.68
2026-09-24T19:31:00Z,2026-09-24T19:32:00Z,599.67,599.92,599.55,599.905
2026-09-24T19:32:00Z,2026-09-24T19:33:00Z,599.905,599.905,599.625,599.69
2026-09-24T19:33:00Z,2026-09-24T19:34:00Z,599.685,599.77,599.62,599.7
2026-09-24T19:34:00Z,2026-09-24T19:35:00Z,599.705,599.925,599.64,599.885
2026-09-24T19:35:00Z,2026-09-24T19:36:00Z,599.875,599.9,599.57,599.685
2026-09-24T19:36:00Z,2026-09-24T19:37:00Z,599.675,599.97,599.675,599.87
2026-09-24T19:37:00Z,2026-09-24T19:38:00Z,599.87,599.89,599.51,599.555
2026-09-24T19:38:00Z,2026-09-24T19:39:00Z,599.56,599.785,599.515,599.785
2026-09-24T19:39:00Z,2026-09-24T19:40:00Z,599.77,599.895,599.685,599.77
2026-09-24T19:40:00Z,2026-09-24T19:41:00Z,599.76,599.905,599.53,599.565
2026-09-24T19:41:00Z,2026-09-24T19:42:00Z,599.565,599.675,599.49,599.64
2026-09-24T19:42:00Z,2026-09-24T19:43:00Z,599.66,599.69,599.395,599.435
2026-09-24T19:43:00Z,2026-09-24T19:44:00Z,599.43,599.665,599.32,599.63
2026-09-24T19:44:00Z,2026-09-24T19:45:00Z,599.64,599.755,599.525,599.725
2026-09-24T19:45:00Z,2026-09-24T19:46:00Z,599.72,599.875,599.57,599.855
2026-09-24T19:46:00Z,2026-09-24T19:47:00Z,599.86,599.9,599.64,599.79
2026-09-24T19:47:00Z,2026-09-24T19:48:00Z,599.81,599.88,599.7,599.825
2026-09-24T19:48:00Z,2026-09-24T19:49:00Z,599.83,599.85,599.57,599.61
2026-09-24T19:49:00Z,2026-09-24T19:50:00Z,599.615,599.755,599.615,599.66
2026-09-24T19:50:00Z,2026-09-24T19:51:00Z,599.65,600.33,599.65,600.03
2026-09-24T19:51:00Z,2026-09-24T19:52:00Z,599.965,600.41,599.91,600.32
2026-09-24T19:52:00Z,2026-09-24T19:53:00Z,600.325,600.42,600.24,600.345
2026-09-24T19:53:00Z,2026-09-24T19:54:00Z,600.38,600.645,600.33,600.61
2026-09-24T19:54:00Z,2026-09-24T19:55:00Z,600.6,600.655,600.2,600.58
2026-09-24T19:55:00Z,2026-09-24T19:56:00Z,600.575,600.785,600.235,600.64
2026-09-24T19:56:00Z,2026-09-24T19:57:00Z,600.65,600.78,600.495,600.53
2026-09-24T19:57:00Z,2026-09-24T19:58:00Z,600.535,600.64,600.435,600.585
2026-09-24T19:58:00Z,2026-09-24T19:59:00Z,600.59,600.745,600.585,600.635
2026-09-24T19:59:00Z,2026-09-24T20:00:00Z,600.645,600.795,600.64,600.655
2026-09-25T13:30:00Z,2026-09-25T13:31:00Z,605.315,605.315,603.26,604.92
2026-09-25T13:31:00Z,2026-09-25T13:32:00Z,604.815,605.22,603.79,604.805
2026-09-25T13:32:00Z,2026-09-25T13:33:00Z,604.805,605.765,604.675,605.695
2026-09-25T13:33:00Z,2026-09-25T13:34:00Z,605.67,605.67,604.945,605.56
2026-09-25T13:34:00Z,2026-09-25T13:35:00Z,605.565,606.9,605.485,606.89
2026-09-25T13:35:00Z,2026-09-25T13:36:00Z,606.895,607.135,606.795,606.965
2026-09-25T13:36:00Z,2026-09-25T13:37:00Z,606.86,607.47,606.44,607.36
2026-09-25T13:37:00Z,2026-09-25T13:38:00Z,607.38,607.73,606.92,607.38
2026-09-25T13:38:00Z,2026-09-25T13:39:00Z,607.375,607.565,607.105,607.405
2026-09-25T13:39:00Z,2026-09-25T13:40:00Z,607.41,607.57,606.495,607.505
2026-09-25T13:40:00Z,2026-09-25T13:41:00Z,607.5,607.9,607.14,607.875
2026-09-25T13:41:00Z,2026-09-25T13:42:00Z,607.87,607.98,607.155,607.345
2026-09-25T13:42:00Z,2026-09-25T13:43:00Z,607.32,607.75,606.55,607.75
2026-09-25T13:43:00Z,2026-09-25T13:44:00Z,607.78,607.78,607.115,607.355
2026-09-25T13:44:00Z,2026-09-25T13:45:00Z,607.35,607.525,606.91,607.495
2026-09-25T13:45:00Z,2026-09-25T13:46:00Z,607.52,607.91,606.695,606.85
2026-09-25T13:46:00Z,2026-09-25T13:47:00Z,606.815,607.17,606.48,607.155
2026-09-25T13:47:00Z,2026-09-25T13:48:00Z,607.155,607.875,607.155,607.49
2026-09-25T13:48:00Z,2026-09-25T13:49:00Z,607.48,607.58,606.485,606.75
2026-09-25T13:49:00Z,2026-09-25T13:50:00Z,606.775,607.39,606.76,607.23
2026-09-25T13:50:00Z,2026-09-25T13:51:00Z,607.23,607.625,607.015,607.29
2026-09-25T13:51:00Z,2026-09-25T13:52:00Z,607.305,607.48,606.93,606.94
2026-09-25T13:52:00Z,2026-09-25T13:53:00Z,606.935,607.76,606.745,607.755
2026-09-25T13:53:00Z,2026-09-25T13:54:00Z,607.695,608.32,607.605,608.175
2026-09-25T13:54:00Z,2026-09-25T13:55:00Z,608.175,609.27,608.175,609.18
2026-09-25T13:55:00Z,2026-09-25T13:56:00Z,609.18,609.62,609.06,609.13
2026-09-25T13:56:00Z,2026-09-25T13:57:00Z,609.085,609.125,608.685,608.965
2026-09-25T13:57:00Z,2026-09-25T13:58:00Z,608.99,608.99,608.495,608.815
2026-09-25T13:58:00Z,2026-09-25T13:59:00Z,608.825,608.94,608.285,608.59
2026-09-25T13:59:00Z,2026-09-25T14:00:00Z,608.595,608.915,608.475,608.905
2026-09-25T14:00:00Z,2026-09-25T14:01:00Z,608.915,609.4,608.55,608.58
2026-09-25T14:01:00Z,2026-09-25T14:02:00Z,608.59,608.62,607.635,607.635
2026-09-25T14:02:00Z,2026-09-25T14:03:00Z,607.615,608.08,606.965,607.925
2026-09-25T14:03:00Z,2026-09-25T14:04:00Z,607.905,607.905,607.125,607.74
2026-09-25T14:04:00Z,2026-09-25T14:05:00Z,607.74,607.74,606.825,607.03
2026-09-25T14:05:00Z,2026-09-25T14:06:00Z,607.025,607.025,605.29,605.47
2026-09-25T14:06:00Z,2026-09-25T14:07:00Z,605.455,606.265,605.25,606.265
2026-09-25T14:07:00Z,2026-09-25T14:08:00Z,606.25,607.08,606.235,606.45
2026-09-25T14:08:00Z,2026-09-25T14:09:00Z,606.435,606.825,605.795,606.785
2026-09-25T14:09:00Z,2026-09-25T14:10:00Z,606.895,606.99,606.405,606.86
2026-09-25T14:10:00Z,2026-09-25T14:11:00Z,606.865,607.54,606.865,607.24
2026-09-25T14:11:00Z,2026-09-25T14:12:00Z,607.23,608.16,606.995,608.01
2026-09-25T14:12:00Z,2026-09-25T14:13:00Z,608.01,608.01,607.415,607.42
2026-09-25T14:13:00Z,2026-09-25T14:14:00Z,607.34,607.535,606.535,606.675
2026-09-25T14:14:00Z,2026-09-25T14:15:00Z,606.675,606.675,605.21,605.23
2026-09-25T14:15:00Z,2026-09-25T14:16:00Z,605.205,605.205,603.585,604.475
2026-09-25T14:16:00Z,2026-09-25T14:17:00Z,604.505,605.01,603.635,603.69
2026-09-25T14:17:00Z,2026-09-25T14:18:00Z,603.695,603.81,602.465,602.7
2026-09-25T14:18:00Z,2026-09-25T14:19:00Z,602.705,604.04,602.61,603.325
2026-09-25T14:19:00Z,2026-09-25T14:20:00Z,603.33,603.525,602.58,603.225
2026-09-25T14:20:00Z,2026-09-25T14:21:00Z,603.235,603.905,602.925,603.7
2026-09-25T14:21:00Z,2026-09-25T14:22:00Z,603.67,603.955,602.865,603.075
2026-09-25T14:22:00Z,2026-09-25T14:23:00Z,603.07,603.775,602.95,603.46
2026-09-25T14:23:00Z,2026-09-25T14:24:00Z,603.455,604.23,603.39,603.875
2026-09-25T14:24:00Z,2026-09-25T14:25:00Z,603.885,604.465,603.825,604.245
2026-09-25T14:25:00Z,2026-09-25T14:26:00Z,604.265,604.43,603.825,604.25
2026-09-25T14:26:00Z,2026-09-25T14:27:00Z,604.26,604.635,604.09,604.245
2026-09-25T14:27:00Z,2026-09-25T14:28:00Z,604.27,604.37,603.8,603.925
2026-09-25T14:28:00Z,2026-09-25T14:29:00Z,603.93,603.99,603.08,603.405
2026-09-25T14:29:00Z,2026-09-25T14:30:00Z,603.41,603.71,602.535,602.655
2026-09-25T14:30:00Z,2026-09-25T14:31:00Z,602.66,603.23,602.28,602.835
2026-09-25T14:31:00Z,2026-09-25T14:32:00Z,602.78,603.275,602.74,602.97
2026-09-25T14:32:00Z,2026-09-25T14:33:00Z,603.105,603.7,603.105,603.49
2026-09-25T14:33:00Z,2026-09-25T14:34:00Z,603.47,604.215,603.45,603.935
2026-09-25T14:34:00Z,2026-09-25T14:35:00Z,603.925,604.5,603.91,604.375
2026-09-25T14:35:00Z,2026-09-25T14:36:00Z,604.37,604.645,604.11,604.51
2026-09-25T14:36:00Z,2026-09-25T14:37:00Z,604.505,604.62,604.155,604.19
2026-09-25T14:37:00Z,2026-09-25T14:38:00Z,604.185,604.345,604.1,604.32
2026-09-25T14:38:00Z,2026-09-25T14:39:00Z,604.28,604.74,604.23,604.41
2026-09-25T14:39:00Z,2026-09-25T14:40:00Z,604.395,604.735,604.395,604.55
2026-09-25T14:40:00Z,2026-09-25T14:41:00Z,604.55,604.695,603.885,603.91
2026-09-25T14:41:00Z,2026-09-25T14:42:00Z,604,604.145,602.99,603.07
2026-09-25T14:42:00Z,2026-09-25T14:43:00Z,603.025,603.47,602.82,603.365
2026-09-25T14:43:00Z,2026-09-25T14:44:00Z,603.35,603.45,602.95,603.35
2026-09-25T14:44:00Z,2026-09-25T14:45:00Z,603.345,604.18,603.34,604.13
2026-09-25T14:45:00Z,2026-09-25T14:46:00Z,604.115,604.145,603.42,604.06
2026-09-25T14:46:00Z,2026-09-25T14:47:00Z,604.055,604.885,603.815,604.43
2026-09-25T14:47:00Z,2026-09-25T14:48:00Z,604.425,604.855,604.31,604.705
2026-09-25T14:48:00Z,2026-09-25T14:49:00Z,604.735,605.015,604.71,604.94
2026-09-25T14:49:00Z,2026-09-25T14:50:00Z,604.95,605.61,604.76,605.48
2026-09-25T14:50:00Z,2026-09-25T14:51:00Z,605.47,605.47,604.96,605.345
2026-09-25T14:51:00Z,2026-09-25T14:52:00Z,605.355,605.475,604.35,604.35
2026-09-25T14:52:00Z,2026-09-25T14:53:00Z,604.355,604.69,604.285,604.495
2026-09-25T14:53:00Z,2026-09-25T14:54:00Z,604.5,605.19,604.48,605.095
2026-09-25T14:54:00Z,2026-09-25T14:55:00Z,605.07,605.34,604.885,605.25
2026-09-25T14:55:00Z,2026-09-25T14:56:00Z,605.255,605.845,605.21,605.8
2026-09-25T14:56:00Z,2026-09-25T14:57:00Z,605.795,606.055,605.5,605.51
2026-09-25T14:57:00Z,2026-09-25T14:58:00Z,605.54,606.015,605.54,605.98
2026-09-25T14:58:00Z,2026-09-25T14:59:00Z,605.97,606.445,605.79,606.4
2026-09-25T14:59:00Z,2026-09-25T15:00:00Z,606.385,606.49,606.225,606.4
2026-09-25T15:00:00Z,2026-09-25T15:01:00Z,606.405,606.405,606,606.11
2026-09-25T15:01:00Z,2026-09-25T15:02:00Z,606.1,606.45,605.965,606.225
2026-09-25T15:02:00Z,2026-09-25T15:03:00Z,606.23,606.835,606.23,606.815
2026-09-25T15:03:00Z,2026-09-25T15:04:00Z,606.825,607.15,606.825,606.99
2026-09-25T15:04:00Z,2026-09-25T15:05:00Z,606.99,607.3,606.87,606.95
2026-09-25T15:05:00Z,2026-09-25T15:06:00Z,606.955,607.185,606.735,606.91
2026-09-25T15:06:00Z,2026-09-25T15:07:00Z,606.9,607.085,606.87,607.01
2026-09-25T15:07:00Z,2026-09-25T15:08:00Z,607.005,607.135,606.885,606.96
2026-09-25T15:08:00Z,2026-09-25T15:09:00Z,606.93,606.93,606.6,606.705
2026-09-25T15:09:00Z,2026-09-25T15:10:00Z,606.71,606.765,606.35,606.395
2026-09-25T15:10:00Z,2026-09-25T15:11:00Z,606.39,606.41,605.9,606.135
2026-09-25T15:11:00Z,2026-09-25T15:12:00Z,606.12,606.145,605.405,605.495
2026-09-25T15:12:00Z,2026-09-25T15:13:00Z,605.505,605.745,605.345,605.57
2026-09-25T15:13:00Z,2026-09-25T15:14:00Z,605.605,605.925,605.555,605.895
2026-09-25T15:14:00Z,2026-09-25T15:15:00Z,605.91,606.11,605.855,605.92
2026-09-25T15:15:00Z,2026-09-25T15:16:00Z,605.91,606.3,605.855,606.245
2026-09-25T15:16:00Z,2026-09-25T15:17:00Z,606.235,606.57,606.145,606.31
2026-09-25T15:17:00Z,2026-09-25T15:18:00Z,606.28,606.405,605.965,606.075
2026-09-25T15:18:00Z,2026-09-25T15:19:00Z,606.065,606.345,605.99,606.215
2026-09-25T15:19:00Z,2026-09-25T15:20:00Z,606.205,606.23,605.72,605.965
2026-09-25T15:20:00Z,2026-09-25T15:21:00Z,605.975,606.12,605.67,606.055
2026-09-25T15:21:00Z,2026-09-25T15:22:00Z,606.085,606.505,605.855,606.14
2026-09-25T15:22:00Z,2026-09-25T15:23:00Z,606.145,606.155,605.95,606.05
2026-09-25T15:23:00Z,2026-09-25T15:24:00Z,606.055,606.32,606,606.17
2026-09-25T15:24:00Z,2026-09-25T15:25:00Z,606.14,606.16,605.685,605.745
2026-09-25T15:25:00Z,2026-09-25T15:26:00Z,605.755,605.845,605.56,605.565
2026-09-25T15:26:00Z,2026-09-25T15:27:00Z,605.56,605.56,605.145,605.445
2026-09-25T15:27:00Z,2026-09-25T15:28:00Z,605.445,605.445,604.96,605.115
2026-09-25T15:28:00Z,2026-09-25T15:29:00Z,605.06,605.3,605.015,605.145
2026-09-25T15:29:00Z,2026-09-25T15:30:00Z,605.175,605.605,605.065,605.245
2026-09-25T15:30:00Z,2026-09-25T15:31:00Z,605.27,606.19,605.09,605.91
2026-09-25T15:31:00Z,2026-09-25T15:32:00Z,605.9,606.21,605.725,606.21
2026-09-25T15:32:00Z,2026-09-25T15:33:00Z,606.185,606.42,606.07,606.2
2026-09-25T15:33:00Z,2026-09-25T15:34:00Z,606.205,606.22,605.72,605.75
2026-09-25T15:34:00Z,2026-09-25T15:35:00Z,605.75,605.91,604.78,604.87
2026-09-25T15:35:00Z,2026-09-25T15:36:00Z,604.85,605.14,604.59,604.79
2026-09-25T15:36:00Z,2026-09-25T15:37:00Z,604.785,604.855,603.795,603.845
2026-09-25T15:37:00Z,2026-09-25T15:38:00Z,603.855,603.95,603.31,603.585
2026-09-25T15:38:00Z,2026-09-25T15:39:00Z,603.595,603.73,603.125,603.22
2026-09-25T15:39:00Z,2026-09-25T15:40:00Z,603.21,603.64,603.045,603.495
2026-09-25T15:40:00Z,2026-09-25T15:41:00Z,603.5,603.915,603.235,603.905
2026-09-25T15:41:00Z,2026-09-25T15:42:00Z,603.96,604.08,603.805,603.97
2026-09-25T15:42:00Z,2026-09-25T15:43:00Z,604.075,604.175,603.47,603.79
2026-09-25T15:43:00Z,2026-09-25T15:44:00Z,603.785,603.885,603.54,603.61
2026-09-25T15:44:00Z,2026-09-25T15:45:00Z,603.635,603.67,603.13,603.19
2026-09-25T15:45:00Z,2026-09-25T15:46:00Z,603.185,603.43,602.91,603.295
2026-09-25T15:46:00Z,2026-09-25T15:47:00Z,603.28,603.79,602.95,603.78
2026-09-25T15:47:00Z,2026-09-25T15:48:00Z,603.78,604.055,603.74,603.985
2026-09-25T15:48:00Z,2026-09-25T15:49:00Z,603.98,604.275,603.84,604.1
2026-09-25T15:49:00Z,2026-09-25T15:50:00Z,604.11,604.48,604.11,604.415
2026-09-25T15:50:00Z,2026-09-25T15:51:00Z,604.42,604.57,604.16,604.25
2026-09-25T15:51:00Z,2026-09-25T15:52:00Z,604.235,604.235,603.3,603.465
2026-09-25T15:52:00Z,2026-09-25T15:53:00Z,603.455,603.7,603.155,603.39
2026-09-25T15:53:00Z,2026-09-25T15:54:00Z,603.4,603.61,603.365,603.41
2026-09-25T15:54:00Z,2026-09-25T15:55:00Z,603.385,604.56,603.27,604.38
2026-09-25T15:55:00Z,2026-09-25T15:56:00Z,604.39,604.745,604.3,604.435
2026-09-25T15:56:00Z,2026-09-25T15:57:00Z,604.445,604.715,604.28,604.68
2026-09-25T15:57:00Z,2026-09-25T15:58:00Z,604.69,605.12,604.69,605.085
2026-09-25T15:58:00Z,2026-09-25T15:59:00Z,605.155,605.935,605.035,605.75
2026-09-25T15:59:00Z,2026-09-25T16:00:00Z,605.74,606.435,605.705,606.305
2026-09-25T16:00:00Z,2026-09-25T16:01:00Z,606.315,606.945,606.005,606.915
2026-09-25T16:01:00Z,2026-09-25T16:02:00Z,606.92,607.045,606.67,606.715
2026-09-25T16:02:00Z,2026-09-25T16:03:00Z,606.75,607.5,606.725,607.5
2026-09-25T16:03:00Z,2026-09-25T16:04:00Z,607.495,607.945,607.32,607.935
2026-09-25T16:04:00Z,2026-09-25T16:05:00Z,607.94,608.16,607.755,608.135
2026-09-25T16:05:00Z,2026-09-25T16:06:00Z,608.13,608.575,607.675,608.405
2026-09-25T16:06:00Z,2026-09-25T16:07:00Z,608.395,608.685,608.19,608.385
2026-09-25T16:07:00Z,2026-09-25T16:08:00Z,608.4,608.66,608.355,608.465
2026-09-25T16:08:00Z,2026-09-25T16:09:00Z,608.465,608.66,608.295,608.375
2026-09-25T16:09:00Z,2026-09-25T16:10:00Z,608.375,609.015,608.095,608.995
2026-09-25T16:10:00Z,2026-09-25T16:11:00Z,609.02,609.54,608.865,609.325
2026-09-25T16:11:00Z,2026-09-25T16:12:00Z,609.305,609.32,608.395,608.66
2026-09-25T16:12:00Z,2026-09-25T16:13:00Z,608.65,608.81,608.475,608.6
2026-09-25T16:13:00Z,2026-09-25T16:14:00Z,608.585,608.755,608.47,608.685
2026-09-25T16:14:00Z,2026-09-25T16:15:00Z,608.7,608.755,607.96,608.33
2026-09-25T16:15:00Z,2026-09-25T16:16:00Z,608.32,608.95,608.18,608.95
2026-09-25T16:16:00Z,2026-09-25T16:17:00Z,608.95,609.25,608.725,609.175
2026-09-25T16:17:00Z,2026-09-25T16:18:00Z,609.155,609.33,608.485,608.495
2026-09-25T16:18:00Z,2026-09-25T16:19:00Z,608.505,608.545,607.715,607.845
2026-09-25T16:19:00Z,2026-09-25T16:20:00Z,607.84,608.025,607.71,608.005
2026-09-25T16:20:00Z,2026-09-25T16:21:00Z,607.98,608.045,607.485,607.56
2026-09-25T16:21:00Z,2026-09-25T16:22:00Z,607.575,607.745,607.13,607.63
2026-09-25T16:22:00Z,2026-09-25T16:23:00Z,607.615,607.63,607.07,607.31
2026-09-25T16:23:00Z,2026-09-25T16:24:00Z,607.32,607.325,606.62,606.91
2026-09-25T16:24:00Z,2026-09-25T16:25:00Z,606.9,607.29,606.895,607.23
2026-09-25T16:25:00Z,2026-09-25T16:26:00Z,607.205,607.775,607.105,607.52
2026-09-25T16:26:00Z,2026-09-25T16:27:00Z,607.53,608.435,607.38,608.4
2026-09-25T16:27:00Z,2026-09-25T16:28:00Z,608.39,608.535,608.275,608.37
2026-09-25T16:28:00Z,2026-09-25T16:29:00Z,608.375,608.4,608.16,608.27
2026-09-25T16:29:00Z,2026-09-25T16:30:00Z,608.255,608.59,608.255,608.485
2026-09-25T16:30:00Z,2026-09-25T16:31:00Z,608.5,608.525,608.045,608.33
2026-09-25T16:31:00Z,2026-09-25T16:32:00Z,608.4,608.55,608.265,608.52
2026-09-25T16:32:00Z,2026-09-25T16:33:00Z,608.525,608.685,608.31,608.315
2026-09-25T16:33:00Z,2026-09-25T16:34:00Z,608.315,608.62,608.245,608.58
2026-09-25T16:34:00Z,2026-09-25T16:35:00Z,608.59,608.605,607.195,607.63
2026-09-25T16:35:00Z,2026-09-25T16:36:00Z,607.64,608.025,607.63,607.97
2026-09-25T16:36:00Z,2026-09-25T16:37:00Z,607.965,608.195,607.615,608.18
2026-09-25T16:37:00Z,2026-09-25T16:38:00Z,608.185,608.805,608.18,608.445
2026-09-25T16:38:00Z,2026-09-25T16:39:00Z,608.43,608.43,607.84,608.305
2026-09-25T16:39:00Z,2026-09-25T16:40:00Z,608.3,608.38,608.03,608.08
2026-09-25T16:40:00Z,2026-09-25T16:41:00Z,608.08,608.12,607.86,607.885
2026-09-25T16:41:00Z,2026-09-25T16:42:00Z,607.885,608.075,607.865,607.965
2026-09-25T16:42:00Z,2026-09-25T16:43:00Z,608,608.395,607.8,607.895
2026-09-25T16:43:00Z,2026-09-25T16:44:00Z,607.91,608.425,607.9,608.365
2026-09-25T16:44:00Z,2026-09-25T16:45:00Z,608.375,608.585,608.23,608.28
2026-09-25T16:45:00Z,2026-09-25T16:46:00Z,608.285,608.405,607.9,608.405
2026-09-25T16:46:00Z,2026-09-25T16:47:00Z,608.41,608.53,608.25,608.265
2026-09-25T16:47:00Z,2026-09-25T16:48:00Z,608.265,608.265,608,608.045
2026-09-25T16:48:00Z,2026-09-25T16:49:00Z,608.04,608.095,607.685,607.75
2026-09-25T16:49:00Z,2026-09-25T16:50:00Z,607.74,607.91,607.365,607.835
2026-09-25T16:50:00Z,2026-09-25T16:51:00Z,607.825,608.175,607.8,607.925
2026-09-25T16:51:00Z,2026-09-25T16:52:00Z,607.92,607.94,607.73,607.9
2026-09-25T16:52:00Z,2026-09-25T16:53:00Z,607.905,608.015,607.745,608.005
2026-09-25T16:53:00Z,2026-09-25T16:54:00Z,608,608.03,607.645,607.665
2026-09-25T16:54:00Z,2026-09-25T16:55:00Z,607.68,607.78,607.525,607.735
2026-09-25T16:55:00Z,2026-09-25T16:56:00Z,607.725,607.855,607.61,607.695
2026-09-25T16:56:00Z,2026-09-25T16:57:00Z,607.69,607.905,607.53,607.585
2026-09-25T16:57:00Z,2026-09-25T16:58:00Z,607.58,607.58,607.145,607.15
2026-09-25T16:58:00Z,2026-09-25T16:59:00Z,607.16,607.28,607.075,607.205
2026-09-25T16:59:00Z,2026-09-25T17:00:00Z,607.195,607.485,606.835,607.245
2026-09-25T17:00:00Z,2026-09-25T17:01:00Z,607.245,607.245,607.19,607.24
2026-09-25T17:01:00Z,2026-09-25T17:02:00Z,607.24,608.065,607.24,608.025
2026-09-25T17:02:00Z,2026-09-25T17:03:00Z,608.025,608.21,607.925,608.115
2026-09-25T17:03:00Z,2026-09-25T17:04:00Z,608.11,608.325,608.005,608.005
2026-09-25T17:04:00Z,2026-09-25T17:05:00Z,608,608.13,607.9,607.99
2026-09-25T17:05:00Z,2026-09-25T17:06:00Z,607.99,608.135,607.945,608.055
2026-09-25T17:06:00Z,2026-09-25T17:07:00Z,608.055,608.215,607.98,608.065
2026-09-25T17:07:00Z,2026-09-25T17:08:00Z,608.06,608.185,607.99,608.135
2026-09-25T17:08:00Z,2026-09-25T17:09:00Z,608.15,608.15,607.845,608.05
2026-09-25T17:09:00Z,2026-09-25T17:10:00Z,608.05,608.45,608.05,608.425
2026-09-25T17:10:00Z,2026-09-25T17:11:00Z,608.42,608.42,608.2,608.275
2026-09-25T17:11:00Z,2026-09-25T17:12:00Z,608.27,608.38,607.945,607.945
2026-09-25T17:12:00Z,2026-09-25T17:13:00Z,607.985,608.27,607.835,608.27
2026-09-25T17:13:00Z,2026-09-25T17:14:00Z,608.265,608.525,608.165,608.34
2026-09-25T17:14:00Z,2026-09-25T17:15:00Z,608.35,608.65,608.28,608.62
2026-09-25T17:15:00Z,2026-09-25T17:16:00Z,608.625,608.64,608.425,608.535
2026-09-25T17:16:00Z,2026-09-25T17:17:00Z,608.54,608.56,608.4,608.415
2026-09-25T17:17:00Z,2026-09-25T17:18:00Z,608.41,608.745,608.41,608.52
2026-09-25T17:18:00Z,2026-09-25T17:19:00Z,608.54,608.56,608.11,608.24
2026-09-25T17:19:00Z,2026-09-25T17:20:00Z,608.235,608.25,608.085,608.155
2026-09-25T17:20:00Z,2026-09-25T17:21:00Z,608.17,608.26,608.04,608.205
2026-09-25T17:21:00Z,2026-09-25T17:22:00Z,608.22,608.26,608.065,608.16
2026-09-25T17:22:00Z,2026-09-25T17:23:00Z,608.16,608.255,608.075,608.09
2026-09-25T17:23:00Z,2026-09-25T17:24:00Z,608.125,608.235,608.025,608.095
2026-09-25T17:24:00Z,2026-09-25T17:25:00Z,608.12,608.19,608.045,608.135
2026-09-25T17:25:00Z,2026-09-25T17:26:00Z,608.13,608.165,608.045,608.06
2026-09-25T17:26:00Z,2026-09-25T17:27:00Z,608.08,608.155,607.855,607.875
2026-09-25T17:27:00Z,2026-09-25T17:28:00Z,607.865,607.865,607.685,607.72
2026-09-25T17:28:00Z,2026-09-25T17:29:00Z,607.71,607.87,607.71,607.85
2026-09-25T17:29:00Z,2026-09-25T17:30:00Z,607.845,607.86,607.675,607.77
2026-09-25T17:30:00Z,2026-09-25T17:31:00Z,607.795,607.865,607.7,607.82
2026-09-25T17:31:00Z,2026-09-25T17:32:00Z,607.82,607.82,607.5,607.5
2026-09-25T17:32:00Z,2026-09-25T17:33:00Z,607.505,607.715,607.465,607.555
2026-09-25T17:33:00Z,2026-09-25T17:34:00Z,607.555,607.78,607.495,607.55
2026-09-25T17:34:00Z,2026-09-25T17:35:00Z,607.555,607.6,607.035,607.205
2026-09-25T17:35:00Z,2026-09-25T17:36:00Z,607.215,607.245,607.08,607.2
2026-09-25T17:36:00Z,2026-09-25T17:37:00Z,607.195,607.33,607.035,607.07
2026-09-25T17:37:00Z,2026-09-25T17:38:00Z,607.075,607.08,606.72,606.955
2026-09-25T17:38:00Z,2026-09-25T17:39:00Z,606.95,607.305,606.91,607.28
2026-09-25T17:39:00Z,2026-09-25T17:40:00Z,607.275,607.68,607.17,607.41
2026-09-25T17:40:00Z,2026-09-25T17:41:00Z,607.435,607.665,607.28,607.48
2026-09-25T17:41:00Z,2026-09-25T17:42:00Z,607.49,607.72,607.43,607.65
2026-09-25T17:42:00Z,2026-09-25T17:43:00Z,607.64,607.88,607.61,607.81
2026-09-25T17:43:00Z,2026-09-25T17:44:00Z,607.8,607.81,607.605,607.67
2026-09-25T17:44:00Z,2026-09-25T17:45:00Z,607.67,607.845,607.635,607.715
2026-09-25T17:45:00Z,2026-09-25T17:46:00Z,607.695,607.79,607.575,607.7
2026-09-25T17:46:00Z,2026-09-25T17:47:00Z,607.705,607.765,607.58,607.61
2026-09-25T17:47:00Z,2026-09-25T17:48:00Z,607.61,607.645,607.495,607.585
2026-09-25T17:48:00Z,2026-09-25T17:49:00Z,607.625,607.63,607.515,607.585
2026-09-25T17:49:00Z,2026-09-25T17:50:00Z,607.59,607.895,607.59,607.815
2026-09-25T17:50:00Z,2026-09-25T17:51:00Z,607.815,607.84,607.7,607.75
2026-09-25T17:51:00Z,2026-09-25T17:52:00Z,607.74,607.85,607.58,607.66
2026-09-25T17:52:00Z,2026-09-25T17:53:00Z,607.655,607.66,607.15,607.16
2026-09-25T17:53:00Z,2026-09-25T17:54:00Z,607.155,607.31,607.08,607.305
2026-09-25T17:54:00Z,2026-09-25T17:55:00Z,607.3,607.32,607.045,607.21
2026-09-25T17:55:00Z,2026-09-25T17:56:00Z,607.285,607.38,607.225,607.355
2026-09-25T17:56:00Z,2026-09-25T17:57:00Z,607.36,607.52,607.32,607.445
2026-09-25T17:57:00Z,2026-09-25T17:58:00Z,607.455,607.505,607.38,607.42
2026-09-25T17:58:00Z,2026-09-25T17:59:00Z,607.42,607.635,607.42,607.49
2026-09-25T17:59:00Z,2026-09-25T18:00:00Z,607.485,607.57,607.36,607.48
2026-09-25T18:00:00Z,2026-09-25T18:01:00Z,607.485,607.565,607.405,607.5
2026-09-25T18:01:00Z,2026-09-25T18:02:00Z,607.51,607.565,607.425,607.49
2026-09-25T18:02:00Z,2026-09-25T18:03:00Z,607.5,607.53,607.255,607.3
2026-09-25T18:03:00Z,2026-09-25T18:04:00Z,607.355,607.58,607.285,607.485
2026-09-25T18:04:00Z,2026-09-25T18:05:00Z,607.48,607.505,607.23,607.26
2026-09-25T18:05:00Z,2026-09-25T18:06:00Z,607.24,607.51,607.24,607.41
2026-09-25T18:06:00Z,2026-09-25T18:07:00Z,607.415,607.46,607.19,607.26
2026-09-25T18:07:00Z,2026-09-25T18:08:00Z,607.27,607.345,607.11,607.225
2026-09-25T18:08:00Z,2026-09-25T18:09:00Z,607.215,607.515,607.135,607.5
2026-09-25T18:09:00Z,2026-09-25T18:10:00Z,607.505,607.655,607.49,607.6
2026-09-25T18:10:00Z,2026-09-25T18:11:00Z,607.595,607.63,607.49,607.505
2026-09-25T18:11:00Z,2026-09-25T18:12:00Z,607.51,607.56,607.425,607.47
2026-09-25T18:12:00Z,2026-09-25T18:13:00Z,607.475,607.72,607.37,607.68
2026-09-25T18:13:00Z,2026-09-25T18:14:00Z,607.675,607.925,607.67,607.92
2026-09-25T18:14:00Z,2026-09-25T18:15:00Z,607.905,608.07,607.865,608.03
2026-09-25T18:15:00Z,2026-09-25T18:16:00Z,608.04,608.065,607.9,607.96
2026-09-25T18:16:00Z,2026-09-25T18:17:00Z,607.975,608.105,607.885,607.98
2026-09-25T18:17:00Z,2026-09-25T18:18:00Z,607.99,607.99,607.835,607.91
2026-09-25T18:18:00Z,2026-09-25T18:19:00Z,607.905,607.995,607.69,607.725
2026-09-25T18:19:00Z,2026-09-25T18:20:00Z,607.735,607.735,607.59,607.735
2026-09-25T18:20:00Z,2026-09-25T18:21:00Z,607.725,607.895,607.71,607.75
2026-09-25T18:21:00Z,2026-09-25T18:22:00Z,607.755,607.755,607.635,607.68
2026-09-25T18:22:00Z,2026-09-25T18:23:00Z,607.725,607.95,607.675,607.775
2026-09-25T18:23:00Z,2026-09-25T18:24:00Z,607.77,608.055,607.755,608.01
2026-09-25T18:24:00Z,2026-09-25T18:25:00Z,608.015,608.085,608.01,608.035
2026-09-25T18:25:00Z,2026-09-25T18:26:00Z,608.04,608.055,607.92,607.95
2026-09-25T18:26:00Z,2026-09-25T18:27:00Z,607.945,607.955,607.175,607.315
2026-09-25T18:27:00Z,2026-09-25T18:28:00Z,607.31,607.32,606.685,606.73
2026-09-25T18:28:00Z,2026-09-25T18:29:00Z,606.725,607.075,606.625,607.04
2026-09-25T18:29:00Z,2026-09-25T18:30:00Z,607.035,607.285,606.91,607.11
2026-09-25T18:30:00Z,2026-09-25T18:31:00Z,607.14,607.465,607.13,607.305
2026-09-25T18:31:00Z,2026-09-25T18:32:00Z,607.31,607.49,607.255,607.325
2026-09-25T18:32:00Z,2026-09-25T18:33:00Z,607.335,607.335,607.06,607.13
2026-09-25T18:33:00Z,2026-09-25T18:34:00Z,607.155,607.295,607.13,607.175
2026-09-25T18:34:00Z,2026-09-25T18:35:00Z,607.21,607.23,607.05,607.19
2026-09-25T18:35:00Z,2026-09-25T18:36:00Z,607.19,607.36,607.05,607.28
2026-09-25T18:36:00Z,2026-09-25T18:37:00Z,607.3,607.345,607.245,607.31
2026-09-25T18:37:00Z,2026-09-25T18:38:00Z,607.31,607.31,606.72,606.775
2026-09-25T18:38:00Z,2026-09-25T18:39:00Z,606.765,606.8,606.6,606.79
2026-09-25T18:39:00Z,2026-09-25T18:40:00Z,606.795,606.825,606.415,606.42
2026-09-25T18:40:00Z,2026-09-25T18:41:00Z,606.455,606.61,606.26,606.55
2026-09-25T18:41:00Z,2026-09-25T18:42:00Z,606.555,606.71,606.46,606.61
2026-09-25T18:42:00Z,2026-09-25T18:43:00Z,606.595,606.815,606.595,606.81
2026-09-25T18:43:00Z,2026-09-25T18:44:00Z,606.805,606.81,606.71,606.81
2026-09-25T18:44:00Z,2026-09-25T18:45:00Z,606.79,606.91,606.765,606.9
2026-09-25T18:45:00Z,2026-09-25T18:46:00Z,606.905,607.005,606.865,606.905
2026-09-25T18:46:00Z,2026-09-25T18:47:00Z,606.9,606.995,606.7,606.72
2026-09-25T18:47:00Z,2026-09-25T18:48:00Z,606.69,606.705,606.505,606.57
2026-09-25T18:48:00Z,2026-09-25T18:49:00Z,606.555,606.75,606.48,606.705
2026-09-25T18:49:00Z,2026-09-25T18:50:00Z,606.71,606.84,606.7,606.72
2026-09-25T18:50:00Z,2026-09-25T18:51:00Z,606.725,606.735,606.535,606.605
2026-09-25T18:51:00Z,2026-09-25T18:52:00Z,606.605,606.645,606.355,606.515
2026-09-25T18:52:00Z,2026-09-25T18:53:00Z,606.5,606.61,606.415,606.61
2026-09-25T18:53:00Z,2026-09-25T18:54:00Z,606.64,606.655,606.475,606.58
2026-09-25T18:54:00Z,2026-09-25T18:55:00Z,606.59,606.6,606.21,606.26
2026-09-25T18:55:00Z,2026-09-25T18:56:00Z,606.27,606.465,606.27,606.405
2026-09-25T18:56:00Z,2026-09-25T18:57:00Z,606.41,606.46,606.335,606.405
2026-09-25T18:57:00Z,2026-09-25T18:58:00Z,606.41,606.45,606.33,606.365
2026-09-25T18:58:00Z,2026-09-25T18:59:00Z,606.355,606.465,606.27,606.425
2026-09-25T18:59:00Z,2026-09-25T19:00:00Z,606.42,606.44,606.045,606.075
2026-09-25T19:00:00Z,2026-09-25T19:01:00Z,606.08,606.295,606.055,606.125
2026-09-25T19:01:00Z,2026-09-25T19:02:00Z,606.115,606.385,605.935,605.935
2026-09-25T19:02:00Z,2026-09-25T19:03:00Z,605.95,606.01,605.74,605.79
2026-09-25T19:03:00Z,2026-09-25T19:04:00Z,605.795,606.225,605.675,606.225
2026-09-25T19:04:00Z,2026-09-25T19:05:00Z,606.23,606.645,606.23,606.54
2026-09-25T19:05:00Z,2026-09-25T19:06:00Z,606.54,606.835,606.51,606.755
2026-09-25T19:06:00Z,2026-09-25T19:07:00Z,606.76,606.965,606.555,606.625
2026-09-25T19:07:00Z,2026-09-25T19:08:00Z,606.63,606.85,606.58,606.785
2026-09-25T19:08:00Z,2026-09-25T19:09:00Z,606.805,606.83,606.675,606.815
2026-09-25T19:09:00Z,2026-09-25T19:10:00Z,606.81,606.81,606.56,606.7
2026-09-25T19:10:00Z,2026-09-25T19:11:00Z,606.695,606.855,606.655,606.76
2026-09-25T19:11:00Z,2026-09-25T19:12:00Z,606.75,606.785,606.58,606.7
2026-09-25T19:12:00Z,2026-09-25T19:13:00Z,606.71,606.845,606.66,606.835
2026-09-25T19:13:00Z,2026-09-25T19:14:00Z,606.84,606.875,606.7,606.86
2026-09-25T19:14:00Z,2026-09-25T19:15:00Z,606.85,607.155,606.835,607.11
2026-09-25T19:15:00Z,2026-09-25T19:16:00Z,607.12,607.205,606.985,607.06
2026-09-25T19:16:00Z,2026-09-25T19:17:00Z,607.065,607.12,606.905,606.985
2026-09-25T19:17:00Z,2026-09-25T19:18:00Z,607.025,607.06,606.94,607.01
2026-09-25T19:18:00Z,2026-09-25T19:19:00Z,607,607.065,606.94,607.03
2026-09-25T19:19:00Z,2026-09-25T19:20:00Z,607.025,607.03,606.745,606.745
2026-09-25T19:20:00Z,2026-09-25T19:21:00Z,606.75,606.875,606.675,606.695
2026-09-25T19:21:00Z,2026-09-25T19:22:00Z,606.685,606.79,606.615,606.74
2026-09-25T19:22:00Z,2026-09-25T19:23:00Z,606.745,606.79,606.55,606.62
2026-09-25T19:23:00Z,2026-09-25T19:24:00Z,606.61,606.635,606.495,606.62
2026-09-25T19:24:00Z,2026-09-25T19:25:00Z,606.61,606.96,606.61,606.8
2026-09-25T19:25:00Z,2026-09-25T19:26:00Z,606.78,606.9,606.69,606.8
2026-09-25T19:26:00Z,2026-09-25T19:27:00Z,606.815,606.83,606.41,606.665
2026-09-25T19:27:00Z,2026-09-25T19:28:00Z,606.655,606.74,606.53,606.715
2026-09-25T19:28:00Z,2026-09-25T19:29:00Z,606.71,606.795,606.55,606.635
2026-09-25T19:29:00Z,2026-09-25T19:30:00Z,606.625,606.82,606.545,606.73
2026-09-25T19:30:00Z,2026-09-25T19:31:00Z,606.74,606.74,606.01,606.14
2026-09-25T19:31:00Z,2026-09-25T19:32:00Z,606.13,606.28,606.06,606.265
2026-09-25T19:32:00Z,2026-09-25T19:33:00Z,606.275,606.435,606.115,606.22
2026-09-25T19:33:00Z,2026-09-25T19:34:00Z,606.215,606.37,606.155,606.345
2026-09-25T19:34:00Z,2026-09-25T19:35:00Z,606.34,606.4,605.795,605.795
2026-09-25T19:35:00Z,2026-09-25T19:36:00Z,605.8,605.935,605.55,605.645
2026-09-25T19:36:00Z,2026-09-25T19:37:00Z,605.655,605.845,605.45,605.825
2026-09-25T19:37:00Z,2026-09-25T19:38:00Z,605.815,606.345,605.77,606.26
2026-09-25T19:38:00Z,2026-09-25T19:39:00Z,606.265,606.45,606.195,606.32
2026-09-25T19:39:00Z,2026-09-25T19:40:00Z,606.325,606.52,606.24,606.385
2026-09-25T19:40:00Z,2026-09-25T19:41:00Z,606.39,606.405,606.13,606.305
2026-09-25T19:41:00Z,2026-09-25T19:42:00Z,606.3,606.425,606.165,606.17
2026-09-25T19:42:00Z,2026-09-25T19:43:00Z,606.175,606.445,606.175,606.425
2026-09-25T19:43:00Z,2026-09-25T19:44:00Z,606.435,606.85,606.425,606.79
2026-09-25T19:44:00Z,2026-09-25T19:45:00Z,606.805,606.83,606.535,606.695
2026-09-25T19:45:00Z,2026-09-25T19:46:00Z,606.705,607.245,606.705,607.155
2026-09-25T19:46:00Z,2026-09-25T19:47:00Z,607.16,607.275,607.03,607.175
2026-09-25T19:47:00Z,2026-09-25T19:48:00Z,607.165,607.215,607,607.195
2026-09-25T19:48:00Z,2026-09-25T19:49:00Z,607.19,607.33,606.99,607.25
2026-09-25T19:49:00Z,2026-09-25T19:50:00Z,607.265,607.485,607.205,607.38
2026-09-25T19:50:00Z,2026-09-25T19:51:00Z,607.36,607.63,607.29,607.62
2026-09-25T19:51:00Z,2026-09-25T19:52:00Z,607.615,607.855,607.365,607.525
2026-09-25T19:52:00Z,2026-09-25T19:53:00Z,607.535,607.985,607.535,607.725
2026-09-25T19:53:00Z,2026-09-25T19:54:00Z,607.73,608.01,607.675,607.675
2026-09-25T19:54:00Z,2026-09-25T19:55:00Z,607.68,607.755,607.21,607.46
2026-09-25T19:55:00Z,2026-09-25T19:56:00Z,607.445,607.685,607.18,607.26
2026-09-25T19:56:00Z,2026-09-25T19:57:00Z,607.255,607.265,606.57,606.77
2026-09-25T19:57:00Z,2026-09-25T19:58:00Z,606.765,607.395,606.765,607.385
2026-09-25T19:58:00Z,2026-09-25T19:59:00Z,607.375,607.47,607.145,607.3
2026-09-25T19:59:00Z,2026-09-25T20:00:00Z,607.295,607.3,606.44,606.63
2026-09-28T13:30:00Z,2026-09-28T13:31:00Z,605.155,605.835,604.29,604.495
2026-09-28T13:31:00Z,2026-09-28T13:32:00Z,604.495,607.21,604.42,607.11
2026-09-28T13:32:00Z,2026-09-28T13:33:00Z,607.175,607.955,606.88,607.575
2026-09-28T13:33:00Z,2026-09-28T13:34:00Z,607.585,607.585,606.39,607.03
2026-09-28T13:34:00Z,2026-09-28T13:35:00Z,606.97,607.05,604.94,605.045
2026-09-28T13:35:00Z,2026-09-28T13:36:00Z,605.035,605.055,603.56,603.755
2026-09-28T13:36:00Z,2026-09-28T13:37:00Z,603.75,604.955,603.42,604.885
2026-09-28T13:37:00Z,2026-09-28T13:38:00Z,604.885,604.93,603.875,603.915
2026-09-28T13:38:00Z,2026-09-28T13:39:00Z,603.92,603.92,602.62,603.01
2026-09-28T13:39:00Z,2026-09-28T13:40:00Z,603.015,603.82,602.925,603.27
2026-09-28T13:40:00Z,2026-09-28T13:41:00Z,603.245,603.63,602.805,603.2
2026-09-28T13:41:00Z,2026-09-28T13:42:00Z,603.25,603.755,602.32,602.33
2026-09-28T13:42:00Z,2026-09-28T13:43:00Z,602.375,603.555,602.375,603.09
2026-09-28T13:43:00Z,2026-09-28T13:44:00Z,603.145,603.525,602.645,603.375
2026-09-28T13:44:00Z,2026-09-28T13:45:00Z,603.37,603.37,601.36,601.57
2026-09-28T13:45:00Z,2026-09-28T13:46:00Z,601.575,602.205,601.19,601.545
2026-09-28T13:46:00Z,2026-09-28T13:47:00Z,601.49,601.61,600.92,601.44
2026-09-28T13:47:00Z,2026-09-28T13:48:00Z,601.445,602.1,601.43,601.58
2026-09-28T13:48:00Z,2026-09-28T13:49:00Z,601.575,602.165,601.34,601.96
2026-09-28T13:49:00Z,2026-09-28T13:50:00Z,601.8,602.625,601.8,602.18
2026-09-28T13:50:00Z,2026-09-28T13:51:00Z,602.175,602.365,601.37,601.405
2026-09-28T13:51:00Z,2026-09-28T13:52:00Z,601.39,601.39,600.14,600.35
2026-09-28T13:52:00Z,2026-09-28T13:53:00Z,600.345,600.395,599.93,600.385
2026-09-28T13:53:00Z,2026-09-28T13:54:00Z,600.39,601.605,600.385,601.465
2026-09-28T13:54:00Z,2026-09-28T13:55:00Z,601.48,602.47,601.44,602.24
2026-09-28T13:55:00Z,2026-09-28T13:56:00Z,602.235,602.825,601.84,602.035
2026-09-28T13:56:00Z,2026-09-28T13:57:00Z,602.04,602.05,601.435,601.635
2026-09-28T13:57:00Z,2026-09-28T13:58:00Z,601.605,602.525,601.585,602.475
2026-09-28T13:58:00Z,2026-09-28T13:59:00Z,602.5,602.9,602.245,602.525
2026-09-28T13:59:00Z,2026-09-28T14:00:00Z,602.515,602.55,601.83,602.225
2026-09-28T14:00:00Z,2026-09-28T14:01:00Z,602.245,602.57,601.71,602.56
2026-09-28T14:01:00Z,2026-09-28T14:02:00Z,602.555,602.555,601.255,601.64
2026-09-28T14:02:00Z,2026-09-28T14:03:00Z,601.62,601.7,601.185,601.365
2026-09-28T14:03:00Z,2026-09-28T14:04:00Z,601.39,601.64,601.13,601.295
2026-09-28T14:04:00Z,2026-09-28T14:05:00Z,601.26,601.285,600.435,600.51
2026-09-28T14:05:00Z,2026-09-28T14:06:00Z,600.53,600.6,599.76,599.815
2026-09-28T14:06:00Z,2026-09-28T14:07:00Z,599.84,600.2,599.58,600.16
2026-09-28T14:07:00Z,2026-09-28T14:08:00Z,600.17,600.525,600.065,600.225
2026-09-28T14:08:00Z,2026-09-28T14:09:00Z,600.225,600.265,599.58,599.625
2026-09-28T14:09:00Z,2026-09-28T14:10:00Z,599.655,600.345,599.65,599.785
2026-09-28T14:10:00Z,2026-09-28T14:11:00Z,599.78,599.78,598.59,598.645
2026-09-28T14:11:00Z,2026-09-28T14:12:00Z,598.64,598.775,598.065,598.115
2026-09-28T14:12:00Z,2026-09-28T14:13:00Z,598.05,598.06,597.11,597.35
2026-09-28T14:13:00Z,2026-09-28T14:14:00Z,597.345,597.855,597.095,597.53
2026-09-28T14:14:00Z,2026-09-28T14:15:00Z,597.535,597.535,596.825,597.12
2026-09-28T14:15:00Z,2026-09-28T14:16:00Z,597.125,598.36,597.105,597.945
2026-09-28T14:16:00Z,2026-09-28T14:17:00Z,597.955,598.73,597.86,598.665
2026-09-28T14:17:00Z,2026-09-28T14:18:00Z,598.725,598.845,598.36,598.845
2026-09-28T14:18:00Z,2026-09-28T14:19:00Z,598.825,599.155,598.76,598.91
2026-09-28T14:19:00Z,2026-09-28T14:20:00Z,598.93,599.46,598.93,599.19
2026-09-28T14:20:00Z,2026-09-28T14:21:00Z,599.185,599.79,598.56,599.66
2026-09-28T14:21:00Z,2026-09-28T14:22:00Z,599.655,599.86,599.05,599.22
2026-09-28T14:22:00Z,2026-09-28T14:23:00Z,599.24,600.295,599.24,600.295
2026-09-28T14:23:00Z,2026-09-28T14:24:00Z,600.29,600.295,599.71,599.855
2026-09-28T14:24:00Z,2026-09-28T14:25:00Z,599.845,599.875,599.425,599.61
2026-09-28T14:25:00Z,2026-09-28T14:26:00Z,599.605,599.605,599.075,599.095
2026-09-28T14:26:00Z,2026-09-28T14:27:00Z,599.085,599.22,598.6,598.815
2026-09-28T14:27:00Z,2026-09-28T14:28:00Z,598.82,598.9,598.635,598.77
2026-09-28T14:28:00Z,2026-09-28T14:29:00Z,598.78,599.085,598.585,599.055
2026-09-28T14:29:00Z,2026-09-28T14:30:00Z,599.035,599.045,598.44,598.635
2026-09-28T14:30:00Z,2026-09-28T14:31:00Z,598.63,598.885,598.505,598.645
2026-09-28T14:31:00Z,2026-09-28T14:32:00Z,598.6,598.77,598.38,598.655
2026-09-28T14:32:00Z,2026-09-28T14:33:00Z,598.65,599.305,598.575,599.305
2026-09-28T14:33:00Z,2026-09-28T14:34:00Z,599.345,599.605,599.175,599.305
2026-09-28T14:34:00Z,2026-09-28T14:35:00Z,599.31,599.425,599.085,599.165
2026-09-28T14:35:00Z,2026-09-28T14:36:00Z,599.14,599.255,598.53,598.57
2026-09-28T14:36:00Z,2026-09-28T14:37:00Z,598.57,598.78,598.16,598.25
2026-09-28T14:37:00Z,2026-09-28T14:38:00Z,598.245,598.495,597.58,597.68
2026-09-28T14:38:00Z,2026-09-28T14:39:00Z,597.675,597.745,596.855,597.165
2026-09-28T14:39:00Z,2026-09-28T14:40:00Z,597.16,597.64,597.09,597.51
2026-09-28T14:40:00Z,2026-09-28T14:41:00Z,597.55,598.035,597.47,597.525
2026-09-28T14:41:00Z,2026-09-28T14:42:00Z,597.585,597.59,597.035,597.455
2026-09-28T14:42:00Z,2026-09-28T14:43:00Z,597.455,597.455,596.645,596.7
2026-09-28T14:43:00Z,2026-09-28T14:44:00Z,596.69,596.69,595.54,595.675
2026-09-28T14:44:00Z,2026-09-28T14:45:00Z,595.685,595.685,594.615,594.795
2026-09-28T14:45:00Z,2026-09-28T14:46:00Z,594.84,594.995,593.52,593.925
2026-09-28T14:46:00Z,2026-09-28T14:47:00Z,593.95,594.28,593.325,593.5
2026-09-28T14:47:00Z,2026-09-28T14:48:00Z,593.49,593.5,592.46,592.56
2026-09-28T14:48:00Z,2026-09-28T14:49:00Z,592.535,592.81,591.935,592.69
2026-09-28T14:49:00Z,2026-09-28T14:50:00Z,592.655,593.14,592.655,593.055
2026-09-28T14:50:00Z,2026-09-28T14:51:00Z,593.04,593.835,593.005,593.545
2026-09-28T14:51:00Z,2026-09-28T14:52:00Z,593.585,593.77,592.995,593.08
2026-09-28T14:52:00Z,2026-09-28T14:53:00Z,593.075,593.29,592.445,592.465
2026-09-28T14:53:00Z,2026-09-28T14:54:00Z,592.47,593.18,592.425,592.505
2026-09-28T14:54:00Z,2026-09-28T14:55:00Z,592.5,593.095,592.33,592.94
2026-09-28T14:55:00Z,2026-09-28T14:56:00Z,592.88,593.4,592.76,592.93
2026-09-28T14:56:00Z,2026-09-28T14:57:00Z,592.94,594.145,592.93,594.135
2026-09-28T14:57:00Z,2026-09-28T14:58:00Z,594.18,594.4,593.93,594.24
2026-09-28T14:58:00Z,2026-09-28T14:59:00Z,594.265,594.565,593.86,593.94
2026-09-28T14:59:00Z,2026-09-28T15:00:00Z,593.95,594.12,593.64,594.095
2026-09-28T15:00:00Z,2026-09-28T15:01:00Z,594.2,594.27,593.815,593.93
2026-09-28T15:01:00Z,2026-09-28T15:02:00Z,593.935,594.62,593.895,594.215
2026-09-28T15:02:00Z,2026-09-28T15:03:00Z,594.205,594.615,594.205,594.375
2026-09-28T15:03:00Z,2026-09-28T15:04:00Z,594.43,594.87,594.3,594.52
2026-09-28T15:04:00Z,2026-09-28T15:05:00Z,594.52,594.72,594.4,594.56
2026-09-28T15:05:00Z,2026-09-28T15:06:00Z,594.565,594.68,594.405,594.5
2026-09-28T15:06:00Z,2026-09-28T15:07:00Z,594.535,595.02,593.88,594.68
2026-09-28T15:07:00Z,2026-09-28T15:08:00Z,594.72,595.41,594.585,595.385
2026-09-28T15:08:00Z,2026-09-28T15:09:00Z,595.395,595.65,594.835,594.97
2026-09-28T15:09:00Z,2026-09-28T15:10:00Z,594.945,595.365,594.85,595.35
2026-09-28T15:10:00Z,2026-09-28T15:11:00Z,595.35,595.475,594.77,594.77
2026-09-28T15:11:00Z,2026-09-28T15:12:00Z,594.71,595.495,594.56,595.33
2026-09-28T15:12:00Z,2026-09-28T15:13:00Z,595.33,595.33,595.065,595.265
2026-09-28T15:13:00Z,2026-09-28T15:14:00Z,595.31,595.335,594.935,595.07
2026-09-28T15:14:00Z,2026-09-28T15:15:00Z,595.065,595.065,594.425,594.64
2026-09-28T15:15:00Z,2026-09-28T15:16:00Z,594.64,594.64,594.035,594.05
2026-09-28T15:16:00Z,2026-09-28T15:17:00Z,594.05,594.05,593.655,593.765
2026-09-28T15:17:00Z,2026-09-28T15:18:00Z,593.77,593.805,593.245,593.7
2026-09-28T15:18:00Z,2026-09-28T15:19:00Z,593.705,593.925,593.37,593.67
2026-09-28T15:19:00Z,2026-09-28T15:20:00Z,593.665,594.12,593.57,593.93
2026-09-28T15:20:00Z,2026-09-28T15:21:00Z,593.94,594.42,593.72,594.395
2026-09-28T15:21:00Z,2026-09-28T15:22:00Z,594.38,594.405,593.69,593.865
2026-09-28T15:22:00Z,2026-09-28T15:23:00Z,593.875,593.875,593.36,593.395
2026-09-28T15:23:00Z,2026-09-28T15:24:00Z,593.385,593.985,593.275,593.985
2026-09-28T15:24:00Z,2026-09-28T15:25:00Z,593.98,594.655,593.86,594.505
2026-09-28T15:25:00Z,2026-09-28T15:26:00Z,594.51,595.325,594.365,595.28
2026-09-28T15:26:00Z,2026-09-28T15:27:00Z,595.295,595.745,595.075,595.74
2026-09-28T15:27:00Z,2026-09-28T15:28:00Z,595.745,595.785,595.335,595.48
2026-09-28T15:28:00Z,2026-09-28T15:29:00Z,595.475,595.56,595.175,595.375
2026-09-28T15:29:00Z,2026-09-28T15:30:00Z,595.37,595.685,595.355,595.68
2026-09-28T15:30:00Z,2026-09-28T15:31:00Z,595.665,595.85,595.325,595.82
2026-09-28T15:31:00Z,2026-09-28T15:32:00Z,595.81,595.875,595.275,595.375
2026-09-28T15:32:00Z,2026-09-28T15:33:00Z,595.37,595.975,595.37,595.89
2026-09-28T15:33:00Z,2026-09-28T15:34:00Z,595.885,595.975,595.87,595.92
2026-09-23T18:33:00Z,2026-09-23T18:34:00Z,599.915,599.965,599.76,599.89
2026-09-23T18:34:00Z,2026-09-23T18:35:00Z,599.88,600.17,599.725,600.025
2026-09-23T18:35:00Z,2026-09-23T18:36:00Z,600.04,600.23,599.995,600.11
2026-09-23T18:36:00Z,2026-09-23T18:37:00Z,600.09,600.275,600.08,600.11
2026-09-23T18:37:00Z,2026-09-23T18:38:00Z,600.1,600.12,599.825,599.825
2026-09-23T18:38:00Z,2026-09-23T18:39:00Z,599.84,599.845,599.535,599.715
2026-09-23T18:39:00Z,2026-09-23T18:40:00Z,599.71,599.8,599.57,599.62
2026-09-23T18:40:00Z,2026-09-23T18:41:00Z,599.645,599.925,599.635,599.83
2026-09-23T18:41:00Z,2026-09-23T18:42:00Z,599.845,599.865,599.395,599.395
2026-09-23T18:42:00Z,2026-09-23T18:43:00Z,599.415,599.775,599.39,599.655
2026-09-23T18:43:00Z,2026-09-23T18:44:00Z,599.665,599.99,599.665,599.96
2026-09-23T18:44:00Z,2026-09-23T18:45:00Z,599.97,599.985,599.79,599.86
2026-09-23T18:45:00Z,2026-09-23T18:46:00Z,599.855,599.985,599.775,599.9
2026-09-23T18:46:00Z,2026-09-23T18:47:00Z,599.89,599.94,599.695,599.73
2026-09-23T18:47:00Z,2026-09-23T18:48:00Z,599.715,599.865,599.69,599.77
2026-09-23T18:48:00Z,2026-09-23T18:49:00Z,599.755,599.97,599.555,599.97
2026-09-23T18:49:00Z,2026-09-23T18:50:00Z,599.965,600.305,599.9,600.235
2026-09-23T18:50:00Z,2026-09-23T18:51:00Z,600.21,600.365,600.075,600.1
2026-09-23T18:51:00Z,2026-09-23T18:52:00Z,600.105,600.24,600.085,600.2
2026-09-23T18:52:00Z,2026-09-23T18:53:00Z,600.175,600.305,599.88,599.94
2026-09-23T18:53:00Z,2026-09-23T18:54:00Z,599.94,600.11,599.88,600.075
2026-09-23T18:54:00Z,2026-09-23T18:55:00Z,600.07,600.07,599.835,599.87
2026-09-23T18:55:00Z,2026-09-23T18:56:00Z,599.88,600.125,599.81,600.1
2026-09-23T18:56:00Z,2026-09-23T18:57:00Z,600.105,600.25,600.055,600.21
2026-09-23T18:57:00Z,2026-09-23T18:58:00Z,600.23,600.42,600.1,600.405
2026-09-23T18:58:00Z,2026-09-23T18:59:00Z,600.415,600.45,600.34,600.44
2026-09-23T18:59:00Z,2026-09-23T19:00:00Z,600.435,600.575,600.31,600.4
2026-09-23T19:00:00Z,2026-09-23T19:01:00Z,600.39,600.48,599.97,600.42
2026-09-23T19:01:00Z,2026-09-23T19:02:00Z,600.39,600.64,600.36,600.425
2026-09-23T19:02:00Z,2026-09-23T19:03:00Z,600.43,600.44,600.085,600.11
2026-09-23T19:03:00Z,2026-09-23T19:04:00Z,600.12,600.3,599.575,599.61
2026-09-23T19:04:00Z,2026-09-23T19:05:00Z,599.605,599.81,599.58,599.65
2026-09-23T19:05:00Z,2026-09-23T19:06:00Z,599.645,599.885,599.55,599.85
2026-09-23T19:06:00Z,2026-09-23T19:07:00Z,599.865,600.255,599.755,600.25
2026-09-23T19:07:00Z,2026-09-23T19:08:00Z,600.245,601.02,600.215,600.805
2026-09-23T19:08:00Z,2026-09-23T19:09:00Z,600.83,600.91,600.735,600.77
2026-09-23T19:09:00Z,2026-09-23T19:10:00Z,600.78,600.8,600.155,600.24
2026-09-23T19:10:00Z,2026-09-23T19:11:00Z,600.225,600.43,600.225,600.31
2026-09-23T19:11:00Z,2026-09-23T19:12:00Z,600.305,600.33,600.045,600.065
2026-09-23T19:12:00Z,2026-09-23T19:13:00Z,600.07,600.135,599.705,599.78
2026-09-23T19:13:00Z,2026-09-23T19:14:00Z,599.775,599.985,599.615,599.975
2026-09-23T19:14:00Z,2026-09-23T19:15:00Z,599.98,600.145,599.88,599.925
2026-09-23T19:15:00Z,2026-09-23T19:16:00Z,599.93,600.09,599.475,599.515
2026-09-23T19:16:00Z,2026-09-23T19:17:00Z,599.535,599.61,599.265,599.265
2026-09-23T19:17:00Z,2026-09-23T19:18:00Z,599.275,599.6,599.16,599.59
2026-09-23T19:18:00Z,2026-09-23T19:19:00Z,599.585,599.855,599.505,599.825
2026-09-23T19:19:00Z,2026-09-23T19:20:00Z,599.815,600.005,599.565,599.74
2026-09-23T19:20:00Z,2026-09-23T19:21:00Z,599.725,599.87,599.6,599.805
2026-09-23T19:21:00Z,2026-09-23T19:22:00Z,599.795,600.03,599.775,599.97
2026-09-23T19:22:00Z,2026-09-23T19:23:00Z,599.985,599.995,599.64,599.665
2026-09-23T19:23:00Z,2026-09-23T19:24:00Z,599.67,599.88,599.67,599.795
2026-09-23T19:24:00Z,2026-09-23T19:25:00Z,599.795,599.84,599.71,599.83
2026-09-23T19:25:00Z,2026-09-23T19:26:00Z,599.805,600.05,599.62,599.65
2026-09-23T19:26:00Z,2026-09-23T19:27:00Z,599.67,599.885,599.625,599.73
2026-09-23T19:27:00Z,2026-09-23T19:28:00Z,599.735,600.095,599.625,600.05
2026-09-23T19:28:00Z,2026-09-23T19:29:00Z,600.055,600.07,599.77,599.78
2026-09-23T19:29:00Z,2026-09-23T19:30:00Z,599.77,599.895,599.585,599.7
2026-09-23T19:30:00Z,2026-09-23T19:31:00Z,599.74,600.165,599.52,599.975
2026-09-23T19:31:00Z,2026-09-23T19:32:00Z,599.985,599.985,599.805,599.97
2026-09-23T19:32:00Z,2026-09-23T19:33:00Z,600,600.24,599.935,600.21
2026-09-23T19:33:00Z,2026-09-23T19:34:00Z,600.22,600.44,600.07,600.405
2026-09-23T19:34:00Z,2026-09-23T19:35:00Z,600.41,600.475,600.2,600.45
2026-09-23T19:35:00Z,2026-09-23T19:36:00Z,600.465,600.53,600.17,600.52
2026-09-23T19:36:00Z,2026-09-23T19:37:00Z,600.525,600.75,600.485,600.695
2026-09-23T19:37:00Z,2026-09-23T19:38:00Z,600.715,600.845,600.4,600.84
2026-09-23T19:38:00Z,2026-09-23T19:39:00Z,600.83,600.845,600.51,600.575
2026-09-23T19:39:00Z,2026-09-23T19:40:00Z,600.57,600.96,600.51,600.91
2026-09-23T19:40:00Z,2026-09-23T19:41:00Z,600.92,601.2,600.78,601.025
2026-09-23T19:41:00Z,2026-09-23T19:42:00Z,601.03,601.035,600.635,600.78
2026-09-23T19:42:00Z,2026-09-23T19:43:00Z,600.785,600.815,600.245,600.31
2026-09-23T19:43:00Z,2026-09-23T19:44:00Z,600.355,600.375,600.075,600.315
2026-09-23T19:44:00Z,2026-09-23T19:45:00Z,600.335,600.365,600.05,600.325
2026-09-23T19:45:00Z,2026-09-23T19:46:00Z,600.32,600.36,600.02,600.36
2026-09-23T19:46:00Z,2026-09-23T19:47:00Z,600.435,600.45,600.125,600.385
2026-09-23T19:47:00Z,2026-09-23T19:48:00Z,600.395,600.68,600.235,600.675
2026-09-23T19:48:00Z,2026-09-23T19:49:00Z,600.68,600.725,600.455,600.665
2026-09-23T19:49:00Z,2026-09-23T19:50:00Z,600.67,600.775,600.48,600.6
2026-09-23T19:50:00Z,2026-09-23T19:51:00Z,600.605,600.605,599.605,599.895
2026-09-23T19:51:00Z,2026-09-23T19:52:00Z,599.9,600.065,599.47,599.5
2026-09-23T19:52:00Z,2026-09-23T19:53:00Z,599.505,599.505,598.955,599.125
2026-09-23T19:53:00Z,2026-09-23T19:54:00Z,599.13,599.72,599.13,599.715
2026-09-23T19:54:00Z,2026-09-23T19:55:00Z,599.72,599.81,599.085,599.185
2026-09-23T19:55:00Z,2026-09-23T19:56:00Z,599.175,600.25,599.175,599.77
2026-09-23T19:56:00Z,2026-09-23T19:57:00Z,599.835,599.835,599.56,599.765
2026-09-23T19:57:00Z,2026-09-23T19:58:00Z,599.755,600.57,599.755,600.445
2026-09-23T19:58:00Z,2026-09-23T19:59:00Z,600.435,600.565,600.375,600.48
2026-09-23T19:59:00Z,2026-09-23T20:00:00Z,600.47,601.295,600.08,601.06
2026-09-24T13:30:00Z,2026-09-24T13:31:00Z,591.675,591.765,590.415,590.88
2026-09-24T13:31:00Z,2026-09-24T13:32:00Z,591.12,591.12,589.455,590.47
2026-09-24T13:32:00Z,2026-09-24T13:33:00Z,590.49,591.125,589.315,589.365
2026-09-24T13:33:00Z,2026-09-24T13:34:00Z,589.32,590.035,588.965,589.585
2026-09-24T13:34:00Z,2026-09-24T13:35:00Z,589.58,590.425,589.145,590.155
2026-09-24T13:35:00Z,2026-09-24T13:36:00Z,590.15,591.715,589.88,591.715
2026-09-24T13:36:00Z,2026-09-24T13:37:00Z,591.73,592.47,591.39,591.475
2026-09-24T13:37:00Z,2026-09-24T13:38:00Z,591.485,592.105,590.89,592.065
2026-09-24T13:38:00Z,2026-09-24T13:39:00Z,592.04,593.465,592.005,593.275
2026-09-24T13:39:00Z,2026-09-24T13:40:00Z,593.28,593.31,592.85,593.095
2026-09-24T13:40:00Z,2026-09-24T13:41:00Z,593.09,593.095,592.5,592.72
2026-09-24T13:41:00Z,2026-09-24T13:42:00Z,592.715,592.935,592.005,592.11
2026-09-24T13:42:00Z,2026-09-24T13:43:00Z,592.11,593.41,591.905,592.915
2026-09-24T13:43:00Z,2026-09-24T13:44:00Z,592.85,593.205,592.685,593.175
2026-09-24T13:44:00Z,2026-09-24T13:45:00Z,593.085,593.515,592.915,593.425
2026-09-24T13:45:00Z,2026-09-24T13:46:00Z,593.435,594.53,593.43,594.53
2026-09-24T13:46:00Z,2026-09-24T13:47:00Z,594.475,595.75,594.26,595.685
2026-09-24T13:47:00Z,2026-09-24T13:48:00Z,595.7,596.295,595.535,595.865
2026-09-24T13:48:00Z,2026-09-24T13:49:00Z,595.87,595.905,594.68,594.805
2026-09-24T13:49:00Z,2026-09-24T13:50:00Z,594.775,594.855,593.985,594.085
2026-09-24T13:50:00Z,2026-09-24T13:51:00Z,594.125,594.635,593.88,594.31
2026-09-24T13:51:00Z,2026-09-24T13:52:00Z,594.295,594.925,593.875,593.875
2026-09-24T13:52:00Z,2026-09-24T13:53:00Z,593.88,594.69,593.69,593.8
2026-09-24T13:53:00Z,2026-09-24T13:54:00Z,593.795,594.01,593.055,593.055
2026-09-24T13:54:00Z,2026-09-24T13:55:00Z,593.09,593.375,592.09,592.465
2026-09-24T13:55:00Z,2026-09-24T13:56:00Z,592.435,593.11,592.41,592.49
2026-09-24T13:56:00Z,2026-09-24T13:57:00Z,592.5,592.94,591.95,592.535
2026-09-24T13:57:00Z,2026-09-24T13:58:00Z,592.53,592.72,592.32,592.585
2026-09-24T13:58:00Z,2026-09-24T13:59:00Z,592.555,592.965,592.32,592.87
2026-09-24T13:59:00Z,2026-09-24T14:00:00Z,592.87,593.59,592.835,593.355
2026-09-24T14:00:00Z,2026-09-24T14:01:00Z,593.365,594.25,593.095,594.025
2026-09-24T14:01:00Z,2026-09-24T14:02:00Z,594.025,594.845,593.405,593.455
2026-09-24T14:02:00Z,2026-09-24T14:03:00Z,593.46,594.155,593.41,594.02
2026-09-24T14:03:00Z,2026-09-24T14:04:00Z,594.055,594.38,593.995,594.295
2026-09-24T14:04:00Z,2026-09-24T14:05:00Z,594.3,594.85,594.255,594.67
2026-09-24T14:05:00Z,2026-09-24T14:06:00Z,594.665,594.755,594.325,594.56
2026-09-24T14:06:00Z,2026-09-24T14:07:00Z,594.56,594.79,594.09,594.36
2026-09-24T14:07:00Z,2026-09-24T14:08:00Z,594.365,594.575,594.145,594.425
2026-09-24T14:08:00Z,2026-09-24T14:09:00Z,594.415,594.53,593.46,593.61
2026-09-24T14:09:00Z,2026-09-24T14:10:00Z,593.565,593.695,593.295,593.295
2026-09-24T14:10:00Z,2026-09-24T14:11:00Z,593.375,593.56,592.76,593.545
2026-09-24T14:11:00Z,2026-09-24T14:12:00Z,593.49,593.57,592.87,592.89
2026-09-24T14:12:00Z,2026-09-24T14:13:00Z,592.89,593.07,592.57,592.66
2026-09-24T14:13:00Z,2026-09-24T14:14:00Z,592.7,593.26,592.54,593.21
2026-09-24T14:14:00Z,2026-09-24T14:15:00Z,593.2,593.425,593.125,593.37
2026-09-24T14:15:00Z,2026-09-24T14:16:00Z,593.35,593.9,593.2,593.245
2026-09-24T14:16:00Z,2026-09-24T14:17:00Z,593.235,593.3,592.865,593.155
2026-09-24T14:17:00Z,2026-09-24T14:18:00Z,593.155,593.5,592.51,592.73
2026-09-24T14:18:00Z,2026-09-24T14:19:00Z,592.73,593.255,592.66,593.09
2026-09-24T14:19:00Z,2026-09-24T14:20:00Z,593.115,593.245,592.74,593.03
2026-09-24T14:20:00Z,2026-09-24T14:21:00Z,593.05,593.345,592.98,593.28
2026-09-24T14:21:00Z,2026-09-24T14:22:00Z,593.215,593.33,593.045,593.09
2026-09-24T14:22:00Z,2026-09-24T14:23:00Z,593.095,593.495,593.055,593.3
2026-09-24T14:23:00Z,2026-09-24T14:24:00Z,593.29,593.855,593.29,593.55
2026-09-24T14:24:00Z,2026-09-24T14:25:00Z,593.555,593.59,593.165,593.235
2026-09-24T14:25:00Z,2026-09-24T14:26:00Z,593.24,593.59,593.19,593.425
2026-09-24T14:26:00Z,2026-09-24T14:27:00Z,593.43,593.645,593.43,593.55
2026-09-24T14:27:00Z,2026-09-24T14:28:00Z,593.59,594.425,593.355,594.365
2026-09-24T14:28:00Z,2026-09-24T14:29:00Z,594.335,594.515,594.08,594.475
2026-09-24T14:29:00Z,2026-09-24T14:30:00Z,594.475,594.565,594.28,594.565
2026-09-24T14:30:00Z,2026-09-24T14:31:00Z,594.515,594.535,593.83,594.025
2026-09-24T14:31:00Z,2026-09-24T14:32:00Z,594.04,594.495,594.04,594.4
2026-09-24T14:32:00Z,2026-09-24T14:33:00Z,594.42,594.745,594.31,594.6
2026-09-24T14:33:00Z,2026-09-24T14:34:00Z,594.65,595.215,594.615,595.05
2026-09-24T14:34:00Z,2026-09-24T14:35:00Z,595.07,595.14,594.675,594.895
2026-09-24T14:35:00Z,2026-09-24T14:36:00Z,594.89,594.98,594.55,594.91
2026-09-24T14:36:00Z,2026-09-24T14:37:00Z,594.84,594.955,594.025,594.135
2026-09-24T14:37:00Z,2026-09-24T14:38:00Z,594.14,594.15,593.66,593.71
2026-09-24T14:38:00Z,2026-09-24T14:39:00Z,593.7,593.78,593.285,593.285
2026-09-24T14:39:00Z,2026-09-24T14:40:00Z,593.295,593.57,592.975,593.325
2026-09-24T14:40:00Z,2026-09-24T14:41:00Z,593.36,593.585,593.23,593.465
2026-09-24T14:41:00Z,2026-09-24T14:42:00Z,593.48,593.53,593.17,593.35
2026-09-24T14:42:00Z,2026-09-24T14:43:00Z,593.33,594.06,593.3,593.655
2026-09-24T14:43:00Z,2026-09-24T14:44:00Z,593.66,593.67,593.16,593.17
2026-09-24T14:44:00Z,2026-09-24T14:45:00Z,593.18,593.19,592.57,592.65
2026-09-24T14:45:00Z,2026-09-24T14:46:00Z,592.68,592.805,592.58,592.665
2026-09-24T14:46:00Z,2026-09-24T14:47:00Z,592.655,593.01,592.53,592.765
2026-09-24T14:47:00Z,2026-09-24T14:48:00Z,592.85,593.43,592.83,593.33
2026-09-24T14:48:00Z,2026-09-24T14:49:00Z,593.335,593.495,593,593.02
2026-09-24T14:49:00Z,2026-09-24T14:50:00Z,593.015,593.215,592.785,592.84
2026-09-24T14:50:00Z,2026-09-24T14:51:00Z,592.835,593.185,592.61,592.61
2026-09-24T14:51:00Z,2026-09-24T14:52:00Z,592.625,592.625,592.1,592.135
2026-09-24T14:52:00Z,2026-09-24T14:53:00Z,592.13,592.29,591.625,591.635
2026-09-24T14:53:00Z,2026-09-24T14:54:00Z,591.63,591.89,591.395,591.89
2026-09-24T14:54:00Z,2026-09-24T14:55:00Z,591.905,592.045,591.76,591.865
2026-09-24T14:55:00Z,2026-09-24T14:56:00Z,591.875,591.935,591.32,591.34
2026-09-24T14:56:00Z,2026-09-24T14:57:00Z,591.35,591.64,591.345,591.54
2026-09-24T14:57:00Z,2026-09-24T14:58:00Z,591.54,591.69,591.355,591.505
2026-09-24T14:58:00Z,2026-09-24T14:59:00Z,591.525,591.62,591.285,591.4
2026-09-24T14:59:00Z,2026-09-24T15:00:00Z,591.405,591.42,591.145,591.42
2026-09-24T15:00:00Z,2026-09-24T15:01:00Z,591.415,592.12,591.405,591.92
2026-09-24T15:01:00Z,2026-09-24T15:02:00Z,591.93,592.11,591.735,591.855
2026-09-24T15:02:00Z,2026-09-24T15:03:00Z,591.865,592.48,591.735,592.05
2026-09-24T15:03:00Z,2026-09-24T15:04:00Z,592.07,592.27,591.825,592.125
2026-09-24T15:04:00Z,2026-09-24T15:05:00Z,592.13,592.475,591.915,592.055
2026-09-24T15:05:00Z,2026-09-24T15:06:00Z,592.035,592.29,591.935,592.015
2026-09-24T15:06:00Z,2026-09-24T15:07:00Z,592.02,592.17,591.32,591.46
2026-09-24T15:07:00Z,2026-09-24T15:08:00Z,591.47,591.51,591.105,591.325
2026-09-24T15:08:00Z,2026-09-24T15:09:00Z,591.335,591.465,591.1,591.355
2026-09-24T15:09:00Z,2026-09-24T15:10:00Z,591.345,591.345,590.825,590.9
2026-09-24T15:10:00Z,2026-09-24T15:11:00Z,590.85,591.23,590.845,591.16
2026-09-24T15:11:00Z,2026-09-24T15:12:00Z,591.18,591.325,591.035,591.285
2026-09-24T15:12:00Z,2026-09-24T15:13:00Z,591.28,591.695,591.14,591.38
2026-09-24T15:13:00Z,2026-09-24T15:14:00Z,591.375,591.53,591.04,591.41
2026-09-24T15:14:00Z,2026-09-24T15:15:00Z,591.405,591.55,591.215,591.295
2026-09-24T15:15:00Z,2026-09-24T15:16:00Z,591.29,591.66,591.16,591.52
2026-09-24T15:16:00Z,2026-09-24T15:17:00Z,591.535,592.23,591.46,591.77
2026-09-24T15:17:00Z,2026-09-24T15:18:00Z,591.775,592.08,591.57,591.9
2026-09-24T15:18:00Z,2026-09-24T15:19:00Z,591.895,591.915,591.13,591.32
2026-09-24T15:19:00Z,2026-09-24T15:20:00Z,591.335,591.43,591.06,591.26
2026-09-24T15:20:00Z,2026-09-24T15:21:00Z,591.245,591.325,591.05,591.22
2026-09-24T15:21:00Z,2026-09-24T15:22:00Z,591.2,591.555,591.06,591.55
2026-09-24T15:22:00Z,2026-09-24T15:23:00Z,591.555,591.755,591.405,591.755
2026-09-24T15:23:00Z,2026-09-24T15:24:00Z,591.76,592.155,591.555,592.12
2026-09-24T15:24:00Z,2026-09-24T15:25:00Z,592.13,592.61,592.12,592.585
2026-09-24T15:25:00Z,2026-09-24T15:26:00Z,592.59,592.635,592.07,592.15
2026-09-24T15:26:00Z,2026-09-24T15:27:00Z,592.165,592.295,591.99,592.13
2026-09-24T15:27:00Z,2026-09-24T15:28:00Z,592.175,592.175,591.935,592.17
2026-09-24T15:28:00Z,2026-09-24T15:29:00Z,592.165,592.165,591.665,591.705
2026-09-24T15:29:00Z,2026-09-24T15:30:00Z,591.72,591.815,591.565,591.72
2026-09-24T15:30:00Z,2026-09-24T15:31:00Z,591.73,591.835,591.45,591.525
2026-09-24T15:31:00Z,2026-09-24T15:32:00Z,591.515,591.69,591.335,591.615
2026-09-24T15:32:00Z,2026-09-24T15:33:00Z,591.62,591.76,591.385,591.76
2026-09-24T15:33:00Z,2026-09-24T15:34:00Z,591.765,591.935,591.655,591.935
2026-09-24T15:34:00Z,2026-09-24T15:35:00Z,591.93,592.08,591.85,591.975
2026-09-24T15:35:00Z,2026-09-24T15:36:00Z,591.985,592.255,591.715,591.955
2026-09-24T15:36:00Z,2026-09-24T15:37:00Z,591.945,592.215,591.855,592.1
2026-09-24T15:37:00Z,2026-09-24T15:38:00Z,592.11,592.39,592.08,592.305
2026-09-24T15:38:00Z,2026-09-24T15:39:00Z,592.3,592.405,592.125,592.165
2026-09-24T15:39:00Z,2026-09-24T15:40:00Z,592.16,592.16,591.84,592.055
2026-09-24T15:40:00Z,2026-09-24T15:41:00Z,592.09,592.34,591.925,592.015
2026-09-24T15:41:00Z,2026-09-24T15:42:00Z,592.01,592.33,592,592.275
2026-09-24T15:42:00Z,2026-09-24T15:43:00Z,592.27,592.33,591.855,591.995
2026-09-24T15:43:00Z,2026-09-24T15:44:00Z,591.99,592.475,591.96,592.455
2026-09-24T15:44:00Z,2026-09-24T15:45:00Z,592.445,592.925,592.38,592.805
2026-09-24T15:45:00Z,2026-09-24T15:46:00Z,592.83,593.215,592.83,593.095
2026-09-24T15:46:00Z,2026-09-24T15:47:00Z,593.085,593.085,592.88,592.88
2026-09-24T15:47:00Z,2026-09-24T15:48:00Z,592.945,593.075,592.73,592.79
2026-09-24T15:48:00Z,2026-09-24T15:49:00Z,592.785,592.94,592.535,592.55
2026-09-24T15:49:00Z,2026-09-24T15:50:00Z,592.575,592.635,592.395,592.565
2026-09-24T15:50:00Z,2026-09-24T15:51:00Z,592.55,593.39,592.535,593.38
2026-09-24T15:51:00Z,2026-09-24T15:52:00Z,593.395,593.525,593.235,593.425
2026-09-24T15:52:00Z,2026-09-24T15:53:00Z,593.415,593.795,593.395,593.73
2026-09-24T15:53:00Z,2026-09-24T15:54:00Z,593.74,593.98,593.655,593.7
2026-09-24T15:54:00Z,2026-09-24T15:55:00Z,593.705,593.86,593.455,593.86
2026-09-24T15:55:00Z,2026-09-24T15:56:00Z,593.865,594.02,593.775,593.795
2026-09-24T15:56:00Z,2026-09-24T15:57:00Z,593.77,593.775,593.325,593.475
2026-09-24T15:57:00Z,2026-09-24T15:58:00Z,593.475,593.48,593.26,593.26
2026-09-24T15:58:00Z,2026-09-24T15:59:00Z,593.425,593.645,593.33,593.535
2026-09-24T15:59:00Z,2026-09-24T16:00:00Z,593.55,593.655,593.235,593.245
2026-09-24T16:00:00Z,2026-09-24T16:01:00Z,593.24,593.32,592.465,592.465
2026-09-24T16:01:00Z,2026-09-24T16:02:00Z,592.47,592.705,592.18,592.555
2026-09-24T16:02:00Z,2026-09-24T16:03:00Z,592.545,592.755,592.34,592.69
2026-09-24T16:03:00Z,2026-09-24T16:04:00Z,592.685,592.73,592.34,592.525
2026-09-24T16:04:00Z,2026-09-24T16:05:00Z,592.52,592.8,592.48,592.785
2026-09-24T16:05:00Z,2026-09-24T16:06:00Z,592.795,592.815,592.485,592.79
2026-09-24T16:06:00Z,2026-09-24T16:07:00Z,592.785,592.79,592.225,592.375
2026-09-24T16:07:00Z,2026-09-24T16:08:00Z,592.36,592.44,592.13,592.235
2026-09-24T16:08:00Z,2026-09-24T16:09:00Z,592.245,592.35,592.11,592.32
2026-09-24T16:09:00Z,2026-09-24T16:10:00Z,592.275,592.39,592.225,592.34
2026-09-24T16:10:00Z,2026-09-24T16:11:00Z,592.345,592.48,592.27,592.435
2026-09-24T16:11:00Z,2026-09-24T16:12:00Z,592.44,592.455,591.945,592.055
2026-09-24T16:12:00Z,2026-09-24T16:13:00Z,592.05,592.43,592.045,592.195
2026-09-24T16:13:00Z,2026-09-24T16:14:00Z,592.2,592.495,592.165,592.39
2026-09-24T16:14:00Z,2026-09-24T16:15:00Z,592.395,592.965,592.36,592.955
2026-09-24T16:15:00Z,2026-09-24T16:16:00Z,593.055,595.155,593.045,594.925
2026-09-24T16:16:00Z,2026-09-24T16:17:00Z,594.925,597.335,594.64,597.065
2026-09-24T16:17:00Z,2026-09-24T16:18:00Z,597.06,597.87,596.835,597.715
2026-09-24T16:18:00Z,2026-09-24T16:19:00Z,597.72,598.775,597.55,597.615
2026-09-24T16:19:00Z,2026-09-24T16:20:00Z,597.615,597.985,596.82,597.54
2026-09-24T16:20:00Z,2026-09-24T16:21:00Z,597.545,598.66,597.44,598.2
2026-09-24T16:21:00Z,2026-09-24T16:22:00Z,598.205,598.205,596.695,596.85
2026-09-24T16:22:00Z,2026-09-24T16:23:00Z,596.86,598.23,596.86,597.985
2026-09-24T16:23:00Z,2026-09-24T16:24:00Z,597.995,598.215,597.29,597.315
2026-09-24T16:24:00Z,2026-09-24T16:25:00Z,597.285,597.635,597.16,597.475
2026-09-24T16:25:00Z,2026-09-24T16:26:00Z,597.48,597.66,596.305,596.51
2026-09-24T16:26:00Z,2026-09-24T16:27:00Z,596.49,597.135,596.49,597.045
2026-09-24T16:27:00Z,2026-09-24T16:28:00Z,597.04,597.26,596.43,597.26
2026-09-24T16:28:00Z,2026-09-24T16:29:00Z,597.255,597.48,597.165,597.405
2026-09-24T16:29:00Z,2026-09-24T16:30:00Z,597.4,597.425,597.15,597.17
2026-09-24T16:30:00Z,2026-09-24T16:31:00Z,597.16,597.225,596.785,597.045
2026-09-24T16:31:00Z,2026-09-24T16:32:00Z,597.055,597.47,596.83,596.83
2026-09-24T16:32:00Z,2026-09-24T16:33:00Z,596.84,596.91,596.585,596.755
2026-09-24T16:33:00Z,2026-09-24T16:34:00Z,596.745,597.195,596.645,597.165
2026-09-24T16:34:00Z,2026-09-24T16:35:00Z,597.145,597.185,596.755,597.175
2026-09-24T16:35:00Z,2026-09-24T16:36:00Z,597.18,597.76,597.1,597.7
2026-09-24T16:36:00Z,2026-09-24T16:37:00Z,597.725,598.945,597.725,598.935
2026-09-24T16:37:00Z,2026-09-24T16:38:00Z,598.935,599.505,598.93,599.09
2026-09-24T16:38:00Z,2026-09-24T16:39:00Z,599.095,599.38,599.06,599.315
2026-09-24T16:39:00Z,2026-09-24T16:40:00Z,599.325,599.515,599.155,599.245
2026-09-24T16:40:00Z,2026-09-24T16:41:00Z,599.245,600.025,599.08,600.025
2026-09-24T16:41:00Z,2026-09-24T16:42:00Z,600.025,600.72,600.025,600.66
2026-09-24T16:42:00Z,2026-09-24T16:43:00Z,600.685,601.33,600.67,601.205
2026-09-24T16:43:00Z,2026-09-24T16:44:00Z,601.24,601.31,600.825,601.065
2026-09-24T16:44:00Z,2026-09-24T16:45:00Z,601.06,601.4,599.78,599.805
2026-09-24T16:45:00Z,2026-09-24T16:46:00Z,599.815,599.92,599.005,599.38
2026-09-24T16:46:00Z,2026-09-24T16:47:00Z,599.385,599.865,599.29,599.805
2026-09-24T16:47:00Z,2026-09-24T16:48:00Z,599.83,599.955,599.25,599.435
2026-09-24T16:48:00Z,2026-09-24T16:49:00Z,599.44,600.565,599.44,600.435
2026-09-24T16:49:00Z,2026-09-24T16:50:00Z,600.42,600.615,600.115,600.45
2026-09-24T16:50:00Z,2026-09-24T16:51:00Z,600.46,600.5,600.09,600.265
2026-09-24T16:51:00Z,2026-09-24T16:52:00Z,600.27,601.13,600.27,600.955
2026-09-24T16:52:00Z,2026-09-24T16:53:00Z,600.935,601.035,599.895,599.96
2026-09-24T16:53:00Z,2026-09-24T16:54:00Z,600.05,600.145,599.61,599.805
2026-09-24T16:54:00Z,2026-09-24T16:55:00Z,599.815,600.245,599.615,599.94
2026-09-24T16:55:00Z,2026-09-24T16:56:00Z,599.93,600.25,599.79,600.03
2026-09-24T16:56:00Z,2026-09-24T16:57:00Z,600.035,600.795,599.98,600.795
2026-09-24T16:57:00Z,2026-09-24T16:58:00Z,600.79,601.175,600.72,600.72
2026-09-24T16:58:00Z,2026-09-24T16:59:00Z,600.7,600.86,600.64,600.85
2026-09-24T16:59:00Z,2026-09-24T17:00:00Z,600.87,600.94,600.645,600.86
2026-09-24T17:00:00Z,2026-09-24T17:01:00Z,600.79,600.8,599.98,600.275
2026-09-24T17:01:00Z,2026-09-24T17:02:00Z,600.25,601.005,600.245,600.76
2026-09-24T17:02:00Z,2026-09-24T17:03:00Z,600.775,600.775,600.005,600.685
2026-09-24T17:03:00Z,2026-09-24T17:04:00Z,600.69,601.675,600.69,601.565
2026-09-24T17:04:00Z,2026-09-24T17:05:00Z,601.565,601.6,600.905,601.505
2026-09-24T17:05:00Z,2026-09-24T17:06:00Z,601.5,601.99,601.435,601.435
2026-09-24T17:06:00Z,2026-09-24T17:07:00Z,601.445,601.74,601.37,601.465
2026-09-24T17:07:00Z,2026-09-24T17:08:00Z,601.47,601.725,601.245,601.265
2026-09-24T17:08:00Z,2026-09-24T17:09:00Z,601.27,601.555,600.985,601.555
2026-09-24T17:09:00Z,2026-09-24T17:10:00Z,601.555,601.555,601.07,601.07
2026-09-24T17:10:00Z,2026-09-24T17:11:00Z,601.07,601.095,600.245,600.43
2026-09-24T17:11:00Z,2026-09-24T17:12:00Z,600.415,600.445,600.01,600.185
2026-09-24T17:12:00Z,2026-09-24T17:13:00Z,600.195,600.265,599.945,599.995
2026-09-24T17:13:00Z,2026-09-24T17:14:00Z,599.985,600.18,599.69,600.17
2026-09-24T17:14:00Z,2026-09-24T17:15:00Z,600.195,600.445,600.15,600.35
2026-09-24T17:15:00Z,2026-09-24T17:16:00Z,600.355,600.435,599.57,599.67
2026-09-24T17:16:00Z,2026-09-24T17:17:00Z,599.69,599.955,599.69,599.76
2026-09-24T17:17:00Z,2026-09-24T17:18:00Z,599.775,599.965,599.51,599.51
2026-09-24T17:18:00Z,2026-09-24T17:19:00Z,599.515,600.335,599.49,600.185
2026-09-24T17:19:00Z,2026-09-24T17:20:00Z,600.19,600.2,599.175,599.185
2026-09-24T17:20:00Z,2026-09-24T17:21:00Z,599.18,599.3,598.82,599.17
2026-09-24T17:21:00Z,2026-09-24T17:22:00Z,599.2,599.46,599,599.08
2026-09-24T17:22:00Z,2026-09-24T17:23:00Z,599.105,599.525,599.065,599.31
2026-09-24T17:23:00Z,2026-09-24T17:24:00Z,599.345,599.38,599.125,599.235
2026-09-24T17:24:00Z,2026-09-24T17:25:00Z,599.23,599.52,598.755,598.915
2026-09-24T17:25:00Z,2026-09-24T17:26:00Z,598.92,599.12,598.355,598.405
2026-09-24T17:26:00Z,2026-09-24T17:27:00Z,598.415,598.58,597.965,598.13
2026-09-24T17:27:00Z,2026-09-24T17:28:00Z,598.105,598.475,598.06,598.33
2026-09-24T17:28:00Z,2026-09-24T17:29:00Z,598.335,598.745,598.33,598.7
2026-09-24T17:29:00Z,2026-09-24T17:30:00Z,598.675,598.845,598.625,598.78
2026-09-24T17:30:00Z,2026-09-24T17:31:00Z,598.765,599.35,598.715,599.31
2026-09-24T17:31:00Z,2026-09-24T17:32:00Z,599.32,599.51,599.19,599.27
2026-09-24T17:32:00Z,2026-09-24T17:33:00Z,599.275,599.395,599.055,599.36
2026-09-24T17:33:00Z,2026-09-24T17:34:00Z,599.345,599.395,599.095,599.22
2026-09-24T17:34:00Z,2026-09-24T17:35:00Z,599.22,599.22,598.575,598.615
2026-09-24T17:35:00Z,2026-09-24T17:36:00Z,598.61,598.93,598.505,598.735
2026-09-24T17:36:00Z,2026-09-24T17:37:00Z,598.67,598.925,598.61,598.725
2026-09-24T17:37:00Z,2026-09-24T17:38:00Z,598.72,598.935,598.555,598.56
2026-09-24T17:38:00Z,2026-09-24T17:39:00Z,598.555,598.61,598.14,598.375
2026-09-24T17:39:00Z,2026-09-24T17:40:00Z,598.4,598.705,598.39,598.525
2026-09-24T17:40:00Z,2026-09-24T17:41:00Z,598.52,598.94,598.5,598.905
2026-09-24T17:41:00Z,2026-09-24T17:42:00Z,598.855,598.88,598.35,598.355
2026-09-24T17:42:00Z,2026-09-24T17:43:00Z,598.35,598.72,598.225,598.25
2026-09-24T17:43:00Z,2026-09-24T17:44:00Z,598.22,598.23,597.415,597.605
2026-09-24T17:44:00Z,2026-09-24T17:45:00Z,597.6,597.69,597.29,597.305
2026-09-24T17:45:00Z,2026-09-24T17:46:00Z,597.3,597.46,597.065,597.4
2026-09-24T17:46:00Z,2026-09-24T17:47:00Z,597.395,597.865,597.355,597.78
2026-09-24T17:47:00Z,2026-09-24T17:48:00Z,597.775,598.25,597.725,598.225
2026-09-24T17:48:00Z,2026-09-24T17:49:00Z,598.23,598.3,597.89,598.005
2026-09-24T17:49:00Z,2026-09-24T17:50:00Z,597.99,598.41,597.91,598.23
2026-09-24T17:50:00Z,2026-09-24T17:51:00Z,598.225,598.285,598.025,598.115
2026-09-24T17:51:00Z,2026-09-24T17:52:00Z,598.12,598.21,597.895,597.91
2026-09-24T17:52:00Z,2026-09-24T17:53:00Z,597.895,598.07,597.485,597.58
2026-09-24T17:53:00Z,2026-09-24T17:54:00Z,597.575,597.775,597.355,597.38
2026-09-24T17:54:00Z,2026-09-24T17:55:00Z,597.375,597.445,596.865,597.135
2026-09-24T17:55:00Z,2026-09-24T17:56:00Z,597.14,597.35,596.995,596.995
2026-09-24T17:56:00Z,2026-09-24T17:57:00Z,596.975,597.825,596.975,597.69
2026-09-24T17:57:00Z,2026-09-24T17:58:00Z,597.685,597.685,597.415,597.445
2026-09-24T17:58:00Z,2026-09-24T17:59:00Z,597.45,597.48,597.185,597.265
2026-09-24T17:59:00Z,2026-09-24T18:00:00Z,597.265,597.625,597.265,597.505
2026-09-24T18:00:00Z,2026-09-24T18:01:00Z,597.51,597.535,597.045,597.065
2026-09-24T18:01:00Z,2026-09-24T18:02:00Z,597.095,597.14,596.3,596.6
2026-09-24T18:02:00Z,2026-09-24T18:03:00Z,596.645,596.645,596.2,596.275
2026-09-24T18:03:00Z,2026-09-24T18:04:00Z,596.265,596.28,595.39,595.535
2026-09-24T18:04:00Z,2026-09-24T18:05:00Z,595.54,595.685,595.14,595.195
2026-09-24T18:05:00Z,2026-09-24T18:06:00Z,595.165,595.41,595.12,595.39
2026-09-24T18:06:00Z,2026-09-24T18:07:00Z,595.315,595.965,595.07,595.725
2026-09-24T18:07:00Z,2026-09-24T18:08:00Z,595.76,596.095,595.505,595.805
2026-09-24T18:08:00Z,2026-09-24T18:09:00Z,595.825,596.66,595.825,596.46
2026-09-24T18:09:00Z,2026-09-24T18:10:00Z,596.48,596.73,596.42,596.49
2026-09-24T18:10:00Z,2026-09-24T18:11:00Z,596.545,596.825,596.545,596.605
2026-09-24T18:11:00Z,2026-09-24T18:12:00Z,596.61,597.29,596.55,597.085
2026-09-24T18:12:00Z,2026-09-24T18:13:00Z,597.095,597.21,596.785,596.79
2026-09-24T18:13:00Z,2026-09-24T18:14:00Z,596.79,596.96,596.63,596.73
2026-09-24T18:14:00Z,2026-09-24T18:15:00Z,596.72,597.085,596.715,597.065
2026-09-24T18:15:00Z,2026-09-24T18:16:00Z,597.07,597.27,597.01,597.2
2026-09-24T18:16:00Z,2026-09-24T18:17:00Z,597.205,597.63,597.17,597.33
2026-09-24T18:17:00Z,2026-09-24T18:18:00Z,597.325,597.76,597.31,597.76
2026-09-24T18:18:00Z,2026-09-24T18:19:00Z,597.755,597.91,597.325,597.39
2026-09-24T18:19:00Z,2026-09-24T18:20:00Z,597.385,597.475,597.23,597.4
2026-09-24T18:20:00Z,2026-09-24T18:21:00Z,597.445,597.5,596.985,597.125
2026-09-24T18:21:00Z,2026-09-24T18:22:00Z,597.11,597.44,597.105,597.335
2026-09-24T18:22:00Z,2026-09-24T18:23:00Z,597.365,597.555,597.33,597.44
2026-09-24T18:23:00Z,2026-09-24T18:24:00Z,597.45,597.905,597.345,597.815
2026-09-24T18:24:00Z,2026-09-24T18:25:00Z,597.81,597.885,597.72,597.865
2026-09-24T18:25:00Z,2026-09-24T18:26:00Z,597.825,598.805,597.775,598.4
2026-09-24T18:26:00Z,2026-09-24T18:27:00Z,598.345,598.97,598.345,598.835
2026-09-24T18:27:00Z,2026-09-24T18:28:00Z,598.84,598.855,598.42,598.585
2026-09-24T18:28:00Z,2026-09-24T18:29:00Z,598.58,598.83,598.405,598.485
2026-09-24T18:29:00Z,2026-09-24T18:30:00Z,598.475,598.52,598.235,598.43
2026-09-24T18:30:00Z,2026-09-24T18:31:00Z,598.415,598.695,598.385,598.485
2026-09-24T18:31:00Z,2026-09-24T18:32:00Z,598.48,598.525,597.93,598.36
2026-09-24T18:32:00Z,2026-09-24T18:33:00Z,598.355,598.355,597.86,598.045
2026-09-24T18:33:00Z,2026-09-24T18:34:00Z,598.05,598.23,598.035,598.085
2026-09-24T18:34:00Z,2026-09-24T18:35:00Z,598.1,598.265,597.855,597.875
2026-09-24T18:35:00Z,2026-09-24T18:36:00Z,597.87,597.94,597.445,597.555
2026-09-24T18:36:00Z,2026-09-24T18:37:00Z,597.555,597.97,597.525,597.88
2026-09-24T18:37:00Z,2026-09-24T18:38:00Z,597.87,598.035,597.745,597.81
2026-09-24T18:38:00Z,2026-09-24T18:39:00Z,597.775,599.115,597.715,599.06
2026-09-24T18:39:00Z,2026-09-24T18:40:00Z,599.06,599.8,598.715,598.93
2026-09-24T18:40:00Z,2026-09-24T18:41:00Z,598.935,598.935,598.105,598.285
2026-09-24T18:41:00Z,2026-09-24T18:42:00Z,598.285,598.35,598.035,598.31
2026-09-24T18:42:00Z,2026-09-24T18:43:00Z,598.305,598.575,598.08,598.12
2026-09-24T18:43:00Z,2026-09-24T18:44:00Z,598.145,598.19,597.89,598.19
2026-09-24T18:44:00Z,2026-09-24T18:45:00Z,598.21,598.345,598.185,598.27
2026-09-24T18:45:00Z,2026-09-24T18:46:00Z,598.265,598.74,598.22,598.62
2026-09-24T18:46:00Z,2026-09-24T18:47:00Z,598.61,598.655,598.46,598.64
2026-09-24T18:47:00Z,2026-09-24T18:48:00Z,598.675,598.715,598.585,598.59
2026-09-24T18:48:00Z,2026-09-24T18:49:00Z,598.615,598.85,598.53,598.825
2026-09-24T18:49:00Z,2026-09-24T18:50:00Z,598.835,598.84,598.615,598.71
2026-09-24T18:50:00Z,2026-09-24T18:51:00Z,598.73,599.43,598.625,599.265
2026-09-24T18:51:00Z,2026-09-24T18:52:00Z,599.27,599.29,598.855,599.135
2026-09-24T18:52:00Z,2026-09-24T18:53:00Z,599.08,599.69,599.08,599.59
2026-09-24T18:53:00Z,2026-09-24T18:54:00Z,599.625,599.65,599.325,599.56
2026-09-24T18:54:00Z,2026-09-24T18:55:00Z,599.55,599.6,599.475,599.515
2026-09-24T18:55:00Z,2026-09-24T18:56:00Z,599.52,599.81,599.52,599.81
2026-09-24T18:56:00Z,2026-09-24T18:57:00Z,599.81,600,599.76,599.975
2026-09-24T18:57:00Z,2026-09-24T18:58:00Z,599.93,600.18,599.91,600.085
2026-09-24T18:58:00Z,2026-09-24T18:59:00Z,600.09,600.385,599.955,600.31
2026-09-24T18:59:00Z,2026-09-24T19:00:00Z,600.315,600.395,600.025,600.05
2026-09-24T19:00:00Z,2026-09-24T19:01:00Z,600.055,600.145,599.645,600.045
2026-09-24T19:01:00Z,2026-09-24T19:02:00Z,600.035,600.065,599.39,599.545
2026-09-24T19:02:00Z,2026-09-24T19:03:00Z,599.61,599.88,599.355,599.39
2026-09-24T19:03:00Z,2026-09-24T19:04:00Z,599.4,599.42,598.965,598.98
2026-09-24T19:04:00Z,2026-09-24T19:05:00Z,598.975,599.115,598.855,599.095
2026-09-24T19:05:00Z,2026-09-24T19:06:00Z,599.09,599.31,599.05,599.275
2026-09-24T19:06:00Z,2026-09-24T19:07:00Z,599.275,599.405,599.14,599.16
2026-09-24T19:07:00Z,2026-09-24T19:08:00Z,599.17,599.485,598.965,599.385
2026-09-24T19:08:00Z,2026-09-24T19:09:00Z,599.36,599.505,599.28,599.28
2026-09-24T19:09:00Z,2026-09-24T19:10:00Z,599.29,599.29,599.045,599.185
2026-09-24T19:10:00Z,2026-09-24T19:11:00Z,599.185,599.33,598.84,598.855
2026-09-24T19:11:00Z,2026-09-24T19:12:00Z,598.865,598.975,598.55,598.665
2026-09-24T19:12:00Z,2026-09-24T19:13:00Z,598.66,598.955,598.66,598.925
2026-09-24T19:13:00Z,2026-09-24T19:14:00Z,598.905,599.185,598.85,598.99
2026-09-24T19:14:00Z,2026-09-24T19:15:00Z,598.985,599.015,598.5,598.52
2026-09-24T19:15:00Z,2026-09-24T19:16:00Z,598.515,598.915,598.515,598.8
2026-09-24T19:16:00Z,2026-09-24T19:17:00Z,598.815,599.35,598.78,599.34
2026-09-24T19:17:00Z,2026-09-24T19:18:00Z,599.35,599.685,599.35,599.6
2026-09-24T19:18:00Z,2026-09-24T19:19:00Z,599.59,599.815,599.52,599.745
2026-09-24T19:19:00Z,2026-09-24T19:20:00Z,599.75,599.775,599.455,599.65
2026-09-24T19:20:00Z,2026-09-24T19:21:00Z,599.65,599.83,599.53,599.595
2026-09-24T19:21:00Z,2026-09-24T19:22:00Z,599.61,599.625,599.42,599.505
2026-09-24T19:22:00Z,2026-09-24T19:23:00Z,599.515,599.755,599.495,599.65
2026-09-24T19:23:00Z,2026-09-24T19:24:00Z,599.64,599.68,599.425,599.565
2026-09-24T19:24:00Z,2026-09-24T19:25:00Z,599.56,599.93,599.53,599.78
2026-09-24T19:25:00Z,2026-09-24T19:26:00Z,599.79,599.97,599.78,599.8
2026-09-24T19:26:00Z,2026-09-24T19:27:00Z,599.805,600.045,599.76,599.835
2026-09-24T19:27:00Z,2026-09-24T19:28:00Z,599.815,599.88,599.665,599.665
2026-09-24T19:28:00Z,2026-09-24T19:29:00Z,599.67,599.745,599.495,599.495
2026-09-24T19:29:00Z,2026-09-24T19:30:00Z,599.51,599.595,599.115,599.14
2026-09-24T19:30:00Z,2026-09-24T19:31:00Z,599.215,599.75,599.07,599.68
2026-09-24T19:31:00Z,2026-09-24T19:32:00Z,599.67,599.92,599.55,599.905
2026-09-24T19:32:00Z,2026-09-24T19:33:00Z,599.905,599.905,599.625,599.69
2026-09-24T19:33:00Z,2026-09-24T19:34:00Z,599.685,599.77,599.62,599.7
2026-09-24T19:34:00Z,2026-09-24T19:35:00Z,599.705,599.925,599.64,599.885
2026-09-24T19:35:00Z,2026-09-24T19:36:00Z,599.875,599.9,599.57,599.685
2026-09-24T19:36:00Z,2026-09-24T19:37:00Z,599.675,599.97,599.675,599.87
2026-09-24T19:37:00Z,2026-09-24T19:38:00Z,599.87,599.89,599.51,599.555
2026-09-24T19:38:00Z,2026-09-24T19:39:00Z,599.56,599.785,599.515,599.785
2026-09-24T19:39:00Z,2026-09-24T19:40:00Z,599.77,599.895,599.685,599.77
2026-09-24T19:40:00Z,2026-09-24T19:41:00Z,599.76,599.905,599.53,599.565
2026-09-24T19:41:00Z,2026-09-24T19:42:00Z,599.565,599.675,599.49,599.64
2026-09-24T19:42:00Z,2026-09-24T19:43:00Z,599.66,599.69,599.395,599.435
2026-09-24T19:43:00Z,2026-09-24T19:44:00Z,599.43,599.665,599.32,599.63
2026-09-24T19:44:00Z,2026-09-24T19:45:00Z,599.64,599.755,599.525,599.725
2026-09-24T19:45:00Z,2026-09-24T19:46:00Z,599.72,599.875,599.57,599.855
2026-09-24T19:46:00Z,2026-09-24T19:47:00Z,599.86,599.9,599.64,599.79
2026-09-24T19:47:00Z,2026-09-24T19:48:00Z,599.81,599.88,599.7,599.825
2026-09-24T19:48:00Z,2026-09-24T19:49:00Z,599.83,599.85,599.57,599.61
2026-09-24T19:49:00Z,2026-09-24T19:50:00Z,599.615,599.755,599.615,599.66
2026-09-24T19:50:00Z,2026-09-24T19:51:00Z,599.65,600.33,599.65,600.03
2026-09-24T19:51:00Z,2026-09-24T19:52:00Z,599.965,600.41,599.91,600.32
2026-09-24T19:52:00Z,2026-09-24T19:53:00Z,600.325,600.42,600.24,600.345
2026-09-24T19:53:00Z,2026-09-24T19:54:00Z,600.38,600.645,600.33,600.61
2026-09-24T19:54:00Z,2026-09-24T19:55:00Z,600.6,600.655,600.2,600.58
2026-09-24T19:55:00Z,2026-09-24T19:56:00Z,600.575,600.785,600.235,600.64
2026-09-24T19:56:00Z,2026-09-24T19:57:00Z,600.65,600.78,600.495,600.53
2026-09-24T19:57:00Z,2026-09-24T19:58:00Z,600.535,600.64,600.435,600.585
2026-09-24T19:58:00Z,2026-09-24T19:59:00Z,600.59,600.745,600.585,600.635
2026-09-24T19:59:00Z,2026-09-24T20:00:00Z,600.645,600.795,600.64,600.655
2026-09-25T13:30:00Z,2026-09-25T13:31:00Z,605.315,605.315,603.26,604.92
2026-09-25T13:31:00Z,2026-09-25T13:32:00Z,604.815,605.22,603.79,604.805
2026-09-25T13:32:00Z,2026-09-25T13:33:00Z,604.805,605.765,604.675,605.695
2026-09-25T13:33:00Z,2026-09-25T13:34:00Z,605.67,605.67,604.945,605.56
2026-09-25T13:34:00Z,2026-09-25T13:35:00Z,605.565,606.9,605.485,606.89
2026-09-25T13:35:00Z,2026-09-25T13:36:00Z,606.895,607.135,606.795,606.965
2026-09-25T13:36:00Z,2026-09-25T13:37:00Z,606.86,607.47,606.44,607.36
2026-09-25T13:37:00Z,2026-09-25T13:38:00Z,607.38,607.73,606.92,607.38
2026-09-25T13:38:00Z,2026-09-25T13:39:00Z,607.375,607.565,607.105,607.405
2026-09-25T13:39:00Z,2026-09-25T13:40:00Z,607.41,607.57,606.495,607.505
2026-09-25T13:40:00Z,2026-09-25T13:41:00Z,607.5,607.9,607.14,607.875
2026-09-25T13:41:00Z,2026-09-25T13:42:00Z,607.87,607.98,607.155,607.345
2026-09-25T13:42:00Z,2026-09-25T13:43:00Z,607.32,607.75,606.55,607.75
2026-09-25T13:43:00Z,2026-09-25T13:44:00Z,607.78,607.78,607.115,607.355
2026-09-25T13:44:00Z,2026-09-25T13:45:00Z,607.35,607.525,606.91,607.495
2026-09-25T13:45:00Z,2026-09-25T13:46:00Z,607.52,607.91,606.695,606.85
2026-09-25T13:46:00Z,2026-09-25T13:47:00Z,606.815,607.17,606.48,607.155
2026-09-25T13:47:00Z,2026-09-25T13:48:00Z,607.155,607.875,607.155,607.49
2026-09-25T13:48:00Z,2026-09-25T13:49:00Z,607.48,607.58,606.485,606.75
2026-09-25T13:49:00Z,2026-09-25T13:50:00Z,606.775,607.39,606.76,607.23
2026-09-25T13:50:00Z,2026-09-25T13:51:00Z,607.23,607.625,607.015,607.29
2026-09-25T13:51:00Z,2026-09-25T13:52:00Z,607.305,607.48,606.93,606.94
2026-09-25T13:52:00Z,2026-09-25T13:53:00Z,606.935,607.76,606.745,607.755
2026-09-25T13:53:00Z,2026-09-25T13:54:00Z,607.695,608.32,607.605,608.175
2026-09-25T13:54:00Z,2026-09-25T13:55:00Z,608.175,609.27,608.175,609.18
2026-09-25T13:55:00Z,2026-09-25T13:56:00Z,609.18,609.62,609.06,609.13
2026-09-25T13:56:00Z,2026-09-25T13:57:00Z,609.085,609.125,608.685,608.965
2026-09-25T13:57:00Z,2026-09-25T13:58:00Z,608.99,608.99,608.495,608.815
2026-09-25T13:58:00Z,2026-09-25T13:59:00Z,608.825,608.94,608.285,608.59
2026-09-25T13:59:00Z,2026-09-25T14:00:00Z,608.595,608.915,608.475,608.905
2026-09-25T14:00:00Z,2026-09-25T14:01:00Z,608.915,609.4,608.55,608.58
2026-09-25T14:01:00Z,2026-09-25T14:02:00Z,608.59,608.62,607.635,607.635
2026-09-25T14:02:00Z,2026-09-25T14:03:00Z,607.615,608.08,606.965,607.925
2026-09-25T14:03:00Z,2026-09-25T14:04:00Z,607.905,607.905,607.125,607.74
2026-09-25T14:04:00Z,2026-09-25T14:05:00Z,607.74,607.74,606.825,607.03
2026-09-25T14:05:00Z,2026-09-25T14:06:00Z,607.025,607.025,605.29,605.47
2026-09-25T14:06:00Z,2026-09-25T14:07:00Z,605.455,606.265,605.25,606.265
2026-09-25T14:07:00Z,2026-09-25T14:08:00Z,606.25,607.08,606.235,606.45
2026-09-25T14:08:00Z,2026-09-25T14:09:00Z,606.435,606.825,605.795,606.785
2026-09-25T14:09:00Z,2026-09-25T14:10:00Z,606.895,606.99,606.405,606.86
2026-09-25T14:10:00Z,2026-09-25T14:11:00Z,606.865,607.54,606.865,607.24
2026-09-25T14:11:00Z,2026-09-25T14:12:00Z,607.23,608.16,606.995,608.01
2026-09-25T14:12:00Z,2026-09-25T14:13:00Z,608.01,608.01,607.415,607.42
2026-09-25T14:13:00Z,2026-09-25T14:14:00Z,607.34,607.535,606.535,606.675
2026-09-25T14:14:00Z,2026-09-25T14:15:00Z,606.675,606.675,605.21,605.23
2026-09-25T14:15:00Z,2026-09-25T14:16:00Z,605.205,605.205,603.585,604.475
2026-09-25T14:16:00Z,2026-09-25T14:17:00Z,604.505,605.01,603.635,603.69
2026-09-25T14:17:00Z,2026-09-25T14:18:00Z,603.695,603.81,602.465,602.7
2026-09-25T14:18:00Z,2026-09-25T14:19:00Z,602.705,604.04,602.61,603.325
2026-09-25T14:19:00Z,2026-09-25T14:20:00Z,603.33,603.525,602.58,603.225
2026-09-25T14:20:00Z,2026-09-25T14:21:00Z,603.235,603.905,602.925,603.7
2026-09-25T14:21:00Z,2026-09-25T14:22:00Z,603.67,603.955,602.865,603.075
2026-09-25T14:22:00Z,2026-09-25T14:23:00Z,603.07,603.775,602.95,603.46
2026-09-25T14:23:00Z,2026-09-25T14:24:00Z,603.455,604.23,603.39,603.875
2026-09-25T14:24:00Z,2026-09-25T14:25:00Z,603.885,604.465,603.825,604.245
2026-09-25T14:25:00Z,2026-09-25T14:26:00Z,604.265,604.43,603.825,604.25
2026-09-25T14:26:00Z,2026-09-25T14:27:00Z,604.26,604.635,604.09,604.245
2026-09-25T14:27:00Z,2026-09-25T14:28:00Z,604.27,604.37,603.8,603.925
2026-09-25T14:28:00Z,2026-09-25T14:29:00Z,603.93,603.99,603.08,603.405
2026-09-25T14:29:00Z,2026-09-25T14:30:00Z,603.41,603.71,602.535,602.655
2026-09-25T14:30:00Z,2026-09-25T14:31:00Z,602.66,603.23,602.28,602.835
2026-09-25T14:31:00Z,2026-09-25T14:32:00Z,602.78,603.275,602.74,602.97
2026-09-25T14:32:00Z,2026-09-25T14:33:00Z,603.105,603.7,603.105,603.49
2026-09-25T14:33:00Z,2026-09-25T14:34:00Z,603.47,604.215,603.45,603.935
2026-09-25T14:34:00Z,2026-09-25T14:35:00Z,603.925,604.5,603.91,604.375
2026-09-25T14:35:00Z,2026-09-25T14:36:00Z,604.37,604.645,604.11,604.51
2026-09-25T14:36:00Z,2026-09-25T14:37:00Z,604.505,604.62,604.155,604.19
2026-09-25T14:37:00Z,2026-09-25T14:38:00Z,604.185,604.345,604.1,604.32
2026-09-25T14:38:00Z,2026-09-25T14:39:00Z,604.28,604.74,604.23,604.41
2026-09-25T14:39:00Z,2026-09-25T14:40:00Z,604.395,604.735,604.395,604.55
2026-09-25T14:40:00Z,2026-09-25T14:41:00Z,604.55,604.695,603.885,603.91
2026-09-25T14:41:00Z,2026-09-25T14:42:00Z,604,604.145,602.99,603.07
2026-09-25T14:42:00Z,2026-09-25T14:43:00Z,603.025,603.47,602.82,603.365
2026-09-25T14:43:00Z,2026-09-25T14:44:00Z,603.35,603.45,602.95,603.35
2026-09-25T14:44:00Z,2026-09-25T14:45:00Z,603.345,604.18,603.34,604.13
2026-09-25T14:45:00Z,2026-09-25T14:46:00Z,604.115,604.145,603.42,604.06
2026-09-25T14:46:00Z,2026-09-25T14:47:00Z,604.055,604.885,603.815,604.43
2026-09-25T14:47:00Z,2026-09-25T14:48:00Z,604.425,604.855,604.31,604.705
2026-09-25T14:48:00Z,2026-09-25T14:49:00Z,604.735,605.015,604.71,604.94
2026-09-25T14:49:00Z,2026-09-25T14:50:00Z,604.95,605.61,604.76,605.48
2026-09-25T14:50:00Z,2026-09-25T14:51:00Z,605.47,605.47,604.96,605.345
2026-09-25T14:51:00Z,2026-09-25T14:52:00Z,605.355,605.475,604.35,604.35
2026-09-25T14:52:00Z,2026-09-25T14:53:00Z,604.355,604.69,604.285,604.495
2026-09-25T14:53:00Z,2026-09-25T14:54:00Z,604.5,605.19,604.48,605.095
2026-09-25T14:54:00Z,2026-09-25T14:55:00Z,605.07,605.34,604.885,605.25
2026-09-25T14:55:00Z,2026-09-25T14:56:00Z,605.255,605.845,605.21,605.8
2026-09-25T14:56:00Z,2026-09-25T14:57:00Z,605.795,606.055,605.5,605.51
2026-09-25T14:57:00Z,2026-09-25T14:58:00Z,605.54,606.015,605.54,605.98
2026-09-25T14:58:00Z,2026-09-25T14:59:00Z,605.97,606.445,605.79,606.4
2026-09-25T14:59:00Z,2026-09-25T15:00:00Z,606.385,606.49,606.225,606.4
2026-09-25T15:00:00Z,2026-09-25T15:01:00Z,606.405,606.405,606,606.11
2026-09-25T15:01:00Z,2026-09-25T15:02:00Z,606.1,606.45,605.965,606.225
2026-09-25T15:02:00Z,2026-09-25T15:03:00Z,606.23,606.835,606.23,606.815
2026-09-25T15:03:00Z,2026-09-25T15:04:00Z,606.825,607.15,606.825,606.99
2026-09-25T15:04:00Z,2026-09-25T15:05:00Z,606.99,607.3,606.87,606.95
2026-09-25T15:05:00Z,2026-09-25T15:06:00Z,606.955,607.185,606.735,606.91
2026-09-25T15:06:00Z,2026-09-25T15:07:00Z,606.9,607.085,606.87,607.01
2026-09-25T15:07:00Z,2026-09-25T15:08:00Z,607.005,607.135,606.885,606.96
2026-09-25T15:08:00Z,2026-09-25T15:09:00Z,606.93,606.93,606.6,606.705
2026-09-25T15:09:00Z,2026-09-25T15:10:00Z,606.71,606.765,606.35,606.395
2026-09-25T15:10:00Z,2026-09-25T15:11:00Z,606.39,606.41,605.9,606.135
2026-09-25T15:11:00Z,2026-09-25T15:12:00Z,606.12,606.145,605.405,605.495
2026-09-25T15:12:00Z,2026-09-25T15:13:00Z,605.505,605.745,605.345,605.57
2026-09-25T15:13:00Z,2026-09-25T15:14:00Z,605.605,605.925,605.555,605.895
2026-09-25T15:14:00Z,2026-09-25T15:15:00Z,605.91,606.11,605.855,605.92
2026-09-25T15:15:00Z,2026-09-25T15:16:00Z,605.91,606.3,605.855,606.245
2026-09-25T15:16:00Z,2026-09-25T15:17:00Z,606.235,606.57,606.145,606.31
2026-09-25T15:17:00Z,2026-09-25T15:18:00Z,606.28,606.405,605.965,606.075
2026-09-25T15:18:00Z,2026-09-25T15:19:00Z,606.065,606.345,605.99,606.215
2026-09-25T15:19:00Z,2026-09-25T15:20:00Z,606.205,606.23,605.72,605.965
2026-09-25T15:20:00Z,2026-09-25T15:21:00Z,605.975,606.12,605.67,606.055
2026-09-25T15:21:00Z,2026-09-25T15:22:00Z,606.085,606.505,605.855,606.14
2026-09-25T15:22:00Z,2026-09-25T15:23:00Z,606.145,606.155,605.95,606.05
2026-09-25T15:23:00Z,2026-09-25T15:24:00Z,606.055,606.32,606,606.17
2026-09-25T15:24:00Z,2026-09-25T15:25:00Z,606.14,606.16,605.685,605.745
2026-09-25T15:25:00Z,2026-09-25T15:26:00Z,605.755,605.845,605.56,605.565
2026-09-25T15:26:00Z,2026-09-25T15:27:00Z,605.56,605.56,605.145,605.445
2026-09-25T15:27:00Z,2026-09-25T15:28:00Z,605.445,605.445,604.96,605.115
2026-09-25T15:28:00Z,2026-09-25T15:29:00Z,605.06,605.3,605.015,605.145
2026-09-25T15:29:00Z,2026-09-25T15:30:00Z,605.175,605.605,605.065,605.245
2026-09-25T15:30:00Z,2026-09-25T15:31:00Z,605.27,606.19,605.09,605.91
2026-09-25T15:31:00Z,2026-09-25T15:32:00Z,605.9,606.21,605.725,606.21
2026-09-25T15:32:00Z,2026-09-25T15:33:00Z,606.185,606.42,606.07,606.2
2026-09-25T15:33:00Z,2026-09-25T15:34:00Z,606.205,606.22,605.72,605.75
2026-09-25T15:34:00Z,2026-09-25T15:35:00Z,605.75,605.91,604.78,604.87
2026-09-25T15:35:00Z,2026-09-25T15:36:00Z,604.85,605.14,604.59,604.79
2026-09-25T15:36:00Z,2026-09-25T15:37:00Z,604.785,604.855,603.795,603.845
2026-09-25T15:37:00Z,2026-09-25T15:38:00Z,603.855,603.95,603.31,603.585
2026-09-25T15:38:00Z,2026-09-25T15:39:00Z,603.595,603.73,603.125,603.22
2026-09-25T15:39:00Z,2026-09-25T15:40:00Z,603.21,603.64,603.045,603.495
2026-09-25T15:40:00Z,2026-09-25T15:41:00Z,603.5,603.915,603.235,603.905
2026-09-25T15:41:00Z,2026-09-25T15:42:00Z,603.96,604.08,603.805,603.97
2026-09-25T15:42:00Z,2026-09-25T15:43:00Z,604.075,604.175,603.47,603.79
2026-09-25T15:43:00Z,2026-09-25T15:44:00Z,603.785,603.885,603.54,603.61
2026-09-25T15:44:00Z,2026-09-25T15:45:00Z,603.635,603.67,603.13,603.19
2026-09-25T15:45:00Z,2026-09-25T15:46:00Z,603.185,603.43,602.91,603.295
2026-09-25T15:46:00Z,2026-09-25T15:47:00Z,603.28,603.79,602.95,603.78
2026-09-25T15:47:00Z,2026-09-25T15:48:00Z,603.78,604.055,603.74,603.985
2026-09-25T15:48:00Z,2026-09-25T15:49:00Z,603.98,604.275,603.84,604.1
2026-09-25T15:49:00Z,2026-09-25T15:50:00Z,604.11,604.48,604.11,604.415
2026-09-25T15:50:00Z,2026-09-25T15:51:00Z,604.42,604.57,604.16,604.25
2026-09-25T15:51:00Z,2026-09-25T15:52:00Z,604.235,604.235,603.3,603.465
2026-09-25T15:52:00Z,2026-09-25T15:53:00Z,603.455,603.7,603.155,603.39
2026-09-25T15:53:00Z,2026-09-25T15:54:00Z,603.4,603.61,603.365,603.41
2026-09-25T15:54:00Z,2026-09-25T15:55:00Z,603.385,604.56,603.27,604.38
2026-09-25T15:55:00Z,2026-09-25T15:56:00Z,604.39,604.745,604.3,604.435
2026-09-25T15:56:00Z,2026-09-25T15:57:00Z,604.445,604.715,604.28,604.68
2026-09-25T15:57:00Z,2026-09-25T15:58:00Z,604.69,605.12,604.69,605.085
2026-09-25T15:58:00Z,2026-09-25T15:59:00Z,605.155,605.935,605.035,605.75
2026-09-25T15:59:00Z,2026-09-25T16:00:00Z,605.74,606.435,605.705,606.305
2026-09-25T16:00:00Z,2026-09-25T16:01:00Z,606.315,606.945,606.005,606.915
2026-09-25T16:01:00Z,2026-09-25T16:02:00Z,606.92,607.045,606.67,606.715
2026-09-25T16:02:00Z,2026-09-25T16:03:00Z,606.75,607.5,606.725,607.5
2026-09-25T16:03:00Z,2026-09-25T16:04:00Z,607.495,607.945,607.32,607.935
2026-09-25T16:04:00Z,2026-09-25T16:05:00Z,607.94,608.16,607.755,608.135
2026-09-25T16:05:00Z,2026-09-25T16:06:00Z,608.13,608.575,607.675,608.405
2026-09-25T16:06:00Z,2026-09-25T16:07:00Z,608.395,608.685,608.19,608.385
2026-09-25T16:07:00Z,2026-09-25T16:08:00Z,608.4,608.66,608.355,608.465
2026-09-25T16:08:00Z,2026-09-25T16:09:00Z,608.465,608.66,608.295,608.375
2026-09-25T16:09:00Z,2026-09-25T16:10:00Z,608.375,609.015,608.095,608.995
2026-09-25T16:10:00Z,2026-09-25T16:11:00Z,609.02,609.54,608.865,609.325
2026-09-25T16:11:00Z,2026-09-25T16:12:00Z,609.305,609.32,608.395,608.66
2026-09-25T16:12:00Z,2026-09-25T16:13:00Z,608.65,608.81,608.475,608.6
2026-09-25T16:13:00Z,2026-09-25T16:14:00Z,608.585,608.755,608.47,608.685
2026-09-25T16:14:00Z,2026-09-25T16:15:00Z,608.7,608.755,607.96,608.33
2026-09-25T16:15:00Z,2026-09-25T16:16:00Z,608.32,608.95,608.18,608.95
2026-09-25T16:16:00Z,2026-09-25T16:17:00Z,608.95,609.25,608.725,609.175
2026-09-25T16:17:00Z,2026-09-25T16:18:00Z,609.155,609.33,608.485,608.495
2026-09-25T16:18:00Z,2026-09-25T16:19:00Z,608.505,608.545,607.715,607.845
2026-09-25T16:19:00Z,2026-09-25T16:20:00Z,607.84,608.025,607.71,608.005
2026-09-25T16:20:00Z,2026-09-25T16:21:00Z,607.98,608.045,607.485,607.56
2026-09-25T16:21:00Z,2026-09-25T16:22:00Z,607.575,607.745,607.13,607.63
2026-09-25T16:22:00Z,2026-09-25T16:23:00Z,607.615,607.63,607.07,607.31
2026-09-25T16:23:00Z,2026-09-25T16:24:00Z,607.32,607.325,606.62,606.91
2026-09-25T16:24:00Z,2026-09-25T16:25:00Z,606.9,607.29,606.895,607.23
2026-09-25T16:25:00Z,2026-09-25T16:26:00Z,607.205,607.775,607.105,607.52
2026-09-25T16:26:00Z,2026-09-25T16:27:00Z,607.53,608.435,607.38,608.4
2026-09-25T16:27:00Z,2026-09-25T16:28:00Z,608.39,608.535,608.275,608.37
2026-09-25T16:28:00Z,2026-09-25T16:29:00Z,608.375,608.4,608.16,608.27
2026-09-25T16:29:00Z,2026-09-25T16:30:00Z,608.255,608.59,608.255,608.485
2026-09-25T16:30:00Z,2026-09-25T16:31:00Z,608.5,608.525,608.045,608.33
2026-09-25T16:31:00Z,2026-09-25T16:32:00Z,608.4,608.55,608.265,608.52
2026-09-25T16:32:00Z,2026-09-25T16:33:00Z,608.525,608.685,608.31,608.315
2026-09-25T16:33:00Z,2026-09-25T16:34:00Z,608.315,608.62,608.245,608.58
2026-09-25T16:34:00Z,2026-09-25T16:35:00Z,608.59,608.605,607.195,607.63
2026-09-25T16:35:00Z,2026-09-25T16:36:00Z,607.64,608.025,607.63,607.97
2026-09-25T16:36:00Z,2026-09-25T16:37:00Z,607.965,608.195,607.615,608.18
2026-09-25T16:37:00Z,2026-09-25T16:38:00Z,608.185,608.805,608.18,608.445
2026-09-25T16:38:00Z,2026-09-25T16:39:00Z,608.43,608.43,607.84,608.305
2026-09-25T16:39:00Z,2026-09-25T16:40:00Z,608.3,608.38,608.03,608.08
2026-09-25T16:40:00Z,2026-09-25T16:41:00Z,608.08,608.12,607.86,607.885
2026-09-25T16:41:00Z,2026-09-25T16:42:00Z,607.885,608.075,607.865,607.965
2026-09-25T16:42:00Z,2026-09-25T16:43:00Z,608,608.395,607.8,607.895
2026-09-25T16:43:00Z,2026-09-25T16:44:00Z,607.91,608.425,607.9,608.365
2026-09-25T16:44:00Z,2026-09-25T16:45:00Z,608.375,608.585,608.23,608.28
2026-09-25T16:45:00Z,2026-09-25T16:46:00Z,608.285,608.405,607.9,608.405
2026-09-25T16:46:00Z,2026-09-25T16:47:00Z,608.41,608.53,608.25,608.265
2026-09-25T16:47:00Z,2026-09-25T16:48:00Z,608.265,608.265,608,608.045
2026-09-25T16:48:00Z,2026-09-25T16:49:00Z,608.04,608.095,607.685,607.75
2026-09-25T16:49:00Z,2026-09-25T16:50:00Z,607.74,607.91,607.365,607.835
2026-09-25T16:50:00Z,2026-09-25T16:51:00Z,607.825,608.175,607.8,607.925
2026-09-25T16:51:00Z,2026-09-25T16:52:00Z,607.92,607.94,607.73,607.9
2026-09-25T16:52:00Z,2026-09-25T16:53:00Z,607.905,608.015,607.745,608.005
2026-09-25T16:53:00Z,2026-09-25T16:54:00Z,608,608.03,607.645,607.665
2026-09-25T16:54:00Z,2026-09-25T16:55:00Z,607.68,607.78,607.525,607.735
2026-09-25T16:55:00Z,2026-09-25T16:56:00Z,607.725,607.855,607.61,607.695
2026-09-25T16:56:00Z,2026-09-25T16:57:00Z,607.69,607.905,607.53,607.585
2026-09-25T16:57:00Z,2026-09-25T16:58:00Z,607.58,607.58,607.145,607.15
2026-09-25T16:58:00Z,2026-09-25T16:59:00Z,607.16,607.28,607.075,607.205
2026-09-25T16:59:00Z,2026-09-25T17:00:00Z,607.195,607.485,606.835,607.245
2026-09-25T17:00:00Z,2026-09-25T17:01:00Z,607.245,607.245,607.19,607.24
2026-09-25T17:01:00Z,2026-09-25T17:02:00Z,607.24,608.065,607.24,608.025
2026-09-25T17:02:00Z,2026-09-25T17:03:00Z,608.025,608.21,607.925,608.115
2026-09-25T17:03:00Z,2026-09-25T17:04:00Z,608.11,608.325,608.005,608.005
2026-09-25T17:04:00Z,2026-09-25T17:05:00Z,608,608.13,607.9,607.99
2026-09-25T17:05:00Z,2026-09-25T17:06:00Z,607.99,608.135,607.945,608.055
2026-09-25T17:06:00Z,2026-09-25T17:07:00Z,608.055,608.215,607.98,608.065
2026-09-25T17:07:00Z,2026-09-25T17:08:00Z,608.06,608.185,607.99,608.135
2026-09-25T17:08:00Z,2026-09-25T17:09:00Z,608.15,608.15,607.845,608.05
2026-09-25T17:09:00Z,2026-09-25T17:10:00Z,608.05,608.45,608.05,608.425
2026-09-25T17:10:00Z,2026-09-25T17:11:00Z,608.42,608.42,608.2,608.275
2026-09-25T17:11:00Z,2026-09-25T17:12:00Z,608.27,608.38,607.945,607.945
2026-09-25T17:12:00Z,2026-09-25T17:13:00Z,607.985,608.27,607.835,608.27
2026-09-25T17:13:00Z,2026-09-25T17:14:00Z,608.265,608.525,608.165,608.34
2026-09-25T17:14:00Z,2026-09-25T17:15:00Z,608.35,608.65,608.28,608.62
2026-09-25T17:15:00Z,2026-09-25T17:16:00Z,608.625,608.64,608.425,608.535
2026-09-25T17:16:00Z,2026-09-25T17:17:00Z,608.54,608.56,608.4,608.415
2026-09-25T17:17:00Z,2026-09-25T17:18:00Z,608.41,608.745,608.41,608.52
2026-09-25T17:18:00Z,2026-09-25T17:19:00Z,608.54,608.56,608.11,608.24
2026-09-25T17:19:00Z,2026-09-25T17:20:00Z,608.235,608.25,608.085,608.155
2026-09-25T17:20:00Z,2026-09-25T17:21:00Z,608.17,608.26,608.04,608.205
2026-09-25T17:21:00Z,2026-09-25T17:22:00Z,608.22,608.26,608.065,608.16
2026-09-25T17:22:00Z,2026-09-25T17:23:00Z,608.16,608.255,608.075,608.09
2026-09-25T17:23:00Z,2026-09-25T17:24:00Z,608.125,608.235,608.025,608.095
2026-09-25T17:24:00Z,2026-09-25T17:25:00Z,608.12,608.19,608.045,608.135
2026-09-25T17:25:00Z,2026-09-25T17:26:00Z,608.13,608.165,608.045,608.06
2026-09-25T17:26:00Z,2026-09-25T17:27:00Z,608.08,608.155,607.855,607.875
2026-09-25T17:27:00Z,2026-09-25T17:28:00Z,607.865,607.865,607.685,607.72
2026-09-25T17:28:00Z,2026-09-25T17:29:00Z,607.71,607.87,607.71,607.85
2026-09-25T17:29:00Z,2026-09-25T17:30:00Z,607.845,607.86,607.675,607.77
2026-09-25T17:30:00Z,2026-09-25T17:31:00Z,607.795,607.865,607.7,607.82
2026-09-25T17:31:00Z,2026-09-25T17:32:00Z,607.82,607.82,607.5,607.5
2026-09-25T17:32:00Z,2026-09-25T17:33:00Z,607.505,607.715,607.465,607.555
2026-09-25T17:33:00Z,2026-09-25T17:34:00Z,607.555,607.78,607.495,607.55
2026-09-25T17:34:00Z,2026-09-25T17:35:00Z,607.555,607.6,607.035,607.205
2026-09-25T17:35:00Z,2026-09-25T17:36:00Z,607.215,607.245,607.08,607.2
2026-09-25T17:36:00Z,2026-09-25T17:37:00Z,607.195,607.33,607.035,607.07
2026-09-25T17:37:00Z,2026-09-25T17:38:00Z,607.075,607.08,606.72,606.955
2026-09-25T17:38:00Z,2026-09-25T17:39:00Z,606.95,607.305,606.91,607.28
2026-09-25T17:39:00Z,2026-09-25T17:40:00Z,607.275,607.68,607.17,607.41
2026-09-25T17:40:00Z,2026-09-25T17:41:00Z,607.435,607.665,607.28,607.48
2026-09-25T17:41:00Z,2026-09-25T17:42:00Z,607.49,607.72,607.43,607.65
2026-09-25T17:42:00Z,2026-09-25T17:43:00Z,607.64,607.88,607.61,607.81
2026-09-25T17:43:00Z,2026-09-25T17:44:00Z,607.8,607.81,607.605,607.67
2026-09-25T17:44:00Z,2026-09-25T17:45:00Z,607.67,607.845,607.635,607.715
2026-09-25T17:45:00Z,2026-09-25T17:46:00Z,607.695,607.79,607.575,607.7
2026-09-25T17:46:00Z,2026-09-25T17:47:00Z,607.705,607.765,607.58,607.61
2026-09-25T17:47:00Z,2026-09-25T17:48:00Z,607.61,607.645,607.495,607.585
2026-09-25T17:48:00Z,2026-09-25T17:49:00Z,607.625,607.63,607.515,607.585
2026-09-25T17:49:00Z,2026-09-25T17:50:00Z,607.59,607.895,607.59,607.815
2026-09-25T17:50:00Z,2026-09-25T17:51:00Z,607.815,607.84,607.7,607.75
2026-09-25T17:51:00Z,2026-09-25T17:52:00Z,607.74,607.85,607.58,607.66
2026-09-25T17:52:00Z,2026-09-25T17:53:00Z,607.655,607.66,607.15,607.16
2026-09-25T17:53:00Z,2026-09-25T17:54:00Z,607.155,607.31,607.08,607.305
2026-09-25T17:54:00Z,2026-09-25T17:55:00Z,607.3,607.32,607.045,607.21
2026-09-25T17:55:00Z,2026-09-25T17:56:00Z,607.285,607.38,607.225,607.355
2026-09-25T17:56:00Z,2026-09-25T17:57:00Z,607.36,607.52,607.32,607.445
2026-09-25T17:57:00Z,2026-09-25T17:58:00Z,607.455,607.505,607.38,607.42
2026-09-25T17:58:00Z,2026-09-25T17:59:00Z,607.42,607.635,607.42,607.49
2026-09-25T17:59:00Z,2026-09-25T18:00:00Z,607.485,607.57,607.36,607.48
2026-09-25T18:00:00Z,2026-09-25T18:01:00Z,607.485,607.565,607.405,607.5
2026-09-25T18:01:00Z,2026-09-25T18:02:00Z,607.51,607.565,607.425,607.49
2026-09-25T18:02:00Z,2026-09-25T18:03:00Z,607.5,607.53,607.255,607.3
2026-09-25T18:03:00Z,2026-09-25T18:04:00Z,607.355,607.58,607.285,607.485
2026-09-25T18:04:00Z,2026-09-25T18:05:00Z,607.48,607.505,607.23,607.26
2026-09-25T18:05:00Z,2026-09-25T18:06:00Z,607.24,607.51,607.24,607.41
2026-09-25T18:06:00Z,2026-09-25T18:07:00Z,607.415,607.46,607.19,607.26
2026-09-25T18:07:00Z,2026-09-25T18:08:00Z,607.27,607.345,607.11,607.225
2026-09-25T18:08:00Z,2026-09-25T18:09:00Z,607.215,607.515,607.135,607.5
2026-09-25T18:09:00Z,2026-09-25T18:10:00Z,607.505,607.655,607.49,607.6
2026-09-25T18:10:00Z,2026-09-25T18:11:00Z,607.595,607.63,607.49,607.505
2026-09-25T18:11:00Z,2026-09-25T18:12:00Z,607.51,607.56,607.425,607.47
2026-09-25T18:12:00Z,2026-09-25T18:13:00Z,607.475,607.72,607.37,607.68
2026-09-25T18:13:00Z,2026-09-25T18:14:00Z,607.675,607.925,607.67,607.92
2026-09-25T18:14:00Z,2026-09-25T18:15:00Z,607.905,608.07,607.865,608.03
2026-09-25T18:15:00Z,2026-09-25T18:16:00Z,608.04,608.065,607.9,607.96
2026-09-25T18:16:00Z,2026-09-25T18:17:00Z,607.975,608.105,607.885,607.98
2026-09-25T18:17:00Z,2026-09-25T18:18:00Z,607.99,607.99,607.835,607.91
2026-09-25T18:18:00Z,2026-09-25T18:19:00Z,607.905,607.995,607.69,607.725
2026-09-25T18:19:00Z,2026-09-25T18:20:00Z,607.735,607.735,607.59,607.735
2026-09-25T18:20:00Z,2026-09-25T18:21:00Z,607.725,607.895,607.71,607.75
2026-09-25T18:21:00Z,2026-09-25T18:22:00Z,607.755,607.755,607.635,607.68
2026-09-25T18:22:00Z,2026-09-25T18:23:00Z,607.725,607.95,607.675,607.775
2026-09-25T18:23:00Z,2026-09-25T18:24:00Z,607.77,608.055,607.755,608.01
2026-09-25T18:24:00Z,2026-09-25T18:25:00Z,608.015,608.085,608.01,608.035
2026-09-25T18:25:00Z,2026-09-25T18:26:00Z,608.04,608.055,607.92,607.95
2026-09-25T18:26:00Z,2026-09-25T18:27:00Z,607.945,607.955,607.175,607.315
2026-09-25T18:27:00Z,2026-09-25T18:28:00Z,607.31,607.32,606.685,606.73
2026-09-25T18:28:00Z,2026-09-25T18:29:00Z,606.725,607.075,606.625,607.04
2026-09-25T18:29:00Z,2026-09-25T18:30:00Z,607.035,607.285,606.91,607.11
2026-09-25T18:30:00Z,2026-09-25T18:31:00Z,607.14,607.465,607.13,607.305
2026-09-25T18:31:00Z,2026-09-25T18:32:00Z,607.31,607.49,607.255,607.325
2026-09-25T18:32:00Z,2026-09-25T18:33:00Z,607.335,607.335,607.06,607.13
2026-09-25T18:33:00Z,2026-09-25T18:34:00Z,607.155,607.295,607.13,607.175
2026-09-25T18:34:00Z,2026-09-25T18:35:00Z,607.21,607.23,607.05,607.19
2026-09-25T18:35:00Z,2026-09-25T18:36:00Z,607.19,607.36,607.05,607.28
2026-09-25T18:36:00Z,2026-09-25T18:37:00Z,607.3,607.345,607.245,607.31
2026-09-25T18:37:00Z,2026-09-25T18:38:00Z,607.31,607.31,606.72,606.775
2026-09-25T18:38:00Z,2026-09-25T18:39:00Z,606.765,606.8,606.6,606.79
2026-09-25T18:39:00Z,2026-09-25T18:40:00Z,606.795,606.825,606.415,606.42
2026-09-25T18:40:00Z,2026-09-25T18:41:00Z,606.455,606.61,606.26,606.55
2026-09-25T18:41:00Z,2026-09-25T18:42:00Z,606.555,606.71,606.46,606.61
2026-09-25T18:42:00Z,2026-09-25T18:43:00Z,606.595,606.815,606.595,606.81
2026-09-25T18:43:00Z,2026-09-25T18:44:00Z,606.805,606.81,606.71,606.81
2026-09-25T18:44:00Z,2026-09-25T18:45:00Z,606.79,606.91,606.765,606.9
2026-09-25T18:45:00Z,2026-09-25T18:46:00Z,606.905,607.005,606.865,606.905
2026-09-25T18:46:00Z,2026-09-25T18:47:00Z,606.9,606.995,606.7,606.72
2026-09-25T18:47:00Z,2026-09-25T18:48:00Z,606.69,606.705,606.505,606.57
2026-09-25T18:48:00Z,2026-09-25T18:49:00Z,606.555,606.75,606.48,606.705
2026-09-25T18:49:00Z,2026-09-25T18:50:00Z,606.71,606.84,606.7,606.72
2026-09-25T18:50:00Z,2026-09-25T18:51:00Z,606.725,606.735,606.535,606.605
2026-09-25T18:51:00Z,2026-09-25T18:52:00Z,606.605,606.645,606.355,606.515
2026-09-25T18:52:00Z,2026-09-25T18:53:00Z,606.5,606.61,606.415,606.61
2026-09-25T18:53:00Z,2026-09-25T18:54:00Z,606.64,606.655,606.475,606.58
2026-09-25T18:54:00Z,2026-09-25T18:55:00Z,606.59,606.6,606.21,606.26
2026-09-25T18:55:00Z,2026-09-25T18:56:00Z,606.27,606.465,606.27,606.405
2026-09-25T18:56:00Z,2026-09-25T18:57:00Z,606.41,606.46,606.335,606.405
2026-09-25T18:57:00Z,2026-09-25T18:58:00Z,606.41,606.45,606.33,606.365
2026-09-25T18:58:00Z,2026-09-25T18:59:00Z,606.355,606.465,606.27,606.425
2026-09-25T18:59:00Z,2026-09-25T19:00:00Z,606.42,606.44,606.045,606.075
2026-09-25T19:00:00Z,2026-09-25T19:01:00Z,606.08,606.295,606.055,606.125
2026-09-25T19:01:00Z,2026-09-25T19:02:00Z,606.115,606.385,605.935,605.935
2026-09-25T19:02:00Z,2026-09-25T19:03:00Z,605.95,606.01,605.74,605.79
2026-09-25T19:03:00Z,2026-09-25T19:04:00Z,605.795,606.225,605.675,606.225
2026-09-25T19:04:00Z,2026-09-25T19:05:00Z,606.23,606.645,606.23,606.54
2026-09-25T19:05:00Z,2026-09-25T19:06:00Z,606.54,606.835,606.51,606.755
2026-09-25T19:06:00Z,2026-09-25T19:07:00Z,606.76,606.965,606.555,606.625
2026-09-25T19:07:00Z,2026-09-25T19:08:00Z,606.63,606.85,606.58,606.785
2026-09-25T19:08:00Z,2026-09-25T19:09:00Z,606.805,606.83,606.675,606.815
2026-09-25T19:09:00Z,2026-09-25T19:10:00Z,606.81,606.81,606.56,606.7
2026-09-25T19:10:00Z,2026-09-25T19:11:00Z,606.695,606.855,606.655,606.76
2026-09-25T19:11:00Z,2026-09-25T19:12:00Z,606.75,606.785,606.58,606.7
2026-09-25T19:12:00Z,2026-09-25T19:13:00Z,606.71,606.845,606.66,606.835
2026-09-25T19:13:00Z,2026-09-25T19:14:00Z,606.84,606.875,606.7,606.86
2026-09-25T19:14:00Z,2026-09-25T19:15:00Z,606.85,607.155,606.835,607.11
2026-09-25T19:15:00Z,2026-09-25T19:16:00Z,607.12,607.205,606.985,607.06
2026-09-25T19:16:00Z,2026-09-25T19:17:00Z,607.065,607.12,606.905,606.985
2026-09-25T19:17:00Z,2026-09-25T19:18:00Z,607.025,607.06,606.94,607.01
2026-09-25T19:18:00Z,2026-09-25T19:19:00Z,607,607.065,606.94,607.03
2026-09-25T19:19:00Z,2026-09-25T19:20:00Z,607.025,607.03,606.745,606.745
2026-09-25T19:20:00Z,2026-09-25T19:21:00Z,606.75,606.875,606.675,606.695
2026-09-25T19:21:00Z,2026-09-25T19:22:00Z,606.685,606.79,606.615,606.74
2026-09-25T19:22:00Z,2026-09-25T19:23:00Z,606.745,606.79,606.55,606.62
2026-09-25T19:23:00Z,2026-09-25T19:24:00Z,606.61,606.635,606.495,606.62
2026-09-25T19:24:00Z,2026-09-25T19:25:00Z,606.61,606.96,606.61,606.8
2026-09-25T19:25:00Z,2026-09-25T19:26:00Z,606.78,606.9,606.69,606.8
2026-09-25T19:26:00Z,2026-09-25T19:27:00Z,606.815,606.83,606.41,606.665
2026-09-25T19:27:00Z,2026-09-25T19:28:00Z,606.655,606.74,606.53,606.715
2026-09-25T19:28:00Z,2026-09-25T19:29:00Z,606.71,606.795,606.55,606.635
2026-09-25T19:29:00Z,2026-09-25T19:30:00Z,606.625,606.82,606.545,606.73
2026-09-25T19:30:00Z,2026-09-25T19:31:00Z,606.74,606.74,606.01,606.14
2026-09-25T19:31:00Z,2026-09-25T19:32:00Z,606.13,606.28,606.06,606.265
2026-09-25T19:32:00Z,2026-09-25T19:33:00Z,606.275,606.435,606.115,606.22
2026-09-25T19:33:00Z,2026-09-25T19:34:00Z,606.215,606.37,606.155,606.345
2026-09-25T19:34:00Z,2026-09-25T19:35:00Z,606.34,606.4,605.795,605.795
2026-09-25T19:35:00Z,2026-09-25T19:36:00Z,605.8,605.935,605.55,605.645
2026-09-25T19:36:00Z,2026-09-25T19:37:00Z,605.655,605.845,605.45,605.825
2026-09-25T19:37:00Z,2026-09-25T19:38:00Z,605.815,606.345,605.77,606.26
2026-09-25T19:38:00Z,2026-09-25T19:39:00Z,606.265,606.45,606.195,606.32
2026-09-25T19:39:00Z,2026-09-25T19:40:00Z,606.325,606.52,606.24,606.385
2026-09-25T19:40:00Z,2026-09-25T19:41:00Z,606.39,606.405,606.13,606.305
2026-09-25T19:41:00Z,2026-09-25T19:42:00Z,606.3,606.425,606.165,606.17
2026-09-25T19:42:00Z,2026-09-25T19:43:00Z,606.175,606.445,606.175,606.425
2026-09-25T19:43:00Z,2026-09-25T19:44:00Z,606.435,606.85,606.425,606.79
2026-09-25T19:44:00Z,2026-09-25T19:45:00Z,606.805,606.83,606.535,606.695
2026-09-25T19:45:00Z,2026-09-25T19:46:00Z,606.705,607.245,606.705,607.155
2026-09-25T19:46:00Z,2026-09-25T19:47:00Z,607.16,607.275,607.03,607.175
2026-09-25T19:47:00Z,2026-09-25T19:48:00Z,607.165,607.215,607,607.195
2026-09-25T19:48:00Z,2026-09-25T19:49:00Z,607.19,607.33,606.99,607.25
2026-09-25T19:49:00Z,2026-09-25T19:50:00Z,607.265,607.485,607.205,607.38
2026-09-25T19:50:00Z,2026-09-25T19:51:00Z,607.36,607.63,607.29,607.62
2026-09-25T19:51:00Z,2026-09-25T19:52:00Z,607.615,607.855,607.365,607.525
2026-09-25T19:52:00Z,2026-09-25T19:53:00Z,607.535,607.985,607.535,607.725
2026-09-25T19:53:00Z,2026-09-25T19:54:00Z,607.73,608.01,607.675,607.675
2026-09-25T19:54:00Z,2026-09-25T19:55:00Z,607.68,607.755,607.21,607.46
2026-09-25T19:55:00Z,2026-09-25T19:56:00Z,607.445,607.685,607.18,607.26
2026-09-25T19:56:00Z,2026-09-25T19:57:00Z,607.255,607.265,606.57,606.77
2026-09-25T19:57:00Z,2026-09-25T19:58:00Z,606.765,607.395,606.765,607.385
2026-09-25T19:58:00Z,2026-09-25T19:59:00Z,607.375,607.47,607.145,607.3
2026-09-25T19:59:00Z,2026-09-25T20:00:00Z,607.295,607.3,606.44,606.63
2026-09-28T13:30:00Z,2026-09-28T13:31:00Z,605.155,605.835,604.29,604.495
2026-09-28T13:31:00Z,2026-09-28T13:32:00Z,604.495,607.21,604.42,607.11
2026-09-28T13:32:00Z,2026-09-28T13:33:00Z,607.175,607.955,606.88,607.575
2026-09-28T13:33:00Z,2026-09-28T13:34:00Z,607.585,607.585,606.39,607.03
2026-09-28T13:34:00Z,2026-09-28T13:35:00Z,606.97,607.05,604.94,605.045
2026-09-28T13:35:00Z,2026-09-28T13:36:00Z,605.035,605.055,603.56,603.755
2026-09-28T13:36:00Z,2026-09-28T13:37:00Z,603.75,604.955,603.42,604.885
2026-09-28T13:37:00Z,2026-09-28T13:38:00Z,604.885,604.93,603.875,603.915
2026-09-28T13:38:00Z,2026-09-28T13:39:00Z,603.92,603.92,602.62,603.01
2026-09-28T13:39:00Z,2026-09-28T13:40:00Z,603.015,603.82,602.925,603.27
2026-09-28T13:40:00Z,2026-09-28T13:41:00Z,603.245,603.63,602.805,603.2
2026-09-28T13:41:00Z,2026-09-28T13:42:00Z,603.25,603.755,602.32,602.33
2026-09-28T13:42:00Z,2026-09-28T13:43:00Z,602.375,603.555,602.375,603.09
2026-09-28T13:43:00Z,2026-09-28T13:44:00Z,603.145,603.525,602.645,603.375
2026-09-28T13:44:00Z,2026-09-28T13:45:00Z,603.37,603.37,601.36,601.57
2026-09-28T13:45:00Z,2026-09-28T13:46:00Z,601.575,602.205,601.19,601.545
2026-09-28T13:46:00Z,2026-09-28T13:47:00Z,601.49,601.61,600.92,601.44
2026-09-28T13:47:00Z,2026-09-28T13:48:00Z,601.445,602.1,601.43,601.58
2026-09-28T13:48:00Z,2026-09-28T13:49:00Z,601.575,602.165,601.34,601.96
2026-09-28T13:49:00Z,2026-09-28T13:50:00Z,601.8,602.625,601.8,602.18
2026-09-28T13:50:00Z,2026-09-28T13:51:00Z,602.175,602.365,601.37,601.405
2026-09-28T13:51:00Z,2026-09-28T13:52:00Z,601.39,601.39,600.14,600.35
2026-09-28T13:52:00Z,2026-09-28T13:53:00Z,600.345,600.395,599.93,600.385
2026-09-28T13:53:00Z,2026-09-28T13:54:00Z,600.39,601.605,600.385,601.465
2026-09-28T13:54:00Z,2026-09-28T13:55:00Z,601.48,602.47,601.44,602.24
2026-09-28T13:55:00Z,2026-09-28T13:56:00Z,602.235,602.825,601.84,602.035
2026-09-28T13:56:00Z,2026-09-28T13:57:00Z,602.04,602.05,601.435,601.635
2026-09-28T13:57:00Z,2026-09-28T13:58:00Z,601.605,602.525,601.585,602.475
2026-09-28T13:58:00Z,2026-09-28T13:59:00Z,602.5,602.9,602.245,602.525
2026-09-28T13:59:00Z,2026-09-28T14:00:00Z,602.515,602.55,601.83,602.225
2026-09-28T14:00:00Z,2026-09-28T14:01:00Z,602.245,602.57,601.71,602.56
2026-09-28T14:01:00Z,2026-09-28T14:02:00Z,602.555,602.555,601.255,601.64
2026-09-28T14:02:00Z,2026-09-28T14:03:00Z,601.62,601.7,601.185,601.365
2026-09-28T14:03:00Z,2026-09-28T14:04:00Z,601.39,601.64,601.13,601.295
2026-09-28T14:04:00Z,2026-09-28T14:05:00Z,601.26,601.285,600.435,600.51
2026-09-28T14:05:00Z,2026-09-28T14:06:00Z,600.53,600.6,599.76,599.815
2026-09-28T14:06:00Z,2026-09-28T14:07:00Z,599.84,600.2,599.58,600.16
2026-09-28T14:07:00Z,2026-09-28T14:08:00Z,600.17,600.525,600.065,600.225
2026-09-28T14:08:00Z,2026-09-28T14:09:00Z,600.225,600.265,599.58,599.625
2026-09-28T14:09:00Z,2026-09-28T14:10:00Z,599.655,600.345,599.65,599.785
2026-09-28T14:10:00Z,2026-09-28T14:11:00Z,599.78,599.78,598.59,598.645
2026-09-28T14:11:00Z,2026-09-28T14:12:00Z,598.64,598.775,598.065,598.115
2026-09-28T14:12:00Z,2026-09-28T14:13:00Z,598.05,598.06,597.11,597.35
2026-09-28T14:13:00Z,2026-09-28T14:14:00Z,597.345,597.855,597.095,597.53
2026-09-28T14:14:00Z,2026-09-28T14:15:00Z,597.535,597.535,596.825,597.12
2026-09-28T14:15:00Z,2026-09-28T14:16:00Z,597.125,598.36,597.105,597.945
2026-09-28T14:16:00Z,2026-09-28T14:17:00Z,597.955,598.73,597.86,598.665
2026-09-28T14:17:00Z,2026-09-28T14:18:00Z,598.725,598.845,598.36,598.845
2026-09-28T14:18:00Z,2026-09-28T14:19:00Z,598.825,599.155,598.76,598.91
2026-09-28T14:19:00Z,2026-09-28T14:20:00Z,598.93,599.46,598.93,599.19
2026-09-28T14:20:00Z,2026-09-28T14:21:00Z,599.185,599.79,598.56,599.66
2026-09-28T14:21:00Z,2026-09-28T14:22:00Z,599.655,599.86,599.05,599.22
2026-09-28T14:22:00Z,2026-09-28T14:23:00Z,599.24,600.295,599.24,600.295
2026-09-28T14:23:00Z,2026-09-28T14:24:00Z,600.29,600.295,599.71,599.855
2026-09-28T14:24:00Z,2026-09-28T14:25:00Z,599.845,599.875,599.425,599.61
2026-09-28T14:25:00Z,2026-09-28T14:26:00Z,599.605,599.605,599.075,599.095
2026-09-28T14:26:00Z,2026-09-28T14:27:00Z,599.085,599.22,598.6,598.815
2026-09-28T14:27:00Z,2026-09-28T14:28:00Z,598.82,598.9,598.635,598.77
2026-09-28T14:28:00Z,2026-09-28T14:29:00Z,598.78,599.085,598.585,599.055
2026-09-28T14:29:00Z,2026-09-28T14:30:00Z,599.035,599.045,598.44,598.635
2026-09-28T14:30:00Z,2026-09-28T14:31:00Z,598.63,598.885,598.505,598.645
2026-09-28T14:31:00Z,2026-09-28T14:32:00Z,598.6,598.77,598.38,598.655
2026-09-28T14:32:00Z,2026-09-28T14:33:00Z,598.65,599.305,598.575,599.305
2026-09-28T14:33:00Z,2026-09-28T14:34:00Z,599.345,599.605,599.175,599.305
2026-09-28T14:34:00Z,2026-09-28T14:35:00Z,599.31,599.425,599.085,599.165
2026-09-28T14:35:00Z,2026-09-28T14:36:00Z,599.14,599.255,598.53,598.57
2026-09-28T14:36:00Z,2026-09-28T14:37:00Z,598.57,598.78,598.16,598.25
2026-09-28T14:37:00Z,2026-09-28T14:38:00Z,598.245,598.495,597.58,597.68
2026-09-28T14:38:00Z,2026-09-28T14:39:00Z,597.675,597.745,596.855,597.165
2026-09-28T14:39:00Z,2026-09-28T14:40:00Z,597.16,597.64,597.09,597.51
2026-09-28T14:40:00Z,2026-09-28T14:41:00Z,597.55,598.035,597.47,597.525
2026-09-28T14:41:00Z,2026-09-28T14:42:00Z,597.585,597.59,597.035,597.455
2026-09-28T14:42:00Z,2026-09-28T14:43:00Z,597.455,597.455,596.645,596.7
2026-09-28T14:43:00Z,2026-09-28T14:44:00Z,596.69,596.69,595.54,595.675
2026-09-28T14:44:00Z,2026-09-28T14:45:00Z,595.685,595.685,594.615,594.795
2026-09-28T14:45:00Z,2026-09-28T14:46:00Z,594.84,594.995,593.52,593.925
2026-09-28T14:46:00Z,2026-09-28T14:47:00Z,593.95,594.28,593.325,593.5
2026-09-28T14:47:00Z,2026-09-28T14:48:00Z,593.49,593.5,592.46,592.56
2026-09-28T14:48:00Z,2026-09-28T14:49:00Z,592.535,592.81,591.935,592.69
2026-09-28T14:49:00Z,2026-09-28T14:50:00Z,592.655,593.14,592.655,593.055
2026-09-28T14:50:00Z,2026-09-28T14:51:00Z,593.04,593.835,593.005,593.545
2026-09-28T14:51:00Z,2026-09-28T14:52:00Z,593.585,593.77,592.995,593.08
2026-09-28T14:52:00Z,2026-09-28T14:53:00Z,593.075,593.29,592.445,592.465
2026-09-28T14:53:00Z,2026-09-28T14:54:00Z,592.47,593.18,592.425,592.505
2026-09-28T14:54:00Z,2026-09-28T14:55:00Z,592.5,593.095,592.33,592.94
2026-09-28T14:55:00Z,2026-09-28T14:56:00Z,592.88,593.4,592.76,592.93
2026-09-28T14:56:00Z,2026-09-28T14:57:00Z,592.94,594.145,592.93,594.135
2026-09-28T14:57:00Z,2026-09-28T14:58:00Z,594.18,594.4,593.93,594.24
2026-09-28T14:58:00Z,2026-09-28T14:59:00Z,594.265,594.565,593.86,593.94
2026-09-28T14:59:00Z,2026-09-28T15:00:00Z,593.95,594.12,593.64,594.095
2026-09-28T15:00:00Z,2026-09-28T15:01:00Z,594.2,594.27,593.815,593.93
2026-09-28T15:01:00Z,2026-09-28T15:02:00Z,593.935,594.62,593.895,594.215
2026-09-28T15:02:00Z,2026-09-28T15:03:00Z,594.205,594.615,594.205,594.375
2026-09-28T15:03:00Z,2026-09-28T15:04:00Z,594.43,594.87,594.3,594.52
2026-09-28T15:04:00Z,2026-09-28T15:05:00Z,594.52,594.72,594.4,594.56
2026-09-28T15:05:00Z,2026-09-28T15:06:00Z,594.565,594.68,594.405,594.5
2026-09-28T15:06:00Z,2026-09-28T15:07:00Z,594.535,595.02,593.88,594.68
2026-09-28T15:07:00Z,2026-09-28T15:08:00Z,594.72,595.41,594.585,595.385
2026-09-28T15:08:00Z,2026-09-28T15:09:00Z,595.395,595.65,594.835,594.97
2026-09-28T15:09:00Z,2026-09-28T15:10:00Z,594.945,595.365,594.85,595.35
2026-09-28T15:10:00Z,2026-09-28T15:11:00Z,595.35,595.475,594.77,594.77
2026-09-28T15:11:00Z,2026-09-28T15:12:00Z,594.71,595.495,594.56,595.33
2026-09-28T15:12:00Z,2026-09-28T15:13:00Z,595.33,595.33,595.065,595.265
2026-09-28T15:13:00Z,2026-09-28T15:14:00Z,595.31,595.335,594.935,595.07
2026-09-28T15:14:00Z,2026-09-28T15:15:00Z,595.065,595.065,594.425,594.64
2026-09-28T15:15:00Z,2026-09-28T15:16:00Z,594.64,594.64,594.035,594.05
2026-09-28T15:16:00Z,2026-09-28T15:17:00Z,594.05,594.05,593.655,593.765
2026-09-28T15:17:00Z,2026-09-28T15:18:00Z,593.77,593.805,593.245,593.7
2026-09-28T15:18:00Z,2026-09-28T15:19:00Z,593.705,593.925,593.37,593.67
2026-09-28T15:19:00Z,2026-09-28T15:20:00Z,593.665,594.12,593.57,593.93
2026-09-28T15:20:00Z,2026-09-28T15:21:00Z,593.94,594.42,593.72,594.395
2026-09-28T15:21:00Z,2026-09-28T15:22:00Z,594.38,594.405,593.69,593.865
2026-09-28T15:22:00Z,2026-09-28T15:23:00Z,593.875,593.875,593.36,593.395
2026-09-28T15:23:00Z,2026-09-28T15:24:00Z,593.385,593.985,593.275,593.985
2026-09-28T15:24:00Z,2026-09-28T15:25:00Z,593.98,594.655,593.86,594.505
2026-09-28T15:25:00Z,2026-09-28T15:26:00Z,594.51,595.325,594.365,595.28
2026-09-28T15:26:00Z,2026-09-28T15:27:00Z,595.295,595.745,595.075,595.74
2026-09-28T15:27:00Z,2026-09-28T15:28:00Z,595.745,595.785,595.335,595.48
2026-09-28T15:28:00Z,2026-09-28T15:29:00Z,595.475,595.56,595.175,595.375
2026-09-28T15:29:00Z,2026-09-28T15:30:00Z,595.37,595.685,595.355,595.68
2026-09-28T15:30:00Z,2026-09-28T15:31:00Z,595.665,595.85,595.325,595.82
2026-09-28T15:31:00Z,2026-09-28T15:32:00Z,595.81,595.875,595.275,595.375
2026-09-28T15:32:00Z,2026-09-28T15:33:00Z,595.37,595.975,595.37,595.89
2026-09-28T15:33:00Z,2026-09-28T15:34:00Z,595.885,596.1,595.65,595.785
2026-09-28T15:34:00Z,2026-09-28T15:35:00Z,595.775,595.94,595.575,595.875
2026-09-28T15:35:00Z,2026-09-28T15:36:00Z,595.9,595.94,595.71,595.905
2026-09-28T15:36:00Z,2026-09-28T15:37:00Z,595.925,596.62,595.925,596.61
2026-09-28T15:37:00Z,2026-09-28T15:38:00Z,596.615,596.87,596.615,596.68
2026-09-28T15:38:00Z,2026-09-28T15:39:00Z,596.68,596.86,596.555,596.745
2026-09-28T15:39:00Z,2026-09-28T15:40:00Z,596.775,597.105,596.69,596.95
2026-09-28T15:40:00Z,2026-09-28T15:41:00Z,596.965,597.005,596.145,596.23
2026-09-28T15:41:00Z,2026-09-28T15:42:00Z,596.225,596.295,595.495,595.51
2026-09-28T15:42:00Z,2026-09-28T15:43:00Z,595.53,595.74,595.5,595.62
