from,to,open,high,low,close
2026-09-23T17:41:00Z,2026-09-23T17:42:00Z,194.73,194.87,194.695,194.83
2026-09-23T17:42:00Z,2026-09-23T17:43:00Z,194.82,194.94,194.81,194.935
2026-09-23T17:43:00Z,2026-09-23T17:44:00Z,194.93,195.1,194.93,195.075
2026-09-23T17:44:00Z,2026-09-23T17:45:00Z,195.08,195.13,195.035,195.095
2026-09-23T17:45:00Z,2026-09-23T17:46:00Z,195.09,195.125,195.005,195.07
2026-09-23T17:46:00Z,2026-09-23T17:47:00Z,195.075,195.15,195.045,195.06
2026-09-23T17:47:00Z,2026-09-23T17:48:00Z,195.055,195.08,195.01,195.025
2026-09-23T17:48:00Z,2026-09-23T17:49:00Z,195.03,195.035,194.96,195.02
2026-09-23T17:49:00Z,2026-09-23T17:50:00Z,195.02,195.08,195.01,195.06
2026-09-23T17:50:00Z,2026-09-23T17:51:00Z,195.07,195.135,195.045,195.075
2026-09-23T17:51:00Z,2026-09-23T17:52:00Z,195.07,195.12,195.07,195.09
2026-09-23T17:52:00Z,2026-09-23T17:53:00Z,195.095,195.125,195.08,195.12
2026-09-23T17:53:00Z,2026-09-23T17:54:00Z,195.125,195.155,195.04,195.06
2026-09-23T17:54:00Z,2026-09-23T17:55:00Z,195.055,195.15,195.015,195.135
2026-09-23T17:55:00Z,2026-09-23T17:56:00Z,195.13,195.165,195.11,195.12
2026-09-23T17:56:00Z,2026-09-23T17:57:00Z,195.12,195.17,195.105,195.14
2026-09-23T17:57:00Z,2026-09-23T17:58:00Z,195.14,195.215,195.11,195.2
2026-09-23T17:58:00Z,2026-09-23T17:59:00Z,195.2,195.23,195.19,195.22
2026-09-23T17:59:00Z,2026-09-23T18:00:00Z,195.215,195.265,195.205,195.24
2026-09-23T18:00:00Z,2026-09-23T18:01:00Z,195.25,195.255,195.195,195.23
2026-09-23T18:01:00Z,2026-09-23T18:02:00Z,195.225,195.25,195.145,195.17
2026-09-23T18:02:00Z,2026-09-23T18:03:00Z,195.175,195.18,195.105,195.125
2026-09-23T18:03:00Z,2026-09-23T18:04:00Z,195.125,195.13,195.005,195.01
2026-09-23T18:04:00Z,2026-09-23T18:05:00Z,195.025,195.025,194.915,194.93
2026-09-23T18:05:00Z,2026-09-23T18:06:00Z,194.92,195.005,194.91,195.005
2026-09-23T18:06:00Z,2026-09-23T18:07:00Z,195,195.08,194.995,195.03
2026-09-23T18:07:00Z,2026-09-23T18:08:00Z,195.02,195.045,195.005,195.04
2026-09-23T18:08:00Z,2026-09-23T18:09:00Z,195.03,195.08,195.02,195.045
2026-09-23T18:09:00Z,2026-09-23T18:10:00Z,195.04,195.045,194.97,194.975
2026-09-23T18:10:00Z,2026-09-23T18:11:00Z,194.98,195.05,194.975,194.98
2026-09-23T18:11:00Z,2026-09-23T18:12:00Z,194.975,195.04,194.975,195.01
2026-09-23T18:12:00Z,2026-09-23T18:13:00Z,195.02,195.035,194.975,195.035
2026-09-23T18:13:00Z,2026-09-23T18:14:00Z,195.03,195.035,194.99,195.005
2026-09-23T18:14:00Z,2026-09-23T18:15:00Z,195.01,195.055,194.98,195.055
2026-09-23T18:15:00Z,2026-09-23T18:16:00Z,195.06,195.11,195.02,195.1
2026-09-23T18:16:00Z,2026-09-23T18:17:00Z,195.105,195.16,195.1,195.115
2026-09-23T18:17:00Z,2026-09-23T18:18:00Z,195.115,195.165,195.11,195.16
2026-09-23T18:18:00Z,2026-09-23T18:19:00Z,195.16,195.235,195.15,195.23
2026-09-23T18:19:00Z,2026-09-23T18:20:00Z,195.23,195.245,195.165,195.175
2026-09-23T18:20:00Z,2026-09-23T18:21:00Z,195.17,195.2,195.155,195.17
2026-09-23T18:21:00Z,2026-09-23T18:22:00Z,195.16,195.17,195.09,195.11
2026-09-23T18:22:00Z,2026-09-23T18:23:00Z,195.11,195.15,195.11,195.15
2026-09-23T18:23:00Z,2026-09-23T18:24:00Z,195.14,195.18,195.095,195.16
2026-09-23T18:24:00Z,2026-09-23T18:25:00Z,195.155,195.205,195.155,195.205
2026-09-23T18:25:00Z,2026-09-23T18:26:00Z,195.2,195.23,195.16,195.165
2026-09-23T18:26:00Z,2026-09-23T18:27:00Z,195.17,195.205,195.16,195.17
2026-09-23T18:27:00Z,2026-09-23T18:28:00Z,195.175,195.245,195.17,195.2
2026-09-23T18:28:00Z,2026-09-23T18:29:00Z,195.21,195.22,195.17,195.195
2026-09-23T18:29:00Z,2026-09-23T18:30:00Z,195.21,195.225,195.16,195.2
2026-09-23T18:30:00Z,2026-09-23T18:31:00Z,195.19,195.205,195.125,195.13
2026-09-23T18:31:00Z,2026-09-23T18:32:00Z,195.135,195.14,195.08,195.11
2026-09-23T18:32:00Z,2026-09-23T18:33:00Z,195.11,195.13,195.08,195.13
2026-09-23T18:33:00Z,2026-09-23T18:34:00Z,195.14,195.145,195.085,195.095
2026-09-23T18:34:00Z,2026-09-23T18:35:00Z,195.095,195.14,195.06,195.115
2026-09-23T18:35:00Z,2026-09-23T18:36:00Z,195.12,195.16,195.115,195.14
2026-09-23T18:36:00Z,2026-09-23T18:37:00Z,195.135,195.175,195.125,195.135
2026-09-23T18:37:00Z,2026-09-23T18:38:00Z,195.135,195.135,195.06,195.06
2026-09-23T18:38:00Z,2026-09-23T18:39:00Z,195.06,195.07,194.995,195.05
2026-09-23T18:39:00Z,2026-09-23T18:40:00Z,195.045,195.065,195.03,195.04
2026-09-23T18:40:00Z,2026-09-23T18:41:00Z,195.045,195.115,195.045,195.1
2026-09-23T18:41:00Z,2026-09-23T18:42:00Z,195.095,195.095,195.02,195.03
2026-09-23T18:42:00Z,2026-09-23T18:43:00Z,195.025,195.09,195.025,195.07
2026-09-23T18:43:00Z,2026-09-23T18:44:00Z,195.075,195.145,195.075,195.13
2026-09-23T18:44:00Z,2026-09-23T18:45:00Z,195.135,195.135,195.08,195.095
2026-09-23T18:45:00Z,2026-09-23T18:46:00Z,195.09,195.115,195.085,195.105
2026-09-23T18:46:00Z,2026-09-23T18:47:00Z,195.1,195.11,195.075,195.085
2026-09-23T18:47:00Z,2026-09-23T18:48:00Z,195.085,195.115,195.075,195.08
2026-09-23T18:48:00Z,2026-09-23T18:49:00Z,195.075,195.155,195.045,195.15
2026-09-23T18:49:00Z,2026-09-23T18:50:00Z,195.155,195.2,195.145,195.195
2026-09-23T18:50:00Z,2026-09-23T18:51:00Z,195.19,195.245,195.175,195.18
2026-09-23T18:51:00Z,2026-09-23T18:52:00Z,195.185,195.225,195.175,195.215
2026-09-23T18:52:00Z,2026-09-23T18:53:00Z,195.22,195.22,195.135,195.155
2026-09-23T18:53:00Z,2026-09-23T18:54:00Z,195.15,195.18,195.135,195.18
2026-09-23T18:54:00Z,2026-09-23T18:55:00Z,195.175,195.175,195.115,195.14
2026-09-23T18:55:00Z,2026-09-23T18:56:00Z,195.135,195.215,195.12,195.215
2026-09-23T18:56:00Z,2026-09-23T18:57:00Z,195.22,195.25,195.215,195.23
2026-09-23T18:57:00Z,2026-09-23T18:58:00Z,195.235,195.24,195.19,195.235
2026-09-23T18:58:00Z,2026-09-23T18:59:00Z,195.245,195.255,195.225,195.24
2026-09-23T18:59:00Z,2026-09-23T19:00:00Z,195.245,195.275,195.215,195.225
2026-09-23T19:00:00Z,2026-09-23T19:01:00Z,195.215,195.215,195.135,195.19
2026-09-23T19:01:00Z,2026-09-23T19:02:00Z,195.185,195.24,195.18,195.19
2026-09-23T19:02:00Z,2026-09-23T19:03:00Z,195.195,195.195,195.13,195.135
2026-09-23T19:03:00Z,2026-09-23T19:04:00Z,195.14,195.165,195.01,195.01
2026-09-23T19:04:00Z,2026-09-23T19:05:00Z,195.015,195.07,195.01,195.025
2026-09-23T19:05:00Z,2026-09-23T19:06:00Z,195.025,195.075,195.005,195.065
2026-09-23T19:06:00Z,2026-09-23T19:07:00Z,195.065,195.19,195.04,195.185
2026-09-23T19:07:00Z,2026-09-23T19:08:00Z,195.18,195.325,195.175,195.26
2026-09-23T19:08:00Z,2026-09-23T19:09:00Z,195.27,195.28,195.245,195.26
2026-09-23T19:09:00Z,2026-09-23T19:10:00Z,195.265,195.275,195.13,195.15
2026-09-23T19:10:00Z,2026-09-23T19:11:00Z,195.15,195.195,195.14,195.155
2026-09-23T19:11:00Z,2026-09-23T19:12:00Z,195.155,195.17,195.105,195.11
2026-09-23T19:12:00Z,2026-09-23T19:13:00Z,195.12,195.13,195.025,195.03
2026-09-23T19:13:00Z,2026-09-23T19:14:00Z,195.035,195.065,194.985,195.065
2026-09-23T19:14:00Z,2026-09-23T19:15:00Z,195.065,195.09,195.055,195.07
2026-09-23T19:15:00Z,2026-09-23T19:16:00Z,195.07,195.1,194.96,194.96
2026-09-23T19:16:00Z,2026-09-23T19:17:00Z,194.965,194.975,194.92,194.95
2026-09-23T19:17:00Z,2026-09-23T19:18:00Z,194.94,195.01,194.92,195.01
2026-09-23T19:18:00Z,2026-09-23T19:19:00Z,195.015,195.06,195,195.05
2026-09-23T19:19:00Z,2026-09-23T19:20:00Z,195.05,195.08,195,195.03
2026-09-23T19:20:00Z,2026-09-23T19:21:00Z,195.025,195.03,194.975,194.995
2026-09-23T19:21:00Z,2026-09-23T19:22:00Z,194.995,195.05,194.98,195.035
2026-09-23T19:22:00Z,2026-09-23T19:23:00Z,195.04,195.045,194.99,194.99
2026-09-23T19:23:00Z,2026-09-23T19:24:00Z,195,195.04,195,195.02
2026-09-23T19:24:00Z,2026-09-23T19:25:00Z,195.02,195.065,194.995,195.06
2026-09-23T19:25:00Z,2026-09-23T19:26:00Z,195.055,195.115,195.035,195.035
2026-09-23T19:26:00Z,2026-09-23T19:27:00Z,195.045,195.07,195.01,195.02
2026-09-23T19:27:00Z,2026-09-23T19:28:00Z,195.02,195.095,195.01,195.065
2026-09-23T19:28:00Z,2026-09-23T19:29:00Z,195.07,195.095,195.04,195.055
2026-09-23T19:29:00Z,2026-09-23T19:30:00Z,195.05,195.075,195.02,195.055
2026-09-23T19:30:00Z,2026-09-23T19:31:00Z,195.06,195.12,195.025,195.08
2026-09-23T19:31:00Z,2026-09-23T19:32:00Z,195.075,195.08,195.045,195.065
2026-09-23T19:32:00Z,2026-09-23T19:33:00Z,195.07,195.125,195.055,195.115
2026-09-23T19:33:00Z,2026-09-23T19:34:00Z,195.12,195.17,195.095,195.16
2026-09-23T19:34:00Z,2026-09-23T19:35:00Z,195.16,195.22,195.155,195.2
2026-09-23T19:35:00Z,2026-09-23T19:36:00Z,195.195,195.22,195.14,195.22
2026-09-23T19:36:00Z,2026-09-23T19:37:00Z,195.215,195.25,195.205,195.23
2026-09-23T19:37:00Z,2026-09-23T19:38:00Z,195.225,195.265,195.16,195.265
2026-09-23T19:38:00Z,2026-09-23T19:39:00Z,195.26,195.26,195.195,195.2
2026-09-23T19:39:00Z,2026-09-23T19:40:00Z,195.205,195.28,195.2,195.265
2026-09-23T19:40:00Z,2026-09-23T19:41:00Z,195.27,195.335,195.26,195.275
2026-09-23T19:41:00Z,2026-09-23T19:42:00Z,195.275,195.28,195.195,195.2
2026-09-23T19:42:00Z,2026-09-23T19:43:00Z,195.195,195.195,195.065,195.065
2026-09-23T19:43:00Z,2026-09-23T19:44:00Z,195.07,195.08,195.015,195.075
2026-09-23T19:44:00Z,2026-09-23T19:45:00Z,195.08,195.115,195.025,195.1
2026-09-23T19:45:00Z,2026-09-23T19:46:00Z,195.105,195.145,195.08,195.145
2026-09-23T19:46:00Z,2026-09-23T19:47:00Z,195.16,195.165,195.095,195.16
2026-09-23T19:47:00Z,2026-09-23T19:48:00Z,195.16,195.265,195.155,195.265
2026-09-23T19:48:00Z,2026-09-23T19:49:00Z,195.275,195.275,195.225,195.26
2026-09-23T19:49:00Z,2026-09-23T19:50:00Z,195.275,195.28,195.225,195.265
2026-09-23T19:50:00Z,2026-09-23T19:51:00Z,195.27,195.27,194.965,195.025
2026-09-23T19:51:00Z,2026-09-23T19:52:00Z,195.03,195.065,194.895,194.9
2026-09-23T19:52:00Z,2026-09-23T19:53:00Z,194.91,194.915,194.81,194.85
2026-09-23T19:53:00Z,2026-09-23T19:54:00Z,194.855,194.985,194.845,194.985
2026-09-23T19:54:00Z,2026-09-23T19:55:00Z,194.98,195.02,194.855,194.86
2026-09-23T19:55:00Z,2026-09-23T19:56:00Z,194.92,195.165,194.92,195.07
2026-09-23T19:56:00Z,2026-09-23T19:57:00Z,195.085,195.085,194.99,195.065
2026-09-23T19:57:00Z,2026-09-23T19:58:00Z,195.06,195.23,195.045,195.185
2026-09-23T19:58:00Z,2026-09-23T19:59:00Z,195.18,195.235,195.165,195.215
2026-09-23T19:59:00Z,2026-09-23T20:00:00Z,195.2,195.385,195.12,195.32
2026-09-24T13:30:00Z,2026-09-24T13:31:00Z,193.095,193.095,192.695,192.82
2026-09-24T13:31:00Z,2026-09-24T13:32:00Z,192.83,192.87,192.63,192.865
2026-09-24T13:32:00Z,2026-09-24T13:33:00Z,192.87,193.02,192.64,192.65
2026-09-24T13:33:00Z,2026-09-24T13:34:00Z,192.675,192.925,192.61,192.76
2026-09-24T13:34:00Z,2026-09-24T13:35:00Z,192.755,193.02,192.73,192.95
2026-09-24T13:35:00Z,2026-09-24T13:36:00Z,192.95,193.185,192.875,193.145
2026-09-24T13:36:00Z,2026-09-24T13:37:00Z,193.14,193.285,193.105,193.125
2026-09-24T13:37:00Z,2026-09-24T13:38:00Z,193.135,193.225,192.95,193.215
2026-09-24T13:38:00Z,2026-09-24T13:39:00Z,193.195,193.5,193.18,193.435
2026-09-24T13:39:00Z,2026-09-24T13:40:00Z,193.435,193.445,193.335,193.385
2026-09-24T13:40:00Z,2026-09-24T13:41:00Z,193.375,193.375,193.22,193.345
2026-09-24T13:41:00Z,2026-09-24T13:42:00Z,193.355,193.365,193.04,193.055
2026-09-24T13:42:00Z,2026-09-24T13:43:00Z,193.06,193.295,193.05,193.15
2026-09-24T13:43:00Z,2026-09-24T13:44:00Z,193.155,193.25,193.125,193.235
2026-09-24T13:44:00Z,2026-09-24T13:45:00Z,193.23,193.395,193.225,193.38
2026-09-24T13:45:00Z,2026-09-24T13:46:00Z,193.4,193.54,193.305,193.48
2026-09-24T13:46:00Z,2026-09-24T13:47:00Z,193.47,193.535,193.375,193.52
2026-09-24T13:47:00Z,2026-09-24T13:48:00Z,193.51,193.685,193.485,193.655
2026-09-24T13:48:00Z,2026-09-24T13:49:00Z,193.66,193.67,193.405,193.44
2026-09-24T13:49:00Z,2026-09-24T13:50:00Z,193.455,193.475,193.255,193.325
2026-09-24T13:50:00Z,2026-09-24T13:51:00Z,193.34,193.42,193.25,193.365
2026-09-24T13:51:00Z,2026-09-24T13:52:00Z,193.37,193.485,193.275,193.28
2026-09-24T13:52:00Z,2026-09-24T13:53:00Z,193.285,193.44,193.26,193.31
2026-09-24T13:53:00Z,2026-09-24T13:54:00Z,193.305,193.35,193.18,193.185
2026-09-24T13:54:00Z,2026-09-24T13:55:00Z,193.18,193.21,192.915,192.98
2026-09-24T13:55:00Z,2026-09-24T13:56:00Z,192.985,193.15,192.965,193.05
2026-09-24T13:56:00Z,2026-09-24T13:57:00Z,193.055,193.145,192.92,193.07
2026-09-24T13:57:00Z,2026-09-24T13:58:00Z,193.065,193.15,193.03,193.09
2026-09-24T13:58:00Z,2026-09-24T13:59:00Z,193.095,193.185,193.05,193.155
2026-09-24T13:59:00Z,2026-09-24T14:00:00Z,193.145,193.32,193.13,193.305
2026-09-24T14:00:00Z,2026-09-24T14:01:00Z,193.31,193.57,193.235,193.47
2026-09-24T14:01:00Z,2026-09-24T14:02:00Z,193.465,193.59,193.31,193.32
2026-09-24T14:02:00Z,2026-09-24T14:03:00Z,193.31,193.415,193.305,193.36
2026-09-24T14:03:00Z,2026-09-24T14:04:00Z,193.37,193.46,193.335,193.46
2026-09-24T14:04:00Z,2026-09-24T14:05:00Z,193.455,193.59,193.455,193.575
2026-09-24T14:05:00Z,2026-09-24T14:06:00Z,193.58,193.59,193.505,193.56
2026-09-24T14:06:00Z,2026-09-24T14:07:00Z,193.55,193.555,193.405,193.45
2026-09-24T14:07:00Z,2026-09-24T14:08:00Z,193.455,193.58,193.41,193.56
2026-09-24T14:08:00Z,2026-09-24T14:09:00Z,193.565,193.58,193.34,193.37
2026-09-24T14:09:00Z,2026-09-24T14:10:00Z,193.365,193.43,193.325,193.325
2026-09-24T14:10:00Z,2026-09-24T14:11:00Z,193.335,193.345,193.195,193.33
2026-09-24T14:11:00Z,2026-09-24T14:12:00Z,193.325,193.325,193.13,193.14
2026-09-24T14:12:00Z,2026-09-24T14:13:00Z,193.135,193.18,193.07,193.1
2026-09-24T14:13:00Z,2026-09-24T14:14:00Z,193.105,193.255,193.085,193.24
2026-09-24T14:14:00Z,2026-09-24T14:15:00Z,193.24,193.28,193.19,193.26
2026-09-24T14:15:00Z,2026-09-24T14:16:00Z,193.27,193.41,193.19,193.2
2026-09-24T14:16:00Z,2026-09-24T14:17:00Z,193.195,193.245,193.14,193.24
2026-09-24T14:17:00Z,2026-09-24T14:18:00Z,193.24,193.295,193.095,193.2
2026-09-24T14:18:00Z,2026-09-24T14:19:00Z,193.21,193.36,193.18,193.3
2026-09-24T14:19:00Z,2026-09-24T14:20:00Z,193.305,193.36,193.25,193.285
2026-09-24T14:20:00Z,2026-09-24T14:21:00Z,193.28,193.335,193.225,193.305
2026-09-24T14:21:00Z,2026-09-24T14:22:00Z,193.3,193.33,193.235,193.25
2026-09-24T14:22:00Z,2026-09-24T14:23:00Z,193.26,193.32,193.215,193.32
2026-09-24T14:23:00Z,2026-09-24T14:24:00Z,193.325,193.465,193.32,193.42
2026-09-24T14:24:00Z,2026-09-24T14:25:00Z,193.43,193.485,193.28,193.305
2026-09-24T14:25:00Z,2026-09-24T14:26:00Z,193.3,193.395,193.27,193.38
2026-09-24T14:26:00Z,2026-09-24T14:27:00Z,193.385,193.465,193.385,193.395
2026-09-24T14:27:00Z,2026-09-24T14:28:00Z,193.4,193.595,193.365,193.59
2026-09-24T14:28:00Z,2026-09-24T14:29:00Z,193.58,193.61,193.5,193.585
2026-09-24T14:29:00Z,2026-09-24T14:30:00Z,193.58,193.625,193.535,193.625
2026-09-24T14:30:00Z,2026-09-24T14:31:00Z,193.63,193.645,193.435,193.485
2026-09-24T14:31:00Z,2026-09-24T14:32:00Z,193.48,193.555,193.475,193.52
2026-09-24T14:32:00Z,2026-09-24T14:33:00Z,193.525,193.61,193.485,193.53
2026-09-24T14:33:00Z,2026-09-24T14:34:00Z,193.54,193.625,193.49,193.59
2026-09-24T14:34:00Z,2026-09-24T14:35:00Z,193.595,193.64,193.54,193.61
2026-09-24T14:35:00Z,2026-09-24T14:36:00Z,193.6,193.69,193.55,193.66
2026-09-24T14:36:00Z,2026-09-24T14:37:00Z,193.655,193.67,193.47,193.51
2026-09-24T14:37:00Z,2026-09-24T14:38:00Z,193.515,193.55,193.485,193.5
2026-09-24T14:38:00Z,2026-09-24T14:39:00Z,193.51,193.525,193.41,193.415
2026-09-24T14:39:00Z,2026-09-24T14:40:00Z,193.42,193.51,193.36,193.455
2026-09-24T14:40:00Z,2026-09-24T14:41:00Z,193.45,193.49,193.43,193.455
2026-09-24T14:41:00Z,2026-09-24T14:42:00Z,193.465,193.475,193.4,193.445
2026-09-24T14:42:00Z,2026-09-24T14:43:00Z,193.44,193.585,193.435,193.49
2026-09-24T14:43:00Z,2026-09-24T14:44:00Z,193.5,193.5,193.39,193.395
2026-09-24T14:44:00Z,2026-09-24T14:45:00Z,193.395,193.405,193.275,193.34
2026-09-24T14:45:00Z,2026-09-24T14:46:00Z,193.34,193.39,193.33,193.345
2026-09-24T14:46:00Z,2026-09-24T14:47:00Z,193.34,193.45,193.29,193.445
2026-09-24T14:47:00Z,2026-09-24T14:48:00Z,193.45,193.58,193.43,193.555
2026-09-24T14:48:00Z,2026-09-24T14:49:00Z,193.56,193.57,193.44,193.44
2026-09-24T14:49:00Z,2026-09-24T14:50:00Z,193.445,193.49,193.4,193.43
2026-09-24T14:50:00Z,2026-09-24T14:51:00Z,193.435,193.54,193.37,193.37
2026-09-24T14:51:00Z,2026-09-24T14:52:00Z,193.365,193.385,193.285,193.3
2026-09-24T14:52:00Z,2026-09-24T14:53:00Z,193.295,193.33,193.18,193.205
2026-09-24T14:53:00Z,2026-09-24T14:54:00Z,193.2,193.2,193.09,193.19
2026-09-24T14:54:00Z,2026-09-24T14:55:00Z,193.195,193.24,193.165,193.195
2026-09-24T14:55:00Z,2026-09-24T14:56:00Z,193.2,193.2,193.045,193.065
2026-09-24T14:56:00Z,2026-09-24T14:57:00Z,193.07,193.11,193.05,193.09
2026-09-24T14:57:00Z,2026-09-24T14:58:00Z,193.095,193.105,193.01,193.06
2026-09-24T14:58:00Z,2026-09-24T14:59:00Z,193.055,193.075,192.98,193.02
2026-09-24T14:59:00Z,2026-09-24T15:00:00Z,193.02,193.04,192.945,193.04
2026-09-24T15:00:00Z,2026-09-24T15:01:00Z,193.035,193.135,193.035,193.075
2026-09-24T15:01:00Z,2026-09-24T15:02:00Z,193.08,193.125,193.055,193.08
2026-09-24T15:02:00Z,2026-09-24T15:03:00Z,193.085,193.26,193.06,193.175
2026-09-24T15:03:00Z,2026-09-24T15:04:00Z,193.17,193.245,193.11,193.22
2026-09-24T15:04:00Z,2026-09-24T15:05:00Z,193.225,193.3,193.17,193.2
2026-09-24T15:05:00Z,2026-09-24T15:06:00Z,193.195,193.225,193.12,193.135
2026-09-24T15:06:00Z,2026-09-24T15:07:00Z,193.13,193.17,193.015,193.04
2026-09-24T15:07:00Z,2026-09-24T15:08:00Z,193.03,193.035,192.95,192.97
2026-09-24T15:08:00Z,2026-09-24T15:09:00Z,192.975,193.095,192.97,193.06
2026-09-24T15:09:00Z,2026-09-24T15:10:00Z,193.065,193.065,192.93,192.95
2026-09-24T15:10:00Z,2026-09-24T15:11:00Z,192.94,193.02,192.935,193.01
2026-09-24T15:11:00Z,2026-09-24T15:12:00Z,193.005,193.01,192.965,192.985
2026-09-24T15:12:00Z,2026-09-24T15:13:00Z,192.98,193.06,192.925,192.94
2026-09-24T15:13:00Z,2026-09-24T15:14:00Z,192.94,192.95,192.83,192.9
2026-09-24T15:14:00Z,2026-09-24T15:15:00Z,192.905,192.95,192.82,192.86
2026-09-24T15:15:00Z,2026-09-24T15:16:00Z,192.85,192.96,192.82,192.93
2026-09-24T15:16:00Z,2026-09-24T15:17:00Z,192.935,193.11,192.915,193.025
2026-09-24T15:17:00Z,2026-09-24T15:18:00Z,193.035,193.12,192.99,193.075
2026-09-24T15:18:00Z,2026-09-24T15:19:00Z,193.075,193.08,192.92,192.96
2026-09-24T15:19:00Z,2026-09-24T15:20:00Z,192.97,192.97,192.88,192.935
2026-09-24T15:20:00Z,2026-09-24T15:21:00Z,192.94,192.95,192.87,192.92
2026-09-24T15:21:00Z,2026-09-24T15:22:00Z,192.915,193.025,192.895,193.02
2026-09-24T15:22:00Z,2026-09-24T15:23:00Z,193.015,193.065,192.965,193.045
2026-09-24T15:23:00Z,2026-09-24T15:24:00Z,193.055,193.13,193.005,193.12
2026-09-24T15:24:00Z,2026-09-24T15:25:00Z,193.125,193.235,193.115,193.22
2026-09-24T15:25:00Z,2026-09-24T15:26:00Z,193.215,193.22,193.05,193.08
2026-09-24T15:26:00Z,2026-09-24T15:27:00Z,193.08,193.1,193.03,193.045
2026-09-24T15:27:00Z,2026-09-24T15:28:00Z,193.05,193.055,193.005,193.05
2026-09-24T15:28:00Z,2026-09-24T15:29:00Z,193.04,193.05,192.96,192.97
2026-09-24T15:29:00Z,2026-09-24T15:30:00Z,192.97,193.02,192.955,193
2026-09-24T15:30:00Z,2026-09-24T15:31:00Z,193.005,193.05,192.945,192.955
2026-09-24T15:31:00Z,2026-09-24T15:32:00Z,192.95,193.03,192.94,192.995
2026-09-24T15:32:00Z,2026-09-24T15:33:00Z,193,193.055,192.935,193.05
2026-09-24T15:33:00Z,2026-09-24T15:34:00Z,193.055,193.075,193.01,193.05
2026-09-24T15:34:00Z,2026-09-24T15:35:00Z,193.045,193.11,193.03,193.08
2026-09-24T15:35:00Z,2026-09-24T15:36:00Z,193.075,193.165,193.03,193.1
2026-09-24T15:36:00Z,2026-09-24T15:37:00Z,193.11,193.165,193.09,193.14
2026-09-24T15:37:00Z,2026-09-24T15:38:00Z,193.135,193.175,193.135,193.16
2026-09-24T15:38:00Z,2026-09-24T15:39:00Z,193.155,193.17,193.09,193.095
2026-09-24T15:39:00Z,2026-09-24T15:40:00Z,193.08,193.1,192.98,193.03
2026-09-24T15:40:00Z,2026-09-24T15:41:00Z,193.04,193.11,193.02,193.02
2026-09-24T15:41:00Z,2026-09-24T15:42:00Z,193.015,193.09,193.015,193.07
2026-09-24T15:42:00Z,2026-09-24T15:43:00Z,193.07,193.08,192.965,193
2026-09-24T15:43:00Z,2026-09-24T15:44:00Z,192.995,193.1,192.99,193.1
2026-09-24T15:44:00Z,2026-09-24T15:45:00Z,193.095,193.2,193.09,193.18
2026-09-24T15:45:00Z,2026-09-24T15:46:00Z,193.185,193.28,193.185,193.25
2026-09-24T15:46:00Z,2026-09-24T15:47:00Z,193.255,193.255,193.195,193.195
2026-09-24T15:47:00Z,2026-09-24T15:48:00Z,193.2,193.255,193.14,193.155
2026-09-24T15:48:00Z,2026-09-24T15:49:00Z,193.15,193.165,193.05,193.055
2026-09-24T15:49:00Z,2026-09-24T15:50:00Z,193.05,193.085,193.005,193.06
2026-09-24T15:50:00Z,2026-09-24T15:51:00Z,193.06,193.275,193.05,193.27
2026-09-24T15:51:00Z,2026-09-24T15:52:00Z,193.275,193.31,193.245,193.3
2026-09-24T15:52:00Z,2026-09-24T15:53:00Z,193.29,193.375,193.285,193.36
2026-09-24T15:53:00Z,2026-09-24T15:54:00Z,193.36,193.435,193.35,193.37
2026-09-24T15:54:00Z,2026-09-24T15:55:00Z,193.375,193.435,193.335,193.435
2026-09-24T15:55:00Z,2026-09-24T15:56:00Z,193.43,193.47,193.38,193.38
2026-09-24T15:56:00Z,2026-09-24T15:57:00Z,193.37,193.39,193.29,193.35
2026-09-24T15:57:00Z,2026-09-24T15:58:00Z,193.35,193.35,193.29,193.325
2026-09-24T15:58:00Z,2026-09-24T15:59:00Z,193.325,193.38,193.305,193.37
2026-09-24T15:59:00Z,2026-09-24T16:00:00Z,193.375,193.4,193.305,193.31
2026-09-24T16:00:00Z,2026-09-24T16:01:00Z,193.3,193.33,193.125,193.14
2026-09-24T16:01:00Z,2026-09-24T16:02:00Z,193.135,193.195,193.09,193.14
2026-09-24T16:02:00Z,2026-09-24T16:03:00Z,193.145,193.2,193.105,193.17
2026-09-24T16:03:00Z,2026-09-24T16:04:00Z,193.17,193.18,193.1,193.155
2026-09-24T16:04:00Z,2026-09-24T16:05:00Z,193.16,193.24,193.125,193.235
2026-09-24T16:05:00Z,2026-09-24T16:06:00Z,193.24,193.255,193.185,193.25
2026-09-24T16:06:00Z,2026-09-24T16:07:00Z,193.245,193.245,193.12,193.16
2026-09-24T16:07:00Z,2026-09-24T16:08:00Z,193.16,193.17,193.055,193.11
2026-09-24T16:08:00Z,2026-09-24T16:09:00Z,193.105,193.12,193.07,193.115
2026-09-24T16:09:00Z,2026-09-24T16:10:00Z,193.1,193.15,193.095,193.145
2026-09-24T16:10:00Z,2026-09-24T16:11:00Z,193.145,193.19,193.14,193.16
2026-09-24T16:11:00Z,2026-09-24T16:12:00Z,193.16,193.16,193.045,193.055
2026-09-24T16:12:00Z,2026-09-24T16:13:00Z,193.05,193.14,193.05,193.08
2026-09-24T16:13:00Z,2026-09-24T16:14:00Z,193.08,193.195,193.065,193.195
2026-09-24T16:14:00Z,2026-09-24T16:15:00Z,193.195,193.33,193.18,193.33
2026-09-24T16:15:00Z,2026-09-24T16:16:00Z,193.35,193.89,193.35,193.82
2026-09-24T16:16:00Z,2026-09-24T16:17:00Z,193.84,194.41,193.785,194.325
2026-09-24T16:17:00Z,2026-09-24T16:18:00Z,194.315,194.49,194.245,194.415
2026-09-24T16:18:00Z,2026-09-24T16:19:00Z,194.42,194.655,194.285,194.305
2026-09-24T16:19:00Z,2026-09-24T16:20:00Z,194.3,194.4,194.11,194.25
2026-09-24T16:20:00Z,2026-09-24T16:21:00Z,194.26,194.43,194.21,194.335
2026-09-24T16:21:00Z,2026-09-24T16:22:00Z,194.34,194.345,194.085,194.11
2026-09-24T16:22:00Z,2026-09-24T16:23:00Z,194.125,194.375,194.115,194.355
2026-09-24T16:23:00Z,2026-09-24T16:24:00Z,194.35,194.4,194.23,194.25
2026-09-24T16:24:00Z,2026-09-24T16:25:00Z,194.255,194.32,194.18,194.28
2026-09-24T16:25:00Z,2026-09-24T16:26:00Z,194.285,194.35,194.005,194.03
2026-09-24T16:26:00Z,2026-09-24T16:27:00Z,194.035,194.19,194.03,194.14
2026-09-24T16:27:00Z,2026-09-24T16:28:00Z,194.135,194.26,194.01,194.25
2026-09-24T16:28:00Z,2026-09-24T16:29:00Z,194.235,194.365,194.23,194.32
2026-09-24T16:29:00Z,2026-09-24T16:30:00Z,194.315,194.33,194.26,194.28
2026-09-24T16:30:00Z,2026-09-24T16:31:00Z,194.285,194.31,194.195,194.26
2026-09-24T16:31:00Z,2026-09-24T16:32:00Z,194.265,194.355,194.18,194.18
2026-09-24T16:32:00Z,2026-09-24T16:33:00Z,194.175,194.195,194.1,194.155
2026-09-24T16:33:00Z,2026-09-24T16:34:00Z,194.15,194.24,194.125,194.23
2026-09-24T16:34:00Z,2026-09-24T16:35:00Z,194.225,194.23,194.13,194.22
2026-09-24T16:35:00Z,2026-09-24T16:36:00Z,194.225,194.355,194.195,194.335
2026-09-24T16:36:00Z,2026-09-24T16:37:00Z,194.34,194.565,194.34,194.56
2026-09-24T16:37:00Z,2026-09-24T16:38:00Z,194.565,194.665,194.565,194.58
2026-09-24T16:38:00Z,2026-09-24T16:39:00Z,194.575,194.64,194.555,194.6
2026-09-24T16:39:00Z,2026-09-24T16:40:00Z,194.605,194.65,194.585,194.635
2026-09-24T16:40:00Z,2026-09-24T16:41:00Z,194.625,194.815,194.575,194.815
2026-09-24T16:41:00Z,2026-09-24T16:42:00Z,194.815,194.98,194.815,194.98
2026-09-24T16:42:00Z,2026-09-24T16:43:00Z,194.985,195.16,194.985,195.145
2026-09-24T16:43:00Z,2026-09-24T16:44:00Z,195.15,195.16,195,195.03
2026-09-24T16:44:00Z,2026-09-24T16:45:00Z,195.04,195.08,194.685,194.69
2026-09-24T16:45:00Z,2026-09-24T16:46:00Z,194.7,194.73,194.525,194.63
2026-09-24T16:46:00Z,2026-09-24T16:47:00Z,194.635,194.74,194.605,194.7
2026-09-24T16:47:00Z,2026-09-24T16:48:00Z,194.71,194.725,194.61,194.675
2026-09-24T16:48:00Z,2026-09-24T16:49:00Z,194.68,194.945,194.68,194.915
2026-09-24T16:49:00Z,2026-09-24T16:50:00Z,194.92,195.015,194.84,194.975
2026-09-24T16:50:00Z,2026-09-24T16:51:00Z,194.98,195.015,194.915,194.95
2026-09-24T16:51:00Z,2026-09-24T16:52:00Z,194.96,195.125,194.955,195.03
2026-09-24T16:52:00Z,2026-09-24T16:53:00Z,195.035,195.055,194.79,194.815
2026-09-24T16:53:00Z,2026-09-24T16:54:00Z,194.82,194.85,194.71,194.75
2026-09-24T16:54:00Z,2026-09-24T16:55:00Z,194.74,194.89,194.72,194.81
2026-09-24T16:55:00Z,2026-09-24T16:56:00Z,194.815,194.9,194.78,194.83
2026-09-24T16:56:00Z,2026-09-24T16:57:00Z,194.825,195.02,194.8,195.02
2026-09-24T16:57:00Z,2026-09-24T16:58:00Z,195.015,195.13,194.99,194.995
2026-09-24T16:58:00Z,2026-09-24T16:59:00Z,194.98,195.05,194.97,195.02
2026-09-24T16:59:00Z,2026-09-24T17:00:00Z,195.02,195.025,194.97,195.005
2026-09-24T17:00:00Z,2026-09-24T17:01:00Z,194.995,194.995,194.815,194.87
2026-09-24T17:01:00Z,2026-09-24T17:02:00Z,194.875,195.045,194.855,194.97
2026-09-24T17:02:00Z,2026-09-24T17:03:00Z,194.975,194.98,194.785,194.96
2026-09-24T17:03:00Z,2026-09-24T17:04:00Z,194.965,195.17,194.96,195.11
2026-09-24T17:04:00Z,2026-09-24T17:05:00Z,195.12,195.13,194.96,195.11
2026-09-24T17:05:00Z,2026-09-24T17:06:00Z,195.115,195.22,195.05,195.055
2026-09-24T17:06:00Z,2026-09-24T17:07:00Z,195.06,195.12,195.02,195.04
2026-09-24T17:07:00Z,2026-09-24T17:08:00Z,195.03,195.12,194.995,195
2026-09-24T17:08:00Z,2026-09-24T17:09:00Z,194.995,195.075,194.94,195.07
2026-09-24T17:09:00Z,2026-09-24T17:10:00Z,195.08,195.08,194.95,194.95
2026-09-24T17:10:00Z,2026-09-24T17:11:00Z,194.95,194.955,194.755,194.82
2026-09-24T17:11:00Z,2026-09-24T17:12:00Z,194.83,194.85,194.735,194.82
2026-09-24T17:12:00Z,2026-09-24T17:13:00Z,194.81,194.84,194.745,194.76
2026-09-24T17:13:00Z,2026-09-24T17:14:00Z,194.755,194.85,194.69,194.85
2026-09-24T17:14:00Z,2026-09-24T17:15:00Z,194.855,194.93,194.845,194.9
2026-09-24T17:15:00Z,2026-09-24T17:16:00Z,194.91,194.93,194.74,194.77
2026-09-24T17:16:00Z,2026-09-24T17:17:00Z,194.78,194.855,194.755,194.775
2026-09-24T17:17:00Z,2026-09-24T17:18:00Z,194.77,194.86,194.75,194.75
2026-09-24T17:18:00Z,2026-09-24T17:19:00Z,194.775,194.945,194.75,194.9
2026-09-24T17:19:00Z,2026-09-24T17:20:00Z,194.895,194.9,194.66,194.665
2026-09-24T17:20:00Z,2026-09-24T17:21:00Z,194.655,194.675,194.555,194.66
2026-09-24T17:21:00Z,2026-09-24T17:22:00Z,194.665,194.72,194.605,194.64
2026-09-24T17:22:00Z,2026-09-24T17:23:00Z,194.645,194.745,194.63,194.7
2026-09-24T17:23:00Z,2026-09-24T17:24:00Z,194.69,194.72,194.645,194.68
2026-09-24T17:24:00Z,2026-09-24T17:25:00Z,194.675,194.745,194.555,194.58
2026-09-24T17:25:00Z,2026-09-24T17:26:00Z,194.575,194.61,194.455,194.46
2026-09-24T17:26:00Z,2026-09-24T17:27:00Z,194.465,194.505,194.325,194.38
2026-09-24T17:27:00Z,2026-09-24T17:28:00Z,194.375,194.455,194.36,194.43
2026-09-24T17:28:00Z,2026-09-24T17:29:00Z,194.445,194.57,194.435,194.55
2026-09-24T17:29:00Z,2026-09-24T17:30:00Z,194.545,194.57,194.52,194.555
2026-09-24T17:30:00Z,2026-09-24T17:31:00Z,194.55,194.68,194.54,194.655
2026-09-24T17:31:00Z,2026-09-24T17:32:00Z,194.66,194.725,194.625,194.64
2026-09-24T17:32:00Z,2026-09-24T17:33:00Z,194.635,194.685,194.595,194.64
2026-09-24T17:33:00Z,2026-09-24T17:34:00Z,194.635,194.64,194.53,194.56
2026-09-24T17:34:00Z,2026-09-24T17:35:00Z,194.56,194.56,194.39,194.39
2026-09-24T17:35:00Z,2026-09-24T17:36:00Z,194.385,194.465,194.365,194.4
2026-09-24T17:36:00Z,2026-09-24T17:37:00Z,194.395,194.46,194.375,194.41
2026-09-24T17:37:00Z,2026-09-24T17:38:00Z,194.415,194.43,194.33,194.34
2026-09-24T17:38:00Z,2026-09-24T17:39:00Z,194.34,194.36,194.25,194.33
2026-09-24T17:39:00Z,2026-09-24T17:40:00Z,194.345,194.425,194.345,194.38
2026-09-24T17:40:00Z,2026-09-24T17:41:00Z,194.375,194.445,194.365,194.4
2026-09-24T17:41:00Z,2026-09-24T17:42:00Z,194.405,194.425,194.315,194.34
2026-09-24T17:42:00Z,2026-09-24T17:43:00Z,194.33,194.455,194.33,194.335
2026-09-24T17:43:00Z,2026-09-24T17:44:00Z,194.34,194.345,194.08,194.12
2026-09-24T17:44:00Z,2026-09-24T17:45:00Z,194.115,194.165,194.05,194.06
2026-09-24T17:45:00Z,2026-09-24T17:46:00Z,194.065,194.125,194.01,194.11
2026-09-24T17:46:00Z,2026-09-24T17:47:00Z,194.115,194.215,194.1,194.185
2026-09-24T17:47:00Z,2026-09-24T17:48:00Z,194.19,194.28,194.17,194.28
2026-09-24T17:48:00Z,2026-09-24T17:49:00Z,194.27,194.295,194.195,194.225
2026-09-24T17:49:00Z,2026-09-24T17:50:00Z,194.21,194.315,194.205,194.29
2026-09-24T17:50:00Z,2026-09-24T17:51:00Z,194.28,194.31,194.23,194.24
2026-09-24T17:51:00Z,2026-09-24T17:52:00Z,194.245,194.285,194.2,194.21
2026-09-24T17:52:00Z,2026-09-24T17:53:00Z,194.22,194.28,194.135,194.175
2026-09-24T17:53:00Z,2026-09-24T17:54:00Z,194.18,194.235,194.125,194.13
2026-09-24T17:54:00Z,2026-09-24T17:55:00Z,194.135,194.145,194.04,194.11
2026-09-24T17:55:00Z,2026-09-24T17:56:00Z,194.115,194.14,194.045,194.045
2026-09-24T17:56:00Z,2026-09-24T17:57:00Z,194.04,194.26,194.035,194.22
2026-09-24T17:57:00Z,2026-09-24T17:58:00Z,194.215,194.215,194.135,194.16
2026-09-24T17:58:00Z,2026-09-24T17:59:00Z,194.17,194.17,194.095,194.14
2026-09-24T17:59:00Z,2026-09-24T18:00:00Z,194.14,194.22,194.14,194.17
2026-09-24T18:00:00Z,2026-09-24T18:01:00Z,194.17,194.17,194.06,194.065
2026-09-24T18:01:00Z,2026-09-24T18:02:00Z,194.075,194.085,193.845,193.925
2026-09-24T18:02:00Z,2026-09-24T18:03:00Z,193.92,193.93,193.82,193.83
2026-09-24T18:03:00Z,2026-09-24T18:04:00Z,193.835,193.835,193.625,193.685
2026-09-24T18:04:00Z,2026-09-24T18:05:00Z,193.68,193.725,193.58,193.61
2026-09-24T18:05:00Z,2026-09-24T18:06:00Z,193.605,193.665,193.57,193.63
2026-09-24T18:06:00Z,2026-09-24T18:07:00Z,193.635,193.82,193.575,193.78
2026-09-24T18:07:00Z,2026-09-24T18:08:00Z,193.77,193.85,193.705,193.77
2026-09-24T18:08:00Z,2026-09-24T18:09:00Z,193.775,194.01,193.775,193.91
2026-09-24T18:09:00Z,2026-09-24T18:10:00Z,193.92,194.01,193.915,193.955
2026-09-24T18:10:00Z,2026-09-24T18:11:00Z,193.97,194.03,193.935,193.97
2026-09-24T18:11:00Z,2026-09-24T18:12:00Z,193.96,194.13,193.96,194.05
2026-09-24T18:12:00Z,2026-09-24T18:13:00Z,194.06,194.07,193.965,193.975
2026-09-24T18:13:00Z,2026-09-24T18:14:00Z,193.97,194.02,193.95,193.975
2026-09-24T18:14:00Z,2026-09-24T18:15:00Z,193.98,194.065,193.975,194.055
2026-09-24T18:15:00Z,2026-09-24T18:16:00Z,194.055,194.105,194.025,194.09
2026-09-24T18:16:00Z,2026-09-24T18:17:00Z,194.08,194.22,194.08,194.15
2026-09-24T18:17:00Z,2026-09-24T18:18:00Z,194.165,194.265,194.15,194.245
2026-09-24T18:18:00Z,2026-09-24T18:19:00Z,194.25,194.305,194.165,194.19
2026-09-24T18:19:00Z,2026-09-24T18:20:00Z,194.17,194.225,194.155,194.215
2026-09-24T18:20:00Z,2026-09-24T18:21:00Z,194.21,194.25,194.095,194.115
2026-09-24T18:21:00Z,2026-09-24T18:22:00Z,194.115,194.21,194.115,194.19
2026-09-24T18:22:00Z,2026-09-24T18:23:00Z,194.19,194.25,194.19,194.22
2026-09-24T18:23:00Z,2026-09-24T18:24:00Z,194.22,194.335,194.205,194.315
2026-09-24T18:24:00Z,2026-09-24T18:25:00Z,194.31,194.33,194.28,194.305
2026-09-24T18:25:00Z,2026-09-24T18:26:00Z,194.3,194.5,194.295,194.37
2026-09-24T18:26:00Z,2026-09-24T18:27:00Z,194.38,194.535,194.38,194.49
2026-09-24T18:27:00Z,2026-09-24T18:28:00Z,194.485,194.5,194.42,194.455
2026-09-24T18:28:00Z,2026-09-24T18:29:00Z,194.45,194.51,194.415,194.46
2026-09-24T18:29:00Z,2026-09-24T18:30:00Z,194.45,194.49,194.42,194.46
2026-09-24T18:30:00Z,2026-09-24T18:31:00Z,194.455,194.52,194.435,194.46
2026-09-24T18:31:00Z,2026-09-24T18:32:00Z,194.47,194.47,194.34,194.43
2026-09-24T18:32:00Z,2026-09-24T18:33:00Z,194.425,194.43,194.315,194.36
2026-09-24T18:33:00Z,2026-09-24T18:34:00Z,194.365,194.425,194.365,194.385
2026-09-24T18:34:00Z,2026-09-24T18:35:00Z,194.39,194.43,194.325,194.335
2026-09-24T18:35:00Z,2026-09-24T18:36:00Z,194.33,194.36,194.23,194.275
2026-09-24T18:36:00Z,2026-09-24T18:37:00Z,194.27,194.37,194.255,194.33
2026-09-24T18:37:00Z,2026-09-24T18:38:00Z,194.32,194.38,194.305,194.33
2026-09-24T18:38:00Z,2026-09-24T18:39:00Z,194.335,194.605,194.31,194.58
2026-09-24T18:39:00Z,2026-09-24T18:40:00Z,194.59,194.76,194.5,194.54
2026-09-24T18:40:00Z,2026-09-24T18:41:00Z,194.535,194.535,194.39,194.44
2026-09-24T18:41:00Z,2026-09-24T18:42:00Z,194.445,194.47,194.39,194.45
2026-09-24T18:42:00Z,2026-09-24T18:43:00Z,194.455,194.5,194.37,194.425
2026-09-24T18:43:00Z,2026-09-24T18:44:00Z,194.43,194.45,194.35,194.45
2026-09-24T18:44:00Z,2026-09-24T18:45:00Z,194.44,194.515,194.43,194.495
2026-09-24T18:45:00Z,2026-09-24T18:46:00Z,194.49,194.62,194.49,194.575
2026-09-24T18:46:00Z,2026-09-24T18:47:00Z,194.58,194.625,194.555,194.615
2026-09-24T18:47:00Z,2026-09-24T18:48:00Z,194.61,194.635,194.59,194.615
2026-09-24T18:48:00Z,2026-09-24T18:49:00Z,194.61,194.675,194.6,194.66
2026-09-24T18:49:00Z,2026-09-24T18:50:00Z,194.655,194.66,194.6,194.64
2026-09-24T18:50:00Z,2026-09-24T18:51:00Z,194.645,194.81,194.62,194.765
2026-09-24T18:51:00Z,2026-09-24T18:52:00Z,194.77,194.77,194.675,194.745
2026-09-24T18:52:00Z,2026-09-24T18:53:00Z,194.75,194.88,194.75,194.845
2026-09-24T18:53:00Z,2026-09-24T18:54:00Z,194.85,194.85,194.79,194.82
2026-09-24T18:54:00Z,2026-09-24T18:55:00Z,194.805,194.83,194.785,194.81
2026-09-24T18:55:00Z,2026-09-24T18:56:00Z,194.815,194.905,194.805,194.89
2026-09-24T18:56:00Z,2026-09-24T18:57:00Z,194.895,194.945,194.875,194.94
2026-09-24T18:57:00Z,2026-09-24T18:58:00Z,194.935,194.995,194.925,194.965
2026-09-24T18:58:00Z,2026-09-24T18:59:00Z,194.97,195.02,194.925,194.995
2026-09-24T18:59:00Z,2026-09-24T19:00:00Z,195,195.025,194.915,194.935
2026-09-24T19:00:00Z,2026-09-24T19:01:00Z,194.94,194.96,194.84,194.89
2026-09-24T19:01:00Z,2026-09-24T19:02:00Z,194.89,194.895,194.7,194.76
2026-09-24T19:02:00Z,2026-09-24T19:03:00Z,194.77,194.795,194.64,194.65
2026-09-24T19:03:00Z,2026-09-24T19:04:00Z,194.655,194.675,194.565,194.565
2026-09-24T19:04:00Z,2026-09-24T19:05:00Z,194.57,194.63,194.565,194.63
2026-09-24T19:05:00Z,2026-09-24T19:06:00Z,194.625,194.695,194.615,194.69
2026-09-24T19:06:00Z,2026-09-24T19:07:00Z,194.685,194.705,194.645,194.66
2026-09-24T19:07:00Z,2026-09-24T19:08:00Z,194.65,194.7,194.61,194.665
2026-09-24T19:08:00Z,2026-09-24T19:09:00Z,194.67,194.71,194.645,194.65
2026-09-24T19:09:00Z,2026-09-24T19:10:00Z,194.645,194.665,194.595,194.635
2026-09-24T19:10:00Z,2026-09-24T19:11:00Z,194.63,194.685,194.55,194.56
2026-09-24T19:11:00Z,2026-09-24T19:12:00Z,194.555,194.595,194.52,194.58
2026-09-24T19:12:00Z,2026-09-24T19:13:00Z,194.57,194.6,194.55,194.6
2026-09-24T19:13:00Z,2026-09-24T19:14:00Z,194.595,194.655,194.585,194.625
2026-09-24T19:14:00Z,2026-09-24T19:15:00Z,194.62,194.625,194.51,194.515
2026-09-24T19:15:00Z,2026-09-24T19:16:00Z,194.51,194.615,194.51,194.61
2026-09-24T19:16:00Z,2026-09-24T19:17:00Z,194.615,194.73,194.6,194.71
2026-09-24T19:17:00Z,2026-09-24T19:18:00Z,194.715,194.78,194.715,194.75
2026-09-24T19:18:00Z,2026-09-24T19:19:00Z,194.75,194.825,194.735,194.795
2026-09-24T19:19:00Z,2026-09-24T19:20:00Z,194.79,194.795,194.73,194.78
2026-09-24T19:20:00Z,2026-09-24T19:21:00Z,194.775,194.8,194.74,194.745
2026-09-24T19:21:00Z,2026-09-24T19:22:00Z,194.745,194.78,194.715,194.78
2026-09-24T19:22:00Z,2026-09-24T19:23:00Z,194.775,194.785,194.745,194.77
2026-09-24T19:23:00Z,2026-09-24T19:24:00Z,194.765,194.77,194.705,194.74
2026-09-24T19:24:00Z,2026-09-24T19:25:00Z,194.735,194.815,194.73,194.8
2026-09-24T19:25:00Z,2026-09-24T19:26:00Z,194.805,194.845,194.79,194.795
2026-09-24T19:26:00Z,2026-09-24T19:27:00Z,194.8,194.84,194.77,194.815
2026-09-24T19:27:00Z,2026-09-24T19:28:00Z,194.81,194.81,194.745,194.745
2026-09-24T19:28:00Z,2026-09-24T19:29:00Z,194.745,194.76,194.705,194.705
2026-09-24T19:29:00Z,2026-09-24T19:30:00Z,194.71,194.715,194.6,194.63
2026-09-24T19:30:00Z,2026-09-24T19:31:00Z,194.625,194.7,194.605,194.68
2026-09-24T19:31:00Z,2026-09-24T19:32:00Z,194.685,194.755,194.665,194.755
2026-09-24T19:32:00Z,2026-09-24T19:33:00Z,194.75,194.75,194.655,194.66
2026-09-24T19:33:00Z,2026-09-24T19:34:00Z,194.66,194.725,194.66,194.72
2026-09-24T19:34:00Z,2026-09-24T19:35:00Z,194.715,194.79,194.7,194.785
2026-09-24T19:35:00Z,2026-09-24T19:36:00Z,194.78,194.78,194.665,194.705
2026-09-24T19:36:00Z,2026-09-24T19:37:00Z,194.71,194.765,194.71,194.745
2026-09-24T19:37:00Z,2026-09-24T19:38:00Z,194.74,194.745,194.63,194.66
2026-09-24T19:38:00Z,2026-09-24T19:39:00Z,194.665,194.705,194.64,194.69
2026-09-24T19:39:00Z,2026-09-24T19:40:00Z,194.695,194.745,194.685,194.745
2026-09-24T19:40:00Z,2026-09-24T19:41:00Z,194.745,194.8,194.675,194.675
2026-09-24T19:41:00Z,2026-09-24T19:42:00Z,194.675,194.705,194.645,194.685
2026-09-24T19:42:00Z,2026-09-24T19:43:00Z,194.69,194.69,194.605,194.62
2026-09-24T19:43:00Z,2026-09-24T19:44:00Z,194.615,194.655,194.585,194.635
2026-09-24T19:44:00Z,2026-09-24T19:45:00Z,194.64,194.655,194.575,194.61
2026-09-24T19:45:00Z,2026-09-24T19:46:00Z,194.6,194.68,194.585,194.66
2026-09-24T19:46:00Z,2026-09-24T19:47:00Z,194.665,194.7,194.625,194.665
2026-09-24T19:47:00Z,2026-09-24T19:48:00Z,194.66,194.675,194.625,194.645
2026-09-24T19:48:00Z,2026-09-24T19:49:00Z,194.65,194.655,194.575,194.59
2026-09-24T19:49:00Z,2026-09-24T19:50:00Z,194.595,194.625,194.575,194.6
2026-09-24T19:50:00Z,2026-09-24T19:51:00Z,194.595,194.81,194.595,194.73
2026-09-24T19:51:00Z,2026-09-24T19:52:00Z,194.71,194.865,194.695,194.845
2026-09-24T19:52:00Z,2026-09-24T19:53:00Z,194.84,194.89,194.83,194.875
2026-09-24T19:53:00Z,2026-09-24T19:54:00Z,194.875,194.945,194.875,194.935
2026-09-24T19:54:00Z,2026-09-24T19:55:00Z,194.93,194.935,194.86,194.875
2026-09-24T19:55:00Z,2026-09-24T19:56:00Z,194.885,194.91,194.74,194.825
2026-09-24T19:56:00Z,2026-09-24T19:57:00Z,194.83,194.865,194.745,194.765
2026-09-24T19:57:00Z,2026-09-24T19:58:00Z,194.775,194.795,194.74,194.77
2026-09-24T19:58:00Z,2026-09-24T19:59:00Z,194.775,194.805,194.765,194.775
2026-09-24T19:59:00Z,2026-09-24T20:00:00Z,194.765,194.82,194.705,194.72
2026-09-25T13:30:00Z,2026-09-25T13:31:00Z,195.595,195.61,195.105,195.41
2026-09-25T13:31:00Z,2026-09-25T13:32:00Z,195.415,195.625,195.32,195.58
2026-09-25T13:32:00Z,2026-09-25T13:33:00Z,195.59,195.89,195.535,195.86
2026-09-25T13:33:00Z,2026-09-25T13:34:00Z,195.855,195.965,195.76,195.965
2026-09-25T13:34:00Z,2026-09-25T13:35:00Z,195.97,196.275,195.925,196.245
2026-09-25T13:35:00Z,2026-09-25T13:36:00Z,196.24,196.46,196.24,196.425
2026-09-25T13:36:00Z,2026-09-25T13:37:00Z,196.415,196.49,196.315,196.385
2026-09-25T13:37:00Z,2026-09-25T13:38:00Z,196.395,196.445,196.295,196.32
2026-09-25T13:38:00Z,2026-09-25T13:39:00Z,196.315,196.405,196.26,196.33
2026-09-25T13:39:00Z,2026-09-25T13:40:00Z,196.335,196.37,196.115,196.34
2026-09-25T13:40:00Z,2026-09-25T13:41:00Z,196.345,196.51,196.305,196.51
2026-09-25T13:41:00Z,2026-09-25T13:42:00Z,196.505,196.64,196.49,196.64
2026-09-25T13:42:00Z,2026-09-25T13:43:00Z,196.635,196.74,196.49,196.73
2026-09-25T13:43:00Z,2026-09-25T13:44:00Z,196.725,196.725,196.53,196.585
2026-09-25T13:44:00Z,2026-09-25T13:45:00Z,196.59,196.67,196.54,196.64
2026-09-25T13:45:00Z,2026-09-25T13:46:00Z,196.645,196.775,196.47,196.48
2026-09-25T13:46:00Z,2026-09-25T13:47:00Z,196.485,196.65,196.38,196.595
2026-09-25T13:47:00Z,2026-09-25T13:48:00Z,196.6,196.735,196.55,196.68
2026-09-25T13:48:00Z,2026-09-25T13:49:00Z,196.69,196.715,196.325,196.425
2026-09-25T13:49:00Z,2026-09-25T13:50:00Z,196.43,196.595,196.43,196.555
2026-09-25T13:50:00Z,2026-09-25T13:51:00Z,196.55,196.59,196.44,196.55
2026-09-25T13:51:00Z,2026-09-25T13:52:00Z,196.555,196.64,196.46,196.475
2026-09-25T13:52:00Z,2026-09-25T13:53:00Z,196.48,196.66,196.44,196.635
2026-09-25T13:53:00Z,2026-09-25T13:54:00Z,196.64,196.725,196.575,196.685
2026-09-25T13:54:00Z,2026-09-25T13:55:00Z,196.695,196.865,196.68,196.84
2026-09-25T13:55:00Z,2026-09-25T13:56:00Z,196.845,196.93,196.8,196.85
2026-09-25T13:56:00Z,2026-09-25T13:57:00Z,196.845,196.85,196.745,196.81
2026-09-25T13:57:00Z,2026-09-25T13:58:00Z,196.815,196.815,196.625,196.665
2026-09-25T13:58:00Z,2026-09-25T13:59:00Z,196.67,196.78,196.64,196.72
2026-09-25T13:59:00Z,2026-09-25T14:00:00Z,196.71,196.77,196.6,196.755
2026-09-25T14:00:00Z,2026-09-25T14:01:00Z,196.76,196.805,196.525,196.545
2026-09-25T14:01:00Z,2026-09-25T14:02:00Z,196.56,196.57,196.38,196.395
2026-09-25T14:02:00Z,2026-09-25T14:03:00Z,196.38,196.47,196.21,196.4
2026-09-25T14:03:00Z,2026-09-25T14:04:00Z,196.395,196.395,196.145,196.29
2026-09-25T14:04:00Z,2026-09-25T14:05:00Z,196.28,196.285,195.93,195.985
2026-09-25T14:05:00Z,2026-09-25T14:06:00Z,195.98,195.985,195.565,195.565
2026-09-25T14:06:00Z,2026-09-25T14:07:00Z,195.555,195.74,195.54,195.715
2026-09-25T14:07:00Z,2026-09-25T14:08:00Z,195.71,195.9,195.685,195.775
2026-09-25T14:08:00Z,2026-09-25T14:09:00Z,195.77,195.91,195.7,195.91
2026-09-25T14:09:00Z,2026-09-25T14:10:00Z,195.915,196.02,195.84,195.98
2026-09-25T14:10:00Z,2026-09-25T14:11:00Z,195.985,196.12,195.96,195.96
2026-09-25T14:11:00Z,2026-09-25T14:12:00Z,195.955,196.14,195.865,196.085
2026-09-25T14:12:00Z,2026-09-25T14:13:00Z,196.09,196.095,195.905,195.915
2026-09-25T14:13:00Z,2026-09-25T14:14:00Z,195.91,195.95,195.725,195.75
2026-09-25T14:14:00Z,2026-09-25T14:15:00Z,195.745,195.76,195.47,195.52
2026-09-25T14:15:00Z,2026-09-25T14:16:00Z,195.51,195.55,195.145,195.45
2026-09-25T14:16:00Z,2026-09-25T14:17:00Z,195.47,195.615,195.26,195.285
2026-09-25T14:17:00Z,2026-09-25T14:18:00Z,195.28,195.33,195.025,195.12
2026-09-25T14:18:00Z,2026-09-25T14:19:00Z,195.115,195.375,195.085,195.24
2026-09-25T14:19:00Z,2026-09-25T14:20:00Z,195.245,195.395,195.07,195.33
2026-09-25T14:20:00Z,2026-09-25T14:21:00Z,195.34,195.52,195.27,195.5
2026-09-25T14:21:00Z,2026-09-25T14:22:00Z,195.495,195.56,195.3,195.375
2026-09-25T14:22:00Z,2026-09-25T14:23:00Z,195.37,195.475,195.335,195.44
2026-09-25T14:23:00Z,2026-09-25T14:24:00Z,195.445,195.58,195.41,195.505
2026-09-25T14:24:00Z,2026-09-25T14:25:00Z,195.51,195.675,195.5,195.64
2026-09-25T14:25:00Z,2026-09-25T14:26:00Z,195.65,195.81,195.605,195.805
2026-09-25T14:26:00Z,2026-09-25T14:27:00Z,195.81,195.92,195.76,195.82
2026-09-25T14:27:00Z,2026-09-25T14:28:00Z,195.83,195.85,195.695,195.71
2026-09-25T14:28:00Z,2026-09-25T14:29:00Z,195.7,195.74,195.49,195.64
2026-09-25T14:29:00Z,2026-09-25T14:30:00Z,195.625,195.745,195.5,195.515
2026-09-25T14:30:00Z,2026-09-25T14:31:00Z,195.535,195.63,195.44,195.545
2026-09-25T14:31:00Z,2026-09-25T14:32:00Z,195.54,195.68,195.52,195.67
2026-09-25T14:32:00Z,2026-09-25T14:33:00Z,195.68,195.81,195.66,195.76
2026-09-25T14:33:00Z,2026-09-25T14:34:00Z,195.755,195.895,195.75,195.81
2026-09-25T14:34:00Z,2026-09-25T14:35:00Z,195.8,195.93,195.79,195.855
2026-09-25T14:35:00Z,2026-09-25T14:36:00Z,195.86,195.95,195.8,195.91
2026-09-25T14:36:00Z,2026-09-25T14:37:00Z,195.905,195.92,195.815,195.84
2026-09-25T14:37:00Z,2026-09-25T14:38:00Z,195.83,195.93,195.8,195.925
2026-09-25T14:38:00Z,2026-09-25T14:39:00Z,195.92,196.04,195.89,195.94
2026-09-25T14:39:00Z,2026-09-25T14:40:00Z,195.935,196,195.92,195.95
2026-09-25T14:40:00Z,2026-09-25T14:41:00Z,195.955,195.99,195.775,195.8
2026-09-25T14:41:00Z,2026-09-25T14:42:00Z,195.795,195.88,195.6,195.61
2026-09-25T14:42:00Z,2026-09-25T14:43:00Z,195.615,195.73,195.56,195.7
2026-09-25T14:43:00Z,2026-09-25T14:44:00Z,195.69,195.74,195.58,195.65
2026-09-25T14:44:00Z,2026-09-25T14:45:00Z,195.64,195.83,195.64,195.82
2026-09-25T14:45:00Z,2026-09-25T14:46:00Z,195.825,195.835,195.63,195.835
2026-09-25T14:46:00Z,2026-09-25T14:47:00Z,195.83,196.005,195.73,195.88
2026-09-25T14:47:00Z,2026-09-25T14:48:00Z,195.875,195.98,195.82,195.92
2026-09-25T14:48:00Z,2026-09-25T14:49:00Z,195.915,195.99,195.9,195.925
2026-09-25T14:49:00Z,2026-09-25T14:50:00Z,195.93,196.17,195.9,196.11
2026-09-25T14:50:00Z,2026-09-25T14:51:00Z,196.1,196.115,195.96,196.07
2026-09-25T14:51:00Z,2026-09-25T14:52:00Z,196.085,196.12,195.875,195.875
2026-09-25T14:52:00Z,2026-09-25T14:53:00Z,195.88,195.94,195.825,195.885
2026-09-25T14:53:00Z,2026-09-25T14:54:00Z,195.88,195.99,195.855,195.955
2026-09-25T14:54:00Z,2026-09-25T14:55:00Z,195.95,196.07,195.945,196.05
2026-09-25T14:55:00Z,2026-09-25T14:56:00Z,196.045,196.195,196.03,196.19
2026-09-25T14:56:00Z,2026-09-25T14:57:00Z,196.195,196.3,196.135,196.14
2026-09-25T14:57:00Z,2026-09-25T14:58:00Z,196.145,196.275,196.14,196.24
2026-09-25T14:58:00Z,2026-09-25T14:59:00Z,196.23,196.32,196.185,196.305
2026-09-25T14:59:00Z,2026-09-25T15:00:00Z,196.31,196.355,196.28,196.32
2026-09-25T15:00:00Z,2026-09-25T15:01:00Z,196.31,196.315,196.22,196.25
2026-09-25T15:01:00Z,2026-09-25T15:02:00Z,196.26,196.375,196.225,196.31
2026-09-25T15:02:00Z,2026-09-25T15:03:00Z,196.31,196.465,196.31,196.42
2026-09-25T15:03:00Z,2026-09-25T15:04:00Z,196.425,196.52,196.42,196.46
2026-09-25T15:04:00Z,2026-09-25T15:05:00Z,196.45,196.585,196.44,196.48
2026-09-25T15:05:00Z,2026-09-25T15:06:00Z,196.485,196.56,196.465,196.52
2026-09-25T15:06:00Z,2026-09-25T15:07:00Z,196.515,196.565,196.475,196.49
2026-09-25T15:07:00Z,2026-09-25T15:08:00Z,196.485,196.515,196.45,196.48
2026-09-25T15:08:00Z,2026-09-25T15:09:00Z,196.485,196.505,196.445,196.48
2026-09-25T15:09:00Z,2026-09-25T15:10:00Z,196.475,196.49,196.38,196.385
2026-09-25T15:10:00Z,2026-09-25T15:11:00Z,196.38,196.42,196.265,196.33
2026-09-25T15:11:00Z,2026-09-25T15:12:00Z,196.32,196.34,196.11,196.155
2026-09-25T15:12:00Z,2026-09-25T15:13:00Z,196.15,196.22,196.11,196.14
2026-09-25T15:13:00Z,2026-09-25T15:14:00Z,196.13,196.205,196.115,196.18
2026-09-25T15:14:00Z,2026-09-25T15:15:00Z,196.17,196.24,196.15,196.17
2026-09-25T15:15:00Z,2026-09-25T15:16:00Z,196.18,196.25,196.14,196.23
2026-09-25T15:16:00Z,2026-09-25T15:17:00Z,196.225,196.325,196.225,196.315
2026-09-25T15:17:00Z,2026-09-25T15:18:00Z,196.32,196.355,196.255,196.28
2026-09-25T15:18:00Z,2026-09-25T15:19:00Z,196.27,196.32,196.23,196.28
2026-09-25T15:19:00Z,2026-09-25T15:20:00Z,196.27,196.28,196.09,196.14
2026-09-25T15:20:00Z,2026-09-25T15:21:00Z,196.145,196.255,196.095,196.25
2026-09-25T15:21:00Z,2026-09-25T15:22:00Z,196.255,196.395,196.18,196.265
2026-09-25T15:22:00Z,2026-09-25T15:23:00Z,196.27,196.29,196.205,196.235
2026-09-25T15:23:00Z,2026-09-25T15:24:00Z,196.24,196.32,196.21,196.22
2026-09-25T15:24:00Z,2026-09-25T15:25:00Z,196.21,196.23,196.095,196.14
2026-09-25T15:25:00Z,2026-09-25T15:26:00Z,196.135,196.165,196.09,196.11
2026-09-25T15:26:00Z,2026-09-25T15:27:00Z,196.105,196.145,196.055,196.145
2026-09-25T15:27:00Z,2026-09-25T15:28:00Z,196.14,196.16,196.05,196.09
2026-09-25T15:28:00Z,2026-09-25T15:29:00Z,196.1,196.15,196.06,196.115
2026-09-25T15:29:00Z,2026-09-25T15:30:00Z,196.12,196.22,196.105,196.115
2026-09-25T15:30:00Z,2026-09-25T15:31:00Z,196.125,196.33,196.1,196.23
2026-09-25T15:31:00Z,2026-09-25T15:32:00Z,196.22,196.35,196.2,196.35
2026-09-25T15:32:00Z,2026-09-25T15:33:00Z,196.34,196.405,196.315,196.375
2026-09-25T15:33:00Z,2026-09-25T15:34:00Z,196.37,196.385,196.3,196.345
2026-09-25T15:34:00Z,2026-09-25T15:35:00Z,196.34,196.38,196.105,196.125
2026-09-25T15:35:00Z,2026-09-25T15:36:00Z,196.12,196.18,195.98,196.07
2026-09-25T15:36:00Z,2026-09-25T15:37:00Z,196.065,196.065,195.845,195.865
2026-09-25T15:37:00Z,2026-09-25T15:38:00Z,195.87,195.9,195.76,195.88
2026-09-25T15:38:00Z,2026-09-25T15:39:00Z,195.875,195.89,195.7,195.73
2026-09-25T15:39:00Z,2026-09-25T15:40:00Z,195.715,195.77,195.67,195.725
2026-09-25T15:40:00Z,2026-09-25T15:41:00Z,195.72,195.825,195.655,195.815
2026-09-25T15:41:00Z,2026-09-25T15:42:00Z,195.82,195.85,195.765,195.82
2026-09-25T15:42:00Z,2026-09-25T15:43:00Z,195.815,195.87,195.7,195.755
2026-09-25T15:43:00Z,2026-09-25T15:44:00Z,195.76,195.785,195.67,195.69
2026-09-25T15:44:00Z,2026-09-25T15:45:00Z,195.695,195.705,195.535,195.545
2026-09-25T15:45:00Z,2026-09-25T15:46:00Z,195.54,195.615,195.51,195.56
2026-09-25T15:46:00Z,2026-09-25T15:47:00Z,195.555,195.715,195.47,195.71
2026-09-25T15:47:00Z,2026-09-25T15:48:00Z,195.715,195.77,195.7,195.73
2026-09-25T15:48:00Z,2026-09-25T15:49:00Z,195.72,195.805,195.67,195.75
2026-09-25T15:49:00Z,2026-09-25T15:50:00Z,195.76,195.85,195.74,195.85
2026-09-25T15:50:00Z,2026-09-25T15:51:00Z,195.85,195.88,195.765,195.785
2026-09-25T15:51:00Z,2026-09-25T15:52:00Z,195.78,195.78,195.515,195.525
2026-09-25T15:52:00Z,2026-09-25T15:53:00Z,195.51,195.585,195.455,195.515
2026-09-25T15:53:00Z,2026-09-25T15:54:00Z,195.515,195.56,195.51,195.55
2026-09-25T15:54:00Z,2026-09-25T15:55:00Z,195.54,195.845,195.51,195.77
2026-09-25T15:55:00Z,2026-09-25T15:56:00Z,195.78,195.88,195.77,195.84
2026-09-25T15:56:00Z,2026-09-25T15:57:00Z,195.85,195.95,195.815,195.94
2026-09-25T15:57:00Z,2026-09-25T15:58:00Z,195.945,196.035,195.93,196.035
2026-09-25T15:58:00Z,2026-09-25T15:59:00Z,196.03,196.26,196.01,196.2
2026-09-25T15:59:00Z,2026-09-25T16:00:00Z,196.195,196.375,196.18,196.34
2026-09-25T16:00:00Z,2026-09-25T16:01:00Z,196.35,196.51,196.27,196.485
2026-09-25T16:01:00Z,2026-09-25T16:02:00Z,196.49,196.54,196.43,196.465
2026-09-25T16:02:00Z,2026-09-25T16:03:00Z,196.465,196.65,196.46,196.645
2026-09-25T16:03:00Z,2026-09-25T16:04:00Z,196.64,196.745,196.575,196.745
2026-09-25T16:04:00Z,2026-09-25T16:05:00Z,196.74,196.75,196.63,196.73
2026-09-25T16:05:00Z,2026-09-25T16:06:00Z,196.725,196.895,196.65,196.86
2026-09-25T16:06:00Z,2026-09-25T16:07:00Z,196.855,196.895,196.76,196.815
2026-09-25T16:07:00Z,2026-09-25T16:08:00Z,196.82,196.845,196.725,196.75
2026-09-25T16:08:00Z,2026-09-25T16:09:00Z,196.745,196.835,196.715,196.745
2026-09-25T16:09:00Z,2026-09-25T16:10:00Z,196.745,196.825,196.66,196.81
2026-09-25T16:10:00Z,2026-09-25T16:11:00Z,196.82,196.945,196.805,196.86
2026-09-25T16:11:00Z,2026-09-25T16:12:00Z,196.845,196.85,196.715,196.79
2026-09-25T16:12:00Z,2026-09-25T16:13:00Z,196.78,196.865,196.72,196.75
2026-09-25T16:13:00Z,2026-09-25T16:14:00Z,196.74,196.77,196.705,196.76
2026-09-25T16:14:00Z,2026-09-25T16:15:00Z,196.755,196.765,196.605,196.71
2026-09-25T16:15:00Z,2026-09-25T16:16:00Z,196.72,196.84,196.675,196.835
2026-09-25T16:16:00Z,2026-09-25T16:17:00Z,196.84,196.91,196.76,196.895
2026-09-25T16:17:00Z,2026-09-25T16:18:00Z,196.89,196.935,196.68,196.69
2026-09-25T16:18:00Z,2026-09-25T16:19:00Z,196.695,196.695,196.495,196.545
2026-09-25T16:19:00Z,2026-09-25T16:20:00Z,196.54,196.57,196.475,196.54
2026-09-25T16:20:00Z,2026-09-25T16:21:00Z,196.545,196.585,196.35,196.365
2026-09-25T16:21:00Z,2026-09-25T16:22:00Z,196.37,196.43,196.275,196.41
2026-09-25T16:22:00Z,2026-09-25T16:23:00Z,196.4,196.42,196.27,196.355
2026-09-25T16:23:00Z,2026-09-25T16:24:00Z,196.36,196.39,196.26,196.315
2026-09-25T16:24:00Z,2026-09-25T16:25:00Z,196.31,196.38,196.29,196.345
2026-09-25T16:25:00Z,2026-09-25T16:26:00Z,196.35,196.5,196.325,196.45
2026-09-25T16:26:00Z,2026-09-25T16:27:00Z,196.445,196.695,196.415,196.69
2026-09-25T16:27:00Z,2026-09-25T16:28:00Z,196.695,196.76,196.665,196.72
2026-09-25T16:28:00Z,2026-09-25T16:29:00Z,196.73,196.765,196.68,196.745
2026-09-25T16:29:00Z,2026-09-25T16:30:00Z,196.75,196.86,196.74,196.815
2026-09-25T16:30:00Z,2026-09-25T16:31:00Z,196.81,196.82,196.7,196.78
2026-09-25T16:31:00Z,2026-09-25T16:32:00Z,196.785,196.835,196.745,196.82
2026-09-25T16:32:00Z,2026-09-25T16:33:00Z,196.825,196.89,196.765,196.79
2026-09-25T16:33:00Z,2026-09-25T16:34:00Z,196.79,196.885,196.765,196.88
2026-09-25T16:34:00Z,2026-09-25T16:35:00Z,196.885,196.885,196.45,196.53
2026-09-25T16:35:00Z,2026-09-25T16:36:00Z,196.535,196.645,196.535,196.6
2026-09-25T16:36:00Z,2026-09-25T16:37:00Z,196.595,196.615,196.49,196.59
2026-09-25T16:37:00Z,2026-09-25T16:38:00Z,196.6,196.775,196.6,196.69
2026-09-25T16:38:00Z,2026-09-25T16:39:00Z,196.685,196.685,196.54,196.66
2026-09-25T16:39:00Z,2026-09-25T16:40:00Z,196.655,196.69,196.58,196.59
2026-09-25T16:40:00Z,2026-09-25T16:41:00Z,196.6,196.63,196.54,196.54
2026-09-25T16:41:00Z,2026-09-25T16:42:00Z,196.545,196.625,196.535,196.595
2026-09-25T16:42:00Z,2026-09-25T16:43:00Z,196.59,196.705,196.59,196.61
2026-09-25T16:43:00Z,2026-09-25T16:44:00Z,196.62,196.77,196.61,196.735
2026-09-25T16:44:00Z,2026-09-25T16:45:00Z,196.74,196.81,196.7,196.715
2026-09-25T16:45:00Z,2026-09-25T16:46:00Z,196.72,196.725,196.62,196.715
2026-09-25T16:46:00Z,2026-09-25T16:47:00Z,196.71,196.745,196.65,196.675
2026-09-25T16:47:00Z,2026-09-25T16:48:00Z,196.68,196.685,196.615,196.63
2026-09-25T16:48:00Z,2026-09-25T16:49:00Z,196.62,196.645,196.49,196.5
2026-09-25T16:49:00Z,2026-09-25T16:50:00Z,196.495,196.555,196.41,196.54
2026-09-25T16:50:00Z,2026-09-25T16:51:00Z,196.55,196.61,196.51,196.545
2026-09-25T16:51:00Z,2026-09-25T16:52:00Z,196.55,196.57,196.505,196.57
2026-09-25T16:52:00Z,2026-09-25T16:53:00Z,196.565,196.62,196.53,196.605
2026-09-25T16:53:00Z,2026-09-25T16:54:00Z,196.6,196.655,196.56,196.56
2026-09-25T16:54:00Z,2026-09-25T16:55:00Z,196.57,196.635,196.535,196.635
2026-09-25T16:55:00Z,2026-09-25T16:56:00Z,196.63,196.68,196.61,196.635
2026-09-25T16:56:00Z,2026-09-25T16:57:00Z,196.64,196.7,196.605,196.64
2026-09-25T16:57:00Z,2026-09-25T16:58:00Z,196.65,196.65,196.51,196.53
2026-09-25T16:58:00Z,2026-09-25T16:59:00Z,196.535,196.555,196.485,196.5
2026-09-25T16:59:00Z,2026-09-25T17:00:00Z,196.495,196.55,196.375,196.485
2026-09-25T17:00:00Z,2026-09-25T17:01:00Z,196.49,196.5,196.45,196.49
2026-09-25T17:01:00Z,2026-09-25T17:02:00Z,196.49,196.67,196.49,196.65
2026-09-25T17:02:00Z,2026-09-25T17:03:00Z,196.655,196.755,196.625,196.73
2026-09-25T17:03:00Z,2026-09-25T17:04:00Z,196.735,196.8,196.71,196.72
2026-09-25T17:04:00Z,2026-09-25T17:05:00Z,196.73,196.75,196.695,196.72
2026-09-25T17:05:00Z,2026-09-25T17:06:00Z,196.72,196.775,196.705,196.745
2026-09-25T17:06:00Z,2026-09-25T17:07:00Z,196.75,196.78,196.725,196.75
2026-09-25T17:07:00Z,2026-09-25T17:08:00Z,196.745,196.76,196.67,196.69
2026-09-25T17:08:00Z,2026-09-25T17:09:00Z,196.695,196.71,196.595,196.65
2026-09-25T17:09:00Z,2026-09-25T17:10:00Z,196.65,196.75,196.65,196.73
2026-09-25T17:10:00Z,2026-09-25T17:11:00Z,196.72,196.75,196.695,196.725
2026-09-25T17:11:00Z,2026-09-25T17:12:00Z,196.72,196.745,196.64,196.655
2026-09-25T17:12:00Z,2026-09-25T17:13:00Z,196.66,196.715,196.615,196.71
2026-09-25T17:13:00Z,2026-09-25T17:14:00Z,196.715,196.8,196.7,196.76
2026-09-25T17:14:00Z,2026-09-25T17:15:00Z,196.75,196.83,196.735,196.83
2026-09-25T17:15:00Z,2026-09-25T17:16:00Z,196.83,196.9,196.79,196.885
2026-09-25T17:16:00Z,2026-09-25T17:17:00Z,196.88,196.885,196.82,196.82
2026-09-25T17:17:00Z,2026-09-25T17:18:00Z,196.83,196.905,196.82,196.83
2026-09-25T17:18:00Z,2026-09-25T17:19:00Z,196.83,196.845,196.745,196.78
2026-09-25T17:19:00Z,2026-09-25T17:20:00Z,196.785,196.785,196.74,196.76
2026-09-25T17:20:00Z,2026-09-25T17:21:00Z,196.76,196.8,196.735,196.78
2026-09-25T17:21:00Z,2026-09-25T17:22:00Z,196.77,196.785,196.745,196.765
2026-09-25T17:22:00Z,2026-09-25T17:23:00Z,196.77,196.81,196.745,196.75
2026-09-25T17:23:00Z,2026-09-25T17:24:00Z,196.76,196.795,196.745,196.77
2026-09-25T17:24:00Z,2026-09-25T17:25:00Z,196.775,196.8,196.75,196.79
2026-09-25T17:25:00Z,2026-09-25T17:26:00Z,196.795,196.8,196.75,196.75
2026-09-25T17:26:00Z,2026-09-25T17:27:00Z,196.755,196.77,196.715,196.73
2026-09-25T17:27:00Z,2026-09-25T17:28:00Z,196.72,196.735,196.695,196.725
2026-09-25T17:28:00Z,2026-09-25T17:29:00Z,196.72,196.765,196.715,196.75
2026-09-25T17:29:00Z,2026-09-25T17:30:00Z,196.745,196.76,196.73,196.75
2026-09-25T17:30:00Z,2026-09-25T17:31:00Z,196.765,196.78,196.725,196.755
2026-09-25T17:31:00Z,2026-09-25T17:32:00Z,196.75,196.75,196.66,196.67
2026-09-25T17:32:00Z,2026-09-25T17:33:00Z,196.675,196.725,196.67,196.72
2026-09-25T17:33:00Z,2026-09-25T17:34:00Z,196.71,196.75,196.655,196.655
2026-09-25T17:34:00Z,2026-09-25T17:35:00Z,196.65,196.665,196.58,196.65
2026-09-25T17:35:00Z,2026-09-25T17:36:00Z,196.65,196.66,196.6,196.625
2026-09-25T17:36:00Z,2026-09-25T17:37:00Z,196.62,196.665,196.575,196.585
2026-09-25T17:37:00Z,2026-09-25T17:38:00Z,196.58,196.585,196.51,196.56
2026-09-25T17:38:00Z,2026-09-25T17:39:00Z,196.555,196.64,196.55,196.605
2026-09-25T17:39:00Z,2026-09-25T17:40:00Z,196.61,196.725,196.58,196.65
2026-09-25T17:40:00Z,2026-09-25T17:41:00Z,196.66,196.72,196.62,196.665
2026-09-25T17:41:00Z,2026-09-25T17:42:00Z,196.66,196.755,196.655,196.73
2026-09-25T17:42:00Z,2026-09-25T17:43:00Z,196.735,196.77,196.73,196.76
2026-09-25T17:43:00Z,2026-09-25T17:44:00Z,196.755,196.755,196.68,196.7
2026-09-25T17:44:00Z,2026-09-25T17:45:00Z,196.7,196.735,196.645,196.67
2026-09-25T17:45:00Z,2026-09-25T17:46:00Z,196.665,196.705,196.645,196.67
2026-09-25T17:46:00Z,2026-09-25T17:47:00Z,196.675,196.69,196.64,196.665
2026-09-25T17:47:00Z,2026-09-25T17:48:00Z,196.66,196.68,196.635,196.655
2026-09-25T17:48:00Z,2026-09-25T17:49:00Z,196.655,196.7,196.64,196.685
2026-09-25T17:49:00Z,2026-09-25T17:50:00Z,196.69,196.78,196.69,196.77
2026-09-25T17:50:00Z,2026-09-25T17:51:00Z,196.77,196.78,196.735,196.77
2026-09-25T17:51:00Z,2026-09-25T17:52:00Z,196.77,196.78,196.72,196.74
2026-09-25T17:52:00Z,2026-09-25T17:53:00Z,196.735,196.74,196.63,196.63
2026-09-25T17:53:00Z,2026-09-25T17:54:00Z,196.625,196.665,196.615,196.66
2026-09-25T17:54:00Z,2026-09-25T17:55:00Z,196.66,196.66,196.57,196.64
2026-09-25T17:55:00Z,2026-09-25T17:56:00Z,196.64,196.695,196.635,196.695
2026-09-25T17:56:00Z,2026-09-25T17:57:00Z,196.69,196.72,196.67,196.69
2026-09-25T17:57:00Z,2026-09-25T17:58:00Z,196.69,196.7,196.665,196.675
2026-09-25T17:58:00Z,2026-09-25T17:59:00Z,196.68,196.73,196.675,196.7
2026-09-25T17:59:00Z,2026-09-25T18:00:00Z,196.7,196.725,196.675,196.715
2026-09-25T18:00:00Z,2026-09-25T18:01:00Z,196.715,196.745,196.7,196.71
2026-09-25T18:01:00Z,2026-09-25T18:02:00Z,196.715,196.76,196.69,196.76
2026-09-25T18:02:00Z,2026-09-25T18:03:00Z,196.755,196.765,196.675,196.695
2026-09-25T18:03:00Z,2026-09-25T18:04:00Z,196.7,196.725,196.695,196.71
2026-09-25T18:04:00Z,2026-09-25T18:05:00Z,196.705,196.71,196.655,196.665
2026-09-25T18:05:00Z,2026-09-25T18:06:00Z,196.665,196.695,196.64,196.65
2026-09-25T18:06:00Z,2026-09-25T18:07:00Z,196.65,196.685,196.635,196.665
2026-09-25T18:07:00Z,2026-09-25T18:08:00Z,196.665,196.68,196.61,196.63
2026-09-25T18:08:00Z,2026-09-25T18:09:00Z,196.635,196.7,196.615,196.69
2026-09-25T18:09:00Z,2026-09-25T18:10:00Z,196.7,196.74,196.695,196.725
2026-09-25T18:10:00Z,2026-09-25T18:11:00Z,196.73,196.755,196.725,196.73
2026-09-25T18:11:00Z,2026-09-25T18:12:00Z,196.725,196.73,196.705,196.71
2026-09-25T18:12:00Z,2026-09-25T18:13:00Z,196.715,196.77,196.68,196.76
2026-09-25T18:13:00Z,2026-09-25T18:14:00Z,196.755,196.815,196.745,196.815
2026-09-25T18:14:00Z,2026-09-25T18:15:00Z,196.815,196.855,196.795,196.845
2026-09-25T18:15:00Z,2026-09-25T18:16:00Z,196.84,196.855,196.805,196.805
2026-09-25T18:16:00Z,2026-09-25T18:17:00Z,196.81,196.845,196.81,196.83
2026-09-25T18:17:00Z,2026-09-25T18:18:00Z,196.83,196.845,196.815,196.825
2026-09-25T18:18:00Z,2026-09-25T18:19:00Z,196.825,196.855,196.765,196.765
2026-09-25T18:19:00Z,2026-09-25T18:20:00Z,196.765,196.785,196.735,196.78
2026-09-25T18:20:00Z,2026-09-25T18:21:00Z,196.775,196.815,196.775,196.8
2026-09-25T18:21:00Z,2026-09-25T18:22:00Z,196.805,196.815,196.755,196.77
2026-09-25T18:22:00Z,2026-09-25T18:23:00Z,196.775,196.825,196.76,196.77
2026-09-25T18:23:00Z,2026-09-25T18:24:00Z,196.77,196.825,196.765,196.825
2026-09-25T18:24:00Z,2026-09-25T18:25:00Z,196.83,196.855,196.815,196.815
2026-09-25T18:25:00Z,2026-09-25T18:26:00Z,196.815,196.845,196.79,196.795
2026-09-25T18:26:00Z,2026-09-25T18:27:00Z,196.795,196.795,196.565,196.6
2026-09-25T18:27:00Z,2026-09-25T18:28:00Z,196.595,196.645,196.47,196.51
2026-09-25T18:28:00Z,2026-09-25T18:29:00Z,196.5,196.57,196.46,196.525
2026-09-25T18:29:00Z,2026-09-25T18:30:00Z,196.535,196.57,196.48,196.565
2026-09-25T18:30:00Z,2026-09-25T18:31:00Z,196.57,196.66,196.56,196.635
2026-09-25T18:31:00Z,2026-09-25T18:32:00Z,196.635,196.705,196.63,196.685
2026-09-25T18:32:00Z,2026-09-25T18:33:00Z,196.68,196.705,196.65,196.66
2026-09-25T18:33:00Z,2026-09-25T18:34:00Z,196.665,196.71,196.655,196.69
2026-09-25T18:34:00Z,2026-09-25T18:35:00Z,196.69,196.69,196.635,196.645
2026-09-25T18:35:00Z,2026-09-25T18:36:00Z,196.64,196.68,196.595,196.66
2026-09-25T18:36:00Z,2026-09-25T18:37:00Z,196.655,196.665,196.635,196.64
2026-09-25T18:37:00Z,2026-09-25T18:38:00Z,196.635,196.65,196.505,196.53
2026-09-25T18:38:00Z,2026-09-25T18:39:00Z,196.53,196.53,196.47,196.51
2026-09-25T18:39:00Z,2026-09-25T18:40:00Z,196.505,196.52,196.435,196.44
2026-09-25T18:40:00Z,2026-09-25T18:41:00Z,196.445,196.465,196.385,196.45
2026-09-25T18:41:00Z,2026-09-25T18:42:00Z,196.46,196.495,196.44,196.465
2026-09-25T18:42:00Z,2026-09-25T18:43:00Z,196.47,196.535,196.465,196.525
2026-09-25T18:43:00Z,2026-09-25T18:44:00Z,196.525,196.535,196.505,196.53
2026-09-25T18:44:00Z,2026-09-25T18:45:00Z,196.525,196.575,196.51,196.575
2026-09-25T18:45:00Z,2026-09-25T18:46:00Z,196.57,196.585,196.535,196.54
2026-09-25T18:46:00Z,2026-09-25T18:47:00Z,196.545,196.565,196.49,196.49
2026-09-25T18:47:00Z,2026-09-25T18:48:00Z,196.485,196.49,196.415,196.425
2026-09-25T18:48:00Z,2026-09-25T18:49:00Z,196.42,196.46,196.405,196.445
2026-09-25T18:49:00Z,2026-09-25T18:50:00Z,196.45,196.45,196.415,196.415
2026-09-25T18:50:00Z,2026-09-25T18:51:00Z,196.42,196.425,196.38,196.4
2026-09-25T18:51:00Z,2026-09-25T18:52:00Z,196.4,196.43,196.355,196.385
2026-09-25T18:52:00Z,2026-09-25T18:53:00Z,196.39,196.42,196.37,196.415
2026-09-25T18:53:00Z,2026-09-25T18:54:00Z,196.42,196.42,196.37,196.38
2026-09-25T18:54:00Z,2026-09-25T18:55:00Z,196.38,196.38,196.315,196.33
2026-09-25T18:55:00Z,2026-09-25T18:56:00Z,196.34,196.375,196.32,196.33
2026-09-25T18:56:00Z,2026-09-25T18:57:00Z,196.335,196.365,196.32,196.33
2026-09-25T18:57:00Z,2026-09-25T18:58:00Z,196.325,196.345,196.315,196.325
2026-09-25T18:58:00Z,2026-09-25T18:59:00Z,196.33,196.355,196.31,196.345
2026-09-25T18:59:00Z,2026-09-25T19:00:00Z,196.35,196.36,196.265,196.275
2026-09-25T19:00:00Z,2026-09-25T19:01:00Z,196.285,196.36,196.285,196.31
2026-09-25T19:01:00Z,2026-09-25T19:02:00Z,196.31,196.395,196.27,196.27
2026-09-25T19:02:00Z,2026-09-25T19:03:00Z,196.28,196.29,196.23,196.26
2026-09-25T19:03:00Z,2026-09-25T19:04:00Z,196.26,196.315,196.225,196.31
2026-09-25T19:04:00Z,2026-09-25T19:05:00Z,196.315,196.395,196.305,196.37
2026-09-25T19:05:00Z,2026-09-25T19:06:00Z,196.37,196.42,196.355,196.405
2026-09-25T19:06:00Z,2026-09-25T19:07:00Z,196.415,196.44,196.33,196.35
2026-09-25T19:07:00Z,2026-09-25T19:08:00Z,196.345,196.435,196.34,196.42
2026-09-25T19:08:00Z,2026-09-25T19:09:00Z,196.42,196.435,196.405,196.43
2026-09-25T19:09:00Z,2026-09-25T19:10:00Z,196.43,196.44,196.375,196.4
2026-09-25T19:10:00Z,2026-09-25T19:11:00Z,196.395,196.425,196.365,196.4
2026-09-25T19:11:00Z,2026-09-25T19:12:00Z,196.4,196.4,196.345,196.39
2026-09-25T19:12:00Z,2026-09-25T19:13:00Z,196.39,196.425,196.375,196.41
2026-09-25T19:13:00Z,2026-09-25T19:14:00Z,196.415,196.43,196.375,196.405
2026-09-25T19:14:00Z,2026-09-25T19:15:00Z,196.4,196.455,196.395,196.45
2026-09-25T19:15:00Z,2026-09-25T19:16:00Z,196.45,196.475,196.395,196.41
2026-09-25T19:16:00Z,2026-09-25T19:17:00Z,196.415,196.43,196.375,196.385
2026-09-25T19:17:00Z,2026-09-25T19:18:00Z,196.39,196.4,196.345,196.37
2026-09-25T19:18:00Z,2026-09-25T19:19:00Z,196.375,196.395,196.345,196.39
2026-09-25T19:19:00Z,2026-09-25T19:20:00Z,196.39,196.39,196.315,196.32
2026-09-25T19:20:00Z,2026-09-25T19:21:00Z,196.325,196.36,196.285,196.285
2026-09-25T19:21:00Z,2026-09-25T19:22:00Z,196.285,196.32,196.275,196.3
2026-09-25T19:22:00Z,2026-09-25T19:23:00Z,196.305,196.31,196.225,196.235
2026-09-25T19:23:00Z,2026-09-25T19:24:00Z,196.235,196.25,196.215,196.25
2026-09-25T19:24:00Z,2026-09-25T19:25:00Z,196.25,196.325,196.25,196.285
2026-09-25T19:25:00Z,2026-09-25T19:26:00Z,196.28,196.29,196.22,196.225
2026-09-25T19:26:00Z,2026-09-25T19:27:00Z,196.23,196.235,196.125,196.17
2026-09-25T19:27:00Z,2026-09-25T19:28:00Z,196.16,196.215,196.15,196.19
2026-09-25T19:28:00Z,2026-09-25T19:29:00Z,196.19,196.235,196.155,196.185
2026-09-25T19:29:00Z,2026-09-25T19:30:00Z,196.185,196.2,196.135,196.19
2026-09-25T19:30:00Z,2026-09-25T19:31:00Z,196.185,196.185,196.095,196.105
2026-09-25T19:31:00Z,2026-09-25T19:32:00Z,196.095,196.155,196.085,196.155
2026-09-25T19:32:00Z,2026-09-25T19:33:00Z,196.15,196.165,196.105,196.145
2026-09-25T19:33:00Z,2026-09-25T19:34:00Z,196.135,196.155,196.105,196.13
2026-09-25T19:34:00Z,2026-09-25T19:35:00Z,196.12,196.135,196,196.005
2026-09-25T19:35:00Z,2026-09-25T19:36:00Z,196,196.015,195.965,195.985
2026-09-25T19:36:00Z,2026-09-25T19:37:00Z,195.98,195.995,195.915,195.98
2026-09-25T19:37:00Z,2026-09-25T19:38:00Z,195.975,196.12,195.965,196.09
2026-09-25T19:38:00Z,2026-09-25T19:39:00Z,196.085,196.165,196.075,196.15
2026-09-25T19:39:00Z,2026-09-25T19:40:00Z,196.145,196.205,196.135,196.175
2026-09-25T19:40:00Z,2026-09-25T19:41:00Z,196.175,196.18,196.11,196.155
2026-09-25T19:41:00Z,2026-09-25T19:42:00Z,196.15,196.205,196.135,196.155
2026-09-25T19:42:00Z,2026-09-25T19:43:00Z,196.16,196.215,196.155,196.215
2026-09-25T19:43:00Z,2026-09-25T19:44:00Z,196.215,196.305,196.215,196.305
2026-09-25T19:44:00Z,2026-09-25T19:45:00Z,196.31,196.315,196.225,196.255
2026-09-25T19:45:00Z,2026-09-25T19:46:00Z,196.26,196.42,196.255,196.385
2026-09-25T19:46:00Z,2026-09-25T19:47:00Z,196.39,196.435,196.365,196.425
2026-09-25T19:47:00Z,2026-09-25T19:48:00Z,196.415,196.42,196.365,196.395
2026-09-25T19:48:00Z,2026-09-25T19:49:00Z,196.385,196.435,196.365,196.405
2026-09-25T19:49:00Z,2026-09-25T19:50:00Z,196.395,196.425,196.375,196.38
2026-09-25T19:50:00Z,2026-09-25T19:51:00Z,196.375,196.545,196.375,196.545
2026-09-25T19:51:00Z,2026-09-25T19:52:00Z,196.555,196.595,196.49,196.525
2026-09-25T19:52:00Z,2026-09-25T19:53:00Z,196.535,196.58,196.525,196.555
2026-09-25T19:53:00Z,2026-09-25T19:54:00Z,196.55,196.595,196.515,196.535
2026-09-25T19:54:00Z,2026-09-25T19:55:00Z,196.53,196.535,196.41,196.43
2026-09-25T19:55:00Z,2026-09-25T19:56:00Z,196.435,196.47,196.335,196.345
2026-09-25T19:56:00Z,2026-09-25T19:57:00Z,196.34,196.35,196.255,196.295
2026-09-25T19:57:00Z,2026-09-25T19:58:00Z,196.295,196.405,196.295,196.4
2026-09-25T19:58:00Z,2026-09-25T19:59:00Z,196.405,196.435,196.355,196.395
2026-09-25T19:59:00Z,2026-09-25T20:00:00Z,196.39,196.4,196.23,196.285
2026-09-28T13:30:00Z,2026-09-28T13:31:00Z,195.095,195.415,195.07,195.375
2026-09-28T13:31:00Z,2026-09-28T13:32:00Z,195.385,195.77,195.3,195.66
2026-09-28T13:32:00Z,2026-09-28T13:33:00Z,195.67,196.17,195.67,196.025
2026-09-28T13:33:00Z,2026-09-28T13:34:00Z,196.015,196.015,195.6,195.75
2026-09-28T13:34:00Z,2026-09-28T13:35:00Z,195.755,195.77,195.445,195.46
2026-09-28T13:35:00Z,2026-09-28T13:36:00Z,195.45,195.455,194.975,195.045
2026-09-28T13:36:00Z,2026-09-28T13:37:00Z,195.05,195.43,194.96,195.4
2026-09-28T13:37:00Z,2026-09-28T13:38:00Z,195.41,195.455,195.215,195.215
2026-09-28T13:38:00Z,2026-09-28T13:39:00Z,195.225,195.3,195.02,195.23
2026-09-28T13:39:00Z,2026-09-28T13:40:00Z,195.235,195.415,195.185,195.26
2026-09-28T13:40:00Z,2026-09-28T13:41:00Z,195.265,195.355,195.135,195.225
2026-09-28T13:41:00Z,2026-09-28T13:42:00Z,195.23,195.35,195.075,195.09
2026-09-28T13:42:00Z,2026-09-28T13:43:00Z,195.1,195.345,195.08,195.24
2026-09-28T13:43:00Z,2026-09-28T13:44:00Z,195.235,195.32,195.18,195.265
2026-09-28T13:44:00Z,2026-09-28T13:45:00Z,195.255,195.255,194.73,194.795
2026-09-28T13:45:00Z,2026-09-28T13:46:00Z,194.79,194.96,194.735,194.8
2026-09-28T13:46:00Z,2026-09-28T13:47:00Z,194.79,194.85,194.7,194.83
2026-09-28T13:47:00Z,2026-09-28T13:48:00Z,194.835,194.99,194.78,194.86
2026-09-28T13:48:00Z,2026-09-28T13:49:00Z,194.865,195.055,194.81,194.99
2026-09-28T13:49:00Z,2026-09-28T13:50:00Z,194.995,195.12,194.91,194.945
2026-09-28T13:50:00Z,2026-09-28T13:51:00Z,194.94,195.015,194.71,194.795
2026-09-28T13:51:00Z,2026-09-28T13:52:00Z,194.79,194.79,194.585,194.65
2026-09-28T13:52:00Z,2026-09-28T13:53:00Z,194.655,194.74,194.595,194.72
2026-09-28T13:53:00Z,2026-09-28T13:54:00Z,194.725,195.06,194.715,195.015
2026-09-28T13:54:00Z,2026-09-28T13:55:00Z,195.02,195.23,194.99,195.13
2026-09-28T13:55:00Z,2026-09-28T13:56:00Z,195.135,195.28,195.065,195.1
2026-09-28T13:56:00Z,2026-09-28T13:57:00Z,195.105,195.135,195.015,195.045
2026-09-28T13:57:00Z,2026-09-28T13:58:00Z,195.05,195.19,195.035,195.19
2026-09-28T13:58:00Z,2026-09-28T13:59:00Z,195.2,195.27,195.14,195.14
2026-09-28T13:59:00Z,2026-09-28T14:00:00Z,195.135,195.225,195.1,195.195
2026-09-28T14:00:00Z,2026-09-28T14:01:00Z,195.185,195.38,195.155,195.375
2026-09-28T14:01:00Z,2026-09-28T14:02:00Z,195.37,195.38,195.115,195.17
2026-09-28T14:02:00Z,2026-09-28T14:03:00Z,195.165,195.19,195.055,195.075
2026-09-28T14:03:00Z,2026-09-28T14:04:00Z,195.09,195.145,194.98,195.04
2026-09-28T14:04:00Z,2026-09-28T14:05:00Z,195.03,195.045,194.86,194.875
2026-09-28T14:05:00Z,2026-09-28T14:06:00Z,194.88,194.885,194.69,194.705
2026-09-28T14:06:00Z,2026-09-28T14:07:00Z,194.7,194.825,194.61,194.8
2026-09-28T14:07:00Z,2026-09-28T14:08:00Z,194.805,194.83,194.655,194.735
2026-09-28T14:08:00Z,2026-09-28T14:09:00Z,194.73,194.74,194.605,194.635
2026-09-28T14:09:00Z,2026-09-28T14:10:00Z,194.63,194.725,194.56,194.58
2026-09-28T14:10:00Z,2026-09-28T14:11:00Z,194.57,194.57,194.375,194.395
2026-09-28T14:11:00Z,2026-09-28T14:12:00Z,194.39,194.425,194.265,194.35
2026-09-28T14:12:00Z,2026-09-28T14:13:00Z,194.365,194.37,194.195,194.23
2026-09-28T14:13:00Z,2026-09-28T14:14:00Z,194.225,194.32,194.17,194.26
2026-09-28T14:14:00Z,2026-09-28T14:15:00Z,194.265,194.265,194.06,194.185
2026-09-28T14:15:00Z,2026-09-28T14:16:00Z,194.18,194.435,194.175,194.35
2026-09-28T14:16:00Z,2026-09-28T14:17:00Z,194.36,194.43,194.31,194.415
2026-09-28T14:17:00Z,2026-09-28T14:18:00Z,194.42,194.49,194.36,194.49
2026-09-28T14:18:00Z,2026-09-28T14:19:00Z,194.5,194.58,194.47,194.55
2026-09-28T14:19:00Z,2026-09-28T14:20:00Z,194.555,194.615,194.545,194.56
2026-09-28T14:20:00Z,2026-09-28T14:21:00Z,194.55,194.665,194.415,194.64
2026-09-28T14:21:00Z,2026-09-28T14:22:00Z,194.635,194.675,194.48,194.54
2026-09-28T14:22:00Z,2026-09-28T14:23:00Z,194.545,194.8,194.545,194.79
2026-09-28T14:23:00Z,2026-09-28T14:24:00Z,194.78,194.78,194.675,194.7
2026-09-28T14:24:00Z,2026-09-28T14:25:00Z,194.695,194.7,194.62,194.67
2026-09-28T14:25:00Z,2026-09-28T14:26:00Z,194.665,194.71,194.52,194.525
2026-09-28T14:26:00Z,2026-09-28T14:27:00Z,194.53,194.565,194.415,194.48
2026-09-28T14:27:00Z,2026-09-28T14:28:00Z,194.49,194.515,194.42,194.46
2026-09-28T14:28:00Z,2026-09-28T14:29:00Z,194.455,194.485,194.39,194.435
2026-09-28T14:29:00Z,2026-09-28T14:30:00Z,194.43,194.44,194.22,194.29
2026-09-28T14:30:00Z,2026-09-28T14:31:00Z,194.285,194.31,194.215,194.255
2026-09-28T14:31:00Z,2026-09-28T14:32:00Z,194.25,194.27,194.185,194.24
2026-09-28T14:32:00Z,2026-09-28T14:33:00Z,194.235,194.375,194.195,194.37
2026-09-28T14:33:00Z,2026-09-28T14:34:00Z,194.38,194.465,194.315,194.36
2026-09-28T14:34:00Z,2026-09-28T14:35:00Z,194.355,194.38,194.31,194.32
2026-09-28T14:35:00Z,2026-09-28T14:36:00Z,194.325,194.355,194.21,194.23
2026-09-28T14:36:00Z,2026-09-28T14:37:00Z,194.235,194.275,194.15,194.17
2026-09-28T14:37:00Z,2026-09-28T14:38:00Z,194.16,194.205,193.95,193.955
2026-09-28T14:38:00Z,2026-09-28T14:39:00Z,193.94,193.96,193.79,193.855
2026-09-28T14:39:00Z,2026-09-28T14:40:00Z,193.85,193.94,193.83,193.865
2026-09-28T14:40:00Z,2026-09-28T14:41:00Z,193.87,193.98,193.84,193.89
2026-09-28T14:41:00Z,2026-09-28T14:42:00Z,193.895,193.93,193.775,193.895
2026-09-28T14:42:00Z,2026-09-28T14:43:00Z,193.89,193.9,193.735,193.77
2026-09-28T14:43:00Z,2026-09-28T14:44:00Z,193.775,193.775,193.49,193.5
2026-09-28T14:44:00Z,2026-09-28T14:45:00Z,193.495,193.5,193.3,193.345
2026-09-28T14:45:00Z,2026-09-28T14:46:00Z,193.34,193.37,193.05,193.12
2026-09-28T14:46:00Z,2026-09-28T14:47:00Z,193.13,193.19,192.99,193.035
2026-09-28T14:47:00Z,2026-09-28T14:48:00Z,193.03,193.04,192.765,192.8
2026-09-28T14:48:00Z,2026-09-28T14:49:00Z,192.79,192.86,192.665,192.835
2026-09-28T14:49:00Z,2026-09-28T14:50:00Z,192.82,192.945,192.815,192.89
2026-09-28T14:50:00Z,2026-09-28T14:51:00Z,192.885,193,192.87,192.98
2026-09-23T18:00:00Z,2026-09-23T18:01:00Z,195.25,195.255,195.195,195.23
2026-09-23T18:01:00Z,2026-09-23T18:02:00Z,195.225,195.25,195.145,195.17
2026-09-23T18:02:00Z,2026-09-23T18:03:00Z,195.175,195.18,195.105,195.125
2026-09-23T18:03:00Z,2026-09-23T18:04:00Z,195.125,195.13,195.005,195.01
2026-09-23T18:04:00Z,2026-09-23T18:05:00Z,195.025,195.025,194.915,194.93
2026-09-23T18:05:00Z,2026-09-23T18:06:00Z,194.92,195.005,194.91,195.005
2026-09-23T18:06:00Z,2026-09-23T18:07:00Z,195,195.08,194.995,195.03
2026-09-23T18:07:00Z,2026-09-23T18:08:00Z,195.02,195.045,195.005,195.04
2026-09-23T18:08:00Z,2026-09-23T18:09:00Z,195.03,195.08,195.02,195.045
2026-09-23T18:09:00Z,2026-09-23T18:10:00Z,195.04,195.045,194.97,194.975
2026-09-23T18:10:00Z,2026-09-23T18:11:00Z,194.98,195.05,194.975,194.98
2026-09-23T18:11:00Z,2026-09-23T18:12:00Z,194.975,195.04,194.975,195.01
2026-09-23T18:12:00Z,2026-09-23T18:13:00Z,195.02,195.035,194.975,195.035
2026-09-23T18:13:00Z,2026-09-23T18:14:00Z,195.03,195.035,194.99,195.005
2026-09-23T18:14:00Z,2026-09-23T18:15:00Z,195.01,195.055,194.98,195.055
2026-09-23T18:15:00Z,2026-09-23T18:16:00Z,195.06,195.11,195.02,195.1
2026-09-23T18:16:00Z,2026-09-23T18:17:00Z,195.105,195.16,195.1,195.115
2026-09-23T18:17:00Z,2026-09-23T18:18:00Z,195.115,195.165,195.11,195.16
2026-09-23T18:18:00Z,2026-09-23T18:19:00Z,195.16,195.235,195.15,195.23
2026-09-23T18:19:00Z,2026-09-23T18:20:00Z,195.23,195.245,195.165,195.175
2026-09-23T18:20:00Z,2026-09-23T18:21:00Z,195.17,195.2,195.155,195.17
2026-09-23T18:21:00Z,2026-09-23T18:22:00Z,195.16,195.17,195.09,195.11
2026-09-23T18:22:00Z,2026-09-23T18:23:00Z,195.11,195.15,195.11,195.15
2026-09-23T18:23:00Z,2026-09-23T18:24:00Z,195.14,195.18,195.095,195.16
2026-09-23T18:24:00Z,2026-09-23T18:25:00Z,195.155,195.205,195.155,195.205
2026-09-23T18:25:00Z,2026-09-23T18:26:00Z,195.2,195.23,195.16,195.165
2026-09-23T18:26:00Z,2026-09-23T18:27:00Z,195.17,195.205,195.16,195.17
2026-09-23T18:27:00Z,2026-09-23T18:28:00Z,195.175,195.245,195.17,195.2
2026-09-23T18:28:00Z,2026-09-23T18:29:00Z,195.21,195.22,195.17,195.195
2026-09-23T18:29:00Z,2026-09-23T18:30:00Z,195.21,195.225,195.16,195.2
2026-09-23T18:30:00Z,2026-09-23T18:31:00Z,195.19,195.205,195.125,195.13
2026-09-23T18:31:00Z,2026-09-23T18:32:00Z,195.135,195.14,195.08,195.11
2026-09-23T18:32:00Z,2026-09-23T18:33:00Z,195.11,195.13,195.08,195.13
2026-09-23T18:33:00Z,2026-09-23T18:34:00Z,195.14,195.145,195.085,195.095
2026-09-23T18:34:00Z,2026-09-23T18:35:00Z,195.095,195.14,195.06,195.115
2026-09-23T18:35:00Z,2026-09-23T18:36:00Z,195.12,195.16,195.115,195.14
2026-09-23T18:36:00Z,2026-09-23T18:37:00Z,195.135,195.175,195.125,195.135
2026-09-23T18:37:00Z,2026-09-23T18:38:00Z,195.135,195.135,195.06,195.06
2026-09-23T18:38:00Z,2026-09-23T18:39:00Z,195.06,195.07,194.995,195.05
2026-09-23T18:39:00Z,2026-09-23T18:40:00Z,195.045,195.065,195.03,195.04
2026-09-23T18:40:00Z,2026-09-23T18:41:00Z,195.045,195.115,195.045,195.1
2026-09-23T18:41:00Z,2026-09-23T18:42:00Z,195.095,195.095,195.02,195.03
2026-09-23T18:42:00Z,2026-09-23T18:43:00Z,195.025,195.09,195.025,195.07
2026-09-23T18:43:00Z,2026-09-23T18:44:00Z,195.075,195.145,195.075,195.13
2026-09-23T18:44:00Z,2026-09-23T18:45:00Z,195.135,195.135,195.08,195.095
2026-09-23T18:45:00Z,2026-09-23T18:46:00Z,195.09,195.115,195.085,195.105
2026-09-23T18:46:00Z,2026-09-23T18:47:00Z,195.1,195.11,195.075,195.085
2026-09-23T18:47:00Z,2026-09-23T18:48:00Z,195.085,195.115,195.075,195.08
2026-09-23T18:48:00Z,2026-09-23T18:49:00Z,195.075,195.155,195.045,195.15
2026-09-23T18:49:00Z,2026-09-23T18:50:00Z,195.155,195.2,195.145,195.195
2026-09-23T18:50:00Z,2026-09-23T18:51:00Z,195.19,195.245,195.175,195.18
2026-09-23T18:51:00Z,2026-09-23T18:52:00Z,195.185,195.225,195.175,195.215
2026-09-23T18:52:00Z,2026-09-23T18:53:00Z,195.22,195.22,195.135,195.155
2026-09-23T18:53:00Z,2026-09-23T18:54:00Z,195.15,195.18,195.135,195.18
2026-09-23T18:54:00Z,2026-09-23T18:55:00Z,195.175,195.175,195.115,195.14
2026-09-23T18:55:00Z,2026-09-23T18:56:00Z,195.135,195.215,195.12,195.215
2026-09-23T18:56:00Z,2026-09-23T18:57:00Z,195.22,195.25,195.215,195.23
2026-09-23T18:57:00Z,2026-09-23T18:58:00Z,195.235,195.24,195.19,195.235
2026-09-23T18:58:00Z,2026-09-23T18:59:00Z,195.245,195.255,195.225,195.24
2026-09-23T18:59:00Z,2026-09-23T19:00:00Z,195.245,195.275,195.215,195.225
2026-09-23T19:00:00Z,2026-09-23T19:01:00Z,195.215,195.215,195.135,195.19
2026-09-23T19:01:00Z,2026-09-23T19:02:00Z,195.185,195.24,195.18,195.19
2026-09-23T19:02:00Z,2026-09-23T19:03:00Z,195.195,195.195,195.13,195.135
2026-09-23T19:03:00Z,2026-09-23T19:04:00Z,195.14,195.165,195.01,195.01
2026-09-23T19:04:00Z,2026-09-23T19:05:00Z,195.015,195.07,195.01,195.025
2026-09-23T19:05:00Z,2026-09-23T19:06:00Z,195.025,195.075,195.005,195.065
2026-09-23T19:06:00Z,2026-09-23T19:07:00Z,195.065,195.19,195.04,195.185
2026-09-23T19:07:00Z,2026-09-23T19:08:00Z,195.18,195.325,195.175,195.26
2026-09-23T19:08:00Z,2026-09-23T19:09:00Z,195.27,195.28,195.245,195.26
2026-09-23T19:09:00Z,2026-09-23T19:10:00Z,195.265,195.275,195.13,195.15
2026-09-23T19:10:00Z,2026-09-23T19:11:00Z,195.15,195.195,195.14,195.155
2026-09-23T19:11:00Z,2026-09-23T19:12:00Z,195.155,195.17,195.105,195.11
2026-09-23T19:12:00Z,2026-09-23T19:13:00Z,195.12,195.13,195.025,195.03
2026-09-23T19:13:00Z,2026-09-23T19:14:00Z,195.035,195.065,194.985,195.065
2026-09-23T19:14:00Z,2026-09-23T19:15:00Z,195.065,195.09,195.055,195.07
2026-09-23T19:15:00Z,2026-09-23T19:16:00Z,195.07,195.1,194.96,194.96
2026-09-23T19:16:00Z,2026-09-23T19:17:00Z,194.965,194.975,194.92,194.95
2026-09-23T19:17:00Z,2026-09-23T19:18:00Z,194.94,195.01,194.92,195.01
2026-09-23T19:18:00Z,2026-09-23T19:19:00Z,195.015,195.06,195,195.05
2026-09-23T19:19:00Z,2026-09-23T19:20:00Z,195.05,195.08,195,195.03
2026-09-23T19:20:00Z,2026-09-23T19:21:00Z,195.025,195.03,194.975,194.995
2026-09-23T19:21:00Z,2026-09-23T19:22:00Z,194.995,195.05,194.98,195.035
2026-09-23T19:22:00Z,2026-09-23T19:23:00Z,195.04,195.045,194.99,194.99
2026-09-23T19:23:00Z,2026-09-23T19:24:00Z,195,195.04,195,195.02
2026-09-23T19:24:00Z,2026-09-23T19:25:00Z,195.02,195.065,194.995,195.06
2026-09-23T19:25:00Z,2026-09-23T19:26:00Z,195.055,195.115,195.035,195.035
2026-09-23T19:26:00Z,2026-09-23T19:27:00Z,195.045,195.07,195.01,195.02
2026-09-23T19:27:00Z,2026-09-23T19:28:00Z,195.02,195.095,195.01,195.065
2026-09-23T19:28:00Z,2026-09-23T19:29:00Z,195.07,195.095,195.04,195.055
2026-09-23T19:29:00Z,2026-09-23T19:30:00Z,195.05,195.075,195.02,195.055
2026-09-23T19:30:00Z,2026-09-23T19:31:00Z,195.06,195.12,195.025,195.08
2026-09-23T19:31:00Z,2026-09-23T19:32:00Z,195.075,195.08,195.045,195.065
2026-09-23T19:32:00Z,2026-09-23T19:33:00Z,195.07,195.125,195.055,195.115
2026-09-23T19:33:00Z,2026-09-23T19:34:00Z,195.12,195.17,195.095,195.16
2026-09-23T19:34:00Z,2026-09-23T19:35:00Z,195.16,195.22,195.155,195.2
2026-09-23T19:35:00Z,2026-09-23T19:36:00Z,195.195,195.22,195.14,195.22
2026-09-23T19:36:00Z,2026-09-23T19:37:00Z,195.215,195.25,195.205,195.23
2026-09-23T19:37:00Z,2026-09-23T19:38:00Z,195.225,195.265,195.16,195.265
2026-09-23T19:38:00Z,2026-09-23T19:39:00Z,195.26,195.26,195.195,195.2
2026-09-23T19:39:00Z,2026-09-23T19:40:00Z,195.205,195.28,195.2,195.265
2026-09-23T19:40:00Z,2026-09-23T19:41:00Z,195.27,195.335,195.26,195.275
2026-09-23T19:41:00Z,2026-09-23T19:42:00Z,195.275,195.28,195.195,195.2
2026-09-23T19:42:00Z,2026-09-23T19:43:00Z,195.195,195.195,195.065,195.065
2026-09-23T19:43:00Z,2026-09-23T19:44:00Z,195.07,195.08,195.015,195.075
2026-09-23T19:44:00Z,2026-09-23T19:45:00Z,195.08,195.115,195.025,195.1
2026-09-23T19:45:00Z,2026-09-23T19:46:00Z,195.105,195.145,195.08,195.145
2026-09-23T19:46:00Z,2026-09-23T19:47:00Z,195.16,195.165,195.095,195.16
2026-09-23T19:47:00Z,2026-09-23T19:48:00Z,195.16,195.265,195.155,195.265
2026-09-23T19:48:00Z,2026-09-23T19:49:00Z,195.275,195.275,195.225,195.26
2026-09-23T19:49:00Z,2026-09-23T19:50:00Z,195.275,195.28,195.225,195.265
2026-09-23T19:50:00Z,2026-09-23T19:51:00Z,195.27,195.27,194.965,195.025
2026-09-23T19:51:00Z,2026-09-23T19:52:00Z,195.03,195.065,194.895,194.9
2026-09-23T19:52:00Z,2026-09-23T19:53:00Z,194.91,194.915,194.81,194.85
2026-09-23T19:53:00Z,2026-09-23T19:54:00Z,194.855,194.985,194.845,194.985
2026-09-23T19:54:00Z,2026-09-23T19:55:00Z,194.98,195.02,194.855,194.86
2026-09-23T19:55:00Z,2026-09-23T19:56:00Z,194.92,195.165,194.92,195.07
2026-09-23T19:56:00Z,2026-09-23T19:57:00Z,195.085,195.085,194.99,195.065
2026-09-23T19:57:00Z,2026-09-23T19:58:00Z,195.06,195.23,195.045,195.185
2026-09-23T19:58:00Z,2026-09-23T19:59:00Z,195.18,195.235,195.165,195.215
2026-09-23T19:59:00Z,2026-09-23T20:00:00Z,195.2,195.385,195.12,195.32
2026-09-24T13:30:00Z,2026-09-24T13:31:00Z,193.095,193.095,192.695,192.82
2026-09-24T13:31:00Z,2026-09-24T13:32:00Z,192.83,192.87,192.63,192.865
2026-09-24T13:32:00Z,2026-09-24T13:33:00Z,192.87,193.02,192.64,192.65
2026-09-24T13:33:00Z,2026-09-24T13:34:00Z,192.675,192.925,192.61,192.76
2026-09-24T13:34:00Z,2026-09-24T13:35:00Z,192.755,193.02,192.73,192.95
2026-09-24T13:35:00Z,2026-09-24T13:36:00Z,192.95,193.185,192.875,193.145
2026-09-24T13:36:00Z,2026-09-24T13:37:00Z,193.14,193.285,193.105,193.125
2026-09-24T13:37:00Z,2026-09-24T13:38:00Z,193.135,193.225,192.95,193.215
2026-09-24T13:38:00Z,2026-09-24T13:39:00Z,193.195,193.5,193.18,193.435
2026-09-24T13:39:00Z,2026-09-24T13:40:00Z,193.435,193.445,193.335,193.385
2026-09-24T13:40:00Z,2026-09-24T13:41:00Z,193.375,193.375,193.22,193.345
2026-09-24T13:41:00Z,2026-09-24T13:42:00Z,193.355,193.365,193.04,193.055
2026-09-24T13:42:00Z,2026-09-24T13:43:00Z,193.06,193.295,193.05,193.15
2026-09-24T13:43:00Z,2026-09-24T13:44:00Z,193.155,193.25,193.125,193.235
2026-09-24T13:44:00Z,2026-09-24T13:45:00Z,193.23,193.395,193.225,193.38
2026-09-24T13:45:00Z,2026-09-24T13:46:00Z,193.4,193.54,193.305,193.48
2026-09-24T13:46:00Z,2026-09-24T13:47:00Z,193.47,193.535,193.375,193.52
2026-09-24T13:47:00Z,2026-09-24T13:48:00Z,193.51,193.685,193.485,193.655
2026-09-24T13:48:00Z,2026-09-24T13:49:00Z,193.66,193.67,193.405,193.44
2026-09-24T13:49:00Z,2026-09-24T13:50:00Z,193.455,193.475,193.255,193.325
2026-09-24T13:50:00Z,2026-09-24T13:51:00Z,193.34,193.42,193.25,193.365
2026-09-24T13:51:00Z,2026-09-24T13:52:00Z,193.37,193.485,193.275,193.28
2026-09-24T13:52:00Z,2026-09-24T13:53:00Z,193.285,193.44,193.26,193.31
2026-09-24T13:53:00Z,2026-09-24T13:54:00Z,193.305,193.35,193.18,193.185
2026-09-24T13:54:00Z,2026-09-24T13:55:00Z,193.18,193.21,192.915,192.98
2026-09-24T13:55:00Z,2026-09-24T13:56:00Z,192.985,193.15,192.965,193.05
2026-09-24T13:56:00Z,2026-09-24T13:57:00Z,193.055,193.145,192.92,193.07
2026-09-24T13:57:00Z,2026-09-24T13:58:00Z,193.065,193.15,193.03,193.09
2026-09-24T13:58:00Z,2026-09-24T13:59:00Z,193.095,193.185,193.05,193.155
2026-09-24T13:59:00Z,2026-09-24T14:00:00Z,193.145,193.32,193.13,193.305
2026-09-24T14:00:00Z,2026-09-24T14:01:00Z,193.31,193.57,193.235,193.47
2026-09-24T14:01:00Z,2026-09-24T14:02:00Z,193.465,193.59,193.31,193.32
2026-09-24T14:02:00Z,2026-09-24T14:03:00Z,193.31,193.415,193.305,193.36
2026-09-24T14:03:00Z,2026-09-24T14:04:00Z,193.37,193.46,193.335,193.46
2026-09-24T14:04:00Z,2026-09-24T14:05:00Z,193.455,193.59,193.455,193.575
2026-09-24T14:05:00Z,2026-09-24T14:06:00Z,193.58,193.59,193.505,193.56
2026-09-24T14:06:00Z,2026-09-24T14:07:00Z,193.55,193.555,193.405,193.45
2026-09-24T14:07:00Z,2026-09-24T14:08:00Z,193.455,193.58,193.41,193.56
2026-09-24T14:08:00Z,2026-09-24T14:09:00Z,193.565,193.58,193.34,193.37
2026-09-24T14:09:00Z,2026-09-24T14:10:00Z,193.365,193.43,193.325,193.325
2026-09-24T14:10:00Z,2026-09-24T14:11:00Z,193.335,193.345,193.195,193.33
2026-09-24T14:11:00Z,2026-09-24T14:12:00Z,193.325,193.325,193.13,193.14
2026-09-24T14:12:00Z,2026-09-24T14:13:00Z,193.135,193.18,193.07,193.1
2026-09-24T14:13:00Z,2026-09-24T14:14:00Z,193.105,193.255,193.085,193.24
2026-09-24T14:14:00Z,2026-09-24T14:15:00Z,193.24,193.28,193.19,193.26
2026-09-24T14:15:00Z,2026-09-24T14:16:00Z,193.27,193.41,193.19,193.2
2026-09-24T14:16:00Z,2026-09-24T14:17:00Z,193.195,193.245,193.14,193.24
2026-09-24T14:17:00Z,2026-09-24T14:18:00Z,193.24,193.295,193.095,193.2
2026-09-24T14:18:00Z,2026-09-24T14:19:00Z,193.21,193.36,193.18,193.3
2026-09-24T14:19:00Z,2026-09-24T14:20:00Z,193.305,193.36,193.25,193.285
2026-09-24T14:20:00Z,2026-09-24T14:21:00Z,193.28,193.335,193.225,193.305
2026-09-24T14:21:00Z,2026-09-24T14:22:00Z,193.3,193.33,193.235,193.25
2026-09-24T14:22:00Z,2026-09-24T14:23:00Z,193.26,193.32,193.215,193.32
2026-09-24T14:23:00Z,2026-09-24T14:24:00Z,193.325,193.465,193.32,193.42
2026-09-24T14:24:00Z,2026-09-24T14:25:00Z,193.43,193.485,193.28,193.305
2026-09-24T14:25:00Z,2026-09-24T14:26:00Z,193.3,193.395,193.27,193.38
2026-09-24T14:26:00Z,2026-09-24T14:27:00Z,193.385,193.465,193.385,193.395
2026-09-24T14:27:00Z,2026-09-24T14:28:00Z,193.4,193.595,193.365,193.59
2026-09-24T14:28:00Z,2026-09-24T14:29:00Z,193.58,193.61,193.5,193.585
2026-09-24T14:29:00Z,2026-09-24T14:30:00Z,193.58,193.625,193.535,193.625
2026-09-24T14:30:00Z,2026-09-24T14:31:00Z,193.63,193.645,193.435,193.485
2026-09-24T14:31:00Z,2026-09-24T14:32:00Z,193.48,193.555,193.475,193.52
2026-09-24T14:32:00Z,2026-09-24T14:33:00Z,193.525,193.61,193.485,193.53
2026-09-24T14:33:00Z,2026-09-24T14:34:00Z,193.54,193.625,193.49,193.59
2026-09-24T14:34:00Z,2026-09-24T14:35:00Z,193.595,193.64,193.54,193.61
2026-09-24T14:35:00Z,2026-09-24T14:36:00Z,193.6,193.69,193.55,193.66
2026-09-24T14:36:00Z,2026-09-24T14:37:00Z,193.655,193.67,193.47,193.51
2026-09-24T14:37:00Z,2026-09-24T14:38:00Z,193.515,193.55,193.485,193.5
2026-09-24T14:38:00Z,2026-09-24T14:39:00Z,193.51,193.525,193.41,193.415
2026-09-24T14:39:00Z,2026-09-24T14:40:00Z,193.42,193.51,193.36,193.455
2026-09-24T14:40:00Z,2026-09-24T14:41:00Z,193.45,193.49,193.43,193.455
2026-09-24T14:41:00Z,2026-09-24T14:42:00Z,193.465,193.475,193.4,193.445
2026-09-24T14:42:00Z,2026-09-24T14:43:00Z,193.44,193.585,193.435,193.49
2026-09-24T14:43:00Z,2026-09-24T14:44:00Z,193.5,193.5,193.39,193.395
2026-09-24T14:44:00Z,2026-09-24T14:45:00Z,193.395,193.405,193.275,193.34
2026-09-24T14:45:00Z,2026-09-24T14:46:00Z,193.34,193.39,193.33,193.345
2026-09-24T14:46:00Z,2026-09-24T14:47:00Z,193.34,193.45,193.29,193.445
2026-09-24T14:47:00Z,2026-09-24T14:48:00Z,193.45,193.58,193.43,193.555
2026-09-24T14:48:00Z,2026-09-24T14:49:00Z,193.56,193.57,193.44,193.44
2026-09-24T14:49:00Z,2026-09-24T14:50:00Z,193.445,193.49,193.4,193.43
2026-09-24T14:50:00Z,2026-09-24T14:51:00Z,193.435,193.54,193.37,193.37
2026-09-24T14:51:00Z,2026-09-24T14:52:00Z,193.365,193.385,193.285,193.3
2026-09-24T14:52:00Z,2026-09-24T14:53:00Z,193.295,193.33,193.18,193.205
2026-09-24T14:53:00Z,2026-09-24T14:54:00Z,193.2,193.2,193.09,193.19
2026-09-24T14:54:00Z,2026-09-24T14:55:00Z,193.195,193.24,193.165,193.195
2026-09-24T14:55:00Z,2026-09-24T14:56:00Z,193.2,193.2,193.045,193.065
2026-09-24T14:56:00Z,2026-09-24T14:57:00Z,193.07,193.11,193.05,193.09
2026-09-24T14:57:00Z,2026-09-24T14:58:00Z,193.095,193.105,193.01,193.06
2026-09-24T14:58:00Z,2026-09-24T14:59:00Z,193.055,193.075,192.98,193.02
2026-09-24T14:59:00Z,2026-09-24T15:00:00Z,193.02,193.04,192.945,193.04
2026-09-24T15:00:00Z,2026-09-24T15:01:00Z,193.035,193.135,193.035,193.075
2026-09-24T15:01:00Z,2026-09-24T15:02:00Z,193.08,193.125,193.055,193.08
2026-09-24T15:02:00Z,2026-09-24T15:03:00Z,193.085,193.26,193.06,193.175
2026-09-24T15:03:00Z,2026-09-24T15:04:00Z,193.17,193.245,193.11,193.22
2026-09-24T15:04:00Z,2026-09-24T15:05:00Z,193.225,193.3,193.17,193.2
2026-09-24T15:05:00Z,2026-09-24T15:06:00Z,193.195,193.225,193.12,193.135
2026-09-24T15:06:00Z,2026-09-24T15:07:00Z,193.13,193.17,193.015,193.04
2026-09-24T15:07:00Z,2026-09-24T15:08:00Z,193.03,193.035,192.95,192.97
2026-09-24T15:08:00Z,2026-09-24T15:09:00Z,192.975,193.095,192.97,193.06
2026-09-24T15:09:00Z,2026-09-24T15:10:00Z,193.065,193.065,192.93,192.95
2026-09-24T15:10:00Z,2026-09-24T15:11:00Z,192.94,193.02,192.935,193.01
2026-09-24T15:11:00Z,2026-09-24T15:12:00Z,193.005,193.01,192.965,192.985
2026-09-24T15:12:00Z,2026-09-24T15:13:00Z,192.98,193.06,192.925,192.94
2026-09-24T15:13:00Z,2026-09-24T15:14:00Z,192.94,192.95,192.83,192.9
2026-09-24T15:14:00Z,2026-09-24T15:15:00Z,192.905,192.95,192.82,192.86
2026-09-24T15:15:00Z,2026-09-24T15:16:00Z,192.85,192.96,192.82,192.93
2026-09-24T15:16:00Z,2026-09-24T15:17:00Z,192.935,193.11,192.915,193.025
2026-09-24T15:17:00Z,2026-09-24T15:18:00Z,193.035,193.12,192.99,193.075
2026-09-24T15:18:00Z,2026-09-24T15:19:00Z,193.075,193.08,192.92,192.96
2026-09-24T15:19:00Z,2026-09-24T15:20:00Z,192.97,192.97,192.88,192.935
2026-09-24T15:20:00Z,2026-09-24T15:21:00Z,192.94,192.95,192.87,192.92
2026-09-24T15:21:00Z,2026-09-24T15:22:00Z,192.915,193.025,192.895,193.02
2026-09-24T15:22:00Z,2026-09-24T15:23:00Z,193.015,193.065,192.965,193.045
2026-09-24T15:23:00Z,2026-09-24T15:24:00Z,193.055,193.13,193.005,193.12
2026-09-24T15:24:00Z,2026-09-24T15:25:00Z,193.125,193.235,193.115,193.22
2026-09-24T15:25:00Z,2026-09-24T15:26:00Z,193.215,193.22,193.05,193.08
2026-09-24T15:26:00Z,2026-09-24T15:27:00Z,193.08,193.1,193.03,193.045
2026-09-24T15:27:00Z,2026-09-24T15:28:00Z,193.05,193.055,193.005,193.05
2026-09-24T15:28:00Z,2026-09-24T15:29:00Z,193.04,193.05,192.96,192.97
2026-09-24T15:29:00Z,2026-09-24T15:30:00Z,192.97,193.02,192.955,193
2026-09-24T15:30:00Z,2026-09-24T15:31:00Z,193.005,193.05,192.945,192.955
2026-09-24T15:31:00Z,2026-09-24T15:32:00Z,192.95,193.03,192.94,192.995
2026-09-24T15:32:00Z,2026-09-24T15:33:00Z,193,193.055,192.935,193.05
2026-09-24T15:33:00Z,2026-09-24T15:34:00Z,193.055,193.075,193.01,193.05
2026-09-24T15:34:00Z,2026-09-24T15:35:00Z,193.045,193.11,193.03,193.08
2026-09-24T15:35:00Z,2026-09-24T15:36:00Z,193.075,193.165,193.03,193.1
2026-09-24T15:36:00Z,2026-09-24T15:37:00Z,193.11,193.165,193.09,193.14
2026-09-24T15:37:00Z,2026-09-24T15:38:00Z,193.135,193.175,193.135,193.16
2026-09-24T15:38:00Z,2026-09-24T15:39:00Z,193.155,193.17,193.09,193.095
2026-09-24T15:39:00Z,2026-09-24T15:40:00Z,193.08,193.1,192.98,193.03
2026-09-24T15:40:00Z,2026-09-24T15:41:00Z,193.04,193.11,193.02,193.02
2026-09-24T15:41:00Z,2026-09-24T15:42:00Z,193.015,193.09,193.015,193.07
2026-09-24T15:42:00Z,2026-09-24T15:43:00Z,193.07,193.08,192.965,193
2026-09-24T15:43:00Z,2026-09-24T15:44:00Z,192.995,193.1,192.99,193.1
2026-09-24T15:44:00Z,2026-09-24T15:45:00Z,193.095,193.2,193.09,193.18
2026-09-24T15:45:00Z,2026-09-24T15:46:00Z,193.185,193.28,193.185,193.25
2026-09-24T15:46:00Z,2026-09-24T15:47:00Z,193.255,193.255,193.195,193.195
2026-09-24T15:47:00Z,2026-09-24T15:48:00Z,193.2,193.255,193.14,193.155
2026-09-24T15:48:00Z,2026-09-24T15:49:00Z,193.15,193.165,193.05,193.055
2026-09-24T15:49:00Z,2026-09-24T15:50:00Z,193.05,193.085,193.005,193.06
2026-09-24T15:50:00Z,2026-09-24T15:51:00Z,193.06,193.275,193.05,193.27
2026-09-24T15:51:00Z,2026-09-24T15:52:00Z,193.275,193.31,193.245,193.3
2026-09-24T15:52:00Z,2026-09-24T15:53:00Z,193.29,193.375,193.285,193.36
2026-09-24T15:53:00Z,2026-09-24T15:54:00Z,193.36,193.435,193.35,193.37
2026-09-24T15:54:00Z,2026-09-24T15:55:00Z,193.375,193.435,193.335,193.435
2026-09-24T15:55:00Z,2026-09-24T15:56:00Z,193.43,193.47,193.38,193.38
2026-09-24T15:56:00Z,2026-09-24T15:57:00Z,193.37,193.39,193.29,193.35
2026-09-24T15:57:00Z,2026-09-24T15:58:00Z,193.35,193.35,193.29,193.325
2026-09-24T15:58:00Z,2026-09-24T15:59:00Z,193.325,193.38,193.305,193.37
2026-09-24T15:59:00Z,2026-09-24T16:00:00Z,193.375,193.4,193.305,193.31
2026-09-24T16:00:00Z,2026-09-24T16:01:00Z,193.3,193.33,193.125,193.14
2026-09-24T16:01:00Z,2026-09-24T16:02:00Z,193.135,193.195,193.09,193.14
2026-09-24T16:02:00Z,2026-09-24T16:03:00Z,193.145,193.2,193.105,193.17
2026-09-24T16:03:00Z,2026-09-24T16:04:00Z,193.17,193.18,193.1,193.155
2026-09-24T16:04:00Z,2026-09-24T16:05:00Z,193.16,193.24,193.125,193.235
2026-09-24T16:05:00Z,2026-09-24T16:06:00Z,193.24,193.255,193.185,193.25
2026-09-24T16:06:00Z,2026-09-24T16:07:00Z,193.245,193.245,193.12,193.16
2026-09-24T16:07:00Z,2026-09-24T16:08:00Z,193.16,193.17,193.055,193.11
2026-09-24T16:08:00Z,2026-09-24T16:09:00Z,193.105,193.12,193.07,193.115
2026-09-24T16:09:00Z,2026-09-24T16:10:00Z,193.1,193.15,193.095,193.145
2026-09-24T16:10:00Z,2026-09-24T16:11:00Z,193.145,193.19,193.14,193.16
2026-09-24T16:11:00Z,2026-09-24T16:12:00Z,193.16,193.16,193.045,193.055
2026-09-24T16:12:00Z,2026-09-24T16:13:00Z,193.05,193.14,193.05,193.08
2026-09-24T16:13:00Z,2026-09-24T16:14:00Z,193.08,193.195,193.065,193.195
2026-09-24T16:14:00Z,2026-09-24T16:15:00Z,193.195,193.33,193.18,193.33
2026-09-24T16:15:00Z,2026-09-24T16:16:00Z,193.35,193.89,193.35,193.82
2026-09-24T16:16:00Z,2026-09-24T16:17:00Z,193.84,194.41,193.785,194.325
2026-09-24T16:17:00Z,2026-09-24T16:18:00Z,194.315,194.49,194.245,194.415
2026-09-24T16:18:00Z,2026-09-24T16:19:00Z,194.42,194.655,194.285,194.305
2026-09-24T16:19:00Z,2026-09-24T16:20:00Z,194.3,194.4,194.11,194.25
2026-09-24T16:20:00Z,2026-09-24T16:21:00Z,194.26,194.43,194.21,194.335
2026-09-24T16:21:00Z,2026-09-24T16:22:00Z,194.34,194.345,194.085,194.11
2026-09-24T16:22:00Z,2026-09-24T16:23:00Z,194.125,194.375,194.115,194.355
2026-09-24T16:23:00Z,2026-09-24T16:24:00Z,194.35,194.4,194.23,194.25
2026-09-24T16:24:00Z,2026-09-24T16:25:00Z,194.255,194.32,194.18,194.28
2026-09-24T16:25:00Z,2026-09-24T16:26:00Z,194.285,194.35,194.005,194.03
2026-09-24T16:26:00Z,2026-09-24T16:27:00Z,194.035,194.19,194.03,194.14
2026-09-24T16:27:00Z,2026-09-24T16:28:00Z,194.135,194.26,194.01,194.25
2026-09-24T16:28:00Z,2026-09-24T16:29:00Z,194.235,194.365,194.23,194.32
2026-09-24T16:29:00Z,2026-09-24T16:30:00Z,194.315,194.33,194.26,194.28
2026-09-24T16:30:00Z,2026-09-24T16:31:00Z,194.285,194.31,194.195,194.26
2026-09-24T16:31:00Z,2026-09-24T16:32:00Z,194.265,194.355,194.18,194.18
2026-09-24T16:32:00Z,2026-09-24T16:33:00Z,194.175,194.195,194.1,194.155
2026-09-24T16:33:00Z,2026-09-24T16:34:00Z,194.15,194.24,194.125,194.23
2026-09-24T16:34:00Z,2026-09-24T16:35:00Z,194.225,194.23,194.13,194.22
2026-09-24T16:35:00Z,2026-09-24T16:36:00Z,194.225,194.355,194.195,194.335
2026-09-24T16:36:00Z,2026-09-24T16:37:00Z,194.34,194.565,194.34,194.56
2026-09-24T16:37:00Z,2026-09-24T16:38:00Z,194.565,194.665,194.565,194.58
2026-09-24T16:38:00Z,2026-09-24T16:39:00Z,194.575,194.64,194.555,194.6
2026-09-24T16:39:00Z,2026-09-24T16:40:00Z,194.605,194.65,194.585,194.635
2026-09-24T16:40:00Z,2026-09-24T16:41:00Z,194.625,194.815,194.575,194.815
2026-09-24T16:41:00Z,2026-09-24T16:42:00Z,194.815,194.98,194.815,194.98
2026-09-24T16:42:00Z,2026-09-24T16:43:00Z,194.985,195.16,194.985,195.145
2026-09-24T16:43:00Z,2026-09-24T16:44:00Z,195.15,195.16,195,195.03
2026-09-24T16:44:00Z,2026-09-24T16:45:00Z,195.04,195.08,194.685,194.69
2026-09-24T16:45:00Z,2026-09-24T16:46:00Z,194.7,194.73,194.525,194.63
2026-09-24T16:46:00Z,2026-09-24T16:47:00Z,194.635,194.74,194.605,194.7
2026-09-24T16:47:00Z,2026-09-24T16:48:00Z,194.71,194.725,194.61,194.675
2026-09-24T16:48:00Z,2026-09-24T16:49:00Z,194.68,194.945,194.68,194.915
2026-09-24T16:49:00Z,2026-09-24T16:50:00Z,194.92,195.015,194.84,194.975
2026-09-24T16:50:00Z,2026-09-24T16:51:00Z,194.98,195.015,194.915,194.95
2026-09-24T16:51:00Z,2026-09-24T16:52:00Z,194.96,195.125,194.955,195.03
2026-09-24T16:52:00Z,2026-09-24T16:53:00Z,195.035,195.055,194.79,194.815
2026-09-24T16:53:00Z,2026-09-24T16:54:00Z,194.82,194.85,194.71,194.75
2026-09-24T16:54:00Z,2026-09-24T16:55:00Z,194.74,194.89,194.72,194.81
2026-09-24T16:55:00Z,2026-09-24T16:56:00Z,194.815,194.9,194.78,194.83
2026-09-24T16:56:00Z,2026-09-24T16:57:00Z,194.825,195.02,194.8,195.02
2026-09-24T16:57:00Z,2026-09-24T16:58:00Z,195.015,195.13,194.99,194.995
2026-09-24T16:58:00Z,2026-09-24T16:59:00Z,194.98,195.05,194.97,195.02
2026-09-24T16:59:00Z,2026-09-24T17:00:00Z,195.02,195.025,194.97,195.005
2026-09-24T17:00:00Z,2026-09-24T17:01:00Z,194.995,194.995,194.815,194.87
2026-09-24T17:01:00Z,2026-09-24T17:02:00Z,194.875,195.045,194.855,194.97
2026-09-24T17:02:00Z,2026-09-24T17:03:00Z,194.975,194.98,194.785,194.96
2026-09-24T17:03:00Z,2026-09-24T17:04:00Z,194.965,195.17,194.96,195.11
2026-09-24T17:04:00Z,2026-09-24T17:05:00Z,195.12,195.13,194.96,195.11
2026-09-24T17:05:00Z,2026-09-24T17:06:00Z,195.115,195.22,195.05,195.055
2026-09-24T17:06:00Z,2026-09-24T17:07:00Z,195.06,195.12,195.02,195.04
2026-09-24T17:07:00Z,2026-09-24T17:08:00Z,195.03,195.12,194.995,195
2026-09-24T17:08:00Z,2026-09-24T17:09:00Z,194.995,195.075,194.94,195.07
2026-09-24T17:09:00Z,2026-09-24T17:10:00Z,195.08,195.08,194.95,194.95
2026-09-24T17:10:00Z,2026-09-24T17:11:00Z,194.95,194.955,194.755,194.82
2026-09-24T17:11:00Z,2026-09-24T17:12:00Z,194.83,194.85,194.735,194.82
2026-09-24T17:12:00Z,2026-09-24T17:13:00Z,194.81,194.84,194.745,194.76
2026-09-24T17:13:00Z,2026-09-24T17:14:00Z,194.755,194.85,194.69,194.85
2026-09-24T17:14:00Z,2026-09-24T17:15:00Z,194.855,194.93,194.845,194.9
2026-09-24T17:15:00Z,2026-09-24T17:16:00Z,194.91,194.93,194.74,194.77
2026-09-24T17:16:00Z,2026-09-24T17:17:00Z,194.78,194.855,194.755,194.775
2026-09-24T17:17:00Z,2026-09-24T17:18:00Z,194.77,194.86,194.75,194.75
2026-09-24T17:18:00Z,2026-09-24T17:19:00Z,194.775,194.945,194.75,194.9
2026-09-24T17:19:00Z,2026-09-24T17:20:00Z,194.895,194.9,194.66,194.665
2026-09-24T17:20:00Z,2026-09-24T17:21:00Z,194.655,194.675,194.555,194.66
2026-09-24T17:21:00Z,2026-09-24T17:22:00Z,194.665,194.72,194.605,194.64
2026-09-24T17:22:00Z,2026-09-24T17:23:00Z,194.645,194.745,194.63,194.7
2026-09-24T17:23:00Z,2026-09-24T17:24:00Z,194.69,194.72,194.645,194.68
2026-09-24T17:24:00Z,2026-09-24T17:25:00Z,194.675,194.745,194.555,194.58
2026-09-24T17:25:00Z,2026-09-24T17:26:00Z,194.575,194.61,194.455,194.46
2026-09-24T17:26:00Z,2026-09-24T17:27:00Z,194.465,194.505,194.325,194.38
2026-09-24T17:27:00Z,2026-09-24T17:28:00Z,194.375,194.455,194.36,194.43
2026-09-24T17:28:00Z,2026-09-24T17:29:00Z,194.445,194.57,194.435,194.55
2026-09-24T17:29:00Z,2026-09-24T17:30:00Z,194.545,194.57,194.52,194.555
2026-09-24T17:30:00Z,2026-09-24T17:31:00Z,194.55,194.68,194.54,194.655
2026-09-24T17:31:00Z,2026-09-24T17:32:00Z,194.66,194.725,194.625,194.64
2026-09-24T17:32:00Z,2026-09-24T17:33:00Z,194.635,194.685,194.595,194.64
2026-09-24T17:33:00Z,2026-09-24T17:34:00Z,194.635,194.64,194.53,194.56
2026-09-24T17:34:00Z,2026-09-24T17:35:00Z,194.56,194.56,194.39,194.39
2026-09-24T17:35:00Z,2026-09-24T17:36:00Z,194.385,194.465,194.365,194.4
2026-09-24T17:36:00Z,2026-09-24T17:37:00Z,194.395,194.46,194.375,194.41
2026-09-24T17:37:00Z,2026-09-24T17:38:00Z,194.415,194.43,194.33,194.34
2026-09-24T17:38:00Z,2026-09-24T17:39:00Z,194.34,194.36,194.25,194.33
2026-09-24T17:39:00Z,2026-09-24T17:40:00Z,194.345,194.425,194.345,194.38
2026-09-24T17:40:00Z,2026-09-24T17:41:00Z,194.375,194.445,194.365,194.4
2026-09-24T17:41:00Z,2026-09-24T17:42:00Z,194.405,194.425,194.315,194.34
2026-09-24T17:42:00Z,2026-09-24T17:43:00Z,194.33,194.455,194.33,194.335
2026-09-24T17:43:00Z,2026-09-24T17:44:00Z,194.34,194.345,194.08,194.12
2026-09-24T17:44:00Z,2026-09-24T17:45:00Z,194.115,194.165,194.05,194.06
2026-09-24T17:45:00Z,2026-09-24T17:46:00Z,194.065,194.125,194.01,194.11
2026-09-24T17:46:00Z,2026-09-24T17:47:00Z,194.115,194.215,194.1,194.185
2026-09-24T17:47:00Z,2026-09-24T17:48:00Z,194.19,194.28,194.17,194.28
2026-09-24T17:48:00Z,2026-09-24T17:49:00Z,194.27,194.295,194.195,194.225
2026-09-24T17:49:00Z,2026-09-24T17:50:00Z,194.21,194.315,194.205,194.29
2026-09-24T17:50:00Z,2026-09-24T17:51:00Z,194.28,194.31,194.23,194.24
2026-09-24T17:51:00Z,2026-09-24T17:52:00Z,194.245,194.285,194.2,194.21
2026-09-24T17:52:00Z,2026-09-24T17:53:00Z,194.22,194.28,194.135,194.175
2026-09-24T17:53:00Z,2026-09-24T17:54:00Z,194.18,194.235,194.125,194.13
2026-09-24T17:54:00Z,2026-09-24T17:55:00Z,194.135,194.145,194.04,194.11
2026-09-24T17:55:00Z,2026-09-24T17:56:00Z,194.115,194.14,194.045,194.045
2026-09-24T17:56:00Z,2026-09-24T17:57:00Z,194.04,194.26,194.035,194.22
2026-09-24T17:57:00Z,2026-09-24T17:58:00Z,194.215,194.215,194.135,194.16
2026-09-24T17:58:00Z,2026-09-24T17:59:00Z,194.17,194.17,194.095,194.14
2026-09-24T17:59:00Z,2026-09-24T18:00:00Z,194.14,194.22,194.14,194.17
2026-09-24T18:00:00Z,2026-09-24T18:01:00Z,194.17,194.17,194.06,194.065
2026-09-24T18:01:00Z,2026-09-24T18:02:00Z,194.075,194.085,193.845,193.925
2026-09-24T18:02:00Z,2026-09-24T18:03:00Z,193.92,193.93,193.82,193.83
2026-09-24T18:03:00Z,2026-09-24T18:04:00Z,193.835,193.835,193.625,193.685
2026-09-24T18:04:00Z,2026-09-24T18:05:00Z,193.68,193.725,193.58,193.61
2026-09-24T18:05:00Z,2026-09-24T18:06:00Z,193.605,193.665,193.57,193.63
2026-09-24T18:06:00Z,2026-09-24T18:07:00Z,193.635,193.82,193.575,193.78
2026-09-24T18:07:00Z,2026-09-24T18:08:00Z,193.77,193.85,193.705,193.77
2026-09-24T18:08:00Z,2026-09-24T18:09:00Z,193.775,194.01,193.775,193.91
2026-09-24T18:09:00Z,2026-09-24T18:10:00Z,193.92,194.01,193.915,193.955
2026-09-24T18:10:00Z,2026-09-24T18:11:00Z,193.97,194.03,193.935,193.97
2026-09-24T18:11:00Z,2026-09-24T18:12:00Z,193.96,194.13,193.96,194.05
2026-09-24T18:12:00Z,2026-09-24T18:13:00Z,194.06,194.07,193.965,193.975
2026-09-24T18:13:00Z,2026-09-24T18:14:00Z,193.97,194.02,193.95,193.975
2026-09-24T18:14:00Z,2026-09-24T18:15:00Z,193.98,194.065,193.975,194.055
2026-09-24T18:15:00Z,2026-09-24T18:16:00Z,194.055,194.105,194.025,194.09
2026-09-24T18:16:00Z,2026-09-24T18:17:00Z,194.08,194.22,194.08,194.15
2026-09-24T18:17:00Z,2026-09-24T18:18:00Z,194.165,194.265,194.15,194.245
2026-09-24T18:18:00Z,2026-09-24T18:19:00Z,194.25,194.305,194.165,194.19
2026-09-24T18:19:00Z,2026-09-24T18:20:00Z,194.17,194.225,194.155,194.215
2026-09-24T18:20:00Z,2026-09-24T18:21:00Z,194.21,194.25,194.095,194.115
2026-09-24T18:21:00Z,2026-09-24T18:22:00Z,194.115,194.21,194.115,194.19
2026-09-24T18:22:00Z,2026-09-24T18:23:00Z,194.19,194.25,194.19,194.22
2026-09-24T18:23:00Z,2026-09-24T18:24:00Z,194.22,194.335,194.205,194.315
2026-09-24T18:24:00Z,2026-09-24T18:25:00Z,194.31,194.33,194.28,194.305
2026-09-24T18:25:00Z,2026-09-24T18:26:00Z,194.3,194.5,194.295,194.37
2026-09-24T18:26:00Z,2026-09-24T18:27:00Z,194.38,194.535,194.38,194.49
2026-09-24T18:27:00Z,2026-09-24T18:28:00Z,194.485,194.5,194.42,194.455
2026-09-24T18:28:00Z,2026-09-24T18:29:00Z,194.45,194.51,194.415,194.46
2026-09-24T18:29:00Z,2026-09-24T18:30:00Z,194.45,194.49,194.42,194.46
2026-09-24T18:30:00Z,2026-09-24T18:31:00Z,194.455,194.52,194.435,194.46
2026-09-24T18:31:00Z,2026-09-24T18:32:00Z,194.47,194.47,194.34,194.43
2026-09-24T18:32:00Z,2026-09-24T18:33:00Z,194.425,194.43,194.315,194.36
2026-09-24T18:33:00Z,2026-09-24T18:34:00Z,194.365,194.425,194.365,194.385
2026-09-24T18:34:00Z,2026-09-24T18:35:00Z,194.39,194.43,194.325,194.335
2026-09-24T18:35:00Z,2026-09-24T18:36:00Z,194.33,194.36,194.23,194.275
2026-09-24T18:36:00Z,2026-09-24T18:37:00Z,194.27,194.37,194.255,194.33
2026-09-24T18:37:00Z,2026-09-24T18:38:00Z,194.32,194.38,194.305,194.33
2026-09-24T18:38:00Z,2026-09-24T18:39:00Z,194.335,194.605,194.31,194.58
2026-09-24T18:39:00Z,2026-09-24T18:40:00Z,194.59,194.76,194.5,194.54
2026-09-24T18:40:00Z,2026-09-24T18:41:00Z,194.535,194.535,194.39,194.44
2026-09-24T18:41:00Z,2026-09-24T18:42:00Z,194.445,194.47,194.39,194.45
2026-09-24T18:42:00Z,2026-09-24T18:43:00Z,194.455,194.5,194.37,194.425
2026-09-24T18:43:00Z,2026-09-24T18:44:00Z,194.43,194.45,194.35,194.45
2026-09-24T18:44:00Z,2026-09-24T18:45:00Z,194.44,194.515,194.43,194.495
2026-09-24T18:45:00Z,2026-09-24T18:46:00Z,194.49,194.62,194.49,194.575
2026-09-24T18:46:00Z,2026-09-24T18:47:00Z,194.58,194.625,194.555,194.615
2026-09-24T18:47:00Z,2026-09-24T18:48:00Z,194.61,194.635,194.59,194.615
2026-09-24T18:48:00Z,2026-09-24T18:49:00Z,194.61,194.675,194.6,194.66
2026-09-24T18:49:00Z,2026-09-24T18:50:00Z,194.655,194.66,194.6,194.64
2026-09-24T18:50:00Z,2026-09-24T18:51:00Z,194.645,194.81,194.62,194.765
2026-09-24T18:51:00Z,2026-09-24T18:52:00Z,194.77,194.77,194.675,194.745
2026-09-24T18:52:00Z,2026-09-24T18:53:00Z,194.75,194.88,194.75,194.845
2026-09-24T18:53:00Z,2026-09-24T18:54:00Z,194.85,194.85,194.79,194.82
2026-09-24T18:54:00Z,2026-09-24T18:55:00Z,194.805,194.83,194.785,194.81
2026-09-24T18:55:00Z,2026-09-24T18:56:00Z,194.815,194.905,194.805,194.89
2026-09-24T18:56:00Z,2026-09-24T18:57:00Z,194.895,194.945,194.875,194.94
2026-09-24T18:57:00Z,2026-09-24T18:58:00Z,194.935,194.995,194.925,194.965
2026-09-24T18:58:00Z,2026-09-24T18:59:00Z,194.97,195.02,194.925,194.995
2026-09-24T18:59:00Z,2026-09-24T19:00:00Z,195,195.025,194.915,194.935
2026-09-24T19:00:00Z,2026-09-24T19:01:00Z,194.94,194.96,194.84,194.89
2026-09-24T19:01:00Z,2026-09-24T19:02:00Z,194.89,194.895,194.7,194.76
2026-09-24T19:02:00Z,2026-09-24T19:03:00Z,194.77,194.795,194.64,194.65
2026-09-24T19:03:00Z,2026-09-24T19:04:00Z,194.655,194.675,194.565,194.565
2026-09-24T19:04:00Z,2026-09-24T19:05:00Z,194.57,194.63,194.565,194.63
2026-09-24T19:05:00Z,2026-09-24T19:06:00Z,194.625,194.695,194.615,194.69
2026-09-24T19:06:00Z,2026-09-24T19:07:00Z,194.685,194.705,194.645,194.66
2026-09-24T19:07:00Z,2026-09-24T19:08:00Z,194.65,194.7,194.61,194.665
2026-09-24T19:08:00Z,2026-09-24T19:09:00Z,194.67,194.71,194.645,194.65
2026-09-24T19:09:00Z,2026-09-24T19:10:00Z,194.645,194.665,194.595,194.635
2026-09-24T19:10:00Z,2026-09-24T19:11:00Z,194.63,194.685,194.55,194.56
2026-09-24T19:11:00Z,2026-09-24T19:12:00Z,194.555,194.595,194.52,194.58
2026-09-24T19:12:00Z,2026-09-24T19:13:00Z,194.57,194.6,194.55,194.6
2026-09-24T19:13:00Z,2026-09-24T19:14:00Z,194.595,194.655,194.585,194.625
2026-09-24T19:14:00Z,2026-09-24T19:15:00Z,194.62,194.625,194.51,194.515
2026-09-24T19:15:00Z,2026-09-24T19:16:00Z,194.51,194.615,194.51,194.61
2026-09-24T19:16:00Z,2026-09-24T19:17:00Z,194.615,194.73,194.6,194.71
2026-09-24T19:17:00Z,2026-09-24T19:18:00Z,194.715,194.78,194.715,194.75
2026-09-24T19:18:00Z,2026-09-24T19:19:00Z,194.75,194.825,194.735,194.795
2026-09-24T19:19:00Z,2026-09-24T19:20:00Z,194.79,194.795,194.73,194.78
2026-09-24T19:20:00Z,2026-09-24T19:21:00Z,194.775,194.8,194.74,194.745
2026-09-24T19:21:00Z,2026-09-24T19:22:00Z,194.745,194.78,194.715,194.78
2026-09-24T19:22:00Z,2026-09-24T19:23:00Z,194.775,194.785,194.745,194.77
2026-09-24T19:23:00Z,2026-09-24T19:24:00Z,194.765,194.77,194.705,194.74
2026-09-24T19:24:00Z,2026-09-24T19:25:00Z,194.735,194.815,194.73,194.8
2026-09-24T19:25:00Z,2026-09-24T19:26:00Z,194.805,194.845,194.79,194.795
2026-09-24T19:26:00Z,2026-09-24T19:27:00Z,194.8,194.84,194.77,194.815
2026-09-24T19:27:00Z,2026-09-24T19:28:00Z,194.81,194.81,194.745,194.745
2026-09-24T19:28:00Z,2026-09-24T19:29:00Z,194.745,194.76,194.705,194.705
2026-09-24T19:29:00Z,2026-09-24T19:30:00Z,194.71,194.715,194.6,194.63
2026-09-24T19:30:00Z,2026-09-24T19:31:00Z,194.625,194.7,194.605,194.68
2026-09-24T19:31:00Z,2026-09-24T19:32:00Z,194.685,194.755,194.665,194.755
2026-09-24T19:32:00Z,2026-09-24T19:33:00Z,194.75,194.75,194.655,194.66
2026-09-24T19:33:00Z,2026-09-24T19:34:00Z,194.66,194.725,194.66,194.72
2026-09-24T19:34:00Z,2026-09-24T19:35:00Z,194.715,194.79,194.7,194.785
2026-09-24T19:35:00Z,2026-09-24T19:36:00Z,194.78,194.78,194.665,194.705
2026-09-24T19:36:00Z,2026-09-24T19:37:00Z,194.71,194.765,194.71,194.745
2026-09-24T19:37:00Z,2026-09-24T19:38:00Z,194.74,194.745,194.63,194.66
2026-09-24T19:38:00Z,2026-09-24T19:39:00Z,194.665,194.705,194.64,194.69
2026-09-24T19:39:00Z,2026-09-24T19:40:00Z,194.695,194.745,194.685,194.745
2026-09-24T19:40:00Z,2026-09-24T19:41:00Z,194.745,194.8,194.675,194.675
2026-09-24T19:41:00Z,2026-09-24T19:42:00Z,194.675,194.705,194.645,194.685
2026-09-24T19:42:00Z,2026-09-24T19:43:00Z,194.69,194.69,194.605,194.62
2026-09-24T19:43:00Z,2026-09-24T19:44:00Z,194.615,194.655,194.585,194.635
2026-09-24T19:44:00Z,2026-09-24T19:45:00Z,194.64,194.655,194.575,194.61
2026-09-24T19:45:00Z,2026-09-24T19:46:00Z,194.6,194.68,194.585,194.66
2026-09-24T19:46:00Z,2026-09-24T19:47:00Z,194.665,194.7,194.625,194.665
2026-09-24T19:47:00Z,2026-09-24T19:48:00Z,194.66,194.675,194.625,194.645
2026-09-24T19:48:00Z,2026-09-24T19:49:00Z,194.65,194.655,194.575,194.59
2026-09-24T19:49:00Z,2026-09-24T19:50:00Z,194.595,194.625,194.575,194.6
2026-09-24T19:50:00Z,2026-09-24T19:51:00Z,194.595,194.81,194.595,194.73
2026-09-24T19:51:00Z,2026-09-24T19:52:00Z,194.71,194.865,194.695,194.845
2026-09-24T19:52:00Z,2026-09-24T19:53:00Z,194.84,194.89,194.83,194.875
2026-09-24T19:53:00Z,2026-09-24T19:54:00Z,194.875,194.945,194.875,194.935
2026-09-24T19:54:00Z,2026-09-24T19:55:00Z,194.93,194.935,194.86,194.875
2026-09-24T19:55:00Z,2026-09-24T19:56:00Z,194.885,194.91,194.74,194.825
2026-09-24T19:56:00Z,2026-09-24T19:57:00Z,194.83,194.865,194.745,194.765
2026-09-24T19:57:00Z,2026-09-24T19:58:00Z,194.775,194.795,194.74,194.77
2026-09-24T19:58:00Z,2026-09-24T19:59:00Z,194.775,194.805,194.765,194.775
2026-09-24T19:59:00Z,2026-09-24T20:00:00Z,194.765,194.82,194.705,194.72
2026-09-25T13:30:00Z,2026-09-25T13:31:00Z,195.595,195.61,195.105,195.41
2026-09-25T13:31:00Z,2026-09-25T13:32:00Z,195.415,195.625,195.32,195.58
2026-09-25T13:32:00Z,2026-09-25T13:33:00Z,195.59,195.89,195.535,195.86
2026-09-25T13:33:00Z,2026-09-25T13:34:00Z,195.855,195.965,195.76,195.965
2026-09-25T13:34:00Z,2026-09-25T13:35:00Z,195.97,196.275,195.925,196.245
2026-09-25T13:35:00Z,2026-09-25T13:36:00Z,196.24,196.46,196.24,196.425
2026-09-25T13:36:00Z,2026-09-25T13:37:00Z,196.415,196.49,196.315,196.385
2026-09-25T13:37:00Z,2026-09-25T13:38:00Z,196.395,196.445,196.295,196.32
2026-09-25T13:38:00Z,2026-09-25T13:39:00Z,196.315,196.405,196.26,196.33
2026-09-25T13:39:00Z,2026-09-25T13:40:00Z,196.335,196.37,196.115,196.34
2026-09-25T13:40:00Z,2026-09-25T13:41:00Z,196.345,196.51,196.305,196.51
2026-09-25T13:41:00Z,2026-09-25T13:42:00Z,196.505,196.64,196.49,196.64
2026-09-25T13:42:00Z,2026-09-25T13:43:00Z,196.635,196.74,196.49,196.73
2026-09-25T13:43:00Z,2026-09-25T13:44:00Z,196.725,196.725,196.53,196.585
2026-09-25T13:44:00Z,2026-09-25T13:45:00Z,196.59,196.67,196.54,196.64
2026-09-25T13:45:00Z,2026-09-25T13:46:00Z,196.645,196.775,196.47,196.48
2026-09-25T13:46:00Z,2026-09-25T13:47:00Z,196.485,196.65,196.38,196.595
2026-09-25T13:47:00Z,2026-09-25T13:48:00Z,196.6,196.735,196.55,196.68
2026-09-25T13:48:00Z,2026-09-25T13:49:00Z,196.69,196.715,196.325,196.425
2026-09-25T13:49:00Z,2026-09-25T13:50:00Z,196.43,196.595,196.43,196.555
2026-09-25T13:50:00Z,2026-09-25T13:51:00Z,196.55,196.59,196.44,196.55
2026-09-25T13:51:00Z,2026-09-25T13:52:00Z,196.555,196.64,196.46,196.475
2026-09-25T13:52:00Z,2026-09-25T13:53:00Z,196.48,196.66,196.44,196.635
2026-09-25T13:53:00Z,2026-09-25T13:54:00Z,196.64,196.725,196.575,196.685
2026-09-25T13:54:00Z,2026-09-25T13:55:00Z,196.695,196.865,196.68,196.84
2026-09-25T13:55:00Z,2026-09-25T13:56:00Z,196.845,196.93,196.8,196.85
2026-09-25T13:56:00Z,2026-09-25T13:57:00Z,196.845,196.85,196.745,196.81
2026-09-25T13:57:00Z,2026-09-25T13:58:00Z,196.815,196.815,196.625,196.665
2026-09-25T13:58:00Z,2026-09-25T13:59:00Z,196.67,196.78,196.64,196.72
2026-09-25T13:59:00Z,2026-09-25T14:00:00Z,196.71,196.77,196.6,196.755
2026-09-25T14:00:00Z,2026-09-25T14:01:00Z,196.76,196.805,196.525,196.545
2026-09-25T14:01:00Z,2026-09-25T14:02:00Z,196.56,196.57,196.38,196.395
2026-09-25T14:02:00Z,2026-09-25T14:03:00Z,196.38,196.47,196.21,196.4
2026-09-25T14:03:00Z,2026-09-25T14:04:00Z,196.395,196.395,196.145,196.29
2026-09-25T14:04:00Z,2026-09-25T14:05:00Z,196.28,196.285,195.93,195.985
2026-09-25T14:05:00Z,2026-09-25T14:06:00Z,195.98,195.985,195.565,195.565
2026-09-25T14:06:00Z,2026-09-25T14:07:00Z,195.555,195.74,195.54,195.715
2026-09-25T14:07:00Z,2026-09-25T14:08:00Z,195.71,195.9,195.685,195.775
2026-09-25T14:08:00Z,2026-09-25T14:09:00Z,195.77,195.91,195.7,195.91
2026-09-25T14:09:00Z,2026-09-25T14:10:00Z,195.915,196.02,195.84,195.98
2026-09-25T14:10:00Z,2026-09-25T14:11:00Z,195.985,196.12,195.96,195.96
2026-09-25T14:11:00Z,2026-09-25T14:12:00Z,195.955,196.14,195.865,196.085
2026-09-25T14:12:00Z,2026-09-25T14:13:00Z,196.09,196.095,195.905,195.915
2026-09-25T14:13:00Z,2026-09-25T14:14:00Z,195.91,195.95,195.725,195.75
2026-09-25T14:14:00Z,2026-09-25T14:15:00Z,195.745,195.76,195.47,195.52
2026-09-25T14:15:00Z,2026-09-25T14:16:00Z,195.51,195.55,195.145,195.45
2026-09-25T14:16:00Z,2026-09-25T14:17:00Z,195.47,195.615,195.26,195.285
2026-09-25T14:17:00Z,2026-09-25T14:18:00Z,195.28,195.33,195.025,195.12
2026-09-25T14:18:00Z,2026-09-25T14:19:00Z,195.115,195.375,195.085,195.24
2026-09-25T14:19:00Z,2026-09-25T14:20:00Z,195.245,195.395,195.07,195.33
2026-09-25T14:20:00Z,2026-09-25T14:21:00Z,195.34,195.52,195.27,195.5
2026-09-25T14:21:00Z,2026-09-25T14:22:00Z,195.495,195.56,195.3,195.375
2026-09-25T14:22:00Z,2026-09-25T14:23:00Z,195.37,195.475,195.335,195.44
2026-09-25T14:23:00Z,2026-09-25T14:24:00Z,195.445,195.58,195.41,195.505
2026-09-25T14:24:00Z,2026-09-25T14:25:00Z,195.51,195.675,195.5,195.64
2026-09-25T14:25:00Z,2026-09-25T14:26:00Z,195.65,195.81,195.605,195.805
2026-09-25T14:26:00Z,2026-09-25T14:27:00Z,195.81,195.92,195.76,195.82
2026-09-25T14:27:00Z,2026-09-25T14:28:00Z,195.83,195.85,195.695,195.71
2026-09-25T14:28:00Z,2026-09-25T14:29:00Z,195.7,195.74,195.49,195.64
2026-09-25T14:29:00Z,2026-09-25T14:30:00Z,195.625,195.745,195.5,195.515
2026-09-25T14:30:00Z,2026-09-25T14:31:00Z,195.535,195.63,195.44,195.545
2026-09-25T14:31:00Z,2026-09-25T14:32:00Z,195.54,195.68,195.52,195.67
2026-09-25T14:32:00Z,2026-09-25T14:33:00Z,195.68,195.81,195.66,195.76
2026-09-25T14:33:00Z,2026-09-25T14:34:00Z,195.755,195.895,195.75,195.81
2026-09-25T14:34:00Z,2026-09-25T14:35:00Z,195.8,195.93,195.79,195.855
2026-09-25T14:35:00Z,2026-09-25T14:36:00Z,195.86,195.95,195.8,195.91
2026-09-25T14:36:00Z,2026-09-25T14:37:00Z,195.905,195.92,195.815,195.84
2026-09-25T14:37:00Z,2026-09-25T14:38:00Z,195.83,195.93,195.8,195.925
2026-09-25T14:38:00Z,2026-09-25T14:39:00Z,195.92,196.04,195.89,195.94
2026-09-25T14:39:00Z,2026-09-25T14:40:00Z,195.935,196,195.92,195.95
2026-09-25T14:40:00Z,2026-09-25T14:41:00Z,195.955,195.99,195.775,195.8
2026-09-25T14:41:00Z,2026-09-25T14:42:00Z,195.795,195.88,195.6,195.61
2026-09-25T14:42:00Z,2026-09-25T14:43:00Z,195.615,195.73,195.56,195.7
2026-09-25T14:43:00Z,2026-09-25T14:44:00Z,195.69,195.74,195.58,195.65
2026-09-25T14:44:00Z,2026-09-25T14:45:00Z,195.64,195.83,195.64,195.82
2026-09-25T14:45:00Z,2026-09-25T14:46:00Z,195.825,195.835,195.63,195.835
2026-09-25T14:46:00Z,2026-09-25T14:47:00Z,195.83,196.005,195.73,195.88
2026-09-25T14:47:00Z,2026-09-25T14:48:00Z,195.875,195.98,195.82,195.92
2026-09-25T14:48:00Z,2026-09-25T14:49:00Z,195.915,195.99,195.9,195.925
2026-09-25T14:49:00Z,2026-09-25T14:50:00Z,195.93,196.17,195.9,196.11
2026-09-25T14:50:00Z,2026-09-25T14:51:00Z,196.1,196.115,195.96,196.07
2026-09-25T14:51:00Z,2026-09-25T14:52:00Z,196.085,196.12,195.875,195.875
2026-09-25T14:52:00Z,2026-09-25T14:53:00Z,195.88,195.94,195.825,195.885
2026-09-25T14:53:00Z,2026-09-25T14:54:00Z,195.88,195.99,195.855,195.955
2026-09-25T14:54:00Z,2026-09-25T14:55:00Z,195.95,196.07,195.945,196.05
2026-09-25T14:55:00Z,2026-09-25T14:56:00Z,196.045,196.195,196.03,196.19
2026-09-25T14:56:00Z,2026-09-25T14:57:00Z,196.195,196.3,196.135,196.14
2026-09-25T14:57:00Z,2026-09-25T14:58:00Z,196.145,196.275,196.14,196.24
2026-09-25T14:58:00Z,2026-09-25T14:59:00Z,196.23,196.32,196.185,196.305
2026-09-25T14:59:00Z,2026-09-25T15:00:00Z,196.31,196.355,196.28,196.32
2026-09-25T15:00:00Z,2026-09-25T15:01:00Z,196.31,196.315,196.22,196.25
2026-09-25T15:01:00Z,2026-09-25T15:02:00Z,196.26,196.375,196.225,196.31
2026-09-25T15:02:00Z,2026-09-25T15:03:00Z,196.31,196.465,196.31,196.42
2026-09-25T15:03:00Z,2026-09-25T15:04:00Z,196.425,196.52,196.42,196.46
2026-09-25T15:04:00Z,2026-09-25T15:05:00Z,196.45,196.585,196.44,196.48
2026-09-25T15:05:00Z,2026-09-25T15:06:00Z,196.485,196.56,196.465,196.52
2026-09-25T15:06:00Z,2026-09-25T15:07:00Z,196.515,196.565,196.475,196.49
2026-09-25T15:07:00Z,2026-09-25T15:08:00Z,196.485,196.515,196.45,196.48
2026-09-25T15:08:00Z,2026-09-25T15:09:00Z,196.485,196.505,196.445,196.48
2026-09-25T15:09:00Z,2026-09-25T15:10:00Z,196.475,196.49,196.38,196.385
2026-09-25T15:10:00Z,2026-09-25T15:11:00Z,196.38,196.42,196.265,196.33
2026-09-25T15:11:00Z,2026-09-25T15:12:00Z,196.32,196.34,196.11,196.155
2026-09-25T15:12:00Z,2026-09-25T15:13:00Z,196.15,196.22,196.11,196.14
2026-09-25T15:13:00Z,2026-09-25T15:14:00Z,196.13,196.205,196.115,196.18
2026-09-25T15:14:00Z,2026-09-25T15:15:00Z,196.17,196.24,196.15,196.17
2026-09-25T15:15:00Z,2026-09-25T15:16:00Z,196.18,196.25,196.14,196.23
2026-09-25T15:16:00Z,2026-09-25T15:17:00Z,196.225,196.325,196.225,196.315
2026-09-25T15:17:00Z,2026-09-25T15:18:00Z,196.32,196.355,196.255,196.28
2026-09-25T15:18:00Z,2026-09-25T15:19:00Z,196.27,196.32,196.23,196.28
2026-09-25T15:19:00Z,2026-09-25T15:20:00Z,196.27,196.28,196.09,196.14
2026-09-25T15:20:00Z,2026-09-25T15:21:00Z,196.145,196.255,196.095,196.25
2026-09-25T15:21:00Z,2026-09-25T15:22:00Z,196.255,196.395,196.18,196.265
2026-09-25T15:22:00Z,2026-09-25T15:23:00Z,196.27,196.29,196.205,196.235
2026-09-25T15:23:00Z,2026-09-25T15:24:00Z,196.24,196.32,196.21,196.22
2026-09-25T15:24:00Z,2026-09-25T15:25:00Z,196.21,196.23,196.095,196.14
2026-09-25T15:25:00Z,2026-09-25T15:26:00Z,196.135,196.165,196.09,196.11
2026-09-25T15:26:00Z,2026-09-25T15:27:00Z,196.105,196.145,196.055,196.145
2026-09-25T15:27:00Z,2026-09-25T15:28:00Z,196.14,196.16,196.05,196.09
2026-09-25T15:28:00Z,2026-09-25T15:29:00Z,196.1,196.15,196.06,196.115
2026-09-25T15:29:00Z,2026-09-25T15:30:00Z,196.12,196.22,196.105,196.115
2026-09-25T15:30:00Z,2026-09-25T15:31:00Z,196.125,196.33,196.1,196.23
2026-09-25T15:31:00Z,2026-09-25T15:32:00Z,196.22,196.35,196.2,196.35
2026-09-25T15:32:00Z,2026-09-25T15:33:00Z,196.34,196.405,196.315,196.375
2026-09-25T15:33:00Z,2026-09-25T15:34:00Z,196.37,196.385,196.3,196.345
2026-09-25T15:34:00Z,2026-09-25T15:35:00Z,196.34,196.38,196.105,196.125
2026-09-25T15:35:00Z,2026-09-25T15:36:00Z,196.12,196.18,195.98,196.07
2026-09-25T15:36:00Z,2026-09-25T15:37:00Z,196.065,196.065,195.845,195.865
2026-09-25T15:37:00Z,2026-09-25T15:38:00Z,195.87,195.9,195.76,195.88
2026-09-25T15:38:00Z,2026-09-25T15:39:00Z,195.875,195.89,195.7,195.73
2026-09-25T15:39:00Z,2026-09-25T15:40:00Z,195.715,195.77,195.67,195.725
2026-09-25T15:40:00Z,2026-09-25T15:41:00Z,195.72,195.825,195.655,195.815
2026-09-25T15:41:00Z,2026-09-25T15:42:00Z,195.82,195.85,195.765,195.82
2026-09-25T15:42:00Z,2026-09-25T15:43:00Z,195.815,195.87,195.7,195.755
2026-09-25T15:43:00Z,2026-09-25T15:44:00Z,195.76,195.785,195.67,195.69
2026-09-25T15:44:00Z,2026-09-25T15:45:00Z,195.695,195.705,195.535,195.545
2026-09-25T15:45:00Z,2026-09-25T15:46:00Z,195.54,195.615,195.51,195.56
2026-09-25T15:46:00Z,2026-09-25T15:47:00Z,195.555,195.715,195.47,195.71
2026-09-25T15:47:00Z,2026-09-25T15:48:00Z,195.715,195.77,195.7,195.73
2026-09-25T15:48:00Z,2026-09-25T15:49:00Z,195.72,195.805,195.67,195.75
2026-09-25T15:49:00Z,2026-09-25T15:50:00Z,195.76,195.85,195.74,195.85
2026-09-25T15:50:00Z,2026-09-25T15:51:00Z,195.85,195.88,195.765,195.785
2026-09-25T15:51:00Z,2026-09-25T15:52:00Z,195.78,195.78,195.515,195.525
2026-09-25T15:52:00Z,2026-09-25T15:53:00Z,195.51,195.585,195.455,195.515
2026-09-25T15:53:00Z,2026-09-25T15:54:00Z,195.515,195.56,195.51,195.55
2026-09-25T15:54:00Z,2026-09-25T15:55:00Z,195.54,195.845,195.51,195.77
2026-09-25T15:55:00Z,2026-09-25T15:56:00Z,195.78,195.88,195.77,195.84
2026-09-25T15:56:00Z,2026-09-25T15:57:00Z,195.85,195.95,195.815,195.94
2026-09-25T15:57:00Z,2026-09-25T15:58:00Z,195.945,196.035,195.93,196.035
2026-09-25T15:58:00Z,2026-09-25T15:59:00Z,196.03,196.26,196.01,196.2
2026-09-25T15:59:00Z,2026-09-25T16:00:00Z,196.195,196.375,196.18,196.34
2026-09-25T16:00:00Z,2026-09-25T16:01:00Z,196.35,196.51,196.27,196.485
2026-09-25T16:01:00Z,2026-09-25T16:02:00Z,196.49,196.54,196.43,196.465
2026-09-25T16:02:00Z,2026-09-25T16:03:00Z,196.465,196.65,196.46,196.645
2026-09-25T16:03:00Z,2026-09-25T16:04:00Z,196.64,196.745,196.575,196.745
2026-09-25T16:04:00Z,2026-09-25T16:05:00Z,196.74,196.75,196.63,196.73
2026-09-25T16:05:00Z,2026-09-25T16:06:00Z,196.725,196.895,196.65,196.86
2026-09-25T16:06:00Z,2026-09-25T16:07:00Z,196.855,196.895,196.76,196.815
2026-09-25T16:07:00Z,2026-09-25T16:08:00Z,196.82,196.845,196.725,196.75
2026-09-25T16:08:00Z,2026-09-25T16:09:00Z,196.745,196.835,196.715,196.745
2026-09-25T16:09:00Z,2026-09-25T16:10:00Z,196.745,196.825,196.66,196.81
2026-09-25T16:10:00Z,2026-09-25T16:11:00Z,196.82,196.945,196.805,196.86
2026-09-25T16:11:00Z,2026-09-25T16:12:00Z,196.845,196.85,196.715,196.79
2026-09-25T16:12:00Z,2026-09-25T16:13:00Z,196.78,196.865,196.72,196.75
2026-09-25T16:13:00Z,2026-09-25T16:14:00Z,196.74,196.77,196.705,196.76
2026-09-25T16:14:00Z,2026-09-25T16:15:00Z,196.755,196.765,196.605,196.71
2026-09-25T16:15:00Z,2026-09-25T16:16:00Z,196.72,196.84,196.675,196.835
2026-09-25T16:16:00Z,2026-09-25T16:17:00Z,196.84,196.91,196.76,196.895
2026-09-25T16:17:00Z,2026-09-25T16:18:00Z,196.89,196.935,196.68,196.69
2026-09-25T16:18:00Z,2026-09-25T16:19:00Z,196.695,196.695,196.495,196.545
2026-09-25T16:19:00Z,2026-09-25T16:20:00Z,196.54,196.57,196.475,196.54
2026-09-25T16:20:00Z,2026-09-25T16:21:00Z,196.545,196.585,196.35,196.365
2026-09-25T16:21:00Z,2026-09-25T16:22:00Z,196.37,196.43,196.275,196.41
2026-09-25T16:22:00Z,2026-09-25T16:23:00Z,196.4,196.42,196.27,196.355
2026-09-25T16:23:00Z,2026-09-25T16:24:00Z,196.36,196.39,196.26,196.315
2026-09-25T16:24:00Z,2026-09-25T16:25:00Z,196.31,196.38,196.29,196.345
2026-09-25T16:25:00Z,2026-09-25T16:26:00Z,196.35,196.5,196.325,196.45
2026-09-25T16:26:00Z,2026-09-25T16:27:00Z,196.445,196.695,196.415,196.69
2026-09-25T16:27:00Z,2026-09-25T16:28:00Z,196.695,196.76,196.665,196.72
2026-09-25T16:28:00Z,2026-09-25T16:29:00Z,196.73,196.765,196.68,196.745
2026-09-25T16:29:00Z,2026-09-25T16:30:00Z,196.75,196.86,196.74,196.815
2026-09-25T16:30:00Z,2026-09-25T16:31:00Z,196.81,196.82,196.7,196.78
2026-09-25T16:31:00Z,2026-09-25T16:32:00Z,196.785,196.835,196.745,196.82
2026-09-25T16:32:00Z,2026-09-25T16:33:00Z,196.825,196.89,196.765,196.79
2026-09-25T16:33:00Z,2026-09-25T16:34:00Z,196.79,196.885,196.765,196.88
2026-09-25T16:34:00Z,2026-09-25T16:35:00Z,196.885,196.885,196.45,196.53
2026-09-25T16:35:00Z,2026-09-25T16:36:00Z,196.535,196.645,196.535,196.6
2026-09-25T16:36:00Z,2026-09-25T16:37:00Z,196.595,196.615,196.49,196.59
2026-09-25T16:37:00Z,2026-09-25T16:38:00Z,196.6,196.775,196.6,196.69
2026-09-25T16:38:00Z,2026-09-25T16:39:00Z,196.685,196.685,196.54,196.66
2026-09-25T16:39:00Z,2026-09-25T16:40:00Z,196.655,196.69,196.58,196.59
2026-09-25T16:40:00Z,2026-09-25T16:41:00Z,196.6,196.63,196.54,196.54
2026-09-25T16:41:00Z,2026-09-25T16:42:00Z,196.545,196.625,196.535,196.595
2026-09-25T16:42:00Z,2026-09-25T16:43:00Z,196.59,196.705,196.59,196.61
2026-09-25T16:43:00Z,2026-09-25T16:44:00Z,196.62,196.77,196.61,196.735
2026-09-25T16:44:00Z,2026-09-25T16:45:00Z,196.74,196.81,196.7,196.715
2026-09-25T16:45:00Z,2026-09-25T16:46:00Z,196.72,196.725,196.62,196.715
2026-09-25T16:46:00Z,2026-09-25T16:47:00Z,196.71,196.745,196.65,196.675
2026-09-25T16:47:00Z,2026-09-25T16:48:00Z,196.68,196.685,196.615,196.63
2026-09-25T16:48:00Z,2026-09-25T16:49:00Z,196.62,196.645,196.49,196.5
2026-09-25T16:49:00Z,2026-09-25T16:50:00Z,196.495,196.555,196.41,196.54
2026-09-25T16:50:00Z,2026-09-25T16:51:00Z,196.55,196.61,196.51,196.545
2026-09-25T16:51:00Z,2026-09-25T16:52:00Z,196.55,196.57,196.505,196.57
2026-09-25T16:52:00Z,2026-09-25T16:53:00Z,196.565,196.62,196.53,196.605
2026-09-25T16:53:00Z,2026-09-25T16:54:00Z,196.6,196.655,196.56,196.56
2026-09-25T16:54:00Z,2026-09-25T16:55:00Z,196.57,196.635,196.535,196.635
2026-09-25T16:55:00Z,2026-09-25T16:56:00Z,196.63,196.68,196.61,196.635
2026-09-25T16:56:00Z,2026-09-25T16:57:00Z,196.64,196.7,196.605,196.64
2026-09-25T16:57:00Z,2026-09-25T16:58:00Z,196.65,196.65,196.51,196.53
2026-09-25T16:58:00Z,2026-09-25T16:59:00Z,196.535,196.555,196.485,196.5
2026-09-25T16:59:00Z,2026-09-25T17:00:00Z,196.495,196.55,196.375,196.485
2026-09-25T17:00:00Z,2026-09-25T17:01:00Z,196.49,196.5,196.45,196.49
2026-09-25T17:01:00Z,2026-09-25T17:02:00Z,196.49,196.67,196.49,196.65
2026-09-25T17:02:00Z,2026-09-25T17:03:00Z,196.655,196.755,196.625,196.73
2026-09-25T17:03:00Z,2026-09-25T17:04:00Z,196.735,196.8,196.71,196.72
2026-09-25T17:04:00Z,2026-09-25T17:05:00Z,196.73,196.75,196.695,196.72
2026-09-25T17:05:00Z,2026-09-25T17:06:00Z,196.72,196.775,196.705,196.745
2026-09-25T17:06:00Z,2026-09-25T17:07:00Z,196.75,196.78,196.725,196.75
2026-09-25T17:07:00Z,2026-09-25T17:08:00Z,196.745,196.76,196.67,196.69
2026-09-25T17:08:00Z,2026-09-25T17:09:00Z,196.695,196.71,196.595,196.65
2026-09-25T17:09:00Z,2026-09-25T17:10:00Z,196.65,196.75,196.65,196.73
2026-09-25T17:10:00Z,2026-09-25T17:11:00Z,196.72,196.75,196.695,196.725
2026-09-25T17:11:00Z,2026-09-25T17:12:00Z,196.72,196.745,196.64,196.655
2026-09-25T17:12:00Z,2026-09-25T17:13:00Z,196.66,196.715,196.615,196.71
2026-09-25T17:13:00Z,2026-09-25T17:14:00Z,196.715,196.8,196.7,196.76
2026-09-25T17:14:00Z,2026-09-25T17:15:00Z,196.75,196.83,196.735,196.83
2026-09-25T17:15:00Z,2026-09-25T17:16:00Z,196.83,196.9,196.79,196.885
2026-09-25T17:16:00Z,2026-09-25T17:17:00Z,196.88,196.885,196.82,196.82
2026-09-25T17:17:00Z,2026-09-25T17:18:00Z,196.83,196.905,196.82,196.83
2026-09-25T17:18:00Z,2026-09-25T17:19:00Z,196.83,196.845,196.745,196.78
2026-09-25T17:19:00Z,2026-09-25T17:20:00Z,196.785,196.785,196.74,196.76
2026-09-25T17:20:00Z,2026-09-25T17:21:00Z,196.76,196.8,196.735,196.78
2026-09-25T17:21:00Z,2026-09-25T17:22:00Z,196.77,196.785,196.745,196.765
2026-09-25T17:22:00Z,2026-09-25T17:23:00Z,196.77,196.81,196.745,196.75
2026-09-25T17:23:00Z,2026-09-25T17:24:00Z,196.76,196.795,196.745,196.77
2026-09-25T17:24:00Z,2026-09-25T17:25:00Z,196.775,196.8,196.75,196.79
2026-09-25T17:25:00Z,2026-09-25T17:26:00Z,196.795,196.8,196.75,196.75
2026-09-25T17:26:00Z,2026-09-25T17:27:00Z,196.755,196.77,196.715,196.73
2026-09-25T17:27:00Z,2026-09-25T17:28:00Z,196.72,196.735,196.695,196.725
2026-09-25T17:28:00Z,2026-09-25T17:29:00Z,196.72,196.765,196.715,196.75
2026-09-25T17:29:00Z,2026-09-25T17:30:00Z,196.745,196.76,196.73,196.75
2026-09-25T17:30:00Z,2026-09-25T17:31:00Z,196.765,196.78,196.725,196.755
2026-09-25T17:31:00Z,2026-09-25T17:32:00Z,196.75,196.75,196.66,196.67
2026-09-25T17:32:00Z,2026-09-25T17:33:00Z,196.675,196.725,196.67,196.72
2026-09-25T17:33:00Z,2026-09-25T17:34:00Z,196.71,196.75,196.655,196.655
2026-09-25T17:34:00Z,2026-09-25T17:35:00Z,196.65,196.665,196.58,196.65
2026-09-25T17:35:00Z,2026-09-25T17:36:00Z,196.65,196.66,196.6,196.625
2026-09-25T17:36:00Z,2026-09-25T17:37:00Z,196.62,196.665,196.575,196.585
2026-09-25T17:37:00Z,2026-09-25T17:38:00Z,196.58,196.585,196.51,196.56
2026-09-25T17:38:00Z,2026-09-25T17:39:00Z,196.555,196.64,196.55,196.605
2026-09-25T17:39:00Z,2026-09-25T17:40:00Z,196.61,196.725,196.58,196.65
2026-09-25T17:40:00Z,2026-09-25T17:41:00Z,196.66,196.72,196.62,196.665
2026-09-25T17:41:00Z,2026-09-25T17:42:00Z,196.66,196.755,196.655,196.73
2026-09-25T17:42:00Z,2026-09-25T17:43:00Z,196.735,196.77,196.73,196.76
2026-09-25T17:43:00Z,2026-09-25T17:44:00Z,196.755,196.755,196.68,196.7
2026-09-25T17:44:00Z,2026-09-25T17:45:00Z,196.7,196.735,196.645,196.67
2026-09-25T17:45:00Z,2026-09-25T17:46:00Z,196.665,196.705,196.645,196.67
2026-09-25T17:46:00Z,2026-09-25T17:47:00Z,196.675,196.69,196.64,196.665
2026-09-25T17:47:00Z,2026-09-25T17:48:00Z,196.66,196.68,196.635,196.655
2026-09-25T17:48:00Z,2026-09-25T17:49:00Z,196.655,196.7,196.64,196.685
2026-09-25T17:49:00Z,2026-09-25T17:50:00Z,196.69,196.78,196.69,196.77
2026-09-25T17:50:00Z,2026-09-25T17:51:00Z,196.77,196.78,196.735,196.77
2026-09-25T17:51:00Z,2026-09-25T17:52:00Z,196.77,196.78,196.72,196.74
2026-09-25T17:52:00Z,2026-09-25T17:53:00Z,196.735,196.74,196.63,196.63
2026-09-25T17:53:00Z,2026-09-25T17:54:00Z,196.625,196.665,196.615,196.66
2026-09-25T17:54:00Z,2026-09-25T17:55:00Z,196.66,196.66,196.57,196.64
2026-09-25T17:55:00Z,2026-09-25T17:56:00Z,196.64,196.695,196.635,196.695
2026-09-25T17:56:00Z,2026-09-25T17:57:00Z,196.69,196.72,196.67,196.69
2026-09-25T17:57:00Z,2026-09-25T17:58:00Z,196.69,196.7,196.665,196.675
2026-09-25T17:58:00Z,2026-09-25T17:59:00Z,196.68,196.73,196.675,196.7
2026-09-25T17:59:00Z,2026-09-25T18:00:00Z,196.7,196.725,196.675,196.715
2026-09-25T18:00:00Z,2026-09-25T18:01:00Z,196.715,196.745,196.7,196.71
2026-09-25T18:01:00Z,2026-09-25T18:02:00Z,196.715,196.76,196.69,196.76
2026-09-25T18:02:00Z,2026-09-25T18:03:00Z,196.755,196.765,196.675,196.695
2026-09-25T18:03:00Z,2026-09-25T18:04:00Z,196.7,196.725,196.695,196.71
2026-09-25T18:04:00Z,2026-09-25T18:05:00Z,196.705,196.71,196.655,196.665
2026-09-25T18:05:00Z,2026-09-25T18:06:00Z,196.665,196.695,196.64,196.65
2026-09-25T18:06:00Z,2026-09-25T18:07:00Z,196.65,196.685,196.635,196.665
2026-09-25T18:07:00Z,2026-09-25T18:08:00Z,196.665,196.68,196.61,196.63
2026-09-25T18:08:00Z,2026-09-25T18:09:00Z,196.635,196.7,196.615,196.69
2026-09-25T18:09:00Z,2026-09-25T18:10:00Z,196.7,196.74,196.695,196.725
2026-09-25T18:10:00Z,2026-09-25T18:11:00Z,196.73,196.755,196.725,196.73
2026-09-25T18:11:00Z,2026-09-25T18:12:00Z,196.725,196.73,196.705,196.71
2026-09-25T18:12:00Z,2026-09-25T18:13:00Z,196.715,196.77,196.68,196.76
2026-09-25T18:13:00Z,2026-09-25T18:14:00Z,196.755,196.815,196.745,196.815
2026-09-25T18:14:00Z,2026-09-25T18:15:00Z,196.815,196.855,196.795,196.845
2026-09-25T18:15:00Z,2026-09-25T18:16:00Z,196.84,196.855,196.805,196.805
2026-09-25T18:16:00Z,2026-09-25T18:17:00Z,196.81,196.845,196.81,196.83
2026-09-25T18:17:00Z,2026-09-25T18:18:00Z,196.83,196.845,196.815,196.825
2026-09-25T18:18:00Z,2026-09-25T18:19:00Z,196.825,196.855,196.765,196.765
2026-09-25T18:19:00Z,2026-09-25T18:20:00Z,196.765,196.785,196.735,196.78
2026-09-25T18:20:00Z,2026-09-25T18:21:00Z,196.775,196.815,196.775,196.8
2026-09-25T18:21:00Z,2026-09-25T18:22:00Z,196.805,196.815,196.755,196.77
2026-09-25T18:22:00Z,2026-09-25T18:23:00Z,196.775,196.825,196.76,196.77
2026-09-25T18:23:00Z,2026-09-25T18:24:00Z,196.77,196.825,196.765,196.825
2026-09-25T18:24:00Z,2026-09-25T18:25:00Z,196.83,196.855,196.815,196.815
2026-09-25T18:25:00Z,2026-09-25T18:26:00Z,196.815,196.845,196.79,196.795
2026-09-25T18:26:00Z,2026-09-25T18:27:00Z,196.795,196.795,196.565,196.6
2026-09-25T18:27:00Z,2026-09-25T18:28:00Z,196.595,196.645,196.47,196.51
2026-09-25T18:28:00Z,2026-09-25T18:29:00Z,196.5,196.57,196.46,196.525
2026-09-25T18:29:00Z,2026-09-25T18:30:00Z,196.535,196.57,196.48,196.565
2026-09-25T18:30:00Z,2026-09-25T18:31:00Z,196.57,196.66,196.56,196.635
2026-09-25T18:31:00Z,2026-09-25T18:32:00Z,196.635,196.705,196.63,196.685
2026-09-25T18:32:00Z,2026-09-25T18:33:00Z,196.68,196.705,196.65,196.66
2026-09-25T18:33:00Z,2026-09-25T18:34:00Z,196.665,196.71,196.655,196.69
2026-09-25T18:34:00Z,2026-09-25T18:35:00Z,196.69,196.69,196.635,196.645
2026-09-25T18:35:00Z,2026-09-25T18:36:00Z,196.64,196.68,196.595,196.66
2026-09-25T18:36:00Z,2026-09-25T18:37:00Z,196.655,196.665,196.635,196.64
2026-09-25T18:37:00Z,2026-09-25T18:38:00Z,196.635,196.65,196.505,196.53
2026-09-25T18:38:00Z,2026-09-25T18:39:00Z,196.53,196.53,196.47,196.51
2026-09-25T18:39:00Z,2026-09-25T18:40:00Z,196.505,196.52,196.435,196.44
2026-09-25T18:40:00Z,2026-09-25T18:41:00Z,196.445,196.465,196.385,196.45
2026-09-25T18:41:00Z,2026-09-25T18:42:00Z,196.46,196.495,196.44,196.465
2026-09-25T18:42:00Z,2026-09-25T18:43:00Z,196.47,196.535,196.465,196.525
2026-09-25T18:43:00Z,2026-09-25T18:44:00Z,196.525,196.535,196.505,196.53
2026-09-25T18:44:00Z,2026-09-25T18:45:00Z,196.525,196.575,196.51,196.575
2026-09-25T18:45:00Z,2026-09-25T18:46:00Z,196.57,196.585,196.535,196.54
2026-09-25T18:46:00Z,2026-09-25T18:47:00Z,196.545,196.565,196.49,196.49
2026-09-25T18:47:00Z,2026-09-25T18:48:00Z,196.485,196.49,196.415,196.425
2026-09-25T18:48:00Z,2026-09-25T18:49:00Z,196.42,196.46,196.405,196.445
2026-09-25T18:49:00Z,2026-09-25T18:50:00Z,196.45,196.45,196.415,196.415
2026-09-25T18:50:00Z,2026-09-25T18:51:00Z,196.42,196.425,196.38,196.4
2026-09-25T18:51:00Z,2026-09-25T18:52:00Z,196.4,196.43,196.355,196.385
2026-09-25T18:52:00Z,2026-09-25T18:53:00Z,196.39,196.42,196.37,196.415
2026-09-25T18:53:00Z,2026-09-25T18:54:00Z,196.42,196.42,196.37,196.38
2026-09-25T18:54:00Z,2026-09-25T18:55:00Z,196.38,196.38,196.315,196.33
2026-09-25T18:55:00Z,2026-09-25T18:56:00Z,196.34,196.375,196.32,196.33
2026-09-25T18:56:00Z,2026-09-25T18:57:00Z,196.335,196.365,196.32,196.33
2026-09-25T18:57:00Z,2026-09-25T18:58:00Z,196.325,196.345,196.315,196.325
2026-09-25T18:58:00Z,2026-09-25T18:59:00Z,196.33,196.355,196.31,196.345
2026-09-25T18:59:00Z,2026-09-25T19:00:00Z,196.35,196.36,196.265,196.275
2026-09-25T19:00:00Z,2026-09-25T19:01:00Z,196.285,196.36,196.285,196.31
2026-09-25T19:01:00Z,2026-09-25T19:02:00Z,196.31,196.395,196.27,196.27
2026-09-25T19:02:00Z,2026-09-25T19:03:00Z,196.28,196.29,196.23,196.26
2026-09-25T19:03:00Z,2026-09-25T19:04:00Z,196.26,196.315,196.225,196.31
2026-09-25T19:04:00Z,2026-09-25T19:05:00Z,196.315,196.395,196.305,196.37
2026-09-25T19:05:00Z,2026-09-25T19:06:00Z,196.37,196.42,196.355,196.405
2026-09-25T19:06:00Z,2026-09-25T19:07:00Z,196.415,196.44,196.33,196.35
2026-09-25T19:07:00Z,2026-09-25T19:08:00Z,196.345,196.435,196.34,196.42
2026-09-25T19:08:00Z,2026-09-25T19:09:00Z,196.42,196.435,196.405,196.43
2026-09-25T19:09:00Z,2026-09-25T19:10:00Z,196.43,196.44,196.375,196.4
2026-09-25T19:10:00Z,2026-09-25T19:11:00Z,196.395,196.425,196.365,196.4
2026-09-25T19:11:00Z,2026-09-25T19:12:00Z,196.4,196.4,196.345,196.39
2026-09-25T19:12:00Z,2026-09-25T19:13:00Z,196.39,196.425,196.375,196.41
2026-09-25T19:13:00Z,2026-09-25T19:14:00Z,196.415,196.43,196.375,196.405
2026-09-25T19:14:00Z,2026-09-25T19:15:00Z,196.4,196.455,196.395,196.45
2026-09-25T19:15:00Z,2026-09-25T19:16:00Z,196.45,196.475,196.395,196.41
2026-09-25T19:16:00Z,2026-09-25T19:17:00Z,196.415,196.43,196.375,196.385
2026-09-25T19:17:00Z,2026-09-25T19:18:00Z,196.39,196.4,196.345,196.37
2026-09-25T19:18:00Z,2026-09-25T19:19:00Z,196.375,196.395,196.345,196.39
2026-09-25T19:19:00Z,2026-09-25T19:20:00Z,196.39,196.39,196.315,196.32
2026-09-25T19:20:00Z,2026-09-25T19:21:00Z,196.325,196.36,196.285,196.285
2026-09-25T19:21:00Z,2026-09-25T19:22:00Z,196.285,196.32,196.275,196.3
2026-09-25T19:22:00Z,2026-09-25T19:23:00Z,196.305,196.31,196.225,196.235
2026-09-25T19:23:00Z,2026-09-25T19:24:00Z,196.235,196.25,196.215,196.25
2026-09-25T19:24:00Z,2026-09-25T19:25:00Z,196.25,196.325,196.25,196.285
2026-09-25T19:25:00Z,2026-09-25T19:26:00Z,196.28,196.29,196.22,196.225
2026-09-25T19:26:00Z,2026-09-25T19:27:00Z,196.23,196.235,196.125,196.17
2026-09-25T19:27:00Z,2026-09-25T19:28:00Z,196.16,196.215,196.15,196.19
2026-09-25T19:28:00Z,2026-09-25T19:29:00Z,196.19,196.235,196.155,196.185
2026-09-25T19:29:00Z,2026-09-25T19:30:00Z,196.185,196.2,196.135,196.19
2026-09-25T19:30:00Z,2026-09-25T19:31:00Z,196.185,196.185,196.095,196.105
2026-09-25T19:31:00Z,2026-09-25T19:32:00Z,196.095,196.155,196.085,196.155
2026-09-25T19:32:00Z,2026-09-25T19:33:00Z,196.15,196.165,196.105,196.145
2026-09-25T19:33:00Z,2026-09-25T19:34:00Z,196.135,196.155,196.105,196.13
2026-09-25T19:34:00Z,2026-09-25T19:35:00Z,196.12,196.135,196,196.005
2026-09-25T19:35:00Z,2026-09-25T19:36:00Z,196,196.015,195.965,195.985
2026-09-25T19:36:00Z,2026-09-25T19:37:00Z,195.98,195.995,195.915,195.98
2026-09-25T19:37:00Z,2026-09-25T19:38:00Z,195.975,196.12,195.965,196.09
2026-09-25T19:38:00Z,2026-09-25T19:39:00Z,196.085,196.165,196.075,196.15
2026-09-25T19:39:00Z,2026-09-25T19:40:00Z,196.145,196.205,196.135,196.175
2026-09-25T19:40:00Z,2026-09-25T19:41:00Z,196.175,196.18,196.11,196.155
2026-09-25T19:41:00Z,2026-09-25T19:42:00Z,196.15,196.205,196.135,196.155
2026-09-25T19:42:00Z,2026-09-25T19:43:00Z,196.16,196.215,196.155,196.215
2026-09-25T19:43:00Z,2026-09-25T19:44:00Z,196.215,196.305,196.215,196.305
2026-09-25T19:44:00Z,2026-09-25T19:45:00Z,196.31,196.315,196.225,196.255
2026-09-25T19:45:00Z,2026-09-25T19:46:00Z,196.26,196.42,196.255,196.385
2026-09-25T19:46:00Z,2026-09-25T19:47:00Z,196.39,196.435,196.365,196.425
2026-09-25T19:47:00Z,2026-09-25T19:48:00Z,196.415,196.42,196.365,196.395
2026-09-25T19:48:00Z,2026-09-25T19:49:00Z,196.385,196.435,196.365,196.405
2026-09-25T19:49:00Z,2026-09-25T19:50:00Z,196.395,196.425,196.375,196.38
2026-09-25T19:50:00Z,2026-09-25T19:51:00Z,196.375,196.545,196.375,196.545
2026-09-25T19:51:00Z,2026-09-25T19:52:00Z,196.555,196.595,196.49,196.525
2026-09-25T19:52:00Z,2026-09-25T19:53:00Z,196.535,196.58,196.525,196.555
2026-09-25T19:53:00Z,2026-09-25T19:54:00Z,196.55,196.595,196.515,196.535
2026-09-25T19:54:00Z,2026-09-25T19:55:00Z,196.53,196.535,196.41,196.43
2026-09-25T19:55:00Z,2026-09-25T19:56:00Z,196.435,196.47,196.335,196.345
2026-09-25T19:56:00Z,2026-09-25T19:57:00Z,196.34,196.35,196.255,196.295
2026-09-25T19:57:00Z,2026-09-25T19:58:00Z,196.295,196.405,196.295,196.4
2026-09-25T19:58:00Z,2026-09-25T19:59:00Z,196.405,196.435,196.355,196.395
2026-09-25T19:59:00Z,2026-09-25T20:00:00Z,196.39,196.4,196.23,196.285
2026-09-28T13:30:00Z,2026-09-28T13:31:00Z,195.095,195.415,195.07,195.375
2026-09-28T13:31:00Z,2026-09-28T13:32:00Z,195.385,195.77,195.3,195.66
2026-09-28T13:32:00Z,2026-09-28T13:33:00Z,195.67,196.17,195.67,196.025
2026-09-28T13:33:00Z,2026-09-28T13:34:00Z,196.015,196.015,195.6,195.75
2026-09-28T13:34:00Z,2026-09-28T13:35:00Z,195.755,195.77,195.445,195.46
2026-09-28T13:35:00Z,2026-09-28T13:36:00Z,195.45,195.455,194.975,195.045
2026-09-28T13:36:00Z,2026-09-28T13:37:00Z,195.05,195.43,194.96,195.4
2026-09-28T13:37:00Z,2026-09-28T13:38:00Z,195.41,195.455,195.215,195.215
2026-09-28T13:38:00Z,2026-09-28T13:39:00Z,195.225,195.3,195.02,195.23
2026-09-28T13:39:00Z,2026-09-28T13:40:00Z,195.235,195.415,195.185,195.26
2026-09-28T13:40:00Z,2026-09-28T13:41:00Z,195.265,195.355,195.135,195.225
2026-09-28T13:41:00Z,2026-09-28T13:42:00Z,195.23,195.35,195.075,195.09
2026-09-28T13:42:00Z,2026-09-28T13:43:00Z,195.1,195.345,195.08,195.24
2026-09-28T13:43:00Z,2026-09-28T13:44:00Z,195.235,195.32,195.18,195.265
2026-09-28T13:44:00Z,2026-09-28T13:45:00Z,195.255,195.255,194.73,194.795
2026-09-28T13:45:00Z,2026-09-28T13:46:00Z,194.79,194.96,194.735,194.8
2026-09-28T13:46:00Z,2026-09-28T13:47:00Z,194.79,194.85,194.7,194.83
2026-09-28T13:47:00Z,2026-09-28T13:48:00Z,194.835,194.99,194.78,194.86
2026-09-28T13:48:00Z,2026-09-28T13:49:00Z,194.865,195.055,194.81,194.99
2026-09-28T13:49:00Z,2026-09-28T13:50:00Z,194.995,195.12,194.91,194.945
2026-09-28T13:50:00Z,2026-09-28T13:51:00Z,194.94,195.015,194.71,194.795
2026-09-28T13:51:00Z,2026-09-28T13:52:00Z,194.79,194.79,194.585,194.65
2026-09-28T13:52:00Z,2026-09-28T13:53:00Z,194.655,194.74,194.595,194.72
2026-09-28T13:53:00Z,2026-09-28T13:54:00Z,194.725,195.06,194.715,195.015
2026-09-28T13:54:00Z,2026-09-28T13:55:00Z,195.02,195.23,194.99,195.13
2026-09-28T13:55:00Z,2026-09-28T13:56:00Z,195.135,195.28,195.065,195.1
2026-09-28T13:56:00Z,2026-09-28T13:57:00Z,195.105,195.135,195.015,195.045
2026-09-28T13:57:00Z,2026-09-28T13:58:00Z,195.05,195.19,195.035,195.19
2026-09-28T13:58:00Z,2026-09-28T13:59:00Z,195.2,195.27,195.14,195.14
2026-09-28T13:59:00Z,2026-09-28T14:00:00Z,195.135,195.225,195.1,195.195
2026-09-28T14:00:00Z,2026-09-28T14:01:00Z,195.185,195.38,195.155,195.375
2026-09-28T14:01:00Z,2026-09-28T14:02:00Z,195.37,195.38,195.115,195.17
2026-09-28T14:02:00Z,2026-09-28T14:03:00Z,195.165,195.19,195.055,195.075
2026-09-28T14:03:00Z,2026-09-28T14:04:00Z,195.09,195.145,194.98,195.04
2026-09-28T14:04:00Z,2026-09-28T14:05:00Z,195.03,195.045,194.86,194.875
2026-09-28T14:05:00Z,2026-09-28T14:06:00Z,194.88,194.885,194.69,194.705
2026-09-28T14:06:00Z,2026-09-28T14:07:00Z,194.7,194.825,194.61,194.8
2026-09-28T14:07:00Z,2026-09-28T14:08:00Z,194.805,194.83,194.655,194.735
2026-09-28T14:08:00Z,2026-09-28T14:09:00Z,194.73,194.74,194.605,194.635
2026-09-28T14:09:00Z,2026-09-28T14:10:00Z,194.63,194.725,194.56,194.58
2026-09-28T14:10:00Z,2026-09-28T14:11:00Z,194.57,194.57,194.375,194.395
2026-09-28T14:11:00Z,2026-09-28T14:12:00Z,194.39,194.425,194.265,194.35
2026-09-28T14:12:00Z,2026-09-28T14:13:00Z,194.365,194.37,194.195,194.23
2026-09-28T14:13:00Z,2026-09-28T14:14:00Z,194.225,194.32,194.17,194.26
2026-09-28T14:14:00Z,2026-09-28T14:15:00Z,194.265,194.265,194.06,194.185
2026-09-28T14:15:00Z,2026-09-28T14:16:00Z,194.18,194.435,194.175,194.35
2026-09-28T14:16:00Z,2026-09-28T14:17:00Z,194.36,194.43,194.31,194.415
2026-09-28T14:17:00Z,2026-09-28T14:18:00Z,194.42,194.49,194.36,194.49
2026-09-28T14:18:00Z,2026-09-28T14:19:00Z,194.5,194.58,194.47,194.55
2026-09-28T14:19:00Z,2026-09-28T14:20:00Z,194.555,194.615,194.545,194.56
2026-09-28T14:20:00Z,2026-09-28T14:21:00Z,194.55,194.665,194.415,194.64
2026-09-28T14:21:00Z,2026-09-28T14:22:00Z,194.635,194.675,194.48,194.54
2026-09-28T14:22:00Z,2026-09-28T14:23:00Z,194.545,194.8,194.545,194.79
2026-09-28T14:23:00Z,2026-09-28T14:24:00Z,194.78,194.78,194.675,194.7
2026-09-28T14:24:00Z,2026-09-28T14:25:00Z,194.695,194.7,194.62,194.67
2026-09-28T14:25:00Z,2026-09-28T14:26:00Z,194.665,194.71,194.52,194.525
2026-09-28T14:26:00Z,2026-09-28T14:27:00Z,194.53,194.565,194.415,194.48
2026-09-28T14:27:00Z,2026-09-28T14:28:00Z,194.49,194.515,194.42,194.46
2026-09-28T14:28:00Z,2026-09-28T14:29:00Z,194.455,194.485,194.39,194.435
2026-09-28T14:29:00Z,2026-09-28T14:30:00Z,194.43,194.44,194.22,194.29
2026-09-28T14:30:00Z,2026-09-28T14:31:00Z,194.285,194.31,194.215,194.255
2026-09-28T14:31:00Z,2026-09-28T14:32:00Z,194.25,194.27,194.185,194.24
2026-09-28T14:32:00Z,2026-09-28T14:33:00Z,194.235,194.375,194.195,194.37
2026-09-28T14:33:00Z,2026-09-28T14:34:00Z,194.38,194.465,194.315,194.36
2026-09-28T14:34:00Z,2026-09-28T14:35:00Z,194.355,194.38,194.31,194.32
2026-09-28T14:35:00Z,2026-09-28T14:36:00Z,194.325,194.355,194.21,194.23
2026-09-28T14:36:00Z,2026-09-28T14:37:00Z,194.235,194.275,194.15,194.17
2026-09-28T14:37:00Z,2026-09-28T14:38:00Z,194.16,194.205,193.95,193.955
2026-09-28T14:38:00Z,2026-09-28T14:39:00Z,193.94,193.96,193.79,193.855
2026-09-28T14:39:00Z,2026-09-28T14:40:00Z,193.85,193.94,193.83,193.865
2026-09-28T14:40:00Z,2026-09-28T14:41:00Z,193.87,193.98,193.84,193.89
2026-09-28T14:41:00Z,2026-09-28T14:42:00Z,193.895,193.93,193.775,193.895
2026-09-28T14:42:00Z,2026-09-28T14:43:00Z,193.89,193.9,193.735,193.77
2026-09-28T14:43:00Z,2026-09-28T14:44:00Z,193.775,193.775,193.49,193.5
2026-09-28T14:44:00Z,2026-09-28T14:45:00Z,193.495,193.5,193.3,193.345
2026-09-28T14:45:00Z,2026-09-28T14:46:00Z,193.34,193.37,193.05,193.12
2026-09-28T14:46:00Z,2026-09-28T14:47:00Z,193.13,193.19,192.99,193.035
2026-09-28T14:47:00Z,2026-09-28T14:48:00Z,193.03,193.04,192.765,192.8
2026-09-28T14:48:00Z,2026-09-28T14:49:00Z,192.79,192.86,192.665,192.835
2026-09-28T14:49:00Z,2026-09-28T14:50:00Z,192.82,192.945,192.815,192.89
2026-09-28T14:50:00Z,2026-09-28T14:51:00Z,192.885,193.13,192.87,193.07
2026-09-28T14:51:00Z,2026-09-28T14:52:00Z,193.075,193.1,192.945,192.96
2026-09-28T14:52:00Z,2026-09-28T14:53:00Z,192.955,193.035,192.865,192.88
2026-09-28T14:53:00Z,2026-09-28T14:54:00Z,192.87,193.02,192.85,192.885
2026-09-28T14:54:00Z,2026-09-28T14:55:00Z,192.88,192.95,192.8,192.87
2026-09-28T14:55:00Z,2026-09-28T14:56:00Z,192.855,192.94,192.82,192.835
2026-09-28T14:56:00Z,2026-09-28T14:57:00Z,192.85,193.135,192.845,193.11
2026-09-28T14:57:00Z,2026-09-28T14:58:00Z,193.1,193.185,193.045,193.15
2026-09-28T14:58:00Z,2026-09-28T14:59:00Z,193.16,193.23,193.08,193.115
2026-09-28T14:59:00Z,2026-09-28T15:00:00Z,193.125,193.14,193.03,193.135
2026-09-28T15:00:00Z,2026-09-28T15:01:00Z,193.13,193.245,193.1,193.17
2026-09-28T15:01:00Z,2026-09-28T15:02:00Z,193.175,193.34,193.17,193.245
2026-09-28T15:02:00Z,2026-09-28T15:03:00Z,193.24,193.34,193.24,193.29
2026-09-28T15:03:00Z,2026-09-28T15:04:00Z,193.295,193.415,193.28,193.4
2026-09-28T15:04:00Z,2026-09-28T15:05:00Z,193.41,193.41,193.33,193.38
2026-09-28T15:05:00Z,2026-09-28T15:06:00Z,193.39,193.43,193.34,193.38
2026-09-28T15:06:00Z,2026-09-28T15:07:00Z,193.39,193.545,193.255,193.51
2026-09-28T15:07:00Z,2026-09-28T15:08:00Z,193.525,193.73,193.515,193.72
2026-09-28T15:08:00Z,2026-09-28T15:09:00Z,193.73,193.785,193.655,193.685
2026-09-28T15:09:00Z,2026-09-28T15:10:00Z,193.675,193.705,193.67,193.705
2026-09-23T18:11:00Z,2026-09-23T18:12:00Z,194.975,195.04,194.975,195.01
2026-09-23T18:12:00Z,2026-09-23T18:13:00Z,195.02,195.035,194.975,195.035
2026-09-23T18:13:00Z,2026-09-23T18:14:00Z,195.03,195.035,194.99,195.005
2026-09-23T18:14:00Z,2026-09-23T18:15:00Z,195.01,195.055,194.98,195.055
2026-09-23T18:15:00Z,2026-09-23T18:16:00Z,195.06,195.11,195.02,195.1
2026-09-23T18:16:00Z,2026-09-23T18:17:00Z,195.105,195.16,195.1,195.115
2026-09-23T18:17:00Z,2026-09-23T18:18:00Z,195.115,195.165,195.11,195.16
2026-09-23T18:18:00Z,2026-09-23T18:19:00Z,195.16,195.235,195.15,195.23
2026-09-23T18:19:00Z,2026-09-23T18:20:00Z,195.23,195.245,195.165,195.175
2026-09-23T18:20:00Z,2026-09-23T18:21:00Z,195.17,195.2,195.155,195.17
2026-09-23T18:21:00Z,2026-09-23T18:22:00Z,195.16,195.17,195.09,195.11
2026-09-23T18:22:00Z,2026-09-23T18:23:00Z,195.11,195.15,195.11,195.15
2026-09-23T18:23:00Z,2026-09-23T18:24:00Z,195.14,195.18,195.095,195.16
2026-09-23T18:24:00Z,2026-09-23T18:25:00Z,195.155,195.205,195.155,195.205
2026-09-23T18:25:00Z,2026-09-23T18:26:00Z,195.2,195.23,195.16,195.165
2026-09-23T18:26:00Z,2026-09-23T18:27:00Z,195.17,195.205,195.16,195.17
2026-09-23T18:27:00Z,2026-09-23T18:28:00Z,195.175,195.245,195.17,195.2
2026-09-23T18:28:00Z,2026-09-23T18:29:00Z,195.21,195.22,195.17,195.195
2026-09-23T18:29:00Z,2026-09-23T18:30:00Z,195.21,195.225,195.16,195.2
2026-09-23T18:30:00Z,2026-09-23T18:31:00Z,195.19,195.205,195.125,195.13
2026-09-23T18:31:00Z,2026-09-23T18:32:00Z,195.135,195.14,195.08,195.11
2026-09-23T18:32:00Z,2026-09-23T18:33:00Z,195.11,195.13,195.08,195.13
2026-09-23T18:33:00Z,2026-09-23T18:34:00Z,195.14,195.145,195.085,195.095
2026-09-23T18:34:00Z,2026-09-23T18:35:00Z,195.095,195.14,195.06,195.115
2026-09-23T18:35:00Z,2026-09-23T18:36:00Z,195.12,195.16,195.115,195.14
2026-09-23T18:36:00Z,2026-09-23T18:37:00Z,195.135,195.175,195.125,195.135
2026-09-23T18:37:00Z,2026-09-23T18:38:00Z,195.135,195.135,195.06,195.06
2026-09-23T18:38:00Z,2026-09-23T18:39:00Z,195.06,195.07,194.995,195.05
2026-09-23T18:39:00Z,2026-09-23T18:40:00Z,195.045,195.065,195.03,195.04
2026-09-23T18:40:00Z,2026-09-23T18:41:00Z,195.045,195.115,195.045,195.1
2026-09-23T18:41:00Z,2026-09-23T18:42:00Z,195.095,195.095,195.02,195.03
2026-09-23T18:42:00Z,2026-09-23T18:43:00Z,195.025,195.09,195.025,195.07
2026-09-23T18:43:00Z,2026-09-23T18:44:00Z,195.075,195.145,195.075,195.13
2026-09-23T18:44:00Z,2026-09-23T18:45:00Z,195.135,195.135,195.08,195.095
2026-09-23T18:45:00Z,2026-09-23T18:46:00Z,195.09,195.115,195.085,195.105
2026-09-23T18:46:00Z,2026-09-23T18:47:00Z,195.1,195.11,195.075,195.085
2026-09-23T18:47:00Z,2026-09-23T18:48:00Z,195.085,195.115,195.075,195.08
2026-09-23T18:48:00Z,2026-09-23T18:49:00Z,195.075,195.155,195.045,195.15
2026-09-23T18:49:00Z,2026-09-23T18:50:00Z,195.155,195.2,195.145,195.195
2026-09-23T18:50:00Z,2026-09-23T18:51:00Z,195.19,195.245,195.175,195.18
2026-09-23T18:51:00Z,2026-09-23T18:52:00Z,195.185,195.225,195.175,195.215
2026-09-23T18:52:00Z,2026-09-23T18:53:00Z,195.22,195.22,195.135,195.155
2026-09-23T18:53:00Z,2026-09-23T18:54:00Z,195.15,195.18,195.135,195.18
2026-09-23T18:54:00Z,2026-09-23T18:55:00Z,195.175,195.175,195.115,195.14
2026-09-23T18:55:00Z,2026-09-23T18:56:00Z,195.135,195.215,195.12,195.215
2026-09-23T18:56:00Z,2026-09-23T18:57:00Z,195.22,195.25,195.215,195.23
2026-09-23T18:57:00Z,2026-09-23T18:58:00Z,195.235,195.24,195.19,195.235
2026-09-23T18:58:00Z,2026-09-23T18:59:00Z,195.245,195.255,195.225,195.24
2026-09-23T18:59:00Z,2026-09-23T19:00:00Z,195.245,195.275,195.215,195.225
2026-09-23T19:00:00Z,2026-09-23T19:01:00Z,195.215,195.215,195.135,195.19
2026-09-23T19:01:00Z,2026-09-23T19:02:00Z,195.185,195.24,195.18,195.19
2026-09-23T19:02:00Z,2026-09-23T19:03:00Z,195.195,195.195,195.13,195.135
2026-09-23T19:03:00Z,2026-09-23T19:04:00Z,195.14,195.165,195.01,195.01
2026-09-23T19:04:00Z,2026-09-23T19:05:00Z,195.015,195.07,195.01,195.025
2026-09-23T19:05:00Z,2026-09-23T19:06:00Z,195.025,195.075,195.005,195.065
2026-09-23T19:06:00Z,2026-09-23T19:07:00Z,195.065,195.19,195.04,195.185
2026-09-23T19:07:00Z,2026-09-23T19:08:00Z,195.18,195.325,195.175,195.26
2026-09-23T19:08:00Z,2026-09-23T19:09:00Z,195.27,195.28,195.245,195.26
2026-09-23T19:09:00Z,2026-09-23T19:10:00Z,195.265,195.275,195.13,195.15
2026-09-23T19:10:00Z,2026-09-23T19:11:00Z,195.15,195.195,195.14,195.155
2026-09-23T19:11:00Z,2026-09-23T19:12:00Z,195.155,195.17,195.105,195.11
2026-09-23T19:12:00Z,2026-09-23T19:13:00Z,195.12,195.13,195.025,195.03
2026-09-23T19:13:00Z,2026-09-23T19:14:00Z,195.035,195.065,194.985,195.065
2026-09-23T19:14:00Z,2026-09-23T19:15:00Z,195.065,195.09,195.055,195.07
2026-09-23T19:15:00Z,2026-09-23T19:16:00Z,195.07,195.1,194.96,194.96
2026-09-23T19:16:00Z,2026-09-23T19:17:00Z,194.965,194.975,194.92,194.95
2026-09-23T19:17:00Z,2026-09-23T19:18:00Z,194.94,195.01,194.92,195.01
2026-09-23T19:18:00Z,2026-09-23T19:19:00Z,195.015,195.06,195,195.05
2026-09-23T19:19:00Z,2026-09-23T19:20:00Z,195.05,195.08,195,195.03
2026-09-23T19:20:00Z,2026-09-23T19:21:00Z,195.025,195.03,194.975,194.995
2026-09-23T19:21:00Z,2026-09-23T19:22:00Z,194.995,195.05,194.98,195.035
2026-09-23T19:22:00Z,2026-09-23T19:23:00Z,195.04,195.045,194.99,194.99
2026-09-23T19:23:00Z,2026-09-23T19:24:00Z,195,195.04,195,195.02
2026-09-23T19:24:00Z,2026-09-23T19:25:00Z,195.02,195.065,194.995,195.06
2026-09-23T19:25:00Z,2026-09-23T19:26:00Z,195.055,195.115,195.035,195.035
2026-09-23T19:26:00Z,2026-09-23T19:27:00Z,195.045,195.07,195.01,195.02
2026-09-23T19:27:00Z,2026-09-23T19:28:00Z,195.02,195.095,195.01,195.065
2026-09-23T19:28:00Z,2026-09-23T19:29:00Z,195.07,195.095,195.04,195.055
2026-09-23T19:29:00Z,2026-09-23T19:30:00Z,195.05,195.075,195.02,195.055
2026-09-23T19:30:00Z,2026-09-23T19:31:00Z,195.06,195.12,195.025,195.08
2026-09-23T19:31:00Z,2026-09-23T19:32:00Z,195.075,195.08,195.045,195.065
2026-09-23T19:32:00Z,2026-09-23T19:33:00Z,195.07,195.125,195.055,195.115
2026-09-23T19:33:00Z,2026-09-23T19:34:00Z,195.12,195.17,195.095,195.16
2026-09-23T19:34:00Z,2026-09-23T19:35:00Z,195.16,195.22,195.155,195.2
2026-09-23T19:35:00Z,2026-09-23T19:36:00Z,195.195,195.22,195.14,195.22
2026-09-23T19:36:00Z,2026-09-23T19:37:00Z,195.215,195.25,195.205,195.23
2026-09-23T19:37:00Z,2026-09-23T19:38:00Z,195.225,195.265,195.16,195.265
2026-09-23T19:38:00Z,2026-09-23T19:39:00Z,195.26,195.26,195.195,195.2
2026-09-23T19:39:00Z,2026-09-23T19:40:00Z,195.205,195.28,195.2,195.265
2026-09-23T19:40:00Z,2026-09-23T19:41:00Z,195.27,195.335,195.26,195.275
2026-09-23T19:41:00Z,2026-09-23T19:42:00Z,195.275,195.28,195.195,195.2
2026-09-23T19:42:00Z,2026-09-23T19:43:00Z,195.195,195.195,195.065,195.065
2026-09-23T19:43:00Z,2026-09-23T19:44:00Z,195.07,195.08,195.015,195.075
2026-09-23T19:44:00Z,2026-09-23T19:45:00Z,195.08,195.115,195.025,195.1
2026-09-23T19:45:00Z,2026-09-23T19:46:00Z,195.105,195.145,195.08,195.145
2026-09-23T19:46:00Z,2026-09-23T19:47:00Z,195.16,195.165,195.095,195.16
2026-09-23T19:47:00Z,2026-09-23T19:48:00Z,195.16,195.265,195.155,195.265
2026-09-23T19:48:00Z,2026-09-23T19:49:00Z,195.275,195.275,195.225,195.26
2026-09-23T19:49:00Z,2026-09-23T19:50:00Z,195.275,195.28,195.225,195.265
2026-09-23T19:50:00Z,2026-09-23T19:51:00Z,195.27,195.27,194.965,195.025
2026-09-23T19:51:00Z,2026-09-23T19:52:00Z,195.03,195.065,194.895,194.9
2026-09-23T19:52:00Z,2026-09-23T19:53:00Z,194.91,194.915,194.81,194.85
2026-09-23T19:53:00Z,2026-09-23T19:54:00Z,194.855,194.985,194.845,194.985
2026-09-23T19:54:00Z,2026-09-23T19:55:00Z,194.98,195.02,194.855,194.86
2026-09-23T19:55:00Z,2026-09-23T19:56:00Z,194.92,195.165,194.92,195.07
2026-09-23T19:56:00Z,2026-09-23T19:57:00Z,195.085,195.085,194.99,195.065
2026-09-23T19:57:00Z,2026-09-23T19:58:00Z,195.06,195.23,195.045,195.185
2026-09-23T19:58:00Z,2026-09-23T19:59:00Z,195.18,195.235,195.165,195.215
2026-09-23T19:59:00Z,2026-09-23T20:00:00Z,195.2,195.385,195.12,195.32
2026-09-24T13:30:00Z,2026-09-24T13:31:00Z,193.095,193.095,192.695,192.82
2026-09-24T13:31:00Z,2026-09-24T13:32:00Z,192.83,192.87,192.63,192.865
2026-09-24T13:32:00Z,2026-09-24T13:33:00Z,192.87,193.02,192.64,192.65
2026-09-24T13:33:00Z,2026-09-24T13:34:00Z,192.675,192.925,192.61,192.76
2026-09-24T13:34:00Z,2026-09-24T13:35:00Z,192.755,193.02,192.73,192.95
2026-09-24T13:35:00Z,2026-09-24T13:36:00Z,192.95,193.185,192.875,193.145
2026-09-24T13:36:00Z,2026-09-24T13:37:00Z,193.14,193.285,193.105,193.125
2026-09-24T13:37:00Z,2026-09-24T13:38:00Z,193.135,193.225,192.95,193.215
2026-09-24T13:38:00Z,2026-09-24T13:39:00Z,193.195,193.5,193.18,193.435
2026-09-24T13:39:00Z,2026-09-24T13:40:00Z,193.435,193.445,193.335,193.385
2026-09-24T13:40:00Z,2026-09-24T13:41:00Z,193.375,193.375,193.22,193.345
2026-09-24T13:41:00Z,2026-09-24T13:42:00Z,193.355,193.365,193.04,193.055
2026-09-24T13:42:00Z,2026-09-24T13:43:00Z,193.06,193.295,193.05,193.15
2026-09-24T13:43:00Z,2026-09-24T13:44:00Z,193.155,193.25,193.125,193.235
2026-09-24T13:44:00Z,2026-09-24T13:45:00Z,193.23,193.395,193.225,193.38
2026-09-24T13:45:00Z,2026-09-24T13:46:00Z,193.4,193.54,193.305,193.48
2026-09-24T13:46:00Z,2026-09-24T13:47:00Z,193.47,193.535,193.375,193.52
2026-09-24T13:47:00Z,2026-09-24T13:48:00Z,193.51,193.685,193.485,193.655
2026-09-24T13:48:00Z,2026-09-24T13:49:00Z,193.66,193.67,193.405,193.44
2026-09-24T13:49:00Z,2026-09-24T13:50:00Z,193.455,193.475,193.255,193.325
2026-09-24T13:50:00Z,2026-09-24T13:51:00Z,193.34,193.42,193.25,193.365
2026-09-24T13:51:00Z,2026-09-24T13:52:00Z,193.37,193.485,193.275,193.28
2026-09-24T13:52:00Z,2026-09-24T13:53:00Z,193.285,193.44,193.26,193.31
2026-09-24T13:53:00Z,2026-09-24T13:54:00Z,193.305,193.35,193.18,193.185
2026-09-24T13:54:00Z,2026-09-24T13:55:00Z,193.18,193.21,192.915,192.98
2026-09-24T13:55:00Z,2026-09-24T13:56:00Z,192.985,193.15,192.965,193.05
2026-09-24T13:56:00Z,2026-09-24T13:57:00Z,193.055,193.145,192.92,193.07
2026-09-24T13:57:00Z,2026-09-24T13:58:00Z,193.065,193.15,193.03,193.09
2026-09-24T13:58:00Z,2026-09-24T13:59:00Z,193.095,193.185,193.05,193.155
2026-09-24T13:59:00Z,2026-09-24T14:00:00Z,193.145,193.32,193.13,193.305
2026-09-24T14:00:00Z,2026-09-24T14:01:00Z,193.31,193.57,193.235,193.47
2026-09-24T14:01:00Z,2026-09-24T14:02:00Z,193.465,193.59,193.31,193.32
2026-09-24T14:02:00Z,2026-09-24T14:03:00Z,193.31,193.415,193.305,193.36
2026-09-24T14:03:00Z,2026-09-24T14:04:00Z,193.37,193.46,193.335,193.46
2026-09-24T14:04:00Z,2026-09-24T14:05:00Z,193.455,193.59,193.455,193.575
2026-09-24T14:05:00Z,2026-09-24T14:06:00Z,193.58,193.59,193.505,193.56
2026-09-24T14:06:00Z,2026-09-24T14:07:00Z,193.55,193.555,193.405,193.45
2026-09-24T14:07:00Z,2026-09-24T14:08:00Z,193.455,193.58,193.41,193.56
2026-09-24T14:08:00Z,2026-09-24T14:09:00Z,193.565,193.58,193.34,193.37
2026-09-24T14:09:00Z,2026-09-24T14:10:00Z,193.365,193.43,193.325,193.325
2026-09-24T14:10:00Z,2026-09-24T14:11:00Z,193.335,193.345,193.195,193.33
2026-09-24T14:11:00Z,2026-09-24T14:12:00Z,193.325,193.325,193.13,193.14
2026-09-24T14:12:00Z,2026-09-24T14:13:00Z,193.135,193.18,193.07,193.1
2026-09-24T14:13:00Z,2026-09-24T14:14:00Z,193.105,193.255,193.085,193.24
2026-09-24T14:14:00Z,2026-09-24T14:15:00Z,193.24,193.28,193.19,193.26
2026-09-24T14:15:00Z,2026-09-24T14:16:00Z,193.27,193.41,193.19,193.2
2026-09-24T14:16:00Z,2026-09-24T14:17:00Z,193.195,193.245,193.14,193.24
2026-09-24T14:17:00Z,2026-09-24T14:18:00Z,193.24,193.295,193.095,193.2
2026-09-24T14:18:00Z,2026-09-24T14:19:00Z,193.21,193.36,193.18,193.3
2026-09-24T14:19:00Z,2026-09-24T14:20:00Z,193.305,193.36,193.25,193.285
2026-09-24T14:20:00Z,2026-09-24T14:21:00Z,193.28,193.335,193.225,193.305
2026-09-24T14:21:00Z,2026-09-24T14:22:00Z,193.3,193.33,193.235,193.25
2026-09-24T14:22:00Z,2026-09-24T14:23:00Z,193.26,193.32,193.215,193.32
2026-09-24T14:23:00Z,2026-09-24T14:24:00Z,193.325,193.465,193.32,193.42
2026-09-24T14:24:00Z,2026-09-24T14:25:00Z,193.43,193.485,193.28,193.305
2026-09-24T14:25:00Z,2026-09-24T14:26:00Z,193.3,193.395,193.27,193.38
2026-09-24T14:26:00Z,2026-09-24T14:27:00Z,193.385,193.465,193.385,193.395
2026-09-24T14:27:00Z,2026-09-24T14:28:00Z,193.4,193.595,193.365,193.59
2026-09-24T14:28:00Z,2026-09-24T14:29:00Z,193.58,193.61,193.5,193.585
2026-09-24T14:29:00Z,2026-09-24T14:30:00Z,193.58,193.625,193.535,193.625
2026-09-24T14:30:00Z,2026-09-24T14:31:00Z,193.63,193.645,193.435,193.485
2026-09-24T14:31:00Z,2026-09-24T14:32:00Z,193.48,193.555,193.475,193.52
2026-09-24T14:32:00Z,2026-09-24T14:33:00Z,193.525,193.61,193.485,193.53
2026-09-24T14:33:00Z,2026-09-24T14:34:00Z,193.54,193.625,193.49,193.59
2026-09-24T14:34:00Z,2026-09-24T14:35:00Z,193.595,193.64,193.54,193.61
2026-09-24T14:35:00Z,2026-09-24T14:36:00Z,193.6,193.69,193.55,193.66
2026-09-24T14:36:00Z,2026-09-24T14:37:00Z,193.655,193.67,193.47,193.51
2026-09-24T14:37:00Z,2026-09-24T14:38:00Z,193.515,193.55,193.485,193.5
2026-09-24T14:38:00Z,2026-09-24T14:39:00Z,193.51,193.525,193.41,193.415
2026-09-24T14:39:00Z,2026-09-24T14:40:00Z,193.42,193.51,193.36,193.455
2026-09-24T14:40:00Z,2026-09-24T14:41:00Z,193.45,193.49,193.43,193.455
2026-09-24T14:41:00Z,2026-09-24T14:42:00Z,193.465,193.475,193.4,193.445
2026-09-24T14:42:00Z,2026-09-24T14:43:00Z,193.44,193.585,193.435,193.49
2026-09-24T14:43:00Z,2026-09-24T14:44:00Z,193.5,193.5,193.39,193.395
2026-09-24T14:44:00Z,2026-09-24T14:45:00Z,193.395,193.405,193.275,193.34
2026-09-24T14:45:00Z,2026-09-24T14:46:00Z,193.34,193.39,193.33,193.345
2026-09-24T14:46:00Z,2026-09-24T14:47:00Z,193.34,193.45,193.29,193.445
2026-09-24T14:47:00Z,2026-09-24T14:48:00Z,193.45,193.58,193.43,193.555
2026-09-24T14:48:00Z,2026-09-24T14:49:00Z,193.56,193.57,193.44,193.44
2026-09-24T14:49:00Z,2026-09-24T14:50:00Z,193.445,193.49,193.4,193.43
2026-09-24T14:50:00Z,2026-09-24T14:51:00Z,193.435,193.54,193.37,193.37
2026-09-24T14:51:00Z,2026-09-24T14:52:00Z,193.365,193.385,193.285,193.3
2026-09-24T14:52:00Z,2026-09-24T14:53:00Z,193.295,193.33,193.18,193.205
2026-09-24T14:53:00Z,2026-09-24T14:54:00Z,193.2,193.2,193.09,193.19
2026-09-24T14:54:00Z,2026-09-24T14:55:00Z,193.195,193.24,193.165,193.195
2026-09-24T14:55:00Z,2026-09-24T14:56:00Z,193.2,193.2,193.045,193.065
2026-09-24T14:56:00Z,2026-09-24T14:57:00Z,193.07,193.11,193.05,193.09
2026-09-24T14:57:00Z,2026-09-24T14:58:00Z,193.095,193.105,193.01,193.06
2026-09-24T14:58:00Z,2026-09-24T14:59:00Z,193.055,193.075,192.98,193.02
2026-09-24T14:59:00Z,2026-09-24T15:00:00Z,193.02,193.04,192.945,193.04
2026-09-24T15:00:00Z,2026-09-24T15:01:00Z,193.035,193.135,193.035,193.075
2026-09-24T15:01:00Z,2026-09-24T15:02:00Z,193.08,193.125,193.055,193.08
2026-09-24T15:02:00Z,2026-09-24T15:03:00Z,193.085,193.26,193.06,193.175
2026-09-24T15:03:00Z,2026-09-24T15:04:00Z,193.17,193.245,193.11,193.22
2026-09-24T15:04:00Z,2026-09-24T15:05:00Z,193.225,193.3,193.17,193.2
2026-09-24T15:05:00Z,2026-09-24T15:06:00Z,193.195,193.225,193.12,193.135
2026-09-24T15:06:00Z,2026-09-24T15:07:00Z,193.13,193.17,193.015,193.04
2026-09-24T15:07:00Z,2026-09-24T15:08:00Z,193.03,193.035,192.95,192.97
2026-09-24T15:08:00Z,2026-09-24T15:09:00Z,192.975,193.095,192.97,193.06
2026-09-24T15:09:00Z,2026-09-24T15:10:00Z,193.065,193.065,192.93,192.95
2026-09-24T15:10:00Z,2026-09-24T15:11:00Z,192.94,193.02,192.935,193.01
2026-09-24T15:11:00Z,2026-09-24T15:12:00Z,193.005,193.01,192.965,192.985
2026-09-24T15:12:00Z,2026-09-24T15:13:00Z,192.98,193.06,192.925,192.94
2026-09-24T15:13:00Z,2026-09-24T15:14:00Z,192.94,192.95,192.83,192.9
2026-09-24T15:14:00Z,2026-09-24T15:15:00Z,192.905,192.95,192.82,192.86
2026-09-24T15:15:00Z,2026-09-24T15:16:00Z,192.85,192.96,192.82,192.93
2026-09-24T15:16:00Z,2026-09-24T15:17:00Z,192.935,193.11,192.915,193.025
2026-09-24T15:17:00Z,2026-09-24T15:18:00Z,193.035,193.12,192.99,193.075
2026-09-24T15:18:00Z,2026-09-24T15:19:00Z,193.075,193.08,192.92,192.96
2026-09-24T15:19:00Z,2026-09-24T15:20:00Z,192.97,192.97,192.88,192.935
2026-09-24T15:20:00Z,2026-09-24T15:21:00Z,192.94,192.95,192.87,192.92
2026-09-24T15:21:00Z,2026-09-24T15:22:00Z,192.915,193.025,192.895,193.02
2026-09-24T15:22:00Z,2026-09-24T15:23:00Z,193.015,193.065,192.965,193.045
2026-09-24T15:23:00Z,2026-09-24T15:24:00Z,193.055,193.13,193.005,193.12
2026-09-24T15:24:00Z,2026-09-24T15:25:00Z,193.125,193.235,193.115,193.22
2026-09-24T15:25:00Z,2026-09-24T15:26:00Z,193.215,193.22,193.05,193.08
2026-09-24T15:26:00Z,2026-09-24T15:27:00Z,193.08,193.1,193.03,193.045
2026-09-24T15:27:00Z,2026-09-24T15:28:00Z,193.05,193.055,193.005,193.05
2026-09-24T15:28:00Z,2026-09-24T15:29:00Z,193.04,193.05,192.96,192.97
2026-09-24T15:29:00Z,2026-09-24T15:30:00Z,192.97,193.02,192.955,193
2026-09-24T15:30:00Z,2026-09-24T15:31:00Z,193.005,193.05,192.945,192.955
2026-09-24T15:31:00Z,2026-09-24T15:32:00Z,192.95,193.03,192.94,192.995
2026-09-24T15:32:00Z,2026-09-24T15:33:00Z,193,193.055,192.935,193.05
2026-09-24T15:33:00Z,2026-09-24T15:34:00Z,193.055,193.075,193.01,193.05
2026-09-24T15:34:00Z,2026-09-24T15:35:00Z,193.045,193.11,193.03,193.08
2026-09-24T15:35:00Z,2026-09-24T15:36:00Z,193.075,193.165,193.03,193.1
2026-09-24T15:36:00Z,2026-09-24T15:37:00Z,193.11,193.165,193.09,193.14
2026-09-24T15:37:00Z,2026-09-24T15:38:00Z,193.135,193.175,193.135,193.16
2026-09-24T15:38:00Z,2026-09-24T15:39:00Z,193.155,193.17,193.09,193.095
2026-09-24T15:39:00Z,2026-09-24T15:40:00Z,193.08,193.1,192.98,193.03
2026-09-24T15:40:00Z,2026-09-24T15:41:00Z,193.04,193.11,193.02,193.02
2026-09-24T15:41:00Z,2026-09-24T15:42:00Z,193.015,193.09,193.015,193.07
2026-09-24T15:42:00Z,2026-09-24T15:43:00Z,193.07,193.08,192.965,193
2026-09-24T15:43:00Z,2026-09-24T15:44:00Z,192.995,193.1,192.99,193.1
2026-09-24T15:44:00Z,2026-09-24T15:45:00Z,193.095,193.2,193.09,193.18
2026-09-24T15:45:00Z,2026-09-24T15:46:00Z,193.185,193.28,193.185,193.25
2026-09-24T15:46:00Z,2026-09-24T15:47:00Z,193.255,193.255,193.195,193.195
2026-09-24T15:47:00Z,2026-09-24T15:48:00Z,193.2,193.255,193.14,193.155
2026-09-24T15:48:00Z,2026-09-24T15:49:00Z,193.15,193.165,193.05,193.055
2026-09-24T15:49:00Z,2026-09-24T15:50:00Z,193.05,193.085,193.005,193.06
2026-09-24T15:50:00Z,2026-09-24T15:51:00Z,193.06,193.275,193.05,193.27
2026-09-24T15:51:00Z,2026-09-24T15:52:00Z,193.275,193.31,193.245,193.3
2026-09-24T15:52:00Z,2026-09-24T15:53:00Z,193.29,193.375,193.285,193.36
2026-09-24T15:53:00Z,2026-09-24T15:54:00Z,193.36,193.435,193.35,193.37
2026-09-24T15:54:00Z,2026-09-24T15:55:00Z,193.375,193.435,193.335,193.435
2026-09-24T15:55:00Z,2026-09-24T15:56:00Z,193.43,193.47,193.38,193.38
2026-09-24T15:56:00Z,2026-09-24T15:57:00Z,193.37,193.39,193.29,193.35
2026-09-24T15:57:00Z,2026-09-24T15:58:00Z,193.35,193.35,193.29,193.325
2026-09-24T15:58:00Z,2026-09-24T15:59:00Z,193.325,193.38,193.305,193.37
2026-09-24T15:59:00Z,2026-09-24T16:00:00Z,193.375,193.4,193.305,193.31
2026-09-24T16:00:00Z,2026-09-24T16:01:00Z,193.3,193.33,193.125,193.14
2026-09-24T16:01:00Z,2026-09-24T16:02:00Z,193.135,193.195,193.09,193.14
2026-09-24T16:02:00Z,2026-09-24T16:03:00Z,193.145,193.2,193.105,193.17
2026-09-24T16:03:00Z,2026-09-24T16:04:00Z,193.17,193.18,193.1,193.155
2026-09-24T16:04:00Z,2026-09-24T16:05:00Z,193.16,193.24,193.125,193.235
2026-09-24T16:05:00Z,2026-09-24T16:06:00Z,193.24,193.255,193.185,193.25
2026-09-24T16:06:00Z,2026-09-24T16:07:00Z,193.245,193.245,193.12,193.16
2026-09-24T16:07:00Z,2026-09-24T16:08:00Z,193.16,193.17,193.055,193.11
2026-09-24T16:08:00Z,2026-09-24T16:09:00Z,193.105,193.12,193.07,193.115
2026-09-24T16:09:00Z,2026-09-24T16:10:00Z,193.1,193.15,193.095,193.145
2026-09-24T16:10:00Z,2026-09-24T16:11:00Z,193.145,193.19,193.14,193.16
2026-09-24T16:11:00Z,2026-09-24T16:12:00Z,193.16,193.16,193.045,193.055
2026-09-24T16:12:00Z,2026-09-24T16:13:00Z,193.05,193.14,193.05,193.08
2026-09-24T16:13:00Z,2026-09-24T16:14:00Z,193.08,193.195,193.065,193.195
2026-09-24T16:14:00Z,2026-09-24T16:15:00Z,193.195,193.33,193.18,193.33
2026-09-24T16:15:00Z,2026-09-24T16:16:00Z,193.35,193.89,193.35,193.82
2026-09-24T16:16:00Z,2026-09-24T16:17:00Z,193.84,194.41,193.785,194.325
2026-09-24T16:17:00Z,2026-09-24T16:18:00Z,194.315,194.49,194.245,194.415
2026-09-24T16:18:00Z,2026-09-24T16:19:00Z,194.42,194.655,194.285,194.305
2026-09-24T16:19:00Z,2026-09-24T16:20:00Z,194.3,194.4,194.11,194.25
2026-09-24T16:20:00Z,2026-09-24T16:21:00Z,194.26,194.43,194.21,194.335
2026-09-24T16:21:00Z,2026-09-24T16:22:00Z,194.34,194.345,194.085,194.11
2026-09-24T16:22:00Z,2026-09-24T16:23:00Z,194.125,194.375,194.115,194.355
2026-09-24T16:23:00Z,2026-09-24T16:24:00Z,194.35,194.4,194.23,194.25
2026-09-24T16:24:00Z,2026-09-24T16:25:00Z,194.255,194.32,194.18,194.28
2026-09-24T16:25:00Z,2026-09-24T16:26:00Z,194.285,194.35,194.005,194.03
2026-09-24T16:26:00Z,2026-09-24T16:27:00Z,194.035,194.19,194.03,194.14
2026-09-24T16:27:00Z,2026-09-24T16:28:00Z,194.135,194.26,194.01,194.25
2026-09-24T16:28:00Z,2026-09-24T16:29:00Z,194.235,194.365,194.23,194.32
2026-09-24T16:29:00Z,2026-09-24T16:30:00Z,194.315,194.33,194.26,194.28
2026-09-24T16:30:00Z,2026-09-24T16:31:00Z,194.285,194.31,194.195,194.26
2026-09-24T16:31:00Z,2026-09-24T16:32:00Z,194.265,194.355,194.18,194.18
2026-09-24T16:32:00Z,2026-09-24T16:33:00Z,194.175,194.195,194.1,194.155
2026-09-24T16:33:00Z,2026-09-24T16:34:00Z,194.15,194.24,194.125,194.23
2026-09-24T16:34:00Z,2026-09-24T16:35:00Z,194.225,194.23,194.13,194.22
2026-09-24T16:35:00Z,2026-09-24T16:36:00Z,194.225,194.355,194.195,194.335
2026-09-24T16:36:00Z,2026-09-24T16:37:00Z,194.34,194.565,194.34,194.56
2026-09-24T16:37:00Z,2026-09-24T16:38:00Z,194.565,194.665,194.565,194.58
2026-09-24T16:38:00Z,2026-09-24T16:39:00Z,194.575,194.64,194.555,194.6
2026-09-24T16:39:00Z,2026-09-24T16:40:00Z,194.605,194.65,194.585,194.635
2026-09-24T16:40:00Z,2026-09-24T16:41:00Z,194.625,194.815,194.575,194.815
2026-09-24T16:41:00Z,2026-09-24T16:42:00Z,194.815,194.98,194.815,194.98
2026-09-24T16:42:00Z,2026-09-24T16:43:00Z,194.985,195.16,194.985,195.145
2026-09-24T16:43:00Z,2026-09-24T16:44:00Z,195.15,195.16,195,195.03
2026-09-24T16:44:00Z,2026-09-24T16:45:00Z,195.04,195.08,194.685,194.69
2026-09-24T16:45:00Z,2026-09-24T16:46:00Z,194.7,194.73,194.525,194.63
2026-09-24T16:46:00Z,2026-09-24T16:47:00Z,194.635,194.74,194.605,194.7
2026-09-24T16:47:00Z,2026-09-24T16:48:00Z,194.71,194.725,194.61,194.675
2026-09-24T16:48:00Z,2026-09-24T16:49:00Z,194.68,194.945,194.68,194.915
2026-09-24T16:49:00Z,2026-09-24T16:50:00Z,194.92,195.015,194.84,194.975
2026-09-24T16:50:00Z,2026-09-24T16:51:00Z,194.98,195.015,194.915,194.95
2026-09-24T16:51:00Z,2026-09-24T16:52:00Z,194.96,195.125,194.955,195.03
2026-09-24T16:52:00Z,2026-09-24T16:53:00Z,195.035,195.055,194.79,194.815
2026-09-24T16:53:00Z,2026-09-24T16:54:00Z,194.82,194.85,194.71,194.75
2026-09-24T16:54:00Z,2026-09-24T16:55:00Z,194.74,194.89,194.72,194.81
2026-09-24T16:55:00Z,2026-09-24T16:56:00Z,194.815,194.9,194.78,194.83
2026-09-24T16:56:00Z,2026-09-24T16:57:00Z,194.825,195.02,194.8,195.02
2026-09-24T16:57:00Z,2026-09-24T16:58:00Z,195.015,195.13,194.99,194.995
2026-09-24T16:58:00Z,2026-09-24T16:59:00Z,194.98,195.05,194.97,195.02
2026-09-24T16:59:00Z,2026-09-24T17:00:00Z,195.02,195.025,194.97,195.005
2026-09-24T17:00:00Z,2026-09-24T17:01:00Z,194.995,194.995,194.815,194.87
2026-09-24T17:01:00Z,2026-09-24T17:02:00Z,194.875,195.045,194.855,194.97
2026-09-24T17:02:00Z,2026-09-24T17:03:00Z,194.975,194.98,194.785,194.96
2026-09-24T17:03:00Z,2026-09-24T17:04:00Z,194.965,195.17,194.96,195.11
2026-09-24T17:04:00Z,2026-09-24T17:05:00Z,195.12,195.13,194.96,195.11
2026-09-24T17:05:00Z,2026-09-24T17:06:00Z,195.115,195.22,195.05,195.055
2026-09-24T17:06:00Z,2026-09-24T17:07:00Z,195.06,195.12,195.02,195.04
2026-09-24T17:07:00Z,2026-09-24T17:08:00Z,195.03,195.12,194.995,195
2026-09-24T17:08:00Z,2026-09-24T17:09:00Z,194.995,195.075,194.94,195.07
2026-09-24T17:09:00Z,2026-09-24T17:10:00Z,195.08,195.08,194.95,194.95
2026-09-24T17:10:00Z,2026-09-24T17:11:00Z,194.95,194.955,194.755,194.82
2026-09-24T17:11:00Z,2026-09-24T17:12:00Z,194.83,194.85,194.735,194.82
2026-09-24T17:12:00Z,2026-09-24T17:13:00Z,194.81,194.84,194.745,194.76
2026-09-24T17:13:00Z,2026-09-24T17:14:00Z,194.755,194.85,194.69,194.85
2026-09-24T17:14:00Z,2026-09-24T17:15:00Z,194.855,194.93,194.845,194.9
2026-09-24T17:15:00Z,2026-09-24T17:16:00Z,194.91,194.93,194.74,194.77
2026-09-24T17:16:00Z,2026-09-24T17:17:00Z,194.78,194.855,194.755,194.775
2026-09-24T17:17:00Z,2026-09-24T17:18:00Z,194.77,194.86,194.75,194.75
2026-09-24T17:18:00Z,2026-09-24T17:19:00Z,194.775,194.945,194.75,194.9
2026-09-24T17:19:00Z,2026-09-24T17:20:00Z,194.895,194.9,194.66,194.665
2026-09-24T17:20:00Z,2026-09-24T17:21:00Z,194.655,194.675,194.555,194.66
2026-09-24T17:21:00Z,2026-09-24T17:22:00Z,194.665,194.72,194.605,194.64
2026-09-24T17:22:00Z,2026-09-24T17:23:00Z,194.645,194.745,194.63,194.7
2026-09-24T17:23:00Z,2026-09-24T17:24:00Z,194.69,194.72,194.645,194.68
2026-09-24T17:24:00Z,2026-09-24T17:25:00Z,194.675,194.745,194.555,194.58
2026-09-24T17:25:00Z,2026-09-24T17:26:00Z,194.575,194.61,194.455,194.46
2026-09-24T17:26:00Z,2026-09-24T17:27:00Z,194.465,194.505,194.325,194.38
2026-09-24T17:27:00Z,2026-09-24T17:28:00Z,194.375,194.455,194.36,194.43
2026-09-24T17:28:00Z,2026-09-24T17:29:00Z,194.445,194.57,194.435,194.55
2026-09-24T17:29:00Z,2026-09-24T17:30:00Z,194.545,194.57,194.52,194.555
2026-09-24T17:30:00Z,2026-09-24T17:31:00Z,194.55,194.68,194.54,194.655
2026-09-24T17:31:00Z,2026-09-24T17:32:00Z,194.66,194.725,194.625,194.64
2026-09-24T17:32:00Z,2026-09-24T17:33:00Z,194.635,194.685,194.595,194.64
2026-09-24T17:33:00Z,2026-09-24T17:34:00Z,194.635,194.64,194.53,194.56
2026-09-24T17:34:00Z,2026-09-24T17:35:00Z,194.56,194.56,194.39,194.39
2026-09-24T17:35:00Z,2026-09-24T17:36:00Z,194.385,194.465,194.365,194.4
2026-09-24T17:36:00Z,2026-09-24T17:37:00Z,194.395,194.46,194.375,194.41
2026-09-24T17:37:00Z,2026-09-24T17:38:00Z,194.415,194.43,194.33,194.34
2026-09-24T17:38:00Z,2026-09-24T17:39:00Z,194.34,194.36,194.25,194.33
2026-09-24T17:39:00Z,2026-09-24T17:40:00Z,194.345,194.425,194.345,194.38
2026-09-24T17:40:00Z,2026-09-24T17:41:00Z,194.375,194.445,194.365,194.4
2026-09-24T17:41:00Z,2026-09-24T17:42:00Z,194.405,194.425,194.315,194.34
2026-09-24T17:42:00Z,2026-09-24T17:43:00Z,194.33,194.455,194.33,194.335
2026-09-24T17:43:00Z,2026-09-24T17:44:00Z,194.34,194.345,194.08,194.12
2026-09-24T17:44:00Z,2026-09-24T17:45:00Z,194.115,194.165,194.05,194.06
2026-09-24T17:45:00Z,2026-09-24T17:46:00Z,194.065,194.125,194.01,194.11
2026-09-24T17:46:00Z,2026-09-24T17:47:00Z,194.115,194.215,194.1,194.185
2026-09-24T17:47:00Z,2026-09-24T17:48:00Z,194.19,194.28,194.17,194.28
2026-09-24T17:48:00Z,2026-09-24T17:49:00Z,194.27,194.295,194.195,194.225
2026-09-24T17:49:00Z,2026-09-24T17:50:00Z,194.21,194.315,194.205,194.29
2026-09-24T17:50:00Z,2026-09-24T17:51:00Z,194.28,194.31,194.23,194.24
2026-09-24T17:51:00Z,2026-09-24T17:52:00Z,194.245,194.285,194.2,194.21
2026-09-24T17:52:00Z,2026-09-24T17:53:00Z,194.22,194.28,194.135,194.175
2026-09-24T17:53:00Z,2026-09-24T17:54:00Z,194.18,194.235,194.125,194.13
2026-09-24T17:54:00Z,2026-09-24T17:55:00Z,194.135,194.145,194.04,194.11
2026-09-24T17:55:00Z,2026-09-24T17:56:00Z,194.115,194.14,194.045,194.045
2026-09-24T17:56:00Z,2026-09-24T17:57:00Z,194.04,194.26,194.035,194.22
2026-09-24T17:57:00Z,2026-09-24T17:58:00Z,194.215,194.215,194.135,194.16
2026-09-24T17:58:00Z,2026-09-24T17:59:00Z,194.17,194.17,194.095,194.14
2026-09-24T17:59:00Z,2026-09-24T18:00:00Z,194.14,194.22,194.14,194.17
2026-09-24T18:00:00Z,2026-09-24T18:01:00Z,194.17,194.17,194.06,194.065
2026-09-24T18:01:00Z,2026-09-24T18:02:00Z,194.075,194.085,193.845,193.925
2026-09-24T18:02:00Z,2026-09-24T18:03:00Z,193.92,193.93,193.82,193.83
2026-09-24T18:03:00Z,2026-09-24T18:04:00Z,193.835,193.835,193.625,193.685
2026-09-24T18:04:00Z,2026-09-24T18:05:00Z,193.68,193.725,193.58,193.61
2026-09-24T18:05:00Z,2026-09-24T18:06:00Z,193.605,193.665,193.57,193.63
2026-09-24T18:06:00Z,2026-09-24T18:07:00Z,193.635,193.82,193.575,193.78
2026-09-24T18:07:00Z,2026-09-24T18:08:00Z,193.77,193.85,193.705,193.77
2026-09-24T18:08:00Z,2026-09-24T18:09:00Z,193.775,194.01,193.775,193.91
2026-09-24T18:09:00Z,2026-09-24T18:10:00Z,193.92,194.01,193.915,193.955
2026-09-24T18:10:00Z,2026-09-24T18:11:00Z,193.97,194.03,193.935,193.97
2026-09-24T18:11:00Z,2026-09-24T18:12:00Z,193.96,194.13,193.96,194.05
2026-09-24T18:12:00Z,2026-09-24T18:13:00Z,194.06,194.07,193.965,193.975
2026-09-24T18:13:00Z,2026-09-24T18:14:00Z,193.97,194.02,193.95,193.975
2026-09-24T18:14:00Z,2026-09-24T18:15:00Z,193.98,194.065,193.975,194.055
2026-09-24T18:15:00Z,2026-09-24T18:16:00Z,194.055,194.105,194.025,194.09
2026-09-24T18:16:00Z,2026-09-24T18:17:00Z,194.08,194.22,194.08,194.15
2026-09-24T18:17:00Z,2026-09-24T18:18:00Z,194.165,194.265,194.15,194.245
2026-09-24T18:18:00Z,2026-09-24T18:19:00Z,194.25,194.305,194.165,194.19
2026-09-24T18:19:00Z,2026-09-24T18:20:00Z,194.17,194.225,194.155,194.215
2026-09-24T18:20:00Z,2026-09-24T18:21:00Z,194.21,194.25,194.095,194.115
2026-09-24T18:21:00Z,2026-09-24T18:22:00Z,194.115,194.21,194.115,194.19
2026-09-24T18:22:00Z,2026-09-24T18:23:00Z,194.19,194.25,194.19,194.22
2026-09-24T18:23:00Z,2026-09-24T18:24:00Z,194.22,194.335,194.205,194.315
2026-09-24T18:24:00Z,2026-09-24T18:25:00Z,194.31,194.33,194.28,194.305
2026-09-24T18:25:00Z,2026-09-24T18:26:00Z,194.3,194.5,194.295,194.37
2026-09-24T18:26:00Z,2026-09-24T18:27:00Z,194.38,194.535,194.38,194.49
2026-09-24T18:27:00Z,2026-09-24T18:28:00Z,194.485,194.5,194.42,194.455
2026-09-24T18:28:00Z,2026-09-24T18:29:00Z,194.45,194.51,194.415,194.46
2026-09-24T18:29:00Z,2026-09-24T18:30:00Z,194.45,194.49,194.42,194.46
2026-09-24T18:30:00Z,2026-09-24T18:31:00Z,194.455,194.52,194.435,194.46
2026-09-24T18:31:00Z,2026-09-24T18:32:00Z,194.47,194.47,194.34,194.43
2026-09-24T18:32:00Z,2026-09-24T18:33:00Z,194.425,194.43,194.315,194.36
2026-09-24T18:33:00Z,2026-09-24T18:34:00Z,194.365,194.425,194.365,194.385
2026-09-24T18:34:00Z,2026-09-24T18:35:00Z,194.39,194.43,194.325,194.335
2026-09-24T18:35:00Z,2026-09-24T18:36:00Z,194.33,194.36,194.23,194.275
2026-09-24T18:36:00Z,2026-09-24T18:37:00Z,194.27,194.37,194.255,194.33
2026-09-24T18:37:00Z,2026-09-24T18:38:00Z,194.32,194.38,194.305,194.33
2026-09-24T18:38:00Z,2026-09-24T18:39:00Z,194.335,194.605,194.31,194.58
2026-09-24T18:39:00Z,2026-09-24T18:40:00Z,194.59,194.76,194.5,194.54
2026-09-24T18:40:00Z,2026-09-24T18:41:00Z,194.535,194.535,194.39,194.44
2026-09-24T18:41:00Z,2026-09-24T18:42:00Z,194.445,194.47,194.39,194.45
2026-09-24T18:42:00Z,2026-09-24T18:43:00Z,194.455,194.5,194.37,194.425
2026-09-24T18:43:00Z,2026-09-24T18:44:00Z,194.43,194.45,194.35,194.45
2026-09-24T18:44:00Z,2026-09-24T18:45:00Z,194.44,194.515,194.43,194.495
2026-09-24T18:45:00Z,2026-09-24T18:46:00Z,194.49,194.62,194.49,194.575
2026-09-24T18:46:00Z,2026-09-24T18:47:00Z,194.58,194.625,194.555,194.615
2026-09-24T18:47:00Z,2026-09-24T18:48:00Z,194.61,194.635,194.59,194.615
2026-09-24T18:48:00Z,2026-09-24T18:49:00Z,194.61,194.675,194.6,194.66
2026-09-24T18:49:00Z,2026-09-24T18:50:00Z,194.655,194.66,194.6,194.64
2026-09-24T18:50:00Z,2026-09-24T18:51:00Z,194.645,194.81,194.62,194.765
2026-09-24T18:51:00Z,2026-09-24T18:52:00Z,194.77,194.77,194.675,194.745
2026-09-24T18:52:00Z,2026-09-24T18:53:00Z,194.75,194.88,194.75,194.845
2026-09-24T18:53:00Z,2026-09-24T18:54:00Z,194.85,194.85,194.79,194.82
2026-09-24T18:54:00Z,2026-09-24T18:55:00Z,194.805,194.83,194.785,194.81
2026-09-24T18:55:00Z,2026-09-24T18:56:00Z,194.815,194.905,194.805,194.89
2026-09-24T18:56:00Z,2026-09-24T18:57:00Z,194.895,194.945,194.875,194.94
2026-09-24T18:57:00Z,2026-09-24T18:58:00Z,194.935,194.995,194.925,194.965
2026-09-24T18:58:00Z,2026-09-24T18:59:00Z,194.97,195.02,194.925,194.995
2026-09-24T18:59:00Z,2026-09-24T19:00:00Z,195,195.025,194.915,194.935
2026-09-24T19:00:00Z,2026-09-24T19:01:00Z,194.94,194.96,194.84,194.89
2026-09-24T19:01:00Z,2026-09-24T19:02:00Z,194.89,194.895,194.7,194.76
2026-09-24T19:02:00Z,2026-09-24T19:03:00Z,194.77,194.795,194.64,194.65
2026-09-24T19:03:00Z,2026-09-24T19:04:00Z,194.655,194.675,194.565,194.565
2026-09-24T19:04:00Z,2026-09-24T19:05:00Z,194.57,194.63,194.565,194.63
2026-09-24T19:05:00Z,2026-09-24T19:06:00Z,194.625,194.695,194.615,194.69
2026-09-24T19:06:00Z,2026-09-24T19:07:00Z,194.685,194.705,194.645,194.66
2026-09-24T19:07:00Z,2026-09-24T19:08:00Z,194.65,194.7,194.61,194.665
2026-09-24T19:08:00Z,2026-09-24T19:09:00Z,194.67,194.71,194.645,194.65
2026-09-24T19:09:00Z,2026-09-24T19:10:00Z,194.645,194.665,194.595,194.635
2026-09-24T19:10:00Z,2026-09-24T19:11:00Z,194.63,194.685,194.55,194.56
2026-09-24T19:11:00Z,2026-09-24T19:12:00Z,194.555,194.595,194.52,194.58
2026-09-24T19:12:00Z,2026-09-24T19:13:00Z,194.57,194.6,194.55,194.6
2026-09-24T19:13:00Z,2026-09-24T19:14:00Z,194.595,194.655,194.585,194.625
2026-09-24T19:14:00Z,2026-09-24T19:15:00Z,194.62,194.625,194.51,194.515
2026-09-24T19:15:00Z,2026-09-24T19:16:00Z,194.51,194.615,194.51,194.61
2026-09-24T19:16:00Z,2026-09-24T19:17:00Z,194.615,194.73,194.6,194.71
2026-09-24T19:17:00Z,2026-09-24T19:18:00Z,194.715,194.78,194.715,194.75
2026-09-24T19:18:00Z,2026-09-24T19:19:00Z,194.75,194.825,194.735,194.795
2026-09-24T19:19:00Z,2026-09-24T19:20:00Z,194.79,194.795,194.73,194.78
2026-09-24T19:20:00Z,2026-09-24T19:21:00Z,194.775,194.8,194.74,194.745
2026-09-24T19:21:00Z,2026-09-24T19:22:00Z,194.745,194.78,194.715,194.78
2026-09-24T19:22:00Z,2026-09-24T19:23:00Z,194.775,194.785,194.745,194.77
2026-09-24T19:23:00Z,2026-09-24T19:24:00Z,194.765,194.77,194.705,194.74
2026-09-24T19:24:00Z,2026-09-24T19:25:00Z,194.735,194.815,194.73,194.8
2026-09-24T19:25:00Z,2026-09-24T19:26:00Z,194.805,194.845,194.79,194.795
2026-09-24T19:26:00Z,2026-09-24T19:27:00Z,194.8,194.84,194.77,194.815
2026-09-24T19:27:00Z,2026-09-24T19:28:00Z,194.81,194.81,194.745,194.745
2026-09-24T19:28:00Z,2026-09-24T19:29:00Z,194.745,194.76,194.705,194.705
2026-09-24T19:29:00Z,2026-09-24T19:30:00Z,194.71,194.715,194.6,194.63
2026-09-24T19:30:00Z,2026-09-24T19:31:00Z,194.625,194.7,194.605,194.68
2026-09-24T19:31:00Z,2026-09-24T19:32:00Z,194.685,194.755,194.665,194.755
2026-09-24T19:32:00Z,2026-09-24T19:33:00Z,194.75,194.75,194.655,194.66
2026-09-24T19:33:00Z,2026-09-24T19:34:00Z,194.66,194.725,194.66,194.72
2026-09-24T19:34:00Z,2026-09-24T19:35:00Z,194.715,194.79,194.7,194.785
2026-09-24T19:35:00Z,2026-09-24T19:36:00Z,194.78,194.78,194.665,194.705
2026-09-24T19:36:00Z,2026-09-24T19:37:00Z,194.71,194.765,194.71,194.745
2026-09-24T19:37:00Z,2026-09-24T19:38:00Z,194.74,194.745,194.63,194.66
2026-09-24T19:38:00Z,2026-09-24T19:39:00Z,194.665,194.705,194.64,194.69
2026-09-24T19:39:00Z,2026-09-24T19:40:00Z,194.695,194.745,194.685,194.745
2026-09-24T19:40:00Z,2026-09-24T19:41:00Z,194.745,194.8,194.675,194.675
2026-09-24T19:41:00Z,2026-09-24T19:42:00Z,194.675,194.705,194.645,194.685
2026-09-24T19:42:00Z,2026-09-24T19:43:00Z,194.69,194.69,194.605,194.62
2026-09-24T19:43:00Z,2026-09-24T19:44:00Z,194.615,194.655,194.585,194.635
2026-09-24T19:44:00Z,2026-09-24T19:45:00Z,194.64,194.655,194.575,194.61
2026-09-24T19:45:00Z,2026-09-24T19:46:00Z,194.6,194.68,194.585,194.66
2026-09-24T19:46:00Z,2026-09-24T19:47:00Z,194.665,194.7,194.625,194.665
2026-09-24T19:47:00Z,2026-09-24T19:48:00Z,194.66,194.675,194.625,194.645
2026-09-24T19:48:00Z,2026-09-24T19:49:00Z,194.65,194.655,194.575,194.59
2026-09-24T19:49:00Z,2026-09-24T19:50:00Z,194.595,194.625,194.575,194.6
2026-09-24T19:50:00Z,2026-09-24T19:51:00Z,194.595,194.81,194.595,194.73
2026-09-24T19:51:00Z,2026-09-24T19:52:00Z,194.71,194.865,194.695,194.845
2026-09-24T19:52:00Z,2026-09-24T19:53:00Z,194.84,194.89,194.83,194.875
2026-09-24T19:53:00Z,2026-09-24T19:54:00Z,194.875,194.945,194.875,194.935
2026-09-24T19:54:00Z,2026-09-24T19:55:00Z,194.93,194.935,194.86,194.875
2026-09-24T19:55:00Z,2026-09-24T19:56:00Z,194.885,194.91,194.74,194.825
2026-09-24T19:56:00Z,2026-09-24T19:57:00Z,194.83,194.865,194.745,194.765
2026-09-24T19:57:00Z,2026-09-24T19:58:00Z,194.775,194.795,194.74,194.77
2026-09-24T19:58:00Z,2026-09-24T19:59:00Z,194.775,194.805,194.765,194.775
2026-09-24T19:59:00Z,2026-09-24T20:00:00Z,194.765,194.82,194.705,194.72
2026-09-25T13:30:00Z,2026-09-25T13:31:00Z,195.595,195.61,195.105,195.41
2026-09-25T13:31:00Z,2026-09-25T13:32:00Z,195.415,195.625,195.32,195.58
2026-09-25T13:32:00Z,2026-09-25T13:33:00Z,195.59,195.89,195.535,195.86
2026-09-25T13:33:00Z,2026-09-25T13:34:00Z,195.855,195.965,195.76,195.965
2026-09-25T13:34:00Z,2026-09-25T13:35:00Z,195.97,196.275,195.925,196.245
2026-09-25T13:35:00Z,2026-09-25T13:36:00Z,196.24,196.46,196.24,196.425
2026-09-25T13:36:00Z,2026-09-25T13:37:00Z,196.415,196.49,196.315,196.385
2026-09-25T13:37:00Z,2026-09-25T13:38:00Z,196.395,196.445,196.295,196.32
2026-09-25T13:38:00Z,2026-09-25T13:39:00Z,196.315,196.405,196.26,196.33
2026-09-25T13:39:00Z,2026-09-25T13:40:00Z,196.335,196.37,196.115,196.34
2026-09-25T13:40:00Z,2026-09-25T13:41:00Z,196.345,196.51,196.305,196.51
2026-09-25T13:41:00Z,2026-09-25T13:42:00Z,196.505,196.64,196.49,196.64
2026-09-25T13:42:00Z,2026-09-25T13:43:00Z,196.635,196.74,196.49,196.73
2026-09-25T13:43:00Z,2026-09-25T13:44:00Z,196.725,196.725,196.53,196.585
2026-09-25T13:44:00Z,2026-09-25T13:45:00Z,196.59,196.67,196.54,196.64
2026-09-25T13:45:00Z,2026-09-25T13:46:00Z,196.645,196.775,196.47,196.48
2026-09-25T13:46:00Z,2026-09-25T13:47:00Z,196.485,196.65,196.38,196.595
2026-09-25T13:47:00Z,2026-09-25T13:48:00Z,196.6,196.735,196.55,196.68
2026-09-25T13:48:00Z,2026-09-25T13:49:00Z,196.69,196.715,196.325,196.425
2026-09-25T13:49:00Z,2026-09-25T13:50:00Z,196.43,196.595,196.43,196.555
2026-09-25T13:50:00Z,2026-09-25T13:51:00Z,196.55,196.59,196.44,196.55
2026-09-25T13:51:00Z,2026-09-25T13:52:00Z,196.555,196.64,196.46,196.475
2026-09-25T13:52:00Z,2026-09-25T13:53:00Z,196.48,196.66,196.44,196.635
2026-09-25T13:53:00Z,2026-09-25T13:54:00Z,196.64,196.725,196.575,196.685
2026-09-25T13:54:00Z,2026-09-25T13:55:00Z,196.695,196.865,196.68,196.84
2026-09-25T13:55:00Z,2026-09-25T13:56:00Z,196.845,196.93,196.8,196.85
2026-09-25T13:56:00Z,2026-09-25T13:57:00Z,196.845,196.85,196.745,196.81
2026-09-25T13:57:00Z,2026-09-25T13:58:00Z,196.815,196.815,196.625,196.665
2026-09-25T13:58:00Z,2026-09-25T13:59:00Z,196.67,196.78,196.64,196.72
2026-09-25T13:59:00Z,2026-09-25T14:00:00Z,196.71,196.77,196.6,196.755
2026-09-25T14:00:00Z,2026-09-25T14:01:00Z,196.76,196.805,196.525,196.545
2026-09-25T14:01:00Z,2026-09-25T14:02:00Z,196.56,196.57,196.38,196.395
2026-09-25T14:02:00Z,2026-09-25T14:03:00Z,196.38,196.47,196.21,196.4
2026-09-25T14:03:00Z,2026-09-25T14:04:00Z,196.395,196.395,196.145,196.29
2026-09-25T14:04:00Z,2026-09-25T14:05:00Z,196.28,196.285,195.93,195.985
2026-09-25T14:05:00Z,2026-09-25T14:06:00Z,195.98,195.985,195.565,195.565
2026-09-25T14:06:00Z,2026-09-25T14:07:00Z,195.555,195.74,195.54,195.715
2026-09-25T14:07:00Z,2026-09-25T14:08:00Z,195.71,195.9,195.685,195.775
2026-09-25T14:08:00Z,2026-09-25T14:09:00Z,195.77,195.91,195.7,195.91
2026-09-25T14:09:00Z,2026-09-25T14:10:00Z,195.915,196.02,195.84,195.98
2026-09-25T14:10:00Z,2026-09-25T14:11:00Z,195.985,196.12,195.96,195.96
2026-09-25T14:11:00Z,2026-09-25T14:12:00Z,195.955,196.14,195.865,196.085
2026-09-25T14:12:00Z,2026-09-25T14:13:00Z,196.09,196.095,195.905,195.915
2026-09-25T14:13:00Z,2026-09-25T14:14:00Z,195.91,195.95,195.725,195.75
2026-09-25T14:14:00Z,2026-09-25T14:15:00Z,195.745,195.76,195.47,195.52
2026-09-25T14:15:00Z,2026-09-25T14:16:00Z,195.51,195.55,195.145,195.45
2026-09-25T14:16:00Z,2026-09-25T14:17:00Z,195.47,195.615,195.26,195.285
2026-09-25T14:17:00Z,2026-09-25T14:18:00Z,195.28,195.33,195.025,195.12
2026-09-25T14:18:00Z,2026-09-25T14:19:00Z,195.115,195.375,195.085,195.24
2026-09-25T14:19:00Z,2026-09-25T14:20:00Z,195.245,195.395,195.07,195.33
2026-09-25T14:20:00Z,2026-09-25T14:21:00Z,195.34,195.52,195.27,195.5
2026-09-25T14:21:00Z,2026-09-25T14:22:00Z,195.495,195.56,195.3,195.375
2026-09-25T14:22:00Z,2026-09-25T14:23:00Z,195.37,195.475,195.335,195.44
2026-09-25T14:23:00Z,2026-09-25T14:24:00Z,195.445,195.58,195.41,195.505
2026-09-25T14:24:00Z,2026-09-25T14:25:00Z,195.51,195.675,195.5,195.64
2026-09-25T14:25:00Z,2026-09-25T14:26:00Z,195.65,195.81,195.605,195.805
2026-09-25T14:26:00Z,2026-09-25T14:27:00Z,195.81,195.92,195.76,195.82
2026-09-25T14:27:00Z,2026-09-25T14:28:00Z,195.83,195.85,195.695,195.71
2026-09-25T14:28:00Z,2026-09-25T14:29:00Z,195.7,195.74,195.49,195.64
2026-09-25T14:29:00Z,2026-09-25T14:30:00Z,195.625,195.745,195.5,195.515
2026-09-25T14:30:00Z,2026-09-25T14:31:00Z,195.535,195.63,195.44,195.545
2026-09-25T14:31:00Z,2026-09-25T14:32:00Z,195.54,195.68,195.52,195.67
2026-09-25T14:32:00Z,2026-09-25T14:33:00Z,195.68,195.81,195.66,195.76
2026-09-25T14:33:00Z,2026-09-25T14:34:00Z,195.755,195.895,195.75,195.81
2026-09-25T14:34:00Z,2026-09-25T14:35:00Z,195.8,195.93,195.79,195.855
2026-09-25T14:35:00Z,2026-09-25T14:36:00Z,195.86,195.95,195.8,195.91
2026-09-25T14:36:00Z,2026-09-25T14:37:00Z,195.905,195.92,195.815,195.84
2026-09-25T14:37:00Z,2026-09-25T14:38:00Z,195.83,195.93,195.8,195.925
2026-09-25T14:38:00Z,2026-09-25T14:39:00Z,195.92,196.04,195.89,195.94
2026-09-25T14:39:00Z,2026-09-25T14:40:00Z,195.935,196,195.92,195.95
2026-09-25T14:40:00Z,2026-09-25T14:41:00Z,195.955,195.99,195.775,195.8
2026-09-25T14:41:00Z,2026-09-25T14:42:00Z,195.795,195.88,195.6,195.61
2026-09-25T14:42:00Z,2026-09-25T14:43:00Z,195.615,195.73,195.56,195.7
2026-09-25T14:43:00Z,2026-09-25T14:44:00Z,195.69,195.74,195.58,195.65
2026-09-25T14:44:00Z,2026-09-25T14:45:00Z,195.64,195.83,195.64,195.82
2026-09-25T14:45:00Z,2026-09-25T14:46:00Z,195.825,195.835,195.63,195.835
2026-09-25T14:46:00Z,2026-09-25T14:47:00Z,195.83,196.005,195.73,195.88
2026-09-25T14:47:00Z,2026-09-25T14:48:00Z,195.875,195.98,195.82,195.92
2026-09-25T14:48:00Z,2026-09-25T14:49:00Z,195.915,195.99,195.9,195.925
2026-09-25T14:49:00Z,2026-09-25T14:50:00Z,195.93,196.17,195.9,196.11
2026-09-25T14:50:00Z,2026-09-25T14:51:00Z,196.1,196.115,195.96,196.07
2026-09-25T14:51:00Z,2026-09-25T14:52:00Z,196.085,196.12,195.875,195.875
2026-09-25T14:52:00Z,2026-09-25T14:53:00Z,195.88,195.94,195.825,195.885
2026-09-25T14:53:00Z,2026-09-25T14:54:00Z,195.88,195.99,195.855,195.955
2026-09-25T14:54:00Z,2026-09-25T14:55:00Z,195.95,196.07,195.945,196.05
2026-09-25T14:55:00Z,2026-09-25T14:56:00Z,196.045,196.195,196.03,196.19
2026-09-25T14:56:00Z,2026-09-25T14:57:00Z,196.195,196.3,196.135,196.14
2026-09-25T14:57:00Z,2026-09-25T14:58:00Z,196.145,196.275,196.14,196.24
2026-09-25T14:58:00Z,2026-09-25T14:59:00Z,196.23,196.32,196.185,196.305
2026-09-25T14:59:00Z,2026-09-25T15:00:00Z,196.31,196.355,196.28,196.32
2026-09-25T15:00:00Z,2026-09-25T15:01:00Z,196.31,196.315,196.22,196.25
2026-09-25T15:01:00Z,2026-09-25T15:02:00Z,196.26,196.375,196.225,196.31
2026-09-25T15:02:00Z,2026-09-25T15:03:00Z,196.31,196.465,196.31,196.42
2026-09-25T15:03:00Z,2026-09-25T15:04:00Z,196.425,196.52,196.42,196.46
2026-09-25T15:04:00Z,2026-09-25T15:05:00Z,196.45,196.585,196.44,196.48
2026-09-25T15:05:00Z,2026-09-25T15:06:00Z,196.485,196.56,196.465,196.52
2026-09-25T15:06:00Z,2026-09-25T15:07:00Z,196.515,196.565,196.475,196.49
2026-09-25T15:07:00Z,2026-09-25T15:08:00Z,196.485,196.515,196.45,196.48
2026-09-25T15:08:00Z,2026-09-25T15:09:00Z,196.485,196.505,196.445,196.48
2026-09-25T15:09:00Z,2026-09-25T15:10:00Z,196.475,196.49,196.38,196.385
2026-09-25T15:10:00Z,2026-09-25T15:11:00Z,196.38,196.42,196.265,196.33
2026-09-25T15:11:00Z,2026-09-25T15:12:00Z,196.32,196.34,196.11,196.155
2026-09-25T15:12:00Z,2026-09-25T15:13:00Z,196.15,196.22,196.11,196.14
2026-09-25T15:13:00Z,2026-09-25T15:14:00Z,196.13,196.205,196.115,196.18
2026-09-25T15:14:00Z,2026-09-25T15:15:00Z,196.17,196.24,196.15,196.17
2026-09-25T15:15:00Z,2026-09-25T15:16:00Z,196.18,196.25,196.14,196.23
2026-09-25T15:16:00Z,2026-09-25T15:17:00Z,196.225,196.325,196.225,196.315
2026-09-25T15:17:00Z,2026-09-25T15:18:00Z,196.32,196.355,196.255,196.28
2026-09-25T15:18:00Z,2026-09-25T15:19:00Z,196.27,196.32,196.23,196.28
2026-09-25T15:19:00Z,2026-09-25T15:20:00Z,196.27,196.28,196.09,196.14
2026-09-25T15:20:00Z,2026-09-25T15:21:00Z,196.145,196.255,196.095,196.25
2026-09-25T15:21:00Z,2026-09-25T15:22:00Z,196.255,196.395,196.18,196.265
2026-09-25T15:22:00Z,2026-09-25T15:23:00Z,196.27,196.29,196.205,196.235
2026-09-25T15:23:00Z,2026-09-25T15:24:00Z,196.24,196.32,196.21,196.22
2026-09-25T15:24:00Z,2026-09-25T15:25:00Z,196.21,196.23,196.095,196.14
2026-09-25T15:25:00Z,2026-09-25T15:26:00Z,196.135,196.165,196.09,196.11
2026-09-25T15:26:00Z,2026-09-25T15:27:00Z,196.105,196.145,196.055,196.145
2026-09-25T15:27:00Z,2026-09-25T15:28:00Z,196.14,196.16,196.05,196.09
2026-09-25T15:28:00Z,2026-09-25T15:29:00Z,196.1,196.15,196.06,196.115
2026-09-25T15:29:00Z,2026-09-25T15:30:00Z,196.12,196.22,196.105,196.115
2026-09-25T15:30:00Z,2026-09-25T15:31:00Z,196.125,196.33,196.1,196.23
2026-09-25T15:31:00Z,2026-09-25T15:32:00Z,196.22,196.35,196.2,196.35
2026-09-25T15:32:00Z,2026-09-25T15:33:00Z,196.34,196.405,196.315,196.375
2026-09-25T15:33:00Z,2026-09-25T15:34:00Z,196.37,196.385,196.3,196.345
2026-09-25T15:34:00Z,2026-09-25T15:35:00Z,196.34,196.38,196.105,196.125
2026-09-25T15:35:00Z,2026-09-25T15:36:00Z,196.12,196.18,195.98,196.07
2026-09-25T15:36:00Z,2026-09-25T15:37:00Z,196.065,196.065,195.845,195.865
2026-09-25T15:37:00Z,2026-09-25T15:38:00Z,195.87,195.9,195.76,195.88
2026-09-25T15:38:00Z,2026-09-25T15:39:00Z,195.875,195.89,195.7,195.73
2026-09-25T15:39:00Z,2026-09-25T15:40:00Z,195.715,195.77,195.67,195.725
2026-09-25T15:40:00Z,2026-09-25T15:41:00Z,195.72,195.825,195.655,195.815
2026-09-25T15:41:00Z,2026-09-25T15:42:00Z,195.82,195.85,195.765,195.82
2026-09-25T15:42:00Z,2026-09-25T15:43:00Z,195.815,195.87,195.7,195.755
2026-09-25T15:43:00Z,2026-09-25T15:44:00Z,195.76,195.785,195.67,195.69
2026-09-25T15:44:00Z,2026-09-25T15:45:00Z,195.695,195.705,195.535,195.545
2026-09-25T15:45:00Z,2026-09-25T15:46:00Z,195.54,195.615,195.51,195.56
2026-09-25T15:46:00Z,2026-09-25T15:47:00Z,195.555,195.715,195.47,195.71
2026-09-25T15:47:00Z,2026-09-25T15:48:00Z,195.715,195.77,195.7,195.73
2026-09-25T15:48:00Z,2026-09-25T15:49:00Z,195.72,195.805,195.67,195.75
2026-09-25T15:49:00Z,2026-09-25T15:50:00Z,195.76,195.85,195.74,195.85
2026-09-25T15:50:00Z,2026-09-25T15:51:00Z,195.85,195.88,195.765,195.785
2026-09-25T15:51:00Z,2026-09-25T15:52:00Z,195.78,195.78,195.515,195.525
2026-09-25T15:52:00Z,2026-09-25T15:53:00Z,195.51,195.585,195.455,195.515
2026-09-25T15:53:00Z,2026-09-25T15:54:00Z,195.515,195.56,195.51,195.55
2026-09-25T15:54:00Z,2026-09-25T15:55:00Z,195.54,195.845,195.51,195.77
2026-09-25T15:55:00Z,2026-09-25T15:56:00Z,195.78,195.88,195.77,195.84
2026-09-25T15:56:00Z,2026-09-25T15:57:00Z,195.85,195.95,195.815,195.94
2026-09-25T15:57:00Z,2026-09-25T15:58:00Z,195.945,196.035,195.93,196.035
2026-09-25T15:58:00Z,2026-09-25T15:59:00Z,196.03,196.26,196.01,196.2
2026-09-25T15:59:00Z,2026-09-25T16:00:00Z,196.195,196.375,196.18,196.34
2026-09-25T16:00:00Z,2026-09-25T16:01:00Z,196.35,196.51,196.27,196.485
2026-09-25T16:01:00Z,2026-09-25T16:02:00Z,196.49,196.54,196.43,196.465
2026-09-25T16:02:00Z,2026-09-25T16:03:00Z,196.465,196.65,196.46,196.645
2026-09-25T16:03:00Z,2026-09-25T16:04:00Z,196.64,196.745,196.575,196.745
2026-09-25T16:04:00Z,2026-09-25T16:05:00Z,196.74,196.75,196.63,196.73
2026-09-25T16:05:00Z,2026-09-25T16:06:00Z,196.725,196.895,196.65,196.86
2026-09-25T16:06:00Z,2026-09-25T16:07:00Z,196.855,196.895,196.76,196.815
2026-09-25T16:07:00Z,2026-09-25T16:08:00Z,196.82,196.845,196.725,196.75
2026-09-25T16:08:00Z,2026-09-25T16:09:00Z,196.745,196.835,196.715,196.745
2026-09-25T16:09:00Z,2026-09-25T16:10:00Z,196.745,196.825,196.66,196.81
2026-09-25T16:10:00Z,2026-09-25T16:11:00Z,196.82,196.945,196.805,196.86
2026-09-25T16:11:00Z,2026-09-25T16:12:00Z,196.845,196.85,196.715,196.79
2026-09-25T16:12:00Z,2026-09-25T16:13:00Z,196.78,196.865,196.72,196.75
2026-09-25T16:13:00Z,2026-09-25T16:14:00Z,196.74,196.77,196.705,196.76
2026-09-25T16:14:00Z,2026-09-25T16:15:00Z,196.755,196.765,196.605,196.71
2026-09-25T16:15:00Z,2026-09-25T16:16:00Z,196.72,196.84,196.675,196.835
2026-09-25T16:16:00Z,2026-09-25T16:17:00Z,196.84,196.91,196.76,196.895
2026-09-25T16:17:00Z,2026-09-25T16:18:00Z,196.89,196.935,196.68,196.69
2026-09-25T16:18:00Z,2026-09-25T16:19:00Z,196.695,196.695,196.495,196.545
2026-09-25T16:19:00Z,2026-09-25T16:20:00Z,196.54,196.57,196.475,196.54
2026-09-25T16:20:00Z,2026-09-25T16:21:00Z,196.545,196.585,196.35,196.365
2026-09-25T16:21:00Z,2026-09-25T16:22:00Z,196.37,196.43,196.275,196.41
2026-09-25T16:22:00Z,2026-09-25T16:23:00Z,196.4,196.42,196.27,196.355
2026-09-25T16:23:00Z,2026-09-25T16:24:00Z,196.36,196.39,196.26,196.315
2026-09-25T16:24:00Z,2026-09-25T16:25:00Z,196.31,196.38,196.29,196.345
2026-09-25T16:25:00Z,2026-09-25T16:26:00Z,196.35,196.5,196.325,196.45
2026-09-25T16:26:00Z,2026-09-25T16:27:00Z,196.445,196.695,196.415,196.69
2026-09-25T16:27:00Z,2026-09-25T16:28:00Z,196.695,196.76,196.665,196.72
2026-09-25T16:28:00Z,2026-09-25T16:29:00Z,196.73,196.765,196.68,196.745
2026-09-25T16:29:00Z,2026-09-25T16:30:00Z,196.75,196.86,196.74,196.815
2026-09-25T16:30:00Z,2026-09-25T16:31:00Z,196.81,196.82,196.7,196.78
2026-09-25T16:31:00Z,2026-09-25T16:32:00Z,196.785,196.835,196.745,196.82
2026-09-25T16:32:00Z,2026-09-25T16:33:00Z,196.825,196.89,196.765,196.79
2026-09-25T16:33:00Z,2026-09-25T16:34:00Z,196.79,196.885,196.765,196.88
2026-09-25T16:34:00Z,2026-09-25T16:35:00Z,196.885,196.885,196.45,196.53
2026-09-25T16:35:00Z,2026-09-25T16:36:00Z,196.535,196.645,196.535,196.6
2026-09-25T16:36:00Z,2026-09-25T16:37:00Z,196.595,196.615,196.49,196.59
2026-09-25T16:37:00Z,2026-09-25T16:38:00Z,196.6,196.775,196.6,196.69
2026-09-25T16:38:00Z,2026-09-25T16:39:00Z,196.685,196.685,196.54,196.66
2026-09-25T16:39:00Z,2026-09-25T16:40:00Z,196.655,196.69,196.58,196.59
2026-09-25T16:40:00Z,2026-09-25T16:41:00Z,196.6,196.63,196.54,196.54
2026-09-25T16:41:00Z,2026-09-25T16:42:00Z,196.545,196.625,196.535,196.595
2026-09-25T16:42:00Z,2026-09-25T16:43:00Z,196.59,196.705,196.59,196.61
2026-09-25T16:43:00Z,2026-09-25T16:44:00Z,196.62,196.77,196.61,196.735
2026-09-25T16:44:00Z,2026-09-25T16:45:00Z,196.74,196.81,196.7,196.715
2026-09-25T16:45:00Z,2026-09-25T16:46:00Z,196.72,196.725,196.62,196.715
2026-09-25T16:46:00Z,2026-09-25T16:47:00Z,196.71,196.745,196.65,196.675
2026-09-25T16:47:00Z,2026-09-25T16:48:00Z,196.68,196.685,196.615,196.63
2026-09-25T16:48:00Z,2026-09-25T16:49:00Z,196.62,196.645,196.49,196.5
2026-09-25T16:49:00Z,2026-09-25T16:50:00Z,196.495,196.555,196.41,196.54
2026-09-25T16:50:00Z,2026-09-25T16:51:00Z,196.55,196.61,196.51,196.545
2026-09-25T16:51:00Z,2026-09-25T16:52:00Z,196.55,196.57,196.505,196.57
2026-09-25T16:52:00Z,2026-09-25T16:53:00Z,196.565,196.62,196.53,196.605
2026-09-25T16:53:00Z,2026-09-25T16:54:00Z,196.6,196.655,196.56,196.56
2026-09-25T16:54:00Z,2026-09-25T16:55:00Z,196.57,196.635,196.535,196.635
2026-09-25T16:55:00Z,2026-09-25T16:56:00Z,196.63,196.68,196.61,196.635
2026-09-25T16:56:00Z,2026-09-25T16:57:00Z,196.64,196.7,196.605,196.64
2026-09-25T16:57:00Z,2026-09-25T16:58:00Z,196.65,196.65,196.51,196.53
2026-09-25T16:58:00Z,2026-09-25T16:59:00Z,196.535,196.555,196.485,196.5
2026-09-25T16:59:00Z,2026-09-25T17:00:00Z,196.495,196.55,196.375,196.485
2026-09-25T17:00:00Z,2026-09-25T17:01:00Z,196.49,196.5,196.45,196.49
2026-09-25T17:01:00Z,2026-09-25T17:02:00Z,196.49,196.67,196.49,196.65
2026-09-25T17:02:00Z,2026-09-25T17:03:00Z,196.655,196.755,196.625,196.73
2026-09-25T17:03:00Z,2026-09-25T17:04:00Z,196.735,196.8,196.71,196.72
2026-09-25T17:04:00Z,2026-09-25T17:05:00Z,196.73,196.75,196.695,196.72
2026-09-25T17:05:00Z,2026-09-25T17:06:00Z,196.72,196.775,196.705,196.745
2026-09-25T17:06:00Z,2026-09-25T17:07:00Z,196.75,196.78,196.725,196.75
2026-09-25T17:07:00Z,2026-09-25T17:08:00Z,196.745,196.76,196.67,196.69
2026-09-25T17:08:00Z,2026-09-25T17:09:00Z,196.695,196.71,196.595,196.65
2026-09-25T17:09:00Z,2026-09-25T17:10:00Z,196.65,196.75,196.65,196.73
2026-09-25T17:10:00Z,2026-09-25T17:11:00Z,196.72,196.75,196.695,196.725
2026-09-25T17:11:00Z,2026-09-25T17:12:00Z,196.72,196.745,196.64,196.655
2026-09-25T17:12:00Z,2026-09-25T17:13:00Z,196.66,196.715,196.615,196.71
2026-09-25T17:13:00Z,2026-09-25T17:14:00Z,196.715,196.8,196.7,196.76
2026-09-25T17:14:00Z,2026-09-25T17:15:00Z,196.75,196.83,196.735,196.83
2026-09-25T17:15:00Z,2026-09-25T17:16:00Z,196.83,196.9,196.79,196.885
2026-09-25T17:16:00Z,2026-09-25T17:17:00Z,196.88,196.885,196.82,196.82
2026-09-25T17:17:00Z,2026-09-25T17:18:00Z,196.83,196.905,196.82,196.83
2026-09-25T17:18:00Z,2026-09-25T17:19:00Z,196.83,196.845,196.745,196.78
2026-09-25T17:19:00Z,2026-09-25T17:20:00Z,196.785,196.785,196.74,196.76
2026-09-25T17:20:00Z,2026-09-25T17:21:00Z,196.76,196.8,196.735,196.78
2026-09-25T17:21:00Z,2026-09-25T17:22:00Z,196.77,196.785,196.745,196.765
2026-09-25T17:22:00Z,2026-09-25T17:23:00Z,196.77,196.81,196.745,196.75
2026-09-25T17:23:00Z,2026-09-25T17:24:00Z,196.76,196.795,196.745,196.77
2026-09-25T17:24:00Z,2026-09-25T17:25:00Z,196.775,196.8,196.75,196.79
2026-09-25T17:25:00Z,2026-09-25T17:26:00Z,196.795,196.8,196.75,196.75
2026-09-25T17:26:00Z,2026-09-25T17:27:00Z,196.755,196.77,196.715,196.73
2026-09-25T17:27:00Z,2026-09-25T17:28:00Z,196.72,196.735,196.695,196.725
2026-09-25T17:28:00Z,2026-09-25T17:29:00Z,196.72,196.765,196.715,196.75
2026-09-25T17:29:00Z,2026-09-25T17:30:00Z,196.745,196.76,196.73,196.75
2026-09-25T17:30:00Z,2026-09-25T17:31:00Z,196.765,196.78,196.725,196.755
2026-09-25T17:31:00Z,2026-09-25T17:32:00Z,196.75,196.75,196.66,196.67
2026-09-25T17:32:00Z,2026-09-25T17:33:00Z,196.675,196.725,196.67,196.72
2026-09-25T17:33:00Z,2026-09-25T17:34:00Z,196.71,196.75,196.655,196.655
2026-09-25T17:34:00Z,2026-09-25T17:35:00Z,196.65,196.665,196.58,196.65
2026-09-25T17:35:00Z,2026-09-25T17:36:00Z,196.65,196.66,196.6,196.625
2026-09-25T17:36:00Z,2026-09-25T17:37:00Z,196.62,196.665,196.575,196.585
2026-09-25T17:37:00Z,2026-09-25T17:38:00Z,196.58,196.585,196.51,196.56
2026-09-25T17:38:00Z,2026-09-25T17:39:00Z,196.555,196.64,196.55,196.605
2026-09-25T17:39:00Z,2026-09-25T17:40:00Z,196.61,196.725,196.58,196.65
2026-09-25T17:40:00Z,2026-09-25T17:41:00Z,196.66,196.72,196.62,196.665
2026-09-25T17:41:00Z,2026-09-25T17:42:00Z,196.66,196.755,196.655,196.73
2026-09-25T17:42:00Z,2026-09-25T17:43:00Z,196.735,196.77,196.73,196.76
2026-09-25T17:43:00Z,2026-09-25T17:44:00Z,196.755,196.755,196.68,196.7
2026-09-25T17:44:00Z,2026-09-25T17:45:00Z,196.7,196.735,196.645,196.67
2026-09-25T17:45:00Z,2026-09-25T17:46:00Z,196.665,196.705,196.645,196.67
2026-09-25T17:46:00Z,2026-09-25T17:47:00Z,196.675,196.69,196.64,196.665
2026-09-25T17:47:00Z,2026-09-25T17:48:00Z,196.66,196.68,196.635,196.655
2026-09-25T17:48:00Z,2026-09-25T17:49:00Z,196.655,196.7,196.64,196.685
2026-09-25T17:49:00Z,2026-09-25T17:50:00Z,196.69,196.78,196.69,196.77
2026-09-25T17:50:00Z,2026-09-25T17:51:00Z,196.77,196.78,196.735,196.77
2026-09-25T17:51:00Z,2026-09-25T17:52:00Z,196.77,196.78,196.72,196.74
2026-09-25T17:52:00Z,2026-09-25T17:53:00Z,196.735,196.74,196.63,196.63
2026-09-25T17:53:00Z,2026-09-25T17:54:00Z,196.625,196.665,196.615,196.66
2026-09-25T17:54:00Z,2026-09-25T17:55:00Z,196.66,196.66,196.57,196.64
2026-09-25T17:55:00Z,2026-09-25T17:56:00Z,196.64,196.695,196.635,196.695
2026-09-25T17:56:00Z,2026-09-25T17:57:00Z,196.69,196.72,196.67,196.69
2026-09-25T17:57:00Z,2026-09-25T17:58:00Z,196.69,196.7,196.665,196.675
2026-09-25T17:58:00Z,2026-09-25T17:59:00Z,196.68,196.73,196.675,196.7
2026-09-25T17:59:00Z,2026-09-25T18:00:00Z,196.7,196.725,196.675,196.715
2026-09-25T18:00:00Z,2026-09-25T18:01:00Z,196.715,196.745,196.7,196.71
2026-09-25T18:01:00Z,2026-09-25T18:02:00Z,196.715,196.76,196.69,196.76
2026-09-25T18:02:00Z,2026-09-25T18:03:00Z,196.755,196.765,196.675,196.695
2026-09-25T18:03:00Z,2026-09-25T18:04:00Z,196.7,196.725,196.695,196.71
2026-09-25T18:04:00Z,2026-09-25T18:05:00Z,196.705,196.71,196.655,196.665
2026-09-25T18:05:00Z,2026-09-25T18:06:00Z,196.665,196.695,196.64,196.65
2026-09-25T18:06:00Z,2026-09-25T18:07:00Z,196.65,196.685,196.635,196.665
2026-09-25T18:07:00Z,2026-09-25T18:08:00Z,196.665,196.68,196.61,196.63
2026-09-25T18:08:00Z,2026-09-25T18:09:00Z,196.635,196.7,196.615,196.69
2026-09-25T18:09:00Z,2026-09-25T18:10:00Z,196.7,196.74,196.695,196.725
2026-09-25T18:10:00Z,2026-09-25T18:11:00Z,196.73,196.755,196.725,196.73
2026-09-25T18:11:00Z,2026-09-25T18:12:00Z,196.725,196.73,196.705,196.71
2026-09-25T18:12:00Z,2026-09-25T18:13:00Z,196.715,196.77,196.68,196.76
2026-09-25T18:13:00Z,2026-09-25T18:14:00Z,196.755,196.815,196.745,196.815
2026-09-25T18:14:00Z,2026-09-25T18:15:00Z,196.815,196.855,196.795,196.845
2026-09-25T18:15:00Z,2026-09-25T18:16:00Z,196.84,196.855,196.805,196.805
2026-09-25T18:16:00Z,2026-09-25T18:17:00Z,196.81,196.845,196.81,196.83
2026-09-25T18:17:00Z,2026-09-25T18:18:00Z,196.83,196.845,196.815,196.825
2026-09-25T18:18:00Z,2026-09-25T18:19:00Z,196.825,196.855,196.765,196.765
2026-09-25T18:19:00Z,2026-09-25T18:20:00Z,196.765,196.785,196.735,196.78
2026-09-25T18:20:00Z,2026-09-25T18:21:00Z,196.775,196.815,196.775,196.8
2026-09-25T18:21:00Z,2026-09-25T18:22:00Z,196.805,196.815,196.755,196.77
2026-09-25T18:22:00Z,2026-09-25T18:23:00Z,196.775,196.825,196.76,196.77
2026-09-25T18:23:00Z,2026-09-25T18:24:00Z,196.77,196.825,196.765,196.825
2026-09-25T18:24:00Z,2026-09-25T18:25:00Z,196.83,196.855,196.815,196.815
2026-09-25T18:25:00Z,2026-09-25T18:26:00Z,196.815,196.845,196.79,196.795
2026-09-25T18:26:00Z,2026-09-25T18:27:00Z,196.795,196.795,196.565,196.6
2026-09-25T18:27:00Z,2026-09-25T18:28:00Z,196.595,196.645,196.47,196.51
2026-09-25T18:28:00Z,2026-09-25T18:29:00Z,196.5,196.57,196.46,196.525
2026-09-25T18:29:00Z,2026-09-25T18:30:00Z,196.535,196.57,196.48,196.565
2026-09-25T18:30:00Z,2026-09-25T18:31:00Z,196.57,196.66,196.56,196.635
2026-09-25T18:31:00Z,2026-09-25T18:32:00Z,196.635,196.705,196.63,196.685
2026-09-25T18:32:00Z,2026-09-25T18:33:00Z,196.68,196.705,196.65,196.66
2026-09-25T18:33:00Z,2026-09-25T18:34:00Z,196.665,196.71,196.655,196.69
2026-09-25T18:34:00Z,2026-09-25T18:35:00Z,196.69,196.69,196.635,196.645
2026-09-25T18:35:00Z,2026-09-25T18:36:00Z,196.64,196.68,196.595,196.66
2026-09-25T18:36:00Z,2026-09-25T18:37:00Z,196.655,196.665,196.635,196.64
2026-09-25T18:37:00Z,2026-09-25T18:38:00Z,196.635,196.65,196.505,196.53
2026-09-25T18:38:00Z,2026-09-25T18:39:00Z,196.53,196.53,196.47,196.51
2026-09-25T18:39:00Z,2026-09-25T18:40:00Z,196.505,196.52,196.435,196.44
2026-09-25T18:40:00Z,2026-09-25T18:41:00Z,196.445,196.465,196.385,196.45
2026-09-25T18:41:00Z,2026-09-25T18:42:00Z,196.46,196.495,196.44,196.465
2026-09-25T18:42:00Z,2026-09-25T18:43:00Z,196.47,196.535,196.465,196.525
2026-09-25T18:43:00Z,2026-09-25T18:44:00Z,196.525,196.535,196.505,196.53
2026-09-25T18:44:00Z,2026-09-25T18:45:00Z,196.525,196.575,196.51,196.575
2026-09-25T18:45:00Z,2026-09-25T18:46:00Z,196.57,196.585,196.535,196.54
2026-09-25T18:46:00Z,2026-09-25T18:47:00Z,196.545,196.565,196.49,196.49
2026-09-25T18:47:00Z,2026-09-25T18:48:00Z,196.485,196.49,196.415,196.425
2026-09-25T18:48:00Z,2026-09-25T18:49:00Z,196.42,196.46,196.405,196.445
2026-09-25T18:49:00Z,2026-09-25T18:50:00Z,196.45,196.45,196.415,196.415
2026-09-25T18:50:00Z,2026-09-25T18:51:00Z,196.42,196.425,196.38,196.4
2026-09-25T18:51:00Z,2026-09-25T18:52:00Z,196.4,196.43,196.355,196.385
2026-09-25T18:52:00Z,2026-09-25T18:53:00Z,196.39,196.42,196.37,196.415
2026-09-25T18:53:00Z,2026-09-25T18:54:00Z,196.42,196.42,196.37,196.38
2026-09-25T18:54:00Z,2026-09-25T18:55:00Z,196.38,196.38,196.315,196.33
2026-09-25T18:55:00Z,2026-09-25T18:56:00Z,196.34,196.375,196.32,196.33
2026-09-25T18:56:00Z,2026-09-25T18:57:00Z,196.335,196.365,196.32,196.33
2026-09-25T18:57:00Z,2026-09-25T18:58:00Z,196.325,196.345,196.315,196.325
2026-09-25T18:58:00Z,2026-09-25T18:59:00Z,196.33,196.355,196.31,196.345
2026-09-25T18:59:00Z,2026-09-25T19:00:00Z,196.35,196.36,196.265,196.275
2026-09-25T19:00:00Z,2026-09-25T19:01:00Z,196.285,196.36,196.285,196.31
2026-09-25T19:01:00Z,2026-09-25T19:02:00Z,196.31,196.395,196.27,196.27
2026-09-25T19:02:00Z,2026-09-25T19:03:00Z,196.28,196.29,196.23,196.26
2026-09-25T19:03:00Z,2026-09-25T19:04:00Z,196.26,196.315,196.225,196.31
2026-09-25T19:04:00Z,2026-09-25T19:05:00Z,196.315,196.395,196.305,196.37
2026-09-25T19:05:00Z,2026-09-25T19:06:00Z,196.37,196.42,196.355,196.405
2026-09-25T19:06:00Z,2026-09-25T19:07:00Z,196.415,196.44,196.33,196.35
2026-09-25T19:07:00Z,2026-09-25T19:08:00Z,196.345,196.435,196.34,196.42
2026-09-25T19:08:00Z,2026-09-25T19:09:00Z,196.42,196.435,196.405,196.43
2026-09-25T19:09:00Z,2026-09-25T19:10:00Z,196.43,196.44,196.375,196.4
2026-09-25T19:10:00Z,2026-09-25T19:11:00Z,196.395,196.425,196.365,196.4
2026-09-25T19:11:00Z,2026-09-25T19:12:00Z,196.4,196.4,196.345,196.39
2026-09-25T19:12:00Z,2026-09-25T19:13:00Z,196.39,196.425,196.375,196.41
2026-09-25T19:13:00Z,2026-09-25T19:14:00Z,196.415,196.43,196.375,196.405
2026-09-25T19:14:00Z,2026-09-25T19:15:00Z,196.4,196.455,196.395,196.45
2026-09-25T19:15:00Z,2026-09-25T19:16:00Z,196.45,196.475,196.395,196.41
2026-09-25T19:16:00Z,2026-09-25T19:17:00Z,196.415,196.43,196.375,196.385
2026-09-25T19:17:00Z,2026-09-25T19:18:00Z,196.39,196.4,196.345,196.37
2026-09-25T19:18:00Z,2026-09-25T19:19:00Z,196.375,196.395,196.345,196.39
2026-09-25T19:19:00Z,2026-09-25T19:20:00Z,196.39,196.39,196.315,196.32
2026-09-25T19:20:00Z,2026-09-25T19:21:00Z,196.325,196.36,196.285,196.285
2026-09-25T19:21:00Z,2026-09-25T19:22:00Z,196.285,196.32,196.275,196.3
2026-09-25T19:22:00Z,2026-09-25T19:23:00Z,196.305,196.31,196.225,196.235
2026-09-25T19:23:00Z,2026-09-25T19:24:00Z,196.235,196.25,196.215,196.25
2026-09-25T19:24:00Z,2026-09-25T19:25:00Z,196.25,196.325,196.25,196.285
2026-09-25T19:25:00Z,2026-09-25T19:26:00Z,196.28,196.29,196.22,196.225
2026-09-25T19:26:00Z,2026-09-25T19:27:00Z,196.23,196.235,196.125,196.17
2026-09-25T19:27:00Z,2026-09-25T19:28:00Z,196.16,196.215,196.15,196.19
2026-09-25T19:28:00Z,2026-09-25T19:29:00Z,196.19,196.235,196.155,196.185
2026-09-25T19:29:00Z,2026-09-25T19:30:00Z,196.185,196.2,196.135,196.19
2026-09-25T19:30:00Z,2026-09-25T19:31:00Z,196.185,196.185,196.095,196.105
2026-09-25T19:31:00Z,2026-09-25T19:32:00Z,196.095,196.155,196.085,196.155
2026-09-25T19:32:00Z,2026-09-25T19:33:00Z,196.15,196.165,196.105,196.145
2026-09-25T19:33:00Z,2026-09-25T19:34:00Z,196.135,196.155,196.105,196.13
2026-09-25T19:34:00Z,2026-09-25T19:35:00Z,196.12,196.135,196,196.005
2026-09-25T19:35:00Z,2026-09-25T19:36:00Z,196,196.015,195.965,195.985
2026-09-25T19:36:00Z,2026-09-25T19:37:00Z,195.98,195.995,195.915,195.98
2026-09-25T19:37:00Z,2026-09-25T19:38:00Z,195.975,196.12,195.965,196.09
2026-09-25T19:38:00Z,2026-09-25T19:39:00Z,196.085,196.165,196.075,196.15
2026-09-25T19:39:00Z,2026-09-25T19:40:00Z,196.145,196.205,196.135,196.175
2026-09-25T19:40:00Z,2026-09-25T19:41:00Z,196.175,196.18,196.11,196.155
2026-09-25T19:41:00Z,2026-09-25T19:42:00Z,196.15,196.205,196.135,196.155
2026-09-25T19:42:00Z,2026-09-25T19:43:00Z,196.16,196.215,196.155,196.215
2026-09-25T19:43:00Z,2026-09-25T19:44:00Z,196.215,196.305,196.215,196.305
2026-09-25T19:44:00Z,2026-09-25T19:45:00Z,196.31,196.315,196.225,196.255
2026-09-25T19:45:00Z,2026-09-25T19:46:00Z,196.26,196.42,196.255,196.385
2026-09-25T19:46:00Z,2026-09-25T19:47:00Z,196.39,196.435,196.365,196.425
2026-09-25T19:47:00Z,2026-09-25T19:48:00Z,196.415,196.42,196.365,196.395
2026-09-25T19:48:00Z,2026-09-25T19:49:00Z,196.385,196.435,196.365,196.405
2026-09-25T19:49:00Z,2026-09-25T19:50:00Z,196.395,196.425,196.375,196.38
2026-09-25T19:50:00Z,2026-09-25T19:51:00Z,196.375,196.545,196.375,196.545
2026-09-25T19:51:00Z,2026-09-25T19:52:00Z,196.555,196.595,196.49,196.525
2026-09-25T19:52:00Z,2026-09-25T19:53:00Z,196.535,196.58,196.525,196.555
2026-09-25T19:53:00Z,2026-09-25T19:54:00Z,196.55,196.595,196.515,196.535
2026-09-25T19:54:00Z,2026-09-25T19:55:00Z,196.53,196.535,196.41,196.43
2026-09-25T19:55:00Z,2026-09-25T19:56:00Z,196.435,196.47,196.335,196.345
2026-09-25T19:56:00Z,2026-09-25T19:57:00Z,196.34,196.35,196.255,196.295
2026-09-25T19:57:00Z,2026-09-25T19:58:00Z,196.295,196.405,196.295,196.4
2026-09-25T19:58:00Z,2026-09-25T19:59:00Z,196.405,196.435,196.355,196.395
2026-09-25T19:59:00Z,2026-09-25T20:00:00Z,196.39,196.4,196.23,196.285
2026-09-28T13:30:00Z,2026-09-28T13:31:00Z,195.095,195.415,195.07,195.375
2026-09-28T13:31:00Z,2026-09-28T13:32:00Z,195.385,195.77,195.3,195.66
2026-09-28T13:32:00Z,2026-09-28T13:33:00Z,195.67,196.17,195.67,196.025
2026-09-28T13:33:00Z,2026-09-28T13:34:00Z,196.015,196.015,195.6,195.75
2026-09-28T13:34:00Z,2026-09-28T13:35:00Z,195.755,195.77,195.445,195.46
2026-09-28T13:35:00Z,2026-09-28T13:36:00Z,195.45,195.455,194.975,195.045
2026-09-28T13:36:00Z,2026-09-28T13:37:00Z,195.05,195.43,194.96,195.4
2026-09-28T13:37:00Z,2026-09-28T13:38:00Z,195.41,195.455,195.215,195.215
2026-09-28T13:38:00Z,2026-09-28T13:39:00Z,195.225,195.3,195.02,195.23
2026-09-28T13:39:00Z,2026-09-28T13:40:00Z,195.235,195.415,195.185,195.26
2026-09-28T13:40:00Z,2026-09-28T13:41:00Z,195.265,195.355,195.135,195.225
2026-09-28T13:41:00Z,2026-09-28T13:42:00Z,195.23,195.35,195.075,195.09
2026-09-28T13:42:00Z,2026-09-28T13:43:00Z,195.1,195.345,195.08,195.24
2026-09-28T13:43:00Z,2026-09-28T13:44:00Z,195.235,195.32,195.18,195.265
2026-09-28T13:44:00Z,2026-09-28T13:45:00Z,195.255,195.255,194.73,194.795
2026-09-28T13:45:00Z,2026-09-28T13:46:00Z,194.79,194.96,194.735,194.8
2026-09-28T13:46:00Z,2026-09-28T13:47:00Z,194.79,194.85,194.7,194.83
2026-09-28T13:47:00Z,2026-09-28T13:48:00Z,194.835,194.99,194.78,194.86
2026-09-28T13:48:00Z,2026-09-28T13:49:00Z,194.865,195.055,194.81,194.99
2026-09-28T13:49:00Z,2026-09-28T13:50:00Z,194.995,195.12,194.91,194.945
2026-09-28T13:50:00Z,2026-09-28T13:51:00Z,194.94,195.015,194.71,194.795
2026-09-28T13:51:00Z,2026-09-28T13:52:00Z,194.79,194.79,194.585,194.65
2026-09-28T13:52:00Z,2026-09-28T13:53:00Z,194.655,194.74,194.595,194.72
2026-09-28T13:53:00Z,2026-09-28T13:54:00Z,194.725,195.06,194.715,195.015
2026-09-28T13:54:00Z,2026-09-28T13:55:00Z,195.02,195.23,194.99,195.13
2026-09-28T13:55:00Z,2026-09-28T13:56:00Z,195.135,195.28,195.065,195.1
2026-09-28T13:56:00Z,2026-09-28T13:57:00Z,195.105,195.135,195.015,195.045
2026-09-28T13:57:00Z,2026-09-28T13:58:00Z,195.05,195.19,195.035,195.19
2026-09-28T13:58:00Z,2026-09-28T13:59:00Z,195.2,195.27,195.14,195.14
2026-09-28T13:59:00Z,2026-09-28T14:00:00Z,195.135,195.225,195.1,195.195
2026-09-28T14:00:00Z,2026-09-28T14:01:00Z,195.185,195.38,195.155,195.375
2026-09-28T14:01:00Z,2026-09-28T14:02:00Z,195.37,195.38,195.115,195.17
2026-09-28T14:02:00Z,2026-09-28T14:03:00Z,195.165,195.19,195.055,195.075
2026-09-28T14:03:00Z,2026-09-28T14:04:00Z,195.09,195.145,194.98,195.04
2026-09-28T14:04:00Z,2026-09-28T14:05:00Z,195.03,195.045,194.86,194.875
2026-09-28T14:05:00Z,2026-09-28T14:06:00Z,194.88,194.885,194.69,194.705
2026-09-28T14:06:00Z,2026-09-28T14:07:00Z,194.7,194.825,194.61,194.8
2026-09-28T14:07:00Z,2026-09-28T14:08:00Z,194.805,194.83,194.655,194.735
2026-09-28T14:08:00Z,2026-09-28T14:09:00Z,194.73,194.74,194.605,194.635
2026-09-28T14:09:00Z,2026-09-28T14:10:00Z,194.63,194.725,194.56,194.58
2026-09-28T14:10:00Z,2026-09-28T14:11:00Z,194.57,194.57,194.375,194.395
2026-09-28T14:11:00Z,2026-09-28T14:12:00Z,194.39,194.425,194.265,194.35
2026-09-28T14:12:00Z,2026-09-28T14:13:00Z,194.365,194.37,194.195,194.23
2026-09-28T14:13:00Z,2026-09-28T14:14:00Z,194.225,194.32,194.17,194.26
2026-09-28T14:14:00Z,2026-09-28T14:15:00Z,194.265,194.265,194.06,194.185
2026-09-28T14:15:00Z,2026-09-28T14:16:00Z,194.18,194.435,194.175,194.35
2026-09-28T14:16:00Z,2026-09-28T14:17:00Z,194.36,194.43,194.31,194.415
2026-09-28T14:17:00Z,2026-09-28T14:18:00Z,194.42,194.49,194.36,194.49
2026-09-28T14:18:00Z,2026-09-28T14:19:00Z,194.5,194.58,194.47,194.55
2026-09-28T14:19:00Z,2026-09-28T14:20:00Z,194.555,194.615,194.545,194.56
2026-09-28T14:20:00Z,2026-09-28T14:21:00Z,194.55,194.665,194.415,194.64
2026-09-28T14:21:00Z,2026-09-28T14:22:00Z,194.635,194.675,194.48,194.54
2026-09-28T14:22:00Z,2026-09-28T14:23:00Z,194.545,194.8,194.545,194.79
2026-09-28T14:23:00Z,2026-09-28T14:24:00Z,194.78,194.78,194.675,194.7
2026-09-28T14:24:00Z,2026-09-28T14:25:00Z,194.695,194.7,194.62,194.67
2026-09-28T14:25:00Z,2026-09-28T14:26:00Z,194.665,194.71,194.52,194.525
2026-09-28T14:26:00Z,2026-09-28T14:27:00Z,194.53,194.565,194.415,194.48
2026-09-28T14:27:00Z,2026-09-28T14:28:00Z,194.49,194.515,194.42,194.46
2026-09-28T14:28:00Z,2026-09-28T14:29:00Z,194.455,194.485,194.39,194.435
2026-09-28T14:29:00Z,2026-09-28T14:30:00Z,194.43,194.44,194.22,194.29
2026-09-28T14:30:00Z,2026-09-28T14:31:00Z,194.285,194.31,194.215,194.255
2026-09-28T14:31:00Z,2026-09-28T14:32:00Z,194.25,194.27,194.185,194.24
2026-09-28T14:32:00Z,2026-09-28T14:33:00Z,194.235,194.375,194.195,194.37
2026-09-28T14:33:00Z,2026-09-28T14:34:00Z,194.38,194.465,194.315,194.36
2026-09-28T14:34:00Z,2026-09-28T14:35:00Z,194.355,194.38,194.31,194.32
2026-09-28T14:35:00Z,2026-09-28T14:36:00Z,194.325,194.355,194.21,194.23
2026-09-28T14:36:00Z,2026-09-28T14:37:00Z,194.235,194.275,194.15,194.17
2026-09-28T14:37:00Z,2026-09-28T14:38:00Z,194.16,194.205,193.95,193.955
2026-09-28T14:38:00Z,2026-09-28T14:39:00Z,193.94,193.96,193.79,193.855
2026-09-28T14:39:00Z,2026-09-28T14:40:00Z,193.85,193.94,193.83,193.865
2026-09-28T14:40:00Z,2026-09-28T14:41:00Z,193.87,193.98,193.84,193.89
2026-09-28T14:41:00Z,2026-09-28T14:42:00Z,193.895,193.93,193.775,193.895
2026-09-28T14:42:00Z,2026-09-28T14:43:00Z,193.89,193.9,193.735,193.77
2026-09-28T14:43:00Z,2026-09-28T14:44:00Z,193.775,193.775,193.49,193.5
2026-09-28T14:44:00Z,2026-09-28T14:45:00Z,193.495,193.5,193.3,193.345
2026-09-28T14:45:00Z,2026-09-28T14:46:00Z,193.34,193.37,193.05,193.12
2026-09-28T14:46:00Z,2026-09-28T14:47:00Z,193.13,193.19,192.99,193.035
2026-09-28T14:47:00Z,2026-09-28T14:48:00Z,193.03,193.04,192.765,192.8
2026-09-28T14:48:00Z,2026-09-28T14:49:00Z,192.79,192.86,192.665,192.835
2026-09-28T14:49:00Z,2026-09-28T14:50:00Z,192.82,192.945,192.815,192.89
2026-09-28T14:50:00Z,2026-09-28T14:51:00Z,192.885,193.13,192.87,193.07
2026-09-28T14:51:00Z,2026-09-28T14:52:00Z,193.075,193.1,192.945,192.96
2026-09-28T14:52:00Z,2026-09-28T14:53:00Z,192.955,193.035,192.865,192.88
2026-09-28T14:53:00Z,2026-09-28T14:54:00Z,192.87,193.02,192.85,192.885
2026-09-28T14:54:00Z,2026-09-28T14:55:00Z,192.88,192.95,192.8,192.87
2026-09-28T14:55:00Z,2026-09-28T14:56:00Z,192.855,192.94,192.82,192.835
2026-09-28T14:56:00Z,2026-09-28T14:57:00Z,192.85,193.135,192.845,193.11
2026-09-28T14:57:00Z,2026-09-28T14:58:00Z,193.1,193.185,193.045,193.15
2026-09-28T14:58:00Z,2026-09-28T14:59:00Z,193.16,193.23,193.08,193.115
2026-09-28T14:59:00Z,2026-09-28T15:00:00Z,193.125,193.14,193.03,193.135
2026-09-28T15:00:00Z,2026-09-28T15:01:00Z,193.13,193.245,193.1,193.17
2026-09-28T15:01:00Z,2026-09-28T15:02:00Z,193.175,193.34,193.17,193.245
2026-09-28T15:02:00Z,2026-09-28T15:03:00Z,193.24,193.34,193.24,193.29
2026-09-28T15:03:00Z,2026-09-28T15:04:00Z,193.295,193.415,193.28,193.4
2026-09-28T15:04:00Z,2026-09-28T15:05:00Z,193.41,193.41,193.33,193.38
2026-09-28T15:05:00Z,2026-09-28T15:06:00Z,193.39,193.43,193.34,193.38
2026-09-28T15:06:00Z,2026-09-28T15:07:00Z,193.39,193.545,193.255,193.51
2026-09-28T15:07:00Z,2026-09-28T15:08:00Z,193.525,193.73,193.515,193.72
2026-09-28T15:08:00Z,2026-09-28T15:09:00Z,193.73,193.785,193.655,193.685
2026-09-28T15:09:00Z,2026-09-28T15:10:00Z,193.675,193.805,193.67,193.8
2026-09-28T15:10:00Z,2026-09-28T15:11:00Z,193.8,193.825,193.69,193.69
2026-09-28T15:11:00Z,2026-09-28T15:12:00Z,193.69,193.84,193.66,193.81
2026-09-28T15:12:00Z,2026-09-28T15:13:00Z,193.81,193.82,193.725,193.81
2026-09-28T15:13:00Z,2026-09-28T15:14:00Z,193.815,193.835,193.755,193.775
2026-09-28T15:14:00Z,2026-09-28T15:15:00Z,193.77,193.77,193.66,193.72
2026-09-28T15:15:00Z,2026-09-28T15:16:00Z,193.725,193.73,193.61,193.61
2026-09-28T15:16:00Z,2026-09-28T15:17:00Z,193.61,193.61,193.505,193.54
2026-09-28T15:17:00Z,2026-09-28T15:18:00Z,193.55,193.55,193.43,193.52
2026-09-28T15:18:00Z,2026-09-28T15:19:00Z,193.51,193.58,193.46,193.52
2026-09-28T15:19:00Z,2026-09-28T15:20:00Z,193.515,193.615,193.465,193.57
2026-09-28T15:20:00Z,2026-09-28T15:21:00Z,193.575,193.575,193.515,193.54
2026-09-23T18:24:00Z,2026-09-23T18:25:00Z,195.155,195.205,195.155,195.205
2026-09-23T18:25:00Z,2026-09-23T18:26:00Z,195.2,195.23,195.16,195.165
2026-09-23T18:26:00Z,2026-09-23T18:27:00Z,195.17,195.205,195.16,195.17
2026-09-23T18:27:00Z,2026-09-23T18:28:00Z,195.175,195.245,195.17,195.2
2026-09-23T18:28:00Z,2026-09-23T18:29:00Z,195.21,195.22,195.17,195.195
2026-09-23T18:29:00Z,2026-09-23T18:30:00Z,195.21,195.225,195.16,195.2
2026-09-23T18:30:00Z,2026-09-23T18:31:00Z,195.19,195.205,195.125,195.13
2026-09-23T18:31:00Z,2026-09-23T18:32:00Z,195.135,195.14,195.08,195.11
2026-09-23T18:32:00Z,2026-09-23T18:33:00Z,195.11,195.13,195.08,195.13
2026-09-23T18:33:00Z,2026-09-23T18:34:00Z,195.14,195.145,195.085,195.095
2026-09-23T18:34:00Z,2026-09-23T18:35:00Z,195.095,195.14,195.06,195.115
2026-09-23T18:35:00Z,2026-09-23T18:36:00Z,195.12,195.16,195.115,195.14
2026-09-23T18:36:00Z,2026-09-23T18:37:00Z,195.135,195.175,195.125,195.135
2026-09-23T18:37:00Z,2026-09-23T18:38:00Z,195.135,195.135,195.06,195.06
2026-09-23T18:38:00Z,2026-09-23T18:39:00Z,195.06,195.07,194.995,195.05
2026-09-23T18:39:00Z,2026-09-23T18:40:00Z,195.045,195.065,195.03,195.04
2026-09-23T18:40:00Z,2026-09-23T18:41:00Z,195.045,195.115,195.045,195.1
2026-09-23T18:41:00Z,2026-09-23T18:42:00Z,195.095,195.095,195.02,195.03
2026-09-23T18:42:00Z,2026-09-23T18:43:00Z,195.025,195.09,195.025,195.07
2026-09-23T18:43:00Z,2026-09-23T18:44:00Z,195.075,195.145,195.075,195.13
2026-09-23T18:44:00Z,2026-09-23T18:45:00Z,195.135,195.135,195.08,195.095
2026-09-23T18:45:00Z,2026-09-23T18:46:00Z,195.09,195.115,195.085,195.105
2026-09-23T18:46:00Z,2026-09-23T18:47:00Z,195.1,195.11,195.075,195.085
2026-09-23T18:47:00Z,2026-09-23T18:48:00Z,195.085,195.115,195.075,195.08
2026-09-23T18:48:00Z,2026-09-23T18:49:00Z,195.075,195.155,195.045,195.15
2026-09-23T18:49:00Z,2026-09-23T18:50:00Z,195.155,195.2,195.145,195.195
2026-09-23T18:50:00Z,2026-09-23T18:51:00Z,195.19,195.245,195.175,195.18
2026-09-23T18:51:00Z,2026-09-23T18:52:00Z,195.185,195.225,195.175,195.215
2026-09-23T18:52:00Z,2026-09-23T18:53:00Z,195.22,195.22,195.135,195.155
2026-09-23T18:53:00Z,2026-09-23T18:54:00Z,195.15,195.18,195.135,195.18
2026-09-23T18:54:00Z,2026-09-23T18:55:00Z,195.175,195.175,195.115,195.14
2026-09-23T18:55:00Z,2026-09-23T18:56:00Z,195.135,195.215,195.12,195.215
2026-09-23T18:56:00Z,2026-09-23T18:57:00Z,195.22,195.25,195.215,195.23
2026-09-23T18:57:00Z,2026-09-23T18:58:00Z,195.235,195.24,195.19,195.235
2026-09-23T18:58:00Z,2026-09-23T18:59:00Z,195.245,195.255,195.225,195.24
2026-09-23T18:59:00Z,2026-09-23T19:00:00Z,195.245,195.275,195.215,195.225
2026-09-23T19:00:00Z,2026-09-23T19:01:00Z,195.215,195.215,195.135,195.19
2026-09-23T19:01:00Z,2026-09-23T19:02:00Z,195.185,195.24,195.18,195.19
2026-09-23T19:02:00Z,2026-09-23T19:03:00Z,195.195,195.195,195.13,195.135
2026-09-23T19:03:00Z,2026-09-23T19:04:00Z,195.14,195.165,195.01,195.01
2026-09-23T19:04:00Z,2026-09-23T19:05:00Z,195.015,195.07,195.01,195.025
2026-09-23T19:05:00Z,2026-09-23T19:06:00Z,195.025,195.075,195.005,195.065
2026-09-23T19:06:00Z,2026-09-23T19:07:00Z,195.065,195.19,195.04,195.185
2026-09-23T19:07:00Z,2026-09-23T19:08:00Z,195.18,195.325,195.175,195.26
2026-09-23T19:08:00Z,2026-09-23T19:09:00Z,195.27,195.28,195.245,195.26
2026-09-23T19:09:00Z,2026-09-23T19:10:00Z,195.265,195.275,195.13,195.15
2026-09-23T19:10:00Z,2026-09-23T19:11:00Z,195.15,195.195,195.14,195.155
2026-09-23T19:11:00Z,2026-09-23T19:12:00Z,195.155,195.17,195.105,195.11
2026-09-23T19:12:00Z,2026-09-23T19:13:00Z,195.12,195.13,195.025,195.03
2026-09-23T19:13:00Z,2026-09-23T19:14:00Z,195.035,195.065,194.985,195.065
2026-09-23T19:14:00Z,2026-09-23T19:15:00Z,195.065,195.09,195.055,195.07
2026-09-23T19:15:00Z,2026-09-23T19:16:00Z,195.07,195.1,194.96,194.96
2026-09-23T19:16:00Z,2026-09-23T19:17:00Z,194.965,194.975,194.92,194.95
2026-09-23T19:17:00Z,2026-09-23T19:18:00Z,194.94,195.01,194.92,195.01
2026-09-23T19:18:00Z,2026-09-23T19:19:00Z,195.015,195.06,195,195.05
2026-09-23T19:19:00Z,2026-09-23T19:20:00Z,195.05,195.08,195,195.03
2026-09-23T19:20:00Z,2026-09-23T19:21:00Z,195.025,195.03,194.975,194.995
2026-09-23T19:21:00Z,2026-09-23T19:22:00Z,194.995,195.05,194.98,195.035
2026-09-23T19:22:00Z,2026-09-23T19:23:00Z,195.04,195.045,194.99,194.99
2026-09-23T19:23:00Z,2026-09-23T19:24:00Z,195,195.04,195,195.02
2026-09-23T19:24:00Z,2026-09-23T19:25:00Z,195.02,195.065,194.995,195.06
2026-09-23T19:25:00Z,2026-09-23T19:26:00Z,195.055,195.115,195.035,195.035
2026-09-23T19:26:00Z,2026-09-23T19:27:00Z,195.045,195.07,195.01,195.02
2026-09-23T19:27:00Z,2026-09-23T19:28:00Z,195.02,195.095,195.01,195.065
2026-09-23T19:28:00Z,2026-09-23T19:29:00Z,195.07,195.095,195.04,195.055
2026-09-23T19:29:00Z,2026-09-23T19:30:00Z,195.05,195.075,195.02,195.055
2026-09-23T19:30:00Z,2026-09-23T19:31:00Z,195.06,195.12,195.025,195.08
2026-09-23T19:31:00Z,2026-09-23T19:32:00Z,195.075,195.08,195.045,195.065
2026-09-23T19:32:00Z,2026-09-23T19:33:00Z,195.07,195.125,195.055,195.115
2026-09-23T19:33:00Z,2026-09-23T19:34:00Z,195.12,195.17,195.095,195.16
2026-09-23T19:34:00Z,2026-09-23T19:35:00Z,195.16,195.22,195.155,195.2
2026-09-23T19:35:00Z,2026-09-23T19:36:00Z,195.195,195.22,195.14,195.22
2026-09-23T19:36:00Z,2026-09-23T19:37:00Z,195.215,195.25,195.205,195.23
2026-09-23T19:37:00Z,2026-09-23T19:38:00Z,195.225,195.265,195.16,195.265
2026-09-23T19:38:00Z,2026-09-23T19:39:00Z,195.26,195.26,195.195,195.2
2026-09-23T19:39:00Z,2026-09-23T19:40:00Z,195.205,195.28,195.2,195.265
2026-09-23T19:40:00Z,2026-09-23T19:41:00Z,195.27,195.335,195.26,195.275
2026-09-23T19:41:00Z,2026-09-23T19:42:00Z,195.275,195.28,195.195,195.2
2026-09-23T19:42:00Z,2026-09-23T19:43:00Z,195.195,195.195,195.065,195.065
2026-09-23T19:43:00Z,2026-09-23T19:44:00Z,195.07,195.08,195.015,195.075
2026-09-23T19:44:00Z,2026-09-23T19:45:00Z,195.08,195.115,195.025,195.1
2026-09-23T19:45:00Z,2026-09-23T19:46:00Z,195.105,195.145,195.08,195.145
2026-09-23T19:46:00Z,2026-09-23T19:47:00Z,195.16,195.165,195.095,195.16
2026-09-23T19:47:00Z,2026-09-23T19:48:00Z,195.16,195.265,195.155,195.265
2026-09-23T19:48:00Z,2026-09-23T19:49:00Z,195.275,195.275,195.225,195.26
2026-09-23T19:49:00Z,2026-09-23T19:50:00Z,195.275,195.28,195.225,195.265
2026-09-23T19:50:00Z,2026-09-23T19:51:00Z,195.27,195.27,194.965,195.025
2026-09-23T19:51:00Z,2026-09-23T19:52:00Z,195.03,195.065,194.895,194.9
2026-09-23T19:52:00Z,2026-09-23T19:53:00Z,194.91,194.915,194.81,194.85
2026-09-23T19:53:00Z,2026-09-23T19:54:00Z,194.855,194.985,194.845,194.985
2026-09-23T19:54:00Z,2026-09-23T19:55:00Z,194.98,195.02,194.855,194.86
2026-09-23T19:55:00Z,2026-09-23T19:56:00Z,194.92,195.165,194.92,195.07
2026-09-23T19:56:00Z,2026-09-23T19:57:00Z,195.085,195.085,194.99,195.065
2026-09-23T19:57:00Z,2026-09-23T19:58:00Z,195.06,195.23,195.045,195.185
2026-09-23T19:58:00Z,2026-09-23T19:59:00Z,195.18,195.235,195.165,195.215
2026-09-23T19:59:00Z,2026-09-23T20:00:00Z,195.2,195.385,195.12,195.32
2026-09-24T13:30:00Z,2026-09-24T13:31:00Z,193.095,193.095,192.695,192.82
2026-09-24T13:31:00Z,2026-09-24T13:32:00Z,192.83,192.87,192.63,192.865
2026-09-24T13:32:00Z,2026-09-24T13:33:00Z,192.87,193.02,192.64,192.65
2026-09-24T13:33:00Z,2026-09-24T13:34:00Z,192.675,192.925,192.61,192.76
2026-09-24T13:34:00Z,2026-09-24T13:35:00Z,192.755,193.02,192.73,192.95
2026-09-24T13:35:00Z,2026-09-24T13:36:00Z,192.95,193.185,192.875,193.145
2026-09-24T13:36:00Z,2026-09-24T13:37:00Z,193.14,193.285,193.105,193.125
2026-09-24T13:37:00Z,2026-09-24T13:38:00Z,193.135,193.225,192.95,193.215
2026-09-24T13:38:00Z,2026-09-24T13:39:00Z,193.195,193.5,193.18,193.435
2026-09-24T13:39:00Z,2026-09-24T13:40:00Z,193.435,193.445,193.335,193.385
2026-09-24T13:40:00Z,2026-09-24T13:41:00Z,193.375,193.375,193.22,193.345
2026-09-24T13:41:00Z,2026-09-24T13:42:00Z,193.355,193.365,193.04,193.055
2026-09-24T13:42:00Z,2026-09-24T13:43:00Z,193.06,193.295,193.05,193.15
2026-09-24T13:43:00Z,2026-09-24T13:44:00Z,193.155,193.25,193.125,193.235
2026-09-24T13:44:00Z,2026-09-24T13:45:00Z,193.23,193.395,193.225,193.38
2026-09-24T13:45:00Z,2026-09-24T13:46:00Z,193.4,193.54,193.305,193.48
2026-09-24T13:46:00Z,2026-09-24T13:47:00Z,193.47,193.535,193.375,193.52
2026-09-24T13:47:00Z,2026-09-24T13:48:00Z,193.51,193.685,193.485,193.655
2026-09-24T13:48:00Z,2026-09-24T13:49:00Z,193.66,193.67,193.405,193.44
2026-09-24T13:49:00Z,2026-09-24T13:50:00Z,193.455,193.475,193.255,193.325
2026-09-24T13:50:00Z,2026-09-24T13:51:00Z,193.34,193.42,193.25,193.365
2026-09-24T13:51:00Z,2026-09-24T13:52:00Z,193.37,193.485,193.275,193.28
2026-09-24T13:52:00Z,2026-09-24T13:53:00Z,193.285,193.44,193.26,193.31
2026-09-24T13:53:00Z,2026-09-24T13:54:00Z,193.305,193.35,193.18,193.185
2026-09-24T13:54:00Z,2026-09-24T13:55:00Z,193.18,193.21,192.915,192.98
2026-09-24T13:55:00Z,2026-09-24T13:56:00Z,192.985,193.15,192.965,193.05
2026-09-24T13:56:00Z,2026-09-24T13:57:00Z,193.055,193.145,192.92,193.07
2026-09-24T13:57:00Z,2026-09-24T13:58:00Z,193.065,193.15,193.03,193.09
2026-09-24T13:58:00Z,2026-09-24T13:59:00Z,193.095,193.185,193.05,193.155
2026-09-24T13:59:00Z,2026-09-24T14:00:00Z,193.145,193.32,193.13,193.305
2026-09-24T14:00:00Z,2026-09-24T14:01:00Z,193.31,193.57,193.235,193.47
2026-09-24T14:01:00Z,2026-09-24T14:02:00Z,193.465,193.59,193.31,193.32
2026-09-24T14:02:00Z,2026-09-24T14:03:00Z,193.31,193.415,193.305,193.36
2026-09-24T14:03:00Z,2026-09-24T14:04:00Z,193.37,193.46,193.335,193.46
2026-09-24T14:04:00Z,2026-09-24T14:05:00Z,193.455,193.59,193.455,193.575
2026-09-24T14:05:00Z,2026-09-24T14:06:00Z,193.58,193.59,193.505,193.56
2026-09-24T14:06:00Z,2026-09-24T14:07:00Z,193.55,193.555,193.405,193.45
2026-09-24T14:07:00Z,2026-09-24T14:08:00Z,193.455,193.58,193.41,193.56
2026-09-24T14:08:00Z,2026-09-24T14:09:00Z,193.565,193.58,193.34,193.37
2026-09-24T14:09:00Z,2026-09-24T14:10:00Z,193.365,193.43,193.325,193.325
2026-09-24T14:10:00Z,2026-09-24T14:11:00Z,193.335,193.345,193.195,193.33
2026-09-24T14:11:00Z,2026-09-24T14:12:00Z,193.325,193.325,193.13,193.14
2026-09-24T14:12:00Z,2026-09-24T14:13:00Z,193.135,193.18,193.07,193.1
2026-09-24T14:13:00Z,2026-09-24T14:14:00Z,193.105,193.255,193.085,193.24
2026-09-24T14:14:00Z,2026-09-24T14:15:00Z,193.24,193.28,193.19,193.26
2026-09-24T14:15:00Z,2026-09-24T14:16:00Z,193.27,193.41,193.19,193.2
2026-09-24T14:16:00Z,2026-09-24T14:17:00Z,193.195,193.245,193.14,193.24
2026-09-24T14:17:00Z,2026-09-24T14:18:00Z,193.24,193.295,193.095,193.2
2026-09-24T14:18:00Z,2026-09-24T14:19:00Z,193.21,193.36,193.18,193.3
2026-09-24T14:19:00Z,2026-09-24T14:20:00Z,193.305,193.36,193.25,193.285
2026-09-24T14:20:00Z,2026-09-24T14:21:00Z,193.28,193.335,193.225,193.305
2026-09-24T14:21:00Z,2026-09-24T14:22:00Z,193.3,193.33,193.235,193.25
2026-09-24T14:22:00Z,2026-09-24T14:23:00Z,193.26,193.32,193.215,193.32
2026-09-24T14:23:00Z,2026-09-24T14:24:00Z,193.325,193.465,193.32,193.42
2026-09-24T14:24:00Z,2026-09-24T14:25:00Z,193.43,193.485,193.28,193.305
2026-09-24T14:25:00Z,2026-09-24T14:26:00Z,193.3,193.395,193.27,193.38
2026-09-24T14:26:00Z,2026-09-24T14:27:00Z,193.385,193.465,193.385,193.395
2026-09-24T14:27:00Z,2026-09-24T14:28:00Z,193.4,193.595,193.365,193.59
2026-09-24T14:28:00Z,2026-09-24T14:29:00Z,193.58,193.61,193.5,193.585
2026-09-24T14:29:00Z,2026-09-24T14:30:00Z,193.58,193.625,193.535,193.625
2026-09-24T14:30:00Z,2026-09-24T14:31:00Z,193.63,193.645,193.435,193.485
2026-09-24T14:31:00Z,2026-09-24T14:32:00Z,193.48,193.555,193.475,193.52
2026-09-24T14:32:00Z,2026-09-24T14:33:00Z,193.525,193.61,193.485,193.53
2026-09-24T14:33:00Z,2026-09-24T14:34:00Z,193.54,193.625,193.49,193.59
2026-09-24T14:34:00Z,2026-09-24T14:35:00Z,193.595,193.64,193.54,193.61
2026-09-24T14:35:00Z,2026-09-24T14:36:00Z,193.6,193.69,193.55,193.66
2026-09-24T14:36:00Z,2026-09-24T14:37:00Z,193.655,193.67,193.47,193.51
2026-09-24T14:37:00Z,2026-09-24T14:38:00Z,193.515,193.55,193.485,193.5
2026-09-24T14:38:00Z,2026-09-24T14:39:00Z,193.51,193.525,193.41,193.415
2026-09-24T14:39:00Z,2026-09-24T14:40:00Z,193.42,193.51,193.36,193.455
2026-09-24T14:40:00Z,2026-09-24T14:41:00Z,193.45,193.49,193.43,193.455
2026-09-24T14:41:00Z,2026-09-24T14:42:00Z,193.465,193.475,193.4,193.445
2026-09-24T14:42:00Z,2026-09-24T14:43:00Z,193.44,193.585,193.435,193.49
2026-09-24T14:43:00Z,2026-09-24T14:44:00Z,193.5,193.5,193.39,193.395
2026-09-24T14:44:00Z,2026-09-24T14:45:00Z,193.395,193.405,193.275,193.34
2026-09-24T14:45:00Z,2026-09-24T14:46:00Z,193.34,193.39,193.33,193.345
2026-09-24T14:46:00Z,2026-09-24T14:47:00Z,193.34,193.45,193.29,193.445
2026-09-24T14:47:00Z,2026-09-24T14:48:00Z,193.45,193.58,193.43,193.555
2026-09-24T14:48:00Z,2026-09-24T14:49:00Z,193.56,193.57,193.44,193.44
2026-09-24T14:49:00Z,2026-09-24T14:50:00Z,193.445,193.49,193.4,193.43
2026-09-24T14:50:00Z,2026-09-24T14:51:00Z,193.435,193.54,193.37,193.37
2026-09-24T14:51:00Z,2026-09-24T14:52:00Z,193.365,193.385,193.285,193.3
2026-09-24T14:52:00Z,2026-09-24T14:53:00Z,193.295,193.33,193.18,193.205
2026-09-24T14:53:00Z,2026-09-24T14:54:00Z,193.2,193.2,193.09,193.19
2026-09-24T14:54:00Z,2026-09-24T14:55:00Z,193.195,193.24,193.165,193.195
2026-09-24T14:55:00Z,2026-09-24T14:56:00Z,193.2,193.2,193.045,193.065
2026-09-24T14:56:00Z,2026-09-24T14:57:00Z,193.07,193.11,193.05,193.09
2026-09-24T14:57:00Z,2026-09-24T14:58:00Z,193.095,193.105,193.01,193.06
2026-09-24T14:58:00Z,2026-09-24T14:59:00Z,193.055,193.075,192.98,193.02
2026-09-24T14:59:00Z,2026-09-24T15:00:00Z,193.02,193.04,192.945,193.04
2026-09-24T15:00:00Z,2026-09-24T15:01:00Z,193.035,193.135,193.035,193.075
2026-09-24T15:01:00Z,2026-09-24T15:02:00Z,193.08,193.125,193.055,193.08
2026-09-24T15:02:00Z,2026-09-24T15:03:00Z,193.085,193.26,193.06,193.175
2026-09-24T15:03:00Z,2026-09-24T15:04:00Z,193.17,193.245,193.11,193.22
2026-09-24T15:04:00Z,2026-09-24T15:05:00Z,193.225,193.3,193.17,193.2
2026-09-24T15:05:00Z,2026-09-24T15:06:00Z,193.195,193.225,193.12,193.135
2026-09-24T15:06:00Z,2026-09-24T15:07:00Z,193.13,193.17,193.015,193.04
2026-09-24T15:07:00Z,2026-09-24T15:08:00Z,193.03,193.035,192.95,192.97
2026-09-24T15:08:00Z,2026-09-24T15:09:00Z,192.975,193.095,192.97,193.06
2026-09-24T15:09:00Z,2026-09-24T15:10:00Z,193.065,193.065,192.93,192.95
2026-09-24T15:10:00Z,2026-09-24T15:11:00Z,192.94,193.02,192.935,193.01
2026-09-24T15:11:00Z,2026-09-24T15:12:00Z,193.005,193.01,192.965,192.985
2026-09-24T15:12:00Z,2026-09-24T15:13:00Z,192.98,193.06,192.925,192.94
2026-09-24T15:13:00Z,2026-09-24T15:14:00Z,192.94,192.95,192.83,192.9
2026-09-24T15:14:00Z,2026-09-24T15:15:00Z,192.905,192.95,192.82,192.86
2026-09-24T15:15:00Z,2026-09-24T15:16:00Z,192.85,192.96,192.82,192.93
2026-09-24T15:16:00Z,2026-09-24T15:17:00Z,192.935,193.11,192.915,193.025
2026-09-24T15:17:00Z,2026-09-24T15:18:00Z,193.035,193.12,192.99,193.075
2026-09-24T15:18:00Z,2026-09-24T15:19:00Z,193.075,193.08,192.92,192.96
2026-09-24T15:19:00Z,2026-09-24T15:20:00Z,192.97,192.97,192.88,192.935
2026-09-24T15:20:00Z,2026-09-24T15:21:00Z,192.94,192.95,192.87,192.92
2026-09-24T15:21:00Z,2026-09-24T15:22:00Z,192.915,193.025,192.895,193.02
2026-09-24T15:22:00Z,2026-09-24T15:23:00Z,193.015,193.065,192.965,193.045
2026-09-24T15:23:00Z,2026-09-24T15:24:00Z,193.055,193.13,193.005,193.12
2026-09-24T15:24:00Z,2026-09-24T15:25:00Z,193.125,193.235,193.115,193.22
2026-09-24T15:25:00Z,2026-09-24T15:26:00Z,193.215,193.22,193.05,193.08
2026-09-24T15:26:00Z,2026-09-24T15:27:00Z,193.08,193.1,193.03,193.045
2026-09-24T15:27:00Z,2026-09-24T15:28:00Z,193.05,193.055,193.005,193.05
2026-09-24T15:28:00Z,2026-09-24T15:29:00Z,193.04,193.05,192.96,192.97
2026-09-24T15:29:00Z,2026-09-24T15:30:00Z,192.97,193.02,192.955,193
2026-09-24T15:30:00Z,2026-09-24T15:31:00Z,193.005,193.05,192.945,192.955
2026-09-24T15:31:00Z,2026-09-24T15:32:00Z,192.95,193.03,192.94,192.995
2026-09-24T15:32:00Z,2026-09-24T15:33:00Z,193,193.055,192.935,193.05
2026-09-24T15:33:00Z,2026-09-24T15:34:00Z,193.055,193.075,193.01,193.05
2026-09-24T15:34:00Z,2026-09-24T15:35:00Z,193.045,193.11,193.03,193.08
2026-09-24T15:35:00Z,2026-09-24T15:36:00Z,193.075,193.165,193.03,193.1
2026-09-24T15:36:00Z,2026-09-24T15:37:00Z,193.11,193.165,193.09,193.14
2026-09-24T15:37:00Z,2026-09-24T15:38:00Z,193.135,193.175,193.135,193.16
2026-09-24T15:38:00Z,2026-09-24T15:39:00Z,193.155,193.17,193.09,193.095
2026-09-24T15:39:00Z,2026-09-24T15:40:00Z,193.08,193.1,192.98,193.03
2026-09-24T15:40:00Z,2026-09-24T15:41:00Z,193.04,193.11,193.02,193.02
2026-09-24T15:41:00Z,2026-09-24T15:42:00Z,193.015,193.09,193.015,193.07
2026-09-24T15:42:00Z,2026-09-24T15:43:00Z,193.07,193.08,192.965,193
2026-09-24T15:43:00Z,2026-09-24T15:44:00Z,192.995,193.1,192.99,193.1
2026-09-24T15:44:00Z,2026-09-24T15:45:00Z,193.095,193.2,193.09,193.18
2026-09-24T15:45:00Z,2026-09-24T15:46:00Z,193.185,193.28,193.185,193.25
2026-09-24T15:46:00Z,2026-09-24T15:47:00Z,193.255,193.255,193.195,193.195
2026-09-24T15:47:00Z,2026-09-24T15:48:00Z,193.2,193.255,193.14,193.155
2026-09-24T15:48:00Z,2026-09-24T15:49:00Z,193.15,193.165,193.05,193.055
2026-09-24T15:49:00Z,2026-09-24T15:50:00Z,193.05,193.085,193.005,193.06
2026-09-24T15:50:00Z,2026-09-24T15:51:00Z,193.06,193.275,193.05,193.27
2026-09-24T15:51:00Z,2026-09-24T15:52:00Z,193.275,193.31,193.245,193.3
2026-09-24T15:52:00Z,2026-09-24T15:53:00Z,193.29,193.375,193.285,193.36
2026-09-24T15:53:00Z,2026-09-24T15:54:00Z,193.36,193.435,193.35,193.37
2026-09-24T15:54:00Z,2026-09-24T15:55:00Z,193.375,193.435,193.335,193.435
2026-09-24T15:55:00Z,2026-09-24T15:56:00Z,193.43,193.47,193.38,193.38
2026-09-24T15:56:00Z,2026-09-24T15:57:00Z,193.37,193.39,193.29,193.35
2026-09-24T15:57:00Z,2026-09-24T15:58:00Z,193.35,193.35,193.29,193.325
2026-09-24T15:58:00Z,2026-09-24T15:59:00Z,193.325,193.38,193.305,193.37
2026-09-24T15:59:00Z,2026-09-24T16:00:00Z,193.375,193.4,193.305,193.31
2026-09-24T16:00:00Z,2026-09-24T16:01:00Z,193.3,193.33,193.125,193.14
2026-09-24T16:01:00Z,2026-09-24T16:02:00Z,193.135,193.195,193.09,193.14
2026-09-24T16:02:00Z,2026-09-24T16:03:00Z,193.145,193.2,193.105,193.17
2026-09-24T16:03:00Z,2026-09-24T16:04:00Z,193.17,193.18,193.1,193.155
2026-09-24T16:04:00Z,2026-09-24T16:05:00Z,193.16,193.24,193.125,193.235
2026-09-24T16:05:00Z,2026-09-24T16:06:00Z,193.24,193.255,193.185,193.25
2026-09-24T16:06:00Z,2026-09-24T16:07:00Z,193.245,193.245,193.12,193.16
2026-09-24T16:07:00Z,2026-09-24T16:08:00Z,193.16,193.17,193.055,193.11
2026-09-24T16:08:00Z,2026-09-24T16:09:00Z,193.105,193.12,193.07,193.115
2026-09-24T16:09:00Z,2026-09-24T16:10:00Z,193.1,193.15,193.095,193.145
2026-09-24T16:10:00Z,2026-09-24T16:11:00Z,193.145,193.19,193.14,193.16
2026-09-24T16:11:00Z,2026-09-24T16:12:00Z,193.16,193.16,193.045,193.055
2026-09-24T16:12:00Z,2026-09-24T16:13:00Z,193.05,193.14,193.05,193.08
2026-09-24T16:13:00Z,2026-09-24T16:14:00Z,193.08,193.195,193.065,193.195
2026-09-24T16:14:00Z,2026-09-24T16:15:00Z,193.195,193.33,193.18,193.33
2026-09-24T16:15:00Z,2026-09-24T16:16:00Z,193.35,193.89,193.35,193.82
2026-09-24T16:16:00Z,2026-09-24T16:17:00Z,193.84,194.41,193.785,194.325
2026-09-24T16:17:00Z,2026-09-24T16:18:00Z,194.315,194.49,194.245,194.415
2026-09-24T16:18:00Z,2026-09-24T16:19:00Z,194.42,194.655,194.285,194.305
2026-09-24T16:19:00Z,2026-09-24T16:20:00Z,194.3,194.4,194.11,194.25
2026-09-24T16:20:00Z,2026-09-24T16:21:00Z,194.26,194.43,194.21,194.335
2026-09-24T16:21:00Z,2026-09-24T16:22:00Z,194.34,194.345,194.085,194.11
2026-09-24T16:22:00Z,2026-09-24T16:23:00Z,194.125,194.375,194.115,194.355
2026-09-24T16:23:00Z,2026-09-24T16:24:00Z,194.35,194.4,194.23,194.25
2026-09-24T16:24:00Z,2026-09-24T16:25:00Z,194.255,194.32,194.18,194.28
2026-09-24T16:25:00Z,2026-09-24T16:26:00Z,194.285,194.35,194.005,194.03
2026-09-24T16:26:00Z,2026-09-24T16:27:00Z,194.035,194.19,194.03,194.14
2026-09-24T16:27:00Z,2026-09-24T16:28:00Z,194.135,194.26,194.01,194.25
2026-09-24T16:28:00Z,2026-09-24T16:29:00Z,194.235,194.365,194.23,194.32
2026-09-24T16:29:00Z,2026-09-24T16:30:00Z,194.315,194.33,194.26,194.28
2026-09-24T16:30:00Z,2026-09-24T16:31:00Z,194.285,194.31,194.195,194.26
2026-09-24T16:31:00Z,2026-09-24T16:32:00Z,194.265,194.355,194.18,194.18
2026-09-24T16:32:00Z,2026-09-24T16:33:00Z,194.175,194.195,194.1,194.155
2026-09-24T16:33:00Z,2026-09-24T16:34:00Z,194.15,194.24,194.125,194.23
2026-09-24T16:34:00Z,2026-09-24T16:35:00Z,194.225,194.23,194.13,194.22
2026-09-24T16:35:00Z,2026-09-24T16:36:00Z,194.225,194.355,194.195,194.335
2026-09-24T16:36:00Z,2026-09-24T16:37:00Z,194.34,194.565,194.34,194.56
2026-09-24T16:37:00Z,2026-09-24T16:38:00Z,194.565,194.665,194.565,194.58
2026-09-24T16:38:00Z,2026-09-24T16:39:00Z,194.575,194.64,194.555,194.6
2026-09-24T16:39:00Z,2026-09-24T16:40:00Z,194.605,194.65,194.585,194.635
2026-09-24T16:40:00Z,2026-09-24T16:41:00Z,194.625,194.815,194.575,194.815
2026-09-24T16:41:00Z,2026-09-24T16:42:00Z,194.815,194.98,194.815,194.98
2026-09-24T16:42:00Z,2026-09-24T16:43:00Z,194.985,195.16,194.985,195.145
2026-09-24T16:43:00Z,2026-09-24T16:44:00Z,195.15,195.16,195,195.03
2026-09-24T16:44:00Z,2026-09-24T16:45:00Z,195.04,195.08,194.685,194.69
2026-09-24T16:45:00Z,2026-09-24T16:46:00Z,194.7,194.73,194.525,194.63
2026-09-24T16:46:00Z,2026-09-24T16:47:00Z,194.635,194.74,194.605,194.7
2026-09-24T16:47:00Z,2026-09-24T16:48:00Z,194.71,194.725,194.61,194.675
2026-09-24T16:48:00Z,2026-09-24T16:49:00Z,194.68,194.945,194.68,194.915
2026-09-24T16:49:00Z,2026-09-24T16:50:00Z,194.92,195.015,194.84,194.975
2026-09-24T16:50:00Z,2026-09-24T16:51:00Z,194.98,195.015,194.915,194.95
2026-09-24T16:51:00Z,2026-09-24T16:52:00Z,194.96,195.125,194.955,195.03
2026-09-24T16:52:00Z,2026-09-24T16:53:00Z,195.035,195.055,194.79,194.815
2026-09-24T16:53:00Z,2026-09-24T16:54:00Z,194.82,194.85,194.71,194.75
2026-09-24T16:54:00Z,2026-09-24T16:55:00Z,194.74,194.89,194.72,194.81
2026-09-24T16:55:00Z,2026-09-24T16:56:00Z,194.815,194.9,194.78,194.83
2026-09-24T16:56:00Z,2026-09-24T16:57:00Z,194.825,195.02,194.8,195.02
2026-09-24T16:57:00Z,2026-09-24T16:58:00Z,195.015,195.13,194.99,194.995
2026-09-24T16:58:00Z,2026-09-24T16:59:00Z,194.98,195.05,194.97,195.02
2026-09-24T16:59:00Z,2026-09-24T17:00:00Z,195.02,195.025,194.97,195.005
2026-09-24T17:00:00Z,2026-09-24T17:01:00Z,194.995,194.995,194.815,194.87
2026-09-24T17:01:00Z,2026-09-24T17:02:00Z,194.875,195.045,194.855,194.97
2026-09-24T17:02:00Z,2026-09-24T17:03:00Z,194.975,194.98,194.785,194.96
2026-09-24T17:03:00Z,2026-09-24T17:04:00Z,194.965,195.17,194.96,195.11
2026-09-24T17:04:00Z,2026-09-24T17:05:00Z,195.12,195.13,194.96,195.11
2026-09-24T17:05:00Z,2026-09-24T17:06:00Z,195.115,195.22,195.05,195.055
2026-09-24T17:06:00Z,2026-09-24T17:07:00Z,195.06,195.12,195.02,195.04
2026-09-24T17:07:00Z,2026-09-24T17:08:00Z,195.03,195.12,194.995,195
2026-09-24T17:08:00Z,2026-09-24T17:09:00Z,194.995,195.075,194.94,195.07
2026-09-24T17:09:00Z,2026-09-24T17:10:00Z,195.08,195.08,194.95,194.95
2026-09-24T17:10:00Z,2026-09-24T17:11:00Z,194.95,194.955,194.755,194.82
2026-09-24T17:11:00Z,2026-09-24T17:12:00Z,194.83,194.85,194.735,194.82
2026-09-24T17:12:00Z,2026-09-24T17:13:00Z,194.81,194.84,194.745,194.76
2026-09-24T17:13:00Z,2026-09-24T17:14:00Z,194.755,194.85,194.69,194.85
2026-09-24T17:14:00Z,2026-09-24T17:15:00Z,194.855,194.93,194.845,194.9
2026-09-24T17:15:00Z,2026-09-24T17:16:00Z,194.91,194.93,194.74,194.77
2026-09-24T17:16:00Z,2026-09-24T17:17:00Z,194.78,194.855,194.755,194.775
2026-09-24T17:17:00Z,2026-09-24T17:18:00Z,194.77,194.86,194.75,194.75
2026-09-24T17:18:00Z,2026-09-24T17:19:00Z,194.775,194.945,194.75,194.9
2026-09-24T17:19:00Z,2026-09-24T17:20:00Z,194.895,194.9,194.66,194.665
2026-09-24T17:20:00Z,2026-09-24T17:21:00Z,194.655,194.675,194.555,194.66
2026-09-24T17:21:00Z,2026-09-24T17:22:00Z,194.665,194.72,194.605,194.64
2026-09-24T17:22:00Z,2026-09-24T17:23:00Z,194.645,194.745,194.63,194.7
2026-09-24T17:23:00Z,2026-09-24T17:24:00Z,194.69,194.72,194.645,194.68
2026-09-24T17:24:00Z,2026-09-24T17:25:00Z,194.675,194.745,194.555,194.58
2026-09-24T17:25:00Z,2026-09-24T17:26:00Z,194.575,194.61,194.455,194.46
2026-09-24T17:26:00Z,2026-09-24T17:27:00Z,194.465,194.505,194.325,194.38
2026-09-24T17:27:00Z,2026-09-24T17:28:00Z,194.375,194.455,194.36,194.43
2026-09-24T17:28:00Z,2026-09-24T17:29:00Z,194.445,194.57,194.435,194.55
2026-09-24T17:29:00Z,2026-09-24T17:30:00Z,194.545,194.57,194.52,194.555
2026-09-24T17:30:00Z,2026-09-24T17:31:00Z,194.55,194.68,194.54,194.655
2026-09-24T17:31:00Z,2026-09-24T17:32:00Z,194.66,194.725,194.625,194.64
2026-09-24T17:32:00Z,2026-09-24T17:33:00Z,194.635,194.685,194.595,194.64
2026-09-24T17:33:00Z,2026-09-24T17:34:00Z,194.635,194.64,194.53,194.56
2026-09-24T17:34:00Z,2026-09-24T17:35:00Z,194.56,194.56,194.39,194.39
2026-09-24T17:35:00Z,2026-09-24T17:36:00Z,194.385,194.465,194.365,194.4
2026-09-24T17:36:00Z,2026-09-24T17:37:00Z,194.395,194.46,194.375,194.41
2026-09-24T17:37:00Z,2026-09-24T17:38:00Z,194.415,194.43,194.33,194.34
2026-09-24T17:38:00Z,2026-09-24T17:39:00Z,194.34,194.36,194.25,194.33
2026-09-24T17:39:00Z,2026-09-24T17:40:00Z,194.345,194.425,194.345,194.38
2026-09-24T17:40:00Z,2026-09-24T17:41:00Z,194.375,194.445,194.365,194.4
2026-09-24T17:41:00Z,2026-09-24T17:42:00Z,194.405,194.425,194.315,194.34
2026-09-24T17:42:00Z,2026-09-24T17:43:00Z,194.33,194.455,194.33,194.335
2026-09-24T17:43:00Z,2026-09-24T17:44:00Z,194.34,194.345,194.08,194.12
2026-09-24T17:44:00Z,2026-09-24T17:45:00Z,194.115,194.165,194.05,194.06
2026-09-24T17:45:00Z,2026-09-24T17:46:00Z,194.065,194.125,194.01,194.11
2026-09-24T17:46:00Z,2026-09-24T17:47:00Z,194.115,194.215,194.1,194.185
2026-09-24T17:47:00Z,2026-09-24T17:48:00Z,194.19,194.28,194.17,194.28
2026-09-24T17:48:00Z,2026-09-24T17:49:00Z,194.27,194.295,194.195,194.225
2026-09-24T17:49:00Z,2026-09-24T17:50:00Z,194.21,194.315,194.205,194.29
2026-09-24T17:50:00Z,2026-09-24T17:51:00Z,194.28,194.31,194.23,194.24
2026-09-24T17:51:00Z,2026-09-24T17:52:00Z,194.245,194.285,194.2,194.21
2026-09-24T17:52:00Z,2026-09-24T17:53:00Z,194.22,194.28,194.135,194.175
2026-09-24T17:53:00Z,2026-09-24T17:54:00Z,194.18,194.235,194.125,194.13
2026-09-24T17:54:00Z,2026-09-24T17:55:00Z,194.135,194.145,194.04,194.11
2026-09-24T17:55:00Z,2026-09-24T17:56:00Z,194.115,194.14,194.045,194.045
2026-09-24T17:56:00Z,2026-09-24T17:57:00Z,194.04,194.26,194.035,194.22
2026-09-24T17:57:00Z,2026-09-24T17:58:00Z,194.215,194.215,194.135,194.16
2026-09-24T17:58:00Z,2026-09-24T17:59:00Z,194.17,194.17,194.095,194.14
2026-09-24T17:59:00Z,2026-09-24T18:00:00Z,194.14,194.22,194.14,194.17
2026-09-24T18:00:00Z,2026-09-24T18:01:00Z,194.17,194.17,194.06,194.065
2026-09-24T18:01:00Z,2026-09-24T18:02:00Z,194.075,194.085,193.845,193.925
2026-09-24T18:02:00Z,2026-09-24T18:03:00Z,193.92,193.93,193.82,193.83
2026-09-24T18:03:00Z,2026-09-24T18:04:00Z,193.835,193.835,193.625,193.685
2026-09-24T18:04:00Z,2026-09-24T18:05:00Z,193.68,193.725,193.58,193.61
2026-09-24T18:05:00Z,2026-09-24T18:06:00Z,193.605,193.665,193.57,193.63
2026-09-24T18:06:00Z,2026-09-24T18:07:00Z,193.635,193.82,193.575,193.78
2026-09-24T18:07:00Z,2026-09-24T18:08:00Z,193.77,193.85,193.705,193.77
2026-09-24T18:08:00Z,2026-09-24T18:09:00Z,193.775,194.01,193.775,193.91
2026-09-24T18:09:00Z,2026-09-24T18:10:00Z,193.92,194.01,193.915,193.955
2026-09-24T18:10:00Z,2026-09-24T18:11:00Z,193.97,194.03,193.935,193.97
2026-09-24T18:11:00Z,2026-09-24T18:12:00Z,193.96,194.13,193.96,194.05
2026-09-24T18:12:00Z,2026-09-24T18:13:00Z,194.06,194.07,193.965,193.975
2026-09-24T18:13:00Z,2026-09-24T18:14:00Z,193.97,194.02,193.95,193.975
2026-09-24T18:14:00Z,2026-09-24T18:15:00Z,193.98,194.065,193.975,194.055
2026-09-24T18:15:00Z,2026-09-24T18:16:00Z,194.055,194.105,194.025,194.09
2026-09-24T18:16:00Z,2026-09-24T18:17:00Z,194.08,194.22,194.08,194.15
2026-09-24T18:17:00Z,2026-09-24T18:18:00Z,194.165,194.265,194.15,194.245
2026-09-24T18:18:00Z,2026-09-24T18:19:00Z,194.25,194.305,194.165,194.19
2026-09-24T18:19:00Z,2026-09-24T18:20:00Z,194.17,194.225,194.155,194.215
2026-09-24T18:20:00Z,2026-09-24T18:21:00Z,194.21,194.25,194.095,194.115
2026-09-24T18:21:00Z,2026-09-24T18:22:00Z,194.115,194.21,194.115,194.19
2026-09-24T18:22:00Z,2026-09-24T18:23:00Z,194.19,194.25,194.19,194.22
2026-09-24T18:23:00Z,2026-09-24T18:24:00Z,194.22,194.335,194.205,194.315
2026-09-24T18:24:00Z,2026-09-24T18:25:00Z,194.31,194.33,194.28,194.305
2026-09-24T18:25:00Z,2026-09-24T18:26:00Z,194.3,194.5,194.295,194.37
2026-09-24T18:26:00Z,2026-09-24T18:27:00Z,194.38,194.535,194.38,194.49
2026-09-24T18:27:00Z,2026-09-24T18:28:00Z,194.485,194.5,194.42,194.455
2026-09-24T18:28:00Z,2026-09-24T18:29:00Z,194.45,194.51,194.415,194.46
2026-09-24T18:29:00Z,2026-09-24T18:30:00Z,194.45,194.49,194.42,194.46
2026-09-24T18:30:00Z,2026-09-24T18:31:00Z,194.455,194.52,194.435,194.46
2026-09-24T18:31:00Z,2026-09-24T18:32:00Z,194.47,194.47,194.34,194.43
2026-09-24T18:32:00Z,2026-09-24T18:33:00Z,194.425,194.43,194.315,194.36
2026-09-24T18:33:00Z,2026-09-24T18:34:00Z,194.365,194.425,194.365,194.385
2026-09-24T18:34:00Z,2026-09-24T18:35:00Z,194.39,194.43,194.325,194.335
2026-09-24T18:35:00Z,2026-09-24T18:36:00Z,194.33,194.36,194.23,194.275
2026-09-24T18:36:00Z,2026-09-24T18:37:00Z,194.27,194.37,194.255,194.33
2026-09-24T18:37:00Z,2026-09-24T18:38:00Z,194.32,194.38,194.305,194.33
2026-09-24T18:38:00Z,2026-09-24T18:39:00Z,194.335,194.605,194.31,194.58
2026-09-24T18:39:00Z,2026-09-24T18:40:00Z,194.59,194.76,194.5,194.54
2026-09-24T18:40:00Z,2026-09-24T18:41:00Z,194.535,194.535,194.39,194.44
2026-09-24T18:41:00Z,2026-09-24T18:42:00Z,194.445,194.47,194.39,194.45
2026-09-24T18:42:00Z,2026-09-24T18:43:00Z,194.455,194.5,194.37,194.425
2026-09-24T18:43:00Z,2026-09-24T18:44:00Z,194.43,194.45,194.35,194.45
2026-09-24T18:44:00Z,2026-09-24T18:45:00Z,194.44,194.515,194.43,194.495
2026-09-24T18:45:00Z,2026-09-24T18:46:00Z,194.49,194.62,194.49,194.575
2026-09-24T18:46:00Z,2026-09-24T18:47:00Z,194.58,194.625,194.555,194.615
2026-09-24T18:47:00Z,2026-09-24T18:48:00Z,194.61,194.635,194.59,194.615
2026-09-24T18:48:00Z,2026-09-24T18:49:00Z,194.61,194.675,194.6,194.66
2026-09-24T18:49:00Z,2026-09-24T18:50:00Z,194.655,194.66,194.6,194.64
2026-09-24T18:50:00Z,2026-09-24T18:51:00Z,194.645,194.81,194.62,194.765
2026-09-24T18:51:00Z,2026-09-24T18:52:00Z,194.77,194.77,194.675,194.745
2026-09-24T18:52:00Z,2026-09-24T18:53:00Z,194.75,194.88,194.75,194.845
2026-09-24T18:53:00Z,2026-09-24T18:54:00Z,194.85,194.85,194.79,194.82
2026-09-24T18:54:00Z,2026-09-24T18:55:00Z,194.805,194.83,194.785,194.81
2026-09-24T18:55:00Z,2026-09-24T18:56:00Z,194.815,194.905,194.805,194.89
2026-09-24T18:56:00Z,2026-09-24T18:57:00Z,194.895,194.945,194.875,194.94
2026-09-24T18:57:00Z,2026-09-24T18:58:00Z,194.935,194.995,194.925,194.965
2026-09-24T18:58:00Z,2026-09-24T18:59:00Z,194.97,195.02,194.925,194.995
2026-09-24T18:59:00Z,2026-09-24T19:00:00Z,195,195.025,194.915,194.935
2026-09-24T19:00:00Z,2026-09-24T19:01:00Z,194.94,194.96,194.84,194.89
2026-09-24T19:01:00Z,2026-09-24T19:02:00Z,194.89,194.895,194.7,194.76
2026-09-24T19:02:00Z,2026-09-24T19:03:00Z,194.77,194.795,194.64,194.65
2026-09-24T19:03:00Z,2026-09-24T19:04:00Z,194.655,194.675,194.565,194.565
2026-09-24T19:04:00Z,2026-09-24T19:05:00Z,194.57,194.63,194.565,194.63
2026-09-24T19:05:00Z,2026-09-24T19:06:00Z,194.625,194.695,194.615,194.69
2026-09-24T19:06:00Z,2026-09-24T19:07:00Z,194.685,194.705,194.645,194.66
2026-09-24T19:07:00Z,2026-09-24T19:08:00Z,194.65,194.7,194.61,194.665
2026-09-24T19:08:00Z,2026-09-24T19:09:00Z,194.67,194.71,194.645,194.65
2026-09-24T19:09:00Z,2026-09-24T19:10:00Z,194.645,194.665,194.595,194.635
2026-09-24T19:10:00Z,2026-09-24T19:11:00Z,194.63,194.685,194.55,194.56
2026-09-24T19:11:00Z,2026-09-24T19:12:00Z,194.555,194.595,194.52,194.58
2026-09-24T19:12:00Z,2026-09-24T19:13:00Z,194.57,194.6,194.55,194.6
2026-09-24T19:13:00Z,2026-09-24T19:14:00Z,194.595,194.655,194.585,194.625
2026-09-24T19:14:00Z,2026-09-24T19:15:00Z,194.62,194.625,194.51,194.515
2026-09-24T19:15:00Z,2026-09-24T19:16:00Z,194.51,194.615,194.51,194.61
2026-09-24T19:16:00Z,2026-09-24T19:17:00Z,194.615,194.73,194.6,194.71
2026-09-24T19:17:00Z,2026-09-24T19:18:00Z,194.715,194.78,194.715,194.75
2026-09-24T19:18:00Z,2026-09-24T19:19:00Z,194.75,194.825,194.735,194.795
2026-09-24T19:19:00Z,2026-09-24T19:20:00Z,194.79,194.795,194.73,194.78
2026-09-24T19:20:00Z,2026-09-24T19:21:00Z,194.775,194.8,194.74,194.745
2026-09-24T19:21:00Z,2026-09-24T19:22:00Z,194.745,194.78,194.715,194.78
2026-09-24T19:22:00Z,2026-09-24T19:23:00Z,194.775,194.785,194.745,194.77
2026-09-24T19:23:00Z,2026-09-24T19:24:00Z,194.765,194.77,194.705,194.74
2026-09-24T19:24:00Z,2026-09-24T19:25:00Z,194.735,194.815,194.73,194.8
2026-09-24T19:25:00Z,2026-09-24T19:26:00Z,194.805,194.845,194.79,194.795
2026-09-24T19:26:00Z,2026-09-24T19:27:00Z,194.8,194.84,194.77,194.815
2026-09-24T19:27:00Z,2026-09-24T19:28:00Z,194.81,194.81,194.745,194.745
2026-09-24T19:28:00Z,2026-09-24T19:29:00Z,194.745,194.76,194.705,194.705
2026-09-24T19:29:00Z,2026-09-24T19:30:00Z,194.71,194.715,194.6,194.63
2026-09-24T19:30:00Z,2026-09-24T19:31:00Z,194.625,194.7,194.605,194.68
2026-09-24T19:31:00Z,2026-09-24T19:32:00Z,194.685,194.755,194.665,194.755
2026-09-24T19:32:00Z,2026-09-24T19:33:00Z,194.75,194.75,194.655,194.66
2026-09-24T19:33:00Z,2026-09-24T19:34:00Z,194.66,194.725,194.66,194.72
2026-09-24T19:34:00Z,2026-09-24T19:35:00Z,194.715,194.79,194.7,194.785
2026-09-24T19:35:00Z,2026-09-24T19:36:00Z,194.78,194.78,194.665,194.705
2026-09-24T19:36:00Z,2026-09-24T19:37:00Z,194.71,194.765,194.71,194.745
2026-09-24T19:37:00Z,2026-09-24T19:38:00Z,194.74,194.745,194.63,194.66
2026-09-24T19:38:00Z,2026-09-24T19:39:00Z,194.665,194.705,194.64,194.69
2026-09-24T19:39:00Z,2026-09-24T19:40:00Z,194.695,194.745,194.685,194.745
2026-09-24T19:40:00Z,2026-09-24T19:41:00Z,194.745,194.8,194.675,194.675
2026-09-24T19:41:00Z,2026-09-24T19:42:00Z,194.675,194.705,194.645,194.685
2026-09-24T19:42:00Z,2026-09-24T19:43:00Z,194.69,194.69,194.605,194.62
2026-09-24T19:43:00Z,2026-09-24T19:44:00Z,194.615,194.655,194.585,194.635
2026-09-24T19:44:00Z,2026-09-24T19:45:00Z,194.64,194.655,194.575,194.61
2026-09-24T19:45:00Z,2026-09-24T19:46:00Z,194.6,194.68,194.585,194.66
2026-09-24T19:46:00Z,2026-09-24T19:47:00Z,194.665,194.7,194.625,194.665
2026-09-24T19:47:00Z,2026-09-24T19:48:00Z,194.66,194.675,194.625,194.645
2026-09-24T19:48:00Z,2026-09-24T19:49:00Z,194.65,194.655,194.575,194.59
2026-09-24T19:49:00Z,2026-09-24T19:50:00Z,194.595,194.625,194.575,194.6
2026-09-24T19:50:00Z,2026-09-24T19:51:00Z,194.595,194.81,194.595,194.73
2026-09-24T19:51:00Z,2026-09-24T19:52:00Z,194.71,194.865,194.695,194.845
2026-09-24T19:52:00Z,2026-09-24T19:53:00Z,194.84,194.89,194.83,194.875
2026-09-24T19:53:00Z,2026-09-24T19:54:00Z,194.875,194.945,194.875,194.935
2026-09-24T19:54:00Z,2026-09-24T19:55:00Z,194.93,194.935,194.86,194.875
2026-09-24T19:55:00Z,2026-09-24T19:56:00Z,194.885,194.91,194.74,194.825
2026-09-24T19:56:00Z,2026-09-24T19:57:00Z,194.83,194.865,194.745,194.765
2026-09-24T19:57:00Z,2026-09-24T19:58:00Z,194.775,194.795,194.74,194.77
2026-09-24T19:58:00Z,2026-09-24T19:59:00Z,194.775,194.805,194.765,194.775
2026-09-24T19:59:00Z,2026-09-24T20:00:00Z,194.765,194.82,194.705,194.72
2026-09-25T13:30:00Z,2026-09-25T13:31:00Z,195.595,195.61,195.105,195.41
2026-09-25T13:31:00Z,2026-09-25T13:32:00Z,195.415,195.625,195.32,195.58
2026-09-25T13:32:00Z,2026-09-25T13:33:00Z,195.59,195.89,195.535,195.86
2026-09-25T13:33:00Z,2026-09-25T13:34:00Z,195.855,195.965,195.76,195.965
2026-09-25T13:34:00Z,2026-09-25T13:35:00Z,195.97,196.275,195.925,196.245
2026-09-25T13:35:00Z,2026-09-25T13:36:00Z,196.24,196.46,196.24,196.425
2026-09-25T13:36:00Z,2026-09-25T13:37:00Z,196.415,196.49,196.315,196.385
2026-09-25T13:37:00Z,2026-09-25T13:38:00Z,196.395,196.445,196.295,196.32
2026-09-25T13:38:00Z,2026-09-25T13:39:00Z,196.315,196.405,196.26,196.33
2026-09-25T13:39:00Z,2026-09-25T13:40:00Z,196.335,196.37,196.115,196.34
2026-09-25T13:40:00Z,2026-09-25T13:41:00Z,196.345,196.51,196.305,196.51
2026-09-25T13:41:00Z,2026-09-25T13:42:00Z,196.505,196.64,196.49,196.64
2026-09-25T13:42:00Z,2026-09-25T13:43:00Z,196.635,196.74,196.49,196.73
2026-09-25T13:43:00Z,2026-09-25T13:44:00Z,196.725,196.725,196.53,196.585
2026-09-25T13:44:00Z,2026-09-25T13:45:00Z,196.59,196.67,196.54,196.64
2026-09-25T13:45:00Z,2026-09-25T13:46:00Z,196.645,196.775,196.47,196.48
2026-09-25T13:46:00Z,2026-09-25T13:47:00Z,196.485,196.65,196.38,196.595
2026-09-25T13:47:00Z,2026-09-25T13:48:00Z,196.6,196.735,196.55,196.68
2026-09-25T13:48:00Z,2026-09-25T13:49:00Z,196.69,196.715,196.325,196.425
2026-09-25T13:49:00Z,2026-09-25T13:50:00Z,196.43,196.595,196.43,196.555
2026-09-25T13:50:00Z,2026-09-25T13:51:00Z,196.55,196.59,196.44,196.55
2026-09-25T13:51:00Z,2026-09-25T13:52:00Z,196.555,196.64,196.46,196.475
2026-09-25T13:52:00Z,2026-09-25T13:53:00Z,196.48,196.66,196.44,196.635
2026-09-25T13:53:00Z,2026-09-25T13:54:00Z,196.64,196.725,196.575,196.685
2026-09-25T13:54:00Z,2026-09-25T13:55:00Z,196.695,196.865,196.68,196.84
2026-09-25T13:55:00Z,2026-09-25T13:56:00Z,196.845,196.93,196.8,196.85
2026-09-25T13:56:00Z,2026-09-25T13:57:00Z,196.845,196.85,196.745,196.81
2026-09-25T13:57:00Z,2026-09-25T13:58:00Z,196.815,196.815,196.625,196.665
2026-09-25T13:58:00Z,2026-09-25T13:59:00Z,196.67,196.78,196.64,196.72
2026-09-25T13:59:00Z,2026-09-25T14:00:00Z,196.71,196.77,196.6,196.755
2026-09-25T14:00:00Z,2026-09-25T14:01:00Z,196.76,196.805,196.525,196.545
2026-09-25T14:01:00Z,2026-09-25T14:02:00Z,196.56,196.57,196.38,196.395
2026-09-25T14:02:00Z,2026-09-25T14:03:00Z,196.38,196.47,196.21,196.4
2026-09-25T14:03:00Z,2026-09-25T14:04:00Z,196.395,196.395,196.145,196.29
2026-09-25T14:04:00Z,2026-09-25T14:05:00Z,196.28,196.285,195.93,195.985
2026-09-25T14:05:00Z,2026-09-25T14:06:00Z,195.98,195.985,195.565,195.565
2026-09-25T14:06:00Z,2026-09-25T14:07:00Z,195.555,195.74,195.54,195.715
2026-09-25T14:07:00Z,2026-09-25T14:08:00Z,195.71,195.9,195.685,195.775
2026-09-25T14:08:00Z,2026-09-25T14:09:00Z,195.77,195.91,195.7,195.91
2026-09-25T14:09:00Z,2026-09-25T14:10:00Z,195.915,196.02,195.84,195.98
2026-09-25T14:10:00Z,2026-09-25T14:11:00Z,195.985,196.12,195.96,195.96
2026-09-25T14:11:00Z,2026-09-25T14:12:00Z,195.955,196.14,195.865,196.085
2026-09-25T14:12:00Z,2026-09-25T14:13:00Z,196.09,196.095,195.905,195.915
2026-09-25T14:13:00Z,2026-09-25T14:14:00Z,195.91,195.95,195.725,195.75
2026-09-25T14:14:00Z,2026-09-25T14:15:00Z,195.745,195.76,195.47,195.52
2026-09-25T14:15:00Z,2026-09-25T14:16:00Z,195.51,195.55,195.145,195.45
2026-09-25T14:16:00Z,2026-09-25T14:17:00Z,195.47,195.615,195.26,195.285
2026-09-25T14:17:00Z,2026-09-25T14:18:00Z,195.28,195.33,195.025,195.12
2026-09-25T14:18:00Z,2026-09-25T14:19:00Z,195.115,195.375,195.085,195.24
2026-09-25T14:19:00Z,2026-09-25T14:20:00Z,195.245,195.395,195.07,195.33
2026-09-25T14:20:00Z,2026-09-25T14:21:00Z,195.34,195.52,195.27,195.5
2026-09-25T14:21:00Z,2026-09-25T14:22:00Z,195.495,195.56,195.3,195.375
2026-09-25T14:22:00Z,2026-09-25T14:23:00Z,195.37,195.475,195.335,195.44
2026-09-25T14:23:00Z,2026-09-25T14:24:00Z,195.445,195.58,195.41,195.505
2026-09-25T14:24:00Z,2026-09-25T14:25:00Z,195.51,195.675,195.5,195.64
2026-09-25T14:25:00Z,2026-09-25T14:26:00Z,195.65,195.81,195.605,195.805
2026-09-25T14:26:00Z,2026-09-25T14:27:00Z,195.81,195.92,195.76,195.82
2026-09-25T14:27:00Z,2026-09-25T14:28:00Z,195.83,195.85,195.695,195.71
2026-09-25T14:28:00Z,2026-09-25T14:29:00Z,195.7,195.74,195.49,195.64
2026-09-25T14:29:00Z,2026-09-25T14:30:00Z,195.625,195.745,195.5,195.515
2026-09-25T14:30:00Z,2026-09-25T14:31:00Z,195.535,195.63,195.44,195.545
2026-09-25T14:31:00Z,2026-09-25T14:32:00Z,195.54,195.68,195.52,195.67
2026-09-25T14:32:00Z,2026-09-25T14:33:00Z,195.68,195.81,195.66,195.76
2026-09-25T14:33:00Z,2026-09-25T14:34:00Z,195.755,195.895,195.75,195.81
2026-09-25T14:34:00Z,2026-09-25T14:35:00Z,195.8,195.93,195.79,195.855
2026-09-25T14:35:00Z,2026-09-25T14:36:00Z,195.86,195.95,195.8,195.91
2026-09-25T14:36:00Z,2026-09-25T14:37:00Z,195.905,195.92,195.815,195.84
2026-09-25T14:37:00Z,2026-09-25T14:38:00Z,195.83,195.93,195.8,195.925
2026-09-25T14:38:00Z,2026-09-25T14:39:00Z,195.92,196.04,195.89,195.94
2026-09-25T14:39:00Z,2026-09-25T14:40:00Z,195.935,196,195.92,195.95
2026-09-25T14:40:00Z,2026-09-25T14:41:00Z,195.955,195.99,195.775,195.8
2026-09-25T14:41:00Z,2026-09-25T14:42:00Z,195.795,195.88,195.6,195.61
2026-09-25T14:42:00Z,2026-09-25T14:43:00Z,195.615,195.73,195.56,195.7
2026-09-25T14:43:00Z,2026-09-25T14:44:00Z,195.69,195.74,195.58,195.65
2026-09-25T14:44:00Z,2026-09-25T14:45:00Z,195.64,195.83,195.64,195.82
2026-09-25T14:45:00Z,2026-09-25T14:46:00Z,195.825,195.835,195.63,195.835
2026-09-25T14:46:00Z,2026-09-25T14:47:00Z,195.83,196.005,195.73,195.88
2026-09-25T14:47:00Z,2026-09-25T14:48:00Z,195.875,195.98,195.82,195.92
2026-09-25T14:48:00Z,2026-09-25T14:49:00Z,195.915,195.99,195.9,195.925
2026-09-25T14:49:00Z,2026-09-25T14:50:00Z,195.93,196.17,195.9,196.11
2026-09-25T14:50:00Z,2026-09-25T14:51:00Z,196.1,196.115,195.96,196.07
2026-09-25T14:51:00Z,2026-09-25T14:52:00Z,196.085,196.12,195.875,195.875
2026-09-25T14:52:00Z,2026-09-25T14:53:00Z,195.88,195.94,195.825,195.885
2026-09-25T14:53:00Z,2026-09-25T14:54:00Z,195.88,195.99,195.855,195.955
2026-09-25T14:54:00Z,2026-09-25T14:55:00Z,195.95,196.07,195.945,196.05
2026-09-25T14:55:00Z,2026-09-25T14:56:00Z,196.045,196.195,196.03,196.19
2026-09-25T14:56:00Z,2026-09-25T14:57:00Z,196.195,196.3,196.135,196.14
2026-09-25T14:57:00Z,2026-09-25T14:58:00Z,196.145,196.275,196.14,196.24
2026-09-25T14:58:00Z,2026-09-25T14:59:00Z,196.23,196.32,196.185,196.305
2026-09-25T14:59:00Z,2026-09-25T15:00:00Z,196.31,196.355,196.28,196.32
2026-09-25T15:00:00Z,2026-09-25T15:01:00Z,196.31,196.315,196.22,196.25
2026-09-25T15:01:00Z,2026-09-25T15:02:00Z,196.26,196.375,196.225,196.31
2026-09-25T15:02:00Z,2026-09-25T15:03:00Z,196.31,196.465,196.31,196.42
2026-09-25T15:03:00Z,2026-09-25T15:04:00Z,196.425,196.52,196.42,196.46
2026-09-25T15:04:00Z,2026-09-25T15:05:00Z,196.45,196.585,196.44,196.48
2026-09-25T15:05:00Z,2026-09-25T15:06:00Z,196.485,196.56,196.465,196.52
2026-09-25T15:06:00Z,2026-09-25T15:07:00Z,196.515,196.565,196.475,196.49
2026-09-25T15:07:00Z,2026-09-25T15:08:00Z,196.485,196.515,196.45,196.48
2026-09-25T15:08:00Z,2026-09-25T15:09:00Z,196.485,196.505,196.445,196.48
2026-09-25T15:09:00Z,2026-09-25T15:10:00Z,196.475,196.49,196.38,196.385
2026-09-25T15:10:00Z,2026-09-25T15:11:00Z,196.38,196.42,196.265,196.33
2026-09-25T15:11:00Z,2026-09-25T15:12:00Z,196.32,196.34,196.11,196.155
2026-09-25T15:12:00Z,2026-09-25T15:13:00Z,196.15,196.22,196.11,196.14
2026-09-25T15:13:00Z,2026-09-25T15:14:00Z,196.13,196.205,196.115,196.18
2026-09-25T15:14:00Z,2026-09-25T15:15:00Z,196.17,196.24,196.15,196.17
2026-09-25T15:15:00Z,2026-09-25T15:16:00Z,196.18,196.25,196.14,196.23
2026-09-25T15:16:00Z,2026-09-25T15:17:00Z,196.225,196.325,196.225,196.315
2026-09-25T15:17:00Z,2026-09-25T15:18:00Z,196.32,196.355,196.255,196.28
2026-09-25T15:18:00Z,2026-09-25T15:19:00Z,196.27,196.32,196.23,196.28
2026-09-25T15:19:00Z,2026-09-25T15:20:00Z,196.27,196.28,196.09,196.14
2026-09-25T15:20:00Z,2026-09-25T15:21:00Z,196.145,196.255,196.095,196.25
2026-09-25T15:21:00Z,2026-09-25T15:22:00Z,196.255,196.395,196.18,196.265
2026-09-25T15:22:00Z,2026-09-25T15:23:00Z,196.27,196.29,196.205,196.235
2026-09-25T15:23:00Z,2026-09-25T15:24:00Z,196.24,196.32,196.21,196.22
2026-09-25T15:24:00Z,2026-09-25T15:25:00Z,196.21,196.23,196.095,196.14
2026-09-25T15:25:00Z,2026-09-25T15:26:00Z,196.135,196.165,196.09,196.11
2026-09-25T15:26:00Z,2026-09-25T15:27:00Z,196.105,196.145,196.055,196.145
2026-09-25T15:27:00Z,2026-09-25T15:28:00Z,196.14,196.16,196.05,196.09
2026-09-25T15:28:00Z,2026-09-25T15:29:00Z,196.1,196.15,196.06,196.115
2026-09-25T15:29:00Z,2026-09-25T15:30:00Z,196.12,196.22,196.105,196.115
2026-09-25T15:30:00Z,2026-09-25T15:31:00Z,196.125,196.33,196.1,196.23
2026-09-25T15:31:00Z,2026-09-25T15:32:00Z,196.22,196.35,196.2,196.35
2026-09-25T15:32:00Z,2026-09-25T15:33:00Z,196.34,196.405,196.315,196.375
2026-09-25T15:33:00Z,2026-09-25T15:34:00Z,196.37,196.385,196.3,196.345
2026-09-25T15:34:00Z,2026-09-25T15:35:00Z,196.34,196.38,196.105,196.125
2026-09-25T15:35:00Z,2026-09-25T15:36:00Z,196.12,196.18,195.98,196.07
2026-09-25T15:36:00Z,2026-09-25T15:37:00Z,196.065,196.065,195.845,195.865
2026-09-25T15:37:00Z,2026-09-25T15:38:00Z,195.87,195.9,195.76,195.88
2026-09-25T15:38:00Z,2026-09-25T15:39:00Z,195.875,195.89,195.7,195.73
2026-09-25T15:39:00Z,2026-09-25T15:40:00Z,195.715,195.77,195.67,195.725
2026-09-25T15:40:00Z,2026-09-25T15:41:00Z,195.72,195.825,195.655,195.815
2026-09-25T15:41:00Z,2026-09-25T15:42:00Z,195.82,195.85,195.765,195.82
2026-09-25T15:42:00Z,2026-09-25T15:43:00Z,195.815,195.87,195.7,195.755
2026-09-25T15:43:00Z,2026-09-25T15:44:00Z,195.76,195.785,195.67,195.69
2026-09-25T15:44:00Z,2026-09-25T15:45:00Z,195.695,195.705,195.535,195.545
2026-09-25T15:45:00Z,2026-09-25T15:46:00Z,195.54,195.615,195.51,195.56
2026-09-25T15:46:00Z,2026-09-25T15:47:00Z,195.555,195.715,195.47,195.71
2026-09-25T15:47:00Z,2026-09-25T15:48:00Z,195.715,195.77,195.7,195.73
2026-09-25T15:48:00Z,2026-09-25T15:49:00Z,195.72,195.805,195.67,195.75
2026-09-25T15:49:00Z,2026-09-25T15:50:00Z,195.76,195.85,195.74,195.85
2026-09-25T15:50:00Z,2026-09-25T15:51:00Z,195.85,195.88,195.765,195.785
2026-09-25T15:51:00Z,2026-09-25T15:52:00Z,195.78,195.78,195.515,195.525
2026-09-25T15:52:00Z,2026-09-25T15:53:00Z,195.51,195.585,195.455,195.515
2026-09-25T15:53:00Z,2026-09-25T15:54:00Z,195.515,195.56,195.51,195.55
2026-09-25T15:54:00Z,2026-09-25T15:55:00Z,195.54,195.845,195.51,195.77
2026-09-25T15:55:00Z,2026-09-25T15:56:00Z,195.78,195.88,195.77,195.84
2026-09-25T15:56:00Z,2026-09-25T15:57:00Z,195.85,195.95,195.815,195.94
2026-09-25T15:57:00Z,2026-09-25T15:58:00Z,195.945,196.035,195.93,196.035
2026-09-25T15:58:00Z,2026-09-25T15:59:00Z,196.03,196.26,196.01,196.2
2026-09-25T15:59:00Z,2026-09-25T16:00:00Z,196.195,196.375,196.18,196.34
2026-09-25T16:00:00Z,2026-09-25T16:01:00Z,196.35,196.51,196.27,196.485
2026-09-25T16:01:00Z,2026-09-25T16:02:00Z,196.49,196.54,196.43,196.465
2026-09-25T16:02:00Z,2026-09-25T16:03:00Z,196.465,196.65,196.46,196.645
2026-09-25T16:03:00Z,2026-09-25T16:04:00Z,196.64,196.745,196.575,196.745
2026-09-25T16:04:00Z,2026-09-25T16:05:00Z,196.74,196.75,196.63,196.73
2026-09-25T16:05:00Z,2026-09-25T16:06:00Z,196.725,196.895,196.65,196.86
2026-09-25T16:06:00Z,2026-09-25T16:07:00Z,196.855,196.895,196.76,196.815
2026-09-25T16:07:00Z,2026-09-25T16:08:00Z,196.82,196.845,196.725,196.75
2026-09-25T16:08:00Z,2026-09-25T16:09:00Z,196.745,196.835,196.715,196.745
2026-09-25T16:09:00Z,2026-09-25T16:10:00Z,196.745,196.825,196.66,196.81
2026-09-25T16:10:00Z,2026-09-25T16:11:00Z,196.82,196.945,196.805,196.86
2026-09-25T16:11:00Z,2026-09-25T16:12:00Z,196.845,196.85,196.715,196.79
2026-09-25T16:12:00Z,2026-09-25T16:13:00Z,196.78,196.865,196.72,196.75
2026-09-25T16:13:00Z,2026-09-25T16:14:00Z,196.74,196.77,196.705,196.76
2026-09-25T16:14:00Z,2026-09-25T16:15:00Z,196.755,196.765,196.605,196.71
2026-09-25T16:15:00Z,2026-09-25T16:16:00Z,196.72,196.84,196.675,196.835
2026-09-25T16:16:00Z,2026-09-25T16:17:00Z,196.84,196.91,196.76,196.895
2026-09-25T16:17:00Z,2026-09-25T16:18:00Z,196.89,196.935,196.68,196.69
2026-09-25T16:18:00Z,2026-09-25T16:19:00Z,196.695,196.695,196.495,196.545
2026-09-25T16:19:00Z,2026-09-25T16:20:00Z,196.54,196.57,196.475,196.54
2026-09-25T16:20:00Z,2026-09-25T16:21:00Z,196.545,196.585,196.35,196.365
2026-09-25T16:21:00Z,2026-09-25T16:22:00Z,196.37,196.43,196.275,196.41
2026-09-25T16:22:00Z,2026-09-25T16:23:00Z,196.4,196.42,196.27,196.355
2026-09-25T16:23:00Z,2026-09-25T16:24:00Z,196.36,196.39,196.26,196.315
2026-09-25T16:24:00Z,2026-09-25T16:25:00Z,196.31,196.38,196.29,196.345
2026-09-25T16:25:00Z,2026-09-25T16:26:00Z,196.35,196.5,196.325,196.45
2026-09-25T16:26:00Z,2026-09-25T16:27:00Z,196.445,196.695,196.415,196.69
2026-09-25T16:27:00Z,2026-09-25T16:28:00Z,196.695,196.76,196.665,196.72
2026-09-25T16:28:00Z,2026-09-25T16:29:00Z,196.73,196.765,196.68,196.745
2026-09-25T16:29:00Z,2026-09-25T16:30:00Z,196.75,196.86,196.74,196.815
2026-09-25T16:30:00Z,2026-09-25T16:31:00Z,196.81,196.82,196.7,196.78
2026-09-25T16:31:00Z,2026-09-25T16:32:00Z,196.785,196.835,196.745,196.82
2026-09-25T16:32:00Z,2026-09-25T16:33:00Z,196.825,196.89,196.765,196.79
2026-09-25T16:33:00Z,2026-09-25T16:34:00Z,196.79,196.885,196.765,196.88
2026-09-25T16:34:00Z,2026-09-25T16:35:00Z,196.885,196.885,196.45,196.53
2026-09-25T16:35:00Z,2026-09-25T16:36:00Z,196.535,196.645,196.535,196.6
2026-09-25T16:36:00Z,2026-09-25T16:37:00Z,196.595,196.615,196.49,196.59
2026-09-25T16:37:00Z,2026-09-25T16:38:00Z,196.6,196.775,196.6,196.69
2026-09-25T16:38:00Z,2026-09-25T16:39:00Z,196.685,196.685,196.54,196.66
2026-09-25T16:39:00Z,2026-09-25T16:40:00Z,196.655,196.69,196.58,196.59
2026-09-25T16:40:00Z,2026-09-25T16:41:00Z,196.6,196.63,196.54,196.54
2026-09-25T16:41:00Z,2026-09-25T16:42:00Z,196.545,196.625,196.535,196.595
2026-09-25T16:42:00Z,2026-09-25T16:43:00Z,196.59,196.705,196.59,196.61
2026-09-25T16:43:00Z,2026-09-25T16:44:00Z,196.62,196.77,196.61,196.735
2026-09-25T16:44:00Z,2026-09-25T16:45:00Z,196.74,196.81,196.7,196.715
2026-09-25T16:45:00Z,2026-09-25T16:46:00Z,196.72,196.725,196.62,196.715
2026-09-25T16:46:00Z,2026-09-25T16:47:00Z,196.71,196.745,196.65,196.675
2026-09-25T16:47:00Z,2026-09-25T16:48:00Z,196.68,196.685,196.615,196.63
2026-09-25T16:48:00Z,2026-09-25T16:49:00Z,196.62,196.645,196.49,196.5
2026-09-25T16:49:00Z,2026-09-25T16:50:00Z,196.495,196.555,196.41,196.54
2026-09-25T16:50:00Z,2026-09-25T16:51:00Z,196.55,196.61,196.51,196.545
2026-09-25T16:51:00Z,2026-09-25T16:52:00Z,196.55,196.57,196.505,196.57
2026-09-25T16:52:00Z,2026-09-25T16:53:00Z,196.565,196.62,196.53,196.605
2026-09-25T16:53:00Z,2026-09-25T16:54:00Z,196.6,196.655,196.56,196.56
2026-09-25T16:54:00Z,2026-09-25T16:55:00Z,196.57,196.635,196.535,196.635
2026-09-25T16:55:00Z,2026-09-25T16:56:00Z,196.63,196.68,196.61,196.635
2026-09-25T16:56:00Z,2026-09-25T16:57:00Z,196.64,196.7,196.605,196.64
2026-09-25T16:57:00Z,2026-09-25T16:58:00Z,196.65,196.65,196.51,196.53
2026-09-25T16:58:00Z,2026-09-25T16:59:00Z,196.535,196.555,196.485,196.5
2026-09-25T16:59:00Z,2026-09-25T17:00:00Z,196.495,196.55,196.375,196.485
2026-09-25T17:00:00Z,2026-09-25T17:01:00Z,196.49,196.5,196.45,196.49
2026-09-25T17:01:00Z,2026-09-25T17:02:00Z,196.49,196.67,196.49,196.65
2026-09-25T17:02:00Z,2026-09-25T17:03:00Z,196.655,196.755,196.625,196.73
2026-09-25T17:03:00Z,2026-09-25T17:04:00Z,196.735,196.8,196.71,196.72
2026-09-25T17:04:00Z,2026-09-25T17:05:00Z,196.73,196.75,196.695,196.72
2026-09-25T17:05:00Z,2026-09-25T17:06:00Z,196.72,196.775,196.705,196.745
2026-09-25T17:06:00Z,2026-09-25T17:07:00Z,196.75,196.78,196.725,196.75
2026-09-25T17:07:00Z,2026-09-25T17:08:00Z,196.745,196.76,196.67,196.69
2026-09-25T17:08:00Z,2026-09-25T17:09:00Z,196.695,196.71,196.595,196.65
2026-09-25T17:09:00Z,2026-09-25T17:10:00Z,196.65,196.75,196.65,196.73
2026-09-25T17:10:00Z,2026-09-25T17:11:00Z,196.72,196.75,196.695,196.725
2026-09-25T17:11:00Z,2026-09-25T17:12:00Z,196.72,196.745,196.64,196.655
2026-09-25T17:12:00Z,2026-09-25T17:13:00Z,196.66,196.715,196.615,196.71
2026-09-25T17:13:00Z,2026-09-25T17:14:00Z,196.715,196.8,196.7,196.76
2026-09-25T17:14:00Z,2026-09-25T17:15:00Z,196.75,196.83,196.735,196.83
2026-09-25T17:15:00Z,2026-09-25T17:16:00Z,196.83,196.9,196.79,196.885
2026-09-25T17:16:00Z,2026-09-25T17:17:00Z,196.88,196.885,196.82,196.82
2026-09-25T17:17:00Z,2026-09-25T17:18:00Z,196.83,196.905,196.82,196.83
2026-09-25T17:18:00Z,2026-09-25T17:19:00Z,196.83,196.845,196.745,196.78
2026-09-25T17:19:00Z,2026-09-25T17:20:00Z,196.785,196.785,196.74,196.76
2026-09-25T17:20:00Z,2026-09-25T17:21:00Z,196.76,196.8,196.735,196.78
2026-09-25T17:21:00Z,2026-09-25T17:22:00Z,196.77,196.785,196.745,196.765
2026-09-25T17:22:00Z,2026-09-25T17:23:00Z,196.77,196.81,196.745,196.75
2026-09-25T17:23:00Z,2026-09-25T17:24:00Z,196.76,196.795,196.745,196.77
2026-09-25T17:24:00Z,2026-09-25T17:25:00Z,196.775,196.8,196.75,196.79
2026-09-25T17:25:00Z,2026-09-25T17:26:00Z,196.795,196.8,196.75,196.75
2026-09-25T17:26:00Z,2026-09-25T17:27:00Z,196.755,196.77,196.715,196.73
2026-09-25T17:27:00Z,2026-09-25T17:28:00Z,196.72,196.735,196.695,196.725
2026-09-25T17:28:00Z,2026-09-25T17:29:00Z,196.72,196.765,196.715,196.75
2026-09-25T17:29:00Z,2026-09-25T17:30:00Z,196.745,196.76,196.73,196.75
2026-09-25T17:30:00Z,2026-09-25T17:31:00Z,196.765,196.78,196.725,196.755
2026-09-25T17:31:00Z,2026-09-25T17:32:00Z,196.75,196.75,196.66,196.67
2026-09-25T17:32:00Z,2026-09-25T17:33:00Z,196.675,196.725,196.67,196.72
2026-09-25T17:33:00Z,2026-09-25T17:34:00Z,196.71,196.75,196.655,196.655
2026-09-25T17:34:00Z,2026-09-25T17:35:00Z,196.65,196.665,196.58,196.65
2026-09-25T17:35:00Z,2026-09-25T17:36:00Z,196.65,196.66,196.6,196.625
2026-09-25T17:36:00Z,2026-09-25T17:37:00Z,196.62,196.665,196.575,196.585
2026-09-25T17:37:00Z,2026-09-25T17:38:00Z,196.58,196.585,196.51,196.56
2026-09-25T17:38:00Z,2026-09-25T17:39:00Z,196.555,196.64,196.55,196.605
2026-09-25T17:39:00Z,2026-09-25T17:40:00Z,196.61,196.725,196.58,196.65
2026-09-25T17:40:00Z,2026-09-25T17:41:00Z,196.66,196.72,196.62,196.665
2026-09-25T17:41:00Z,2026-09-25T17:42:00Z,196.66,196.755,196.655,196.73
2026-09-25T17:42:00Z,2026-09-25T17:43:00Z,196.735,196.77,196.73,196.76
2026-09-25T17:43:00Z,2026-09-25T17:44:00Z,196.755,196.755,196.68,196.7
2026-09-25T17:44:00Z,2026-09-25T17:45:00Z,196.7,196.735,196.645,196.67
2026-09-25T17:45:00Z,2026-09-25T17:46:00Z,196.665,196.705,196.645,196.67
2026-09-25T17:46:00Z,2026-09-25T17:47:00Z,196.675,196.69,196.64,196.665
2026-09-25T17:47:00Z,2026-09-25T17:48:00Z,196.66,196.68,196.635,196.655
2026-09-25T17:48:00Z,2026-09-25T17:49:00Z,196.655,196.7,196.64,196.685
2026-09-25T17:49:00Z,2026-09-25T17:50:00Z,196.69,196.78,196.69,196.77
2026-09-25T17:50:00Z,2026-09-25T17:51:00Z,196.77,196.78,196.735,196.77
2026-09-25T17:51:00Z,2026-09-25T17:52:00Z,196.77,196.78,196.72,196.74
2026-09-25T17:52:00Z,2026-09-25T17:53:00Z,196.735,196.74,196.63,196.63
2026-09-25T17:53:00Z,2026-09-25T17:54:00Z,196.625,196.665,196.615,196.66
2026-09-25T17:54:00Z,2026-09-25T17:55:00Z,196.66,196.66,196.57,196.64
2026-09-25T17:55:00Z,2026-09-25T17:56:00Z,196.64,196.695,196.635,196.695
2026-09-25T17:56:00Z,2026-09-25T17:57:00Z,196.69,196.72,196.67,196.69
2026-09-25T17:57:00Z,2026-09-25T17:58:00Z,196.69,196.7,196.665,196.675
2026-09-25T17:58:00Z,2026-09-25T17:59:00Z,196.68,196.73,196.675,196.7
2026-09-25T17:59:00Z,2026-09-25T18:00:00Z,196.7,196.725,196.675,196.715
2026-09-25T18:00:00Z,2026-09-25T18:01:00Z,196.715,196.745,196.7,196.71
2026-09-25T18:01:00Z,2026-09-25T18:02:00Z,196.715,196.76,196.69,196.76
2026-09-25T18:02:00Z,2026-09-25T18:03:00Z,196.755,196.765,196.675,196.695
2026-09-25T18:03:00Z,2026-09-25T18:04:00Z,196.7,196.725,196.695,196.71
2026-09-25T18:04:00Z,2026-09-25T18:05:00Z,196.705,196.71,196.655,196.665
2026-09-25T18:05:00Z,2026-09-25T18:06:00Z,196.665,196.695,196.64,196.65
2026-09-25T18:06:00Z,2026-09-25T18:07:00Z,196.65,196.685,196.635,196.665
2026-09-25T18:07:00Z,2026-09-25T18:08:00Z,196.665,196.68,196.61,196.63
2026-09-25T18:08:00Z,2026-09-25T18:09:00Z,196.635,196.7,196.615,196.69
2026-09-25T18:09:00Z,2026-09-25T18:10:00Z,196.7,196.74,196.695,196.725
2026-09-25T18:10:00Z,2026-09-25T18:11:00Z,196.73,196.755,196.725,196.73
2026-09-25T18:11:00Z,2026-09-25T18:12:00Z,196.725,196.73,196.705,196.71
2026-09-25T18:12:00Z,2026-09-25T18:13:00Z,196.715,196.77,196.68,196.76
2026-09-25T18:13:00Z,2026-09-25T18:14:00Z,196.755,196.815,196.745,196.815
2026-09-25T18:14:00Z,2026-09-25T18:15:00Z,196.815,196.855,196.795,196.845
2026-09-25T18:15:00Z,2026-09-25T18:16:00Z,196.84,196.855,196.805,196.805
2026-09-25T18:16:00Z,2026-09-25T18:17:00Z,196.81,196.845,196.81,196.83
2026-09-25T18:17:00Z,2026-09-25T18:18:00Z,196.83,196.845,196.815,196.825
2026-09-25T18:18:00Z,2026-09-25T18:19:00Z,196.825,196.855,196.765,196.765
2026-09-25T18:19:00Z,2026-09-25T18:20:00Z,196.765,196.785,196.735,196.78
2026-09-25T18:20:00Z,2026-09-25T18:21:00Z,196.775,196.815,196.775,196.8
2026-09-25T18:21:00Z,2026-09-25T18:22:00Z,196.805,196.815,196.755,196.77
2026-09-25T18:22:00Z,2026-09-25T18:23:00Z,196.775,196.825,196.76,196.77
2026-09-25T18:23:00Z,2026-09-25T18:24:00Z,196.77,196.825,196.765,196.825
2026-09-25T18:24:00Z,2026-09-25T18:25:00Z,196.83,196.855,196.815,196.815
2026-09-25T18:25:00Z,2026-09-25T18:26:00Z,196.815,196.845,196.79,196.795
2026-09-25T18:26:00Z,2026-09-25T18:27:00Z,196.795,196.795,196.565,196.6
2026-09-25T18:27:00Z,2026-09-25T18:28:00Z,196.595,196.645,196.47,196.51
2026-09-25T18:28:00Z,2026-09-25T18:29:00Z,196.5,196.57,196.46,196.525
2026-09-25T18:29:00Z,2026-09-25T18:30:00Z,196.535,196.57,196.48,196.565
2026-09-25T18:30:00Z,2026-09-25T18:31:00Z,196.57,196.66,196.56,196.635
2026-09-25T18:31:00Z,2026-09-25T18:32:00Z,196.635,196.705,196.63,196.685
2026-09-25T18:32:00Z,2026-09-25T18:33:00Z,196.68,196.705,196.65,196.66
2026-09-25T18:33:00Z,2026-09-25T18:34:00Z,196.665,196.71,196.655,196.69
2026-09-25T18:34:00Z,2026-09-25T18:35:00Z,196.69,196.69,196.635,196.645
2026-09-25T18:35:00Z,2026-09-25T18:36:00Z,196.64,196.68,196.595,196.66
2026-09-25T18:36:00Z,2026-09-25T18:37:00Z,196.655,196.665,196.635,196.64
2026-09-25T18:37:00Z,2026-09-25T18:38:00Z,196.635,196.65,196.505,196.53
2026-09-25T18:38:00Z,2026-09-25T18:39:00Z,196.53,196.53,196.47,196.51
2026-09-25T18:39:00Z,2026-09-25T18:40:00Z,196.505,196.52,196.435,196.44
2026-09-25T18:40:00Z,2026-09-25T18:41:00Z,196.445,196.465,196.385,196.45
2026-09-25T18:41:00Z,2026-09-25T18:42:00Z,196.46,196.495,196.44,196.465
2026-09-25T18:42:00Z,2026-09-25T18:43:00Z,196.47,196.535,196.465,196.525
2026-09-25T18:43:00Z,2026-09-25T18:44:00Z,196.525,196.535,196.505,196.53
2026-09-25T18:44:00Z,2026-09-25T18:45:00Z,196.525,196.575,196.51,196.575
2026-09-25T18:45:00Z,2026-09-25T18:46:00Z,196.57,196.585,196.535,196.54
2026-09-25T18:46:00Z,2026-09-25T18:47:00Z,196.545,196.565,196.49,196.49
2026-09-25T18:47:00Z,2026-09-25T18:48:00Z,196.485,196.49,196.415,196.425
2026-09-25T18:48:00Z,2026-09-25T18:49:00Z,196.42,196.46,196.405,196.445
2026-09-25T18:49:00Z,2026-09-25T18:50:00Z,196.45,196.45,196.415,196.415
2026-09-25T18:50:00Z,2026-09-25T18:51:00Z,196.42,196.425,196.38,196.4
2026-09-25T18:51:00Z,2026-09-25T18:52:00Z,196.4,196.43,196.355,196.385
2026-09-25T18:52:00Z,2026-09-25T18:53:00Z,196.39,196.42,196.37,196.415
2026-09-25T18:53:00Z,2026-09-25T18:54:00Z,196.42,196.42,196.37,196.38
2026-09-25T18:54:00Z,2026-09-25T18:55:00Z,196.38,196.38,196.315,196.33
2026-09-25T18:55:00Z,2026-09-25T18:56:00Z,196.34,196.375,196.32,196.33
2026-09-25T18:56:00Z,2026-09-25T18:57:00Z,196.335,196.365,196.32,196.33
2026-09-25T18:57:00Z,2026-09-25T18:58:00Z,196.325,196.345,196.315,196.325
2026-09-25T18:58:00Z,2026-09-25T18:59:00Z,196.33,196.355,196.31,196.345
2026-09-25T18:59:00Z,2026-09-25T19:00:00Z,196.35,196.36,196.265,196.275
2026-09-25T19:00:00Z,2026-09-25T19:01:00Z,196.285,196.36,196.285,196.31
2026-09-25T19:01:00Z,2026-09-25T19:02:00Z,196.31,196.395,196.27,196.27
2026-09-25T19:02:00Z,2026-09-25T19:03:00Z,196.28,196.29,196.23,196.26
2026-09-25T19:03:00Z,2026-09-25T19:04:00Z,196.26,196.315,196.225,196.31
2026-09-25T19:04:00Z,2026-09-25T19:05:00Z,196.315,196.395,196.305,196.37
2026-09-25T19:05:00Z,2026-09-25T19:06:00Z,196.37,196.42,196.355,196.405
2026-09-25T19:06:00Z,2026-09-25T19:07:00Z,196.415,196.44,196.33,196.35
2026-09-25T19:07:00Z,2026-09-25T19:08:00Z,196.345,196.435,196.34,196.42
2026-09-25T19:08:00Z,2026-09-25T19:09:00Z,196.42,196.435,196.405,196.43
2026-09-25T19:09:00Z,2026-09-25T19:10:00Z,196.43,196.44,196.375,196.4
2026-09-25T19:10:00Z,2026-09-25T19:11:00Z,196.395,196.425,196.365,196.4
2026-09-25T19:11:00Z,2026-09-25T19:12:00Z,196.4,196.4,196.345,196.39
2026-09-25T19:12:00Z,2026-09-25T19:13:00Z,196.39,196.425,196.375,196.41
2026-09-25T19:13:00Z,2026-09-25T19:14:00Z,196.415,196.43,196.375,196.405
2026-09-25T19:14:00Z,2026-09-25T19:15:00Z,196.4,196.455,196.395,196.45
2026-09-25T19:15:00Z,2026-09-25T19:16:00Z,196.45,196.475,196.395,196.41
2026-09-25T19:16:00Z,2026-09-25T19:17:00Z,196.415,196.43,196.375,196.385
2026-09-25T19:17:00Z,2026-09-25T19:18:00Z,196.39,196.4,196.345,196.37
2026-09-25T19:18:00Z,2026-09-25T19:19:00Z,196.375,196.395,196.345,196.39
2026-09-25T19:19:00Z,2026-09-25T19:20:00Z,196.39,196.39,196.315,196.32
2026-09-25T19:20:00Z,2026-09-25T19:21:00Z,196.325,196.36,196.285,196.285
2026-09-25T19:21:00Z,2026-09-25T19:22:00Z,196.285,196.32,196.275,196.3
2026-09-25T19:22:00Z,2026-09-25T19:23:00Z,196.305,196.31,196.225,196.235
2026-09-25T19:23:00Z,2026-09-25T19:24:00Z,196.235,196.25,196.215,196.25
2026-09-25T19:24:00Z,2026-09-25T19:25:00Z,196.25,196.325,196.25,196.285
2026-09-25T19:25:00Z,2026-09-25T19:26:00Z,196.28,196.29,196.22,196.225
2026-09-25T19:26:00Z,2026-09-25T19:27:00Z,196.23,196.235,196.125,196.17
2026-09-25T19:27:00Z,2026-09-25T19:28:00Z,196.16,196.215,196.15,196.19
2026-09-25T19:28:00Z,2026-09-25T19:29:00Z,196.19,196.235,196.155,196.185
2026-09-25T19:29:00Z,2026-09-25T19:30:00Z,196.185,196.2,196.135,196.19
2026-09-25T19:30:00Z,2026-09-25T19:31:00Z,196.185,196.185,196.095,196.105
2026-09-25T19:31:00Z,2026-09-25T19:32:00Z,196.095,196.155,196.085,196.155
2026-09-25T19:32:00Z,2026-09-25T19:33:00Z,196.15,196.165,196.105,196.145
2026-09-25T19:33:00Z,2026-09-25T19:34:00Z,196.135,196.155,196.105,196.13
2026-09-25T19:34:00Z,2026-09-25T19:35:00Z,196.12,196.135,196,196.005
2026-09-25T19:35:00Z,2026-09-25T19:36:00Z,196,196.015,195.965,195.985
2026-09-25T19:36:00Z,2026-09-25T19:37:00Z,195.98,195.995,195.915,195.98
2026-09-25T19:37:00Z,2026-09-25T19:38:00Z,195.975,196.12,195.965,196.09
2026-09-25T19:38:00Z,2026-09-25T19:39:00Z,196.085,196.165,196.075,196.15
2026-09-25T19:39:00Z,2026-09-25T19:40:00Z,196.145,196.205,196.135,196.175
2026-09-25T19:40:00Z,2026-09-25T19:41:00Z,196.175,196.18,196.11,196.155
2026-09-25T19:41:00Z,2026-09-25T19:42:00Z,196.15,196.205,196.135,196.155
2026-09-25T19:42:00Z,2026-09-25T19:43:00Z,196.16,196.215,196.155,196.215
2026-09-25T19:43:00Z,2026-09-25T19:44:00Z,196.215,196.305,196.215,196.305
2026-09-25T19:44:00Z,2026-09-25T19:45:00Z,196.31,196.315,196.225,196.255
2026-09-25T19:45:00Z,2026-09-25T19:46:00Z,196.26,196.42,196.255,196.385
2026-09-25T19:46:00Z,2026-09-25T19:47:00Z,196.39,196.435,196.365,196.425
2026-09-25T19:47:00Z,2026-09-25T19:48:00Z,196.415,196.42,196.365,196.395
2026-09-25T19:48:00Z,2026-09-25T19:49:00Z,196.385,196.435,196.365,196.405
2026-09-25T19:49:00Z,2026-09-25T19:50:00Z,196.395,196.425,196.375,196.38
2026-09-25T19:50:00Z,2026-09-25T19:51:00Z,196.375,196.545,196.375,196.545
2026-09-25T19:51:00Z,2026-09-25T19:52:00Z,196.555,196.595,196.49,196.525
2026-09-25T19:52:00Z,2026-09-25T19:53:00Z,196.535,196.58,196.525,196.555
2026-09-25T19:53:00Z,2026-09-25T19:54:00Z,196.55,196.595,196.515,196.535
2026-09-25T19:54:00Z,2026-09-25T19:55:00Z,196.53,196.535,196.41,196.43
2026-09-25T19:55:00Z,2026-09-25T19:56:00Z,196.435,196.47,196.335,196.345
2026-09-25T19:56:00Z,2026-09-25T19:57:00Z,196.34,196.35,196.255,196.295
2026-09-25T19:57:00Z,2026-09-25T19:58:00Z,196.295,196.405,196.295,196.4
2026-09-25T19:58:00Z,2026-09-25T19:59:00Z,196.405,196.435,196.355,196.395
2026-09-25T19:59:00Z,2026-09-25T20:00:00Z,196.39,196.4,196.23,196.285
2026-09-28T13:30:00Z,2026-09-28T13:31:00Z,195.095,195.415,195.07,195.375
2026-09-28T13:31:00Z,2026-09-28T13:32:00Z,195.385,195.77,195.3,195.66
2026-09-28T13:32:00Z,2026-09-28T13:33:00Z,195.67,196.17,195.67,196.025
2026-09-28T13:33:00Z,2026-09-28T13:34:00Z,196.015,196.015,195.6,195.75
2026-09-28T13:34:00Z,2026-09-28T13:35:00Z,195.755,195.77,195.445,195.46
2026-09-28T13:35:00Z,2026-09-28T13:36:00Z,195.45,195.455,194.975,195.045
2026-09-28T13:36:00Z,2026-09-28T13:37:00Z,195.05,195.43,194.96,195.4
2026-09-28T13:37:00Z,2026-09-28T13:38:00Z,195.41,195.455,195.215,195.215
2026-09-28T13:38:00Z,2026-09-28T13:39:00Z,195.225,195.3,195.02,195.23
2026-09-28T13:39:00Z,2026-09-28T13:40:00Z,195.235,195.415,195.185,195.26
2026-09-28T13:40:00Z,2026-09-28T13:41:00Z,195.265,195.355,195.135,195.225
2026-09-28T13:41:00Z,2026-09-28T13:42:00Z,195.23,195.35,195.075,195.09
2026-09-28T13:42:00Z,2026-09-28T13:43:00Z,195.1,195.345,195.08,195.24
2026-09-28T13:43:00Z,2026-09-28T13:44:00Z,195.235,195.32,195.18,195.265
2026-09-28T13:44:00Z,2026-09-28T13:45:00Z,195.255,195.255,194.73,194.795
2026-09-28T13:45:00Z,2026-09-28T13:46:00Z,194.79,194.96,194.735,194.8
2026-09-28T13:46:00Z,2026-09-28T13:47:00Z,194.79,194.85,194.7,194.83
2026-09-28T13:47:00Z,2026-09-28T13:48:00Z,194.835,194.99,194.78,194.86
2026-09-28T13:48:00Z,2026-09-28T13:49:00Z,194.865,195.055,194.81,194.99
2026-09-28T13:49:00Z,2026-09-28T13:50:00Z,194.995,195.12,194.91,194.945
2026-09-28T13:50:00Z,2026-09-28T13:51:00Z,194.94,195.015,194.71,194.795
2026-09-28T13:51:00Z,2026-09-28T13:52:00Z,194.79,194.79,194.585,194.65
2026-09-28T13:52:00Z,2026-09-28T13:53:00Z,194.655,194.74,194.595,194.72
2026-09-28T13:53:00Z,2026-09-28T13:54:00Z,194.725,195.06,194.715,195.015
2026-09-28T13:54:00Z,2026-09-28T13:55:00Z,195.02,195.23,194.99,195.13
2026-09-28T13:55:00Z,2026-09-28T13:56:00Z,195.135,195.28,195.065,195.1
2026-09-28T13:56:00Z,2026-09-28T13:57:00Z,195.105,195.135,195.015,195.045
2026-09-28T13:57:00Z,2026-09-28T13:58:00Z,195.05,195.19,195.035,195.19
2026-09-28T13:58:00Z,2026-09-28T13:59:00Z,195.2,195.27,195.14,195.14
2026-09-28T13:59:00Z,2026-09-28T14:00:00Z,195.135,195.225,195.1,195.195
2026-09-28T14:00:00Z,2026-09-28T14:01:00Z,195.185,195.38,195.155,195.375
2026-09-28T14:01:00Z,2026-09-28T14:02:00Z,195.37,195.38,195.115,195.17
2026-09-28T14:02:00Z,2026-09-28T14:03:00Z,195.165,195.19,195.055,195.075
2026-09-28T14:03:00Z,2026-09-28T14:04:00Z,195.09,195.145,194.98,195.04
2026-09-28T14:04:00Z,2026-09-28T14:05:00Z,195.03,195.045,194.86,194.875
2026-09-28T14:05:00Z,2026-09-28T14:06:00Z,194.88,194.885,194.69,194.705
2026-09-28T14:06:00Z,2026-09-28T14:07:00Z,194.7,194.825,194.61,194.8
2026-09-28T14:07:00Z,2026-09-28T14:08:00Z,194.805,194.83,194.655,194.735
2026-09-28T14:08:00Z,2026-09-28T14:09:00Z,194.73,194.74,194.605,194.635
2026-09-28T14:09:00Z,2026-09-28T14:10:00Z,194.63,194.725,194.56,194.58
2026-09-28T14:10:00Z,2026-09-28T14:11:00Z,194.57,194.57,194.375,194.395
2026-09-28T14:11:00Z,2026-09-28T14:12:00Z,194.39,194.425,194.265,194.35
2026-09-28T14:12:00Z,2026-09-28T14:13:00Z,194.365,194.37,194.195,194.23
2026-09-28T14:13:00Z,2026-09-28T14:14:00Z,194.225,194.32,194.17,194.26
2026-09-28T14:14:00Z,2026-09-28T14:15:00Z,194.265,194.265,194.06,194.185
2026-09-28T14:15:00Z,2026-09-28T14:16:00Z,194.18,194.435,194.175,194.35
2026-09-28T14:16:00Z,2026-09-28T14:17:00Z,194.36,194.43,194.31,194.415
2026-09-28T14:17:00Z,2026-09-28T14:18:00Z,194.42,194.49,194.36,194.49
2026-09-28T14:18:00Z,2026-09-28T14:19:00Z,194.5,194.58,194.47,194.55
2026-09-28T14:19:00Z,2026-09-28T14:20:00Z,194.555,194.615,194.545,194.56
2026-09-28T14:20:00Z,2026-09-28T14:21:00Z,194.55,194.665,194.415,194.64
2026-09-28T14:21:00Z,2026-09-28T14:22:00Z,194.635,194.675,194.48,194.54
2026-09-28T14:22:00Z,2026-09-28T14:23:00Z,194.545,194.8,194.545,194.79
2026-09-28T14:23:00Z,2026-09-28T14:24:00Z,194.78,194.78,194.675,194.7
2026-09-28T14:24:00Z,2026-09-28T14:25:00Z,194.695,194.7,194.62,194.67
2026-09-28T14:25:00Z,2026-09-28T14:26:00Z,194.665,194.71,194.52,194.525
2026-09-28T14:26:00Z,2026-09-28T14:27:00Z,194.53,194.565,194.415,194.48
2026-09-28T14:27:00Z,2026-09-28T14:28:00Z,194.49,194.515,194.42,194.46
2026-09-28T14:28:00Z,2026-09-28T14:29:00Z,194.455,194.485,194.39,194.435
2026-09-28T14:29:00Z,2026-09-28T14:30:00Z,194.43,194.44,194.22,194.29
2026-09-28T14:30:00Z,2026-09-28T14:31:00Z,194.285,194.31,194.215,194.255
2026-09-28T14:31:00Z,2026-09-28T14:32:00Z,194.25,194.27,194.185,194.24
2026-09-28T14:32:00Z,2026-09-28T14:33:00Z,194.235,194.375,194.195,194.37
2026-09-28T14:33:00Z,2026-09-28T14:34:00Z,194.38,194.465,194.315,194.36
2026-09-28T14:34:00Z,2026-09-28T14:35:00Z,194.355,194.38,194.31,194.32
2026-09-28T14:35:00Z,2026-09-28T14:36:00Z,194.325,194.355,194.21,194.23
2026-09-28T14:36:00Z,2026-09-28T14:37:00Z,194.235,194.275,194.15,194.17
2026-09-28T14:37:00Z,2026-09-28T14:38:00Z,194.16,194.205,193.95,193.955
2026-09-28T14:38:00Z,2026-09-28T14:39:00Z,193.94,193.96,193.79,193.855
2026-09-28T14:39:00Z,2026-09-28T14:40:00Z,193.85,193.94,193.83,193.865
2026-09-28T14:40:00Z,2026-09-28T14:41:00Z,193.87,193.98,193.84,193.89
2026-09-28T14:41:00Z,2026-09-28T14:42:00Z,193.895,193.93,193.775,193.895
2026-09-28T14:42:00Z,2026-09-28T14:43:00Z,193.89,193.9,193.735,193.77
2026-09-28T14:43:00Z,2026-09-28T14:44:00Z,193.775,193.775,193.49,193.5
2026-09-28T14:44:00Z,2026-09-28T14:45:00Z,193.495,193.5,193.3,193.345
2026-09-28T14:45:00Z,2026-09-28T14:46:00Z,193.34,193.37,193.05,193.12
2026-09-28T14:46:00Z,2026-09-28T14:47:00Z,193.13,193.19,192.99,193.035
2026-09-28T14:47:00Z,2026-09-28T14:48:00Z,193.03,193.04,192.765,192.8
2026-09-28T14:48:00Z,2026-09-28T14:49:00Z,192.79,192.86,192.665,192.835
2026-09-28T14:49:00Z,2026-09-28T14:50:00Z,192.82,192.945,192.815,192.89
2026-09-28T14:50:00Z,2026-09-28T14:51:00Z,192.885,193.13,192.87,193.07
2026-09-28T14:51:00Z,2026-09-28T14:52:00Z,193.075,193.1,192.945,192.96
2026-09-28T14:52:00Z,2026-09-28T14:53:00Z,192.955,193.035,192.865,192.88
2026-09-28T14:53:00Z,2026-09-28T14:54:00Z,192.87,193.02,192.85,192.885
2026-09-28T14:54:00Z,2026-09-28T14:55:00Z,192.88,192.95,192.8,192.87
2026-09-28T14:55:00Z,2026-09-28T14:56:00Z,192.855,192.94,192.82,192.835
2026-09-28T14:56:00Z,2026-09-28T14:57:00Z,192.85,193.135,192.845,193.11
2026-09-28T14:57:00Z,2026-09-28T14:58:00Z,193.1,193.185,193.045,193.15
2026-09-28T14:58:00Z,2026-09-28T14:59:00Z,193.16,193.23,193.08,193.115
2026-09-28T14:59:00Z,2026-09-28T15:00:00Z,193.125,193.14,193.03,193.135
2026-09-28T15:00:00Z,2026-09-28T15:01:00Z,193.13,193.245,193.1,193.17
2026-09-28T15:01:00Z,2026-09-28T15:02:00Z,193.175,193.34,193.17,193.245
2026-09-28T15:02:00Z,2026-09-28T15:03:00Z,193.24,193.34,193.24,193.29
2026-09-28T15:03:00Z,2026-09-28T15:04:00Z,193.295,193.415,193.28,193.4
2026-09-28T15:04:00Z,2026-09-28T15:05:00Z,193.41,193.41,193.33,193.38
2026-09-28T15:05:00Z,2026-09-28T15:06:00Z,193.39,193.43,193.34,193.38
2026-09-28T15:06:00Z,2026-09-28T15:07:00Z,193.39,193.545,193.255,193.51
2026-09-28T15:07:00Z,2026-09-28T15:08:00Z,193.525,193.73,193.515,193.72
2026-09-28T15:08:00Z,2026-09-28T15:09:00Z,193.73,193.785,193.655,193.685
2026-09-28T15:09:00Z,2026-09-28T15:10:00Z,193.675,193.805,193.67,193.8
2026-09-28T15:10:00Z,2026-09-28T15:11:00Z,193.8,193.825,193.69,193.69
2026-09-28T15:11:00Z,2026-09-28T15:12:00Z,193.69,193.84,193.66,193.81
2026-09-28T15:12:00Z,2026-09-28T15:13:00Z,193.81,193.82,193.725,193.81
2026-09-28T15:13:00Z,2026-09-28T15:14:00Z,193.815,193.835,193.755,193.775
2026-09-28T15:14:00Z,2026-09-28T15:15:00Z,193.77,193.77,193.66,193.72
2026-09-28T15:15:00Z,2026-09-28T15:16:00Z,193.725,193.73,193.61,193.61
2026-09-28T15:16:00Z,2026-09-28T15:17:00Z,193.61,193.61,193.505,193.54
2026-09-28T15:17:00Z,2026-09-28T15:18:00Z,193.55,193.55,193.43,193.52
2026-09-28T15:18:00Z,2026-09-28T15:19:00Z,193.51,193.58,193.46,193.52
2026-09-28T15:19:00Z,2026-09-28T15:20:00Z,193.515,193.615,193.465,193.57
2026-09-28T15:20:00Z,2026-09-28T15:21:00Z,193.575,193.64,193.515,193.635
2026-09-28T15:21:00Z,2026-09-28T15:22:00Z,193.63,193.635,193.505,193.55
2026-09-28T15:22:00Z,2026-09-28T15:23:00Z,193.54,193.57,193.485,193.49
2026-09-28T15:23:00Z,2026-09-28T15:24:00Z,193.49,193.605,193.48,193.595
2026-09-28T15:24:00Z,2026-09-28T15:25:00Z,193.59,193.705,193.56,193.65
2026-09-28T15:25:00Z,2026-09-28T15:26:00Z,193.655,193.81,193.58,193.79
2026-09-28T15:26:00Z,2026-09-28T15:27:00Z,193.795,193.92,193.75,193.91
2026-09-28T15:27:00Z,2026-09-28T15:28:00Z,193.92,193.93,193.855,193.89
2026-09-28T15:28:00Z,2026-09-28T15:29:00Z,193.9,193.905,193.81,193.86
2026-09-28T15:29:00Z,2026-09-28T15:30:00Z,193.865,193.93,193.855,193.92
2026-09-28T15:30:00Z,2026-09-28T15:31:00Z,193.91,193.935,193.82,193.9
2026-09-28T15:31:00Z,2026-09-28T15:32:00Z,193.895,193.905,193.75,193.78
2026-09-28T15:32:00Z,2026-09-28T15:33:00Z,193.79,193.93,193.78,193.9
2026-09-28T15:33:00Z,2026-09-28T15:34:00Z,193.89,193.92,193.89,193.91
2026-09-23T18:33:00Z,2026-09-23T18:34:00Z,195.14,195.145,195.085,195.095
2026-09-23T18:34:00Z,2026-09-23T18:35:00Z,195.095,195.14,195.06,195.115
2026-09-23T18:35:00Z,2026-09-23T18:36:00Z,195.12,195.16,195.115,195.14
2026-09-23T18:36:00Z,2026-09-23T18:37:00Z,195.135,195.175,195.125,195.135
2026-09-23T18:37:00Z,2026-09-23T18:38:00Z,195.135,195.135,195.06,195.06
2026-09-23T18:38:00Z,2026-09-23T18:39:00Z,195.06,195.07,194.995,195.05
2026-09-23T18:39:00Z,2026-09-23T18:40:00Z,195.045,195.065,195.03,195.04
2026-09-23T18:40:00Z,2026-09-23T18:41:00Z,195.045,195.115,195.045,195.1
2026-09-23T18:41:00Z,2026-09-23T18:42:00Z,195.095,195.095,195.02,195.03
2026-09-23T18:42:00Z,2026-09-23T18:43:00Z,195.025,195.09,195.025,195.07
2026-09-23T18:43:00Z,2026-09-23T18:44:00Z,195.075,195.145,195.075,195.13
2026-09-23T18:44:00Z,2026-09-23T18:45:00Z,195.135,195.135,195.08,195.095
2026-09-23T18:45:00Z,2026-09-23T18:46:00Z,195.09,195.115,195.085,195.105
2026-09-23T18:46:00Z,2026-09-23T18:47:00Z,195.1,195.11,195.075,195.085
2026-09-23T18:47:00Z,2026-09-23T18:48:00Z,195.085,195.115,195.075,195.08
2026-09-23T18:48:00Z,2026-09-23T18:49:00Z,195.075,195.155,195.045,195.15
2026-09-23T18:49:00Z,2026-09-23T18:50:00Z,195.155,195.2,195.145,195.195
2026-09-23T18:50:00Z,2026-09-23T18:51:00Z,195.19,195.245,195.175,195.18
2026-09-23T18:51:00Z,2026-09-23T18:52:00Z,195.185,195.225,195.175,195.215
2026-09-23T18:52:00Z,2026-09-23T18:53:00Z,195.22,195.22,195.135,195.155
2026-09-23T18:53:00Z,2026-09-23T18:54:00Z,195.15,195.18,195.135,195.18
2026-09-23T18:54:00Z,2026-09-23T18:55:00Z,195.175,195.175,195.115,195.14
2026-09-23T18:55:00Z,2026-09-23T18:56:00Z,195.135,195.215,195.12,195.215
2026-09-23T18:56:00Z,2026-09-23T18:57:00Z,195.22,195.25,195.215,195.23
2026-09-23T18:57:00Z,2026-09-23T18:58:00Z,195.235,195.24,195.19,195.235
2026-09-23T18:58:00Z,2026-09-23T18:59:00Z,195.245,195.255,195.225,195.24
2026-09-23T18:59:00Z,2026-09-23T19:00:00Z,195.245,195.275,195.215,195.225
2026-09-23T19:00:00Z,2026-09-23T19:01:00Z,195.215,195.215,195.135,195.19
2026-09-23T19:01:00Z,2026-09-23T19:02:00Z,195.185,195.24,195.18,195.19
2026-09-23T19:02:00Z,2026-09-23T19:03:00Z,195.195,195.195,195.13,195.135
2026-09-23T19:03:00Z,2026-09-23T19:04:00Z,195.14,195.165,195.01,195.01
2026-09-23T19:04:00Z,2026-09-23T19:05:00Z,195.015,195.07,195.01,195.025
2026-09-23T19:05:00Z,2026-09-23T19:06:00Z,195.025,195.075,195.005,195.065
2026-09-23T19:06:00Z,2026-09-23T19:07:00Z,195.065,195.19,195.04,195.185
2026-09-23T19:07:00Z,2026-09-23T19:08:00Z,195.18,195.325,195.175,195.26
2026-09-23T19:08:00Z,2026-09-23T19:09:00Z,195.27,195.28,195.245,195.26
2026-09-23T19:09:00Z,2026-09-23T19:10:00Z,195.265,195.275,195.13,195.15
2026-09-23T19:10:00Z,2026-09-23T19:11:00Z,195.15,195.195,195.14,195.155
2026-09-23T19:11:00Z,2026-09-23T19:12:00Z,195.155,195.17,195.105,195.11
2026-09-23T19:12:00Z,2026-09-23T19:13:00Z,195.12,195.13,195.025,195.03
2026-09-23T19:13:00Z,2026-09-23T19:14:00Z,195.035,195.065,194.985,195.065
2026-09-23T19:14:00Z,2026-09-23T19:15:00Z,195.065,195.09,195.055,195.07
2026-09-23T19:15:00Z,2026-09-23T19:16:00Z,195.07,195.1,194.96,194.96
2026-09-23T19:16:00Z,2026-09-23T19:17:00Z,194.965,194.975,194.92,194.95
2026-09-23T19:17:00Z,2026-09-23T19:18:00Z,194.94,195.01,194.92,195.01
2026-09-23T19:18:00Z,2026-09-23T19:19:00Z,195.015,195.06,195,195.05
2026-09-23T19:19:00Z,2026-09-23T19:20:00Z,195.05,195.08,195,195.03
2026-09-23T19:20:00Z,2026-09-23T19:21:00Z,195.025,195.03,194.975,194.995
2026-09-23T19:21:00Z,2026-09-23T19:22:00Z,194.995,195.05,194.98,195.035
2026-09-23T19:22:00Z,2026-09-23T19:23:00Z,195.04,195.045,194.99,194.99
2026-09-23T19:23:00Z,2026-09-23T19:24:00Z,195,195.04,195,195.02
2026-09-23T19:24:00Z,2026-09-23T19:25:00Z,195.02,195.065,194.995,195.06
2026-09-23T19:25:00Z,2026-09-23T19:26:00Z,195.055,195.115,195.035,195.035
2026-09-23T19:26:00Z,2026-09-23T19:27:00Z,195.045,195.07,195.01,195.02
2026-09-23T19:27:00Z,2026-09-23T19:28:00Z,195.02,195.095,195.01,195.065
2026-09-23T19:28:00Z,2026-09-23T19:29:00Z,195.07,195.095,195.04,195.055
2026-09-23T19:29:00Z,2026-09-23T19:30:00Z,195.05,195.075,195.02,195.055
2026-09-23T19:30:00Z,2026-09-23T19:31:00Z,195.06,195.12,195.025,195.08
2026-09-23T19:31:00Z,2026-09-23T19:32:00Z,195.075,195.08,195.045,195.065
2026-09-23T19:32:00Z,2026-09-23T19:33:00Z,195.07,195.125,195.055,195.115
2026-09-23T19:33:00Z,2026-09-23T19:34:00Z,195.12,195.17,195.095,195.16
2026-09-23T19:34:00Z,2026-09-23T19:35:00Z,195.16,195.22,195.155,195.2
2026-09-23T19:35:00Z,2026-09-23T19:36:00Z,195.195,195.22,195.14,195.22
2026-09-23T19:36:00Z,2026-09-23T19:37:00Z,195.215,195.25,195.205,195.23
2026-09-23T19:37:00Z,2026-09-23T19:38:00Z,195.225,195.265,195.16,195.265
2026-09-23T19:38:00Z,2026-09-23T19:39:00Z,195.26,195.26,195.195,195.2
2026-09-23T19:39:00Z,2026-09-23T19:40:00Z,195.205,195.28,195.2,195.265
2026-09-23T19:40:00Z,2026-09-23T19:41:00Z,195.27,195.335,195.26,195.275
2026-09-23T19:41:00Z,2026-09-23T19:42:00Z,195.275,195.28,195.195,195.2
2026-09-23T19:42:00Z,2026-09-23T19:43:00Z,195.195,195.195,195.065,195.065
2026-09-23T19:43:00Z,2026-09-23T19:44:00Z,195.07,195.08,195.015,195.075
2026-09-23T19:44:00Z,2026-09-23T19:45:00Z,195.08,195.115,195.025,195.1
2026-09-23T19:45:00Z,2026-09-23T19:46:00Z,195.105,195.145,195.08,195.145
2026-09-23T19:46:00Z,2026-09-23T19:47:00Z,195.16,195.165,195.095,195.16
2026-09-23T19:47:00Z,2026-09-23T19:48:00Z,195.16,195.265,195.155,195.265
2026-09-23T19:48:00Z,2026-09-23T19:49:00Z,195.275,195.275,195.225,195.26
2026-09-23T19:49:00Z,2026-09-23T19:50:00Z,195.275,195.28,195.225,195.265
2026-09-23T19:50:00Z,2026-09-23T19:51:00Z,195.27,195.27,194.965,195.025
2026-09-23T19:51:00Z,2026-09-23T19:52:00Z,195.03,195.065,194.895,194.9
2026-09-23T19:52:00Z,2026-09-23T19:53:00Z,194.91,194.915,194.81,194.85
2026-09-23T19:53:00Z,2026-09-23T19:54:00Z,194.855,194.985,194.845,194.985
2026-09-23T19:54:00Z,2026-09-23T19:55:00Z,194.98,195.02,194.855,194.86
2026-09-23T19:55:00Z,2026-09-23T19:56:00Z,194.92,195.165,194.92,195.07
2026-09-23T19:56:00Z,2026-09-23T19:57:00Z,195.085,195.085,194.99,195.065
2026-09-23T19:57:00Z,2026-09-23T19:58:00Z,195.06,195.23,195.045,195.185
2026-09-23T19:58:00Z,2026-09-23T19:59:00Z,195.18,195.235,195.165,195.215
2026-09-23T19:59:00Z,2026-09-23T20:00:00Z,195.2,195.385,195.12,195.32
2026-09-24T13:30:00Z,2026-09-24T13:31:00Z,193.095,193.095,192.695,192.82
2026-09-24T13:31:00Z,2026-09-24T13:32:00Z,192.83,192.87,192.63,192.865
2026-09-24T13:32:00Z,2026-09-24T13:33:00Z,192.87,193.02,192.64,192.65
2026-09-24T13:33:00Z,2026-09-24T13:34:00Z,192.675,192.925,192.61,192.76
2026-09-24T13:34:00Z,2026-09-24T13:35:00Z,192.755,193.02,192.73,192.95
2026-09-24T13:35:00Z,2026-09-24T13:36:00Z,192.95,193.185,192.875,193.145
2026-09-24T13:36:00Z,2026-09-24T13:37:00Z,193.14,193.285,193.105,193.125
2026-09-24T13:37:00Z,2026-09-24T13:38:00Z,193.135,193.225,192.95,193.215
2026-09-24T13:38:00Z,2026-09-24T13:39:00Z,193.195,193.5,193.18,193.435
2026-09-24T13:39:00Z,2026-09-24T13:40:00Z,193.435,193.445,193.335,193.385
2026-09-24T13:40:00Z,2026-09-24T13:41:00Z,193.375,193.375,193.22,193.345
2026-09-24T13:41:00Z,2026-09-24T13:42:00Z,193.355,193.365,193.04,193.055
2026-09-24T13:42:00Z,2026-09-24T13:43:00Z,193.06,193.295,193.05,193.15
2026-09-24T13:43:00Z,2026-09-24T13:44:00Z,193.155,193.25,193.125,193.235
2026-09-24T13:44:00Z,2026-09-24T13:45:00Z,193.23,193.395,193.225,193.38
2026-09-24T13:45:00Z,2026-09-24T13:46:00Z,193.4,193.54,193.305,193.48
2026-09-24T13:46:00Z,2026-09-24T13:47:00Z,193.47,193.535,193.375,193.52
2026-09-24T13:47:00Z,2026-09-24T13:48:00Z,193.51,193.685,193.485,193.655
2026-09-24T13:48:00Z,2026-09-24T13:49:00Z,193.66,193.67,193.405,193.44
2026-09-24T13:49:00Z,2026-09-24T13:50:00Z,193.455,193.475,193.255,193.325
2026-09-24T13:50:00Z,2026-09-24T13:51:00Z,193.34,193.42,193.25,193.365
2026-09-24T13:51:00Z,2026-09-24T13:52:00Z,193.37,193.485,193.275,193.28
2026-09-24T13:52:00Z,2026-09-24T13:53:00Z,193.285,193.44,193.26,193.31
2026-09-24T13:53:00Z,2026-09-24T13:54:00Z,193.305,193.35,193.18,193.185
2026-09-24T13:54:00Z,2026-09-24T13:55:00Z,193.18,193.21,192.915,192.98
2026-09-24T13:55:00Z,2026-09-24T13:56:00Z,192.985,193.15,192.965,193.05
2026-09-24T13:56:00Z,2026-09-24T13:57:00Z,193.055,193.145,192.92,193.07
2026-09-24T13:57:00Z,2026-09-24T13:58:00Z,193.065,193.15,193.03,193.09
2026-09-24T13:58:00Z,2026-09-24T13:59:00Z,193.095,193.185,193.05,193.155
2026-09-24T13:59:00Z,2026-09-24T14:00:00Z,193.145,193.32,193.13,193.305
2026-09-24T14:00:00Z,2026-09-24T14:01:00Z,193.31,193.57,193.235,193.47
2026-09-24T14:01:00Z,2026-09-24T14:02:00Z,193.465,193.59,193.31,193.32
2026-09-24T14:02:00Z,2026-09-24T14:03:00Z,193.31,193.415,193.305,193.36
2026-09-24T14:03:00Z,2026-09-24T14:04:00Z,193.37,193.46,193.335,193.46
2026-09-24T14:04:00Z,2026-09-24T14:05:00Z,193.455,193.59,193.455,193.575
2026-09-24T14:05:00Z,2026-09-24T14:06:00Z,193.58,193.59,193.505,193.56
2026-09-24T14:06:00Z,2026-09-24T14:07:00Z,193.55,193.555,193.405,193.45
2026-09-24T14:07:00Z,2026-09-24T14:08:00Z,193.455,193.58,193.41,193.56
2026-09-24T14:08:00Z,2026-09-24T14:09:00Z,193.565,193.58,193.34,193.37
2026-09-24T14:09:00Z,2026-09-24T14:10:00Z,193.365,193.43,193.325,193.325
2026-09-24T14:10:00Z,2026-09-24T14:11:00Z,193.335,193.345,193.195,193.33
2026-09-24T14:11:00Z,2026-09-24T14:12:00Z,193.325,193.325,193.13,193.14
2026-09-24T14:12:00Z,2026-09-24T14:13:00Z,193.135,193.18,193.07,193.1
2026-09-24T14:13:00Z,2026-09-24T14:14:00Z,193.105,193.255,193.085,193.24
2026-09-24T14:14:00Z,2026-09-24T14:15:00Z,193.24,193.28,193.19,193.26
2026-09-24T14:15:00Z,2026-09-24T14:16:00Z,193.27,193.41,193.19,193.2
2026-09-24T14:16:00Z,2026-09-24T14:17:00Z,193.195,193.245,193.14,193.24
2026-09-24T14:17:00Z,2026-09-24T14:18:00Z,193.24,193.295,193.095,193.2
2026-09-24T14:18:00Z,2026-09-24T14:19:00Z,193.21,193.36,193.18,193.3
2026-09-24T14:19:00Z,2026-09-24T14:20:00Z,193.305,193.36,193.25,193.285
2026-09-24T14:20:00Z,2026-09-24T14:21:00Z,193.28,193.335,193.225,193.305
2026-09-24T14:21:00Z,2026-09-24T14:22:00Z,193.3,193.33,193.235,193.25
2026-09-24T14:22:00Z,2026-09-24T14:23:00Z,193.26,193.32,193.215,193.32
2026-09-24T14:23:00Z,2026-09-24T14:24:00Z,193.325,193.465,193.32,193.42
2026-09-24T14:24:00Z,2026-09-24T14:25:00Z,193.43,193.485,193.28,193.305
2026-09-24T14:25:00Z,2026-09-24T14:26:00Z,193.3,193.395,193.27,193.38
2026-09-24T14:26:00Z,2026-09-24T14:27:00Z,193.385,193.465,193.385,193.395
2026-09-24T14:27:00Z,2026-09-24T14:28:00Z,193.4,193.595,193.365,193.59
2026-09-24T14:28:00Z,2026-09-24T14:29:00Z,193.58,193.61,193.5,193.585
2026-09-24T14:29:00Z,2026-09-24T14:30:00Z,193.58,193.625,193.535,193.625
2026-09-24T14:30:00Z,2026-09-24T14:31:00Z,193.63,193.645,193.435,193.485
2026-09-24T14:31:00Z,2026-09-24T14:32:00Z,193.48,193.555,193.475,193.52
2026-09-24T14:32:00Z,2026-09-24T14:33:00Z,193.525,193.61,193.485,193.53
2026-09-24T14:33:00Z,2026-09-24T14:34:00Z,193.54,193.625,193.49,193.59
2026-09-24T14:34:00Z,2026-09-24T14:35:00Z,193.595,193.64,193.54,193.61
2026-09-24T14:35:00Z,2026-09-24T14:36:00Z,193.6,193.69,193.55,193.66
2026-09-24T14:36:00Z,2026-09-24T14:37:00Z,193.655,193.67,193.47,193.51
2026-09-24T14:37:00Z,2026-09-24T14:38:00Z,193.515,193.55,193.485,193.5
2026-09-24T14:38:00Z,2026-09-24T14:39:00Z,193.51,193.525,193.41,193.415
2026-09-24T14:39:00Z,2026-09-24T14:40:00Z,193.42,193.51,193.36,193.455
2026-09-24T14:40:00Z,2026-09-24T14:41:00Z,193.45,193.49,193.43,193.455
2026-09-24T14:41:00Z,2026-09-24T14:42:00Z,193.465,193.475,193.4,193.445
2026-09-24T14:42:00Z,2026-09-24T14:43:00Z,193.44,193.585,193.435,193.49
2026-09-24T14:43:00Z,2026-09-24T14:44:00Z,193.5,193.5,193.39,193.395
2026-09-24T14:44:00Z,2026-09-24T14:45:00Z,193.395,193.405,193.275,193.34
2026-09-24T14:45:00Z,2026-09-24T14:46:00Z,193.34,193.39,193.33,193.345
2026-09-24T14:46:00Z,2026-09-24T14:47:00Z,193.34,193.45,193.29,193.445
2026-09-24T14:47:00Z,2026-09-24T14:48:00Z,193.45,193.58,193.43,193.555
2026-09-24T14:48:00Z,2026-09-24T14:49:00Z,193.56,193.57,193.44,193.44
2026-09-24T14:49:00Z,2026-09-24T14:50:00Z,193.445,193.49,193.4,193.43
2026-09-24T14:50:00Z,2026-09-24T14:51:00Z,193.435,193.54,193.37,193.37
2026-09-24T14:51:00Z,2026-09-24T14:52:00Z,193.365,193.385,193.285,193.3
2026-09-24T14:52:00Z,2026-09-24T14:53:00Z,193.295,193.33,193.18,193.205
2026-09-24T14:53:00Z,2026-09-24T14:54:00Z,193.2,193.2,193.09,193.19
2026-09-24T14:54:00Z,2026-09-24T14:55:00Z,193.195,193.24,193.165,193.195
2026-09-24T14:55:00Z,2026-09-24T14:56:00Z,193.2,193.2,193.045,193.065
2026-09-24T14:56:00Z,2026-09-24T14:57:00Z,193.07,193.11,193.05,193.09
2026-09-24T14:57:00Z,2026-09-24T14:58:00Z,193.095,193.105,193.01,193.06
2026-09-24T14:58:00Z,2026-09-24T14:59:00Z,193.055,193.075,192.98,193.02
2026-09-24T14:59:00Z,2026-09-24T15:00:00Z,193.02,193.04,192.945,193.04
2026-09-24T15:00:00Z,2026-09-24T15:01:00Z,193.035,193.135,193.035,193.075
2026-09-24T15:01:00Z,2026-09-24T15:02:00Z,193.08,193.125,193.055,193.08
2026-09-24T15:02:00Z,2026-09-24T15:03:00Z,193.085,193.26,193.06,193.175
2026-09-24T15:03:00Z,2026-09-24T15:04:00Z,193.17,193.245,193.11,193.22
2026-09-24T15:04:00Z,2026-09-24T15:05:00Z,193.225,193.3,193.17,193.2
2026-09-24T15:05:00Z,2026-09-24T15:06:00Z,193.195,193.225,193.12,193.135
2026-09-24T15:06:00Z,2026-09-24T15:07:00Z,193.13,193.17,193.015,193.04
2026-09-24T15:07:00Z,2026-09-24T15:08:00Z,193.03,193.035,192.95,192.97
2026-09-24T15:08:00Z,2026-09-24T15:09:00Z,192.975,193.095,192.97,193.06
2026-09-24T15:09:00Z,2026-09-24T15:10:00Z,193.065,193.065,192.93,192.95
2026-09-24T15:10:00Z,2026-09-24T15:11:00Z,192.94,193.02,192.935,193.01
2026-09-24T15:11:00Z,2026-09-24T15:12:00Z,193.005,193.01,192.965,192.985
2026-09-24T15:12:00Z,2026-09-24T15:13:00Z,192.98,193.06,192.925,192.94
2026-09-24T15:13:00Z,2026-09-24T15:14:00Z,192.94,192.95,192.83,192.9
2026-09-24T15:14:00Z,2026-09-24T15:15:00Z,192.905,192.95,192.82,192.86
2026-09-24T15:15:00Z,2026-09-24T15:16:00Z,192.85,192.96,192.82,192.93
2026-09-24T15:16:00Z,2026-09-24T15:17:00Z,192.935,193.11,192.915,193.025
2026-09-24T15:17:00Z,2026-09-24T15:18:00Z,193.035,193.12,192.99,193.075
2026-09-24T15:18:00Z,2026-09-24T15:19:00Z,193.075,193.08,192.92,192.96
2026-09-24T15:19:00Z,2026-09-24T15:20:00Z,192.97,192.97,192.88,192.935
2026-09-24T15:20:00Z,2026-09-24T15:21:00Z,192.94,192.95,192.87,192.92
2026-09-24T15:21:00Z,2026-09-24T15:22:00Z,192.915,193.025,192.895,193.02
2026-09-24T15:22:00Z,2026-09-24T15:23:00Z,193.015,193.065,192.965,193.045
2026-09-24T15:23:00Z,2026-09-24T15:24:00Z,193.055,193.13,193.005,193.12
2026-09-24T15:24:00Z,2026-09-24T15:25:00Z,193.125,193.235,193.115,193.22
2026-09-24T15:25:00Z,2026-09-24T15:26:00Z,193.215,193.22,193.05,193.08
2026-09-24T15:26:00Z,2026-09-24T15:27:00Z,193.08,193.1,193.03,193.045
2026-09-24T15:27:00Z,2026-09-24T15:28:00Z,193.05,193.055,193.005,193.05
2026-09-24T15:28:00Z,2026-09-24T15:29:00Z,193.04,193.05,192.96,192.97
2026-09-24T15:29:00Z,2026-09-24T15:30:00Z,192.97,193.02,192.955,193
2026-09-24T15:30:00Z,2026-09-24T15:31:00Z,193.005,193.05,192.945,192.955
2026-09-24T15:31:00Z,2026-09-24T15:32:00Z,192.95,193.03,192.94,192.995
2026-09-24T15:32:00Z,2026-09-24T15:33:00Z,193,193.055,192.935,193.05
2026-09-24T15:33:00Z,2026-09-24T15:34:00Z,193.055,193.075,193.01,193.05
2026-09-24T15:34:00Z,2026-09-24T15:35:00Z,193.045,193.11,193.03,193.08
2026-09-24T15:35:00Z,2026-09-24T15:36:00Z,193.075,193.165,193.03,193.1
2026-09-24T15:36:00Z,2026-09-24T15:37:00Z,193.11,193.165,193.09,193.14
2026-09-24T15:37:00Z,2026-09-24T15:38:00Z,193.135,193.175,193.135,193.16
2026-09-24T15:38:00Z,2026-09-24T15:39:00Z,193.155,193.17,193.09,193.095
2026-09-24T15:39:00Z,2026-09-24T15:40:00Z,193.08,193.1,192.98,193.03
2026-09-24T15:40:00Z,2026-09-24T15:41:00Z,193.04,193.11,193.02,193.02
2026-09-24T15:41:00Z,2026-09-24T15:42:00Z,193.015,193.09,193.015,193.07
2026-09-24T15:42:00Z,2026-09-24T15:43:00Z,193.07,193.08,192.965,193
2026-09-24T15:43:00Z,2026-09-24T15:44:00Z,192.995,193.1,192.99,193.1
2026-09-24T15:44:00Z,2026-09-24T15:45:00Z,193.095,193.2,193.09,193.18
2026-09-24T15:45:00Z,2026-09-24T15:46:00Z,193.185,193.28,193.185,193.25
2026-09-24T15:46:00Z,2026-09-24T15:47:00Z,193.255,193.255,193.195,193.195
2026-09-24T15:47:00Z,2026-09-24T15:48:00Z,193.2,193.255,193.14,193.155
2026-09-24T15:48:00Z,2026-09-24T15:49:00Z,193.15,193.165,193.05,193.055
2026-09-24T15:49:00Z,2026-09-24T15:50:00Z,193.05,193.085,193.005,193.06
2026-09-24T15:50:00Z,2026-09-24T15:51:00Z,193.06,193.275,193.05,193.27
2026-09-24T15:51:00Z,2026-09-24T15:52:00Z,193.275,193.31,193.245,193.3
2026-09-24T15:52:00Z,2026-09-24T15:53:00Z,193.29,193.375,193.285,193.36
2026-09-24T15:53:00Z,2026-09-24T15:54:00Z,193.36,193.435,193.35,193.37
2026-09-24T15:54:00Z,2026-09-24T15:55:00Z,193.375,193.435,193.335,193.435
2026-09-24T15:55:00Z,2026-09-24T15:56:00Z,193.43,193.47,193.38,193.38
2026-09-24T15:56:00Z,2026-09-24T15:57:00Z,193.37,193.39,193.29,193.35
2026-09-24T15:57:00Z,2026-09-24T15:58:00Z,193.35,193.35,193.29,193.325
2026-09-24T15:58:00Z,2026-09-24T15:59:00Z,193.325,193.38,193.305,193.37
2026-09-24T15:59:00Z,2026-09-24T16:00:00Z,193.375,193.4,193.305,193.31
2026-09-24T16:00:00Z,2026-09-24T16:01:00Z,193.3,193.33,193.125,193.14
2026-09-24T16:01:00Z,2026-09-24T16:02:00Z,193.135,193.195,193.09,193.14
2026-09-24T16:02:00Z,2026-09-24T16:03:00Z,193.145,193.2,193.105,193.17
2026-09-24T16:03:00Z,2026-09-24T16:04:00Z,193.17,193.18,193.1,193.155
2026-09-24T16:04:00Z,2026-09-24T16:05:00Z,193.16,193.24,193.125,193.235
2026-09-24T16:05:00Z,2026-09-24T16:06:00Z,193.24,193.255,193.185,193.25
2026-09-24T16:06:00Z,2026-09-24T16:07:00Z,193.245,193.245,193.12,193.16
2026-09-24T16:07:00Z,2026-09-24T16:08:00Z,193.16,193.17,193.055,193.11
2026-09-24T16:08:00Z,2026-09-24T16:09:00Z,193.105,193.12,193.07,193.115
2026-09-24T16:09:00Z,2026-09-24T16:10:00Z,193.1,193.15,193.095,193.145
2026-09-24T16:10:00Z,2026-09-24T16:11:00Z,193.145,193.19,193.14,193.16
2026-09-24T16:11:00Z,2026-09-24T16:12:00Z,193.16,193.16,193.045,193.055
2026-09-24T16:12:00Z,2026-09-24T16:13:00Z,193.05,193.14,193.05,193.08
2026-09-24T16:13:00Z,2026-09-24T16:14:00Z,193.08,193.195,193.065,193.195
2026-09-24T16:14:00Z,2026-09-24T16:15:00Z,193.195,193.33,193.18,193.33
2026-09-24T16:15:00Z,2026-09-24T16:16:00Z,193.35,193.89,193.35,193.82
2026-09-24T16:16:00Z,2026-09-24T16:17:00Z,193.84,194.41,193.785,194.325
2026-09-24T16:17:00Z,2026-09-24T16:18:00Z,194.315,194.49,194.245,194.415
2026-09-24T16:18:00Z,2026-09-24T16:19:00Z,194.42,194.655,194.285,194.305
2026-09-24T16:19:00Z,2026-09-24T16:20:00Z,194.3,194.4,194.11,194.25
2026-09-24T16:20:00Z,2026-09-24T16:21:00Z,194.26,194.43,194.21,194.335
2026-09-24T16:21:00Z,2026-09-24T16:22:00Z,194.34,194.345,194.085,194.11
2026-09-24T16:22:00Z,2026-09-24T16:23:00Z,194.125,194.375,194.115,194.355
2026-09-24T16:23:00Z,2026-09-24T16:24:00Z,194.35,194.4,194.23,194.25
2026-09-24T16:24:00Z,2026-09-24T16:25:00Z,194.255,194.32,194.18,194.28
2026-09-24T16:25:00Z,2026-09-24T16:26:00Z,194.285,194.35,194.005,194.03
2026-09-24T16:26:00Z,2026-09-24T16:27:00Z,194.035,194.19,194.03,194.14
2026-09-24T16:27:00Z,2026-09-24T16:28:00Z,194.135,194.26,194.01,194.25
2026-09-24T16:28:00Z,2026-09-24T16:29:00Z,194.235,194.365,194.23,194.32
2026-09-24T16:29:00Z,2026-09-24T16:30:00Z,194.315,194.33,194.26,194.28
2026-09-24T16:30:00Z,2026-09-24T16:31:00Z,194.285,194.31,194.195,194.26
2026-09-24T16:31:00Z,2026-09-24T16:32:00Z,194.265,194.355,194.18,194.18
2026-09-24T16:32:00Z,2026-09-24T16:33:00Z,194.175,194.195,194.1,194.155
2026-09-24T16:33:00Z,2026-09-24T16:34:00Z,194.15,194.24,194.125,194.23
2026-09-24T16:34:00Z,2026-09-24T16:35:00Z,194.225,194.23,194.13,194.22
2026-09-24T16:35:00Z,2026-09-24T16:36:00Z,194.225,194.355,194.195,194.335
2026-09-24T16:36:00Z,2026-09-24T16:37:00Z,194.34,194.565,194.34,194.56
2026-09-24T16:37:00Z,2026-09-24T16:38:00Z,194.565,194.665,194.565,194.58
2026-09-24T16:38:00Z,2026-09-24T16:39:00Z,194.575,194.64,194.555,194.6
2026-09-24T16:39:00Z,2026-09-24T16:40:00Z,194.605,194.65,194.585,194.635
2026-09-24T16:40:00Z,2026-09-24T16:41:00Z,194.625,194.815,194.575,194.815
2026-09-24T16:41:00Z,2026-09-24T16:42:00Z,194.815,194.98,194.815,194.98
2026-09-24T16:42:00Z,2026-09-24T16:43:00Z,194.985,195.16,194.985,195.145
2026-09-24T16:43:00Z,2026-09-24T16:44:00Z,195.15,195.16,195,195.03
2026-09-24T16:44:00Z,2026-09-24T16:45:00Z,195.04,195.08,194.685,194.69
2026-09-24T16:45:00Z,2026-09-24T16:46:00Z,194.7,194.73,194.525,194.63
2026-09-24T16:46:00Z,2026-09-24T16:47:00Z,194.635,194.74,194.605,194.7
2026-09-24T16:47:00Z,2026-09-24T16:48:00Z,194.71,194.725,194.61,194.675
2026-09-24T16:48:00Z,2026-09-24T16:49:00Z,194.68,194.945,194.68,194.915
2026-09-24T16:49:00Z,2026-09-24T16:50:00Z,194.92,195.015,194.84,194.975
2026-09-24T16:50:00Z,2026-09-24T16:51:00Z,194.98,195.015,194.915,194.95
2026-09-24T16:51:00Z,2026-09-24T16:52:00Z,194.96,195.125,194.955,195.03
2026-09-24T16:52:00Z,2026-09-24T16:53:00Z,195.035,195.055,194.79,194.815
2026-09-24T16:53:00Z,2026-09-24T16:54:00Z,194.82,194.85,194.71,194.75
2026-09-24T16:54:00Z,2026-09-24T16:55:00Z,194.74,194.89,194.72,194.81
2026-09-24T16:55:00Z,2026-09-24T16:56:00Z,194.815,194.9,194.78,194.83
2026-09-24T16:56:00Z,2026-09-24T16:57:00Z,194.825,195.02,194.8,195.02
2026-09-24T16:57:00Z,2026-09-24T16:58:00Z,195.015,195.13,194.99,194.995
2026-09-24T16:58:00Z,2026-09-24T16:59:00Z,194.98,195.05,194.97,195.02
2026-09-24T16:59:00Z,2026-09-24T17:00:00Z,195.02,195.025,194.97,195.005
2026-09-24T17:00:00Z,2026-09-24T17:01:00Z,194.995,194.995,194.815,194.87
2026-09-24T17:01:00Z,2026-09-24T17:02:00Z,194.875,195.045,194.855,194.97
2026-09-24T17:02:00Z,2026-09-24T17:03:00Z,194.975,194.98,194.785,194.96
2026-09-24T17:03:00Z,2026-09-24T17:04:00Z,194.965,195.17,194.96,195.11
2026-09-24T17:04:00Z,2026-09-24T17:05:00Z,195.12,195.13,194.96,195.11
2026-09-24T17:05:00Z,2026-09-24T17:06:00Z,195.115,195.22,195.05,195.055
2026-09-24T17:06:00Z,2026-09-24T17:07:00Z,195.06,195.12,195.02,195.04
2026-09-24T17:07:00Z,2026-09-24T17:08:00Z,195.03,195.12,194.995,195
2026-09-24T17:08:00Z,2026-09-24T17:09:00Z,194.995,195.075,194.94,195.07
2026-09-24T17:09:00Z,2026-09-24T17:10:00Z,195.08,195.08,194.95,194.95
2026-09-24T17:10:00Z,2026-09-24T17:11:00Z,194.95,194.955,194.755,194.82
2026-09-24T17:11:00Z,2026-09-24T17:12:00Z,194.83,194.85,194.735,194.82
2026-09-24T17:12:00Z,2026-09-24T17:13:00Z,194.81,194.84,194.745,194.76
2026-09-24T17:13:00Z,2026-09-24T17:14:00Z,194.755,194.85,194.69,194.85
2026-09-24T17:14:00Z,2026-09-24T17:15:00Z,194.855,194.93,194.845,194.9
2026-09-24T17:15:00Z,2026-09-24T17:16:00Z,194.91,194.93,194.74,194.77
2026-09-24T17:16:00Z,2026-09-24T17:17:00Z,194.78,194.855,194.755,194.775
2026-09-24T17:17:00Z,2026-09-24T17:18:00Z,194.77,194.86,194.75,194.75
2026-09-24T17:18:00Z,2026-09-24T17:19:00Z,194.775,194.945,194.75,194.9
2026-09-24T17:19:00Z,2026-09-24T17:20:00Z,194.895,194.9,194.66,194.665
2026-09-24T17:20:00Z,2026-09-24T17:21:00Z,194.655,194.675,194.555,194.66
2026-09-24T17:21:00Z,2026-09-24T17:22:00Z,194.665,194.72,194.605,194.64
2026-09-24T17:22:00Z,2026-09-24T17:23:00Z,194.645,194.745,194.63,194.7
2026-09-24T17:23:00Z,2026-09-24T17:24:00Z,194.69,194.72,194.645,194.68
2026-09-24T17:24:00Z,2026-09-24T17:25:00Z,194.675,194.745,194.555,194.58
2026-09-24T17:25:00Z,2026-09-24T17:26:00Z,194.575,194.61,194.455,194.46
2026-09-24T17:26:00Z,2026-09-24T17:27:00Z,194.465,194.505,194.325,194.38
2026-09-24T17:27:00Z,2026-09-24T17:28:00Z,194.375,194.455,194.36,194.43
2026-09-24T17:28:00Z,2026-09-24T17:29:00Z,194.445,194.57,194.435,194.55
2026-09-24T17:29:00Z,2026-09-24T17:30:00Z,194.545,194.57,194.52,194.555
2026-09-24T17:30:00Z,2026-09-24T17:31:00Z,194.55,194.68,194.54,194.655
2026-09-24T17:31:00Z,2026-09-24T17:32:00Z,194.66,194.725,194.625,194.64
2026-09-24T17:32:00Z,2026-09-24T17:33:00Z,194.635,194.685,194.595,194.64
2026-09-24T17:33:00Z,2026-09-24T17:34:00Z,194.635,194.64,194.53,194.56
2026-09-24T17:34:00Z,2026-09-24T17:35:00Z,194.56,194.56,194.39,194.39
2026-09-24T17:35:00Z,2026-09-24T17:36:00Z,194.385,194.465,194.365,194.4
2026-09-24T17:36:00Z,2026-09-24T17:37:00Z,194.395,194.46,194.375,194.41
2026-09-24T17:37:00Z,2026-09-24T17:38:00Z,194.415,194.43,194.33,194.34
2026-09-24T17:38:00Z,2026-09-24T17:39:00Z,194.34,194.36,194.25,194.33
2026-09-24T17:39:00Z,2026-09-24T17:40:00Z,194.345,194.425,194.345,194.38
2026-09-24T17:40:00Z,2026-09-24T17:41:00Z,194.375,194.445,194.365,194.4
2026-09-24T17:41:00Z,2026-09-24T17:42:00Z,194.405,194.425,194.315,194.34
2026-09-24T17:42:00Z,2026-09-24T17:43:00Z,194.33,194.455,194.33,194.335
2026-09-24T17:43:00Z,2026-09-24T17:44:00Z,194.34,194.345,194.08,194.12
2026-09-24T17:44:00Z,2026-09-24T17:45:00Z,194.115,194.165,194.05,194.06
2026-09-24T17:45:00Z,2026-09-24T17:46:00Z,194.065,194.125,194.01,194.11
2026-09-24T17:46:00Z,2026-09-24T17:47:00Z,194.115,194.215,194.1,194.185
2026-09-24T17:47:00Z,2026-09-24T17:48:00Z,194.19,194.28,194.17,194.28
2026-09-24T17:48:00Z,2026-09-24T17:49:00Z,194.27,194.295,194.195,194.225
2026-09-24T17:49:00Z,2026-09-24T17:50:00Z,194.21,194.315,194.205,194.29
2026-09-24T17:50:00Z,2026-09-24T17:51:00Z,194.28,194.31,194.23,194.24
2026-09-24T17:51:00Z,2026-09-24T17:52:00Z,194.245,194.285,194.2,194.21
2026-09-24T17:52:00Z,2026-09-24T17:53:00Z,194.22,194.28,194.135,194.175
2026-09-24T17:53:00Z,2026-09-24T17:54:00Z,194.18,194.235,194.125,194.13
2026-09-24T17:54:00Z,2026-09-24T17:55:00Z,194.135,194.145,194.04,194.11
2026-09-24T17:55:00Z,2026-09-24T17:56:00Z,194.115,194.14,194.045,194.045
2026-09-24T17:56:00Z,2026-09-24T17:57:00Z,194.04,194.26,194.035,194.22
2026-09-24T17:57:00Z,2026-09-24T17:58:00Z,194.215,194.215,194.135,194.16
2026-09-24T17:58:00Z,2026-09-24T17:59:00Z,194.17,194.17,194.095,194.14
2026-09-24T17:59:00Z,2026-09-24T18:00:00Z,194.14,194.22,194.14,194.17
2026-09-24T18:00:00Z,2026-09-24T18:01:00Z,194.17,194.17,194.06,194.065
2026-09-24T18:01:00Z,2026-09-24T18:02:00Z,194.075,194.085,193.845,193.925
2026-09-24T18:02:00Z,2026-09-24T18:03:00Z,193.92,193.93,193.82,193.83
2026-09-24T18:03:00Z,2026-09-24T18:04:00Z,193.835,193.835,193.625,193.685
2026-09-24T18:04:00Z,2026-09-24T18:05:00Z,193.68,193.725,193.58,193.61
2026-09-24T18:05:00Z,2026-09-24T18:06:00Z,193.605,193.665,193.57,193.63
2026-09-24T18:06:00Z,2026-09-24T18:07:00Z,193.635,193.82,193.575,193.78
2026-09-24T18:07:00Z,2026-09-24T18:08:00Z,193.77,193.85,193.705,193.77
2026-09-24T18:08:00Z,2026-09-24T18:09:00Z,193.775,194.01,193.775,193.91
2026-09-24T18:09:00Z,2026-09-24T18:10:00Z,193.92,194.01,193.915,193.955
2026-09-24T18:10:00Z,2026-09-24T18:11:00Z,193.97,194.03,193.935,193.97
2026-09-24T18:11:00Z,2026-09-24T18:12:00Z,193.96,194.13,193.96,194.05
2026-09-24T18:12:00Z,2026-09-24T18:13:00Z,194.06,194.07,193.965,193.975
2026-09-24T18:13:00Z,2026-09-24T18:14:00Z,193.97,194.02,193.95,193.975
2026-09-24T18:14:00Z,2026-09-24T18:15:00Z,193.98,194.065,193.975,194.055
2026-09-24T18:15:00Z,2026-09-24T18:16:00Z,194.055,194.105,194.025,194.09
2026-09-24T18:16:00Z,2026-09-24T18:17:00Z,194.08,194.22,194.08,194.15
2026-09-24T18:17:00Z,2026-09-24T18:18:00Z,194.165,194.265,194.15,194.245
2026-09-24T18:18:00Z,2026-09-24T18:19:00Z,194.25,194.305,194.165,194.19
2026-09-24T18:19:00Z,2026-09-24T18:20:00Z,194.17,194.225,194.155,194.215
2026-09-24T18:20:00Z,2026-09-24T18:21:00Z,194.21,194.25,194.095,194.115
2026-09-24T18:21:00Z,2026-09-24T18:22:00Z,194.115,194.21,194.115,194.19
2026-09-24T18:22:00Z,2026-09-24T18:23:00Z,194.19,194.25,194.19,194.22
2026-09-24T18:23:00Z,2026-09-24T18:24:00Z,194.22,194.335,194.205,194.315
2026-09-24T18:24:00Z,2026-09-24T18:25:00Z,194.31,194.33,194.28,194.305
2026-09-24T18:25:00Z,2026-09-24T18:26:00Z,194.3,194.5,194.295,194.37
2026-09-24T18:26:00Z,2026-09-24T18:27:00Z,194.38,194.535,194.38,194.49
2026-09-24T18:27:00Z,2026-09-24T18:28:00Z,194.485,194.5,194.42,194.455
2026-09-24T18:28:00Z,2026-09-24T18:29:00Z,194.45,194.51,194.415,194.46
2026-09-24T18:29:00Z,2026-09-24T18:30:00Z,194.45,194.49,194.42,194.46
2026-09-24T18:30:00Z,2026-09-24T18:31:00Z,194.455,194.52,194.435,194.46
2026-09-24T18:31:00Z,2026-09-24T18:32:00Z,194.47,194.47,194.34,194.43
2026-09-24T18:32:00Z,2026-09-24T18:33:00Z,194.425,194.43,194.315,194.36
2026-09-24T18:33:00Z,2026-09-24T18:34:00Z,194.365,194.425,194.365,194.385
2026-09-24T18:34:00Z,2026-09-24T18:35:00Z,194.39,194.43,194.325,194.335
2026-09-24T18:35:00Z,2026-09-24T18:36:00Z,194.33,194.36,194.23,194.275
2026-09-24T18:36:00Z,2026-09-24T18:37:00Z,194.27,194.37,194.255,194.33
2026-09-24T18:37:00Z,2026-09-24T18:38:00Z,194.32,194.38,194.305,194.33
2026-09-24T18:38:00Z,2026-09-24T18:39:00Z,194.335,194.605,194.31,194.58
2026-09-24T18:39:00Z,2026-09-24T18:40:00Z,194.59,194.76,194.5,194.54
2026-09-24T18:40:00Z,2026-09-24T18:41:00Z,194.535,194.535,194.39,194.44
2026-09-24T18:41:00Z,2026-09-24T18:42:00Z,194.445,194.47,194.39,194.45
2026-09-24T18:42:00Z,2026-09-24T18:43:00Z,194.455,194.5,194.37,194.425
2026-09-24T18:43:00Z,2026-09-24T18:44:00Z,194.43,194.45,194.35,194.45
2026-09-24T18:44:00Z,2026-09-24T18:45:00Z,194.44,194.515,194.43,194.495
2026-09-24T18:45:00Z,2026-09-24T18:46:00Z,194.49,194.62,194.49,194.575
2026-09-24T18:46:00Z,2026-09-24T18:47:00Z,194.58,194.625,194.555,194.615
2026-09-24T18:47:00Z,2026-09-24T18:48:00Z,194.61,194.635,194.59,194.615
2026-09-24T18:48:00Z,2026-09-24T18:49:00Z,194.61,194.675,194.6,194.66
2026-09-24T18:49:00Z,2026-09-24T18:50:00Z,194.655,194.66,194.6,194.64
2026-09-24T18:50:00Z,2026-09-24T18:51:00Z,194.645,194.81,194.62,194.765
2026-09-24T18:51:00Z,2026-09-24T18:52:00Z,194.77,194.77,194.675,194.745
2026-09-24T18:52:00Z,2026-09-24T18:53:00Z,194.75,194.88,194.75,194.845
2026-09-24T18:53:00Z,2026-09-24T18:54:00Z,194.85,194.85,194.79,194.82
2026-09-24T18:54:00Z,2026-09-24T18:55:00Z,194.805,194.83,194.785,194.81
2026-09-24T18:55:00Z,2026-09-24T18:56:00Z,194.815,194.905,194.805,194.89
2026-09-24T18:56:00Z,2026-09-24T18:57:00Z,194.895,194.945,194.875,194.94
2026-09-24T18:57:00Z,2026-09-24T18:58:00Z,194.935,194.995,194.925,194.965
2026-09-24T18:58:00Z,2026-09-24T18:59:00Z,194.97,195.02,194.925,194.995
2026-09-24T18:59:00Z,2026-09-24T19:00:00Z,195,195.025,194.915,194.935
2026-09-24T19:00:00Z,2026-09-24T19:01:00Z,194.94,194.96,194.84,194.89
2026-09-24T19:01:00Z,2026-09-24T19:02:00Z,194.89,194.895,194.7,194.76
2026-09-24T19:02:00Z,2026-09-24T19:03:00Z,194.77,194.795,194.64,194.65
2026-09-24T19:03:00Z,2026-09-24T19:04:00Z,194.655,194.675,194.565,194.565
2026-09-24T19:04:00Z,2026-09-24T19:05:00Z,194.57,194.63,194.565,194.63
2026-09-24T19:05:00Z,2026-09-24T19:06:00Z,194.625,194.695,194.615,194.69
2026-09-24T19:06:00Z,2026-09-24T19:07:00Z,194.685,194.705,194.645,194.66
2026-09-24T19:07:00Z,2026-09-24T19:08:00Z,194.65,194.7,194.61,194.665
2026-09-24T19:08:00Z,2026-09-24T19:09:00Z,194.67,194.71,194.645,194.65
2026-09-24T19:09:00Z,2026-09-24T19:10:00Z,194.645,194.665,194.595,194.635
2026-09-24T19:10:00Z,2026-09-24T19:11:00Z,194.63,194.685,194.55,194.56
2026-09-24T19:11:00Z,2026-09-24T19:12:00Z,194.555,194.595,194.52,194.58
2026-09-24T19:12:00Z,2026-09-24T19:13:00Z,194.57,194.6,194.55,194.6
2026-09-24T19:13:00Z,2026-09-24T19:14:00Z,194.595,194.655,194.585,194.625
2026-09-24T19:14:00Z,2026-09-24T19:15:00Z,194.62,194.625,194.51,194.515
2026-09-24T19:15:00Z,2026-09-24T19:16:00Z,194.51,194.615,194.51,194.61
2026-09-24T19:16:00Z,2026-09-24T19:17:00Z,194.615,194.73,194.6,194.71
2026-09-24T19:17:00Z,2026-09-24T19:18:00Z,194.715,194.78,194.715,194.75
2026-09-24T19:18:00Z,2026-09-24T19:19:00Z,194.75,194.825,194.735,194.795
2026-09-24T19:19:00Z,2026-09-24T19:20:00Z,194.79,194.795,194.73,194.78
2026-09-24T19:20:00Z,2026-09-24T19:21:00Z,194.775,194.8,194.74,194.745
2026-09-24T19:21:00Z,2026-09-24T19:22:00Z,194.745,194.78,194.715,194.78
2026-09-24T19:22:00Z,2026-09-24T19:23:00Z,194.775,194.785,194.745,194.77
2026-09-24T19:23:00Z,2026-09-24T19:24:00Z,194.765,194.77,194.705,194.74
2026-09-24T19:24:00Z,2026-09-24T19:25:00Z,194.735,194.815,194.73,194.8
2026-09-24T19:25:00Z,2026-09-24T19:26:00Z,194.805,194.845,194.79,194.795
2026-09-24T19:26:00Z,2026-09-24T19:27:00Z,194.8,194.84,194.77,194.815
2026-09-24T19:27:00Z,2026-09-24T19:28:00Z,194.81,194.81,194.745,194.745
2026-09-24T19:28:00Z,2026-09-24T19:29:00Z,194.745,194.76,194.705,194.705
2026-09-24T19:29:00Z,2026-09-24T19:30:00Z,194.71,194.715,194.6,194.63
2026-09-24T19:30:00Z,2026-09-24T19:31:00Z,194.625,194.7,194.605,194.68
2026-09-24T19:31:00Z,2026-09-24T19:32:00Z,194.685,194.755,194.665,194.755
2026-09-24T19:32:00Z,2026-09-24T19:33:00Z,194.75,194.75,194.655,194.66
2026-09-24T19:33:00Z,2026-09-24T19:34:00Z,194.66,194.725,194.66,194.72
2026-09-24T19:34:00Z,2026-09-24T19:35:00Z,194.715,194.79,194.7,194.785
2026-09-24T19:35:00Z,2026-09-24T19:36:00Z,194.78,194.78,194.665,194.705
2026-09-24T19:36:00Z,2026-09-24T19:37:00Z,194.71,194.765,194.71,194.745
2026-09-24T19:37:00Z,2026-09-24T19:38:00Z,194.74,194.745,194.63,194.66
2026-09-24T19:38:00Z,2026-09-24T19:39:00Z,194.665,194.705,194.64,194.69
2026-09-24T19:39:00Z,2026-09-24T19:40:00Z,194.695,194.745,194.685,194.745
2026-09-24T19:40:00Z,2026-09-24T19:41:00Z,194.745,194.8,194.675,194.675
2026-09-24T19:41:00Z,2026-09-24T19:42:00Z,194.675,194.705,194.645,194.685
2026-09-24T19:42:00Z,2026-09-24T19:43:00Z,194.69,194.69,194.605,194.62
2026-09-24T19:43:00Z,2026-09-24T19:44:00Z,194.615,194.655,194.585,194.635
2026-09-24T19:44:00Z,2026-09-24T19:45:00Z,194.64,194.655,194.575,194.61
2026-09-24T19:45:00Z,2026-09-24T19:46:00Z,194.6,194.68,194.585,194.66
2026-09-24T19:46:00Z,2026-09-24T19:47:00Z,194.665,194.7,194.625,194.665
2026-09-24T19:47:00Z,2026-09-24T19:48:00Z,194.66,194.675,194.625,194.645
2026-09-24T19:48:00Z,2026-09-24T19:49:00Z,194.65,194.655,194.575,194.59
2026-09-24T19:49:00Z,2026-09-24T19:50:00Z,194.595,194.625,194.575,194.6
2026-09-24T19:50:00Z,2026-09-24T19:51:00Z,194.595,194.81,194.595,194.73
2026-09-24T19:51:00Z,2026-09-24T19:52:00Z,194.71,194.865,194.695,194.845
2026-09-24T19:52:00Z,2026-09-24T19:53:00Z,194.84,194.89,194.83,194.875
2026-09-24T19:53:00Z,2026-09-24T19:54:00Z,194.875,194.945,194.875,194.935
2026-09-24T19:54:00Z,2026-09-24T19:55:00Z,194.93,194.935,194.86,194.875
2026-09-24T19:55:00Z,2026-09-24T19:56:00Z,194.885,194.91,194.74,194.825
2026-09-24T19:56:00Z,2026-09-24T19:57:00Z,194.83,194.865,194.745,194.765
2026-09-24T19:57:00Z,2026-09-24T19:58:00Z,194.775,194.795,194.74,194.77
2026-09-24T19:58:00Z,2026-09-24T19:59:00Z,194.775,194.805,194.765,194.775
2026-09-24T19:59:00Z,2026-09-24T20:00:00Z,194.765,194.82,194.705,194.72
2026-09-25T13:30:00Z,2026-09-25T13:31:00Z,195.595,195.61,195.105,195.41
2026-09-25T13:31:00Z,2026-09-25T13:32:00Z,195.415,195.625,195.32,195.58
2026-09-25T13:32:00Z,2026-09-25T13:33:00Z,195.59,195.89,195.535,195.86
2026-09-25T13:33:00Z,2026-09-25T13:34:00Z,195.855,195.965,195.76,195.965
2026-09-25T13:34:00Z,2026-09-25T13:35:00Z,195.97,196.275,195.925,196.245
2026-09-25T13:35:00Z,2026-09-25T13:36:00Z,196.24,196.46,196.24,196.425
2026-09-25T13:36:00Z,2026-09-25T13:37:00Z,196.415,196.49,196.315,196.385
2026-09-25T13:37:00Z,2026-09-25T13:38:00Z,196.395,196.445,196.295,196.32
2026-09-25T13:38:00Z,2026-09-25T13:39:00Z,196.315,196.405,196.26,196.33
2026-09-25T13:39:00Z,2026-09-25T13:40:00Z,196.335,196.37,196.115,196.34
2026-09-25T13:40:00Z,2026-09-25T13:41:00Z,196.345,196.51,196.305,196.51
2026-09-25T13:41:00Z,2026-09-25T13:42:00Z,196.505,196.64,196.49,196.64
2026-09-25T13:42:00Z,2026-09-25T13:43:00Z,196.635,196.74,196.49,196.73
2026-09-25T13:43:00Z,2026-09-25T13:44:00Z,196.725,196.725,196.53,196.585
2026-09-25T13:44:00Z,2026-09-25T13:45:00Z,196.59,196.67,196.54,196.64
2026-09-25T13:45:00Z,2026-09-25T13:46:00Z,196.645,196.775,196.47,196.48
2026-09-25T13:46:00Z,2026-09-25T13:47:00Z,196.485,196.65,196.38,196.595
2026-09-25T13:47:00Z,2026-09-25T13:48:00Z,196.6,196.735,196.55,196.68
2026-09-25T13:48:00Z,2026-09-25T13:49:00Z,196.69,196.715,196.325,196.425
2026-09-25T13:49:00Z,2026-09-25T13:50:00Z,196.43,196.595,196.43,196.555
2026-09-25T13:50:00Z,2026-09-25T13:51:00Z,196.55,196.59,196.44,196.55
2026-09-25T13:51:00Z,2026-09-25T13:52:00Z,196.555,196.64,196.46,196.475
2026-09-25T13:52:00Z,2026-09-25T13:53:00Z,196.48,196.66,196.44,196.635
2026-09-25T13:53:00Z,2026-09-25T13:54:00Z,196.64,196.725,196.575,196.685
2026-09-25T13:54:00Z,2026-09-25T13:55:00Z,196.695,196.865,196.68,196.84
2026-09-25T13:55:00Z,2026-09-25T13:56:00Z,196.845,196.93,196.8,196.85
2026-09-25T13:56:00Z,2026-09-25T13:57:00Z,196.845,196.85,196.745,196.81
2026-09-25T13:57:00Z,2026-09-25T13:58:00Z,196.815,196.815,196.625,196.665
2026-09-25T13:58:00Z,2026-09-25T13:59:00Z,196.67,196.78,196.64,196.72
2026-09-25T13:59:00Z,2026-09-25T14:00:00Z,196.71,196.77,196.6,196.755
2026-09-25T14:00:00Z,2026-09-25T14:01:00Z,196.76,196.805,196.525,196.545
2026-09-25T14:01:00Z,2026-09-25T14:02:00Z,196.56,196.57,196.38,196.395
2026-09-25T14:02:00Z,2026-09-25T14:03:00Z,196.38,196.47,196.21,196.4
2026-09-25T14:03:00Z,2026-09-25T14:04:00Z,196.395,196.395,196.145,196.29
2026-09-25T14:04:00Z,2026-09-25T14:05:00Z,196.28,196.285,195.93,195.985
2026-09-25T14:05:00Z,2026-09-25T14:06:00Z,195.98,195.985,195.565,195.565
2026-09-25T14:06:00Z,2026-09-25T14:07:00Z,195.555,195.74,195.54,195.715
2026-09-25T14:07:00Z,2026-09-25T14:08:00Z,195.71,195.9,195.685,195.775
2026-09-25T14:08:00Z,2026-09-25T14:09:00Z,195.77,195.91,195.7,195.91
2026-09-25T14:09:00Z,2026-09-25T14:10:00Z,195.915,196.02,195.84,195.98
2026-09-25T14:10:00Z,2026-09-25T14:11:00Z,195.985,196.12,195.96,195.96
2026-09-25T14:11:00Z,2026-09-25T14:12:00Z,195.955,196.14,195.865,196.085
2026-09-25T14:12:00Z,2026-09-25T14:13:00Z,196.09,196.095,195.905,195.915
2026-09-25T14:13:00Z,2026-09-25T14:14:00Z,195.91,195.95,195.725,195.75
2026-09-25T14:14:00Z,2026-09-25T14:15:00Z,195.745,195.76,195.47,195.52
2026-09-25T14:15:00Z,2026-09-25T14:16:00Z,195.51,195.55,195.145,195.45
2026-09-25T14:16:00Z,2026-09-25T14:17:00Z,195.47,195.615,195.26,195.285
2026-09-25T14:17:00Z,2026-09-25T14:18:00Z,195.28,195.33,195.025,195.12
2026-09-25T14:18:00Z,2026-09-25T14:19:00Z,195.115,195.375,195.085,195.24
2026-09-25T14:19:00Z,2026-09-25T14:20:00Z,195.245,195.395,195.07,195.33
2026-09-25T14:20:00Z,2026-09-25T14:21:00Z,195.34,195.52,195.27,195.5
2026-09-25T14:21:00Z,2026-09-25T14:22:00Z,195.495,195.56,195.3,195.375
2026-09-25T14:22:00Z,2026-09-25T14:23:00Z,195.37,195.475,195.335,195.44
2026-09-25T14:23:00Z,2026-09-25T14:24:00Z,195.445,195.58,195.41,195.505
2026-09-25T14:24:00Z,2026-09-25T14:25:00Z,195.51,195.675,195.5,195.64
2026-09-25T14:25:00Z,2026-09-25T14:26:00Z,195.65,195.81,195.605,195.805
2026-09-25T14:26:00Z,2026-09-25T14:27:00Z,195.81,195.92,195.76,195.82
2026-09-25T14:27:00Z,2026-09-25T14:28:00Z,195.83,195.85,195.695,195.71
2026-09-25T14:28:00Z,2026-09-25T14:29:00Z,195.7,195.74,195.49,195.64
2026-09-25T14:29:00Z,2026-09-25T14:30:00Z,195.625,195.745,195.5,195.515
2026-09-25T14:30:00Z,2026-09-25T14:31:00Z,195.535,195.63,195.44,195.545
2026-09-25T14:31:00Z,2026-09-25T14:32:00Z,195.54,195.68,195.52,195.67
2026-09-25T14:32:00Z,2026-09-25T14:33:00Z,195.68,195.81,195.66,195.76
2026-09-25T14:33:00Z,2026-09-25T14:34:00Z,195.755,195.895,195.75,195.81
2026-09-25T14:34:00Z,2026-09-25T14:35:00Z,195.8,195.93,195.79,195.855
2026-09-25T14:35:00Z,2026-09-25T14:36:00Z,195.86,195.95,195.8,195.91
2026-09-25T14:36:00Z,2026-09-25T14:37:00Z,195.905,195.92,195.815,195.84
2026-09-25T14:37:00Z,2026-09-25T14:38:00Z,195.83,195.93,195.8,195.925
2026-09-25T14:38:00Z,2026-09-25T14:39:00Z,195.92,196.04,195.89,195.94
2026-09-25T14:39:00Z,2026-09-25T14:40:00Z,195.935,196,195.92,195.95
2026-09-25T14:40:00Z,2026-09-25T14:41:00Z,195.955,195.99,195.775,195.8
2026-09-25T14:41:00Z,2026-09-25T14:42:00Z,195.795,195.88,195.6,195.61
2026-09-25T14:42:00Z,2026-09-25T14:43:00Z,195.615,195.73,195.56,195.7
2026-09-25T14:43:00Z,2026-09-25T14:44:00Z,195.69,195.74,195.58,195.65
2026-09-25T14:44:00Z,2026-09-25T14:45:00Z,195.64,195.83,195.64,195.82
2026-09-25T14:45:00Z,2026-09-25T14:46:00Z,195.825,195.835,195.63,195.835
2026-09-25T14:46:00Z,2026-09-25T14:47:00Z,195.83,196.005,195.73,195.88
2026-09-25T14:47:00Z,2026-09-25T14:48:00Z,195.875,195.98,195.82,195.92
2026-09-25T14:48:00Z,2026-09-25T14:49:00Z,195.915,195.99,195.9,195.925
2026-09-25T14:49:00Z,2026-09-25T14:50:00Z,195.93,196.17,195.9,196.11
2026-09-25T14:50:00Z,2026-09-25T14:51:00Z,196.1,196.115,195.96,196.07
2026-09-25T14:51:00Z,2026-09-25T14:52:00Z,196.085,196.12,195.875,195.875
2026-09-25T14:52:00Z,2026-09-25T14:53:00Z,195.88,195.94,195.825,195.885
2026-09-25T14:53:00Z,2026-09-25T14:54:00Z,195.88,195.99,195.855,195.955
2026-09-25T14:54:00Z,2026-09-25T14:55:00Z,195.95,196.07,195.945,196.05
2026-09-25T14:55:00Z,2026-09-25T14:56:00Z,196.045,196.195,196.03,196.19
2026-09-25T14:56:00Z,2026-09-25T14:57:00Z,196.195,196.3,196.135,196.14
2026-09-25T14:57:00Z,2026-09-25T14:58:00Z,196.145,196.275,196.14,196.24
2026-09-25T14:58:00Z,2026-09-25T14:59:00Z,196.23,196.32,196.185,196.305
2026-09-25T14:59:00Z,2026-09-25T15:00:00Z,196.31,196.355,196.28,196.32
2026-09-25T15:00:00Z,2026-09-25T15:01:00Z,196.31,196.315,196.22,196.25
2026-09-25T15:01:00Z,2026-09-25T15:02:00Z,196.26,196.375,196.225,196.31
2026-09-25T15:02:00Z,2026-09-25T15:03:00Z,196.31,196.465,196.31,196.42
2026-09-25T15:03:00Z,2026-09-25T15:04:00Z,196.425,196.52,196.42,196.46
2026-09-25T15:04:00Z,2026-09-25T15:05:00Z,196.45,196.585,196.44,196.48
2026-09-25T15:05:00Z,2026-09-25T15:06:00Z,196.485,196.56,196.465,196.52
2026-09-25T15:06:00Z,2026-09-25T15:07:00Z,196.515,196.565,196.475,196.49
2026-09-25T15:07:00Z,2026-09-25T15:08:00Z,196.485,196.515,196.45,196.48
2026-09-25T15:08:00Z,2026-09-25T15:09:00Z,196.485,196.505,196.445,196.48
2026-09-25T15:09:00Z,2026-09-25T15:10:00Z,196.475,196.49,196.38,196.385
2026-09-25T15:10:00Z,2026-09-25T15:11:00Z,196.38,196.42,196.265,196.33
2026-09-25T15:11:00Z,2026-09-25T15:12:00Z,196.32,196.34,196.11,196.155
2026-09-25T15:12:00Z,2026-09-25T15:13:00Z,196.15,196.22,196.11,196.14
2026-09-25T15:13:00Z,2026-09-25T15:14:00Z,196.13,196.205,196.115,196.18
2026-09-25T15:14:00Z,2026-09-25T15:15:00Z,196.17,196.24,196.15,196.17
2026-09-25T15:15:00Z,2026-09-25T15:16:00Z,196.18,196.25,196.14,196.23
2026-09-25T15:16:00Z,2026-09-25T15:17:00Z,196.225,196.325,196.225,196.315
2026-09-25T15:17:00Z,2026-09-25T15:18:00Z,196.32,196.355,196.255,196.28
2026-09-25T15:18:00Z,2026-09-25T15:19:00Z,196.27,196.32,196.23,196.28
2026-09-25T15:19:00Z,2026-09-25T15:20:00Z,196.27,196.28,196.09,196.14
2026-09-25T15:20:00Z,2026-09-25T15:21:00Z,196.145,196.255,196.095,196.25
2026-09-25T15:21:00Z,2026-09-25T15:22:00Z,196.255,196.395,196.18,196.265
2026-09-25T15:22:00Z,2026-09-25T15:23:00Z,196.27,196.29,196.205,196.235
2026-09-25T15:23:00Z,2026-09-25T15:24:00Z,196.24,196.32,196.21,196.22
2026-09-25T15:24:00Z,2026-09-25T15:25:00Z,196.21,196.23,196.095,196.14
2026-09-25T15:25:00Z,2026-09-25T15:26:00Z,196.135,196.165,196.09,196.11
2026-09-25T15:26:00Z,2026-09-25T15:27:00Z,196.105,196.145,196.055,196.145
2026-09-25T15:27:00Z,2026-09-25T15:28:00Z,196.14,196.16,196.05,196.09
2026-09-25T15:28:00Z,2026-09-25T15:29:00Z,196.1,196.15,196.06,196.115
2026-09-25T15:29:00Z,2026-09-25T15:30:00Z,196.12,196.22,196.105,196.115
2026-09-25T15:30:00Z,2026-09-25T15:31:00Z,196.125,196.33,196.1,196.23
2026-09-25T15:31:00Z,2026-09-25T15:32:00Z,196.22,196.35,196.2,196.35
2026-09-25T15:32:00Z,2026-09-25T15:33:00Z,196.34,196.405,196.315,196.375
2026-09-25T15:33:00Z,2026-09-25T15:34:00Z,196.37,196.385,196.3,196.345
2026-09-25T15:34:00Z,2026-09-25T15:35:00Z,196.34,196.38,196.105,196.125
2026-09-25T15:35:00Z,2026-09-25T15:36:00Z,196.12,196.18,195.98,196.07
2026-09-25T15:36:00Z,2026-09-25T15:37:00Z,196.065,196.065,195.845,195.865
2026-09-25T15:37:00Z,2026-09-25T15:38:00Z,195.87,195.9,195.76,195.88
2026-09-25T15:38:00Z,2026-09-25T15:39:00Z,195.875,195.89,195.7,195.73
2026-09-25T15:39:00Z,2026-09-25T15:40:00Z,195.715,195.77,195.67,195.725
2026-09-25T15:40:00Z,2026-09-25T15:41:00Z,195.72,195.825,195.655,195.815
2026-09-25T15:41:00Z,2026-09-25T15:42:00Z,195.82,195.85,195.765,195.82
2026-09-25T15:42:00Z,2026-09-25T15:43:00Z,195.815,195.87,195.7,195.755
2026-09-25T15:43:00Z,2026-09-25T15:44:00Z,195.76,195.785,195.67,195.69
2026-09-25T15:44:00Z,2026-09-25T15:45:00Z,195.695,195.705,195.535,195.545
2026-09-25T15:45:00Z,2026-09-25T15:46:00Z,195.54,195.615,195.51,195.56
2026-09-25T15:46:00Z,2026-09-25T15:47:00Z,195.555,195.715,195.47,195.71
2026-09-25T15:47:00Z,2026-09-25T15:48:00Z,195.715,195.77,195.7,195.73
2026-09-25T15:48:00Z,2026-09-25T15:49:00Z,195.72,195.805,195.67,195.75
2026-09-25T15:49:00Z,2026-09-25T15:50:00Z,195.76,195.85,195.74,195.85
2026-09-25T15:50:00Z,2026-09-25T15:51:00Z,195.85,195.88,195.765,195.785
2026-09-25T15:51:00Z,2026-09-25T15:52:00Z,195.78,195.78,195.515,195.525
2026-09-25T15:52:00Z,2026-09-25T15:53:00Z,195.51,195.585,195.455,195.515
2026-09-25T15:53:00Z,2026-09-25T15:54:00Z,195.515,195.56,195.51,195.55
2026-09-25T15:54:00Z,2026-09-25T15:55:00Z,195.54,195.845,195.51,195.77
2026-09-25T15:55:00Z,2026-09-25T15:56:00Z,195.78,195.88,195.77,195.84
2026-09-25T15:56:00Z,2026-09-25T15:57:00Z,195.85,195.95,195.815,195.94
2026-09-25T15:57:00Z,2026-09-25T15:58:00Z,195.945,196.035,195.93,196.035
2026-09-25T15:58:00Z,2026-09-25T15:59:00Z,196.03,196.26,196.01,196.2
2026-09-25T15:59:00Z,2026-09-25T16:00:00Z,196.195,196.375,196.18,196.34
2026-09-25T16:00:00Z,2026-09-25T16:01:00Z,196.35,196.51,196.27,196.485
2026-09-25T16:01:00Z,2026-09-25T16:02:00Z,196.49,196.54,196.43,196.465
2026-09-25T16:02:00Z,2026-09-25T16:03:00Z,196.465,196.65,196.46,196.645
2026-09-25T16:03:00Z,2026-09-25T16:04:00Z,196.64,196.745,196.575,196.745
2026-09-25T16:04:00Z,2026-09-25T16:05:00Z,196.74,196.75,196.63,196.73
2026-09-25T16:05:00Z,2026-09-25T16:06:00Z,196.725,196.895,196.65,196.86
2026-09-25T16:06:00Z,2026-09-25T16:07:00Z,196.855,196.895,196.76,196.815
2026-09-25T16:07:00Z,2026-09-25T16:08:00Z,196.82,196.845,196.725,196.75
2026-09-25T16:08:00Z,2026-09-25T16:09:00Z,196.745,196.835,196.715,196.745
2026-09-25T16:09:00Z,2026-09-25T16:10:00Z,196.745,196.825,196.66,196.81
2026-09-25T16:10:00Z,2026-09-25T16:11:00Z,196.82,196.945,196.805,196.86
2026-09-25T16:11:00Z,2026-09-25T16:12:00Z,196.845,196.85,196.715,196.79
2026-09-25T16:12:00Z,2026-09-25T16:13:00Z,196.78,196.865,196.72,196.75
2026-09-25T16:13:00Z,2026-09-25T16:14:00Z,196.74,196.77,196.705,196.76
2026-09-25T16:14:00Z,2026-09-25T16:15:00Z,196.755,196.765,196.605,196.71
2026-09-25T16:15:00Z,2026-09-25T16:16:00Z,196.72,196.84,196.675,196.835
2026-09-25T16:16:00Z,2026-09-25T16:17:00Z,196.84,196.91,196.76,196.895
2026-09-25T16:17:00Z,2026-09-25T16:18:00Z,196.89,196.935,196.68,196.69
2026-09-25T16:18:00Z,2026-09-25T16:19:00Z,196.695,196.695,196.495,196.545
2026-09-25T16:19:00Z,2026-09-25T16:20:00Z,196.54,196.57,196.475,196.54
2026-09-25T16:20:00Z,2026-09-25T16:21:00Z,196.545,196.585,196.35,196.365
2026-09-25T16:21:00Z,2026-09-25T16:22:00Z,196.37,196.43,196.275,196.41
2026-09-25T16:22:00Z,2026-09-25T16:23:00Z,196.4,196.42,196.27,196.355
2026-09-25T16:23:00Z,2026-09-25T16:24:00Z,196.36,196.39,196.26,196.315
2026-09-25T16:24:00Z,2026-09-25T16:25:00Z,196.31,196.38,196.29,196.345
2026-09-25T16:25:00Z,2026-09-25T16:26:00Z,196.35,196.5,196.325,196.45
2026-09-25T16:26:00Z,2026-09-25T16:27:00Z,196.445,196.695,196.415,196.69
2026-09-25T16:27:00Z,2026-09-25T16:28:00Z,196.695,196.76,196.665,196.72
2026-09-25T16:28:00Z,2026-09-25T16:29:00Z,196.73,196.765,196.68,196.745
2026-09-25T16:29:00Z,2026-09-25T16:30:00Z,196.75,196.86,196.74,196.815
2026-09-25T16:30:00Z,2026-09-25T16:31:00Z,196.81,196.82,196.7,196.78
2026-09-25T16:31:00Z,2026-09-25T16:32:00Z,196.785,196.835,196.745,196.82
2026-09-25T16:32:00Z,2026-09-25T16:33:00Z,196.825,196.89,196.765,196.79
2026-09-25T16:33:00Z,2026-09-25T16:34:00Z,196.79,196.885,196.765,196.88
2026-09-25T16:34:00Z,2026-09-25T16:35:00Z,196.885,196.885,196.45,196.53
2026-09-25T16:35:00Z,2026-09-25T16:36:00Z,196.535,196.645,196.535,196.6
2026-09-25T16:36:00Z,2026-09-25T16:37:00Z,196.595,196.615,196.49,196.59
2026-09-25T16:37:00Z,2026-09-25T16:38:00Z,196.6,196.775,196.6,196.69
2026-09-25T16:38:00Z,2026-09-25T16:39:00Z,196.685,196.685,196.54,196.66
2026-09-25T16:39:00Z,2026-09-25T16:40:00Z,196.655,196.69,196.58,196.59
2026-09-25T16:40:00Z,2026-09-25T16:41:00Z,196.6,196.63,196.54,196.54
2026-09-25T16:41:00Z,2026-09-25T16:42:00Z,196.545,196.625,196.535,196.595
2026-09-25T16:42:00Z,2026-09-25T16:43:00Z,196.59,196.705,196.59,196.61
2026-09-25T16:43:00Z,2026-09-25T16:44:00Z,196.62,196.77,196.61,196.735
2026-09-25T16:44:00Z,2026-09-25T16:45:00Z,196.74,196.81,196.7,196.715
2026-09-25T16:45:00Z,2026-09-25T16:46:00Z,196.72,196.725,196.62,196.715
2026-09-25T16:46:00Z,2026-09-25T16:47:00Z,196.71,196.745,196.65,196.675
2026-09-25T16:47:00Z,2026-09-25T16:48:00Z,196.68,196.685,196.615,196.63
2026-09-25T16:48:00Z,2026-09-25T16:49:00Z,196.62,196.645,196.49,196.5
2026-09-25T16:49:00Z,2026-09-25T16:50:00Z,196.495,196.555,196.41,196.54
2026-09-25T16:50:00Z,2026-09-25T16:51:00Z,196.55,196.61,196.51,196.545
2026-09-25T16:51:00Z,2026-09-25T16:52:00Z,196.55,196.57,196.505,196.57
2026-09-25T16:52:00Z,2026-09-25T16:53:00Z,196.565,196.62,196.53,196.605
2026-09-25T16:53:00Z,2026-09-25T16:54:00Z,196.6,196.655,196.56,196.56
2026-09-25T16:54:00Z,2026-09-25T16:55:00Z,196.57,196.635,196.535,196.635
2026-09-25T16:55:00Z,2026-09-25T16:56:00Z,196.63,196.68,196.61,196.635
2026-09-25T16:56:00Z,2026-09-25T16:57:00Z,196.64,196.7,196.605,196.64
2026-09-25T16:57:00Z,2026-09-25T16:58:00Z,196.65,196.65,196.51,196.53
2026-09-25T16:58:00Z,2026-09-25T16:59:00Z,196.535,196.555,196.485,196.5
2026-09-25T16:59:00Z,2026-09-25T17:00:00Z,196.495,196.55,196.375,196.485
2026-09-25T17:00:00Z,2026-09-25T17:01:00Z,196.49,196.5,196.45,196.49
2026-09-25T17:01:00Z,2026-09-25T17:02:00Z,196.49,196.67,196.49,196.65
2026-09-25T17:02:00Z,2026-09-25T17:03:00Z,196.655,196.755,196.625,196.73
2026-09-25T17:03:00Z,2026-09-25T17:04:00Z,196.735,196.8,196.71,196.72
2026-09-25T17:04:00Z,2026-09-25T17:05:00Z,196.73,196.75,196.695,196.72
2026-09-25T17:05:00Z,2026-09-25T17:06:00Z,196.72,196.775,196.705,196.745
2026-09-25T17:06:00Z,2026-09-25T17:07:00Z,196.75,196.78,196.725,196.75
2026-09-25T17:07:00Z,2026-09-25T17:08:00Z,196.745,196.76,196.67,196.69
2026-09-25T17:08:00Z,2026-09-25T17:09:00Z,196.695,196.71,196.595,196.65
2026-09-25T17:09:00Z,2026-09-25T17:10:00Z,196.65,196.75,196.65,196.73
2026-09-25T17:10:00Z,2026-09-25T17:11:00Z,196.72,196.75,196.695,196.725
2026-09-25T17:11:00Z,2026-09-25T17:12:00Z,196.72,196.745,196.64,196.655
2026-09-25T17:12:00Z,2026-09-25T17:13:00Z,196.66,196.715,196.615,196.71
2026-09-25T17:13:00Z,2026-09-25T17:14:00Z,196.715,196.8,196.7,196.76
2026-09-25T17:14:00Z,2026-09-25T17:15:00Z,196.75,196.83,196.735,196.83
2026-09-25T17:15:00Z,2026-09-25T17:16:00Z,196.83,196.9,196.79,196.885
2026-09-25T17:16:00Z,2026-09-25T17:17:00Z,196.88,196.885,196.82,196.82
2026-09-25T17:17:00Z,2026-09-25T17:18:00Z,196.83,196.905,196.82,196.83
2026-09-25T17:18:00Z,2026-09-25T17:19:00Z,196.83,196.845,196.745,196.78
2026-09-25T17:19:00Z,2026-09-25T17:20:00Z,196.785,196.785,196.74,196.76
2026-09-25T17:20:00Z,2026-09-25T17:21:00Z,196.76,196.8,196.735,196.78
2026-09-25T17:21:00Z,2026-09-25T17:22:00Z,196.77,196.785,196.745,196.765
2026-09-25T17:22:00Z,2026-09-25T17:23:00Z,196.77,196.81,196.745,196.75
2026-09-25T17:23:00Z,2026-09-25T17:24:00Z,196.76,196.795,196.745,196.77
2026-09-25T17:24:00Z,2026-09-25T17:25:00Z,196.775,196.8,196.75,196.79
2026-09-25T17:25:00Z,2026-09-25T17:26:00Z,196.795,196.8,196.75,196.75
2026-09-25T17:26:00Z,2026-09-25T17:27:00Z,196.755,196.77,196.715,196.73
2026-09-25T17:27:00Z,2026-09-25T17:28:00Z,196.72,196.735,196.695,196.725
2026-09-25T17:28:00Z,2026-09-25T17:29:00Z,196.72,196.765,196.715,196.75
2026-09-25T17:29:00Z,2026-09-25T17:30:00Z,196.745,196.76,196.73,196.75
2026-09-25T17:30:00Z,2026-09-25T17:31:00Z,196.765,196.78,196.725,196.755
2026-09-25T17:31:00Z,2026-09-25T17:32:00Z,196.75,196.75,196.66,196.67
2026-09-25T17:32:00Z,2026-09-25T17:33:00Z,196.675,196.725,196.67,196.72
2026-09-25T17:33:00Z,2026-09-25T17:34:00Z,196.71,196.75,196.655,196.655
2026-09-25T17:34:00Z,2026-09-25T17:35:00Z,196.65,196.665,196.58,196.65
2026-09-25T17:35:00Z,2026-09-25T17:36:00Z,196.65,196.66,196.6,196.625
2026-09-25T17:36:00Z,2026-09-25T17:37:00Z,196.62,196.665,196.575,196.585
2026-09-25T17:37:00Z,2026-09-25T17:38:00Z,196.58,196.585,196.51,196.56
2026-09-25T17:38:00Z,2026-09-25T17:39:00Z,196.555,196.64,196.55,196.605
2026-09-25T17:39:00Z,2026-09-25T17:40:00Z,196.61,196.725,196.58,196.65
2026-09-25T17:40:00Z,2026-09-25T17:41:00Z,196.66,196.72,196.62,196.665
2026-09-25T17:41:00Z,2026-09-25T17:42:00Z,196.66,196.755,196.655,196.73
2026-09-25T17:42:00Z,2026-09-25T17:43:00Z,196.735,196.77,196.73,196.76
2026-09-25T17:43:00Z,2026-09-25T17:44:00Z,196.755,196.755,196.68,196.7
2026-09-25T17:44:00Z,2026-09-25T17:45:00Z,196.7,196.735,196.645,196.67
2026-09-25T17:45:00Z,2026-09-25T17:46:00Z,196.665,196.705,196.645,196.67
2026-09-25T17:46:00Z,2026-09-25T17:47:00Z,196.675,196.69,196.64,196.665
2026-09-25T17:47:00Z,2026-09-25T17:48:00Z,196.66,196.68,196.635,196.655
2026-09-25T17:48:00Z,2026-09-25T17:49:00Z,196.655,196.7,196.64,196.685
2026-09-25T17:49:00Z,2026-09-25T17:50:00Z,196.69,196.78,196.69,196.77
2026-09-25T17:50:00Z,2026-09-25T17:51:00Z,196.77,196.78,196.735,196.77
2026-09-25T17:51:00Z,2026-09-25T17:52:00Z,196.77,196.78,196.72,196.74
2026-09-25T17:52:00Z,2026-09-25T17:53:00Z,196.735,196.74,196.63,196.63
2026-09-25T17:53:00Z,2026-09-25T17:54:00Z,196.625,196.665,196.615,196.66
2026-09-25T17:54:00Z,2026-09-25T17:55:00Z,196.66,196.66,196.57,196.64
2026-09-25T17:55:00Z,2026-09-25T17:56:00Z,196.64,196.695,196.635,196.695
2026-09-25T17:56:00Z,2026-09-25T17:57:00Z,196.69,196.72,196.67,196.69
2026-09-25T17:57:00Z,2026-09-25T17:58:00Z,196.69,196.7,196.665,196.675
2026-09-25T17:58:00Z,2026-09-25T17:59:00Z,196.68,196.73,196.675,196.7
2026-09-25T17:59:00Z,2026-09-25T18:00:00Z,196.7,196.725,196.675,196.715
2026-09-25T18:00:00Z,2026-09-25T18:01:00Z,196.715,196.745,196.7,196.71
2026-09-25T18:01:00Z,2026-09-25T18:02:00Z,196.715,196.76,196.69,196.76
2026-09-25T18:02:00Z,2026-09-25T18:03:00Z,196.755,196.765,196.675,196.695
2026-09-25T18:03:00Z,2026-09-25T18:04:00Z,196.7,196.725,196.695,196.71
2026-09-25T18:04:00Z,2026-09-25T18:05:00Z,196.705,196.71,196.655,196.665
2026-09-25T18:05:00Z,2026-09-25T18:06:00Z,196.665,196.695,196.64,196.65
2026-09-25T18:06:00Z,2026-09-25T18:07:00Z,196.65,196.685,196.635,196.665
2026-09-25T18:07:00Z,2026-09-25T18:08:00Z,196.665,196.68,196.61,196.63
2026-09-25T18:08:00Z,2026-09-25T18:09:00Z,196.635,196.7,196.615,196.69
2026-09-25T18:09:00Z,2026-09-25T18:10:00Z,196.7,196.74,196.695,196.725
2026-09-25T18:10:00Z,2026-09-25T18:11:00Z,196.73,196.755,196.725,196.73
2026-09-25T18:11:00Z,2026-09-25T18:12:00Z,196.725,196.73,196.705,196.71
2026-09-25T18:12:00Z,2026-09-25T18:13:00Z,196.715,196.77,196.68,196.76
2026-09-25T18:13:00Z,2026-09-25T18:14:00Z,196.755,196.815,196.745,196.815
2026-09-25T18:14:00Z,2026-09-25T18:15:00Z,196.815,196.855,196.795,196.845
2026-09-25T18:15:00Z,2026-09-25T18:16:00Z,196.84,196.855,196.805,196.805
2026-09-25T18:16:00Z,2026-09-25T18:17:00Z,196.81,196.845,196.81,196.83
2026-09-25T18:17:00Z,2026-09-25T18:18:00Z,196.83,196.845,196.815,196.825
2026-09-25T18:18:00Z,2026-09-25T18:19:00Z,196.825,196.855,196.765,196.765
2026-09-25T18:19:00Z,2026-09-25T18:20:00Z,196.765,196.785,196.735,196.78
2026-09-25T18:20:00Z,2026-09-25T18:21:00Z,196.775,196.815,196.775,196.8
2026-09-25T18:21:00Z,2026-09-25T18:22:00Z,196.805,196.815,196.755,196.77
2026-09-25T18:22:00Z,2026-09-25T18:23:00Z,196.775,196.825,196.76,196.77
2026-09-25T18:23:00Z,2026-09-25T18:24:00Z,196.77,196.825,196.765,196.825
2026-09-25T18:24:00Z,2026-09-25T18:25:00Z,196.83,196.855,196.815,196.815
2026-09-25T18:25:00Z,2026-09-25T18:26:00Z,196.815,196.845,196.79,196.795
2026-09-25T18:26:00Z,2026-09-25T18:27:00Z,196.795,196.795,196.565,196.6
2026-09-25T18:27:00Z,2026-09-25T18:28:00Z,196.595,196.645,196.47,196.51
2026-09-25T18:28:00Z,2026-09-25T18:29:00Z,196.5,196.57,196.46,196.525
2026-09-25T18:29:00Z,2026-09-25T18:30:00Z,196.535,196.57,196.48,196.565
2026-09-25T18:30:00Z,2026-09-25T18:31:00Z,196.57,196.66,196.56,196.635
2026-09-25T18:31:00Z,2026-09-25T18:32:00Z,196.635,196.705,196.63,196.685
2026-09-25T18:32:00Z,2026-09-25T18:33:00Z,196.68,196.705,196.65,196.66
2026-09-25T18:33:00Z,2026-09-25T18:34:00Z,196.665,196.71,196.655,196.69
2026-09-25T18:34:00Z,2026-09-25T18:35:00Z,196.69,196.69,196.635,196.645
2026-09-25T18:35:00Z,2026-09-25T18:36:00Z,196.64,196.68,196.595,196.66
2026-09-25T18:36:00Z,2026-09-25T18:37:00Z,196.655,196.665,196.635,196.64
2026-09-25T18:37:00Z,2026-09-25T18:38:00Z,196.635,196.65,196.505,196.53
2026-09-25T18:38:00Z,2026-09-25T18:39:00Z,196.53,196.53,196.47,196.51
2026-09-25T18:39:00Z,2026-09-25T18:40:00Z,196.505,196.52,196.435,196.44
2026-09-25T18:40:00Z,2026-09-25T18:41:00Z,196.445,196.465,196.385,196.45
2026-09-25T18:41:00Z,2026-09-25T18:42:00Z,196.46,196.495,196.44,196.465
2026-09-25T18:42:00Z,2026-09-25T18:43:00Z,196.47,196.535,196.465,196.525
2026-09-25T18:43:00Z,2026-09-25T18:44:00Z,196.525,196.535,196.505,196.53
2026-09-25T18:44:00Z,2026-09-25T18:45:00Z,196.525,196.575,196.51,196.575
2026-09-25T18:45:00Z,2026-09-25T18:46:00Z,196.57,196.585,196.535,196.54
2026-09-25T18:46:00Z,2026-09-25T18:47:00Z,196.545,196.565,196.49,196.49
2026-09-25T18:47:00Z,2026-09-25T18:48:00Z,196.485,196.49,196.415,196.425
2026-09-25T18:48:00Z,2026-09-25T18:49:00Z,196.42,196.46,196.405,196.445
2026-09-25T18:49:00Z,2026-09-25T18:50:00Z,196.45,196.45,196.415,196.415
2026-09-25T18:50:00Z,2026-09-25T18:51:00Z,196.42,196.425,196.38,196.4
2026-09-25T18:51:00Z,2026-09-25T18:52:00Z,196.4,196.43,196.355,196.385
2026-09-25T18:52:00Z,2026-09-25T18:53:00Z,196.39,196.42,196.37,196.415
2026-09-25T18:53:00Z,2026-09-25T18:54:00Z,196.42,196.42,196.37,196.38
2026-09-25T18:54:00Z,2026-09-25T18:55:00Z,196.38,196.38,196.315,196.33
2026-09-25T18:55:00Z,2026-09-25T18:56:00Z,196.34,196.375,196.32,196.33
2026-09-25T18:56:00Z,2026-09-25T18:57:00Z,196.335,196.365,196.32,196.33
2026-09-25T18:57:00Z,2026-09-25T18:58:00Z,196.325,196.345,196.315,196.325
2026-09-25T18:58:00Z,2026-09-25T18:59:00Z,196.33,196.355,196.31,196.345
2026-09-25T18:59:00Z,2026-09-25T19:00:00Z,196.35,196.36,196.265,196.275
2026-09-25T19:00:00Z,2026-09-25T19:01:00Z,196.285,196.36,196.285,196.31
2026-09-25T19:01:00Z,2026-09-25T19:02:00Z,196.31,196.395,196.27,196.27
2026-09-25T19:02:00Z,2026-09-25T19:03:00Z,196.28,196.29,196.23,196.26
2026-09-25T19:03:00Z,2026-09-25T19:04:00Z,196.26,196.315,196.225,196.31
2026-09-25T19:04:00Z,2026-09-25T19:05:00Z,196.315,196.395,196.305,196.37
2026-09-25T19:05:00Z,2026-09-25T19:06:00Z,196.37,196.42,196.355,196.405
2026-09-25T19:06:00Z,2026-09-25T19:07:00Z,196.415,196.44,196.33,196.35
2026-09-25T19:07:00Z,2026-09-25T19:08:00Z,196.345,196.435,196.34,196.42
2026-09-25T19:08:00Z,2026-09-25T19:09:00Z,196.42,196.435,196.405,196.43
2026-09-25T19:09:00Z,2026-09-25T19:10:00Z,196.43,196.44,196.375,196.4
2026-09-25T19:10:00Z,2026-09-25T19:11:00Z,196.395,196.425,196.365,196.4
2026-09-25T19:11:00Z,2026-09-25T19:12:00Z,196.4,196.4,196.345,196.39
2026-09-25T19:12:00Z,2026-09-25T19:13:00Z,196.39,196.425,196.375,196.41
2026-09-25T19:13:00Z,2026-09-25T19:14:00Z,196.415,196.43,196.375,196.405
2026-09-25T19:14:00Z,2026-09-25T19:15:00Z,196.4,196.455,196.395,196.45
2026-09-25T19:15:00Z,2026-09-25T19:16:00Z,196.45,196.475,196.395,196.41
2026-09-25T19:16:00Z,2026-09-25T19:17:00Z,196.415,196.43,196.375,196.385
2026-09-25T19:17:00Z,2026-09-25T19:18:00Z,196.39,196.4,196.345,196.37
2026-09-25T19:18:00Z,2026-09-25T19:19:00Z,196.375,196.395,196.345,196.39
2026-09-25T19:19:00Z,2026-09-25T19:20:00Z,196.39,196.39,196.315,196.32
2026-09-25T19:20:00Z,2026-09-25T19:21:00Z,196.325,196.36,196.285,196.285
2026-09-25T19:21:00Z,2026-09-25T19:22:00Z,196.285,196.32,196.275,196.3
2026-09-25T19:22:00Z,2026-09-25T19:23:00Z,196.305,196.31,196.225,196.235
2026-09-25T19:23:00Z,2026-09-25T19:24:00Z,196.235,196.25,196.215,196.25
2026-09-25T19:24:00Z,2026-09-25T19:25:00Z,196.25,196.325,196.25,196.285
2026-09-25T19:25:00Z,2026-09-25T19:26:00Z,196.28,196.29,196.22,196.225
2026-09-25T19:26:00Z,2026-09-25T19:27:00Z,196.23,196.235,196.125,196.17
2026-09-25T19:27:00Z,2026-09-25T19:28:00Z,196.16,196.215,196.15,196.19
2026-09-25T19:28:00Z,2026-09-25T19:29:00Z,196.19,196.235,196.155,196.185
2026-09-25T19:29:00Z,2026-09-25T19:30:00Z,196.185,196.2,196.135,196.19
2026-09-25T19:30:00Z,2026-09-25T19:31:00Z,196.185,196.185,196.095,196.105
2026-09-25T19:31:00Z,2026-09-25T19:32:00Z,196.095,196.155,196.085,196.155
2026-09-25T19:32:00Z,2026-09-25T19:33:00Z,196.15,196.165,196.105,196.145
2026-09-25T19:33:00Z,2026-09-25T19:34:00Z,196.135,196.155,196.105,196.13
2026-09-25T19:34:00Z,2026-09-25T19:35:00Z,196.12,196.135,196,196.005
2026-09-25T19:35:00Z,2026-09-25T19:36:00Z,196,196.015,195.965,195.985
2026-09-25T19:36:00Z,2026-09-25T19:37:00Z,195.98,195.995,195.915,195.98
2026-09-25T19:37:00Z,2026-09-25T19:38:00Z,195.975,196.12,195.965,196.09
2026-09-25T19:38:00Z,2026-09-25T19:39:00Z,196.085,196.165,196.075,196.15
2026-09-25T19:39:00Z,2026-09-25T19:40:00Z,196.145,196.205,196.135,196.175
2026-09-25T19:40:00Z,2026-09-25T19:41:00Z,196.175,196.18,196.11,196.155
2026-09-25T19:41:00Z,2026-09-25T19:42:00Z,196.15,196.205,196.135,196.155
2026-09-25T19:42:00Z,2026-09-25T19:43:00Z,196.16,196.215,196.155,196.215
2026-09-25T19:43:00Z,2026-09-25T19:44:00Z,196.215,196.305,196.215,196.305
2026-09-25T19:44:00Z,2026-09-25T19:45:00Z,196.31,196.315,196.225,196.255
2026-09-25T19:45:00Z,2026-09-25T19:46:00Z,196.26,196.42,196.255,196.385
2026-09-25T19:46:00Z,2026-09-25T19:47:00Z,196.39,196.435,196.365,196.425
2026-09-25T19:47:00Z,2026-09-25T19:48:00Z,196.415,196.42,196.365,196.395
2026-09-25T19:48:00Z,2026-09-25T19:49:00Z,196.385,196.435,196.365,196.405
2026-09-25T19:49:00Z,2026-09-25T19:50:00Z,196.395,196.425,196.375,196.38
2026-09-25T19:50:00Z,2026-09-25T19:51:00Z,196.375,196.545,196.375,196.545
2026-09-25T19:51:00Z,2026-09-25T19:52:00Z,196.555,196.595,196.49,196.525
2026-09-25T19:52:00Z,2026-09-25T19:53:00Z,196.535,196.58,196.525,196.555
2026-09-25T19:53:00Z,2026-09-25T19:54:00Z,196.55,196.595,196.515,196.535
2026-09-25T19:54:00Z,2026-09-25T19:55:00Z,196.53,196.535,196.41,196.43
2026-09-25T19:55:00Z,2026-09-25T19:56:00Z,196.435,196.47,196.335,196.345
2026-09-25T19:56:00Z,2026-09-25T19:57:00Z,196.34,196.35,196.255,196.295
2026-09-25T19:57:00Z,2026-09-25T19:58:00Z,196.295,196.405,196.295,196.4
2026-09-25T19:58:00Z,2026-09-25T19:59:00Z,196.405,196.435,196.355,196.395
2026-09-25T19:59:00Z,2026-09-25T20:00:00Z,196.39,196.4,196.23,196.285
2026-09-28T13:30:00Z,2026-09-28T13:31:00Z,195.095,195.415,195.07,195.375
2026-09-28T13:31:00Z,2026-09-28T13:32:00Z,195.385,195.77,195.3,195.66
2026-09-28T13:32:00Z,2026-09-28T13:33:00Z,195.67,196.17,195.67,196.025
2026-09-28T13:33:00Z,2026-09-28T13:34:00Z,196.015,196.015,195.6,195.75
2026-09-28T13:34:00Z,2026-09-28T13:35:00Z,195.755,195.77,195.445,195.46
2026-09-28T13:35:00Z,2026-09-28T13:36:00Z,195.45,195.455,194.975,195.045
2026-09-28T13:36:00Z,2026-09-28T13:37:00Z,195.05,195.43,194.96,195.4
2026-09-28T13:37:00Z,2026-09-28T13:38:00Z,195.41,195.455,195.215,195.215
2026-09-28T13:38:00Z,2026-09-28T13:39:00Z,195.225,195.3,195.02,195.23
2026-09-28T13:39:00Z,2026-09-28T13:40:00Z,195.235,195.415,195.185,195.26
2026-09-28T13:40:00Z,2026-09-28T13:41:00Z,195.265,195.355,195.135,195.225
2026-09-28T13:41:00Z,2026-09-28T13:42:00Z,195.23,195.35,195.075,195.09
2026-09-28T13:42:00Z,2026-09-28T13:43:00Z,195.1,195.345,195.08,195.24
2026-09-28T13:43:00Z,2026-09-28T13:44:00Z,195.235,195.32,195.18,195.265
2026-09-28T13:44:00Z,2026-09-28T13:45:00Z,195.255,195.255,194.73,194.795
2026-09-28T13:45:00Z,2026-09-28T13:46:00Z,194.79,194.96,194.735,194.8
2026-09-28T13:46:00Z,2026-09-28T13:47:00Z,194.79,194.85,194.7,194.83
2026-09-28T13:47:00Z,2026-09-28T13:48:00Z,194.835,194.99,194.78,194.86
2026-09-28T13:48:00Z,2026-09-28T13:49:00Z,194.865,195.055,194.81,194.99
2026-09-28T13:49:00Z,2026-09-28T13:50:00Z,194.995,195.12,194.91,194.945
2026-09-28T13:50:00Z,2026-09-28T13:51:00Z,194.94,195.015,194.71,194.795
2026-09-28T13:51:00Z,2026-09-28T13:52:00Z,194.79,194.79,194.585,194.65
2026-09-28T13:52:00Z,2026-09-28T13:53:00Z,194.655,194.74,194.595,194.72
2026-09-28T13:53:00Z,2026-09-28T13:54:00Z,194.725,195.06,194.715,195.015
2026-09-28T13:54:00Z,2026-09-28T13:55:00Z,195.02,195.23,194.99,195.13
2026-09-28T13:55:00Z,2026-09-28T13:56:00Z,195.135,195.28,195.065,195.1
2026-09-28T13:56:00Z,2026-09-28T13:57:00Z,195.105,195.135,195.015,195.045
2026-09-28T13:57:00Z,2026-09-28T13:58:00Z,195.05,195.19,195.035,195.19
2026-09-28T13:58:00Z,2026-09-28T13:59:00Z,195.2,195.27,195.14,195.14
2026-09-28T13:59:00Z,2026-09-28T14:00:00Z,195.135,195.225,195.1,195.195
2026-09-28T14:00:00Z,2026-09-28T14:01:00Z,195.185,195.38,195.155,195.375
2026-09-28T14:01:00Z,2026-09-28T14:02:00Z,195.37,195.38,195.115,195.17
2026-09-28T14:02:00Z,2026-09-28T14:03:00Z,195.165,195.19,195.055,195.075
2026-09-28T14:03:00Z,2026-09-28T14:04:00Z,195.09,195.145,194.98,195.04
2026-09-28T14:04:00Z,2026-09-28T14:05:00Z,195.03,195.045,194.86,194.875
2026-09-28T14:05:00Z,2026-09-28T14:06:00Z,194.88,194.885,194.69,194.705
2026-09-28T14:06:00Z,2026-09-28T14:07:00Z,194.7,194.825,194.61,194.8
2026-09-28T14:07:00Z,2026-09-28T14:08:00Z,194.805,194.83,194.655,194.735
2026-09-28T14:08:00Z,2026-09-28T14:09:00Z,194.73,194.74,194.605,194.635
2026-09-28T14:09:00Z,2026-09-28T14:10:00Z,194.63,194.725,194.56,194.58
2026-09-28T14:10:00Z,2026-09-28T14:11:00Z,194.57,194.57,194.375,194.395
2026-09-28T14:11:00Z,2026-09-28T14:12:00Z,194.39,194.425,194.265,194.35
2026-09-28T14:12:00Z,2026-09-28T14:13:00Z,194.365,194.37,194.195,194.23
2026-09-28T14:13:00Z,2026-09-28T14:14:00Z,194.225,194.32,194.17,194.26
2026-09-28T14:14:00Z,2026-09-28T14:15:00Z,194.265,194.265,194.06,194.185
2026-09-28T14:15:00Z,2026-09-28T14:16:00Z,194.18,194.435,194.175,194.35
2026-09-28T14:16:00Z,2026-09-28T14:17:00Z,194.36,194.43,194.31,194.415
2026-09-28T14:17:00Z,2026-09-28T14:18:00Z,194.42,194.49,194.36,194.49
2026-09-28T14:18:00Z,2026-09-28T14:19:00Z,194.5,194.58,194.47,194.55
2026-09-28T14:19:00Z,2026-09-28T14:20:00Z,194.555,194.615,194.545,194.56
2026-09-28T14:20:00Z,2026-09-28T14:21:00Z,194.55,194.665,194.415,194.64
2026-09-28T14:21:00Z,2026-09-28T14:22:00Z,194.635,194.675,194.48,194.54
2026-09-28T14:22:00Z,2026-09-28T14:23:00Z,194.545,194.8,194.545,194.79
2026-09-28T14:23:00Z,2026-09-28T14:24:00Z,194.78,194.78,194.675,194.7
2026-09-28T14:24:00Z,2026-09-28T14:25:00Z,194.695,194.7,194.62,194.67
2026-09-28T14:25:00Z,2026-09-28T14:26:00Z,194.665,194.71,194.52,194.525
2026-09-28T14:26:00Z,2026-09-28T14:27:00Z,194.53,194.565,194.415,194.48
2026-09-28T14:27:00Z,2026-09-28T14:28:00Z,194.49,194.515,194.42,194.46
2026-09-28T14:28:00Z,2026-09-28T14:29:00Z,194.455,194.485,194.39,194.435
2026-09-28T14:29:00Z,2026-09-28T14:30:00Z,194.43,194.44,194.22,194.29
2026-09-28T14:30:00Z,2026-09-28T14:31:00Z,194.285,194.31,194.215,194.255
2026-09-28T14:31:00Z,2026-09-28T14:32:00Z,194.25,194.27,194.185,194.24
2026-09-28T14:32:00Z,2026-09-28T14:33:00Z,194.235,194.375,194.195,194.37
2026-09-28T14:33:00Z,2026-09-28T14:34:00Z,194.38,194.465,194.315,194.36
2026-09-28T14:34:00Z,2026-09-28T14:35:00Z,194.355,194.38,194.31,194.32
2026-09-28T14:35:00Z,2026-09-28T14:36:00Z,194.325,194.355,194.21,194.23
2026-09-28T14:36:00Z,2026-09-28T14:37:00Z,194.235,194.275,194.15,194.17
2026-09-28T14:37:00Z,2026-09-28T14:38:00Z,194.16,194.205,193.95,193.955
2026-09-28T14:38:00Z,2026-09-28T14:39:00Z,193.94,193.96,193.79,193.855
2026-09-28T14:39:00Z,2026-09-28T14:40:00Z,193.85,193.94,193.83,193.865
2026-09-28T14:40:00Z,2026-09-28T14:41:00Z,193.87,193.98,193.84,193.89
2026-09-28T14:41:00Z,2026-09-28T14:42:00Z,193.895,193.93,193.775,193.895
2026-09-28T14:42:00Z,2026-09-28T14:43:00Z,193.89,193.9,193.735,193.77
2026-09-28T14:43:00Z,2026-09-28T14:44:00Z,193.775,193.775,193.49,193.5
2026-09-28T14:44:00Z,2026-09-28T14:45:00Z,193.495,193.5,193.3,193.345
2026-09-28T14:45:00Z,2026-09-28T14:46:00Z,193.34,193.37,193.05,193.12
2026-09-28T14:46:00Z,2026-09-28T14:47:00Z,193.13,193.19,192.99,193.035
2026-09-28T14:47:00Z,2026-09-28T14:48:00Z,193.03,193.04,192.765,192.8
2026-09-28T14:48:00Z,2026-09-28T14:49:00Z,192.79,192.86,192.665,192.835
2026-09-28T14:49:00Z,2026-09-28T14:50:00Z,192.82,192.945,192.815,192.89
2026-09-28T14:50:00Z,2026-09-28T14:51:00Z,192.885,193.13,192.87,193.07
2026-09-28T14:51:00Z,2026-09-28T14:52:00Z,193.075,193.1,192.945,192.96
2026-09-28T14:52:00Z,2026-09-28T14:53:00Z,192.955,193.035,192.865,192.88
2026-09-28T14:53:00Z,2026-09-28T14:54:00Z,192.87,193.02,192.85,192.885
2026-09-28T14:54:00Z,2026-09-28T14:55:00Z,192.88,192.95,192.8,192.87
2026-09-28T14:55:00Z,2026-09-28T14:56:00Z,192.855,192.94,192.82,192.835
2026-09-28T14:56:00Z,2026-09-28T14:57:00Z,192.85,193.135,192.845,193.11
2026-09-28T14:57:00Z,2026-09-28T14:58:00Z,193.1,193.185,193.045,193.15
2026-09-28T14:58:00Z,2026-09-28T14:59:00Z,193.16,193.23,193.08,193.115
2026-09-28T14:59:00Z,2026-09-28T15:00:00Z,193.125,193.14,193.03,193.135
2026-09-28T15:00:00Z,2026-09-28T15:01:00Z,193.13,193.245,193.1,193.17
2026-09-28T15:01:00Z,2026-09-28T15:02:00Z,193.175,193.34,193.17,193.245
2026-09-28T15:02:00Z,2026-09-28T15:03:00Z,193.24,193.34,193.24,193.29
2026-09-28T15:03:00Z,2026-09-28T15:04:00Z,193.295,193.415,193.28,193.4
2026-09-28T15:04:00Z,2026-09-28T15:05:00Z,193.41,193.41,193.33,193.38
2026-09-28T15:05:00Z,2026-09-28T15:06:00Z,193.39,193.43,193.34,193.38
2026-09-28T15:06:00Z,2026-09-28T15:07:00Z,193.39,193.545,193.255,193.51
2026-09-28T15:07:00Z,2026-09-28T15:08:00Z,193.525,193.73,193.515,193.72
2026-09-28T15:08:00Z,2026-09-28T15:09:00Z,193.73,193.785,193.655,193.685
2026-09-28T15:09:00Z,2026-09-28T15:10:00Z,193.675,193.805,193.67,193.8
2026-09-28T15:10:00Z,2026-09-28T15:11:00Z,193.8,193.825,193.69,193.69
2026-09-28T15:11:00Z,2026-09-28T15:12:00Z,193.69,193.84,193.66,193.81
2026-09-28T15:12:00Z,2026-09-28T15:13:00Z,193.81,193.82,193.725,193.81
2026-09-28T15:13:00Z,2026-09-28T15:14:00Z,193.815,193.835,193.755,193.775
2026-09-28T15:14:00Z,2026-09-28T15:15:00Z,193.77,193.77,193.66,193.72
2026-09-28T15:15:00Z,2026-09-28T15:16:00Z,193.725,193.73,193.61,193.61
2026-09-28T15:16:00Z,2026-09-28T15:17:00Z,193.61,193.61,193.505,193.54
2026-09-28T15:17:00Z,2026-09-28T15:18:00Z,193.55,193.55,193.43,193.52
2026-09-28T15:18:00Z,2026-09-28T15:19:00Z,193.51,193.58,193.46,193.52
2026-09-28T15:19:00Z,2026-09-28T15:20:00Z,193.515,193.615,193.465,193.57
2026-09-28T15:20:00Z,2026-09-28T15:21:00Z,193.575,193.64,193.515,193.635
2026-09-28T15:21:00Z,2026-09-28T15:22:00Z,193.63,193.635,193.505,193.55
2026-09-28T15:22:00Z,2026-09-28T15:23:00Z,193.54,193.57,193.485,193.49
2026-09-28T15:23:00Z,2026-09-28T15:24:00Z,193.49,193.605,193.48,193.595
2026-09-28T15:24:00Z,2026-09-28T15:25:00Z,193.59,193.705,193.56,193.65
2026-09-28T15:25:00Z,2026-09-28T15:26:00Z,193.655,193.81,193.58,193.79
2026-09-28T15:26:00Z,2026-09-28T15:27:00Z,193.795,193.92,193.75,193.91
2026-09-28T15:27:00Z,2026-09-28T15:28:00Z,193.92,193.93,193.855,193.89
2026-09-28T15:28:00Z,2026-09-28T15:29:00Z,193.9,193.905,193.81,193.86
2026-09-28T15:29:00Z,2026-09-28T15:30:00Z,193.865,193.93,193.855,193.92
2026-09-28T15:30:00Z,2026-09-28T15:31:00Z,193.91,193.935,193.82,193.9
2026-09-28T15:31:00Z,2026-09-28T15:32:00Z,193.895,193.905,193.75,193.78
2026-09-28T15:32:00Z,2026-09-28T15:33:00Z,193.79,193.93,193.78,193.9
2026-09-28T15:33:00Z,2026-09-28T15:34:00Z,193.89,193.92,193.775,193.805
2026-09-28T15:34:00Z,2026-09-28T15:35:00Z,193.81,193.9,193.8,193.89
2026-09-28T15:35:00Z,2026-09-28T15:36:00Z,193.88,193.92,193.83,193.9
2026-09-28T15:36:00Z,2026-09-28T15:37:00Z,193.905,194.035,193.905,194.035
2026-09-28T15:37:00Z,2026-09-28T15:38:00Z,194.04,194.1,194.04,194.06
2026-09-28T15:38:00Z,2026-09-28T15:39:00Z,194.07,194.145,194.04,194.11
2026-09-28T15:39:00Z,2026-09-28T15:40:00Z,194.115,194.175,194.095,194.155
2026-09-28T15:40:00Z,2026-09-28T15:41:00Z,194.16,194.165,193.93,193.95
2026-09-28T15:41:00Z,2026-09-28T15:42:00Z,193.945,193.965,193.785,193.8
2026-09-28T15:42:00Z,2026-09-28T15:43:00Z,193.795,193.84,193.79,193.84
2026-09-23T18:58:00Z,2026-09-23T18:59:00Z,195.245,195.255,195.225,195.24
2026-09-23T18:59:00Z,2026-09-23T19:00:00Z,195.245,195.275,195.215,195.225
2026-09-23T19:00:00Z,2026-09-23T19:01:00Z,195.215,195.215,195.135,195.19
2026-09-23T19:01:00Z,2026-09-23T19:02:00Z,195.185,195.24,195.18,195.19
2026-09-23T19:02:00Z,2026-09-23T19:03:00Z,195.195,195.195,195.13,195.135
2026-09-23T19:03:00Z,2026-09-23T19:04:00Z,195.14,195.165,195.01,195.01
2026-09-23T19:04:00Z,2026-09-23T19:05:00Z,195.015,195.07,195.01,195.025
2026-09-23T19:05:00Z,2026-09-23T19:06:00Z,195.025,195.075,195.005,195.065
2026-09-23T19:06:00Z,2026-09-23T19:07:00Z,195.065,195.19,195.04,195.185
2026-09-23T19:07:00Z,2026-09-23T19:08:00Z,195.18,195.325,195.175,195.26
2026-09-23T19:08:00Z,2026-09-23T19:09:00Z,195.27,195.28,195.245,195.26
2026-09-23T19:09:00Z,2026-09-23T19:10:00Z,195.265,195.275,195.13,195.15
2026-09-23T19:10:00Z,2026-09-23T19:11:00Z,195.15,195.195,195.14,195.155
2026-09-23T19:11:00Z,2026-09-23T19:12:00Z,195.155,195.17,195.105,195.11
2026-09-23T19:12:00Z,2026-09-23T19:13:00Z,195.12,195.13,195.025,195.03
2026-09-23T19:13:00Z,2026-09-23T19:14:00Z,195.035,195.065,194.985,195.065
2026-09-23T19:14:00Z,2026-09-23T19:15:00Z,195.065,195.09,195.055,195.07
2026-09-23T19:15:00Z,2026-09-23T19:16:00Z,195.07,195.1,194.96,194.96
2026-09-23T19:16:00Z,2026-09-23T19:17:00Z,194.965,194.975,194.92,194.95
2026-09-23T19:17:00Z,2026-09-23T19:18:00Z,194.94,195.01,194.92,195.01
2026-09-23T19:18:00Z,2026-09-23T19:19:00Z,195.015,195.06,195,195.05
2026-09-23T19:19:00Z,2026-09-23T19:20:00Z,195.05,195.08,195,195.03
2026-09-23T19:20:00Z,2026-09-23T19:21:00Z,195.025,195.03,194.975,194.995
2026-09-23T19:21:00Z,2026-09-23T19:22:00Z,194.995,195.05,194.98,195.035
2026-09-23T19:22:00Z,2026-09-23T19:23:00Z,195.04,195.045,194.99,194.99
2026-09-23T19:23:00Z,2026-09-23T19:24:00Z,195,195.04,195,195.02
2026-09-23T19:24:00Z,2026-09-23T19:25:00Z,195.02,195.065,194.995,195.06
2026-09-23T19:25:00Z,2026-09-23T19:26:00Z,195.055,195.115,195.035,195.035
2026-09-23T19:26:00Z,2026-09-23T19:27:00Z,195.045,195.07,195.01,195.02
2026-09-23T19:27:00Z,2026-09-23T19:28:00Z,195.02,195.095,195.01,195.065
2026-09-23T19:28:00Z,2026-09-23T19:29:00Z,195.07,195.095,195.04,195.055
2026-09-23T19:29:00Z,2026-09-23T19:30:00Z,195.05,195.075,195.02,195.055
2026-09-23T19:30:00Z,2026-09-23T19:31:00Z,195.06,195.12,195.025,195.08
2026-09-23T19:31:00Z,2026-09-23T19:32:00Z,195.075,195.08,195.045,195.065
2026-09-23T19:32:00Z,2026-09-23T19:33:00Z,195.07,195.125,195.055,195.115
2026-09-23T19:33:00Z,2026-09-23T19:34:00Z,195.12,195.17,195.095,195.16
2026-09-23T19:34:00Z,2026-09-23T19:35:00Z,195.16,195.22,195.155,195.2
2026-09-23T19:35:00Z,2026-09-23T19:36:00Z,195.195,195.22,195.14,195.22
2026-09-23T19:36:00Z,2026-09-23T19:37:00Z,195.215,195.25,195.205,195.23
2026-09-23T19:37:00Z,2026-09-23T19:38:00Z,195.225,195.265,195.16,195.265
2026-09-23T19:38:00Z,2026-09-23T19:39:00Z,195.26,195.26,195.195,195.2
2026-09-23T19:39:00Z,2026-09-23T19:40:00Z,195.205,195.28,195.2,195.265
2026-09-23T19:40:00Z,2026-09-23T19:41:00Z,195.27,195.335,195.26,195.275
2026-09-23T19:41:00Z,2026-09-23T19:42:00Z,195.275,195.28,195.195,195.2
2026-09-23T19:42:00Z,2026-09-23T19:43:00Z,195.195,195.195,195.065,195.065
2026-09-23T19:43:00Z,2026-09-23T19:44:00Z,195.07,195.08,195.015,195.075
2026-09-23T19:44:00Z,2026-09-23T19:45:00Z,195.08,195.115,195.025,195.1
2026-09-23T19:45:00Z,2026-09-23T19:46:00Z,195.105,195.145,195.08,195.145
2026-09-23T19:46:00Z,2026-09-23T19:47:00Z,195.16,195.165,195.095,195.16
2026-09-23T19:47:00Z,2026-09-23T19:48:00Z,195.16,195.265,195.155,195.265
2026-09-23T19:48:00Z,2026-09-23T19:49:00Z,195.275,195.275,195.225,195.26
2026-09-23T19:49:00Z,2026-09-23T19:50:00Z,195.275,195.28,195.225,195.265
2026-09-23T19:50:00Z,2026-09-23T19:51:00Z,195.27,195.27,194.965,195.025
2026-09-23T19:51:00Z,2026-09-23T19:52:00Z,195.03,195.065,194.895,194.9
2026-09-23T19:52:00Z,2026-09-23T19:53:00Z,194.91,194.915,194.81,194.85
2026-09-23T19:53:00Z,2026-09-23T19:54:00Z,194.855,194.985,194.845,194.985
2026-09-23T19:54:00Z,2026-09-23T19:55:00Z,194.98,195.02,194.855,194.86
2026-09-23T19:55:00Z,2026-09-23T19:56:00Z,194.92,195.165,194.92,195.07
2026-09-23T19:56:00Z,2026-09-23T19:57:00Z,195.085,195.085,194.99,195.065
2026-09-23T19:57:00Z,2026-09-23T19:58:00Z,195.06,195.23,195.045,195.185
2026-09-23T19:58:00Z,2026-09-23T19:59:00Z,195.18,195.235,195.165,195.215
2026-09-23T19:59:00Z,2026-09-23T20:00:00Z,195.2,195.385,195.12,195.32
2026-09-24T13:30:00Z,2026-09-24T13:31:00Z,193.095,193.095,192.695,192.82
2026-09-24T13:31:00Z,2026-09-24T13:32:00Z,192.83,192.87,192.63,192.865
2026-09-24T13:32:00Z,2026-09-24T13:33:00Z,192.87,193.02,192.64,192.65
2026-09-24T13:33:00Z,2026-09-24T13:34:00Z,192.675,192.925,192.61,192.76
2026-09-24T13:34:00Z,2026-09-24T13:35:00Z,192.755,193.02,192.73,192.95
2026-09-24T13:35:00Z,2026-09-24T13:36:00Z,192.95,193.185,192.875,193.145
2026-09-24T13:36:00Z,2026-09-24T13:37:00Z,193.14,193.285,193.105,193.125
2026-09-24T13:37:00Z,2026-09-24T13:38:00Z,193.135,193.225,192.95,193.215
2026-09-24T13:38:00Z,2026-09-24T13:39:00Z,193.195,193.5,193.18,193.435
2026-09-24T13:39:00Z,2026-09-24T13:40:00Z,193.435,193.445,193.335,193.385
2026-09-24T13:40:00Z,2026-09-24T13:41:00Z,193.375,193.375,193.22,193.345
2026-09-24T13:41:00Z,2026-09-24T13:42:00Z,193.355,193.365,193.04,193.055
2026-09-24T13:42:00Z,2026-09-24T13:43:00Z,193.06,193.295,193.05,193.15
2026-09-24T13:43:00Z,2026-09-24T13:44:00Z,193.155,193.25,193.125,193.235
2026-09-24T13:44:00Z,2026-09-24T13:45:00Z,193.23,193.395,193.225,193.38
2026-09-24T13:45:00Z,2026-09-24T13:46:00Z,193.4,193.54,193.305,193.48
2026-09-24T13:46:00Z,2026-09-24T13:47:00Z,193.47,193.535,193.375,193.52
2026-09-24T13:47:00Z,2026-09-24T13:48:00Z,193.51,193.685,193.485,193.655
2026-09-24T13:48:00Z,2026-09-24T13:49:00Z,193.66,193.67,193.405,193.44
2026-09-24T13:49:00Z,2026-09-24T13:50:00Z,193.455,193.475,193.255,193.325
2026-09-24T13:50:00Z,2026-09-24T13:51:00Z,193.34,193.42,193.25,193.365
2026-09-24T13:51:00Z,2026-09-24T13:52:00Z,193.37,193.485,193.275,193.28
2026-09-24T13:52:00Z,2026-09-24T13:53:00Z,193.285,193.44,193.26,193.31
2026-09-24T13:53:00Z,2026-09-24T13:54:00Z,193.305,193.35,193.18,193.185
2026-09-24T13:54:00Z,2026-09-24T13:55:00Z,193.18,193.21,192.915,192.98
2026-09-24T13:55:00Z,2026-09-24T13:56:00Z,192.985,193.15,192.965,193.05
2026-09-24T13:56:00Z,2026-09-24T13:57:00Z,193.055,193.145,192.92,193.07
2026-09-24T13:57:00Z,2026-09-24T13:58:00Z,193.065,193.15,193.03,193.09
2026-09-24T13:58:00Z,2026-09-24T13:59:00Z,193.095,193.185,193.05,193.155
2026-09-24T13:59:00Z,2026-09-24T14:00:00Z,193.145,193.32,193.13,193.305
2026-09-24T14:00:00Z,2026-09-24T14:01:00Z,193.31,193.57,193.235,193.47
2026-09-24T14:01:00Z,2026-09-24T14:02:00Z,193.465,193.59,193.31,193.32
2026-09-24T14:02:00Z,2026-09-24T14:03:00Z,193.31,193.415,193.305,193.36
2026-09-24T14:03:00Z,2026-09-24T14:04:00Z,193.37,193.46,193.335,193.46
2026-09-24T14:04:00Z,2026-09-24T14:05:00Z,193.455,193.59,193.455,193.575
2026-09-24T14:05:00Z,2026-09-24T14:06:00Z,193.58,193.59,193.505,193.56
2026-09-24T14:06:00Z,2026-09-24T14:07:00Z,193.55,193.555,193.405,193.45
2026-09-24T14:07:00Z,2026-09-24T14:08:00Z,193.455,193.58,193.41,193.56
2026-09-24T14:08:00Z,2026-09-24T14:09:00Z,193.565,193.58,193.34,193.37
2026-09-24T14:09:00Z,2026-09-24T14:10:00Z,193.365,193.43,193.325,193.325
2026-09-24T14:10:00Z,2026-09-24T14:11:00Z,193.335,193.345,193.195,193.33
2026-09-24T14:11:00Z,2026-09-24T14:12:00Z,193.325,193.325,193.13,193.14
2026-09-24T14:12:00Z,2026-09-24T14:13:00Z,193.135,193.18,193.07,193.1
2026-09-24T14:13:00Z,2026-09-24T14:14:00Z,193.105,193.255,193.085,193.24
2026-09-24T14:14:00Z,2026-09-24T14:15:00Z,193.24,193.28,193.19,193.26
2026-09-24T14:15:00Z,2026-09-24T14:16:00Z,193.27,193.41,193.19,193.2
2026-09-24T14:16:00Z,2026-09-24T14:17:00Z,193.195,193.245,193.14,193.24
2026-09-24T14:17:00Z,2026-09-24T14:18:00Z,193.24,193.295,193.095,193.2
2026-09-24T14:18:00Z,2026-09-24T14:19:00Z,193.21,193.36,193.18,193.3
2026-09-24T14:19:00Z,2026-09-24T14:20:00Z,193.305,193.36,193.25,193.285
2026-09-24T14:20:00Z,2026-09-24T14:21:00Z,193.28,193.335,193.225,193.305
2026-09-24T14:21:00Z,2026-09-24T14:22:00Z,193.3,193.33,193.235,193.25
2026-09-24T14:22:00Z,2026-09-24T14:23:00Z,193.26,193.32,193.215,193.32
2026-09-24T14:23:00Z,2026-09-24T14:24:00Z,193.325,193.465,193.32,193.42
2026-09-24T14:24:00Z,2026-09-24T14:25:00Z,193.43,193.485,193.28,193.305
2026-09-24T14:25:00Z,2026-09-24T14:26:00Z,193.3,193.395,193.27,193.38
2026-09-24T14:26:00Z,2026-09-24T14:27:00Z,193.385,193.465,193.385,193.395
2026-09-24T14:27:00Z,2026-09-24T14:28:00Z,193.4,193.595,193.365,193.59
2026-09-24T14:28:00Z,2026-09-24T14:29:00Z,193.58,193.61,193.5,193.585
2026-09-24T14:29:00Z,2026-09-24T14:30:00Z,193.58,193.625,193.535,193.625
2026-09-24T14:30:00Z,2026-09-24T14:31:00Z,193.63,193.645,193.435,193.485
2026-09-24T14:31:00Z,2026-09-24T14:32:00Z,193.48,193.555,193.475,193.52
2026-09-24T14:32:00Z,2026-09-24T14:33:00Z,193.525,193.61,193.485,193.53
2026-09-24T14:33:00Z,2026-09-24T14:34:00Z,193.54,193.625,193.49,193.59
2026-09-24T14:34:00Z,2026-09-24T14:35:00Z,193.595,193.64,193.54,193.61
2026-09-24T14:35:00Z,2026-09-24T14:36:00Z,193.6,193.69,193.55,193.66
2026-09-24T14:36:00Z,2026-09-24T14:37:00Z,193.655,193.67,193.47,193.51
2026-09-24T14:37:00Z,2026-09-24T14:38:00Z,193.515,193.55,193.485,193.5
2026-09-24T14:38:00Z,2026-09-24T14:39:00Z,193.51,193.525,193.41,193.415
2026-09-24T14:39:00Z,2026-09-24T14:40:00Z,193.42,193.51,193.36,193.455
2026-09-24T14:40:00Z,2026-09-24T14:41:00Z,193.45,193.49,193.43,193.455
2026-09-24T14:41:00Z,2026-09-24T14:42:00Z,193.465,193.475,193.4,193.445
2026-09-24T14:42:00Z,2026-09-24T14:43:00Z,193.44,193.585,193.435,193.49
2026-09-24T14:43:00Z,2026-09-24T14:44:00Z,193.5,193.5,193.39,193.395
2026-09-24T14:44:00Z,2026-09-24T14:45:00Z,193.395,193.405,193.275,193.34
2026-09-24T14:45:00Z,2026-09-24T14:46:00Z,193.34,193.39,193.33,193.345
2026-09-24T14:46:00Z,2026-09-24T14:47:00Z,193.34,193.45,193.29,193.445
2026-09-24T14:47:00Z,2026-09-24T14:48:00Z,193.45,193.58,193.43,193.555
2026-09-24T14:48:00Z,2026-09-24T14:49:00Z,193.56,193.57,193.44,193.44
2026-09-24T14:49:00Z,2026-09-24T14:50:00Z,193.445,193.49,193.4,193.43
2026-09-24T14:50:00Z,2026-09-24T14:51:00Z,193.435,193.54,193.37,193.37
2026-09-24T14:51:00Z,2026-09-24T14:52:00Z,193.365,193.385,193.285,193.3
2026-09-24T14:52:00Z,2026-09-24T14:53:00Z,193.295,193.33,193.18,193.205
2026-09-24T14:53:00Z,2026-09-24T14:54:00Z,193.2,193.2,193.09,193.19
2026-09-24T14:54:00Z,2026-09-24T14:55:00Z,193.195,193.24,193.165,193.195
2026-09-24T14:55:00Z,2026-09-24T14:56:00Z,193.2,193.2,193.045,193.065
2026-09-24T14:56:00Z,2026-09-24T14:57:00Z,193.07,193.11,193.05,193.09
2026-09-24T14:57:00Z,2026-09-24T14:58:00Z,193.095,193.105,193.01,193.06
2026-09-24T14:58:00Z,2026-09-24T14:59:00Z,193.055,193.075,192.98,193.02
2026-09-24T14:59:00Z,2026-09-24T15:00:00Z,193.02,193.04,192.945,193.04
2026-09-24T15:00:00Z,2026-09-24T15:01:00Z,193.035,193.135,193.035,193.075
2026-09-24T15:01:00Z,2026-09-24T15:02:00Z,193.08,193.125,193.055,193.08
2026-09-24T15:02:00Z,2026-09-24T15:03:00Z,193.085,193.26,193.06,193.175
2026-09-24T15:03:00Z,2026-09-24T15:04:00Z,193.17,193.245,193.11,193.22
2026-09-24T15:04:00Z,2026-09-24T15:05:00Z,193.225,193.3,193.17,193.2
2026-09-24T15:05:00Z,2026-09-24T15:06:00Z,193.195,193.225,193.12,193.135
2026-09-24T15:06:00Z,2026-09-24T15:07:00Z,193.13,193.17,193.015,193.04
2026-09-24T15:07:00Z,2026-09-24T15:08:00Z,193.03,193.035,192.95,192.97
2026-09-24T15:08:00Z,2026-09-24T15:09:00Z,192.975,193.095,192.97,193.06
2026-09-24T15:09:00Z,2026-09-24T15:10:00Z,193.065,193.065,192.93,192.95
2026-09-24T15:10:00Z,2026-09-24T15:11:00Z,192.94,193.02,192.935,193.01
2026-09-24T15:11:00Z,2026-09-24T15:12:00Z,193.005,193.01,192.965,192.985
2026-09-24T15:12:00Z,2026-09-24T15:13:00Z,192.98,193.06,192.925,192.94
2026-09-24T15:13:00Z,2026-09-24T15:14:00Z,192.94,192.95,192.83,192.9
2026-09-24T15:14:00Z,2026-09-24T15:15:00Z,192.905,192.95,192.82,192.86
2026-09-24T15:15:00Z,2026-09-24T15:16:00Z,192.85,192.96,192.82,192.93
2026-09-24T15:16:00Z,2026-09-24T15:17:00Z,192.935,193.11,192.915,193.025
2026-09-24T15:17:00Z,2026-09-24T15:18:00Z,193.035,193.12,192.99,193.075
2026-09-24T15:18:00Z,2026-09-24T15:19:00Z,193.075,193.08,192.92,192.96
2026-09-24T15:19:00Z,2026-09-24T15:20:00Z,192.97,192.97,192.88,192.935
2026-09-24T15:20:00Z,2026-09-24T15:21:00Z,192.94,192.95,192.87,192.92
2026-09-24T15:21:00Z,2026-09-24T15:22:00Z,192.915,193.025,192.895,193.02
2026-09-24T15:22:00Z,2026-09-24T15:23:00Z,193.015,193.065,192.965,193.045
2026-09-24T15:23:00Z,2026-09-24T15:24:00Z,193.055,193.13,193.005,193.12
2026-09-24T15:24:00Z,2026-09-24T15:25:00Z,193.125,193.235,193.115,193.22
2026-09-24T15:25:00Z,2026-09-24T15:26:00Z,193.215,193.22,193.05,193.08
2026-09-24T15:26:00Z,2026-09-24T15:27:00Z,193.08,193.1,193.03,193.045
2026-09-24T15:27:00Z,2026-09-24T15:28:00Z,193.05,193.055,193.005,193.05
2026-09-24T15:28:00Z,2026-09-24T15:29:00Z,193.04,193.05,192.96,192.97
2026-09-24T15:29:00Z,2026-09-24T15:30:00Z,192.97,193.02,192.955,193
2026-09-24T15:30:00Z,2026-09-24T15:31:00Z,193.005,193.05,192.945,192.955
2026-09-24T15:31:00Z,2026-09-24T15:32:00Z,192.95,193.03,192.94,192.995
2026-09-24T15:32:00Z,2026-09-24T15:33:00Z,193,193.055,192.935,193.05
2026-09-24T15:33:00Z,2026-09-24T15:34:00Z,193.055,193.075,193.01,193.05
2026-09-24T15:34:00Z,2026-09-24T15:35:00Z,193.045,193.11,193.03,193.08
2026-09-24T15:35:00Z,2026-09-24T15:36:00Z,193.075,193.165,193.03,193.1
2026-09-24T15:36:00Z,2026-09-24T15:37:00Z,193.11,193.165,193.09,193.14
2026-09-24T15:37:00Z,2026-09-24T15:38:00Z,193.135,193.175,193.135,193.16
2026-09-24T15:38:00Z,2026-09-24T15:39:00Z,193.155,193.17,193.09,193.095
2026-09-24T15:39:00Z,2026-09-24T15:40:00Z,193.08,193.1,192.98,193.03
2026-09-24T15:40:00Z,2026-09-24T15:41:00Z,193.04,193.11,193.02,193.02
2026-09-24T15:41:00Z,2026-09-24T15:42:00Z,193.015,193.09,193.015,193.07
2026-09-24T15:42:00Z,2026-09-24T15:43:00Z,193.07,193.08,192.965,193
2026-09-24T15:43:00Z,2026-09-24T15:44:00Z,192.995,193.1,192.99,193.1
2026-09-24T15:44:00Z,2026-09-24T15:45:00Z,193.095,193.2,193.09,193.18
2026-09-24T15:45:00Z,2026-09-24T15:46:00Z,193.185,193.28,193.185,193.25
2026-09-24T15:46:00Z,2026-09-24T15:47:00Z,193.255,193.255,193.195,193.195
2026-09-24T15:47:00Z,2026-09-24T15:48:00Z,193.2,193.255,193.14,193.155
2026-09-24T15:48:00Z,2026-09-24T15:49:00Z,193.15,193.165,193.05,193.055
2026-09-24T15:49:00Z,2026-09-24T15:50:00Z,193.05,193.085,193.005,193.06
2026-09-24T15:50:00Z,2026-09-24T15:51:00Z,193.06,193.275,193.05,193.27
2026-09-24T15:51:00Z,2026-09-24T15:52:00Z,193.275,193.31,193.245,193.3
2026-09-24T15:52:00Z,2026-09-24T15:53:00Z,193.29,193.375,193.285,193.36
2026-09-24T15:53:00Z,2026-09-24T15:54:00Z,193.36,193.435,193.35,193.37
2026-09-24T15:54:00Z,2026-09-24T15:55:00Z,193.375,193.435,193.335,193.435
2026-09-24T15:55:00Z,2026-09-24T15:56:00Z,193.43,193.47,193.38,193.38
2026-09-24T15:56:00Z,2026-09-24T15:57:00Z,193.37,193.39,193.29,193.35
2026-09-24T15:57:00Z,2026-09-24T15:58:00Z,193.35,193.35,193.29,193.325
2026-09-24T15:58:00Z,2026-09-24T15:59:00Z,193.325,193.38,193.305,193.37
2026-09-24T15:59:00Z,2026-09-24T16:00:00Z,193.375,193.4,193.305,193.31
2026-09-24T16:00:00Z,2026-09-24T16:01:00Z,193.3,193.33,193.125,193.14
2026-09-24T16:01:00Z,2026-09-24T16:02:00Z,193.135,193.195,193.09,193.14
2026-09-24T16:02:00Z,2026-09-24T16:03:00Z,193.145,193.2,193.105,193.17
2026-09-24T16:03:00Z,2026-09-24T16:04:00Z,193.17,193.18,193.1,193.155
2026-09-24T16:04:00Z,2026-09-24T16:05:00Z,193.16,193.24,193.125,193.235
2026-09-24T16:05:00Z,2026-09-24T16:06:00Z,193.24,193.255,193.185,193.25
2026-09-24T16:06:00Z,2026-09-24T16:07:00Z,193.245,193.245,193.12,193.16
2026-09-24T16:07:00Z,2026-09-24T16:08:00Z,193.16,193.17,193.055,193.11
2026-09-24T16:08:00Z,2026-09-24T16:09:00Z,193.105,193.12,193.07,193.115
2026-09-24T16:09:00Z,2026-09-24T16:10:00Z,193.1,193.15,193.095,193.145
2026-09-24T16:10:00Z,2026-09-24T16:11:00Z,193.145,193.19,193.14,193.16
2026-09-24T16:11:00Z,2026-09-24T16:12:00Z,193.16,193.16,193.045,193.055
2026-09-24T16:12:00Z,2026-09-24T16:13:00Z,193.05,193.14,193.05,193.08
2026-09-24T16:13:00Z,2026-09-24T16:14:00Z,193.08,193.195,193.065,193.195
2026-09-24T16:14:00Z,2026-09-24T16:15:00Z,193.195,193.33,193.18,193.33
2026-09-24T16:15:00Z,2026-09-24T16:16:00Z,193.35,193.89,193.35,193.82
2026-09-24T16:16:00Z,2026-09-24T16:17:00Z,193.84,194.41,193.785,194.325
2026-09-24T16:17:00Z,2026-09-24T16:18:00Z,194.315,194.49,194.245,194.415
2026-09-24T16:18:00Z,2026-09-24T16:19:00Z,194.42,194.655,194.285,194.305
2026-09-24T16:19:00Z,2026-09-24T16:20:00Z,194.3,194.4,194.11,194.25
2026-09-24T16:20:00Z,2026-09-24T16:21:00Z,194.26,194.43,194.21,194.335
2026-09-24T16:21:00Z,2026-09-24T16:22:00Z,194.34,194.345,194.085,194.11
2026-09-24T16:22:00Z,2026-09-24T16:23:00Z,194.125,194.375,194.115,194.355
2026-09-24T16:23:00Z,2026-09-24T16:24:00Z,194.35,194.4,194.23,194.25
2026-09-24T16:24:00Z,2026-09-24T16:25:00Z,194.255,194.32,194.18,194.28
2026-09-24T16:25:00Z,2026-09-24T16:26:00Z,194.285,194.35,194.005,194.03
2026-09-24T16:26:00Z,2026-09-24T16:27:00Z,194.035,194.19,194.03,194.14
2026-09-24T16:27:00Z,2026-09-24T16:28:00Z,194.135,194.26,194.01,194.25
2026-09-24T16:28:00Z,2026-09-24T16:29:00Z,194.235,194.365,194.23,194.32
2026-09-24T16:29:00Z,2026-09-24T16:30:00Z,194.315,194.33,194.26,194.28
2026-09-24T16:30:00Z,2026-09-24T16:31:00Z,194.285,194.31,194.195,194.26
2026-09-24T16:31:00Z,2026-09-24T16:32:00Z,194.265,194.355,194.18,194.18
2026-09-24T16:32:00Z,2026-09-24T16:33:00Z,194.175,194.195,194.1,194.155
2026-09-24T16:33:00Z,2026-09-24T16:34:00Z,194.15,194.24,194.125,194.23
2026-09-24T16:34:00Z,2026-09-24T16:35:00Z,194.225,194.23,194.13,194.22
2026-09-24T16:35:00Z,2026-09-24T16:36:00Z,194.225,194.355,194.195,194.335
2026-09-24T16:36:00Z,2026-09-24T16:37:00Z,194.34,194.565,194.34,194.56
2026-09-24T16:37:00Z,2026-09-24T16:38:00Z,194.565,194.665,194.565,194.58
2026-09-24T16:38:00Z,2026-09-24T16:39:00Z,194.575,194.64,194.555,194.6
2026-09-24T16:39:00Z,2026-09-24T16:40:00Z,194.605,194.65,194.585,194.635
2026-09-24T16:40:00Z,2026-09-24T16:41:00Z,194.625,194.815,194.575,194.815
2026-09-24T16:41:00Z,2026-09-24T16:42:00Z,194.815,194.98,194.815,194.98
2026-09-24T16:42:00Z,2026-09-24T16:43:00Z,194.985,195.16,194.985,195.145
2026-09-24T16:43:00Z,2026-09-24T16:44:00Z,195.15,195.16,195,195.03
2026-09-24T16:44:00Z,2026-09-24T16:45:00Z,195.04,195.08,194.685,194.69
2026-09-24T16:45:00Z,2026-09-24T16:46:00Z,194.7,194.73,194.525,194.63
2026-09-24T16:46:00Z,2026-09-24T16:47:00Z,194.635,194.74,194.605,194.7
2026-09-24T16:47:00Z,2026-09-24T16:48:00Z,194.71,194.725,194.61,194.675
2026-09-24T16:48:00Z,2026-09-24T16:49:00Z,194.68,194.945,194.68,194.915
2026-09-24T16:49:00Z,2026-09-24T16:50:00Z,194.92,195.015,194.84,194.975
2026-09-24T16:50:00Z,2026-09-24T16:51:00Z,194.98,195.015,194.915,194.95
2026-09-24T16:51:00Z,2026-09-24T16:52:00Z,194.96,195.125,194.955,195.03
2026-09-24T16:52:00Z,2026-09-24T16:53:00Z,195.035,195.055,194.79,194.815
2026-09-24T16:53:00Z,2026-09-24T16:54:00Z,194.82,194.85,194.71,194.75
2026-09-24T16:54:00Z,2026-09-24T16:55:00Z,194.74,194.89,194.72,194.81
2026-09-24T16:55:00Z,2026-09-24T16:56:00Z,194.815,194.9,194.78,194.83
2026-09-24T16:56:00Z,2026-09-24T16:57:00Z,194.825,195.02,194.8,195.02
2026-09-24T16:57:00Z,2026-09-24T16:58:00Z,195.015,195.13,194.99,194.995
2026-09-24T16:58:00Z,2026-09-24T16:59:00Z,194.98,195.05,194.97,195.02
2026-09-24T16:59:00Z,2026-09-24T17:00:00Z,195.02,195.025,194.97,195.005
2026-09-24T17:00:00Z,2026-09-24T17:01:00Z,194.995,194.995,194.815,194.87
2026-09-24T17:01:00Z,2026-09-24T17:02:00Z,194.875,195.045,194.855,194.97
2026-09-24T17:02:00Z,2026-09-24T17:03:00Z,194.975,194.98,194.785,194.96
2026-09-24T17:03:00Z,2026-09-24T17:04:00Z,194.965,195.17,194.96,195.11
2026-09-24T17:04:00Z,2026-09-24T17:05:00Z,195.12,195.13,194.96,195.11
2026-09-24T17:05:00Z,2026-09-24T17:06:00Z,195.115,195.22,195.05,195.055
2026-09-24T17:06:00Z,2026-09-24T17:07:00Z,195.06,195.12,195.02,195.04
2026-09-24T17:07:00Z,2026-09-24T17:08:00Z,195.03,195.12,194.995,195
2026-09-24T17:08:00Z,2026-09-24T17:09:00Z,194.995,195.075,194.94,195.07
2026-09-24T17:09:00Z,2026-09-24T17:10:00Z,195.08,195.08,194.95,194.95
2026-09-24T17:10:00Z,2026-09-24T17:11:00Z,194.95,194.955,194.755,194.82
2026-09-24T17:11:00Z,2026-09-24T17:12:00Z,194.83,194.85,194.735,194.82
2026-09-24T17:12:00Z,2026-09-24T17:13:00Z,194.81,194.84,194.745,194.76
2026-09-24T17:13:00Z,2026-09-24T17:14:00Z,194.755,194.85,194.69,194.85
2026-09-24T17:14:00Z,2026-09-24T17:15:00Z,194.855,194.93,194.845,194.9
2026-09-24T17:15:00Z,2026-09-24T17:16:00Z,194.91,194.93,194.74,194.77
2026-09-24T17:16:00Z,2026-09-24T17:17:00Z,194.78,194.855,194.755,194.775
2026-09-24T17:17:00Z,2026-09-24T17:18:00Z,194.77,194.86,194.75,194.75
2026-09-24T17:18:00Z,2026-09-24T17:19:00Z,194.775,194.945,194.75,194.9
2026-09-24T17:19:00Z,2026-09-24T17:20:00Z,194.895,194.9,194.66,194.665
2026-09-24T17:20:00Z,2026-09-24T17:21:00Z,194.655,194.675,194.555,194.66
2026-09-24T17:21:00Z,2026-09-24T17:22:00Z,194.665,194.72,194.605,194.64
2026-09-24T17:22:00Z,2026-09-24T17:23:00Z,194.645,194.745,194.63,194.7
2026-09-24T17:23:00Z,2026-09-24T17:24:00Z,194.69,194.72,194.645,194.68
2026-09-24T17:24:00Z,2026-09-24T17:25:00Z,194.675,194.745,194.555,194.58
2026-09-24T17:25:00Z,2026-09-24T17:26:00Z,194.575,194.61,194.455,194.46
2026-09-24T17:26:00Z,2026-09-24T17:27:00Z,194.465,194.505,194.325,194.38
2026-09-24T17:27:00Z,2026-09-24T17:28:00Z,194.375,194.455,194.36,194.43
2026-09-24T17:28:00Z,2026-09-24T17:29:00Z,194.445,194.57,194.435,194.55
2026-09-24T17:29:00Z,2026-09-24T17:30:00Z,194.545,194.57,194.52,194.555
2026-09-24T17:30:00Z,2026-09-24T17:31:00Z,194.55,194.68,194.54,194.655
2026-09-24T17:31:00Z,2026-09-24T17:32:00Z,194.66,194.725,194.625,194.64
2026-09-24T17:32:00Z,2026-09-24T17:33:00Z,194.635,194.685,194.595,194.64
2026-09-24T17:33:00Z,2026-09-24T17:34:00Z,194.635,194.64,194.53,194.56
2026-09-24T17:34:00Z,2026-09-24T17:35:00Z,194.56,194.56,194.39,194.39
2026-09-24T17:35:00Z,2026-09-24T17:36:00Z,194.385,194.465,194.365,194.4
2026-09-24T17:36:00Z,2026-09-24T17:37:00Z,194.395,194.46,194.375,194.41
2026-09-24T17:37:00Z,2026-09-24T17:38:00Z,194.415,194.43,194.33,194.34
2026-09-24T17:38:00Z,2026-09-24T17:39:00Z,194.34,194.36,194.25,194.33
2026-09-24T17:39:00Z,2026-09-24T17:40:00Z,194.345,194.425,194.345,194.38
2026-09-24T17:40:00Z,2026-09-24T17:41:00Z,194.375,194.445,194.365,194.4
2026-09-24T17:41:00Z,2026-09-24T17:42:00Z,194.405,194.425,194.315,194.34
2026-09-24T17:42:00Z,2026-09-24T17:43:00Z,194.33,194.455,194.33,194.335
2026-09-24T17:43:00Z,2026-09-24T17:44:00Z,194.34,194.345,194.08,194.12
2026-09-24T17:44:00Z,2026-09-24T17:45:00Z,194.115,194.165,194.05,194.06
2026-09-24T17:45:00Z,2026-09-24T17:46:00Z,194.065,194.125,194.01,194.11
2026-09-24T17:46:00Z,2026-09-24T17:47:00Z,194.115,194.215,194.1,194.185
2026-09-24T17:47:00Z,2026-09-24T17:48:00Z,194.19,194.28,194.17,194.28
2026-09-24T17:48:00Z,2026-09-24T17:49:00Z,194.27,194.295,194.195,194.225
2026-09-24T17:49:00Z,2026-09-24T17:50:00Z,194.21,194.315,194.205,194.29
2026-09-24T17:50:00Z,2026-09-24T17:51:00Z,194.28,194.31,194.23,194.24
2026-09-24T17:51:00Z,2026-09-24T17:52:00Z,194.245,194.285,194.2,194.21
2026-09-24T17:52:00Z,2026-09-24T17:53:00Z,194.22,194.28,194.135,194.175
2026-09-24T17:53:00Z,2026-09-24T17:54:00Z,194.18,194.235,194.125,194.13
2026-09-24T17:54:00Z,2026-09-24T17:55:00Z,194.135,194.145,194.04,194.11
2026-09-24T17:55:00Z,2026-09-24T17:56:00Z,194.115,194.14,194.045,194.045
2026-09-24T17:56:00Z,2026-09-24T17:57:00Z,194.04,194.26,194.035,194.22
2026-09-24T17:57:00Z,2026-09-24T17:58:00Z,194.215,194.215,194.135,194.16
2026-09-24T17:58:00Z,2026-09-24T17:59:00Z,194.17,194.17,194.095,194.14
2026-09-24T17:59:00Z,2026-09-24T18:00:00Z,194.14,194.22,194.14,194.17
2026-09-24T18:00:00Z,2026-09-24T18:01:00Z,194.17,194.17,194.06,194.065
2026-09-24T18:01:00Z,2026-09-24T18:02:00Z,194.075,194.085,193.845,193.925
2026-09-24T18:02:00Z,2026-09-24T18:03:00Z,193.92,193.93,193.82,193.83
2026-09-24T18:03:00Z,2026-09-24T18:04:00Z,193.835,193.835,193.625,193.685
2026-09-24T18:04:00Z,2026-09-24T18:05:00Z,193.68,193.725,193.58,193.61
2026-09-24T18:05:00Z,2026-09-24T18:06:00Z,193.605,193.665,193.57,193.63
2026-09-24T18:06:00Z,2026-09-24T18:07:00Z,193.635,193.82,193.575,193.78
2026-09-24T18:07:00Z,2026-09-24T18:08:00Z,193.77,193.85,193.705,193.77
2026-09-24T18:08:00Z,2026-09-24T18:09:00Z,193.775,194.01,193.775,193.91
2026-09-24T18:09:00Z,2026-09-24T18:10:00Z,193.92,194.01,193.915,193.955
2026-09-24T18:10:00Z,2026-09-24T18:11:00Z,193.97,194.03,193.935,193.97
2026-09-24T18:11:00Z,2026-09-24T18:12:00Z,193.96,194.13,193.96,194.05
2026-09-24T18:12:00Z,2026-09-24T18:13:00Z,194.06,194.07,193.965,193.975
2026-09-24T18:13:00Z,2026-09-24T18:14:00Z,193.97,194.02,193.95,193.975
2026-09-24T18:14:00Z,2026-09-24T18:15:00Z,193.98,194.065,193.975,194.055
2026-09-24T18:15:00Z,2026-09-24T18:16:00Z,194.055,194.105,194.025,194.09
2026-09-24T18:16:00Z,2026-09-24T18:17:00Z,194.08,194.22,194.08,194.15
2026-09-24T18:17:00Z,2026-09-24T18:18:00Z,194.165,194.265,194.15,194.245
2026-09-24T18:18:00Z,2026-09-24T18:19:00Z,194.25,194.305,194.165,194.19
2026-09-24T18:19:00Z,2026-09-24T18:20:00Z,194.17,194.225,194.155,194.215
2026-09-24T18:20:00Z,2026-09-24T18:21:00Z,194.21,194.25,194.095,194.115
2026-09-24T18:21:00Z,2026-09-24T18:22:00Z,194.115,194.21,194.115,194.19
2026-09-24T18:22:00Z,2026-09-24T18:23:00Z,194.19,194.25,194.19,194.22
2026-09-24T18:23:00Z,2026-09-24T18:24:00Z,194.22,194.335,194.205,194.315
2026-09-24T18:24:00Z,2026-09-24T18:25:00Z,194.31,194.33,194.28,194.305
2026-09-24T18:25:00Z,2026-09-24T18:26:00Z,194.3,194.5,194.295,194.37
2026-09-24T18:26:00Z,2026-09-24T18:27:00Z,194.38,194.535,194.38,194.49
2026-09-24T18:27:00Z,2026-09-24T18:28:00Z,194.485,194.5,194.42,194.455
2026-09-24T18:28:00Z,2026-09-24T18:29:00Z,194.45,194.51,194.415,194.46
2026-09-24T18:29:00Z,2026-09-24T18:30:00Z,194.45,194.49,194.42,194.46
2026-09-24T18:30:00Z,2026-09-24T18:31:00Z,194.455,194.52,194.435,194.46
2026-09-24T18:31:00Z,2026-09-24T18:32:00Z,194.47,194.47,194.34,194.43
2026-09-24T18:32:00Z,2026-09-24T18:33:00Z,194.425,194.43,194.315,194.36
2026-09-24T18:33:00Z,2026-09-24T18:34:00Z,194.365,194.425,194.365,194.385
2026-09-24T18:34:00Z,2026-09-24T18:35:00Z,194.39,194.43,194.325,194.335
2026-09-24T18:35:00Z,2026-09-24T18:36:00Z,194.33,194.36,194.23,194.275
2026-09-24T18:36:00Z,2026-09-24T18:37:00Z,194.27,194.37,194.255,194.33
2026-09-24T18:37:00Z,2026-09-24T18:38:00Z,194.32,194.38,194.305,194.33
2026-09-24T18:38:00Z,2026-09-24T18:39:00Z,194.335,194.605,194.31,194.58
2026-09-24T18:39:00Z,2026-09-24T18:40:00Z,194.59,194.76,194.5,194.54
2026-09-24T18:40:00Z,2026-09-24T18:41:00Z,194.535,194.535,194.39,194.44
2026-09-24T18:41:00Z,2026-09-24T18:42:00Z,194.445,194.47,194.39,194.45
2026-09-24T18:42:00Z,2026-09-24T18:43:00Z,194.455,194.5,194.37,194.425
2026-09-24T18:43:00Z,2026-09-24T18:44:00Z,194.43,194.45,194.35,194.45
2026-09-24T18:44:00Z,2026-09-24T18:45:00Z,194.44,194.515,194.43,194.495
2026-09-24T18:45:00Z,2026-09-24T18:46:00Z,194.49,194.62,194.49,194.575
2026-09-24T18:46:00Z,2026-09-24T18:47:00Z,194.58,194.625,194.555,194.615
2026-09-24T18:47:00Z,2026-09-24T18:48:00Z,194.61,194.635,194.59,194.615
2026-09-24T18:48:00Z,2026-09-24T18:49:00Z,194.61,194.675,194.6,194.66
2026-09-24T18:49:00Z,2026-09-24T18:50:00Z,194.655,194.66,194.6,194.64
2026-09-24T18:50:00Z,2026-09-24T18:51:00Z,194.645,194.81,194.62,194.765
2026-09-24T18:51:00Z,2026-09-24T18:52:00Z,194.77,194.77,194.675,194.745
2026-09-24T18:52:00Z,2026-09-24T18:53:00Z,194.75,194.88,194.75,194.845
2026-09-24T18:53:00Z,2026-09-24T18:54:00Z,194.85,194.85,194.79,194.82
2026-09-24T18:54:00Z,2026-09-24T18:55:00Z,194.805,194.83,194.785,194.81
2026-09-24T18:55:00Z,2026-09-24T18:56:00Z,194.815,194.905,194.805,194.89
2026-09-24T18:56:00Z,2026-09-24T18:57:00Z,194.895,194.945,194.875,194.94
2026-09-24T18:57:00Z,2026-09-24T18:58:00Z,194.935,194.995,194.925,194.965
2026-09-24T18:58:00Z,2026-09-24T18:59:00Z,194.97,195.02,194.925,194.995
2026-09-24T18:59:00Z,2026-09-24T19:00:00Z,195,195.025,194.915,194.935
2026-09-24T19:00:00Z,2026-09-24T19:01:00Z,194.94,194.96,194.84,194.89
2026-09-24T19:01:00Z,2026-09-24T19:02:00Z,194.89,194.895,194.7,194.76
2026-09-24T19:02:00Z,2026-09-24T19:03:00Z,194.77,194.795,194.64,194.65
2026-09-24T19:03:00Z,2026-09-24T19:04:00Z,194.655,194.675,194.565,194.565
2026-09-24T19:04:00Z,2026-09-24T19:05:00Z,194.57,194.63,194.565,194.63
2026-09-24T19:05:00Z,2026-09-24T19:06:00Z,194.625,194.695,194.615,194.69
2026-09-24T19:06:00Z,2026-09-24T19:07:00Z,194.685,194.705,194.645,194.66
2026-09-24T19:07:00Z,2026-09-24T19:08:00Z,194.65,194.7,194.61,194.665
2026-09-24T19:08:00Z,2026-09-24T19:09:00Z,194.67,194.71,194.645,194.65
2026-09-24T19:09:00Z,2026-09-24T19:10:00Z,194.645,194.665,194.595,194.635
2026-09-24T19:10:00Z,2026-09-24T19:11:00Z,194.63,194.685,194.55,194.56
2026-09-24T19:11:00Z,2026-09-24T19:12:00Z,194.555,194.595,194.52,194.58
2026-09-24T19:12:00Z,2026-09-24T19:13:00Z,194.57,194.6,194.55,194.6
2026-09-24T19:13:00Z,2026-09-24T19:14:00Z,194.595,194.655,194.585,194.625
2026-09-24T19:14:00Z,2026-09-24T19:15:00Z,194.62,194.625,194.51,194.515
2026-09-24T19:15:00Z,2026-09-24T19:16:00Z,194.51,194.615,194.51,194.61
2026-09-24T19:16:00Z,2026-09-24T19:17:00Z,194.615,194.73,194.6,194.71
2026-09-24T19:17:00Z,2026-09-24T19:18:00Z,194.715,194.78,194.715,194.75
2026-09-24T19:18:00Z,2026-09-24T19:19:00Z,194.75,194.825,194.735,194.795
2026-09-24T19:19:00Z,2026-09-24T19:20:00Z,194.79,194.795,194.73,194.78
2026-09-24T19:20:00Z,2026-09-24T19:21:00Z,194.775,194.8,194.74,194.745
2026-09-24T19:21:00Z,2026-09-24T19:22:00Z,194.745,194.78,194.715,194.78
2026-09-24T19:22:00Z,2026-09-24T19:23:00Z,194.775,194.785,194.745,194.77
2026-09-24T19:23:00Z,2026-09-24T19:24:00Z,194.765,194.77,194.705,194.74
2026-09-24T19:24:00Z,2026-09-24T19:25:00Z,194.735,194.815,194.73,194.8
2026-09-24T19:25:00Z,2026-09-24T19:26:00Z,194.805,194.845,194.79,194.795
2026-09-24T19:26:00Z,2026-09-24T19:27:00Z,194.8,194.84,194.77,194.815
2026-09-24T19:27:00Z,2026-09-24T19:28:00Z,194.81,194.81,194.745,194.745
2026-09-24T19:28:00Z,2026-09-24T19:29:00Z,194.745,194.76,194.705,194.705
2026-09-24T19:29:00Z,2026-09-24T19:30:00Z,194.71,194.715,194.6,194.63
2026-09-24T19:30:00Z,2026-09-24T19:31:00Z,194.625,194.7,194.605,194.68
2026-09-24T19:31:00Z,2026-09-24T19:32:00Z,194.685,194.755,194.665,194.755
2026-09-24T19:32:00Z,2026-09-24T19:33:00Z,194.75,194.75,194.655,194.66
2026-09-24T19:33:00Z,2026-09-24T19:34:00Z,194.66,194.725,194.66,194.72
2026-09-24T19:34:00Z,2026-09-24T19:35:00Z,194.715,194.79,194.7,194.785
2026-09-24T19:35:00Z,2026-09-24T19:36:00Z,194.78,194.78,194.665,194.705
2026-09-24T19:36:00Z,2026-09-24T19:37:00Z,194.71,194.765,194.71,194.745
2026-09-24T19:37:00Z,2026-09-24T19:38:00Z,194.74,194.745,194.63,194.66
2026-09-24T19:38:00Z,2026-09-24T19:39:00Z,194.665,194.705,194.64,194.69
2026-09-24T19:39:00Z,2026-09-24T19:40:00Z,194.695,194.745,194.685,194.745
2026-09-24T19:40:00Z,2026-09-24T19:41:00Z,194.745,194.8,194.675,194.675
2026-09-24T19:41:00Z,2026-09-24T19:42:00Z,194.675,194.705,194.645,194.685
2026-09-24T19:42:00Z,2026-09-24T19:43:00Z,194.69,194.69,194.605,194.62
2026-09-24T19:43:00Z,2026-09-24T19:44:00Z,194.615,194.655,194.585,194.635
2026-09-24T19:44:00Z,2026-09-24T19:45:00Z,194.64,194.655,194.575,194.61
2026-09-24T19:45:00Z,2026-09-24T19:46:00Z,194.6,194.68,194.585,194.66
2026-09-24T19:46:00Z,2026-09-24T19:47:00Z,194.665,194.7,194.625,194.665
2026-09-24T19:47:00Z,2026-09-24T19:48:00Z,194.66,194.675,194.625,194.645
2026-09-24T19:48:00Z,2026-09-24T19:49:00Z,194.65,194.655,194.575,194.59
2026-09-24T19:49:00Z,2026-09-24T19:50:00Z,194.595,194.625,194.575,194.6
2026-09-24T19:50:00Z,2026-09-24T19:51:00Z,194.595,194.81,194.595,194.73
2026-09-24T19:51:00Z,2026-09-24T19:52:00Z,194.71,194.865,194.695,194.845
2026-09-24T19:52:00Z,2026-09-24T19:53:00Z,194.84,194.89,194.83,194.875
2026-09-24T19:53:00Z,2026-09-24T19:54:00Z,194.875,194.945,194.875,194.935
2026-09-24T19:54:00Z,2026-09-24T19:55:00Z,194.93,194.935,194.86,194.875
2026-09-24T19:55:00Z,2026-09-24T19:56:00Z,194.885,194.91,194.74,194.825
2026-09-24T19:56:00Z,2026-09-24T19:57:00Z,194.83,194.865,194.745,194.765
2026-09-24T19:57:00Z,2026-09-24T19:58:00Z,194.775,194.795,194.74,194.77
2026-09-24T19:58:00Z,2026-09-24T19:59:00Z,194.775,194.805,194.765,194.775
2026-09-24T19:59:00Z,2026-09-24T20:00:00Z,194.765,194.82,194.705,194.72
2026-09-25T13:30:00Z,2026-09-25T13:31:00Z,195.595,195.61,195.105,195.41
2026-09-25T13:31:00Z,2026-09-25T13:32:00Z,195.415,195.625,195.32,195.58
2026-09-25T13:32:00Z,2026-09-25T13:33:00Z,195.59,195.89,195.535,195.86
2026-09-25T13:33:00Z,2026-09-25T13:34:00Z,195.855,195.965,195.76,195.965
2026-09-25T13:34:00Z,2026-09-25T13:35:00Z,195.97,196.275,195.925,196.245
2026-09-25T13:35:00Z,2026-09-25T13:36:00Z,196.24,196.46,196.24,196.425
2026-09-25T13:36:00Z,2026-09-25T13:37:00Z,196.415,196.49,196.315,196.385
2026-09-25T13:37:00Z,2026-09-25T13:38:00Z,196.395,196.445,196.295,196.32
2026-09-25T13:38:00Z,2026-09-25T13:39:00Z,196.315,196.405,196.26,196.33
2026-09-25T13:39:00Z,2026-09-25T13:40:00Z,196.335,196.37,196.115,196.34
2026-09-25T13:40:00Z,2026-09-25T13:41:00Z,196.345,196.51,196.305,196.51
2026-09-25T13:41:00Z,2026-09-25T13:42:00Z,196.505,196.64,196.49,196.64
2026-09-25T13:42:00Z,2026-09-25T13:43:00Z,196.635,196.74,196.49,196.73
2026-09-25T13:43:00Z,2026-09-25T13:44:00Z,196.725,196.725,196.53,196.585
2026-09-25T13:44:00Z,2026-09-25T13:45:00Z,196.59,196.67,196.54,196.64
2026-09-25T13:45:00Z,2026-09-25T13:46:00Z,196.645,196.775,196.47,196.48
2026-09-25T13:46:00Z,2026-09-25T13:47:00Z,196.485,196.65,196.38,196.595
2026-09-25T13:47:00Z,2026-09-25T13:48:00Z,196.6,196.735,196.55,196.68
2026-09-25T13:48:00Z,2026-09-25T13:49:00Z,196.69,196.715,196.325,196.425
2026-09-25T13:49:00Z,2026-09-25T13:50:00Z,196.43,196.595,196.43,196.555
2026-09-25T13:50:00Z,2026-09-25T13:51:00Z,196.55,196.59,196.44,196.55
2026-09-25T13:51:00Z,2026-09-25T13:52:00Z,196.555,196.64,196.46,196.475
2026-09-25T13:52:00Z,2026-09-25T13:53:00Z,196.48,196.66,196.44,196.635
2026-09-25T13:53:00Z,2026-09-25T13:54:00Z,196.64,196.725,196.575,196.685
2026-09-25T13:54:00Z,2026-09-25T13:55:00Z,196.695,196.865,196.68,196.84
2026-09-25T13:55:00Z,2026-09-25T13:56:00Z,196.845,196.93,196.8,196.85
2026-09-25T13:56:00Z,2026-09-25T13:57:00Z,196.845,196.85,196.745,196.81
2026-09-25T13:57:00Z,2026-09-25T13:58:00Z,196.815,196.815,196.625,196.665
2026-09-25T13:58:00Z,2026-09-25T13:59:00Z,196.67,196.78,196.64,196.72
2026-09-25T13:59:00Z,2026-09-25T14:00:00Z,196.71,196.77,196.6,196.755
2026-09-25T14:00:00Z,2026-09-25T14:01:00Z,196.76,196.805,196.525,196.545
2026-09-25T14:01:00Z,2026-09-25T14:02:00Z,196.56,196.57,196.38,196.395
2026-09-25T14:02:00Z,2026-09-25T14:03:00Z,196.38,196.47,196.21,196.4
2026-09-25T14:03:00Z,2026-09-25T14:04:00Z,196.395,196.395,196.145,196.29
2026-09-25T14:04:00Z,2026-09-25T14:05:00Z,196.28,196.285,195.93,195.985
2026-09-25T14:05:00Z,2026-09-25T14:06:00Z,195.98,195.985,195.565,195.565
2026-09-25T14:06:00Z,2026-09-25T14:07:00Z,195.555,195.74,195.54,195.715
2026-09-25T14:07:00Z,2026-09-25T14:08:00Z,195.71,195.9,195.685,195.775
2026-09-25T14:08:00Z,2026-09-25T14:09:00Z,195.77,195.91,195.7,195.91
2026-09-25T14:09:00Z,2026-09-25T14:10:00Z,195.915,196.02,195.84,195.98
2026-09-25T14:10:00Z,2026-09-25T14:11:00Z,195.985,196.12,195.96,195.96
2026-09-25T14:11:00Z,2026-09-25T14:12:00Z,195.955,196.14,195.865,196.085
2026-09-25T14:12:00Z,2026-09-25T14:13:00Z,196.09,196.095,195.905,195.915
2026-09-25T14:13:00Z,2026-09-25T14:14:00Z,195.91,195.95,195.725,195.75
2026-09-25T14:14:00Z,2026-09-25T14:15:00Z,195.745,195.76,195.47,195.52
2026-09-25T14:15:00Z,2026-09-25T14:16:00Z,195.51,195.55,195.145,195.45
2026-09-25T14:16:00Z,2026-09-25T14:17:00Z,195.47,195.615,195.26,195.285
2026-09-25T14:17:00Z,2026-09-25T14:18:00Z,195.28,195.33,195.025,195.12
2026-09-25T14:18:00Z,2026-09-25T14:19:00Z,195.115,195.375,195.085,195.24
2026-09-25T14:19:00Z,2026-09-25T14:20:00Z,195.245,195.395,195.07,195.33
2026-09-25T14:20:00Z,2026-09-25T14:21:00Z,195.34,195.52,195.27,195.5
2026-09-25T14:21:00Z,2026-09-25T14:22:00Z,195.495,195.56,195.3,195.375
2026-09-25T14:22:00Z,2026-09-25T14:23:00Z,195.37,195.475,195.335,195.44
2026-09-25T14:23:00Z,2026-09-25T14:24:00Z,195.445,195.58,195.41,195.505
2026-09-25T14:24:00Z,2026-09-25T14:25:00Z,195.51,195.675,195.5,195.64
2026-09-25T14:25:00Z,2026-09-25T14:26:00Z,195.65,195.81,195.605,195.805
2026-09-25T14:26:00Z,2026-09-25T14:27:00Z,195.81,195.92,195.76,195.82
2026-09-25T14:27:00Z,2026-09-25T14:28:00Z,195.83,195.85,195.695,195.71
2026-09-25T14:28:00Z,2026-09-25T14:29:00Z,195.7,195.74,195.49,195.64
2026-09-25T14:29:00Z,2026-09-25T14:30:00Z,195.625,195.745,195.5,195.515
2026-09-25T14:30:00Z,2026-09-25T14:31:00Z,195.535,195.63,195.44,195.545
2026-09-25T14:31:00Z,2026-09-25T14:32:00Z,195.54,195.68,195.52,195.67
2026-09-25T14:32:00Z,2026-09-25T14:33:00Z,195.68,195.81,195.66,195.76
2026-09-25T14:33:00Z,2026-09-25T14:34:00Z,195.755,195.895,195.75,195.81
2026-09-25T14:34:00Z,2026-09-25T14:35:00Z,195.8,195.93,195.79,195.855
2026-09-25T14:35:00Z,2026-09-25T14:36:00Z,195.86,195.95,195.8,195.91
2026-09-25T14:36:00Z,2026-09-25T14:37:00Z,195.905,195.92,195.815,195.84
2026-09-25T14:37:00Z,2026-09-25T14:38:00Z,195.83,195.93,195.8,195.925
2026-09-25T14:38:00Z,2026-09-25T14:39:00Z,195.92,196.04,195.89,195.94
2026-09-25T14:39:00Z,2026-09-25T14:40:00Z,195.935,196,195.92,195.95
2026-09-25T14:40:00Z,2026-09-25T14:41:00Z,195.955,195.99,195.775,195.8
2026-09-25T14:41:00Z,2026-09-25T14:42:00Z,195.795,195.88,195.6,195.61
2026-09-25T14:42:00Z,2026-09-25T14:43:00Z,195.615,195.73,195.56,195.7
2026-09-25T14:43:00Z,2026-09-25T14:44:00Z,195.69,195.74,195.58,195.65
2026-09-25T14:44:00Z,2026-09-25T14:45:00Z,195.64,195.83,195.64,195.82
2026-09-25T14:45:00Z,2026-09-25T14:46:00Z,195.825,195.835,195.63,195.835
2026-09-25T14:46:00Z,2026-09-25T14:47:00Z,195.83,196.005,195.73,195.88
2026-09-25T14:47:00Z,2026-09-25T14:48:00Z,195.875,195.98,195.82,195.92
2026-09-25T14:48:00Z,2026-09-25T14:49:00Z,195.915,195.99,195.9,195.925
2026-09-25T14:49:00Z,2026-09-25T14:50:00Z,195.93,196.17,195.9,196.11
2026-09-25T14:50:00Z,2026-09-25T14:51:00Z,196.1,196.115,195.96,196.07
2026-09-25T14:51:00Z,2026-09-25T14:52:00Z,196.085,196.12,195.875,195.875
2026-09-25T14:52:00Z,2026-09-25T14:53:00Z,195.88,195.94,195.825,195.885
2026-09-25T14:53:00Z,2026-09-25T14:54:00Z,195.88,195.99,195.855,195.955
2026-09-25T14:54:00Z,2026-09-25T14:55:00Z,195.95,196.07,195.945,196.05
2026-09-25T14:55:00Z,2026-09-25T14:56:00Z,196.045,196.195,196.03,196.19
2026-09-25T14:56:00Z,2026-09-25T14:57:00Z,196.195,196.3,196.135,196.14
2026-09-25T14:57:00Z,2026-09-25T14:58:00Z,196.145,196.275,196.14,196.24
2026-09-25T14:58:00Z,2026-09-25T14:59:00Z,196.23,196.32,196.185,196.305
2026-09-25T14:59:00Z,2026-09-25T15:00:00Z,196.31,196.355,196.28,196.32
2026-09-25T15:00:00Z,2026-09-25T15:01:00Z,196.31,196.315,196.22,196.25
2026-09-25T15:01:00Z,2026-09-25T15:02:00Z,196.26,196.375,196.225,196.31
2026-09-25T15:02:00Z,2026-09-25T15:03:00Z,196.31,196.465,196.31,196.42
2026-09-25T15:03:00Z,2026-09-25T15:04:00Z,196.425,196.52,196.42,196.46
2026-09-25T15:04:00Z,2026-09-25T15:05:00Z,196.45,196.585,196.44,196.48
2026-09-25T15:05:00Z,2026-09-25T15:06:00Z,196.485,196.56,196.465,196.52
2026-09-25T15:06:00Z,2026-09-25T15:07:00Z,196.515,196.565,196.475,196.49
2026-09-25T15:07:00Z,2026-09-25T15:08:00Z,196.485,196.515,196.45,196.48
2026-09-25T15:08:00Z,2026-09-25T15:09:00Z,196.485,196.505,196.445,196.48
2026-09-25T15:09:00Z,2026-09-25T15:10:00Z,196.475,196.49,196.38,196.385
2026-09-25T15:10:00Z,2026-09-25T15:11:00Z,196.38,196.42,196.265,196.33
2026-09-25T15:11:00Z,2026-09-25T15:12:00Z,196.32,196.34,196.11,196.155
2026-09-25T15:12:00Z,2026-09-25T15:13:00Z,196.15,196.22,196.11,196.14
2026-09-25T15:13:00Z,2026-09-25T15:14:00Z,196.13,196.205,196.115,196.18
2026-09-25T15:14:00Z,2026-09-25T15:15:00Z,196.17,196.24,196.15,196.17
2026-09-25T15:15:00Z,2026-09-25T15:16:00Z,196.18,196.25,196.14,196.23
2026-09-25T15:16:00Z,2026-09-25T15:17:00Z,196.225,196.325,196.225,196.315
2026-09-25T15:17:00Z,2026-09-25T15:18:00Z,196.32,196.355,196.255,196.28
2026-09-25T15:18:00Z,2026-09-25T15:19:00Z,196.27,196.32,196.23,196.28
2026-09-25T15:19:00Z,2026-09-25T15:20:00Z,196.27,196.28,196.09,196.14
2026-09-25T15:20:00Z,2026-09-25T15:21:00Z,196.145,196.255,196.095,196.25
2026-09-25T15:21:00Z,2026-09-25T15:22:00Z,196.255,196.395,196.18,196.265
2026-09-25T15:22:00Z,2026-09-25T15:23:00Z,196.27,196.29,196.205,196.235
2026-09-25T15:23:00Z,2026-09-25T15:24:00Z,196.24,196.32,196.21,196.22
2026-09-25T15:24:00Z,2026-09-25T15:25:00Z,196.21,196.23,196.095,196.14
2026-09-25T15:25:00Z,2026-09-25T15:26:00Z,196.135,196.165,196.09,196.11
2026-09-25T15:26:00Z,2026-09-25T15:27:00Z,196.105,196.145,196.055,196.145
2026-09-25T15:27:00Z,2026-09-25T15:28:00Z,196.14,196.16,196.05,196.09
2026-09-25T15:28:00Z,2026-09-25T15:29:00Z,196.1,196.15,196.06,196.115
2026-09-25T15:29:00Z,2026-09-25T15:30:00Z,196.12,196.22,196.105,196.115
2026-09-25T15:30:00Z,2026-09-25T15:31:00Z,196.125,196.33,196.1,196.23
2026-09-25T15:31:00Z,2026-09-25T15:32:00Z,196.22,196.35,196.2,196.35
2026-09-25T15:32:00Z,2026-09-25T15:33:00Z,196.34,196.405,196.315,196.375
2026-09-25T15:33:00Z,2026-09-25T15:34:00Z,196.37,196.385,196.3,196.345
2026-09-25T15:34:00Z,2026-09-25T15:35:00Z,196.34,196.38,196.105,196.125
2026-09-25T15:35:00Z,2026-09-25T15:36:00Z,196.12,196.18,195.98,196.07
2026-09-25T15:36:00Z,2026-09-25T15:37:00Z,196.065,196.065,195.845,195.865
2026-09-25T15:37:00Z,2026-09-25T15:38:00Z,195.87,195.9,195.76,195.88
2026-09-25T15:38:00Z,2026-09-25T15:39:00Z,195.875,195.89,195.7,195.73
2026-09-25T15:39:00Z,2026-09-25T15:40:00Z,195.715,195.77,195.67,195.725
2026-09-25T15:40:00Z,2026-09-25T15:41:00Z,195.72,195.825,195.655,195.815
2026-09-25T15:41:00Z,2026-09-25T15:42:00Z,195.82,195.85,195.765,195.82
2026-09-25T15:42:00Z,2026-09-25T15:43:00Z,195.815,195.87,195.7,195.755
2026-09-25T15:43:00Z,2026-09-25T15:44:00Z,195.76,195.785,195.67,195.69
2026-09-25T15:44:00Z,2026-09-25T15:45:00Z,195.695,195.705,195.535,195.545
2026-09-25T15:45:00Z,2026-09-25T15:46:00Z,195.54,195.615,195.51,195.56
2026-09-25T15:46:00Z,2026-09-25T15:47:00Z,195.555,195.715,195.47,195.71
2026-09-25T15:47:00Z,2026-09-25T15:48:00Z,195.715,195.77,195.7,195.73
2026-09-25T15:48:00Z,2026-09-25T15:49:00Z,195.72,195.805,195.67,195.75
2026-09-25T15:49:00Z,2026-09-25T15:50:00Z,195.76,195.85,195.74,195.85
2026-09-25T15:50:00Z,2026-09-25T15:51:00Z,195.85,195.88,195.765,195.785
2026-09-25T15:51:00Z,2026-09-25T15:52:00Z,195.78,195.78,195.515,195.525
2026-09-25T15:52:00Z,2026-09-25T15:53:00Z,195.51,195.585,195.455,195.515
2026-09-25T15:53:00Z,2026-09-25T15:54:00Z,195.515,195.56,195.51,195.55
2026-09-25T15:54:00Z,2026-09-25T15:55:00Z,195.54,195.845,195.51,195.77
2026-09-25T15:55:00Z,2026-09-25T15:56:00Z,195.78,195.88,195.77,195.84
2026-09-25T15:56:00Z,2026-09-25T15:57:00Z,195.85,195.95,195.815,195.94
2026-09-25T15:57:00Z,2026-09-25T15:58:00Z,195.945,196.035,195.93,196.035
2026-09-25T15:58:00Z,2026-09-25T15:59:00Z,196.03,196.26,196.01,196.2
2026-09-25T15:59:00Z,2026-09-25T16:00:00Z,196.195,196.375,196.18,196.34
2026-09-25T16:00:00Z,2026-09-25T16:01:00Z,196.35,196.51,196.27,196.485
2026-09-25T16:01:00Z,2026-09-25T16:02:00Z,196.49,196.54,196.43,196.465
2026-09-25T16:02:00Z,2026-09-25T16:03:00Z,196.465,196.65,196.46,196.645
2026-09-25T16:03:00Z,2026-09-25T16:04:00Z,196.64,196.745,196.575,196.745
2026-09-25T16:04:00Z,2026-09-25T16:05:00Z,196.74,196.75,196.63,196.73
2026-09-25T16:05:00Z,2026-09-25T16:06:00Z,196.725,196.895,196.65,196.86
2026-09-25T16:06:00Z,2026-09-25T16:07:00Z,196.855,196.895,196.76,196.815
2026-09-25T16:07:00Z,2026-09-25T16:08:00Z,196.82,196.845,196.725,196.75
2026-09-25T16:08:00Z,2026-09-25T16:09:00Z,196.745,196.835,196.715,196.745
2026-09-25T16:09:00Z,2026-09-25T16:10:00Z,196.745,196.825,196.66,196.81
2026-09-25T16:10:00Z,2026-09-25T16:11:00Z,196.82,196.945,196.805,196.86
2026-09-25T16:11:00Z,2026-09-25T16:12:00Z,196.845,196.85,196.715,196.79
2026-09-25T16:12:00Z,2026-09-25T16:13:00Z,196.78,196.865,196.72,196.75
2026-09-25T16:13:00Z,2026-09-25T16:14:00Z,196.74,196.77,196.705,196.76
2026-09-25T16:14:00Z,2026-09-25T16:15:00Z,196.755,196.765,196.605,196.71
2026-09-25T16:15:00Z,2026-09-25T16:16:00Z,196.72,196.84,196.675,196.835
2026-09-25T16:16:00Z,2026-09-25T16:17:00Z,196.84,196.91,196.76,196.895
2026-09-25T16:17:00Z,2026-09-25T16:18:00Z,196.89,196.935,196.68,196.69
2026-09-25T16:18:00Z,2026-09-25T16:19:00Z,196.695,196.695,196.495,196.545
2026-09-25T16:19:00Z,2026-09-25T16:20:00Z,196.54,196.57,196.475,196.54
2026-09-25T16:20:00Z,2026-09-25T16:21:00Z,196.545,196.585,196.35,196.365
2026-09-25T16:21:00Z,2026-09-25T16:22:00Z,196.37,196.43,196.275,196.41
2026-09-25T16:22:00Z,2026-09-25T16:23:00Z,196.4,196.42,196.27,196.355
2026-09-25T16:23:00Z,2026-09-25T16:24:00Z,196.36,196.39,196.26,196.315
2026-09-25T16:24:00Z,2026-09-25T16:25:00Z,196.31,196.38,196.29,196.345
2026-09-25T16:25:00Z,2026-09-25T16:26:00Z,196.35,196.5,196.325,196.45
2026-09-25T16:26:00Z,2026-09-25T16:27:00Z,196.445,196.695,196.415,196.69
2026-09-25T16:27:00Z,2026-09-25T16:28:00Z,196.695,196.76,196.665,196.72
2026-09-25T16:28:00Z,2026-09-25T16:29:00Z,196.73,196.765,196.68,196.745
2026-09-25T16:29:00Z,2026-09-25T16:30:00Z,196.75,196.86,196.74,196.815
2026-09-25T16:30:00Z,2026-09-25T16:31:00Z,196.81,196.82,196.7,196.78
2026-09-25T16:31:00Z,2026-09-25T16:32:00Z,196.785,196.835,196.745,196.82
2026-09-25T16:32:00Z,2026-09-25T16:33:00Z,196.825,196.89,196.765,196.79
2026-09-25T16:33:00Z,2026-09-25T16:34:00Z,196.79,196.885,196.765,196.88
2026-09-25T16:34:00Z,2026-09-25T16:35:00Z,196.885,196.885,196.45,196.53
2026-09-25T16:35:00Z,2026-09-25T16:36:00Z,196.535,196.645,196.535,196.6
2026-09-25T16:36:00Z,2026-09-25T16:37:00Z,196.595,196.615,196.49,196.59
2026-09-25T16:37:00Z,2026-09-25T16:38:00Z,196.6,196.775,196.6,196.69
2026-09-25T16:38:00Z,2026-09-25T16:39:00Z,196.685,196.685,196.54,196.66
2026-09-25T16:39:00Z,2026-09-25T16:40:00Z,196.655,196.69,196.58,196.59
2026-09-25T16:40:00Z,2026-09-25T16:41:00Z,196.6,196.63,196.54,196.54
2026-09-25T16:41:00Z,2026-09-25T16:42:00Z,196.545,196.625,196.535,196.595
2026-09-25T16:42:00Z,2026-09-25T16:43:00Z,196.59,196.705,196.59,196.61
2026-09-25T16:43:00Z,2026-09-25T16:44:00Z,196.62,196.77,196.61,196.735
2026-09-25T16:44:00Z,2026-09-25T16:45:00Z,196.74,196.81,196.7,196.715
2026-09-25T16:45:00Z,2026-09-25T16:46:00Z,196.72,196.725,196.62,196.715
2026-09-25T16:46:00Z,2026-09-25T16:47:00Z,196.71,196.745,196.65,196.675
2026-09-25T16:47:00Z,2026-09-25T16:48:00Z,196.68,196.685,196.615,196.63
2026-09-25T16:48:00Z,2026-09-25T16:49:00Z,196.62,196.645,196.49,196.5
2026-09-25T16:49:00Z,2026-09-25T16:50:00Z,196.495,196.555,196.41,196.54
2026-09-25T16:50:00Z,2026-09-25T16:51:00Z,196.55,196.61,196.51,196.545
2026-09-25T16:51:00Z,2026-09-25T16:52:00Z,196.55,196.57,196.505,196.57
2026-09-25T16:52:00Z,2026-09-25T16:53:00Z,196.565,196.62,196.53,196.605
2026-09-25T16:53:00Z,2026-09-25T16:54:00Z,196.6,196.655,196.56,196.56
2026-09-25T16:54:00Z,2026-09-25T16:55:00Z,196.57,196.635,196.535,196.635
2026-09-25T16:55:00Z,2026-09-25T16:56:00Z,196.63,196.68,196.61,196.635
2026-09-25T16:56:00Z,2026-09-25T16:57:00Z,196.64,196.7,196.605,196.64
2026-09-25T16:57:00Z,2026-09-25T16:58:00Z,196.65,196.65,196.51,196.53
2026-09-25T16:58:00Z,2026-09-25T16:59:00Z,196.535,196.555,196.485,196.5
2026-09-25T16:59:00Z,2026-09-25T17:00:00Z,196.495,196.55,196.375,196.485
2026-09-25T17:00:00Z,2026-09-25T17:01:00Z,196.49,196.5,196.45,196.49
2026-09-25T17:01:00Z,2026-09-25T17:02:00Z,196.49,196.67,196.49,196.65
2026-09-25T17:02:00Z,2026-09-25T17:03:00Z,196.655,196.755,196.625,196.73
2026-09-25T17:03:00Z,2026-09-25T17:04:00Z,196.735,196.8,196.71,196.72
2026-09-25T17:04:00Z,2026-09-25T17:05:00Z,196.73,196.75,196.695,196.72
2026-09-25T17:05:00Z,2026-09-25T17:06:00Z,196.72,196.775,196.705,196.745
2026-09-25T17:06:00Z,2026-09-25T17:07:00Z,196.75,196.78,196.725,196.75
2026-09-25T17:07:00Z,2026-09-25T17:08:00Z,196.745,196.76,196.67,196.69
2026-09-25T17:08:00Z,2026-09-25T17:09:00Z,196.695,196.71,196.595,196.65
2026-09-25T17:09:00Z,2026-09-25T17:10:00Z,196.65,196.75,196.65,196.73
2026-09-25T17:10:00Z,2026-09-25T17:11:00Z,196.72,196.75,196.695,196.725
2026-09-25T17:11:00Z,2026-09-25T17:12:00Z,196.72,196.745,196.64,196.655
2026-09-25T17:12:00Z,2026-09-25T17:13:00Z,196.66,196.715,196.615,196.71
2026-09-25T17:13:00Z,2026-09-25T17:14:00Z,196.715,196.8,196.7,196.76
2026-09-25T17:14:00Z,2026-09-25T17:15:00Z,196.75,196.83,196.735,196.83
2026-09-25T17:15:00Z,2026-09-25T17:16:00Z,196.83,196.9,196.79,196.885
2026-09-25T17:16:00Z,2026-09-25T17:17:00Z,196.88,196.885,196.82,196.82
2026-09-25T17:17:00Z,2026-09-25T17:18:00Z,196.83,196.905,196.82,196.83
2026-09-25T17:18:00Z,2026-09-25T17:19:00Z,196.83,196.845,196.745,196.78
2026-09-25T17:19:00Z,2026-09-25T17:20:00Z,196.785,196.785,196.74,196.76
2026-09-25T17:20:00Z,2026-09-25T17:21:00Z,196.76,196.8,196.735,196.78
2026-09-25T17:21:00Z,2026-09-25T17:22:00Z,196.77,196.785,196.745,196.765
2026-09-25T17:22:00Z,2026-09-25T17:23:00Z,196.77,196.81,196.745,196.75
2026-09-25T17:23:00Z,2026-09-25T17:24:00Z,196.76,196.795,196.745,196.77
2026-09-25T17:24:00Z,2026-09-25T17:25:00Z,196.775,196.8,196.75,196.79
2026-09-25T17:25:00Z,2026-09-25T17:26:00Z,196.795,196.8,196.75,196.75
2026-09-25T17:26:00Z,2026-09-25T17:27:00Z,196.755,196.77,196.715,196.73
2026-09-25T17:27:00Z,2026-09-25T17:28:00Z,196.72,196.735,196.695,196.725
2026-09-25T17:28:00Z,2026-09-25T17:29:00Z,196.72,196.765,196.715,196.75
2026-09-25T17:29:00Z,2026-09-25T17:30:00Z,196.745,196.76,196.73,196.75
2026-09-25T17:30:00Z,2026-09-25T17:31:00Z,196.765,196.78,196.725,196.755
2026-09-25T17:31:00Z,2026-09-25T17:32:00Z,196.75,196.75,196.66,196.67
2026-09-25T17:32:00Z,2026-09-25T17:33:00Z,196.675,196.725,196.67,196.72
2026-09-25T17:33:00Z,2026-09-25T17:34:00Z,196.71,196.75,196.655,196.655
2026-09-25T17:34:00Z,2026-09-25T17:35:00Z,196.65,196.665,196.58,196.65
2026-09-25T17:35:00Z,2026-09-25T17:36:00Z,196.65,196.66,196.6,196.625
2026-09-25T17:36:00Z,2026-09-25T17:37:00Z,196.62,196.665,196.575,196.585
2026-09-25T17:37:00Z,2026-09-25T17:38:00Z,196.58,196.585,196.51,196.56
2026-09-25T17:38:00Z,2026-09-25T17:39:00Z,196.555,196.64,196.55,196.605
2026-09-25T17:39:00Z,2026-09-25T17:40:00Z,196.61,196.725,196.58,196.65
2026-09-25T17:40:00Z,2026-09-25T17:41:00Z,196.66,196.72,196.62,196.665
2026-09-25T17:41:00Z,2026-09-25T17:42:00Z,196.66,196.755,196.655,196.73
2026-09-25T17:42:00Z,2026-09-25T17:43:00Z,196.735,196.77,196.73,196.76
2026-09-25T17:43:00Z,2026-09-25T17:44:00Z,196.755,196.755,196.68,196.7
2026-09-25T17:44:00Z,2026-09-25T17:45:00Z,196.7,196.735,196.645,196.67
2026-09-25T17:45:00Z,2026-09-25T17:46:00Z,196.665,196.705,196.645,196.67
2026-09-25T17:46:00Z,2026-09-25T17:47:00Z,196.675,196.69,196.64,196.665
2026-09-25T17:47:00Z,2026-09-25T17:48:00Z,196.66,196.68,196.635,196.655
2026-09-25T17:48:00Z,2026-09-25T17:49:00Z,196.655,196.7,196.64,196.685
2026-09-25T17:49:00Z,2026-09-25T17:50:00Z,196.69,196.78,196.69,196.77
2026-09-25T17:50:00Z,2026-09-25T17:51:00Z,196.77,196.78,196.735,196.77
2026-09-25T17:51:00Z,2026-09-25T17:52:00Z,196.77,196.78,196.72,196.74
2026-09-25T17:52:00Z,2026-09-25T17:53:00Z,196.735,196.74,196.63,196.63
2026-09-25T17:53:00Z,2026-09-25T17:54:00Z,196.625,196.665,196.615,196.66
2026-09-25T17:54:00Z,2026-09-25T17:55:00Z,196.66,196.66,196.57,196.64
2026-09-25T17:55:00Z,2026-09-25T17:56:00Z,196.64,196.695,196.635,196.695
2026-09-25T17:56:00Z,2026-09-25T17:57:00Z,196.69,196.72,196.67,196.69
2026-09-25T17:57:00Z,2026-09-25T17:58:00Z,196.69,196.7,196.665,196.675
2026-09-25T17:58:00Z,2026-09-25T17:59:00Z,196.68,196.73,196.675,196.7
2026-09-25T17:59:00Z,2026-09-25T18:00:00Z,196.7,196.725,196.675,196.715
2026-09-25T18:00:00Z,2026-09-25T18:01:00Z,196.715,196.745,196.7,196.71
2026-09-25T18:01:00Z,2026-09-25T18:02:00Z,196.715,196.76,196.69,196.76
2026-09-25T18:02:00Z,2026-09-25T18:03:00Z,196.755,196.765,196.675,196.695
2026-09-25T18:03:00Z,2026-09-25T18:04:00Z,196.7,196.725,196.695,196.71
2026-09-25T18:04:00Z,2026-09-25T18:05:00Z,196.705,196.71,196.655,196.665
2026-09-25T18:05:00Z,2026-09-25T18:06:00Z,196.665,196.695,196.64,196.65
2026-09-25T18:06:00Z,2026-09-25T18:07:00Z,196.65,196.685,196.635,196.665
2026-09-25T18:07:00Z,2026-09-25T18:08:00Z,196.665,196.68,196.61,196.63
2026-09-25T18:08:00Z,2026-09-25T18:09:00Z,196.635,196.7,196.615,196.69
2026-09-25T18:09:00Z,2026-09-25T18:10:00Z,196.7,196.74,196.695,196.725
2026-09-25T18:10:00Z,2026-09-25T18:11:00Z,196.73,196.755,196.725,196.73
2026-09-25T18:11:00Z,2026-09-25T18:12:00Z,196.725,196.73,196.705,196.71
2026-09-25T18:12:00Z,2026-09-25T18:13:00Z,196.715,196.77,196.68,196.76
2026-09-25T18:13:00Z,2026-09-25T18:14:00Z,196.755,196.815,196.745,196.815
2026-09-25T18:14:00Z,2026-09-25T18:15:00Z,196.815,196.855,196.795,196.845
2026-09-25T18:15:00Z,2026-09-25T18:16:00Z,196.84,196.855,196.805,196.805
2026-09-25T18:16:00Z,2026-09-25T18:17:00Z,196.81,196.845,196.81,196.83
2026-09-25T18:17:00Z,2026-09-25T18:18:00Z,196.83,196.845,196.815,196.825
2026-09-25T18:18:00Z,2026-09-25T18:19:00Z,196.825,196.855,196.765,196.765
2026-09-25T18:19:00Z,2026-09-25T18:20:00Z,196.765,196.785,196.735,196.78
2026-09-25T18:20:00Z,2026-09-25T18:21:00Z,196.775,196.815,196.775,196.8
2026-09-25T18:21:00Z,2026-09-25T18:22:00Z,196.805,196.815,196.755,196.77
2026-09-25T18:22:00Z,2026-09-25T18:23:00Z,196.775,196.825,196.76,196.77
2026-09-25T18:23:00Z,2026-09-25T18:24:00Z,196.77,196.825,196.765,196.825
2026-09-25T18:24:00Z,2026-09-25T18:25:00Z,196.83,196.855,196.815,196.815
2026-09-25T18:25:00Z,2026-09-25T18:26:00Z,196.815,196.845,196.79,196.795
2026-09-25T18:26:00Z,2026-09-25T18:27:00Z,196.795,196.795,196.565,196.6
2026-09-25T18:27:00Z,2026-09-25T18:28:00Z,196.595,196.645,196.47,196.51
2026-09-25T18:28:00Z,2026-09-25T18:29:00Z,196.5,196.57,196.46,196.525
2026-09-25T18:29:00Z,2026-09-25T18:30:00Z,196.535,196.57,196.48,196.565
2026-09-25T18:30:00Z,2026-09-25T18:31:00Z,196.57,196.66,196.56,196.635
2026-09-25T18:31:00Z,2026-09-25T18:32:00Z,196.635,196.705,196.63,196.685
2026-09-25T18:32:00Z,2026-09-25T18:33:00Z,196.68,196.705,196.65,196.66
2026-09-25T18:33:00Z,2026-09-25T18:34:00Z,196.665,196.71,196.655,196.69
2026-09-25T18:34:00Z,2026-09-25T18:35:00Z,196.69,196.69,196.635,196.645
2026-09-25T18:35:00Z,2026-09-25T18:36:00Z,196.64,196.68,196.595,196.66
2026-09-25T18:36:00Z,2026-09-25T18:37:00Z,196.655,196.665,196.635,196.64
2026-09-25T18:37:00Z,2026-09-25T18:38:00Z,196.635,196.65,196.505,196.53
2026-09-25T18:38:00Z,2026-09-25T18:39:00Z,196.53,196.53,196.47,196.51
2026-09-25T18:39:00Z,2026-09-25T18:40:00Z,196.505,196.52,196.435,196.44
2026-09-25T18:40:00Z,2026-09-25T18:41:00Z,196.445,196.465,196.385,196.45
2026-09-25T18:41:00Z,2026-09-25T18:42:00Z,196.46,196.495,196.44,196.465
2026-09-25T18:42:00Z,2026-09-25T18:43:00Z,196.47,196.535,196.465,196.525
2026-09-25T18:43:00Z,2026-09-25T18:44:00Z,196.525,196.535,196.505,196.53
2026-09-25T18:44:00Z,2026-09-25T18:45:00Z,196.525,196.575,196.51,196.575
2026-09-25T18:45:00Z,2026-09-25T18:46:00Z,196.57,196.585,196.535,196.54
2026-09-25T18:46:00Z,2026-09-25T18:47:00Z,196.545,196.565,196.49,196.49
2026-09-25T18:47:00Z,2026-09-25T18:48:00Z,196.485,196.49,196.415,196.425
2026-09-25T18:48:00Z,2026-09-25T18:49:00Z,196.42,196.46,196.405,196.445
2026-09-25T18:49:00Z,2026-09-25T18:50:00Z,196.45,196.45,196.415,196.415
2026-09-25T18:50:00Z,2026-09-25T18:51:00Z,196.42,196.425,196.38,196.4
2026-09-25T18:51:00Z,2026-09-25T18:52:00Z,196.4,196.43,196.355,196.385
2026-09-25T18:52:00Z,2026-09-25T18:53:00Z,196.39,196.42,196.37,196.415
2026-09-25T18:53:00Z,2026-09-25T18:54:00Z,196.42,196.42,196.37,196.38
2026-09-25T18:54:00Z,2026-09-25T18:55:00Z,196.38,196.38,196.315,196.33
2026-09-25T18:55:00Z,2026-09-25T18:56:00Z,196.34,196.375,196.32,196.33
2026-09-25T18:56:00Z,2026-09-25T18:57:00Z,196.335,196.365,196.32,196.33
2026-09-25T18:57:00Z,2026-09-25T18:58:00Z,196.325,196.345,196.315,196.325
2026-09-25T18:58:00Z,2026-09-25T18:59:00Z,196.33,196.355,196.31,196.345
2026-09-25T18:59:00Z,2026-09-25T19:00:00Z,196.35,196.36,196.265,196.275
2026-09-25T19:00:00Z,2026-09-25T19:01:00Z,196.285,196.36,196.285,196.31
2026-09-25T19:01:00Z,2026-09-25T19:02:00Z,196.31,196.395,196.27,196.27
2026-09-25T19:02:00Z,2026-09-25T19:03:00Z,196.28,196.29,196.23,196.26
2026-09-25T19:03:00Z,2026-09-25T19:04:00Z,196.26,196.315,196.225,196.31
2026-09-25T19:04:00Z,2026-09-25T19:05:00Z,196.315,196.395,196.305,196.37
2026-09-25T19:05:00Z,2026-09-25T19:06:00Z,196.37,196.42,196.355,196.405
2026-09-25T19:06:00Z,2026-09-25T19:07:00Z,196.415,196.44,196.33,196.35
2026-09-25T19:07:00Z,2026-09-25T19:08:00Z,196.345,196.435,196.34,196.42
2026-09-25T19:08:00Z,2026-09-25T19:09:00Z,196.42,196.435,196.405,196.43
2026-09-25T19:09:00Z,2026-09-25T19:10:00Z,196.43,196.44,196.375,196.4
2026-09-25T19:10:00Z,2026-09-25T19:11:00Z,196.395,196.425,196.365,196.4
2026-09-25T19:11:00Z,2026-09-25T19:12:00Z,196.4,196.4,196.345,196.39
2026-09-25T19:12:00Z,2026-09-25T19:13:00Z,196.39,196.425,196.375,196.41
2026-09-25T19:13:00Z,2026-09-25T19:14:00Z,196.415,196.43,196.375,196.405
2026-09-25T19:14:00Z,2026-09-25T19:15:00Z,196.4,196.455,196.395,196.45
2026-09-25T19:15:00Z,2026-09-25T19:16:00Z,196.45,196.475,196.395,196.41
2026-09-25T19:16:00Z,2026-09-25T19:17:00Z,196.415,196.43,196.375,196.385
2026-09-25T19:17:00Z,2026-09-25T19:18:00Z,196.39,196.4,196.345,196.37
2026-09-25T19:18:00Z,2026-09-25T19:19:00Z,196.375,196.395,196.345,196.39
2026-09-25T19:19:00Z,2026-09-25T19:20:00Z,196.39,196.39,196.315,196.32
2026-09-25T19:20:00Z,2026-09-25T19:21:00Z,196.325,196.36,196.285,196.285
2026-09-25T19:21:00Z,2026-09-25T19:22:00Z,196.285,196.32,196.275,196.3
2026-09-25T19:22:00Z,2026-09-25T19:23:00Z,196.305,196.31,196.225,196.235
2026-09-25T19:23:00Z,2026-09-25T19:24:00Z,196.235,196.25,196.215,196.25
2026-09-25T19:24:00Z,2026-09-25T19:25:00Z,196.25,196.325,196.25,196.285
2026-09-25T19:25:00Z,2026-09-25T19:26:00Z,196.28,196.29,196.22,196.225
2026-09-25T19:26:00Z,2026-09-25T19:27:00Z,196.23,196.235,196.125,196.17
2026-09-25T19:27:00Z,2026-09-25T19:28:00Z,196.16,196.215,196.15,196.19
2026-09-25T19:28:00Z,2026-09-25T19:29:00Z,196.19,196.235,196.155,196.185
2026-09-25T19:29:00Z,2026-09-25T19:30:00Z,196.185,196.2,196.135,196.19
2026-09-25T19:30:00Z,2026-09-25T19:31:00Z,196.185,196.185,196.095,196.105
2026-09-25T19:31:00Z,2026-09-25T19:32:00Z,196.095,196.155,196.085,196.155
2026-09-25T19:32:00Z,2026-09-25T19:33:00Z,196.15,196.165,196.105,196.145
2026-09-25T19:33:00Z,2026-09-25T19:34:00Z,196.135,196.155,196.105,196.13
2026-09-25T19:34:00Z,2026-09-25T19:35:00Z,196.12,196.135,196,196.005
2026-09-25T19:35:00Z,2026-09-25T19:36:00Z,196,196.015,195.965,195.985
2026-09-25T19:36:00Z,2026-09-25T19:37:00Z,195.98,195.995,195.915,195.98
2026-09-25T19:37:00Z,2026-09-25T19:38:00Z,195.975,196.12,195.965,196.09
2026-09-25T19:38:00Z,2026-09-25T19:39:00Z,196.085,196.165,196.075,196.15
2026-09-25T19:39:00Z,2026-09-25T19:40:00Z,196.145,196.205,196.135,196.175
2026-09-25T19:40:00Z,2026-09-25T19:41:00Z,196.175,196.18,196.11,196.155
2026-09-25T19:41:00Z,2026-09-25T19:42:00Z,196.15,196.205,196.135,196.155
2026-09-25T19:42:00Z,2026-09-25T19:43:00Z,196.16,196.215,196.155,196.215
2026-09-25T19:43:00Z,2026-09-25T19:44:00Z,196.215,196.305,196.215,196.305
2026-09-25T19:44:00Z,2026-09-25T19:45:00Z,196.31,196.315,196.225,196.255
2026-09-25T19:45:00Z,2026-09-25T19:46:00Z,196.26,196.42,196.255,196.385
2026-09-25T19:46:00Z,2026-09-25T19:47:00Z,196.39,196.435,196.365,196.425
2026-09-25T19:47:00Z,2026-09-25T19:48:00Z,196.415,196.42,196.365,196.395
2026-09-25T19:48:00Z,2026-09-25T19:49:00Z,196.385,196.435,196.365,196.405
2026-09-25T19:49:00Z,2026-09-25T19:50:00Z,196.395,196.425,196.375,196.38
2026-09-25T19:50:00Z,2026-09-25T19:51:00Z,196.375,196.545,196.375,196.545
2026-09-25T19:51:00Z,2026-09-25T19:52:00Z,196.555,196.595,196.49,196.525
2026-09-25T19:52:00Z,2026-09-25T19:53:00Z,196.535,196.58,196.525,196.555
2026-09-25T19:53:00Z,2026-09-25T19:54:00Z,196.55,196.595,196.515,196.535
2026-09-25T19:54:00Z,2026-09-25T19:55:00Z,196.53,196.535,196.41,196.43
2026-09-25T19:55:00Z,2026-09-25T19:56:00Z,196.435,196.47,196.335,196.345
2026-09-25T19:56:00Z,2026-09-25T19:57:00Z,196.34,196.35,196.255,196.295
2026-09-25T19:57:00Z,2026-09-25T19:58:00Z,196.295,196.405,196.295,196.4
2026-09-25T19:58:00Z,2026-09-25T19:59:00Z,196.405,196.435,196.355,196.395
2026-09-25T19:59:00Z,2026-09-25T20:00:00Z,196.39,196.4,196.23,196.285
2026-09-28T13:30:00Z,2026-09-28T13:31:00Z,195.095,195.415,195.07,195.375
2026-09-28T13:31:00Z,2026-09-28T13:32:00Z,195.385,195.77,195.3,195.66
2026-09-28T13:32:00Z,2026-09-28T13:33:00Z,195.67,196.17,195.67,196.025
2026-09-28T13:33:00Z,2026-09-28T13:34:00Z,196.015,196.015,195.6,195.75
2026-09-28T13:34:00Z,2026-09-28T13:35:00Z,195.755,195.77,195.445,195.46
2026-09-28T13:35:00Z,2026-09-28T13:36:00Z,195.45,195.455,194.975,195.045
2026-09-28T13:36:00Z,2026-09-28T13:37:00Z,195.05,195.43,194.96,195.4
2026-09-28T13:37:00Z,2026-09-28T13:38:00Z,195.41,195.455,195.215,195.215
2026-09-28T13:38:00Z,2026-09-28T13:39:00Z,195.225,195.3,195.02,195.23
2026-09-28T13:39:00Z,2026-09-28T13:40:00Z,195.235,195.415,195.185,195.26
2026-09-28T13:40:00Z,2026-09-28T13:41:00Z,195.265,195.355,195.135,195.225
2026-09-28T13:41:00Z,2026-09-28T13:42:00Z,195.23,195.35,195.075,195.09
2026-09-28T13:42:00Z,2026-09-28T13:43:00Z,195.1,195.345,195.08,195.24
2026-09-28T13:43:00Z,2026-09-28T13:44:00Z,195.235,195.32,195.18,195.265
2026-09-28T13:44:00Z,2026-09-28T13:45:00Z,195.255,195.255,194.73,194.795
2026-09-28T13:45:00Z,2026-09-28T13:46:00Z,194.79,194.96,194.735,194.8
2026-09-28T13:46:00Z,2026-09-28T13:47:00Z,194.79,194.85,194.7,194.83
2026-09-28T13:47:00Z,2026-09-28T13:48:00Z,194.835,194.99,194.78,194.86
2026-09-28T13:48:00Z,2026-09-28T13:49:00Z,194.865,195.055,194.81,194.99
2026-09-28T13:49:00Z,2026-09-28T13:50:00Z,194.995,195.12,194.91,194.945
2026-09-28T13:50:00Z,2026-09-28T13:51:00Z,194.94,195.015,194.71,194.795
2026-09-28T13:51:00Z,2026-09-28T13:52:00Z,194.79,194.79,194.585,194.65
2026-09-28T13:52:00Z,2026-09-28T13:53:00Z,194.655,194.74,194.595,194.72
2026-09-28T13:53:00Z,2026-09-28T13:54:00Z,194.725,195.06,194.715,195.015
2026-09-28T13:54:00Z,2026-09-28T13:55:00Z,195.02,195.23,194.99,195.13
2026-09-28T13:55:00Z,2026-09-28T13:56:00Z,195.135,195.28,195.065,195.1
2026-09-28T13:56:00Z,2026-09-28T13:57:00Z,195.105,195.135,195.015,195.045
2026-09-28T13:57:00Z,2026-09-28T13:58:00Z,195.05,195.19,195.035,195.19
2026-09-28T13:58:00Z,2026-09-28T13:59:00Z,195.2,195.27,195.14,195.14
2026-09-28T13:59:00Z,2026-09-28T14:00:00Z,195.135,195.225,195.1,195.195
2026-09-28T14:00:00Z,2026-09-28T14:01:00Z,195.185,195.38,195.155,195.375
2026-09-28T14:01:00Z,2026-09-28T14:02:00Z,195.37,195.38,195.115,195.17
2026-09-28T14:02:00Z,2026-09-28T14:03:00Z,195.165,195.19,195.055,195.075
2026-09-28T14:03:00Z,2026-09-28T14:04:00Z,195.09,195.145,194.98,195.04
2026-09-28T14:04:00Z,2026-09-28T14:05:00Z,195.03,195.045,194.86,194.875
2026-09-28T14:05:00Z,2026-09-28T14:06:00Z,194.88,194.885,194.69,194.705
2026-09-28T14:06:00Z,2026-09-28T14:07:00Z,194.7,194.825,194.61,194.8
2026-09-28T14:07:00Z,2026-09-28T14:08:00Z,194.805,194.83,194.655,194.735
2026-09-28T14:08:00Z,2026-09-28T14:09:00Z,194.73,194.74,194.605,194.635
2026-09-28T14:09:00Z,2026-09-28T14:10:00Z,194.63,194.725,194.56,194.58
2026-09-28T14:10:00Z,2026-09-28T14:11:00Z,194.57,194.57,194.375,194.395
2026-09-28T14:11:00Z,2026-09-28T14:12:00Z,194.39,194.425,194.265,194.35
2026-09-28T14:12:00Z,2026-09-28T14:13:00Z,194.365,194.37,194.195,194.23
2026-09-28T14:13:00Z,2026-09-28T14:14:00Z,194.225,194.32,194.17,194.26
2026-09-28T14:14:00Z,2026-09-28T14:15:00Z,194.265,194.265,194.06,194.185
2026-09-28T14:15:00Z,2026-09-28T14:16:00Z,194.18,194.435,194.175,194.35
2026-09-28T14:16:00Z,2026-09-28T14:17:00Z,194.36,194.43,194.31,194.415
2026-09-28T14:17:00Z,2026-09-28T14:18:00Z,194.42,194.49,194.36,194.49
2026-09-28T14:18:00Z,2026-09-28T14:19:00Z,194.5,194.58,194.47,194.55
2026-09-28T14:19:00Z,2026-09-28T14:20:00Z,194.555,194.615,194.545,194.56
2026-09-28T14:20:00Z,2026-09-28T14:21:00Z,194.55,194.665,194.415,194.64
2026-09-28T14:21:00Z,2026-09-28T14:22:00Z,194.635,194.675,194.48,194.54
2026-09-28T14:22:00Z,2026-09-28T14:23:00Z,194.545,194.8,194.545,194.79
2026-09-28T14:23:00Z,2026-09-28T14:24:00Z,194.78,194.78,194.675,194.7
2026-09-28T14:24:00Z,2026-09-28T14:25:00Z,194.695,194.7,194.62,194.67
2026-09-28T14:25:00Z,2026-09-28T14:26:00Z,194.665,194.71,194.52,194.525
2026-09-28T14:26:00Z,2026-09-28T14:27:00Z,194.53,194.565,194.415,194.48
2026-09-28T14:27:00Z,2026-09-28T14:28:00Z,194.49,194.515,194.42,194.46
2026-09-28T14:28:00Z,2026-09-28T14:29:00Z,194.455,194.485,194.39,194.435
2026-09-28T14:29:00Z,2026-09-28T14:30:00Z,194.43,194.44,194.22,194.29
2026-09-28T14:30:00Z,2026-09-28T14:31:00Z,194.285,194.31,194.215,194.255
2026-09-28T14:31:00Z,2026-09-28T14:32:00Z,194.25,194.27,194.185,194.24
2026-09-28T14:32:00Z,2026-09-28T14:33:00Z,194.235,194.375,194.195,194.37
2026-09-28T14:33:00Z,2026-09-28T14:34:00Z,194.38,194.465,194.315,194.36
2026-09-28T14:34:00Z,2026-09-28T14:35:00Z,194.355,194.38,194.31,194.32
2026-09-28T14:35:00Z,2026-09-28T14:36:00Z,194.325,194.355,194.21,194.23
2026-09-28T14:36:00Z,2026-09-28T14:37:00Z,194.235,194.275,194.15,194.17
2026-09-28T14:37:00Z,2026-09-28T14:38:00Z,194.16,194.205,193.95,193.955
2026-09-28T14:38:00Z,2026-09-28T14:39:00Z,193.94,193.96,193.79,193.855
2026-09-28T14:39:00Z,2026-09-28T14:40:00Z,193.85,193.94,193.83,193.865
2026-09-28T14:40:00Z,2026-09-28T14:41:00Z,193.87,193.98,193.84,193.89
2026-09-28T14:41:00Z,2026-09-28T14:42:00Z,193.895,193.93,193.775,193.895
2026-09-28T14:42:00Z,2026-09-28T14:43:00Z,193.89,193.9,193.735,193.77
2026-09-28T14:43:00Z,2026-09-28T14:44:00Z,193.775,193.775,193.49,193.5
2026-09-28T14:44:00Z,2026-09-28T14:45:00Z,193.495,193.5,193.3,193.345
2026-09-28T14:45:00Z,2026-09-28T14:46:00Z,193.34,193.37,193.05,193.12
2026-09-28T14:46:00Z,2026-09-28T14:47:00Z,193.13,193.19,192.99,193.035
2026-09-28T14:47:00Z,2026-09-28T14:48:00Z,193.03,193.04,192.765,192.8
2026-09-28T14:48:00Z,2026-09-28T14:49:00Z,192.79,192.86,192.665,192.835
2026-09-28T14:49:00Z,2026-09-28T14:50:00Z,192.82,192.945,192.815,192.89
2026-09-28T14:50:00Z,2026-09-28T14:51:00Z,192.885,193.13,192.87,193.07
2026-09-28T14:51:00Z,2026-09-28T14:52:00Z,193.075,193.1,192.945,192.96
2026-09-28T14:52:00Z,2026-09-28T14:53:00Z,192.955,193.035,192.865,192.88
2026-09-28T14:53:00Z,2026-09-28T14:54:00Z,192.87,193.02,192.85,192.885
2026-09-28T14:54:00Z,2026-09-28T14:55:00Z,192.88,192.95,192.8,192.87
2026-09-28T14:55:00Z,2026-09-28T14:56:00Z,192.855,192.94,192.82,192.835
2026-09-28T14:56:00Z,2026-09-28T14:57:00Z,192.85,193.135,192.845,193.11
2026-09-28T14:57:00Z,2026-09-28T14:58:00Z,193.1,193.185,193.045,193.15
2026-09-28T14:58:00Z,2026-09-28T14:59:00Z,193.16,193.23,193.08,193.115
2026-09-28T14:59:00Z,2026-09-28T15:00:00Z,193.125,193.14,193.03,193.135
2026-09-28T15:00:00Z,2026-09-28T15:01:00Z,193.13,193.245,193.1,193.17
2026-09-28T15:01:00Z,2026-09-28T15:02:00Z,193.175,193.34,193.17,193.245
2026-09-28T15:02:00Z,2026-09-28T15:03:00Z,193.24,193.34,193.24,193.29
2026-09-28T15:03:00Z,2026-09-28T15:04:00Z,193.295,193.415,193.28,193.4
2026-09-28T15:04:00Z,2026-09-28T15:05:00Z,193.41,193.41,193.33,193.38
2026-09-28T15:05:00Z,2026-09-28T15:06:00Z,193.39,193.43,193.34,193.38
2026-09-28T15:06:00Z,2026-09-28T15:07:00Z,193.39,193.545,193.255,193.51
2026-09-28T15:07:00Z,2026-09-28T15:08:00Z,193.525,193.73,193.515,193.72
2026-09-28T15:08:00Z,2026-09-28T15:09:00Z,193.73,193.785,193.655,193.685
2026-09-28T15:09:00Z,2026-09-28T15:10:00Z,193.675,193.805,193.67,193.8
2026-09-28T15:10:00Z,2026-09-28T15:11:00Z,193.8,193.825,193.69,193.69
2026-09-28T15:11:00Z,2026-09-28T15:12:00Z,193.69,193.84,193.66,193.81
2026-09-28T15:12:00Z,2026-09-28T15:13:00Z,193.81,193.82,193.725,193.81
2026-09-28T15:13:00Z,2026-09-28T15:14:00Z,193.815,193.835,193.755,193.775
2026-09-28T15:14:00Z,2026-09-28T15:15:00Z,193.77,193.77,193.66,193.72
2026-09-28T15:15:00Z,2026-09-28T15:16:00Z,193.725,193.73,193.61,193.61
2026-09-28T15:16:00Z,2026-09-28T15:17:00Z,193.61,193.61,193.505,193.54
2026-09-28T15:17:00Z,2026-09-28T15:18:00Z,193.55,193.55,193.43,193.52
2026-09-28T15:18:00Z,2026-09-28T15:19:00Z,193.51,193.58,193.46,193.52
2026-09-28T15:19:00Z,2026-09-28T15:20:00Z,193.515,193.615,193.465,193.57
2026-09-28T15:20:00Z,2026-09-28T15:21:00Z,193.575,193.64,193.515,193.635
2026-09-28T15:21:00Z,2026-09-28T15:22:00Z,193.63,193.635,193.505,193.55
2026-09-28T15:22:00Z,2026-09-28T15:23:00Z,193.54,193.57,193.485,193.49
2026-09-28T15:23:00Z,2026-09-28T15:24:00Z,193.49,193.605,193.48,193.595
2026-09-28T15:24:00Z,2026-09-28T15:25:00Z,193.59,193.705,193.56,193.65
2026-09-28T15:25:00Z,2026-09-28T15:26:00Z,193.655,193.81,193.58,193.79
2026-09-28T15:26:00Z,2026-09-28T15:27:00Z,193.795,193.92,193.75,193.91
2026-09-28T15:27:00Z,2026-09-28T15:28:00Z,193.92,193.93,193.855,193.89
2026-09-28T15:28:00Z,2026-09-28T15:29:00Z,193.9,193.905,193.81,193.86
2026-09-28T15:29:00Z,2026-09-28T15:30:00Z,193.865,193.93,193.855,193.92
2026-09-28T15:30:00Z,2026-09-28T15:31:00Z,193.91,193.935,193.82,193.9
2026-09-28T15:31:00Z,2026-09-28T15:32:00Z,193.895,193.905,193.75,193.78
2026-09-28T15:32:00Z,2026-09-28T15:33:00Z,193.79,193.93,193.78,193.9
2026-09-28T15:33:00Z,2026-09-28T15:34:00Z,193.89,193.92,193.775,193.805
2026-09-28T15:34:00Z,2026-09-28T15:35:00Z,193.81,193.9,193.8,193.89
2026-09-28T15:35:00Z,2026-09-28T15:36:00Z,193.88,193.92,193.83,193.9
2026-09-28T15:36:00Z,2026-09-28T15:37:00Z,193.905,194.035,193.905,194.035
2026-09-28T15:37:00Z,2026-09-28T15:38:00Z,194.04,194.1,194.04,194.06
2026-09-28T15:38:00Z,2026-09-28T15:39:00Z,194.07,194.145,194.04,194.11
2026-09-28T15:39:00Z,2026-09-28T15:40:00Z,194.115,194.175,194.095,194.155
2026-09-28T15:40:00Z,2026-09-28T15:41:00Z,194.16,194.165,193.93,193.95
2026-09-28T15:41:00Z,2026-09-28T15:42:00Z,193.945,193.965,193.785,193.8
2026-09-28T15:42:00Z,2026-09-28T15:43:00Z,193.795,193.84,193.755,193.76
2026-09-28T15:43:00Z,2026-09-28T15:44:00Z,193.765,193.765,193.66,193.66
2026-09-28T15:44:00Z,2026-09-28T15:45:00Z,193.67,193.79,193.66,193.79
2026-09-28T15:45:00Z,2026-09-28T15:46:00Z,193.79,193.79,193.735,193.785
2026-09-28T15:46:00Z,2026-09-28T15:47:00Z,193.78,193.815,193.715,193.79
2026-09-28T15:47:00Z,2026-09-28T15:48:00Z,193.79,193.885,193.775,193.87
2026-09-28T15:48:00Z,2026-09-28T15:49:00Z,193.865,193.925,193.86,193.895
2026-09-28T15:49:00Z,2026-09-28T15:50:00Z,193.9,193.98,193.89,193.93
2026-09-28T15:50:00Z,2026-09-28T15:51:00Z,193.94,194.06,193.925,194.01
2026-09-28T15:51:00Z,2026-09-28T15:52:00Z,194.005,194.005,193.91,193.93
2026-09-28T15:52:00Z,2026-09-28T15:53:00Z,193.935,193.955,193.88,193.92
2026-09-28T15:53:00Z,2026-09-28T15:54:00Z,193.91,194.025,193.88,194.005
2026-09-28T15:54:00Z,2026-09-28T15:55:00Z,194.01,194.14,193.995,194.14
2026-09-28T15:55:00Z,2026-09-28T15:56:00Z,194.15,194.22,194.13,194.19
2026-09-28T15:56:00Z,2026-09-28T15:57:00Z,194.195,194.285,194.175,194.26
2026-09-28T15:57:00Z,2026-09-28T15:58:00Z,194.265,194.28,194.205,194.225
2026-09-28T15:58:00Z,2026-09-28T15:59:00Z,194.23,194.295,194.225,194.275
2026-09-28T15:59:00Z,2026-09-28T16:00:00Z,194.27,194.325,194.26,194.3
2026-09-28T16:00:00Z,2026-09-28T16:01:00Z,194.295,194.31,194.17,194.2
2026-09-28T16:01:00Z,2026-09-28T16:02:00Z,194.195,194.205,194.13,194.15
2026-09-28T16:02:00Z,2026-09-28T16:03:00Z,194.16,194.18,194.125,194.16
2026-09-28T16:03:00Z,2026-09-28T16:04:00Z,194.165,194.215,194.13,194.17
2026-09-28T16:04:00Z,2026-09-28T16:05:00Z,194.165,194.185,194.135,194.16
2026-09-28T16:05:00Z,2026-09-28T16:06:00Z,194.165,194.2,194.12,194.14
2026-09-28T16:06:00Z,2026-09-28T16:07:00Z,194.13,194.235,194.11,194.225
2026-09-28T16:07:00Z,2026-09-28T16:08:00Z,194.22,194.24,194.2,194.2
