from,to,open,high,low,close
2026-09-23T00:20:00Z,2026-09-23T00:25:00Z,30753.31,30757.5,30739.18,30756.37
2026-09-23T00:25:00Z,2026-09-23T00:30:00Z,30756.43,30762.62,30743.43,30745.06
2026-09-23T00:30:00Z,2026-09-23T00:35:00Z,30745,30757.21,30741.37,30745.75
2026-09-23T00:35:00Z,2026-09-23T00:40:00Z,30745.62,30754.22,30741.29,30749.62
2026-09-23T00:40:00Z,2026-09-23T00:45:00Z,30749.81,30755.83,30743.81,30746.37
2026-09-23T00:45:00Z,2026-09-23T00:50:00Z,30746.5,30751.93,30734.75,30735.06
2026-09-23T00:50:00Z,2026-09-23T00:55:00Z,30735.21,30741.81,30720.12,30721.92
2026-09-23T00:55:00Z,2026-09-23T01:00:00Z,30722.61,30730.25,30719.87,30729.87
2026-09-23T01:00:00Z,2026-09-23T01:05:00Z,30729.85,30733.31,30722.12,30729.06
2026-09-23T01:05:00Z,2026-09-23T01:10:00Z,30729.12,30744.75,30727.31,30737.5
2026-09-23T01:10:00Z,2026-09-23T01:15:00Z,30737.62,30737.97,30724.75,30733.5
2026-09-23T01:15:00Z,2026-09-23T01:20:00Z,30733.37,30743.21,30726.06,30742.69
2026-09-23T01:20:00Z,2026-09-23T01:25:00Z,30742.75,30753,30737.68,30752
2026-09-23T01:25:00Z,2026-09-23T01:30:00Z,30751.31,30764.06,30748,30760.06
2026-09-23T01:30:00Z,2026-09-23T01:35:00Z,30760,30764.52,30731.12,30738.5
2026-09-23T01:35:00Z,2026-09-23T01:40:00Z,30738.62,30741,30729.18,30733.37
2026-09-23T01:40:00Z,2026-09-23T01:45:00Z,30733.5,30734.68,30719.17,30721
2026-09-23T01:45:00Z,2026-09-23T01:50:00Z,30720.91,30729.94,30719.29,30722.18
2026-09-23T01:50:00Z,2026-09-23T01:55:00Z,30722.25,30726.46,30717.66,30723.62
2026-09-23T01:55:00Z,2026-09-23T02:00:00Z,30723.75,30727.17,30719.1,30722.66
2026-09-23T02:00:00Z,2026-09-23T02:05:00Z,30722.75,30728.06,30713.52,30721.93
2026-09-23T02:05:00Z,2026-09-23T02:10:00Z,30721.87,30724.37,30710.81,30711.87
2026-09-23T02:10:00Z,2026-09-23T02:15:00Z,30711.81,30712.83,30704.25,30708.5
2026-09-23T02:15:00Z,2026-09-23T02:20:00Z,30708.62,30719,30690.56,30708
2026-09-23T02:20:00Z,2026-09-23T02:25:00Z,30708.03,30723.87,30706.53,30718.37
2026-09-23T02:25:00Z,2026-09-23T02:30:00Z,30718.25,30727.12,30716.87,30719.37
2026-09-23T02:30:00Z,2026-09-23T02:35:00Z,30719.33,30723.28,30712,30716.33
2026-09-23T02:35:00Z,2026-09-23T02:40:00Z,30716.37,30719.12,30707.97,30709.19
2026-09-23T02:40:00Z,2026-09-23T02:45:00Z,30709.45,30714.5,30706.81,30708.67
2026-09-23T02:45:00Z,2026-09-23T02:50:00Z,30708.62,30720.5,30708.37,30716.6
2026-09-23T02:50:00Z,2026-09-23T02:55:00Z,30716.81,30718.28,30712.81,30717.94
2026-09-23T02:55:00Z,2026-09-23T03:00:00Z,30718,30718.62,30713.87,30715.31
2026-09-23T03:00:00Z,2026-09-23T03:05:00Z,30715.25,30715.79,30708.06,30710.69
2026-09-23T03:05:00Z,2026-09-23T03:10:00Z,30710.62,30713.09,30706.6,30709
2026-09-23T03:10:00Z,2026-09-23T03:15:00Z,30709.06,30714.75,30708.06,30712.87
2026-09-23T03:15:00Z,2026-09-23T03:20:00Z,30712.92,30714.37,30699.16,30703.79
2026-09-23T03:20:00Z,2026-09-23T03:25:00Z,30703.87,30718.67,30703.37,30714.31
2026-09-23T03:25:00Z,2026-09-23T03:30:00Z,30714.28,30721.29,30706.56,30707
2026-09-23T03:30:00Z,2026-09-23T03:35:00Z,30706.83,30720.87,30706.78,30720.87
2026-09-23T03:35:00Z,2026-09-23T03:40:00Z,30721,30721.85,30715.87,30718.62
2026-09-23T03:40:00Z,2026-09-23T03:45:00Z,30718.5,30733.2,30717.28,30726.5
2026-09-23T03:45:00Z,2026-09-23T03:50:00Z,30726.53,30730.31,30725.12,30727.06
2026-09-23T03:50:00Z,2026-09-23T03:55:00Z,30727,30732.21,30725.12,30732.21
2026-09-23T03:55:00Z,2026-09-23T04:00:00Z,30732.06,30732.29,30719.34,30720.19
2026-09-23T04:00:00Z,2026-09-23T04:05:00Z,30720.33,30731.79,30718.03,30731.31
2026-09-23T04:05:00Z,2026-09-23T04:10:00Z,30731.25,30741.69,30730.62,30738.81
2026-09-23T04:10:00Z,2026-09-23T04:15:00Z,30738.79,30741.01,30733.41,30738.37
2026-09-23T04:15:00Z,2026-09-23T04:20:00Z,30738.42,30744.22,30736.94,30744.22
2026-09-23T04:20:00Z,2026-09-23T04:25:00Z,30744.25,30751.69,30742.37,30747.19
2026-09-23T04:25:00Z,2026-09-23T04:30:00Z,30747.25,30750.5,30743.46,30746.31
2026-09-23T04:30:00Z,2026-09-23T04:35:00Z,30746.25,30755.1,30745.47,30752.75
2026-09-23T04:35:00Z,2026-09-23T04:40:00Z,30752.87,30758.97,30748.12,30750.79
2026-09-23T04:40:00Z,2026-09-23T04:45:00Z,30750.79,30757.56,30748.5,30755.87
2026-09-23T04:45:00Z,2026-09-23T04:50:00Z,30755.87,30758.58,30753.5,30756.62
2026-09-23T04:50:00Z,2026-09-23T04:55:00Z,30756.75,30757.56,30745.29,30747.12
2026-09-23T04:55:00Z,2026-09-23T05:00:00Z,30747,30749.12,30738.41,30742.25
2026-09-23T05:00:00Z,2026-09-23T05:05:00Z,30742.12,30744.25,30729.25,30735.62
2026-09-23T05:05:00Z,2026-09-23T05:10:00Z,30735.55,30740.94,30729.94,30739.62
2026-09-23T05:10:00Z,2026-09-23T05:15:00Z,30739.58,30746.06,30735.87,30740.25
2026-09-23T05:15:00Z,2026-09-23T05:20:00Z,30740.12,30749.75,30736.5,30738.93
2026-09-23T05:20:00Z,2026-09-23T05:25:00Z,30738.87,30738.87,30725.87,30728.37
2026-09-23T05:25:00Z,2026-09-23T05:30:00Z,30728.25,30743.75,30727.62,30741.37
2026-09-23T05:30:00Z,2026-09-23T05:35:00Z,30741.25,30745.45,30730.62,30733.62
2026-09-23T05:35:00Z,2026-09-23T05:40:00Z,30733.5,30743.69,30731.94,30740.25
2026-09-23T05:40:00Z,2026-09-23T05:45:00Z,30740.31,30746.62,30728.15,30735.62
2026-09-23T05:45:00Z,2026-09-23T05:50:00Z,30735.25,30749.19,30733.96,30735.92
2026-09-23T05:50:00Z,2026-09-23T05:55:00Z,30736.06,30751.31,30735.43,30745.68
2026-09-23T05:55:00Z,2026-09-23T06:00:00Z,30745.75,30747.62,30734.75,30735.62
2026-09-23T06:00:00Z,2026-09-23T06:05:00Z,30736,30759.31,30735.12,30750.62
2026-09-23T06:05:00Z,2026-09-23T06:10:00Z,30750.69,30761.33,30744.62,30747.12
2026-09-23T06:10:00Z,2026-09-23T06:15:00Z,30747.28,30764.83,30747.25,30764.66
2026-09-23T06:15:00Z,2026-09-23T06:20:00Z,30764.69,30765.41,30758.56,30762.53
2026-09-23T06:20:00Z,2026-09-23T06:25:00Z,30762.5,30764.69,30746.37,30757.37
2026-09-23T06:25:00Z,2026-09-23T06:30:00Z,30757.41,30768.44,30756.25,30763.87
2026-09-23T06:30:00Z,2026-09-23T06:35:00Z,30763.94,30788.37,30762.67,30787.81
2026-09-23T06:35:00Z,2026-09-23T06:40:00Z,30787.96,30801.63,30785.37,30797.62
2026-09-23T06:40:00Z,2026-09-23T06:45:00Z,30797.68,30798.25,30781.25,30789.93
2026-09-23T06:45:00Z,2026-09-23T06:50:00Z,30789.87,30789.93,30764.41,30787.12
2026-09-23T06:50:00Z,2026-09-23T06:55:00Z,30787,30787.87,30769.55,30770.87
2026-09-23T06:55:00Z,2026-09-23T07:00:00Z,30770.91,30771.87,30755.37,30757.06
2026-09-23T07:00:00Z,2026-09-23T07:05:00Z,30756.91,30762.12,30751.69,30759.37
2026-09-23T07:05:00Z,2026-09-23T07:10:00Z,30759.42,30760.12,30736.43,30738.08
2026-09-23T07:10:00Z,2026-09-23T07:15:00Z,30738,30754.37,30735.68,30752.37
2026-09-23T07:15:00Z,2026-09-23T07:20:00Z,30752.33,30755.19,30737.44,30742.87
2026-09-23T07:20:00Z,2026-09-23T07:25:00Z,30742.91,30747.31,30737.83,30742.62
2026-09-23T07:25:00Z,2026-09-23T07:30:00Z,30742.5,30759.49,30741.12,30759
2026-09-23T07:30:00Z,2026-09-23T07:35:00Z,30759.37,30768.59,30742.81,30746.87
2026-09-23T07:35:00Z,2026-09-23T07:40:00Z,30746.94,30761.81,30745,30748.22
2026-09-23T07:40:00Z,2026-09-23T07:45:00Z,30748.16,30757.46,30742.62,30744.34
2026-09-23T07:45:00Z,2026-09-23T07:50:00Z,30744.31,30752.12,30739.25,30750.43
2026-09-23T07:50:00Z,2026-09-23T07:55:00Z,30750.5,30756.12,30735.5,30737.87
2026-09-23T07:55:00Z,2026-09-23T08:00:00Z,30737.81,30745.98,30735.53,30741.62
2026-09-23T08:00:00Z,2026-09-23T08:05:00Z,30741.5,30754.01,30724.97,30726.12
2026-09-23T08:05:00Z,2026-09-23T08:10:00Z,30726.16,30747.72,30722.75,30743
2026-09-23T08:10:00Z,2026-09-23T08:15:00Z,30743.12,30750.71,30738.87,30746.12
2026-09-23T08:15:00Z,2026-09-23T08:20:00Z,30746,30750.87,30735.12,30748.37
2026-09-23T08:20:00Z,2026-09-23T08:25:00Z,30748.43,30758.5,30747.12,30756.62
2026-09-23T08:25:00Z,2026-09-23T08:30:00Z,30756.75,30758.37,30744.31,30746.42
2026-09-23T08:30:00Z,2026-09-23T08:35:00Z,30746.37,30752.66,30741.98,30742.5
2026-09-23T08:35:00Z,2026-09-23T08:40:00Z,30742.37,30744.12,30720.81,30728.87
2026-09-23T08:40:00Z,2026-09-23T08:45:00Z,30728.83,30731,30716.37,30721.28
2026-09-23T08:45:00Z,2026-09-23T08:50:00Z,30721.25,30724.93,30715.06,30723.76
2026-09-23T08:50:00Z,2026-09-23T08:55:00Z,30723.78,30724.37,30711.31,30717.62
2026-09-23T08:55:00Z,2026-09-23T09:00:00Z,30717.66,30728.37,30715.58,30723
2026-09-23T09:00:00Z,2026-09-23T09:05:00Z,30723.06,30733.19,30714.25,30717.62
2026-09-23T09:05:00Z,2026-09-23T09:10:00Z,30717.37,30734.37,30715.53,30732.62
2026-09-23T09:10:00Z,2026-09-23T09:15:00Z,30732.58,30733.12,30721.09,30724.06
2026-09-23T09:15:00Z,2026-09-23T09:20:00Z,30724.12,30728.5,30716.62,30727.62
2026-09-23T09:20:00Z,2026-09-23T09:25:00Z,30727.56,30738.47,30723.12,30737.5
2026-09-23T09:25:00Z,2026-09-23T09:30:00Z,30737.41,30741.25,30730.62,30731.31
2026-09-23T09:30:00Z,2026-09-23T09:35:00Z,30731.37,30740.28,30729.71,30733.37
2026-09-23T09:35:00Z,2026-09-23T09:40:00Z,30733.25,30740.66,30729.79,30732.62
2026-09-23T09:40:00Z,2026-09-23T09:45:00Z,30732.75,30734.26,30725.56,30726.12
2026-09-23T09:45:00Z,2026-09-23T09:50:00Z,30726.08,30726.08,30704.78,30713.12
2026-09-23T09:50:00Z,2026-09-23T09:55:00Z,30713.16,30723.83,30709.62,30721.45
2026-09-23T09:55:00Z,2026-09-23T10:00:00Z,30721.31,30722.62,30713.94,30719.46
2026-09-23T10:00:00Z,2026-09-23T10:05:00Z,30719.5,30730.75,30716.86,30727.42
2026-09-23T10:05:00Z,2026-09-23T10:10:00Z,30727.56,30734.12,30725.44,30731.5
2026-09-23T10:10:00Z,2026-09-23T10:15:00Z,30731.37,30738.75,30725.94,30736.37
2026-09-23T10:15:00Z,2026-09-23T10:20:00Z,30736.31,30745.18,30735.37,30744.47
2026-09-23T10:20:00Z,2026-09-23T10:25:00Z,30744.5,30744.69,30727.85,30733.16
2026-09-23T10:25:00Z,2026-09-23T10:30:00Z,30733.21,30740.62,30730.37,30740.44
2026-09-23T10:30:00Z,2026-09-23T10:35:00Z,30740.29,30742.72,30729.25,30729.5
2026-09-23T10:35:00Z,2026-09-23T10:40:00Z,30729.56,30738.12,30722.5,30736.58
2026-09-23T10:40:00Z,2026-09-23T10:45:00Z,30736.62,30736.68,30723.25,30728.37
2026-09-23T10:45:00Z,2026-09-23T10:50:00Z,30728.5,30729.12,30719.56,30725.94
2026-09-23T10:50:00Z,2026-09-23T10:55:00Z,30726,30734.5,30720.91,30732.55
2026-09-23T10:55:00Z,2026-09-23T11:00:00Z,30732.5,30739.71,30732.31,30735
2026-09-23T11:00:00Z,2026-09-23T11:05:00Z,30735.53,30736.12,30711.06,30713.69
2026-09-23T11:05:00Z,2026-09-23T11:10:00Z,30713.72,30713.72,30700.29,30708.31
2026-09-23T11:10:00Z,2026-09-23T11:15:00Z,30708.25,30713.5,30703.62,30708.91
2026-09-23T11:15:00Z,2026-09-23T11:20:00Z,30709,30718.25,30699.23,30701.12
2026-09-23T11:20:00Z,2026-09-23T11:25:00Z,30701.28,30702.25,30664.62,30669.37
2026-09-23T11:25:00Z,2026-09-23T11:30:00Z,30669.43,30676.31,30657.5,30659.37
2026-09-23T11:30:00Z,2026-09-23T11:35:00Z,30659.87,30661.43,30640.06,30643.12
2026-09-23T11:35:00Z,2026-09-23T11:40:00Z,30643.19,30644.58,30621.56,30636.31
2026-09-23T11:40:00Z,2026-09-23T11:45:00Z,30636.43,30639.75,30618.34,30633.19
2026-09-23T11:45:00Z,2026-09-23T11:50:00Z,30633.12,30666.71,30632.34,30662.6
2026-09-23T11:50:00Z,2026-09-23T11:55:00Z,30662.62,30663.19,30650.87,30657.62
2026-09-23T11:55:00Z,2026-09-23T12:00:00Z,30657.5,30670.19,30653.94,30666.16
2026-09-23T12:00:00Z,2026-09-23T12:05:00Z,30666.12,30672.54,30645.98,30648.37
2026-09-23T12:05:00Z,2026-09-23T12:10:00Z,30648.33,30659.75,30643.12,30650.5
2026-09-23T12:10:00Z,2026-09-23T12:15:00Z,30650.62,30653.83,30631.81,30638.16
2026-09-23T12:15:00Z,2026-09-23T12:20:00Z,30638.12,30643.47,30627.08,30636.06
2026-09-23T12:20:00Z,2026-09-23T12:25:00Z,30636.12,30656.62,30632.44,30656.25
2026-09-23T12:25:00Z,2026-09-23T12:30:00Z,30656.31,30658.31,30644.87,30654.72
2026-09-23T12:30:00Z,2026-09-23T12:35:00Z,30654.75,30665.09,30651.37,30658.12
2026-09-23T12:35:00Z,2026-09-23T12:40:00Z,30658.25,30664.75,30652.7,30663
2026-09-23T12:40:00Z,2026-09-23T12:45:00Z,30663.12,30668.38,30655.71,30655.96
2026-09-23T12:45:00Z,2026-09-23T12:50:00Z,30655.88,30673.16,30654.71,30663.22
2026-09-23T12:50:00Z,2026-09-23T12:55:00Z,30663.25,30667,30658.79,30662.75
2026-09-23T12:55:00Z,2026-09-23T13:00:00Z,30662.81,30677.03,30655.12,30674.72
2026-09-23T13:00:00Z,2026-09-23T13:05:00Z,30674.69,30677.53,30656.31,30659.69
2026-09-23T13:05:00Z,2026-09-23T13:10:00Z,30659.75,30662.69,30651.21,30656
2026-09-23T13:10:00Z,2026-09-23T13:15:00Z,30656.04,30672.42,30653.91,30669.54
2026-09-23T13:15:00Z,2026-09-23T13:20:00Z,30669.5,30680.6,30668.41,30675.04
2026-09-23T13:20:00Z,2026-09-23T13:25:00Z,30675.09,30686.48,30673.53,30677.7
2026-09-23T13:25:00Z,2026-09-23T13:30:00Z,30678.18,30713,30677.17,30713
2026-09-23T13:30:00Z,2026-09-23T13:35:00Z,30712.51,30719.62,30633.5,30633.5
2026-09-23T13:35:00Z,2026-09-23T13:40:00Z,30633.48,30663.29,30608.96,30622.12
2026-09-23T13:40:00Z,2026-09-23T13:45:00Z,30621.87,30631.19,30611.87,30618.85
2026-09-23T13:45:00Z,2026-09-23T13:50:00Z,30618.5,30628.87,30568.12,30587.25
2026-09-23T13:50:00Z,2026-09-23T13:55:00Z,30586.84,30594.84,30549.31,30556.15
2026-09-23T13:55:00Z,2026-09-23T14:00:00Z,30556.29,30570,30540.04,30553.79
2026-09-23T14:00:00Z,2026-09-23T14:05:00Z,30553.83,30577.47,30525.96,30538.38
2026-09-23T14:05:00Z,2026-09-23T14:10:00Z,30538.31,30548.2,30473.28,30475.06
2026-09-23T14:10:00Z,2026-09-23T14:15:00Z,30475.23,30479.7,30410.97,30426.5
2026-09-23T14:15:00Z,2026-09-23T14:20:00Z,30426.54,30448.66,30378,30379.46
2026-09-23T14:20:00Z,2026-09-23T14:25:00Z,30379.58,30406.79,30352.14,30380.42
2026-09-23T14:25:00Z,2026-09-23T14:30:00Z,30380.45,30401.44,30350.06,30386.54
2026-09-23T14:30:00Z,2026-09-23T14:35:00Z,30386.69,30429.48,30365.57,30427.16
2026-09-23T14:35:00Z,2026-09-23T14:40:00Z,30427.08,30445.5,30394.25,30404.06
2026-09-23T14:40:00Z,2026-09-23T14:45:00Z,30403.81,30429.51,30397.5,30427
2026-09-23T14:45:00Z,2026-09-23T14:50:00Z,30426.79,30446.29,30425.79,30439.54
2026-09-23T14:50:00Z,2026-09-23T14:55:00Z,30439.5,30531.87,30419.82,30520.23
2026-09-23T14:55:00Z,2026-09-23T15:00:00Z,30520.02,30533.38,30501.03,30528.81
2026-09-23T15:00:00Z,2026-09-23T15:05:00Z,30528.79,30534.3,30501.63,30510.19
2026-09-23T15:05:00Z,2026-09-23T15:10:00Z,30510.17,30520.84,30497.75,30510.78
2026-09-23T15:10:00Z,2026-09-23T15:15:00Z,30510.71,30512.25,30490.2,30494.08
2026-09-23T15:15:00Z,2026-09-23T15:20:00Z,30494.03,30507.18,30463.06,30492.5
2026-09-23T15:20:00Z,2026-09-23T15:25:00Z,30492.62,30524.24,30486.5,30516.19
2026-09-23T15:25:00Z,2026-09-23T15:30:00Z,30516.15,30523.94,30476.27,30479.29
2026-09-23T15:30:00Z,2026-09-23T15:35:00Z,30479.16,30488.81,30470.92,30478.78
2026-09-23T15:35:00Z,2026-09-23T15:40:00Z,30478.76,30484.91,30465.06,30473.79
2026-09-23T15:40:00Z,2026-09-23T15:45:00Z,30473.98,30490.38,30461.54,30486.75
2026-09-23T15:45:00Z,2026-09-23T15:50:00Z,30486.73,30492.58,30439.51,30446.96
2026-09-23T15:50:00Z,2026-09-23T15:55:00Z,30446.98,30460.45,30430.32,30460.43
2026-09-23T15:55:00Z,2026-09-23T16:00:00Z,30461.03,30464.09,30444.21,30453.31
2026-09-23T16:00:00Z,2026-09-23T16:05:00Z,30453.41,30454.75,30434.13,30447.69
2026-09-23T16:05:00Z,2026-09-23T16:10:00Z,30447.75,30457.9,30438.31,30452.1
2026-09-23T16:10:00Z,2026-09-23T16:15:00Z,30452.13,30457.79,30444.95,30452.48
2026-09-23T16:15:00Z,2026-09-23T16:20:00Z,30452.42,30463.13,30433.21,30444.75
2026-09-23T16:20:00Z,2026-09-23T16:25:00Z,30444.73,30445.18,30422.73,30432.71
2026-09-23T16:25:00Z,2026-09-23T16:30:00Z,30432.75,30442.68,30425.63,30430
2026-09-23T16:30:00Z,2026-09-23T16:35:00Z,30430.02,30457.9,30430.02,30448.75
2026-09-23T16:35:00Z,2026-09-23T16:40:00Z,30448.73,30455.78,30431.97,30435.18
2026-09-23T16:40:00Z,2026-09-23T16:45:00Z,30435.08,30436.31,30402.43,30402.5
2026-09-23T16:45:00Z,2026-09-23T16:50:00Z,30402.54,30427.44,30395.02,30402.17
2026-09-23T16:50:00Z,2026-09-23T16:55:00Z,30402.18,30402.67,30375.04,30378.5
2026-09-23T16:55:00Z,2026-09-23T17:00:00Z,30378.6,30402.67,30376.29,30394.42
2026-09-23T17:00:00Z,2026-09-23T17:05:00Z,30394.16,30415.91,30353.42,30365
2026-09-23T17:05:00Z,2026-09-23T17:10:00Z,30365.04,30388.81,30360.74,30383.31
2026-09-23T17:10:00Z,2026-09-23T17:15:00Z,30383.38,30386.31,30363.3,30378.2
2026-09-23T17:15:00Z,2026-09-23T17:20:00Z,30378.25,30431.72,30372.79,30429.71
2026-09-23T17:20:00Z,2026-09-23T17:25:00Z,30429.69,30431.73,30388.4,30389.08
2026-09-23T17:25:00Z,2026-09-23T17:30:00Z,30389.15,30398.04,30382.94,30388.96
2026-09-23T17:30:00Z,2026-09-23T17:35:00Z,30388.91,30409.68,30379.88,30407.56
2026-09-23T17:35:00Z,2026-09-23T17:40:00Z,30407.6,30412.67,30393.49,30403.54
2026-09-23T17:40:00Z,2026-09-23T17:45:00Z,30403.5,30463.21,30392.46,30455.94
2026-09-23T17:45:00Z,2026-09-23T17:50:00Z,30455.96,30470.7,30444.41,30456.69
2026-09-23T17:50:00Z,2026-09-23T17:55:00Z,30456.84,30466.48,30447.28,30458.91
2026-09-23T17:55:00Z,2026-09-23T18:00:00Z,30459.25,30481.25,30455,30477.88
2026-09-23T18:00:00Z,2026-09-23T18:05:00Z,30478.4,30479,30434.81,30437.06
2026-09-23T18:05:00Z,2026-09-23T18:10:00Z,30437.17,30455.13,30433.25,30446.13
2026-09-23T18:10:00Z,2026-09-23T18:15:00Z,30445.79,30454.19,30443.25,30452.4
2026-09-23T18:15:00Z,2026-09-23T18:20:00Z,30452.54,30476.08,30448.53,30466.88
2026-09-23T18:20:00Z,2026-09-23T18:25:00Z,30467.08,30469.75,30453.71,30467.46
2026-09-23T18:25:00Z,2026-09-23T18:30:00Z,30467.44,30471.44,30457.4,30462.58
2026-09-23T18:30:00Z,2026-09-23T18:35:00Z,30462.6,30464.21,30447.44,30454.54
2026-09-23T18:35:00Z,2026-09-23T18:40:00Z,30454.5,30461.29,30434.54,30438.96
2026-09-23T18:40:00Z,2026-09-23T18:45:00Z,30439,30459.04,30439,30454.31
2026-09-23T18:45:00Z,2026-09-23T18:50:00Z,30454.29,30470.4,30448.12,30469.07
2026-09-23T18:50:00Z,2026-09-23T18:55:00Z,30469.08,30475.43,30452.66,30457.07
2026-09-23T18:55:00Z,2026-09-23T19:00:00Z,30457.06,30473.58,30454.83,30469.28
2026-09-23T19:00:00Z,2026-09-23T19:05:00Z,30469.31,30473.83,30449.59,30450.5
2026-09-23T19:05:00Z,2026-09-23T19:10:00Z,30450.5,30489.48,30448.27,30476.54
2026-09-23T19:10:00Z,2026-09-23T19:15:00Z,30476.56,30481.38,30460.53,30469.44
2026-09-23T19:15:00Z,2026-09-23T19:20:00Z,30469.38,30472.31,30448.66,30458.31
2026-09-23T19:20:00Z,2026-09-23T19:25:00Z,30458.15,30458.5,30448.54,30456.73
2026-09-23T19:25:00Z,2026-09-23T19:30:00Z,30456.72,30464.33,30451.79,30460.56
2026-09-23T19:30:00Z,2026-09-23T19:35:00Z,30460.48,30482.1,30454.5,30479.67
2026-09-23T19:35:00Z,2026-09-23T19:40:00Z,30479.63,30479.68,30463.8,30471.34
2026-09-23T19:40:00Z,2026-09-23T19:45:00Z,30471.33,30478.03,30436.23,30453.31
2026-09-23T19:45:00Z,2026-09-23T19:50:00Z,30452.96,30474.5,30449.71,30474.25
2026-09-23T19:50:00Z,2026-09-23T19:55:00Z,30474.14,30474.43,30419.5,30426.6
2026-09-23T19:55:00Z,2026-09-23T20:00:00Z,30426.94,30485.66,30426.64,30482.71
2026-09-23T20:00:00Z,2026-09-23T20:05:00Z,30482.91,30483.41,30465.62,30469.35
2026-09-23T20:05:00Z,2026-09-23T20:10:00Z,30469.19,30471.04,30461.25,30468.25
2026-09-23T20:10:00Z,2026-09-23T20:15:00Z,30468.2,30470.54,30458.79,30459.75
2026-09-23T20:15:00Z,2026-09-23T20:20:00Z,30459.68,30467.16,30457.44,30466.37
2026-09-23T20:20:00Z,2026-09-23T20:25:00Z,30466.41,30471.32,30465.16,30469.91
2026-09-23T20:25:00Z,2026-09-23T20:30:00Z,30469.81,30471.94,30464.75,30470.62
2026-09-23T20:30:00Z,2026-09-23T20:35:00Z,30470.56,30475.5,30467.15,30468.31
2026-09-23T20:35:00Z,2026-09-23T20:40:00Z,30468.46,30479.91,30467.06,30477.91
2026-09-23T20:40:00Z,2026-09-23T20:45:00Z,30477.81,30481.65,30475.63,30481.29
2026-09-23T20:45:00Z,2026-09-23T20:50:00Z,30481.27,30483.72,30475,30475.31
2026-09-23T20:50:00Z,2026-09-23T20:55:00Z,30475.38,30481.41,30475.25,30480.29
2026-09-23T20:55:00Z,2026-09-23T21:00:00Z,30480.37,30483.88,30475,30482.67
2026-09-23T22:00:00Z,2026-09-23T22:05:00Z,30482.67,30513.5,30482.67,30499.97
2026-09-23T22:05:00Z,2026-09-23T22:10:00Z,30499.96,30514.5,30486.82,30512
2026-09-23T22:10:00Z,2026-09-23T22:15:00Z,30512.64,30514.23,30507.62,30512.75
2026-09-23T22:15:00Z,2026-09-23T22:20:00Z,30512.87,30521.12,30499.87,30500.37
2026-09-23T22:20:00Z,2026-09-23T22:25:00Z,30500.5,30503.48,30494.75,30501.04
2026-09-23T22:25:00Z,2026-09-23T22:30:00Z,30501.52,30501.75,30491.91,30493.67
2026-09-23T22:30:00Z,2026-09-23T22:35:00Z,30493.66,30508.18,30489,30498.98
2026-09-23T22:35:00Z,2026-09-23T22:40:00Z,30499.12,30499.12,30488.75,30494.25
2026-09-23T22:40:00Z,2026-09-23T22:45:00Z,30494.25,30506.77,30492.75,30503.74
2026-09-23T22:45:00Z,2026-09-23T22:50:00Z,30503.57,30506,30496.43,30504.12
2026-09-23T22:50:00Z,2026-09-23T22:55:00Z,30504.16,30509.06,30500.62,30502.41
2026-09-23T22:55:00Z,2026-09-23T23:00:00Z,30502.5,30504.33,30498.94,30502.08
2026-09-23T23:00:00Z,2026-09-23T23:05:00Z,30502,30506.85,30498.47,30504.1
2026-09-23T23:05:00Z,2026-09-23T23:10:00Z,30504.12,30504.17,30499.25,30502.87
2026-09-23T23:10:00Z,2026-09-23T23:15:00Z,30502.79,30503.37,30491.94,30494.37
2026-09-23T23:15:00Z,2026-09-23T23:20:00Z,30494.41,30500.62,30483,30490.12
2026-09-23T23:20:00Z,2026-09-23T23:25:00Z,30490,30491.66,30477.29,30478.75
2026-09-23T23:25:00Z,2026-09-23T23:30:00Z,30478.85,30481.62,30471.5,30478.5
2026-09-23T23:30:00Z,2026-09-23T23:35:00Z,30478.62,30480.25,30469.64,30476.37
2026-09-23T23:35:00Z,2026-09-23T23:40:00Z,30476.41,30481.37,30471.75,30479.58
2026-09-23T23:40:00Z,2026-09-23T23:45:00Z,30479.62,30484.9,30470.25,30474.58
2026-09-23T23:45:00Z,2026-09-23T23:50:00Z,30474.62,30479.75,30461.87,30462.25
2026-09-23T23:50:00Z,2026-09-23T23:55:00Z,30462.17,30477.68,30455.83,30474.37
2026-09-23T23:55:00Z,2026-09-24T00:00:00Z,30474.42,30474.62,30460.87,30461.12
2026-09-24T00:00:00Z,2026-09-24T00:05:00Z,30461,30468.87,30450.5,30462.75
2026-09-24T00:05:00Z,2026-09-24T00:10:00Z,30462.68,30464.62,30450.58,30452.25
2026-09-24T00:10:00Z,2026-09-24T00:15:00Z,30452.12,30452.62,30429.54,30436.37
2026-09-24T00:15:00Z,2026-09-24T00:20:00Z,30436.31,30454.37,30433.37,30453
2026-09-24T00:20:00Z,2026-09-24T00:25:00Z,30452.91,30457.75,30434.75,30441.75
2026-09-24T00:25:00Z,2026-09-24T00:30:00Z,30442.25,30445.62,30436.08,30443
2026-09-24T00:30:00Z,2026-09-24T00:35:00Z,30442.66,30457.17,30437.56,30454.12
2026-09-24T00:35:00Z,2026-09-24T00:40:00Z,30454.28,30454.62,30441.96,30443.83
2026-09-24T00:40:00Z,2026-09-24T00:45:00Z,30443.75,30444.08,30426.66,30429.62
2026-09-24T00:45:00Z,2026-09-24T00:50:00Z,30429.75,30430.19,30413.75,30424.5
2026-09-24T00:50:00Z,2026-09-24T00:55:00Z,30424.78,30428.71,30412.81,30415.94
2026-09-24T00:55:00Z,2026-09-24T01:00:00Z,30415.87,30439.25,30414.42,30434.12
2026-09-24T01:00:00Z,2026-09-24T01:05:00Z,30434.08,30452.5,30431.5,30449.87
2026-09-24T01:05:00Z,2026-09-24T01:10:00Z,30449.66,30466.17,30438.56,30458.41
2026-09-24T01:10:00Z,2026-09-24T01:15:00Z,30458.44,30462.89,30445.83,30462.56
2026-09-24T01:15:00Z,2026-09-24T01:20:00Z,30462.5,30462.69,30451.12,30456.37
2026-09-24T01:20:00Z,2026-09-24T01:25:00Z,30456.41,30459.5,30449.31,30450.87
2026-09-24T01:25:00Z,2026-09-24T01:30:00Z,30450.91,30454.15,30440.69,30445.42
2026-09-24T01:30:00Z,2026-09-24T01:35:00Z,30445.37,30467.94,30441.12,30464.12
2026-09-24T01:35:00Z,2026-09-24T01:40:00Z,30464,30467.71,30452.75,30456.06
2026-09-24T01:40:00Z,2026-09-24T01:45:00Z,30456.25,30465,30443.37,30443.87
2026-09-24T01:45:00Z,2026-09-24T01:50:00Z,30443.71,30446.62,30427.62,30436.16
2026-09-24T01:50:00Z,2026-09-24T01:55:00Z,30436.12,30454.9,30422.04,30446.25
2026-09-24T01:55:00Z,2026-09-24T02:00:00Z,30446.58,30453.56,30439,30451.37
2026-09-24T02:00:00Z,2026-09-24T02:05:00Z,30451.25,30457.83,30439.37,30440.12
2026-09-24T02:05:00Z,2026-09-24T02:10:00Z,30440.08,30440.15,30416.83,30422
2026-09-24T02:10:00Z,2026-09-24T02:15:00Z,30421.87,30436.69,30421.66,30433.33
2026-09-24T02:15:00Z,2026-09-24T02:20:00Z,30433.19,30449.97,30432.25,30446.66
2026-09-24T02:20:00Z,2026-09-24T02:25:00Z,30446.75,30447.58,30437.96,30441.5
2026-09-24T02:25:00Z,2026-09-24T02:30:00Z,30441.58,30443.68,30432.33,30437.28
2026-09-24T02:30:00Z,2026-09-24T02:35:00Z,30437.18,30453.31,30434.92,30448.62
2026-09-24T02:35:00Z,2026-09-24T02:40:00Z,30448.65,30454.25,30444.28,30446.25
2026-09-24T02:40:00Z,2026-09-24T02:45:00Z,30446.16,30454.83,30446.06,30453.06
2026-09-24T02:45:00Z,2026-09-24T02:50:00Z,30453.08,30454.9,30446.91,30451.16
2026-09-24T02:50:00Z,2026-09-24T02:55:00Z,30451.25,30452.37,30445.5,30452.06
2026-09-24T02:55:00Z,2026-09-24T03:00:00Z,30452.12,30454.89,30447.12,30449.12
2026-09-24T03:00:00Z,2026-09-24T03:05:00Z,30449.08,30449.94,30439.12,30442.83
2026-09-24T03:05:00Z,2026-09-24T03:10:00Z,30442.87,30443.12,30414.34,30418.16
2026-09-24T03:10:00Z,2026-09-24T03:15:00Z,30418.12,30428.18,30412.81,30427.09
2026-09-24T03:15:00Z,2026-09-24T03:20:00Z,30427.12,30430.78,30418.56,30425.37
2026-09-24T03:20:00Z,2026-09-24T03:25:00Z,30425.33,30429.12,30418.87,30423
2026-09-24T03:25:00Z,2026-09-24T03:30:00Z,30422.91,30427.87,30411.28,30414.37
2026-09-24T03:30:00Z,2026-09-24T03:35:00Z,30414.21,30416.73,30406.87,30412
2026-09-24T03:35:00Z,2026-09-24T03:40:00Z,30411.91,30415.08,30406.53,30414.62
2026-09-24T03:40:00Z,2026-09-24T03:45:00Z,30414.65,30414.65,30396.25,30400.78
2026-09-24T03:45:00Z,2026-09-24T03:50:00Z,30400.75,30412.55,30397.87,30411.06
2026-09-24T03:50:00Z,2026-09-24T03:55:00Z,30411.12,30415.46,30404.75,30412.75
2026-09-24T03:55:00Z,2026-09-24T04:00:00Z,30412.8,30416.58,30407.75,30415.06
2026-09-24T04:00:00Z,2026-09-24T04:05:00Z,30415.05,30415.66,30366.265,30373.44
2026-09-24T04:05:00Z,2026-09-24T04:10:00Z,30373.62,30380.83,30366.41,30372.37
2026-09-24T04:10:00Z,2026-09-24T04:15:00Z,30372.33,30376.93,30361.66,30366.41
2026-09-24T04:15:00Z,2026-09-24T04:20:00Z,30366.37,30374.94,30359.28,30364.37
2026-09-24T04:20:00Z,2026-09-24T04:25:00Z,30364.41,30377.69,30362.62,30366.75
2026-09-24T04:25:00Z,2026-09-24T04:30:00Z,30366.87,30384.69,30363.37,30384.06
2026-09-24T04:30:00Z,2026-09-24T04:35:00Z,30384,30404.12,30381.12,30401.42
2026-09-24T04:35:00Z,2026-09-24T04:40:00Z,30401.56,30407.5,30397.62,30400.87
2026-09-24T04:40:00Z,2026-09-24T04:45:00Z,30401,30401.83,30385.25,30389.62
2026-09-24T04:45:00Z,2026-09-24T04:50:00Z,30390.09,30390.09,30382,30387.62
2026-09-24T04:50:00Z,2026-09-24T04:55:00Z,30387.75,30389,30382.75,30386.44
2026-09-24T04:55:00Z,2026-09-24T05:00:00Z,30386.5,30396.56,30386.5,30394.16
2026-09-24T05:00:00Z,2026-09-24T05:05:00Z,30393.87,30414.92,30393.87,30412.08
2026-09-24T05:05:00Z,2026-09-24T05:10:00Z,30411.87,30423.62,30407.94,30411.37
2026-09-24T05:10:00Z,2026-09-24T05:15:00Z,30411.25,30411.62,30396.57,30399.42
2026-09-24T05:15:00Z,2026-09-24T05:20:00Z,30399.37,30404.87,30395.12,30404.55
2026-09-24T05:20:00Z,2026-09-24T05:25:00Z,30404.5,30406.5,30388.08,30393.25
2026-09-24T05:25:00Z,2026-09-24T05:30:00Z,30393,30416.06,30392.25,30414.67
2026-09-24T05:30:00Z,2026-09-24T05:35:00Z,30414.75,30417.87,30404.12,30406.37
2026-09-24T05:35:00Z,2026-09-24T05:40:00Z,30406.43,30408.5,30393.25,30396.94
2026-09-24T05:40:00Z,2026-09-24T05:45:00Z,30396.87,30406,30377.56,30378.46
2026-09-24T05:45:00Z,2026-09-24T05:50:00Z,30378.25,30378.62,30365.72,30368.37
2026-09-24T05:50:00Z,2026-09-24T05:55:00Z,30368.25,30377.78,30364.25,30365.31
2026-09-24T05:55:00Z,2026-09-24T06:00:00Z,30365.37,30365.37,30315.71,30316.17
2026-09-24T06:00:00Z,2026-09-24T06:05:00Z,30316.17,30318.62,30280.12,30283.12
2026-09-24T06:05:00Z,2026-09-24T06:10:00Z,30283,30322.81,30273.12,30318.27
2026-09-24T06:10:00Z,2026-09-24T06:15:00Z,30318.37,30335.5,30308.12,30327.12
2026-09-24T06:15:00Z,2026-09-24T06:20:00Z,30327,30339.08,30319.08,30321.12
2026-09-24T06:20:00Z,2026-09-24T06:25:00Z,30321.17,30321.69,30291.12,30307.31
2026-09-24T06:25:00Z,2026-09-24T06:30:00Z,30307.25,30315.75,30297.62,30308.03
2026-09-24T06:30:00Z,2026-09-24T06:35:00Z,30308.09,30308.53,30286.08,30290.75
2026-09-24T06:35:00Z,2026-09-24T06:40:00Z,30290.68,30295.5,30275.25,30280.67
2026-09-24T06:40:00Z,2026-09-24T06:45:00Z,30280.75,30300.25,30270.56,30286.62
2026-09-24T06:45:00Z,2026-09-24T06:50:00Z,30286.58,30296.66,30280.16,30288.12
2026-09-24T06:50:00Z,2026-09-24T06:55:00Z,30288.08,30290.75,30261.87,30262.37
2026-09-24T06:55:00Z,2026-09-24T07:00:00Z,30262.31,30266.01,30243.67,30249.58
2026-09-24T07:00:00Z,2026-09-24T07:05:00Z,30249.44,30267.565,30221.5,30246.81
2026-09-24T07:05:00Z,2026-09-24T07:10:00Z,30246.67,30297.16,30233.97,30292.66
2026-09-24T07:10:00Z,2026-09-24T07:15:00Z,30292.81,30302.82,30283.25,30302.37
2026-09-24T07:15:00Z,2026-09-24T07:20:00Z,30302.33,30309.42,30285,30305.12
2026-09-24T07:20:00Z,2026-09-24T07:25:00Z,30305.06,30306,30289.91,30291.62
2026-09-24T07:25:00Z,2026-09-24T07:30:00Z,30291.5,30315.5,30282.87,30314.12
2026-09-24T07:30:00Z,2026-09-24T07:35:00Z,30314.54,30328,30309.35,30318.02
2026-09-24T07:35:00Z,2026-09-24T07:40:00Z,30318.07,30339.31,30314,30330.28
2026-09-24T07:40:00Z,2026-09-24T07:45:00Z,30330.12,30335.12,30318.87,30329.37
2026-09-24T07:45:00Z,2026-09-24T07:50:00Z,30329.5,30331.75,30312.06,30315.7
2026-09-24T07:50:00Z,2026-09-24T07:55:00Z,30315.81,30318.66,30302.37,30307.75
2026-09-24T07:55:00Z,2026-09-24T08:00:00Z,30307.87,30307.87,30266.75,30266.83
2026-09-24T08:00:00Z,2026-09-24T08:05:00Z,30266.75,30297.69,30241,30252.48
2026-09-24T08:05:00Z,2026-09-24T08:10:00Z,30252.53,30259.92,30233.28,30238.91
2026-09-24T08:10:00Z,2026-09-24T08:15:00Z,30238.87,30239.5,30187.98,30195.45
2026-09-24T08:15:00Z,2026-09-24T08:20:00Z,30195.5,30219.06,30187.62,30199.25
2026-09-24T08:20:00Z,2026-09-24T08:25:00Z,30199,30199,30180.96,30191.37
2026-09-24T08:25:00Z,2026-09-24T08:30:00Z,30191.62,30201.17,30161.5,30163.7
2026-09-24T08:30:00Z,2026-09-24T08:35:00Z,30163.87,30205.16,30156.75,30158.75
2026-09-24T08:35:00Z,2026-09-24T08:40:00Z,30158.73,30160.62,30139.37,30158.62
2026-09-24T08:40:00Z,2026-09-24T08:45:00Z,30158.7,30165.97,30139,30155.12
2026-09-24T08:45:00Z,2026-09-24T08:50:00Z,30155.06,30164.62,30120.08,30122.72
2026-09-24T08:50:00Z,2026-09-24T08:55:00Z,30122.69,30142.45,30115.14,30130.37
2026-09-24T08:55:00Z,2026-09-24T09:00:00Z,30130.5,30143.43,30124.75,30141.18
2026-09-24T09:00:00Z,2026-09-24T09:05:00Z,30141.12,30162.37,30134.12,30146.75
2026-09-24T09:05:00Z,2026-09-24T09:10:00Z,30146.66,30162.68,30135.16,30146.75
2026-09-24T09:10:00Z,2026-09-24T09:15:00Z,30146.87,30156.25,30126.08,30140.53
2026-09-24T09:15:00Z,2026-09-24T09:20:00Z,30140.43,30152.41,30129.92,30150
2026-09-24T09:20:00Z,2026-09-24T09:25:00Z,30150.08,30163.87,30142.74,30162.62
2026-09-24T09:25:00Z,2026-09-24T09:30:00Z,30162.56,30172.15,30145.12,30150.58
2026-09-24T09:30:00Z,2026-09-24T09:35:00Z,30150.44,30152.75,30131.62,30144.98
2026-09-24T09:35:00Z,2026-09-24T09:40:00Z,30145,30147.87,30114.18,30119.75
2026-09-24T09:40:00Z,2026-09-24T09:45:00Z,30119.72,30123.58,30078.37,30085.22
2026-09-24T09:45:00Z,2026-09-24T09:50:00Z,30085.18,30116.37,30079.93,30115.5
2026-09-24T09:50:00Z,2026-09-24T09:55:00Z,30115.44,30128.91,30110,30126.37
2026-09-24T09:55:00Z,2026-09-24T10:00:00Z,30126.41,30145.75,30126.12,30145
2026-09-24T10:00:00Z,2026-09-24T10:05:00Z,30144.87,30158.65,30133.62,30135.25
2026-09-24T10:05:00Z,2026-09-24T10:10:00Z,30135.12,30138.41,30124.3,30130.75
2026-09-24T10:10:00Z,2026-09-24T10:15:00Z,30130.87,30152.52,30128.81,30145.5
2026-09-24T10:15:00Z,2026-09-24T10:20:00Z,30145.62,30167.75,30142.17,30152.47
2026-09-24T10:20:00Z,2026-09-24T10:25:00Z,30152.52,30155.75,30126.83,30128.75
2026-09-24T10:25:00Z,2026-09-24T10:30:00Z,30128.83,30156.62,30122.33,30140.58
2026-09-24T10:30:00Z,2026-09-24T10:35:00Z,30140.62,30163.27,30128.96,30160.5
2026-09-24T10:35:00Z,2026-09-24T10:40:00Z,30160.62,30187.68,30158.12,30184.25
2026-09-24T10:40:00Z,2026-09-24T10:45:00Z,30184.17,30192.62,30179.93,30186.37
2026-09-24T10:45:00Z,2026-09-24T10:50:00Z,30186.31,30230.12,30179.3,30227.37
2026-09-24T10:50:00Z,2026-09-24T10:55:00Z,30227.25,30231.12,30187.62,30188.12
2026-09-24T10:55:00Z,2026-09-24T11:00:00Z,30188,30201.12,30180.93,30196.75
2026-09-24T11:00:00Z,2026-09-24T11:05:00Z,30196.67,30211.69,30187.87,30189
2026-09-24T11:05:00Z,2026-09-24T11:10:00Z,30189.05,30195.08,30172.5,30179.92
2026-09-24T11:10:00Z,2026-09-24T11:15:00Z,30180.62,30198.87,30164.06,30197.18
2026-09-24T11:15:00Z,2026-09-24T11:20:00Z,30197.12,30220.67,30186.87,30191.75
2026-09-24T11:20:00Z,2026-09-24T11:25:00Z,30191.69,30205.78,30184.06,30202.66
2026-09-24T11:25:00Z,2026-09-24T11:30:00Z,30202.62,30202.75,30178.44,30179
2026-09-24T11:30:00Z,2026-09-24T11:35:00Z,30179.06,30209.06,30178.49,30179.12
2026-09-24T11:35:00Z,2026-09-24T11:40:00Z,30179.08,30179.33,30155,30158.12
2026-09-24T11:40:00Z,2026-09-24T11:45:00Z,30158.06,30160.25,30151.44,30160
2026-09-24T11:45:00Z,2026-09-24T11:50:00Z,30159.94,30160.12,30136.07,30137.18
2026-09-24T11:50:00Z,2026-09-24T11:55:00Z,30137.12,30154.31,30137,30152.69
2026-09-24T11:55:00Z,2026-09-24T12:00:00Z,30152.53,30182.12,30139.62,30170.93
2026-09-24T12:00:00Z,2026-09-24T12:05:00Z,30170.97,30175.62,30133.87,30146.37
2026-09-24T12:05:00Z,2026-09-24T12:10:00Z,30146.5,30170.58,30146.12,30165.08
2026-09-24T12:10:00Z,2026-09-24T12:15:00Z,30165.06,30195.25,30164.42,30190.12
2026-09-24T12:15:00Z,2026-09-24T12:20:00Z,30190.2,30209.12,30185.81,30203.33
2026-09-24T12:20:00Z,2026-09-24T12:25:00Z,30203.37,30217.25,30197.22,30208.5
2026-09-24T12:25:00Z,2026-09-24T12:30:00Z,30208.37,30212.65,30163.77,30181
2026-09-24T12:30:00Z,2026-09-24T12:35:00Z,30180.87,30187.83,30144.18,30145.69
2026-09-24T12:35:00Z,2026-09-24T12:40:00Z,30146,30149.12,30128.7,30144.56
2026-09-24T12:40:00Z,2026-09-24T12:45:00Z,30144.75,30186.81,30143.06,30180.75
2026-09-24T12:45:00Z,2026-09-24T12:50:00Z,30180.68,30189.04,30170.41,30182.31
2026-09-24T12:50:00Z,2026-09-24T12:55:00Z,30182.37,30190.75,30166.05,30190.29
2026-09-24T12:55:00Z,2026-09-24T13:00:00Z,30190.21,30205.46,30182.87,30194.62
2026-09-24T13:00:00Z,2026-09-24T13:05:00Z,30194.66,30218.5,30193.25,30206.56
2026-09-24T13:05:00Z,2026-09-24T13:10:00Z,30206.62,30210.28,30193,30209.28
2026-09-24T13:10:00Z,2026-09-24T13:15:00Z,30209.35,30227.33,30208.79,30218.12
2026-09-24T13:15:00Z,2026-09-24T13:20:00Z,30217.94,30230.58,30210.45,30226.94
2026-09-24T13:20:00Z,2026-09-24T13:25:00Z,30226.87,30227.87,30211.87,30218.19
2026-09-24T13:25:00Z,2026-09-24T13:30:00Z,30218.12,30233.53,30207.54,30227.37
2026-09-24T13:30:00Z,2026-09-24T13:35:00Z,30227.37,30257.88,30201.29,30247.88
2026-09-24T13:35:00Z,2026-09-24T13:40:00Z,30247.85,30314.45,30243.96,30303.91
2026-09-24T13:40:00Z,2026-09-24T13:45:00Z,30303.84,30305.54,30266.69,30291.6
2026-09-24T13:45:00Z,2026-09-24T13:50:00Z,30291.56,30330.67,30274.46,30284.06
2026-09-24T13:50:00Z,2026-09-24T13:55:00Z,30284.44,30297.23,30243.5,30252.46
2026-09-24T13:55:00Z,2026-09-24T14:00:00Z,30253.33,30290.79,30239.9,30287.75
2026-09-24T14:00:00Z,2026-09-24T14:05:00Z,30287.7,30319.21,30278.31,30314.59
2026-09-24T14:05:00Z,2026-09-24T14:10:00Z,30314.54,30324.5,30300.13,30307.09
2026-09-24T14:10:00Z,2026-09-24T14:15:00Z,30307.19,30307.81,30274,30294.43
2026-09-24T14:15:00Z,2026-09-24T14:20:00Z,30293.72,30309.83,30270.63,30304.25
2026-09-24T14:20:00Z,2026-09-24T14:25:00Z,30304.2,30324.58,30298.08,30309.67
2026-09-24T14:25:00Z,2026-09-24T14:30:00Z,30309.56,30345.94,30303.28,30338.33
2026-09-24T14:30:00Z,2026-09-24T14:35:00Z,30338.45,30339.94,30310.79,30338.17
2026-09-24T14:35:00Z,2026-09-24T14:40:00Z,30338.18,30346.71,30306.25,30315.42
2026-09-24T14:40:00Z,2026-09-24T14:45:00Z,30315.31,30323.66,30280.46,30287.53
2026-09-24T14:45:00Z,2026-09-24T14:50:00Z,30287.5,30314.6,30277.06,30300.35
2026-09-24T14:50:00Z,2026-09-24T14:55:00Z,30300.37,30321.73,30265.85,30272.59
2026-09-24T14:55:00Z,2026-09-24T15:00:00Z,30272.69,30274.03,30240.83,30250.12
2026-09-24T15:00:00Z,2026-09-24T15:05:00Z,30249.93,30280.66,30247.34,30261.56
2026-09-24T15:05:00Z,2026-09-24T15:10:00Z,30261.75,30265.75,30222.94,30224.93
2026-09-24T15:10:00Z,2026-09-24T15:15:00Z,30224.92,30245.6,30212.17,30218.96
2026-09-24T15:15:00Z,2026-09-24T15:20:00Z,30218.88,30254.81,30214,30226.06
2026-09-24T15:20:00Z,2026-09-24T15:25:00Z,30226.04,30265.48,30218.17,30262.79
2026-09-24T15:25:00Z,2026-09-24T15:30:00Z,30262.75,30263.56,30215.29,30221.66
2026-09-24T15:30:00Z,2026-09-24T15:35:00Z,30221.69,30234.23,30210.59,30229.38
2026-09-24T15:35:00Z,2026-09-24T15:40:00Z,30229.68,30251.82,30223.25,30233.5
2026-09-24T15:40:00Z,2026-09-24T15:45:00Z,30233.94,30248.56,30217.92,30245.44
2026-09-24T15:45:00Z,2026-09-24T15:50:00Z,30245.46,30257.93,30214.56,30224.25
2026-09-24T15:50:00Z,2026-09-24T15:55:00Z,30224.28,30275.79,30222.71,30274.6
2026-09-24T15:55:00Z,2026-09-24T16:00:00Z,30274.68,30277.25,30254.23,30262.38
2026-09-24T16:00:00Z,2026-09-24T16:05:00Z,30262.31,30264.96,30231.85,30248
2026-09-24T16:05:00Z,2026-09-24T16:10:00Z,30247.6,30250.08,30225.03,30231.4
2026-09-24T16:10:00Z,2026-09-24T16:15:00Z,30231.38,30266.37,30214.77,30266.3
2026-09-24T16:15:00Z,2026-09-24T16:20:00Z,30266.62,30455.71,30264.87,30390.36
2026-09-24T16:20:00Z,2026-09-24T16:25:00Z,30390.41,30416.12,30379.71,30397.21
2026-09-24T16:25:00Z,2026-09-24T16:30:00Z,30397.35,30417.88,30359.5,30405.25
2026-09-24T16:30:00Z,2026-09-24T16:35:00Z,30405.54,30409.62,30369.5,30392.59
2026-09-24T16:35:00Z,2026-09-24T16:40:00Z,30392.56,30455.83,30388.87,30454.88
2026-09-24T16:40:00Z,2026-09-24T16:45:00Z,30454.91,30522.48,30446.29,30455
2026-09-24T16:45:00Z,2026-09-24T16:50:00Z,30454.53,30500.18,30433.75,30493.81
2026-09-24T16:50:00Z,2026-09-24T16:55:00Z,30493.88,30513.53,30458.21,30471.25
2026-09-24T16:55:00Z,2026-09-24T17:00:00Z,30471.21,30523.73,30467.5,30500.25
2026-09-24T17:00:00Z,2026-09-24T17:05:00Z,30500.04,30526.11,30467.5,30515.29
2026-09-24T17:05:00Z,2026-09-24T17:10:00Z,30515.25,30535.27,30497.71,30499.45
2026-09-24T17:10:00Z,2026-09-24T17:15:00Z,30499.43,30503.84,30464.96,30498.16
2026-09-24T17:15:00Z,2026-09-24T17:20:00Z,30498.2,30501,30454.08,30454.87
2026-09-24T17:20:00Z,2026-09-24T17:25:00Z,30454.81,30468.75,30441.31,30444.54
2026-09-24T17:25:00Z,2026-09-24T17:30:00Z,30444.5,30448,30408.37,30443.37
2026-09-24T17:30:00Z,2026-09-24T17:35:00Z,30443.41,30468.6,30425.06,30425.91
2026-09-24T17:35:00Z,2026-09-24T17:40:00Z,30426.04,30434.65,30406.33,30420.54
2026-09-24T17:40:00Z,2026-09-24T17:45:00Z,30420.63,30431.47,30379.71,30380.71
2026-09-24T17:45:00Z,2026-09-24T17:50:00Z,30380.85,30416.31,30373.75,30409.75
2026-09-24T17:50:00Z,2026-09-24T17:55:00Z,30409.79,30413.31,30378.94,30389.75
2026-09-24T17:55:00Z,2026-09-24T18:00:00Z,30389.87,30413.4,30380.56,30404.81
2026-09-24T18:00:00Z,2026-09-24T18:05:00Z,30404.83,30406.58,30330.13,30334.85
2026-09-24T18:05:00Z,2026-09-24T18:10:00Z,30335.04,30398.73,30334.54,30391.54
2026-09-24T18:10:00Z,2026-09-24T18:15:00Z,30391.56,30412.75,30385.71,30403.65
2026-09-24T18:15:00Z,2026-09-24T18:20:00Z,30403.75,30437.35,30398.75,30421.91
2026-09-24T18:20:00Z,2026-09-24T18:25:00Z,30421.62,30430.17,30401.61,30425.88
2026-09-24T18:25:00Z,2026-09-24T18:30:00Z,30425.86,30460.68,30423.53,30448.54
2026-09-24T18:30:00Z,2026-09-24T18:35:00Z,30448.5,30454.29,30425.23,30425.38
2026-09-24T18:35:00Z,2026-09-24T18:40:00Z,30425.44,30490.12,30411.53,30461.06
2026-09-24T18:40:00Z,2026-09-24T18:45:00Z,30461.23,30461.25,30432.93,30444.93
2026-09-24T18:45:00Z,2026-09-24T18:50:00Z,30445.04,30460,30444.21,30455.47
2026-09-24T18:50:00Z,2026-09-24T18:55:00Z,30455.41,30484.07,30452.19,30474.31
2026-09-24T18:55:00Z,2026-09-24T19:00:00Z,30474.21,30500.4,30473.33,30487.77
2026-09-24T19:00:00Z,2026-09-24T19:05:00Z,30487.79,30491.56,30434.5,30442.09
2026-09-24T19:05:00Z,2026-09-24T19:10:00Z,30442.06,30456.84,30440.06,30447
2026-09-24T19:10:00Z,2026-09-24T19:15:00Z,30447.04,30452.2,30432.31,30434.46
2026-09-24T19:15:00Z,2026-09-24T19:20:00Z,30434.47,30476.38,30434.19,30470.06
2026-09-24T19:20:00Z,2026-09-24T19:25:00Z,30470.04,30476.68,30457.83,30474.96
2026-09-24T19:25:00Z,2026-09-24T19:30:00Z,30474.88,30480.25,30453.63,30458.1
2026-09-24T19:30:00Z,2026-09-24T19:35:00Z,30458.18,30476.38,30455.15,30475.6
2026-09-24T19:35:00Z,2026-09-24T19:40:00Z,30475.56,30476.13,30456.38,30471.09
2026-09-24T19:40:00Z,2026-09-24T19:45:00Z,30471.07,30477.67,30458.18,30461.04
2026-09-24T19:45:00Z,2026-09-24T19:50:00Z,30461,30469.98,30454.28,30455.66
2026-09-24T19:50:00Z,2026-09-24T19:55:00Z,30455.71,30498.1,30455.48,30487.31
2026-09-24T19:55:00Z,2026-09-24T20:00:00Z,30487.29,30490.5,30465.5,30465.72
2026-09-24T20:00:00Z,2026-09-24T20:05:00Z,30465.03,30470.08,30431,30435.68
2026-09-24T20:05:00Z,2026-09-24T20:10:00Z,30435.69,30442.25,30431.78,30436.96
2026-09-24T20:10:00Z,2026-09-24T20:15:00Z,30436.91,30437.85,30404.41,30406.25
2026-09-24T20:15:00Z,2026-09-24T20:20:00Z,30406.15,30416.5,30380.37,30388.01
2026-09-24T20:20:00Z,2026-09-24T20:25:00Z,30388,30390.76,30378.44,30380.93
2026-09-24T20:25:00Z,2026-09-24T20:30:00Z,30381,30388.08,30370.66,30374.69
2026-09-24T20:30:00Z,2026-09-24T20:35:00Z,30374.75,30392.56,30371.87,30388.03
2026-09-24T20:35:00Z,2026-09-24T20:40:00Z,30388,30397.87,30386.09,30397.58
2026-09-24T20:40:00Z,2026-09-24T20:45:00Z,30397.68,30415.82,30394.38,30413.62
2026-09-24T20:45:00Z,2026-09-24T20:50:00Z,30413.75,30426.8,30413.28,30425
2026-09-24T20:50:00Z,2026-09-24T20:55:00Z,30425.53,30435.65,30423.9,30435.57
2026-09-24T20:55:00Z,2026-09-24T21:00:00Z,30435.52,30447.64,30431.28,30443.66
2026-09-24T22:00:00Z,2026-09-24T22:05:00Z,30443.66,30470.87,30428.87,30457.12
2026-09-24T22:05:00Z,2026-09-24T22:10:00Z,30457.25,30458.25,30421.18,30444.37
2026-09-24T22:10:00Z,2026-09-24T22:15:00Z,30444.25,30447.33,30437.75,30438.37
2026-09-24T22:15:00Z,2026-09-24T22:20:00Z,30438.48,30442.12,30433.37,30433.37
2026-09-24T22:20:00Z,2026-09-24T22:25:00Z,30433.41,30434.62,30425.37,30426.75
2026-09-24T22:25:00Z,2026-09-24T22:30:00Z,30426.73,30428.16,30417.87,30423
2026-09-24T22:30:00Z,2026-09-24T22:35:00Z,30423.12,30434.57,30420.77,30430.5
2026-09-24T22:35:00Z,2026-09-24T22:40:00Z,30430.62,30435.75,30429.75,30430.25
2026-09-24T22:40:00Z,2026-09-24T22:45:00Z,30430.37,30447.01,30428.37,30444
2026-09-24T22:45:00Z,2026-09-24T22:50:00Z,30443.98,30445.75,30435.5,30443.23
2026-09-24T22:50:00Z,2026-09-24T22:55:00Z,30443.25,30446.26,30441.62,30443.37
2026-09-24T22:55:00Z,2026-09-24T23:00:00Z,30443.25,30447.52,30438.75,30441.32
2026-09-24T23:00:00Z,2026-09-24T23:05:00Z,30441.37,30447.37,30439.42,30444.98
2026-09-24T23:05:00Z,2026-09-24T23:10:00Z,30445,30447.77,30426.52,30433.52
2026-09-24T23:10:00Z,2026-09-24T23:15:00Z,30433.77,30434.75,30423.12,30429.16
2026-09-24T23:15:00Z,2026-09-24T23:20:00Z,30429.31,30433.2,30424.87,30427.81
2026-09-24T23:20:00Z,2026-09-24T23:25:00Z,30427.8,30438,30423.67,30437.42
2026-09-24T23:25:00Z,2026-09-24T23:30:00Z,30437.37,30444.87,30433.75,30437.59
2026-09-24T23:30:00Z,2026-09-24T23:35:00Z,30437.72,30443.83,30437.59,30439.37
2026-09-24T23:35:00Z,2026-09-24T23:40:00Z,30439.31,30443.18,30435.33,30437.91
2026-09-24T23:40:00Z,2026-09-24T23:45:00Z,30437.87,30438.25,30419.66,30420.12
2026-09-24T23:45:00Z,2026-09-24T23:50:00Z,30420.1,30425.69,30408.99,30414.5
2026-09-24T23:50:00Z,2026-09-24T23:55:00Z,30414.37,30416.08,30399.12,30404.75
2026-09-24T23:55:00Z,2026-09-25T00:00:00Z,30404.66,30407.87,30396.41,30399.42
2026-09-25T00:00:00Z,2026-09-25T00:05:00Z,30399.37,30429.62,30398.56,30419
2026-09-25T00:05:00Z,2026-09-25T00:10:00Z,30418.87,30420.5,30396.75,30411.25
2026-09-25T00:10:00Z,2026-09-25T00:15:00Z,30411.37,30416.16,30398.75,30408.92
2026-09-25T00:15:00Z,2026-09-25T00:20:00Z,30408.87,30413.5,30394.75,30405.27
2026-09-25T00:20:00Z,2026-09-25T00:25:00Z,30405.41,30436,30403.37,30432.37
2026-09-25T00:25:00Z,2026-09-25T00:30:00Z,30432.33,30439.25,30422.08,30425.81
2026-09-25T00:30:00Z,2026-09-25T00:35:00Z,30425.66,30428.75,30413.12,30417.92
2026-09-25T00:35:00Z,2026-09-25T00:40:00Z,30417.87,30421.62,30394.37,30403.25
2026-09-25T00:40:00Z,2026-09-25T00:45:00Z,30403.12,30417.41,30401.87,30412.58
2026-09-25T00:45:00Z,2026-09-25T00:50:00Z,30412.43,30419.81,30406.24,30415.75
2026-09-25T00:50:00Z,2026-09-25T00:55:00Z,30415.73,30417.75,30397.72,30411.75
2026-09-25T00:55:00Z,2026-09-25T01:00:00Z,30411.62,30416.66,30402.62,30410
2026-09-25T01:00:00Z,2026-09-25T01:05:00Z,30409.91,30422.87,30396.64,30421.12
2026-09-25T01:05:00Z,2026-09-25T01:10:00Z,30421.08,30434.45,30407.87,30428.91
2026-09-25T01:10:00Z,2026-09-25T01:15:00Z,30428.87,30485.92,30428.12,30476.75
2026-09-25T01:15:00Z,2026-09-25T01:20:00Z,30476.87,30501.53,30473.5,30483.75
2026-09-25T01:20:00Z,2026-09-25T01:25:00Z,30483.87,30500.95,30481.37,30488.62
2026-09-25T01:25:00Z,2026-09-25T01:30:00Z,30488.65,30500.12,30484.25,30487.25
2026-09-25T01:30:00Z,2026-09-25T01:35:00Z,30487.31,30490.16,30466.22,30467.67
2026-09-25T01:35:00Z,2026-09-25T01:40:00Z,30467.62,30504.37,30462.52,30503
2026-09-25T01:40:00Z,2026-09-25T01:45:00Z,30502.87,30520.31,30499.72,30510.25
2026-09-25T01:45:00Z,2026-09-25T01:50:00Z,30510.12,30513.44,30496.37,30509.87
2026-09-25T01:50:00Z,2026-09-25T01:55:00Z,30509.75,30511,30490.48,30492.62
2026-09-25T01:55:00Z,2026-09-25T02:00:00Z,30492.75,30502.78,30483.25,30502.5
2026-09-25T02:00:00Z,2026-09-25T02:05:00Z,30502.62,30508.59,30495.41,30506.37
2026-09-25T02:05:00Z,2026-09-25T02:10:00Z,30506.25,30522.14,30505.37,30518.08
2026-09-25T02:10:00Z,2026-09-25T02:15:00Z,30518,30521.67,30506.37,30509.33
2026-09-25T02:15:00Z,2026-09-25T02:20:00Z,30509.04,30520.62,30506.94,30518.69
2026-09-25T02:20:00Z,2026-09-25T02:25:00Z,30518.64,30526.12,30516.04,30516.18
2026-09-25T02:25:00Z,2026-09-25T02:30:00Z,30516.22,30516.29,30496.91,30498.25
2026-09-25T02:30:00Z,2026-09-25T02:35:00Z,30497.87,30500.68,30477.75,30479
2026-09-25T02:35:00Z,2026-09-25T02:40:00Z,30479.12,30486.25,30473.08,30485.25
2026-09-25T02:40:00Z,2026-09-25T02:45:00Z,30485.23,30506.58,30483.75,30499.5
2026-09-25T02:45:00Z,2026-09-25T02:50:00Z,30499.62,30501.08,30481.28,30483.5
2026-09-25T02:50:00Z,2026-09-25T02:55:00Z,30483.37,30497.37,30476.83,30496.41
2026-09-25T02:55:00Z,2026-09-25T03:00:00Z,30496.37,30503.25,30491.58,30503.19
2026-09-25T03:00:00Z,2026-09-25T03:05:00Z,30503.12,30504.5,30492.08,30497.5
2026-09-25T03:05:00Z,2026-09-25T03:10:00Z,30497.56,30523.15,30497.56,30518.81
2026-09-25T03:10:00Z,2026-09-25T03:15:00Z,30518.75,30518.75,30507.4,30514.62
2026-09-25T03:15:00Z,2026-09-25T03:20:00Z,30514.5,30521.03,30500.47,30511.37
2026-09-25T03:20:00Z,2026-09-25T03:25:00Z,30511.25,30520.12,30510.62,30512.81
2026-09-25T03:25:00Z,2026-09-25T03:30:00Z,30512.69,30515,30504.37,30506
2026-09-25T03:30:00Z,2026-09-25T03:35:00Z,30505.94,30513.42,30502.41,30509.87
2026-09-25T03:35:00Z,2026-09-25T03:40:00Z,30509.91,30519.87,30504.31,30519.62
2026-09-25T03:40:00Z,2026-09-25T03:45:00Z,30519.67,30525.18,30496.42,30496.56
2026-09-25T03:45:00Z,2026-09-25T03:50:00Z,30496.62,30502.62,30486.62,30499
2026-09-25T03:50:00Z,2026-09-25T03:55:00Z,30498.98,30505.12,30492.52,30496.83
2026-09-25T03:55:00Z,2026-09-25T04:00:00Z,30496.87,30506.37,30495.3,30503.41
2026-09-25T04:00:00Z,2026-09-25T04:05:00Z,30503.37,30506,30484.62,30490.23
2026-09-25T04:05:00Z,2026-09-25T04:10:00Z,30490.08,30493.72,30479.87,30487.5
2026-09-25T04:10:00Z,2026-09-25T04:15:00Z,30487.37,30493.16,30483.81,30486.67
2026-09-25T04:15:00Z,2026-09-25T04:20:00Z,30486.52,30493.37,30480,30483.75
2026-09-25T04:20:00Z,2026-09-25T04:25:00Z,30483.78,30490.5,30478.79,30489.27
2026-09-25T04:25:00Z,2026-09-25T04:30:00Z,30489.41,30493.28,30481.62,30486.87
2026-09-25T04:30:00Z,2026-09-25T04:35:00Z,30486.77,30495.56,30482,30494
2026-09-25T04:35:00Z,2026-09-25T04:40:00Z,30493.87,30502.03,30491.25,30500.25
2026-09-25T04:40:00Z,2026-09-25T04:45:00Z,30500.37,30504.08,30493.75,30495.25
2026-09-25T04:45:00Z,2026-09-25T04:50:00Z,30495.37,30503.62,30494.33,30497.37
2026-09-25T04:50:00Z,2026-09-25T04:55:00Z,30497.31,30503.83,30489.12,30495.16
2026-09-25T04:55:00Z,2026-09-25T05:00:00Z,30495.12,30496,30479.62,30490.5
2026-09-25T05:00:00Z,2026-09-25T05:05:00Z,30490.45,30505.28,30488,30502.25
2026-09-25T05:05:00Z,2026-09-25T05:10:00Z,30502.33,30521.28,30499.83,30519.58
2026-09-25T05:10:00Z,2026-09-25T05:15:00Z,30519.44,30525.5,30512.41,30513.75
2026-09-25T05:15:00Z,2026-09-25T05:20:00Z,30513.98,30524.66,30512.53,30515.5
2026-09-25T05:20:00Z,2026-09-25T05:25:00Z,30515.62,30519.33,30501.62,30502.25
2026-09-25T05:25:00Z,2026-09-25T05:30:00Z,30502.12,30521.18,30501.37,30518
2026-09-25T05:30:00Z,2026-09-25T05:35:00Z,30518.08,30560.67,30514.44,30550.12
2026-09-25T05:35:00Z,2026-09-25T05:40:00Z,30550,30564.68,30550,30560.91
2026-09-25T05:40:00Z,2026-09-25T05:45:00Z,30560.87,30578.37,30557.37,30578.12
2026-09-25T05:45:00Z,2026-09-25T05:50:00Z,30577.91,30580.54,30563.72,30564.87
2026-09-25T05:50:00Z,2026-09-25T05:55:00Z,30565,30576.87,30563.91,30576.12
2026-09-25T05:55:00Z,2026-09-25T06:00:00Z,30576.17,30576.17,30558.3,30562.37
2026-09-25T06:00:00Z,2026-09-25T06:05:00Z,30561.87,30578.69,30561.62,30576.33
2026-09-25T06:05:00Z,2026-09-25T06:10:00Z,30576.37,30587.83,30573.12,30586.33
2026-09-25T06:10:00Z,2026-09-25T06:15:00Z,30586.37,30602.2,30585.08,30599.62
2026-09-25T06:15:00Z,2026-09-25T06:20:00Z,30599.5,30612.63,30593.12,30607.75
2026-09-25T06:20:00Z,2026-09-25T06:25:00Z,30607.83,30616.87,30603.18,30609.75
2026-09-25T06:25:00Z,2026-09-25T06:30:00Z,30609.83,30613.06,30585.21,30592.69
2026-09-25T06:30:00Z,2026-09-25T06:35:00Z,30592.75,30603.75,30587,30603.12
2026-09-25T06:35:00Z,2026-09-25T06:40:00Z,30603.08,30604.08,30589.8,30593.66
2026-09-25T06:40:00Z,2026-09-25T06:45:00Z,30593.62,30600.3,30587.62,30592.5
2026-09-25T06:45:00Z,2026-09-25T06:50:00Z,30592.37,30598.37,30576.77,30587.12
2026-09-25T06:50:00Z,2026-09-25T06:55:00Z,30587.25,30590.2,30576.31,30586.33
2026-09-25T06:55:00Z,2026-09-25T07:00:00Z,30586.25,30594.25,30576.62,30578.87
2026-09-25T07:00:00Z,2026-09-25T07:05:00Z,30579.12,30599.87,30577.54,30584.12
2026-09-25T07:05:00Z,2026-09-25T07:10:00Z,30584,30600.06,30578.87,30590.87
2026-09-25T07:10:00Z,2026-09-25T07:15:00Z,30590.92,30609.48,30583.47,30606.62
2026-09-25T07:15:00Z,2026-09-25T07:20:00Z,30606.67,30614.75,30592.62,30597.48
2026-09-25T07:20:00Z,2026-09-25T07:25:00Z,30597.5,30603.75,30588.12,30594.75
2026-09-25T07:25:00Z,2026-09-25T07:30:00Z,30594.69,30614.25,30583.71,30611.12
2026-09-25T07:30:00Z,2026-09-25T07:35:00Z,30614.17,30616.83,30573.87,30576.05
2026-09-25T07:35:00Z,2026-09-25T07:40:00Z,30575.97,30584.87,30571.21,30571.37
2026-09-25T07:40:00Z,2026-09-25T07:45:00Z,30571.5,30581.42,30567.87,30572.87
2026-09-25T07:45:00Z,2026-09-25T07:50:00Z,30572.94,30592.68,30572.56,30574.62
2026-09-25T07:50:00Z,2026-09-25T07:55:00Z,30574.67,30584.12,30571.25,30578.87
2026-09-25T07:55:00Z,2026-09-25T08:00:00Z,30578.75,30590.37,30574.94,30580.43
2026-09-25T08:00:00Z,2026-09-25T08:05:00Z,30579.41,30589.12,30555.62,30559.25
2026-09-25T08:05:00Z,2026-09-25T08:10:00Z,30559.37,30575.41,30550.12,30571.17
2026-09-25T08:10:00Z,2026-09-25T08:15:00Z,30571.12,30602.4,30569.25,30590.37
2026-09-25T08:15:00Z,2026-09-25T08:20:00Z,30590.25,30609,30590.12,30598.87
2026-09-25T08:20:00Z,2026-09-25T08:25:00Z,30598.91,30621.33,30596.87,30620.37
2026-09-25T08:25:00Z,2026-09-25T08:30:00Z,30620.5,30638.98,30608.29,30635
2026-09-25T08:30:00Z,2026-09-25T08:35:00Z,30634.87,30645.67,30627.33,30639.62
2026-09-25T08:35:00Z,2026-09-25T08:40:00Z,30639.5,30644.33,30623.5,30629.08
2026-09-25T08:40:00Z,2026-09-25T08:45:00Z,30628.87,30647.29,30628.5,30646
2026-09-25T08:45:00Z,2026-09-25T08:50:00Z,30645.87,30656.44,30645.31,30645.56
2026-09-25T08:50:00Z,2026-09-25T08:55:00Z,30645.83,30653.83,30642.96,30652.94
2026-09-25T08:55:00Z,2026-09-25T09:00:00Z,30653,30666.31,30653,30658.69
2026-09-25T09:00:00Z,2026-09-25T09:05:00Z,30658.62,30667.12,30653.81,30659.62
2026-09-25T09:05:00Z,2026-09-25T09:10:00Z,30659.69,30672.04,30658.22,30670.62
2026-09-25T09:10:00Z,2026-09-25T09:15:00Z,30670.75,30672,30662.5,30665.67
2026-09-25T09:15:00Z,2026-09-25T09:20:00Z,30665.62,30672.66,30660.68,30662.25
2026-09-25T09:20:00Z,2026-09-25T09:25:00Z,30662.19,30664.23,30652.12,30661.12
2026-09-25T09:25:00Z,2026-09-25T09:30:00Z,30661.08,30661.71,30649.52,30650.91
2026-09-25T09:30:00Z,2026-09-25T09:35:00Z,30651.06,30663.92,30642,30656.16
2026-09-25T09:35:00Z,2026-09-25T09:40:00Z,30656.12,30658.31,30646.75,30653.87
2026-09-25T09:40:00Z,2026-09-25T09:45:00Z,30653.83,30656.12,30644.62,30649.08
2026-09-25T09:45:00Z,2026-09-25T09:50:00Z,30649.06,30649.62,30628,30633.42
2026-09-25T09:50:00Z,2026-09-25T09:55:00Z,30633.37,30635.5,30623.95,30634.12
2026-09-25T09:55:00Z,2026-09-25T10:00:00Z,30634,30641.83,30628.25,30628.25
2026-09-25T10:00:00Z,2026-09-25T10:05:00Z,30628.5,30637.66,30617.34,30618.62
2026-09-25T10:05:00Z,2026-09-25T10:10:00Z,30618.55,30626.06,30612.62,30622.81
2026-09-25T10:10:00Z,2026-09-25T10:15:00Z,30622.75,30644.56,30621.62,30640
2026-09-25T10:15:00Z,2026-09-25T10:20:00Z,30639.87,30651.06,30639,30646.43
2026-09-25T10:20:00Z,2026-09-25T10:25:00Z,30646.58,30654.25,30639,30642.62
2026-09-25T10:25:00Z,2026-09-25T10:30:00Z,30642.73,30647.12,30639.31,30640.8
2026-09-25T10:30:00Z,2026-09-25T10:35:00Z,30640.81,30650.25,30629.87,30639.12
2026-09-25T10:35:00Z,2026-09-25T10:40:00Z,30639.18,30645.25,30624.21,30626.31
2026-09-25T10:40:00Z,2026-09-25T10:45:00Z,30626.17,30635.87,30623.5,30632.75
2026-09-25T10:45:00Z,2026-09-25T10:50:00Z,30632.87,30639.06,30624.58,30636
2026-09-25T10:50:00Z,2026-09-25T10:55:00Z,30635.9,30644.68,30626.95,30639.43
2026-09-25T10:55:00Z,2026-09-25T11:00:00Z,30639.37,30639.37,30626.62,30634.12
2026-09-25T11:00:00Z,2026-09-25T11:05:00Z,30634.37,30649.58,30625.44,30633.12
2026-09-25T11:05:00Z,2026-09-25T11:10:00Z,30633,30672.29,30632.81,30671.25
2026-09-25T11:10:00Z,2026-09-25T11:15:00Z,30671.12,30686.71,30667.93,30686.5
2026-09-25T11:15:00Z,2026-09-25T11:20:00Z,30686.04,30706.5,30685.12,30693.97
2026-09-25T11:20:00Z,2026-09-25T11:25:00Z,30694,30696.41,30687,30689.81
2026-09-25T11:25:00Z,2026-09-25T11:30:00Z,30689.87,30702.75,30686.25,30689
2026-09-25T11:30:00Z,2026-09-25T11:35:00Z,30688.87,30693.12,30681.87,30690.12
2026-09-25T11:35:00Z,2026-09-25T11:40:00Z,30690.18,30708.27,30671.37,30672.87
2026-09-25T11:40:00Z,2026-09-25T11:45:00Z,30673.12,30687.92,30673.08,30682.93
2026-09-25T11:45:00Z,2026-09-25T11:50:00Z,30682.94,30686.18,30679.23,30679.62
2026-09-25T11:50:00Z,2026-09-25T11:55:00Z,30679.75,30693.45,30674.79,30691.62
2026-09-25T11:55:00Z,2026-09-25T12:00:00Z,30691.58,30693.56,30672.29,30672.91
2026-09-25T12:00:00Z,2026-09-25T12:05:00Z,30672.87,30690.25,30668.12,30684.25
2026-09-25T12:05:00Z,2026-09-25T12:10:00Z,30684.16,30689.55,30672.81,30673.62
2026-09-25T12:10:00Z,2026-09-25T12:15:00Z,30673.33,30682.62,30655.37,30664.5
2026-09-25T12:15:00Z,2026-09-25T12:20:00Z,30664.44,30664.75,30628.81,30636.87
2026-09-25T12:20:00Z,2026-09-25T12:25:00Z,30636.62,30656.81,30631.62,30647.06
2026-09-25T12:25:00Z,2026-09-25T12:30:00Z,30647,30653.5,30640.31,30644.12
2026-09-25T12:30:00Z,2026-09-25T12:35:00Z,30644.06,30648.5,30617,30630.87
2026-09-25T12:35:00Z,2026-09-25T12:40:00Z,30630.75,30632,30616.05,30621.87
2026-09-25T12:40:00Z,2026-09-25T12:45:00Z,30622,30625.81,30589.87,30608.66
2026-09-25T12:45:00Z,2026-09-25T12:50:00Z,30608.91,30633.12,30590.97,30597.87
2026-09-25T12:50:00Z,2026-09-25T12:55:00Z,30598,30601.2,30583.81,30588.02
2026-09-25T12:55:00Z,2026-09-25T13:00:00Z,30587.96,30599.08,30583.57,30589.72
2026-09-25T13:00:00Z,2026-09-25T13:05:00Z,30589.69,30593.47,30565.81,30590.44
2026-09-25T13:05:00Z,2026-09-25T13:10:00Z,30590.5,30611.37,30589.96,30611.18
2026-09-25T13:10:00Z,2026-09-25T13:15:00Z,30611.12,30620.37,30607.25,30610.97
2026-09-25T13:15:00Z,2026-09-25T13:20:00Z,30610.91,30611.84,30570.56,30571.68
2026-09-25T13:20:00Z,2026-09-25T13:25:00Z,30571.7,30581.44,30568.13,30568.41
2026-09-25T13:25:00Z,2026-09-25T13:30:00Z,30568.44,30573.31,30532.54,30532.54
2026-09-25T13:30:00Z,2026-09-25T13:35:00Z,30531.71,30563.79,30479.74,30560.09
2026-09-25T13:35:00Z,2026-09-25T13:40:00Z,30560.5,30588.59,30555.5,30580.28
2026-09-25T13:40:00Z,2026-09-25T13:45:00Z,30579.66,30601.83,30563.56,30588
2026-09-25T13:45:00Z,2026-09-25T13:50:00Z,30588.34,30600.46,30559.78,30585.81
2026-09-25T13:50:00Z,2026-09-25T13:55:00Z,30585.84,30634.04,30577.94,30622.69
2026-09-25T13:55:00Z,2026-09-25T14:00:00Z,30622.71,30638.31,30590.66,30611.58
2026-09-25T14:00:00Z,2026-09-25T14:05:00Z,30611.75,30614.31,30510.33,30516.29
2026-09-25T14:05:00Z,2026-09-25T14:10:00Z,30515.91,30528,30464.53,30519
2026-09-25T14:10:00Z,2026-09-25T14:15:00Z,30518.97,30535,30447.37,30452.83
2026-09-25T14:15:00Z,2026-09-25T14:20:00Z,30453.12,30464.38,30396.5,30433.31
2026-09-25T14:20:00Z,2026-09-25T14:25:00Z,30433.29,30472,30421.24,30464.06
2026-09-25T14:25:00Z,2026-09-25T14:30:00Z,30464.03,30490.71,30438.69,30443.21
2026-09-25T14:30:00Z,2026-09-25T14:35:00Z,30443.12,30493.71,30431.29,30482.25
2026-09-25T14:35:00Z,2026-09-25T14:40:00Z,30482.18,30515.45,30473.71,30502.75
2026-09-25T14:40:00Z,2026-09-25T14:45:00Z,30503,30508.22,30450.95,30476.56
2026-09-25T14:45:00Z,2026-09-25T14:50:00Z,30477.25,30509.54,30455.25,30501.88
2026-09-25T14:50:00Z,2026-09-25T14:55:00Z,30501.81,30505.12,30463.5,30497.66
2026-09-25T14:55:00Z,2026-09-25T15:00:00Z,30498.04,30541.2,30494.75,30535.49
2026-09-25T15:00:00Z,2026-09-25T15:05:00Z,30535.19,30579.29,30525.81,30567.96
2026-09-25T15:05:00Z,2026-09-25T15:10:00Z,30567.94,30583.21,30556.78,30558.29
2026-09-25T15:10:00Z,2026-09-25T15:15:00Z,30558.28,30561.29,30518.22,30532.75
2026-09-25T15:15:00Z,2026-09-25T15:20:00Z,30532.71,30549.75,30515.78,30523.37
2026-09-25T15:20:00Z,2026-09-25T15:25:00Z,30523.58,30555.62,30512.67,30524.25
2026-09-25T15:25:00Z,2026-09-25T15:30:00Z,30524.29,30539.71,30515.89,30525.47
2026-09-25T15:30:00Z,2026-09-25T15:35:00Z,30525.25,30572.29,30524.04,30529.37
2026-09-25T15:35:00Z,2026-09-25T15:40:00Z,30529.44,30534.62,30475.94,30484.25
2026-09-25T15:40:00Z,2026-09-25T15:45:00Z,30484.46,30502.76,30462,30463.44
2026-09-25T15:45:00Z,2026-09-25T15:50:00Z,30463.46,30494.5,30447.44,30494.22
2026-09-25T15:50:00Z,2026-09-25T15:55:00Z,30494.16,30498,30443.34,30485.37
2026-09-25T15:55:00Z,2026-09-25T16:00:00Z,30485.41,30571.44,30485.16,30570
2026-09-25T16:00:00Z,2026-09-25T16:05:00Z,30569.34,30631.5,30558.5,30626.12
2026-09-25T16:05:00Z,2026-09-25T16:10:00Z,30626.03,30651.6,30617.83,30642.5
2026-09-25T16:10:00Z,2026-09-25T16:15:00Z,30642.46,30662,30621,30638.87
2026-09-25T16:15:00Z,2026-09-25T16:20:00Z,30639.06,30663.48,30606.25,30613.5
2026-09-25T16:20:00Z,2026-09-25T16:25:00Z,30613.56,30618.06,30551.17,30577.44
2026-09-25T16:25:00Z,2026-09-25T16:30:00Z,30577.56,30639.29,30573.53,30636.94
2026-09-25T16:30:00Z,2026-09-25T16:35:00Z,30636.96,30644.46,30579.06,30591.94
2026-09-25T16:35:00Z,2026-09-25T16:40:00Z,30591.87,30628.62,30589.2,30610.19
2026-09-25T16:40:00Z,2026-09-25T16:45:00Z,30610.13,30633.5,30598.79,30617
2026-09-25T16:45:00Z,2026-09-25T16:50:00Z,30616.96,30619.43,30576.58,30593.47
2026-09-25T16:50:00Z,2026-09-25T16:55:00Z,30593.41,30610.37,30589.19,30604.37
2026-09-25T16:55:00Z,2026-09-25T17:00:00Z,30604.41,30614.85,30574.38,30589.79
2026-09-25T17:00:00Z,2026-09-25T17:05:00Z,30589.75,30632.22,30585.14,30622.19
2026-09-25T17:05:00Z,2026-09-25T17:10:00Z,30622.13,30629.25,30601.78,30623.81
2026-09-25T17:10:00Z,2026-09-25T17:15:00Z,30623.88,30634.5,30603.83,30634.35
2026-09-25T17:15:00Z,2026-09-25T17:20:00Z,30634.31,30638.66,30618.29,30623.41
2026-09-25T17:20:00Z,2026-09-25T17:25:00Z,30623.38,30636.85,30621.63,30635.31
2026-09-25T17:25:00Z,2026-09-25T17:30:00Z,30635.35,30636.77,30623.08,30630.13
2026-09-25T17:30:00Z,2026-09-25T17:35:00Z,30630.09,30635.13,30601.73,30611.44
2026-09-25T17:35:00Z,2026-09-25T17:40:00Z,30611.46,30624.58,30598.44,30615.2
2026-09-25T17:40:00Z,2026-09-25T17:45:00Z,30615.25,30634.44,30613.62,30617.5
2026-09-25T17:45:00Z,2026-09-25T17:50:00Z,30617.41,30630.9,30611.46,30630.1
2026-09-25T17:50:00Z,2026-09-25T17:55:00Z,30630.06,30630.54,30602.79,30612.1
2026-09-25T17:55:00Z,2026-09-25T18:00:00Z,30612.15,30624,30609.92,30623.98
2026-09-25T18:00:00Z,2026-09-25T18:05:00Z,30623.9,30628.69,30615.67,30617
2026-09-25T18:05:00Z,2026-09-25T18:10:00Z,30616.78,30626.65,30608.83,30624.78
2026-09-25T18:10:00Z,2026-09-25T18:15:00Z,30624.85,30641.08,30617.25,30640.2
2026-09-25T18:15:00Z,2026-09-25T18:20:00Z,30640.21,30642.18,30625.94,30631.53
2026-09-25T18:20:00Z,2026-09-25T18:25:00Z,30631.5,30634.23,30622.31,30629.42
2026-09-25T18:25:00Z,2026-09-25T18:30:00Z,30629.33,30634.18,30583.35,30603.21
2026-09-25T18:30:00Z,2026-09-25T18:35:00Z,30603.13,30628.53,30603,30618.13
2026-09-25T18:35:00Z,2026-09-25T18:40:00Z,30618.25,30620.58,30588.34,30589
2026-09-25T18:40:00Z,2026-09-25T18:45:00Z,30588.96,30612.73,30580.21,30612.27
2026-09-25T18:45:00Z,2026-09-25T18:50:00Z,30612.16,30614.53,30592.09,30597.21
2026-09-25T18:50:00Z,2026-09-25T18:55:00Z,30597.13,30599.63,30585.94,30587.25
2026-09-25T18:55:00Z,2026-09-25T19:00:00Z,30587.29,30593.13,30579.25,30580.81
2026-09-25T19:00:00Z,2026-09-25T19:05:00Z,30580.88,30596.5,30575.23,30592.65
2026-09-25T19:05:00Z,2026-09-25T19:10:00Z,30592.69,30603.79,30588.75,30599.24
2026-09-25T19:10:00Z,2026-09-25T19:15:00Z,30599.25,30611.98,30594.48,30610.9
2026-09-25T19:15:00Z,2026-09-25T19:20:00Z,30610.83,30615.54,30598,30598.03
2026-09-25T19:20:00Z,2026-09-25T19:25:00Z,30598.04,30602.25,30582.96,30591.15
2026-09-25T19:25:00Z,2026-09-25T19:30:00Z,30591.21,30592.23,30571.44,30577.33
2026-09-25T19:30:00Z,2026-09-25T19:35:00Z,30577.73,30582.39,30564.29,30564.43
2026-09-25T19:35:00Z,2026-09-25T19:40:00Z,30564.42,30594.25,30557.1,30592.04
2026-09-25T19:40:00Z,2026-09-25T19:45:00Z,30592.06,30611.69,30584.29,30603.63
2026-09-25T19:45:00Z,2026-09-25T19:50:00Z,30603.6,30630.65,30603.6,30620.54
2026-09-25T19:50:00Z,2026-09-25T19:55:00Z,30620.46,30647.06,30620.46,30623.21
2026-09-25T19:55:00Z,2026-09-25T20:00:00Z,30623.28,30630.37,30595.98,30603.5
2026-09-25T20:00:00Z,2026-09-25T20:05:00Z,30603.17,30610.79,30592.73,30607.91
2026-09-25T20:05:00Z,2026-09-25T20:10:00Z,30607.88,30616.03,30601.04,30609.29
2026-09-25T20:10:00Z,2026-09-25T20:15:00Z,30609.25,30611.54,30602.81,30603.75
2026-09-25T20:15:00Z,2026-09-25T20:20:00Z,30603.71,30605.03,30597,30601.5
2026-09-25T20:20:00Z,2026-09-25T20:25:00Z,30601.62,30602.83,30595.96,30600.33
2026-09-25T20:25:00Z,2026-09-25T20:30:00Z,30600.35,30611.81,30599.06,30610.38
2026-09-25T20:30:00Z,2026-09-25T20:35:00Z,30610.44,30626.24,30609.29,30625.5
2026-09-25T20:35:00Z,2026-09-25T20:40:00Z,30625.51,30630.38,30622.58,30623.56
2026-09-25T20:40:00Z,2026-09-25T20:45:00Z,30623.5,30628.96,30622.23,30627.75
2026-09-27T22:00:00Z,2026-09-27T22:05:00Z,30627.75,30637.37,30534.12,30563.5
2026-09-27T22:05:00Z,2026-09-27T22:10:00Z,30563.37,30581.1,30551.5,30561
2026-09-27T22:10:00Z,2026-09-27T22:15:00Z,30560.87,30567.87,30533.52,30537.75
2026-09-27T22:15:00Z,2026-09-27T22:20:00Z,30537.62,30549.37,30533.47,30536.5
2026-09-27T22:20:00Z,2026-09-27T22:25:00Z,30536.57,30543.67,30512.69,30540.87
2026-09-27T22:25:00Z,2026-09-27T22:30:00Z,30541,30559.48,30539.25,30541.12
2026-09-27T22:30:00Z,2026-09-27T22:35:00Z,30541,30541,30517.91,30520.37
2026-09-27T22:35:00Z,2026-09-27T22:40:00Z,30520.5,30526.25,30517.8,30526
2026-09-27T22:40:00Z,2026-09-27T22:45:00Z,30525.91,30526.5,30520.16,30524.37
2026-09-27T22:45:00Z,2026-09-27T22:50:00Z,30524.15,30524.62,30510.46,30511.75
2026-09-27T22:50:00Z,2026-09-27T22:55:00Z,30511.62,30513.67,30501.12,30503.25
2026-09-27T22:55:00Z,2026-09-27T23:00:00Z,30503.23,30509.12,30502.27,30508.75
2026-09-27T23:00:00Z,2026-09-27T23:05:00Z,30508.77,30514.12,30501.12,30510.87
2026-09-27T23:05:00Z,2026-09-27T23:10:00Z,30510.73,30521.25,30508.06,30518.62
2026-09-27T23:10:00Z,2026-09-27T23:15:00Z,30518.75,30529.12,30516.98,30526.75
2026-09-27T23:15:00Z,2026-09-27T23:20:00Z,30526.87,30533.5,30522.75,30532.58
2026-09-27T23:20:00Z,2026-09-27T23:25:00Z,30532.56,30544.51,30530.75,30533.93
2026-09-27T23:25:00Z,2026-09-27T23:30:00Z,30533.87,30539.87,30532.66,30536.33
2026-09-27T23:30:00Z,2026-09-27T23:35:00Z,30536.25,30540.08,30519.62,30522.52
2026-09-27T23:35:00Z,2026-09-27T23:40:00Z,30522.62,30534,30519.97,30526.62
2026-09-27T23:40:00Z,2026-09-27T23:45:00Z,30526.75,30531.37,30517.75,30528.62
2026-09-27T23:45:00Z,2026-09-27T23:50:00Z,30528.75,30562.75,30528.62,30554.5
2026-09-27T23:50:00Z,2026-09-27T23:55:00Z,30554.42,30564.95,30537.83,30544.58
2026-09-27T23:55:00Z,2026-09-28T00:00:00Z,30544.62,30566.43,30540.83,30566
2026-09-28T00:00:00Z,2026-09-28T00:05:00Z,30565.91,30602.25,30557.87,30591.25
2026-09-28T00:05:00Z,2026-09-28T00:10:00Z,30591.12,30599.25,30582.37,30597.12
2026-09-28T00:10:00Z,2026-09-28T00:15:00Z,30597.2,30614.12,30594.62,30612.92
2026-09-28T00:15:00Z,2026-09-28T00:20:00Z,30613,30613.33,30594.12,30602.12
2026-09-28T00:20:00Z,2026-09-28T00:25:00Z,30602.18,30615.06,30596.08,30603.62
2026-09-28T00:25:00Z,2026-09-28T00:30:00Z,30603.58,30608,30584.31,30588.5
2026-09-28T00:30:00Z,2026-09-28T00:35:00Z,30588.33,30591.42,30546.41,30559.66
2026-09-28T00:35:00Z,2026-09-28T00:40:00Z,30559.73,30564.12,30543.67,30549.5
2026-09-28T00:40:00Z,2026-09-28T00:45:00Z,30549.52,30550.25,30528.87,30542.75
2026-09-28T00:45:00Z,2026-09-28T00:50:00Z,30542.66,30573.81,30542.16,30547.25
2026-09-28T00:50:00Z,2026-09-28T00:55:00Z,30547.12,30569.75,30539.72,30551.37
2026-09-28T00:55:00Z,2026-09-28T01:00:00Z,30551.48,30554.5,30508.87,30515.19
2026-09-28T01:00:00Z,2026-09-28T01:05:00Z,30515.33,30541.12,30509.08,30541.12
2026-09-28T01:05:00Z,2026-09-28T01:10:00Z,30541.28,30542.25,30504.5,30525.62
2026-09-28T01:10:00Z,2026-09-28T01:15:00Z,30525.5,30530.37,30511.95,30514.87
2026-09-28T01:15:00Z,2026-09-28T01:20:00Z,30514.92,30519.25,30490.37,30500.68
2026-09-28T01:20:00Z,2026-09-28T01:25:00Z,30500.75,30528,30497.25,30504.12
2026-09-28T01:25:00Z,2026-09-28T01:30:00Z,30504.1,30529.62,30501.41,30524
2026-09-28T01:30:00Z,2026-09-28T01:35:00Z,30523.87,30540.03,30522.12,30525.56
2026-09-28T01:35:00Z,2026-09-28T01:40:00Z,30525.62,30530.12,30517.53,30527.56
2026-09-28T01:40:00Z,2026-09-28T01:45:00Z,30527.67,30532.87,30495.87,30499.87
2026-09-28T01:45:00Z,2026-09-28T01:50:00Z,30500,30506.12,30471.5,30476.12
2026-09-28T01:50:00Z,2026-09-28T01:55:00Z,30476.08,30484.05,30460.29,30467.83
2026-09-28T01:55:00Z,2026-09-28T02:00:00Z,30467.87,30483.87,30459.18,30460.17
2026-09-28T02:00:00Z,2026-09-28T02:05:00Z,30460.25,30463.12,30442,30454.43
2026-09-28T02:05:00Z,2026-09-28T02:10:00Z,30454.5,30463.8,30434.37,30460.08
2026-09-28T02:10:00Z,2026-09-28T02:15:00Z,30460,30476.62,30457.5,30468.5
2026-09-28T02:15:00Z,2026-09-28T02:20:00Z,30468.37,30470.33,30437.12,30449.12
2026-09-28T02:20:00Z,2026-09-28T02:25:00Z,30449.25,30449.87,30418.12,30421.87
2026-09-28T02:25:00Z,2026-09-28T02:30:00Z,30422,30452.31,30419.25,30435.37
2026-09-28T02:30:00Z,2026-09-28T02:35:00Z,30435.35,30444,30419.62,30429.12
2026-09-28T02:35:00Z,2026-09-28T02:40:00Z,30429.08,30435.25,30410.31,30414.62
2026-09-28T02:40:00Z,2026-09-28T02:45:00Z,30414.58,30425.19,30409.73,30420.37
2026-09-28T02:45:00Z,2026-09-28T02:50:00Z,30420.33,30422.87,30397.85,30403.37
2026-09-28T02:50:00Z,2026-09-28T02:55:00Z,30403.33,30413.8,30400.06,30407.17
2026-09-28T02:55:00Z,2026-09-28T03:00:00Z,30407.25,30408.25,30385.12,30397
2026-09-28T03:00:00Z,2026-09-28T03:05:00Z,30396.87,30416,30395.5,30408.12
2026-09-28T03:05:00Z,2026-09-28T03:10:00Z,30408.08,30420,30401.75,30413.87
2026-09-28T03:10:00Z,2026-09-28T03:15:00Z,30414,30420.92,30397.33,30397.5
2026-09-28T03:15:00Z,2026-09-28T03:20:00Z,30397.37,30406.16,30390.22,30393.5
2026-09-28T03:20:00Z,2026-09-28T03:25:00Z,30393.62,30402.56,30384.54,30392.5
2026-09-28T03:25:00Z,2026-09-28T03:30:00Z,30392.46,30392.75,30381.06,30381.44
2026-09-28T03:30:00Z,2026-09-28T03:35:00Z,30381.5,30387.47,30370.87,30371.16
2026-09-28T03:35:00Z,2026-09-28T03:40:00Z,30371.12,30383.62,30361.62,30375.83
2026-09-28T03:40:00Z,2026-09-28T03:45:00Z,30375.87,30385.62,30369.19,30384.67
2026-09-28T03:45:00Z,2026-09-28T03:50:00Z,30384.62,30398.12,30378.87,30392.66
2026-09-28T03:50:00Z,2026-09-28T03:55:00Z,30392.62,30393.25,30375.08,30388.75
2026-09-28T03:55:00Z,2026-09-28T04:00:00Z,30388.66,30389.33,30358.81,30365.25
2026-09-28T04:00:00Z,2026-09-28T04:05:00Z,30365.2,30375.66,30355.5,30372.37
2026-09-28T04:05:00Z,2026-09-28T04:10:00Z,30372.31,30386.54,30369.12,30383.78
2026-09-28T04:10:00Z,2026-09-28T04:15:00Z,30383.81,30404.93,30383.67,30401.85
2026-09-28T04:15:00Z,2026-09-28T04:20:00Z,30401.87,30403.87,30389.37,30402.81
2026-09-28T04:20:00Z,2026-09-28T04:25:00Z,30402.75,30413.85,30402,30410
2026-09-28T04:25:00Z,2026-09-28T04:30:00Z,30409.87,30411.49,30393.19,30404.5
2026-09-28T04:30:00Z,2026-09-28T04:35:00Z,30404.37,30406.12,30392.29,30397.16
2026-09-28T04:35:00Z,2026-09-28T04:40:00Z,30397.25,30400.87,30391.08,30397.5
2026-09-28T04:40:00Z,2026-09-28T04:45:00Z,30397.62,30404.83,30396,30400.75
2026-09-28T04:45:00Z,2026-09-28T04:50:00Z,30400.83,30401.12,30385,30391.41
2026-09-28T04:50:00Z,2026-09-28T04:55:00Z,30391.5,30402.56,30391.25,30396.08
2026-09-28T04:55:00Z,2026-09-28T05:00:00Z,30396.12,30402.62,30390.37,30395.37
2026-09-28T05:00:00Z,2026-09-28T05:05:00Z,30395.44,30422.28,30394.62,30411
2026-09-28T05:05:00Z,2026-09-28T05:10:00Z,30411.12,30413.25,30392.25,30394.75
2026-09-28T05:10:00Z,2026-09-28T05:15:00Z,30394.62,30399.62,30376.25,30386.5
2026-09-28T05:15:00Z,2026-09-28T05:20:00Z,30386.37,30395.37,30373.94,30377.5
2026-09-28T05:20:00Z,2026-09-28T05:25:00Z,30377.37,30382.75,30369.5,30377.37
2026-09-28T05:25:00Z,2026-09-28T05:30:00Z,30377.41,30392.76,30373,30381.25
2026-09-28T05:30:00Z,2026-09-28T05:35:00Z,30381.17,30386.37,30364.67,30371
2026-09-28T05:35:00Z,2026-09-28T05:40:00Z,30371.12,30384.81,30355.17,30360.25
2026-09-28T05:40:00Z,2026-09-28T05:45:00Z,30360.17,30364.75,30347.52,30358.33
2026-09-28T05:45:00Z,2026-09-28T05:50:00Z,30358.37,30372.71,30356.37,30366.25
2026-09-28T05:50:00Z,2026-09-28T05:55:00Z,30366.37,30378.12,30351.33,30359
2026-09-28T05:55:00Z,2026-09-28T06:00:00Z,30359.12,30374.31,30355.62,30366.83
2026-09-28T06:00:00Z,2026-09-28T06:05:00Z,30366.87,30388.12,30352.62,30353.58
2026-09-28T06:05:00Z,2026-09-28T06:10:00Z,30353.43,30383.41,30345.5,30375.5
2026-09-28T06:10:00Z,2026-09-28T06:15:00Z,30375.62,30396.18,30349.22,30351.37
2026-09-28T06:15:00Z,2026-09-28T06:20:00Z,30351.33,30355,30323.04,30324.5
2026-09-28T06:20:00Z,2026-09-28T06:25:00Z,30324.69,30328.87,30313.12,30314.37
2026-09-28T06:25:00Z,2026-09-28T06:30:00Z,30314.37,30317.83,30300.16,30308.12
2026-09-28T06:30:00Z,2026-09-28T06:35:00Z,30308.25,30332.81,30298,30320.12
2026-09-28T06:35:00Z,2026-09-28T06:40:00Z,30320.28,30347.03,30319.08,30344.62
2026-09-28T06:40:00Z,2026-09-28T06:45:00Z,30344.5,30354.42,30328.33,30328.83
2026-09-28T06:45:00Z,2026-09-28T06:50:00Z,30328.75,30343.41,30327.08,30340.5
2026-09-28T06:50:00Z,2026-09-28T06:55:00Z,30340.58,30357.62,30329.37,30339.62
2026-09-28T06:55:00Z,2026-09-28T07:00:00Z,30339.5,30365.75,30334.41,30362.87
2026-09-28T07:00:00Z,2026-09-28T07:05:00Z,30362.81,30363,30321.37,30340.25
2026-09-28T07:05:00Z,2026-09-28T07:10:00Z,30340.37,30344.87,30325.08,30334.75
2026-09-28T07:10:00Z,2026-09-28T07:15:00Z,30334.62,30341.25,30307.62,30312.45
2026-09-28T07:15:00Z,2026-09-28T07:20:00Z,30312.5,30326.53,30306.37,30323.5
2026-09-28T07:20:00Z,2026-09-28T07:25:00Z,30323.37,30332.62,30306.37,30323.47
2026-09-28T07:25:00Z,2026-09-28T07:30:00Z,30323.43,30334.5,30305.43,30312.41
2026-09-28T07:30:00Z,2026-09-28T07:35:00Z,30312.5,30318.68,30303.25,30313.62
2026-09-28T07:35:00Z,2026-09-28T07:40:00Z,30313.5,30323,30293.55,30306.87
2026-09-28T07:40:00Z,2026-09-28T07:45:00Z,30306.93,30330.31,30289,30295.75
2026-09-28T07:45:00Z,2026-09-28T07:50:00Z,30295.87,30334.25,30294.75,30329.5
2026-09-28T07:50:00Z,2026-09-28T07:55:00Z,30329.62,30338.37,30308.83,30337.62
2026-09-28T07:55:00Z,2026-09-28T08:00:00Z,30337.58,30346.06,30320.25,30327.62
2026-09-28T08:00:00Z,2026-09-28T08:05:00Z,30327.5,30336.45,30306.25,30327.91
2026-09-28T08:05:00Z,2026-09-28T08:10:00Z,30327.91,30337.83,30309.91,30329.62
2026-09-28T08:10:00Z,2026-09-28T08:15:00Z,30329.47,30353.5,30318.37,30350.66
2026-09-28T08:15:00Z,2026-09-28T08:20:00Z,30350.62,30356.87,30325.17,30329.33
2026-09-28T08:20:00Z,2026-09-28T08:25:00Z,30329.18,30333.25,30309.37,30317.12
2026-09-28T08:25:00Z,2026-09-28T08:30:00Z,30317.17,30340.91,30316.33,30339.42
2026-09-28T08:30:00Z,2026-09-28T08:35:00Z,30339.5,30347.31,30321.97,30326.5
2026-09-28T08:35:00Z,2026-09-28T08:40:00Z,30326.62,30329.87,30288.2,30300.62
2026-09-28T08:40:00Z,2026-09-28T08:45:00Z,30300.56,30316,30298.42,30306.37
2026-09-28T08:45:00Z,2026-09-28T08:50:00Z,30306.33,30314.37,30292.58,30306.62
2026-09-28T08:50:00Z,2026-09-28T08:55:00Z,30306.66,30316.75,30293.43,30298.83
2026-09-28T08:55:00Z,2026-09-28T09:00:00Z,30298.75,30307.87,30295.43,30296.19
2026-09-28T09:00:00Z,2026-09-28T09:05:00Z,30296.12,30323.25,30280.58,30283.41
2026-09-28T09:05:00Z,2026-09-28T09:10:00Z,30283.37,30291,30266.25,30267.41
2026-09-28T09:10:00Z,2026-09-28T09:15:00Z,30267.37,30269.12,30253.89,30261.12
2026-09-28T09:15:00Z,2026-09-28T09:20:00Z,30261.17,30291.42,30252.75,30289.12
2026-09-28T09:20:00Z,2026-09-28T09:25:00Z,30289.25,30307.94,30287.06,30296.41
2026-09-28T09:25:00Z,2026-09-28T09:30:00Z,30296.37,30305.75,30283.5,30305.16
2026-09-28T09:30:00Z,2026-09-28T09:35:00Z,30305.12,30309,30276.75,30277.18
2026-09-28T09:35:00Z,2026-09-28T09:40:00Z,30277.12,30301,30276.08,30287.87
2026-09-28T09:40:00Z,2026-09-28T09:45:00Z,30287.91,30311.67,30286.81,30310.19
2026-09-28T09:45:00Z,2026-09-28T09:50:00Z,30310.33,30318.75,30306.75,30316.75
2026-09-28T09:50:00Z,2026-09-28T09:55:00Z,30316.81,30324.25,30309.17,30311.12
2026-09-28T09:55:00Z,2026-09-28T10:00:00Z,30311.08,30315.5,30299.97,30309.12
2026-09-28T10:00:00Z,2026-09-28T10:05:00Z,30309,30323.75,30306.25,30321.75
2026-09-28T10:05:00Z,2026-09-28T10:10:00Z,30321.87,30322.87,30280.81,30284
2026-09-28T10:10:00Z,2026-09-28T10:15:00Z,30284.12,30298.52,30265.87,30284.58
2026-09-28T10:15:00Z,2026-09-28T10:20:00Z,30284.62,30296.43,30281.2,30281.2
2026-09-28T10:20:00Z,2026-09-28T10:25:00Z,30281.25,30295.25,30281.12,30286.08
2026-09-28T10:25:00Z,2026-09-28T10:30:00Z,30286.12,30293.62,30276.56,30293.62
2026-09-28T10:30:00Z,2026-09-28T10:35:00Z,30293.56,30297.96,30278.7,30294.92
2026-09-28T10:35:00Z,2026-09-28T10:40:00Z,30295,30301,30283.12,30289.62
2026-09-28T10:40:00Z,2026-09-28T10:45:00Z,30289.58,30302,30288.12,30293.21
2026-09-28T10:45:00Z,2026-09-28T10:50:00Z,30293.05,30305.87,30291.33,30302.25
2026-09-28T10:50:00Z,2026-09-28T10:55:00Z,30302.33,30332.83,30298.87,30317.72
2026-09-28T10:55:00Z,2026-09-28T11:00:00Z,30317.75,30318.69,30300.37,30302.12
2026-09-28T11:00:00Z,2026-09-28T11:05:00Z,30302.17,30357.62,30302.17,30331.12
2026-09-28T11:05:00Z,2026-09-28T11:10:00Z,30331,30334.37,30305.25,30327.12
2026-09-28T11:10:00Z,2026-09-28T11:15:00Z,30327.25,30327.62,30304.66,30309.62
2026-09-28T11:15:00Z,2026-09-28T11:20:00Z,30309.68,30346.25,30305.37,30308.75
2026-09-28T11:20:00Z,2026-09-28T11:25:00Z,30308.62,30356.43,30305.37,30355.81
2026-09-28T11:25:00Z,2026-09-28T11:30:00Z,30355.87,30359.51,30348.87,30358.87
2026-09-28T11:30:00Z,2026-09-28T11:35:00Z,30358.91,30361.37,30336.06,30354
2026-09-28T11:35:00Z,2026-09-28T11:40:00Z,30354.12,30359.75,30346.58,30352.87
2026-09-28T11:40:00Z,2026-09-28T11:45:00Z,30352.78,30360.84,30344.56,30360.84
2026-09-28T11:45:00Z,2026-09-28T11:50:00Z,30361,30365.75,30350.06,30355.62
2026-09-28T11:50:00Z,2026-09-28T11:55:00Z,30355.75,30361.62,30341.69,30345.75
2026-09-28T11:55:00Z,2026-09-28T12:00:00Z,30345.87,30361.5,30344.53,30356.87
2026-09-28T12:00:00Z,2026-09-28T12:05:00Z,30357,30403.75,30329.17,30399
2026-09-28T12:05:00Z,2026-09-28T12:10:00Z,30399.12,30428.92,30395.48,30415.37
2026-09-28T12:10:00Z,2026-09-28T12:15:00Z,30415.33,30435.31,30402.62,30420.25
2026-09-28T12:15:00Z,2026-09-28T12:20:00Z,30420.12,30444.35,30416.62,30441.12
2026-09-28T12:20:00Z,2026-09-28T12:25:00Z,30441.16,30452.19,30405.58,30422.67
2026-09-28T12:25:00Z,2026-09-28T12:30:00Z,30422.81,30445.75,30410.5,30411.37
2026-09-28T12:30:00Z,2026-09-28T12:35:00Z,30411.25,30433.75,30408.79,30432.75
2026-09-28T12:35:00Z,2026-09-28T12:40:00Z,30432.62,30434.41,30416.12,30428.62
2026-09-28T12:40:00Z,2026-09-28T12:45:00Z,30428.5,30444.62,30411,30444.62
2026-09-28T12:45:00Z,2026-09-28T12:50:00Z,30444.69,30460.19,30437.62,30444.51
2026-09-28T12:50:00Z,2026-09-28T12:55:00Z,30444.5,30463.53,30438.75,30458.18
2026-09-28T12:55:00Z,2026-09-28T13:00:00Z,30458.12,30470.37,30439.66,30456.43
2026-09-28T13:00:00Z,2026-09-28T13:05:00Z,30456.5,30457.12,30416.44,30416.87
2026-09-28T13:05:00Z,2026-09-28T13:10:00Z,30417,30429.96,30414.42,30424.87
2026-09-28T13:10:00Z,2026-09-28T13:15:00Z,30425,30434.62,30419.29,30425.53
2026-09-28T13:15:00Z,2026-09-28T13:20:00Z,30425.56,30433.31,30408.22,30416.75
2026-09-28T13:20:00Z,2026-09-28T13:25:00Z,30416.87,30424.96,30410,30415.06
2026-09-28T13:25:00Z,2026-09-28T13:30:00Z,30415.12,30441.5,30414.37,30434.69
2026-09-28T13:30:00Z,2026-09-28T13:35:00Z,30434.78,30476,30391.44,30394.29
2026-09-28T13:35:00Z,2026-09-28T13:40:00Z,30394.25,30396.04,30334.73,30360.72
2026-09-28T13:40:00Z,2026-09-28T13:45:00Z,30360.66,30375.5,30318.75,30329.16
2026-09-28T13:45:00Z,2026-09-28T13:50:00Z,30329.44,30366.56,30309.69,30345.5
2026-09-28T13:50:00Z,2026-09-28T13:55:00Z,30345.5,30383.28,30300.12,30369.18
2026-09-28T13:55:00Z,2026-09-28T14:00:00Z,30369.29,30385.53,30343.46,30368.03
2026-09-28T14:00:00Z,2026-09-28T14:05:00Z,30367.94,30375.21,30310.62,30312.91
2026-09-28T14:05:00Z,2026-09-28T14:10:00Z,30312.91,30315.25,30280.34,30280.62
2026-09-28T14:10:00Z,2026-09-28T14:15:00Z,30280.37,30280.37,30224.49,30238.5
2026-09-28T14:15:00Z,2026-09-28T14:20:00Z,30238.54,30294.74,30237.71,30287.81
2026-09-28T14:20:00Z,2026-09-28T14:25:00Z,30287.93,30317.84,30270.81,30303.78
2026-09-28T14:25:00Z,2026-09-28T14:30:00Z,30303.79,30306.88,30258.97,30264.29
2026-09-28T14:30:00Z,2026-09-28T14:35:00Z,30264.5,30280.35,30255.08,30263.29
2026-09-28T14:35:00Z,2026-09-28T14:40:00Z,30263.34,30268.31,30206.66,30216.53
2026-09-28T14:40:00Z,2026-09-28T14:45:00Z,30216.5,30228.56,30142.43,30145.44
2026-09-28T14:45:00Z,2026-09-28T14:50:00Z,30145.53,30151,30073.79,30103.57
2026-09-28T14:50:00Z,2026-09-28T14:55:00Z,30103.54,30131.5,30098.96,30118.5
2026-09-23T00:40:00Z,2026-09-23T00:45:00Z,30749.81,30755.83,30743.81,30746.37
2026-09-23T00:45:00Z,2026-09-23T00:50:00Z,30746.5,30751.93,30734.75,30735.06
2026-09-23T00:50:00Z,2026-09-23T00:55:00Z,30735.21,30741.81,30720.12,30721.92
2026-09-23T00:55:00Z,2026-09-23T01:00:00Z,30722.61,30730.25,30719.87,30729.87
2026-09-23T01:00:00Z,2026-09-23T01:05:00Z,30729.85,30733.31,30722.12,30729.06
2026-09-23T01:05:00Z,2026-09-23T01:10:00Z,30729.12,30744.75,30727.31,30737.5
2026-09-23T01:10:00Z,2026-09-23T01:15:00Z,30737.62,30737.97,30724.75,30733.5
2026-09-23T01:15:00Z,2026-09-23T01:20:00Z,30733.37,30743.21,30726.06,30742.69
2026-09-23T01:20:00Z,2026-09-23T01:25:00Z,30742.75,30753,30737.68,30752
2026-09-23T01:25:00Z,2026-09-23T01:30:00Z,30751.31,30764.06,30748,30760.06
2026-09-23T01:30:00Z,2026-09-23T01:35:00Z,30760,30764.52,30731.12,30738.5
2026-09-23T01:35:00Z,2026-09-23T01:40:00Z,30738.62,30741,30729.18,30733.37
2026-09-23T01:40:00Z,2026-09-23T01:45:00Z,30733.5,30734.68,30719.17,30721
2026-09-23T01:45:00Z,2026-09-23T01:50:00Z,30720.91,30729.94,30719.29,30722.18
2026-09-23T01:50:00Z,2026-09-23T01:55:00Z,30722.25,30726.46,30717.66,30723.62
2026-09-23T01:55:00Z,2026-09-23T02:00:00Z,30723.75,30727.17,30719.1,30722.66
2026-09-23T02:00:00Z,2026-09-23T02:05:00Z,30722.75,30728.06,30713.52,30721.93
2026-09-23T02:05:00Z,2026-09-23T02:10:00Z,30721.87,30724.37,30710.81,30711.87
2026-09-23T02:10:00Z,2026-09-23T02:15:00Z,30711.81,30712.83,30704.25,30708.5
2026-09-23T02:15:00Z,2026-09-23T02:20:00Z,30708.62,30719,30690.56,30708
2026-09-23T02:20:00Z,2026-09-23T02:25:00Z,30708.03,30723.87,30706.53,30718.37
2026-09-23T02:25:00Z,2026-09-23T02:30:00Z,30718.25,30727.12,30716.87,30719.37
2026-09-23T02:30:00Z,2026-09-23T02:35:00Z,30719.33,30723.28,30712,30716.33
2026-09-23T02:35:00Z,2026-09-23T02:40:00Z,30716.37,30719.12,30707.97,30709.19
2026-09-23T02:40:00Z,2026-09-23T02:45:00Z,30709.45,30714.5,30706.81,30708.67
2026-09-23T02:45:00Z,2026-09-23T02:50:00Z,30708.62,30720.5,30708.37,30716.6
2026-09-23T02:50:00Z,2026-09-23T02:55:00Z,30716.81,30718.28,30712.81,30717.94
2026-09-23T02:55:00Z,2026-09-23T03:00:00Z,30718,30718.62,30713.87,30715.31
2026-09-23T03:00:00Z,2026-09-23T03:05:00Z,30715.25,30715.79,30708.06,30710.69
2026-09-23T03:05:00Z,2026-09-23T03:10:00Z,30710.62,30713.09,30706.6,30709
2026-09-23T03:10:00Z,2026-09-23T03:15:00Z,30709.06,30714.75,30708.06,30712.87
2026-09-23T03:15:00Z,2026-09-23T03:20:00Z,30712.92,30714.37,30699.16,30703.79
2026-09-23T03:20:00Z,2026-09-23T03:25:00Z,30703.87,30718.67,30703.37,30714.31
2026-09-23T03:25:00Z,2026-09-23T03:30:00Z,30714.28,30721.29,30706.56,30707
2026-09-23T03:30:00Z,2026-09-23T03:35:00Z,30706.83,30720.87,30706.78,30720.87
2026-09-23T03:35:00Z,2026-09-23T03:40:00Z,30721,30721.85,30715.87,30718.62
2026-09-23T03:40:00Z,2026-09-23T03:45:00Z,30718.5,30733.2,30717.28,30726.5
2026-09-23T03:45:00Z,2026-09-23T03:50:00Z,30726.53,30730.31,30725.12,30727.06
2026-09-23T03:50:00Z,2026-09-23T03:55:00Z,30727,30732.21,30725.12,30732.21
2026-09-23T03:55:00Z,2026-09-23T04:00:00Z,30732.06,30732.29,30719.34,30720.19
2026-09-23T04:00:00Z,2026-09-23T04:05:00Z,30720.33,30731.79,30718.03,30731.31
2026-09-23T04:05:00Z,2026-09-23T04:10:00Z,30731.25,30741.69,30730.62,30738.81
2026-09-23T04:10:00Z,2026-09-23T04:15:00Z,30738.79,30741.01,30733.41,30738.37
2026-09-23T04:15:00Z,2026-09-23T04:20:00Z,30738.42,30744.22,30736.94,30744.22
2026-09-23T04:20:00Z,2026-09-23T04:25:00Z,30744.25,30751.69,30742.37,30747.19
2026-09-23T04:25:00Z,2026-09-23T04:30:00Z,30747.25,30750.5,30743.46,30746.31
2026-09-23T04:30:00Z,2026-09-23T04:35:00Z,30746.25,30755.1,30745.47,30752.75
2026-09-23T04:35:00Z,2026-09-23T04:40:00Z,30752.87,30758.97,30748.12,30750.79
2026-09-23T04:40:00Z,2026-09-23T04:45:00Z,30750.79,30757.56,30748.5,30755.87
2026-09-23T04:45:00Z,2026-09-23T04:50:00Z,30755.87,30758.58,30753.5,30756.62
2026-09-23T04:50:00Z,2026-09-23T04:55:00Z,30756.75,30757.56,30745.29,30747.12
2026-09-23T04:55:00Z,2026-09-23T05:00:00Z,30747,30749.12,30738.41,30742.25
2026-09-23T05:00:00Z,2026-09-23T05:05:00Z,30742.12,30744.25,30729.25,30735.62
2026-09-23T05:05:00Z,2026-09-23T05:10:00Z,30735.55,30740.94,30729.94,30739.62
2026-09-23T05:10:00Z,2026-09-23T05:15:00Z,30739.58,30746.06,30735.87,30740.25
2026-09-23T05:15:00Z,2026-09-23T05:20:00Z,30740.12,30749.75,30736.5,30738.93
2026-09-23T05:20:00Z,2026-09-23T05:25:00Z,30738.87,30738.87,30725.87,30728.37
2026-09-23T05:25:00Z,2026-09-23T05:30:00Z,30728.25,30743.75,30727.62,30741.37
2026-09-23T05:30:00Z,2026-09-23T05:35:00Z,30741.25,30745.45,30730.62,30733.62
2026-09-23T05:35:00Z,2026-09-23T05:40:00Z,30733.5,30743.69,30731.94,30740.25
2026-09-23T05:40:00Z,2026-09-23T05:45:00Z,30740.31,30746.62,30728.15,30735.62
2026-09-23T05:45:00Z,2026-09-23T05:50:00Z,30735.25,30749.19,30733.96,30735.92
2026-09-23T05:50:00Z,2026-09-23T05:55:00Z,30736.06,30751.31,30735.43,30745.68
2026-09-23T05:55:00Z,2026-09-23T06:00:00Z,30745.75,30747.62,30734.75,30735.62
2026-09-23T06:00:00Z,2026-09-23T06:05:00Z,30736,30759.31,30735.12,30750.62
2026-09-23T06:05:00Z,2026-09-23T06:10:00Z,30750.69,30761.33,30744.62,30747.12
2026-09-23T06:10:00Z,2026-09-23T06:15:00Z,30747.28,30764.83,30747.25,30764.66
2026-09-23T06:15:00Z,2026-09-23T06:20:00Z,30764.69,30765.41,30758.56,30762.53
2026-09-23T06:20:00Z,2026-09-23T06:25:00Z,30762.5,30764.69,30746.37,30757.37
2026-09-23T06:25:00Z,2026-09-23T06:30:00Z,30757.41,30768.44,30756.25,30763.87
2026-09-23T06:30:00Z,2026-09-23T06:35:00Z,30763.94,30788.37,30762.67,30787.81
2026-09-23T06:35:00Z,2026-09-23T06:40:00Z,30787.96,30801.63,30785.37,30797.62
2026-09-23T06:40:00Z,2026-09-23T06:45:00Z,30797.68,30798.25,30781.25,30789.93
2026-09-23T06:45:00Z,2026-09-23T06:50:00Z,30789.87,30789.93,30764.41,30787.12
2026-09-23T06:50:00Z,2026-09-23T06:55:00Z,30787,30787.87,30769.55,30770.87
2026-09-23T06:55:00Z,2026-09-23T07:00:00Z,30770.91,30771.87,30755.37,30757.06
2026-09-23T07:00:00Z,2026-09-23T07:05:00Z,30756.91,30762.12,30751.69,30759.37
2026-09-23T07:05:00Z,2026-09-23T07:10:00Z,30759.42,30760.12,30736.43,30738.08
2026-09-23T07:10:00Z,2026-09-23T07:15:00Z,30738,30754.37,30735.68,30752.37
2026-09-23T07:15:00Z,2026-09-23T07:20:00Z,30752.33,30755.19,30737.44,30742.87
2026-09-23T07:20:00Z,2026-09-23T07:25:00Z,30742.91,30747.31,30737.83,30742.62
2026-09-23T07:25:00Z,2026-09-23T07:30:00Z,30742.5,30759.49,30741.12,30759
2026-09-23T07:30:00Z,2026-09-23T07:35:00Z,30759.37,30768.59,30742.81,30746.87
2026-09-23T07:35:00Z,2026-09-23T07:40:00Z,30746.94,30761.81,30745,30748.22
2026-09-23T07:40:00Z,2026-09-23T07:45:00Z,30748.16,30757.46,30742.62,30744.34
2026-09-23T07:45:00Z,2026-09-23T07:50:00Z,30744.31,30752.12,30739.25,30750.43
2026-09-23T07:50:00Z,2026-09-23T07:55:00Z,30750.5,30756.12,30735.5,30737.87
2026-09-23T07:55:00Z,2026-09-23T08:00:00Z,30737.81,30745.98,30735.53,30741.62
2026-09-23T08:00:00Z,2026-09-23T08:05:00Z,30741.5,30754.01,30724.97,30726.12
2026-09-23T08:05:00Z,2026-09-23T08:10:00Z,30726.16,30747.72,30722.75,30743
2026-09-23T08:10:00Z,2026-09-23T08:15:00Z,30743.12,30750.71,30738.87,30746.12
2026-09-23T08:15:00Z,2026-09-23T08:20:00Z,30746,30750.87,30735.12,30748.37
2026-09-23T08:20:00Z,2026-09-23T08:25:00Z,30748.43,30758.5,30747.12,30756.62
2026-09-23T08:25:00Z,2026-09-23T08:30:00Z,30756.75,30758.37,30744.31,30746.42
2026-09-23T08:30:00Z,2026-09-23T08:35:00Z,30746.37,30752.66,30741.98,30742.5
2026-09-23T08:35:00Z,2026-09-23T08:40:00Z,30742.37,30744.12,30720.81,30728.87
2026-09-23T08:40:00Z,2026-09-23T08:45:00Z,30728.83,30731,30716.37,30721.28
2026-09-23T08:45:00Z,2026-09-23T08:50:00Z,30721.25,30724.93,30715.06,30723.76
2026-09-23T08:50:00Z,2026-09-23T08:55:00Z,30723.78,30724.37,30711.31,30717.62
2026-09-23T08:55:00Z,2026-09-23T09:00:00Z,30717.66,30728.37,30715.58,30723
2026-09-23T09:00:00Z,2026-09-23T09:05:00Z,30723.06,30733.19,30714.25,30717.62
2026-09-23T09:05:00Z,2026-09-23T09:10:00Z,30717.37,30734.37,30715.53,30732.62
2026-09-23T09:10:00Z,2026-09-23T09:15:00Z,30732.58,30733.12,30721.09,30724.06
2026-09-23T09:15:00Z,2026-09-23T09:20:00Z,30724.12,30728.5,30716.62,30727.62
2026-09-23T09:20:00Z,2026-09-23T09:25:00Z,30727.56,30738.47,30723.12,30737.5
2026-09-23T09:25:00Z,2026-09-23T09:30:00Z,30737.41,30741.25,30730.62,30731.31
2026-09-23T09:30:00Z,2026-09-23T09:35:00Z,30731.37,30740.28,30729.71,30733.37
2026-09-23T09:35:00Z,2026-09-23T09:40:00Z,30733.25,30740.66,30729.79,30732.62
2026-09-23T09:40:00Z,2026-09-23T09:45:00Z,30732.75,30734.26,30725.56,30726.12
2026-09-23T09:45:00Z,2026-09-23T09:50:00Z,30726.08,30726.08,30704.78,30713.12
2026-09-23T09:50:00Z,2026-09-23T09:55:00Z,30713.16,30723.83,30709.62,30721.45
2026-09-23T09:55:00Z,2026-09-23T10:00:00Z,30721.31,30722.62,30713.94,30719.46
2026-09-23T10:00:00Z,2026-09-23T10:05:00Z,30719.5,30730.75,30716.86,30727.42
2026-09-23T10:05:00Z,2026-09-23T10:10:00Z,30727.56,30734.12,30725.44,30731.5
2026-09-23T10:10:00Z,2026-09-23T10:15:00Z,30731.37,30738.75,30725.94,30736.37
2026-09-23T10:15:00Z,2026-09-23T10:20:00Z,30736.31,30745.18,30735.37,30744.47
2026-09-23T10:20:00Z,2026-09-23T10:25:00Z,30744.5,30744.69,30727.85,30733.16
2026-09-23T10:25:00Z,2026-09-23T10:30:00Z,30733.21,30740.62,30730.37,30740.44
2026-09-23T10:30:00Z,2026-09-23T10:35:00Z,30740.29,30742.72,30729.25,30729.5
2026-09-23T10:35:00Z,2026-09-23T10:40:00Z,30729.56,30738.12,30722.5,30736.58
2026-09-23T10:40:00Z,2026-09-23T10:45:00Z,30736.62,30736.68,30723.25,30728.37
2026-09-23T10:45:00Z,2026-09-23T10:50:00Z,30728.5,30729.12,30719.56,30725.94
2026-09-23T10:50:00Z,2026-09-23T10:55:00Z,30726,30734.5,30720.91,30732.55
2026-09-23T10:55:00Z,2026-09-23T11:00:00Z,30732.5,30739.71,30732.31,30735
2026-09-23T11:00:00Z,2026-09-23T11:05:00Z,30735.53,30736.12,30711.06,30713.69
2026-09-23T11:05:00Z,2026-09-23T11:10:00Z,30713.72,30713.72,30700.29,30708.31
2026-09-23T11:10:00Z,2026-09-23T11:15:00Z,30708.25,30713.5,30703.62,30708.91
2026-09-23T11:15:00Z,2026-09-23T11:20:00Z,30709,30718.25,30699.23,30701.12
2026-09-23T11:20:00Z,2026-09-23T11:25:00Z,30701.28,30702.25,30664.62,30669.37
2026-09-23T11:25:00Z,2026-09-23T11:30:00Z,30669.43,30676.31,30657.5,30659.37
2026-09-23T11:30:00Z,2026-09-23T11:35:00Z,30659.87,30661.43,30640.06,30643.12
2026-09-23T11:35:00Z,2026-09-23T11:40:00Z,30643.19,30644.58,30621.56,30636.31
2026-09-23T11:40:00Z,2026-09-23T11:45:00Z,30636.43,30639.75,30618.34,30633.19
2026-09-23T11:45:00Z,2026-09-23T11:50:00Z,30633.12,30666.71,30632.34,30662.6
2026-09-23T11:50:00Z,2026-09-23T11:55:00Z,30662.62,30663.19,30650.87,30657.62
2026-09-23T11:55:00Z,2026-09-23T12:00:00Z,30657.5,30670.19,30653.94,30666.16
2026-09-23T12:00:00Z,2026-09-23T12:05:00Z,30666.12,30672.54,30645.98,30648.37
2026-09-23T12:05:00Z,2026-09-23T12:10:00Z,30648.33,30659.75,30643.12,30650.5
2026-09-23T12:10:00Z,2026-09-23T12:15:00Z,30650.62,30653.83,30631.81,30638.16
2026-09-23T12:15:00Z,2026-09-23T12:20:00Z,30638.12,30643.47,30627.08,30636.06
2026-09-23T12:20:00Z,2026-09-23T12:25:00Z,30636.12,30656.62,30632.44,30656.25
2026-09-23T12:25:00Z,2026-09-23T12:30:00Z,30656.31,30658.31,30644.87,30654.72
2026-09-23T12:30:00Z,2026-09-23T12:35:00Z,30654.75,30665.09,30651.37,30658.12
2026-09-23T12:35:00Z,2026-09-23T12:40:00Z,30658.25,30664.75,30652.7,30663
2026-09-23T12:40:00Z,2026-09-23T12:45:00Z,30663.12,30668.38,30655.71,30655.96
2026-09-23T12:45:00Z,2026-09-23T12:50:00Z,30655.88,30673.16,30654.71,30663.22
2026-09-23T12:50:00Z,2026-09-23T12:55:00Z,30663.25,30667,30658.79,30662.75
2026-09-23T12:55:00Z,2026-09-23T13:00:00Z,30662.81,30677.03,30655.12,30674.72
2026-09-23T13:00:00Z,2026-09-23T13:05:00Z,30674.69,30677.53,30656.31,30659.69
2026-09-23T13:05:00Z,2026-09-23T13:10:00Z,30659.75,30662.69,30651.21,30656
2026-09-23T13:10:00Z,2026-09-23T13:15:00Z,30656.04,30672.42,30653.91,30669.54
2026-09-23T13:15:00Z,2026-09-23T13:20:00Z,30669.5,30680.6,30668.41,30675.04
2026-09-23T13:20:00Z,2026-09-23T13:25:00Z,30675.09,30686.48,30673.53,30677.7
2026-09-23T13:25:00Z,2026-09-23T13:30:00Z,30678.18,30713,30677.17,30713
2026-09-23T13:30:00Z,2026-09-23T13:35:00Z,30712.51,30719.62,30633.5,30633.5
2026-09-23T13:35:00Z,2026-09-23T13:40:00Z,30633.48,30663.29,30608.96,30622.12
2026-09-23T13:40:00Z,2026-09-23T13:45:00Z,30621.87,30631.19,30611.87,30618.85
2026-09-23T13:45:00Z,2026-09-23T13:50:00Z,30618.5,30628.87,30568.12,30587.25
2026-09-23T13:50:00Z,2026-09-23T13:55:00Z,30586.84,30594.84,30549.31,30556.15
2026-09-23T13:55:00Z,2026-09-23T14:00:00Z,30556.29,30570,30540.04,30553.79
2026-09-23T14:00:00Z,2026-09-23T14:05:00Z,30553.83,30577.47,30525.96,30538.38
2026-09-23T14:05:00Z,2026-09-23T14:10:00Z,30538.31,30548.2,30473.28,30475.06
2026-09-23T14:10:00Z,2026-09-23T14:15:00Z,30475.23,30479.7,30410.97,30426.5
2026-09-23T14:15:00Z,2026-09-23T14:20:00Z,30426.54,30448.66,30378,30379.46
2026-09-23T14:20:00Z,2026-09-23T14:25:00Z,30379.58,30406.79,30352.14,30380.42
2026-09-23T14:25:00Z,2026-09-23T14:30:00Z,30380.45,30401.44,30350.06,30386.54
2026-09-23T14:30:00Z,2026-09-23T14:35:00Z,30386.69,30429.48,30365.57,30427.16
2026-09-23T14:35:00Z,2026-09-23T14:40:00Z,30427.08,30445.5,30394.25,30404.06
2026-09-23T14:40:00Z,2026-09-23T14:45:00Z,30403.81,30429.51,30397.5,30427
2026-09-23T14:45:00Z,2026-09-23T14:50:00Z,30426.79,30446.29,30425.79,30439.54
2026-09-23T14:50:00Z,2026-09-23T14:55:00Z,30439.5,30531.87,30419.82,30520.23
2026-09-23T14:55:00Z,2026-09-23T15:00:00Z,30520.02,30533.38,30501.03,30528.81
2026-09-23T15:00:00Z,2026-09-23T15:05:00Z,30528.79,30534.3,30501.63,30510.19
2026-09-23T15:05:00Z,2026-09-23T15:10:00Z,30510.17,30520.84,30497.75,30510.78
2026-09-23T15:10:00Z,2026-09-23T15:15:00Z,30510.71,30512.25,30490.2,30494.08
2026-09-23T15:15:00Z,2026-09-23T15:20:00Z,30494.03,30507.18,30463.06,30492.5
2026-09-23T15:20:00Z,2026-09-23T15:25:00Z,30492.62,30524.24,30486.5,30516.19
2026-09-23T15:25:00Z,2026-09-23T15:30:00Z,30516.15,30523.94,30476.27,30479.29
2026-09-23T15:30:00Z,2026-09-23T15:35:00Z,30479.16,30488.81,30470.92,30478.78
2026-09-23T15:35:00Z,2026-09-23T15:40:00Z,30478.76,30484.91,30465.06,30473.79
2026-09-23T15:40:00Z,2026-09-23T15:45:00Z,30473.98,30490.38,30461.54,30486.75
2026-09-23T15:45:00Z,2026-09-23T15:50:00Z,30486.73,30492.58,30439.51,30446.96
2026-09-23T15:50:00Z,2026-09-23T15:55:00Z,30446.98,30460.45,30430.32,30460.43
2026-09-23T15:55:00Z,2026-09-23T16:00:00Z,30461.03,30464.09,30444.21,30453.31
2026-09-23T16:00:00Z,2026-09-23T16:05:00Z,30453.41,30454.75,30434.13,30447.69
2026-09-23T16:05:00Z,2026-09-23T16:10:00Z,30447.75,30457.9,30438.31,30452.1
2026-09-23T16:10:00Z,2026-09-23T16:15:00Z,30452.13,30457.79,30444.95,30452.48
2026-09-23T16:15:00Z,2026-09-23T16:20:00Z,30452.42,30463.13,30433.21,30444.75
2026-09-23T16:20:00Z,2026-09-23T16:25:00Z,30444.73,30445.18,30422.73,30432.71
2026-09-23T16:25:00Z,2026-09-23T16:30:00Z,30432.75,30442.68,30425.63,30430
2026-09-23T16:30:00Z,2026-09-23T16:35:00Z,30430.02,30457.9,30430.02,30448.75
2026-09-23T16:35:00Z,2026-09-23T16:40:00Z,30448.73,30455.78,30431.97,30435.18
2026-09-23T16:40:00Z,2026-09-23T16:45:00Z,30435.08,30436.31,30402.43,30402.5
2026-09-23T16:45:00Z,2026-09-23T16:50:00Z,30402.54,30427.44,30395.02,30402.17
2026-09-23T16:50:00Z,2026-09-23T16:55:00Z,30402.18,30402.67,30375.04,30378.5
2026-09-23T16:55:00Z,2026-09-23T17:00:00Z,30378.6,30402.67,30376.29,30394.42
2026-09-23T17:00:00Z,2026-09-23T17:05:00Z,30394.16,30415.91,30353.42,30365
2026-09-23T17:05:00Z,2026-09-23T17:10:00Z,30365.04,30388.81,30360.74,30383.31
2026-09-23T17:10:00Z,2026-09-23T17:15:00Z,30383.38,30386.31,30363.3,30378.2
2026-09-23T17:15:00Z,2026-09-23T17:20:00Z,30378.25,30431.72,30372.79,30429.71
2026-09-23T17:20:00Z,2026-09-23T17:25:00Z,30429.69,30431.73,30388.4,30389.08
2026-09-23T17:25:00Z,2026-09-23T17:30:00Z,30389.15,30398.04,30382.94,30388.96
2026-09-23T17:30:00Z,2026-09-23T17:35:00Z,30388.91,30409.68,30379.88,30407.56
2026-09-23T17:35:00Z,2026-09-23T17:40:00Z,30407.6,30412.67,30393.49,30403.54
2026-09-23T17:40:00Z,2026-09-23T17:45:00Z,30403.5,30463.21,30392.46,30455.94
2026-09-23T17:45:00Z,2026-09-23T17:50:00Z,30455.96,30470.7,30444.41,30456.69
2026-09-23T17:50:00Z,2026-09-23T17:55:00Z,30456.84,30466.48,30447.28,30458.91
2026-09-23T17:55:00Z,2026-09-23T18:00:00Z,30459.25,30481.25,30455,30477.88
2026-09-23T18:00:00Z,2026-09-23T18:05:00Z,30478.4,30479,30434.81,30437.06
2026-09-23T18:05:00Z,2026-09-23T18:10:00Z,30437.17,30455.13,30433.25,30446.13
2026-09-23T18:10:00Z,2026-09-23T18:15:00Z,30445.79,30454.19,30443.25,30452.4
2026-09-23T18:15:00Z,2026-09-23T18:20:00Z,30452.54,30476.08,30448.53,30466.88
2026-09-23T18:20:00Z,2026-09-23T18:25:00Z,30467.08,30469.75,30453.71,30467.46
2026-09-23T18:25:00Z,2026-09-23T18:30:00Z,30467.44,30471.44,30457.4,30462.58
2026-09-23T18:30:00Z,2026-09-23T18:35:00Z,30462.6,30464.21,30447.44,30454.54
2026-09-23T18:35:00Z,2026-09-23T18:40:00Z,30454.5,30461.29,30434.54,30438.96
2026-09-23T18:40:00Z,2026-09-23T18:45:00Z,30439,30459.04,30439,30454.31
2026-09-23T18:45:00Z,2026-09-23T18:50:00Z,30454.29,30470.4,30448.12,30469.07
2026-09-23T18:50:00Z,2026-09-23T18:55:00Z,30469.08,30475.43,30452.66,30457.07
2026-09-23T18:55:00Z,2026-09-23T19:00:00Z,30457.06,30473.58,30454.83,30469.28
2026-09-23T19:00:00Z,2026-09-23T19:05:00Z,30469.31,30473.83,30449.59,30450.5
2026-09-23T19:05:00Z,2026-09-23T19:10:00Z,30450.5,30489.48,30448.27,30476.54
2026-09-23T19:10:00Z,2026-09-23T19:15:00Z,30476.56,30481.38,30460.53,30469.44
2026-09-23T19:15:00Z,2026-09-23T19:20:00Z,30469.38,30472.31,30448.66,30458.31
2026-09-23T19:20:00Z,2026-09-23T19:25:00Z,30458.15,30458.5,30448.54,30456.73
2026-09-23T19:25:00Z,2026-09-23T19:30:00Z,30456.72,30464.33,30451.79,30460.56
2026-09-23T19:30:00Z,2026-09-23T19:35:00Z,30460.48,30482.1,30454.5,30479.67
2026-09-23T19:35:00Z,2026-09-23T19:40:00Z,30479.63,30479.68,30463.8,30471.34
2026-09-23T19:40:00Z,2026-09-23T19:45:00Z,30471.33,30478.03,30436.23,30453.31
2026-09-23T19:45:00Z,2026-09-23T19:50:00Z,30452.96,30474.5,30449.71,30474.25
2026-09-23T19:50:00Z,2026-09-23T19:55:00Z,30474.14,30474.43,30419.5,30426.6
2026-09-23T19:55:00Z,2026-09-23T20:00:00Z,30426.94,30485.66,30426.64,30482.71
2026-09-23T20:00:00Z,2026-09-23T20:05:00Z,30482.91,30483.41,30465.62,30469.35
2026-09-23T20:05:00Z,2026-09-23T20:10:00Z,30469.19,30471.04,30461.25,30468.25
2026-09-23T20:10:00Z,2026-09-23T20:15:00Z,30468.2,30470.54,30458.79,30459.75
2026-09-23T20:15:00Z,2026-09-23T20:20:00Z,30459.68,30467.16,30457.44,30466.37
2026-09-23T20:20:00Z,2026-09-23T20:25:00Z,30466.41,30471.32,30465.16,30469.91
2026-09-23T20:25:00Z,2026-09-23T20:30:00Z,30469.81,30471.94,30464.75,30470.62
2026-09-23T20:30:00Z,2026-09-23T20:35:00Z,30470.56,30475.5,30467.15,30468.31
2026-09-23T20:35:00Z,2026-09-23T20:40:00Z,30468.46,30479.91,30467.06,30477.91
2026-09-23T20:40:00Z,2026-09-23T20:45:00Z,30477.81,30481.65,30475.63,30481.29
2026-09-23T20:45:00Z,2026-09-23T20:50:00Z,30481.27,30483.72,30475,30475.31
2026-09-23T20:50:00Z,2026-09-23T20:55:00Z,30475.38,30481.41,30475.25,30480.29
2026-09-23T20:55:00Z,2026-09-23T21:00:00Z,30480.37,30483.88,30475,30482.67
2026-09-23T22:00:00Z,2026-09-23T22:05:00Z,30482.67,30513.5,30482.67,30499.97
2026-09-23T22:05:00Z,2026-09-23T22:10:00Z,30499.96,30514.5,30486.82,30512
2026-09-23T22:10:00Z,2026-09-23T22:15:00Z,30512.64,30514.23,30507.62,30512.75
2026-09-23T22:15:00Z,2026-09-23T22:20:00Z,30512.87,30521.12,30499.87,30500.37
2026-09-23T22:20:00Z,2026-09-23T22:25:00Z,30500.5,30503.48,30494.75,30501.04
2026-09-23T22:25:00Z,2026-09-23T22:30:00Z,30501.52,30501.75,30491.91,30493.67
2026-09-23T22:30:00Z,2026-09-23T22:35:00Z,30493.66,30508.18,30489,30498.98
2026-09-23T22:35:00Z,2026-09-23T22:40:00Z,30499.12,30499.12,30488.75,30494.25
2026-09-23T22:40:00Z,2026-09-23T22:45:00Z,30494.25,30506.77,30492.75,30503.74
2026-09-23T22:45:00Z,2026-09-23T22:50:00Z,30503.57,30506,30496.43,30504.12
2026-09-23T22:50:00Z,2026-09-23T22:55:00Z,30504.16,30509.06,30500.62,30502.41
2026-09-23T22:55:00Z,2026-09-23T23:00:00Z,30502.5,30504.33,30498.94,30502.08
2026-09-23T23:00:00Z,2026-09-23T23:05:00Z,30502,30506.85,30498.47,30504.1
2026-09-23T23:05:00Z,2026-09-23T23:10:00Z,30504.12,30504.17,30499.25,30502.87
2026-09-23T23:10:00Z,2026-09-23T23:15:00Z,30502.79,30503.37,30491.94,30494.37
2026-09-23T23:15:00Z,2026-09-23T23:20:00Z,30494.41,30500.62,30483,30490.12
2026-09-23T23:20:00Z,2026-09-23T23:25:00Z,30490,30491.66,30477.29,30478.75
2026-09-23T23:25:00Z,2026-09-23T23:30:00Z,30478.85,30481.62,30471.5,30478.5
2026-09-23T23:30:00Z,2026-09-23T23:35:00Z,30478.62,30480.25,30469.64,30476.37
2026-09-23T23:35:00Z,2026-09-23T23:40:00Z,30476.41,30481.37,30471.75,30479.58
2026-09-23T23:40:00Z,2026-09-23T23:45:00Z,30479.62,30484.9,30470.25,30474.58
2026-09-23T23:45:00Z,2026-09-23T23:50:00Z,30474.62,30479.75,30461.87,30462.25
2026-09-23T23:50:00Z,2026-09-23T23:55:00Z,30462.17,30477.68,30455.83,30474.37
2026-09-23T23:55:00Z,2026-09-24T00:00:00Z,30474.42,30474.62,30460.87,30461.12
2026-09-24T00:00:00Z,2026-09-24T00:05:00Z,30461,30468.87,30450.5,30462.75
2026-09-24T00:05:00Z,2026-09-24T00:10:00Z,30462.68,30464.62,30450.58,30452.25
2026-09-24T00:10:00Z,2026-09-24T00:15:00Z,30452.12,30452.62,30429.54,30436.37
2026-09-24T00:15:00Z,2026-09-24T00:20:00Z,30436.31,30454.37,30433.37,30453
2026-09-24T00:20:00Z,2026-09-24T00:25:00Z,30452.91,30457.75,30434.75,30441.75
2026-09-24T00:25:00Z,2026-09-24T00:30:00Z,30442.25,30445.62,30436.08,30443
2026-09-24T00:30:00Z,2026-09-24T00:35:00Z,30442.66,30457.17,30437.56,30454.12
2026-09-24T00:35:00Z,2026-09-24T00:40:00Z,30454.28,30454.62,30441.96,30443.83
2026-09-24T00:40:00Z,2026-09-24T00:45:00Z,30443.75,30444.08,30426.66,30429.62
2026-09-24T00:45:00Z,2026-09-24T00:50:00Z,30429.75,30430.19,30413.75,30424.5
2026-09-24T00:50:00Z,2026-09-24T00:55:00Z,30424.78,30428.71,30412.81,30415.94
2026-09-24T00:55:00Z,2026-09-24T01:00:00Z,30415.87,30439.25,30414.42,30434.12
2026-09-24T01:00:00Z,2026-09-24T01:05:00Z,30434.08,30452.5,30431.5,30449.87
2026-09-24T01:05:00Z,2026-09-24T01:10:00Z,30449.66,30466.17,30438.56,30458.41
2026-09-24T01:10:00Z,2026-09-24T01:15:00Z,30458.44,30462.89,30445.83,30462.56
2026-09-24T01:15:00Z,2026-09-24T01:20:00Z,30462.5,30462.69,30451.12,30456.37
2026-09-24T01:20:00Z,2026-09-24T01:25:00Z,30456.41,30459.5,30449.31,30450.87
2026-09-24T01:25:00Z,2026-09-24T01:30:00Z,30450.91,30454.15,30440.69,30445.42
2026-09-24T01:30:00Z,2026-09-24T01:35:00Z,30445.37,30467.94,30441.12,30464.12
2026-09-24T01:35:00Z,2026-09-24T01:40:00Z,30464,30467.71,30452.75,30456.06
2026-09-24T01:40:00Z,2026-09-24T01:45:00Z,30456.25,30465,30443.37,30443.87
2026-09-24T01:45:00Z,2026-09-24T01:50:00Z,30443.71,30446.62,30427.62,30436.16
2026-09-24T01:50:00Z,2026-09-24T01:55:00Z,30436.12,30454.9,30422.04,30446.25
2026-09-24T01:55:00Z,2026-09-24T02:00:00Z,30446.58,30453.56,30439,30451.37
2026-09-24T02:00:00Z,2026-09-24T02:05:00Z,30451.25,30457.83,30439.37,30440.12
2026-09-24T02:05:00Z,2026-09-24T02:10:00Z,30440.08,30440.15,30416.83,30422
2026-09-24T02:10:00Z,2026-09-24T02:15:00Z,30421.87,30436.69,30421.66,30433.33
2026-09-24T02:15:00Z,2026-09-24T02:20:00Z,30433.19,30449.97,30432.25,30446.66
2026-09-24T02:20:00Z,2026-09-24T02:25:00Z,30446.75,30447.58,30437.96,30441.5
2026-09-24T02:25:00Z,2026-09-24T02:30:00Z,30441.58,30443.68,30432.33,30437.28
2026-09-24T02:30:00Z,2026-09-24T02:35:00Z,30437.18,30453.31,30434.92,30448.62
2026-09-24T02:35:00Z,2026-09-24T02:40:00Z,30448.65,30454.25,30444.28,30446.25
2026-09-24T02:40:00Z,2026-09-24T02:45:00Z,30446.16,30454.83,30446.06,30453.06
2026-09-24T02:45:00Z,2026-09-24T02:50:00Z,30453.08,30454.9,30446.91,30451.16
2026-09-24T02:50:00Z,2026-09-24T02:55:00Z,30451.25,30452.37,30445.5,30452.06
2026-09-24T02:55:00Z,2026-09-24T03:00:00Z,30452.12,30454.89,30447.12,30449.12
2026-09-24T03:00:00Z,2026-09-24T03:05:00Z,30449.08,30449.94,30439.12,30442.83
2026-09-24T03:05:00Z,2026-09-24T03:10:00Z,30442.87,30443.12,30414.34,30418.16
2026-09-24T03:10:00Z,2026-09-24T03:15:00Z,30418.12,30428.18,30412.81,30427.09
2026-09-24T03:15:00Z,2026-09-24T03:20:00Z,30427.12,30430.78,30418.56,30425.37
2026-09-24T03:20:00Z,2026-09-24T03:25:00Z,30425.33,30429.12,30418.87,30423
2026-09-24T03:25:00Z,2026-09-24T03:30:00Z,30422.91,30427.87,30411.28,30414.37
2026-09-24T03:30:00Z,2026-09-24T03:35:00Z,30414.21,30416.73,30406.87,30412
2026-09-24T03:35:00Z,2026-09-24T03:40:00Z,30411.91,30415.08,30406.53,30414.62
2026-09-24T03:40:00Z,2026-09-24T03:45:00Z,30414.65,30414.65,30396.25,30400.78
2026-09-24T03:45:00Z,2026-09-24T03:50:00Z,30400.75,30412.55,30397.87,30411.06
2026-09-24T03:50:00Z,2026-09-24T03:55:00Z,30411.12,30415.46,30404.75,30412.75
2026-09-24T03:55:00Z,2026-09-24T04:00:00Z,30412.8,30416.58,30407.75,30415.06
2026-09-24T04:00:00Z,2026-09-24T04:05:00Z,30415.05,30415.66,30366.265,30373.44
2026-09-24T04:05:00Z,2026-09-24T04:10:00Z,30373.62,30380.83,30366.41,30372.37
2026-09-24T04:10:00Z,2026-09-24T04:15:00Z,30372.33,30376.93,30361.66,30366.41
2026-09-24T04:15:00Z,2026-09-24T04:20:00Z,30366.37,30374.94,30359.28,30364.37
2026-09-24T04:20:00Z,2026-09-24T04:25:00Z,30364.41,30377.69,30362.62,30366.75
2026-09-24T04:25:00Z,2026-09-24T04:30:00Z,30366.87,30384.69,30363.37,30384.06
2026-09-24T04:30:00Z,2026-09-24T04:35:00Z,30384,30404.12,30381.12,30401.42
2026-09-24T04:35:00Z,2026-09-24T04:40:00Z,30401.56,30407.5,30397.62,30400.87
2026-09-24T04:40:00Z,2026-09-24T04:45:00Z,30401,30401.83,30385.25,30389.62
2026-09-24T04:45:00Z,2026-09-24T04:50:00Z,30390.09,30390.09,30382,30387.62
2026-09-24T04:50:00Z,2026-09-24T04:55:00Z,30387.75,30389,30382.75,30386.44
2026-09-24T04:55:00Z,2026-09-24T05:00:00Z,30386.5,30396.56,30386.5,30394.16
2026-09-24T05:00:00Z,2026-09-24T05:05:00Z,30393.87,30414.92,30393.87,30412.08
2026-09-24T05:05:00Z,2026-09-24T05:10:00Z,30411.87,30423.62,30407.94,30411.37
2026-09-24T05:10:00Z,2026-09-24T05:15:00Z,30411.25,30411.62,30396.57,30399.42
2026-09-24T05:15:00Z,2026-09-24T05:20:00Z,30399.37,30404.87,30395.12,30404.55
2026-09-24T05:20:00Z,2026-09-24T05:25:00Z,30404.5,30406.5,30388.08,30393.25
2026-09-24T05:25:00Z,2026-09-24T05:30:00Z,30393,30416.06,30392.25,30414.67
2026-09-24T05:30:00Z,2026-09-24T05:35:00Z,30414.75,30417.87,30404.12,30406.37
2026-09-24T05:35:00Z,2026-09-24T05:40:00Z,30406.43,30408.5,30393.25,30396.94
2026-09-24T05:40:00Z,2026-09-24T05:45:00Z,30396.87,30406,30377.56,30378.46
2026-09-24T05:45:00Z,2026-09-24T05:50:00Z,30378.25,30378.62,30365.72,30368.37
2026-09-24T05:50:00Z,2026-09-24T05:55:00Z,30368.25,30377.78,30364.25,30365.31
2026-09-24T05:55:00Z,2026-09-24T06:00:00Z,30365.37,30365.37,30315.71,30316.17
2026-09-24T06:00:00Z,2026-09-24T06:05:00Z,30316.17,30318.62,30280.12,30283.12
2026-09-24T06:05:00Z,2026-09-24T06:10:00Z,30283,30322.81,30273.12,30318.27
2026-09-24T06:10:00Z,2026-09-24T06:15:00Z,30318.37,30335.5,30308.12,30327.12
2026-09-24T06:15:00Z,2026-09-24T06:20:00Z,30327,30339.08,30319.08,30321.12
2026-09-24T06:20:00Z,2026-09-24T06:25:00Z,30321.17,30321.69,30291.12,30307.31
2026-09-24T06:25:00Z,2026-09-24T06:30:00Z,30307.25,30315.75,30297.62,30308.03
2026-09-24T06:30:00Z,2026-09-24T06:35:00Z,30308.09,30308.53,30286.08,30290.75
2026-09-24T06:35:00Z,2026-09-24T06:40:00Z,30290.68,30295.5,30275.25,30280.67
2026-09-24T06:40:00Z,2026-09-24T06:45:00Z,30280.75,30300.25,30270.56,30286.62
2026-09-24T06:45:00Z,2026-09-24T06:50:00Z,30286.58,30296.66,30280.16,30288.12
2026-09-24T06:50:00Z,2026-09-24T06:55:00Z,30288.08,30290.75,30261.87,30262.37
2026-09-24T06:55:00Z,2026-09-24T07:00:00Z,30262.31,30266.01,30243.67,30249.58
2026-09-24T07:00:00Z,2026-09-24T07:05:00Z,30249.44,30267.565,30221.5,30246.81
2026-09-24T07:05:00Z,2026-09-24T07:10:00Z,30246.67,30297.16,30233.97,30292.66
2026-09-24T07:10:00Z,2026-09-24T07:15:00Z,30292.81,30302.82,30283.25,30302.37
2026-09-24T07:15:00Z,2026-09-24T07:20:00Z,30302.33,30309.42,30285,30305.12
2026-09-24T07:20:00Z,2026-09-24T07:25:00Z,30305.06,30306,30289.91,30291.62
2026-09-24T07:25:00Z,2026-09-24T07:30:00Z,30291.5,30315.5,30282.87,30314.12
2026-09-24T07:30:00Z,2026-09-24T07:35:00Z,30314.54,30328,30309.35,30318.02
2026-09-24T07:35:00Z,2026-09-24T07:40:00Z,30318.07,30339.31,30314,30330.28
2026-09-24T07:40:00Z,2026-09-24T07:45:00Z,30330.12,30335.12,30318.87,30329.37
2026-09-24T07:45:00Z,2026-09-24T07:50:00Z,30329.5,30331.75,30312.06,30315.7
2026-09-24T07:50:00Z,2026-09-24T07:55:00Z,30315.81,30318.66,30302.37,30307.75
2026-09-24T07:55:00Z,2026-09-24T08:00:00Z,30307.87,30307.87,30266.75,30266.83
2026-09-24T08:00:00Z,2026-09-24T08:05:00Z,30266.75,30297.69,30241,30252.48
2026-09-24T08:05:00Z,2026-09-24T08:10:00Z,30252.53,30259.92,30233.28,30238.91
2026-09-24T08:10:00Z,2026-09-24T08:15:00Z,30238.87,30239.5,30187.98,30195.45
2026-09-24T08:15:00Z,2026-09-24T08:20:00Z,30195.5,30219.06,30187.62,30199.25
2026-09-24T08:20:00Z,2026-09-24T08:25:00Z,30199,30199,30180.96,30191.37
2026-09-24T08:25:00Z,2026-09-24T08:30:00Z,30191.62,30201.17,30161.5,30163.7
2026-09-24T08:30:00Z,2026-09-24T08:35:00Z,30163.87,30205.16,30156.75,30158.75
2026-09-24T08:35:00Z,2026-09-24T08:40:00Z,30158.73,30160.62,30139.37,30158.62
2026-09-24T08:40:00Z,2026-09-24T08:45:00Z,30158.7,30165.97,30139,30155.12
2026-09-24T08:45:00Z,2026-09-24T08:50:00Z,30155.06,30164.62,30120.08,30122.72
2026-09-24T08:50:00Z,2026-09-24T08:55:00Z,30122.69,30142.45,30115.14,30130.37
2026-09-24T08:55:00Z,2026-09-24T09:00:00Z,30130.5,30143.43,30124.75,30141.18
2026-09-24T09:00:00Z,2026-09-24T09:05:00Z,30141.12,30162.37,30134.12,30146.75
2026-09-24T09:05:00Z,2026-09-24T09:10:00Z,30146.66,30162.68,30135.16,30146.75
2026-09-24T09:10:00Z,2026-09-24T09:15:00Z,30146.87,30156.25,30126.08,30140.53
2026-09-24T09:15:00Z,2026-09-24T09:20:00Z,30140.43,30152.41,30129.92,30150
2026-09-24T09:20:00Z,2026-09-24T09:25:00Z,30150.08,30163.87,30142.74,30162.62
2026-09-24T09:25:00Z,2026-09-24T09:30:00Z,30162.56,30172.15,30145.12,30150.58
2026-09-24T09:30:00Z,2026-09-24T09:35:00Z,30150.44,30152.75,30131.62,30144.98
2026-09-24T09:35:00Z,2026-09-24T09:40:00Z,30145,30147.87,30114.18,30119.75
2026-09-24T09:40:00Z,2026-09-24T09:45:00Z,30119.72,30123.58,30078.37,30085.22
2026-09-24T09:45:00Z,2026-09-24T09:50:00Z,30085.18,30116.37,30079.93,30115.5
2026-09-24T09:50:00Z,2026-09-24T09:55:00Z,30115.44,30128.91,30110,30126.37
2026-09-24T09:55:00Z,2026-09-24T10:00:00Z,30126.41,30145.75,30126.12,30145
2026-09-24T10:00:00Z,2026-09-24T10:05:00Z,30144.87,30158.65,30133.62,30135.25
2026-09-24T10:05:00Z,2026-09-24T10:10:00Z,30135.12,30138.41,30124.3,30130.75
2026-09-24T10:10:00Z,2026-09-24T10:15:00Z,30130.87,30152.52,30128.81,30145.5
2026-09-24T10:15:00Z,2026-09-24T10:20:00Z,30145.62,30167.75,30142.17,30152.47
2026-09-24T10:20:00Z,2026-09-24T10:25:00Z,30152.52,30155.75,30126.83,30128.75
2026-09-24T10:25:00Z,2026-09-24T10:30:00Z,30128.83,30156.62,30122.33,30140.58
2026-09-24T10:30:00Z,2026-09-24T10:35:00Z,30140.62,30163.27,30128.96,30160.5
2026-09-24T10:35:00Z,2026-09-24T10:40:00Z,30160.62,30187.68,30158.12,30184.25
2026-09-24T10:40:00Z,2026-09-24T10:45:00Z,30184.17,30192.62,30179.93,30186.37
2026-09-24T10:45:00Z,2026-09-24T10:50:00Z,30186.31,30230.12,30179.3,30227.37
2026-09-24T10:50:00Z,2026-09-24T10:55:00Z,30227.25,30231.12,30187.62,30188.12
2026-09-24T10:55:00Z,2026-09-24T11:00:00Z,30188,30201.12,30180.93,30196.75
2026-09-24T11:00:00Z,2026-09-24T11:05:00Z,30196.67,30211.69,30187.87,30189
2026-09-24T11:05:00Z,2026-09-24T11:10:00Z,30189.05,30195.08,30172.5,30179.92
2026-09-24T11:10:00Z,2026-09-24T11:15:00Z,30180.62,30198.87,30164.06,30197.18
2026-09-24T11:15:00Z,2026-09-24T11:20:00Z,30197.12,30220.67,30186.87,30191.75
2026-09-24T11:20:00Z,2026-09-24T11:25:00Z,30191.69,30205.78,30184.06,30202.66
2026-09-24T11:25:00Z,2026-09-24T11:30:00Z,30202.62,30202.75,30178.44,30179
2026-09-24T11:30:00Z,2026-09-24T11:35:00Z,30179.06,30209.06,30178.49,30179.12
2026-09-24T11:35:00Z,2026-09-24T11:40:00Z,30179.08,30179.33,30155,30158.12
2026-09-24T11:40:00Z,2026-09-24T11:45:00Z,30158.06,30160.25,30151.44,30160
2026-09-24T11:45:00Z,2026-09-24T11:50:00Z,30159.94,30160.12,30136.07,30137.18
2026-09-24T11:50:00Z,2026-09-24T11:55:00Z,30137.12,30154.31,30137,30152.69
2026-09-24T11:55:00Z,2026-09-24T12:00:00Z,30152.53,30182.12,30139.62,30170.93
2026-09-24T12:00:00Z,2026-09-24T12:05:00Z,30170.97,30175.62,30133.87,30146.37
2026-09-24T12:05:00Z,2026-09-24T12:10:00Z,30146.5,30170.58,30146.12,30165.08
2026-09-24T12:10:00Z,2026-09-24T12:15:00Z,30165.06,30195.25,30164.42,30190.12
2026-09-24T12:15:00Z,2026-09-24T12:20:00Z,30190.2,30209.12,30185.81,30203.33
2026-09-24T12:20:00Z,2026-09-24T12:25:00Z,30203.37,30217.25,30197.22,30208.5
2026-09-24T12:25:00Z,2026-09-24T12:30:00Z,30208.37,30212.65,30163.77,30181
2026-09-24T12:30:00Z,2026-09-24T12:35:00Z,30180.87,30187.83,30144.18,30145.69
2026-09-24T12:35:00Z,2026-09-24T12:40:00Z,30146,30149.12,30128.7,30144.56
2026-09-24T12:40:00Z,2026-09-24T12:45:00Z,30144.75,30186.81,30143.06,30180.75
2026-09-24T12:45:00Z,2026-09-24T12:50:00Z,30180.68,30189.04,30170.41,30182.31
2026-09-24T12:50:00Z,2026-09-24T12:55:00Z,30182.37,30190.75,30166.05,30190.29
2026-09-24T12:55:00Z,2026-09-24T13:00:00Z,30190.21,30205.46,30182.87,30194.62
2026-09-24T13:00:00Z,2026-09-24T13:05:00Z,30194.66,30218.5,30193.25,30206.56
2026-09-24T13:05:00Z,2026-09-24T13:10:00Z,30206.62,30210.28,30193,30209.28
2026-09-24T13:10:00Z,2026-09-24T13:15:00Z,30209.35,30227.33,30208.79,30218.12
2026-09-24T13:15:00Z,2026-09-24T13:20:00Z,30217.94,30230.58,30210.45,30226.94
2026-09-24T13:20:00Z,2026-09-24T13:25:00Z,30226.87,30227.87,30211.87,30218.19
2026-09-24T13:25:00Z,2026-09-24T13:30:00Z,30218.12,30233.53,30207.54,30227.37
2026-09-24T13:30:00Z,2026-09-24T13:35:00Z,30227.37,30257.88,30201.29,30247.88
2026-09-24T13:35:00Z,2026-09-24T13:40:00Z,30247.85,30314.45,30243.96,30303.91
2026-09-24T13:40:00Z,2026-09-24T13:45:00Z,30303.84,30305.54,30266.69,30291.6
2026-09-24T13:45:00Z,2026-09-24T13:50:00Z,30291.56,30330.67,30274.46,30284.06
2026-09-24T13:50:00Z,2026-09-24T13:55:00Z,30284.44,30297.23,30243.5,30252.46
2026-09-24T13:55:00Z,2026-09-24T14:00:00Z,30253.33,30290.79,30239.9,30287.75
2026-09-24T14:00:00Z,2026-09-24T14:05:00Z,30287.7,30319.21,30278.31,30314.59
2026-09-24T14:05:00Z,2026-09-24T14:10:00Z,30314.54,30324.5,30300.13,30307.09
2026-09-24T14:10:00Z,2026-09-24T14:15:00Z,30307.19,30307.81,30274,30294.43
2026-09-24T14:15:00Z,2026-09-24T14:20:00Z,30293.72,30309.83,30270.63,30304.25
2026-09-24T14:20:00Z,2026-09-24T14:25:00Z,30304.2,30324.58,30298.08,30309.67
2026-09-24T14:25:00Z,2026-09-24T14:30:00Z,30309.56,30345.94,30303.28,30338.33
2026-09-24T14:30:00Z,2026-09-24T14:35:00Z,30338.45,30339.94,30310.79,30338.17
2026-09-24T14:35:00Z,2026-09-24T14:40:00Z,30338.18,30346.71,30306.25,30315.42
2026-09-24T14:40:00Z,2026-09-24T14:45:00Z,30315.31,30323.66,30280.46,30287.53
2026-09-24T14:45:00Z,2026-09-24T14:50:00Z,30287.5,30314.6,30277.06,30300.35
2026-09-24T14:50:00Z,2026-09-24T14:55:00Z,30300.37,30321.73,30265.85,30272.59
2026-09-24T14:55:00Z,2026-09-24T15:00:00Z,30272.69,30274.03,30240.83,30250.12
2026-09-24T15:00:00Z,2026-09-24T15:05:00Z,30249.93,30280.66,30247.34,30261.56
2026-09-24T15:05:00Z,2026-09-24T15:10:00Z,30261.75,30265.75,30222.94,30224.93
2026-09-24T15:10:00Z,2026-09-24T15:15:00Z,30224.92,30245.6,30212.17,30218.96
2026-09-24T15:15:00Z,2026-09-24T15:20:00Z,30218.88,30254.81,30214,30226.06
2026-09-24T15:20:00Z,2026-09-24T15:25:00Z,30226.04,30265.48,30218.17,30262.79
2026-09-24T15:25:00Z,2026-09-24T15:30:00Z,30262.75,30263.56,30215.29,30221.66
2026-09-24T15:30:00Z,2026-09-24T15:35:00Z,30221.69,30234.23,30210.59,30229.38
2026-09-24T15:35:00Z,2026-09-24T15:40:00Z,30229.68,30251.82,30223.25,30233.5
2026-09-24T15:40:00Z,2026-09-24T15:45:00Z,30233.94,30248.56,30217.92,30245.44
2026-09-24T15:45:00Z,2026-09-24T15:50:00Z,30245.46,30257.93,30214.56,30224.25
2026-09-24T15:50:00Z,2026-09-24T15:55:00Z,30224.28,30275.79,30222.71,30274.6
2026-09-24T15:55:00Z,2026-09-24T16:00:00Z,30274.68,30277.25,30254.23,30262.38
2026-09-24T16:00:00Z,2026-09-24T16:05:00Z,30262.31,30264.96,30231.85,30248
2026-09-24T16:05:00Z,2026-09-24T16:10:00Z,30247.6,30250.08,30225.03,30231.4
2026-09-24T16:10:00Z,2026-09-24T16:15:00Z,30231.38,30266.37,30214.77,30266.3
2026-09-24T16:15:00Z,2026-09-24T16:20:00Z,30266.62,30455.71,30264.87,30390.36
2026-09-24T16:20:00Z,2026-09-24T16:25:00Z,30390.41,30416.12,30379.71,30397.21
2026-09-24T16:25:00Z,2026-09-24T16:30:00Z,30397.35,30417.88,30359.5,30405.25
2026-09-24T16:30:00Z,2026-09-24T16:35:00Z,30405.54,30409.62,30369.5,30392.59
2026-09-24T16:35:00Z,2026-09-24T16:40:00Z,30392.56,30455.83,30388.87,30454.88
2026-09-24T16:40:00Z,2026-09-24T16:45:00Z,30454.91,30522.48,30446.29,30455
2026-09-24T16:45:00Z,2026-09-24T16:50:00Z,30454.53,30500.18,30433.75,30493.81
2026-09-24T16:50:00Z,2026-09-24T16:55:00Z,30493.88,30513.53,30458.21,30471.25
2026-09-24T16:55:00Z,2026-09-24T17:00:00Z,30471.21,30523.73,30467.5,30500.25
2026-09-24T17:00:00Z,2026-09-24T17:05:00Z,30500.04,30526.11,30467.5,30515.29
2026-09-24T17:05:00Z,2026-09-24T17:10:00Z,30515.25,30535.27,30497.71,30499.45
2026-09-24T17:10:00Z,2026-09-24T17:15:00Z,30499.43,30503.84,30464.96,30498.16
2026-09-24T17:15:00Z,2026-09-24T17:20:00Z,30498.2,30501,30454.08,30454.87
2026-09-24T17:20:00Z,2026-09-24T17:25:00Z,30454.81,30468.75,30441.31,30444.54
2026-09-24T17:25:00Z,2026-09-24T17:30:00Z,30444.5,30448,30408.37,30443.37
2026-09-24T17:30:00Z,2026-09-24T17:35:00Z,30443.41,30468.6,30425.06,30425.91
2026-09-24T17:35:00Z,2026-09-24T17:40:00Z,30426.04,30434.65,30406.33,30420.54
2026-09-24T17:40:00Z,2026-09-24T17:45:00Z,30420.63,30431.47,30379.71,30380.71
2026-09-24T17:45:00Z,2026-09-24T17:50:00Z,30380.85,30416.31,30373.75,30409.75
2026-09-24T17:50:00Z,2026-09-24T17:55:00Z,30409.79,30413.31,30378.94,30389.75
2026-09-24T17:55:00Z,2026-09-24T18:00:00Z,30389.87,30413.4,30380.56,30404.81
2026-09-24T18:00:00Z,2026-09-24T18:05:00Z,30404.83,30406.58,30330.13,30334.85
2026-09-24T18:05:00Z,2026-09-24T18:10:00Z,30335.04,30398.73,30334.54,30391.54
2026-09-24T18:10:00Z,2026-09-24T18:15:00Z,30391.56,30412.75,30385.71,30403.65
2026-09-24T18:15:00Z,2026-09-24T18:20:00Z,30403.75,30437.35,30398.75,30421.91
2026-09-24T18:20:00Z,2026-09-24T18:25:00Z,30421.62,30430.17,30401.61,30425.88
2026-09-24T18:25:00Z,2026-09-24T18:30:00Z,30425.86,30460.68,30423.53,30448.54
2026-09-24T18:30:00Z,2026-09-24T18:35:00Z,30448.5,30454.29,30425.23,30425.38
2026-09-24T18:35:00Z,2026-09-24T18:40:00Z,30425.44,30490.12,30411.53,30461.06
2026-09-24T18:40:00Z,2026-09-24T18:45:00Z,30461.23,30461.25,30432.93,30444.93
2026-09-24T18:45:00Z,2026-09-24T18:50:00Z,30445.04,30460,30444.21,30455.47
2026-09-24T18:50:00Z,2026-09-24T18:55:00Z,30455.41,30484.07,30452.19,30474.31
2026-09-24T18:55:00Z,2026-09-24T19:00:00Z,30474.21,30500.4,30473.33,30487.77
2026-09-24T19:00:00Z,2026-09-24T19:05:00Z,30487.79,30491.56,30434.5,30442.09
2026-09-24T19:05:00Z,2026-09-24T19:10:00Z,30442.06,30456.84,30440.06,30447
2026-09-24T19:10:00Z,2026-09-24T19:15:00Z,30447.04,30452.2,30432.31,30434.46
2026-09-24T19:15:00Z,2026-09-24T19:20:00Z,30434.47,30476.38,30434.19,30470.06
2026-09-24T19:20:00Z,2026-09-24T19:25:00Z,30470.04,30476.68,30457.83,30474.96
2026-09-24T19:25:00Z,2026-09-24T19:30:00Z,30474.88,30480.25,30453.63,30458.1
2026-09-24T19:30:00Z,2026-09-24T19:35:00Z,30458.18,30476.38,30455.15,30475.6
2026-09-24T19:35:00Z,2026-09-24T19:40:00Z,30475.56,30476.13,30456.38,30471.09
2026-09-24T19:40:00Z,2026-09-24T19:45:00Z,30471.07,30477.67,30458.18,30461.04
2026-09-24T19:45:00Z,2026-09-24T19:50:00Z,30461,30469.98,30454.28,30455.66
2026-09-24T19:50:00Z,2026-09-24T19:55:00Z,30455.71,30498.1,30455.48,30487.31
2026-09-24T19:55:00Z,2026-09-24T20:00:00Z,30487.29,30490.5,30465.5,30465.72
2026-09-24T20:00:00Z,2026-09-24T20:05:00Z,30465.03,30470.08,30431,30435.68
2026-09-24T20:05:00Z,2026-09-24T20:10:00Z,30435.69,30442.25,30431.78,30436.96
2026-09-24T20:10:00Z,2026-09-24T20:15:00Z,30436.91,30437.85,30404.41,30406.25
2026-09-24T20:15:00Z,2026-09-24T20:20:00Z,30406.15,30416.5,30380.37,30388.01
2026-09-24T20:20:00Z,2026-09-24T20:25:00Z,30388,30390.76,30378.44,30380.93
2026-09-24T20:25:00Z,2026-09-24T20:30:00Z,30381,30388.08,30370.66,30374.69
2026-09-24T20:30:00Z,2026-09-24T20:35:00Z,30374.75,30392.56,30371.87,30388.03
2026-09-24T20:35:00Z,2026-09-24T20:40:00Z,30388,30397.87,30386.09,30397.58
2026-09-24T20:40:00Z,2026-09-24T20:45:00Z,30397.68,30415.82,30394.38,30413.62
2026-09-24T20:45:00Z,2026-09-24T20:50:00Z,30413.75,30426.8,30413.28,30425
2026-09-24T20:50:00Z,2026-09-24T20:55:00Z,30425.53,30435.65,30423.9,30435.57
2026-09-24T20:55:00Z,2026-09-24T21:00:00Z,30435.52,30447.64,30431.28,30443.66
2026-09-24T22:00:00Z,2026-09-24T22:05:00Z,30443.66,30470.87,30428.87,30457.12
2026-09-24T22:05:00Z,2026-09-24T22:10:00Z,30457.25,30458.25,30421.18,30444.37
2026-09-24T22:10:00Z,2026-09-24T22:15:00Z,30444.25,30447.33,30437.75,30438.37
2026-09-24T22:15:00Z,2026-09-24T22:20:00Z,30438.48,30442.12,30433.37,30433.37
2026-09-24T22:20:00Z,2026-09-24T22:25:00Z,30433.41,30434.62,30425.37,30426.75
2026-09-24T22:25:00Z,2026-09-24T22:30:00Z,30426.73,30428.16,30417.87,30423
2026-09-24T22:30:00Z,2026-09-24T22:35:00Z,30423.12,30434.57,30420.77,30430.5
2026-09-24T22:35:00Z,2026-09-24T22:40:00Z,30430.62,30435.75,30429.75,30430.25
2026-09-24T22:40:00Z,2026-09-24T22:45:00Z,30430.37,30447.01,30428.37,30444
2026-09-24T22:45:00Z,2026-09-24T22:50:00Z,30443.98,30445.75,30435.5,30443.23
2026-09-24T22:50:00Z,2026-09-24T22:55:00Z,30443.25,30446.26,30441.62,30443.37
2026-09-24T22:55:00Z,2026-09-24T23:00:00Z,30443.25,30447.52,30438.75,30441.32
2026-09-24T23:00:00Z,2026-09-24T23:05:00Z,30441.37,30447.37,30439.42,30444.98
2026-09-24T23:05:00Z,2026-09-24T23:10:00Z,30445,30447.77,30426.52,30433.52
2026-09-24T23:10:00Z,2026-09-24T23:15:00Z,30433.77,30434.75,30423.12,30429.16
2026-09-24T23:15:00Z,2026-09-24T23:20:00Z,30429.31,30433.2,30424.87,30427.81
2026-09-24T23:20:00Z,2026-09-24T23:25:00Z,30427.8,30438,30423.67,30437.42
2026-09-24T23:25:00Z,2026-09-24T23:30:00Z,30437.37,30444.87,30433.75,30437.59
2026-09-24T23:30:00Z,2026-09-24T23:35:00Z,30437.72,30443.83,30437.59,30439.37
2026-09-24T23:35:00Z,2026-09-24T23:40:00Z,30439.31,30443.18,30435.33,30437.91
2026-09-24T23:40:00Z,2026-09-24T23:45:00Z,30437.87,30438.25,30419.66,30420.12
2026-09-24T23:45:00Z,2026-09-24T23:50:00Z,30420.1,30425.69,30408.99,30414.5
2026-09-24T23:50:00Z,2026-09-24T23:55:00Z,30414.37,30416.08,30399.12,30404.75
2026-09-24T23:55:00Z,2026-09-25T00:00:00Z,30404.66,30407.87,30396.41,30399.42
2026-09-25T00:00:00Z,2026-09-25T00:05:00Z,30399.37,30429.62,30398.56,30419
2026-09-25T00:05:00Z,2026-09-25T00:10:00Z,30418.87,30420.5,30396.75,30411.25
2026-09-25T00:10:00Z,2026-09-25T00:15:00Z,30411.37,30416.16,30398.75,30408.92
2026-09-25T00:15:00Z,2026-09-25T00:20:00Z,30408.87,30413.5,30394.75,30405.27
2026-09-25T00:20:00Z,2026-09-25T00:25:00Z,30405.41,30436,30403.37,30432.37
2026-09-25T00:25:00Z,2026-09-25T00:30:00Z,30432.33,30439.25,30422.08,30425.81
2026-09-25T00:30:00Z,2026-09-25T00:35:00Z,30425.66,30428.75,30413.12,30417.92
2026-09-25T00:35:00Z,2026-09-25T00:40:00Z,30417.87,30421.62,30394.37,30403.25
2026-09-25T00:40:00Z,2026-09-25T00:45:00Z,30403.12,30417.41,30401.87,30412.58
2026-09-25T00:45:00Z,2026-09-25T00:50:00Z,30412.43,30419.81,30406.24,30415.75
2026-09-25T00:50:00Z,2026-09-25T00:55:00Z,30415.73,30417.75,30397.72,30411.75
2026-09-25T00:55:00Z,2026-09-25T01:00:00Z,30411.62,30416.66,30402.62,30410
2026-09-25T01:00:00Z,2026-09-25T01:05:00Z,30409.91,30422.87,30396.64,30421.12
2026-09-25T01:05:00Z,2026-09-25T01:10:00Z,30421.08,30434.45,30407.87,30428.91
2026-09-25T01:10:00Z,2026-09-25T01:15:00Z,30428.87,30485.92,30428.12,30476.75
2026-09-25T01:15:00Z,2026-09-25T01:20:00Z,30476.87,30501.53,30473.5,30483.75
2026-09-25T01:20:00Z,2026-09-25T01:25:00Z,30483.87,30500.95,30481.37,30488.62
2026-09-25T01:25:00Z,2026-09-25T01:30:00Z,30488.65,30500.12,30484.25,30487.25
2026-09-25T01:30:00Z,2026-09-25T01:35:00Z,30487.31,30490.16,30466.22,30467.67
2026-09-25T01:35:00Z,2026-09-25T01:40:00Z,30467.62,30504.37,30462.52,30503
2026-09-25T01:40:00Z,2026-09-25T01:45:00Z,30502.87,30520.31,30499.72,30510.25
2026-09-25T01:45:00Z,2026-09-25T01:50:00Z,30510.12,30513.44,30496.37,30509.87
2026-09-25T01:50:00Z,2026-09-25T01:55:00Z,30509.75,30511,30490.48,30492.62
2026-09-25T01:55:00Z,2026-09-25T02:00:00Z,30492.75,30502.78,30483.25,30502.5
2026-09-25T02:00:00Z,2026-09-25T02:05:00Z,30502.62,30508.59,30495.41,30506.37
2026-09-25T02:05:00Z,2026-09-25T02:10:00Z,30506.25,30522.14,30505.37,30518.08
2026-09-25T02:10:00Z,2026-09-25T02:15:00Z,30518,30521.67,30506.37,30509.33
2026-09-25T02:15:00Z,2026-09-25T02:20:00Z,30509.04,30520.62,30506.94,30518.69
2026-09-25T02:20:00Z,2026-09-25T02:25:00Z,30518.64,30526.12,30516.04,30516.18
2026-09-25T02:25:00Z,2026-09-25T02:30:00Z,30516.22,30516.29,30496.91,30498.25
2026-09-25T02:30:00Z,2026-09-25T02:35:00Z,30497.87,30500.68,30477.75,30479
2026-09-25T02:35:00Z,2026-09-25T02:40:00Z,30479.12,30486.25,30473.08,30485.25
2026-09-25T02:40:00Z,2026-09-25T02:45:00Z,30485.23,30506.58,30483.75,30499.5
2026-09-25T02:45:00Z,2026-09-25T02:50:00Z,30499.62,30501.08,30481.28,30483.5
2026-09-25T02:50:00Z,2026-09-25T02:55:00Z,30483.37,30497.37,30476.83,30496.41
2026-09-25T02:55:00Z,2026-09-25T03:00:00Z,30496.37,30503.25,30491.58,30503.19
2026-09-25T03:00:00Z,2026-09-25T03:05:00Z,30503.12,30504.5,30492.08,30497.5
2026-09-25T03:05:00Z,2026-09-25T03:10:00Z,30497.56,30523.15,30497.56,30518.81
2026-09-25T03:10:00Z,2026-09-25T03:15:00Z,30518.75,30518.75,30507.4,30514.62
2026-09-25T03:15:00Z,2026-09-25T03:20:00Z,30514.5,30521.03,30500.47,30511.37
2026-09-25T03:20:00Z,2026-09-25T03:25:00Z,30511.25,30520.12,30510.62,30512.81
2026-09-25T03:25:00Z,2026-09-25T03:30:00Z,30512.69,30515,30504.37,30506
2026-09-25T03:30:00Z,2026-09-25T03:35:00Z,30505.94,30513.42,30502.41,30509.87
2026-09-25T03:35:00Z,2026-09-25T03:40:00Z,30509.91,30519.87,30504.31,30519.62
2026-09-25T03:40:00Z,2026-09-25T03:45:00Z,30519.67,30525.18,30496.42,30496.56
2026-09-25T03:45:00Z,2026-09-25T03:50:00Z,30496.62,30502.62,30486.62,30499
2026-09-25T03:50:00Z,2026-09-25T03:55:00Z,30498.98,30505.12,30492.52,30496.83
2026-09-25T03:55:00Z,2026-09-25T04:00:00Z,30496.87,30506.37,30495.3,30503.41
2026-09-25T04:00:00Z,2026-09-25T04:05:00Z,30503.37,30506,30484.62,30490.23
2026-09-25T04:05:00Z,2026-09-25T04:10:00Z,30490.08,30493.72,30479.87,30487.5
2026-09-25T04:10:00Z,2026-09-25T04:15:00Z,30487.37,30493.16,30483.81,30486.67
2026-09-25T04:15:00Z,2026-09-25T04:20:00Z,30486.52,30493.37,30480,30483.75
2026-09-25T04:20:00Z,2026-09-25T04:25:00Z,30483.78,30490.5,30478.79,30489.27
2026-09-25T04:25:00Z,2026-09-25T04:30:00Z,30489.41,30493.28,30481.62,30486.87
2026-09-25T04:30:00Z,2026-09-25T04:35:00Z,30486.77,30495.56,30482,30494
2026-09-25T04:35:00Z,2026-09-25T04:40:00Z,30493.87,30502.03,30491.25,30500.25
2026-09-25T04:40:00Z,2026-09-25T04:45:00Z,30500.37,30504.08,30493.75,30495.25
2026-09-25T04:45:00Z,2026-09-25T04:50:00Z,30495.37,30503.62,30494.33,30497.37
2026-09-25T04:50:00Z,2026-09-25T04:55:00Z,30497.31,30503.83,30489.12,30495.16
2026-09-25T04:55:00Z,2026-09-25T05:00:00Z,30495.12,30496,30479.62,30490.5
2026-09-25T05:00:00Z,2026-09-25T05:05:00Z,30490.45,30505.28,30488,30502.25
2026-09-25T05:05:00Z,2026-09-25T05:10:00Z,30502.33,30521.28,30499.83,30519.58
2026-09-25T05:10:00Z,2026-09-25T05:15:00Z,30519.44,30525.5,30512.41,30513.75
2026-09-25T05:15:00Z,2026-09-25T05:20:00Z,30513.98,30524.66,30512.53,30515.5
2026-09-25T05:20:00Z,2026-09-25T05:25:00Z,30515.62,30519.33,30501.62,30502.25
2026-09-25T05:25:00Z,2026-09-25T05:30:00Z,30502.12,30521.18,30501.37,30518
2026-09-25T05:30:00Z,2026-09-25T05:35:00Z,30518.08,30560.67,30514.44,30550.12
2026-09-25T05:35:00Z,2026-09-25T05:40:00Z,30550,30564.68,30550,30560.91
2026-09-25T05:40:00Z,2026-09-25T05:45:00Z,30560.87,30578.37,30557.37,30578.12
2026-09-25T05:45:00Z,2026-09-25T05:50:00Z,30577.91,30580.54,30563.72,30564.87
2026-09-25T05:50:00Z,2026-09-25T05:55:00Z,30565,30576.87,30563.91,30576.12
2026-09-25T05:55:00Z,2026-09-25T06:00:00Z,30576.17,30576.17,30558.3,30562.37
2026-09-25T06:00:00Z,2026-09-25T06:05:00Z,30561.87,30578.69,30561.62,30576.33
2026-09-25T06:05:00Z,2026-09-25T06:10:00Z,30576.37,30587.83,30573.12,30586.33
2026-09-25T06:10:00Z,2026-09-25T06:15:00Z,30586.37,30602.2,30585.08,30599.62
2026-09-25T06:15:00Z,2026-09-25T06:20:00Z,30599.5,30612.63,30593.12,30607.75
2026-09-25T06:20:00Z,2026-09-25T06:25:00Z,30607.83,30616.87,30603.18,30609.75
2026-09-25T06:25:00Z,2026-09-25T06:30:00Z,30609.83,30613.06,30585.21,30592.69
2026-09-25T06:30:00Z,2026-09-25T06:35:00Z,30592.75,30603.75,30587,30603.12
2026-09-25T06:35:00Z,2026-09-25T06:40:00Z,30603.08,30604.08,30589.8,30593.66
2026-09-25T06:40:00Z,2026-09-25T06:45:00Z,30593.62,30600.3,30587.62,30592.5
2026-09-25T06:45:00Z,2026-09-25T06:50:00Z,30592.37,30598.37,30576.77,30587.12
2026-09-25T06:50:00Z,2026-09-25T06:55:00Z,30587.25,30590.2,30576.31,30586.33
2026-09-25T06:55:00Z,2026-09-25T07:00:00Z,30586.25,30594.25,30576.62,30578.87
2026-09-25T07:00:00Z,2026-09-25T07:05:00Z,30579.12,30599.87,30577.54,30584.12
2026-09-25T07:05:00Z,2026-09-25T07:10:00Z,30584,30600.06,30578.87,30590.87
2026-09-25T07:10:00Z,2026-09-25T07:15:00Z,30590.92,30609.48,30583.47,30606.62
2026-09-25T07:15:00Z,2026-09-25T07:20:00Z,30606.67,30614.75,30592.62,30597.48
2026-09-25T07:20:00Z,2026-09-25T07:25:00Z,30597.5,30603.75,30588.12,30594.75
2026-09-25T07:25:00Z,2026-09-25T07:30:00Z,30594.69,30614.25,30583.71,30611.12
2026-09-25T07:30:00Z,2026-09-25T07:35:00Z,30614.17,30616.83,30573.87,30576.05
2026-09-25T07:35:00Z,2026-09-25T07:40:00Z,30575.97,30584.87,30571.21,30571.37
2026-09-25T07:40:00Z,2026-09-25T07:45:00Z,30571.5,30581.42,30567.87,30572.87
2026-09-25T07:45:00Z,2026-09-25T07:50:00Z,30572.94,30592.68,30572.56,30574.62
2026-09-25T07:50:00Z,2026-09-25T07:55:00Z,30574.67,30584.12,30571.25,30578.87
2026-09-25T07:55:00Z,2026-09-25T08:00:00Z,30578.75,30590.37,30574.94,30580.43
2026-09-25T08:00:00Z,2026-09-25T08:05:00Z,30579.41,30589.12,30555.62,30559.25
2026-09-25T08:05:00Z,2026-09-25T08:10:00Z,30559.37,30575.41,30550.12,30571.17
2026-09-25T08:10:00Z,2026-09-25T08:15:00Z,30571.12,30602.4,30569.25,30590.37
2026-09-25T08:15:00Z,2026-09-25T08:20:00Z,30590.25,30609,30590.12,30598.87
2026-09-25T08:20:00Z,2026-09-25T08:25:00Z,30598.91,30621.33,30596.87,30620.37
2026-09-25T08:25:00Z,2026-09-25T08:30:00Z,30620.5,30638.98,30608.29,30635
2026-09-25T08:30:00Z,2026-09-25T08:35:00Z,30634.87,30645.67,30627.33,30639.62
2026-09-25T08:35:00Z,2026-09-25T08:40:00Z,30639.5,30644.33,30623.5,30629.08
2026-09-25T08:40:00Z,2026-09-25T08:45:00Z,30628.87,30647.29,30628.5,30646
2026-09-25T08:45:00Z,2026-09-25T08:50:00Z,30645.87,30656.44,30645.31,30645.56
2026-09-25T08:50:00Z,2026-09-25T08:55:00Z,30645.83,30653.83,30642.96,30652.94
2026-09-25T08:55:00Z,2026-09-25T09:00:00Z,30653,30666.31,30653,30658.69
2026-09-25T09:00:00Z,2026-09-25T09:05:00Z,30658.62,30667.12,30653.81,30659.62
2026-09-25T09:05:00Z,2026-09-25T09:10:00Z,30659.69,30672.04,30658.22,30670.62
2026-09-25T09:10:00Z,2026-09-25T09:15:00Z,30670.75,30672,30662.5,30665.67
2026-09-25T09:15:00Z,2026-09-25T09:20:00Z,30665.62,30672.66,30660.68,30662.25
2026-09-25T09:20:00Z,2026-09-25T09:25:00Z,30662.19,30664.23,30652.12,30661.12
2026-09-25T09:25:00Z,2026-09-25T09:30:00Z,30661.08,30661.71,30649.52,30650.91
2026-09-25T09:30:00Z,2026-09-25T09:35:00Z,30651.06,30663.92,30642,30656.16
2026-09-25T09:35:00Z,2026-09-25T09:40:00Z,30656.12,30658.31,30646.75,30653.87
2026-09-25T09:40:00Z,2026-09-25T09:45:00Z,30653.83,30656.12,30644.62,30649.08
2026-09-25T09:45:00Z,2026-09-25T09:50:00Z,30649.06,30649.62,30628,30633.42
2026-09-25T09:50:00Z,2026-09-25T09:55:00Z,30633.37,30635.5,30623.95,30634.12
2026-09-25T09:55:00Z,2026-09-25T10:00:00Z,30634,30641.83,30628.25,30628.25
2026-09-25T10:00:00Z,2026-09-25T10:05:00Z,30628.5,30637.66,30617.34,30618.62
2026-09-25T10:05:00Z,2026-09-25T10:10:00Z,30618.55,30626.06,30612.62,30622.81
2026-09-25T10:10:00Z,2026-09-25T10:15:00Z,30622.75,30644.56,30621.62,30640
2026-09-25T10:15:00Z,2026-09-25T10:20:00Z,30639.87,30651.06,30639,30646.43
2026-09-25T10:20:00Z,2026-09-25T10:25:00Z,30646.58,30654.25,30639,30642.62
2026-09-25T10:25:00Z,2026-09-25T10:30:00Z,30642.73,30647.12,30639.31,30640.8
2026-09-25T10:30:00Z,2026-09-25T10:35:00Z,30640.81,30650.25,30629.87,30639.12
2026-09-25T10:35:00Z,2026-09-25T10:40:00Z,30639.18,30645.25,30624.21,30626.31
2026-09-25T10:40:00Z,2026-09-25T10:45:00Z,30626.17,30635.87,30623.5,30632.75
2026-09-25T10:45:00Z,2026-09-25T10:50:00Z,30632.87,30639.06,30624.58,30636
2026-09-25T10:50:00Z,2026-09-25T10:55:00Z,30635.9,30644.68,30626.95,30639.43
2026-09-25T10:55:00Z,2026-09-25T11:00:00Z,30639.37,30639.37,30626.62,30634.12
2026-09-25T11:00:00Z,2026-09-25T11:05:00Z,30634.37,30649.58,30625.44,30633.12
2026-09-25T11:05:00Z,2026-09-25T11:10:00Z,30633,30672.29,30632.81,30671.25
2026-09-25T11:10:00Z,2026-09-25T11:15:00Z,30671.12,30686.71,30667.93,30686.5
2026-09-25T11:15:00Z,2026-09-25T11:20:00Z,30686.04,30706.5,30685.12,30693.97
2026-09-25T11:20:00Z,2026-09-25T11:25:00Z,30694,30696.41,30687,30689.81
2026-09-25T11:25:00Z,2026-09-25T11:30:00Z,30689.87,30702.75,30686.25,30689
2026-09-25T11:30:00Z,2026-09-25T11:35:00Z,30688.87,30693.12,30681.87,30690.12
2026-09-25T11:35:00Z,2026-09-25T11:40:00Z,30690.18,30708.27,30671.37,30672.87
2026-09-25T11:40:00Z,2026-09-25T11:45:00Z,30673.12,30687.92,30673.08,30682.93
2026-09-25T11:45:00Z,2026-09-25T11:50:00Z,30682.94,30686.18,30679.23,30679.62
2026-09-25T11:50:00Z,2026-09-25T11:55:00Z,30679.75,30693.45,30674.79,30691.62
2026-09-25T11:55:00Z,2026-09-25T12:00:00Z,30691.58,30693.56,30672.29,30672.91
2026-09-25T12:00:00Z,2026-09-25T12:05:00Z,30672.87,30690.25,30668.12,30684.25
2026-09-25T12:05:00Z,2026-09-25T12:10:00Z,30684.16,30689.55,30672.81,30673.62
2026-09-25T12:10:00Z,2026-09-25T12:15:00Z,30673.33,30682.62,30655.37,30664.5
2026-09-25T12:15:00Z,2026-09-25T12:20:00Z,30664.44,30664.75,30628.81,30636.87
2026-09-25T12:20:00Z,2026-09-25T12:25:00Z,30636.62,30656.81,30631.62,30647.06
2026-09-25T12:25:00Z,2026-09-25T12:30:00Z,30647,30653.5,30640.31,30644.12
2026-09-25T12:30:00Z,2026-09-25T12:35:00Z,30644.06,30648.5,30617,30630.87
2026-09-25T12:35:00Z,2026-09-25T12:40:00Z,30630.75,30632,30616.05,30621.87
2026-09-25T12:40:00Z,2026-09-25T12:45:00Z,30622,30625.81,30589.87,30608.66
2026-09-25T12:45:00Z,2026-09-25T12:50:00Z,30608.91,30633.12,30590.97,30597.87
2026-09-25T12:50:00Z,2026-09-25T12:55:00Z,30598,30601.2,30583.81,30588.02
2026-09-25T12:55:00Z,2026-09-25T13:00:00Z,30587.96,30599.08,30583.57,30589.72
2026-09-25T13:00:00Z,2026-09-25T13:05:00Z,30589.69,30593.47,30565.81,30590.44
2026-09-25T13:05:00Z,2026-09-25T13:10:00Z,30590.5,30611.37,30589.96,30611.18
2026-09-25T13:10:00Z,2026-09-25T13:15:00Z,30611.12,30620.37,30607.25,30610.97
2026-09-25T13:15:00Z,2026-09-25T13:20:00Z,30610.91,30611.84,30570.56,30571.68
2026-09-25T13:20:00Z,2026-09-25T13:25:00Z,30571.7,30581.44,30568.13,30568.41
2026-09-25T13:25:00Z,2026-09-25T13:30:00Z,30568.44,30573.31,30532.54,30532.54
2026-09-25T13:30:00Z,2026-09-25T13:35:00Z,30531.71,30563.79,30479.74,30560.09
2026-09-25T13:35:00Z,2026-09-25T13:40:00Z,30560.5,30588.59,30555.5,30580.28
2026-09-25T13:40:00Z,2026-09-25T13:45:00Z,30579.66,30601.83,30563.56,30588
2026-09-25T13:45:00Z,2026-09-25T13:50:00Z,30588.34,30600.46,30559.78,30585.81
2026-09-25T13:50:00Z,2026-09-25T13:55:00Z,30585.84,30634.04,30577.94,30622.69
2026-09-25T13:55:00Z,2026-09-25T14:00:00Z,30622.71,30638.31,30590.66,30611.58
2026-09-25T14:00:00Z,2026-09-25T14:05:00Z,30611.75,30614.31,30510.33,30516.29
2026-09-25T14:05:00Z,2026-09-25T14:10:00Z,30515.91,30528,30464.53,30519
2026-09-25T14:10:00Z,2026-09-25T14:15:00Z,30518.97,30535,30447.37,30452.83
2026-09-25T14:15:00Z,2026-09-25T14:20:00Z,30453.12,30464.38,30396.5,30433.31
2026-09-25T14:20:00Z,2026-09-25T14:25:00Z,30433.29,30472,30421.24,30464.06
2026-09-25T14:25:00Z,2026-09-25T14:30:00Z,30464.03,30490.71,30438.69,30443.21
2026-09-25T14:30:00Z,2026-09-25T14:35:00Z,30443.12,30493.71,30431.29,30482.25
2026-09-25T14:35:00Z,2026-09-25T14:40:00Z,30482.18,30515.45,30473.71,30502.75
2026-09-25T14:40:00Z,2026-09-25T14:45:00Z,30503,30508.22,30450.95,30476.56
2026-09-25T14:45:00Z,2026-09-25T14:50:00Z,30477.25,30509.54,30455.25,30501.88
2026-09-25T14:50:00Z,2026-09-25T14:55:00Z,30501.81,30505.12,30463.5,30497.66
2026-09-25T14:55:00Z,2026-09-25T15:00:00Z,30498.04,30541.2,30494.75,30535.49
2026-09-25T15:00:00Z,2026-09-25T15:05:00Z,30535.19,30579.29,30525.81,30567.96
2026-09-25T15:05:00Z,2026-09-25T15:10:00Z,30567.94,30583.21,30556.78,30558.29
2026-09-25T15:10:00Z,2026-09-25T15:15:00Z,30558.28,30561.29,30518.22,30532.75
2026-09-25T15:15:00Z,2026-09-25T15:20:00Z,30532.71,30549.75,30515.78,30523.37
2026-09-25T15:20:00Z,2026-09-25T15:25:00Z,30523.58,30555.62,30512.67,30524.25
2026-09-25T15:25:00Z,2026-09-25T15:30:00Z,30524.29,30539.71,30515.89,30525.47
2026-09-25T15:30:00Z,2026-09-25T15:35:00Z,30525.25,30572.29,30524.04,30529.37
2026-09-25T15:35:00Z,2026-09-25T15:40:00Z,30529.44,30534.62,30475.94,30484.25
2026-09-25T15:40:00Z,2026-09-25T15:45:00Z,30484.46,30502.76,30462,30463.44
2026-09-25T15:45:00Z,2026-09-25T15:50:00Z,30463.46,30494.5,30447.44,30494.22
2026-09-25T15:50:00Z,2026-09-25T15:55:00Z,30494.16,30498,30443.34,30485.37
2026-09-25T15:55:00Z,2026-09-25T16:00:00Z,30485.41,30571.44,30485.16,30570
2026-09-25T16:00:00Z,2026-09-25T16:05:00Z,30569.34,30631.5,30558.5,30626.12
2026-09-25T16:05:00Z,2026-09-25T16:10:00Z,30626.03,30651.6,30617.83,30642.5
2026-09-25T16:10:00Z,2026-09-25T16:15:00Z,30642.46,30662,30621,30638.87
2026-09-25T16:15:00Z,2026-09-25T16:20:00Z,30639.06,30663.48,30606.25,30613.5
2026-09-25T16:20:00Z,2026-09-25T16:25:00Z,30613.56,30618.06,30551.17,30577.44
2026-09-25T16:25:00Z,2026-09-25T16:30:00Z,30577.56,30639.29,30573.53,30636.94
2026-09-25T16:30:00Z,2026-09-25T16:35:00Z,30636.96,30644.46,30579.06,30591.94
2026-09-25T16:35:00Z,2026-09-25T16:40:00Z,30591.87,30628.62,30589.2,30610.19
2026-09-25T16:40:00Z,2026-09-25T16:45:00Z,30610.13,30633.5,30598.79,30617
2026-09-25T16:45:00Z,2026-09-25T16:50:00Z,30616.96,30619.43,30576.58,30593.47
2026-09-25T16:50:00Z,2026-09-25T16:55:00Z,30593.41,30610.37,30589.19,30604.37
2026-09-25T16:55:00Z,2026-09-25T17:00:00Z,30604.41,30614.85,30574.38,30589.79
2026-09-25T17:00:00Z,2026-09-25T17:05:00Z,30589.75,30632.22,30585.14,30622.19
2026-09-25T17:05:00Z,2026-09-25T17:10:00Z,30622.13,30629.25,30601.78,30623.81
2026-09-25T17:10:00Z,2026-09-25T17:15:00Z,30623.88,30634.5,30603.83,30634.35
2026-09-25T17:15:00Z,2026-09-25T17:20:00Z,30634.31,30638.66,30618.29,30623.41
2026-09-25T17:20:00Z,2026-09-25T17:25:00Z,30623.38,30636.85,30621.63,30635.31
2026-09-25T17:25:00Z,2026-09-25T17:30:00Z,30635.35,30636.77,30623.08,30630.13
2026-09-25T17:30:00Z,2026-09-25T17:35:00Z,30630.09,30635.13,30601.73,30611.44
2026-09-25T17:35:00Z,2026-09-25T17:40:00Z,30611.46,30624.58,30598.44,30615.2
2026-09-25T17:40:00Z,2026-09-25T17:45:00Z,30615.25,30634.44,30613.62,30617.5
2026-09-25T17:45:00Z,2026-09-25T17:50:00Z,30617.41,30630.9,30611.46,30630.1
2026-09-25T17:50:00Z,2026-09-25T17:55:00Z,30630.06,30630.54,30602.79,30612.1
2026-09-25T17:55:00Z,2026-09-25T18:00:00Z,30612.15,30624,30609.92,30623.98
2026-09-25T18:00:00Z,2026-09-25T18:05:00Z,30623.9,30628.69,30615.67,30617
2026-09-25T18:05:00Z,2026-09-25T18:10:00Z,30616.78,30626.65,30608.83,30624.78
2026-09-25T18:10:00Z,2026-09-25T18:15:00Z,30624.85,30641.08,30617.25,30640.2
2026-09-25T18:15:00Z,2026-09-25T18:20:00Z,30640.21,30642.18,30625.94,30631.53
2026-09-25T18:20:00Z,2026-09-25T18:25:00Z,30631.5,30634.23,30622.31,30629.42
2026-09-25T18:25:00Z,2026-09-25T18:30:00Z,30629.33,30634.18,30583.35,30603.21
2026-09-25T18:30:00Z,2026-09-25T18:35:00Z,30603.13,30628.53,30603,30618.13
2026-09-25T18:35:00Z,2026-09-25T18:40:00Z,30618.25,30620.58,30588.34,30589
2026-09-25T18:40:00Z,2026-09-25T18:45:00Z,30588.96,30612.73,30580.21,30612.27
2026-09-25T18:45:00Z,2026-09-25T18:50:00Z,30612.16,30614.53,30592.09,30597.21
2026-09-25T18:50:00Z,2026-09-25T18:55:00Z,30597.13,30599.63,30585.94,30587.25
2026-09-25T18:55:00Z,2026-09-25T19:00:00Z,30587.29,30593.13,30579.25,30580.81
2026-09-25T19:00:00Z,2026-09-25T19:05:00Z,30580.88,30596.5,30575.23,30592.65
2026-09-25T19:05:00Z,2026-09-25T19:10:00Z,30592.69,30603.79,30588.75,30599.24
2026-09-25T19:10:00Z,2026-09-25T19:15:00Z,30599.25,30611.98,30594.48,30610.9
2026-09-25T19:15:00Z,2026-09-25T19:20:00Z,30610.83,30615.54,30598,30598.03
2026-09-25T19:20:00Z,2026-09-25T19:25:00Z,30598.04,30602.25,30582.96,30591.15
2026-09-25T19:25:00Z,2026-09-25T19:30:00Z,30591.21,30592.23,30571.44,30577.33
2026-09-25T19:30:00Z,2026-09-25T19:35:00Z,30577.73,30582.39,30564.29,30564.43
2026-09-25T19:35:00Z,2026-09-25T19:40:00Z,30564.42,30594.25,30557.1,30592.04
2026-09-25T19:40:00Z,2026-09-25T19:45:00Z,30592.06,30611.69,30584.29,30603.63
2026-09-25T19:45:00Z,2026-09-25T19:50:00Z,30603.6,30630.65,30603.6,30620.54
2026-09-25T19:50:00Z,2026-09-25T19:55:00Z,30620.46,30647.06,30620.46,30623.21
2026-09-25T19:55:00Z,2026-09-25T20:00:00Z,30623.28,30630.37,30595.98,30603.5
2026-09-25T20:00:00Z,2026-09-25T20:05:00Z,30603.17,30610.79,30592.73,30607.91
2026-09-25T20:05:00Z,2026-09-25T20:10:00Z,30607.88,30616.03,30601.04,30609.29
2026-09-25T20:10:00Z,2026-09-25T20:15:00Z,30609.25,30611.54,30602.81,30603.75
2026-09-25T20:15:00Z,2026-09-25T20:20:00Z,30603.71,30605.03,30597,30601.5
2026-09-25T20:20:00Z,2026-09-25T20:25:00Z,30601.62,30602.83,30595.96,30600.33
2026-09-25T20:25:00Z,2026-09-25T20:30:00Z,30600.35,30611.81,30599.06,30610.38
2026-09-25T20:30:00Z,2026-09-25T20:35:00Z,30610.44,30626.24,30609.29,30625.5
2026-09-25T20:35:00Z,2026-09-25T20:40:00Z,30625.51,30630.38,30622.58,30623.56
2026-09-25T20:40:00Z,2026-09-25T20:45:00Z,30623.5,30628.96,30622.23,30627.75
2026-09-27T22:00:00Z,2026-09-27T22:05:00Z,30627.75,30637.37,30534.12,30563.5
2026-09-27T22:05:00Z,2026-09-27T22:10:00Z,30563.37,30581.1,30551.5,30561
2026-09-27T22:10:00Z,2026-09-27T22:15:00Z,30560.87,30567.87,30533.52,30537.75
2026-09-27T22:15:00Z,2026-09-27T22:20:00Z,30537.62,30549.37,30533.47,30536.5
2026-09-27T22:20:00Z,2026-09-27T22:25:00Z,30536.57,30543.67,30512.69,30540.87
2026-09-27T22:25:00Z,2026-09-27T22:30:00Z,30541,30559.48,30539.25,30541.12
2026-09-27T22:30:00Z,2026-09-27T22:35:00Z,30541,30541,30517.91,30520.37
2026-09-27T22:35:00Z,2026-09-27T22:40:00Z,30520.5,30526.25,30517.8,30526
2026-09-27T22:40:00Z,2026-09-27T22:45:00Z,30525.91,30526.5,30520.16,30524.37
2026-09-27T22:45:00Z,2026-09-27T22:50:00Z,30524.15,30524.62,30510.46,30511.75
2026-09-27T22:50:00Z,2026-09-27T22:55:00Z,30511.62,30513.67,30501.12,30503.25
2026-09-27T22:55:00Z,2026-09-27T23:00:00Z,30503.23,30509.12,30502.27,30508.75
2026-09-27T23:00:00Z,2026-09-27T23:05:00Z,30508.77,30514.12,30501.12,30510.87
2026-09-27T23:05:00Z,2026-09-27T23:10:00Z,30510.73,30521.25,30508.06,30518.62
2026-09-27T23:10:00Z,2026-09-27T23:15:00Z,30518.75,30529.12,30516.98,30526.75
2026-09-27T23:15:00Z,2026-09-27T23:20:00Z,30526.87,30533.5,30522.75,30532.58
2026-09-27T23:20:00Z,2026-09-27T23:25:00Z,30532.56,30544.51,30530.75,30533.93
2026-09-27T23:25:00Z,2026-09-27T23:30:00Z,30533.87,30539.87,30532.66,30536.33
2026-09-27T23:30:00Z,2026-09-27T23:35:00Z,30536.25,30540.08,30519.62,30522.52
2026-09-27T23:35:00Z,2026-09-27T23:40:00Z,30522.62,30534,30519.97,30526.62
2026-09-27T23:40:00Z,2026-09-27T23:45:00Z,30526.75,30531.37,30517.75,30528.62
2026-09-27T23:45:00Z,2026-09-27T23:50:00Z,30528.75,30562.75,30528.62,30554.5
2026-09-27T23:50:00Z,2026-09-27T23:55:00Z,30554.42,30564.95,30537.83,30544.58
2026-09-27T23:55:00Z,2026-09-28T00:00:00Z,30544.62,30566.43,30540.83,30566
2026-09-28T00:00:00Z,2026-09-28T00:05:00Z,30565.91,30602.25,30557.87,30591.25
2026-09-28T00:05:00Z,2026-09-28T00:10:00Z,30591.12,30599.25,30582.37,30597.12
2026-09-28T00:10:00Z,2026-09-28T00:15:00Z,30597.2,30614.12,30594.62,30612.92
2026-09-28T00:15:00Z,2026-09-28T00:20:00Z,30613,30613.33,30594.12,30602.12
2026-09-28T00:20:00Z,2026-09-28T00:25:00Z,30602.18,30615.06,30596.08,30603.62
2026-09-28T00:25:00Z,2026-09-28T00:30:00Z,30603.58,30608,30584.31,30588.5
2026-09-28T00:30:00Z,2026-09-28T00:35:00Z,30588.33,30591.42,30546.41,30559.66
2026-09-28T00:35:00Z,2026-09-28T00:40:00Z,30559.73,30564.12,30543.67,30549.5
2026-09-28T00:40:00Z,2026-09-28T00:45:00Z,30549.52,30550.25,30528.87,30542.75
2026-09-28T00:45:00Z,2026-09-28T00:50:00Z,30542.66,30573.81,30542.16,30547.25
2026-09-28T00:50:00Z,2026-09-28T00:55:00Z,30547.12,30569.75,30539.72,30551.37
2026-09-28T00:55:00Z,2026-09-28T01:00:00Z,30551.48,30554.5,30508.87,30515.19
2026-09-28T01:00:00Z,2026-09-28T01:05:00Z,30515.33,30541.12,30509.08,30541.12
2026-09-28T01:05:00Z,2026-09-28T01:10:00Z,30541.28,30542.25,30504.5,30525.62
2026-09-28T01:10:00Z,2026-09-28T01:15:00Z,30525.5,30530.37,30511.95,30514.87
2026-09-28T01:15:00Z,2026-09-28T01:20:00Z,30514.92,30519.25,30490.37,30500.68
2026-09-28T01:20:00Z,2026-09-28T01:25:00Z,30500.75,30528,30497.25,30504.12
2026-09-28T01:25:00Z,2026-09-28T01:30:00Z,30504.1,30529.62,30501.41,30524
2026-09-28T01:30:00Z,2026-09-28T01:35:00Z,30523.87,30540.03,30522.12,30525.56
2026-09-28T01:35:00Z,2026-09-28T01:40:00Z,30525.62,30530.12,30517.53,30527.56
2026-09-28T01:40:00Z,2026-09-28T01:45:00Z,30527.67,30532.87,30495.87,30499.87
2026-09-28T01:45:00Z,2026-09-28T01:50:00Z,30500,30506.12,30471.5,30476.12
2026-09-28T01:50:00Z,2026-09-28T01:55:00Z,30476.08,30484.05,30460.29,30467.83
2026-09-28T01:55:00Z,2026-09-28T02:00:00Z,30467.87,30483.87,30459.18,30460.17
2026-09-28T02:00:00Z,2026-09-28T02:05:00Z,30460.25,30463.12,30442,30454.43
2026-09-28T02:05:00Z,2026-09-28T02:10:00Z,30454.5,30463.8,30434.37,30460.08
2026-09-28T02:10:00Z,2026-09-28T02:15:00Z,30460,30476.62,30457.5,30468.5
2026-09-28T02:15:00Z,2026-09-28T02:20:00Z,30468.37,30470.33,30437.12,30449.12
2026-09-28T02:20:00Z,2026-09-28T02:25:00Z,30449.25,30449.87,30418.12,30421.87
2026-09-28T02:25:00Z,2026-09-28T02:30:00Z,30422,30452.31,30419.25,30435.37
2026-09-28T02:30:00Z,2026-09-28T02:35:00Z,30435.35,30444,30419.62,30429.12
2026-09-28T02:35:00Z,2026-09-28T02:40:00Z,30429.08,30435.25,30410.31,30414.62
2026-09-28T02:40:00Z,2026-09-28T02:45:00Z,30414.58,30425.19,30409.73,30420.37
2026-09-28T02:45:00Z,2026-09-28T02:50:00Z,30420.33,30422.87,30397.85,30403.37
2026-09-28T02:50:00Z,2026-09-28T02:55:00Z,30403.33,30413.8,30400.06,30407.17
2026-09-28T02:55:00Z,2026-09-28T03:00:00Z,30407.25,30408.25,30385.12,30397
2026-09-28T03:00:00Z,2026-09-28T03:05:00Z,30396.87,30416,30395.5,30408.12
2026-09-28T03:05:00Z,2026-09-28T03:10:00Z,30408.08,30420,30401.75,30413.87
2026-09-28T03:10:00Z,2026-09-28T03:15:00Z,30414,30420.92,30397.33,30397.5
2026-09-28T03:15:00Z,2026-09-28T03:20:00Z,30397.37,30406.16,30390.22,30393.5
2026-09-28T03:20:00Z,2026-09-28T03:25:00Z,30393.62,30402.56,30384.54,30392.5
2026-09-28T03:25:00Z,2026-09-28T03:30:00Z,30392.46,30392.75,30381.06,30381.44
2026-09-28T03:30:00Z,2026-09-28T03:35:00Z,30381.5,30387.47,30370.87,30371.16
2026-09-28T03:35:00Z,2026-09-28T03:40:00Z,30371.12,30383.62,30361.62,30375.83
2026-09-28T03:40:00Z,2026-09-28T03:45:00Z,30375.87,30385.62,30369.19,30384.67
2026-09-28T03:45:00Z,2026-09-28T03:50:00Z,30384.62,30398.12,30378.87,30392.66
2026-09-28T03:50:00Z,2026-09-28T03:55:00Z,30392.62,30393.25,30375.08,30388.75
2026-09-28T03:55:00Z,2026-09-28T04:00:00Z,30388.66,30389.33,30358.81,30365.25
2026-09-28T04:00:00Z,2026-09-28T04:05:00Z,30365.2,30375.66,30355.5,30372.37
2026-09-28T04:05:00Z,2026-09-28T04:10:00Z,30372.31,30386.54,30369.12,30383.78
2026-09-28T04:10:00Z,2026-09-28T04:15:00Z,30383.81,30404.93,30383.67,30401.85
2026-09-28T04:15:00Z,2026-09-28T04:20:00Z,30401.87,30403.87,30389.37,30402.81
2026-09-28T04:20:00Z,2026-09-28T04:25:00Z,30402.75,30413.85,30402,30410
2026-09-28T04:25:00Z,2026-09-28T04:30:00Z,30409.87,30411.49,30393.19,30404.5
2026-09-28T04:30:00Z,2026-09-28T04:35:00Z,30404.37,30406.12,30392.29,30397.16
2026-09-28T04:35:00Z,2026-09-28T04:40:00Z,30397.25,30400.87,30391.08,30397.5
2026-09-28T04:40:00Z,2026-09-28T04:45:00Z,30397.62,30404.83,30396,30400.75
2026-09-28T04:45:00Z,2026-09-28T04:50:00Z,30400.83,30401.12,30385,30391.41
2026-09-28T04:50:00Z,2026-09-28T04:55:00Z,30391.5,30402.56,30391.25,30396.08
2026-09-28T04:55:00Z,2026-09-28T05:00:00Z,30396.12,30402.62,30390.37,30395.37
2026-09-28T05:00:00Z,2026-09-28T05:05:00Z,30395.44,30422.28,30394.62,30411
2026-09-28T05:05:00Z,2026-09-28T05:10:00Z,30411.12,30413.25,30392.25,30394.75
2026-09-28T05:10:00Z,2026-09-28T05:15:00Z,30394.62,30399.62,30376.25,30386.5
2026-09-28T05:15:00Z,2026-09-28T05:20:00Z,30386.37,30395.37,30373.94,30377.5
2026-09-28T05:20:00Z,2026-09-28T05:25:00Z,30377.37,30382.75,30369.5,30377.37
2026-09-28T05:25:00Z,2026-09-28T05:30:00Z,30377.41,30392.76,30373,30381.25
2026-09-28T05:30:00Z,2026-09-28T05:35:00Z,30381.17,30386.37,30364.67,30371
2026-09-28T05:35:00Z,2026-09-28T05:40:00Z,30371.12,30384.81,30355.17,30360.25
2026-09-28T05:40:00Z,2026-09-28T05:45:00Z,30360.17,30364.75,30347.52,30358.33
2026-09-28T05:45:00Z,2026-09-28T05:50:00Z,30358.37,30372.71,30356.37,30366.25
2026-09-28T05:50:00Z,2026-09-28T05:55:00Z,30366.37,30378.12,30351.33,30359
2026-09-28T05:55:00Z,2026-09-28T06:00:00Z,30359.12,30374.31,30355.62,30366.83
2026-09-28T06:00:00Z,2026-09-28T06:05:00Z,30366.87,30388.12,30352.62,30353.58
2026-09-28T06:05:00Z,2026-09-28T06:10:00Z,30353.43,30383.41,30345.5,30375.5
2026-09-28T06:10:00Z,2026-09-28T06:15:00Z,30375.62,30396.18,30349.22,30351.37
2026-09-28T06:15:00Z,2026-09-28T06:20:00Z,30351.33,30355,30323.04,30324.5
2026-09-28T06:20:00Z,2026-09-28T06:25:00Z,30324.69,30328.87,30313.12,30314.37
2026-09-28T06:25:00Z,2026-09-28T06:30:00Z,30314.37,30317.83,30300.16,30308.12
2026-09-28T06:30:00Z,2026-09-28T06:35:00Z,30308.25,30332.81,30298,30320.12
2026-09-28T06:35:00Z,2026-09-28T06:40:00Z,30320.28,30347.03,30319.08,30344.62
2026-09-28T06:40:00Z,2026-09-28T06:45:00Z,30344.5,30354.42,30328.33,30328.83
2026-09-28T06:45:00Z,2026-09-28T06:50:00Z,30328.75,30343.41,30327.08,30340.5
2026-09-28T06:50:00Z,2026-09-28T06:55:00Z,30340.58,30357.62,30329.37,30339.62
2026-09-28T06:55:00Z,2026-09-28T07:00:00Z,30339.5,30365.75,30334.41,30362.87
2026-09-28T07:00:00Z,2026-09-28T07:05:00Z,30362.81,30363,30321.37,30340.25
2026-09-28T07:05:00Z,2026-09-28T07:10:00Z,30340.37,30344.87,30325.08,30334.75
2026-09-28T07:10:00Z,2026-09-28T07:15:00Z,30334.62,30341.25,30307.62,30312.45
2026-09-28T07:15:00Z,2026-09-28T07:20:00Z,30312.5,30326.53,30306.37,30323.5
2026-09-28T07:20:00Z,2026-09-28T07:25:00Z,30323.37,30332.62,30306.37,30323.47
2026-09-28T07:25:00Z,2026-09-28T07:30:00Z,30323.43,30334.5,30305.43,30312.41
2026-09-28T07:30:00Z,2026-09-28T07:35:00Z,30312.5,30318.68,30303.25,30313.62
2026-09-28T07:35:00Z,2026-09-28T07:40:00Z,30313.5,30323,30293.55,30306.87
2026-09-28T07:40:00Z,2026-09-28T07:45:00Z,30306.93,30330.31,30289,30295.75
2026-09-28T07:45:00Z,2026-09-28T07:50:00Z,30295.87,30334.25,30294.75,30329.5
2026-09-28T07:50:00Z,2026-09-28T07:55:00Z,30329.62,30338.37,30308.83,30337.62
2026-09-28T07:55:00Z,2026-09-28T08:00:00Z,30337.58,30346.06,30320.25,30327.62
2026-09-28T08:00:00Z,2026-09-28T08:05:00Z,30327.5,30336.45,30306.25,30327.91
2026-09-28T08:05:00Z,2026-09-28T08:10:00Z,30327.91,30337.83,30309.91,30329.62
2026-09-28T08:10:00Z,2026-09-28T08:15:00Z,30329.47,30353.5,30318.37,30350.66
2026-09-28T08:15:00Z,2026-09-28T08:20:00Z,30350.62,30356.87,30325.17,30329.33
2026-09-28T08:20:00Z,2026-09-28T08:25:00Z,30329.18,30333.25,30309.37,30317.12
2026-09-28T08:25:00Z,2026-09-28T08:30:00Z,30317.17,30340.91,30316.33,30339.42
2026-09-28T08:30:00Z,2026-09-28T08:35:00Z,30339.5,30347.31,30321.97,30326.5
2026-09-28T08:35:00Z,2026-09-28T08:40:00Z,30326.62,30329.87,30288.2,30300.62
2026-09-28T08:40:00Z,2026-09-28T08:45:00Z,30300.56,30316,30298.42,30306.37
2026-09-28T08:45:00Z,2026-09-28T08:50:00Z,30306.33,30314.37,30292.58,30306.62
2026-09-28T08:50:00Z,2026-09-28T08:55:00Z,30306.66,30316.75,30293.43,30298.83
2026-09-28T08:55:00Z,2026-09-28T09:00:00Z,30298.75,30307.87,30295.43,30296.19
2026-09-28T09:00:00Z,2026-09-28T09:05:00Z,30296.12,30323.25,30280.58,30283.41
2026-09-28T09:05:00Z,2026-09-28T09:10:00Z,30283.37,30291,30266.25,30267.41
2026-09-28T09:10:00Z,2026-09-28T09:15:00Z,30267.37,30269.12,30253.89,30261.12
2026-09-28T09:15:00Z,2026-09-28T09:20:00Z,30261.17,30291.42,30252.75,30289.12
2026-09-28T09:20:00Z,2026-09-28T09:25:00Z,30289.25,30307.94,30287.06,30296.41
2026-09-28T09:25:00Z,2026-09-28T09:30:00Z,30296.37,30305.75,30283.5,30305.16
2026-09-28T09:30:00Z,2026-09-28T09:35:00Z,30305.12,30309,30276.75,30277.18
2026-09-28T09:35:00Z,2026-09-28T09:40:00Z,30277.12,30301,30276.08,30287.87
2026-09-28T09:40:00Z,2026-09-28T09:45:00Z,30287.91,30311.67,30286.81,30310.19
2026-09-28T09:45:00Z,2026-09-28T09:50:00Z,30310.33,30318.75,30306.75,30316.75
2026-09-28T09:50:00Z,2026-09-28T09:55:00Z,30316.81,30324.25,30309.17,30311.12
2026-09-28T09:55:00Z,2026-09-28T10:00:00Z,30311.08,30315.5,30299.97,30309.12
2026-09-28T10:00:00Z,2026-09-28T10:05:00Z,30309,30323.75,30306.25,30321.75
2026-09-28T10:05:00Z,2026-09-28T10:10:00Z,30321.87,30322.87,30280.81,30284
2026-09-28T10:10:00Z,2026-09-28T10:15:00Z,30284.12,30298.52,30265.87,30284.58
2026-09-28T10:15:00Z,2026-09-28T10:20:00Z,30284.62,30296.43,30281.2,30281.2
2026-09-28T10:20:00Z,2026-09-28T10:25:00Z,30281.25,30295.25,30281.12,30286.08
2026-09-28T10:25:00Z,2026-09-28T10:30:00Z,30286.12,30293.62,30276.56,30293.62
2026-09-28T10:30:00Z,2026-09-28T10:35:00Z,30293.56,30297.96,30278.7,30294.92
2026-09-28T10:35:00Z,2026-09-28T10:40:00Z,30295,30301,30283.12,30289.62
2026-09-28T10:40:00Z,2026-09-28T10:45:00Z,30289.58,30302,30288.12,30293.21
2026-09-28T10:45:00Z,2026-09-28T10:50:00Z,30293.05,30305.87,30291.33,30302.25
2026-09-28T10:50:00Z,2026-09-28T10:55:00Z,30302.33,30332.83,30298.87,30317.72
2026-09-28T10:55:00Z,2026-09-28T11:00:00Z,30317.75,30318.69,30300.37,30302.12
2026-09-28T11:00:00Z,2026-09-28T11:05:00Z,30302.17,30357.62,30302.17,30331.12
2026-09-28T11:05:00Z,2026-09-28T11:10:00Z,30331,30334.37,30305.25,30327.12
2026-09-28T11:10:00Z,2026-09-28T11:15:00Z,30327.25,30327.62,30304.66,30309.62
2026-09-28T11:15:00Z,2026-09-28T11:20:00Z,30309.68,30346.25,30305.37,30308.75
2026-09-28T11:20:00Z,2026-09-28T11:25:00Z,30308.62,30356.43,30305.37,30355.81
2026-09-28T11:25:00Z,2026-09-28T11:30:00Z,30355.87,30359.51,30348.87,30358.87
2026-09-28T11:30:00Z,2026-09-28T11:35:00Z,30358.91,30361.37,30336.06,30354
2026-09-28T11:35:00Z,2026-09-28T11:40:00Z,30354.12,30359.75,30346.58,30352.87
2026-09-28T11:40:00Z,2026-09-28T11:45:00Z,30352.78,30360.84,30344.56,30360.84
2026-09-28T11:45:00Z,2026-09-28T11:50:00Z,30361,30365.75,30350.06,30355.62
2026-09-28T11:50:00Z,2026-09-28T11:55:00Z,30355.75,30361.62,30341.69,30345.75
2026-09-28T11:55:00Z,2026-09-28T12:00:00Z,30345.87,30361.5,30344.53,30356.87
2026-09-28T12:00:00Z,2026-09-28T12:05:00Z,30357,30403.75,30329.17,30399
2026-09-28T12:05:00Z,2026-09-28T12:10:00Z,30399.12,30428.92,30395.48,30415.37
2026-09-28T12:10:00Z,2026-09-28T12:15:00Z,30415.33,30435.31,30402.62,30420.25
2026-09-28T12:15:00Z,2026-09-28T12:20:00Z,30420.12,30444.35,30416.62,30441.12
2026-09-28T12:20:00Z,2026-09-28T12:25:00Z,30441.16,30452.19,30405.58,30422.67
2026-09-28T12:25:00Z,2026-09-28T12:30:00Z,30422.81,30445.75,30410.5,30411.37
2026-09-28T12:30:00Z,2026-09-28T12:35:00Z,30411.25,30433.75,30408.79,30432.75
2026-09-28T12:35:00Z,2026-09-28T12:40:00Z,30432.62,30434.41,30416.12,30428.62
2026-09-28T12:40:00Z,2026-09-28T12:45:00Z,30428.5,30444.62,30411,30444.62
2026-09-28T12:45:00Z,2026-09-28T12:50:00Z,30444.69,30460.19,30437.62,30444.51
2026-09-28T12:50:00Z,2026-09-28T12:55:00Z,30444.5,30463.53,30438.75,30458.18
2026-09-28T12:55:00Z,2026-09-28T13:00:00Z,30458.12,30470.37,30439.66,30456.43
2026-09-28T13:00:00Z,2026-09-28T13:05:00Z,30456.5,30457.12,30416.44,30416.87
2026-09-28T13:05:00Z,2026-09-28T13:10:00Z,30417,30429.96,30414.42,30424.87
2026-09-28T13:10:00Z,2026-09-28T13:15:00Z,30425,30434.62,30419.29,30425.53
2026-09-28T13:15:00Z,2026-09-28T13:20:00Z,30425.56,30433.31,30408.22,30416.75
2026-09-28T13:20:00Z,2026-09-28T13:25:00Z,30416.87,30424.96,30410,30415.06
2026-09-28T13:25:00Z,2026-09-28T13:30:00Z,30415.12,30441.5,30414.37,30434.69
2026-09-28T13:30:00Z,2026-09-28T13:35:00Z,30434.78,30476,30391.44,30394.29
2026-09-28T13:35:00Z,2026-09-28T13:40:00Z,30394.25,30396.04,30334.73,30360.72
2026-09-28T13:40:00Z,2026-09-28T13:45:00Z,30360.66,30375.5,30318.75,30329.16
2026-09-28T13:45:00Z,2026-09-28T13:50:00Z,30329.44,30366.56,30309.69,30345.5
2026-09-28T13:50:00Z,2026-09-28T13:55:00Z,30345.5,30383.28,30300.12,30369.18
2026-09-28T13:55:00Z,2026-09-28T14:00:00Z,30369.29,30385.53,30343.46,30368.03
2026-09-28T14:00:00Z,2026-09-28T14:05:00Z,30367.94,30375.21,30310.62,30312.91
2026-09-28T14:05:00Z,2026-09-28T14:10:00Z,30312.91,30315.25,30280.34,30280.62
2026-09-28T14:10:00Z,2026-09-28T14:15:00Z,30280.37,30280.37,30224.49,30238.5
2026-09-28T14:15:00Z,2026-09-28T14:20:00Z,30238.54,30294.74,30237.71,30287.81
2026-09-28T14:20:00Z,2026-09-28T14:25:00Z,30287.93,30317.84,30270.81,30303.78
2026-09-28T14:25:00Z,2026-09-28T14:30:00Z,30303.79,30306.88,30258.97,30264.29
2026-09-28T14:30:00Z,2026-09-28T14:35:00Z,30264.5,30280.35,30255.08,30263.29
2026-09-28T14:35:00Z,2026-09-28T14:40:00Z,30263.34,30268.31,30206.66,30216.53
2026-09-28T14:40:00Z,2026-09-28T14:45:00Z,30216.5,30228.56,30142.43,30145.44
2026-09-28T14:45:00Z,2026-09-28T14:50:00Z,30145.53,30151,30073.79,30103.57
2026-09-28T14:50:00Z,2026-09-28T14:55:00Z,30103.54,30131.5,30090.71,30096.69
2026-09-28T14:55:00Z,2026-09-28T15:00:00Z,30096.75,30137.6,30088.36,30126.56
2026-09-28T15:00:00Z,2026-09-28T15:05:00Z,30126.71,30163,30122.25,30158.29
2026-09-28T15:05:00Z,2026-09-28T15:10:00Z,30158.34,30209.21,30145.75,30208.53
2026-09-28T15:10:00Z,2026-09-28T15:15:00Z,30208.56,30213.88,30207.15,30209.19
2026-09-23T00:50:00Z,2026-09-23T00:55:00Z,30735.21,30741.81,30720.12,30721.92
2026-09-23T00:55:00Z,2026-09-23T01:00:00Z,30722.61,30730.25,30719.87,30729.87
2026-09-23T01:00:00Z,2026-09-23T01:05:00Z,30729.85,30733.31,30722.12,30729.06
2026-09-23T01:05:00Z,2026-09-23T01:10:00Z,30729.12,30744.75,30727.31,30737.5
2026-09-23T01:10:00Z,2026-09-23T01:15:00Z,30737.62,30737.97,30724.75,30733.5
2026-09-23T01:15:00Z,2026-09-23T01:20:00Z,30733.37,30743.21,30726.06,30742.69
2026-09-23T01:20:00Z,2026-09-23T01:25:00Z,30742.75,30753,30737.68,30752
2026-09-23T01:25:00Z,2026-09-23T01:30:00Z,30751.31,30764.06,30748,30760.06
2026-09-23T01:30:00Z,2026-09-23T01:35:00Z,30760,30764.52,30731.12,30738.5
2026-09-23T01:35:00Z,2026-09-23T01:40:00Z,30738.62,30741,30729.18,30733.37
2026-09-23T01:40:00Z,2026-09-23T01:45:00Z,30733.5,30734.68,30719.17,30721
2026-09-23T01:45:00Z,2026-09-23T01:50:00Z,30720.91,30729.94,30719.29,30722.18
2026-09-23T01:50:00Z,2026-09-23T01:55:00Z,30722.25,30726.46,30717.66,30723.62
2026-09-23T01:55:00Z,2026-09-23T02:00:00Z,30723.75,30727.17,30719.1,30722.66
2026-09-23T02:00:00Z,2026-09-23T02:05:00Z,30722.75,30728.06,30713.52,30721.93
2026-09-23T02:05:00Z,2026-09-23T02:10:00Z,30721.87,30724.37,30710.81,30711.87
2026-09-23T02:10:00Z,2026-09-23T02:15:00Z,30711.81,30712.83,30704.25,30708.5
2026-09-23T02:15:00Z,2026-09-23T02:20:00Z,30708.62,30719,30690.56,30708
2026-09-23T02:20:00Z,2026-09-23T02:25:00Z,30708.03,30723.87,30706.53,30718.37
2026-09-23T02:25:00Z,2026-09-23T02:30:00Z,30718.25,30727.12,30716.87,30719.37
2026-09-23T02:30:00Z,2026-09-23T02:35:00Z,30719.33,30723.28,30712,30716.33
2026-09-23T02:35:00Z,2026-09-23T02:40:00Z,30716.37,30719.12,30707.97,30709.19
2026-09-23T02:40:00Z,2026-09-23T02:45:00Z,30709.45,30714.5,30706.81,30708.67
2026-09-23T02:45:00Z,2026-09-23T02:50:00Z,30708.62,30720.5,30708.37,30716.6
2026-09-23T02:50:00Z,2026-09-23T02:55:00Z,30716.81,30718.28,30712.81,30717.94
2026-09-23T02:55:00Z,2026-09-23T03:00:00Z,30718,30718.62,30713.87,30715.31
2026-09-23T03:00:00Z,2026-09-23T03:05:00Z,30715.25,30715.79,30708.06,30710.69
2026-09-23T03:05:00Z,2026-09-23T03:10:00Z,30710.62,30713.09,30706.6,30709
2026-09-23T03:10:00Z,2026-09-23T03:15:00Z,30709.06,30714.75,30708.06,30712.87
2026-09-23T03:15:00Z,2026-09-23T03:20:00Z,30712.92,30714.37,30699.16,30703.79
2026-09-23T03:20:00Z,2026-09-23T03:25:00Z,30703.87,30718.67,30703.37,30714.31
2026-09-23T03:25:00Z,2026-09-23T03:30:00Z,30714.28,30721.29,30706.56,30707
2026-09-23T03:30:00Z,2026-09-23T03:35:00Z,30706.83,30720.87,30706.78,30720.87
2026-09-23T03:35:00Z,2026-09-23T03:40:00Z,30721,30721.85,30715.87,30718.62
2026-09-23T03:40:00Z,2026-09-23T03:45:00Z,30718.5,30733.2,30717.28,30726.5
2026-09-23T03:45:00Z,2026-09-23T03:50:00Z,30726.53,30730.31,30725.12,30727.06
2026-09-23T03:50:00Z,2026-09-23T03:55:00Z,30727,30732.21,30725.12,30732.21
2026-09-23T03:55:00Z,2026-09-23T04:00:00Z,30732.06,30732.29,30719.34,30720.19
2026-09-23T04:00:00Z,2026-09-23T04:05:00Z,30720.33,30731.79,30718.03,30731.31
2026-09-23T04:05:00Z,2026-09-23T04:10:00Z,30731.25,30741.69,30730.62,30738.81
2026-09-23T04:10:00Z,2026-09-23T04:15:00Z,30738.79,30741.01,30733.41,30738.37
2026-09-23T04:15:00Z,2026-09-23T04:20:00Z,30738.42,30744.22,30736.94,30744.22
2026-09-23T04:20:00Z,2026-09-23T04:25:00Z,30744.25,30751.69,30742.37,30747.19
2026-09-23T04:25:00Z,2026-09-23T04:30:00Z,30747.25,30750.5,30743.46,30746.31
2026-09-23T04:30:00Z,2026-09-23T04:35:00Z,30746.25,30755.1,30745.47,30752.75
2026-09-23T04:35:00Z,2026-09-23T04:40:00Z,30752.87,30758.97,30748.12,30750.79
2026-09-23T04:40:00Z,2026-09-23T04:45:00Z,30750.79,30757.56,30748.5,30755.87
2026-09-23T04:45:00Z,2026-09-23T04:50:00Z,30755.87,30758.58,30753.5,30756.62
2026-09-23T04:50:00Z,2026-09-23T04:55:00Z,30756.75,30757.56,30745.29,30747.12
2026-09-23T04:55:00Z,2026-09-23T05:00:00Z,30747,30749.12,30738.41,30742.25
2026-09-23T05:00:00Z,2026-09-23T05:05:00Z,30742.12,30744.25,30729.25,30735.62
2026-09-23T05:05:00Z,2026-09-23T05:10:00Z,30735.55,30740.94,30729.94,30739.62
2026-09-23T05:10:00Z,2026-09-23T05:15:00Z,30739.58,30746.06,30735.87,30740.25
2026-09-23T05:15:00Z,2026-09-23T05:20:00Z,30740.12,30749.75,30736.5,30738.93
2026-09-23T05:20:00Z,2026-09-23T05:25:00Z,30738.87,30738.87,30725.87,30728.37
2026-09-23T05:25:00Z,2026-09-23T05:30:00Z,30728.25,30743.75,30727.62,30741.37
2026-09-23T05:30:00Z,2026-09-23T05:35:00Z,30741.25,30745.45,30730.62,30733.62
2026-09-23T05:35:00Z,2026-09-23T05:40:00Z,30733.5,30743.69,30731.94,30740.25
2026-09-23T05:40:00Z,2026-09-23T05:45:00Z,30740.31,30746.62,30728.15,30735.62
2026-09-23T05:45:00Z,2026-09-23T05:50:00Z,30735.25,30749.19,30733.96,30735.92
2026-09-23T05:50:00Z,2026-09-23T05:55:00Z,30736.06,30751.31,30735.43,30745.68
2026-09-23T05:55:00Z,2026-09-23T06:00:00Z,30745.75,30747.62,30734.75,30735.62
2026-09-23T06:00:00Z,2026-09-23T06:05:00Z,30736,30759.31,30735.12,30750.62
2026-09-23T06:05:00Z,2026-09-23T06:10:00Z,30750.69,30761.33,30744.62,30747.12
2026-09-23T06:10:00Z,2026-09-23T06:15:00Z,30747.28,30764.83,30747.25,30764.66
2026-09-23T06:15:00Z,2026-09-23T06:20:00Z,30764.69,30765.41,30758.56,30762.53
2026-09-23T06:20:00Z,2026-09-23T06:25:00Z,30762.5,30764.69,30746.37,30757.37
2026-09-23T06:25:00Z,2026-09-23T06:30:00Z,30757.41,30768.44,30756.25,30763.87
2026-09-23T06:30:00Z,2026-09-23T06:35:00Z,30763.94,30788.37,30762.67,30787.81
2026-09-23T06:35:00Z,2026-09-23T06:40:00Z,30787.96,30801.63,30785.37,30797.62
2026-09-23T06:40:00Z,2026-09-23T06:45:00Z,30797.68,30798.25,30781.25,30789.93
2026-09-23T06:45:00Z,2026-09-23T06:50:00Z,30789.87,30789.93,30764.41,30787.12
2026-09-23T06:50:00Z,2026-09-23T06:55:00Z,30787,30787.87,30769.55,30770.87
2026-09-23T06:55:00Z,2026-09-23T07:00:00Z,30770.91,30771.87,30755.37,30757.06
2026-09-23T07:00:00Z,2026-09-23T07:05:00Z,30756.91,30762.12,30751.69,30759.37
2026-09-23T07:05:00Z,2026-09-23T07:10:00Z,30759.42,30760.12,30736.43,30738.08
2026-09-23T07:10:00Z,2026-09-23T07:15:00Z,30738,30754.37,30735.68,30752.37
2026-09-23T07:15:00Z,2026-09-23T07:20:00Z,30752.33,30755.19,30737.44,30742.87
2026-09-23T07:20:00Z,2026-09-23T07:25:00Z,30742.91,30747.31,30737.83,30742.62
2026-09-23T07:25:00Z,2026-09-23T07:30:00Z,30742.5,30759.49,30741.12,30759
2026-09-23T07:30:00Z,2026-09-23T07:35:00Z,30759.37,30768.59,30742.81,30746.87
2026-09-23T07:35:00Z,2026-09-23T07:40:00Z,30746.94,30761.81,30745,30748.22
2026-09-23T07:40:00Z,2026-09-23T07:45:00Z,30748.16,30757.46,30742.62,30744.34
2026-09-23T07:45:00Z,2026-09-23T07:50:00Z,30744.31,30752.12,30739.25,30750.43
2026-09-23T07:50:00Z,2026-09-23T07:55:00Z,30750.5,30756.12,30735.5,30737.87
2026-09-23T07:55:00Z,2026-09-23T08:00:00Z,30737.81,30745.98,30735.53,30741.62
2026-09-23T08:00:00Z,2026-09-23T08:05:00Z,30741.5,30754.01,30724.97,30726.12
2026-09-23T08:05:00Z,2026-09-23T08:10:00Z,30726.16,30747.72,30722.75,30743
2026-09-23T08:10:00Z,2026-09-23T08:15:00Z,30743.12,30750.71,30738.87,30746.12
2026-09-23T08:15:00Z,2026-09-23T08:20:00Z,30746,30750.87,30735.12,30748.37
2026-09-23T08:20:00Z,2026-09-23T08:25:00Z,30748.43,30758.5,30747.12,30756.62
2026-09-23T08:25:00Z,2026-09-23T08:30:00Z,30756.75,30758.37,30744.31,30746.42
2026-09-23T08:30:00Z,2026-09-23T08:35:00Z,30746.37,30752.66,30741.98,30742.5
2026-09-23T08:35:00Z,2026-09-23T08:40:00Z,30742.37,30744.12,30720.81,30728.87
2026-09-23T08:40:00Z,2026-09-23T08:45:00Z,30728.83,30731,30716.37,30721.28
2026-09-23T08:45:00Z,2026-09-23T08:50:00Z,30721.25,30724.93,30715.06,30723.76
2026-09-23T08:50:00Z,2026-09-23T08:55:00Z,30723.78,30724.37,30711.31,30717.62
2026-09-23T08:55:00Z,2026-09-23T09:00:00Z,30717.66,30728.37,30715.58,30723
2026-09-23T09:00:00Z,2026-09-23T09:05:00Z,30723.06,30733.19,30714.25,30717.62
2026-09-23T09:05:00Z,2026-09-23T09:10:00Z,30717.37,30734.37,30715.53,30732.62
2026-09-23T09:10:00Z,2026-09-23T09:15:00Z,30732.58,30733.12,30721.09,30724.06
2026-09-23T09:15:00Z,2026-09-23T09:20:00Z,30724.12,30728.5,30716.62,30727.62
2026-09-23T09:20:00Z,2026-09-23T09:25:00Z,30727.56,30738.47,30723.12,30737.5
2026-09-23T09:25:00Z,2026-09-23T09:30:00Z,30737.41,30741.25,30730.62,30731.31
2026-09-23T09:30:00Z,2026-09-23T09:35:00Z,30731.37,30740.28,30729.71,30733.37
2026-09-23T09:35:00Z,2026-09-23T09:40:00Z,30733.25,30740.66,30729.79,30732.62
2026-09-23T09:40:00Z,2026-09-23T09:45:00Z,30732.75,30734.26,30725.56,30726.12
2026-09-23T09:45:00Z,2026-09-23T09:50:00Z,30726.08,30726.08,30704.78,30713.12
2026-09-23T09:50:00Z,2026-09-23T09:55:00Z,30713.16,30723.83,30709.62,30721.45
2026-09-23T09:55:00Z,2026-09-23T10:00:00Z,30721.31,30722.62,30713.94,30719.46
2026-09-23T10:00:00Z,2026-09-23T10:05:00Z,30719.5,30730.75,30716.86,30727.42
2026-09-23T10:05:00Z,2026-09-23T10:10:00Z,30727.56,30734.12,30725.44,30731.5
2026-09-23T10:10:00Z,2026-09-23T10:15:00Z,30731.37,30738.75,30725.94,30736.37
2026-09-23T10:15:00Z,2026-09-23T10:20:00Z,30736.31,30745.18,30735.37,30744.47
2026-09-23T10:20:00Z,2026-09-23T10:25:00Z,30744.5,30744.69,30727.85,30733.16
2026-09-23T10:25:00Z,2026-09-23T10:30:00Z,30733.21,30740.62,30730.37,30740.44
2026-09-23T10:30:00Z,2026-09-23T10:35:00Z,30740.29,30742.72,30729.25,30729.5
2026-09-23T10:35:00Z,2026-09-23T10:40:00Z,30729.56,30738.12,30722.5,30736.58
2026-09-23T10:40:00Z,2026-09-23T10:45:00Z,30736.62,30736.68,30723.25,30728.37
2026-09-23T10:45:00Z,2026-09-23T10:50:00Z,30728.5,30729.12,30719.56,30725.94
2026-09-23T10:50:00Z,2026-09-23T10:55:00Z,30726,30734.5,30720.91,30732.55
2026-09-23T10:55:00Z,2026-09-23T11:00:00Z,30732.5,30739.71,30732.31,30735
2026-09-23T11:00:00Z,2026-09-23T11:05:00Z,30735.53,30736.12,30711.06,30713.69
2026-09-23T11:05:00Z,2026-09-23T11:10:00Z,30713.72,30713.72,30700.29,30708.31
2026-09-23T11:10:00Z,2026-09-23T11:15:00Z,30708.25,30713.5,30703.62,30708.91
2026-09-23T11:15:00Z,2026-09-23T11:20:00Z,30709,30718.25,30699.23,30701.12
2026-09-23T11:20:00Z,2026-09-23T11:25:00Z,30701.28,30702.25,30664.62,30669.37
2026-09-23T11:25:00Z,2026-09-23T11:30:00Z,30669.43,30676.31,30657.5,30659.37
2026-09-23T11:30:00Z,2026-09-23T11:35:00Z,30659.87,30661.43,30640.06,30643.12
2026-09-23T11:35:00Z,2026-09-23T11:40:00Z,30643.19,30644.58,30621.56,30636.31
2026-09-23T11:40:00Z,2026-09-23T11:45:00Z,30636.43,30639.75,30618.34,30633.19
2026-09-23T11:45:00Z,2026-09-23T11:50:00Z,30633.12,30666.71,30632.34,30662.6
2026-09-23T11:50:00Z,2026-09-23T11:55:00Z,30662.62,30663.19,30650.87,30657.62
2026-09-23T11:55:00Z,2026-09-23T12:00:00Z,30657.5,30670.19,30653.94,30666.16
2026-09-23T12:00:00Z,2026-09-23T12:05:00Z,30666.12,30672.54,30645.98,30648.37
2026-09-23T12:05:00Z,2026-09-23T12:10:00Z,30648.33,30659.75,30643.12,30650.5
2026-09-23T12:10:00Z,2026-09-23T12:15:00Z,30650.62,30653.83,30631.81,30638.16
2026-09-23T12:15:00Z,2026-09-23T12:20:00Z,30638.12,30643.47,30627.08,30636.06
2026-09-23T12:20:00Z,2026-09-23T12:25:00Z,30636.12,30656.62,30632.44,30656.25
2026-09-23T12:25:00Z,2026-09-23T12:30:00Z,30656.31,30658.31,30644.87,30654.72
2026-09-23T12:30:00Z,2026-09-23T12:35:00Z,30654.75,30665.09,30651.37,30658.12
2026-09-23T12:35:00Z,2026-09-23T12:40:00Z,30658.25,30664.75,30652.7,30663
2026-09-23T12:40:00Z,2026-09-23T12:45:00Z,30663.12,30668.38,30655.71,30655.96
2026-09-23T12:45:00Z,2026-09-23T12:50:00Z,30655.88,30673.16,30654.71,30663.22
2026-09-23T12:50:00Z,2026-09-23T12:55:00Z,30663.25,30667,30658.79,30662.75
2026-09-23T12:55:00Z,2026-09-23T13:00:00Z,30662.81,30677.03,30655.12,30674.72
2026-09-23T13:00:00Z,2026-09-23T13:05:00Z,30674.69,30677.53,30656.31,30659.69
2026-09-23T13:05:00Z,2026-09-23T13:10:00Z,30659.75,30662.69,30651.21,30656
2026-09-23T13:10:00Z,2026-09-23T13:15:00Z,30656.04,30672.42,30653.91,30669.54
2026-09-23T13:15:00Z,2026-09-23T13:20:00Z,30669.5,30680.6,30668.41,30675.04
2026-09-23T13:20:00Z,2026-09-23T13:25:00Z,30675.09,30686.48,30673.53,30677.7
2026-09-23T13:25:00Z,2026-09-23T13:30:00Z,30678.18,30713,30677.17,30713
2026-09-23T13:30:00Z,2026-09-23T13:35:00Z,30712.51,30719.62,30633.5,30633.5
2026-09-23T13:35:00Z,2026-09-23T13:40:00Z,30633.48,30663.29,30608.96,30622.12
2026-09-23T13:40:00Z,2026-09-23T13:45:00Z,30621.87,30631.19,30611.87,30618.85
2026-09-23T13:45:00Z,2026-09-23T13:50:00Z,30618.5,30628.87,30568.12,30587.25
2026-09-23T13:50:00Z,2026-09-23T13:55:00Z,30586.84,30594.84,30549.31,30556.15
2026-09-23T13:55:00Z,2026-09-23T14:00:00Z,30556.29,30570,30540.04,30553.79
2026-09-23T14:00:00Z,2026-09-23T14:05:00Z,30553.83,30577.47,30525.96,30538.38
2026-09-23T14:05:00Z,2026-09-23T14:10:00Z,30538.31,30548.2,30473.28,30475.06
2026-09-23T14:10:00Z,2026-09-23T14:15:00Z,30475.23,30479.7,30410.97,30426.5
2026-09-23T14:15:00Z,2026-09-23T14:20:00Z,30426.54,30448.66,30378,30379.46
2026-09-23T14:20:00Z,2026-09-23T14:25:00Z,30379.58,30406.79,30352.14,30380.42
2026-09-23T14:25:00Z,2026-09-23T14:30:00Z,30380.45,30401.44,30350.06,30386.54
2026-09-23T14:30:00Z,2026-09-23T14:35:00Z,30386.69,30429.48,30365.57,30427.16
2026-09-23T14:35:00Z,2026-09-23T14:40:00Z,30427.08,30445.5,30394.25,30404.06
2026-09-23T14:40:00Z,2026-09-23T14:45:00Z,30403.81,30429.51,30397.5,30427
2026-09-23T14:45:00Z,2026-09-23T14:50:00Z,30426.79,30446.29,30425.79,30439.54
2026-09-23T14:50:00Z,2026-09-23T14:55:00Z,30439.5,30531.87,30419.82,30520.23
2026-09-23T14:55:00Z,2026-09-23T15:00:00Z,30520.02,30533.38,30501.03,30528.81
2026-09-23T15:00:00Z,2026-09-23T15:05:00Z,30528.79,30534.3,30501.63,30510.19
2026-09-23T15:05:00Z,2026-09-23T15:10:00Z,30510.17,30520.84,30497.75,30510.78
2026-09-23T15:10:00Z,2026-09-23T15:15:00Z,30510.71,30512.25,30490.2,30494.08
2026-09-23T15:15:00Z,2026-09-23T15:20:00Z,30494.03,30507.18,30463.06,30492.5
2026-09-23T15:20:00Z,2026-09-23T15:25:00Z,30492.62,30524.24,30486.5,30516.19
2026-09-23T15:25:00Z,2026-09-23T15:30:00Z,30516.15,30523.94,30476.27,30479.29
2026-09-23T15:30:00Z,2026-09-23T15:35:00Z,30479.16,30488.81,30470.92,30478.78
2026-09-23T15:35:00Z,2026-09-23T15:40:00Z,30478.76,30484.91,30465.06,30473.79
2026-09-23T15:40:00Z,2026-09-23T15:45:00Z,30473.98,30490.38,30461.54,30486.75
2026-09-23T15:45:00Z,2026-09-23T15:50:00Z,30486.73,30492.58,30439.51,30446.96
2026-09-23T15:50:00Z,2026-09-23T15:55:00Z,30446.98,30460.45,30430.32,30460.43
2026-09-23T15:55:00Z,2026-09-23T16:00:00Z,30461.03,30464.09,30444.21,30453.31
2026-09-23T16:00:00Z,2026-09-23T16:05:00Z,30453.41,30454.75,30434.13,30447.69
2026-09-23T16:05:00Z,2026-09-23T16:10:00Z,30447.75,30457.9,30438.31,30452.1
2026-09-23T16:10:00Z,2026-09-23T16:15:00Z,30452.13,30457.79,30444.95,30452.48
2026-09-23T16:15:00Z,2026-09-23T16:20:00Z,30452.42,30463.13,30433.21,30444.75
2026-09-23T16:20:00Z,2026-09-23T16:25:00Z,30444.73,30445.18,30422.73,30432.71
2026-09-23T16:25:00Z,2026-09-23T16:30:00Z,30432.75,30442.68,30425.63,30430
2026-09-23T16:30:00Z,2026-09-23T16:35:00Z,30430.02,30457.9,30430.02,30448.75
2026-09-23T16:35:00Z,2026-09-23T16:40:00Z,30448.73,30455.78,30431.97,30435.18
2026-09-23T16:40:00Z,2026-09-23T16:45:00Z,30435.08,30436.31,30402.43,30402.5
2026-09-23T16:45:00Z,2026-09-23T16:50:00Z,30402.54,30427.44,30395.02,30402.17
2026-09-23T16:50:00Z,2026-09-23T16:55:00Z,30402.18,30402.67,30375.04,30378.5
2026-09-23T16:55:00Z,2026-09-23T17:00:00Z,30378.6,30402.67,30376.29,30394.42
2026-09-23T17:00:00Z,2026-09-23T17:05:00Z,30394.16,30415.91,30353.42,30365
2026-09-23T17:05:00Z,2026-09-23T17:10:00Z,30365.04,30388.81,30360.74,30383.31
2026-09-23T17:10:00Z,2026-09-23T17:15:00Z,30383.38,30386.31,30363.3,30378.2
2026-09-23T17:15:00Z,2026-09-23T17:20:00Z,30378.25,30431.72,30372.79,30429.71
2026-09-23T17:20:00Z,2026-09-23T17:25:00Z,30429.69,30431.73,30388.4,30389.08
2026-09-23T17:25:00Z,2026-09-23T17:30:00Z,30389.15,30398.04,30382.94,30388.96
2026-09-23T17:30:00Z,2026-09-23T17:35:00Z,30388.91,30409.68,30379.88,30407.56
2026-09-23T17:35:00Z,2026-09-23T17:40:00Z,30407.6,30412.67,30393.49,30403.54
2026-09-23T17:40:00Z,2026-09-23T17:45:00Z,30403.5,30463.21,30392.46,30455.94
2026-09-23T17:45:00Z,2026-09-23T17:50:00Z,30455.96,30470.7,30444.41,30456.69
2026-09-23T17:50:00Z,2026-09-23T17:55:00Z,30456.84,30466.48,30447.28,30458.91
2026-09-23T17:55:00Z,2026-09-23T18:00:00Z,30459.25,30481.25,30455,30477.88
2026-09-23T18:00:00Z,2026-09-23T18:05:00Z,30478.4,30479,30434.81,30437.06
2026-09-23T18:05:00Z,2026-09-23T18:10:00Z,30437.17,30455.13,30433.25,30446.13
2026-09-23T18:10:00Z,2026-09-23T18:15:00Z,30445.79,30454.19,30443.25,30452.4
2026-09-23T18:15:00Z,2026-09-23T18:20:00Z,30452.54,30476.08,30448.53,30466.88
2026-09-23T18:20:00Z,2026-09-23T18:25:00Z,30467.08,30469.75,30453.71,30467.46
2026-09-23T18:25:00Z,2026-09-23T18:30:00Z,30467.44,30471.44,30457.4,30462.58
2026-09-23T18:30:00Z,2026-09-23T18:35:00Z,30462.6,30464.21,30447.44,30454.54
2026-09-23T18:35:00Z,2026-09-23T18:40:00Z,30454.5,30461.29,30434.54,30438.96
2026-09-23T18:40:00Z,2026-09-23T18:45:00Z,30439,30459.04,30439,30454.31
2026-09-23T18:45:00Z,2026-09-23T18:50:00Z,30454.29,30470.4,30448.12,30469.07
2026-09-23T18:50:00Z,2026-09-23T18:55:00Z,30469.08,30475.43,30452.66,30457.07
2026-09-23T18:55:00Z,2026-09-23T19:00:00Z,30457.06,30473.58,30454.83,30469.28
2026-09-23T19:00:00Z,2026-09-23T19:05:00Z,30469.31,30473.83,30449.59,30450.5
2026-09-23T19:05:00Z,2026-09-23T19:10:00Z,30450.5,30489.48,30448.27,30476.54
2026-09-23T19:10:00Z,2026-09-23T19:15:00Z,30476.56,30481.38,30460.53,30469.44
2026-09-23T19:15:00Z,2026-09-23T19:20:00Z,30469.38,30472.31,30448.66,30458.31
2026-09-23T19:20:00Z,2026-09-23T19:25:00Z,30458.15,30458.5,30448.54,30456.73
2026-09-23T19:25:00Z,2026-09-23T19:30:00Z,30456.72,30464.33,30451.79,30460.56
2026-09-23T19:30:00Z,2026-09-23T19:35:00Z,30460.48,30482.1,30454.5,30479.67
2026-09-23T19:35:00Z,2026-09-23T19:40:00Z,30479.63,30479.68,30463.8,30471.34
2026-09-23T19:40:00Z,2026-09-23T19:45:00Z,30471.33,30478.03,30436.23,30453.31
2026-09-23T19:45:00Z,2026-09-23T19:50:00Z,30452.96,30474.5,30449.71,30474.25
2026-09-23T19:50:00Z,2026-09-23T19:55:00Z,30474.14,30474.43,30419.5,30426.6
2026-09-23T19:55:00Z,2026-09-23T20:00:00Z,30426.94,30485.66,30426.64,30482.71
2026-09-23T20:00:00Z,2026-09-23T20:05:00Z,30482.91,30483.41,30465.62,30469.35
2026-09-23T20:05:00Z,2026-09-23T20:10:00Z,30469.19,30471.04,30461.25,30468.25
2026-09-23T20:10:00Z,2026-09-23T20:15:00Z,30468.2,30470.54,30458.79,30459.75
2026-09-23T20:15:00Z,2026-09-23T20:20:00Z,30459.68,30467.16,30457.44,30466.37
2026-09-23T20:20:00Z,2026-09-23T20:25:00Z,30466.41,30471.32,30465.16,30469.91
2026-09-23T20:25:00Z,2026-09-23T20:30:00Z,30469.81,30471.94,30464.75,30470.62
2026-09-23T20:30:00Z,2026-09-23T20:35:00Z,30470.56,30475.5,30467.15,30468.31
2026-09-23T20:35:00Z,2026-09-23T20:40:00Z,30468.46,30479.91,30467.06,30477.91
2026-09-23T20:40:00Z,2026-09-23T20:45:00Z,30477.81,30481.65,30475.63,30481.29
2026-09-23T20:45:00Z,2026-09-23T20:50:00Z,30481.27,30483.72,30475,30475.31
2026-09-23T20:50:00Z,2026-09-23T20:55:00Z,30475.38,30481.41,30475.25,30480.29
2026-09-23T20:55:00Z,2026-09-23T21:00:00Z,30480.37,30483.88,30475,30482.67
2026-09-23T22:00:00Z,2026-09-23T22:05:00Z,30482.67,30513.5,30482.67,30499.97
2026-09-23T22:05:00Z,2026-09-23T22:10:00Z,30499.96,30514.5,30486.82,30512
2026-09-23T22:10:00Z,2026-09-23T22:15:00Z,30512.64,30514.23,30507.62,30512.75
2026-09-23T22:15:00Z,2026-09-23T22:20:00Z,30512.87,30521.12,30499.87,30500.37
2026-09-23T22:20:00Z,2026-09-23T22:25:00Z,30500.5,30503.48,30494.75,30501.04
2026-09-23T22:25:00Z,2026-09-23T22:30:00Z,30501.52,30501.75,30491.91,30493.67
2026-09-23T22:30:00Z,2026-09-23T22:35:00Z,30493.66,30508.18,30489,30498.98
2026-09-23T22:35:00Z,2026-09-23T22:40:00Z,30499.12,30499.12,30488.75,30494.25
2026-09-23T22:40:00Z,2026-09-23T22:45:00Z,30494.25,30506.77,30492.75,30503.74
2026-09-23T22:45:00Z,2026-09-23T22:50:00Z,30503.57,30506,30496.43,30504.12
2026-09-23T22:50:00Z,2026-09-23T22:55:00Z,30504.16,30509.06,30500.62,30502.41
2026-09-23T22:55:00Z,2026-09-23T23:00:00Z,30502.5,30504.33,30498.94,30502.08
2026-09-23T23:00:00Z,2026-09-23T23:05:00Z,30502,30506.85,30498.47,30504.1
2026-09-23T23:05:00Z,2026-09-23T23:10:00Z,30504.12,30504.17,30499.25,30502.87
2026-09-23T23:10:00Z,2026-09-23T23:15:00Z,30502.79,30503.37,30491.94,30494.37
2026-09-23T23:15:00Z,2026-09-23T23:20:00Z,30494.41,30500.62,30483,30490.12
2026-09-23T23:20:00Z,2026-09-23T23:25:00Z,30490,30491.66,30477.29,30478.75
2026-09-23T23:25:00Z,2026-09-23T23:30:00Z,30478.85,30481.62,30471.5,30478.5
2026-09-23T23:30:00Z,2026-09-23T23:35:00Z,30478.62,30480.25,30469.64,30476.37
2026-09-23T23:35:00Z,2026-09-23T23:40:00Z,30476.41,30481.37,30471.75,30479.58
2026-09-23T23:40:00Z,2026-09-23T23:45:00Z,30479.62,30484.9,30470.25,30474.58
2026-09-23T23:45:00Z,2026-09-23T23:50:00Z,30474.62,30479.75,30461.87,30462.25
2026-09-23T23:50:00Z,2026-09-23T23:55:00Z,30462.17,30477.68,30455.83,30474.37
2026-09-23T23:55:00Z,2026-09-24T00:00:00Z,30474.42,30474.62,30460.87,30461.12
2026-09-24T00:00:00Z,2026-09-24T00:05:00Z,30461,30468.87,30450.5,30462.75
2026-09-24T00:05:00Z,2026-09-24T00:10:00Z,30462.68,30464.62,30450.58,30452.25
2026-09-24T00:10:00Z,2026-09-24T00:15:00Z,30452.12,30452.62,30429.54,30436.37
2026-09-24T00:15:00Z,2026-09-24T00:20:00Z,30436.31,30454.37,30433.37,30453
2026-09-24T00:20:00Z,2026-09-24T00:25:00Z,30452.91,30457.75,30434.75,30441.75
2026-09-24T00:25:00Z,2026-09-24T00:30:00Z,30442.25,30445.62,30436.08,30443
2026-09-24T00:30:00Z,2026-09-24T00:35:00Z,30442.66,30457.17,30437.56,30454.12
2026-09-24T00:35:00Z,2026-09-24T00:40:00Z,30454.28,30454.62,30441.96,30443.83
2026-09-24T00:40:00Z,2026-09-24T00:45:00Z,30443.75,30444.08,30426.66,30429.62
2026-09-24T00:45:00Z,2026-09-24T00:50:00Z,30429.75,30430.19,30413.75,30424.5
2026-09-24T00:50:00Z,2026-09-24T00:55:00Z,30424.78,30428.71,30412.81,30415.94
2026-09-24T00:55:00Z,2026-09-24T01:00:00Z,30415.87,30439.25,30414.42,30434.12
2026-09-24T01:00:00Z,2026-09-24T01:05:00Z,30434.08,30452.5,30431.5,30449.87
2026-09-24T01:05:00Z,2026-09-24T01:10:00Z,30449.66,30466.17,30438.56,30458.41
2026-09-24T01:10:00Z,2026-09-24T01:15:00Z,30458.44,30462.89,30445.83,30462.56
2026-09-24T01:15:00Z,2026-09-24T01:20:00Z,30462.5,30462.69,30451.12,30456.37
2026-09-24T01:20:00Z,2026-09-24T01:25:00Z,30456.41,30459.5,30449.31,30450.87
2026-09-24T01:25:00Z,2026-09-24T01:30:00Z,30450.91,30454.15,30440.69,30445.42
2026-09-24T01:30:00Z,2026-09-24T01:35:00Z,30445.37,30467.94,30441.12,30464.12
2026-09-24T01:35:00Z,2026-09-24T01:40:00Z,30464,30467.71,30452.75,30456.06
2026-09-24T01:40:00Z,2026-09-24T01:45:00Z,30456.25,30465,30443.37,30443.87
2026-09-24T01:45:00Z,2026-09-24T01:50:00Z,30443.71,30446.62,30427.62,30436.16
2026-09-24T01:50:00Z,2026-09-24T01:55:00Z,30436.12,30454.9,30422.04,30446.25
2026-09-24T01:55:00Z,2026-09-24T02:00:00Z,30446.58,30453.56,30439,30451.37
2026-09-24T02:00:00Z,2026-09-24T02:05:00Z,30451.25,30457.83,30439.37,30440.12
2026-09-24T02:05:00Z,2026-09-24T02:10:00Z,30440.08,30440.15,30416.83,30422
2026-09-24T02:10:00Z,2026-09-24T02:15:00Z,30421.87,30436.69,30421.66,30433.33
2026-09-24T02:15:00Z,2026-09-24T02:20:00Z,30433.19,30449.97,30432.25,30446.66
2026-09-24T02:20:00Z,2026-09-24T02:25:00Z,30446.75,30447.58,30437.96,30441.5
2026-09-24T02:25:00Z,2026-09-24T02:30:00Z,30441.58,30443.68,30432.33,30437.28
2026-09-24T02:30:00Z,2026-09-24T02:35:00Z,30437.18,30453.31,30434.92,30448.62
2026-09-24T02:35:00Z,2026-09-24T02:40:00Z,30448.65,30454.25,30444.28,30446.25
2026-09-24T02:40:00Z,2026-09-24T02:45:00Z,30446.16,30454.83,30446.06,30453.06
2026-09-24T02:45:00Z,2026-09-24T02:50:00Z,30453.08,30454.9,30446.91,30451.16
2026-09-24T02:50:00Z,2026-09-24T02:55:00Z,30451.25,30452.37,30445.5,30452.06
2026-09-24T02:55:00Z,2026-09-24T03:00:00Z,30452.12,30454.89,30447.12,30449.12
2026-09-24T03:00:00Z,2026-09-24T03:05:00Z,30449.08,30449.94,30439.12,30442.83
2026-09-24T03:05:00Z,2026-09-24T03:10:00Z,30442.87,30443.12,30414.34,30418.16
2026-09-24T03:10:00Z,2026-09-24T03:15:00Z,30418.12,30428.18,30412.81,30427.09
2026-09-24T03:15:00Z,2026-09-24T03:20:00Z,30427.12,30430.78,30418.56,30425.37
2026-09-24T03:20:00Z,2026-09-24T03:25:00Z,30425.33,30429.12,30418.87,30423
2026-09-24T03:25:00Z,2026-09-24T03:30:00Z,30422.91,30427.87,30411.28,30414.37
2026-09-24T03:30:00Z,2026-09-24T03:35:00Z,30414.21,30416.73,30406.87,30412
2026-09-24T03:35:00Z,2026-09-24T03:40:00Z,30411.91,30415.08,30406.53,30414.62
2026-09-24T03:40:00Z,2026-09-24T03:45:00Z,30414.65,30414.65,30396.25,30400.78
2026-09-24T03:45:00Z,2026-09-24T03:50:00Z,30400.75,30412.55,30397.87,30411.06
2026-09-24T03:50:00Z,2026-09-24T03:55:00Z,30411.12,30415.46,30404.75,30412.75
2026-09-24T03:55:00Z,2026-09-24T04:00:00Z,30412.8,30416.58,30407.75,30415.06
2026-09-24T04:00:00Z,2026-09-24T04:05:00Z,30415.05,30415.66,30366.265,30373.44
2026-09-24T04:05:00Z,2026-09-24T04:10:00Z,30373.62,30380.83,30366.41,30372.37
2026-09-24T04:10:00Z,2026-09-24T04:15:00Z,30372.33,30376.93,30361.66,30366.41
2026-09-24T04:15:00Z,2026-09-24T04:20:00Z,30366.37,30374.94,30359.28,30364.37
2026-09-24T04:20:00Z,2026-09-24T04:25:00Z,30364.41,30377.69,30362.62,30366.75
2026-09-24T04:25:00Z,2026-09-24T04:30:00Z,30366.87,30384.69,30363.37,30384.06
2026-09-24T04:30:00Z,2026-09-24T04:35:00Z,30384,30404.12,30381.12,30401.42
2026-09-24T04:35:00Z,2026-09-24T04:40:00Z,30401.56,30407.5,30397.62,30400.87
2026-09-24T04:40:00Z,2026-09-24T04:45:00Z,30401,30401.83,30385.25,30389.62
2026-09-24T04:45:00Z,2026-09-24T04:50:00Z,30390.09,30390.09,30382,30387.62
2026-09-24T04:50:00Z,2026-09-24T04:55:00Z,30387.75,30389,30382.75,30386.44
2026-09-24T04:55:00Z,2026-09-24T05:00:00Z,30386.5,30396.56,30386.5,30394.16
2026-09-24T05:00:00Z,2026-09-24T05:05:00Z,30393.87,30414.92,30393.87,30412.08
2026-09-24T05:05:00Z,2026-09-24T05:10:00Z,30411.87,30423.62,30407.94,30411.37
2026-09-24T05:10:00Z,2026-09-24T05:15:00Z,30411.25,30411.62,30396.57,30399.42
2026-09-24T05:15:00Z,2026-09-24T05:20:00Z,30399.37,30404.87,30395.12,30404.55
2026-09-24T05:20:00Z,2026-09-24T05:25:00Z,30404.5,30406.5,30388.08,30393.25
2026-09-24T05:25:00Z,2026-09-24T05:30:00Z,30393,30416.06,30392.25,30414.67
2026-09-24T05:30:00Z,2026-09-24T05:35:00Z,30414.75,30417.87,30404.12,30406.37
2026-09-24T05:35:00Z,2026-09-24T05:40:00Z,30406.43,30408.5,30393.25,30396.94
2026-09-24T05:40:00Z,2026-09-24T05:45:00Z,30396.87,30406,30377.56,30378.46
2026-09-24T05:45:00Z,2026-09-24T05:50:00Z,30378.25,30378.62,30365.72,30368.37
2026-09-24T05:50:00Z,2026-09-24T05:55:00Z,30368.25,30377.78,30364.25,30365.31
2026-09-24T05:55:00Z,2026-09-24T06:00:00Z,30365.37,30365.37,30315.71,30316.17
2026-09-24T06:00:00Z,2026-09-24T06:05:00Z,30316.17,30318.62,30280.12,30283.12
2026-09-24T06:05:00Z,2026-09-24T06:10:00Z,30283,30322.81,30273.12,30318.27
2026-09-24T06:10:00Z,2026-09-24T06:15:00Z,30318.37,30335.5,30308.12,30327.12
2026-09-24T06:15:00Z,2026-09-24T06:20:00Z,30327,30339.08,30319.08,30321.12
2026-09-24T06:20:00Z,2026-09-24T06:25:00Z,30321.17,30321.69,30291.12,30307.31
2026-09-24T06:25:00Z,2026-09-24T06:30:00Z,30307.25,30315.75,30297.62,30308.03
2026-09-24T06:30:00Z,2026-09-24T06:35:00Z,30308.09,30308.53,30286.08,30290.75
2026-09-24T06:35:00Z,2026-09-24T06:40:00Z,30290.68,30295.5,30275.25,30280.67
2026-09-24T06:40:00Z,2026-09-24T06:45:00Z,30280.75,30300.25,30270.56,30286.62
2026-09-24T06:45:00Z,2026-09-24T06:50:00Z,30286.58,30296.66,30280.16,30288.12
2026-09-24T06:50:00Z,2026-09-24T06:55:00Z,30288.08,30290.75,30261.87,30262.37
2026-09-24T06:55:00Z,2026-09-24T07:00:00Z,30262.31,30266.01,30243.67,30249.58
2026-09-24T07:00:00Z,2026-09-24T07:05:00Z,30249.44,30267.565,30221.5,30246.81
2026-09-24T07:05:00Z,2026-09-24T07:10:00Z,30246.67,30297.16,30233.97,30292.66
2026-09-24T07:10:00Z,2026-09-24T07:15:00Z,30292.81,30302.82,30283.25,30302.37
2026-09-24T07:15:00Z,2026-09-24T07:20:00Z,30302.33,30309.42,30285,30305.12
2026-09-24T07:20:00Z,2026-09-24T07:25:00Z,30305.06,30306,30289.91,30291.62
2026-09-24T07:25:00Z,2026-09-24T07:30:00Z,30291.5,30315.5,30282.87,30314.12
2026-09-24T07:30:00Z,2026-09-24T07:35:00Z,30314.54,30328,30309.35,30318.02
2026-09-24T07:35:00Z,2026-09-24T07:40:00Z,30318.07,30339.31,30314,30330.28
2026-09-24T07:40:00Z,2026-09-24T07:45:00Z,30330.12,30335.12,30318.87,30329.37
2026-09-24T07:45:00Z,2026-09-24T07:50:00Z,30329.5,30331.75,30312.06,30315.7
2026-09-24T07:50:00Z,2026-09-24T07:55:00Z,30315.81,30318.66,30302.37,30307.75
2026-09-24T07:55:00Z,2026-09-24T08:00:00Z,30307.87,30307.87,30266.75,30266.83
2026-09-24T08:00:00Z,2026-09-24T08:05:00Z,30266.75,30297.69,30241,30252.48
2026-09-24T08:05:00Z,2026-09-24T08:10:00Z,30252.53,30259.92,30233.28,30238.91
2026-09-24T08:10:00Z,2026-09-24T08:15:00Z,30238.87,30239.5,30187.98,30195.45
2026-09-24T08:15:00Z,2026-09-24T08:20:00Z,30195.5,30219.06,30187.62,30199.25
2026-09-24T08:20:00Z,2026-09-24T08:25:00Z,30199,30199,30180.96,30191.37
2026-09-24T08:25:00Z,2026-09-24T08:30:00Z,30191.62,30201.17,30161.5,30163.7
2026-09-24T08:30:00Z,2026-09-24T08:35:00Z,30163.87,30205.16,30156.75,30158.75
2026-09-24T08:35:00Z,2026-09-24T08:40:00Z,30158.73,30160.62,30139.37,30158.62
2026-09-24T08:40:00Z,2026-09-24T08:45:00Z,30158.7,30165.97,30139,30155.12
2026-09-24T08:45:00Z,2026-09-24T08:50:00Z,30155.06,30164.62,30120.08,30122.72
2026-09-24T08:50:00Z,2026-09-24T08:55:00Z,30122.69,30142.45,30115.14,30130.37
2026-09-24T08:55:00Z,2026-09-24T09:00:00Z,30130.5,30143.43,30124.75,30141.18
2026-09-24T09:00:00Z,2026-09-24T09:05:00Z,30141.12,30162.37,30134.12,30146.75
2026-09-24T09:05:00Z,2026-09-24T09:10:00Z,30146.66,30162.68,30135.16,30146.75
2026-09-24T09:10:00Z,2026-09-24T09:15:00Z,30146.87,30156.25,30126.08,30140.53
2026-09-24T09:15:00Z,2026-09-24T09:20:00Z,30140.43,30152.41,30129.92,30150
2026-09-24T09:20:00Z,2026-09-24T09:25:00Z,30150.08,30163.87,30142.74,30162.62
2026-09-24T09:25:00Z,2026-09-24T09:30:00Z,30162.56,30172.15,30145.12,30150.58
2026-09-24T09:30:00Z,2026-09-24T09:35:00Z,30150.44,30152.75,30131.62,30144.98
2026-09-24T09:35:00Z,2026-09-24T09:40:00Z,30145,30147.87,30114.18,30119.75
2026-09-24T09:40:00Z,2026-09-24T09:45:00Z,30119.72,30123.58,30078.37,30085.22
2026-09-24T09:45:00Z,2026-09-24T09:50:00Z,30085.18,30116.37,30079.93,30115.5
2026-09-24T09:50:00Z,2026-09-24T09:55:00Z,30115.44,30128.91,30110,30126.37
2026-09-24T09:55:00Z,2026-09-24T10:00:00Z,30126.41,30145.75,30126.12,30145
2026-09-24T10:00:00Z,2026-09-24T10:05:00Z,30144.87,30158.65,30133.62,30135.25
2026-09-24T10:05:00Z,2026-09-24T10:10:00Z,30135.12,30138.41,30124.3,30130.75
2026-09-24T10:10:00Z,2026-09-24T10:15:00Z,30130.87,30152.52,30128.81,30145.5
2026-09-24T10:15:00Z,2026-09-24T10:20:00Z,30145.62,30167.75,30142.17,30152.47
2026-09-24T10:20:00Z,2026-09-24T10:25:00Z,30152.52,30155.75,30126.83,30128.75
2026-09-24T10:25:00Z,2026-09-24T10:30:00Z,30128.83,30156.62,30122.33,30140.58
2026-09-24T10:30:00Z,2026-09-24T10:35:00Z,30140.62,30163.27,30128.96,30160.5
2026-09-24T10:35:00Z,2026-09-24T10:40:00Z,30160.62,30187.68,30158.12,30184.25
2026-09-24T10:40:00Z,2026-09-24T10:45:00Z,30184.17,30192.62,30179.93,30186.37
2026-09-24T10:45:00Z,2026-09-24T10:50:00Z,30186.31,30230.12,30179.3,30227.37
2026-09-24T10:50:00Z,2026-09-24T10:55:00Z,30227.25,30231.12,30187.62,30188.12
2026-09-24T10:55:00Z,2026-09-24T11:00:00Z,30188,30201.12,30180.93,30196.75
2026-09-24T11:00:00Z,2026-09-24T11:05:00Z,30196.67,30211.69,30187.87,30189
2026-09-24T11:05:00Z,2026-09-24T11:10:00Z,30189.05,30195.08,30172.5,30179.92
2026-09-24T11:10:00Z,2026-09-24T11:15:00Z,30180.62,30198.87,30164.06,30197.18
2026-09-24T11:15:00Z,2026-09-24T11:20:00Z,30197.12,30220.67,30186.87,30191.75
2026-09-24T11:20:00Z,2026-09-24T11:25:00Z,30191.69,30205.78,30184.06,30202.66
2026-09-24T11:25:00Z,2026-09-24T11:30:00Z,30202.62,30202.75,30178.44,30179
2026-09-24T11:30:00Z,2026-09-24T11:35:00Z,30179.06,30209.06,30178.49,30179.12
2026-09-24T11:35:00Z,2026-09-24T11:40:00Z,30179.08,30179.33,30155,30158.12
2026-09-24T11:40:00Z,2026-09-24T11:45:00Z,30158.06,30160.25,30151.44,30160
2026-09-24T11:45:00Z,2026-09-24T11:50:00Z,30159.94,30160.12,30136.07,30137.18
2026-09-24T11:50:00Z,2026-09-24T11:55:00Z,30137.12,30154.31,30137,30152.69
2026-09-24T11:55:00Z,2026-09-24T12:00:00Z,30152.53,30182.12,30139.62,30170.93
2026-09-24T12:00:00Z,2026-09-24T12:05:00Z,30170.97,30175.62,30133.87,30146.37
2026-09-24T12:05:00Z,2026-09-24T12:10:00Z,30146.5,30170.58,30146.12,30165.08
2026-09-24T12:10:00Z,2026-09-24T12:15:00Z,30165.06,30195.25,30164.42,30190.12
2026-09-24T12:15:00Z,2026-09-24T12:20:00Z,30190.2,30209.12,30185.81,30203.33
2026-09-24T12:20:00Z,2026-09-24T12:25:00Z,30203.37,30217.25,30197.22,30208.5
2026-09-24T12:25:00Z,2026-09-24T12:30:00Z,30208.37,30212.65,30163.77,30181
2026-09-24T12:30:00Z,2026-09-24T12:35:00Z,30180.87,30187.83,30144.18,30145.69
2026-09-24T12:35:00Z,2026-09-24T12:40:00Z,30146,30149.12,30128.7,30144.56
2026-09-24T12:40:00Z,2026-09-24T12:45:00Z,30144.75,30186.81,30143.06,30180.75
2026-09-24T12:45:00Z,2026-09-24T12:50:00Z,30180.68,30189.04,30170.41,30182.31
2026-09-24T12:50:00Z,2026-09-24T12:55:00Z,30182.37,30190.75,30166.05,30190.29
2026-09-24T12:55:00Z,2026-09-24T13:00:00Z,30190.21,30205.46,30182.87,30194.62
2026-09-24T13:00:00Z,2026-09-24T13:05:00Z,30194.66,30218.5,30193.25,30206.56
2026-09-24T13:05:00Z,2026-09-24T13:10:00Z,30206.62,30210.28,30193,30209.28
2026-09-24T13:10:00Z,2026-09-24T13:15:00Z,30209.35,30227.33,30208.79,30218.12
2026-09-24T13:15:00Z,2026-09-24T13:20:00Z,30217.94,30230.58,30210.45,30226.94
2026-09-24T13:20:00Z,2026-09-24T13:25:00Z,30226.87,30227.87,30211.87,30218.19
2026-09-24T13:25:00Z,2026-09-24T13:30:00Z,30218.12,30233.53,30207.54,30227.37
2026-09-24T13:30:00Z,2026-09-24T13:35:00Z,30227.37,30257.88,30201.29,30247.88
2026-09-24T13:35:00Z,2026-09-24T13:40:00Z,30247.85,30314.45,30243.96,30303.91
2026-09-24T13:40:00Z,2026-09-24T13:45:00Z,30303.84,30305.54,30266.69,30291.6
2026-09-24T13:45:00Z,2026-09-24T13:50:00Z,30291.56,30330.67,30274.46,30284.06
2026-09-24T13:50:00Z,2026-09-24T13:55:00Z,30284.44,30297.23,30243.5,30252.46
2026-09-24T13:55:00Z,2026-09-24T14:00:00Z,30253.33,30290.79,30239.9,30287.75
2026-09-24T14:00:00Z,2026-09-24T14:05:00Z,30287.7,30319.21,30278.31,30314.59
2026-09-24T14:05:00Z,2026-09-24T14:10:00Z,30314.54,30324.5,30300.13,30307.09
2026-09-24T14:10:00Z,2026-09-24T14:15:00Z,30307.19,30307.81,30274,30294.43
2026-09-24T14:15:00Z,2026-09-24T14:20:00Z,30293.72,30309.83,30270.63,30304.25
2026-09-24T14:20:00Z,2026-09-24T14:25:00Z,30304.2,30324.58,30298.08,30309.67
2026-09-24T14:25:00Z,2026-09-24T14:30:00Z,30309.56,30345.94,30303.28,30338.33
2026-09-24T14:30:00Z,2026-09-24T14:35:00Z,30338.45,30339.94,30310.79,30338.17
2026-09-24T14:35:00Z,2026-09-24T14:40:00Z,30338.18,30346.71,30306.25,30315.42
2026-09-24T14:40:00Z,2026-09-24T14:45:00Z,30315.31,30323.66,30280.46,30287.53
2026-09-24T14:45:00Z,2026-09-24T14:50:00Z,30287.5,30314.6,30277.06,30300.35
2026-09-24T14:50:00Z,2026-09-24T14:55:00Z,30300.37,30321.73,30265.85,30272.59
2026-09-24T14:55:00Z,2026-09-24T15:00:00Z,30272.69,30274.03,30240.83,30250.12
2026-09-24T15:00:00Z,2026-09-24T15:05:00Z,30249.93,30280.66,30247.34,30261.56
2026-09-24T15:05:00Z,2026-09-24T15:10:00Z,30261.75,30265.75,30222.94,30224.93
2026-09-24T15:10:00Z,2026-09-24T15:15:00Z,30224.92,30245.6,30212.17,30218.96
2026-09-24T15:15:00Z,2026-09-24T15:20:00Z,30218.88,30254.81,30214,30226.06
2026-09-24T15:20:00Z,2026-09-24T15:25:00Z,30226.04,30265.48,30218.17,30262.79
2026-09-24T15:25:00Z,2026-09-24T15:30:00Z,30262.75,30263.56,30215.29,30221.66
2026-09-24T15:30:00Z,2026-09-24T15:35:00Z,30221.69,30234.23,30210.59,30229.38
2026-09-24T15:35:00Z,2026-09-24T15:40:00Z,30229.68,30251.82,30223.25,30233.5
2026-09-24T15:40:00Z,2026-09-24T15:45:00Z,30233.94,30248.56,30217.92,30245.44
2026-09-24T15:45:00Z,2026-09-24T15:50:00Z,30245.46,30257.93,30214.56,30224.25
2026-09-24T15:50:00Z,2026-09-24T15:55:00Z,30224.28,30275.79,30222.71,30274.6
2026-09-24T15:55:00Z,2026-09-24T16:00:00Z,30274.68,30277.25,30254.23,30262.38
2026-09-24T16:00:00Z,2026-09-24T16:05:00Z,30262.31,30264.96,30231.85,30248
2026-09-24T16:05:00Z,2026-09-24T16:10:00Z,30247.6,30250.08,30225.03,30231.4
2026-09-24T16:10:00Z,2026-09-24T16:15:00Z,30231.38,30266.37,30214.77,30266.3
2026-09-24T16:15:00Z,2026-09-24T16:20:00Z,30266.62,30455.71,30264.87,30390.36
2026-09-24T16:20:00Z,2026-09-24T16:25:00Z,30390.41,30416.12,30379.71,30397.21
2026-09-24T16:25:00Z,2026-09-24T16:30:00Z,30397.35,30417.88,30359.5,30405.25
2026-09-24T16:30:00Z,2026-09-24T16:35:00Z,30405.54,30409.62,30369.5,30392.59
2026-09-24T16:35:00Z,2026-09-24T16:40:00Z,30392.56,30455.83,30388.87,30454.88
2026-09-24T16:40:00Z,2026-09-24T16:45:00Z,30454.91,30522.48,30446.29,30455
2026-09-24T16:45:00Z,2026-09-24T16:50:00Z,30454.53,30500.18,30433.75,30493.81
2026-09-24T16:50:00Z,2026-09-24T16:55:00Z,30493.88,30513.53,30458.21,30471.25
2026-09-24T16:55:00Z,2026-09-24T17:00:00Z,30471.21,30523.73,30467.5,30500.25
2026-09-24T17:00:00Z,2026-09-24T17:05:00Z,30500.04,30526.11,30467.5,30515.29
2026-09-24T17:05:00Z,2026-09-24T17:10:00Z,30515.25,30535.27,30497.71,30499.45
2026-09-24T17:10:00Z,2026-09-24T17:15:00Z,30499.43,30503.84,30464.96,30498.16
2026-09-24T17:15:00Z,2026-09-24T17:20:00Z,30498.2,30501,30454.08,30454.87
2026-09-24T17:20:00Z,2026-09-24T17:25:00Z,30454.81,30468.75,30441.31,30444.54
2026-09-24T17:25:00Z,2026-09-24T17:30:00Z,30444.5,30448,30408.37,30443.37
2026-09-24T17:30:00Z,2026-09-24T17:35:00Z,30443.41,30468.6,30425.06,30425.91
2026-09-24T17:35:00Z,2026-09-24T17:40:00Z,30426.04,30434.65,30406.33,30420.54
2026-09-24T17:40:00Z,2026-09-24T17:45:00Z,30420.63,30431.47,30379.71,30380.71
2026-09-24T17:45:00Z,2026-09-24T17:50:00Z,30380.85,30416.31,30373.75,30409.75
2026-09-24T17:50:00Z,2026-09-24T17:55:00Z,30409.79,30413.31,30378.94,30389.75
2026-09-24T17:55:00Z,2026-09-24T18:00:00Z,30389.87,30413.4,30380.56,30404.81
2026-09-24T18:00:00Z,2026-09-24T18:05:00Z,30404.83,30406.58,30330.13,30334.85
2026-09-24T18:05:00Z,2026-09-24T18:10:00Z,30335.04,30398.73,30334.54,30391.54
2026-09-24T18:10:00Z,2026-09-24T18:15:00Z,30391.56,30412.75,30385.71,30403.65
2026-09-24T18:15:00Z,2026-09-24T18:20:00Z,30403.75,30437.35,30398.75,30421.91
2026-09-24T18:20:00Z,2026-09-24T18:25:00Z,30421.62,30430.17,30401.61,30425.88
2026-09-24T18:25:00Z,2026-09-24T18:30:00Z,30425.86,30460.68,30423.53,30448.54
2026-09-24T18:30:00Z,2026-09-24T18:35:00Z,30448.5,30454.29,30425.23,30425.38
2026-09-24T18:35:00Z,2026-09-24T18:40:00Z,30425.44,30490.12,30411.53,30461.06
2026-09-24T18:40:00Z,2026-09-24T18:45:00Z,30461.23,30461.25,30432.93,30444.93
2026-09-24T18:45:00Z,2026-09-24T18:50:00Z,30445.04,30460,30444.21,30455.47
2026-09-24T18:50:00Z,2026-09-24T18:55:00Z,30455.41,30484.07,30452.19,30474.31
2026-09-24T18:55:00Z,2026-09-24T19:00:00Z,30474.21,30500.4,30473.33,30487.77
2026-09-24T19:00:00Z,2026-09-24T19:05:00Z,30487.79,30491.56,30434.5,30442.09
2026-09-24T19:05:00Z,2026-09-24T19:10:00Z,30442.06,30456.84,30440.06,30447
2026-09-24T19:10:00Z,2026-09-24T19:15:00Z,30447.04,30452.2,30432.31,30434.46
2026-09-24T19:15:00Z,2026-09-24T19:20:00Z,30434.47,30476.38,30434.19,30470.06
2026-09-24T19:20:00Z,2026-09-24T19:25:00Z,30470.04,30476.68,30457.83,30474.96
2026-09-24T19:25:00Z,2026-09-24T19:30:00Z,30474.88,30480.25,30453.63,30458.1
2026-09-24T19:30:00Z,2026-09-24T19:35:00Z,30458.18,30476.38,30455.15,30475.6
2026-09-24T19:35:00Z,2026-09-24T19:40:00Z,30475.56,30476.13,30456.38,30471.09
2026-09-24T19:40:00Z,2026-09-24T19:45:00Z,30471.07,30477.67,30458.18,30461.04
2026-09-24T19:45:00Z,2026-09-24T19:50:00Z,30461,30469.98,30454.28,30455.66
2026-09-24T19:50:00Z,2026-09-24T19:55:00Z,30455.71,30498.1,30455.48,30487.31
2026-09-24T19:55:00Z,2026-09-24T20:00:00Z,30487.29,30490.5,30465.5,30465.72
2026-09-24T20:00:00Z,2026-09-24T20:05:00Z,30465.03,30470.08,30431,30435.68
2026-09-24T20:05:00Z,2026-09-24T20:10:00Z,30435.69,30442.25,30431.78,30436.96
2026-09-24T20:10:00Z,2026-09-24T20:15:00Z,30436.91,30437.85,30404.41,30406.25
2026-09-24T20:15:00Z,2026-09-24T20:20:00Z,30406.15,30416.5,30380.37,30388.01
2026-09-24T20:20:00Z,2026-09-24T20:25:00Z,30388,30390.76,30378.44,30380.93
2026-09-24T20:25:00Z,2026-09-24T20:30:00Z,30381,30388.08,30370.66,30374.69
2026-09-24T20:30:00Z,2026-09-24T20:35:00Z,30374.75,30392.56,30371.87,30388.03
2026-09-24T20:35:00Z,2026-09-24T20:40:00Z,30388,30397.87,30386.09,30397.58
2026-09-24T20:40:00Z,2026-09-24T20:45:00Z,30397.68,30415.82,30394.38,30413.62
2026-09-24T20:45:00Z,2026-09-24T20:50:00Z,30413.75,30426.8,30413.28,30425
2026-09-24T20:50:00Z,2026-09-24T20:55:00Z,30425.53,30435.65,30423.9,30435.57
2026-09-24T20:55:00Z,2026-09-24T21:00:00Z,30435.52,30447.64,30431.28,30443.66
2026-09-24T22:00:00Z,2026-09-24T22:05:00Z,30443.66,30470.87,30428.87,30457.12
2026-09-24T22:05:00Z,2026-09-24T22:10:00Z,30457.25,30458.25,30421.18,30444.37
2026-09-24T22:10:00Z,2026-09-24T22:15:00Z,30444.25,30447.33,30437.75,30438.37
2026-09-24T22:15:00Z,2026-09-24T22:20:00Z,30438.48,30442.12,30433.37,30433.37
2026-09-24T22:20:00Z,2026-09-24T22:25:00Z,30433.41,30434.62,30425.37,30426.75
2026-09-24T22:25:00Z,2026-09-24T22:30:00Z,30426.73,30428.16,30417.87,30423
2026-09-24T22:30:00Z,2026-09-24T22:35:00Z,30423.12,30434.57,30420.77,30430.5
2026-09-24T22:35:00Z,2026-09-24T22:40:00Z,30430.62,30435.75,30429.75,30430.25
2026-09-24T22:40:00Z,2026-09-24T22:45:00Z,30430.37,30447.01,30428.37,30444
2026-09-24T22:45:00Z,2026-09-24T22:50:00Z,30443.98,30445.75,30435.5,30443.23
2026-09-24T22:50:00Z,2026-09-24T22:55:00Z,30443.25,30446.26,30441.62,30443.37
2026-09-24T22:55:00Z,2026-09-24T23:00:00Z,30443.25,30447.52,30438.75,30441.32
2026-09-24T23:00:00Z,2026-09-24T23:05:00Z,30441.37,30447.37,30439.42,30444.98
2026-09-24T23:05:00Z,2026-09-24T23:10:00Z,30445,30447.77,30426.52,30433.52
2026-09-24T23:10:00Z,2026-09-24T23:15:00Z,30433.77,30434.75,30423.12,30429.16
2026-09-24T23:15:00Z,2026-09-24T23:20:00Z,30429.31,30433.2,30424.87,30427.81
2026-09-24T23:20:00Z,2026-09-24T23:25:00Z,30427.8,30438,30423.67,30437.42
2026-09-24T23:25:00Z,2026-09-24T23:30:00Z,30437.37,30444.87,30433.75,30437.59
2026-09-24T23:30:00Z,2026-09-24T23:35:00Z,30437.72,30443.83,30437.59,30439.37
2026-09-24T23:35:00Z,2026-09-24T23:40:00Z,30439.31,30443.18,30435.33,30437.91
2026-09-24T23:40:00Z,2026-09-24T23:45:00Z,30437.87,30438.25,30419.66,30420.12
2026-09-24T23:45:00Z,2026-09-24T23:50:00Z,30420.1,30425.69,30408.99,30414.5
2026-09-24T23:50:00Z,2026-09-24T23:55:00Z,30414.37,30416.08,30399.12,30404.75
2026-09-24T23:55:00Z,2026-09-25T00:00:00Z,30404.66,30407.87,30396.41,30399.42
2026-09-25T00:00:00Z,2026-09-25T00:05:00Z,30399.37,30429.62,30398.56,30419
2026-09-25T00:05:00Z,2026-09-25T00:10:00Z,30418.87,30420.5,30396.75,30411.25
2026-09-25T00:10:00Z,2026-09-25T00:15:00Z,30411.37,30416.16,30398.75,30408.92
2026-09-25T00:15:00Z,2026-09-25T00:20:00Z,30408.87,30413.5,30394.75,30405.27
2026-09-25T00:20:00Z,2026-09-25T00:25:00Z,30405.41,30436,30403.37,30432.37
2026-09-25T00:25:00Z,2026-09-25T00:30:00Z,30432.33,30439.25,30422.08,30425.81
2026-09-25T00:30:00Z,2026-09-25T00:35:00Z,30425.66,30428.75,30413.12,30417.92
2026-09-25T00:35:00Z,2026-09-25T00:40:00Z,30417.87,30421.62,30394.37,30403.25
2026-09-25T00:40:00Z,2026-09-25T00:45:00Z,30403.12,30417.41,30401.87,30412.58
2026-09-25T00:45:00Z,2026-09-25T00:50:00Z,30412.43,30419.81,30406.24,30415.75
2026-09-25T00:50:00Z,2026-09-25T00:55:00Z,30415.73,30417.75,30397.72,30411.75
2026-09-25T00:55:00Z,2026-09-25T01:00:00Z,30411.62,30416.66,30402.62,30410
2026-09-25T01:00:00Z,2026-09-25T01:05:00Z,30409.91,30422.87,30396.64,30421.12
2026-09-25T01:05:00Z,2026-09-25T01:10:00Z,30421.08,30434.45,30407.87,30428.91
2026-09-25T01:10:00Z,2026-09-25T01:15:00Z,30428.87,30485.92,30428.12,30476.75
2026-09-25T01:15:00Z,2026-09-25T01:20:00Z,30476.87,30501.53,30473.5,30483.75
2026-09-25T01:20:00Z,2026-09-25T01:25:00Z,30483.87,30500.95,30481.37,30488.62
2026-09-25T01:25:00Z,2026-09-25T01:30:00Z,30488.65,30500.12,30484.25,30487.25
2026-09-25T01:30:00Z,2026-09-25T01:35:00Z,30487.31,30490.16,30466.22,30467.67
2026-09-25T01:35:00Z,2026-09-25T01:40:00Z,30467.62,30504.37,30462.52,30503
2026-09-25T01:40:00Z,2026-09-25T01:45:00Z,30502.87,30520.31,30499.72,30510.25
2026-09-25T01:45:00Z,2026-09-25T01:50:00Z,30510.12,30513.44,30496.37,30509.87
2026-09-25T01:50:00Z,2026-09-25T01:55:00Z,30509.75,30511,30490.48,30492.62
2026-09-25T01:55:00Z,2026-09-25T02:00:00Z,30492.75,30502.78,30483.25,30502.5
2026-09-25T02:00:00Z,2026-09-25T02:05:00Z,30502.62,30508.59,30495.41,30506.37
2026-09-25T02:05:00Z,2026-09-25T02:10:00Z,30506.25,30522.14,30505.37,30518.08
2026-09-25T02:10:00Z,2026-09-25T02:15:00Z,30518,30521.67,30506.37,30509.33
2026-09-25T02:15:00Z,2026-09-25T02:20:00Z,30509.04,30520.62,30506.94,30518.69
2026-09-25T02:20:00Z,2026-09-25T02:25:00Z,30518.64,30526.12,30516.04,30516.18
2026-09-25T02:25:00Z,2026-09-25T02:30:00Z,30516.22,30516.29,30496.91,30498.25
2026-09-25T02:30:00Z,2026-09-25T02:35:00Z,30497.87,30500.68,30477.75,30479
2026-09-25T02:35:00Z,2026-09-25T02:40:00Z,30479.12,30486.25,30473.08,30485.25
2026-09-25T02:40:00Z,2026-09-25T02:45:00Z,30485.23,30506.58,30483.75,30499.5
2026-09-25T02:45:00Z,2026-09-25T02:50:00Z,30499.62,30501.08,30481.28,30483.5
2026-09-25T02:50:00Z,2026-09-25T02:55:00Z,30483.37,30497.37,30476.83,30496.41
2026-09-25T02:55:00Z,2026-09-25T03:00:00Z,30496.37,30503.25,30491.58,30503.19
2026-09-25T03:00:00Z,2026-09-25T03:05:00Z,30503.12,30504.5,30492.08,30497.5
2026-09-25T03:05:00Z,2026-09-25T03:10:00Z,30497.56,30523.15,30497.56,30518.81
2026-09-25T03:10:00Z,2026-09-25T03:15:00Z,30518.75,30518.75,30507.4,30514.62
2026-09-25T03:15:00Z,2026-09-25T03:20:00Z,30514.5,30521.03,30500.47,30511.37
2026-09-25T03:20:00Z,2026-09-25T03:25:00Z,30511.25,30520.12,30510.62,30512.81
2026-09-25T03:25:00Z,2026-09-25T03:30:00Z,30512.69,30515,30504.37,30506
2026-09-25T03:30:00Z,2026-09-25T03:35:00Z,30505.94,30513.42,30502.41,30509.87
2026-09-25T03:35:00Z,2026-09-25T03:40:00Z,30509.91,30519.87,30504.31,30519.62
2026-09-25T03:40:00Z,2026-09-25T03:45:00Z,30519.67,30525.18,30496.42,30496.56
2026-09-25T03:45:00Z,2026-09-25T03:50:00Z,30496.62,30502.62,30486.62,30499
2026-09-25T03:50:00Z,2026-09-25T03:55:00Z,30498.98,30505.12,30492.52,30496.83
2026-09-25T03:55:00Z,2026-09-25T04:00:00Z,30496.87,30506.37,30495.3,30503.41
2026-09-25T04:00:00Z,2026-09-25T04:05:00Z,30503.37,30506,30484.62,30490.23
2026-09-25T04:05:00Z,2026-09-25T04:10:00Z,30490.08,30493.72,30479.87,30487.5
2026-09-25T04:10:00Z,2026-09-25T04:15:00Z,30487.37,30493.16,30483.81,30486.67
2026-09-25T04:15:00Z,2026-09-25T04:20:00Z,30486.52,30493.37,30480,30483.75
2026-09-25T04:20:00Z,2026-09-25T04:25:00Z,30483.78,30490.5,30478.79,30489.27
2026-09-25T04:25:00Z,2026-09-25T04:30:00Z,30489.41,30493.28,30481.62,30486.87
2026-09-25T04:30:00Z,2026-09-25T04:35:00Z,30486.77,30495.56,30482,30494
2026-09-25T04:35:00Z,2026-09-25T04:40:00Z,30493.87,30502.03,30491.25,30500.25
2026-09-25T04:40:00Z,2026-09-25T04:45:00Z,30500.37,30504.08,30493.75,30495.25
2026-09-25T04:45:00Z,2026-09-25T04:50:00Z,30495.37,30503.62,30494.33,30497.37
2026-09-25T04:50:00Z,2026-09-25T04:55:00Z,30497.31,30503.83,30489.12,30495.16
2026-09-25T04:55:00Z,2026-09-25T05:00:00Z,30495.12,30496,30479.62,30490.5
2026-09-25T05:00:00Z,2026-09-25T05:05:00Z,30490.45,30505.28,30488,30502.25
2026-09-25T05:05:00Z,2026-09-25T05:10:00Z,30502.33,30521.28,30499.83,30519.58
2026-09-25T05:10:00Z,2026-09-25T05:15:00Z,30519.44,30525.5,30512.41,30513.75
2026-09-25T05:15:00Z,2026-09-25T05:20:00Z,30513.98,30524.66,30512.53,30515.5
2026-09-25T05:20:00Z,2026-09-25T05:25:00Z,30515.62,30519.33,30501.62,30502.25
2026-09-25T05:25:00Z,2026-09-25T05:30:00Z,30502.12,30521.18,30501.37,30518
2026-09-25T05:30:00Z,2026-09-25T05:35:00Z,30518.08,30560.67,30514.44,30550.12
2026-09-25T05:35:00Z,2026-09-25T05:40:00Z,30550,30564.68,30550,30560.91
2026-09-25T05:40:00Z,2026-09-25T05:45:00Z,30560.87,30578.37,30557.37,30578.12
2026-09-25T05:45:00Z,2026-09-25T05:50:00Z,30577.91,30580.54,30563.72,30564.87
2026-09-25T05:50:00Z,2026-09-25T05:55:00Z,30565,30576.87,30563.91,30576.12
2026-09-25T05:55:00Z,2026-09-25T06:00:00Z,30576.17,30576.17,30558.3,30562.37
2026-09-25T06:00:00Z,2026-09-25T06:05:00Z,30561.87,30578.69,30561.62,30576.33
2026-09-25T06:05:00Z,2026-09-25T06:10:00Z,30576.37,30587.83,30573.12,30586.33
2026-09-25T06:10:00Z,2026-09-25T06:15:00Z,30586.37,30602.2,30585.08,30599.62
2026-09-25T06:15:00Z,2026-09-25T06:20:00Z,30599.5,30612.63,30593.12,30607.75
2026-09-25T06:20:00Z,2026-09-25T06:25:00Z,30607.83,30616.87,30603.18,30609.75
2026-09-25T06:25:00Z,2026-09-25T06:30:00Z,30609.83,30613.06,30585.21,30592.69
2026-09-25T06:30:00Z,2026-09-25T06:35:00Z,30592.75,30603.75,30587,30603.12
2026-09-25T06:35:00Z,2026-09-25T06:40:00Z,30603.08,30604.08,30589.8,30593.66
2026-09-25T06:40:00Z,2026-09-25T06:45:00Z,30593.62,30600.3,30587.62,30592.5
2026-09-25T06:45:00Z,2026-09-25T06:50:00Z,30592.37,30598.37,30576.77,30587.12
2026-09-25T06:50:00Z,2026-09-25T06:55:00Z,30587.25,30590.2,30576.31,30586.33
2026-09-25T06:55:00Z,2026-09-25T07:00:00Z,30586.25,30594.25,30576.62,30578.87
2026-09-25T07:00:00Z,2026-09-25T07:05:00Z,30579.12,30599.87,30577.54,30584.12
2026-09-25T07:05:00Z,2026-09-25T07:10:00Z,30584,30600.06,30578.87,30590.87
2026-09-25T07:10:00Z,2026-09-25T07:15:00Z,30590.92,30609.48,30583.47,30606.62
2026-09-25T07:15:00Z,2026-09-25T07:20:00Z,30606.67,30614.75,30592.62,30597.48
2026-09-25T07:20:00Z,2026-09-25T07:25:00Z,30597.5,30603.75,30588.12,30594.75
2026-09-25T07:25:00Z,2026-09-25T07:30:00Z,30594.69,30614.25,30583.71,30611.12
2026-09-25T07:30:00Z,2026-09-25T07:35:00Z,30614.17,30616.83,30573.87,30576.05
2026-09-25T07:35:00Z,2026-09-25T07:40:00Z,30575.97,30584.87,30571.21,30571.37
2026-09-25T07:40:00Z,2026-09-25T07:45:00Z,30571.5,30581.42,30567.87,30572.87
2026-09-25T07:45:00Z,2026-09-25T07:50:00Z,30572.94,30592.68,30572.56,30574.62
2026-09-25T07:50:00Z,2026-09-25T07:55:00Z,30574.67,30584.12,30571.25,30578.87
2026-09-25T07:55:00Z,2026-09-25T08:00:00Z,30578.75,30590.37,30574.94,30580.43
2026-09-25T08:00:00Z,2026-09-25T08:05:00Z,30579.41,30589.12,30555.62,30559.25
2026-09-25T08:05:00Z,2026-09-25T08:10:00Z,30559.37,30575.41,30550.12,30571.17
2026-09-25T08:10:00Z,2026-09-25T08:15:00Z,30571.12,30602.4,30569.25,30590.37
2026-09-25T08:15:00Z,2026-09-25T08:20:00Z,30590.25,30609,30590.12,30598.87
2026-09-25T08:20:00Z,2026-09-25T08:25:00Z,30598.91,30621.33,30596.87,30620.37
2026-09-25T08:25:00Z,2026-09-25T08:30:00Z,30620.5,30638.98,30608.29,30635
2026-09-25T08:30:00Z,2026-09-25T08:35:00Z,30634.87,30645.67,30627.33,30639.62
2026-09-25T08:35:00Z,2026-09-25T08:40:00Z,30639.5,30644.33,30623.5,30629.08
2026-09-25T08:40:00Z,2026-09-25T08:45:00Z,30628.87,30647.29,30628.5,30646
2026-09-25T08:45:00Z,2026-09-25T08:50:00Z,30645.87,30656.44,30645.31,30645.56
2026-09-25T08:50:00Z,2026-09-25T08:55:00Z,30645.83,30653.83,30642.96,30652.94
2026-09-25T08:55:00Z,2026-09-25T09:00:00Z,30653,30666.31,30653,30658.69
2026-09-25T09:00:00Z,2026-09-25T09:05:00Z,30658.62,30667.12,30653.81,30659.62
2026-09-25T09:05:00Z,2026-09-25T09:10:00Z,30659.69,30672.04,30658.22,30670.62
2026-09-25T09:10:00Z,2026-09-25T09:15:00Z,30670.75,30672,30662.5,30665.67
2026-09-25T09:15:00Z,2026-09-25T09:20:00Z,30665.62,30672.66,30660.68,30662.25
2026-09-25T09:20:00Z,2026-09-25T09:25:00Z,30662.19,30664.23,30652.12,30661.12
2026-09-25T09:25:00Z,2026-09-25T09:30:00Z,30661.08,30661.71,30649.52,30650.91
2026-09-25T09:30:00Z,2026-09-25T09:35:00Z,30651.06,30663.92,30642,30656.16
2026-09-25T09:35:00Z,2026-09-25T09:40:00Z,30656.12,30658.31,30646.75,30653.87
2026-09-25T09:40:00Z,2026-09-25T09:45:00Z,30653.83,30656.12,30644.62,30649.08
2026-09-25T09:45:00Z,2026-09-25T09:50:00Z,30649.06,30649.62,30628,30633.42
2026-09-25T09:50:00Z,2026-09-25T09:55:00Z,30633.37,30635.5,30623.95,30634.12
2026-09-25T09:55:00Z,2026-09-25T10:00:00Z,30634,30641.83,30628.25,30628.25
2026-09-25T10:00:00Z,2026-09-25T10:05:00Z,30628.5,30637.66,30617.34,30618.62
2026-09-25T10:05:00Z,2026-09-25T10:10:00Z,30618.55,30626.06,30612.62,30622.81
2026-09-25T10:10:00Z,2026-09-25T10:15:00Z,30622.75,30644.56,30621.62,30640
2026-09-25T10:15:00Z,2026-09-25T10:20:00Z,30639.87,30651.06,30639,30646.43
2026-09-25T10:20:00Z,2026-09-25T10:25:00Z,30646.58,30654.25,30639,30642.62
2026-09-25T10:25:00Z,2026-09-25T10:30:00Z,30642.73,30647.12,30639.31,30640.8
2026-09-25T10:30:00Z,2026-09-25T10:35:00Z,30640.81,30650.25,30629.87,30639.12
2026-09-25T10:35:00Z,2026-09-25T10:40:00Z,30639.18,30645.25,30624.21,30626.31
2026-09-25T10:40:00Z,2026-09-25T10:45:00Z,30626.17,30635.87,30623.5,30632.75
2026-09-25T10:45:00Z,2026-09-25T10:50:00Z,30632.87,30639.06,30624.58,30636
2026-09-25T10:50:00Z,2026-09-25T10:55:00Z,30635.9,30644.68,30626.95,30639.43
2026-09-25T10:55:00Z,2026-09-25T11:00:00Z,30639.37,30639.37,30626.62,30634.12
2026-09-25T11:00:00Z,2026-09-25T11:05:00Z,30634.37,30649.58,30625.44,30633.12
2026-09-25T11:05:00Z,2026-09-25T11:10:00Z,30633,30672.29,30632.81,30671.25
2026-09-25T11:10:00Z,2026-09-25T11:15:00Z,30671.12,30686.71,30667.93,30686.5
2026-09-25T11:15:00Z,2026-09-25T11:20:00Z,30686.04,30706.5,30685.12,30693.97
2026-09-25T11:20:00Z,2026-09-25T11:25:00Z,30694,30696.41,30687,30689.81
2026-09-25T11:25:00Z,2026-09-25T11:30:00Z,30689.87,30702.75,30686.25,30689
2026-09-25T11:30:00Z,2026-09-25T11:35:00Z,30688.87,30693.12,30681.87,30690.12
2026-09-25T11:35:00Z,2026-09-25T11:40:00Z,30690.18,30708.27,30671.37,30672.87
2026-09-25T11:40:00Z,2026-09-25T11:45:00Z,30673.12,30687.92,30673.08,30682.93
2026-09-25T11:45:00Z,2026-09-25T11:50:00Z,30682.94,30686.18,30679.23,30679.62
2026-09-25T11:50:00Z,2026-09-25T11:55:00Z,30679.75,30693.45,30674.79,30691.62
2026-09-25T11:55:00Z,2026-09-25T12:00:00Z,30691.58,30693.56,30672.29,30672.91
2026-09-25T12:00:00Z,2026-09-25T12:05:00Z,30672.87,30690.25,30668.12,30684.25
2026-09-25T12:05:00Z,2026-09-25T12:10:00Z,30684.16,30689.55,30672.81,30673.62
2026-09-25T12:10:00Z,2026-09-25T12:15:00Z,30673.33,30682.62,30655.37,30664.5
2026-09-25T12:15:00Z,2026-09-25T12:20:00Z,30664.44,30664.75,30628.81,30636.87
2026-09-25T12:20:00Z,2026-09-25T12:25:00Z,30636.62,30656.81,30631.62,30647.06
2026-09-25T12:25:00Z,2026-09-25T12:30:00Z,30647,30653.5,30640.31,30644.12
2026-09-25T12:30:00Z,2026-09-25T12:35:00Z,30644.06,30648.5,30617,30630.87
2026-09-25T12:35:00Z,2026-09-25T12:40:00Z,30630.75,30632,30616.05,30621.87
2026-09-25T12:40:00Z,2026-09-25T12:45:00Z,30622,30625.81,30589.87,30608.66
2026-09-25T12:45:00Z,2026-09-25T12:50:00Z,30608.91,30633.12,30590.97,30597.87
2026-09-25T12:50:00Z,2026-09-25T12:55:00Z,30598,30601.2,30583.81,30588.02
2026-09-25T12:55:00Z,2026-09-25T13:00:00Z,30587.96,30599.08,30583.57,30589.72
2026-09-25T13:00:00Z,2026-09-25T13:05:00Z,30589.69,30593.47,30565.81,30590.44
2026-09-25T13:05:00Z,2026-09-25T13:10:00Z,30590.5,30611.37,30589.96,30611.18
2026-09-25T13:10:00Z,2026-09-25T13:15:00Z,30611.12,30620.37,30607.25,30610.97
2026-09-25T13:15:00Z,2026-09-25T13:20:00Z,30610.91,30611.84,30570.56,30571.68
2026-09-25T13:20:00Z,2026-09-25T13:25:00Z,30571.7,30581.44,30568.13,30568.41
2026-09-25T13:25:00Z,2026-09-25T13:30:00Z,30568.44,30573.31,30532.54,30532.54
2026-09-25T13:30:00Z,2026-09-25T13:35:00Z,30531.71,30563.79,30479.74,30560.09
2026-09-25T13:35:00Z,2026-09-25T13:40:00Z,30560.5,30588.59,30555.5,30580.28
2026-09-25T13:40:00Z,2026-09-25T13:45:00Z,30579.66,30601.83,30563.56,30588
2026-09-25T13:45:00Z,2026-09-25T13:50:00Z,30588.34,30600.46,30559.78,30585.81
2026-09-25T13:50:00Z,2026-09-25T13:55:00Z,30585.84,30634.04,30577.94,30622.69
2026-09-25T13:55:00Z,2026-09-25T14:00:00Z,30622.71,30638.31,30590.66,30611.58
2026-09-25T14:00:00Z,2026-09-25T14:05:00Z,30611.75,30614.31,30510.33,30516.29
2026-09-25T14:05:00Z,2026-09-25T14:10:00Z,30515.91,30528,30464.53,30519
2026-09-25T14:10:00Z,2026-09-25T14:15:00Z,30518.97,30535,30447.37,30452.83
2026-09-25T14:15:00Z,2026-09-25T14:20:00Z,30453.12,30464.38,30396.5,30433.31
2026-09-25T14:20:00Z,2026-09-25T14:25:00Z,30433.29,30472,30421.24,30464.06
2026-09-25T14:25:00Z,2026-09-25T14:30:00Z,30464.03,30490.71,30438.69,30443.21
2026-09-25T14:30:00Z,2026-09-25T14:35:00Z,30443.12,30493.71,30431.29,30482.25
2026-09-25T14:35:00Z,2026-09-25T14:40:00Z,30482.18,30515.45,30473.71,30502.75
2026-09-25T14:40:00Z,2026-09-25T14:45:00Z,30503,30508.22,30450.95,30476.56
2026-09-25T14:45:00Z,2026-09-25T14:50:00Z,30477.25,30509.54,30455.25,30501.88
2026-09-25T14:50:00Z,2026-09-25T14:55:00Z,30501.81,30505.12,30463.5,30497.66
2026-09-25T14:55:00Z,2026-09-25T15:00:00Z,30498.04,30541.2,30494.75,30535.49
2026-09-25T15:00:00Z,2026-09-25T15:05:00Z,30535.19,30579.29,30525.81,30567.96
2026-09-25T15:05:00Z,2026-09-25T15:10:00Z,30567.94,30583.21,30556.78,30558.29
2026-09-25T15:10:00Z,2026-09-25T15:15:00Z,30558.28,30561.29,30518.22,30532.75
2026-09-25T15:15:00Z,2026-09-25T15:20:00Z,30532.71,30549.75,30515.78,30523.37
2026-09-25T15:20:00Z,2026-09-25T15:25:00Z,30523.58,30555.62,30512.67,30524.25
2026-09-25T15:25:00Z,2026-09-25T15:30:00Z,30524.29,30539.71,30515.89,30525.47
2026-09-25T15:30:00Z,2026-09-25T15:35:00Z,30525.25,30572.29,30524.04,30529.37
2026-09-25T15:35:00Z,2026-09-25T15:40:00Z,30529.44,30534.62,30475.94,30484.25
2026-09-25T15:40:00Z,2026-09-25T15:45:00Z,30484.46,30502.76,30462,30463.44
2026-09-25T15:45:00Z,2026-09-25T15:50:00Z,30463.46,30494.5,30447.44,30494.22
2026-09-25T15:50:00Z,2026-09-25T15:55:00Z,30494.16,30498,30443.34,30485.37
2026-09-25T15:55:00Z,2026-09-25T16:00:00Z,30485.41,30571.44,30485.16,30570
2026-09-25T16:00:00Z,2026-09-25T16:05:00Z,30569.34,30631.5,30558.5,30626.12
2026-09-25T16:05:00Z,2026-09-25T16:10:00Z,30626.03,30651.6,30617.83,30642.5
2026-09-25T16:10:00Z,2026-09-25T16:15:00Z,30642.46,30662,30621,30638.87
2026-09-25T16:15:00Z,2026-09-25T16:20:00Z,30639.06,30663.48,30606.25,30613.5
2026-09-25T16:20:00Z,2026-09-25T16:25:00Z,30613.56,30618.06,30551.17,30577.44
2026-09-25T16:25:00Z,2026-09-25T16:30:00Z,30577.56,30639.29,30573.53,30636.94
2026-09-25T16:30:00Z,2026-09-25T16:35:00Z,30636.96,30644.46,30579.06,30591.94
2026-09-25T16:35:00Z,2026-09-25T16:40:00Z,30591.87,30628.62,30589.2,30610.19
2026-09-25T16:40:00Z,2026-09-25T16:45:00Z,30610.13,30633.5,30598.79,30617
2026-09-25T16:45:00Z,2026-09-25T16:50:00Z,30616.96,30619.43,30576.58,30593.47
2026-09-25T16:50:00Z,2026-09-25T16:55:00Z,30593.41,30610.37,30589.19,30604.37
2026-09-25T16:55:00Z,2026-09-25T17:00:00Z,30604.41,30614.85,30574.38,30589.79
2026-09-25T17:00:00Z,2026-09-25T17:05:00Z,30589.75,30632.22,30585.14,30622.19
2026-09-25T17:05:00Z,2026-09-25T17:10:00Z,30622.13,30629.25,30601.78,30623.81
2026-09-25T17:10:00Z,2026-09-25T17:15:00Z,30623.88,30634.5,30603.83,30634.35
2026-09-25T17:15:00Z,2026-09-25T17:20:00Z,30634.31,30638.66,30618.29,30623.41
2026-09-25T17:20:00Z,2026-09-25T17:25:00Z,30623.38,30636.85,30621.63,30635.31
2026-09-25T17:25:00Z,2026-09-25T17:30:00Z,30635.35,30636.77,30623.08,30630.13
2026-09-25T17:30:00Z,2026-09-25T17:35:00Z,30630.09,30635.13,30601.73,30611.44
2026-09-25T17:35:00Z,2026-09-25T17:40:00Z,30611.46,30624.58,30598.44,30615.2
2026-09-25T17:40:00Z,2026-09-25T17:45:00Z,30615.25,30634.44,30613.62,30617.5
2026-09-25T17:45:00Z,2026-09-25T17:50:00Z,30617.41,30630.9,30611.46,30630.1
2026-09-25T17:50:00Z,2026-09-25T17:55:00Z,30630.06,30630.54,30602.79,30612.1
2026-09-25T17:55:00Z,2026-09-25T18:00:00Z,30612.15,30624,30609.92,30623.98
2026-09-25T18:00:00Z,2026-09-25T18:05:00Z,30623.9,30628.69,30615.67,30617
2026-09-25T18:05:00Z,2026-09-25T18:10:00Z,30616.78,30626.65,30608.83,30624.78
2026-09-25T18:10:00Z,2026-09-25T18:15:00Z,30624.85,30641.08,30617.25,30640.2
2026-09-25T18:15:00Z,2026-09-25T18:20:00Z,30640.21,30642.18,30625.94,30631.53
2026-09-25T18:20:00Z,2026-09-25T18:25:00Z,30631.5,30634.23,30622.31,30629.42
2026-09-25T18:25:00Z,2026-09-25T18:30:00Z,30629.33,30634.18,30583.35,30603.21
2026-09-25T18:30:00Z,2026-09-25T18:35:00Z,30603.13,30628.53,30603,30618.13
2026-09-25T18:35:00Z,2026-09-25T18:40:00Z,30618.25,30620.58,30588.34,30589
2026-09-25T18:40:00Z,2026-09-25T18:45:00Z,30588.96,30612.73,30580.21,30612.27
2026-09-25T18:45:00Z,2026-09-25T18:50:00Z,30612.16,30614.53,30592.09,30597.21
2026-09-25T18:50:00Z,2026-09-25T18:55:00Z,30597.13,30599.63,30585.94,30587.25
2026-09-25T18:55:00Z,2026-09-25T19:00:00Z,30587.29,30593.13,30579.25,30580.81
2026-09-25T19:00:00Z,2026-09-25T19:05:00Z,30580.88,30596.5,30575.23,30592.65
2026-09-25T19:05:00Z,2026-09-25T19:10:00Z,30592.69,30603.79,30588.75,30599.24
2026-09-25T19:10:00Z,2026-09-25T19:15:00Z,30599.25,30611.98,30594.48,30610.9
2026-09-25T19:15:00Z,2026-09-25T19:20:00Z,30610.83,30615.54,30598,30598.03
2026-09-25T19:20:00Z,2026-09-25T19:25:00Z,30598.04,30602.25,30582.96,30591.15
2026-09-25T19:25:00Z,2026-09-25T19:30:00Z,30591.21,30592.23,30571.44,30577.33
2026-09-25T19:30:00Z,2026-09-25T19:35:00Z,30577.73,30582.39,30564.29,30564.43
2026-09-25T19:35:00Z,2026-09-25T19:40:00Z,30564.42,30594.25,30557.1,30592.04
2026-09-25T19:40:00Z,2026-09-25T19:45:00Z,30592.06,30611.69,30584.29,30603.63
2026-09-25T19:45:00Z,2026-09-25T19:50:00Z,30603.6,30630.65,30603.6,30620.54
2026-09-25T19:50:00Z,2026-09-25T19:55:00Z,30620.46,30647.06,30620.46,30623.21
2026-09-25T19:55:00Z,2026-09-25T20:00:00Z,30623.28,30630.37,30595.98,30603.5
2026-09-25T20:00:00Z,2026-09-25T20:05:00Z,30603.17,30610.79,30592.73,30607.91
2026-09-25T20:05:00Z,2026-09-25T20:10:00Z,30607.88,30616.03,30601.04,30609.29
2026-09-25T20:10:00Z,2026-09-25T20:15:00Z,30609.25,30611.54,30602.81,30603.75
2026-09-25T20:15:00Z,2026-09-25T20:20:00Z,30603.71,30605.03,30597,30601.5
2026-09-25T20:20:00Z,2026-09-25T20:25:00Z,30601.62,30602.83,30595.96,30600.33
2026-09-25T20:25:00Z,2026-09-25T20:30:00Z,30600.35,30611.81,30599.06,30610.38
2026-09-25T20:30:00Z,2026-09-25T20:35:00Z,30610.44,30626.24,30609.29,30625.5
2026-09-25T20:35:00Z,2026-09-25T20:40:00Z,30625.51,30630.38,30622.58,30623.56
2026-09-25T20:40:00Z,2026-09-25T20:45:00Z,30623.5,30628.96,30622.23,30627.75
2026-09-27T22:00:00Z,2026-09-27T22:05:00Z,30627.75,30637.37,30534.12,30563.5
2026-09-27T22:05:00Z,2026-09-27T22:10:00Z,30563.37,30581.1,30551.5,30561
2026-09-27T22:10:00Z,2026-09-27T22:15:00Z,30560.87,30567.87,30533.52,30537.75
2026-09-27T22:15:00Z,2026-09-27T22:20:00Z,30537.62,30549.37,30533.47,30536.5
2026-09-27T22:20:00Z,2026-09-27T22:25:00Z,30536.57,30543.67,30512.69,30540.87
2026-09-27T22:25:00Z,2026-09-27T22:30:00Z,30541,30559.48,30539.25,30541.12
2026-09-27T22:30:00Z,2026-09-27T22:35:00Z,30541,30541,30517.91,30520.37
2026-09-27T22:35:00Z,2026-09-27T22:40:00Z,30520.5,30526.25,30517.8,30526
2026-09-27T22:40:00Z,2026-09-27T22:45:00Z,30525.91,30526.5,30520.16,30524.37
2026-09-27T22:45:00Z,2026-09-27T22:50:00Z,30524.15,30524.62,30510.46,30511.75
2026-09-27T22:50:00Z,2026-09-27T22:55:00Z,30511.62,30513.67,30501.12,30503.25
2026-09-27T22:55:00Z,2026-09-27T23:00:00Z,30503.23,30509.12,30502.27,30508.75
2026-09-27T23:00:00Z,2026-09-27T23:05:00Z,30508.77,30514.12,30501.12,30510.87
2026-09-27T23:05:00Z,2026-09-27T23:10:00Z,30510.73,30521.25,30508.06,30518.62
2026-09-27T23:10:00Z,2026-09-27T23:15:00Z,30518.75,30529.12,30516.98,30526.75
2026-09-27T23:15:00Z,2026-09-27T23:20:00Z,30526.87,30533.5,30522.75,30532.58
2026-09-27T23:20:00Z,2026-09-27T23:25:00Z,30532.56,30544.51,30530.75,30533.93
2026-09-27T23:25:00Z,2026-09-27T23:30:00Z,30533.87,30539.87,30532.66,30536.33
2026-09-27T23:30:00Z,2026-09-27T23:35:00Z,30536.25,30540.08,30519.62,30522.52
2026-09-27T23:35:00Z,2026-09-27T23:40:00Z,30522.62,30534,30519.97,30526.62
2026-09-27T23:40:00Z,2026-09-27T23:45:00Z,30526.75,30531.37,30517.75,30528.62
2026-09-27T23:45:00Z,2026-09-27T23:50:00Z,30528.75,30562.75,30528.62,30554.5
2026-09-27T23:50:00Z,2026-09-27T23:55:00Z,30554.42,30564.95,30537.83,30544.58
2026-09-27T23:55:00Z,2026-09-28T00:00:00Z,30544.62,30566.43,30540.83,30566
2026-09-28T00:00:00Z,2026-09-28T00:05:00Z,30565.91,30602.25,30557.87,30591.25
2026-09-28T00:05:00Z,2026-09-28T00:10:00Z,30591.12,30599.25,30582.37,30597.12
2026-09-28T00:10:00Z,2026-09-28T00:15:00Z,30597.2,30614.12,30594.62,30612.92
2026-09-28T00:15:00Z,2026-09-28T00:20:00Z,30613,30613.33,30594.12,30602.12
2026-09-28T00:20:00Z,2026-09-28T00:25:00Z,30602.18,30615.06,30596.08,30603.62
2026-09-28T00:25:00Z,2026-09-28T00:30:00Z,30603.58,30608,30584.31,30588.5
2026-09-28T00:30:00Z,2026-09-28T00:35:00Z,30588.33,30591.42,30546.41,30559.66
2026-09-28T00:35:00Z,2026-09-28T00:40:00Z,30559.73,30564.12,30543.67,30549.5
2026-09-28T00:40:00Z,2026-09-28T00:45:00Z,30549.52,30550.25,30528.87,30542.75
2026-09-28T00:45:00Z,2026-09-28T00:50:00Z,30542.66,30573.81,30542.16,30547.25
2026-09-28T00:50:00Z,2026-09-28T00:55:00Z,30547.12,30569.75,30539.72,30551.37
2026-09-28T00:55:00Z,2026-09-28T01:00:00Z,30551.48,30554.5,30508.87,30515.19
2026-09-28T01:00:00Z,2026-09-28T01:05:00Z,30515.33,30541.12,30509.08,30541.12
2026-09-28T01:05:00Z,2026-09-28T01:10:00Z,30541.28,30542.25,30504.5,30525.62
2026-09-28T01:10:00Z,2026-09-28T01:15:00Z,30525.5,30530.37,30511.95,30514.87
2026-09-28T01:15:00Z,2026-09-28T01:20:00Z,30514.92,30519.25,30490.37,30500.68
2026-09-28T01:20:00Z,2026-09-28T01:25:00Z,30500.75,30528,30497.25,30504.12
2026-09-28T01:25:00Z,2026-09-28T01:30:00Z,30504.1,30529.62,30501.41,30524
2026-09-28T01:30:00Z,2026-09-28T01:35:00Z,30523.87,30540.03,30522.12,30525.56
2026-09-28T01:35:00Z,2026-09-28T01:40:00Z,30525.62,30530.12,30517.53,30527.56
2026-09-28T01:40:00Z,2026-09-28T01:45:00Z,30527.67,30532.87,30495.87,30499.87
2026-09-28T01:45:00Z,2026-09-28T01:50:00Z,30500,30506.12,30471.5,30476.12
2026-09-28T01:50:00Z,2026-09-28T01:55:00Z,30476.08,30484.05,30460.29,30467.83
2026-09-28T01:55:00Z,2026-09-28T02:00:00Z,30467.87,30483.87,30459.18,30460.17
2026-09-28T02:00:00Z,2026-09-28T02:05:00Z,30460.25,30463.12,30442,30454.43
2026-09-28T02:05:00Z,2026-09-28T02:10:00Z,30454.5,30463.8,30434.37,30460.08
2026-09-28T02:10:00Z,2026-09-28T02:15:00Z,30460,30476.62,30457.5,30468.5
2026-09-28T02:15:00Z,2026-09-28T02:20:00Z,30468.37,30470.33,30437.12,30449.12
2026-09-28T02:20:00Z,2026-09-28T02:25:00Z,30449.25,30449.87,30418.12,30421.87
2026-09-28T02:25:00Z,2026-09-28T02:30:00Z,30422,30452.31,30419.25,30435.37
2026-09-28T02:30:00Z,2026-09-28T02:35:00Z,30435.35,30444,30419.62,30429.12
2026-09-28T02:35:00Z,2026-09-28T02:40:00Z,30429.08,30435.25,30410.31,30414.62
2026-09-28T02:40:00Z,2026-09-28T02:45:00Z,30414.58,30425.19,30409.73,30420.37
2026-09-28T02:45:00Z,2026-09-28T02:50:00Z,30420.33,30422.87,30397.85,30403.37
2026-09-28T02:50:00Z,2026-09-28T02:55:00Z,30403.33,30413.8,30400.06,30407.17
2026-09-28T02:55:00Z,2026-09-28T03:00:00Z,30407.25,30408.25,30385.12,30397
2026-09-28T03:00:00Z,2026-09-28T03:05:00Z,30396.87,30416,30395.5,30408.12
2026-09-28T03:05:00Z,2026-09-28T03:10:00Z,30408.08,30420,30401.75,30413.87
2026-09-28T03:10:00Z,2026-09-28T03:15:00Z,30414,30420.92,30397.33,30397.5
2026-09-28T03:15:00Z,2026-09-28T03:20:00Z,30397.37,30406.16,30390.22,30393.5
2026-09-28T03:20:00Z,2026-09-28T03:25:00Z,30393.62,30402.56,30384.54,30392.5
2026-09-28T03:25:00Z,2026-09-28T03:30:00Z,30392.46,30392.75,30381.06,30381.44
2026-09-28T03:30:00Z,2026-09-28T03:35:00Z,30381.5,30387.47,30370.87,30371.16
2026-09-28T03:35:00Z,2026-09-28T03:40:00Z,30371.12,30383.62,30361.62,30375.83
2026-09-28T03:40:00Z,2026-09-28T03:45:00Z,30375.87,30385.62,30369.19,30384.67
2026-09-28T03:45:00Z,2026-09-28T03:50:00Z,30384.62,30398.12,30378.87,30392.66
2026-09-28T03:50:00Z,2026-09-28T03:55:00Z,30392.62,30393.25,30375.08,30388.75
2026-09-28T03:55:00Z,2026-09-28T04:00:00Z,30388.66,30389.33,30358.81,30365.25
2026-09-28T04:00:00Z,2026-09-28T04:05:00Z,30365.2,30375.66,30355.5,30372.37
2026-09-28T04:05:00Z,2026-09-28T04:10:00Z,30372.31,30386.54,30369.12,30383.78
2026-09-28T04:10:00Z,2026-09-28T04:15:00Z,30383.81,30404.93,30383.67,30401.85
2026-09-28T04:15:00Z,2026-09-28T04:20:00Z,30401.87,30403.87,30389.37,30402.81
2026-09-28T04:20:00Z,2026-09-28T04:25:00Z,30402.75,30413.85,30402,30410
2026-09-28T04:25:00Z,2026-09-28T04:30:00Z,30409.87,30411.49,30393.19,30404.5
2026-09-28T04:30:00Z,2026-09-28T04:35:00Z,30404.37,30406.12,30392.29,30397.16
2026-09-28T04:35:00Z,2026-09-28T04:40:00Z,30397.25,30400.87,30391.08,30397.5
2026-09-28T04:40:00Z,2026-09-28T04:45:00Z,30397.62,30404.83,30396,30400.75
2026-09-28T04:45:00Z,2026-09-28T04:50:00Z,30400.83,30401.12,30385,30391.41
2026-09-28T04:50:00Z,2026-09-28T04:55:00Z,30391.5,30402.56,30391.25,30396.08
2026-09-28T04:55:00Z,2026-09-28T05:00:00Z,30396.12,30402.62,30390.37,30395.37
2026-09-28T05:00:00Z,2026-09-28T05:05:00Z,30395.44,30422.28,30394.62,30411
2026-09-28T05:05:00Z,2026-09-28T05:10:00Z,30411.12,30413.25,30392.25,30394.75
2026-09-28T05:10:00Z,2026-09-28T05:15:00Z,30394.62,30399.62,30376.25,30386.5
2026-09-28T05:15:00Z,2026-09-28T05:20:00Z,30386.37,30395.37,30373.94,30377.5
2026-09-28T05:20:00Z,2026-09-28T05:25:00Z,30377.37,30382.75,30369.5,30377.37
2026-09-28T05:25:00Z,2026-09-28T05:30:00Z,30377.41,30392.76,30373,30381.25
2026-09-28T05:30:00Z,2026-09-28T05:35:00Z,30381.17,30386.37,30364.67,30371
2026-09-28T05:35:00Z,2026-09-28T05:40:00Z,30371.12,30384.81,30355.17,30360.25
2026-09-28T05:40:00Z,2026-09-28T05:45:00Z,30360.17,30364.75,30347.52,30358.33
2026-09-28T05:45:00Z,2026-09-28T05:50:00Z,30358.37,30372.71,30356.37,30366.25
2026-09-28T05:50:00Z,2026-09-28T05:55:00Z,30366.37,30378.12,30351.33,30359
2026-09-28T05:55:00Z,2026-09-28T06:00:00Z,30359.12,30374.31,30355.62,30366.83
2026-09-28T06:00:00Z,2026-09-28T06:05:00Z,30366.87,30388.12,30352.62,30353.58
2026-09-28T06:05:00Z,2026-09-28T06:10:00Z,30353.43,30383.41,30345.5,30375.5
2026-09-28T06:10:00Z,2026-09-28T06:15:00Z,30375.62,30396.18,30349.22,30351.37
2026-09-28T06:15:00Z,2026-09-28T06:20:00Z,30351.33,30355,30323.04,30324.5
2026-09-28T06:20:00Z,2026-09-28T06:25:00Z,30324.69,30328.87,30313.12,30314.37
2026-09-28T06:25:00Z,2026-09-28T06:30:00Z,30314.37,30317.83,30300.16,30308.12
2026-09-28T06:30:00Z,2026-09-28T06:35:00Z,30308.25,30332.81,30298,30320.12
2026-09-28T06:35:00Z,2026-09-28T06:40:00Z,30320.28,30347.03,30319.08,30344.62
2026-09-28T06:40:00Z,2026-09-28T06:45:00Z,30344.5,30354.42,30328.33,30328.83
2026-09-28T06:45:00Z,2026-09-28T06:50:00Z,30328.75,30343.41,30327.08,30340.5
2026-09-28T06:50:00Z,2026-09-28T06:55:00Z,30340.58,30357.62,30329.37,30339.62
2026-09-28T06:55:00Z,2026-09-28T07:00:00Z,30339.5,30365.75,30334.41,30362.87
2026-09-28T07:00:00Z,2026-09-28T07:05:00Z,30362.81,30363,30321.37,30340.25
2026-09-28T07:05:00Z,2026-09-28T07:10:00Z,30340.37,30344.87,30325.08,30334.75
2026-09-28T07:10:00Z,2026-09-28T07:15:00Z,30334.62,30341.25,30307.62,30312.45
2026-09-28T07:15:00Z,2026-09-28T07:20:00Z,30312.5,30326.53,30306.37,30323.5
2026-09-28T07:20:00Z,2026-09-28T07:25:00Z,30323.37,30332.62,30306.37,30323.47
2026-09-28T07:25:00Z,2026-09-28T07:30:00Z,30323.43,30334.5,30305.43,30312.41
2026-09-28T07:30:00Z,2026-09-28T07:35:00Z,30312.5,30318.68,30303.25,30313.62
2026-09-28T07:35:00Z,2026-09-28T07:40:00Z,30313.5,30323,30293.55,30306.87
2026-09-28T07:40:00Z,2026-09-28T07:45:00Z,30306.93,30330.31,30289,30295.75
2026-09-28T07:45:00Z,2026-09-28T07:50:00Z,30295.87,30334.25,30294.75,30329.5
2026-09-28T07:50:00Z,2026-09-28T07:55:00Z,30329.62,30338.37,30308.83,30337.62
2026-09-28T07:55:00Z,2026-09-28T08:00:00Z,30337.58,30346.06,30320.25,30327.62
2026-09-28T08:00:00Z,2026-09-28T08:05:00Z,30327.5,30336.45,30306.25,30327.91
2026-09-28T08:05:00Z,2026-09-28T08:10:00Z,30327.91,30337.83,30309.91,30329.62
2026-09-28T08:10:00Z,2026-09-28T08:15:00Z,30329.47,30353.5,30318.37,30350.66
2026-09-28T08:15:00Z,2026-09-28T08:20:00Z,30350.62,30356.87,30325.17,30329.33
2026-09-28T08:20:00Z,2026-09-28T08:25:00Z,30329.18,30333.25,30309.37,30317.12
2026-09-28T08:25:00Z,2026-09-28T08:30:00Z,30317.17,30340.91,30316.33,30339.42
2026-09-28T08:30:00Z,2026-09-28T08:35:00Z,30339.5,30347.31,30321.97,30326.5
2026-09-28T08:35:00Z,2026-09-28T08:40:00Z,30326.62,30329.87,30288.2,30300.62
2026-09-28T08:40:00Z,2026-09-28T08:45:00Z,30300.56,30316,30298.42,30306.37
2026-09-28T08:45:00Z,2026-09-28T08:50:00Z,30306.33,30314.37,30292.58,30306.62
2026-09-28T08:50:00Z,2026-09-28T08:55:00Z,30306.66,30316.75,30293.43,30298.83
2026-09-28T08:55:00Z,2026-09-28T09:00:00Z,30298.75,30307.87,30295.43,30296.19
2026-09-28T09:00:00Z,2026-09-28T09:05:00Z,30296.12,30323.25,30280.58,30283.41
2026-09-28T09:05:00Z,2026-09-28T09:10:00Z,30283.37,30291,30266.25,30267.41
2026-09-28T09:10:00Z,2026-09-28T09:15:00Z,30267.37,30269.12,30253.89,30261.12
2026-09-28T09:15:00Z,2026-09-28T09:20:00Z,30261.17,30291.42,30252.75,30289.12
2026-09-28T09:20:00Z,2026-09-28T09:25:00Z,30289.25,30307.94,30287.06,30296.41
2026-09-28T09:25:00Z,2026-09-28T09:30:00Z,30296.37,30305.75,30283.5,30305.16
2026-09-28T09:30:00Z,2026-09-28T09:35:00Z,30305.12,30309,30276.75,30277.18
2026-09-28T09:35:00Z,2026-09-28T09:40:00Z,30277.12,30301,30276.08,30287.87
2026-09-28T09:40:00Z,2026-09-28T09:45:00Z,30287.91,30311.67,30286.81,30310.19
2026-09-28T09:45:00Z,2026-09-28T09:50:00Z,30310.33,30318.75,30306.75,30316.75
2026-09-28T09:50:00Z,2026-09-28T09:55:00Z,30316.81,30324.25,30309.17,30311.12
2026-09-28T09:55:00Z,2026-09-28T10:00:00Z,30311.08,30315.5,30299.97,30309.12
2026-09-28T10:00:00Z,2026-09-28T10:05:00Z,30309,30323.75,30306.25,30321.75
2026-09-28T10:05:00Z,2026-09-28T10:10:00Z,30321.87,30322.87,30280.81,30284
2026-09-28T10:10:00Z,2026-09-28T10:15:00Z,30284.12,30298.52,30265.87,30284.58
2026-09-28T10:15:00Z,2026-09-28T10:20:00Z,30284.62,30296.43,30281.2,30281.2
2026-09-28T10:20:00Z,2026-09-28T10:25:00Z,30281.25,30295.25,30281.12,30286.08
2026-09-28T10:25:00Z,2026-09-28T10:30:00Z,30286.12,30293.62,30276.56,30293.62
2026-09-28T10:30:00Z,2026-09-28T10:35:00Z,30293.56,30297.96,30278.7,30294.92
2026-09-28T10:35:00Z,2026-09-28T10:40:00Z,30295,30301,30283.12,30289.62
2026-09-28T10:40:00Z,2026-09-28T10:45:00Z,30289.58,30302,30288.12,30293.21
2026-09-28T10:45:00Z,2026-09-28T10:50:00Z,30293.05,30305.87,30291.33,30302.25
2026-09-28T10:50:00Z,2026-09-28T10:55:00Z,30302.33,30332.83,30298.87,30317.72
2026-09-28T10:55:00Z,2026-09-28T11:00:00Z,30317.75,30318.69,30300.37,30302.12
2026-09-28T11:00:00Z,2026-09-28T11:05:00Z,30302.17,30357.62,30302.17,30331.12
2026-09-28T11:05:00Z,2026-09-28T11:10:00Z,30331,30334.37,30305.25,30327.12
2026-09-28T11:10:00Z,2026-09-28T11:15:00Z,30327.25,30327.62,30304.66,30309.62
2026-09-28T11:15:00Z,2026-09-28T11:20:00Z,30309.68,30346.25,30305.37,30308.75
2026-09-28T11:20:00Z,2026-09-28T11:25:00Z,30308.62,30356.43,30305.37,30355.81
2026-09-28T11:25:00Z,2026-09-28T11:30:00Z,30355.87,30359.51,30348.87,30358.87
2026-09-28T11:30:00Z,2026-09-28T11:35:00Z,30358.91,30361.37,30336.06,30354
2026-09-28T11:35:00Z,2026-09-28T11:40:00Z,30354.12,30359.75,30346.58,30352.87
2026-09-28T11:40:00Z,2026-09-28T11:45:00Z,30352.78,30360.84,30344.56,30360.84
2026-09-28T11:45:00Z,2026-09-28T11:50:00Z,30361,30365.75,30350.06,30355.62
2026-09-28T11:50:00Z,2026-09-28T11:55:00Z,30355.75,30361.62,30341.69,30345.75
2026-09-28T11:55:00Z,2026-09-28T12:00:00Z,30345.87,30361.5,30344.53,30356.87
2026-09-28T12:00:00Z,2026-09-28T12:05:00Z,30357,30403.75,30329.17,30399
2026-09-28T12:05:00Z,2026-09-28T12:10:00Z,30399.12,30428.92,30395.48,30415.37
2026-09-28T12:10:00Z,2026-09-28T12:15:00Z,30415.33,30435.31,30402.62,30420.25
2026-09-28T12:15:00Z,2026-09-28T12:20:00Z,30420.12,30444.35,30416.62,30441.12
2026-09-28T12:20:00Z,2026-09-28T12:25:00Z,30441.16,30452.19,30405.58,30422.67
2026-09-28T12:25:00Z,2026-09-28T12:30:00Z,30422.81,30445.75,30410.5,30411.37
2026-09-28T12:30:00Z,2026-09-28T12:35:00Z,30411.25,30433.75,30408.79,30432.75
2026-09-28T12:35:00Z,2026-09-28T12:40:00Z,30432.62,30434.41,30416.12,30428.62
2026-09-28T12:40:00Z,2026-09-28T12:45:00Z,30428.5,30444.62,30411,30444.62
2026-09-28T12:45:00Z,2026-09-28T12:50:00Z,30444.69,30460.19,30437.62,30444.51
2026-09-28T12:50:00Z,2026-09-28T12:55:00Z,30444.5,30463.53,30438.75,30458.18
2026-09-28T12:55:00Z,2026-09-28T13:00:00Z,30458.12,30470.37,30439.66,30456.43
2026-09-28T13:00:00Z,2026-09-28T13:05:00Z,30456.5,30457.12,30416.44,30416.87
2026-09-28T13:05:00Z,2026-09-28T13:10:00Z,30417,30429.96,30414.42,30424.87
2026-09-28T13:10:00Z,2026-09-28T13:15:00Z,30425,30434.62,30419.29,30425.53
2026-09-28T13:15:00Z,2026-09-28T13:20:00Z,30425.56,30433.31,30408.22,30416.75
2026-09-28T13:20:00Z,2026-09-28T13:25:00Z,30416.87,30424.96,30410,30415.06
2026-09-28T13:25:00Z,2026-09-28T13:30:00Z,30415.12,30441.5,30414.37,30434.69
2026-09-28T13:30:00Z,2026-09-28T13:35:00Z,30434.78,30476,30391.44,30394.29
2026-09-28T13:35:00Z,2026-09-28T13:40:00Z,30394.25,30396.04,30334.73,30360.72
2026-09-28T13:40:00Z,2026-09-28T13:45:00Z,30360.66,30375.5,30318.75,30329.16
2026-09-28T13:45:00Z,2026-09-28T13:50:00Z,30329.44,30366.56,30309.69,30345.5
2026-09-28T13:50:00Z,2026-09-28T13:55:00Z,30345.5,30383.28,30300.12,30369.18
2026-09-28T13:55:00Z,2026-09-28T14:00:00Z,30369.29,30385.53,30343.46,30368.03
2026-09-28T14:00:00Z,2026-09-28T14:05:00Z,30367.94,30375.21,30310.62,30312.91
2026-09-28T14:05:00Z,2026-09-28T14:10:00Z,30312.91,30315.25,30280.34,30280.62
2026-09-28T14:10:00Z,2026-09-28T14:15:00Z,30280.37,30280.37,30224.49,30238.5
2026-09-28T14:15:00Z,2026-09-28T14:20:00Z,30238.54,30294.74,30237.71,30287.81
2026-09-28T14:20:00Z,2026-09-28T14:25:00Z,30287.93,30317.84,30270.81,30303.78
2026-09-28T14:25:00Z,2026-09-28T14:30:00Z,30303.79,30306.88,30258.97,30264.29
2026-09-28T14:30:00Z,2026-09-28T14:35:00Z,30264.5,30280.35,30255.08,30263.29
2026-09-28T14:35:00Z,2026-09-28T14:40:00Z,30263.34,30268.31,30206.66,30216.53
2026-09-28T14:40:00Z,2026-09-28T14:45:00Z,30216.5,30228.56,30142.43,30145.44
2026-09-28T14:45:00Z,2026-09-28T14:50:00Z,30145.53,30151,30073.79,30103.57
2026-09-28T14:50:00Z,2026-09-28T14:55:00Z,30103.54,30131.5,30090.71,30096.69
2026-09-28T14:55:00Z,2026-09-28T15:00:00Z,30096.75,30137.6,30088.36,30126.56
2026-09-28T15:00:00Z,2026-09-28T15:05:00Z,30126.71,30163,30122.25,30158.29
2026-09-28T15:05:00Z,2026-09-28T15:10:00Z,30158.34,30209.21,30145.75,30208.53
2026-09-28T15:10:00Z,2026-09-28T15:15:00Z,30208.56,30219.55,30191.81,30199.19
2026-09-28T15:15:00Z,2026-09-28T15:20:00Z,30199.16,30200.75,30164.93,30182.46
2026-09-28T15:20:00Z,2026-09-28T15:25:00Z,30182.38,30187.79,30174.29,30180.03
2026-09-23T01:00:00Z,2026-09-23T01:05:00Z,30729.85,30733.31,30722.12,30729.06
2026-09-23T01:05:00Z,2026-09-23T01:10:00Z,30729.12,30744.75,30727.31,30737.5
2026-09-23T01:10:00Z,2026-09-23T01:15:00Z,30737.62,30737.97,30724.75,30733.5
2026-09-23T01:15:00Z,2026-09-23T01:20:00Z,30733.37,30743.21,30726.06,30742.69
2026-09-23T01:20:00Z,2026-09-23T01:25:00Z,30742.75,30753,30737.68,30752
2026-09-23T01:25:00Z,2026-09-23T01:30:00Z,30751.31,30764.06,30748,30760.06
2026-09-23T01:30:00Z,2026-09-23T01:35:00Z,30760,30764.52,30731.12,30738.5
2026-09-23T01:35:00Z,2026-09-23T01:40:00Z,30738.62,30741,30729.18,30733.37
2026-09-23T01:40:00Z,2026-09-23T01:45:00Z,30733.5,30734.68,30719.17,30721
2026-09-23T01:45:00Z,2026-09-23T01:50:00Z,30720.91,30729.94,30719.29,30722.18
2026-09-23T01:50:00Z,2026-09-23T01:55:00Z,30722.25,30726.46,30717.66,30723.62
2026-09-23T01:55:00Z,2026-09-23T02:00:00Z,30723.75,30727.17,30719.1,30722.66
2026-09-23T02:00:00Z,2026-09-23T02:05:00Z,30722.75,30728.06,30713.52,30721.93
2026-09-23T02:05:00Z,2026-09-23T02:10:00Z,30721.87,30724.37,30710.81,30711.87
2026-09-23T02:10:00Z,2026-09-23T02:15:00Z,30711.81,30712.83,30704.25,30708.5
2026-09-23T02:15:00Z,2026-09-23T02:20:00Z,30708.62,30719,30690.56,30708
2026-09-23T02:20:00Z,2026-09-23T02:25:00Z,30708.03,30723.87,30706.53,30718.37
2026-09-23T02:25:00Z,2026-09-23T02:30:00Z,30718.25,30727.12,30716.87,30719.37
2026-09-23T02:30:00Z,2026-09-23T02:35:00Z,30719.33,30723.28,30712,30716.33
2026-09-23T02:35:00Z,2026-09-23T02:40:00Z,30716.37,30719.12,30707.97,30709.19
2026-09-23T02:40:00Z,2026-09-23T02:45:00Z,30709.45,30714.5,30706.81,30708.67
2026-09-23T02:45:00Z,2026-09-23T02:50:00Z,30708.62,30720.5,30708.37,30716.6
2026-09-23T02:50:00Z,2026-09-23T02:55:00Z,30716.81,30718.28,30712.81,30717.94
2026-09-23T02:55:00Z,2026-09-23T03:00:00Z,30718,30718.62,30713.87,30715.31
2026-09-23T03:00:00Z,2026-09-23T03:05:00Z,30715.25,30715.79,30708.06,30710.69
2026-09-23T03:05:00Z,2026-09-23T03:10:00Z,30710.62,30713.09,30706.6,30709
2026-09-23T03:10:00Z,2026-09-23T03:15:00Z,30709.06,30714.75,30708.06,30712.87
2026-09-23T03:15:00Z,2026-09-23T03:20:00Z,30712.92,30714.37,30699.16,30703.79
2026-09-23T03:20:00Z,2026-09-23T03:25:00Z,30703.87,30718.67,30703.37,30714.31
2026-09-23T03:25:00Z,2026-09-23T03:30:00Z,30714.28,30721.29,30706.56,30707
2026-09-23T03:30:00Z,2026-09-23T03:35:00Z,30706.83,30720.87,30706.78,30720.87
2026-09-23T03:35:00Z,2026-09-23T03:40:00Z,30721,30721.85,30715.87,30718.62
2026-09-23T03:40:00Z,2026-09-23T03:45:00Z,30718.5,30733.2,30717.28,30726.5
2026-09-23T03:45:00Z,2026-09-23T03:50:00Z,30726.53,30730.31,30725.12,30727.06
2026-09-23T03:50:00Z,2026-09-23T03:55:00Z,30727,30732.21,30725.12,30732.21
2026-09-23T03:55:00Z,2026-09-23T04:00:00Z,30732.06,30732.29,30719.34,30720.19
2026-09-23T04:00:00Z,2026-09-23T04:05:00Z,30720.33,30731.79,30718.03,30731.31
2026-09-23T04:05:00Z,2026-09-23T04:10:00Z,30731.25,30741.69,30730.62,30738.81
2026-09-23T04:10:00Z,2026-09-23T04:15:00Z,30738.79,30741.01,30733.41,30738.37
2026-09-23T04:15:00Z,2026-09-23T04:20:00Z,30738.42,30744.22,30736.94,30744.22
2026-09-23T04:20:00Z,2026-09-23T04:25:00Z,30744.25,30751.69,30742.37,30747.19
2026-09-23T04:25:00Z,2026-09-23T04:30:00Z,30747.25,30750.5,30743.46,30746.31
2026-09-23T04:30:00Z,2026-09-23T04:35:00Z,30746.25,30755.1,30745.47,30752.75
2026-09-23T04:35:00Z,2026-09-23T04:40:00Z,30752.87,30758.97,30748.12,30750.79
2026-09-23T04:40:00Z,2026-09-23T04:45:00Z,30750.79,30757.56,30748.5,30755.87
2026-09-23T04:45:00Z,2026-09-23T04:50:00Z,30755.87,30758.58,30753.5,30756.62
2026-09-23T04:50:00Z,2026-09-23T04:55:00Z,30756.75,30757.56,30745.29,30747.12
2026-09-23T04:55:00Z,2026-09-23T05:00:00Z,30747,30749.12,30738.41,30742.25
2026-09-23T05:00:00Z,2026-09-23T05:05:00Z,30742.12,30744.25,30729.25,30735.62
2026-09-23T05:05:00Z,2026-09-23T05:10:00Z,30735.55,30740.94,30729.94,30739.62
2026-09-23T05:10:00Z,2026-09-23T05:15:00Z,30739.58,30746.06,30735.87,30740.25
2026-09-23T05:15:00Z,2026-09-23T05:20:00Z,30740.12,30749.75,30736.5,30738.93
2026-09-23T05:20:00Z,2026-09-23T05:25:00Z,30738.87,30738.87,30725.87,30728.37
2026-09-23T05:25:00Z,2026-09-23T05:30:00Z,30728.25,30743.75,30727.62,30741.37
2026-09-23T05:30:00Z,2026-09-23T05:35:00Z,30741.25,30745.45,30730.62,30733.62
2026-09-23T05:35:00Z,2026-09-23T05:40:00Z,30733.5,30743.69,30731.94,30740.25
2026-09-23T05:40:00Z,2026-09-23T05:45:00Z,30740.31,30746.62,30728.15,30735.62
2026-09-23T05:45:00Z,2026-09-23T05:50:00Z,30735.25,30749.19,30733.96,30735.92
2026-09-23T05:50:00Z,2026-09-23T05:55:00Z,30736.06,30751.31,30735.43,30745.68
2026-09-23T05:55:00Z,2026-09-23T06:00:00Z,30745.75,30747.62,30734.75,30735.62
2026-09-23T06:00:00Z,2026-09-23T06:05:00Z,30736,30759.31,30735.12,30750.62
2026-09-23T06:05:00Z,2026-09-23T06:10:00Z,30750.69,30761.33,30744.62,30747.12
2026-09-23T06:10:00Z,2026-09-23T06:15:00Z,30747.28,30764.83,30747.25,30764.66
2026-09-23T06:15:00Z,2026-09-23T06:20:00Z,30764.69,30765.41,30758.56,30762.53
2026-09-23T06:20:00Z,2026-09-23T06:25:00Z,30762.5,30764.69,30746.37,30757.37
2026-09-23T06:25:00Z,2026-09-23T06:30:00Z,30757.41,30768.44,30756.25,30763.87
2026-09-23T06:30:00Z,2026-09-23T06:35:00Z,30763.94,30788.37,30762.67,30787.81
2026-09-23T06:35:00Z,2026-09-23T06:40:00Z,30787.96,30801.63,30785.37,30797.62
2026-09-23T06:40:00Z,2026-09-23T06:45:00Z,30797.68,30798.25,30781.25,30789.93
2026-09-23T06:45:00Z,2026-09-23T06:50:00Z,30789.87,30789.93,30764.41,30787.12
2026-09-23T06:50:00Z,2026-09-23T06:55:00Z,30787,30787.87,30769.55,30770.87
2026-09-23T06:55:00Z,2026-09-23T07:00:00Z,30770.91,30771.87,30755.37,30757.06
2026-09-23T07:00:00Z,2026-09-23T07:05:00Z,30756.91,30762.12,30751.69,30759.37
2026-09-23T07:05:00Z,2026-09-23T07:10:00Z,30759.42,30760.12,30736.43,30738.08
2026-09-23T07:10:00Z,2026-09-23T07:15:00Z,30738,30754.37,30735.68,30752.37
2026-09-23T07:15:00Z,2026-09-23T07:20:00Z,30752.33,30755.19,30737.44,30742.87
2026-09-23T07:20:00Z,2026-09-23T07:25:00Z,30742.91,30747.31,30737.83,30742.62
2026-09-23T07:25:00Z,2026-09-23T07:30:00Z,30742.5,30759.49,30741.12,30759
2026-09-23T07:30:00Z,2026-09-23T07:35:00Z,30759.37,30768.59,30742.81,30746.87
2026-09-23T07:35:00Z,2026-09-23T07:40:00Z,30746.94,30761.81,30745,30748.22
2026-09-23T07:40:00Z,2026-09-23T07:45:00Z,30748.16,30757.46,30742.62,30744.34
2026-09-23T07:45:00Z,2026-09-23T07:50:00Z,30744.31,30752.12,30739.25,30750.43
2026-09-23T07:50:00Z,2026-09-23T07:55:00Z,30750.5,30756.12,30735.5,30737.87
2026-09-23T07:55:00Z,2026-09-23T08:00:00Z,30737.81,30745.98,30735.53,30741.62
2026-09-23T08:00:00Z,2026-09-23T08:05:00Z,30741.5,30754.01,30724.97,30726.12
2026-09-23T08:05:00Z,2026-09-23T08:10:00Z,30726.16,30747.72,30722.75,30743
2026-09-23T08:10:00Z,2026-09-23T08:15:00Z,30743.12,30750.71,30738.87,30746.12
2026-09-23T08:15:00Z,2026-09-23T08:20:00Z,30746,30750.87,30735.12,30748.37
2026-09-23T08:20:00Z,2026-09-23T08:25:00Z,30748.43,30758.5,30747.12,30756.62
2026-09-23T08:25:00Z,2026-09-23T08:30:00Z,30756.75,30758.37,30744.31,30746.42
2026-09-23T08:30:00Z,2026-09-23T08:35:00Z,30746.37,30752.66,30741.98,30742.5
2026-09-23T08:35:00Z,2026-09-23T08:40:00Z,30742.37,30744.12,30720.81,30728.87
2026-09-23T08:40:00Z,2026-09-23T08:45:00Z,30728.83,30731,30716.37,30721.28
2026-09-23T08:45:00Z,2026-09-23T08:50:00Z,30721.25,30724.93,30715.06,30723.76
2026-09-23T08:50:00Z,2026-09-23T08:55:00Z,30723.78,30724.37,30711.31,30717.62
2026-09-23T08:55:00Z,2026-09-23T09:00:00Z,30717.66,30728.37,30715.58,30723
2026-09-23T09:00:00Z,2026-09-23T09:05:00Z,30723.06,30733.19,30714.25,30717.62
2026-09-23T09:05:00Z,2026-09-23T09:10:00Z,30717.37,30734.37,30715.53,30732.62
2026-09-23T09:10:00Z,2026-09-23T09:15:00Z,30732.58,30733.12,30721.09,30724.06
2026-09-23T09:15:00Z,2026-09-23T09:20:00Z,30724.12,30728.5,30716.62,30727.62
2026-09-23T09:20:00Z,2026-09-23T09:25:00Z,30727.56,30738.47,30723.12,30737.5
2026-09-23T09:25:00Z,2026-09-23T09:30:00Z,30737.41,30741.25,30730.62,30731.31
2026-09-23T09:30:00Z,2026-09-23T09:35:00Z,30731.37,30740.28,30729.71,30733.37
2026-09-23T09:35:00Z,2026-09-23T09:40:00Z,30733.25,30740.66,30729.79,30732.62
2026-09-23T09:40:00Z,2026-09-23T09:45:00Z,30732.75,30734.26,30725.56,30726.12
2026-09-23T09:45:00Z,2026-09-23T09:50:00Z,30726.08,30726.08,30704.78,30713.12
2026-09-23T09:50:00Z,2026-09-23T09:55:00Z,30713.16,30723.83,30709.62,30721.45
2026-09-23T09:55:00Z,2026-09-23T10:00:00Z,30721.31,30722.62,30713.94,30719.46
2026-09-23T10:00:00Z,2026-09-23T10:05:00Z,30719.5,30730.75,30716.86,30727.42
2026-09-23T10:05:00Z,2026-09-23T10:10:00Z,30727.56,30734.12,30725.44,30731.5
2026-09-23T10:10:00Z,2026-09-23T10:15:00Z,30731.37,30738.75,30725.94,30736.37
2026-09-23T10:15:00Z,2026-09-23T10:20:00Z,30736.31,30745.18,30735.37,30744.47
2026-09-23T10:20:00Z,2026-09-23T10:25:00Z,30744.5,30744.69,30727.85,30733.16
2026-09-23T10:25:00Z,2026-09-23T10:30:00Z,30733.21,30740.62,30730.37,30740.44
2026-09-23T10:30:00Z,2026-09-23T10:35:00Z,30740.29,30742.72,30729.25,30729.5
2026-09-23T10:35:00Z,2026-09-23T10:40:00Z,30729.56,30738.12,30722.5,30736.58
2026-09-23T10:40:00Z,2026-09-23T10:45:00Z,30736.62,30736.68,30723.25,30728.37
2026-09-23T10:45:00Z,2026-09-23T10:50:00Z,30728.5,30729.12,30719.56,30725.94
2026-09-23T10:50:00Z,2026-09-23T10:55:00Z,30726,30734.5,30720.91,30732.55
2026-09-23T10:55:00Z,2026-09-23T11:00:00Z,30732.5,30739.71,30732.31,30735
2026-09-23T11:00:00Z,2026-09-23T11:05:00Z,30735.53,30736.12,30711.06,30713.69
2026-09-23T11:05:00Z,2026-09-23T11:10:00Z,30713.72,30713.72,30700.29,30708.31
2026-09-23T11:10:00Z,2026-09-23T11:15:00Z,30708.25,30713.5,30703.62,30708.91
2026-09-23T11:15:00Z,2026-09-23T11:20:00Z,30709,30718.25,30699.23,30701.12
2026-09-23T11:20:00Z,2026-09-23T11:25:00Z,30701.28,30702.25,30664.62,30669.37
2026-09-23T11:25:00Z,2026-09-23T11:30:00Z,30669.43,30676.31,30657.5,30659.37
2026-09-23T11:30:00Z,2026-09-23T11:35:00Z,30659.87,30661.43,30640.06,30643.12
2026-09-23T11:35:00Z,2026-09-23T11:40:00Z,30643.19,30644.58,30621.56,30636.31
2026-09-23T11:40:00Z,2026-09-23T11:45:00Z,30636.43,30639.75,30618.34,30633.19
2026-09-23T11:45:00Z,2026-09-23T11:50:00Z,30633.12,30666.71,30632.34,30662.6
2026-09-23T11:50:00Z,2026-09-23T11:55:00Z,30662.62,30663.19,30650.87,30657.62
2026-09-23T11:55:00Z,2026-09-23T12:00:00Z,30657.5,30670.19,30653.94,30666.16
2026-09-23T12:00:00Z,2026-09-23T12:05:00Z,30666.12,30672.54,30645.98,30648.37
2026-09-23T12:05:00Z,2026-09-23T12:10:00Z,30648.33,30659.75,30643.12,30650.5
2026-09-23T12:10:00Z,2026-09-23T12:15:00Z,30650.62,30653.83,30631.81,30638.16
2026-09-23T12:15:00Z,2026-09-23T12:20:00Z,30638.12,30643.47,30627.08,30636.06
2026-09-23T12:20:00Z,2026-09-23T12:25:00Z,30636.12,30656.62,30632.44,30656.25
2026-09-23T12:25:00Z,2026-09-23T12:30:00Z,30656.31,30658.31,30644.87,30654.72
2026-09-23T12:30:00Z,2026-09-23T12:35:00Z,30654.75,30665.09,30651.37,30658.12
2026-09-23T12:35:00Z,2026-09-23T12:40:00Z,30658.25,30664.75,30652.7,30663
2026-09-23T12:40:00Z,2026-09-23T12:45:00Z,30663.12,30668.38,30655.71,30655.96
2026-09-23T12:45:00Z,2026-09-23T12:50:00Z,30655.88,30673.16,30654.71,30663.22
2026-09-23T12:50:00Z,2026-09-23T12:55:00Z,30663.25,30667,30658.79,30662.75
2026-09-23T12:55:00Z,2026-09-23T13:00:00Z,30662.81,30677.03,30655.12,30674.72
2026-09-23T13:00:00Z,2026-09-23T13:05:00Z,30674.69,30677.53,30656.31,30659.69
2026-09-23T13:05:00Z,2026-09-23T13:10:00Z,30659.75,30662.69,30651.21,30656
2026-09-23T13:10:00Z,2026-09-23T13:15:00Z,30656.04,30672.42,30653.91,30669.54
2026-09-23T13:15:00Z,2026-09-23T13:20:00Z,30669.5,30680.6,30668.41,30675.04
2026-09-23T13:20:00Z,2026-09-23T13:25:00Z,30675.09,30686.48,30673.53,30677.7
2026-09-23T13:25:00Z,2026-09-23T13:30:00Z,30678.18,30713,30677.17,30713
2026-09-23T13:30:00Z,2026-09-23T13:35:00Z,30712.51,30719.62,30633.5,30633.5
2026-09-23T13:35:00Z,2026-09-23T13:40:00Z,30633.48,30663.29,30608.96,30622.12
2026-09-23T13:40:00Z,2026-09-23T13:45:00Z,30621.87,30631.19,30611.87,30618.85
2026-09-23T13:45:00Z,2026-09-23T13:50:00Z,30618.5,30628.87,30568.12,30587.25
2026-09-23T13:50:00Z,2026-09-23T13:55:00Z,30586.84,30594.84,30549.31,30556.15
2026-09-23T13:55:00Z,2026-09-23T14:00:00Z,30556.29,30570,30540.04,30553.79
2026-09-23T14:00:00Z,2026-09-23T14:05:00Z,30553.83,30577.47,30525.96,30538.38
2026-09-23T14:05:00Z,2026-09-23T14:10:00Z,30538.31,30548.2,30473.28,30475.06
2026-09-23T14:10:00Z,2026-09-23T14:15:00Z,30475.23,30479.7,30410.97,30426.5
2026-09-23T14:15:00Z,2026-09-23T14:20:00Z,30426.54,30448.66,30378,30379.46
2026-09-23T14:20:00Z,2026-09-23T14:25:00Z,30379.58,30406.79,30352.14,30380.42
2026-09-23T14:25:00Z,2026-09-23T14:30:00Z,30380.45,30401.44,30350.06,30386.54
2026-09-23T14:30:00Z,2026-09-23T14:35:00Z,30386.69,30429.48,30365.57,30427.16
2026-09-23T14:35:00Z,2026-09-23T14:40:00Z,30427.08,30445.5,30394.25,30404.06
2026-09-23T14:40:00Z,2026-09-23T14:45:00Z,30403.81,30429.51,30397.5,30427
2026-09-23T14:45:00Z,2026-09-23T14:50:00Z,30426.79,30446.29,30425.79,30439.54
2026-09-23T14:50:00Z,2026-09-23T14:55:00Z,30439.5,30531.87,30419.82,30520.23
2026-09-23T14:55:00Z,2026-09-23T15:00:00Z,30520.02,30533.38,30501.03,30528.81
2026-09-23T15:00:00Z,2026-09-23T15:05:00Z,30528.79,30534.3,30501.63,30510.19
2026-09-23T15:05:00Z,2026-09-23T15:10:00Z,30510.17,30520.84,30497.75,30510.78
2026-09-23T15:10:00Z,2026-09-23T15:15:00Z,30510.71,30512.25,30490.2,30494.08
2026-09-23T15:15:00Z,2026-09-23T15:20:00Z,30494.03,30507.18,30463.06,30492.5
2026-09-23T15:20:00Z,2026-09-23T15:25:00Z,30492.62,30524.24,30486.5,30516.19
2026-09-23T15:25:00Z,2026-09-23T15:30:00Z,30516.15,30523.94,30476.27,30479.29
2026-09-23T15:30:00Z,2026-09-23T15:35:00Z,30479.16,30488.81,30470.92,30478.78
2026-09-23T15:35:00Z,2026-09-23T15:40:00Z,30478.76,30484.91,30465.06,30473.79
2026-09-23T15:40:00Z,2026-09-23T15:45:00Z,30473.98,30490.38,30461.54,30486.75
2026-09-23T15:45:00Z,2026-09-23T15:50:00Z,30486.73,30492.58,30439.51,30446.96
2026-09-23T15:50:00Z,2026-09-23T15:55:00Z,30446.98,30460.45,30430.32,30460.43
2026-09-23T15:55:00Z,2026-09-23T16:00:00Z,30461.03,30464.09,30444.21,30453.31
2026-09-23T16:00:00Z,2026-09-23T16:05:00Z,30453.41,30454.75,30434.13,30447.69
2026-09-23T16:05:00Z,2026-09-23T16:10:00Z,30447.75,30457.9,30438.31,30452.1
2026-09-23T16:10:00Z,2026-09-23T16:15:00Z,30452.13,30457.79,30444.95,30452.48
2026-09-23T16:15:00Z,2026-09-23T16:20:00Z,30452.42,30463.13,30433.21,30444.75
2026-09-23T16:20:00Z,2026-09-23T16:25:00Z,30444.73,30445.18,30422.73,30432.71
2026-09-23T16:25:00Z,2026-09-23T16:30:00Z,30432.75,30442.68,30425.63,30430
2026-09-23T16:30:00Z,2026-09-23T16:35:00Z,30430.02,30457.9,30430.02,30448.75
2026-09-23T16:35:00Z,2026-09-23T16:40:00Z,30448.73,30455.78,30431.97,30435.18
2026-09-23T16:40:00Z,2026-09-23T16:45:00Z,30435.08,30436.31,30402.43,30402.5
2026-09-23T16:45:00Z,2026-09-23T16:50:00Z,30402.54,30427.44,30395.02,30402.17
2026-09-23T16:50:00Z,2026-09-23T16:55:00Z,30402.18,30402.67,30375.04,30378.5
2026-09-23T16:55:00Z,2026-09-23T17:00:00Z,30378.6,30402.67,30376.29,30394.42
2026-09-23T17:00:00Z,2026-09-23T17:05:00Z,30394.16,30415.91,30353.42,30365
2026-09-23T17:05:00Z,2026-09-23T17:10:00Z,30365.04,30388.81,30360.74,30383.31
2026-09-23T17:10:00Z,2026-09-23T17:15:00Z,30383.38,30386.31,30363.3,30378.2
2026-09-23T17:15:00Z,2026-09-23T17:20:00Z,30378.25,30431.72,30372.79,30429.71
2026-09-23T17:20:00Z,2026-09-23T17:25:00Z,30429.69,30431.73,30388.4,30389.08
2026-09-23T17:25:00Z,2026-09-23T17:30:00Z,30389.15,30398.04,30382.94,30388.96
2026-09-23T17:30:00Z,2026-09-23T17:35:00Z,30388.91,30409.68,30379.88,30407.56
2026-09-23T17:35:00Z,2026-09-23T17:40:00Z,30407.6,30412.67,30393.49,30403.54
2026-09-23T17:40:00Z,2026-09-23T17:45:00Z,30403.5,30463.21,30392.46,30455.94
2026-09-23T17:45:00Z,2026-09-23T17:50:00Z,30455.96,30470.7,30444.41,30456.69
2026-09-23T17:50:00Z,2026-09-23T17:55:00Z,30456.84,30466.48,30447.28,30458.91
2026-09-23T17:55:00Z,2026-09-23T18:00:00Z,30459.25,30481.25,30455,30477.88
2026-09-23T18:00:00Z,2026-09-23T18:05:00Z,30478.4,30479,30434.81,30437.06
2026-09-23T18:05:00Z,2026-09-23T18:10:00Z,30437.17,30455.13,30433.25,30446.13
2026-09-23T18:10:00Z,2026-09-23T18:15:00Z,30445.79,30454.19,30443.25,30452.4
2026-09-23T18:15:00Z,2026-09-23T18:20:00Z,30452.54,30476.08,30448.53,30466.88
2026-09-23T18:20:00Z,2026-09-23T18:25:00Z,30467.08,30469.75,30453.71,30467.46
2026-09-23T18:25:00Z,2026-09-23T18:30:00Z,30467.44,30471.44,30457.4,30462.58
2026-09-23T18:30:00Z,2026-09-23T18:35:00Z,30462.6,30464.21,30447.44,30454.54
2026-09-23T18:35:00Z,2026-09-23T18:40:00Z,30454.5,30461.29,30434.54,30438.96
2026-09-23T18:40:00Z,2026-09-23T18:45:00Z,30439,30459.04,30439,30454.31
2026-09-23T18:45:00Z,2026-09-23T18:50:00Z,30454.29,30470.4,30448.12,30469.07
2026-09-23T18:50:00Z,2026-09-23T18:55:00Z,30469.08,30475.43,30452.66,30457.07
2026-09-23T18:55:00Z,2026-09-23T19:00:00Z,30457.06,30473.58,30454.83,30469.28
2026-09-23T19:00:00Z,2026-09-23T19:05:00Z,30469.31,30473.83,30449.59,30450.5
2026-09-23T19:05:00Z,2026-09-23T19:10:00Z,30450.5,30489.48,30448.27,30476.54
2026-09-23T19:10:00Z,2026-09-23T19:15:00Z,30476.56,30481.38,30460.53,30469.44
2026-09-23T19:15:00Z,2026-09-23T19:20:00Z,30469.38,30472.31,30448.66,30458.31
2026-09-23T19:20:00Z,2026-09-23T19:25:00Z,30458.15,30458.5,30448.54,30456.73
2026-09-23T19:25:00Z,2026-09-23T19:30:00Z,30456.72,30464.33,30451.79,30460.56
2026-09-23T19:30:00Z,2026-09-23T19:35:00Z,30460.48,30482.1,30454.5,30479.67
2026-09-23T19:35:00Z,2026-09-23T19:40:00Z,30479.63,30479.68,30463.8,30471.34
2026-09-23T19:40:00Z,2026-09-23T19:45:00Z,30471.33,30478.03,30436.23,30453.31
2026-09-23T19:45:00Z,2026-09-23T19:50:00Z,30452.96,30474.5,30449.71,30474.25
2026-09-23T19:50:00Z,2026-09-23T19:55:00Z,30474.14,30474.43,30419.5,30426.6
2026-09-23T19:55:00Z,2026-09-23T20:00:00Z,30426.94,30485.66,30426.64,30482.71
2026-09-23T20:00:00Z,2026-09-23T20:05:00Z,30482.91,30483.41,30465.62,30469.35
2026-09-23T20:05:00Z,2026-09-23T20:10:00Z,30469.19,30471.04,30461.25,30468.25
2026-09-23T20:10:00Z,2026-09-23T20:15:00Z,30468.2,30470.54,30458.79,30459.75
2026-09-23T20:15:00Z,2026-09-23T20:20:00Z,30459.68,30467.16,30457.44,30466.37
2026-09-23T20:20:00Z,2026-09-23T20:25:00Z,30466.41,30471.32,30465.16,30469.91
2026-09-23T20:25:00Z,2026-09-23T20:30:00Z,30469.81,30471.94,30464.75,30470.62
2026-09-23T20:30:00Z,2026-09-23T20:35:00Z,30470.56,30475.5,30467.15,30468.31
2026-09-23T20:35:00Z,2026-09-23T20:40:00Z,30468.46,30479.91,30467.06,30477.91
2026-09-23T20:40:00Z,2026-09-23T20:45:00Z,30477.81,30481.65,30475.63,30481.29
2026-09-23T20:45:00Z,2026-09-23T20:50:00Z,30481.27,30483.72,30475,30475.31
2026-09-23T20:50:00Z,2026-09-23T20:55:00Z,30475.38,30481.41,30475.25,30480.29
2026-09-23T20:55:00Z,2026-09-23T21:00:00Z,30480.37,30483.88,30475,30482.67
2026-09-23T22:00:00Z,2026-09-23T22:05:00Z,30482.67,30513.5,30482.67,30499.97
2026-09-23T22:05:00Z,2026-09-23T22:10:00Z,30499.96,30514.5,30486.82,30512
2026-09-23T22:10:00Z,2026-09-23T22:15:00Z,30512.64,30514.23,30507.62,30512.75
2026-09-23T22:15:00Z,2026-09-23T22:20:00Z,30512.87,30521.12,30499.87,30500.37
2026-09-23T22:20:00Z,2026-09-23T22:25:00Z,30500.5,30503.48,30494.75,30501.04
2026-09-23T22:25:00Z,2026-09-23T22:30:00Z,30501.52,30501.75,30491.91,30493.67
2026-09-23T22:30:00Z,2026-09-23T22:35:00Z,30493.66,30508.18,30489,30498.98
2026-09-23T22:35:00Z,2026-09-23T22:40:00Z,30499.12,30499.12,30488.75,30494.25
2026-09-23T22:40:00Z,2026-09-23T22:45:00Z,30494.25,30506.77,30492.75,30503.74
2026-09-23T22:45:00Z,2026-09-23T22:50:00Z,30503.57,30506,30496.43,30504.12
2026-09-23T22:50:00Z,2026-09-23T22:55:00Z,30504.16,30509.06,30500.62,30502.41
2026-09-23T22:55:00Z,2026-09-23T23:00:00Z,30502.5,30504.33,30498.94,30502.08
2026-09-23T23:00:00Z,2026-09-23T23:05:00Z,30502,30506.85,30498.47,30504.1
2026-09-23T23:05:00Z,2026-09-23T23:10:00Z,30504.12,30504.17,30499.25,30502.87
2026-09-23T23:10:00Z,2026-09-23T23:15:00Z,30502.79,30503.37,30491.94,30494.37
2026-09-23T23:15:00Z,2026-09-23T23:20:00Z,30494.41,30500.62,30483,30490.12
2026-09-23T23:20:00Z,2026-09-23T23:25:00Z,30490,30491.66,30477.29,30478.75
2026-09-23T23:25:00Z,2026-09-23T23:30:00Z,30478.85,30481.62,30471.5,30478.5
2026-09-23T23:30:00Z,2026-09-23T23:35:00Z,30478.62,30480.25,30469.64,30476.37
2026-09-23T23:35:00Z,2026-09-23T23:40:00Z,30476.41,30481.37,30471.75,30479.58
2026-09-23T23:40:00Z,2026-09-23T23:45:00Z,30479.62,30484.9,30470.25,30474.58
2026-09-23T23:45:00Z,2026-09-23T23:50:00Z,30474.62,30479.75,30461.87,30462.25
2026-09-23T23:50:00Z,2026-09-23T23:55:00Z,30462.17,30477.68,30455.83,30474.37
2026-09-23T23:55:00Z,2026-09-24T00:00:00Z,30474.42,30474.62,30460.87,30461.12
2026-09-24T00:00:00Z,2026-09-24T00:05:00Z,30461,30468.87,30450.5,30462.75
2026-09-24T00:05:00Z,2026-09-24T00:10:00Z,30462.68,30464.62,30450.58,30452.25
2026-09-24T00:10:00Z,2026-09-24T00:15:00Z,30452.12,30452.62,30429.54,30436.37
2026-09-24T00:15:00Z,2026-09-24T00:20:00Z,30436.31,30454.37,30433.37,30453
2026-09-24T00:20:00Z,2026-09-24T00:25:00Z,30452.91,30457.75,30434.75,30441.75
2026-09-24T00:25:00Z,2026-09-24T00:30:00Z,30442.25,30445.62,30436.08,30443
2026-09-24T00:30:00Z,2026-09-24T00:35:00Z,30442.66,30457.17,30437.56,30454.12
2026-09-24T00:35:00Z,2026-09-24T00:40:00Z,30454.28,30454.62,30441.96,30443.83
2026-09-24T00:40:00Z,2026-09-24T00:45:00Z,30443.75,30444.08,30426.66,30429.62
2026-09-24T00:45:00Z,2026-09-24T00:50:00Z,30429.75,30430.19,30413.75,30424.5
2026-09-24T00:50:00Z,2026-09-24T00:55:00Z,30424.78,30428.71,30412.81,30415.94
2026-09-24T00:55:00Z,2026-09-24T01:00:00Z,30415.87,30439.25,30414.42,30434.12
2026-09-24T01:00:00Z,2026-09-24T01:05:00Z,30434.08,30452.5,30431.5,30449.87
2026-09-24T01:05:00Z,2026-09-24T01:10:00Z,30449.66,30466.17,30438.56,30458.41
2026-09-24T01:10:00Z,2026-09-24T01:15:00Z,30458.44,30462.89,30445.83,30462.56
2026-09-24T01:15:00Z,2026-09-24T01:20:00Z,30462.5,30462.69,30451.12,30456.37
2026-09-24T01:20:00Z,2026-09-24T01:25:00Z,30456.41,30459.5,30449.31,30450.87
2026-09-24T01:25:00Z,2026-09-24T01:30:00Z,30450.91,30454.15,30440.69,30445.42
2026-09-24T01:30:00Z,2026-09-24T01:35:00Z,30445.37,30467.94,30441.12,30464.12
2026-09-24T01:35:00Z,2026-09-24T01:40:00Z,30464,30467.71,30452.75,30456.06
2026-09-24T01:40:00Z,2026-09-24T01:45:00Z,30456.25,30465,30443.37,30443.87
2026-09-24T01:45:00Z,2026-09-24T01:50:00Z,30443.71,30446.62,30427.62,30436.16
2026-09-24T01:50:00Z,2026-09-24T01:55:00Z,30436.12,30454.9,30422.04,30446.25
2026-09-24T01:55:00Z,2026-09-24T02:00:00Z,30446.58,30453.56,30439,30451.37
2026-09-24T02:00:00Z,2026-09-24T02:05:00Z,30451.25,30457.83,30439.37,30440.12
2026-09-24T02:05:00Z,2026-09-24T02:10:00Z,30440.08,30440.15,30416.83,30422
2026-09-24T02:10:00Z,2026-09-24T02:15:00Z,30421.87,30436.69,30421.66,30433.33
2026-09-24T02:15:00Z,2026-09-24T02:20:00Z,30433.19,30449.97,30432.25,30446.66
2026-09-24T02:20:00Z,2026-09-24T02:25:00Z,30446.75,30447.58,30437.96,30441.5
2026-09-24T02:25:00Z,2026-09-24T02:30:00Z,30441.58,30443.68,30432.33,30437.28
2026-09-24T02:30:00Z,2026-09-24T02:35:00Z,30437.18,30453.31,30434.92,30448.62
2026-09-24T02:35:00Z,2026-09-24T02:40:00Z,30448.65,30454.25,30444.28,30446.25
2026-09-24T02:40:00Z,2026-09-24T02:45:00Z,30446.16,30454.83,30446.06,30453.06
2026-09-24T02:45:00Z,2026-09-24T02:50:00Z,30453.08,30454.9,30446.91,30451.16
2026-09-24T02:50:00Z,2026-09-24T02:55:00Z,30451.25,30452.37,30445.5,30452.06
2026-09-24T02:55:00Z,2026-09-24T03:00:00Z,30452.12,30454.89,30447.12,30449.12
2026-09-24T03:00:00Z,2026-09-24T03:05:00Z,30449.08,30449.94,30439.12,30442.83
2026-09-24T03:05:00Z,2026-09-24T03:10:00Z,30442.87,30443.12,30414.34,30418.16
2026-09-24T03:10:00Z,2026-09-24T03:15:00Z,30418.12,30428.18,30412.81,30427.09
2026-09-24T03:15:00Z,2026-09-24T03:20:00Z,30427.12,30430.78,30418.56,30425.37
2026-09-24T03:20:00Z,2026-09-24T03:25:00Z,30425.33,30429.12,30418.87,30423
2026-09-24T03:25:00Z,2026-09-24T03:30:00Z,30422.91,30427.87,30411.28,30414.37
2026-09-24T03:30:00Z,2026-09-24T03:35:00Z,30414.21,30416.73,30406.87,30412
2026-09-24T03:35:00Z,2026-09-24T03:40:00Z,30411.91,30415.08,30406.53,30414.62
2026-09-24T03:40:00Z,2026-09-24T03:45:00Z,30414.65,30414.65,30396.25,30400.78
2026-09-24T03:45:00Z,2026-09-24T03:50:00Z,30400.75,30412.55,30397.87,30411.06
2026-09-24T03:50:00Z,2026-09-24T03:55:00Z,30411.12,30415.46,30404.75,30412.75
2026-09-24T03:55:00Z,2026-09-24T04:00:00Z,30412.8,30416.58,30407.75,30415.06
2026-09-24T04:00:00Z,2026-09-24T04:05:00Z,30415.05,30415.66,30366.265,30373.44
2026-09-24T04:05:00Z,2026-09-24T04:10:00Z,30373.62,30380.83,30366.41,30372.37
2026-09-24T04:10:00Z,2026-09-24T04:15:00Z,30372.33,30376.93,30361.66,30366.41
2026-09-24T04:15:00Z,2026-09-24T04:20:00Z,30366.37,30374.94,30359.28,30364.37
2026-09-24T04:20:00Z,2026-09-24T04:25:00Z,30364.41,30377.69,30362.62,30366.75
2026-09-24T04:25:00Z,2026-09-24T04:30:00Z,30366.87,30384.69,30363.37,30384.06
2026-09-24T04:30:00Z,2026-09-24T04:35:00Z,30384,30404.12,30381.12,30401.42
2026-09-24T04:35:00Z,2026-09-24T04:40:00Z,30401.56,30407.5,30397.62,30400.87
2026-09-24T04:40:00Z,2026-09-24T04:45:00Z,30401,30401.83,30385.25,30389.62
2026-09-24T04:45:00Z,2026-09-24T04:50:00Z,30390.09,30390.09,30382,30387.62
2026-09-24T04:50:00Z,2026-09-24T04:55:00Z,30387.75,30389,30382.75,30386.44
2026-09-24T04:55:00Z,2026-09-24T05:00:00Z,30386.5,30396.56,30386.5,30394.16
2026-09-24T05:00:00Z,2026-09-24T05:05:00Z,30393.87,30414.92,30393.87,30412.08
2026-09-24T05:05:00Z,2026-09-24T05:10:00Z,30411.87,30423.62,30407.94,30411.37
2026-09-24T05:10:00Z,2026-09-24T05:15:00Z,30411.25,30411.62,30396.57,30399.42
2026-09-24T05:15:00Z,2026-09-24T05:20:00Z,30399.37,30404.87,30395.12,30404.55
2026-09-24T05:20:00Z,2026-09-24T05:25:00Z,30404.5,30406.5,30388.08,30393.25
2026-09-24T05:25:00Z,2026-09-24T05:30:00Z,30393,30416.06,30392.25,30414.67
2026-09-24T05:30:00Z,2026-09-24T05:35:00Z,30414.75,30417.87,30404.12,30406.37
2026-09-24T05:35:00Z,2026-09-24T05:40:00Z,30406.43,30408.5,30393.25,30396.94
2026-09-24T05:40:00Z,2026-09-24T05:45:00Z,30396.87,30406,30377.56,30378.46
2026-09-24T05:45:00Z,2026-09-24T05:50:00Z,30378.25,30378.62,30365.72,30368.37
2026-09-24T05:50:00Z,2026-09-24T05:55:00Z,30368.25,30377.78,30364.25,30365.31
2026-09-24T05:55:00Z,2026-09-24T06:00:00Z,30365.37,30365.37,30315.71,30316.17
2026-09-24T06:00:00Z,2026-09-24T06:05:00Z,30316.17,30318.62,30280.12,30283.12
2026-09-24T06:05:00Z,2026-09-24T06:10:00Z,30283,30322.81,30273.12,30318.27
2026-09-24T06:10:00Z,2026-09-24T06:15:00Z,30318.37,30335.5,30308.12,30327.12
2026-09-24T06:15:00Z,2026-09-24T06:20:00Z,30327,30339.08,30319.08,30321.12
2026-09-24T06:20:00Z,2026-09-24T06:25:00Z,30321.17,30321.69,30291.12,30307.31
2026-09-24T06:25:00Z,2026-09-24T06:30:00Z,30307.25,30315.75,30297.62,30308.03
2026-09-24T06:30:00Z,2026-09-24T06:35:00Z,30308.09,30308.53,30286.08,30290.75
2026-09-24T06:35:00Z,2026-09-24T06:40:00Z,30290.68,30295.5,30275.25,30280.67
2026-09-24T06:40:00Z,2026-09-24T06:45:00Z,30280.75,30300.25,30270.56,30286.62
2026-09-24T06:45:00Z,2026-09-24T06:50:00Z,30286.58,30296.66,30280.16,30288.12
2026-09-24T06:50:00Z,2026-09-24T06:55:00Z,30288.08,30290.75,30261.87,30262.37
2026-09-24T06:55:00Z,2026-09-24T07:00:00Z,30262.31,30266.01,30243.67,30249.58
2026-09-24T07:00:00Z,2026-09-24T07:05:00Z,30249.44,30267.565,30221.5,30246.81
2026-09-24T07:05:00Z,2026-09-24T07:10:00Z,30246.67,30297.16,30233.97,30292.66
2026-09-24T07:10:00Z,2026-09-24T07:15:00Z,30292.81,30302.82,30283.25,30302.37
2026-09-24T07:15:00Z,2026-09-24T07:20:00Z,30302.33,30309.42,30285,30305.12
2026-09-24T07:20:00Z,2026-09-24T07:25:00Z,30305.06,30306,30289.91,30291.62
2026-09-24T07:25:00Z,2026-09-24T07:30:00Z,30291.5,30315.5,30282.87,30314.12
2026-09-24T07:30:00Z,2026-09-24T07:35:00Z,30314.54,30328,30309.35,30318.02
2026-09-24T07:35:00Z,2026-09-24T07:40:00Z,30318.07,30339.31,30314,30330.28
2026-09-24T07:40:00Z,2026-09-24T07:45:00Z,30330.12,30335.12,30318.87,30329.37
2026-09-24T07:45:00Z,2026-09-24T07:50:00Z,30329.5,30331.75,30312.06,30315.7
2026-09-24T07:50:00Z,2026-09-24T07:55:00Z,30315.81,30318.66,30302.37,30307.75
2026-09-24T07:55:00Z,2026-09-24T08:00:00Z,30307.87,30307.87,30266.75,30266.83
2026-09-24T08:00:00Z,2026-09-24T08:05:00Z,30266.75,30297.69,30241,30252.48
2026-09-24T08:05:00Z,2026-09-24T08:10:00Z,30252.53,30259.92,30233.28,30238.91
2026-09-24T08:10:00Z,2026-09-24T08:15:00Z,30238.87,30239.5,30187.98,30195.45
2026-09-24T08:15:00Z,2026-09-24T08:20:00Z,30195.5,30219.06,30187.62,30199.25
2026-09-24T08:20:00Z,2026-09-24T08:25:00Z,30199,30199,30180.96,30191.37
2026-09-24T08:25:00Z,2026-09-24T08:30:00Z,30191.62,30201.17,30161.5,30163.7
2026-09-24T08:30:00Z,2026-09-24T08:35:00Z,30163.87,30205.16,30156.75,30158.75
2026-09-24T08:35:00Z,2026-09-24T08:40:00Z,30158.73,30160.62,30139.37,30158.62
2026-09-24T08:40:00Z,2026-09-24T08:45:00Z,30158.7,30165.97,30139,30155.12
2026-09-24T08:45:00Z,2026-09-24T08:50:00Z,30155.06,30164.62,30120.08,30122.72
2026-09-24T08:50:00Z,2026-09-24T08:55:00Z,30122.69,30142.45,30115.14,30130.37
2026-09-24T08:55:00Z,2026-09-24T09:00:00Z,30130.5,30143.43,30124.75,30141.18
2026-09-24T09:00:00Z,2026-09-24T09:05:00Z,30141.12,30162.37,30134.12,30146.75
2026-09-24T09:05:00Z,2026-09-24T09:10:00Z,30146.66,30162.68,30135.16,30146.75
2026-09-24T09:10:00Z,2026-09-24T09:15:00Z,30146.87,30156.25,30126.08,30140.53
2026-09-24T09:15:00Z,2026-09-24T09:20:00Z,30140.43,30152.41,30129.92,30150
2026-09-24T09:20:00Z,2026-09-24T09:25:00Z,30150.08,30163.87,30142.74,30162.62
2026-09-24T09:25:00Z,2026-09-24T09:30:00Z,30162.56,30172.15,30145.12,30150.58
2026-09-24T09:30:00Z,2026-09-24T09:35:00Z,30150.44,30152.75,30131.62,30144.98
2026-09-24T09:35:00Z,2026-09-24T09:40:00Z,30145,30147.87,30114.18,30119.75
2026-09-24T09:40:00Z,2026-09-24T09:45:00Z,30119.72,30123.58,30078.37,30085.22
2026-09-24T09:45:00Z,2026-09-24T09:50:00Z,30085.18,30116.37,30079.93,30115.5
2026-09-24T09:50:00Z,2026-09-24T09:55:00Z,30115.44,30128.91,30110,30126.37
2026-09-24T09:55:00Z,2026-09-24T10:00:00Z,30126.41,30145.75,30126.12,30145
2026-09-24T10:00:00Z,2026-09-24T10:05:00Z,30144.87,30158.65,30133.62,30135.25
2026-09-24T10:05:00Z,2026-09-24T10:10:00Z,30135.12,30138.41,30124.3,30130.75
2026-09-24T10:10:00Z,2026-09-24T10:15:00Z,30130.87,30152.52,30128.81,30145.5
2026-09-24T10:15:00Z,2026-09-24T10:20:00Z,30145.62,30167.75,30142.17,30152.47
2026-09-24T10:20:00Z,2026-09-24T10:25:00Z,30152.52,30155.75,30126.83,30128.75
2026-09-24T10:25:00Z,2026-09-24T10:30:00Z,30128.83,30156.62,30122.33,30140.58
2026-09-24T10:30:00Z,2026-09-24T10:35:00Z,30140.62,30163.27,30128.96,30160.5
2026-09-24T10:35:00Z,2026-09-24T10:40:00Z,30160.62,30187.68,30158.12,30184.25
2026-09-24T10:40:00Z,2026-09-24T10:45:00Z,30184.17,30192.62,30179.93,30186.37
2026-09-24T10:45:00Z,2026-09-24T10:50:00Z,30186.31,30230.12,30179.3,30227.37
2026-09-24T10:50:00Z,2026-09-24T10:55:00Z,30227.25,30231.12,30187.62,30188.12
2026-09-24T10:55:00Z,2026-09-24T11:00:00Z,30188,30201.12,30180.93,30196.75
2026-09-24T11:00:00Z,2026-09-24T11:05:00Z,30196.67,30211.69,30187.87,30189
2026-09-24T11:05:00Z,2026-09-24T11:10:00Z,30189.05,30195.08,30172.5,30179.92
2026-09-24T11:10:00Z,2026-09-24T11:15:00Z,30180.62,30198.87,30164.06,30197.18
2026-09-24T11:15:00Z,2026-09-24T11:20:00Z,30197.12,30220.67,30186.87,30191.75
2026-09-24T11:20:00Z,2026-09-24T11:25:00Z,30191.69,30205.78,30184.06,30202.66
2026-09-24T11:25:00Z,2026-09-24T11:30:00Z,30202.62,30202.75,30178.44,30179
2026-09-24T11:30:00Z,2026-09-24T11:35:00Z,30179.06,30209.06,30178.49,30179.12
2026-09-24T11:35:00Z,2026-09-24T11:40:00Z,30179.08,30179.33,30155,30158.12
2026-09-24T11:40:00Z,2026-09-24T11:45:00Z,30158.06,30160.25,30151.44,30160
2026-09-24T11:45:00Z,2026-09-24T11:50:00Z,30159.94,30160.12,30136.07,30137.18
2026-09-24T11:50:00Z,2026-09-24T11:55:00Z,30137.12,30154.31,30137,30152.69
2026-09-24T11:55:00Z,2026-09-24T12:00:00Z,30152.53,30182.12,30139.62,30170.93
2026-09-24T12:00:00Z,2026-09-24T12:05:00Z,30170.97,30175.62,30133.87,30146.37
2026-09-24T12:05:00Z,2026-09-24T12:10:00Z,30146.5,30170.58,30146.12,30165.08
2026-09-24T12:10:00Z,2026-09-24T12:15:00Z,30165.06,30195.25,30164.42,30190.12
2026-09-24T12:15:00Z,2026-09-24T12:20:00Z,30190.2,30209.12,30185.81,30203.33
2026-09-24T12:20:00Z,2026-09-24T12:25:00Z,30203.37,30217.25,30197.22,30208.5
2026-09-24T12:25:00Z,2026-09-24T12:30:00Z,30208.37,30212.65,30163.77,30181
2026-09-24T12:30:00Z,2026-09-24T12:35:00Z,30180.87,30187.83,30144.18,30145.69
2026-09-24T12:35:00Z,2026-09-24T12:40:00Z,30146,30149.12,30128.7,30144.56
2026-09-24T12:40:00Z,2026-09-24T12:45:00Z,30144.75,30186.81,30143.06,30180.75
2026-09-24T12:45:00Z,2026-09-24T12:50:00Z,30180.68,30189.04,30170.41,30182.31
2026-09-24T12:50:00Z,2026-09-24T12:55:00Z,30182.37,30190.75,30166.05,30190.29
2026-09-24T12:55:00Z,2026-09-24T13:00:00Z,30190.21,30205.46,30182.87,30194.62
2026-09-24T13:00:00Z,2026-09-24T13:05:00Z,30194.66,30218.5,30193.25,30206.56
2026-09-24T13:05:00Z,2026-09-24T13:10:00Z,30206.62,30210.28,30193,30209.28
2026-09-24T13:10:00Z,2026-09-24T13:15:00Z,30209.35,30227.33,30208.79,30218.12
2026-09-24T13:15:00Z,2026-09-24T13:20:00Z,30217.94,30230.58,30210.45,30226.94
2026-09-24T13:20:00Z,2026-09-24T13:25:00Z,30226.87,30227.87,30211.87,30218.19
2026-09-24T13:25:00Z,2026-09-24T13:30:00Z,30218.12,30233.53,30207.54,30227.37
2026-09-24T13:30:00Z,2026-09-24T13:35:00Z,30227.37,30257.88,30201.29,30247.88
2026-09-24T13:35:00Z,2026-09-24T13:40:00Z,30247.85,30314.45,30243.96,30303.91
2026-09-24T13:40:00Z,2026-09-24T13:45:00Z,30303.84,30305.54,30266.69,30291.6
2026-09-24T13:45:00Z,2026-09-24T13:50:00Z,30291.56,30330.67,30274.46,30284.06
2026-09-24T13:50:00Z,2026-09-24T13:55:00Z,30284.44,30297.23,30243.5,30252.46
2026-09-24T13:55:00Z,2026-09-24T14:00:00Z,30253.33,30290.79,30239.9,30287.75
2026-09-24T14:00:00Z,2026-09-24T14:05:00Z,30287.7,30319.21,30278.31,30314.59
2026-09-24T14:05:00Z,2026-09-24T14:10:00Z,30314.54,30324.5,30300.13,30307.09
2026-09-24T14:10:00Z,2026-09-24T14:15:00Z,30307.19,30307.81,30274,30294.43
2026-09-24T14:15:00Z,2026-09-24T14:20:00Z,30293.72,30309.83,30270.63,30304.25
2026-09-24T14:20:00Z,2026-09-24T14:25:00Z,30304.2,30324.58,30298.08,30309.67
2026-09-24T14:25:00Z,2026-09-24T14:30:00Z,30309.56,30345.94,30303.28,30338.33
2026-09-24T14:30:00Z,2026-09-24T14:35:00Z,30338.45,30339.94,30310.79,30338.17
2026-09-24T14:35:00Z,2026-09-24T14:40:00Z,30338.18,30346.71,30306.25,30315.42
2026-09-24T14:40:00Z,2026-09-24T14:45:00Z,30315.31,30323.66,30280.46,30287.53
2026-09-24T14:45:00Z,2026-09-24T14:50:00Z,30287.5,30314.6,30277.06,30300.35
2026-09-24T14:50:00Z,2026-09-24T14:55:00Z,30300.37,30321.73,30265.85,30272.59
2026-09-24T14:55:00Z,2026-09-24T15:00:00Z,30272.69,30274.03,30240.83,30250.12
2026-09-24T15:00:00Z,2026-09-24T15:05:00Z,30249.93,30280.66,30247.34,30261.56
2026-09-24T15:05:00Z,2026-09-24T15:10:00Z,30261.75,30265.75,30222.94,30224.93
2026-09-24T15:10:00Z,2026-09-24T15:15:00Z,30224.92,30245.6,30212.17,30218.96
2026-09-24T15:15:00Z,2026-09-24T15:20:00Z,30218.88,30254.81,30214,30226.06
2026-09-24T15:20:00Z,2026-09-24T15:25:00Z,30226.04,30265.48,30218.17,30262.79
2026-09-24T15:25:00Z,2026-09-24T15:30:00Z,30262.75,30263.56,30215.29,30221.66
2026-09-24T15:30:00Z,2026-09-24T15:35:00Z,30221.69,30234.23,30210.59,30229.38
2026-09-24T15:35:00Z,2026-09-24T15:40:00Z,30229.68,30251.82,30223.25,30233.5
2026-09-24T15:40:00Z,2026-09-24T15:45:00Z,30233.94,30248.56,30217.92,30245.44
2026-09-24T15:45:00Z,2026-09-24T15:50:00Z,30245.46,30257.93,30214.56,30224.25
2026-09-24T15:50:00Z,2026-09-24T15:55:00Z,30224.28,30275.79,30222.71,30274.6
2026-09-24T15:55:00Z,2026-09-24T16:00:00Z,30274.68,30277.25,30254.23,30262.38
2026-09-24T16:00:00Z,2026-09-24T16:05:00Z,30262.31,30264.96,30231.85,30248
2026-09-24T16:05:00Z,2026-09-24T16:10:00Z,30247.6,30250.08,30225.03,30231.4
2026-09-24T16:10:00Z,2026-09-24T16:15:00Z,30231.38,30266.37,30214.77,30266.3
2026-09-24T16:15:00Z,2026-09-24T16:20:00Z,30266.62,30455.71,30264.87,30390.36
2026-09-24T16:20:00Z,2026-09-24T16:25:00Z,30390.41,30416.12,30379.71,30397.21
2026-09-24T16:25:00Z,2026-09-24T16:30:00Z,30397.35,30417.88,30359.5,30405.25
2026-09-24T16:30:00Z,2026-09-24T16:35:00Z,30405.54,30409.62,30369.5,30392.59
2026-09-24T16:35:00Z,2026-09-24T16:40:00Z,30392.56,30455.83,30388.87,30454.88
2026-09-24T16:40:00Z,2026-09-24T16:45:00Z,30454.91,30522.48,30446.29,30455
2026-09-24T16:45:00Z,2026-09-24T16:50:00Z,30454.53,30500.18,30433.75,30493.81
2026-09-24T16:50:00Z,2026-09-24T16:55:00Z,30493.88,30513.53,30458.21,30471.25
2026-09-24T16:55:00Z,2026-09-24T17:00:00Z,30471.21,30523.73,30467.5,30500.25
2026-09-24T17:00:00Z,2026-09-24T17:05:00Z,30500.04,30526.11,30467.5,30515.29
2026-09-24T17:05:00Z,2026-09-24T17:10:00Z,30515.25,30535.27,30497.71,30499.45
2026-09-24T17:10:00Z,2026-09-24T17:15:00Z,30499.43,30503.84,30464.96,30498.16
2026-09-24T17:15:00Z,2026-09-24T17:20:00Z,30498.2,30501,30454.08,30454.87
2026-09-24T17:20:00Z,2026-09-24T17:25:00Z,30454.81,30468.75,30441.31,30444.54
2026-09-24T17:25:00Z,2026-09-24T17:30:00Z,30444.5,30448,30408.37,30443.37
2026-09-24T17:30:00Z,2026-09-24T17:35:00Z,30443.41,30468.6,30425.06,30425.91
2026-09-24T17:35:00Z,2026-09-24T17:40:00Z,30426.04,30434.65,30406.33,30420.54
2026-09-24T17:40:00Z,2026-09-24T17:45:00Z,30420.63,30431.47,30379.71,30380.71
2026-09-24T17:45:00Z,2026-09-24T17:50:00Z,30380.85,30416.31,30373.75,30409.75
2026-09-24T17:50:00Z,2026-09-24T17:55:00Z,30409.79,30413.31,30378.94,30389.75
2026-09-24T17:55:00Z,2026-09-24T18:00:00Z,30389.87,30413.4,30380.56,30404.81
2026-09-24T18:00:00Z,2026-09-24T18:05:00Z,30404.83,30406.58,30330.13,30334.85
2026-09-24T18:05:00Z,2026-09-24T18:10:00Z,30335.04,30398.73,30334.54,30391.54
2026-09-24T18:10:00Z,2026-09-24T18:15:00Z,30391.56,30412.75,30385.71,30403.65
2026-09-24T18:15:00Z,2026-09-24T18:20:00Z,30403.75,30437.35,30398.75,30421.91
2026-09-24T18:20:00Z,2026-09-24T18:25:00Z,30421.62,30430.17,30401.61,30425.88
2026-09-24T18:25:00Z,2026-09-24T18:30:00Z,30425.86,30460.68,30423.53,30448.54
2026-09-24T18:30:00Z,2026-09-24T18:35:00Z,30448.5,30454.29,30425.23,30425.38
2026-09-24T18:35:00Z,2026-09-24T18:40:00Z,30425.44,30490.12,30411.53,30461.06
2026-09-24T18:40:00Z,2026-09-24T18:45:00Z,30461.23,30461.25,30432.93,30444.93
2026-09-24T18:45:00Z,2026-09-24T18:50:00Z,30445.04,30460,30444.21,30455.47
2026-09-24T18:50:00Z,2026-09-24T18:55:00Z,30455.41,30484.07,30452.19,30474.31
2026-09-24T18:55:00Z,2026-09-24T19:00:00Z,30474.21,30500.4,30473.33,30487.77
2026-09-24T19:00:00Z,2026-09-24T19:05:00Z,30487.79,30491.56,30434.5,30442.09
2026-09-24T19:05:00Z,2026-09-24T19:10:00Z,30442.06,30456.84,30440.06,30447
2026-09-24T19:10:00Z,2026-09-24T19:15:00Z,30447.04,30452.2,30432.31,30434.46
2026-09-24T19:15:00Z,2026-09-24T19:20:00Z,30434.47,30476.38,30434.19,30470.06
2026-09-24T19:20:00Z,2026-09-24T19:25:00Z,30470.04,30476.68,30457.83,30474.96
2026-09-24T19:25:00Z,2026-09-24T19:30:00Z,30474.88,30480.25,30453.63,30458.1
2026-09-24T19:30:00Z,2026-09-24T19:35:00Z,30458.18,30476.38,30455.15,30475.6
2026-09-24T19:35:00Z,2026-09-24T19:40:00Z,30475.56,30476.13,30456.38,30471.09
2026-09-24T19:40:00Z,2026-09-24T19:45:00Z,30471.07,30477.67,30458.18,30461.04
2026-09-24T19:45:00Z,2026-09-24T19:50:00Z,30461,30469.98,30454.28,30455.66
2026-09-24T19:50:00Z,2026-09-24T19:55:00Z,30455.71,30498.1,30455.48,30487.31
2026-09-24T19:55:00Z,2026-09-24T20:00:00Z,30487.29,30490.5,30465.5,30465.72
2026-09-24T20:00:00Z,2026-09-24T20:05:00Z,30465.03,30470.08,30431,30435.68
2026-09-24T20:05:00Z,2026-09-24T20:10:00Z,30435.69,30442.25,30431.78,30436.96
2026-09-24T20:10:00Z,2026-09-24T20:15:00Z,30436.91,30437.85,30404.41,30406.25
2026-09-24T20:15:00Z,2026-09-24T20:20:00Z,30406.15,30416.5,30380.37,30388.01
2026-09-24T20:20:00Z,2026-09-24T20:25:00Z,30388,30390.76,30378.44,30380.93
2026-09-24T20:25:00Z,2026-09-24T20:30:00Z,30381,30388.08,30370.66,30374.69
2026-09-24T20:30:00Z,2026-09-24T20:35:00Z,30374.75,30392.56,30371.87,30388.03
2026-09-24T20:35:00Z,2026-09-24T20:40:00Z,30388,30397.87,30386.09,30397.58
2026-09-24T20:40:00Z,2026-09-24T20:45:00Z,30397.68,30415.82,30394.38,30413.62
2026-09-24T20:45:00Z,2026-09-24T20:50:00Z,30413.75,30426.8,30413.28,30425
2026-09-24T20:50:00Z,2026-09-24T20:55:00Z,30425.53,30435.65,30423.9,30435.57
2026-09-24T20:55:00Z,2026-09-24T21:00:00Z,30435.52,30447.64,30431.28,30443.66
2026-09-24T22:00:00Z,2026-09-24T22:05:00Z,30443.66,30470.87,30428.87,30457.12
2026-09-24T22:05:00Z,2026-09-24T22:10:00Z,30457.25,30458.25,30421.18,30444.37
2026-09-24T22:10:00Z,2026-09-24T22:15:00Z,30444.25,30447.33,30437.75,30438.37
2026-09-24T22:15:00Z,2026-09-24T22:20:00Z,30438.48,30442.12,30433.37,30433.37
2026-09-24T22:20:00Z,2026-09-24T22:25:00Z,30433.41,30434.62,30425.37,30426.75
2026-09-24T22:25:00Z,2026-09-24T22:30:00Z,30426.73,30428.16,30417.87,30423
2026-09-24T22:30:00Z,2026-09-24T22:35:00Z,30423.12,30434.57,30420.77,30430.5
2026-09-24T22:35:00Z,2026-09-24T22:40:00Z,30430.62,30435.75,30429.75,30430.25
2026-09-24T22:40:00Z,2026-09-24T22:45:00Z,30430.37,30447.01,30428.37,30444
2026-09-24T22:45:00Z,2026-09-24T22:50:00Z,30443.98,30445.75,30435.5,30443.23
2026-09-24T22:50:00Z,2026-09-24T22:55:00Z,30443.25,30446.26,30441.62,30443.37
2026-09-24T22:55:00Z,2026-09-24T23:00:00Z,30443.25,30447.52,30438.75,30441.32
2026-09-24T23:00:00Z,2026-09-24T23:05:00Z,30441.37,30447.37,30439.42,30444.98
2026-09-24T23:05:00Z,2026-09-24T23:10:00Z,30445,30447.77,30426.52,30433.52
2026-09-24T23:10:00Z,2026-09-24T23:15:00Z,30433.77,30434.75,30423.12,30429.16
2026-09-24T23:15:00Z,2026-09-24T23:20:00Z,30429.31,30433.2,30424.87,30427.81
2026-09-24T23:20:00Z,2026-09-24T23:25:00Z,30427.8,30438,30423.67,30437.42
2026-09-24T23:25:00Z,2026-09-24T23:30:00Z,30437.37,30444.87,30433.75,30437.59
2026-09-24T23:30:00Z,2026-09-24T23:35:00Z,30437.72,30443.83,30437.59,30439.37
2026-09-24T23:35:00Z,2026-09-24T23:40:00Z,30439.31,30443.18,30435.33,30437.91
2026-09-24T23:40:00Z,2026-09-24T23:45:00Z,30437.87,30438.25,30419.66,30420.12
2026-09-24T23:45:00Z,2026-09-24T23:50:00Z,30420.1,30425.69,30408.99,30414.5
2026-09-24T23:50:00Z,2026-09-24T23:55:00Z,30414.37,30416.08,30399.12,30404.75
2026-09-24T23:55:00Z,2026-09-25T00:00:00Z,30404.66,30407.87,30396.41,30399.42
2026-09-25T00:00:00Z,2026-09-25T00:05:00Z,30399.37,30429.62,30398.56,30419
2026-09-25T00:05:00Z,2026-09-25T00:10:00Z,30418.87,30420.5,30396.75,30411.25
2026-09-25T00:10:00Z,2026-09-25T00:15:00Z,30411.37,30416.16,30398.75,30408.92
2026-09-25T00:15:00Z,2026-09-25T00:20:00Z,30408.87,30413.5,30394.75,30405.27
2026-09-25T00:20:00Z,2026-09-25T00:25:00Z,30405.41,30436,30403.37,30432.37
2026-09-25T00:25:00Z,2026-09-25T00:30:00Z,30432.33,30439.25,30422.08,30425.81
2026-09-25T00:30:00Z,2026-09-25T00:35:00Z,30425.66,30428.75,30413.12,30417.92
2026-09-25T00:35:00Z,2026-09-25T00:40:00Z,30417.87,30421.62,30394.37,30403.25
2026-09-25T00:40:00Z,2026-09-25T00:45:00Z,30403.12,30417.41,30401.87,30412.58
2026-09-25T00:45:00Z,2026-09-25T00:50:00Z,30412.43,30419.81,30406.24,30415.75
2026-09-25T00:50:00Z,2026-09-25T00:55:00Z,30415.73,30417.75,30397.72,30411.75
2026-09-25T00:55:00Z,2026-09-25T01:00:00Z,30411.62,30416.66,30402.62,30410
2026-09-25T01:00:00Z,2026-09-25T01:05:00Z,30409.91,30422.87,30396.64,30421.12
2026-09-25T01:05:00Z,2026-09-25T01:10:00Z,30421.08,30434.45,30407.87,30428.91
2026-09-25T01:10:00Z,2026-09-25T01:15:00Z,30428.87,30485.92,30428.12,30476.75
2026-09-25T01:15:00Z,2026-09-25T01:20:00Z,30476.87,30501.53,30473.5,30483.75
2026-09-25T01:20:00Z,2026-09-25T01:25:00Z,30483.87,30500.95,30481.37,30488.62
2026-09-25T01:25:00Z,2026-09-25T01:30:00Z,30488.65,30500.12,30484.25,30487.25
2026-09-25T01:30:00Z,2026-09-25T01:35:00Z,30487.31,30490.16,30466.22,30467.67
2026-09-25T01:35:00Z,2026-09-25T01:40:00Z,30467.62,30504.37,30462.52,30503
2026-09-25T01:40:00Z,2026-09-25T01:45:00Z,30502.87,30520.31,30499.72,30510.25
2026-09-25T01:45:00Z,2026-09-25T01:50:00Z,30510.12,30513.44,30496.37,30509.87
2026-09-25T01:50:00Z,2026-09-25T01:55:00Z,30509.75,30511,30490.48,30492.62
2026-09-25T01:55:00Z,2026-09-25T02:00:00Z,30492.75,30502.78,30483.25,30502.5
2026-09-25T02:00:00Z,2026-09-25T02:05:00Z,30502.62,30508.59,30495.41,30506.37
2026-09-25T02:05:00Z,2026-09-25T02:10:00Z,30506.25,30522.14,30505.37,30518.08
2026-09-25T02:10:00Z,2026-09-25T02:15:00Z,30518,30521.67,30506.37,30509.33
2026-09-25T02:15:00Z,2026-09-25T02:20:00Z,30509.04,30520.62,30506.94,30518.69
2026-09-25T02:20:00Z,2026-09-25T02:25:00Z,30518.64,30526.12,30516.04,30516.18
2026-09-25T02:25:00Z,2026-09-25T02:30:00Z,30516.22,30516.29,30496.91,30498.25
2026-09-25T02:30:00Z,2026-09-25T02:35:00Z,30497.87,30500.68,30477.75,30479
2026-09-25T02:35:00Z,2026-09-25T02:40:00Z,30479.12,30486.25,30473.08,30485.25
2026-09-25T02:40:00Z,2026-09-25T02:45:00Z,30485.23,30506.58,30483.75,30499.5
2026-09-25T02:45:00Z,2026-09-25T02:50:00Z,30499.62,30501.08,30481.28,30483.5
2026-09-25T02:50:00Z,2026-09-25T02:55:00Z,30483.37,30497.37,30476.83,30496.41
2026-09-25T02:55:00Z,2026-09-25T03:00:00Z,30496.37,30503.25,30491.58,30503.19
2026-09-25T03:00:00Z,2026-09-25T03:05:00Z,30503.12,30504.5,30492.08,30497.5
2026-09-25T03:05:00Z,2026-09-25T03:10:00Z,30497.56,30523.15,30497.56,30518.81
2026-09-25T03:10:00Z,2026-09-25T03:15:00Z,30518.75,30518.75,30507.4,30514.62
2026-09-25T03:15:00Z,2026-09-25T03:20:00Z,30514.5,30521.03,30500.47,30511.37
2026-09-25T03:20:00Z,2026-09-25T03:25:00Z,30511.25,30520.12,30510.62,30512.81
2026-09-25T03:25:00Z,2026-09-25T03:30:00Z,30512.69,30515,30504.37,30506
2026-09-25T03:30:00Z,2026-09-25T03:35:00Z,30505.94,30513.42,30502.41,30509.87
2026-09-25T03:35:00Z,2026-09-25T03:40:00Z,30509.91,30519.87,30504.31,30519.62
2026-09-25T03:40:00Z,2026-09-25T03:45:00Z,30519.67,30525.18,30496.42,30496.56
2026-09-25T03:45:00Z,2026-09-25T03:50:00Z,30496.62,30502.62,30486.62,30499
2026-09-25T03:50:00Z,2026-09-25T03:55:00Z,30498.98,30505.12,30492.52,30496.83
2026-09-25T03:55:00Z,2026-09-25T04:00:00Z,30496.87,30506.37,30495.3,30503.41
2026-09-25T04:00:00Z,2026-09-25T04:05:00Z,30503.37,30506,30484.62,30490.23
2026-09-25T04:05:00Z,2026-09-25T04:10:00Z,30490.08,30493.72,30479.87,30487.5
2026-09-25T04:10:00Z,2026-09-25T04:15:00Z,30487.37,30493.16,30483.81,30486.67
2026-09-25T04:15:00Z,2026-09-25T04:20:00Z,30486.52,30493.37,30480,30483.75
2026-09-25T04:20:00Z,2026-09-25T04:25:00Z,30483.78,30490.5,30478.79,30489.27
2026-09-25T04:25:00Z,2026-09-25T04:30:00Z,30489.41,30493.28,30481.62,30486.87
2026-09-25T04:30:00Z,2026-09-25T04:35:00Z,30486.77,30495.56,30482,30494
2026-09-25T04:35:00Z,2026-09-25T04:40:00Z,30493.87,30502.03,30491.25,30500.25
2026-09-25T04:40:00Z,2026-09-25T04:45:00Z,30500.37,30504.08,30493.75,30495.25
2026-09-25T04:45:00Z,2026-09-25T04:50:00Z,30495.37,30503.62,30494.33,30497.37
2026-09-25T04:50:00Z,2026-09-25T04:55:00Z,30497.31,30503.83,30489.12,30495.16
2026-09-25T04:55:00Z,2026-09-25T05:00:00Z,30495.12,30496,30479.62,30490.5
2026-09-25T05:00:00Z,2026-09-25T05:05:00Z,30490.45,30505.28,30488,30502.25
2026-09-25T05:05:00Z,2026-09-25T05:10:00Z,30502.33,30521.28,30499.83,30519.58
2026-09-25T05:10:00Z,2026-09-25T05:15:00Z,30519.44,30525.5,30512.41,30513.75
2026-09-25T05:15:00Z,2026-09-25T05:20:00Z,30513.98,30524.66,30512.53,30515.5
2026-09-25T05:20:00Z,2026-09-25T05:25:00Z,30515.62,30519.33,30501.62,30502.25
2026-09-25T05:25:00Z,2026-09-25T05:30:00Z,30502.12,30521.18,30501.37,30518
2026-09-25T05:30:00Z,2026-09-25T05:35:00Z,30518.08,30560.67,30514.44,30550.12
2026-09-25T05:35:00Z,2026-09-25T05:40:00Z,30550,30564.68,30550,30560.91
2026-09-25T05:40:00Z,2026-09-25T05:45:00Z,30560.87,30578.37,30557.37,30578.12
2026-09-25T05:45:00Z,2026-09-25T05:50:00Z,30577.91,30580.54,30563.72,30564.87
2026-09-25T05:50:00Z,2026-09-25T05:55:00Z,30565,30576.87,30563.91,30576.12
2026-09-25T05:55:00Z,2026-09-25T06:00:00Z,30576.17,30576.17,30558.3,30562.37
2026-09-25T06:00:00Z,2026-09-25T06:05:00Z,30561.87,30578.69,30561.62,30576.33
2026-09-25T06:05:00Z,2026-09-25T06:10:00Z,30576.37,30587.83,30573.12,30586.33
2026-09-25T06:10:00Z,2026-09-25T06:15:00Z,30586.37,30602.2,30585.08,30599.62
2026-09-25T06:15:00Z,2026-09-25T06:20:00Z,30599.5,30612.63,30593.12,30607.75
2026-09-25T06:20:00Z,2026-09-25T06:25:00Z,30607.83,30616.87,30603.18,30609.75
2026-09-25T06:25:00Z,2026-09-25T06:30:00Z,30609.83,30613.06,30585.21,30592.69
2026-09-25T06:30:00Z,2026-09-25T06:35:00Z,30592.75,30603.75,30587,30603.12
2026-09-25T06:35:00Z,2026-09-25T06:40:00Z,30603.08,30604.08,30589.8,30593.66
2026-09-25T06:40:00Z,2026-09-25T06:45:00Z,30593.62,30600.3,30587.62,30592.5
2026-09-25T06:45:00Z,2026-09-25T06:50:00Z,30592.37,30598.37,30576.77,30587.12
2026-09-25T06:50:00Z,2026-09-25T06:55:00Z,30587.25,30590.2,30576.31,30586.33
2026-09-25T06:55:00Z,2026-09-25T07:00:00Z,30586.25,30594.25,30576.62,30578.87
2026-09-25T07:00:00Z,2026-09-25T07:05:00Z,30579.12,30599.87,30577.54,30584.12
2026-09-25T07:05:00Z,2026-09-25T07:10:00Z,30584,30600.06,30578.87,30590.87
2026-09-25T07:10:00Z,2026-09-25T07:15:00Z,30590.92,30609.48,30583.47,30606.62
2026-09-25T07:15:00Z,2026-09-25T07:20:00Z,30606.67,30614.75,30592.62,30597.48
2026-09-25T07:20:00Z,2026-09-25T07:25:00Z,30597.5,30603.75,30588.12,30594.75
2026-09-25T07:25:00Z,2026-09-25T07:30:00Z,30594.69,30614.25,30583.71,30611.12
2026-09-25T07:30:00Z,2026-09-25T07:35:00Z,30614.17,30616.83,30573.87,30576.05
2026-09-25T07:35:00Z,2026-09-25T07:40:00Z,30575.97,30584.87,30571.21,30571.37
2026-09-25T07:40:00Z,2026-09-25T07:45:00Z,30571.5,30581.42,30567.87,30572.87
2026-09-25T07:45:00Z,2026-09-25T07:50:00Z,30572.94,30592.68,30572.56,30574.62
2026-09-25T07:50:00Z,2026-09-25T07:55:00Z,30574.67,30584.12,30571.25,30578.87
2026-09-25T07:55:00Z,2026-09-25T08:00:00Z,30578.75,30590.37,30574.94,30580.43
2026-09-25T08:00:00Z,2026-09-25T08:05:00Z,30579.41,30589.12,30555.62,30559.25
2026-09-25T08:05:00Z,2026-09-25T08:10:00Z,30559.37,30575.41,30550.12,30571.17
2026-09-25T08:10:00Z,2026-09-25T08:15:00Z,30571.12,30602.4,30569.25,30590.37
2026-09-25T08:15:00Z,2026-09-25T08:20:00Z,30590.25,30609,30590.12,30598.87
2026-09-25T08:20:00Z,2026-09-25T08:25:00Z,30598.91,30621.33,30596.87,30620.37
2026-09-25T08:25:00Z,2026-09-25T08:30:00Z,30620.5,30638.98,30608.29,30635
2026-09-25T08:30:00Z,2026-09-25T08:35:00Z,30634.87,30645.67,30627.33,30639.62
2026-09-25T08:35:00Z,2026-09-25T08:40:00Z,30639.5,30644.33,30623.5,30629.08
2026-09-25T08:40:00Z,2026-09-25T08:45:00Z,30628.87,30647.29,30628.5,30646
2026-09-25T08:45:00Z,2026-09-25T08:50:00Z,30645.87,30656.44,30645.31,30645.56
2026-09-25T08:50:00Z,2026-09-25T08:55:00Z,30645.83,30653.83,30642.96,30652.94
2026-09-25T08:55:00Z,2026-09-25T09:00:00Z,30653,30666.31,30653,30658.69
2026-09-25T09:00:00Z,2026-09-25T09:05:00Z,30658.62,30667.12,30653.81,30659.62
2026-09-25T09:05:00Z,2026-09-25T09:10:00Z,30659.69,30672.04,30658.22,30670.62
2026-09-25T09:10:00Z,2026-09-25T09:15:00Z,30670.75,30672,30662.5,30665.67
2026-09-25T09:15:00Z,2026-09-25T09:20:00Z,30665.62,30672.66,30660.68,30662.25
2026-09-25T09:20:00Z,2026-09-25T09:25:00Z,30662.19,30664.23,30652.12,30661.12
2026-09-25T09:25:00Z,2026-09-25T09:30:00Z,30661.08,30661.71,30649.52,30650.91
2026-09-25T09:30:00Z,2026-09-25T09:35:00Z,30651.06,30663.92,30642,30656.16
2026-09-25T09:35:00Z,2026-09-25T09:40:00Z,30656.12,30658.31,30646.75,30653.87
2026-09-25T09:40:00Z,2026-09-25T09:45:00Z,30653.83,30656.12,30644.62,30649.08
2026-09-25T09:45:00Z,2026-09-25T09:50:00Z,30649.06,30649.62,30628,30633.42
2026-09-25T09:50:00Z,2026-09-25T09:55:00Z,30633.37,30635.5,30623.95,30634.12
2026-09-25T09:55:00Z,2026-09-25T10:00:00Z,30634,30641.83,30628.25,30628.25
2026-09-25T10:00:00Z,2026-09-25T10:05:00Z,30628.5,30637.66,30617.34,30618.62
2026-09-25T10:05:00Z,2026-09-25T10:10:00Z,30618.55,30626.06,30612.62,30622.81
2026-09-25T10:10:00Z,2026-09-25T10:15:00Z,30622.75,30644.56,30621.62,30640
2026-09-25T10:15:00Z,2026-09-25T10:20:00Z,30639.87,30651.06,30639,30646.43
2026-09-25T10:20:00Z,2026-09-25T10:25:00Z,30646.58,30654.25,30639,30642.62
2026-09-25T10:25:00Z,2026-09-25T10:30:00Z,30642.73,30647.12,30639.31,30640.8
2026-09-25T10:30:00Z,2026-09-25T10:35:00Z,30640.81,30650.25,30629.87,30639.12
2026-09-25T10:35:00Z,2026-09-25T10:40:00Z,30639.18,30645.25,30624.21,30626.31
2026-09-25T10:40:00Z,2026-09-25T10:45:00Z,30626.17,30635.87,30623.5,30632.75
2026-09-25T10:45:00Z,2026-09-25T10:50:00Z,30632.87,30639.06,30624.58,30636
2026-09-25T10:50:00Z,2026-09-25T10:55:00Z,30635.9,30644.68,30626.95,30639.43
2026-09-25T10:55:00Z,2026-09-25T11:00:00Z,30639.37,30639.37,30626.62,30634.12
2026-09-25T11:00:00Z,2026-09-25T11:05:00Z,30634.37,30649.58,30625.44,30633.12
2026-09-25T11:05:00Z,2026-09-25T11:10:00Z,30633,30672.29,30632.81,30671.25
2026-09-25T11:10:00Z,2026-09-25T11:15:00Z,30671.12,30686.71,30667.93,30686.5
2026-09-25T11:15:00Z,2026-09-25T11:20:00Z,30686.04,30706.5,30685.12,30693.97
2026-09-25T11:20:00Z,2026-09-25T11:25:00Z,30694,30696.41,30687,30689.81
2026-09-25T11:25:00Z,2026-09-25T11:30:00Z,30689.87,30702.75,30686.25,30689
2026-09-25T11:30:00Z,2026-09-25T11:35:00Z,30688.87,30693.12,30681.87,30690.12
2026-09-25T11:35:00Z,2026-09-25T11:40:00Z,30690.18,30708.27,30671.37,30672.87
2026-09-25T11:40:00Z,2026-09-25T11:45:00Z,30673.12,30687.92,30673.08,30682.93
2026-09-25T11:45:00Z,2026-09-25T11:50:00Z,30682.94,30686.18,30679.23,30679.62
2026-09-25T11:50:00Z,2026-09-25T11:55:00Z,30679.75,30693.45,30674.79,30691.62
2026-09-25T11:55:00Z,2026-09-25T12:00:00Z,30691.58,30693.56,30672.29,30672.91
2026-09-25T12:00:00Z,2026-09-25T12:05:00Z,30672.87,30690.25,30668.12,30684.25
2026-09-25T12:05:00Z,2026-09-25T12:10:00Z,30684.16,30689.55,30672.81,30673.62
2026-09-25T12:10:00Z,2026-09-25T12:15:00Z,30673.33,30682.62,30655.37,30664.5
2026-09-25T12:15:00Z,2026-09-25T12:20:00Z,30664.44,30664.75,30628.81,30636.87
2026-09-25T12:20:00Z,2026-09-25T12:25:00Z,30636.62,30656.81,30631.62,30647.06
2026-09-25T12:25:00Z,2026-09-25T12:30:00Z,30647,30653.5,30640.31,30644.12
2026-09-25T12:30:00Z,2026-09-25T12:35:00Z,30644.06,30648.5,30617,30630.87
2026-09-25T12:35:00Z,2026-09-25T12:40:00Z,30630.75,30632,30616.05,30621.87
2026-09-25T12:40:00Z,2026-09-25T12:45:00Z,30622,30625.81,30589.87,30608.66
2026-09-25T12:45:00Z,2026-09-25T12:50:00Z,30608.91,30633.12,30590.97,30597.87
2026-09-25T12:50:00Z,2026-09-25T12:55:00Z,30598,30601.2,30583.81,30588.02
2026-09-25T12:55:00Z,2026-09-25T13:00:00Z,30587.96,30599.08,30583.57,30589.72
2026-09-25T13:00:00Z,2026-09-25T13:05:00Z,30589.69,30593.47,30565.81,30590.44
2026-09-25T13:05:00Z,2026-09-25T13:10:00Z,30590.5,30611.37,30589.96,30611.18
2026-09-25T13:10:00Z,2026-09-25T13:15:00Z,30611.12,30620.37,30607.25,30610.97
2026-09-25T13:15:00Z,2026-09-25T13:20:00Z,30610.91,30611.84,30570.56,30571.68
2026-09-25T13:20:00Z,2026-09-25T13:25:00Z,30571.7,30581.44,30568.13,30568.41
2026-09-25T13:25:00Z,2026-09-25T13:30:00Z,30568.44,30573.31,30532.54,30532.54
2026-09-25T13:30:00Z,2026-09-25T13:35:00Z,30531.71,30563.79,30479.74,30560.09
2026-09-25T13:35:00Z,2026-09-25T13:40:00Z,30560.5,30588.59,30555.5,30580.28
2026-09-25T13:40:00Z,2026-09-25T13:45:00Z,30579.66,30601.83,30563.56,30588
2026-09-25T13:45:00Z,2026-09-25T13:50:00Z,30588.34,30600.46,30559.78,30585.81
2026-09-25T13:50:00Z,2026-09-25T13:55:00Z,30585.84,30634.04,30577.94,30622.69
2026-09-25T13:55:00Z,2026-09-25T14:00:00Z,30622.71,30638.31,30590.66,30611.58
2026-09-25T14:00:00Z,2026-09-25T14:05:00Z,30611.75,30614.31,30510.33,30516.29
2026-09-25T14:05:00Z,2026-09-25T14:10:00Z,30515.91,30528,30464.53,30519
2026-09-25T14:10:00Z,2026-09-25T14:15:00Z,30518.97,30535,30447.37,30452.83
2026-09-25T14:15:00Z,2026-09-25T14:20:00Z,30453.12,30464.38,30396.5,30433.31
2026-09-25T14:20:00Z,2026-09-25T14:25:00Z,30433.29,30472,30421.24,30464.06
2026-09-25T14:25:00Z,2026-09-25T14:30:00Z,30464.03,30490.71,30438.69,30443.21
2026-09-25T14:30:00Z,2026-09-25T14:35:00Z,30443.12,30493.71,30431.29,30482.25
2026-09-25T14:35:00Z,2026-09-25T14:40:00Z,30482.18,30515.45,30473.71,30502.75
2026-09-25T14:40:00Z,2026-09-25T14:45:00Z,30503,30508.22,30450.95,30476.56
2026-09-25T14:45:00Z,2026-09-25T14:50:00Z,30477.25,30509.54,30455.25,30501.88
2026-09-25T14:50:00Z,2026-09-25T14:55:00Z,30501.81,30505.12,30463.5,30497.66
2026-09-25T14:55:00Z,2026-09-25T15:00:00Z,30498.04,30541.2,30494.75,30535.49
2026-09-25T15:00:00Z,2026-09-25T15:05:00Z,30535.19,30579.29,30525.81,30567.96
2026-09-25T15:05:00Z,2026-09-25T15:10:00Z,30567.94,30583.21,30556.78,30558.29
2026-09-25T15:10:00Z,2026-09-25T15:15:00Z,30558.28,30561.29,30518.22,30532.75
2026-09-25T15:15:00Z,2026-09-25T15:20:00Z,30532.71,30549.75,30515.78,30523.37
2026-09-25T15:20:00Z,2026-09-25T15:25:00Z,30523.58,30555.62,30512.67,30524.25
2026-09-25T15:25:00Z,2026-09-25T15:30:00Z,30524.29,30539.71,30515.89,30525.47
2026-09-25T15:30:00Z,2026-09-25T15:35:00Z,30525.25,30572.29,30524.04,30529.37
2026-09-25T15:35:00Z,2026-09-25T15:40:00Z,30529.44,30534.62,30475.94,30484.25
2026-09-25T15:40:00Z,2026-09-25T15:45:00Z,30484.46,30502.76,30462,30463.44
2026-09-25T15:45:00Z,2026-09-25T15:50:00Z,30463.46,30494.5,30447.44,30494.22
2026-09-25T15:50:00Z,2026-09-25T15:55:00Z,30494.16,30498,30443.34,30485.37
2026-09-25T15:55:00Z,2026-09-25T16:00:00Z,30485.41,30571.44,30485.16,30570
2026-09-25T16:00:00Z,2026-09-25T16:05:00Z,30569.34,30631.5,30558.5,30626.12
2026-09-25T16:05:00Z,2026-09-25T16:10:00Z,30626.03,30651.6,30617.83,30642.5
2026-09-25T16:10:00Z,2026-09-25T16:15:00Z,30642.46,30662,30621,30638.87
2026-09-25T16:15:00Z,2026-09-25T16:20:00Z,30639.06,30663.48,30606.25,30613.5
2026-09-25T16:20:00Z,2026-09-25T16:25:00Z,30613.56,30618.06,30551.17,30577.44
2026-09-25T16:25:00Z,2026-09-25T16:30:00Z,30577.56,30639.29,30573.53,30636.94
2026-09-25T16:30:00Z,2026-09-25T16:35:00Z,30636.96,30644.46,30579.06,30591.94
2026-09-25T16:35:00Z,2026-09-25T16:40:00Z,30591.87,30628.62,30589.2,30610.19
2026-09-25T16:40:00Z,2026-09-25T16:45:00Z,30610.13,30633.5,30598.79,30617
2026-09-25T16:45:00Z,2026-09-25T16:50:00Z,30616.96,30619.43,30576.58,30593.47
2026-09-25T16:50:00Z,2026-09-25T16:55:00Z,30593.41,30610.37,30589.19,30604.37
2026-09-25T16:55:00Z,2026-09-25T17:00:00Z,30604.41,30614.85,30574.38,30589.79
2026-09-25T17:00:00Z,2026-09-25T17:05:00Z,30589.75,30632.22,30585.14,30622.19
2026-09-25T17:05:00Z,2026-09-25T17:10:00Z,30622.13,30629.25,30601.78,30623.81
2026-09-25T17:10:00Z,2026-09-25T17:15:00Z,30623.88,30634.5,30603.83,30634.35
2026-09-25T17:15:00Z,2026-09-25T17:20:00Z,30634.31,30638.66,30618.29,30623.41
2026-09-25T17:20:00Z,2026-09-25T17:25:00Z,30623.38,30636.85,30621.63,30635.31
2026-09-25T17:25:00Z,2026-09-25T17:30:00Z,30635.35,30636.77,30623.08,30630.13
2026-09-25T17:30:00Z,2026-09-25T17:35:00Z,30630.09,30635.13,30601.73,30611.44
2026-09-25T17:35:00Z,2026-09-25T17:40:00Z,30611.46,30624.58,30598.44,30615.2
2026-09-25T17:40:00Z,2026-09-25T17:45:00Z,30615.25,30634.44,30613.62,30617.5
2026-09-25T17:45:00Z,2026-09-25T17:50:00Z,30617.41,30630.9,30611.46,30630.1
2026-09-25T17:50:00Z,2026-09-25T17:55:00Z,30630.06,30630.54,30602.79,30612.1
2026-09-25T17:55:00Z,2026-09-25T18:00:00Z,30612.15,30624,30609.92,30623.98
2026-09-25T18:00:00Z,2026-09-25T18:05:00Z,30623.9,30628.69,30615.67,30617
2026-09-25T18:05:00Z,2026-09-25T18:10:00Z,30616.78,30626.65,30608.83,30624.78
2026-09-25T18:10:00Z,2026-09-25T18:15:00Z,30624.85,30641.08,30617.25,30640.2
2026-09-25T18:15:00Z,2026-09-25T18:20:00Z,30640.21,30642.18,30625.94,30631.53
2026-09-25T18:20:00Z,2026-09-25T18:25:00Z,30631.5,30634.23,30622.31,30629.42
2026-09-25T18:25:00Z,2026-09-25T18:30:00Z,30629.33,30634.18,30583.35,30603.21
2026-09-25T18:30:00Z,2026-09-25T18:35:00Z,30603.13,30628.53,30603,30618.13
2026-09-25T18:35:00Z,2026-09-25T18:40:00Z,30618.25,30620.58,30588.34,30589
2026-09-25T18:40:00Z,2026-09-25T18:45:00Z,30588.96,30612.73,30580.21,30612.27
2026-09-25T18:45:00Z,2026-09-25T18:50:00Z,30612.16,30614.53,30592.09,30597.21
2026-09-25T18:50:00Z,2026-09-25T18:55:00Z,30597.13,30599.63,30585.94,30587.25
2026-09-25T18:55:00Z,2026-09-25T19:00:00Z,30587.29,30593.13,30579.25,30580.81
2026-09-25T19:00:00Z,2026-09-25T19:05:00Z,30580.88,30596.5,30575.23,30592.65
2026-09-25T19:05:00Z,2026-09-25T19:10:00Z,30592.69,30603.79,30588.75,30599.24
2026-09-25T19:10:00Z,2026-09-25T19:15:00Z,30599.25,30611.98,30594.48,30610.9
2026-09-25T19:15:00Z,2026-09-25T19:20:00Z,30610.83,30615.54,30598,30598.03
2026-09-25T19:20:00Z,2026-09-25T19:25:00Z,30598.04,30602.25,30582.96,30591.15
2026-09-25T19:25:00Z,2026-09-25T19:30:00Z,30591.21,30592.23,30571.44,30577.33
2026-09-25T19:30:00Z,2026-09-25T19:35:00Z,30577.73,30582.39,30564.29,30564.43
2026-09-25T19:35:00Z,2026-09-25T19:40:00Z,30564.42,30594.25,30557.1,30592.04
2026-09-25T19:40:00Z,2026-09-25T19:45:00Z,30592.06,30611.69,30584.29,30603.63
2026-09-25T19:45:00Z,2026-09-25T19:50:00Z,30603.6,30630.65,30603.6,30620.54
2026-09-25T19:50:00Z,2026-09-25T19:55:00Z,30620.46,30647.06,30620.46,30623.21
2026-09-25T19:55:00Z,2026-09-25T20:00:00Z,30623.28,30630.37,30595.98,30603.5
2026-09-25T20:00:00Z,2026-09-25T20:05:00Z,30603.17,30610.79,30592.73,30607.91
2026-09-25T20:05:00Z,2026-09-25T20:10:00Z,30607.88,30616.03,30601.04,30609.29
2026-09-25T20:10:00Z,2026-09-25T20:15:00Z,30609.25,30611.54,30602.81,30603.75
2026-09-25T20:15:00Z,2026-09-25T20:20:00Z,30603.71,30605.03,30597,30601.5
2026-09-25T20:20:00Z,2026-09-25T20:25:00Z,30601.62,30602.83,30595.96,30600.33
2026-09-25T20:25:00Z,2026-09-25T20:30:00Z,30600.35,30611.81,30599.06,30610.38
2026-09-25T20:30:00Z,2026-09-25T20:35:00Z,30610.44,30626.24,30609.29,30625.5
2026-09-25T20:35:00Z,2026-09-25T20:40:00Z,30625.51,30630.38,30622.58,30623.56
2026-09-25T20:40:00Z,2026-09-25T20:45:00Z,30623.5,30628.96,30622.23,30627.75
2026-09-27T22:00:00Z,2026-09-27T22:05:00Z,30627.75,30637.37,30534.12,30563.5
2026-09-27T22:05:00Z,2026-09-27T22:10:00Z,30563.37,30581.1,30551.5,30561
2026-09-27T22:10:00Z,2026-09-27T22:15:00Z,30560.87,30567.87,30533.52,30537.75
2026-09-27T22:15:00Z,2026-09-27T22:20:00Z,30537.62,30549.37,30533.47,30536.5
2026-09-27T22:20:00Z,2026-09-27T22:25:00Z,30536.57,30543.67,30512.69,30540.87
2026-09-27T22:25:00Z,2026-09-27T22:30:00Z,30541,30559.48,30539.25,30541.12
2026-09-27T22:30:00Z,2026-09-27T22:35:00Z,30541,30541,30517.91,30520.37
2026-09-27T22:35:00Z,2026-09-27T22:40:00Z,30520.5,30526.25,30517.8,30526
2026-09-27T22:40:00Z,2026-09-27T22:45:00Z,30525.91,30526.5,30520.16,30524.37
2026-09-27T22:45:00Z,2026-09-27T22:50:00Z,30524.15,30524.62,30510.46,30511.75
2026-09-27T22:50:00Z,2026-09-27T22:55:00Z,30511.62,30513.67,30501.12,30503.25
2026-09-27T22:55:00Z,2026-09-27T23:00:00Z,30503.23,30509.12,30502.27,30508.75
2026-09-27T23:00:00Z,2026-09-27T23:05:00Z,30508.77,30514.12,30501.12,30510.87
2026-09-27T23:05:00Z,2026-09-27T23:10:00Z,30510.73,30521.25,30508.06,30518.62
2026-09-27T23:10:00Z,2026-09-27T23:15:00Z,30518.75,30529.12,30516.98,30526.75
2026-09-27T23:15:00Z,2026-09-27T23:20:00Z,30526.87,30533.5,30522.75,30532.58
2026-09-27T23:20:00Z,2026-09-27T23:25:00Z,30532.56,30544.51,30530.75,30533.93
2026-09-27T23:25:00Z,2026-09-27T23:30:00Z,30533.87,30539.87,30532.66,30536.33
2026-09-27T23:30:00Z,2026-09-27T23:35:00Z,30536.25,30540.08,30519.62,30522.52
2026-09-27T23:35:00Z,2026-09-27T23:40:00Z,30522.62,30534,30519.97,30526.62
2026-09-27T23:40:00Z,2026-09-27T23:45:00Z,30526.75,30531.37,30517.75,30528.62
2026-09-27T23:45:00Z,2026-09-27T23:50:00Z,30528.75,30562.75,30528.62,30554.5
2026-09-27T23:50:00Z,2026-09-27T23:55:00Z,30554.42,30564.95,30537.83,30544.58
2026-09-27T23:55:00Z,2026-09-28T00:00:00Z,30544.62,30566.43,30540.83,30566
2026-09-28T00:00:00Z,2026-09-28T00:05:00Z,30565.91,30602.25,30557.87,30591.25
2026-09-28T00:05:00Z,2026-09-28T00:10:00Z,30591.12,30599.25,30582.37,30597.12
2026-09-28T00:10:00Z,2026-09-28T00:15:00Z,30597.2,30614.12,30594.62,30612.92
2026-09-28T00:15:00Z,2026-09-28T00:20:00Z,30613,30613.33,30594.12,30602.12
2026-09-28T00:20:00Z,2026-09-28T00:25:00Z,30602.18,30615.06,30596.08,30603.62
2026-09-28T00:25:00Z,2026-09-28T00:30:00Z,30603.58,30608,30584.31,30588.5
2026-09-28T00:30:00Z,2026-09-28T00:35:00Z,30588.33,30591.42,30546.41,30559.66
2026-09-28T00:35:00Z,2026-09-28T00:40:00Z,30559.73,30564.12,30543.67,30549.5
2026-09-28T00:40:00Z,2026-09-28T00:45:00Z,30549.52,30550.25,30528.87,30542.75
2026-09-28T00:45:00Z,2026-09-28T00:50:00Z,30542.66,30573.81,30542.16,30547.25
2026-09-28T00:50:00Z,2026-09-28T00:55:00Z,30547.12,30569.75,30539.72,30551.37
2026-09-28T00:55:00Z,2026-09-28T01:00:00Z,30551.48,30554.5,30508.87,30515.19
2026-09-28T01:00:00Z,2026-09-28T01:05:00Z,30515.33,30541.12,30509.08,30541.12
2026-09-28T01:05:00Z,2026-09-28T01:10:00Z,30541.28,30542.25,30504.5,30525.62
2026-09-28T01:10:00Z,2026-09-28T01:15:00Z,30525.5,30530.37,30511.95,30514.87
2026-09-28T01:15:00Z,2026-09-28T01:20:00Z,30514.92,30519.25,30490.37,30500.68
2026-09-28T01:20:00Z,2026-09-28T01:25:00Z,30500.75,30528,30497.25,30504.12
2026-09-28T01:25:00Z,2026-09-28T01:30:00Z,30504.1,30529.62,30501.41,30524
2026-09-28T01:30:00Z,2026-09-28T01:35:00Z,30523.87,30540.03,30522.12,30525.56
2026-09-28T01:35:00Z,2026-09-28T01:40:00Z,30525.62,30530.12,30517.53,30527.56
2026-09-28T01:40:00Z,2026-09-28T01:45:00Z,30527.67,30532.87,30495.87,30499.87
2026-09-28T01:45:00Z,2026-09-28T01:50:00Z,30500,30506.12,30471.5,30476.12
2026-09-28T01:50:00Z,2026-09-28T01:55:00Z,30476.08,30484.05,30460.29,30467.83
2026-09-28T01:55:00Z,2026-09-28T02:00:00Z,30467.87,30483.87,30459.18,30460.17
2026-09-28T02:00:00Z,2026-09-28T02:05:00Z,30460.25,30463.12,30442,30454.43
2026-09-28T02:05:00Z,2026-09-28T02:10:00Z,30454.5,30463.8,30434.37,30460.08
2026-09-28T02:10:00Z,2026-09-28T02:15:00Z,30460,30476.62,30457.5,30468.5
2026-09-28T02:15:00Z,2026-09-28T02:20:00Z,30468.37,30470.33,30437.12,30449.12
2026-09-28T02:20:00Z,2026-09-28T02:25:00Z,30449.25,30449.87,30418.12,30421.87
2026-09-28T02:25:00Z,2026-09-28T02:30:00Z,30422,30452.31,30419.25,30435.37
2026-09-28T02:30:00Z,2026-09-28T02:35:00Z,30435.35,30444,30419.62,30429.12
2026-09-28T02:35:00Z,2026-09-28T02:40:00Z,30429.08,30435.25,30410.31,30414.62
2026-09-28T02:40:00Z,2026-09-28T02:45:00Z,30414.58,30425.19,30409.73,30420.37
2026-09-28T02:45:00Z,2026-09-28T02:50:00Z,30420.33,30422.87,30397.85,30403.37
2026-09-28T02:50:00Z,2026-09-28T02:55:00Z,30403.33,30413.8,30400.06,30407.17
2026-09-28T02:55:00Z,2026-09-28T03:00:00Z,30407.25,30408.25,30385.12,30397
2026-09-28T03:00:00Z,2026-09-28T03:05:00Z,30396.87,30416,30395.5,30408.12
2026-09-28T03:05:00Z,2026-09-28T03:10:00Z,30408.08,30420,30401.75,30413.87
2026-09-28T03:10:00Z,2026-09-28T03:15:00Z,30414,30420.92,30397.33,30397.5
2026-09-28T03:15:00Z,2026-09-28T03:20:00Z,30397.37,30406.16,30390.22,30393.5
2026-09-28T03:20:00Z,2026-09-28T03:25:00Z,30393.62,30402.56,30384.54,30392.5
2026-09-28T03:25:00Z,2026-09-28T03:30:00Z,30392.46,30392.75,30381.06,30381.44
2026-09-28T03:30:00Z,2026-09-28T03:35:00Z,30381.5,30387.47,30370.87,30371.16
2026-09-28T03:35:00Z,2026-09-28T03:40:00Z,30371.12,30383.62,30361.62,30375.83
2026-09-28T03:40:00Z,2026-09-28T03:45:00Z,30375.87,30385.62,30369.19,30384.67
2026-09-28T03:45:00Z,2026-09-28T03:50:00Z,30384.62,30398.12,30378.87,30392.66
2026-09-28T03:50:00Z,2026-09-28T03:55:00Z,30392.62,30393.25,30375.08,30388.75
2026-09-28T03:55:00Z,2026-09-28T04:00:00Z,30388.66,30389.33,30358.81,30365.25
2026-09-28T04:00:00Z,2026-09-28T04:05:00Z,30365.2,30375.66,30355.5,30372.37
2026-09-28T04:05:00Z,2026-09-28T04:10:00Z,30372.31,30386.54,30369.12,30383.78
2026-09-28T04:10:00Z,2026-09-28T04:15:00Z,30383.81,30404.93,30383.67,30401.85
2026-09-28T04:15:00Z,2026-09-28T04:20:00Z,30401.87,30403.87,30389.37,30402.81
2026-09-28T04:20:00Z,2026-09-28T04:25:00Z,30402.75,30413.85,30402,30410
2026-09-28T04:25:00Z,2026-09-28T04:30:00Z,30409.87,30411.49,30393.19,30404.5
2026-09-28T04:30:00Z,2026-09-28T04:35:00Z,30404.37,30406.12,30392.29,30397.16
2026-09-28T04:35:00Z,2026-09-28T04:40:00Z,30397.25,30400.87,30391.08,30397.5
2026-09-28T04:40:00Z,2026-09-28T04:45:00Z,30397.62,30404.83,30396,30400.75
2026-09-28T04:45:00Z,2026-09-28T04:50:00Z,30400.83,30401.12,30385,30391.41
2026-09-28T04:50:00Z,2026-09-28T04:55:00Z,30391.5,30402.56,30391.25,30396.08
2026-09-28T04:55:00Z,2026-09-28T05:00:00Z,30396.12,30402.62,30390.37,30395.37
2026-09-28T05:00:00Z,2026-09-28T05:05:00Z,30395.44,30422.28,30394.62,30411
2026-09-28T05:05:00Z,2026-09-28T05:10:00Z,30411.12,30413.25,30392.25,30394.75
2026-09-28T05:10:00Z,2026-09-28T05:15:00Z,30394.62,30399.62,30376.25,30386.5
2026-09-28T05:15:00Z,2026-09-28T05:20:00Z,30386.37,30395.37,30373.94,30377.5
2026-09-28T05:20:00Z,2026-09-28T05:25:00Z,30377.37,30382.75,30369.5,30377.37
2026-09-28T05:25:00Z,2026-09-28T05:30:00Z,30377.41,30392.76,30373,30381.25
2026-09-28T05:30:00Z,2026-09-28T05:35:00Z,30381.17,30386.37,30364.67,30371
2026-09-28T05:35:00Z,2026-09-28T05:40:00Z,30371.12,30384.81,30355.17,30360.25
2026-09-28T05:40:00Z,2026-09-28T05:45:00Z,30360.17,30364.75,30347.52,30358.33
2026-09-28T05:45:00Z,2026-09-28T05:50:00Z,30358.37,30372.71,30356.37,30366.25
2026-09-28T05:50:00Z,2026-09-28T05:55:00Z,30366.37,30378.12,30351.33,30359
2026-09-28T05:55:00Z,2026-09-28T06:00:00Z,30359.12,30374.31,30355.62,30366.83
2026-09-28T06:00:00Z,2026-09-28T06:05:00Z,30366.87,30388.12,30352.62,30353.58
2026-09-28T06:05:00Z,2026-09-28T06:10:00Z,30353.43,30383.41,30345.5,30375.5
2026-09-28T06:10:00Z,2026-09-28T06:15:00Z,30375.62,30396.18,30349.22,30351.37
2026-09-28T06:15:00Z,2026-09-28T06:20:00Z,30351.33,30355,30323.04,30324.5
2026-09-28T06:20:00Z,2026-09-28T06:25:00Z,30324.69,30328.87,30313.12,30314.37
2026-09-28T06:25:00Z,2026-09-28T06:30:00Z,30314.37,30317.83,30300.16,30308.12
2026-09-28T06:30:00Z,2026-09-28T06:35:00Z,30308.25,30332.81,30298,30320.12
2026-09-28T06:35:00Z,2026-09-28T06:40:00Z,30320.28,30347.03,30319.08,30344.62
2026-09-28T06:40:00Z,2026-09-28T06:45:00Z,30344.5,30354.42,30328.33,30328.83
2026-09-28T06:45:00Z,2026-09-28T06:50:00Z,30328.75,30343.41,30327.08,30340.5
2026-09-28T06:50:00Z,2026-09-28T06:55:00Z,30340.58,30357.62,30329.37,30339.62
2026-09-28T06:55:00Z,2026-09-28T07:00:00Z,30339.5,30365.75,30334.41,30362.87
2026-09-28T07:00:00Z,2026-09-28T07:05:00Z,30362.81,30363,30321.37,30340.25
2026-09-28T07:05:00Z,2026-09-28T07:10:00Z,30340.37,30344.87,30325.08,30334.75
2026-09-28T07:10:00Z,2026-09-28T07:15:00Z,30334.62,30341.25,30307.62,30312.45
2026-09-28T07:15:00Z,2026-09-28T07:20:00Z,30312.5,30326.53,30306.37,30323.5
2026-09-28T07:20:00Z,2026-09-28T07:25:00Z,30323.37,30332.62,30306.37,30323.47
2026-09-28T07:25:00Z,2026-09-28T07:30:00Z,30323.43,30334.5,30305.43,30312.41
2026-09-28T07:30:00Z,2026-09-28T07:35:00Z,30312.5,30318.68,30303.25,30313.62
2026-09-28T07:35:00Z,2026-09-28T07:40:00Z,30313.5,30323,30293.55,30306.87
2026-09-28T07:40:00Z,2026-09-28T07:45:00Z,30306.93,30330.31,30289,30295.75
2026-09-28T07:45:00Z,2026-09-28T07:50:00Z,30295.87,30334.25,30294.75,30329.5
2026-09-28T07:50:00Z,2026-09-28T07:55:00Z,30329.62,30338.37,30308.83,30337.62
2026-09-28T07:55:00Z,2026-09-28T08:00:00Z,30337.58,30346.06,30320.25,30327.62
2026-09-28T08:00:00Z,2026-09-28T08:05:00Z,30327.5,30336.45,30306.25,30327.91
2026-09-28T08:05:00Z,2026-09-28T08:10:00Z,30327.91,30337.83,30309.91,30329.62
2026-09-28T08:10:00Z,2026-09-28T08:15:00Z,30329.47,30353.5,30318.37,30350.66
2026-09-28T08:15:00Z,2026-09-28T08:20:00Z,30350.62,30356.87,30325.17,30329.33
2026-09-28T08:20:00Z,2026-09-28T08:25:00Z,30329.18,30333.25,30309.37,30317.12
2026-09-28T08:25:00Z,2026-09-28T08:30:00Z,30317.17,30340.91,30316.33,30339.42
2026-09-28T08:30:00Z,2026-09-28T08:35:00Z,30339.5,30347.31,30321.97,30326.5
2026-09-28T08:35:00Z,2026-09-28T08:40:00Z,30326.62,30329.87,30288.2,30300.62
2026-09-28T08:40:00Z,2026-09-28T08:45:00Z,30300.56,30316,30298.42,30306.37
2026-09-28T08:45:00Z,2026-09-28T08:50:00Z,30306.33,30314.37,30292.58,30306.62
2026-09-28T08:50:00Z,2026-09-28T08:55:00Z,30306.66,30316.75,30293.43,30298.83
2026-09-28T08:55:00Z,2026-09-28T09:00:00Z,30298.75,30307.87,30295.43,30296.19
2026-09-28T09:00:00Z,2026-09-28T09:05:00Z,30296.12,30323.25,30280.58,30283.41
2026-09-28T09:05:00Z,2026-09-28T09:10:00Z,30283.37,30291,30266.25,30267.41
2026-09-28T09:10:00Z,2026-09-28T09:15:00Z,30267.37,30269.12,30253.89,30261.12
2026-09-28T09:15:00Z,2026-09-28T09:20:00Z,30261.17,30291.42,30252.75,30289.12
2026-09-28T09:20:00Z,2026-09-28T09:25:00Z,30289.25,30307.94,30287.06,30296.41
2026-09-28T09:25:00Z,2026-09-28T09:30:00Z,30296.37,30305.75,30283.5,30305.16
2026-09-28T09:30:00Z,2026-09-28T09:35:00Z,30305.12,30309,30276.75,30277.18
2026-09-28T09:35:00Z,2026-09-28T09:40:00Z,30277.12,30301,30276.08,30287.87
2026-09-28T09:40:00Z,2026-09-28T09:45:00Z,30287.91,30311.67,30286.81,30310.19
2026-09-28T09:45:00Z,2026-09-28T09:50:00Z,30310.33,30318.75,30306.75,30316.75
2026-09-28T09:50:00Z,2026-09-28T09:55:00Z,30316.81,30324.25,30309.17,30311.12
2026-09-28T09:55:00Z,2026-09-28T10:00:00Z,30311.08,30315.5,30299.97,30309.12
2026-09-28T10:00:00Z,2026-09-28T10:05:00Z,30309,30323.75,30306.25,30321.75
2026-09-28T10:05:00Z,2026-09-28T10:10:00Z,30321.87,30322.87,30280.81,30284
2026-09-28T10:10:00Z,2026-09-28T10:15:00Z,30284.12,30298.52,30265.87,30284.58
2026-09-28T10:15:00Z,2026-09-28T10:20:00Z,30284.62,30296.43,30281.2,30281.2
2026-09-28T10:20:00Z,2026-09-28T10:25:00Z,30281.25,30295.25,30281.12,30286.08
2026-09-28T10:25:00Z,2026-09-28T10:30:00Z,30286.12,30293.62,30276.56,30293.62
2026-09-28T10:30:00Z,2026-09-28T10:35:00Z,30293.56,30297.96,30278.7,30294.92
2026-09-28T10:35:00Z,2026-09-28T10:40:00Z,30295,30301,30283.12,30289.62
2026-09-28T10:40:00Z,2026-09-28T10:45:00Z,30289.58,30302,30288.12,30293.21
2026-09-28T10:45:00Z,2026-09-28T10:50:00Z,30293.05,30305.87,30291.33,30302.25
2026-09-28T10:50:00Z,2026-09-28T10:55:00Z,30302.33,30332.83,30298.87,30317.72
2026-09-28T10:55:00Z,2026-09-28T11:00:00Z,30317.75,30318.69,30300.37,30302.12
2026-09-28T11:00:00Z,2026-09-28T11:05:00Z,30302.17,30357.62,30302.17,30331.12
2026-09-28T11:05:00Z,2026-09-28T11:10:00Z,30331,30334.37,30305.25,30327.12
2026-09-28T11:10:00Z,2026-09-28T11:15:00Z,30327.25,30327.62,30304.66,30309.62
2026-09-28T11:15:00Z,2026-09-28T11:20:00Z,30309.68,30346.25,30305.37,30308.75
2026-09-28T11:20:00Z,2026-09-28T11:25:00Z,30308.62,30356.43,30305.37,30355.81
2026-09-28T11:25:00Z,2026-09-28T11:30:00Z,30355.87,30359.51,30348.87,30358.87
2026-09-28T11:30:00Z,2026-09-28T11:35:00Z,30358.91,30361.37,30336.06,30354
2026-09-28T11:35:00Z,2026-09-28T11:40:00Z,30354.12,30359.75,30346.58,30352.87
2026-09-28T11:40:00Z,2026-09-28T11:45:00Z,30352.78,30360.84,30344.56,30360.84
2026-09-28T11:45:00Z,2026-09-28T11:50:00Z,30361,30365.75,30350.06,30355.62
2026-09-28T11:50:00Z,2026-09-28T11:55:00Z,30355.75,30361.62,30341.69,30345.75
2026-09-28T11:55:00Z,2026-09-28T12:00:00Z,30345.87,30361.5,30344.53,30356.87
2026-09-28T12:00:00Z,2026-09-28T12:05:00Z,30357,30403.75,30329.17,30399
2026-09-28T12:05:00Z,2026-09-28T12:10:00Z,30399.12,30428.92,30395.48,30415.37
2026-09-28T12:10:00Z,2026-09-28T12:15:00Z,30415.33,30435.31,30402.62,30420.25
2026-09-28T12:15:00Z,2026-09-28T12:20:00Z,30420.12,30444.35,30416.62,30441.12
2026-09-28T12:20:00Z,2026-09-28T12:25:00Z,30441.16,30452.19,30405.58,30422.67
2026-09-28T12:25:00Z,2026-09-28T12:30:00Z,30422.81,30445.75,30410.5,30411.37
2026-09-28T12:30:00Z,2026-09-28T12:35:00Z,30411.25,30433.75,30408.79,30432.75
2026-09-28T12:35:00Z,2026-09-28T12:40:00Z,30432.62,30434.41,30416.12,30428.62
2026-09-28T12:40:00Z,2026-09-28T12:45:00Z,30428.5,30444.62,30411,30444.62
2026-09-28T12:45:00Z,2026-09-28T12:50:00Z,30444.69,30460.19,30437.62,30444.51
2026-09-28T12:50:00Z,2026-09-28T12:55:00Z,30444.5,30463.53,30438.75,30458.18
2026-09-28T12:55:00Z,2026-09-28T13:00:00Z,30458.12,30470.37,30439.66,30456.43
2026-09-28T13:00:00Z,2026-09-28T13:05:00Z,30456.5,30457.12,30416.44,30416.87
2026-09-28T13:05:00Z,2026-09-28T13:10:00Z,30417,30429.96,30414.42,30424.87
2026-09-28T13:10:00Z,2026-09-28T13:15:00Z,30425,30434.62,30419.29,30425.53
2026-09-28T13:15:00Z,2026-09-28T13:20:00Z,30425.56,30433.31,30408.22,30416.75
2026-09-28T13:20:00Z,2026-09-28T13:25:00Z,30416.87,30424.96,30410,30415.06
2026-09-28T13:25:00Z,2026-09-28T13:30:00Z,30415.12,30441.5,30414.37,30434.69
2026-09-28T13:30:00Z,2026-09-28T13:35:00Z,30434.78,30476,30391.44,30394.29
2026-09-28T13:35:00Z,2026-09-28T13:40:00Z,30394.25,30396.04,30334.73,30360.72
2026-09-28T13:40:00Z,2026-09-28T13:45:00Z,30360.66,30375.5,30318.75,30329.16
2026-09-28T13:45:00Z,2026-09-28T13:50:00Z,30329.44,30366.56,30309.69,30345.5
2026-09-28T13:50:00Z,2026-09-28T13:55:00Z,30345.5,30383.28,30300.12,30369.18
2026-09-28T13:55:00Z,2026-09-28T14:00:00Z,30369.29,30385.53,30343.46,30368.03
2026-09-28T14:00:00Z,2026-09-28T14:05:00Z,30367.94,30375.21,30310.62,30312.91
2026-09-28T14:05:00Z,2026-09-28T14:10:00Z,30312.91,30315.25,30280.34,30280.62
2026-09-28T14:10:00Z,2026-09-28T14:15:00Z,30280.37,30280.37,30224.49,30238.5
2026-09-28T14:15:00Z,2026-09-28T14:20:00Z,30238.54,30294.74,30237.71,30287.81
2026-09-28T14:20:00Z,2026-09-28T14:25:00Z,30287.93,30317.84,30270.81,30303.78
2026-09-28T14:25:00Z,2026-09-28T14:30:00Z,30303.79,30306.88,30258.97,30264.29
2026-09-28T14:30:00Z,2026-09-28T14:35:00Z,30264.5,30280.35,30255.08,30263.29
2026-09-28T14:35:00Z,2026-09-28T14:40:00Z,30263.34,30268.31,30206.66,30216.53
2026-09-28T14:40:00Z,2026-09-28T14:45:00Z,30216.5,30228.56,30142.43,30145.44
2026-09-28T14:45:00Z,2026-09-28T14:50:00Z,30145.53,30151,30073.79,30103.57
2026-09-28T14:50:00Z,2026-09-28T14:55:00Z,30103.54,30131.5,30090.71,30096.69
2026-09-28T14:55:00Z,2026-09-28T15:00:00Z,30096.75,30137.6,30088.36,30126.56
2026-09-28T15:00:00Z,2026-09-28T15:05:00Z,30126.71,30163,30122.25,30158.29
2026-09-28T15:05:00Z,2026-09-28T15:10:00Z,30158.34,30209.21,30145.75,30208.53
2026-09-28T15:10:00Z,2026-09-28T15:15:00Z,30208.56,30219.55,30191.81,30199.19
2026-09-28T15:15:00Z,2026-09-28T15:20:00Z,30199.16,30200.75,30164.93,30182.46
2026-09-28T15:20:00Z,2026-09-28T15:25:00Z,30182.38,30196.63,30170.46,30188.79
2026-09-28T15:25:00Z,2026-09-28T15:30:00Z,30188.59,30218.96,30177.75,30210.96
2026-09-28T15:30:00Z,2026-09-28T15:35:00Z,30210.88,30215.28,30190.02,30201.75
2026-09-23T01:10:00Z,2026-09-23T01:15:00Z,30737.62,30737.97,30724.75,30733.5
2026-09-23T01:15:00Z,2026-09-23T01:20:00Z,30733.37,30743.21,30726.06,30742.69
2026-09-23T01:20:00Z,2026-09-23T01:25:00Z,30742.75,30753,30737.68,30752
2026-09-23T01:25:00Z,2026-09-23T01:30:00Z,30751.31,30764.06,30748,30760.06
2026-09-23T01:30:00Z,2026-09-23T01:35:00Z,30760,30764.52,30731.12,30738.5
2026-09-23T01:35:00Z,2026-09-23T01:40:00Z,30738.62,30741,30729.18,30733.37
2026-09-23T01:40:00Z,2026-09-23T01:45:00Z,30733.5,30734.68,30719.17,30721
2026-09-23T01:45:00Z,2026-09-23T01:50:00Z,30720.91,30729.94,30719.29,30722.18
2026-09-23T01:50:00Z,2026-09-23T01:55:00Z,30722.25,30726.46,30717.66,30723.62
2026-09-23T01:55:00Z,2026-09-23T02:00:00Z,30723.75,30727.17,30719.1,30722.66
2026-09-23T02:00:00Z,2026-09-23T02:05:00Z,30722.75,30728.06,30713.52,30721.93
2026-09-23T02:05:00Z,2026-09-23T02:10:00Z,30721.87,30724.37,30710.81,30711.87
2026-09-23T02:10:00Z,2026-09-23T02:15:00Z,30711.81,30712.83,30704.25,30708.5
2026-09-23T02:15:00Z,2026-09-23T02:20:00Z,30708.62,30719,30690.56,30708
2026-09-23T02:20:00Z,2026-09-23T02:25:00Z,30708.03,30723.87,30706.53,30718.37
2026-09-23T02:25:00Z,2026-09-23T02:30:00Z,30718.25,30727.12,30716.87,30719.37
2026-09-23T02:30:00Z,2026-09-23T02:35:00Z,30719.33,30723.28,30712,30716.33
2026-09-23T02:35:00Z,2026-09-23T02:40:00Z,30716.37,30719.12,30707.97,30709.19
2026-09-23T02:40:00Z,2026-09-23T02:45:00Z,30709.45,30714.5,30706.81,30708.67
2026-09-23T02:45:00Z,2026-09-23T02:50:00Z,30708.62,30720.5,30708.37,30716.6
2026-09-23T02:50:00Z,2026-09-23T02:55:00Z,30716.81,30718.28,30712.81,30717.94
2026-09-23T02:55:00Z,2026-09-23T03:00:00Z,30718,30718.62,30713.87,30715.31
2026-09-23T03:00:00Z,2026-09-23T03:05:00Z,30715.25,30715.79,30708.06,30710.69
2026-09-23T03:05:00Z,2026-09-23T03:10:00Z,30710.62,30713.09,30706.6,30709
2026-09-23T03:10:00Z,2026-09-23T03:15:00Z,30709.06,30714.75,30708.06,30712.87
2026-09-23T03:15:00Z,2026-09-23T03:20:00Z,30712.92,30714.37,30699.16,30703.79
2026-09-23T03:20:00Z,2026-09-23T03:25:00Z,30703.87,30718.67,30703.37,30714.31
2026-09-23T03:25:00Z,2026-09-23T03:30:00Z,30714.28,30721.29,30706.56,30707
2026-09-23T03:30:00Z,2026-09-23T03:35:00Z,30706.83,30720.87,30706.78,30720.87
2026-09-23T03:35:00Z,2026-09-23T03:40:00Z,30721,30721.85,30715.87,30718.62
2026-09-23T03:40:00Z,2026-09-23T03:45:00Z,30718.5,30733.2,30717.28,30726.5
2026-09-23T03:45:00Z,2026-09-23T03:50:00Z,30726.53,30730.31,30725.12,30727.06
2026-09-23T03:50:00Z,2026-09-23T03:55:00Z,30727,30732.21,30725.12,30732.21
2026-09-23T03:55:00Z,2026-09-23T04:00:00Z,30732.06,30732.29,30719.34,30720.19
2026-09-23T04:00:00Z,2026-09-23T04:05:00Z,30720.33,30731.79,30718.03,30731.31
2026-09-23T04:05:00Z,2026-09-23T04:10:00Z,30731.25,30741.69,30730.62,30738.81
2026-09-23T04:10:00Z,2026-09-23T04:15:00Z,30738.79,30741.01,30733.41,30738.37
2026-09-23T04:15:00Z,2026-09-23T04:20:00Z,30738.42,30744.22,30736.94,30744.22
2026-09-23T04:20:00Z,2026-09-23T04:25:00Z,30744.25,30751.69,30742.37,30747.19
2026-09-23T04:25:00Z,2026-09-23T04:30:00Z,30747.25,30750.5,30743.46,30746.31
2026-09-23T04:30:00Z,2026-09-23T04:35:00Z,30746.25,30755.1,30745.47,30752.75
2026-09-23T04:35:00Z,2026-09-23T04:40:00Z,30752.87,30758.97,30748.12,30750.79
2026-09-23T04:40:00Z,2026-09-23T04:45:00Z,30750.79,30757.56,30748.5,30755.87
2026-09-23T04:45:00Z,2026-09-23T04:50:00Z,30755.87,30758.58,30753.5,30756.62
2026-09-23T04:50:00Z,2026-09-23T04:55:00Z,30756.75,30757.56,30745.29,30747.12
2026-09-23T04:55:00Z,2026-09-23T05:00:00Z,30747,30749.12,30738.41,30742.25
2026-09-23T05:00:00Z,2026-09-23T05:05:00Z,30742.12,30744.25,30729.25,30735.62
2026-09-23T05:05:00Z,2026-09-23T05:10:00Z,30735.55,30740.94,30729.94,30739.62
2026-09-23T05:10:00Z,2026-09-23T05:15:00Z,30739.58,30746.06,30735.87,30740.25
2026-09-23T05:15:00Z,2026-09-23T05:20:00Z,30740.12,30749.75,30736.5,30738.93
2026-09-23T05:20:00Z,2026-09-23T05:25:00Z,30738.87,30738.87,30725.87,30728.37
2026-09-23T05:25:00Z,2026-09-23T05:30:00Z,30728.25,30743.75,30727.62,30741.37
2026-09-23T05:30:00Z,2026-09-23T05:35:00Z,30741.25,30745.45,30730.62,30733.62
2026-09-23T05:35:00Z,2026-09-23T05:40:00Z,30733.5,30743.69,30731.94,30740.25
2026-09-23T05:40:00Z,2026-09-23T05:45:00Z,30740.31,30746.62,30728.15,30735.62
2026-09-23T05:45:00Z,2026-09-23T05:50:00Z,30735.25,30749.19,30733.96,30735.92
2026-09-23T05:50:00Z,2026-09-23T05:55:00Z,30736.06,30751.31,30735.43,30745.68
2026-09-23T05:55:00Z,2026-09-23T06:00:00Z,30745.75,30747.62,30734.75,30735.62
2026-09-23T06:00:00Z,2026-09-23T06:05:00Z,30736,30759.31,30735.12,30750.62
2026-09-23T06:05:00Z,2026-09-23T06:10:00Z,30750.69,30761.33,30744.62,30747.12
2026-09-23T06:10:00Z,2026-09-23T06:15:00Z,30747.28,30764.83,30747.25,30764.66
2026-09-23T06:15:00Z,2026-09-23T06:20:00Z,30764.69,30765.41,30758.56,30762.53
2026-09-23T06:20:00Z,2026-09-23T06:25:00Z,30762.5,30764.69,30746.37,30757.37
2026-09-23T06:25:00Z,2026-09-23T06:30:00Z,30757.41,30768.44,30756.25,30763.87
2026-09-23T06:30:00Z,2026-09-23T06:35:00Z,30763.94,30788.37,30762.67,30787.81
2026-09-23T06:35:00Z,2026-09-23T06:40:00Z,30787.96,30801.63,30785.37,30797.62
2026-09-23T06:40:00Z,2026-09-23T06:45:00Z,30797.68,30798.25,30781.25,30789.93
2026-09-23T06:45:00Z,2026-09-23T06:50:00Z,30789.87,30789.93,30764.41,30787.12
2026-09-23T06:50:00Z,2026-09-23T06:55:00Z,30787,30787.87,30769.55,30770.87
2026-09-23T06:55:00Z,2026-09-23T07:00:00Z,30770.91,30771.87,30755.37,30757.06
2026-09-23T07:00:00Z,2026-09-23T07:05:00Z,30756.91,30762.12,30751.69,30759.37
2026-09-23T07:05:00Z,2026-09-23T07:10:00Z,30759.42,30760.12,30736.43,30738.08
2026-09-23T07:10:00Z,2026-09-23T07:15:00Z,30738,30754.37,30735.68,30752.37
2026-09-23T07:15:00Z,2026-09-23T07:20:00Z,30752.33,30755.19,30737.44,30742.87
2026-09-23T07:20:00Z,2026-09-23T07:25:00Z,30742.91,30747.31,30737.83,30742.62
2026-09-23T07:25:00Z,2026-09-23T07:30:00Z,30742.5,30759.49,30741.12,30759
2026-09-23T07:30:00Z,2026-09-23T07:35:00Z,30759.37,30768.59,30742.81,30746.87
2026-09-23T07:35:00Z,2026-09-23T07:40:00Z,30746.94,30761.81,30745,30748.22
2026-09-23T07:40:00Z,2026-09-23T07:45:00Z,30748.16,30757.46,30742.62,30744.34
2026-09-23T07:45:00Z,2026-09-23T07:50:00Z,30744.31,30752.12,30739.25,30750.43
2026-09-23T07:50:00Z,2026-09-23T07:55:00Z,30750.5,30756.12,30735.5,30737.87
2026-09-23T07:55:00Z,2026-09-23T08:00:00Z,30737.81,30745.98,30735.53,30741.62
2026-09-23T08:00:00Z,2026-09-23T08:05:00Z,30741.5,30754.01,30724.97,30726.12
2026-09-23T08:05:00Z,2026-09-23T08:10:00Z,30726.16,30747.72,30722.75,30743
2026-09-23T08:10:00Z,2026-09-23T08:15:00Z,30743.12,30750.71,30738.87,30746.12
2026-09-23T08:15:00Z,2026-09-23T08:20:00Z,30746,30750.87,30735.12,30748.37
2026-09-23T08:20:00Z,2026-09-23T08:25:00Z,30748.43,30758.5,30747.12,30756.62
2026-09-23T08:25:00Z,2026-09-23T08:30:00Z,30756.75,30758.37,30744.31,30746.42
2026-09-23T08:30:00Z,2026-09-23T08:35:00Z,30746.37,30752.66,30741.98,30742.5
2026-09-23T08:35:00Z,2026-09-23T08:40:00Z,30742.37,30744.12,30720.81,30728.87
2026-09-23T08:40:00Z,2026-09-23T08:45:00Z,30728.83,30731,30716.37,30721.28
2026-09-23T08:45:00Z,2026-09-23T08:50:00Z,30721.25,30724.93,30715.06,30723.76
2026-09-23T08:50:00Z,2026-09-23T08:55:00Z,30723.78,30724.37,30711.31,30717.62
2026-09-23T08:55:00Z,2026-09-23T09:00:00Z,30717.66,30728.37,30715.58,30723
2026-09-23T09:00:00Z,2026-09-23T09:05:00Z,30723.06,30733.19,30714.25,30717.62
2026-09-23T09:05:00Z,2026-09-23T09:10:00Z,30717.37,30734.37,30715.53,30732.62
2026-09-23T09:10:00Z,2026-09-23T09:15:00Z,30732.58,30733.12,30721.09,30724.06
2026-09-23T09:15:00Z,2026-09-23T09:20:00Z,30724.12,30728.5,30716.62,30727.62
2026-09-23T09:20:00Z,2026-09-23T09:25:00Z,30727.56,30738.47,30723.12,30737.5
2026-09-23T09:25:00Z,2026-09-23T09:30:00Z,30737.41,30741.25,30730.62,30731.31
2026-09-23T09:30:00Z,2026-09-23T09:35:00Z,30731.37,30740.28,30729.71,30733.37
2026-09-23T09:35:00Z,2026-09-23T09:40:00Z,30733.25,30740.66,30729.79,30732.62
2026-09-23T09:40:00Z,2026-09-23T09:45:00Z,30732.75,30734.26,30725.56,30726.12
2026-09-23T09:45:00Z,2026-09-23T09:50:00Z,30726.08,30726.08,30704.78,30713.12
2026-09-23T09:50:00Z,2026-09-23T09:55:00Z,30713.16,30723.83,30709.62,30721.45
2026-09-23T09:55:00Z,2026-09-23T10:00:00Z,30721.31,30722.62,30713.94,30719.46
2026-09-23T10:00:00Z,2026-09-23T10:05:00Z,30719.5,30730.75,30716.86,30727.42
2026-09-23T10:05:00Z,2026-09-23T10:10:00Z,30727.56,30734.12,30725.44,30731.5
2026-09-23T10:10:00Z,2026-09-23T10:15:00Z,30731.37,30738.75,30725.94,30736.37
2026-09-23T10:15:00Z,2026-09-23T10:20:00Z,30736.31,30745.18,30735.37,30744.47
2026-09-23T10:20:00Z,2026-09-23T10:25:00Z,30744.5,30744.69,30727.85,30733.16
2026-09-23T10:25:00Z,2026-09-23T10:30:00Z,30733.21,30740.62,30730.37,30740.44
2026-09-23T10:30:00Z,2026-09-23T10:35:00Z,30740.29,30742.72,30729.25,30729.5
2026-09-23T10:35:00Z,2026-09-23T10:40:00Z,30729.56,30738.12,30722.5,30736.58
2026-09-23T10:40:00Z,2026-09-23T10:45:00Z,30736.62,30736.68,30723.25,30728.37
2026-09-23T10:45:00Z,2026-09-23T10:50:00Z,30728.5,30729.12,30719.56,30725.94
2026-09-23T10:50:00Z,2026-09-23T10:55:00Z,30726,30734.5,30720.91,30732.55
2026-09-23T10:55:00Z,2026-09-23T11:00:00Z,30732.5,30739.71,30732.31,30735
2026-09-23T11:00:00Z,2026-09-23T11:05:00Z,30735.53,30736.12,30711.06,30713.69
2026-09-23T11:05:00Z,2026-09-23T11:10:00Z,30713.72,30713.72,30700.29,30708.31
2026-09-23T11:10:00Z,2026-09-23T11:15:00Z,30708.25,30713.5,30703.62,30708.91
2026-09-23T11:15:00Z,2026-09-23T11:20:00Z,30709,30718.25,30699.23,30701.12
2026-09-23T11:20:00Z,2026-09-23T11:25:00Z,30701.28,30702.25,30664.62,30669.37
2026-09-23T11:25:00Z,2026-09-23T11:30:00Z,30669.43,30676.31,30657.5,30659.37
2026-09-23T11:30:00Z,2026-09-23T11:35:00Z,30659.87,30661.43,30640.06,30643.12
2026-09-23T11:35:00Z,2026-09-23T11:40:00Z,30643.19,30644.58,30621.56,30636.31
2026-09-23T11:40:00Z,2026-09-23T11:45:00Z,30636.43,30639.75,30618.34,30633.19
2026-09-23T11:45:00Z,2026-09-23T11:50:00Z,30633.12,30666.71,30632.34,30662.6
2026-09-23T11:50:00Z,2026-09-23T11:55:00Z,30662.62,30663.19,30650.87,30657.62
2026-09-23T11:55:00Z,2026-09-23T12:00:00Z,30657.5,30670.19,30653.94,30666.16
2026-09-23T12:00:00Z,2026-09-23T12:05:00Z,30666.12,30672.54,30645.98,30648.37
2026-09-23T12:05:00Z,2026-09-23T12:10:00Z,30648.33,30659.75,30643.12,30650.5
2026-09-23T12:10:00Z,2026-09-23T12:15:00Z,30650.62,30653.83,30631.81,30638.16
2026-09-23T12:15:00Z,2026-09-23T12:20:00Z,30638.12,30643.47,30627.08,30636.06
2026-09-23T12:20:00Z,2026-09-23T12:25:00Z,30636.12,30656.62,30632.44,30656.25
2026-09-23T12:25:00Z,2026-09-23T12:30:00Z,30656.31,30658.31,30644.87,30654.72
2026-09-23T12:30:00Z,2026-09-23T12:35:00Z,30654.75,30665.09,30651.37,30658.12
2026-09-23T12:35:00Z,2026-09-23T12:40:00Z,30658.25,30664.75,30652.7,30663
2026-09-23T12:40:00Z,2026-09-23T12:45:00Z,30663.12,30668.38,30655.71,30655.96
2026-09-23T12:45:00Z,2026-09-23T12:50:00Z,30655.88,30673.16,30654.71,30663.22
2026-09-23T12:50:00Z,2026-09-23T12:55:00Z,30663.25,30667,30658.79,30662.75
2026-09-23T12:55:00Z,2026-09-23T13:00:00Z,30662.81,30677.03,30655.12,30674.72
2026-09-23T13:00:00Z,2026-09-23T13:05:00Z,30674.69,30677.53,30656.31,30659.69
2026-09-23T13:05:00Z,2026-09-23T13:10:00Z,30659.75,30662.69,30651.21,30656
2026-09-23T13:10:00Z,2026-09-23T13:15:00Z,30656.04,30672.42,30653.91,30669.54
2026-09-23T13:15:00Z,2026-09-23T13:20:00Z,30669.5,30680.6,30668.41,30675.04
2026-09-23T13:20:00Z,2026-09-23T13:25:00Z,30675.09,30686.48,30673.53,30677.7
2026-09-23T13:25:00Z,2026-09-23T13:30:00Z,30678.18,30713,30677.17,30713
2026-09-23T13:30:00Z,2026-09-23T13:35:00Z,30712.51,30719.62,30633.5,30633.5
2026-09-23T13:35:00Z,2026-09-23T13:40:00Z,30633.48,30663.29,30608.96,30622.12
2026-09-23T13:40:00Z,2026-09-23T13:45:00Z,30621.87,30631.19,30611.87,30618.85
2026-09-23T13:45:00Z,2026-09-23T13:50:00Z,30618.5,30628.87,30568.12,30587.25
2026-09-23T13:50:00Z,2026-09-23T13:55:00Z,30586.84,30594.84,30549.31,30556.15
2026-09-23T13:55:00Z,2026-09-23T14:00:00Z,30556.29,30570,30540.04,30553.79
2026-09-23T14:00:00Z,2026-09-23T14:05:00Z,30553.83,30577.47,30525.96,30538.38
2026-09-23T14:05:00Z,2026-09-23T14:10:00Z,30538.31,30548.2,30473.28,30475.06
2026-09-23T14:10:00Z,2026-09-23T14:15:00Z,30475.23,30479.7,30410.97,30426.5
2026-09-23T14:15:00Z,2026-09-23T14:20:00Z,30426.54,30448.66,30378,30379.46
2026-09-23T14:20:00Z,2026-09-23T14:25:00Z,30379.58,30406.79,30352.14,30380.42
2026-09-23T14:25:00Z,2026-09-23T14:30:00Z,30380.45,30401.44,30350.06,30386.54
2026-09-23T14:30:00Z,2026-09-23T14:35:00Z,30386.69,30429.48,30365.57,30427.16
2026-09-23T14:35:00Z,2026-09-23T14:40:00Z,30427.08,30445.5,30394.25,30404.06
2026-09-23T14:40:00Z,2026-09-23T14:45:00Z,30403.81,30429.51,30397.5,30427
2026-09-23T14:45:00Z,2026-09-23T14:50:00Z,30426.79,30446.29,30425.79,30439.54
2026-09-23T14:50:00Z,2026-09-23T14:55:00Z,30439.5,30531.87,30419.82,30520.23
2026-09-23T14:55:00Z,2026-09-23T15:00:00Z,30520.02,30533.38,30501.03,30528.81
2026-09-23T15:00:00Z,2026-09-23T15:05:00Z,30528.79,30534.3,30501.63,30510.19
2026-09-23T15:05:00Z,2026-09-23T15:10:00Z,30510.17,30520.84,30497.75,30510.78
2026-09-23T15:10:00Z,2026-09-23T15:15:00Z,30510.71,30512.25,30490.2,30494.08
2026-09-23T15:15:00Z,2026-09-23T15:20:00Z,30494.03,30507.18,30463.06,30492.5
2026-09-23T15:20:00Z,2026-09-23T15:25:00Z,30492.62,30524.24,30486.5,30516.19
2026-09-23T15:25:00Z,2026-09-23T15:30:00Z,30516.15,30523.94,30476.27,30479.29
2026-09-23T15:30:00Z,2026-09-23T15:35:00Z,30479.16,30488.81,30470.92,30478.78
2026-09-23T15:35:00Z,2026-09-23T15:40:00Z,30478.76,30484.91,30465.06,30473.79
2026-09-23T15:40:00Z,2026-09-23T15:45:00Z,30473.98,30490.38,30461.54,30486.75
2026-09-23T15:45:00Z,2026-09-23T15:50:00Z,30486.73,30492.58,30439.51,30446.96
2026-09-23T15:50:00Z,2026-09-23T15:55:00Z,30446.98,30460.45,30430.32,30460.43
2026-09-23T15:55:00Z,2026-09-23T16:00:00Z,30461.03,30464.09,30444.21,30453.31
2026-09-23T16:00:00Z,2026-09-23T16:05:00Z,30453.41,30454.75,30434.13,30447.69
2026-09-23T16:05:00Z,2026-09-23T16:10:00Z,30447.75,30457.9,30438.31,30452.1
2026-09-23T16:10:00Z,2026-09-23T16:15:00Z,30452.13,30457.79,30444.95,30452.48
2026-09-23T16:15:00Z,2026-09-23T16:20:00Z,30452.42,30463.13,30433.21,30444.75
2026-09-23T16:20:00Z,2026-09-23T16:25:00Z,30444.73,30445.18,30422.73,30432.71
2026-09-23T16:25:00Z,2026-09-23T16:30:00Z,30432.75,30442.68,30425.63,30430
2026-09-23T16:30:00Z,2026-09-23T16:35:00Z,30430.02,30457.9,30430.02,30448.75
2026-09-23T16:35:00Z,2026-09-23T16:40:00Z,30448.73,30455.78,30431.97,30435.18
2026-09-23T16:40:00Z,2026-09-23T16:45:00Z,30435.08,30436.31,30402.43,30402.5
2026-09-23T16:45:00Z,2026-09-23T16:50:00Z,30402.54,30427.44,30395.02,30402.17
2026-09-23T16:50:00Z,2026-09-23T16:55:00Z,30402.18,30402.67,30375.04,30378.5
2026-09-23T16:55:00Z,2026-09-23T17:00:00Z,30378.6,30402.67,30376.29,30394.42
2026-09-23T17:00:00Z,2026-09-23T17:05:00Z,30394.16,30415.91,30353.42,30365
2026-09-23T17:05:00Z,2026-09-23T17:10:00Z,30365.04,30388.81,30360.74,30383.31
2026-09-23T17:10:00Z,2026-09-23T17:15:00Z,30383.38,30386.31,30363.3,30378.2
2026-09-23T17:15:00Z,2026-09-23T17:20:00Z,30378.25,30431.72,30372.79,30429.71
2026-09-23T17:20:00Z,2026-09-23T17:25:00Z,30429.69,30431.73,30388.4,30389.08
2026-09-23T17:25:00Z,2026-09-23T17:30:00Z,30389.15,30398.04,30382.94,30388.96
2026-09-23T17:30:00Z,2026-09-23T17:35:00Z,30388.91,30409.68,30379.88,30407.56
2026-09-23T17:35:00Z,2026-09-23T17:40:00Z,30407.6,30412.67,30393.49,30403.54
2026-09-23T17:40:00Z,2026-09-23T17:45:00Z,30403.5,30463.21,30392.46,30455.94
2026-09-23T17:45:00Z,2026-09-23T17:50:00Z,30455.96,30470.7,30444.41,30456.69
2026-09-23T17:50:00Z,2026-09-23T17:55:00Z,30456.84,30466.48,30447.28,30458.91
2026-09-23T17:55:00Z,2026-09-23T18:00:00Z,30459.25,30481.25,30455,30477.88
2026-09-23T18:00:00Z,2026-09-23T18:05:00Z,30478.4,30479,30434.81,30437.06
2026-09-23T18:05:00Z,2026-09-23T18:10:00Z,30437.17,30455.13,30433.25,30446.13
2026-09-23T18:10:00Z,2026-09-23T18:15:00Z,30445.79,30454.19,30443.25,30452.4
2026-09-23T18:15:00Z,2026-09-23T18:20:00Z,30452.54,30476.08,30448.53,30466.88
2026-09-23T18:20:00Z,2026-09-23T18:25:00Z,30467.08,30469.75,30453.71,30467.46
2026-09-23T18:25:00Z,2026-09-23T18:30:00Z,30467.44,30471.44,30457.4,30462.58
2026-09-23T18:30:00Z,2026-09-23T18:35:00Z,30462.6,30464.21,30447.44,30454.54
2026-09-23T18:35:00Z,2026-09-23T18:40:00Z,30454.5,30461.29,30434.54,30438.96
2026-09-23T18:40:00Z,2026-09-23T18:45:00Z,30439,30459.04,30439,30454.31
2026-09-23T18:45:00Z,2026-09-23T18:50:00Z,30454.29,30470.4,30448.12,30469.07
2026-09-23T18:50:00Z,2026-09-23T18:55:00Z,30469.08,30475.43,30452.66,30457.07
2026-09-23T18:55:00Z,2026-09-23T19:00:00Z,30457.06,30473.58,30454.83,30469.28
2026-09-23T19:00:00Z,2026-09-23T19:05:00Z,30469.31,30473.83,30449.59,30450.5
2026-09-23T19:05:00Z,2026-09-23T19:10:00Z,30450.5,30489.48,30448.27,30476.54
2026-09-23T19:10:00Z,2026-09-23T19:15:00Z,30476.56,30481.38,30460.53,30469.44
2026-09-23T19:15:00Z,2026-09-23T19:20:00Z,30469.38,30472.31,30448.66,30458.31
2026-09-23T19:20:00Z,2026-09-23T19:25:00Z,30458.15,30458.5,30448.54,30456.73
2026-09-23T19:25:00Z,2026-09-23T19:30:00Z,30456.72,30464.33,30451.79,30460.56
2026-09-23T19:30:00Z,2026-09-23T19:35:00Z,30460.48,30482.1,30454.5,30479.67
2026-09-23T19:35:00Z,2026-09-23T19:40:00Z,30479.63,30479.68,30463.8,30471.34
2026-09-23T19:40:00Z,2026-09-23T19:45:00Z,30471.33,30478.03,30436.23,30453.31
2026-09-23T19:45:00Z,2026-09-23T19:50:00Z,30452.96,30474.5,30449.71,30474.25
2026-09-23T19:50:00Z,2026-09-23T19:55:00Z,30474.14,30474.43,30419.5,30426.6
2026-09-23T19:55:00Z,2026-09-23T20:00:00Z,30426.94,30485.66,30426.64,30482.71
2026-09-23T20:00:00Z,2026-09-23T20:05:00Z,30482.91,30483.41,30465.62,30469.35
2026-09-23T20:05:00Z,2026-09-23T20:10:00Z,30469.19,30471.04,30461.25,30468.25
2026-09-23T20:10:00Z,2026-09-23T20:15:00Z,30468.2,30470.54,30458.79,30459.75
2026-09-23T20:15:00Z,2026-09-23T20:20:00Z,30459.68,30467.16,30457.44,30466.37
2026-09-23T20:20:00Z,2026-09-23T20:25:00Z,30466.41,30471.32,30465.16,30469.91
2026-09-23T20:25:00Z,2026-09-23T20:30:00Z,30469.81,30471.94,30464.75,30470.62
2026-09-23T20:30:00Z,2026-09-23T20:35:00Z,30470.56,30475.5,30467.15,30468.31
2026-09-23T20:35:00Z,2026-09-23T20:40:00Z,30468.46,30479.91,30467.06,30477.91
2026-09-23T20:40:00Z,2026-09-23T20:45:00Z,30477.81,30481.65,30475.63,30481.29
2026-09-23T20:45:00Z,2026-09-23T20:50:00Z,30481.27,30483.72,30475,30475.31
2026-09-23T20:50:00Z,2026-09-23T20:55:00Z,30475.38,30481.41,30475.25,30480.29
2026-09-23T20:55:00Z,2026-09-23T21:00:00Z,30480.37,30483.88,30475,30482.67
2026-09-23T22:00:00Z,2026-09-23T22:05:00Z,30482.67,30513.5,30482.67,30499.97
2026-09-23T22:05:00Z,2026-09-23T22:10:00Z,30499.96,30514.5,30486.82,30512
2026-09-23T22:10:00Z,2026-09-23T22:15:00Z,30512.64,30514.23,30507.62,30512.75
2026-09-23T22:15:00Z,2026-09-23T22:20:00Z,30512.87,30521.12,30499.87,30500.37
2026-09-23T22:20:00Z,2026-09-23T22:25:00Z,30500.5,30503.48,30494.75,30501.04
2026-09-23T22:25:00Z,2026-09-23T22:30:00Z,30501.52,30501.75,30491.91,30493.67
2026-09-23T22:30:00Z,2026-09-23T22:35:00Z,30493.66,30508.18,30489,30498.98
2026-09-23T22:35:00Z,2026-09-23T22:40:00Z,30499.12,30499.12,30488.75,30494.25
2026-09-23T22:40:00Z,2026-09-23T22:45:00Z,30494.25,30506.77,30492.75,30503.74
2026-09-23T22:45:00Z,2026-09-23T22:50:00Z,30503.57,30506,30496.43,30504.12
2026-09-23T22:50:00Z,2026-09-23T22:55:00Z,30504.16,30509.06,30500.62,30502.41
2026-09-23T22:55:00Z,2026-09-23T23:00:00Z,30502.5,30504.33,30498.94,30502.08
2026-09-23T23:00:00Z,2026-09-23T23:05:00Z,30502,30506.85,30498.47,30504.1
2026-09-23T23:05:00Z,2026-09-23T23:10:00Z,30504.12,30504.17,30499.25,30502.87
2026-09-23T23:10:00Z,2026-09-23T23:15:00Z,30502.79,30503.37,30491.94,30494.37
2026-09-23T23:15:00Z,2026-09-23T23:20:00Z,30494.41,30500.62,30483,30490.12
2026-09-23T23:20:00Z,2026-09-23T23:25:00Z,30490,30491.66,30477.29,30478.75
2026-09-23T23:25:00Z,2026-09-23T23:30:00Z,30478.85,30481.62,30471.5,30478.5
2026-09-23T23:30:00Z,2026-09-23T23:35:00Z,30478.62,30480.25,30469.64,30476.37
2026-09-23T23:35:00Z,2026-09-23T23:40:00Z,30476.41,30481.37,30471.75,30479.58
2026-09-23T23:40:00Z,2026-09-23T23:45:00Z,30479.62,30484.9,30470.25,30474.58
2026-09-23T23:45:00Z,2026-09-23T23:50:00Z,30474.62,30479.75,30461.87,30462.25
2026-09-23T23:50:00Z,2026-09-23T23:55:00Z,30462.17,30477.68,30455.83,30474.37
2026-09-23T23:55:00Z,2026-09-24T00:00:00Z,30474.42,30474.62,30460.87,30461.12
2026-09-24T00:00:00Z,2026-09-24T00:05:00Z,30461,30468.87,30450.5,30462.75
2026-09-24T00:05:00Z,2026-09-24T00:10:00Z,30462.68,30464.62,30450.58,30452.25
2026-09-24T00:10:00Z,2026-09-24T00:15:00Z,30452.12,30452.62,30429.54,30436.37
2026-09-24T00:15:00Z,2026-09-24T00:20:00Z,30436.31,30454.37,30433.37,30453
2026-09-24T00:20:00Z,2026-09-24T00:25:00Z,30452.91,30457.75,30434.75,30441.75
2026-09-24T00:25:00Z,2026-09-24T00:30:00Z,30442.25,30445.62,30436.08,30443
2026-09-24T00:30:00Z,2026-09-24T00:35:00Z,30442.66,30457.17,30437.56,30454.12
2026-09-24T00:35:00Z,2026-09-24T00:40:00Z,30454.28,30454.62,30441.96,30443.83
2026-09-24T00:40:00Z,2026-09-24T00:45:00Z,30443.75,30444.08,30426.66,30429.62
2026-09-24T00:45:00Z,2026-09-24T00:50:00Z,30429.75,30430.19,30413.75,30424.5
2026-09-24T00:50:00Z,2026-09-24T00:55:00Z,30424.78,30428.71,30412.81,30415.94
2026-09-24T00:55:00Z,2026-09-24T01:00:00Z,30415.87,30439.25,30414.42,30434.12
2026-09-24T01:00:00Z,2026-09-24T01:05:00Z,30434.08,30452.5,30431.5,30449.87
2026-09-24T01:05:00Z,2026-09-24T01:10:00Z,30449.66,30466.17,30438.56,30458.41
2026-09-24T01:10:00Z,2026-09-24T01:15:00Z,30458.44,30462.89,30445.83,30462.56
2026-09-24T01:15:00Z,2026-09-24T01:20:00Z,30462.5,30462.69,30451.12,30456.37
2026-09-24T01:20:00Z,2026-09-24T01:25:00Z,30456.41,30459.5,30449.31,30450.87
2026-09-24T01:25:00Z,2026-09-24T01:30:00Z,30450.91,30454.15,30440.69,30445.42
2026-09-24T01:30:00Z,2026-09-24T01:35:00Z,30445.37,30467.94,30441.12,30464.12
2026-09-24T01:35:00Z,2026-09-24T01:40:00Z,30464,30467.71,30452.75,30456.06
2026-09-24T01:40:00Z,2026-09-24T01:45:00Z,30456.25,30465,30443.37,30443.87
2026-09-24T01:45:00Z,2026-09-24T01:50:00Z,30443.71,30446.62,30427.62,30436.16
2026-09-24T01:50:00Z,2026-09-24T01:55:00Z,30436.12,30454.9,30422.04,30446.25
2026-09-24T01:55:00Z,2026-09-24T02:00:00Z,30446.58,30453.56,30439,30451.37
2026-09-24T02:00:00Z,2026-09-24T02:05:00Z,30451.25,30457.83,30439.37,30440.12
2026-09-24T02:05:00Z,2026-09-24T02:10:00Z,30440.08,30440.15,30416.83,30422
2026-09-24T02:10:00Z,2026-09-24T02:15:00Z,30421.87,30436.69,30421.66,30433.33
2026-09-24T02:15:00Z,2026-09-24T02:20:00Z,30433.19,30449.97,30432.25,30446.66
2026-09-24T02:20:00Z,2026-09-24T02:25:00Z,30446.75,30447.58,30437.96,30441.5
2026-09-24T02:25:00Z,2026-09-24T02:30:00Z,30441.58,30443.68,30432.33,30437.28
2026-09-24T02:30:00Z,2026-09-24T02:35:00Z,30437.18,30453.31,30434.92,30448.62
2026-09-24T02:35:00Z,2026-09-24T02:40:00Z,30448.65,30454.25,30444.28,30446.25
2026-09-24T02:40:00Z,2026-09-24T02:45:00Z,30446.16,30454.83,30446.06,30453.06
2026-09-24T02:45:00Z,2026-09-24T02:50:00Z,30453.08,30454.9,30446.91,30451.16
2026-09-24T02:50:00Z,2026-09-24T02:55:00Z,30451.25,30452.37,30445.5,30452.06
2026-09-24T02:55:00Z,2026-09-24T03:00:00Z,30452.12,30454.89,30447.12,30449.12
2026-09-24T03:00:00Z,2026-09-24T03:05:00Z,30449.08,30449.94,30439.12,30442.83
2026-09-24T03:05:00Z,2026-09-24T03:10:00Z,30442.87,30443.12,30414.34,30418.16
2026-09-24T03:10:00Z,2026-09-24T03:15:00Z,30418.12,30428.18,30412.81,30427.09
2026-09-24T03:15:00Z,2026-09-24T03:20:00Z,30427.12,30430.78,30418.56,30425.37
2026-09-24T03:20:00Z,2026-09-24T03:25:00Z,30425.33,30429.12,30418.87,30423
2026-09-24T03:25:00Z,2026-09-24T03:30:00Z,30422.91,30427.87,30411.28,30414.37
2026-09-24T03:30:00Z,2026-09-24T03:35:00Z,30414.21,30416.73,30406.87,30412
2026-09-24T03:35:00Z,2026-09-24T03:40:00Z,30411.91,30415.08,30406.53,30414.62
2026-09-24T03:40:00Z,2026-09-24T03:45:00Z,30414.65,30414.65,30396.25,30400.78
2026-09-24T03:45:00Z,2026-09-24T03:50:00Z,30400.75,30412.55,30397.87,30411.06
2026-09-24T03:50:00Z,2026-09-24T03:55:00Z,30411.12,30415.46,30404.75,30412.75
2026-09-24T03:55:00Z,2026-09-24T04:00:00Z,30412.8,30416.58,30407.75,30415.06
2026-09-24T04:00:00Z,2026-09-24T04:05:00Z,30415.05,30415.66,30366.265,30373.44
2026-09-24T04:05:00Z,2026-09-24T04:10:00Z,30373.62,30380.83,30366.41,30372.37
2026-09-24T04:10:00Z,2026-09-24T04:15:00Z,30372.33,30376.93,30361.66,30366.41
2026-09-24T04:15:00Z,2026-09-24T04:20:00Z,30366.37,30374.94,30359.28,30364.37
2026-09-24T04:20:00Z,2026-09-24T04:25:00Z,30364.41,30377.69,30362.62,30366.75
2026-09-24T04:25:00Z,2026-09-24T04:30:00Z,30366.87,30384.69,30363.37,30384.06
2026-09-24T04:30:00Z,2026-09-24T04:35:00Z,30384,30404.12,30381.12,30401.42
2026-09-24T04:35:00Z,2026-09-24T04:40:00Z,30401.56,30407.5,30397.62,30400.87
2026-09-24T04:40:00Z,2026-09-24T04:45:00Z,30401,30401.83,30385.25,30389.62
2026-09-24T04:45:00Z,2026-09-24T04:50:00Z,30390.09,30390.09,30382,30387.62
2026-09-24T04:50:00Z,2026-09-24T04:55:00Z,30387.75,30389,30382.75,30386.44
2026-09-24T04:55:00Z,2026-09-24T05:00:00Z,30386.5,30396.56,30386.5,30394.16
2026-09-24T05:00:00Z,2026-09-24T05:05:00Z,30393.87,30414.92,30393.87,30412.08
2026-09-24T05:05:00Z,2026-09-24T05:10:00Z,30411.87,30423.62,30407.94,30411.37
2026-09-24T05:10:00Z,2026-09-24T05:15:00Z,30411.25,30411.62,30396.57,30399.42
2026-09-24T05:15:00Z,2026-09-24T05:20:00Z,30399.37,30404.87,30395.12,30404.55
2026-09-24T05:20:00Z,2026-09-24T05:25:00Z,30404.5,30406.5,30388.08,30393.25
2026-09-24T05:25:00Z,2026-09-24T05:30:00Z,30393,30416.06,30392.25,30414.67
2026-09-24T05:30:00Z,2026-09-24T05:35:00Z,30414.75,30417.87,30404.12,30406.37
2026-09-24T05:35:00Z,2026-09-24T05:40:00Z,30406.43,30408.5,30393.25,30396.94
2026-09-24T05:40:00Z,2026-09-24T05:45:00Z,30396.87,30406,30377.56,30378.46
2026-09-24T05:45:00Z,2026-09-24T05:50:00Z,30378.25,30378.62,30365.72,30368.37
2026-09-24T05:50:00Z,2026-09-24T05:55:00Z,30368.25,30377.78,30364.25,30365.31
2026-09-24T05:55:00Z,2026-09-24T06:00:00Z,30365.37,30365.37,30315.71,30316.17
2026-09-24T06:00:00Z,2026-09-24T06:05:00Z,30316.17,30318.62,30280.12,30283.12
2026-09-24T06:05:00Z,2026-09-24T06:10:00Z,30283,30322.81,30273.12,30318.27
2026-09-24T06:10:00Z,2026-09-24T06:15:00Z,30318.37,30335.5,30308.12,30327.12
2026-09-24T06:15:00Z,2026-09-24T06:20:00Z,30327,30339.08,30319.08,30321.12
2026-09-24T06:20:00Z,2026-09-24T06:25:00Z,30321.17,30321.69,30291.12,30307.31
2026-09-24T06:25:00Z,2026-09-24T06:30:00Z,30307.25,30315.75,30297.62,30308.03
2026-09-24T06:30:00Z,2026-09-24T06:35:00Z,30308.09,30308.53,30286.08,30290.75
2026-09-24T06:35:00Z,2026-09-24T06:40:00Z,30290.68,30295.5,30275.25,30280.67
2026-09-24T06:40:00Z,2026-09-24T06:45:00Z,30280.75,30300.25,30270.56,30286.62
2026-09-24T06:45:00Z,2026-09-24T06:50:00Z,30286.58,30296.66,30280.16,30288.12
2026-09-24T06:50:00Z,2026-09-24T06:55:00Z,30288.08,30290.75,30261.87,30262.37
2026-09-24T06:55:00Z,2026-09-24T07:00:00Z,30262.31,30266.01,30243.67,30249.58
2026-09-24T07:00:00Z,2026-09-24T07:05:00Z,30249.44,30267.565,30221.5,30246.81
2026-09-24T07:05:00Z,2026-09-24T07:10:00Z,30246.67,30297.16,30233.97,30292.66
2026-09-24T07:10:00Z,2026-09-24T07:15:00Z,30292.81,30302.82,30283.25,30302.37
2026-09-24T07:15:00Z,2026-09-24T07:20:00Z,30302.33,30309.42,30285,30305.12
2026-09-24T07:20:00Z,2026-09-24T07:25:00Z,30305.06,30306,30289.91,30291.62
2026-09-24T07:25:00Z,2026-09-24T07:30:00Z,30291.5,30315.5,30282.87,30314.12
2026-09-24T07:30:00Z,2026-09-24T07:35:00Z,30314.54,30328,30309.35,30318.02
2026-09-24T07:35:00Z,2026-09-24T07:40:00Z,30318.07,30339.31,30314,30330.28
2026-09-24T07:40:00Z,2026-09-24T07:45:00Z,30330.12,30335.12,30318.87,30329.37
2026-09-24T07:45:00Z,2026-09-24T07:50:00Z,30329.5,30331.75,30312.06,30315.7
2026-09-24T07:50:00Z,2026-09-24T07:55:00Z,30315.81,30318.66,30302.37,30307.75
2026-09-24T07:55:00Z,2026-09-24T08:00:00Z,30307.87,30307.87,30266.75,30266.83
2026-09-24T08:00:00Z,2026-09-24T08:05:00Z,30266.75,30297.69,30241,30252.48
2026-09-24T08:05:00Z,2026-09-24T08:10:00Z,30252.53,30259.92,30233.28,30238.91
2026-09-24T08:10:00Z,2026-09-24T08:15:00Z,30238.87,30239.5,30187.98,30195.45
2026-09-24T08:15:00Z,2026-09-24T08:20:00Z,30195.5,30219.06,30187.62,30199.25
2026-09-24T08:20:00Z,2026-09-24T08:25:00Z,30199,30199,30180.96,30191.37
2026-09-24T08:25:00Z,2026-09-24T08:30:00Z,30191.62,30201.17,30161.5,30163.7
2026-09-24T08:30:00Z,2026-09-24T08:35:00Z,30163.87,30205.16,30156.75,30158.75
2026-09-24T08:35:00Z,2026-09-24T08:40:00Z,30158.73,30160.62,30139.37,30158.62
2026-09-24T08:40:00Z,2026-09-24T08:45:00Z,30158.7,30165.97,30139,30155.12
2026-09-24T08:45:00Z,2026-09-24T08:50:00Z,30155.06,30164.62,30120.08,30122.72
2026-09-24T08:50:00Z,2026-09-24T08:55:00Z,30122.69,30142.45,30115.14,30130.37
2026-09-24T08:55:00Z,2026-09-24T09:00:00Z,30130.5,30143.43,30124.75,30141.18
2026-09-24T09:00:00Z,2026-09-24T09:05:00Z,30141.12,30162.37,30134.12,30146.75
2026-09-24T09:05:00Z,2026-09-24T09:10:00Z,30146.66,30162.68,30135.16,30146.75
2026-09-24T09:10:00Z,2026-09-24T09:15:00Z,30146.87,30156.25,30126.08,30140.53
2026-09-24T09:15:00Z,2026-09-24T09:20:00Z,30140.43,30152.41,30129.92,30150
2026-09-24T09:20:00Z,2026-09-24T09:25:00Z,30150.08,30163.87,30142.74,30162.62
2026-09-24T09:25:00Z,2026-09-24T09:30:00Z,30162.56,30172.15,30145.12,30150.58
2026-09-24T09:30:00Z,2026-09-24T09:35:00Z,30150.44,30152.75,30131.62,30144.98
2026-09-24T09:35:00Z,2026-09-24T09:40:00Z,30145,30147.87,30114.18,30119.75
2026-09-24T09:40:00Z,2026-09-24T09:45:00Z,30119.72,30123.58,30078.37,30085.22
2026-09-24T09:45:00Z,2026-09-24T09:50:00Z,30085.18,30116.37,30079.93,30115.5
2026-09-24T09:50:00Z,2026-09-24T09:55:00Z,30115.44,30128.91,30110,30126.37
2026-09-24T09:55:00Z,2026-09-24T10:00:00Z,30126.41,30145.75,30126.12,30145
2026-09-24T10:00:00Z,2026-09-24T10:05:00Z,30144.87,30158.65,30133.62,30135.25
2026-09-24T10:05:00Z,2026-09-24T10:10:00Z,30135.12,30138.41,30124.3,30130.75
2026-09-24T10:10:00Z,2026-09-24T10:15:00Z,30130.87,30152.52,30128.81,30145.5
2026-09-24T10:15:00Z,2026-09-24T10:20:00Z,30145.62,30167.75,30142.17,30152.47
2026-09-24T10:20:00Z,2026-09-24T10:25:00Z,30152.52,30155.75,30126.83,30128.75
2026-09-24T10:25:00Z,2026-09-24T10:30:00Z,30128.83,30156.62,30122.33,30140.58
2026-09-24T10:30:00Z,2026-09-24T10:35:00Z,30140.62,30163.27,30128.96,30160.5
2026-09-24T10:35:00Z,2026-09-24T10:40:00Z,30160.62,30187.68,30158.12,30184.25
2026-09-24T10:40:00Z,2026-09-24T10:45:00Z,30184.17,30192.62,30179.93,30186.37
2026-09-24T10:45:00Z,2026-09-24T10:50:00Z,30186.31,30230.12,30179.3,30227.37
2026-09-24T10:50:00Z,2026-09-24T10:55:00Z,30227.25,30231.12,30187.62,30188.12
2026-09-24T10:55:00Z,2026-09-24T11:00:00Z,30188,30201.12,30180.93,30196.75
2026-09-24T11:00:00Z,2026-09-24T11:05:00Z,30196.67,30211.69,30187.87,30189
2026-09-24T11:05:00Z,2026-09-24T11:10:00Z,30189.05,30195.08,30172.5,30179.92
2026-09-24T11:10:00Z,2026-09-24T11:15:00Z,30180.62,30198.87,30164.06,30197.18
2026-09-24T11:15:00Z,2026-09-24T11:20:00Z,30197.12,30220.67,30186.87,30191.75
2026-09-24T11:20:00Z,2026-09-24T11:25:00Z,30191.69,30205.78,30184.06,30202.66
2026-09-24T11:25:00Z,2026-09-24T11:30:00Z,30202.62,30202.75,30178.44,30179
2026-09-24T11:30:00Z,2026-09-24T11:35:00Z,30179.06,30209.06,30178.49,30179.12
2026-09-24T11:35:00Z,2026-09-24T11:40:00Z,30179.08,30179.33,30155,30158.12
2026-09-24T11:40:00Z,2026-09-24T11:45:00Z,30158.06,30160.25,30151.44,30160
2026-09-24T11:45:00Z,2026-09-24T11:50:00Z,30159.94,30160.12,30136.07,30137.18
2026-09-24T11:50:00Z,2026-09-24T11:55:00Z,30137.12,30154.31,30137,30152.69
2026-09-24T11:55:00Z,2026-09-24T12:00:00Z,30152.53,30182.12,30139.62,30170.93
2026-09-24T12:00:00Z,2026-09-24T12:05:00Z,30170.97,30175.62,30133.87,30146.37
2026-09-24T12:05:00Z,2026-09-24T12:10:00Z,30146.5,30170.58,30146.12,30165.08
2026-09-24T12:10:00Z,2026-09-24T12:15:00Z,30165.06,30195.25,30164.42,30190.12
2026-09-24T12:15:00Z,2026-09-24T12:20:00Z,30190.2,30209.12,30185.81,30203.33
2026-09-24T12:20:00Z,2026-09-24T12:25:00Z,30203.37,30217.25,30197.22,30208.5
2026-09-24T12:25:00Z,2026-09-24T12:30:00Z,30208.37,30212.65,30163.77,30181
2026-09-24T12:30:00Z,2026-09-24T12:35:00Z,30180.87,30187.83,30144.18,30145.69
2026-09-24T12:35:00Z,2026-09-24T12:40:00Z,30146,30149.12,30128.7,30144.56
2026-09-24T12:40:00Z,2026-09-24T12:45:00Z,30144.75,30186.81,30143.06,30180.75
2026-09-24T12:45:00Z,2026-09-24T12:50:00Z,30180.68,30189.04,30170.41,30182.31
2026-09-24T12:50:00Z,2026-09-24T12:55:00Z,30182.37,30190.75,30166.05,30190.29
2026-09-24T12:55:00Z,2026-09-24T13:00:00Z,30190.21,30205.46,30182.87,30194.62
2026-09-24T13:00:00Z,2026-09-24T13:05:00Z,30194.66,30218.5,30193.25,30206.56
2026-09-24T13:05:00Z,2026-09-24T13:10:00Z,30206.62,30210.28,30193,30209.28
2026-09-24T13:10:00Z,2026-09-24T13:15:00Z,30209.35,30227.33,30208.79,30218.12
2026-09-24T13:15:00Z,2026-09-24T13:20:00Z,30217.94,30230.58,30210.45,30226.94
2026-09-24T13:20:00Z,2026-09-24T13:25:00Z,30226.87,30227.87,30211.87,30218.19
2026-09-24T13:25:00Z,2026-09-24T13:30:00Z,30218.12,30233.53,30207.54,30227.37
2026-09-24T13:30:00Z,2026-09-24T13:35:00Z,30227.37,30257.88,30201.29,30247.88
2026-09-24T13:35:00Z,2026-09-24T13:40:00Z,30247.85,30314.45,30243.96,30303.91
2026-09-24T13:40:00Z,2026-09-24T13:45:00Z,30303.84,30305.54,30266.69,30291.6
2026-09-24T13:45:00Z,2026-09-24T13:50:00Z,30291.56,30330.67,30274.46,30284.06
2026-09-24T13:50:00Z,2026-09-24T13:55:00Z,30284.44,30297.23,30243.5,30252.46
2026-09-24T13:55:00Z,2026-09-24T14:00:00Z,30253.33,30290.79,30239.9,30287.75
2026-09-24T14:00:00Z,2026-09-24T14:05:00Z,30287.7,30319.21,30278.31,30314.59
2026-09-24T14:05:00Z,2026-09-24T14:10:00Z,30314.54,30324.5,30300.13,30307.09
2026-09-24T14:10:00Z,2026-09-24T14:15:00Z,30307.19,30307.81,30274,30294.43
2026-09-24T14:15:00Z,2026-09-24T14:20:00Z,30293.72,30309.83,30270.63,30304.25
2026-09-24T14:20:00Z,2026-09-24T14:25:00Z,30304.2,30324.58,30298.08,30309.67
2026-09-24T14:25:00Z,2026-09-24T14:30:00Z,30309.56,30345.94,30303.28,30338.33
2026-09-24T14:30:00Z,2026-09-24T14:35:00Z,30338.45,30339.94,30310.79,30338.17
2026-09-24T14:35:00Z,2026-09-24T14:40:00Z,30338.18,30346.71,30306.25,30315.42
2026-09-24T14:40:00Z,2026-09-24T14:45:00Z,30315.31,30323.66,30280.46,30287.53
2026-09-24T14:45:00Z,2026-09-24T14:50:00Z,30287.5,30314.6,30277.06,30300.35
2026-09-24T14:50:00Z,2026-09-24T14:55:00Z,30300.37,30321.73,30265.85,30272.59
2026-09-24T14:55:00Z,2026-09-24T15:00:00Z,30272.69,30274.03,30240.83,30250.12
2026-09-24T15:00:00Z,2026-09-24T15:05:00Z,30249.93,30280.66,30247.34,30261.56
2026-09-24T15:05:00Z,2026-09-24T15:10:00Z,30261.75,30265.75,30222.94,30224.93
2026-09-24T15:10:00Z,2026-09-24T15:15:00Z,30224.92,30245.6,30212.17,30218.96
2026-09-24T15:15:00Z,2026-09-24T15:20:00Z,30218.88,30254.81,30214,30226.06
2026-09-24T15:20:00Z,2026-09-24T15:25:00Z,30226.04,30265.48,30218.17,30262.79
2026-09-24T15:25:00Z,2026-09-24T15:30:00Z,30262.75,30263.56,30215.29,30221.66
2026-09-24T15:30:00Z,2026-09-24T15:35:00Z,30221.69,30234.23,30210.59,30229.38
2026-09-24T15:35:00Z,2026-09-24T15:40:00Z,30229.68,30251.82,30223.25,30233.5
2026-09-24T15:40:00Z,2026-09-24T15:45:00Z,30233.94,30248.56,30217.92,30245.44
2026-09-24T15:45:00Z,2026-09-24T15:50:00Z,30245.46,30257.93,30214.56,30224.25
2026-09-24T15:50:00Z,2026-09-24T15:55:00Z,30224.28,30275.79,30222.71,30274.6
2026-09-24T15:55:00Z,2026-09-24T16:00:00Z,30274.68,30277.25,30254.23,30262.38
2026-09-24T16:00:00Z,2026-09-24T16:05:00Z,30262.31,30264.96,30231.85,30248
2026-09-24T16:05:00Z,2026-09-24T16:10:00Z,30247.6,30250.08,30225.03,30231.4
2026-09-24T16:10:00Z,2026-09-24T16:15:00Z,30231.38,30266.37,30214.77,30266.3
2026-09-24T16:15:00Z,2026-09-24T16:20:00Z,30266.62,30455.71,30264.87,30390.36
2026-09-24T16:20:00Z,2026-09-24T16:25:00Z,30390.41,30416.12,30379.71,30397.21
2026-09-24T16:25:00Z,2026-09-24T16:30:00Z,30397.35,30417.88,30359.5,30405.25
2026-09-24T16:30:00Z,2026-09-24T16:35:00Z,30405.54,30409.62,30369.5,30392.59
2026-09-24T16:35:00Z,2026-09-24T16:40:00Z,30392.56,30455.83,30388.87,30454.88
2026-09-24T16:40:00Z,2026-09-24T16:45:00Z,30454.91,30522.48,30446.29,30455
2026-09-24T16:45:00Z,2026-09-24T16:50:00Z,30454.53,30500.18,30433.75,30493.81
2026-09-24T16:50:00Z,2026-09-24T16:55:00Z,30493.88,30513.53,30458.21,30471.25
2026-09-24T16:55:00Z,2026-09-24T17:00:00Z,30471.21,30523.73,30467.5,30500.25
2026-09-24T17:00:00Z,2026-09-24T17:05:00Z,30500.04,30526.11,30467.5,30515.29
2026-09-24T17:05:00Z,2026-09-24T17:10:00Z,30515.25,30535.27,30497.71,30499.45
2026-09-24T17:10:00Z,2026-09-24T17:15:00Z,30499.43,30503.84,30464.96,30498.16
2026-09-24T17:15:00Z,2026-09-24T17:20:00Z,30498.2,30501,30454.08,30454.87
2026-09-24T17:20:00Z,2026-09-24T17:25:00Z,30454.81,30468.75,30441.31,30444.54
2026-09-24T17:25:00Z,2026-09-24T17:30:00Z,30444.5,30448,30408.37,30443.37
2026-09-24T17:30:00Z,2026-09-24T17:35:00Z,30443.41,30468.6,30425.06,30425.91
2026-09-24T17:35:00Z,2026-09-24T17:40:00Z,30426.04,30434.65,30406.33,30420.54
2026-09-24T17:40:00Z,2026-09-24T17:45:00Z,30420.63,30431.47,30379.71,30380.71
2026-09-24T17:45:00Z,2026-09-24T17:50:00Z,30380.85,30416.31,30373.75,30409.75
2026-09-24T17:50:00Z,2026-09-24T17:55:00Z,30409.79,30413.31,30378.94,30389.75
2026-09-24T17:55:00Z,2026-09-24T18:00:00Z,30389.87,30413.4,30380.56,30404.81
2026-09-24T18:00:00Z,2026-09-24T18:05:00Z,30404.83,30406.58,30330.13,30334.85
2026-09-24T18:05:00Z,2026-09-24T18:10:00Z,30335.04,30398.73,30334.54,30391.54
2026-09-24T18:10:00Z,2026-09-24T18:15:00Z,30391.56,30412.75,30385.71,30403.65
2026-09-24T18:15:00Z,2026-09-24T18:20:00Z,30403.75,30437.35,30398.75,30421.91
2026-09-24T18:20:00Z,2026-09-24T18:25:00Z,30421.62,30430.17,30401.61,30425.88
2026-09-24T18:25:00Z,2026-09-24T18:30:00Z,30425.86,30460.68,30423.53,30448.54
2026-09-24T18:30:00Z,2026-09-24T18:35:00Z,30448.5,30454.29,30425.23,30425.38
2026-09-24T18:35:00Z,2026-09-24T18:40:00Z,30425.44,30490.12,30411.53,30461.06
2026-09-24T18:40:00Z,2026-09-24T18:45:00Z,30461.23,30461.25,30432.93,30444.93
2026-09-24T18:45:00Z,2026-09-24T18:50:00Z,30445.04,30460,30444.21,30455.47
2026-09-24T18:50:00Z,2026-09-24T18:55:00Z,30455.41,30484.07,30452.19,30474.31
2026-09-24T18:55:00Z,2026-09-24T19:00:00Z,30474.21,30500.4,30473.33,30487.77
2026-09-24T19:00:00Z,2026-09-24T19:05:00Z,30487.79,30491.56,30434.5,30442.09
2026-09-24T19:05:00Z,2026-09-24T19:10:00Z,30442.06,30456.84,30440.06,30447
2026-09-24T19:10:00Z,2026-09-24T19:15:00Z,30447.04,30452.2,30432.31,30434.46
2026-09-24T19:15:00Z,2026-09-24T19:20:00Z,30434.47,30476.38,30434.19,30470.06
2026-09-24T19:20:00Z,2026-09-24T19:25:00Z,30470.04,30476.68,30457.83,30474.96
2026-09-24T19:25:00Z,2026-09-24T19:30:00Z,30474.88,30480.25,30453.63,30458.1
2026-09-24T19:30:00Z,2026-09-24T19:35:00Z,30458.18,30476.38,30455.15,30475.6
2026-09-24T19:35:00Z,2026-09-24T19:40:00Z,30475.56,30476.13,30456.38,30471.09
2026-09-24T19:40:00Z,2026-09-24T19:45:00Z,30471.07,30477.67,30458.18,30461.04
2026-09-24T19:45:00Z,2026-09-24T19:50:00Z,30461,30469.98,30454.28,30455.66
2026-09-24T19:50:00Z,2026-09-24T19:55:00Z,30455.71,30498.1,30455.48,30487.31
2026-09-24T19:55:00Z,2026-09-24T20:00:00Z,30487.29,30490.5,30465.5,30465.72
2026-09-24T20:00:00Z,2026-09-24T20:05:00Z,30465.03,30470.08,30431,30435.68
2026-09-24T20:05:00Z,2026-09-24T20:10:00Z,30435.69,30442.25,30431.78,30436.96
2026-09-24T20:10:00Z,2026-09-24T20:15:00Z,30436.91,30437.85,30404.41,30406.25
2026-09-24T20:15:00Z,2026-09-24T20:20:00Z,30406.15,30416.5,30380.37,30388.01
2026-09-24T20:20:00Z,2026-09-24T20:25:00Z,30388,30390.76,30378.44,30380.93
2026-09-24T20:25:00Z,2026-09-24T20:30:00Z,30381,30388.08,30370.66,30374.69
2026-09-24T20:30:00Z,2026-09-24T20:35:00Z,30374.75,30392.56,30371.87,30388.03
2026-09-24T20:35:00Z,2026-09-24T20:40:00Z,30388,30397.87,30386.09,30397.58
2026-09-24T20:40:00Z,2026-09-24T20:45:00Z,30397.68,30415.82,30394.38,30413.62
2026-09-24T20:45:00Z,2026-09-24T20:50:00Z,30413.75,30426.8,30413.28,30425
2026-09-24T20:50:00Z,2026-09-24T20:55:00Z,30425.53,30435.65,30423.9,30435.57
2026-09-24T20:55:00Z,2026-09-24T21:00:00Z,30435.52,30447.64,30431.28,30443.66
2026-09-24T22:00:00Z,2026-09-24T22:05:00Z,30443.66,30470.87,30428.87,30457.12
2026-09-24T22:05:00Z,2026-09-24T22:10:00Z,30457.25,30458.25,30421.18,30444.37
2026-09-24T22:10:00Z,2026-09-24T22:15:00Z,30444.25,30447.33,30437.75,30438.37
2026-09-24T22:15:00Z,2026-09-24T22:20:00Z,30438.48,30442.12,30433.37,30433.37
2026-09-24T22:20:00Z,2026-09-24T22:25:00Z,30433.41,30434.62,30425.37,30426.75
2026-09-24T22:25:00Z,2026-09-24T22:30:00Z,30426.73,30428.16,30417.87,30423
2026-09-24T22:30:00Z,2026-09-24T22:35:00Z,30423.12,30434.57,30420.77,30430.5
2026-09-24T22:35:00Z,2026-09-24T22:40:00Z,30430.62,30435.75,30429.75,30430.25
2026-09-24T22:40:00Z,2026-09-24T22:45:00Z,30430.37,30447.01,30428.37,30444
2026-09-24T22:45:00Z,2026-09-24T22:50:00Z,30443.98,30445.75,30435.5,30443.23
2026-09-24T22:50:00Z,2026-09-24T22:55:00Z,30443.25,30446.26,30441.62,30443.37
2026-09-24T22:55:00Z,2026-09-24T23:00:00Z,30443.25,30447.52,30438.75,30441.32
2026-09-24T23:00:00Z,2026-09-24T23:05:00Z,30441.37,30447.37,30439.42,30444.98
2026-09-24T23:05:00Z,2026-09-24T23:10:00Z,30445,30447.77,30426.52,30433.52
2026-09-24T23:10:00Z,2026-09-24T23:15:00Z,30433.77,30434.75,30423.12,30429.16
2026-09-24T23:15:00Z,2026-09-24T23:20:00Z,30429.31,30433.2,30424.87,30427.81
2026-09-24T23:20:00Z,2026-09-24T23:25:00Z,30427.8,30438,30423.67,30437.42
2026-09-24T23:25:00Z,2026-09-24T23:30:00Z,30437.37,30444.87,30433.75,30437.59
2026-09-24T23:30:00Z,2026-09-24T23:35:00Z,30437.72,30443.83,30437.59,30439.37
2026-09-24T23:35:00Z,2026-09-24T23:40:00Z,30439.31,30443.18,30435.33,30437.91
2026-09-24T23:40:00Z,2026-09-24T23:45:00Z,30437.87,30438.25,30419.66,30420.12
2026-09-24T23:45:00Z,2026-09-24T23:50:00Z,30420.1,30425.69,30408.99,30414.5
2026-09-24T23:50:00Z,2026-09-24T23:55:00Z,30414.37,30416.08,30399.12,30404.75
2026-09-24T23:55:00Z,2026-09-25T00:00:00Z,30404.66,30407.87,30396.41,30399.42
2026-09-25T00:00:00Z,2026-09-25T00:05:00Z,30399.37,30429.62,30398.56,30419
2026-09-25T00:05:00Z,2026-09-25T00:10:00Z,30418.87,30420.5,30396.75,30411.25
2026-09-25T00:10:00Z,2026-09-25T00:15:00Z,30411.37,30416.16,30398.75,30408.92
2026-09-25T00:15:00Z,2026-09-25T00:20:00Z,30408.87,30413.5,30394.75,30405.27
2026-09-25T00:20:00Z,2026-09-25T00:25:00Z,30405.41,30436,30403.37,30432.37
2026-09-25T00:25:00Z,2026-09-25T00:30:00Z,30432.33,30439.25,30422.08,30425.81
2026-09-25T00:30:00Z,2026-09-25T00:35:00Z,30425.66,30428.75,30413.12,30417.92
2026-09-25T00:35:00Z,2026-09-25T00:40:00Z,30417.87,30421.62,30394.37,30403.25
2026-09-25T00:40:00Z,2026-09-25T00:45:00Z,30403.12,30417.41,30401.87,30412.58
2026-09-25T00:45:00Z,2026-09-25T00:50:00Z,30412.43,30419.81,30406.24,30415.75
2026-09-25T00:50:00Z,2026-09-25T00:55:00Z,30415.73,30417.75,30397.72,30411.75
2026-09-25T00:55:00Z,2026-09-25T01:00:00Z,30411.62,30416.66,30402.62,30410
2026-09-25T01:00:00Z,2026-09-25T01:05:00Z,30409.91,30422.87,30396.64,30421.12
2026-09-25T01:05:00Z,2026-09-25T01:10:00Z,30421.08,30434.45,30407.87,30428.91
2026-09-25T01:10:00Z,2026-09-25T01:15:00Z,30428.87,30485.92,30428.12,30476.75
2026-09-25T01:15:00Z,2026-09-25T01:20:00Z,30476.87,30501.53,30473.5,30483.75
2026-09-25T01:20:00Z,2026-09-25T01:25:00Z,30483.87,30500.95,30481.37,30488.62
2026-09-25T01:25:00Z,2026-09-25T01:30:00Z,30488.65,30500.12,30484.25,30487.25
2026-09-25T01:30:00Z,2026-09-25T01:35:00Z,30487.31,30490.16,30466.22,30467.67
2026-09-25T01:35:00Z,2026-09-25T01:40:00Z,30467.62,30504.37,30462.52,30503
2026-09-25T01:40:00Z,2026-09-25T01:45:00Z,30502.87,30520.31,30499.72,30510.25
2026-09-25T01:45:00Z,2026-09-25T01:50:00Z,30510.12,30513.44,30496.37,30509.87
2026-09-25T01:50:00Z,2026-09-25T01:55:00Z,30509.75,30511,30490.48,30492.62
2026-09-25T01:55:00Z,2026-09-25T02:00:00Z,30492.75,30502.78,30483.25,30502.5
2026-09-25T02:00:00Z,2026-09-25T02:05:00Z,30502.62,30508.59,30495.41,30506.37
2026-09-25T02:05:00Z,2026-09-25T02:10:00Z,30506.25,30522.14,30505.37,30518.08
2026-09-25T02:10:00Z,2026-09-25T02:15:00Z,30518,30521.67,30506.37,30509.33
2026-09-25T02:15:00Z,2026-09-25T02:20:00Z,30509.04,30520.62,30506.94,30518.69
2026-09-25T02:20:00Z,2026-09-25T02:25:00Z,30518.64,30526.12,30516.04,30516.18
2026-09-25T02:25:00Z,2026-09-25T02:30:00Z,30516.22,30516.29,30496.91,30498.25
2026-09-25T02:30:00Z,2026-09-25T02:35:00Z,30497.87,30500.68,30477.75,30479
2026-09-25T02:35:00Z,2026-09-25T02:40:00Z,30479.12,30486.25,30473.08,30485.25
2026-09-25T02:40:00Z,2026-09-25T02:45:00Z,30485.23,30506.58,30483.75,30499.5
2026-09-25T02:45:00Z,2026-09-25T02:50:00Z,30499.62,30501.08,30481.28,30483.5
2026-09-25T02:50:00Z,2026-09-25T02:55:00Z,30483.37,30497.37,30476.83,30496.41
2026-09-25T02:55:00Z,2026-09-25T03:00:00Z,30496.37,30503.25,30491.58,30503.19
2026-09-25T03:00:00Z,2026-09-25T03:05:00Z,30503.12,30504.5,30492.08,30497.5
2026-09-25T03:05:00Z,2026-09-25T03:10:00Z,30497.56,30523.15,30497.56,30518.81
2026-09-25T03:10:00Z,2026-09-25T03:15:00Z,30518.75,30518.75,30507.4,30514.62
2026-09-25T03:15:00Z,2026-09-25T03:20:00Z,30514.5,30521.03,30500.47,30511.37
2026-09-25T03:20:00Z,2026-09-25T03:25:00Z,30511.25,30520.12,30510.62,30512.81
2026-09-25T03:25:00Z,2026-09-25T03:30:00Z,30512.69,30515,30504.37,30506
2026-09-25T03:30:00Z,2026-09-25T03:35:00Z,30505.94,30513.42,30502.41,30509.87
2026-09-25T03:35:00Z,2026-09-25T03:40:00Z,30509.91,30519.87,30504.31,30519.62
2026-09-25T03:40:00Z,2026-09-25T03:45:00Z,30519.67,30525.18,30496.42,30496.56
2026-09-25T03:45:00Z,2026-09-25T03:50:00Z,30496.62,30502.62,30486.62,30499
2026-09-25T03:50:00Z,2026-09-25T03:55:00Z,30498.98,30505.12,30492.52,30496.83
2026-09-25T03:55:00Z,2026-09-25T04:00:00Z,30496.87,30506.37,30495.3,30503.41
2026-09-25T04:00:00Z,2026-09-25T04:05:00Z,30503.37,30506,30484.62,30490.23
2026-09-25T04:05:00Z,2026-09-25T04:10:00Z,30490.08,30493.72,30479.87,30487.5
2026-09-25T04:10:00Z,2026-09-25T04:15:00Z,30487.37,30493.16,30483.81,30486.67
2026-09-25T04:15:00Z,2026-09-25T04:20:00Z,30486.52,30493.37,30480,30483.75
2026-09-25T04:20:00Z,2026-09-25T04:25:00Z,30483.78,30490.5,30478.79,30489.27
2026-09-25T04:25:00Z,2026-09-25T04:30:00Z,30489.41,30493.28,30481.62,30486.87
2026-09-25T04:30:00Z,2026-09-25T04:35:00Z,30486.77,30495.56,30482,30494
2026-09-25T04:35:00Z,2026-09-25T04:40:00Z,30493.87,30502.03,30491.25,30500.25
2026-09-25T04:40:00Z,2026-09-25T04:45:00Z,30500.37,30504.08,30493.75,30495.25
2026-09-25T04:45:00Z,2026-09-25T04:50:00Z,30495.37,30503.62,30494.33,30497.37
2026-09-25T04:50:00Z,2026-09-25T04:55:00Z,30497.31,30503.83,30489.12,30495.16
2026-09-25T04:55:00Z,2026-09-25T05:00:00Z,30495.12,30496,30479.62,30490.5
2026-09-25T05:00:00Z,2026-09-25T05:05:00Z,30490.45,30505.28,30488,30502.25
2026-09-25T05:05:00Z,2026-09-25T05:10:00Z,30502.33,30521.28,30499.83,30519.58
2026-09-25T05:10:00Z,2026-09-25T05:15:00Z,30519.44,30525.5,30512.41,30513.75
2026-09-25T05:15:00Z,2026-09-25T05:20:00Z,30513.98,30524.66,30512.53,30515.5
2026-09-25T05:20:00Z,2026-09-25T05:25:00Z,30515.62,30519.33,30501.62,30502.25
2026-09-25T05:25:00Z,2026-09-25T05:30:00Z,30502.12,30521.18,30501.37,30518
2026-09-25T05:30:00Z,2026-09-25T05:35:00Z,30518.08,30560.67,30514.44,30550.12
2026-09-25T05:35:00Z,2026-09-25T05:40:00Z,30550,30564.68,30550,30560.91
2026-09-25T05:40:00Z,2026-09-25T05:45:00Z,30560.87,30578.37,30557.37,30578.12
2026-09-25T05:45:00Z,2026-09-25T05:50:00Z,30577.91,30580.54,30563.72,30564.87
2026-09-25T05:50:00Z,2026-09-25T05:55:00Z,30565,30576.87,30563.91,30576.12
2026-09-25T05:55:00Z,2026-09-25T06:00:00Z,30576.17,30576.17,30558.3,30562.37
2026-09-25T06:00:00Z,2026-09-25T06:05:00Z,30561.87,30578.69,30561.62,30576.33
2026-09-25T06:05:00Z,2026-09-25T06:10:00Z,30576.37,30587.83,30573.12,30586.33
2026-09-25T06:10:00Z,2026-09-25T06:15:00Z,30586.37,30602.2,30585.08,30599.62
2026-09-25T06:15:00Z,2026-09-25T06:20:00Z,30599.5,30612.63,30593.12,30607.75
2026-09-25T06:20:00Z,2026-09-25T06:25:00Z,30607.83,30616.87,30603.18,30609.75
2026-09-25T06:25:00Z,2026-09-25T06:30:00Z,30609.83,30613.06,30585.21,30592.69
2026-09-25T06:30:00Z,2026-09-25T06:35:00Z,30592.75,30603.75,30587,30603.12
2026-09-25T06:35:00Z,2026-09-25T06:40:00Z,30603.08,30604.08,30589.8,30593.66
2026-09-25T06:40:00Z,2026-09-25T06:45:00Z,30593.62,30600.3,30587.62,30592.5
2026-09-25T06:45:00Z,2026-09-25T06:50:00Z,30592.37,30598.37,30576.77,30587.12
2026-09-25T06:50:00Z,2026-09-25T06:55:00Z,30587.25,30590.2,30576.31,30586.33
2026-09-25T06:55:00Z,2026-09-25T07:00:00Z,30586.25,30594.25,30576.62,30578.87
2026-09-25T07:00:00Z,2026-09-25T07:05:00Z,30579.12,30599.87,30577.54,30584.12
2026-09-25T07:05:00Z,2026-09-25T07:10:00Z,30584,30600.06,30578.87,30590.87
2026-09-25T07:10:00Z,2026-09-25T07:15:00Z,30590.92,30609.48,30583.47,30606.62
2026-09-25T07:15:00Z,2026-09-25T07:20:00Z,30606.67,30614.75,30592.62,30597.48
2026-09-25T07:20:00Z,2026-09-25T07:25:00Z,30597.5,30603.75,30588.12,30594.75
2026-09-25T07:25:00Z,2026-09-25T07:30:00Z,30594.69,30614.25,30583.71,30611.12
2026-09-25T07:30:00Z,2026-09-25T07:35:00Z,30614.17,30616.83,30573.87,30576.05
2026-09-25T07:35:00Z,2026-09-25T07:40:00Z,30575.97,30584.87,30571.21,30571.37
2026-09-25T07:40:00Z,2026-09-25T07:45:00Z,30571.5,30581.42,30567.87,30572.87
2026-09-25T07:45:00Z,2026-09-25T07:50:00Z,30572.94,30592.68,30572.56,30574.62
2026-09-25T07:50:00Z,2026-09-25T07:55:00Z,30574.67,30584.12,30571.25,30578.87
2026-09-25T07:55:00Z,2026-09-25T08:00:00Z,30578.75,30590.37,30574.94,30580.43
2026-09-25T08:00:00Z,2026-09-25T08:05:00Z,30579.41,30589.12,30555.62,30559.25
2026-09-25T08:05:00Z,2026-09-25T08:10:00Z,30559.37,30575.41,30550.12,30571.17
2026-09-25T08:10:00Z,2026-09-25T08:15:00Z,30571.12,30602.4,30569.25,30590.37
2026-09-25T08:15:00Z,2026-09-25T08:20:00Z,30590.25,30609,30590.12,30598.87
2026-09-25T08:20:00Z,2026-09-25T08:25:00Z,30598.91,30621.33,30596.87,30620.37
2026-09-25T08:25:00Z,2026-09-25T08:30:00Z,30620.5,30638.98,30608.29,30635
2026-09-25T08:30:00Z,2026-09-25T08:35:00Z,30634.87,30645.67,30627.33,30639.62
2026-09-25T08:35:00Z,2026-09-25T08:40:00Z,30639.5,30644.33,30623.5,30629.08
2026-09-25T08:40:00Z,2026-09-25T08:45:00Z,30628.87,30647.29,30628.5,30646
2026-09-25T08:45:00Z,2026-09-25T08:50:00Z,30645.87,30656.44,30645.31,30645.56
2026-09-25T08:50:00Z,2026-09-25T08:55:00Z,30645.83,30653.83,30642.96,30652.94
2026-09-25T08:55:00Z,2026-09-25T09:00:00Z,30653,30666.31,30653,30658.69
2026-09-25T09:00:00Z,2026-09-25T09:05:00Z,30658.62,30667.12,30653.81,30659.62
2026-09-25T09:05:00Z,2026-09-25T09:10:00Z,30659.69,30672.04,30658.22,30670.62
2026-09-25T09:10:00Z,2026-09-25T09:15:00Z,30670.75,30672,30662.5,30665.67
2026-09-25T09:15:00Z,2026-09-25T09:20:00Z,30665.62,30672.66,30660.68,30662.25
2026-09-25T09:20:00Z,2026-09-25T09:25:00Z,30662.19,30664.23,30652.12,30661.12
2026-09-25T09:25:00Z,2026-09-25T09:30:00Z,30661.08,30661.71,30649.52,30650.91
2026-09-25T09:30:00Z,2026-09-25T09:35:00Z,30651.06,30663.92,30642,30656.16
2026-09-25T09:35:00Z,2026-09-25T09:40:00Z,30656.12,30658.31,30646.75,30653.87
2026-09-25T09:40:00Z,2026-09-25T09:45:00Z,30653.83,30656.12,30644.62,30649.08
2026-09-25T09:45:00Z,2026-09-25T09:50:00Z,30649.06,30649.62,30628,30633.42
2026-09-25T09:50:00Z,2026-09-25T09:55:00Z,30633.37,30635.5,30623.95,30634.12
2026-09-25T09:55:00Z,2026-09-25T10:00:00Z,30634,30641.83,30628.25,30628.25
2026-09-25T10:00:00Z,2026-09-25T10:05:00Z,30628.5,30637.66,30617.34,30618.62
2026-09-25T10:05:00Z,2026-09-25T10:10:00Z,30618.55,30626.06,30612.62,30622.81
2026-09-25T10:10:00Z,2026-09-25T10:15:00Z,30622.75,30644.56,30621.62,30640
2026-09-25T10:15:00Z,2026-09-25T10:20:00Z,30639.87,30651.06,30639,30646.43
2026-09-25T10:20:00Z,2026-09-25T10:25:00Z,30646.58,30654.25,30639,30642.62
2026-09-25T10:25:00Z,2026-09-25T10:30:00Z,30642.73,30647.12,30639.31,30640.8
2026-09-25T10:30:00Z,2026-09-25T10:35:00Z,30640.81,30650.25,30629.87,30639.12
2026-09-25T10:35:00Z,2026-09-25T10:40:00Z,30639.18,30645.25,30624.21,30626.31
2026-09-25T10:40:00Z,2026-09-25T10:45:00Z,30626.17,30635.87,30623.5,30632.75
2026-09-25T10:45:00Z,2026-09-25T10:50:00Z,30632.87,30639.06,30624.58,30636
2026-09-25T10:50:00Z,2026-09-25T10:55:00Z,30635.9,30644.68,30626.95,30639.43
2026-09-25T10:55:00Z,2026-09-25T11:00:00Z,30639.37,30639.37,30626.62,30634.12
2026-09-25T11:00:00Z,2026-09-25T11:05:00Z,30634.37,30649.58,30625.44,30633.12
2026-09-25T11:05:00Z,2026-09-25T11:10:00Z,30633,30672.29,30632.81,30671.25
2026-09-25T11:10:00Z,2026-09-25T11:15:00Z,30671.12,30686.71,30667.93,30686.5
2026-09-25T11:15:00Z,2026-09-25T11:20:00Z,30686.04,30706.5,30685.12,30693.97
2026-09-25T11:20:00Z,2026-09-25T11:25:00Z,30694,30696.41,30687,30689.81
2026-09-25T11:25:00Z,2026-09-25T11:30:00Z,30689.87,30702.75,30686.25,30689
2026-09-25T11:30:00Z,2026-09-25T11:35:00Z,30688.87,30693.12,30681.87,30690.12
2026-09-25T11:35:00Z,2026-09-25T11:40:00Z,30690.18,30708.27,30671.37,30672.87
2026-09-25T11:40:00Z,2026-09-25T11:45:00Z,30673.12,30687.92,30673.08,30682.93
2026-09-25T11:45:00Z,2026-09-25T11:50:00Z,30682.94,30686.18,30679.23,30679.62
2026-09-25T11:50:00Z,2026-09-25T11:55:00Z,30679.75,30693.45,30674.79,30691.62
2026-09-25T11:55:00Z,2026-09-25T12:00:00Z,30691.58,30693.56,30672.29,30672.91
2026-09-25T12:00:00Z,2026-09-25T12:05:00Z,30672.87,30690.25,30668.12,30684.25
2026-09-25T12:05:00Z,2026-09-25T12:10:00Z,30684.16,30689.55,30672.81,30673.62
2026-09-25T12:10:00Z,2026-09-25T12:15:00Z,30673.33,30682.62,30655.37,30664.5
2026-09-25T12:15:00Z,2026-09-25T12:20:00Z,30664.44,30664.75,30628.81,30636.87
2026-09-25T12:20:00Z,2026-09-25T12:25:00Z,30636.62,30656.81,30631.62,30647.06
2026-09-25T12:25:00Z,2026-09-25T12:30:00Z,30647,30653.5,30640.31,30644.12
2026-09-25T12:30:00Z,2026-09-25T12:35:00Z,30644.06,30648.5,30617,30630.87
2026-09-25T12:35:00Z,2026-09-25T12:40:00Z,30630.75,30632,30616.05,30621.87
2026-09-25T12:40:00Z,2026-09-25T12:45:00Z,30622,30625.81,30589.87,30608.66
2026-09-25T12:45:00Z,2026-09-25T12:50:00Z,30608.91,30633.12,30590.97,30597.87
2026-09-25T12:50:00Z,2026-09-25T12:55:00Z,30598,30601.2,30583.81,30588.02
2026-09-25T12:55:00Z,2026-09-25T13:00:00Z,30587.96,30599.08,30583.57,30589.72
2026-09-25T13:00:00Z,2026-09-25T13:05:00Z,30589.69,30593.47,30565.81,30590.44
2026-09-25T13:05:00Z,2026-09-25T13:10:00Z,30590.5,30611.37,30589.96,30611.18
2026-09-25T13:10:00Z,2026-09-25T13:15:00Z,30611.12,30620.37,30607.25,30610.97
2026-09-25T13:15:00Z,2026-09-25T13:20:00Z,30610.91,30611.84,30570.56,30571.68
2026-09-25T13:20:00Z,2026-09-25T13:25:00Z,30571.7,30581.44,30568.13,30568.41
2026-09-25T13:25:00Z,2026-09-25T13:30:00Z,30568.44,30573.31,30532.54,30532.54
2026-09-25T13:30:00Z,2026-09-25T13:35:00Z,30531.71,30563.79,30479.74,30560.09
2026-09-25T13:35:00Z,2026-09-25T13:40:00Z,30560.5,30588.59,30555.5,30580.28
2026-09-25T13:40:00Z,2026-09-25T13:45:00Z,30579.66,30601.83,30563.56,30588
2026-09-25T13:45:00Z,2026-09-25T13:50:00Z,30588.34,30600.46,30559.78,30585.81
2026-09-25T13:50:00Z,2026-09-25T13:55:00Z,30585.84,30634.04,30577.94,30622.69
2026-09-25T13:55:00Z,2026-09-25T14:00:00Z,30622.71,30638.31,30590.66,30611.58
2026-09-25T14:00:00Z,2026-09-25T14:05:00Z,30611.75,30614.31,30510.33,30516.29
2026-09-25T14:05:00Z,2026-09-25T14:10:00Z,30515.91,30528,30464.53,30519
2026-09-25T14:10:00Z,2026-09-25T14:15:00Z,30518.97,30535,30447.37,30452.83
2026-09-25T14:15:00Z,2026-09-25T14:20:00Z,30453.12,30464.38,30396.5,30433.31
2026-09-25T14:20:00Z,2026-09-25T14:25:00Z,30433.29,30472,30421.24,30464.06
2026-09-25T14:25:00Z,2026-09-25T14:30:00Z,30464.03,30490.71,30438.69,30443.21
2026-09-25T14:30:00Z,2026-09-25T14:35:00Z,30443.12,30493.71,30431.29,30482.25
2026-09-25T14:35:00Z,2026-09-25T14:40:00Z,30482.18,30515.45,30473.71,30502.75
2026-09-25T14:40:00Z,2026-09-25T14:45:00Z,30503,30508.22,30450.95,30476.56
2026-09-25T14:45:00Z,2026-09-25T14:50:00Z,30477.25,30509.54,30455.25,30501.88
2026-09-25T14:50:00Z,2026-09-25T14:55:00Z,30501.81,30505.12,30463.5,30497.66
2026-09-25T14:55:00Z,2026-09-25T15:00:00Z,30498.04,30541.2,30494.75,30535.49
2026-09-25T15:00:00Z,2026-09-25T15:05:00Z,30535.19,30579.29,30525.81,30567.96
2026-09-25T15:05:00Z,2026-09-25T15:10:00Z,30567.94,30583.21,30556.78,30558.29
2026-09-25T15:10:00Z,2026-09-25T15:15:00Z,30558.28,30561.29,30518.22,30532.75
2026-09-25T15:15:00Z,2026-09-25T15:20:00Z,30532.71,30549.75,30515.78,30523.37
2026-09-25T15:20:00Z,2026-09-25T15:25:00Z,30523.58,30555.62,30512.67,30524.25
2026-09-25T15:25:00Z,2026-09-25T15:30:00Z,30524.29,30539.71,30515.89,30525.47
2026-09-25T15:30:00Z,2026-09-25T15:35:00Z,30525.25,30572.29,30524.04,30529.37
2026-09-25T15:35:00Z,2026-09-25T15:40:00Z,30529.44,30534.62,30475.94,30484.25
2026-09-25T15:40:00Z,2026-09-25T15:45:00Z,30484.46,30502.76,30462,30463.44
2026-09-25T15:45:00Z,2026-09-25T15:50:00Z,30463.46,30494.5,30447.44,30494.22
2026-09-25T15:50:00Z,2026-09-25T15:55:00Z,30494.16,30498,30443.34,30485.37
2026-09-25T15:55:00Z,2026-09-25T16:00:00Z,30485.41,30571.44,30485.16,30570
2026-09-25T16:00:00Z,2026-09-25T16:05:00Z,30569.34,30631.5,30558.5,30626.12
2026-09-25T16:05:00Z,2026-09-25T16:10:00Z,30626.03,30651.6,30617.83,30642.5
2026-09-25T16:10:00Z,2026-09-25T16:15:00Z,30642.46,30662,30621,30638.87
2026-09-25T16:15:00Z,2026-09-25T16:20:00Z,30639.06,30663.48,30606.25,30613.5
2026-09-25T16:20:00Z,2026-09-25T16:25:00Z,30613.56,30618.06,30551.17,30577.44
2026-09-25T16:25:00Z,2026-09-25T16:30:00Z,30577.56,30639.29,30573.53,30636.94
2026-09-25T16:30:00Z,2026-09-25T16:35:00Z,30636.96,30644.46,30579.06,30591.94
2026-09-25T16:35:00Z,2026-09-25T16:40:00Z,30591.87,30628.62,30589.2,30610.19
2026-09-25T16:40:00Z,2026-09-25T16:45:00Z,30610.13,30633.5,30598.79,30617
2026-09-25T16:45:00Z,2026-09-25T16:50:00Z,30616.96,30619.43,30576.58,30593.47
2026-09-25T16:50:00Z,2026-09-25T16:55:00Z,30593.41,30610.37,30589.19,30604.37
2026-09-25T16:55:00Z,2026-09-25T17:00:00Z,30604.41,30614.85,30574.38,30589.79
2026-09-25T17:00:00Z,2026-09-25T17:05:00Z,30589.75,30632.22,30585.14,30622.19
2026-09-25T17:05:00Z,2026-09-25T17:10:00Z,30622.13,30629.25,30601.78,30623.81
2026-09-25T17:10:00Z,2026-09-25T17:15:00Z,30623.88,30634.5,30603.83,30634.35
2026-09-25T17:15:00Z,2026-09-25T17:20:00Z,30634.31,30638.66,30618.29,30623.41
2026-09-25T17:20:00Z,2026-09-25T17:25:00Z,30623.38,30636.85,30621.63,30635.31
2026-09-25T17:25:00Z,2026-09-25T17:30:00Z,30635.35,30636.77,30623.08,30630.13
2026-09-25T17:30:00Z,2026-09-25T17:35:00Z,30630.09,30635.13,30601.73,30611.44
2026-09-25T17:35:00Z,2026-09-25T17:40:00Z,30611.46,30624.58,30598.44,30615.2
2026-09-25T17:40:00Z,2026-09-25T17:45:00Z,30615.25,30634.44,30613.62,30617.5
2026-09-25T17:45:00Z,2026-09-25T17:50:00Z,30617.41,30630.9,30611.46,30630.1
2026-09-25T17:50:00Z,2026-09-25T17:55:00Z,30630.06,30630.54,30602.79,30612.1
2026-09-25T17:55:00Z,2026-09-25T18:00:00Z,30612.15,30624,30609.92,30623.98
2026-09-25T18:00:00Z,2026-09-25T18:05:00Z,30623.9,30628.69,30615.67,30617
2026-09-25T18:05:00Z,2026-09-25T18:10:00Z,30616.78,30626.65,30608.83,30624.78
2026-09-25T18:10:00Z,2026-09-25T18:15:00Z,30624.85,30641.08,30617.25,30640.2
2026-09-25T18:15:00Z,2026-09-25T18:20:00Z,30640.21,30642.18,30625.94,30631.53
2026-09-25T18:20:00Z,2026-09-25T18:25:00Z,30631.5,30634.23,30622.31,30629.42
2026-09-25T18:25:00Z,2026-09-25T18:30:00Z,30629.33,30634.18,30583.35,30603.21
2026-09-25T18:30:00Z,2026-09-25T18:35:00Z,30603.13,30628.53,30603,30618.13
2026-09-25T18:35:00Z,2026-09-25T18:40:00Z,30618.25,30620.58,30588.34,30589
2026-09-25T18:40:00Z,2026-09-25T18:45:00Z,30588.96,30612.73,30580.21,30612.27
2026-09-25T18:45:00Z,2026-09-25T18:50:00Z,30612.16,30614.53,30592.09,30597.21
2026-09-25T18:50:00Z,2026-09-25T18:55:00Z,30597.13,30599.63,30585.94,30587.25
2026-09-25T18:55:00Z,2026-09-25T19:00:00Z,30587.29,30593.13,30579.25,30580.81
2026-09-25T19:00:00Z,2026-09-25T19:05:00Z,30580.88,30596.5,30575.23,30592.65
2026-09-25T19:05:00Z,2026-09-25T19:10:00Z,30592.69,30603.79,30588.75,30599.24
2026-09-25T19:10:00Z,2026-09-25T19:15:00Z,30599.25,30611.98,30594.48,30610.9
2026-09-25T19:15:00Z,2026-09-25T19:20:00Z,30610.83,30615.54,30598,30598.03
2026-09-25T19:20:00Z,2026-09-25T19:25:00Z,30598.04,30602.25,30582.96,30591.15
2026-09-25T19:25:00Z,2026-09-25T19:30:00Z,30591.21,30592.23,30571.44,30577.33
2026-09-25T19:30:00Z,2026-09-25T19:35:00Z,30577.73,30582.39,30564.29,30564.43
2026-09-25T19:35:00Z,2026-09-25T19:40:00Z,30564.42,30594.25,30557.1,30592.04
2026-09-25T19:40:00Z,2026-09-25T19:45:00Z,30592.06,30611.69,30584.29,30603.63
2026-09-25T19:45:00Z,2026-09-25T19:50:00Z,30603.6,30630.65,30603.6,30620.54
2026-09-25T19:50:00Z,2026-09-25T19:55:00Z,30620.46,30647.06,30620.46,30623.21
2026-09-25T19:55:00Z,2026-09-25T20:00:00Z,30623.28,30630.37,30595.98,30603.5
2026-09-25T20:00:00Z,2026-09-25T20:05:00Z,30603.17,30610.79,30592.73,30607.91
2026-09-25T20:05:00Z,2026-09-25T20:10:00Z,30607.88,30616.03,30601.04,30609.29
2026-09-25T20:10:00Z,2026-09-25T20:15:00Z,30609.25,30611.54,30602.81,30603.75
2026-09-25T20:15:00Z,2026-09-25T20:20:00Z,30603.71,30605.03,30597,30601.5
2026-09-25T20:20:00Z,2026-09-25T20:25:00Z,30601.62,30602.83,30595.96,30600.33
2026-09-25T20:25:00Z,2026-09-25T20:30:00Z,30600.35,30611.81,30599.06,30610.38
2026-09-25T20:30:00Z,2026-09-25T20:35:00Z,30610.44,30626.24,30609.29,30625.5
2026-09-25T20:35:00Z,2026-09-25T20:40:00Z,30625.51,30630.38,30622.58,30623.56
2026-09-25T20:40:00Z,2026-09-25T20:45:00Z,30623.5,30628.96,30622.23,30627.75
2026-09-27T22:00:00Z,2026-09-27T22:05:00Z,30627.75,30637.37,30534.12,30563.5
2026-09-27T22:05:00Z,2026-09-27T22:10:00Z,30563.37,30581.1,30551.5,30561
2026-09-27T22:10:00Z,2026-09-27T22:15:00Z,30560.87,30567.87,30533.52,30537.75
2026-09-27T22:15:00Z,2026-09-27T22:20:00Z,30537.62,30549.37,30533.47,30536.5
2026-09-27T22:20:00Z,2026-09-27T22:25:00Z,30536.57,30543.67,30512.69,30540.87
2026-09-27T22:25:00Z,2026-09-27T22:30:00Z,30541,30559.48,30539.25,30541.12
2026-09-27T22:30:00Z,2026-09-27T22:35:00Z,30541,30541,30517.91,30520.37
2026-09-27T22:35:00Z,2026-09-27T22:40:00Z,30520.5,30526.25,30517.8,30526
2026-09-27T22:40:00Z,2026-09-27T22:45:00Z,30525.91,30526.5,30520.16,30524.37
2026-09-27T22:45:00Z,2026-09-27T22:50:00Z,30524.15,30524.62,30510.46,30511.75
2026-09-27T22:50:00Z,2026-09-27T22:55:00Z,30511.62,30513.67,30501.12,30503.25
2026-09-27T22:55:00Z,2026-09-27T23:00:00Z,30503.23,30509.12,30502.27,30508.75
2026-09-27T23:00:00Z,2026-09-27T23:05:00Z,30508.77,30514.12,30501.12,30510.87
2026-09-27T23:05:00Z,2026-09-27T23:10:00Z,30510.73,30521.25,30508.06,30518.62
2026-09-27T23:10:00Z,2026-09-27T23:15:00Z,30518.75,30529.12,30516.98,30526.75
2026-09-27T23:15:00Z,2026-09-27T23:20:00Z,30526.87,30533.5,30522.75,30532.58
2026-09-27T23:20:00Z,2026-09-27T23:25:00Z,30532.56,30544.51,30530.75,30533.93
2026-09-27T23:25:00Z,2026-09-27T23:30:00Z,30533.87,30539.87,30532.66,30536.33
2026-09-27T23:30:00Z,2026-09-27T23:35:00Z,30536.25,30540.08,30519.62,30522.52
2026-09-27T23:35:00Z,2026-09-27T23:40:00Z,30522.62,30534,30519.97,30526.62
2026-09-27T23:40:00Z,2026-09-27T23:45:00Z,30526.75,30531.37,30517.75,30528.62
2026-09-27T23:45:00Z,2026-09-27T23:50:00Z,30528.75,30562.75,30528.62,30554.5
2026-09-27T23:50:00Z,2026-09-27T23:55:00Z,30554.42,30564.95,30537.83,30544.58
2026-09-27T23:55:00Z,2026-09-28T00:00:00Z,30544.62,30566.43,30540.83,30566
2026-09-28T00:00:00Z,2026-09-28T00:05:00Z,30565.91,30602.25,30557.87,30591.25
2026-09-28T00:05:00Z,2026-09-28T00:10:00Z,30591.12,30599.25,30582.37,30597.12
2026-09-28T00:10:00Z,2026-09-28T00:15:00Z,30597.2,30614.12,30594.62,30612.92
2026-09-28T00:15:00Z,2026-09-28T00:20:00Z,30613,30613.33,30594.12,30602.12
2026-09-28T00:20:00Z,2026-09-28T00:25:00Z,30602.18,30615.06,30596.08,30603.62
2026-09-28T00:25:00Z,2026-09-28T00:30:00Z,30603.58,30608,30584.31,30588.5
2026-09-28T00:30:00Z,2026-09-28T00:35:00Z,30588.33,30591.42,30546.41,30559.66
2026-09-28T00:35:00Z,2026-09-28T00:40:00Z,30559.73,30564.12,30543.67,30549.5
2026-09-28T00:40:00Z,2026-09-28T00:45:00Z,30549.52,30550.25,30528.87,30542.75
2026-09-28T00:45:00Z,2026-09-28T00:50:00Z,30542.66,30573.81,30542.16,30547.25
2026-09-28T00:50:00Z,2026-09-28T00:55:00Z,30547.12,30569.75,30539.72,30551.37
2026-09-28T00:55:00Z,2026-09-28T01:00:00Z,30551.48,30554.5,30508.87,30515.19
2026-09-28T01:00:00Z,2026-09-28T01:05:00Z,30515.33,30541.12,30509.08,30541.12
2026-09-28T01:05:00Z,2026-09-28T01:10:00Z,30541.28,30542.25,30504.5,30525.62
2026-09-28T01:10:00Z,2026-09-28T01:15:00Z,30525.5,30530.37,30511.95,30514.87
2026-09-28T01:15:00Z,2026-09-28T01:20:00Z,30514.92,30519.25,30490.37,30500.68
2026-09-28T01:20:00Z,2026-09-28T01:25:00Z,30500.75,30528,30497.25,30504.12
2026-09-28T01:25:00Z,2026-09-28T01:30:00Z,30504.1,30529.62,30501.41,30524
2026-09-28T01:30:00Z,2026-09-28T01:35:00Z,30523.87,30540.03,30522.12,30525.56
2026-09-28T01:35:00Z,2026-09-28T01:40:00Z,30525.62,30530.12,30517.53,30527.56
2026-09-28T01:40:00Z,2026-09-28T01:45:00Z,30527.67,30532.87,30495.87,30499.87
2026-09-28T01:45:00Z,2026-09-28T01:50:00Z,30500,30506.12,30471.5,30476.12
2026-09-28T01:50:00Z,2026-09-28T01:55:00Z,30476.08,30484.05,30460.29,30467.83
2026-09-28T01:55:00Z,2026-09-28T02:00:00Z,30467.87,30483.87,30459.18,30460.17
2026-09-28T02:00:00Z,2026-09-28T02:05:00Z,30460.25,30463.12,30442,30454.43
2026-09-28T02:05:00Z,2026-09-28T02:10:00Z,30454.5,30463.8,30434.37,30460.08
2026-09-28T02:10:00Z,2026-09-28T02:15:00Z,30460,30476.62,30457.5,30468.5
2026-09-28T02:15:00Z,2026-09-28T02:20:00Z,30468.37,30470.33,30437.12,30449.12
2026-09-28T02:20:00Z,2026-09-28T02:25:00Z,30449.25,30449.87,30418.12,30421.87
2026-09-28T02:25:00Z,2026-09-28T02:30:00Z,30422,30452.31,30419.25,30435.37
2026-09-28T02:30:00Z,2026-09-28T02:35:00Z,30435.35,30444,30419.62,30429.12
2026-09-28T02:35:00Z,2026-09-28T02:40:00Z,30429.08,30435.25,30410.31,30414.62
2026-09-28T02:40:00Z,2026-09-28T02:45:00Z,30414.58,30425.19,30409.73,30420.37
2026-09-28T02:45:00Z,2026-09-28T02:50:00Z,30420.33,30422.87,30397.85,30403.37
2026-09-28T02:50:00Z,2026-09-28T02:55:00Z,30403.33,30413.8,30400.06,30407.17
2026-09-28T02:55:00Z,2026-09-28T03:00:00Z,30407.25,30408.25,30385.12,30397
2026-09-28T03:00:00Z,2026-09-28T03:05:00Z,30396.87,30416,30395.5,30408.12
2026-09-28T03:05:00Z,2026-09-28T03:10:00Z,30408.08,30420,30401.75,30413.87
2026-09-28T03:10:00Z,2026-09-28T03:15:00Z,30414,30420.92,30397.33,30397.5
2026-09-28T03:15:00Z,2026-09-28T03:20:00Z,30397.37,30406.16,30390.22,30393.5
2026-09-28T03:20:00Z,2026-09-28T03:25:00Z,30393.62,30402.56,30384.54,30392.5
2026-09-28T03:25:00Z,2026-09-28T03:30:00Z,30392.46,30392.75,30381.06,30381.44
2026-09-28T03:30:00Z,2026-09-28T03:35:00Z,30381.5,30387.47,30370.87,30371.16
2026-09-28T03:35:00Z,2026-09-28T03:40:00Z,30371.12,30383.62,30361.62,30375.83
2026-09-28T03:40:00Z,2026-09-28T03:45:00Z,30375.87,30385.62,30369.19,30384.67
2026-09-28T03:45:00Z,2026-09-28T03:50:00Z,30384.62,30398.12,30378.87,30392.66
2026-09-28T03:50:00Z,2026-09-28T03:55:00Z,30392.62,30393.25,30375.08,30388.75
2026-09-28T03:55:00Z,2026-09-28T04:00:00Z,30388.66,30389.33,30358.81,30365.25
2026-09-28T04:00:00Z,2026-09-28T04:05:00Z,30365.2,30375.66,30355.5,30372.37
2026-09-28T04:05:00Z,2026-09-28T04:10:00Z,30372.31,30386.54,30369.12,30383.78
2026-09-28T04:10:00Z,2026-09-28T04:15:00Z,30383.81,30404.93,30383.67,30401.85
2026-09-28T04:15:00Z,2026-09-28T04:20:00Z,30401.87,30403.87,30389.37,30402.81
2026-09-28T04:20:00Z,2026-09-28T04:25:00Z,30402.75,30413.85,30402,30410
2026-09-28T04:25:00Z,2026-09-28T04:30:00Z,30409.87,30411.49,30393.19,30404.5
2026-09-28T04:30:00Z,2026-09-28T04:35:00Z,30404.37,30406.12,30392.29,30397.16
2026-09-28T04:35:00Z,2026-09-28T04:40:00Z,30397.25,30400.87,30391.08,30397.5
2026-09-28T04:40:00Z,2026-09-28T04:45:00Z,30397.62,30404.83,30396,30400.75
2026-09-28T04:45:00Z,2026-09-28T04:50:00Z,30400.83,30401.12,30385,30391.41
2026-09-28T04:50:00Z,2026-09-28T04:55:00Z,30391.5,30402.56,30391.25,30396.08
2026-09-28T04:55:00Z,2026-09-28T05:00:00Z,30396.12,30402.62,30390.37,30395.37
2026-09-28T05:00:00Z,2026-09-28T05:05:00Z,30395.44,30422.28,30394.62,30411
2026-09-28T05:05:00Z,2026-09-28T05:10:00Z,30411.12,30413.25,30392.25,30394.75
2026-09-28T05:10:00Z,2026-09-28T05:15:00Z,30394.62,30399.62,30376.25,30386.5
2026-09-28T05:15:00Z,2026-09-28T05:20:00Z,30386.37,30395.37,30373.94,30377.5
2026-09-28T05:20:00Z,2026-09-28T05:25:00Z,30377.37,30382.75,30369.5,30377.37
2026-09-28T05:25:00Z,2026-09-28T05:30:00Z,30377.41,30392.76,30373,30381.25
2026-09-28T05:30:00Z,2026-09-28T05:35:00Z,30381.17,30386.37,30364.67,30371
2026-09-28T05:35:00Z,2026-09-28T05:40:00Z,30371.12,30384.81,30355.17,30360.25
2026-09-28T05:40:00Z,2026-09-28T05:45:00Z,30360.17,30364.75,30347.52,30358.33
2026-09-28T05:45:00Z,2026-09-28T05:50:00Z,30358.37,30372.71,30356.37,30366.25
2026-09-28T05:50:00Z,2026-09-28T05:55:00Z,30366.37,30378.12,30351.33,30359
2026-09-28T05:55:00Z,2026-09-28T06:00:00Z,30359.12,30374.31,30355.62,30366.83
2026-09-28T06:00:00Z,2026-09-28T06:05:00Z,30366.87,30388.12,30352.62,30353.58
2026-09-28T06:05:00Z,2026-09-28T06:10:00Z,30353.43,30383.41,30345.5,30375.5
2026-09-28T06:10:00Z,2026-09-28T06:15:00Z,30375.62,30396.18,30349.22,30351.37
2026-09-28T06:15:00Z,2026-09-28T06:20:00Z,30351.33,30355,30323.04,30324.5
2026-09-28T06:20:00Z,2026-09-28T06:25:00Z,30324.69,30328.87,30313.12,30314.37
2026-09-28T06:25:00Z,2026-09-28T06:30:00Z,30314.37,30317.83,30300.16,30308.12
2026-09-28T06:30:00Z,2026-09-28T06:35:00Z,30308.25,30332.81,30298,30320.12
2026-09-28T06:35:00Z,2026-09-28T06:40:00Z,30320.28,30347.03,30319.08,30344.62
2026-09-28T06:40:00Z,2026-09-28T06:45:00Z,30344.5,30354.42,30328.33,30328.83
2026-09-28T06:45:00Z,2026-09-28T06:50:00Z,30328.75,30343.41,30327.08,30340.5
2026-09-28T06:50:00Z,2026-09-28T06:55:00Z,30340.58,30357.62,30329.37,30339.62
2026-09-28T06:55:00Z,2026-09-28T07:00:00Z,30339.5,30365.75,30334.41,30362.87
2026-09-28T07:00:00Z,2026-09-28T07:05:00Z,30362.81,30363,30321.37,30340.25
2026-09-28T07:05:00Z,2026-09-28T07:10:00Z,30340.37,30344.87,30325.08,30334.75
2026-09-28T07:10:00Z,2026-09-28T07:15:00Z,30334.62,30341.25,30307.62,30312.45
2026-09-28T07:15:00Z,2026-09-28T07:20:00Z,30312.5,30326.53,30306.37,30323.5
2026-09-28T07:20:00Z,2026-09-28T07:25:00Z,30323.37,30332.62,30306.37,30323.47
2026-09-28T07:25:00Z,2026-09-28T07:30:00Z,30323.43,30334.5,30305.43,30312.41
2026-09-28T07:30:00Z,2026-09-28T07:35:00Z,30312.5,30318.68,30303.25,30313.62
2026-09-28T07:35:00Z,2026-09-28T07:40:00Z,30313.5,30323,30293.55,30306.87
2026-09-28T07:40:00Z,2026-09-28T07:45:00Z,30306.93,30330.31,30289,30295.75
2026-09-28T07:45:00Z,2026-09-28T07:50:00Z,30295.87,30334.25,30294.75,30329.5
2026-09-28T07:50:00Z,2026-09-28T07:55:00Z,30329.62,30338.37,30308.83,30337.62
2026-09-28T07:55:00Z,2026-09-28T08:00:00Z,30337.58,30346.06,30320.25,30327.62
2026-09-28T08:00:00Z,2026-09-28T08:05:00Z,30327.5,30336.45,30306.25,30327.91
2026-09-28T08:05:00Z,2026-09-28T08:10:00Z,30327.91,30337.83,30309.91,30329.62
2026-09-28T08:10:00Z,2026-09-28T08:15:00Z,30329.47,30353.5,30318.37,30350.66
2026-09-28T08:15:00Z,2026-09-28T08:20:00Z,30350.62,30356.87,30325.17,30329.33
2026-09-28T08:20:00Z,2026-09-28T08:25:00Z,30329.18,30333.25,30309.37,30317.12
2026-09-28T08:25:00Z,2026-09-28T08:30:00Z,30317.17,30340.91,30316.33,30339.42
2026-09-28T08:30:00Z,2026-09-28T08:35:00Z,30339.5,30347.31,30321.97,30326.5
2026-09-28T08:35:00Z,2026-09-28T08:40:00Z,30326.62,30329.87,30288.2,30300.62
2026-09-28T08:40:00Z,2026-09-28T08:45:00Z,30300.56,30316,30298.42,30306.37
2026-09-28T08:45:00Z,2026-09-28T08:50:00Z,30306.33,30314.37,30292.58,30306.62
2026-09-28T08:50:00Z,2026-09-28T08:55:00Z,30306.66,30316.75,30293.43,30298.83
2026-09-28T08:55:00Z,2026-09-28T09:00:00Z,30298.75,30307.87,30295.43,30296.19
2026-09-28T09:00:00Z,2026-09-28T09:05:00Z,30296.12,30323.25,30280.58,30283.41
2026-09-28T09:05:00Z,2026-09-28T09:10:00Z,30283.37,30291,30266.25,30267.41
2026-09-28T09:10:00Z,2026-09-28T09:15:00Z,30267.37,30269.12,30253.89,30261.12
2026-09-28T09:15:00Z,2026-09-28T09:20:00Z,30261.17,30291.42,30252.75,30289.12
2026-09-28T09:20:00Z,2026-09-28T09:25:00Z,30289.25,30307.94,30287.06,30296.41
2026-09-28T09:25:00Z,2026-09-28T09:30:00Z,30296.37,30305.75,30283.5,30305.16
2026-09-28T09:30:00Z,2026-09-28T09:35:00Z,30305.12,30309,30276.75,30277.18
2026-09-28T09:35:00Z,2026-09-28T09:40:00Z,30277.12,30301,30276.08,30287.87
2026-09-28T09:40:00Z,2026-09-28T09:45:00Z,30287.91,30311.67,30286.81,30310.19
2026-09-28T09:45:00Z,2026-09-28T09:50:00Z,30310.33,30318.75,30306.75,30316.75
2026-09-28T09:50:00Z,2026-09-28T09:55:00Z,30316.81,30324.25,30309.17,30311.12
2026-09-28T09:55:00Z,2026-09-28T10:00:00Z,30311.08,30315.5,30299.97,30309.12
2026-09-28T10:00:00Z,2026-09-28T10:05:00Z,30309,30323.75,30306.25,30321.75
2026-09-28T10:05:00Z,2026-09-28T10:10:00Z,30321.87,30322.87,30280.81,30284
2026-09-28T10:10:00Z,2026-09-28T10:15:00Z,30284.12,30298.52,30265.87,30284.58
2026-09-28T10:15:00Z,2026-09-28T10:20:00Z,30284.62,30296.43,30281.2,30281.2
2026-09-28T10:20:00Z,2026-09-28T10:25:00Z,30281.25,30295.25,30281.12,30286.08
2026-09-28T10:25:00Z,2026-09-28T10:30:00Z,30286.12,30293.62,30276.56,30293.62
2026-09-28T10:30:00Z,2026-09-28T10:35:00Z,30293.56,30297.96,30278.7,30294.92
2026-09-28T10:35:00Z,2026-09-28T10:40:00Z,30295,30301,30283.12,30289.62
2026-09-28T10:40:00Z,2026-09-28T10:45:00Z,30289.58,30302,30288.12,30293.21
2026-09-28T10:45:00Z,2026-09-28T10:50:00Z,30293.05,30305.87,30291.33,30302.25
2026-09-28T10:50:00Z,2026-09-28T10:55:00Z,30302.33,30332.83,30298.87,30317.72
2026-09-28T10:55:00Z,2026-09-28T11:00:00Z,30317.75,30318.69,30300.37,30302.12
2026-09-28T11:00:00Z,2026-09-28T11:05:00Z,30302.17,30357.62,30302.17,30331.12
2026-09-28T11:05:00Z,2026-09-28T11:10:00Z,30331,30334.37,30305.25,30327.12
2026-09-28T11:10:00Z,2026-09-28T11:15:00Z,30327.25,30327.62,30304.66,30309.62
2026-09-28T11:15:00Z,2026-09-28T11:20:00Z,30309.68,30346.25,30305.37,30308.75
2026-09-28T11:20:00Z,2026-09-28T11:25:00Z,30308.62,30356.43,30305.37,30355.81
2026-09-28T11:25:00Z,2026-09-28T11:30:00Z,30355.87,30359.51,30348.87,30358.87
2026-09-28T11:30:00Z,2026-09-28T11:35:00Z,30358.91,30361.37,30336.06,30354
2026-09-28T11:35:00Z,2026-09-28T11:40:00Z,30354.12,30359.75,30346.58,30352.87
2026-09-28T11:40:00Z,2026-09-28T11:45:00Z,30352.78,30360.84,30344.56,30360.84
2026-09-28T11:45:00Z,2026-09-28T11:50:00Z,30361,30365.75,30350.06,30355.62
2026-09-28T11:50:00Z,2026-09-28T11:55:00Z,30355.75,30361.62,30341.69,30345.75
2026-09-28T11:55:00Z,2026-09-28T12:00:00Z,30345.87,30361.5,30344.53,30356.87
2026-09-28T12:00:00Z,2026-09-28T12:05:00Z,30357,30403.75,30329.17,30399
2026-09-28T12:05:00Z,2026-09-28T12:10:00Z,30399.12,30428.92,30395.48,30415.37
2026-09-28T12:10:00Z,2026-09-28T12:15:00Z,30415.33,30435.31,30402.62,30420.25
2026-09-28T12:15:00Z,2026-09-28T12:20:00Z,30420.12,30444.35,30416.62,30441.12
2026-09-28T12:20:00Z,2026-09-28T12:25:00Z,30441.16,30452.19,30405.58,30422.67
2026-09-28T12:25:00Z,2026-09-28T12:30:00Z,30422.81,30445.75,30410.5,30411.37
2026-09-28T12:30:00Z,2026-09-28T12:35:00Z,30411.25,30433.75,30408.79,30432.75
2026-09-28T12:35:00Z,2026-09-28T12:40:00Z,30432.62,30434.41,30416.12,30428.62
2026-09-28T12:40:00Z,2026-09-28T12:45:00Z,30428.5,30444.62,30411,30444.62
2026-09-28T12:45:00Z,2026-09-28T12:50:00Z,30444.69,30460.19,30437.62,30444.51
2026-09-28T12:50:00Z,2026-09-28T12:55:00Z,30444.5,30463.53,30438.75,30458.18
2026-09-28T12:55:00Z,2026-09-28T13:00:00Z,30458.12,30470.37,30439.66,30456.43
2026-09-28T13:00:00Z,2026-09-28T13:05:00Z,30456.5,30457.12,30416.44,30416.87
2026-09-28T13:05:00Z,2026-09-28T13:10:00Z,30417,30429.96,30414.42,30424.87
2026-09-28T13:10:00Z,2026-09-28T13:15:00Z,30425,30434.62,30419.29,30425.53
2026-09-28T13:15:00Z,2026-09-28T13:20:00Z,30425.56,30433.31,30408.22,30416.75
2026-09-28T13:20:00Z,2026-09-28T13:25:00Z,30416.87,30424.96,30410,30415.06
2026-09-28T13:25:00Z,2026-09-28T13:30:00Z,30415.12,30441.5,30414.37,30434.69
2026-09-28T13:30:00Z,2026-09-28T13:35:00Z,30434.78,30476,30391.44,30394.29
2026-09-28T13:35:00Z,2026-09-28T13:40:00Z,30394.25,30396.04,30334.73,30360.72
2026-09-28T13:40:00Z,2026-09-28T13:45:00Z,30360.66,30375.5,30318.75,30329.16
2026-09-28T13:45:00Z,2026-09-28T13:50:00Z,30329.44,30366.56,30309.69,30345.5
2026-09-28T13:50:00Z,2026-09-28T13:55:00Z,30345.5,30383.28,30300.12,30369.18
2026-09-28T13:55:00Z,2026-09-28T14:00:00Z,30369.29,30385.53,30343.46,30368.03
2026-09-28T14:00:00Z,2026-09-28T14:05:00Z,30367.94,30375.21,30310.62,30312.91
2026-09-28T14:05:00Z,2026-09-28T14:10:00Z,30312.91,30315.25,30280.34,30280.62
2026-09-28T14:10:00Z,2026-09-28T14:15:00Z,30280.37,30280.37,30224.49,30238.5
2026-09-28T14:15:00Z,2026-09-28T14:20:00Z,30238.54,30294.74,30237.71,30287.81
2026-09-28T14:20:00Z,2026-09-28T14:25:00Z,30287.93,30317.84,30270.81,30303.78
2026-09-28T14:25:00Z,2026-09-28T14:30:00Z,30303.79,30306.88,30258.97,30264.29
2026-09-28T14:30:00Z,2026-09-28T14:35:00Z,30264.5,30280.35,30255.08,30263.29
2026-09-28T14:35:00Z,2026-09-28T14:40:00Z,30263.34,30268.31,30206.66,30216.53
2026-09-28T14:40:00Z,2026-09-28T14:45:00Z,30216.5,30228.56,30142.43,30145.44
2026-09-28T14:45:00Z,2026-09-28T14:50:00Z,30145.53,30151,30073.79,30103.57
2026-09-28T14:50:00Z,2026-09-28T14:55:00Z,30103.54,30131.5,30090.71,30096.69
2026-09-28T14:55:00Z,2026-09-28T15:00:00Z,30096.75,30137.6,30088.36,30126.56
2026-09-28T15:00:00Z,2026-09-28T15:05:00Z,30126.71,30163,30122.25,30158.29
2026-09-28T15:05:00Z,2026-09-28T15:10:00Z,30158.34,30209.21,30145.75,30208.53
2026-09-28T15:10:00Z,2026-09-28T15:15:00Z,30208.56,30219.55,30191.81,30199.19
2026-09-28T15:15:00Z,2026-09-28T15:20:00Z,30199.16,30200.75,30164.93,30182.46
2026-09-28T15:20:00Z,2026-09-28T15:25:00Z,30182.38,30196.63,30170.46,30188.79
2026-09-28T15:25:00Z,2026-09-28T15:30:00Z,30188.59,30218.96,30177.75,30210.96
2026-09-28T15:30:00Z,2026-09-28T15:35:00Z,30210.88,30215.28,30190.02,30210.71
2026-09-28T15:35:00Z,2026-09-28T15:40:00Z,30210.75,30248.44,30202.96,30243.25
2026-09-28T15:40:00Z,2026-09-28T15:45:00Z,30243.18,30245.63,30180.85,30182.25
