trade_id,ordinal,phase,model_version,strategy,symbol,timestamp,expiry,horizon_seconds,direction,probability,outcome,gross_return,net_return,cost,session,regime,data_quality_score,reasons
mh-60-EURUSD-1788736800000,1,ADAPTIVE,mh-v1,BASELINE,EUR/USD,2026-09-06T23:20:00.000Z,2026-09-06T23:22:00.000Z,60,BUY,0.7239702637952354,DRAW,0,-0.00022000000000000003,0.00022000000000000003,ASIA,RANGE,1,CLOSED_1M_SOURCE;CAUSAL_ENTRY;HORIZON_EMBARGO;EXPANDING_CAUSAL_CALIBRATION;STRATEGY_BASELINE
mh-60-GBPUSD-1788736800000,2,ADAPTIVE,mh-v1,BASELINE,GBP/USD,2026-09-06T23:20:00.000Z,2026-09-06T23:22:00.000Z,60,BUY,0.7156987419977716,LOSS,-0.000013491404388180684,-0.00023349140438818072,0.00022000000000000003,ASIA,RANGE,1,CLOSED_1M_SOURCE;CAUSAL_ENTRY;HORIZON_EMBARGO;EXPANDING_CAUSAL_CALIBRATION;STRATEGY_BASELINE
mh-60-USDCAD-1788736800000,3,ADAPTIVE,mh-v1,BASELINE,USD/CAD,2026-09-06T23:20:00.000Z,2026-09-06T23:22:00.000Z,60,SELL,0.6203495529770537,LOSS,-0.00012289173031728646,-0.00034289173031728647,0.00022000000000000003,ASIA,RANGE,1,CLOSED_1M_SOURCE;CAUSAL_ENTRY;HORIZON_EMBARGO;EXPANDING_CAUSAL_CALIBRATION;STRATEGY_BASELINE
mh-60-USDCHF-1788736800000,4,ADAPTIVE,mh-v1,BASELINE,USD/CHF,2026-09-06T23:20:00.000Z,2026-09-06T23:22:00.000Z,60,SELL,0.7073581387723769,LOSS,-0.00003702197581795198,-0.000257021975817952,0.00022000000000000003,ASIA,RANGE,1,CLOSED_1M_SOURCE;CAUSAL_ENTRY;HORIZON_EMBARGO;EXPANDING_CAUSAL_CALIBRATION;STRATEGY_BASELINE
mh-60-USDJPY-1788736800000,5,ADAPTIVE,mh-v1,BASELINE,USD/JPY,2026-09-06T23:20:00.000Z,2026-09-06T23:22:00.000Z,60,SELL,0.7461993728923774,DRAW,0,-0.00022000000000000003,0.00022000000000000003,ASIA,TREND_DOWN,1,CLOSED_1M_SOURCE;CAUSAL_ENTRY;HORIZON_EMBARGO;EXPANDING_CAUSAL_CALIBRATION;STRATEGY_BASELINE
mh-60-EURUSD-1788737100000,6,ADAPTIVE,mh-v1,BASELINE,EUR/USD,2026-09-06T23:25:00.000Z,2026-09-06T23:27:00.000Z,60,BUY,0.7239702637952354,DRAW,0,-0.00022000000000000003,0.00022000000000000003,ASIA,RANGE,1,CLOSED_1M_SOURCE;CAUSAL_ENTRY;HORIZON_EMBARGO;EXPANDING_CAUSAL_CALIBRATION;STRATEGY_BASELINE
mh-60-USDCAD-1788737100000,7,ADAPTIVE,mh-v1,BASELINE,USD/CAD,2026-09-06T23:25:00.000Z,2026-09-06T23:27:00.000Z,60,BUY,0.5773908107254672,LOSS,-0.00023853405655342589,-0.0004585340565534259,0.00022000000000000003,ASIA,RANGE,1,CLOSED_1M_SOURCE;CAUSAL_ENTRY;HORIZON_EMBARGO;EXPANDING_CAUSAL_CALIBRATION;STRATEGY_BASELINE
mh-60-GBPUSD-1788737160000,8,ADAPTIVE,mh-v1,BASELINE,GBP/USD,2026-09-06T23:26:00.000Z,2026-09-06T23:28:00.000Z,60,BUY,0.6013876962536299,LOSS,-0.000013579949927020997,-0.00023357994992702103,0.00022000000000000003,ASIA,RANGE,1,CLOSED_1M_SOURCE;CAUSAL_ENTRY;HORIZON_EMBARGO;EXPANDING_CAUSAL_CALIBRATION;STRATEGY_BASELINE
mh-60-USDCHF-1788737220000,9,ADAPTIVE,mh-v1,BASELINE,USD/CHF,2026-09-06T23:27:00.000Z,2026-09-06T23:29:00.000Z,60,SELL,0.5691610598412952,DRAW,0,-0.00022000000000000003,0.00022000000000000003,ASIA,RANGE,1,CLOSED_1M_SOURCE;CAUSAL_ENTRY;HORIZON_EMBARGO;EXPANDING_CAUSAL_CALIBRATION;STRATEGY_BASELINE
mh-60-USDJPY-1788737220000,10,ADAPTIVE,mh-v1,BASELINE,USD/JPY,2026-09-06T23:27:00.000Z,2026-09-06T23:29:00.000Z,60,SELL,0.5784268791503442,WIN,0.000038411109313814364,-0.00018158889068618566,0.00022000000000000003,ASIA,RANGE,1,CLOSED_1M_SOURCE;CAUSAL_ENTRY;HORIZON_EMBARGO;EXPANDING_CAUSAL_CALIBRATION;STRATEGY_BASELINE
mh-60-EURUSD-1788737460000,11,ADAPTIVE,mh-v1,BASELINE,EUR/USD,2026-09-06T23:31:00.000Z,2026-09-06T23:33:00.000Z,60,BUY,0.7239702637952354,DRAW,0,-0.00022000000000000003,0.00022000000000000003,ASIA,RANGE,1,CLOSED_1M_SOURCE;CAUSAL_ENTRY;HORIZON_EMBARGO;EXPANDING_CAUSAL_CALIBRATION;STRATEGY_BASELINE
mh-60-GBPUSD-1788737580000,12,ADAPTIVE,mh-v1,BASELINE,GBP/USD,2026-09-06T23:33:00.000Z,2026-09-06T23:35:00.000Z,60,BUY,0.6513639626527018,WIN,0.00004056129424388501,-0.00017943870575611503,0.00022000000000000003,ASIA,RANGE,1,CLOSED_1M_SOURCE;CAUSAL_ENTRY;HORIZON_EMBARGO;EXPANDING_CAUSAL_CALIBRATION;STRATEGY_BASELINE
mh-60-USDCHF-1788737580000,13,ADAPTIVE,mh-v1,BASELINE,USD/CHF,2026-09-06T23:33:00.000Z,2026-09-06T23:35:00.000Z,60,SELL,0.7424043918427465,LOSS,-0.000012366261276576512,-0.00023236626127657654,0.00022000000000000003,ASIA,RANGE,1,CLOSED_1M_SOURCE;CAUSAL_ENTRY;HORIZON_EMBARGO;EXPANDING_CAUSAL_CALIBRATION;STRATEGY_BASELINE
mh-60-USDJPY-1788737580000,14,ADAPTIVE,mh-v1,BASELINE,USD/JPY,2026-09-06T23:33:00.000Z,2026-09-06T23:35:00.000Z,60,SELL,0.6905994392684491,WIN,0.000019257755278897752,-0.00020074224472110228,0.00022000000000000003,ASIA,RANGE,1,CLOSED_1M_SOURCE;CAUSAL_ENTRY;HORIZON_EMBARGO;EXPANDING_CAUSAL_CALIBRATION;STRATEGY_BASELINE
mh-60-USDCAD-1788737640000,15,ADAPTIVE,mh-v1,BASELINE,USD/CAD,2026-09-06T23:34:00.000Z,2026-09-06T23:36:00.000Z,60,SELL,0.7299862224236252,LOSS,-0.00020244842800820997,-0.00042244842800821,0.00022000000000000003,ASIA,RANGE,1,CLOSED_1M_SOURCE;CAUSAL_ENTRY;HORIZON_EMBARGO;EXPANDING_CAUSAL_CALIBRATION;STRATEGY_BASELINE
mh-60-EURUSD-1788737940000,16,ADAPTIVE,mh-v1,BASELINE,EUR/USD,2026-09-06T23:39:00.000Z,2026-09-06T23:41:00.000Z,60,SELL,0.6903924361776823,DRAW,0,-0.00022000000000000003,0.00022000000000000003,ASIA,RANGE,1,CLOSED_1M_SOURCE;CAUSAL_ENTRY;HORIZON_EMBARGO;EXPANDING_CAUSAL_CALIBRATION;STRATEGY_BASELINE
mh-60-USDJPY-1788737940000,17,ADAPTIVE,mh-v1,BASELINE,USD/JPY,2026-09-06T23:39:00.000Z,2026-09-06T23:41:00.000Z,60,BUY,0.7218515565505907,WIN,0.00003840889444444173,-0.00018159110555555832,0.00022000000000000003,ASIA,RANGE,1,CLOSED_1M_SOURCE;CAUSAL_ENTRY;HORIZON_EMBARGO;EXPANDING_CAUSAL_CALIBRATION;STRATEGY_BASELINE
mh-60-GBPUSD-1788738000000,18,ADAPTIVE,mh-v1,BASELINE,GBP/USD,2026-09-06T23:40:00.000Z,2026-09-06T23:42:00.000Z,60,BUY,0.5878356233354609,WIN,0.000013490491980607903,-0.00020650950801939214,0.00022000000000000003,ASIA,RANGE,1,CLOSED_1M_SOURCE;CAUSAL_ENTRY;HORIZON_EMBARGO;EXPANDING_CAUSAL_CALIBRATION;STRATEGY_BASELINE
mh-60-USDCHF-1788738000000,19,ADAPTIVE,mh-v1,BASELINE,USD/CHF,2026-09-06T23:40:00.000Z,2026-09-06T23:42:00.000Z,60,BUY,0.6876197828348858,LOSS,-0.000024730995223826546,-0.0002447309952238266,0.00022000000000000003,ASIA,RANGE,1,CLOSED_1M_SOURCE;CAUSAL_ENTRY;HORIZON_EMBARGO;EXPANDING_CAUSAL_CALIBRATION;STRATEGY_BASELINE
mh-60-USDCAD-1788738180000,20,ADAPTIVE,mh-v1,BASELINE,USD/CAD,2026-09-06T23:43:00.000Z,2026-09-06T23:45:00.000Z,60,SELL,0.7128758640550099,WIN,0.00007232903902293899,-0.00014767096097706103,0.00022000000000000003,ASIA,RANGE,1,CLOSED_1M_SOURCE;CAUSAL_ENTRY;HORIZON_EMBARGO;EXPANDING_CAUSAL_CALIBRATION;STRATEGY_BASELINE
mh-60-USDJPY-1788738300000,21,ADAPTIVE,mh-v1,BASELINE,USD/JPY,2026-09-06T23:45:00.000Z,2026-09-06T23:47:00.000Z,60,BUY,0.7384426123583512,WIN,0.00010883573219727327,-0.00011116426780272677,0.00022000000000000003,ASIA,RANGE,1,CLOSED_1M_SOURCE;CAUSAL_ENTRY;HORIZON_EMBARGO;EXPANDING_CAUSAL_CALIBRATION;STRATEGY_BASELINE
mh-60-GBPUSD-1788738360000,22,ADAPTIVE,mh-v1,BASELINE,GBP/USD,2026-09-06T23:46:00.000Z,2026-09-06T23:48:00.000Z,60,SELL,0.6677021086194919,WIN,0.000013580134344565399,-0.00020641986565543463,0.00022000000000000003,ASIA,RANGE,1,CLOSED_1M_SOURCE;CAUSAL_ENTRY;HORIZON_EMBARGO;EXPANDING_CAUSAL_CALIBRATION;STRATEGY_BASELINE
mh-60-USDCHF-1788738420000,23,ADAPTIVE,mh-v1,BASELINE,USD/CHF,2026-09-06T23:47:00.000Z,2026-09-06T23:49:00.000Z,60,BUY,0.737316068809222,DRAW,0,-0.00022000000000000003,0.00022000000000000003,ASIA,RANGE,1,CLOSED_1M_SOURCE;CAUSAL_ENTRY;HORIZON_EMBARGO;EXPANDING_CAUSAL_CALIBRATION;STRATEGY_BASELINE
mh-60-EURUSD-1788738540000,24,ADAPTIVE,mh-v1,BASELINE,EUR/USD,2026-09-06T23:49:00.000Z,2026-09-06T23:51:00.000Z,60,SELL,0.6975643702420483,DRAW,0,-0.00022000000000000003,0.00022000000000000003,ASIA,RANGE,1,CLOSED_1M_SOURCE;CAUSAL_ENTRY;HORIZON_EMBARGO;EXPANDING_CAUSAL_CALIBRATION;STRATEGY_BASELINE
mh-60-USDCAD-1788738660000,25,ADAPTIVE,mh-v1,BASELINE,USD/CAD,2026-09-06T23:51:00.000Z,2026-09-06T23:53:00.000Z,60,BUY,0.6902338724826829,WIN,0.0000072383317230917606,-0.00021276166827690826,0.00022000000000000003,ASIA,RANGE,1,CLOSED_1M_SOURCE;CAUSAL_ENTRY;HORIZON_EMBARGO;EXPANDING_CAUSAL_CALIBRATION;STRATEGY_BASELINE
mh-60-USDJPY-1788738720000,26,ADAPTIVE,mh-v1,BASELINE,USD/JPY,2026-09-06T23:52:00.000Z,2026-09-06T23:54:00.000Z,60,BUY,0.7494085089039171,LOSS,-0.00007042413103850295,-0.000290424131038503,0.00022000000000000003,ASIA,TREND_UP,1,CLOSED_1M_SOURCE;CAUSAL_ENTRY;HORIZON_EMBARGO;EXPANDING_CAUSAL_CALIBRATION;STRATEGY_BASELINE
mh-60-GBPUSD-1788738780000,27,ADAPTIVE,mh-v1,BASELINE,GBP/USD,2026-09-06T23:53:00.000Z,2026-09-06T23:55:00.000Z,60,SELL,0.7029087504296827,LOSS,-0.00001340413184127709,-0.00023340413184127712,0.00022000000000000003,ASIA,RANGE,1,CLOSED_1M_SOURCE;CAUSAL_ENTRY;HORIZON_EMBARGO;EXPANDING_CAUSAL_CALIBRATION;STRATEGY_BASELINE
mh-60-USDCHF-1788738840000,28,ADAPTIVE,mh-v1,BASELINE,USD/CHF,2026-09-06T23:54:00.000Z,2026-09-06T23:56:00.000Z,60,BUY,0.6276053153847688,LOSS,-0.000049384118950519024,-0.00026938411895051904,0.00022000000000000003,ASIA,RANGE,1,CLOSED_1M_SOURCE;CAUSAL_ENTRY;HORIZON_EMBARGO;EXPANDING_CAUSAL_CALIBRATION;STRATEGY_BASELINE
mh-60-EURUSD-1788739020000,29,ADAPTIVE,mh-v1,BASELINE,EUR/USD,2026-09-06T23:57:00.000Z,2026-09-06T23:59:00.000Z,60,BUY,0.6301365432818571,LOSS,-0.00011614709311118457,-0.00033614709311118463,0.00022000000000000003,ASIA,RANGE,1,CLOSED_1M_SOURCE;CAUSAL_ENTRY;HORIZON_EMBARGO;EXPANDING_CAUSAL_CALIBRATION;STRATEGY_BASELINE
mh-60-USDCAD-1788739140000,30,ADAPTIVE,mh-v1,BASELINE,USD/CAD,2026-09-06T23:59:00.000Z,2026-09-07T00:01:00.000Z,60,BUY,0.6547254305451394,WIN,0.00012287308287617108,-0.00009712691712382895,0.00022000000000000003,ASIA,RANGE,1,CLOSED_1M_SOURCE;CAUSAL_ENTRY;HORIZON_EMBARGO;EXPANDING_CAUSAL_CALIBRATION;STRATEGY_BASELINE
mh-60-USDCHF-1788739200000,31,ADAPTIVE,mh-v1,BASELINE,USD/CHF,2026-09-07T00:00:00.000Z,2026-09-07T00:02:00.000Z,60,BUY,0.7494862959226768,DRAW,0,-0.00022000000000000003,0.00022000000000000003,ASIA,RANGE,1,CLOSED_1M_SOURCE;CAUSAL_ENTRY;HORIZON_EMBARGO;EXPANDING_CAUSAL_CALIBRATION;STRATEGY_BASELINE
mh-60-USDJPY-1788739200000,32,ADAPTIVE,mh-v1,BASELINE,USD/JPY,2026-09-07T00:00:00.000Z,2026-09-07T00:02:00.000Z,60,BUY,0.7491384945424854,LOSS,-0.00008320418942859523,-0.00030320418942859527,0.00022000000000000003,ASIA,TREND_UP,1,CLOSED_1M_SOURCE;CAUSAL_ENTRY;HORIZON_EMBARGO;EXPANDING_CAUSAL_CALIBRATION;STRATEGY_BASELINE
mh-60-GBPUSD-1788739260000,33,ADAPTIVE,mh-v1,BASELINE,GBP/USD,2026-09-07T00:01:00.000Z,2026-09-07T00:03:00.000Z,60,SELL,0.7468679868447763,DRAW,0,-0.00022000000000000003,0.00022000000000000003,ASIA,RANGE,1,CLOSED_1M_SOURCE;CAUSAL_ENTRY;HORIZON_EMBARGO;EXPANDING_CAUSAL_CALIBRATION;STRATEGY_BASELINE
mh-60-EURUSD-1788739380000,34,ADAPTIVE,mh-v1,BASELINE,EUR/USD,2026-09-07T00:03:00.000Z,2026-09-07T00:05:00.000Z,60,SELL,0.7064130617951562,DRAW,0,-0.00022000000000000003,0.00022000000000000003,ASIA,RANGE,1,CLOSED_1M_SOURCE;CAUSAL_ENTRY;HORIZON_EMBARGO;EXPANDING_CAUSAL_CALIBRATION;STRATEGY_BASELINE
mh-60-USDCAD-1788739500000,35,ADAPTIVE,mh-v1,BASELINE,USD/CAD,2026-09-07T00:05:00.000Z,2026-09-07T00:07:00.000Z,60,BUY,0.6237979874599188,WIN,0.0000578108686845503,-0.00016218913131544973,0.00022000000000000003,ASIA,RANGE,1,CLOSED_1M_SOURCE;CAUSAL_ENTRY;HORIZON_EMBARGO;EXPANDING_CAUSAL_CALIBRATION;STRATEGY_BASELINE
mh-60-USDCHF-1788739620000,36,ADAPTIVE,mh-v1,BASELINE,USD/CHF,2026-09-07T00:07:00.000Z,2026-09-07T00:09:00.000Z,60,BUY,0.7220638096634794,WIN,0.00006173254181276028,-0.00015826745818723974,0.00022000000000000003,ASIA,RANGE,1,CLOSED_1M_SOURCE;CAUSAL_ENTRY;HORIZON_EMBARGO;EXPANDING_CAUSAL_CALIBRATION;STRATEGY_BASELINE
mh-60-GBPUSD-1788739740000,37,ADAPTIVE,mh-v1,BASELINE,GBP/USD,2026-09-07T00:09:00.000Z,2026-09-07T00:11:00.000Z,60,SELL,0.7318668376828091,LOSS,-0.00006764251802315932,-0.00028764251802315937,0.00022000000000000003,ASIA,RANGE,1,CLOSED_1M_SOURCE;CAUSAL_ENTRY;HORIZON_EMBARGO;EXPANDING_CAUSAL_CALIBRATION;STRATEGY_BASELINE
mh-60-USDJPY-1788739800000,38,ADAPTIVE,mh-v1,BASELINE,USD/JPY,2026-09-07T00:10:00.000Z,2026-09-07T00:12:00.000Z,60,SELL,0.7347012318441545,WIN,0.000044863268194278865,-0.00017513673180572116,0.00022000000000000003,ASIA,TREND_DOWN,1,CLOSED_1M_SOURCE;CAUSAL_ENTRY;HORIZON_EMBARGO;EXPANDING_CAUSAL_CALIBRATION;STRATEGY_BASELINE
mh-60-EURUSD-1788739920000,39,ADAPTIVE,mh-v1,BASELINE,EUR/USD,2026-09-07T00:12:00.000Z,2026-09-07T00:14:00.000Z,60,BUY,0.2608695652173913,DRAW,0,-0.00022000000000000003,0.00022000000000000003,ASIA,RANGE,1,CLOSED_1M_SOURCE;CAUSAL_ENTRY;HORIZON_EMBARGO;EXPANDING_CAUSAL_CALIBRATION;STRATEGY_BASELINE
mh-60-USDCAD-1788740040000,40,ADAPTIVE,mh-v1,BASELINE,USD/CAD,2026-09-07T00:14:00.000Z,2026-09-07T00:16:00.000Z,60,BUY,0.25,LOSS,-0.000043334734461030055,-0.0002633347344610301,0.00022000000000000003,ASIA,RANGE,1,CLOSED_1M_SOURCE;CAUSAL_ENTRY;HORIZON_EMBARGO;EXPANDING_CAUSAL_CALIBRATION;STRATEGY_BASELINE
mh-60-USDCHF-1788740040000,41,ADAPTIVE,mh-v1,BASELINE,USD/CHF,2026-09-07T00:14:00.000Z,2026-09-07T00:16:00.000Z,60,SELL,0.6892558281798667,LOSS,-0.00002465434788256317,-0.0002446543478825632,0.00022000000000000003,ASIA,RANGE,1,CLOSED_1M_SOURCE;CAUSAL_ENTRY;HORIZON_EMBARGO;EXPANDING_CAUSAL_CALIBRATION;STRATEGY_BASELINE
mh-60-GBPUSD-1788740100000,42,ADAPTIVE,mh-v1,BASELINE,GBP/USD,2026-09-07T00:15:00.000Z,2026-09-07T00:17:00.000Z,60,BUY,0.25,LOSS,-0.000013491039172422623,-0.00023349103917242266,0.00022000000000000003,ASIA,RANGE,1,CLOSED_1M_SOURCE;CAUSAL_ENTRY;HORIZON_EMBARGO;EXPANDING_CAUSAL_CALIBRATION;STRATEGY_BASELINE
mh-60-USDJPY-1788740220000,43,ADAPTIVE,mh-v1,BASELINE,USD/JPY,2026-09-07T00:17:00.000Z,2026-09-07T00:19:00.000Z,60,SELL,0.23076923076923078,WIN,0.00008965923039332537,-0.00013034076960667467,0.00022000000000000003,ASIA,RANGE,1,CLOSED_1M_SOURCE;CAUSAL_ENTRY;HORIZON_EMBARGO;EXPANDING_CAUSAL_CALIBRATION;STRATEGY_BASELINE
mh-60-EURUSD-1788740280000,44,ADAPTIVE,mh-v1,BASELINE,EUR/USD,2026-09-07T00:18:00.000Z,2026-09-07T00:20:00.000Z,60,BUY,0.23076923076923078,DRAW,0,-0.00022000000000000003,0.00022000000000000003,ASIA,RANGE,1,CLOSED_1M_SOURCE;CAUSAL_ENTRY;HORIZON_EMBARGO;EXPANDING_CAUSAL_CALIBRATION;STRATEGY_BASELINE
mh-60-USDCAD-1788740520000,45,ADAPTIVE,mh-v1,BASELINE,USD/CAD,2026-09-07T00:22:00.000Z,2026-09-07T00:24:00.000Z,60,BUY,0.5923522786441966,DRAW,0,-0.00022000000000000003,0.00022000000000000003,ASIA,RANGE,1,CLOSED_1M_SOURCE;CAUSAL_ENTRY;HORIZON_EMBARGO;EXPANDING_CAUSAL_CALIBRATION;STRATEGY_BASELINE
mh-60-USDCHF-1788740520000,46,ADAPTIVE,mh-v1,BASELINE,USD/CHF,2026-09-07T00:22:00.000Z,2026-09-07T00:24:00.000Z,60,SELL,0.25,LOSS,-0.000012367025035569919,-0.00023236702503556995,0.00022000000000000003,ASIA,TREND_DOWN,1,CLOSED_1M_SOURCE;CAUSAL_ENTRY;HORIZON_EMBARGO;EXPANDING_CAUSAL_CALIBRATION;STRATEGY_BASELINE
mh-60-GBPUSD-1788740580000,47,ADAPTIVE,mh-v1,BASELINE,GBP/USD,2026-09-07T00:23:00.000Z,2026-09-07T00:25:00.000Z,60,BUY,0.6466420645390447,LOSS,-0.00010809882383894721,-0.00032809882383894723,0.00022000000000000003,ASIA,RANGE,1,CLOSED_1M_SOURCE;CAUSAL_ENTRY;HORIZON_EMBARGO;EXPANDING_CAUSAL_CALIBRATION;STRATEGY_BASELINE
mh-60-USDJPY-1788740580000,48,ADAPTIVE,mh-v1,BASELINE,USD/JPY,2026-09-07T00:23:00.000Z,2026-09-07T00:25:00.000Z,60,SELL,0.25,LOSS,-0.00016017827313739952,-0.00038017827313739953,0.00022000000000000003,ASIA,TREND_DOWN,1,CLOSED_1M_SOURCE;CAUSAL_ENTRY;HORIZON_EMBARGO;EXPANDING_CAUSAL_CALIBRATION;STRATEGY_BASELINE
mh-60-EURUSD-1788740700000,49,ADAPTIVE,mh-v1,BASELINE,EUR/USD,2026-09-07T00:25:00.000Z,2026-09-07T00:27:00.000Z,60,BUY,0.6917035979549712,DRAW,0,-0.00022000000000000003,0.00022000000000000003,ASIA,RANGE,1,CLOSED_1M_SOURCE;CAUSAL_ENTRY;HORIZON_EMBARGO;EXPANDING_CAUSAL_CALIBRATION;STRATEGY_BASELINE
mh-60-USDCHF-1788740940000,50,ADAPTIVE,mh-v1,BASELINE,USD/CHF,2026-09-07T00:29:00.000Z,2026-09-07T00:31:00.000Z,60,SELL,0.23333333333333334,WIN,0.00002466287324681941,-0.00019533712675318061,0.00022000000000000003,ASIA,TREND_DOWN,1,CLOSED_1M_SOURCE;CAUSAL_ENTRY;HORIZON_EMBARGO;EXPANDING_CAUSAL_CALIBRATION;STRATEGY_BASELINE
mh-60-GBPUSD-1788741000000,51,ADAPTIVE,mh-v1,BASELINE,GBP/USD,2026-09-07T00:30:00.000Z,2026-09-07T00:32:00.000Z,60,BUY,0.23333333333333334,WIN,0.00006753789373996906,-0.00015246210626003096,0.00022000000000000003,ASIA,RANGE,1,CLOSED_1M_SOURCE;CAUSAL_ENTRY;HORIZON_EMBARGO;EXPANDING_CAUSAL_CALIBRATION;STRATEGY_BASELINE
mh-60-USDCAD-1788741000000,52,ADAPTIVE,mh-v1,BASELINE,USD/CAD,2026-09-07T00:30:00.000Z,2026-09-07T00:32:00.000Z,60,SELL,0.23333333333333334,LOSS,-0.00017345768287420327,-0.0003934576828742033,0.00022000000000000003,ASIA,RANGE,1,CLOSED_1M_SOURCE;CAUSAL_ENTRY;HORIZON_EMBARGO;EXPANDING_CAUSAL_CALIBRATION;STRATEGY_BASELINE
mh-60-USDJPY-1788741000000,53,ADAPTIVE,mh-v1,BASELINE,USD/JPY,2026-09-07T00:30:00.000Z,2026-09-07T00:32:00.000Z,60,SELL,0.23333333333333334,WIN,0.000006462103873032583,-0.00021353789612696744,0.00022000000000000003,ASIA,TREND_DOWN,1,CLOSED_1M_SOURCE;CAUSAL_ENTRY;HORIZON_EMBARGO;EXPANDING_CAUSAL_CALIBRATION;STRATEGY_BASELINE
mh-60-EURUSD-1788741060000,54,ADAPTIVE,mh-v1,BASELINE,EUR/USD,2026-09-07T00:31:00.000Z,2026-09-07T00:33:00.000Z,60,BUY,0.25806451612903225,DRAW,0,-0.00022000000000000003,0.00022000000000000003,ASIA,RANGE,1,CLOSED_1M_SOURCE;CAUSAL_ENTRY;HORIZON_EMBARGO;EXPANDING_CAUSAL_CALIBRATION;STRATEGY_BASELINE
mh-60-USDCHF-1788741300000,55,ADAPTIVE,mh-v1,BASELINE,USD/CHF,2026-09-07T00:35:00.000Z,2026-09-07T00:37:00.000Z,60,SELL,0.2857142857142857,WIN,0.0000864368952132293,-0.00013356310478677074,0.00022000000000000003,ASIA,RANGE,1,CLOSED_1M_SOURCE;CAUSAL_ENTRY;HORIZON_EMBARGO;EXPANDING_CAUSAL_CALIBRATION;STRATEGY_BASELINE
mh-60-USDJPY-1788741360000,56,ADAPTIVE,mh-v1,BASELINE,USD/JPY,2026-09-07T00:36:00.000Z,2026-09-07T00:38:00.000Z,60,SELL,0.2857142857142857,WIN,0.00021181610719011391,-0.00000818389280988612,0.00022000000000000003,ASIA,TREND_DOWN,1,CLOSED_1M_SOURCE;CAUSAL_ENTRY;HORIZON_EMBARGO;EXPANDING_CAUSAL_CALIBRATION;STRATEGY_BASELINE
mh-60-EURUSD-1788741420000,57,ADAPTIVE,mh-v1,BASELINE,EUR/USD,2026-09-07T00:37:00.000Z,2026-09-07T00:39:00.000Z,60,BUY,0.6794823576063473,DRAW,0,-0.00022000000000000003,0.00022000000000000003,ASIA,RANGE,1,CLOSED_1M_SOURCE;CAUSAL_ENTRY;HORIZON_EMBARGO;EXPANDING_CAUSAL_CALIBRATION;STRATEGY_BASELINE
mh-60-USDCAD-1788741420000,58,ADAPTIVE,mh-v1,BASELINE,USD/CAD,2026-09-07T00:37:00.000Z,2026-09-07T00:39:00.000Z,60,SELL,0.680866078506932,WIN,0.00004335196720970967,-0.00017664803279029037,0.00022000000000000003,ASIA,RANGE,1,CLOSED_1M_SOURCE;CAUSAL_ENTRY;HORIZON_EMBARGO;EXPANDING_CAUSAL_CALIBRATION;STRATEGY_BASELINE
mh-60-GBPUSD-1788741540000,59,ADAPTIVE,mh-v1,BASELINE,GBP/USD,2026-09-07T00:39:00.000Z,2026-09-07T00:41:00.000Z,60,BUY,0.6882122935767283,LOSS,-0.000040641776854957695,-0.00026064177685495774,0.00022000000000000003,ASIA,RANGE,1,CLOSED_1M_SOURCE;CAUSAL_ENTRY;HORIZON_EMBARGO;EXPANDING_CAUSAL_CALIBRATION;STRATEGY_BASELINE
mh-60-USDCHF-1788741660000,60,ADAPTIVE,mh-v1,BASELINE,USD/CHF,2026-09-07T00:41:00.000Z,2026-09-07T00:43:00.000Z,60,SELL,0.32432432432432434,WIN,0.0001359320257398999,-0.00008406797426010015,0.00022000000000000003,ASIA,RANGE,1,CLOSED_1M_SOURCE;CAUSAL_ENTRY;HORIZON_EMBARGO;EXPANDING_CAUSAL_CALIBRATION;STRATEGY_BASELINE
mh-60-USDJPY-1788741720000,61,ADAPTIVE,mh-v1,BASELINE,USD/JPY,2026-09-07T00:42:00.000Z,2026-09-07T00:44:00.000Z,60,SELL,0.32432432432432434,LOSS,-0.0001732762924747183,-0.00039327629247471835,0.00022000000000000003,ASIA,TREND_DOWN,1,CLOSED_1M_SOURCE;CAUSAL_ENTRY;HORIZON_EMBARGO;EXPANDING_CAUSAL_CALIBRATION;STRATEGY_BASELINE
mh-60-EURUSD-1788741780000,62,ADAPTIVE,mh-v1,BASELINE,EUR/USD,2026-09-07T00:43:00.000Z,2026-09-07T00:45:00.000Z,60,BUY,0.6404426238365708,DRAW,0,-0.00022000000000000003,0.00022000000000000003,ASIA,RANGE,1,CLOSED_1M_SOURCE;CAUSAL_ENTRY;HORIZON_EMBARGO;EXPANDING_CAUSAL_CALIBRATION;STRATEGY_BASELINE
mh-60-USDCAD-1788741780000,63,ADAPTIVE,mh-v1,BASELINE,USD/CAD,2026-09-07T00:43:00.000Z,2026-09-07T00:45:00.000Z,60,SELL,0.6960694633436512,LOSS,-0.0000433541605686411,-0.0002633541605686411,0.00022000000000000003,ASIA,RANGE,1,CLOSED_1M_SOURCE;CAUSAL_ENTRY;HORIZON_EMBARGO;EXPANDING_CAUSAL_CALIBRATION;STRATEGY_BASELINE
mh-60-GBPUSD-1788741900000,64,ADAPTIVE,mh-v1,BASELINE,GBP/USD,2026-09-07T00:45:00.000Z,2026-09-07T00:47:00.000Z,60,BUY,0.6909281885275743,LOSS,-0.000013400870192559043,-0.00023340087019255908,0.00022000000000000003,ASIA,RANGE,1,CLOSED_1M_SOURCE;CAUSAL_ENTRY;HORIZON_EMBARGO;EXPANDING_CAUSAL_CALIBRATION;STRATEGY_BASELINE
mh-60-USDCHF-1788742080000,65,ADAPTIVE,mh-v1,BASELINE,USD/CHF,2026-09-07T00:48:00.000Z,2026-09-07T00:50:00.000Z,60,SELL,0.3333333333333333,DRAW,0,-0.00022000000000000003,0.00022000000000000003,ASIA,RANGE,1,CLOSED_1M_SOURCE;CAUSAL_ENTRY;HORIZON_EMBARGO;EXPANDING_CAUSAL_CALIBRATION;STRATEGY_BASELINE
mh-60-EURUSD-1788742140000,66,ADAPTIVE,mh-v1,BASELINE,EUR/USD,2026-09-07T00:49:00.000Z,2026-09-07T00:51:00.000Z,60,BUY,0.3333333333333333,LOSS,-0.0001162982214576577,-0.0003362982214576577,0.00022000000000000003,ASIA,RANGE,1,CLOSED_1M_SOURCE;CAUSAL_ENTRY;HORIZON_EMBARGO;EXPANDING_CAUSAL_CALIBRATION;STRATEGY_BASELINE
mh-60-USDJPY-1788742140000,67,ADAPTIVE,mh-v1,BASELINE,USD/JPY,2026-09-07T00:49:00.000Z,2026-09-07T00:51:00.000Z,60,BUY,0.5918276839478677,LOSS,-0.0001218557664253009,-0.00034185576642530095,0.00022000000000000003,ASIA,RANGE,1,CLOSED_1M_SOURCE;CAUSAL_ENTRY;HORIZON_EMBARGO;EXPANDING_CAUSAL_CALIBRATION;STRATEGY_BASELINE
mh-60-USDCAD-1788742260000,68,ADAPTIVE,mh-v1,BASELINE,USD/CAD,2026-09-07T00:51:00.000Z,2026-09-07T00:53:00.000Z,60,SELL,0.6908255770390878,WIN,0.00022424486124924647,0.000004244861249246435,0.00022000000000000003,ASIA,RANGE,1,CLOSED_1M_SOURCE;CAUSAL_ENTRY;HORIZON_EMBARGO;EXPANDING_CAUSAL_CALIBRATION;STRATEGY_BASELINE
mh-60-GBPUSD-1788742440000,69,ADAPTIVE,mh-v1,BASELINE,GBP/USD,2026-09-07T00:54:00.000Z,2026-09-07T00:56:00.000Z,60,SELL,0.3170731707317073,LOSS,-0.000013489944833179198,-0.00023348994483317922,0.00022000000000000003,ASIA,RANGE,1,CLOSED_1M_SOURCE;CAUSAL_ENTRY;HORIZON_EMBARGO;EXPANDING_CAUSAL_CALIBRATION;STRATEGY_BASELINE
mh-60-USDCHF-1788742440000,70,ADAPTIVE,mh-v1,BASELINE,USD/CHF,2026-09-07T00:54:00.000Z,2026-09-07T00:56:00.000Z,60,SELL,0.5944515191621136,LOSS,-0.00009887723901176066,-0.0003188772390117607,0.00022000000000000003,ASIA,RANGE,1,CLOSED_1M_SOURCE;CAUSAL_ENTRY;HORIZON_EMBARGO;EXPANDING_CAUSAL_CALIBRATION;STRATEGY_BASELINE
mh-60-USDJPY-1788742500000,71,ADAPTIVE,mh-v1,BASELINE,USD/JPY,2026-09-07T00:55:00.000Z,2026-09-07T00:57:00.000Z,60,BUY,0.3170731707317073,LOSS,-0.000019178553211042658,-0.0002391785532110427,0.00022000000000000003,ASIA,RANGE,1,CLOSED_1M_SOURCE;CAUSAL_ENTRY;HORIZON_EMBARGO;EXPANDING_CAUSAL_CALIBRATION;STRATEGY_BASELINE
mh-60-EURUSD-1788742560000,72,ADAPTIVE,mh-v1,BASELINE,EUR/USD,2026-09-07T00:56:00.000Z,2026-09-07T00:58:00.000Z,60,SELL,0.30952380952380953,DRAW,0,-0.00022000000000000003,0.00022000000000000003,ASIA,RANGE,1,CLOSED_1M_SOURCE;CAUSAL_ENTRY;HORIZON_EMBARGO;EXPANDING_CAUSAL_CALIBRATION;STRATEGY_BASELINE
mh-60-USDCAD-1788742560000,73,ADAPTIVE,mh-v1,BASELINE,USD/CAD,2026-09-07T00:56:00.000Z,2026-09-07T00:58:00.000Z,60,BUY,0.5587387051790115,WIN,0.000043435956526123194,-0.00017656404347387683,0.00022000000000000003,ASIA,RANGE,1,CLOSED_1M_SOURCE;CAUSAL_ENTRY;HORIZON_EMBARGO;EXPANDING_CAUSAL_CALIBRATION;STRATEGY_BASELINE
mh-60-GBPUSD-1788742800000,74,ADAPTIVE,mh-v1,BASELINE,GBP/USD,2026-09-07T01:00:00.000Z,2026-09-07T01:02:00.000Z,60,SELL,0.681179397901146,WIN,0.00008112478455638057,-0.00013887521544361946,0.00022000000000000003,ASIA,RANGE,1,CLOSED_1M_SOURCE;CAUSAL_ENTRY;HORIZON_EMBARGO;EXPANDING_CAUSAL_CALIBRATION;STRATEGY_BASELINE
mh-60-EURUSD-1788742860000,75,ADAPTIVE,mh-v1,BASELINE,EUR/USD,2026-09-07T01:01:00.000Z,2026-09-07T01:03:00.000Z,60,SELL,0.6224703603072965,DRAW,0,-0.00022000000000000003,0.00022000000000000003,ASIA,RANGE,1,CLOSED_1M_SOURCE;CAUSAL_ENTRY;HORIZON_EMBARGO;EXPANDING_CAUSAL_CALIBRATION;STRATEGY_BASELINE
mh-60-USDCHF-1788742860000,76,ADAPTIVE,mh-v1,BASELINE,USD/CHF,2026-09-07T01:01:00.000Z,2026-09-07T01:03:00.000Z,60,BUY,0.5571229523148322,WIN,0.0000617691418447726,-0.00015823085815522742,0.00022000000000000003,ASIA,RANGE,1,CLOSED_1M_SOURCE;CAUSAL_ENTRY;HORIZON_EMBARGO;EXPANDING_CAUSAL_CALIBRATION;STRATEGY_BASELINE
mh-60-USDJPY-1788742920000,77,ADAPTIVE,mh-v1,BASELINE,USD/JPY,2026-09-07T01:02:00.000Z,2026-09-07T01:04:00.000Z,60,BUY,0.6830854549051305,WIN,0.0002115606650206947,-0.00000843933497930534,0.00022000000000000003,ASIA,TREND_UP,1,CLOSED_1M_SOURCE;CAUSAL_ENTRY;HORIZON_EMBARGO;EXPANDING_CAUSAL_CALIBRATION;STRATEGY_BASELINE
mh-60-USDCAD-1788743100000,78,ADAPTIVE,mh-v1,BASELINE,USD/CAD,2026-09-07T01:05:00.000Z,2026-09-07T01:07:00.000Z,60,SELL,0.5628115414363142,LOSS,-0.00022417837462145658,-0.0004441783746214566,0.00022000000000000003,ASIA,RANGE,1,CLOSED_1M_SOURCE;CAUSAL_ENTRY;HORIZON_EMBARGO;EXPANDING_CAUSAL_CALIBRATION;STRATEGY_BASELINE
mh-60-GBPUSD-1788743160000,79,ADAPTIVE,mh-v1,BASELINE,GBP/USD,2026-09-07T01:06:00.000Z,2026-09-07T01:08:00.000Z,60,SELL,0.29545454545454547,WIN,0.00006755067513195971,-0.00015244932486804032,0.00022000000000000003,ASIA,RANGE,1,CLOSED_1M_SOURCE;CAUSAL_ENTRY;HORIZON_EMBARGO;EXPANDING_CAUSAL_CALIBRATION;STRATEGY_BASELINE
mh-60-EURUSD-1788743220000,80,ADAPTIVE,mh-v1,BASELINE,EUR/USD,2026-09-07T01:07:00.000Z,2026-09-07T01:09:00.000Z,60,SELL,0.29545454545454547,LOSS,-0.00011622267484896181,-0.0003362226748489618,0.00022000000000000003,ASIA,RANGE,1,CLOSED_1M_SOURCE;CAUSAL_ENTRY;HORIZON_EMBARGO;EXPANDING_CAUSAL_CALIBRATION;STRATEGY_BASELINE
mh-60-USDCHF-1788743220000,81,ADAPTIVE,mh-v1,BASELINE,USD/CHF,2026-09-07T01:07:00.000Z,2026-09-07T01:09:00.000Z,60,BUY,0.29545454545454547,WIN,0.00007412945372997032,-0.0001458705462700297,0.00022000000000000003,ASIA,RANGE,1,CLOSED_1M_SOURCE;CAUSAL_ENTRY;HORIZON_EMBARGO;EXPANDING_CAUSAL_CALIBRATION;STRATEGY_BASELINE
mh-60-USDJPY-1788743400000,82,ADAPTIVE,mh-v1,BASELINE,USD/JPY,2026-09-07T01:10:00.000Z,2026-09-07T01:12:00.000Z,60,BUY,0.3191489361702128,LOSS,-0.000025635486087954374,-0.0002456354860879544,0.00022000000000000003,ASIA,RANGE,1,CLOSED_1M_SOURCE;CAUSAL_ENTRY;HORIZON_EMBARGO;EXPANDING_CAUSAL_CALIBRATION;STRATEGY_BASELINE
mh-60-GBPUSD-1788743520000,83,ADAPTIVE,mh-v1,BASELINE,GBP/USD,2026-09-07T01:12:00.000Z,2026-09-07T01:14:00.000Z,60,SELL,0.3125,WIN,0.00009454334111052266,-0.00012545665888947737,0.00022000000000000003,ASIA,RANGE,1,CLOSED_1M_SOURCE;CAUSAL_ENTRY;HORIZON_EMBARGO;EXPANDING_CAUSAL_CALIBRATION;STRATEGY_BASELINE
mh-60-USDCAD-1788743580000,84,ADAPTIVE,mh-v1,BASELINE,USD/CAD,2026-09-07T01:13:00.000Z,2026-09-07T01:15:00.000Z,60,BUY,0.5995645093391844,LOSS,-0.00005058763527883439,-0.0002705876352788344,0.00022000000000000003,ASIA,RANGE,1,CLOSED_1M_SOURCE;CAUSAL_ENTRY;HORIZON_EMBARGO;EXPANDING_CAUSAL_CALIBRATION;STRATEGY_BASELINE
mh-60-USDCHF-1788743580000,85,ADAPTIVE,mh-v1,BASELINE,USD/CHF,2026-09-07T01:13:00.000Z,2026-09-07T01:15:00.000Z,60,BUY,0.3125,WIN,0.0000123636657474134,-0.00020763633425258663,0.00022000000000000003,ASIA,TREND_UP,1,CLOSED_1M_SOURCE;CAUSAL_ENTRY;HORIZON_EMBARGO;EXPANDING_CAUSAL_CALIBRATION;STRATEGY_BASELINE
mh-60-EURUSD-1788743640000,86,ADAPTIVE,mh-v1,BASELINE,EUR/USD,2026-09-07T01:14:00.000Z,2026-09-07T01:16:00.000Z,60,BUY,0.5967638791253755,LOSS,-0.00023244534969792363,-0.00045244534969792366,0.00022000000000000003,ASIA,RANGE,1,CLOSED_1M_SOURCE;CAUSAL_ENTRY;HORIZON_EMBARGO;EXPANDING_CAUSAL_CALIBRATION;STRATEGY_BASELINE
mh-60-USDJPY-1788743760000,87,ADAPTIVE,mh-v1,BASELINE,USD/JPY,2026-09-07T01:16:00.000Z,2026-09-07T01:18:00.000Z,60,BUY,0.34,LOSS,-0.00009611728224913268,-0.0003161172822491327,0.00022000000000000003,ASIA,RANGE,1,CLOSED_1M_SOURCE;CAUSAL_ENTRY;HORIZON_EMBARGO;EXPANDING_CAUSAL_CALIBRATION;STRATEGY_BASELINE
mh-60-GBPUSD-1788743880000,88,ADAPTIVE,mh-v1,BASELINE,GBP/USD,2026-09-07T01:18:00.000Z,2026-09-07T01:20:00.000Z,60,SELL,0.3333333333333333,DRAW,0,-0.00022000000000000003,0.00022000000000000003,ASIA,TREND_DOWN,1,CLOSED_1M_SOURCE;CAUSAL_ENTRY;HORIZON_EMBARGO;EXPANDING_CAUSAL_CALIBRATION;STRATEGY_BASELINE
mh-60-USDCHF-1788743940000,89,ADAPTIVE,mh-v1,BASELINE,USD/CHF,2026-09-07T01:19:00.000Z,2026-09-07T01:21:00.000Z,60,BUY,0.3333333333333333,LOSS,-0.000012359545354124149,-0.00023235954535412418,0.00022000000000000003,ASIA,TREND_UP,1,CLOSED_1M_SOURCE;CAUSAL_ENTRY;HORIZON_EMBARGO;EXPANDING_CAUSAL_CALIBRATION;STRATEGY_BASELINE
mh-60-EURUSD-1788744000000,90,ADAPTIVE,mh-v1,BASELINE,EUR/USD,2026-09-07T01:20:00.000Z,2026-09-07T01:22:00.000Z,60,SELL,0.3269230769230769,LOSS,-0.00011614709311118457,-0.00033614709311118463,0.00022000000000000003,ASIA,RANGE,1,CLOSED_1M_SOURCE;CAUSAL_ENTRY;HORIZON_EMBARGO;EXPANDING_CAUSAL_CALIBRATION;STRATEGY_BASELINE
mh-60-USDCAD-1788744060000,91,ADAPTIVE,mh-v1,BASELINE,USD/CAD,2026-09-07T01:21:00.000Z,2026-09-07T01:23:00.000Z,60,BUY,0.6262260669794393,LOSS,-0.00020967128403107997,-0.00042967128403108,0.00022000000000000003,ASIA,RANGE,1,CLOSED_1M_SOURCE;CAUSAL_ENTRY;HORIZON_EMBARGO;EXPANDING_CAUSAL_CALIBRATION;STRATEGY_BASELINE
mh-60-USDJPY-1788744180000,92,ADAPTIVE,mh-v1,BASELINE,USD/JPY,2026-09-07T01:23:00.000Z,2026-09-07T01:25:00.000Z,60,SELL,0.585321830461179,LOSS,-0.00012823251577524038,-0.0003482325157752404,0.00022000000000000003,ASIA,RANGE,1,CLOSED_1M_SOURCE;CAUSAL_ENTRY;HORIZON_EMBARGO;EXPANDING_CAUSAL_CALIBRATION;STRATEGY_BASELINE
mh-60-USDCHF-1788744300000,93,ADAPTIVE,mh-v1,BASELINE,USD/CHF,2026-09-07T01:25:00.000Z,2026-09-07T01:27:00.000Z,60,BUY,0.3148148148148148,LOSS,-0.0000864571210941248,-0.00030645712109412485,0.00022000000000000003,ASIA,TREND_UP,1,CLOSED_1M_SOURCE;CAUSAL_ENTRY;HORIZON_EMBARGO;EXPANDING_CAUSAL_CALIBRATION;STRATEGY_BASELINE
mh-60-GBPUSD-1788744420000,94,ADAPTIVE,mh-v1,BASELINE,GBP/USD,2026-09-07T01:27:00.000Z,2026-09-07T01:29:00.000Z,60,BUY,0.5734299557567198,LOSS,-0.000013404856473672597,-0.00023340485647367263,0.00022000000000000003,ASIA,RANGE,1,CLOSED_1M_SOURCE;CAUSAL_ENTRY;HORIZON_EMBARGO;EXPANDING_CAUSAL_CALIBRATION;STRATEGY_BASELINE
mh-60-EURUSD-1788744660000,95,ADAPTIVE,mh-v1,BASELINE,EUR/USD,2026-09-07T01:31:00.000Z,2026-09-07T01:33:00.000Z,60,SELL,0.6640592646497381,DRAW,0,-0.00022000000000000003,0.00022000000000000003,ASIA,RANGE,1,CLOSED_1M_SOURCE;CAUSAL_ENTRY;HORIZON_EMBARGO;EXPANDING_CAUSAL_CALIBRATION;STRATEGY_BASELINE
mh-60-USDCAD-1788744660000,96,ADAPTIVE,mh-v1,BASELINE,USD/CAD,2026-09-07T01:31:00.000Z,2026-09-07T01:33:00.000Z,60,BUY,0.6751564176146536,WIN,0.000014478232924777135,-0.0002055217670752229,0.00022000000000000003,ASIA,RANGE,1,CLOSED_1M_SOURCE;CAUSAL_ENTRY;HORIZON_EMBARGO;EXPANDING_CAUSAL_CALIBRATION;STRATEGY_BASELINE
mh-60-USDJPY-1788744660000,97,ADAPTIVE,mh-v1,BASELINE,USD/JPY,2026-09-07T01:31:00.000Z,2026-09-07T01:33:00.000Z,60,BUY,0.3090909090909091,WIN,0.0001666035059478625,-0.00005339649405213754,0.00022000000000000003,ASIA,TREND_UP,1,CLOSED_1M_SOURCE;CAUSAL_ENTRY;HORIZON_EMBARGO;EXPANDING_CAUSAL_CALIBRATION;STRATEGY_BASELINE
mh-60-USDCHF-1788744840000,98,ADAPTIVE,mh-v1,BASELINE,USD/CHF,2026-09-07T01:34:00.000Z,2026-09-07T01:36:00.000Z,60,BUY,0.32142857142857145,LOSS,-0.000012360461062855447,-0.0002323604610628555,0.00022000000000000003,ASIA,RANGE,1,CLOSED_1M_SOURCE;CAUSAL_ENTRY;HORIZON_EMBARGO;EXPANDING_CAUSAL_CALIBRATION;STRATEGY_BASELINE
mh-60-GBPUSD-1788744900000,99,ADAPTIVE,mh-v1,BASELINE,GBP/USD,2026-09-07T01:35:00.000Z,2026-09-07T01:37:00.000Z,60,SELL,0.5,WIN,0.000026991196106916892,-0.00019300880389308314,0.00022000000000000003,ASIA,RANGE,1,CLOSED_1M_SOURCE;CAUSAL_ENTRY;HORIZON_EMBARGO;EXPANDING_CAUSAL_CALIBRATION;STRATEGY_BASELINE
mh-60-USDCAD-1788745020000,100,ADAPTIVE,mh-v1,BASELINE,USD/CAD,2026-09-07T01:37:00.000Z,2026-09-07T01:39:00.000Z,60,BUY,0.6101765862376589,LOSS,-0.00023129698058337684,-0.0004512969805833769,0.00022000000000000003,ASIA,RANGE,1,CLOSED_1M_SOURCE;CAUSAL_ENTRY;HORIZON_EMBARGO;EXPANDING_CAUSAL_CALIBRATION;STRATEGY_BASELINE
mh-60-USDJPY-1788745080000,101,ADAPTIVE,mh-v2,BASELINE,USD/JPY,2026-09-07T01:38:00.000Z,2026-09-07T01:40:00.000Z,60,BUY,0.5217391304347826,DRAW,0,-0.00022000000000000003,0.00022000000000000003,ASIA,RANGE,1,CLOSED_1M_SOURCE;CAUSAL_ENTRY;HORIZON_EMBARGO;EXPANDING_CAUSAL_CALIBRATION;STRATEGY_BASELINE
mh-60-EURUSD-1788745200000,102,ADAPTIVE,mh-v2,BASELINE,EUR/USD,2026-09-07T01:40:00.000Z,2026-09-07T01:42:00.000Z,60,BUY,0.6225103787357064,LOSS,-0.00011614709311118457,-0.00033614709311118463,0.00022000000000000003,ASIA,RANGE,1,CLOSED_1M_SOURCE;CAUSAL_ENTRY;HORIZON_EMBARGO;EXPANDING_CAUSAL_CALIBRATION;STRATEGY_BASELINE
mh-60-GBPUSD-1788745260000,103,ADAPTIVE,mh-v2,BASELINE,GBP/USD,2026-09-07T01:41:00.000Z,2026-09-07T01:43:00.000Z,60,SELL,0.5981680657977153,DRAW,0,-0.00022000000000000003,0.00022000000000000003,ASIA,RANGE,1,CLOSED_1M_SOURCE;CAUSAL_ENTRY;HORIZON_EMBARGO;EXPANDING_CAUSAL_CALIBRATION;STRATEGY_BASELINE
mh-60-USDCHF-1788745380000,104,ADAPTIVE,mh-v2,BASELINE,USD/CHF,2026-09-07T01:43:00.000Z,2026-09-07T01:45:00.000Z,60,BUY,0.5,LOSS,-0.00007408461905460816,-0.0002940846190546082,0.00022000000000000003,ASIA,RANGE,1,CLOSED_1M_SOURCE;CAUSAL_ENTRY;HORIZON_EMBARGO;EXPANDING_CAUSAL_CALIBRATION;STRATEGY_BASELINE
mh-60-USDCAD-1788745440000,105,ADAPTIVE,mh-v2,BASELINE,USD/CAD,2026-09-07T01:44:00.000Z,2026-09-07T01:46:00.000Z,60,BUY,0.3157894736842105,WIN,0.00007954065315888853,-0.0001404593468411115,0.00022000000000000003,ASIA,RANGE,1,CLOSED_1M_SOURCE;CAUSAL_ENTRY;HORIZON_EMBARGO;EXPANDING_CAUSAL_CALIBRATION;STRATEGY_BASELINE
mh-60-USDJPY-1788745440000,106,ADAPTIVE,mh-v2,BASELINE,USD/JPY,2026-09-07T01:44:00.000Z,2026-09-07T01:46:00.000Z,60,BUY,0.6168971574081944,WIN,0.00021140340472908047,-0.000008596595270919563,0.00022000000000000003,ASIA,RANGE,1,CLOSED_1M_SOURCE;CAUSAL_ENTRY;HORIZON_EMBARGO;EXPANDING_CAUSAL_CALIBRATION;STRATEGY_BASELINE
mh-60-EURUSD-1788745560000,107,ADAPTIVE,mh-v2,BASELINE,EUR/USD,2026-09-07T01:46:00.000Z,2026-09-07T01:48:00.000Z,60,SELL,0.3275862068965517,DRAW,0,-0.00022000000000000003,0.00022000000000000003,ASIA,RANGE,1,CLOSED_1M_SOURCE;CAUSAL_ENTRY;HORIZON_EMBARGO;EXPANDING_CAUSAL_CALIBRATION;STRATEGY_BASELINE
mh-60-GBPUSD-1788745620000,108,ADAPTIVE,mh-v2,BASELINE,GBP/USD,2026-09-07T01:47:00.000Z,2026-09-07T01:49:00.000Z,60,SELL,0.3275862068965517,WIN,0.0000539875018933117,-0.00016601249810668832,0.00022000000000000003,ASIA,RANGE,1,CLOSED_1M_SOURCE;CAUSAL_ENTRY;HORIZON_EMBARGO;EXPANDING_CAUSAL_CALIBRATION;STRATEGY_BASELINE
mh-60-USDCAD-1788745740000,109,ADAPTIVE,mh-v2,BASELINE,USD/CAD,2026-09-07T01:49:00.000Z,2026-09-07T01:51:00.000Z,60,BUY,0.48,DRAW,0,-0.00022000000000000003,0.00022000000000000003,ASIA,RANGE,1,CLOSED_1M_SOURCE;CAUSAL_ENTRY;HORIZON_EMBARGO;EXPANDING_CAUSAL_CALIBRATION;STRATEGY_BASELINE
mh-60-USDCHF-1788745800000,110,ADAPTIVE,mh-v2,BASELINE,USD/CHF,2026-09-07T01:50:00.000Z,2026-09-07T01:52:00.000Z,60,BUY,0.6022971344646476,LOSS,-0.000012360461062855447,-0.0002323604610628555,0.00022000000000000003,ASIA,RANGE,1,CLOSED_1M_SOURCE;CAUSAL_ENTRY;HORIZON_EMBARGO;EXPANDING_CAUSAL_CALIBRATION;STRATEGY_BASELINE
mh-60-USDJPY-1788745800000,111,ADAPTIVE,mh-v2,BASELINE,USD/JPY,2026-09-07T01:50:00.000Z,2026-09-07T01:52:00.000Z,60,SELL,0.3333333333333333,LOSS,-0.00006406201281083769,-0.00028406201281083775,0.00022000000000000003,ASIA,RANGE,1,CLOSED_1M_SOURCE;CAUSAL_ENTRY;HORIZON_EMBARGO;EXPANDING_CAUSAL_CALIBRATION;STRATEGY_BASELINE
mh-60-EURUSD-1788745980000,112,ADAPTIVE,mh-v2,BASELINE,EUR/USD,2026-09-07T01:53:00.000Z,2026-09-07T01:55:00.000Z,60,BUY,0.32786885245901637,DRAW,0,-0.00022000000000000003,0.00022000000000000003,ASIA,RANGE,1,CLOSED_1M_SOURCE;CAUSAL_ENTRY;HORIZON_EMBARGO;EXPANDING_CAUSAL_CALIBRATION;STRATEGY_BASELINE
mh-60-GBPUSD-1788746160000,113,ADAPTIVE,mh-v2,BASELINE,GBP/USD,2026-09-07T01:56:00.000Z,2026-09-07T01:58:00.000Z,60,SELL,0.3225806451612903,LOSS,-0.0000810661852917183,-0.00030106618529171834,0.00022000000000000003,ASIA,RANGE,1,CLOSED_1M_SOURCE;CAUSAL_ENTRY;HORIZON_EMBARGO;EXPANDING_CAUSAL_CALIBRATION;STRATEGY_BASELINE
mh-60-USDJPY-1788746160000,114,ADAPTIVE,mh-v2,BASELINE,USD/JPY,2026-09-07T01:56:00.000Z,2026-09-07T01:58:00.000Z,60,SELL,0.46153846153846156,WIN,0.00008323117708836413,-0.00013676882291163592,0.00022000000000000003,ASIA,RANGE,1,CLOSED_1M_SOURCE;CAUSAL_ENTRY;HORIZON_EMBARGO;EXPANDING_CAUSAL_CALIBRATION;STRATEGY_BASELINE
mh-60-USDCHF-1788746220000,115,ADAPTIVE,mh-v2,BASELINE,USD/CHF,2026-09-07T01:57:00.000Z,2026-09-07T01:59:00.000Z,60,BUY,0.46153846153846156,WIN,0.00014809383808245185,-0.00007190616191754819,0.00022000000000000003,ASIA,RANGE,1,CLOSED_1M_SOURCE;CAUSAL_ENTRY;HORIZON_EMBARGO;EXPANDING_CAUSAL_CALIBRATION;STRATEGY_BASELINE
mh-60-USDCAD-1788746340000,116,ADAPTIVE,mh-v2,BASELINE,USD/CAD,2026-09-07T01:59:00.000Z,2026-09-07T02:01:00.000Z,60,BUY,0.31746031746031744,WIN,0.000021625384582910088,-0.00019837461541708995,0.00022000000000000003,ASIA,TREND_UP,1,CLOSED_1M_SOURCE;CAUSAL_ENTRY;HORIZON_EMBARGO;EXPANDING_CAUSAL_CALIBRATION;STRATEGY_BASELINE
mh-60-EURUSD-1788746400000,117,ADAPTIVE,mh-v2,BASELINE,EUR/USD,2026-09-07T02:00:00.000Z,2026-09-07T02:02:00.000Z,60,SELL,0.5,WIN,0.00011617407967448269,-0.00010382592032551735,0.00022000000000000003,ASIA,RANGE,1,CLOSED_1M_SOURCE;CAUSAL_ENTRY;HORIZON_EMBARGO;EXPANDING_CAUSAL_CALIBRATION;STRATEGY_BASELINE
mh-60-GBPUSD-1788746520000,118,ADAPTIVE,mh-v2,BASELINE,GBP/USD,2026-09-07T02:02:00.000Z,2026-09-07T02:04:00.000Z,60,SELL,0.328125,WIN,0.00001349924642442019,-0.00020650075357557984,0.00022000000000000003,ASIA,RANGE,1,CLOSED_1M_SOURCE;CAUSAL_ENTRY;HORIZON_EMBARGO;EXPANDING_CAUSAL_CALIBRATION;STRATEGY_BASELINE
mh-60-USDJPY-1788746520000,119,ADAPTIVE,mh-v2,BASELINE,USD/JPY,2026-09-07T02:02:00.000Z,2026-09-07T02:04:00.000Z,60,SELL,0.5172413793103449,LOSS,-0.000006454483034538037,-0.00022645448303453808,0.00022000000000000003,ASIA,RANGE,1,CLOSED_1M_SOURCE;CAUSAL_ENTRY;HORIZON_EMBARGO;EXPANDING_CAUSAL_CALIBRATION;STRATEGY_BASELINE
mh-60-USDCHF-1788746580000,120,ADAPTIVE,mh-v2,BASELINE,USD/CHF,2026-09-07T02:03:00.000Z,2026-09-07T02:05:00.000Z,60,BUY,0.5172413793103449,DRAW,0,-0.00022000000000000003,0.00022000000000000003,ASIA,RANGE,1,CLOSED_1M_SOURCE;CAUSAL_ENTRY;HORIZON_EMBARGO;EXPANDING_CAUSAL_CALIBRATION;STRATEGY_BASELINE
mh-60-USDCAD-1788746640000,121,ADAPTIVE,mh-v2,BASELINE,USD/CAD,2026-09-07T02:04:00.000Z,2026-09-07T02:06:00.000Z,60,BUY,0.3384615384615385,WIN,0.000007236762131333276,-0.00021276323786866675,0.00022000000000000003,ASIA,RANGE,1,CLOSED_1M_SOURCE;CAUSAL_ENTRY;HORIZON_EMBARGO;EXPANDING_CAUSAL_CALIBRATION;STRATEGY_BASELINE
mh-60-EURUSD-1788746880000,122,ADAPTIVE,mh-v2,BASELINE,EUR/USD,2026-09-07T02:08:00.000Z,2026-09-07T02:10:00.000Z,60,SELL,0.3484848484848485,DRAW,0,-0.00022000000000000003,0.00022000000000000003,ASIA,RANGE,1,CLOSED_1M_SOURCE;CAUSAL_ENTRY;HORIZON_EMBARGO;EXPANDING_CAUSAL_CALIBRATION;STRATEGY_BASELINE
mh-60-GBPUSD-1788746880000,123,ADAPTIVE,mh-v2,BASELINE,GBP/USD,2026-09-07T02:08:00.000Z,2026-09-07T02:10:00.000Z,60,SELL,0.3484848484848485,DRAW,0,-0.00022000000000000003,0.00022000000000000003,ASIA,RANGE,1,CLOSED_1M_SOURCE;CAUSAL_ENTRY;HORIZON_EMBARGO;EXPANDING_CAUSAL_CALIBRATION;STRATEGY_BASELINE
mh-60-USDCAD-1788747000000,124,ADAPTIVE,mh-v2,BASELINE,USD/CAD,2026-09-07T02:10:00.000Z,2026-09-07T02:12:00.000Z,60,BUY,0.3382352941176471,LOSS,-0.0001589261998411255,-0.00037892619984112555,0.00022000000000000003,ASIA,RANGE,1,CLOSED_1M_SOURCE;CAUSAL_ENTRY;HORIZON_EMBARGO;EXPANDING_CAUSAL_CALIBRATION;STRATEGY_BASELINE
mh-60-USDCHF-1788747000000,125,ADAPTIVE,mh-v2,BASELINE,USD/CHF,2026-09-07T02:10:00.000Z,2026-09-07T02:12:00.000Z,60,BUY,0.3382352941176471,LOSS,-0.00007404532088352318,-0.0002940453208835232,0.00022000000000000003,ASIA,TREND_UP,1,CLOSED_1M_SOURCE;CAUSAL_ENTRY;HORIZON_EMBARGO;EXPANDING_CAUSAL_CALIBRATION;STRATEGY_BASELINE
mh-60-USDJPY-1788747000000,126,ADAPTIVE,mh-v2,BASELINE,USD/JPY,2026-09-07T02:10:00.000Z,2026-09-07T02:12:00.000Z,60,BUY,0.3382352941176471,LOSS,-0.0001217544880355695,-0.0003417544880355695,0.00022000000000000003,ASIA,TREND_UP,1,CLOSED_1M_SOURCE;CAUSAL_ENTRY;HORIZON_EMBARGO;EXPANDING_CAUSAL_CALIBRATION;STRATEGY_BASELINE
mh-60-EURUSD-1788747240000,127,ADAPTIVE,mh-v2,BASELINE,EUR/USD,2026-09-07T02:14:00.000Z,2026-09-07T02:16:00.000Z,60,SELL,0.323943661971831,DRAW,0,-0.00022000000000000003,0.00022000000000000003,ASIA,TREND_DOWN,1,CLOSED_1M_SOURCE;CAUSAL_ENTRY;HORIZON_EMBARGO;EXPANDING_CAUSAL_CALIBRATION;STRATEGY_BASELINE
mh-60-GBPUSD-1788747240000,128,ADAPTIVE,mh-v2,BASELINE,GBP/USD,2026-09-07T02:14:00.000Z,2026-09-07T02:16:00.000Z,60,SELL,0.323943661971831,WIN,0.000040595841044336836,-0.0001794041589556632,0.00022000000000000003,ASIA,TREND_DOWN,1,CLOSED_1M_SOURCE;CAUSAL_ENTRY;HORIZON_EMBARGO;EXPANDING_CAUSAL_CALIBRATION;STRATEGY_BASELINE
mh-60-USDCHF-1788747360000,129,ADAPTIVE,mh-v2,BASELINE,USD/CHF,2026-09-07T02:16:00.000Z,2026-09-07T02:18:00.000Z,60,BUY,0.3287671232876712,DRAW,0,-0.00022000000000000003,0.00022000000000000003,ASIA,TREND_UP,1,CLOSED_1M_SOURCE;CAUSAL_ENTRY;HORIZON_EMBARGO;EXPANDING_CAUSAL_CALIBRATION;STRATEGY_BASELINE
mh-60-USDJPY-1788747360000,130,ADAPTIVE,mh-v2,BASELINE,USD/JPY,2026-09-07T02:16:00.000Z,2026-09-07T02:18:00.000Z,60,BUY,0.3287671232876712,WIN,0.00005119710357271757,-0.00016880289642728246,0.00022000000000000003,ASIA,TREND_UP,1,CLOSED_1M_SOURCE;CAUSAL_ENTRY;HORIZON_EMBARGO;EXPANDING_CAUSAL_CALIBRATION;STRATEGY_BASELINE
mh-60-USDCAD-1788747420000,131,ADAPTIVE,mh-v2,BASELINE,USD/CAD,2026-09-07T02:17:00.000Z,2026-09-07T02:19:00.000Z,60,BUY,0.3287671232876712,LOSS,-0.000014470805236570963,-0.000234470805236571,0.00022000000000000003,ASIA,RANGE,1,CLOSED_1M_SOURCE;CAUSAL_ENTRY;HORIZON_EMBARGO;EXPANDING_CAUSAL_CALIBRATION;STRATEGY_BASELINE
mh-60-EURUSD-1788747600000,132,ADAPTIVE,mh-v2,BASELINE,EUR/USD,2026-09-07T02:20:00.000Z,2026-09-07T02:22:00.000Z,60,SELL,0.32894736842105265,DRAW,0,-0.00022000000000000003,0.00022000000000000003,ASIA,RANGE,1,CLOSED_1M_SOURCE;CAUSAL_ENTRY;HORIZON_EMBARGO;EXPANDING_CAUSAL_CALIBRATION;STRATEGY_BASELINE
mh-60-GBPUSD-1788747660000,133,ADAPTIVE,mh-v2,BASELINE,GBP/USD,2026-09-07T02:21:00.000Z,2026-09-07T02:23:00.000Z,60,SELL,0.32894736842105265,DRAW,0,-0.00022000000000000003,0.00022000000000000003,ASIA,RANGE,1,CLOSED_1M_SOURCE;CAUSAL_ENTRY;HORIZON_EMBARGO;EXPANDING_CAUSAL_CALIBRATION;STRATEGY_BASELINE
mh-60-USDCHF-1788747720000,134,ADAPTIVE,mh-v2,BASELINE,USD/CHF,2026-09-07T02:22:00.000Z,2026-09-07T02:24:00.000Z,60,BUY,0.3246753246753247,LOSS,-0.00011100793662637764,-0.00033100793662637766,0.00022000000000000003,ASIA,TREND_UP,1,CLOSED_1M_SOURCE;CAUSAL_ENTRY;HORIZON_EMBARGO;EXPANDING_CAUSAL_CALIBRATION;STRATEGY_BASELINE
mh-60-USDJPY-1788747720000,135,ADAPTIVE,mh-v2,BASELINE,USD/JPY,2026-09-07T02:22:00.000Z,2026-09-07T02:24:00.000Z,60,BUY,0.3246753246753247,LOSS,-0.00018572892545802306,-0.0004057289254580231,0.00022000000000000003,ASIA,TREND_UP,1,CLOSED_1M_SOURCE;CAUSAL_ENTRY;HORIZON_EMBARGO;EXPANDING_CAUSAL_CALIBRATION;STRATEGY_BASELINE
mh-60-USDCAD-1788747780000,136,ADAPTIVE,mh-v2,BASELINE,USD/CAD,2026-09-07T02:23:00.000Z,2026-09-07T02:25:00.000Z,60,SELL,0.6480117669486964,LOSS,-0.00020234602514104138,-0.0004223460251410414,0.00022000000000000003,ASIA,RANGE,1,CLOSED_1M_SOURCE;CAUSAL_ENTRY;HORIZON_EMBARGO;EXPANDING_CAUSAL_CALIBRATION;STRATEGY_BASELINE
mh-60-EURUSD-1788748080000,137,ADAPTIVE,mh-v2,BASELINE,EUR/USD,2026-09-07T02:28:00.000Z,2026-09-07T02:30:00.000Z,60,BUY,0.4838709677419355,DRAW,0,-0.00022000000000000003,0.00022000000000000003,ASIA,RANGE,1,CLOSED_1M_SOURCE;CAUSAL_ENTRY;HORIZON_EMBARGO;EXPANDING_CAUSAL_CALIBRATION;STRATEGY_BASELINE
mh-60-GBPUSD-1788748080000,138,ADAPTIVE,mh-v2,BASELINE,GBP/USD,2026-09-07T02:28:00.000Z,2026-09-07T02:30:00.000Z,60,BUY,0.6404474748293049,LOSS,-0.000013589495919709728,-0.00023358949591970976,0.00022000000000000003,ASIA,RANGE,1,CLOSED_1M_SOURCE;CAUSAL_ENTRY;HORIZON_EMBARGO;EXPANDING_CAUSAL_CALIBRATION;STRATEGY_BASELINE
mh-60-USDJPY-1788748140000,139,ADAPTIVE,mh-v2,BASELINE,USD/JPY,2026-09-07T02:29:00.000Z,2026-09-07T02:31:00.000Z,60,SELL,0.6198458187692537,WIN,0.00005757000620270389,-0.00016242999379729615,0.00022000000000000003,ASIA,RANGE,1,CLOSED_1M_SOURCE;CAUSAL_ENTRY;HORIZON_EMBARGO;EXPANDING_CAUSAL_CALIBRATION;STRATEGY_BASELINE
mh-60-USDCHF-1788748200000,140,ADAPTIVE,mh-v2,BASELINE,USD/CHF,2026-09-07T02:30:00.000Z,2026-09-07T02:32:00.000Z,60,SELL,0.637158257282811,DRAW,0,-0.00022000000000000003,0.00022000000000000003,ASIA,RANGE,1,CLOSED_1M_SOURCE;CAUSAL_ENTRY;HORIZON_EMBARGO;EXPANDING_CAUSAL_CALIBRATION;STRATEGY_BASELINE
mh-60-GBPUSD-1788748500000,141,ADAPTIVE,mh-v2,BASELINE,GBP/USD,2026-09-07T02:35:00.000Z,2026-09-07T02:37:00.000Z,60,BUY,0.3125,LOSS,-0.00002700031765079589,-0.0002470003176507959,0.00022000000000000003,ASIA,RANGE,1,CLOSED_1M_SOURCE;CAUSAL_ENTRY;HORIZON_EMBARGO;EXPANDING_CAUSAL_CALIBRATION;STRATEGY_BASELINE
mh-60-USDJPY-1788748500000,142,ADAPTIVE,mh-v2,BASELINE,USD/JPY,2026-09-07T02:35:00.000Z,2026-09-07T02:37:00.000Z,60,SELL,0.46875,WIN,0.00003205751274163961,-0.00018794248725836042,0.00022000000000000003,ASIA,RANGE,1,CLOSED_1M_SOURCE;CAUSAL_ENTRY;HORIZON_EMBARGO;EXPANDING_CAUSAL_CALIBRATION;STRATEGY_BASELINE
mh-60-EURUSD-1788748620000,143,ADAPTIVE,mh-v2,BASELINE,EUR/USD,2026-09-07T02:37:00.000Z,2026-09-07T02:39:00.000Z,60,BUY,0.640452803988772,DRAW,0,-0.00022000000000000003,0.00022000000000000003,ASIA,RANGE,1,CLOSED_1M_SOURCE;CAUSAL_ENTRY;HORIZON_EMBARGO;EXPANDING_CAUSAL_CALIBRATION;STRATEGY_BASELINE
mh-60-USDCAD-1788748620000,144,ADAPTIVE,mh-v2,BASELINE,USD/CAD,2026-09-07T02:37:00.000Z,2026-09-07T02:39:00.000Z,60,SELL,0.6310163375717709,LOSS,-0.000014387061224785168,-0.00023438706122478521,0.00022000000000000003,ASIA,RANGE,1,CLOSED_1M_SOURCE;CAUSAL_ENTRY;HORIZON_EMBARGO;EXPANDING_CAUSAL_CALIBRATION;STRATEGY_BASELINE
mh-60-USDCHF-1788748680000,145,ADAPTIVE,mh-v2,BASELINE,USD/CHF,2026-09-07T02:38:00.000Z,2026-09-07T02:40:00.000Z,60,SELL,0.48484848484848486,LOSS,-0.00003698589513844306,-0.00025698589513844307,0.00022000000000000003,ASIA,RANGE,1,CLOSED_1M_SOURCE;CAUSAL_ENTRY;HORIZON_EMBARGO;EXPANDING_CAUSAL_CALIBRATION;STRATEGY_BASELINE
mh-60-EURUSD-1788748920000,146,ADAPTIVE,mh-v2,BASELINE,EUR/USD,2026-09-07T02:42:00.000Z,2026-09-07T02:44:00.000Z,60,SELL,0.6301242707883135,DRAW,0,-0.00022000000000000003,0.00022000000000000003,ASIA,RANGE,1,CLOSED_1M_SOURCE;CAUSAL_ENTRY;HORIZON_EMBARGO;EXPANDING_CAUSAL_CALIBRATION;STRATEGY_BASELINE
mh-60-GBPUSD-1788748920000,147,ADAPTIVE,mh-v2,BASELINE,GBP/USD,2026-09-07T02:42:00.000Z,2026-09-07T02:44:00.000Z,60,SELL,0.6372948256134362,WIN,0.00005401230686297846,-0.00016598769313702158,0.00022000000000000003,ASIA,RANGE,1,CLOSED_1M_SOURCE;CAUSAL_ENTRY;HORIZON_EMBARGO;EXPANDING_CAUSAL_CALIBRATION;STRATEGY_BASELINE
mh-60-USDJPY-1788748920000,148,ADAPTIVE,mh-v2,BASELINE,USD/JPY,2026-09-07T02:42:00.000Z,2026-09-07T02:44:00.000Z,60,BUY,0.30864197530864196,LOSS,-0.00006398245142071324,-0.00028398245142071326,0.00022000000000000003,ASIA,RANGE,1,CLOSED_1M_SOURCE;CAUSAL_ENTRY;HORIZON_EMBARGO;EXPANDING_CAUSAL_CALIBRATION;STRATEGY_BASELINE
mh-60-USDCAD-1788749100000,149,ADAPTIVE,mh-v2,BASELINE,USD/CAD,2026-09-07T02:45:00.000Z,2026-09-07T02:47:00.000Z,60,BUY,0.47058823529411764,WIN,0.000007235402618285482,-0.00021276459738171454,0.00022000000000000003,ASIA,RANGE,1,CLOSED_1M_SOURCE;CAUSAL_ENTRY;HORIZON_EMBARGO;EXPANDING_CAUSAL_CALIBRATION;STRATEGY_BASELINE
mh-60-USDCHF-1788749160000,150,ADAPTIVE,mh-v2,BASELINE,USD/CHF,2026-09-07T02:46:00.000Z,2026-09-07T02:48:00.000Z,60,BUY,0.3048780487804878,LOSS,-0.00008630257565405811,-0.00030630257565405816,0.00022000000000000003,ASIA,RANGE,1,CLOSED_1M_SOURCE;CAUSAL_ENTRY;HORIZON_EMBARGO;EXPANDING_CAUSAL_CALIBRATION;STRATEGY_BASELINE
mh-60-EURUSD-1788749280000,151,ADAPTIVE,mh-v2,BASELINE,EUR/USD,2026-09-07T02:48:00.000Z,2026-09-07T02:50:00.000Z,60,SELL,0.21739130434782608,DRAW,0,-0.00022000000000000003,0.00022000000000000003,ASIA,RANGE,1,CLOSED_1M_SOURCE;CAUSAL_ENTRY;HORIZON_EMBARGO;EXPANDING_CAUSAL_CALIBRATION;STRATEGY_BASELINE
mh-60-GBPUSD-1788749280000,152,ADAPTIVE,mh-v2,BASELINE,GBP/USD,2026-09-07T02:48:00.000Z,2026-09-07T02:50:00.000Z,60,SELL,0.5990386226849176,WIN,0.000013590966278871096,-0.00020640903372112893,0.00022000000000000003,ASIA,RANGE,1,CLOSED_1M_SOURCE;CAUSAL_ENTRY;HORIZON_EMBARGO;EXPANDING_CAUSAL_CALIBRATION;STRATEGY_BASELINE
mh-60-USDJPY-1788749280000,153,ADAPTIVE,mh-v2,BASELINE,USD/JPY,2026-09-07T02:48:00.000Z,2026-09-07T02:50:00.000Z,60,BUY,0.30120481927710846,WIN,0.000006349484827222215,-0.00021365051517277783,0.00022000000000000003,ASIA,TREND_UP,1,CLOSED_1M_SOURCE;CAUSAL_ENTRY;HORIZON_EMBARGO;EXPANDING_CAUSAL_CALIBRATION;STRATEGY_BASELINE
mh-60-USDCAD-1788749520000,154,ADAPTIVE,mh-v2,BASELINE,USD/CAD,2026-09-07T02:52:00.000Z,2026-09-07T02:54:00.000Z,60,BUY,0.20833333333333334,LOSS,-0.000021619448269957484,-0.00024161944826995752,0.00022000000000000003,ASIA,RANGE,1,CLOSED_1M_SOURCE;CAUSAL_ENTRY;HORIZON_EMBARGO;EXPANDING_CAUSAL_CALIBRATION;STRATEGY_BASELINE
mh-60-USDCHF-1788749520000,155,ADAPTIVE,mh-v2,BASELINE,USD/CHF,2026-09-07T02:52:00.000Z,2026-09-07T02:54:00.000Z,60,BUY,0.30952380952380953,WIN,0.000024699580327666397,-0.00019530041967233365,0.00022000000000000003,ASIA,RANGE,1,CLOSED_1M_SOURCE;CAUSAL_ENTRY;HORIZON_EMBARGO;EXPANDING_CAUSAL_CALIBRATION;STRATEGY_BASELINE
mh-60-EURUSD-1788749640000,156,ADAPTIVE,mh-v2,BASELINE,EUR/USD,2026-09-07T02:54:00.000Z,2026-09-07T02:56:00.000Z,60,SELL,0.2,WIN,0.00011611189614114279,-0.00010388810385885724,0.00022000000000000003,ASIA,RANGE,1,CLOSED_1M_SOURCE;CAUSAL_ENTRY;HORIZON_EMBARGO;EXPANDING_CAUSAL_CALIBRATION;STRATEGY_BASELINE
mh-60-USDJPY-1788749640000,157,ADAPTIVE,mh-v2,BASELINE,USD/JPY,2026-09-07T02:54:00.000Z,2026-09-07T02:56:00.000Z,60,BUY,0.3176470588235294,WIN,0.00007042909094603266,-0.00014957090905396738,0.00022000000000000003,ASIA,TREND_UP,1,CLOSED_1M_SOURCE;CAUSAL_ENTRY;HORIZON_EMBARGO;EXPANDING_CAUSAL_CALIBRATION;STRATEGY_BASELINE
mh-60-GBPUSD-1788749700000,158,ADAPTIVE,mh-v2,BASELINE,GBP/USD,2026-09-07T02:55:00.000Z,2026-09-07T02:57:00.000Z,60,SELL,0.3176470588235294,WIN,0.000013591700378202302,-0.00020640829962179774,0.00022000000000000003,ASIA,RANGE,1,CLOSED_1M_SOURCE;CAUSAL_ENTRY;HORIZON_EMBARGO;EXPANDING_CAUSAL_CALIBRATION;STRATEGY_BASELINE
mh-60-USDCAD-1788749880000,159,ADAPTIVE,mh-v2,BASELINE,USD/CAD,2026-09-07T02:58:00.000Z,2026-09-07T03:00:00.000Z,60,BUY,0.23076923076923078,WIN,0.000014384461336376752,-0.00020561553866362328,0.00022000000000000003,ASIA,RANGE,1,CLOSED_1M_SOURCE;CAUSAL_ENTRY;HORIZON_EMBARGO;EXPANDING_CAUSAL_CALIBRATION;STRATEGY_BASELINE
mh-60-USDCHF-1788749880000,160,ADAPTIVE,mh-v2,BASELINE,USD/CHF,2026-09-07T02:58:00.000Z,2026-09-07T03:00:00.000Z,60,BUY,0.3333333333333333,LOSS,-0.0001233432730761996,-0.00034334327307619964,0.00022000000000000003,ASIA,RANGE,1,CLOSED_1M_SOURCE;CAUSAL_ENTRY;HORIZON_EMBARGO;EXPANDING_CAUSAL_CALIBRATION;STRATEGY_BASELINE
mh-60-USDJPY-1788750060000,161,ADAPTIVE,mh-v2,BASELINE,USD/JPY,2026-09-07T03:01:00.000Z,2026-09-07T03:03:00.000Z,60,SELL,0.4857142857142857,LOSS,-0.000006350135531431119,-0.00022635013553143116,0.00022000000000000003,ASIA,RANGE,1,CLOSED_1M_SOURCE;CAUSAL_ENTRY;HORIZON_EMBARGO;EXPANDING_CAUSAL_CALIBRATION;STRATEGY_BASELINE
mh-60-EURUSD-1788750120000,162,ADAPTIVE,mh-v2,BASELINE,EUR/USD,2026-09-07T03:02:00.000Z,2026-09-07T03:04:00.000Z,60,SELL,0.25925925925925924,LOSS,-0.00011609841573395293,-0.00033609841573395297,0.00022000000000000003,ASIA,RANGE,1,CLOSED_1M_SOURCE;CAUSAL_ENTRY;HORIZON_EMBARGO;EXPANDING_CAUSAL_CALIBRATION;STRATEGY_BASELINE
mh-60-GBPUSD-1788750180000,163,ADAPTIVE,mh-v2,BASELINE,GBP/USD,2026-09-07T03:03:00.000Z,2026-09-07T03:05:00.000Z,60,BUY,0.32954545454545453,WIN,0.00006759907500461545,-0.0001524009249953846,0.00022000000000000003,ASIA,RANGE,1,CLOSED_1M_SOURCE;CAUSAL_ENTRY;HORIZON_EMBARGO;EXPANDING_CAUSAL_CALIBRATION;STRATEGY_BASELINE
mh-60-USDCHF-1788750240000,164,ADAPTIVE,mh-v2,BASELINE,USD/CHF,2026-09-07T03:04:00.000Z,2026-09-07T03:06:00.000Z,60,SELL,0.32954545454545453,DRAW,0,-0.00022000000000000003,0.00022000000000000003,ASIA,RANGE,1,CLOSED_1M_SOURCE;CAUSAL_ENTRY;HORIZON_EMBARGO;EXPANDING_CAUSAL_CALIBRATION;STRATEGY_BASELINE
mh-60-USDCAD-1788750300000,165,ADAPTIVE,mh-v2,BASELINE,USD/CAD,2026-09-07T03:05:00.000Z,2026-09-07T03:07:00.000Z,60,SELL,0.5859851524806728,LOSS,-0.00007949984862298596,-0.000299499848622986,0.00022000000000000003,ASIA,RANGE,1,CLOSED_1M_SOURCE;CAUSAL_ENTRY;HORIZON_EMBARGO;EXPANDING_CAUSAL_CALIBRATION;STRATEGY_BASELINE
mh-60-USDJPY-1788750420000,166,ADAPTIVE,mh-v2,BASELINE,USD/JPY,2026-09-07T03:07:00.000Z,2026-09-07T03:09:00.000Z,60,SELL,0.3333333333333333,LOSS,-0.00003839733622143832,-0.00025839733622143833,0.00022000000000000003,ASIA,RANGE,1,CLOSED_1M_SOURCE;CAUSAL_ENTRY;HORIZON_EMBARGO;EXPANDING_CAUSAL_CALIBRATION;STRATEGY_BASELINE
mh-60-GBPUSD-1788750540000,167,ADAPTIVE,mh-v2,BASELINE,GBP/USD,2026-09-07T03:09:00.000Z,2026-09-07T03:11:00.000Z,60,BUY,0.25,LOSS,-0.000013501618208652948,-0.000233501618208653,0.00022000000000000003,ASIA,RANGE,1,CLOSED_1M_SOURCE;CAUSAL_ENTRY;HORIZON_EMBARGO;EXPANDING_CAUSAL_CALIBRATION;STRATEGY_BASELINE
mh-60-USDCAD-1788750660000,168,ADAPTIVE,mh-v2,BASELINE,USD/CAD,2026-09-07T03:11:00.000Z,2026-09-07T03:13:00.000Z,60,BUY,0.2413793103448276,WIN,0.0000072347757064500095,-0.00021276522429355003,0.00022000000000000003,ASIA,RANGE,1,CLOSED_1M_SOURCE;CAUSAL_ENTRY;HORIZON_EMBARGO;EXPANDING_CAUSAL_CALIBRATION;STRATEGY_BASELINE
mh-60-USDCHF-1788750780000,169,ADAPTIVE,mh-v2,BASELINE,USD/CHF,2026-09-07T03:13:00.000Z,2026-09-07T03:15:00.000Z,60,SELL,0.32967032967032966,WIN,0.000024703540965859927,-0.0001952964590341401,0.00022000000000000003,ASIA,RANGE,1,CLOSED_1M_SOURCE;CAUSAL_ENTRY;HORIZON_EMBARGO;EXPANDING_CAUSAL_CALIBRATION;STRATEGY_BASELINE
mh-60-USDJPY-1788750900000,170,ADAPTIVE,mh-v2,BASELINE,USD/JPY,2026-09-07T03:15:00.000Z,2026-09-07T03:17:00.000Z,60,SELL,0.33695652173913043,WIN,0.00008326813757420956,-0.00013673186242579047,0.00022000000000000003,ASIA,TREND_DOWN,1,CLOSED_1M_SOURCE;CAUSAL_ENTRY;HORIZON_EMBARGO;EXPANDING_CAUSAL_CALIBRATION;STRATEGY_BASELINE
mh-60-EURUSD-1788750960000,171,ADAPTIVE,mh-v2,BASELINE,EUR/USD,2026-09-07T03:16:00.000Z,2026-09-07T03:18:00.000Z,60,BUY,0.26666666666666666,DRAW,0,-0.00022000000000000003,0.00022000000000000003,ASIA,RANGE,1,CLOSED_1M_SOURCE;CAUSAL_ENTRY;HORIZON_EMBARGO;EXPANDING_CAUSAL_CALIBRATION;STRATEGY_BASELINE
mh-60-USDCAD-1788751020000,172,ADAPTIVE,mh-v2,BASELINE,USD/CAD,2026-09-07T03:17:00.000Z,2026-09-07T03:19:00.000Z,60,SELL,0.26666666666666666,WIN,0.00002170793370707159,-0.00019829206629292845,0.00022000000000000003,ASIA,RANGE,1,CLOSED_1M_SOURCE;CAUSAL_ENTRY;HORIZON_EMBARGO;EXPANDING_CAUSAL_CALIBRATION;STRATEGY_BASELINE
mh-60-GBPUSD-1788751080000,173,ADAPTIVE,mh-v2,BASELINE,GBP/USD,2026-09-07T03:18:00.000Z,2026-09-07T03:20:00.000Z,60,BUY,0.34408602150537637,WIN,0.00006758994889811618,-0.00015241005110188386,0.00022000000000000003,ASIA,RANGE,1,CLOSED_1M_SOURCE;CAUSAL_ENTRY;HORIZON_EMBARGO;EXPANDING_CAUSAL_CALIBRATION;STRATEGY_BASELINE
mh-60-USDCHF-1788751200000,174,ADAPTIVE,mh-v2,BASELINE,USD/CHF,2026-09-07T03:20:00.000Z,2026-09-07T03:22:00.000Z,60,SELL,0.35106382978723405,WIN,0.0000864133884123691,-0.00013358661158763095,0.00022000000000000003,ASIA,RANGE,1,CLOSED_1M_SOURCE;CAUSAL_ENTRY;HORIZON_EMBARGO;EXPANDING_CAUSAL_CALIBRATION;STRATEGY_BASELINE
mh-60-USDJPY-1788751260000,175,ADAPTIVE,mh-v2,BASELINE,USD/JPY,2026-09-07T03:21:00.000Z,2026-09-07T03:23:00.000Z,60,SELL,0.35106382978723405,WIN,0.00007048368229436214,-0.00014951631770563788,0.00022000000000000003,ASIA,TREND_DOWN,1,CLOSED_1M_SOURCE;CAUSAL_ENTRY;HORIZON_EMBARGO;EXPANDING_CAUSAL_CALIBRATION;STRATEGY_BASELINE
mh-60-EURUSD-1788751380000,176,ADAPTIVE,mh-v2,BASELINE,EUR/USD,2026-09-07T03:23:00.000Z,2026-09-07T03:25:00.000Z,60,BUY,0.3645833333333333,DRAW,0,-0.00022000000000000003,0.00022000000000000003,ASIA,RANGE,1,CLOSED_1M_SOURCE;CAUSAL_ENTRY;HORIZON_EMBARGO;EXPANDING_CAUSAL_CALIBRATION;STRATEGY_BASELINE
mh-60-GBPUSD-1788751500000,177,ADAPTIVE,mh-v2,BASELINE,GBP/USD,2026-09-07T03:25:00.000Z,2026-09-07T03:27:00.000Z,60,BUY,0.36082474226804123,LOSS,-0.000013497787553822427,-0.00023349778755382247,0.00022000000000000003,ASIA,RANGE,1,CLOSED_1M_SOURCE;CAUSAL_ENTRY;HORIZON_EMBARGO;EXPANDING_CAUSAL_CALIBRATION;STRATEGY_BASELINE
mh-60-USDCHF-1788751560000,178,ADAPTIVE,mh-v2,BASELINE,USD/CHF,2026-09-07T03:26:00.000Z,2026-09-07T03:28:00.000Z,60,SELL,0.36082474226804123,WIN,0.000024636095453912338,-0.0001953639045460877,0.00022000000000000003,ASIA,RANGE,1,CLOSED_1M_SOURCE;CAUSAL_ENTRY;HORIZON_EMBARGO;EXPANDING_CAUSAL_CALIBRATION;STRATEGY_BASELINE
mh-60-USDCAD-1788751620000,179,ADAPTIVE,mh-v2,BASELINE,USD/CAD,2026-09-07T03:27:00.000Z,2026-09-07T03:29:00.000Z,60,SELL,0.28125,LOSS,-0.000014473001821186062,-0.0002344730018211861,0.00022000000000000003,ASIA,RANGE,1,CLOSED_1M_SOURCE;CAUSAL_ENTRY;HORIZON_EMBARGO;EXPANDING_CAUSAL_CALIBRATION;STRATEGY_BASELINE
mh-60-USDJPY-1788751620000,180,ADAPTIVE,mh-v2,BASELINE,USD/JPY,2026-09-07T03:27:00.000Z,2026-09-07T03:29:00.000Z,60,SELL,0.35714285714285715,WIN,0.00014734619433232423,-0.0000726538056676758,0.00022000000000000003,ASIA,TREND_DOWN,1,CLOSED_1M_SOURCE;CAUSAL_ENTRY;HORIZON_EMBARGO;EXPANDING_CAUSAL_CALIBRATION;STRATEGY_BASELINE
mh-60-EURUSD-1788751800000,181,ADAPTIVE,mh-v2,BASELINE,EUR/USD,2026-09-07T03:30:00.000Z,2026-09-07T03:32:00.000Z,60,BUY,0.37,LOSS,-0.00011617407967448269,-0.00033617407967448273,0.00022000000000000003,ASIA,RANGE,1,CLOSED_1M_SOURCE;CAUSAL_ENTRY;HORIZON_EMBARGO;EXPANDING_CAUSAL_CALIBRATION;STRATEGY_BASELINE
mh-60-GBPUSD-1788751860000,182,ADAPTIVE,mh-v2,BASELINE,GBP/USD,2026-09-07T03:31:00.000Z,2026-09-07T03:33:00.000Z,60,BUY,0.37,DRAW,0,-0.00022000000000000003,0.00022000000000000003,ASIA,RANGE,1,CLOSED_1M_SOURCE;CAUSAL_ENTRY;HORIZON_EMBARGO;EXPANDING_CAUSAL_CALIBRATION;STRATEGY_BASELINE
mh-60-USDCHF-1788751920000,183,ADAPTIVE,mh-v2,BASELINE,USD/CHF,2026-09-07T03:32:00.000Z,2026-09-07T03:34:00.000Z,60,SELL,0.36633663366336633,LOSS,-0.00009867442454502046,-0.00031867442454502047,0.00022000000000000003,ASIA,RANGE,1,CLOSED_1M_SOURCE;CAUSAL_ENTRY;HORIZON_EMBARGO;EXPANDING_CAUSAL_CALIBRATION;STRATEGY_BASELINE
mh-60-USDCAD-1788751980000,184,ADAPTIVE,mh-v2,BASELINE,USD/CAD,2026-09-07T03:33:00.000Z,2026-09-07T03:35:00.000Z,60,BUY,0.5641460616687067,LOSS,-0.000014471224057100694,-0.00023447122405710074,0.00022000000000000003,ASIA,RANGE,1,CLOSED_1M_SOURCE;CAUSAL_ENTRY;HORIZON_EMBARGO;EXPANDING_CAUSAL_CALIBRATION;STRATEGY_BASELINE
mh-60-USDJPY-1788752040000,185,ADAPTIVE,mh-v2,BASELINE,USD/JPY,2026-09-07T03:34:00.000Z,2026-09-07T03:36:00.000Z,60,BUY,0.3592233009708738,LOSS,-0.00014729617683829685,-0.00036729617683829686,0.00022000000000000003,ASIA,RANGE,1,CLOSED_1M_SOURCE;CAUSAL_ENTRY;HORIZON_EMBARGO;EXPANDING_CAUSAL_CALIBRATION;STRATEGY_BASELINE
mh-60-EURUSD-1788752220000,186,ADAPTIVE,mh-v2,BASELINE,EUR/USD,2026-09-07T03:37:00.000Z,2026-09-07T03:39:00.000Z,60,SELL,0.2727272727272727,LOSS,-0.00011608493845650757,-0.0003360849384565076,0.00022000000000000003,ASIA,RANGE,1,CLOSED_1M_SOURCE;CAUSAL_ENTRY;HORIZON_EMBARGO;EXPANDING_CAUSAL_CALIBRATION;STRATEGY_BASELINE
mh-60-GBPUSD-1788752220000,187,ADAPTIVE,mh-v2,BASELINE,GBP/USD,2026-09-07T03:37:00.000Z,2026-09-07T03:39:00.000Z,60,SELL,0.4722222222222222,WIN,0.000013412284629151213,-0.00020658771537084881,0.00022000000000000003,ASIA,RANGE,1,CLOSED_1M_SOURCE;CAUSAL_ENTRY;HORIZON_EMBARGO;EXPANDING_CAUSAL_CALIBRATION;STRATEGY_BASELINE
mh-60-USDCAD-1788752400000,188,ADAPTIVE,mh-v2,BASELINE,USD/CAD,2026-09-07T03:40:00.000Z,2026-09-07T03:42:00.000Z,60,BUY,0.3557692307692308,LOSS,-0.00014454308921659455,-0.00036454308921659456,0.00022000000000000003,ASIA,RANGE,1,CLOSED_1M_SOURCE;CAUSAL_ENTRY;HORIZON_EMBARGO;EXPANDING_CAUSAL_CALIBRATION;STRATEGY_BASELINE
mh-60-USDCHF-1788752460000,189,ADAPTIVE,mh-v2,BASELINE,USD/CHF,2026-09-07T03:41:00.000Z,2026-09-07T03:43:00.000Z,60,BUY,0.3557692307692308,WIN,0.00011102026075644795,-0.00010897973924355209,0.00022000000000000003,ASIA,RANGE,1,CLOSED_1M_SOURCE;CAUSAL_ENTRY;HORIZON_EMBARGO;EXPANDING_CAUSAL_CALIBRATION;STRATEGY_BASELINE
mh-60-USDJPY-1788752520000,190,ADAPTIVE,mh-v2,BASELINE,USD/JPY,2026-09-07T03:42:00.000Z,2026-09-07T03:44:00.000Z,60,BUY,0.3523809523809524,LOSS,-0.00003195793358633201,-0.0002519579335863321,0.00022000000000000003,ASIA,RANGE,1,CLOSED_1M_SOURCE;CAUSAL_ENTRY;HORIZON_EMBARGO;EXPANDING_CAUSAL_CALIBRATION;STRATEGY_BASELINE
mh-60-GBPUSD-1788752580000,191,ADAPTIVE,mh-v2,BASELINE,GBP/USD,2026-09-07T03:43:00.000Z,2026-09-07T03:45:00.000Z,60,SELL,0.3584905660377358,LOSS,-0.00005400574366967969,-0.00027400574366967973,0.00022000000000000003,ASIA,RANGE,1,CLOSED_1M_SOURCE;CAUSAL_ENTRY;HORIZON_EMBARGO;EXPANDING_CAUSAL_CALIBRATION;STRATEGY_BASELINE
mh-60-EURUSD-1788752640000,192,ADAPTIVE,mh-v2,BASELINE,EUR/USD,2026-09-07T03:44:00.000Z,2026-09-07T03:46:00.000Z,60,SELL,0.4864864864864865,DRAW,0,-0.00022000000000000003,0.00022000000000000003,ASIA,RANGE,1,CLOSED_1M_SOURCE;CAUSAL_ENTRY;HORIZON_EMBARGO;EXPANDING_CAUSAL_CALIBRATION;STRATEGY_BASELINE
mh-60-USDCHF-1788752820000,193,ADAPTIVE,mh-v2,BASELINE,USD/CHF,2026-09-07T03:47:00.000Z,2026-09-07T03:49:00.000Z,60,BUY,0.35185185185185186,DRAW,0,-0.00022000000000000003,0.00022000000000000003,ASIA,RANGE,1,CLOSED_1M_SOURCE;CAUSAL_ENTRY;HORIZON_EMBARGO;EXPANDING_CAUSAL_CALIBRATION;STRATEGY_BASELINE
mh-60-USDJPY-1788752940000,194,ADAPTIVE,mh-v2,BASELINE,USD/JPY,2026-09-07T03:49:00.000Z,2026-09-07T03:51:00.000Z,60,BUY,0.3486238532110092,LOSS,-0.000057668858572011545,-0.00027766885857201157,0.00022000000000000003,ASIA,RANGE,1,CLOSED_1M_SOURCE;CAUSAL_ENTRY;HORIZON_EMBARGO;EXPANDING_CAUSAL_CALIBRATION;STRATEGY_BASELINE
mh-60-EURUSD-1788753000000,195,ADAPTIVE,mh-v2,BASELINE,EUR/USD,2026-09-07T03:50:00.000Z,2026-09-07T03:52:00.000Z,60,SELL,0.47368421052631576,DRAW,0,-0.00022000000000000003,0.00022000000000000003,ASIA,RANGE,1,CLOSED_1M_SOURCE;CAUSAL_ENTRY;HORIZON_EMBARGO;EXPANDING_CAUSAL_CALIBRATION;STRATEGY_BASELINE
mh-60-GBPUSD-1788753000000,196,ADAPTIVE,mh-v2,BASELINE,GBP/USD,2026-09-07T03:50:00.000Z,2026-09-07T03:52:00.000Z,60,SELL,0.3486238532110092,WIN,0.000013501618208652948,-0.00020649838179134707,0.00022000000000000003,ASIA,RANGE,1,CLOSED_1M_SOURCE;CAUSAL_ENTRY;HORIZON_EMBARGO;EXPANDING_CAUSAL_CALIBRATION;STRATEGY_BASELINE
mh-60-USDCAD-1788753120000,197,ADAPTIVE,mh-v2,BASELINE,USD/CAD,2026-09-07T03:52:00.000Z,2026-09-07T03:54:00.000Z,60,BUY,0.46153846153846156,WIN,0.000014472269967791447,-0.0002055277300322086,0.00022000000000000003,ASIA,RANGE,1,CLOSED_1M_SOURCE;CAUSAL_ENTRY;HORIZON_EMBARGO;EXPANDING_CAUSAL_CALIBRATION;STRATEGY_BASELINE
mh-60-USDCHF-1788753300000,198,ADAPTIVE,mh-v2,BASELINE,USD/CHF,2026-09-07T03:55:00.000Z,2026-09-07T03:57:00.000Z,60,BUY,0.5870750781391886,DRAW,0,-0.00022000000000000003,0.00022000000000000003,ASIA,RANGE,1,CLOSED_1M_SOURCE;CAUSAL_ENTRY;HORIZON_EMBARGO;EXPANDING_CAUSAL_CALIBRATION;STRATEGY_BASELINE
mh-60-USDJPY-1788753300000,199,ADAPTIVE,mh-v2,BASELINE,USD/JPY,2026-09-07T03:55:00.000Z,2026-09-07T03:57:00.000Z,60,SELL,0.475,WIN,0.000006354732716520164,-0.00021364526728347987,0.00022000000000000003,ASIA,RANGE,1,CLOSED_1M_SOURCE;CAUSAL_ENTRY;HORIZON_EMBARGO;EXPANDING_CAUSAL_CALIBRATION;STRATEGY_BASELINE
mh-60-EURUSD-1788753480000,200,ADAPTIVE,mh-v2,BASELINE,EUR/USD,2026-09-07T03:58:00.000Z,2026-09-07T04:00:00.000Z,60,BUY,0.4878048780487805,DRAW,0,-0.00022000000000000003,0.00022000000000000003,ASIA,RANGE,1,CLOSED_1M_SOURCE;CAUSAL_ENTRY;HORIZON_EMBARGO;EXPANDING_CAUSAL_CALIBRATION;STRATEGY_BASELINE
mh-60-GBPUSD-1788753480000,201,ADAPTIVE,mh-v3,BASELINE,GBP/USD,2026-09-07T03:58:00.000Z,2026-09-07T04:00:00.000Z,60,BUY,0.35135135135135137,WIN,0.000026999221787136725,-0.00019300077821286332,0.00022000000000000003,ASIA,RANGE,1,CLOSED_1M_SOURCE;CAUSAL_ENTRY;HORIZON_EMBARGO;EXPANDING_CAUSAL_CALIBRATION;STRATEGY_BASELINE
mh-60-USDCAD-1788753540000,202,ADAPTIVE,mh-v3,BASELINE,USD/CAD,2026-09-07T03:59:00.000Z,2026-09-07T04:01:00.000Z,60,SELL,0.5547832319021135,WIN,0.00005057557067251034,-0.00016942442932748968,0.00022000000000000003,ASIA,RANGE,1,CLOSED_1M_SOURCE;CAUSAL_ENTRY;HORIZON_EMBARGO;EXPANDING_CAUSAL_CALIBRATION;STRATEGY_BASELINE
mh-60-USDJPY-1788753660000,203,ADAPTIVE,mh-v3,BASELINE,USD/JPY,2026-09-07T04:01:00.000Z,2026-09-07T04:03:00.000Z,60,SELL,0.3181818181818182,WIN,0.000083295881145772,-0.00013670411885422803,0.00022000000000000003,ASIA,RANGE,1,CLOSED_1M_SOURCE;CAUSAL_ENTRY;HORIZON_EMBARGO;EXPANDING_CAUSAL_CALIBRATION;STRATEGY_BASELINE
mh-60-USDCHF-1788753720000,204,ADAPTIVE,mh-v3,BASELINE,USD/CHF,2026-09-07T04:02:00.000Z,2026-09-07T04:04:00.000Z,60,SELL,0.35714285714285715,WIN,0.00002470658903405399,-0.00019529341096594604,0.00022000000000000003,ASIA,RANGE,1,CLOSED_1M_SOURCE;CAUSAL_ENTRY;HORIZON_EMBARGO;EXPANDING_CAUSAL_CALIBRATION;STRATEGY_BASELINE
mh-60-EURUSD-1788753840000,205,ADAPTIVE,mh-v3,BASELINE,EUR/USD,2026-09-07T04:04:00.000Z,2026-09-07T04:06:00.000Z,60,BUY,0.36283185840707965,DRAW,0,-0.00022000000000000003,0.00022000000000000003,ASIA,RANGE,1,CLOSED_1M_SOURCE;CAUSAL_ENTRY;HORIZON_EMBARGO;EXPANDING_CAUSAL_CALIBRATION;STRATEGY_BASELINE
mh-60-GBPUSD-1788753840000,206,ADAPTIVE,mh-v3,BASELINE,GBP/USD,2026-09-07T04:04:00.000Z,2026-09-07T04:06:00.000Z,60,BUY,0.36283185840707965,LOSS,-0.000040498289542829895,-0.00026049828954282994,0.00022000000000000003,ASIA,RANGE,1,CLOSED_1M_SOURCE;CAUSAL_ENTRY;HORIZON_EMBARGO;EXPANDING_CAUSAL_CALIBRATION;STRATEGY_BASELINE
mh-60-USDCAD-1788753960000,207,ADAPTIVE,mh-v3,BASELINE,USD/CAD,2026-09-07T04:06:00.000Z,2026-09-07T04:08:00.000Z,60,BUY,0.47619047619047616,WIN,0.000028862356198695006,-0.00019113764380130504,0.00022000000000000003,ASIA,RANGE,1,CLOSED_1M_SOURCE;CAUSAL_ENTRY;HORIZON_EMBARGO;EXPANDING_CAUSAL_CALIBRATION;STRATEGY_BASELINE
mh-60-USDJPY-1788754140000,208,ADAPTIVE,mh-v3,BASELINE,USD/JPY,2026-09-07T04:09:00.000Z,2026-09-07T04:11:00.000Z,60,BUY,0.2647058823529412,WIN,0.00004486384263601564,-0.0001751361573639844,0.00022000000000000003,ASIA,RANGE,1,CLOSED_1M_SOURCE;CAUSAL_ENTRY;HORIZON_EMBARGO;EXPANDING_CAUSAL_CALIBRATION;STRATEGY_BASELINE
mh-60-EURUSD-1788754200000,209,ADAPTIVE,mh-v3,BASELINE,EUR/USD,2026-09-07T04:10:00.000Z,2026-09-07T04:12:00.000Z,60,BUY,0.4883720930232558,DRAW,0,-0.00022000000000000003,0.00022000000000000003,ASIA,RANGE,1,CLOSED_1M_SOURCE;CAUSAL_ENTRY;HORIZON_EMBARGO;EXPANDING_CAUSAL_CALIBRATION;STRATEGY_BASELINE
mh-60-USDCHF-1788754200000,210,ADAPTIVE,mh-v3,BASELINE,USD/CHF,2026-09-07T04:10:00.000Z,2026-09-07T04:12:00.000Z,60,SELL,0.4883720930232558,WIN,0.000012353598823937392,-0.00020764640117606264,0.00022000000000000003,ASIA,RANGE,1,CLOSED_1M_SOURCE;CAUSAL_ENTRY;HORIZON_EMBARGO;EXPANDING_CAUSAL_CALIBRATION;STRATEGY_BASELINE
mh-60-GBPUSD-1788754260000,211,ADAPTIVE,mh-v3,BASELINE,GBP/USD,2026-09-07T04:11:00.000Z,2026-09-07T04:13:00.000Z,60,BUY,0.3565217391304348,LOSS,-0.000013499064197226093,-0.00023349906419722612,0.00022000000000000003,ASIA,RANGE,1,CLOSED_1M_SOURCE;CAUSAL_ENTRY;HORIZON_EMBARGO;EXPANDING_CAUSAL_CALIBRATION;STRATEGY_BASELINE
mh-60-USDCAD-1788754260000,212,ADAPTIVE,mh-v3,BASELINE,USD/CAD,2026-09-07T04:11:00.000Z,2026-09-07T04:13:00.000Z,60,SELL,0.3565217391304348,LOSS,-0.000252953050242455,-0.000472953050242455,0.00022000000000000003,ASIA,RANGE,1,CLOSED_1M_SOURCE;CAUSAL_ENTRY;HORIZON_EMBARGO;EXPANDING_CAUSAL_CALIBRATION;STRATEGY_BASELINE
mh-60-EURUSD-1788754560000,213,ADAPTIVE,mh-v3,BASELINE,EUR/USD,2026-09-07T04:16:00.000Z,2026-09-07T04:18:00.000Z,60,BUY,0.4888888888888889,DRAW,0,-0.00022000000000000003,0.00022000000000000003,ASIA,RANGE,1,CLOSED_1M_SOURCE;CAUSAL_ENTRY;HORIZON_EMBARGO;EXPANDING_CAUSAL_CALIBRATION;STRATEGY_BASELINE
mh-60-USDCHF-1788754560000,214,ADAPTIVE,mh-v3,BASELINE,USD/CHF,2026-09-07T04:16:00.000Z,2026-09-07T04:18:00.000Z,60,BUY,0.34782608695652173,WIN,0.000012352379869797093,-0.00020764762013020295,0.00022000000000000003,ASIA,RANGE,1,CLOSED_1M_SOURCE;CAUSAL_ENTRY;HORIZON_EMBARGO;EXPANDING_CAUSAL_CALIBRATION;STRATEGY_BASELINE
mh-60-USDJPY-1788754560000,215,ADAPTIVE,mh-v3,BASELINE,USD/JPY,2026-09-07T04:16:00.000Z,2026-09-07T04:18:00.000Z,60,BUY,0.3504273504273504,WIN,0.00008326280752023424,-0.0001367371924797658,0.00022000000000000003,ASIA,RANGE,1,CLOSED_1M_SOURCE;CAUSAL_ENTRY;HORIZON_EMBARGO;EXPANDING_CAUSAL_CALIBRATION;STRATEGY_BASELINE
mh-60-GBPUSD-1788754620000,216,ADAPTIVE,mh-v3,BASELINE,GBP/USD,2026-09-07T04:17:00.000Z,2026-09-07T04:19:00.000Z,60,BUY,0.34782608695652173,LOSS,-0.000013587843644506717,-0.00023358784364450676,0.00022000000000000003,ASIA,RANGE,1,CLOSED_1M_SOURCE;CAUSAL_ENTRY;HORIZON_EMBARGO;EXPANDING_CAUSAL_CALIBRATION;STRATEGY_BASELINE
mh-60-USDCAD-1788754680000,217,ADAPTIVE,mh-v3,BASELINE,USD/CAD,2026-09-07T04:18:00.000Z,2026-09-07T04:20:00.000Z,60,SELL,0.3559322033898305,LOSS,-0.00027465831618082956,-0.0004946583161808296,0.00022000000000000003,ASIA,RANGE,1,CLOSED_1M_SOURCE;CAUSAL_ENTRY;HORIZON_EMBARGO;EXPANDING_CAUSAL_CALIBRATION;STRATEGY_BASELINE
mh-60-USDCHF-1788754920000,218,ADAPTIVE,mh-v3,BASELINE,USD/CHF,2026-09-07T04:22:00.000Z,2026-09-07T04:24:00.000Z,60,BUY,0.2857142857142857,LOSS,-0.00006161332959535998,-0.00028161332959536,0.00022000000000000003,ASIA,RANGE,1,CLOSED_1M_SOURCE;CAUSAL_ENTRY;HORIZON_EMBARGO;EXPANDING_CAUSAL_CALIBRATION;STRATEGY_BASELINE
mh-60-USDJPY-1788754980000,219,ADAPTIVE,mh-v3,BASELINE,USD/JPY,2026-09-07T04:23:00.000Z,2026-09-07T04:25:00.000Z,60,BUY,0.35294117647058826,WIN,0.00012166378598743942,-0.00009833621401256062,0.00022000000000000003,ASIA,TREND_UP,1,CLOSED_1M_SOURCE;CAUSAL_ENTRY;HORIZON_EMBARGO;EXPANDING_CAUSAL_CALIBRATION;STRATEGY_BASELINE
mh-60-GBPUSD-1788755040000,220,ADAPTIVE,mh-v3,BASELINE,GBP/USD,2026-09-07T04:24:00.000Z,2026-09-07T04:26:00.000Z,60,SELL,0.2777777777777778,DRAW,0,-0.00022000000000000003,0.00022000000000000003,ASIA,RANGE,1,CLOSED_1M_SOURCE;CAUSAL_ENTRY;HORIZON_EMBARGO;EXPANDING_CAUSAL_CALIBRATION;STRATEGY_BASELINE
mh-60-EURUSD-1788755280000,221,ADAPTIVE,mh-v3,BASELINE,EUR/USD,2026-09-07T04:28:00.000Z,2026-09-07T04:30:00.000Z,60,SELL,0.35833333333333334,DRAW,0,-0.00022000000000000003,0.00022000000000000003,ASIA,RANGE,1,CLOSED_1M_SOURCE;CAUSAL_ENTRY;HORIZON_EMBARGO;EXPANDING_CAUSAL_CALIBRATION;STRATEGY_BASELINE
mh-60-USDCAD-1788755340000,222,ADAPTIVE,mh-v3,BASELINE,USD/CAD,2026-09-07T04:29:00.000Z,2026-09-07T04:31:00.000Z,60,SELL,0.2702702702702703,LOSS,-0.00014458488670895242,-0.00036458488670895246,0.00022000000000000003,ASIA,RANGE,1,CLOSED_1M_SOURCE;CAUSAL_ENTRY;HORIZON_EMBARGO;EXPANDING_CAUSAL_CALIBRATION;STRATEGY_BASELINE
mh-60-USDJPY-1788755340000,223,ADAPTIVE,mh-v3,BASELINE,USD/JPY,2026-09-07T04:29:00.000Z,2026-09-07T04:31:00.000Z,60,BUY,0.35833333333333334,LOSS,-0.00005129907831678832,-0.00027129907831678835,0.00022000000000000003,ASIA,RANGE,1,CLOSED_1M_SOURCE;CAUSAL_ENTRY;HORIZON_EMBARGO;EXPANDING_CAUSAL_CALIBRATION;STRATEGY_BASELINE
mh-60-USDCHF-1788755400000,224,ADAPTIVE,mh-v3,BASELINE,USD/CHF,2026-09-07T04:30:00.000Z,2026-09-07T04:32:00.000Z,60,BUY,0.2702702702702703,WIN,0.000024704151245872257,-0.00019529584875412778,0.00022000000000000003,ASIA,RANGE,1,CLOSED_1M_SOURCE;CAUSAL_ENTRY;HORIZON_EMBARGO;EXPANDING_CAUSAL_CALIBRATION;STRATEGY_BASELINE
mh-60-GBPUSD-1788755460000,225,ADAPTIVE,mh-v3,BASELINE,GBP/USD,2026-09-07T04:31:00.000Z,2026-09-07T04:33:00.000Z,60,SELL,0.2631578947368421,WIN,0.000013500158825397945,-0.0002064998411746021,0.00022000000000000003,ASIA,RANGE,1,CLOSED_1M_SOURCE;CAUSAL_ENTRY;HORIZON_EMBARGO;EXPANDING_CAUSAL_CALIBRATION;STRATEGY_BASELINE
mh-60-EURUSD-1788755640000,226,ADAPTIVE,mh-v3,BASELINE,EUR/USD,2026-09-07T04:34:00.000Z,2026-09-07T04:36:00.000Z,60,SELL,0.3,DRAW,0,-0.00022000000000000003,0.00022000000000000003,ASIA,RANGE,1,CLOSED_1M_SOURCE;CAUSAL_ENTRY;HORIZON_EMBARGO;EXPANDING_CAUSAL_CALIBRATION;STRATEGY_BASELINE
mh-60-USDCHF-1788755760000,227,ADAPTIVE,mh-v3,BASELINE,USD/CHF,2026-09-07T04:36:00.000Z,2026-09-07T04:38:00.000Z,60,BUY,0.3524590163934426,LOSS,-0.00009865860322501888,-0.0003186586032250189,0.00022000000000000003,ASIA,RANGE,1,CLOSED_1M_SOURCE;CAUSAL_ENTRY;HORIZON_EMBARGO;EXPANDING_CAUSAL_CALIBRATION;STRATEGY_BASELINE
mh-60-GBPUSD-1788755820000,228,ADAPTIVE,mh-v3,BASELINE,GBP/USD,2026-09-07T04:37:00.000Z,2026-09-07T04:39:00.000Z,60,SELL,0.2926829268292683,DRAW,0,-0.00022000000000000003,0.00022000000000000003,ASIA,RANGE,1,CLOSED_1M_SOURCE;CAUSAL_ENTRY;HORIZON_EMBARGO;EXPANDING_CAUSAL_CALIBRATION;STRATEGY_BASELINE
mh-60-USDCAD-1788755820000,229,ADAPTIVE,mh-v3,BASELINE,USD/CAD,2026-09-07T04:37:00.000Z,2026-09-07T04:39:00.000Z,60,BUY,0.36,WIN,0.000028947886481207782,-0.00019105211351879225,0.00022000000000000003,ASIA,RANGE,1,CLOSED_1M_SOURCE;CAUSAL_ENTRY;HORIZON_EMBARGO;EXPANDING_CAUSAL_CALIBRATION;STRATEGY_BASELINE
mh-60-USDJPY-1788755880000,230,ADAPTIVE,mh-v3,BASELINE,USD/JPY,2026-09-07T04:38:00.000Z,2026-09-07T04:40:00.000Z,60,SELL,0.34959349593495936,LOSS,-0.00010252998855554208,-0.0003225299885555421,0.00022000000000000003,ASIA,RANGE,1,CLOSED_1M_SOURCE;CAUSAL_ENTRY;HORIZON_EMBARGO;EXPANDING_CAUSAL_CALIBRATION;STRATEGY_BASELINE
mh-60-EURUSD-1788756000000,231,ADAPTIVE,mh-v3,BASELINE,EUR/USD,2026-09-07T04:40:00.000Z,2026-09-07T04:42:00.000Z,60,SELL,0.3467741935483871,DRAW,0,-0.00022000000000000003,0.00022000000000000003,ASIA,RANGE,1,CLOSED_1M_SOURCE;CAUSAL_ENTRY;HORIZON_EMBARGO;EXPANDING_CAUSAL_CALIBRATION;STRATEGY_BASELINE
mh-60-GBPUSD-1788756180000,232,ADAPTIVE,mh-v3,BASELINE,GBP/USD,2026-09-07T04:43:00.000Z,2026-09-07T04:45:00.000Z,60,SELL,0.2857142857142857,WIN,0.000013588579804582104,-0.00020641142019541794,0.00022000000000000003,ASIA,RANGE,1,CLOSED_1M_SOURCE;CAUSAL_ENTRY;HORIZON_EMBARGO;EXPANDING_CAUSAL_CALIBRATION;STRATEGY_BASELINE
mh-60-USDCHF-1788756240000,233,ADAPTIVE,mh-v3,BASELINE,USD/CHF,2026-09-07T04:44:00.000Z,2026-09-07T04:46:00.000Z,60,SELL,0.4782608695652174,DRAW,0,-0.00022000000000000003,0.00022000000000000003,ASIA,RANGE,1,CLOSED_1M_SOURCE;CAUSAL_ENTRY;HORIZON_EMBARGO;EXPANDING_CAUSAL_CALIBRATION;STRATEGY_BASELINE
mh-60-USDJPY-1788756240000,234,ADAPTIVE,mh-v3,BASELINE,USD/JPY,2026-09-07T04:44:00.000Z,2026-09-07T04:46:00.000Z,60,SELL,0.344,LOSS,-0.00010254312823208804,-0.0003225431282320881,0.00022000000000000003,ASIA,TREND_DOWN,1,CLOSED_1M_SOURCE;CAUSAL_ENTRY;HORIZON_EMBARGO;EXPANDING_CAUSAL_CALIBRATION;STRATEGY_BASELINE
mh-60-USDCAD-1788756300000,235,ADAPTIVE,mh-v3,BASELINE,USD/CAD,2026-09-07T04:45:00.000Z,2026-09-07T04:47:00.000Z,60,SELL,0.38461538461538464,WIN,0.00020965462567213567,-0.00001034537432786437,0.00022000000000000003,ASIA,RANGE,1,CLOSED_1M_SOURCE;CAUSAL_ENTRY;HORIZON_EMBARGO;EXPANDING_CAUSAL_CALIBRATION;STRATEGY_BASELINE
mh-60-EURUSD-1788756480000,236,ADAPTIVE,mh-v3,BASELINE,EUR/USD,2026-09-07T04:48:00.000Z,2026-09-07T04:50:00.000Z,60,BUY,0.3412698412698413,DRAW,0,-0.00022000000000000003,0.00022000000000000003,ASIA,RANGE,1,CLOSED_1M_SOURCE;CAUSAL_ENTRY;HORIZON_EMBARGO;EXPANDING_CAUSAL_CALIBRATION;STRATEGY_BASELINE
mh-60-GBPUSD-1788756600000,237,ADAPTIVE,mh-v3,BASELINE,GBP/USD,2026-09-07T04:50:00.000Z,2026-09-07T04:52:00.000Z,60,BUY,0.33858267716535434,WIN,0.00005399698569768076,-0.00016600301430231927,0.00022000000000000003,ASIA,RANGE,1,CLOSED_1M_SOURCE;CAUSAL_ENTRY;HORIZON_EMBARGO;EXPANDING_CAUSAL_CALIBRATION;STRATEGY_BASELINE
mh-60-USDCHF-1788756600000,238,ADAPTIVE,mh-v3,BASELINE,USD/CHF,2026-09-07T04:50:00.000Z,2026-09-07T04:52:00.000Z,60,SELL,0.33858267716535434,DRAW,0,-0.00022000000000000003,0.00022000000000000003,ASIA,RANGE,1,CLOSED_1M_SOURCE;CAUSAL_ENTRY;HORIZON_EMBARGO;EXPANDING_CAUSAL_CALIBRATION;STRATEGY_BASELINE
mh-60-USDJPY-1788756600000,239,ADAPTIVE,mh-v3,BASELINE,USD/JPY,2026-09-07T04:50:00.000Z,2026-09-07T04:52:00.000Z,60,SELL,0.33858267716535434,LOSS,-0.00008330229051967137,-0.0003033022905196714,0.00022000000000000003,ASIA,TREND_DOWN,1,CLOSED_1M_SOURCE;CAUSAL_ENTRY;HORIZON_EMBARGO;EXPANDING_CAUSAL_CALIBRATION;STRATEGY_BASELINE
mh-60-USDCAD-1788756780000,240,ADAPTIVE,mh-v3,BASELINE,USD/CAD,2026-09-07T04:53:00.000Z,2026-09-07T04:55:00.000Z,60,BUY,0.4074074074074074,LOSS,-0.0000072374947722024365,-0.00022723749477220246,0.00022000000000000003,ASIA,RANGE,1,CLOSED_1M_SOURCE;CAUSAL_ENTRY;HORIZON_EMBARGO;EXPANDING_CAUSAL_CALIBRATION;STRATEGY_BASELINE
mh-60-EURUSD-1788756840000,241,ADAPTIVE,mh-v3,BASELINE,EUR/USD,2026-09-07T04:54:00.000Z,2026-09-07T04:56:00.000Z,60,BUY,0.46808510638297873,DRAW,0,-0.00022000000000000003,0.00022000000000000003,ASIA,RANGE,1,CLOSED_1M_SOURCE;CAUSAL_ENTRY;HORIZON_EMBARGO;EXPANDING_CAUSAL_CALIBRATION;STRATEGY_BASELINE
mh-60-GBPUSD-1788756960000,242,ADAPTIVE,mh-v3,BASELINE,GBP/USD,2026-09-07T04:56:00.000Z,2026-09-07T04:58:00.000Z,60,BUY,0.3384615384615385,LOSS,-0.000013497969746550474,-0.00023349796974655052,0.00022000000000000003,ASIA,RANGE,1,CLOSED_1M_SOURCE;CAUSAL_ENTRY;HORIZON_EMBARGO;EXPANDING_CAUSAL_CALIBRATION;STRATEGY_BASELINE
mh-60-USDCHF-1788756960000,243,ADAPTIVE,mh-v3,BASELINE,USD/CHF,2026-09-07T04:56:00.000Z,2026-09-07T04:58:00.000Z,60,SELL,0.3384615384615385,WIN,0.00003699319597311043,-0.0001830068040268896,0.00022000000000000003,ASIA,RANGE,1,CLOSED_1M_SOURCE;CAUSAL_ENTRY;HORIZON_EMBARGO;EXPANDING_CAUSAL_CALIBRATION;STRATEGY_BASELINE
mh-60-USDJPY-1788757080000,244,ADAPTIVE,mh-v3,BASELINE,USD/JPY,2026-09-07T04:58:00.000Z,2026-09-07T05:00:00.000Z,60,SELL,0.3409090909090909,LOSS,-0.00005769509842001484,-0.00027769509842001487,0.00022000000000000003,ASIA,TREND_DOWN,1,CLOSED_1M_SOURCE;CAUSAL_ENTRY;HORIZON_EMBARGO;EXPANDING_CAUSAL_CALIBRATION;STRATEGY_BASELINE
mh-60-USDCAD-1788757140000,245,ADAPTIVE,mh-v3,BASELINE,USD/CAD,2026-09-07T04:59:00.000Z,2026-09-07T05:01:00.000Z,60,SELL,0.39285714285714285,LOSS,-0.00007220262641792431,-0.00029220262641792435,0.00022000000000000003,ASIA,RANGE,1,CLOSED_1M_SOURCE;CAUSAL_ENTRY;HORIZON_EMBARGO;EXPANDING_CAUSAL_CALIBRATION;STRATEGY_BASELINE
mh-60-EURUSD-1788757200000,246,ADAPTIVE,mh-v3,BASELINE,EUR/USD,2026-09-07T05:00:00.000Z,2026-09-07T05:02:00.000Z,60,BUY,0.3383458646616541,DRAW,0,-0.00022000000000000003,0.00022000000000000003,ASIA,RANGE,1,CLOSED_1M_SOURCE;CAUSAL_ENTRY;HORIZON_EMBARGO;EXPANDING_CAUSAL_CALIBRATION;STRATEGY_BASELINE
mh-60-GBPUSD-1788757320000,247,ADAPTIVE,mh-v3,BASELINE,GBP/USD,2026-09-07T05:02:00.000Z,2026-09-07T05:04:00.000Z,60,BUY,0.3358208955223881,WIN,0.00006757990110219643,-0.0001524200988978036,0.00022000000000000003,ASIA,RANGE,1,CLOSED_1M_SOURCE;CAUSAL_ENTRY;HORIZON_EMBARGO;EXPANDING_CAUSAL_CALIBRATION;STRATEGY_BASELINE
mh-60-USDCHF-1788757380000,248,ADAPTIVE,mh-v3,BASELINE,USD/CHF,2026-09-07T05:03:00.000Z,2026-09-07T05:05:00.000Z,60,SELL,0.3023255813953488,WIN,0.000012354666287594127,-0.00020764533371240592,0.00022000000000000003,ASIA,RANGE,1,CLOSED_1M_SOURCE;CAUSAL_ENTRY;HORIZON_EMBARGO;EXPANDING_CAUSAL_CALIBRATION;STRATEGY_BASELINE
mh-60-EURUSD-1788757620000,249,ADAPTIVE,mh-v3,BASELINE,EUR/USD,2026-09-07T05:07:00.000Z,2026-09-07T05:09:00.000Z,60,BUY,0.3181818181818182,LOSS,-0.00011608493845650757,-0.0003360849384565076,0.00022000000000000003,ASIA,RANGE,1,CLOSED_1M_SOURCE;CAUSAL_ENTRY;HORIZON_EMBARGO;EXPANDING_CAUSAL_CALIBRATION;STRATEGY_BASELINE
mh-60-USDCAD-1788757620000,250,ADAPTIVE,mh-v3,BASELINE,USD/CAD,2026-09-07T05:07:00.000Z,2026-09-07T05:09:00.000Z,60,SELL,0.3793103448275862,LOSS,-0.00005781379752556947,-0.0002778137975255695,0.00022000000000000003,ASIA,RANGE,1,CLOSED_1M_SOURCE;CAUSAL_ENTRY;HORIZON_EMBARGO;EXPANDING_CAUSAL_CALIBRATION;STRATEGY_BASELINE
mh-60-USDJPY-1788757620000,251,ADAPTIVE,mh-v3,BASELINE,USD/JPY,2026-09-07T05:07:00.000Z,2026-09-07T05:09:00.000Z,60,SELL,0.4583333333333333,LOSS,-0.00015378453173978796,-0.000373784531739788,0.00022000000000000003,ASIA,RANGE,1,CLOSED_1M_SOURCE;CAUSAL_ENTRY;HORIZON_EMBARGO;EXPANDING_CAUSAL_CALIBRATION;STRATEGY_BASELINE
mh-60-GBPUSD-1788757680000,252,ADAPTIVE,mh-v3,BASELINE,GBP/USD,2026-09-07T05:08:00.000Z,2026-09-07T05:10:00.000Z,60,SELL,0.4583333333333333,LOSS,-0.000026997399515193757,-0.0002469973995151938,0.00022000000000000003,ASIA,RANGE,1,CLOSED_1M_SOURCE;CAUSAL_ENTRY;HORIZON_EMBARGO;EXPANDING_CAUSAL_CALIBRATION;STRATEGY_BASELINE
mh-60-USDCHF-1788757740000,253,ADAPTIVE,mh-v3,BASELINE,USD/CHF,2026-09-07T05:09:00.000Z,2026-09-07T05:11:00.000Z,60,BUY,0.4489795918367347,LOSS,-0.00007404805961729139,-0.00029404805961729145,0.00022000000000000003,ASIA,RANGE,1,CLOSED_1M_SOURCE;CAUSAL_ENTRY;HORIZON_EMBARGO;EXPANDING_CAUSAL_CALIBRATION;STRATEGY_BASELINE
mh-60-EURUSD-1788758100000,254,ADAPTIVE,mh-v3,BASELINE,EUR/USD,2026-09-07T05:15:00.000Z,2026-09-07T05:17:00.000Z,60,SELL,0.43137254901960786,DRAW,0,-0.00022000000000000003,0.00022000000000000003,ASIA,RANGE,1,CLOSED_1M_SOURCE;CAUSAL_ENTRY;HORIZON_EMBARGO;EXPANDING_CAUSAL_CALIBRATION;STRATEGY_BASELINE
mh-60-USDJPY-1788758100000,255,ADAPTIVE,mh-v3,BASELINE,USD/JPY,2026-09-07T05:15:00.000Z,2026-09-07T05:17:00.000Z,60,BUY,0.43137254901960786,WIN,0.00008329428506374115,-0.0001367057149362589,0.00022000000000000003,ASIA,RANGE,1,CLOSED_1M_SOURCE;CAUSAL_ENTRY;HORIZON_EMBARGO;EXPANDING_CAUSAL_CALIBRATION;STRATEGY_BASELINE
mh-60-GBPUSD-1788758160000,256,ADAPTIVE,mh-v3,BASELINE,GBP/USD,2026-09-07T05:16:00.000Z,2026-09-07T05:18:00.000Z,60,SELL,0.34074074074074073,WIN,0.00001349924642442019,-0.00020650075357557984,0.00022000000000000003,ASIA,RANGE,1,CLOSED_1M_SOURCE;CAUSAL_ENTRY;HORIZON_EMBARGO;EXPANDING_CAUSAL_CALIBRATION;STRATEGY_BASELINE
mh-60-USDCAD-1788758220000,257,ADAPTIVE,mh-v3,BASELINE,USD/CAD,2026-09-07T05:17:00.000Z,2026-09-07T05:19:00.000Z,60,BUY,0.3111111111111111,LOSS,-0.000043423397250161674,-0.00026342339725016174,0.00022000000000000003,ASIA,RANGE,1,CLOSED_1M_SOURCE;CAUSAL_ENTRY;HORIZON_EMBARGO;EXPANDING_CAUSAL_CALIBRATION;STRATEGY_BASELINE
mh-60-USDCHF-1788758220000,258,ADAPTIVE,mh-v3,BASELINE,USD/CHF,2026-09-07T05:17:00.000Z,2026-09-07T05:19:00.000Z,60,BUY,0.34074074074074073,LOSS,-0.000024633057519071686,-0.0002446330575190717,0.00022000000000000003,ASIA,RANGE,1,CLOSED_1M_SOURCE;CAUSAL_ENTRY;HORIZON_EMBARGO;EXPANDING_CAUSAL_CALIBRATION;STRATEGY_BASELINE
mh-60-EURUSD-1788758460000,259,ADAPTIVE,mh-v3,BASELINE,EUR/USD,2026-09-07T05:21:00.000Z,2026-09-07T05:23:00.000Z,60,SELL,0.30434782608695654,DRAW,0,-0.00022000000000000003,0.00022000000000000003,ASIA,RANGE,1,CLOSED_1M_SOURCE;CAUSAL_ENTRY;HORIZON_EMBARGO;EXPANDING_CAUSAL_CALIBRATION;STRATEGY_BASELINE
mh-60-USDJPY-1788758460000,260,ADAPTIVE,mh-v3,BASELINE,USD/JPY,2026-09-07T05:21:00.000Z,2026-09-07T05:23:00.000Z,60,BUY,0.4339622641509434,WIN,0.00003206572691927551,-0.00018793427308072452,0.00022000000000000003,ASIA,RANGE,1,CLOSED_1M_SOURCE;CAUSAL_ENTRY;HORIZON_EMBARGO;EXPANDING_CAUSAL_CALIBRATION;STRATEGY_BASELINE
mh-60-GBPUSD-1788758520000,261,ADAPTIVE,mh-v3,BASELINE,GBP/USD,2026-09-07T05:22:00.000Z,2026-09-07T05:24:00.000Z,60,SELL,0.30434782608695654,LOSS,-0.000013499064197226093,-0.00023349906419722612,0.00022000000000000003,ASIA,RANGE,1,CLOSED_1M_SOURCE;CAUSAL_ENTRY;HORIZON_EMBARGO;EXPANDING_CAUSAL_CALIBRATION;STRATEGY_BASELINE
mh-60-USDCHF-1788758580000,262,ADAPTIVE,mh-v3,BASELINE,USD/CHF,2026-09-07T05:23:00.000Z,2026-09-07T05:25:00.000Z,60,BUY,0.34306569343065696,LOSS,-0.000049334778232084175,-0.0002693347782320842,0.00022000000000000003,ASIA,RANGE,1,CLOSED_1M_SOURCE;CAUSAL_ENTRY;HORIZON_EMBARGO;EXPANDING_CAUSAL_CALIBRATION;STRATEGY_BASELINE
mh-60-USDCAD-1788758760000,263,ADAPTIVE,mh-v3,BASELINE,USD/CAD,2026-09-07T05:26:00.000Z,2026-09-07T05:28:00.000Z,60,SELL,0.2916666666666667,LOSS,-0.00011562007381592164,-0.0003356200738159217,0.00022000000000000003,ASIA,RANGE,1,CLOSED_1M_SOURCE;CAUSAL_ENTRY;HORIZON_EMBARGO;EXPANDING_CAUSAL_CALIBRATION;STRATEGY_BASELINE
mh-60-EURUSD-1788758820000,264,ADAPTIVE,mh-v3,BASELINE,EUR/USD,2026-09-07T05:27:00.000Z,2026-09-07T05:29:00.000Z,60,SELL,0.4444444444444444,DRAW,0,-0.00022000000000000003,0.00022000000000000003,ASIA,RANGE,1,CLOSED_1M_SOURCE;CAUSAL_ENTRY;HORIZON_EMBARGO;EXPANDING_CAUSAL_CALIBRATION;STRATEGY_BASELINE
mh-60-USDJPY-1788758820000,265,ADAPTIVE,mh-v3,BASELINE,USD/JPY,2026-09-07T05:27:00.000Z,2026-09-07T05:29:00.000Z,60,BUY,0.4444444444444444,LOSS,-0.00010245128382798664,-0.0003224512838279867,0.00022000000000000003,ASIA,RANGE,1,CLOSED_1M_SOURCE;CAUSAL_ENTRY;HORIZON_EMBARGO;EXPANDING_CAUSAL_CALIBRATION;STRATEGY_BASELINE
mh-60-GBPUSD-1788758940000,266,ADAPTIVE,mh-v3,BASELINE,GBP/USD,2026-09-07T05:29:00.000Z,2026-09-07T05:31:00.000Z,60,BUY,0.34057971014492755,WIN,0.0000405815834951524,-0.00017941841650484763,0.00022000000000000003,ASIA,RANGE,1,CLOSED_1M_SOURCE;CAUSAL_ENTRY;HORIZON_EMBARGO;EXPANDING_CAUSAL_CALIBRATION;STRATEGY_BASELINE
mh-60-USDCHF-1788758940000,267,ADAPTIVE,mh-v3,BASELINE,USD/CHF,2026-09-07T05:29:00.000Z,2026-09-07T05:31:00.000Z,60,SELL,0.42857142857142855,LOSS,-0.000049340861969416605,-0.00026934086196941665,0.00022000000000000003,ASIA,RANGE,1,CLOSED_1M_SOURCE;CAUSAL_ENTRY;HORIZON_EMBARGO;EXPANDING_CAUSAL_CALIBRATION;STRATEGY_BASELINE
mh-60-USDCAD-1788759120000,268,ADAPTIVE,mh-v3,BASELINE,USD/CAD,2026-09-07T05:32:00.000Z,2026-09-07T05:34:00.000Z,60,BUY,0.36666666666666664,LOSS,-0.00003618564060731912,-0.00025618564060731917,0.00022000000000000003,ASIA,RANGE,1,CLOSED_1M_SOURCE;CAUSAL_ENTRY;HORIZON_EMBARGO;EXPANDING_CAUSAL_CALIBRATION;STRATEGY_BASELINE
mh-60-EURUSD-1788759240000,269,ADAPTIVE,mh-v3,BASELINE,EUR/USD,2026-09-07T05:34:00.000Z,2026-09-07T05:36:00.000Z,60,SELL,0.34532374100719426,LOSS,-0.00011608493845650757,-0.0003360849384565076,0.00022000000000000003,ASIA,RANGE,1,CLOSED_1M_SOURCE;CAUSAL_ENTRY;HORIZON_EMBARGO;EXPANDING_CAUSAL_CALIBRATION;STRATEGY_BASELINE
mh-60-USDJPY-1788759240000,270,ADAPTIVE,mh-v3,BASELINE,USD/JPY,2026-09-07T05:34:00.000Z,2026-09-07T05:36:00.000Z,60,SELL,0.34532374100719426,WIN,0.0002885052804586344,0.00006850528045863435,0.00022000000000000003,ASIA,RANGE,1,CLOSED_1M_SOURCE;CAUSAL_ENTRY;HORIZON_EMBARGO;EXPANDING_CAUSAL_CALIBRATION;STRATEGY_BASELINE
mh-60-GBPUSD-1788759300000,271,ADAPTIVE,mh-v3,BASELINE,GBP/USD,2026-09-07T05:35:00.000Z,2026-09-07T05:37:00.000Z,60,BUY,0.42105263157894735,WIN,0.00008098343888674766,-0.00013901656111325238,0.00022000000000000003,ASIA,RANGE,1,CLOSED_1M_SOURCE;CAUSAL_ENTRY;HORIZON_EMBARGO;EXPANDING_CAUSAL_CALIBRATION;STRATEGY_BASELINE
mh-60-USDCHF-1788759360000,272,ADAPTIVE,mh-v3,BASELINE,USD/CHF,2026-09-07T05:36:00.000Z,2026-09-07T05:38:00.000Z,60,SELL,0.3475177304964539,LOSS,-0.00009869025094018643,-0.00031869025094018644,0.00022000000000000003,ASIA,RANGE,1,CLOSED_1M_SOURCE;CAUSAL_ENTRY;HORIZON_EMBARGO;EXPANDING_CAUSAL_CALIBRATION;STRATEGY_BASELINE
mh-60-USDCAD-1788759540000,273,ADAPTIVE,mh-v3,BASELINE,USD/CAD,2026-09-07T05:39:00.000Z,2026-09-07T05:41:00.000Z,60,BUY,0.2857142857142857,WIN,0.00008677318196827427,-0.00013322681803172576,0.00022000000000000003,ASIA,RANGE,1,CLOSED_1M_SOURCE;CAUSAL_ENTRY;HORIZON_EMBARGO;EXPANDING_CAUSAL_CALIBRATION;STRATEGY_BASELINE
mh-60-EURUSD-1788759600000,274,ADAPTIVE,mh-v3,BASELINE,EUR/USD,2026-09-07T05:40:00.000Z,2026-09-07T05:42:00.000Z,60,BUY,0.43103448275862066,DRAW,0,-0.00022000000000000003,0.00022000000000000003,ASIA,RANGE,1,CLOSED_1M_SOURCE;CAUSAL_ENTRY;HORIZON_EMBARGO;EXPANDING_CAUSAL_CALIBRATION;STRATEGY_BASELINE
mh-60-USDJPY-1788759600000,275,ADAPTIVE,mh-v3,BASELINE,USD/JPY,2026-09-07T05:40:00.000Z,2026-09-07T05:42:00.000Z,60,SELL,0.2857142857142857,WIN,0.0000128127308858996,-0.00020718726911410042,0.00022000000000000003,ASIA,TREND_DOWN,1,CLOSED_1M_SOURCE;CAUSAL_ENTRY;HORIZON_EMBARGO;EXPANDING_CAUSAL_CALIBRATION;STRATEGY_BASELINE
mh-60-GBPUSD-1788759720000,276,ADAPTIVE,mh-v3,BASELINE,GBP/USD,2026-09-07T05:42:00.000Z,2026-09-07T05:44:00.000Z,60,BUY,0.34507042253521125,LOSS,-0.000013496146850074304,-0.00023349614685007434,0.00022000000000000003,ASIA,RANGE,1,CLOSED_1M_SOURCE;CAUSAL_ENTRY;HORIZON_EMBARGO;EXPANDING_CAUSAL_CALIBRATION;STRATEGY_BASELINE
mh-60-USDCHF-1788759780000,277,ADAPTIVE,mh-v3,BASELINE,USD/CHF,2026-09-07T05:43:00.000Z,2026-09-07T05:45:00.000Z,60,BUY,0.3137254901960784,LOSS,-0.000012279157152770803,-0.00023227915715277083,0.00022000000000000003,ASIA,RANGE,1,CLOSED_1M_SOURCE;CAUSAL_ENTRY;HORIZON_EMBARGO;EXPANDING_CAUSAL_CALIBRATION;STRATEGY_BASELINE
mh-60-EURUSD-1788759960000,278,ADAPTIVE,mh-v3,BASELINE,EUR/USD,2026-09-07T05:46:00.000Z,2026-09-07T05:48:00.000Z,60,BUY,0.3076923076923077,DRAW,0,-0.00022000000000000003,0.00022000000000000003,ASIA,RANGE,1,CLOSED_1M_SOURCE;CAUSAL_ENTRY;HORIZON_EMBARGO;EXPANDING_CAUSAL_CALIBRATION;STRATEGY_BASELINE
mh-60-USDJPY-1788759960000,279,ADAPTIVE,mh-v3,BASELINE,USD/JPY,2026-09-07T05:46:00.000Z,2026-09-07T05:48:00.000Z,60,SELL,0.34265734265734266,WIN,0.00010262267959262415,-0.00011737732040737588,0.00022000000000000003,ASIA,TREND_DOWN,1,CLOSED_1M_SOURCE;CAUSAL_ENTRY;HORIZON_EMBARGO;EXPANDING_CAUSAL_CALIBRATION;STRATEGY_BASELINE
mh-60-GBPUSD-1788760080000,280,ADAPTIVE,mh-v3,BASELINE,GBP/USD,2026-09-07T05:48:00.000Z,2026-09-07T05:50:00.000Z,60,BUY,0.3472222222222222,DRAW,0,-0.00022000000000000003,0.00022000000000000003,ASIA,RANGE,1,CLOSED_1M_SOURCE;CAUSAL_ENTRY;HORIZON_EMBARGO;EXPANDING_CAUSAL_CALIBRATION;STRATEGY_BASELINE
mh-60-USDCHF-1788760260000,281,ADAPTIVE,mh-v3,BASELINE,USD/CHF,2026-09-07T05:51:00.000Z,2026-09-07T05:53:00.000Z,60,SELL,0.3548387096774194,WIN,0.00006169826723468293,-0.0001583017327653171,0.00022000000000000003,ASIA,RANGE,1,CLOSED_1M_SOURCE;CAUSAL_ENTRY;HORIZON_EMBARGO;EXPANDING_CAUSAL_CALIBRATION;STRATEGY_BASELINE
mh-60-USDCAD-1788760320000,282,ADAPTIVE,mh-v3,BASELINE,USD/CAD,2026-09-07T05:52:00.000Z,2026-09-07T05:54:00.000Z,60,SELL,0.3018867924528302,WIN,0.000014476663446183521,-0.00020552333655381652,0.00022000000000000003,ASIA,RANGE,1,CLOSED_1M_SOURCE;CAUSAL_ENTRY;HORIZON_EMBARGO;EXPANDING_CAUSAL_CALIBRATION;STRATEGY_BASELINE
mh-60-USDJPY-1788760320000,283,ADAPTIVE,mh-v3,BASELINE,USD/JPY,2026-09-07T05:52:00.000Z,2026-09-07T05:54:00.000Z,60,SELL,0.3448275862068966,WIN,0.00010903679110792245,-0.00011096320889207759,0.00022000000000000003,ASIA,TREND_DOWN,1,CLOSED_1M_SOURCE;CAUSAL_ENTRY;HORIZON_EMBARGO;EXPANDING_CAUSAL_CALIBRATION;STRATEGY_BASELINE
mh-60-GBPUSD-1788760440000,284,ADAPTIVE,mh-v3,BASELINE,GBP/USD,2026-09-07T05:54:00.000Z,2026-09-07T05:56:00.000Z,60,BUY,0.3493150684931507,WIN,0.0000675634613625645,-0.00015243653863743553,0.00022000000000000003,ASIA,RANGE,1,CLOSED_1M_SOURCE;CAUSAL_ENTRY;HORIZON_EMBARGO;EXPANDING_CAUSAL_CALIBRATION;STRATEGY_BASELINE
mh-60-EURUSD-1788760500000,285,ADAPTIVE,mh-v3,BASELINE,EUR/USD,2026-09-07T05:55:00.000Z,2026-09-07T05:57:00.000Z,60,BUY,0.3493150684931507,DRAW,0,-0.00022000000000000003,0.00022000000000000003,ASIA,RANGE,1,CLOSED_1M_SOURCE;CAUSAL_ENTRY;HORIZON_EMBARGO;EXPANDING_CAUSAL_CALIBRATION;STRATEGY_BASELINE
mh-60-USDCAD-1788760620000,286,ADAPTIVE,mh-v3,BASELINE,USD/CAD,2026-09-07T05:57:00.000Z,2026-09-07T05:59:00.000Z,60,SELL,0.35135135135135137,WIN,0.00002896065384881918,-0.00019103934615118085,0.00022000000000000003,ASIA,RANGE,1,CLOSED_1M_SOURCE;CAUSAL_ENTRY;HORIZON_EMBARGO;EXPANDING_CAUSAL_CALIBRATION;STRATEGY_BASELINE
mh-60-USDJPY-1788760680000,287,ADAPTIVE,mh-v3,BASELINE,USD/JPY,2026-09-07T05:58:00.000Z,2026-09-07T06:00:00.000Z,60,SELL,0.35135135135135137,WIN,0.000032124385621125,-0.00018787561437887503,0.00022000000000000003,ASIA,TREND_DOWN,1,CLOSED_1M_SOURCE;CAUSAL_ENTRY;HORIZON_EMBARGO;EXPANDING_CAUSAL_CALIBRATION;STRATEGY_BASELINE
mh-60-USDCHF-1788760740000,288,ADAPTIVE,mh-v3,BASELINE,USD/CHF,2026-09-07T05:59:00.000Z,2026-09-07T06:01:00.000Z,60,SELL,0.35570469798657717,LOSS,-0.0003084532741083439,-0.000528453274108344,0.00022000000000000003,ASIA,RANGE,1,CLOSED_1M_SOURCE;CAUSAL_ENTRY;HORIZON_EMBARGO;EXPANDING_CAUSAL_CALIBRATION;STRATEGY_BASELINE
mh-60-EURUSD-1788760800000,289,ADAPTIVE,mh-v3,BASELINE,EUR/USD,2026-09-07T06:00:00.000Z,2026-09-07T06:02:00.000Z,60,BUY,0.3148148148148148,DRAW,0,-0.00022000000000000003,0.00022000000000000003,ASIA,RANGE,1,CLOSED_1M_SOURCE;CAUSAL_ENTRY;HORIZON_EMBARGO;EXPANDING_CAUSAL_CALIBRATION;STRATEGY_BASELINE
mh-60-GBPUSD-1788760800000,290,ADAPTIVE,mh-v3,BASELINE,GBP/USD,2026-09-07T06:00:00.000Z,2026-09-07T06:02:00.000Z,60,BUY,0.36,LOSS,-0.00016216796791984265,-0.0003821679679198427,0.00022000000000000003,ASIA,RANGE,1,CLOSED_1M_SOURCE;CAUSAL_ENTRY;HORIZON_EMBARGO;EXPANDING_CAUSAL_CALIBRATION;STRATEGY_BASELINE
mh-60-USDCAD-1788761100000,291,ADAPTIVE,mh-v3,BASELINE,USD/CAD,2026-09-07T06:05:00.000Z,2026-09-07T06:07:00.000Z,60,SELL,0.375,LOSS,-0.000007238959251381306,-0.00022723895925138134,0.00022000000000000003,ASIA,RANGE,1,CLOSED_1M_SOURCE;CAUSAL_ENTRY;HORIZON_EMBARGO;EXPANDING_CAUSAL_CALIBRATION;STRATEGY_BASELINE
mh-60-USDCHF-1788761100000,292,ADAPTIVE,mh-v3,BASELINE,USD/CHF,2026-09-07T06:05:00.000Z,2026-09-07T06:07:00.000Z,60,BUY,0.423728813559322,WIN,0.00013572243042552805,-0.00008427756957447198,0.00022000000000000003,ASIA,RANGE,1,CLOSED_1M_SOURCE;CAUSAL_ENTRY;HORIZON_EMBARGO;EXPANDING_CAUSAL_CALIBRATION;STRATEGY_BASELINE
mh-60-EURUSD-1788761160000,293,ADAPTIVE,mh-v3,BASELINE,EUR/USD,2026-09-07T06:06:00.000Z,2026-09-07T06:08:00.000Z,60,SELL,0.3090909090909091,DRAW,0,-0.00022000000000000003,0.00022000000000000003,ASIA,RANGE,1,CLOSED_1M_SOURCE;CAUSAL_ENTRY;HORIZON_EMBARGO;EXPANDING_CAUSAL_CALIBRATION;STRATEGY_BASELINE
mh-60-USDJPY-1788761160000,294,ADAPTIVE,mh-v3,BASELINE,USD/JPY,2026-09-07T06:06:00.000Z,2026-09-07T06:08:00.000Z,60,SELL,0.35526315789473684,WIN,0.00019899532821253328,-0.00002100467178746675,0.00022000000000000003,ASIA,TREND_DOWN,1,CLOSED_1M_SOURCE;CAUSAL_ENTRY;HORIZON_EMBARGO;EXPANDING_CAUSAL_CALIBRATION;STRATEGY_BASELINE
mh-60-GBPUSD-1788761220000,295,ADAPTIVE,mh-v3,BASELINE,GBP/USD,2026-09-07T06:07:00.000Z,2026-09-07T06:09:00.000Z,60,BUY,0.35526315789473684,WIN,0.00006746978345903732,-0.0001525302165409627,0.00022000000000000003,ASIA,RANGE,1,CLOSED_1M_SOURCE;CAUSAL_ENTRY;HORIZON_EMBARGO;EXPANDING_CAUSAL_CALIBRATION;STRATEGY_BASELINE
mh-60-USDCHF-1788761520000,296,ADAPTIVE,mh-v3,BASELINE,USD/CHF,2026-09-07T06:12:00.000Z,2026-09-07T06:14:00.000Z,60,BUY,0.43333333333333335,WIN,0.00006167924425796745,-0.00015832075574203258,0.00022000000000000003,ASIA,RANGE,1,CLOSED_1M_SOURCE;CAUSAL_ENTRY;HORIZON_EMBARGO;EXPANDING_CAUSAL_CALIBRATION;STRATEGY_BASELINE
mh-60-USDJPY-1788761520000,297,ADAPTIVE,mh-v3,BASELINE,USD/JPY,2026-09-07T06:12:00.000Z,2026-09-07T06:14:00.000Z,60,SELL,0.43333333333333335,LOSS,-0.00022459409072778864,-0.00044459409072778865,0.00022000000000000003,ASIA,RANGE,1,CLOSED_1M_SOURCE;CAUSAL_ENTRY;HORIZON_EMBARGO;EXPANDING_CAUSAL_CALIBRATION;STRATEGY_BASELINE
mh-60-USDCAD-1788761640000,298,ADAPTIVE,mh-v3,BASELINE,USD/CAD,2026-09-07T06:14:00.000Z,2026-09-07T06:16:00.000Z,60,SELL,0.30357142857142855,LOSS,-0.0002963407475680067,-0.0005163407475680067,0.00022000000000000003,ASIA,RANGE,1,CLOSED_1M_SOURCE;CAUSAL_ENTRY;HORIZON_EMBARGO;EXPANDING_CAUSAL_CALIBRATION;STRATEGY_BASELINE
mh-60-EURUSD-1788761760000,299,ADAPTIVE,mh-v3,BASELINE,EUR/USD,2026-09-07T06:16:00.000Z,2026-09-07T06:18:00.000Z,60,BUY,0.2982456140350877,DRAW,0,-0.00022000000000000003,0.00022000000000000003,ASIA,RANGE,1,CLOSED_1M_SOURCE;CAUSAL_ENTRY;HORIZON_EMBARGO;EXPANDING_CAUSAL_CALIBRATION;STRATEGY_BASELINE
mh-60-GBPUSD-1788761760000,300,ADAPTIVE,mh-v3,BASELINE,GBP/USD,2026-09-07T06:16:00.000Z,2026-09-07T06:18:00.000Z,60,BUY,0.43548387096774194,WIN,0.00005414417199716334,-0.0001658558280028367,0.00022000000000000003,ASIA,RANGE,1,CLOSED_1M_SOURCE;CAUSAL_ENTRY;HORIZON_EMBARGO;EXPANDING_CAUSAL_CALIBRATION;STRATEGY_BASELINE
mh-60-USDCHF-1788761880000,301,ADAPTIVE,mh-v4,BASELINE,USD/CHF,2026-09-07T06:18:00.000Z,2026-09-07T06:20:00.000Z,60,BUY,0.29310344827586204,LOSS,-0.00013572912642646092,-0.00035572912642646093,0.00022000000000000003,ASIA,RANGE,1,CLOSED_1M_SOURCE;CAUSAL_ENTRY;HORIZON_EMBARGO;EXPANDING_CAUSAL_CALIBRATION;STRATEGY_BASELINE
mh-60-USDJPY-1788762000000,302,ADAPTIVE,mh-v4,BASELINE,USD/JPY,2026-09-07T06:20:00.000Z,2026-09-07T06:22:00.000Z,60,SELL,0.36363636363636365,WIN,0.0001798045137889975,-0.000040195486211002534,0.00022000000000000003,ASIA,RANGE,1,CLOSED_1M_SOURCE;CAUSAL_ENTRY;HORIZON_EMBARGO;EXPANDING_CAUSAL_CALIBRATION;STRATEGY_BASELINE
mh-60-GBPUSD-1788762120000,303,ADAPTIVE,mh-v4,BASELINE,GBP/USD,2026-09-07T06:22:00.000Z,2026-09-07T06:24:00.000Z,60,BUY,0.36774193548387096,DRAW,0,-0.00022000000000000003,0.00022000000000000003,ASIA,TREND_UP,1,CLOSED_1M_SOURCE;CAUSAL_ENTRY;HORIZON_EMBARGO;EXPANDING_CAUSAL_CALIBRATION;STRATEGY_BASELINE
mh-60-EURUSD-1788762240000,304,ADAPTIVE,mh-v4,BASELINE,EUR/USD,2026-09-07T06:24:00.000Z,2026-09-07T06:26:00.000Z,60,BUY,0.36538461538461536,DRAW,0,-0.00022000000000000003,0.00022000000000000003,ASIA,RANGE,1,CLOSED_1M_SOURCE;CAUSAL_ENTRY;HORIZON_EMBARGO;EXPANDING_CAUSAL_CALIBRATION;STRATEGY_BASELINE
mh-60-USDCAD-1788762240000,305,ADAPTIVE,mh-v4,BASELINE,USD/CAD,2026-09-07T06:24:00.000Z,2026-09-07T06:26:00.000Z,60,SELL,0.4444444444444444,LOSS,-0.000057829677207841844,-0.0002778296772078419,0.00022000000000000003,ASIA,RANGE,1,CLOSED_1M_SOURCE;CAUSAL_ENTRY;HORIZON_EMBARGO;EXPANDING_CAUSAL_CALIBRATION;STRATEGY_BASELINE
mh-60-USDCHF-1788762300000,306,ADAPTIVE,mh-v4,BASELINE,USD/CHF,2026-09-07T06:25:00.000Z,2026-09-07T06:27:00.000Z,60,SELL,0.36538461538461536,WIN,0.000024639135950367513,-0.00019536086404963252,0.00022000000000000003,ASIA,RANGE,1,CLOSED_1M_SOURCE;CAUSAL_ENTRY;HORIZON_EMBARGO;EXPANDING_CAUSAL_CALIBRATION;STRATEGY_BASELINE
mh-60-USDJPY-1788762360000,307,ADAPTIVE,mh-v4,BASELINE,USD/JPY,2026-09-07T06:26:00.000Z,2026-09-07T06:28:00.000Z,60,SELL,0.3630573248407643,LOSS,-0.00001921008898191625,-0.0002392100889819163,0.00022000000000000003,ASIA,TREND_DOWN,1,CLOSED_1M_SOURCE;CAUSAL_ENTRY;HORIZON_EMBARGO;EXPANDING_CAUSAL_CALIBRATION;STRATEGY_BASELINE
mh-60-GBPUSD-1788762480000,308,ADAPTIVE,mh-v4,BASELINE,GBP/USD,2026-09-07T06:28:00.000Z,2026-09-07T06:30:00.000Z,60,BUY,0.36477987421383645,WIN,0.00005402894647079925,-0.0001659710535292008,0.00022000000000000003,ASIA,TREND_UP,1,CLOSED_1M_SOURCE;CAUSAL_ENTRY;HORIZON_EMBARGO;EXPANDING_CAUSAL_CALIBRATION;STRATEGY_BASELINE
mh-60-EURUSD-1788762600000,309,ADAPTIVE,mh-v4,BASELINE,EUR/USD,2026-09-07T06:30:00.000Z,2026-09-07T06:32:00.000Z,60,BUY,0.36875,WIN,0.00011623618412919555,-0.00010376381587080448,0.00022000000000000003,ASIA,RANGE,1,CLOSED_1M_SOURCE;CAUSAL_ENTRY;HORIZON_EMBARGO;EXPANDING_CAUSAL_CALIBRATION;STRATEGY_BASELINE
mh-60-USDCAD-1788762600000,310,ADAPTIVE,mh-v4,BASELINE,USD/CAD,2026-09-07T06:30:00.000Z,2026-09-07T06:32:00.000Z,60,SELL,0.36363636363636365,WIN,0.00009403729427725745,-0.00012596270572274258,0.00022000000000000003,ASIA,RANGE,1,CLOSED_1M_SOURCE;CAUSAL_ENTRY;HORIZON_EMBARGO;EXPANDING_CAUSAL_CALIBRATION;STRATEGY_BASELINE
mh-60-USDCHF-1788762660000,311,ADAPTIVE,mh-v4,BASELINE,USD/CHF,2026-09-07T06:31:00.000Z,2026-09-07T06:33:00.000Z,60,SELL,0.36875,WIN,0.000012359240754184412,-0.00020764075924581562,0.00022000000000000003,ASIA,TREND_DOWN,1,CLOSED_1M_SOURCE;CAUSAL_ENTRY;HORIZON_EMBARGO;EXPANDING_CAUSAL_CALIBRATION;STRATEGY_BASELINE
mh-60-USDJPY-1788762720000,312,ADAPTIVE,mh-v4,BASELINE,USD/JPY,2026-09-07T06:32:00.000Z,2026-09-07T06:34:00.000Z,60,SELL,0.37267080745341613,WIN,0.0001348791238973558,-0.00008512087610264423,0.00022000000000000003,ASIA,RANGE,1,CLOSED_1M_SOURCE;CAUSAL_ENTRY;HORIZON_EMBARGO;EXPANDING_CAUSAL_CALIBRATION;STRATEGY_BASELINE
mh-60-GBPUSD-1788762840000,313,ADAPTIVE,mh-v4,BASELINE,GBP/USD,2026-09-07T06:34:00.000Z,2026-09-07T06:36:00.000Z,60,BUY,0.3803680981595092,WIN,0.00001356746669495278,-0.00020643253330504725,0.00022000000000000003,ASIA,TREND_UP,1,CLOSED_1M_SOURCE;CAUSAL_ENTRY;HORIZON_EMBARGO;EXPANDING_CAUSAL_CALIBRATION;STRATEGY_BASELINE
mh-60-EURUSD-1788762960000,314,ADAPTIVE,mh-v4,BASELINE,EUR/USD,2026-09-07T06:36:00.000Z,2026-09-07T06:38:00.000Z,60,BUY,0.38414634146341464,DRAW,0,-0.00022000000000000003,0.00022000000000000003,ASIA,TREND_UP,1,CLOSED_1M_SOURCE;CAUSAL_ENTRY;HORIZON_EMBARGO;EXPANDING_CAUSAL_CALIBRATION;STRATEGY_BASELINE
mh-60-USDCAD-1788763020000,315,ADAPTIVE,mh-v4,BASELINE,USD/CAD,2026-09-07T06:37:00.000Z,2026-09-07T06:39:00.000Z,60,SELL,0.38235294117647056,LOSS,-0.00004335165335707705,-0.0002633516533570771,0.00022000000000000003,ASIA,RANGE,1,CLOSED_1M_SOURCE;CAUSAL_ENTRY;HORIZON_EMBARGO;EXPANDING_CAUSAL_CALIBRATION;STRATEGY_BASELINE
mh-60-USDCHF-1788763020000,316,ADAPTIVE,mh-v4,BASELINE,USD/CHF,2026-09-07T06:37:00.000Z,2026-09-07T06:39:00.000Z,60,SELL,0.38414634146341464,WIN,0.00018519077151049303,-0.000034809228489507,0.00022000000000000003,ASIA,TREND_DOWN,1,CLOSED_1M_SOURCE;CAUSAL_ENTRY;HORIZON_EMBARGO;EXPANDING_CAUSAL_CALIBRATION;STRATEGY_BASELINE
mh-60-USDJPY-1788763140000,317,ADAPTIVE,mh-v4,BASELINE,USD/JPY,2026-09-07T06:39:00.000Z,2026-09-07T06:41:00.000Z,60,SELL,0.288135593220339,LOSS,-0.00006420852891202226,-0.0002842085289120223,0.00022000000000000003,ASIA,RANGE,1,CLOSED_1M_SOURCE;CAUSAL_ENTRY;HORIZON_EMBARGO;EXPANDING_CAUSAL_CALIBRATION;STRATEGY_BASELINE
mh-60-GBPUSD-1788763260000,318,ADAPTIVE,mh-v4,BASELINE,GBP/USD,2026-09-07T06:41:00.000Z,2026-09-07T06:43:00.000Z,60,BUY,0.3855421686746988,LOSS,-0.00006757669360013469,-0.00028757669360013474,0.00022000000000000003,ASIA,TREND_UP,1,CLOSED_1M_SOURCE;CAUSAL_ENTRY;HORIZON_EMBARGO;EXPANDING_CAUSAL_CALIBRATION;STRATEGY_BASELINE
mh-60-EURUSD-1788763320000,319,ADAPTIVE,mh-v4,BASELINE,EUR/USD,2026-09-07T06:42:00.000Z,2026-09-07T06:44:00.000Z,60,BUY,0.3855421686746988,DRAW,0,-0.00022000000000000003,0.00022000000000000003,ASIA,RANGE,1,CLOSED_1M_SOURCE;CAUSAL_ENTRY;HORIZON_EMBARGO;EXPANDING_CAUSAL_CALIBRATION;STRATEGY_BASELINE
mh-60-USDCAD-1788763380000,320,ADAPTIVE,mh-v4,BASELINE,USD/CAD,2026-09-07T06:43:00.000Z,2026-09-07T06:45:00.000Z,60,SELL,0.37142857142857144,WIN,0.00022422864183392648,0.000004228641833926448,0.00022000000000000003,ASIA,RANGE,1,CLOSED_1M_SOURCE;CAUSAL_ENTRY;HORIZON_EMBARGO;EXPANDING_CAUSAL_CALIBRATION;STRATEGY_BASELINE
mh-60-USDCHF-1788763440000,321,ADAPTIVE,mh-v4,BASELINE,USD/CHF,2026-09-07T06:44:00.000Z,2026-09-07T06:46:00.000Z,60,SELL,0.4375,WIN,0.00011111345765727356,-0.00010888654234272647,0.00022000000000000003,ASIA,TREND_DOWN,1,CLOSED_1M_SOURCE;CAUSAL_ENTRY;HORIZON_EMBARGO;EXPANDING_CAUSAL_CALIBRATION;STRATEGY_BASELINE
mh-60-USDJPY-1788763500000,322,ADAPTIVE,mh-v4,BASELINE,USD/JPY,2026-09-07T06:45:00.000Z,2026-09-07T06:47:00.000Z,60,BUY,0.38095238095238093,WIN,0.00006417966386513452,-0.00015582033613486553,0.00022000000000000003,ASIA,RANGE,1,CLOSED_1M_SOURCE;CAUSAL_ENTRY;HORIZON_EMBARGO;EXPANDING_CAUSAL_CALIBRATION;STRATEGY_BASELINE
mh-60-EURUSD-1788763620000,323,ADAPTIVE,mh-v4,BASELINE,EUR/USD,2026-09-07T06:47:00.000Z,2026-09-07T06:49:00.000Z,60,BUY,0.2833333333333333,LOSS,-0.00011622267484896181,-0.0003362226748489618,0.00022000000000000003,ASIA,RANGE,1,CLOSED_1M_SOURCE;CAUSAL_ENTRY;HORIZON_EMBARGO;EXPANDING_CAUSAL_CALIBRATION;STRATEGY_BASELINE
mh-60-GBPUSD-1788763620000,324,ADAPTIVE,mh-v4,BASELINE,GBP/USD,2026-09-07T06:47:00.000Z,2026-09-07T06:49:00.000Z,60,BUY,0.38461538461538464,LOSS,-0.00010819904712588352,-0.00032819904712588354,0.00022000000000000003,ASIA,RANGE,1,CLOSED_1M_SOURCE;CAUSAL_ENTRY;HORIZON_EMBARGO;EXPANDING_CAUSAL_CALIBRATION;STRATEGY_BASELINE
mh-60-USDCAD-1788763680000,325,ADAPTIVE,mh-v4,BASELINE,USD/CAD,2026-09-07T06:48:00.000Z,2026-09-07T06:50:00.000Z,60,SELL,0.3888888888888889,LOSS,-0.0000072404773715688,-0.00022724047737156884,0.00022000000000000003,ASIA,RANGE,1,CLOSED_1M_SOURCE;CAUSAL_ENTRY;HORIZON_EMBARGO;EXPANDING_CAUSAL_CALIBRATION;STRATEGY_BASELINE
mh-60-USDCHF-1788763800000,326,ADAPTIVE,mh-v4,BASELINE,USD/CHF,2026-09-07T06:50:00.000Z,2026-09-07T06:52:00.000Z,60,SELL,0.4461538461538462,LOSS,-0.00006172949414629287,-0.0002817294941462929,0.00022000000000000003,ASIA,RANGE,1,CLOSED_1M_SOURCE;CAUSAL_ENTRY;HORIZON_EMBARGO;EXPANDING_CAUSAL_CALIBRATION;STRATEGY_BASELINE
mh-60-USDJPY-1788763860000,327,ADAPTIVE,mh-v4,BASELINE,USD/JPY,2026-09-07T06:51:00.000Z,2026-09-07T06:53:00.000Z,60,BUY,0.38235294117647056,LOSS,-0.00011558278259280196,-0.000335582782592802,0.00022000000000000003,ASIA,TREND_UP,1,CLOSED_1M_SOURCE;CAUSAL_ENTRY;HORIZON_EMBARGO;EXPANDING_CAUSAL_CALIBRATION;STRATEGY_BASELINE
mh-60-EURUSD-1788763980000,328,ADAPTIVE,mh-v4,BASELINE,EUR/USD,2026-09-07T06:53:00.000Z,2026-09-07T06:55:00.000Z,60,SELL,0.2786885245901639,DRAW,0,-0.00022000000000000003,0.00022000000000000003,ASIA,RANGE,1,CLOSED_1M_SOURCE;CAUSAL_ENTRY;HORIZON_EMBARGO;EXPANDING_CAUSAL_CALIBRATION;STRATEGY_BASELINE
mh-60-GBPUSD-1788764040000,329,ADAPTIVE,mh-v4,BASELINE,GBP/USD,2026-09-07T06:54:00.000Z,2026-09-07T06:56:00.000Z,60,SELL,0.38011695906432746,WIN,0.000054109039584816226,-0.00016589096041518382,0.00022000000000000003,ASIA,RANGE,1,CLOSED_1M_SOURCE;CAUSAL_ENTRY;HORIZON_EMBARGO;EXPANDING_CAUSAL_CALIBRATION;STRATEGY_BASELINE
mh-60-USDCHF-1788764220000,330,ADAPTIVE,mh-v4,BASELINE,USD/CHF,2026-09-07T06:57:00.000Z,2026-09-07T06:59:00.000Z,60,BUY,0.4393939393939394,WIN,0.00006171578110037693,-0.0001582842188996231,0.00022000000000000003,ASIA,RANGE,1,CLOSED_1M_SOURCE;CAUSAL_ENTRY;HORIZON_EMBARGO;EXPANDING_CAUSAL_CALIBRATION;STRATEGY_BASELINE
mh-60-USDJPY-1788764220000,331,ADAPTIVE,mh-v4,BASELINE,USD/JPY,2026-09-07T06:57:00.000Z,2026-09-07T06:59:00.000Z,60,BUY,0.38372093023255816,WIN,0.000057672707482950567,-0.00016232729251704946,0.00022000000000000003,ASIA,TREND_UP,1,CLOSED_1M_SOURCE;CAUSAL_ENTRY;HORIZON_EMBARGO;EXPANDING_CAUSAL_CALIBRATION;STRATEGY_BASELINE
mh-60-USDCAD-1788764280000,332,ADAPTIVE,mh-v4,BASELINE,USD/CAD,2026-09-07T06:58:00.000Z,2026-09-07T07:00:00.000Z,60,BUY,0.27419354838709675,WIN,0.000014476558660049731,-0.0002055234413399503,0.00022000000000000003,ASIA,RANGE,1,CLOSED_1M_SOURCE;CAUSAL_ENTRY;HORIZON_EMBARGO;EXPANDING_CAUSAL_CALIBRATION;STRATEGY_BASELINE
mh-60-EURUSD-1788764340000,333,ADAPTIVE,mh-v4,BASELINE,EUR/USD,2026-09-07T06:59:00.000Z,2026-09-07T07:01:00.000Z,60,SELL,0.3872832369942196,DRAW,0,-0.00022000000000000003,0.00022000000000000003,ASIA,RANGE,1,CLOSED_1M_SOURCE;CAUSAL_ENTRY;HORIZON_EMBARGO;EXPANDING_CAUSAL_CALIBRATION;STRATEGY_BASELINE
mh-60-GBPUSD-1788764460000,334,ADAPTIVE,mh-v4,BASELINE,GBP/USD,2026-09-07T07:01:00.000Z,2026-09-07T07:03:00.000Z,60,SELL,0.3850574712643678,LOSS,-0.00009465443902879257,-0.00031465443902879264,0.00022000000000000003,LONDON,TREND_DOWN,1,CLOSED_1M_SOURCE;CAUSAL_ENTRY;HORIZON_EMBARGO;EXPANDING_CAUSAL_CALIBRATION;STRATEGY_BASELINE
mh-60-USDCAD-1788764580000,335,ADAPTIVE,mh-v4,BASELINE,USD/CAD,2026-09-07T07:03:00.000Z,2026-09-07T07:05:00.000Z,60,BUY,0.44776119402985076,LOSS,-0.00007229296660090792,-0.00029229296660090797,0.00022000000000000003,LONDON,RANGE,1,CLOSED_1M_SOURCE;CAUSAL_ENTRY;HORIZON_EMBARGO;EXPANDING_CAUSAL_CALIBRATION;STRATEGY_BASELINE
mh-60-USDCHF-1788764580000,336,ADAPTIVE,mh-v4,BASELINE,USD/CHF,2026-09-07T07:03:00.000Z,2026-09-07T07:05:00.000Z,60,BUY,0.38285714285714284,LOSS,-0.0001234148037748749,-0.00034341480377487495,0.00022000000000000003,LONDON,RANGE,1,CLOSED_1M_SOURCE;CAUSAL_ENTRY;HORIZON_EMBARGO;EXPANDING_CAUSAL_CALIBRATION;STRATEGY_BASELINE
mh-60-USDJPY-1788764580000,337,ADAPTIVE,mh-v4,BASELINE,USD/JPY,2026-09-07T07:03:00.000Z,2026-09-07T07:05:00.000Z,60,BUY,0.38285714285714284,LOSS,-0.00023095049983797242,-0.00045095049983797243,0.00022000000000000003,LONDON,TREND_UP,1,CLOSED_1M_SOURCE;CAUSAL_ENTRY;HORIZON_EMBARGO;EXPANDING_CAUSAL_CALIBRATION;STRATEGY_BASELINE
mh-60-EURUSD-1788764700000,338,ADAPTIVE,mh-v4,BASELINE,EUR/USD,2026-09-07T07:05:00.000Z,2026-09-07T07:07:00.000Z,60,SELL,0.3785310734463277,DRAW,0,-0.00022000000000000003,0.00022000000000000003,LONDON,RANGE,1,CLOSED_1M_SOURCE;CAUSAL_ENTRY;HORIZON_EMBARGO;EXPANDING_CAUSAL_CALIBRATION;STRATEGY_BASELINE
mh-60-GBPUSD-1788764940000,339,ADAPTIVE,mh-v4,BASELINE,GBP/USD,2026-09-07T07:09:00.000Z,2026-09-07T07:11:00.000Z,60,SELL,0.37640449438202245,WIN,0.00006769226321501936,-0.00015230773678498067,0.00022000000000000003,LONDON,RANGE,1,CLOSED_1M_SOURCE;CAUSAL_ENTRY;HORIZON_EMBARGO;EXPANDING_CAUSAL_CALIBRATION;STRATEGY_BASELINE
mh-60-USDCAD-1788764940000,340,ADAPTIVE,mh-v4,BASELINE,USD/CAD,2026-09-07T07:09:00.000Z,2026-09-07T07:11:00.000Z,60,BUY,0.37640449438202245,WIN,0.00010123876615878409,-0.00011876123384121595,0.00022000000000000003,LONDON,TREND_UP,1,CLOSED_1M_SOURCE;CAUSAL_ENTRY;HORIZON_EMBARGO;EXPANDING_CAUSAL_CALIBRATION;STRATEGY_BASELINE
mh-60-USDCHF-1788764940000,341,ADAPTIVE,mh-v4,BASELINE,USD/CHF,2026-09-07T07:09:00.000Z,2026-09-07T07:11:00.000Z,60,BUY,0.37640449438202245,WIN,0.00022205694584200207,0.0000020569458420020327,0.00022000000000000003,LONDON,TREND_UP,1,CLOSED_1M_SOURCE;CAUSAL_ENTRY;HORIZON_EMBARGO;EXPANDING_CAUSAL_CALIBRATION;STRATEGY_BASELINE
mh-60-USDJPY-1788765000000,342,ADAPTIVE,mh-v4,BASELINE,USD/JPY,2026-09-07T07:10:00.000Z,2026-09-07T07:12:00.000Z,60,BUY,0.37640449438202245,LOSS,-0.000057764322933111754,-0.0002777643229331118,0.00022000000000000003,LONDON,TREND_UP,1,CLOSED_1M_SOURCE;CAUSAL_ENTRY;HORIZON_EMBARGO;EXPANDING_CAUSAL_CALIBRATION;STRATEGY_BASELINE
mh-60-EURUSD-1788765060000,343,ADAPTIVE,mh-v4,BASELINE,EUR/USD,2026-09-07T07:11:00.000Z,2026-09-07T07:13:00.000Z,60,SELL,0.3867403314917127,DRAW,0,-0.00022000000000000003,0.00022000000000000003,LONDON,TREND_DOWN,1,CLOSED_1M_SOURCE;CAUSAL_ENTRY;HORIZON_EMBARGO;EXPANDING_CAUSAL_CALIBRATION;STRATEGY_BASELINE
mh-60-GBPUSD-1788765300000,344,ADAPTIVE,mh-v4,BASELINE,GBP/USD,2026-09-07T07:15:00.000Z,2026-09-07T07:17:00.000Z,60,SELL,0.3825136612021858,LOSS,-0.00006760412224729147,-0.0002876041222472915,0.00022000000000000003,LONDON,RANGE,1,CLOSED_1M_SOURCE;CAUSAL_ENTRY;HORIZON_EMBARGO;EXPANDING_CAUSAL_CALIBRATION;STRATEGY_BASELINE
mh-60-USDCAD-1788765300000,345,ADAPTIVE,mh-v4,BASELINE,USD/CAD,2026-09-07T07:15:00.000Z,2026-09-07T07:17:00.000Z,60,BUY,0.4411764705882353,LOSS,-0.000036101574493918826,-0.00025610157449391886,0.00022000000000000003,LONDON,RANGE,1,CLOSED_1M_SOURCE;CAUSAL_ENTRY;HORIZON_EMBARGO;EXPANDING_CAUSAL_CALIBRATION;STRATEGY_BASELINE
mh-60-USDCHF-1788765360000,346,ADAPTIVE,mh-v4,BASELINE,USD/CHF,2026-09-07T07:16:00.000Z,2026-09-07T07:18:00.000Z,60,BUY,0.3783783783783784,WIN,0.00001235405667511743,-0.0002076459433248826,0.00022000000000000003,LONDON,RANGE,1,CLOSED_1M_SOURCE;CAUSAL_ENTRY;HORIZON_EMBARGO;EXPANDING_CAUSAL_CALIBRATION;STRATEGY_BASELINE
mh-60-USDJPY-1788765360000,347,ADAPTIVE,mh-v4,BASELINE,USD/JPY,2026-09-07T07:16:00.000Z,2026-09-07T07:18:00.000Z,60,BUY,0.4411764705882353,LOSS,-0.0001155338378049824,-0.00033553383780498245,0.00022000000000000003,LONDON,RANGE,1,CLOSED_1M_SOURCE;CAUSAL_ENTRY;HORIZON_EMBARGO;EXPANDING_CAUSAL_CALIBRATION;STRATEGY_BASELINE
mh-60-EURUSD-1788765420000,348,ADAPTIVE,mh-v4,BASELINE,EUR/USD,2026-09-07T07:17:00.000Z,2026-09-07T07:19:00.000Z,60,BUY,0.3804347826086957,DRAW,0,-0.00022000000000000003,0.00022000000000000003,LONDON,RANGE,1,CLOSED_1M_SOURCE;CAUSAL_ENTRY;HORIZON_EMBARGO;EXPANDING_CAUSAL_CALIBRATION;STRATEGY_BASELINE
mh-60-USDCAD-1788765660000,349,ADAPTIVE,mh-v4,BASELINE,USD/CAD,2026-09-07T07:21:00.000Z,2026-09-07T07:23:00.000Z,60,SELL,0.3783783783783784,DRAW,0,-0.00022000000000000003,0.00022000000000000003,LONDON,RANGE,1,CLOSED_1M_SOURCE;CAUSAL_ENTRY;HORIZON_EMBARGO;EXPANDING_CAUSAL_CALIBRATION;STRATEGY_BASELINE
mh-60-USDJPY-1788765720000,350,ADAPTIVE,mh-v4,BASELINE,USD/JPY,2026-09-07T07:22:00.000Z,2026-09-07T07:24:00.000Z,60,SELL,0.3783783783783784,WIN,0.0002054874255806269,-0.000014512574419373123,0.00022000000000000003,LONDON,TREND_DOWN,1,CLOSED_1M_SOURCE;CAUSAL_ENTRY;HORIZON_EMBARGO;EXPANDING_CAUSAL_CALIBRATION;STRATEGY_BASELINE
mh-60-GBPUSD-1788765840000,351,ADAPTIVE,mh-v4,BASELINE,GBP/USD,2026-09-07T07:24:00.000Z,2026-09-07T07:26:00.000Z,60,SELL,0.42857142857142855,LOSS,-0.000040542651045171915,-0.00026054265104517193,0.00022000000000000003,LONDON,RANGE,1,CLOSED_1M_SOURCE;CAUSAL_ENTRY;HORIZON_EMBARGO;EXPANDING_CAUSAL_CALIBRATION;STRATEGY_BASELINE
mh-60-USDCHF-1788765900000,352,ADAPTIVE,mh-v4,BASELINE,USD/CHF,2026-09-07T07:25:00.000Z,2026-09-07T07:27:00.000Z,60,SELL,0.2857142857142857,WIN,0.00006170968937740145,-0.00015829031062259858,0.00022000000000000003,LONDON,RANGE,1,CLOSED_1M_SOURCE;CAUSAL_ENTRY;HORIZON_EMBARGO;EXPANDING_CAUSAL_CALIBRATION;STRATEGY_BASELINE
mh-60-EURUSD-1788765960000,353,ADAPTIVE,mh-v4,BASELINE,EUR/USD,2026-09-07T07:26:00.000Z,2026-09-07T07:28:00.000Z,60,BUY,0.4225352112676056,DRAW,0,-0.00022000000000000003,0.00022000000000000003,LONDON,RANGE,1,CLOSED_1M_SOURCE;CAUSAL_ENTRY;HORIZON_EMBARGO;EXPANDING_CAUSAL_CALIBRATION;STRATEGY_BASELINE
mh-60-USDCAD-1788766020000,354,ADAPTIVE,mh-v4,BASELINE,USD/CAD,2026-09-07T07:27:00.000Z,2026-09-07T07:29:00.000Z,60,SELL,0.37967914438502676,LOSS,-0.00028912541157282416,-0.0005091254115728242,0.00022000000000000003,LONDON,TREND_DOWN,1,CLOSED_1M_SOURCE;CAUSAL_ENTRY;HORIZON_EMBARGO;EXPANDING_CAUSAL_CALIBRATION;STRATEGY_BASELINE
mh-60-USDJPY-1788766080000,355,ADAPTIVE,mh-v4,BASELINE,USD/JPY,2026-09-07T07:28:00.000Z,2026-09-07T07:30:00.000Z,60,SELL,0.37967914438502676,WIN,0.00006420728896828591,-0.0001557927110317141,0.00022000000000000003,LONDON,TREND_DOWN,1,CLOSED_1M_SOURCE;CAUSAL_ENTRY;HORIZON_EMBARGO;EXPANDING_CAUSAL_CALIBRATION;STRATEGY_BASELINE
mh-60-EURUSD-1788766260000,356,ADAPTIVE,mh-v4,BASELINE,EUR/USD,2026-09-07T07:31:00.000Z,2026-09-07T07:33:00.000Z,60,BUY,0.38095238095238093,WIN,0.00011612009525950995,-0.00010387990474049009,0.00022000000000000003,LONDON,TREND_UP,1,CLOSED_1M_SOURCE;CAUSAL_ENTRY;HORIZON_EMBARGO;EXPANDING_CAUSAL_CALIBRATION;STRATEGY_BASELINE
mh-60-USDCHF-1788766260000,357,ADAPTIVE,mh-v4,BASELINE,USD/CHF,2026-09-07T07:31:00.000Z,2026-09-07T07:33:00.000Z,60,SELL,0.38095238095238093,WIN,0.00003700917864418824,-0.0001829908213558118,0.00022000000000000003,LONDON,TREND_DOWN,1,CLOSED_1M_SOURCE;CAUSAL_ENTRY;HORIZON_EMBARGO;EXPANDING_CAUSAL_CALIBRATION;STRATEGY_BASELINE
mh-60-USDCAD-1788766320000,358,ADAPTIVE,mh-v4,BASELINE,USD/CAD,2026-09-07T07:32:00.000Z,2026-09-07T07:34:00.000Z,60,SELL,0.296875,WIN,0.00005783344038122149,-0.00016216655961877856,0.00022000000000000003,LONDON,RANGE,1,CLOSED_1M_SOURCE;CAUSAL_ENTRY;HORIZON_EMBARGO;EXPANDING_CAUSAL_CALIBRATION;STRATEGY_BASELINE
mh-60-GBPUSD-1788766440000,359,ADAPTIVE,mh-v4,BASELINE,GBP/USD,2026-09-07T07:34:00.000Z,2026-09-07T07:36:00.000Z,60,BUY,0.387434554973822,LOSS,-0.000027054152631774213,-0.00024705415263177427,0.00022000000000000003,LONDON,RANGE,1,CLOSED_1M_SOURCE;CAUSAL_ENTRY;HORIZON_EMBARGO;EXPANDING_CAUSAL_CALIBRATION;STRATEGY_BASELINE
mh-60-USDJPY-1788766440000,360,ADAPTIVE,mh-v4,BASELINE,USD/JPY,2026-09-07T07:34:00.000Z,2026-09-07T07:36:00.000Z,60,SELL,0.387434554973822,LOSS,-0.0003081841359545741,-0.0005281841359545741,0.00022000000000000003,LONDON,TREND_DOWN,1,CLOSED_1M_SOURCE;CAUSAL_ENTRY;HORIZON_EMBARGO;EXPANDING_CAUSAL_CALIBRATION;STRATEGY_BASELINE
mh-60-EURUSD-1788766620000,361,ADAPTIVE,mh-v4,BASELINE,EUR/USD,2026-09-07T07:37:00.000Z,2026-09-07T07:39:00.000Z,60,SELL,0.3076923076923077,DRAW,0,-0.00022000000000000003,0.00022000000000000003,LONDON,RANGE,1,CLOSED_1M_SOURCE;CAUSAL_ENTRY;HORIZON_EMBARGO;EXPANDING_CAUSAL_CALIBRATION;STRATEGY_BASELINE
mh-60-USDCHF-1788766620000,362,ADAPTIVE,mh-v4,BASELINE,USD/CHF,2026-09-07T07:37:00.000Z,2026-09-07T07:39:00.000Z,60,BUY,0.38341968911917096,LOSS,-0.000024707502874453236,-0.0002447075028744533,0.00022000000000000003,LONDON,RANGE,1,CLOSED_1M_SOURCE;CAUSAL_ENTRY;HORIZON_EMBARGO;EXPANDING_CAUSAL_CALIBRATION;STRATEGY_BASELINE
mh-60-USDCAD-1788766740000,363,ADAPTIVE,mh-v4,BASELINE,USD/CAD,2026-09-07T07:39:00.000Z,2026-09-07T07:41:00.000Z,60,BUY,0.39473684210526316,LOSS,-0.00004333912164783095,-0.000263339121647831,0.00022000000000000003,LONDON,RANGE,1,CLOSED_1M_SOURCE;CAUSAL_ENTRY;HORIZON_EMBARGO;EXPANDING_CAUSAL_CALIBRATION;STRATEGY_BASELINE
mh-60-GBPUSD-1788766860000,364,ADAPTIVE,mh-v4,BASELINE,GBP/USD,2026-09-07T07:41:00.000Z,2026-09-07T07:43:00.000Z,60,SELL,0.38144329896907214,WIN,0.00009467492342482392,-0.00012532507657517613,0.00022000000000000003,LONDON,RANGE,1,CLOSED_1M_SOURCE;CAUSAL_ENTRY;HORIZON_EMBARGO;EXPANDING_CAUSAL_CALIBRATION;STRATEGY_BASELINE
mh-60-USDJPY-1788766980000,365,ADAPTIVE,mh-v4,BASELINE,USD/JPY,2026-09-07T07:43:00.000Z,2026-09-07T07:45:00.000Z,60,BUY,0.38461538461538464,WIN,0.00007708240265555243,-0.00014291759734444762,0.00022000000000000003,LONDON,RANGE,1,CLOSED_1M_SOURCE;CAUSAL_ENTRY;HORIZON_EMBARGO;EXPANDING_CAUSAL_CALIBRATION;STRATEGY_BASELINE
mh-60-USDCHF-1788767100000,366,ADAPTIVE,mh-v4,BASELINE,USD/CHF,2026-09-07T07:45:00.000Z,2026-09-07T07:47:00.000Z,60,BUY,0.30303030303030304,LOSS,-0.00013566564514235003,-0.00035566564514235004,0.00022000000000000003,LONDON,RANGE,1,CLOSED_1M_SOURCE;CAUSAL_ENTRY;HORIZON_EMBARGO;EXPANDING_CAUSAL_CALIBRATION;STRATEGY_BASELINE
mh-60-EURUSD-1788767220000,367,ADAPTIVE,mh-v4,BASELINE,EUR/USD,2026-09-07T07:47:00.000Z,2026-09-07T07:49:00.000Z,60,BUY,0.3877551020408163,LOSS,-0.00011622267484896181,-0.0003362226748489618,0.00022000000000000003,LONDON,RANGE,1,CLOSED_1M_SOURCE;CAUSAL_ENTRY;HORIZON_EMBARGO;EXPANDING_CAUSAL_CALIBRATION;STRATEGY_BASELINE
mh-60-GBPUSD-1788767280000,368,ADAPTIVE,mh-v4,BASELINE,GBP/USD,2026-09-07T07:48:00.000Z,2026-09-07T07:50:00.000Z,60,BUY,0.3877551020408163,WIN,0.00002705488457875104,-0.000192945115421249,0.00022000000000000003,LONDON,RANGE,1,CLOSED_1M_SOURCE;CAUSAL_ENTRY;HORIZON_EMBARGO;EXPANDING_CAUSAL_CALIBRATION;STRATEGY_BASELINE
mh-60-USDCAD-1788767280000,369,ADAPTIVE,mh-v4,BASELINE,USD/CAD,2026-09-07T07:48:00.000Z,2026-09-07T07:50:00.000Z,60,BUY,0.29850746268656714,LOSS,-0.00012286952557456798,-0.000342869525574568,0.00022000000000000003,LONDON,RANGE,1,CLOSED_1M_SOURCE;CAUSAL_ENTRY;HORIZON_EMBARGO;EXPANDING_CAUSAL_CALIBRATION;STRATEGY_BASELINE
mh-60-USDJPY-1788767520000,370,ADAPTIVE,mh-v4,BASELINE,USD/JPY,2026-09-07T07:52:00.000Z,2026-09-07T07:54:00.000Z,60,SELL,0.3888888888888889,WIN,0.000012847235775020776,-0.00020715276422497925,0.00022000000000000003,LONDON,RANGE,1,CLOSED_1M_SOURCE;CAUSAL_ENTRY;HORIZON_EMBARGO;EXPANDING_CAUSAL_CALIBRATION;STRATEGY_BASELINE
mh-60-USDCAD-1788767580000,371,ADAPTIVE,mh-v4,BASELINE,USD/CAD,2026-09-07T07:53:00.000Z,2026-09-07T07:55:00.000Z,60,SELL,0.29411764705882354,DRAW,0,-0.00022000000000000003,0.00022000000000000003,LONDON,RANGE,1,CLOSED_1M_SOURCE;CAUSAL_ENTRY;HORIZON_EMBARGO;EXPANDING_CAUSAL_CALIBRATION;STRATEGY_BASELINE
mh-60-EURUSD-1788767640000,372,ADAPTIVE,mh-v4,BASELINE,EUR/USD,2026-09-07T07:54:00.000Z,2026-09-07T07:56:00.000Z,60,BUY,0.4166666666666667,WIN,0.00011631174830712046,-0.00010368825169287958,0.00022000000000000003,LONDON,RANGE,1,CLOSED_1M_SOURCE;CAUSAL_ENTRY;HORIZON_EMBARGO;EXPANDING_CAUSAL_CALIBRATION;STRATEGY_BASELINE
mh-60-GBPUSD-1788767640000,373,ADAPTIVE,mh-v4,BASELINE,GBP/USD,2026-09-07T07:54:00.000Z,2026-09-07T07:56:00.000Z,60,BUY,0.39195979899497485,WIN,0.00005410098221478671,-0.00016589901778521333,0.00022000000000000003,LONDON,RANGE,1,CLOSED_1M_SOURCE;CAUSAL_ENTRY;HORIZON_EMBARGO;EXPANDING_CAUSAL_CALIBRATION;STRATEGY_BASELINE
mh-60-USDCHF-1788767640000,374,ADAPTIVE,mh-v4,BASELINE,USD/CHF,2026-09-07T07:54:00.000Z,2026-09-07T07:56:00.000Z,60,SELL,0.39195979899497485,WIN,0.0002592978291332556,0.000039297829133255583,0.00022000000000000003,LONDON,RANGE,1,CLOSED_1M_SOURCE;CAUSAL_ENTRY;HORIZON_EMBARGO;EXPANDING_CAUSAL_CALIBRATION;STRATEGY_BASELINE
mh-60-USDJPY-1788767880000,375,ADAPTIVE,mh-v4,BASELINE,USD/JPY,2026-09-07T07:58:00.000Z,2026-09-07T08:00:00.000Z,60,SELL,0.39800995024875624,WIN,0.00005140413736598137,-0.00016859586263401867,0.00022000000000000003,LONDON,TREND_DOWN,1,CLOSED_1M_SOURCE;CAUSAL_ENTRY;HORIZON_EMBARGO;EXPANDING_CAUSAL_CALIBRATION;STRATEGY_BASELINE
mh-60-USDCAD-1788767940000,376,ADAPTIVE,mh-v4,BASELINE,USD/CAD,2026-09-07T07:59:00.000Z,2026-09-07T08:01:00.000Z,60,SELL,0.39800995024875624,LOSS,-0.000021721117572185868,-0.0002417211175721859,0.00022000000000000003,LONDON,TREND_DOWN,1,CLOSED_1M_SOURCE;CAUSAL_ENTRY;HORIZON_EMBARGO;EXPANDING_CAUSAL_CALIBRATION;STRATEGY_BASELINE
mh-60-EURUSD-1788768000000,377,ADAPTIVE,mh-v4,BASELINE,EUR/USD,2026-09-07T08:00:00.000Z,2026-09-07T08:02:00.000Z,60,BUY,0.400990099009901,LOSS,-0.00011615515170652217,-0.0003361551517065222,0.00022000000000000003,LONDON,TREND_UP,1,CLOSED_1M_SOURCE;CAUSAL_ENTRY;HORIZON_EMBARGO;EXPANDING_CAUSAL_CALIBRATION;STRATEGY_BASELINE
mh-60-GBPUSD-1788768000000,378,ADAPTIVE,mh-v4,BASELINE,GBP/USD,2026-09-07T08:00:00.000Z,2026-09-07T08:02:00.000Z,60,BUY,0.400990099009901,WIN,0.00008121981234875894,-0.00013878018765124109,0.00022000000000000003,LONDON,TREND_UP,1,CLOSED_1M_SOURCE;CAUSAL_ENTRY;HORIZON_EMBARGO;EXPANDING_CAUSAL_CALIBRATION;STRATEGY_BASELINE
mh-60-USDCHF-1788768000000,379,ADAPTIVE,mh-v4,BASELINE,USD/CHF,2026-09-07T08:00:00.000Z,2026-09-07T08:02:00.000Z,60,SELL,0.400990099009901,LOSS,-0.00014820765142973286,-0.0003682076514297329,0.00022000000000000003,LONDON,TREND_DOWN,1,CLOSED_1M_SOURCE;CAUSAL_ENTRY;HORIZON_EMBARGO;EXPANDING_CAUSAL_CALIBRATION;STRATEGY_BASELINE
mh-60-USDCAD-1788768240000,380,ADAPTIVE,mh-v4,BASELINE,USD/CAD,2026-09-07T08:04:00.000Z,2026-09-07T08:06:00.000Z,60,SELL,0.39805825242718446,LOSS,-0.00030368663332291446,-0.0005236866333229145,0.00022000000000000003,LONDON,TREND_DOWN,1,CLOSED_1M_SOURCE;CAUSAL_ENTRY;HORIZON_EMBARGO;EXPANDING_CAUSAL_CALIBRATION;STRATEGY_BASELINE
mh-60-USDJPY-1788768240000,381,ADAPTIVE,mh-v4,BASELINE,USD/JPY,2026-09-07T08:04:00.000Z,2026-09-07T08:06:00.000Z,60,SELL,0.39805825242718446,LOSS,-0.00007716772837745033,-0.00029716772837745035,0.00022000000000000003,LONDON,TREND_DOWN,1,CLOSED_1M_SOURCE;CAUSAL_ENTRY;HORIZON_EMBARGO;EXPANDING_CAUSAL_CALIBRATION;STRATEGY_BASELINE
mh-60-EURUSD-1788768360000,382,ADAPTIVE,mh-v4,BASELINE,EUR/USD,2026-09-07T08:06:00.000Z,2026-09-07T08:08:00.000Z,60,BUY,0.3942307692307692,DRAW,0,-0.00022000000000000003,0.00022000000000000003,LONDON,TREND_UP,1,CLOSED_1M_SOURCE;CAUSAL_ENTRY;HORIZON_EMBARGO;EXPANDING_CAUSAL_CALIBRATION;STRATEGY_BASELINE
mh-60-GBPUSD-1788768360000,383,ADAPTIVE,mh-v4,BASELINE,GBP/USD,2026-09-07T08:06:00.000Z,2026-09-07T08:08:00.000Z,60,BUY,0.4246575342465753,LOSS,-0.000027044271648873386,-0.0002470442716488734,0.00022000000000000003,LONDON,RANGE,1,CLOSED_1M_SOURCE;CAUSAL_ENTRY;HORIZON_EMBARGO;EXPANDING_CAUSAL_CALIBRATION;STRATEGY_BASELINE
mh-60-USDCHF-1788768360000,384,ADAPTIVE,mh-v4,BASELINE,USD/CHF,2026-09-07T08:06:00.000Z,2026-09-07T08:08:00.000Z,60,SELL,0.3942307692307692,WIN,0.00037060532079671675,0.00015060532079671672,0.00022000000000000003,LONDON,TREND_DOWN,1,CLOSED_1M_SOURCE;CAUSAL_ENTRY;HORIZON_EMBARGO;EXPANDING_CAUSAL_CALIBRATION;STRATEGY_BASELINE
mh-60-USDCAD-1788768600000,385,ADAPTIVE,mh-v4,BASELINE,USD/CAD,2026-09-07T08:10:00.000Z,2026-09-07T08:12:00.000Z,60,SELL,0.2898550724637681,WIN,0.00014467691136694073,-0.0000753230886330593,0.00022000000000000003,LONDON,RANGE,1,CLOSED_1M_SOURCE;CAUSAL_ENTRY;HORIZON_EMBARGO;EXPANDING_CAUSAL_CALIBRATION;STRATEGY_BASELINE
mh-60-USDJPY-1788768600000,386,ADAPTIVE,mh-v4,BASELINE,USD/JPY,2026-09-07T08:10:00.000Z,2026-09-07T08:12:00.000Z,60,SELL,0.3952380952380952,LOSS,-0.00014874209363768516,-0.0003687420936376852,0.00022000000000000003,LONDON,TREND_DOWN,1,CLOSED_1M_SOURCE;CAUSAL_ENTRY;HORIZON_EMBARGO;EXPANDING_CAUSAL_CALIBRATION;STRATEGY_BASELINE
mh-60-EURUSD-1788768720000,387,ADAPTIVE,mh-v4,BASELINE,EUR/USD,2026-09-07T08:12:00.000Z,2026-09-07T08:14:00.000Z,60,BUY,0.3933649289099526,DRAW,0,-0.00022000000000000003,0.00022000000000000003,LONDON,TREND_UP,1,CLOSED_1M_SOURCE;CAUSAL_ENTRY;HORIZON_EMBARGO;EXPANDING_CAUSAL_CALIBRATION;STRATEGY_BASELINE
mh-60-USDCHF-1788768720000,388,ADAPTIVE,mh-v4,BASELINE,USD/CHF,2026-09-07T08:12:00.000Z,2026-09-07T08:14:00.000Z,60,SELL,0.3933649289099526,LOSS,-0.0001977195801538161,-0.00041771958015381614,0.00022000000000000003,LONDON,TREND_DOWN,1,CLOSED_1M_SOURCE;CAUSAL_ENTRY;HORIZON_EMBARGO;EXPANDING_CAUSAL_CALIBRATION;STRATEGY_BASELINE
mh-60-GBPUSD-1788768780000,389,ADAPTIVE,mh-v4,BASELINE,GBP/USD,2026-09-07T08:13:00.000Z,2026-09-07T08:15:00.000Z,60,BUY,0.3933649289099526,LOSS,-0.00006770797839472748,-0.00028770797839472754,0.00022000000000000003,LONDON,TREND_UP,1,CLOSED_1M_SOURCE;CAUSAL_ENTRY;HORIZON_EMBARGO;EXPANDING_CAUSAL_CALIBRATION;STRATEGY_BASELINE
mh-60-USDCAD-1788768900000,390,ADAPTIVE,mh-v4,BASELINE,USD/CAD,2026-09-07T08:15:00.000Z,2026-09-07T08:17:00.000Z,60,SELL,0.3878504672897196,WIN,0.00006511576720949356,-0.00015488423279050648,0.00022000000000000003,LONDON,TREND_DOWN,1,CLOSED_1M_SOURCE;CAUSAL_ENTRY;HORIZON_EMBARGO;EXPANDING_CAUSAL_CALIBRATION;STRATEGY_BASELINE
mh-60-EURUSD-1788769020000,391,ADAPTIVE,mh-v4,BASELINE,EUR/USD,2026-09-07T08:17:00.000Z,2026-09-07T08:19:00.000Z,60,BUY,0.39069767441860465,DRAW,0,-0.00022000000000000003,0.00022000000000000003,LONDON,TREND_UP,1,CLOSED_1M_SOURCE;CAUSAL_ENTRY;HORIZON_EMBARGO;EXPANDING_CAUSAL_CALIBRATION;STRATEGY_BASELINE
mh-60-USDJPY-1788769020000,392,ADAPTIVE,mh-v4,BASELINE,USD/JPY,2026-09-07T08:17:00.000Z,2026-09-07T08:19:00.000Z,60,SELL,0.39069767441860465,WIN,0.00017471066570590616,-0.00004528933429409388,0.00022000000000000003,LONDON,TREND_DOWN,1,CLOSED_1M_SOURCE;CAUSAL_ENTRY;HORIZON_EMBARGO;EXPANDING_CAUSAL_CALIBRATION;STRATEGY_BASELINE
mh-60-USDCHF-1788769080000,393,ADAPTIVE,mh-v4,BASELINE,USD/CHF,2026-09-07T08:18:00.000Z,2026-09-07T08:20:00.000Z,60,SELL,0.39069767441860465,WIN,0.00018549759601158797,-0.00003450240398841206,0.00022000000000000003,LONDON,TREND_DOWN,1,CLOSED_1M_SOURCE;CAUSAL_ENTRY;HORIZON_EMBARGO;EXPANDING_CAUSAL_CALIBRATION;STRATEGY_BASELINE
mh-60-GBPUSD-1788769140000,394,ADAPTIVE,mh-v4,BASELINE,GBP/USD,2026-09-07T08:19:00.000Z,2026-09-07T08:21:00.000Z,60,BUY,0.391705069124424,WIN,0.0000948071308694923,-0.00012519286913050773,0.00022000000000000003,LONDON,TREND_UP,1,CLOSED_1M_SOURCE;CAUSAL_ENTRY;HORIZON_EMBARGO;EXPANDING_CAUSAL_CALIBRATION;STRATEGY_BASELINE
mh-60-USDCAD-1788769260000,395,ADAPTIVE,mh-v4,BASELINE,USD/CAD,2026-09-07T08:21:00.000Z,2026-09-07T08:23:00.000Z,60,SELL,0.3972602739726027,LOSS,-0.00019527943028778787,-0.0004152794302877879,0.00022000000000000003,LONDON,TREND_DOWN,1,CLOSED_1M_SOURCE;CAUSAL_ENTRY;HORIZON_EMBARGO;EXPANDING_CAUSAL_CALIBRATION;STRATEGY_BASELINE
mh-60-EURUSD-1788769380000,396,ADAPTIVE,mh-v4,BASELINE,EUR/USD,2026-09-07T08:23:00.000Z,2026-09-07T08:25:00.000Z,60,BUY,0.39545454545454545,DRAW,0,-0.00022000000000000003,0.00022000000000000003,LONDON,TREND_UP,1,CLOSED_1M_SOURCE;CAUSAL_ENTRY;HORIZON_EMBARGO;EXPANDING_CAUSAL_CALIBRATION;STRATEGY_BASELINE
mh-60-USDJPY-1788769380000,397,ADAPTIVE,mh-v4,BASELINE,USD/JPY,2026-09-07T08:23:00.000Z,2026-09-07T08:25:00.000Z,60,SELL,0.39545454545454545,LOSS,-0.0004142894402806463,-0.0006342894402806463,0.00022000000000000003,LONDON,TREND_DOWN,1,CLOSED_1M_SOURCE;CAUSAL_ENTRY;HORIZON_EMBARGO;EXPANDING_CAUSAL_CALIBRATION;STRATEGY_BASELINE
mh-60-GBPUSD-1788769500000,398,ADAPTIVE,mh-v4,BASELINE,GBP/USD,2026-09-07T08:25:00.000Z,2026-09-07T08:27:00.000Z,60,BUY,0.3918918918918919,WIN,0.0002979180598561753,0.00007791805985617525,0.00022000000000000003,LONDON,TREND_UP,1,CLOSED_1M_SOURCE;CAUSAL_ENTRY;HORIZON_EMBARGO;EXPANDING_CAUSAL_CALIBRATION;STRATEGY_BASELINE
mh-60-USDCHF-1788769500000,399,ADAPTIVE,mh-v4,BASELINE,USD/CHF,2026-09-07T08:25:00.000Z,2026-09-07T08:27:00.000Z,60,SELL,0.3918918918918919,LOSS,-0.00009891480435469847,-0.0003189148043546985,0.00022000000000000003,LONDON,TREND_DOWN,1,CLOSED_1M_SOURCE;CAUSAL_ENTRY;HORIZON_EMBARGO;EXPANDING_CAUSAL_CALIBRATION;STRATEGY_BASELINE
mh-60-USDCAD-1788769680000,400,ADAPTIVE,mh-v4,BASELINE,USD/CAD,2026-09-07T08:28:00.000Z,2026-09-07T08:30:00.000Z,60,SELL,0.3,DRAW,0,-0.00022000000000000003,0.00022000000000000003,LONDON,RANGE,1,CLOSED_1M_SOURCE;CAUSAL_ENTRY;HORIZON_EMBARGO;EXPANDING_CAUSAL_CALIBRATION;STRATEGY_BASELINE
mh-60-EURUSD-1788769740000,401,ADAPTIVE,mh-v5,BASELINE,EUR/USD,2026-09-07T08:29:00.000Z,2026-09-07T08:31:00.000Z,60,BUY,0.39285714285714285,WIN,0.00011627899829177443,-0.00010372100170822561,0.00022000000000000003,LONDON,RANGE,1,CLOSED_1M_SOURCE;CAUSAL_ENTRY;HORIZON_EMBARGO;EXPANDING_CAUSAL_CALIBRATION;STRATEGY_BASELINE
mh-60-USDJPY-1788769740000,402,ADAPTIVE,mh-v5,BASELINE,USD/JPY,2026-09-07T08:29:00.000Z,2026-09-07T08:31:00.000Z,60,SELL,0.39285714285714285,WIN,0.00013631785958983272,-0.00008368214041016731,0.00022000000000000003,LONDON,TREND_DOWN,1,CLOSED_1M_SOURCE;CAUSAL_ENTRY;HORIZON_EMBARGO;EXPANDING_CAUSAL_CALIBRATION;STRATEGY_BASELINE
mh-60-GBPUSD-1788769860000,403,ADAPTIVE,mh-v5,BASELINE,GBP/USD,2026-09-07T08:31:00.000Z,2026-09-07T08:33:00.000Z,60,BUY,0.29577464788732394,WIN,0.00006778134407412357,-0.00015221865592587646,0.00022000000000000003,LONDON,RANGE,1,CLOSED_1M_SOURCE;CAUSAL_ENTRY;HORIZON_EMBARGO;EXPANDING_CAUSAL_CALIBRATION;STRATEGY_BASELINE
mh-60-USDCHF-1788769920000,404,ADAPTIVE,mh-v5,BASELINE,USD/CHF,2026-09-07T08:32:00.000Z,2026-09-07T08:34:00.000Z,60,SELL,0.29577464788732394,WIN,0.000012382930631338559,-0.00020761706936866148,0.00022000000000000003,LONDON,RANGE,1,CLOSED_1M_SOURCE;CAUSAL_ENTRY;HORIZON_EMBARGO;EXPANDING_CAUSAL_CALIBRATION;STRATEGY_BASELINE
mh-60-USDCAD-1788769980000,405,ADAPTIVE,mh-v5,BASELINE,USD/CAD,2026-09-07T08:33:00.000Z,2026-09-07T08:35:00.000Z,60,SELL,0.38461538461538464,WIN,0.0000723625323194874,-0.00014763746768051264,0.00022000000000000003,LONDON,RANGE,1,CLOSED_1M_SOURCE;CAUSAL_ENTRY;HORIZON_EMBARGO;EXPANDING_CAUSAL_CALIBRATION;STRATEGY_BASELINE
mh-60-EURUSD-1788770100000,406,ADAPTIVE,mh-v5,BASELINE,EUR/USD,2026-09-07T08:35:00.000Z,2026-09-07T08:37:00.000Z,60,BUY,0.4189189189189189,LOSS,-0.00011626547905833362,-0.00033626547905833367,0.00022000000000000003,LONDON,RANGE,1,CLOSED_1M_SOURCE;CAUSAL_ENTRY;HORIZON_EMBARGO;EXPANDING_CAUSAL_CALIBRATION;STRATEGY_BASELINE
mh-60-USDJPY-1788770100000,407,ADAPTIVE,mh-v5,BASELINE,USD/JPY,2026-09-07T08:35:00.000Z,2026-09-07T08:37:00.000Z,60,SELL,0.39823008849557523,LOSS,-0.0002721358052599342,-0.0004921358052599342,0.00022000000000000003,LONDON,TREND_DOWN,1,CLOSED_1M_SOURCE;CAUSAL_ENTRY;HORIZON_EMBARGO;EXPANDING_CAUSAL_CALIBRATION;STRATEGY_BASELINE
mh-60-USDCHF-1788770280000,408,ADAPTIVE,mh-v5,BASELINE,USD/CHF,2026-09-07T08:38:00.000Z,2026-09-07T08:40:00.000Z,60,BUY,0.3964757709251101,WIN,0.00007411533657756152,-0.0001458846634224385,0.00022000000000000003,LONDON,RANGE,1,CLOSED_1M_SOURCE;CAUSAL_ENTRY;HORIZON_EMBARGO;EXPANDING_CAUSAL_CALIBRATION;STRATEGY_BASELINE
mh-60-GBPUSD-1788770340000,409,ADAPTIVE,mh-v5,BASELINE,GBP/USD,2026-09-07T08:39:00.000Z,2026-09-07T08:41:00.000Z,60,SELL,0.41333333333333333,WIN,0.0001489032408953285,-0.00007109675910467152,0.00022000000000000003,LONDON,RANGE,1,CLOSED_1M_SOURCE;CAUSAL_ENTRY;HORIZON_EMBARGO;EXPANDING_CAUSAL_CALIBRATION;STRATEGY_BASELINE
mh-60-USDCAD-1788770340000,410,ADAPTIVE,mh-v5,BASELINE,USD/CAD,2026-09-07T08:39:00.000Z,2026-09-07T08:41:00.000Z,60,BUY,0.3964757709251101,WIN,0.00010856492773361358,-0.00011143507226638646,0.00022000000000000003,LONDON,RANGE,1,CLOSED_1M_SOURCE;CAUSAL_ENTRY;HORIZON_EMBARGO;EXPANDING_CAUSAL_CALIBRATION;STRATEGY_BASELINE
mh-60-EURUSD-1788770460000,411,ADAPTIVE,mh-v5,BASELINE,EUR/USD,2026-09-07T08:41:00.000Z,2026-09-07T08:43:00.000Z,60,SELL,0.4017467248908297,LOSS,-0.00011633311860392057,-0.0003363331186039206,0.00022000000000000003,LONDON,TREND_DOWN,1,CLOSED_1M_SOURCE;CAUSAL_ENTRY;HORIZON_EMBARGO;EXPANDING_CAUSAL_CALIBRATION;STRATEGY_BASELINE
mh-60-USDCAD-1788770640000,412,ADAPTIVE,mh-v5,BASELINE,USD/CAD,2026-09-07T08:44:00.000Z,2026-09-07T08:46:00.000Z,60,BUY,0.3150684931506849,WIN,0.000057859796314546546,-0.0001621402036854535,0.00022000000000000003,LONDON,RANGE,1,CLOSED_1M_SOURCE;CAUSAL_ENTRY;HORIZON_EMBARGO;EXPANDING_CAUSAL_CALIBRATION;STRATEGY_BASELINE
mh-60-USDCHF-1788770640000,413,ADAPTIVE,mh-v5,BASELINE,USD/CHF,2026-09-07T08:44:00.000Z,2026-09-07T08:46:00.000Z,60,BUY,0.42105263157894735,WIN,0.00008648817491533515,-0.00013351182508466487,0.00022000000000000003,LONDON,RANGE,1,CLOSED_1M_SOURCE;CAUSAL_ENTRY;HORIZON_EMBARGO;EXPANDING_CAUSAL_CALIBRATION;STRATEGY_BASELINE
mh-60-GBPUSD-1788770700000,414,ADAPTIVE,mh-v5,BASELINE,GBP/USD,2026-09-07T08:45:00.000Z,2026-09-07T08:47:00.000Z,60,SELL,0.4,DRAW,0,-0.00022000000000000003,0.00022000000000000003,LONDON,RANGE,1,CLOSED_1M_SOURCE;CAUSAL_ENTRY;HORIZON_EMBARGO;EXPANDING_CAUSAL_CALIBRATION;STRATEGY_BASELINE
mh-60-EURUSD-1788770820000,415,ADAPTIVE,mh-v5,BASELINE,EUR/USD,2026-09-07T08:47:00.000Z,2026-09-07T08:49:00.000Z,60,SELL,0.39826839826839827,WIN,0.00011636019169188232,-0.00010363980830811772,0.00022000000000000003,LONDON,TREND_DOWN,1,CLOSED_1M_SOURCE;CAUSAL_ENTRY;HORIZON_EMBARGO;EXPANDING_CAUSAL_CALIBRATION;STRATEGY_BASELINE
mh-60-USDJPY-1788770880000,416,ADAPTIVE,mh-v5,BASELINE,USD/JPY,2026-09-07T08:48:00.000Z,2026-09-07T08:50:00.000Z,60,BUY,0.32432432432432434,WIN,0.0005247201089172273,0.0003047201089172273,0.00022000000000000003,LONDON,RANGE,1,CLOSED_1M_SOURCE;CAUSAL_ENTRY;HORIZON_EMBARGO;EXPANDING_CAUSAL_CALIBRATION;STRATEGY_BASELINE
mh-60-USDCAD-1788771000000,417,ADAPTIVE,mh-v5,BASELINE,USD/CAD,2026-09-07T08:50:00.000Z,2026-09-07T08:52:00.000Z,60,BUY,0.42857142857142855,WIN,0.000007242520007245969,-0.00021275747999275406,0.00022000000000000003,LONDON,RANGE,1,CLOSED_1M_SOURCE;CAUSAL_ENTRY;HORIZON_EMBARGO;EXPANDING_CAUSAL_CALIBRATION;STRATEGY_BASELINE
mh-60-USDCHF-1788771000000,418,ADAPTIVE,mh-v5,BASELINE,USD/CHF,2026-09-07T08:50:00.000Z,2026-09-07T08:52:00.000Z,60,BUY,0.40086206896551724,WIN,0.000012297360485708922,-0.00020770263951429112,0.00022000000000000003,LONDON,TREND_UP,1,CLOSED_1M_SOURCE;CAUSAL_ENTRY;HORIZON_EMBARGO;EXPANDING_CAUSAL_CALIBRATION;STRATEGY_BASELINE
mh-60-GBPUSD-1788771060000,419,ADAPTIVE,mh-v5,BASELINE,GBP/USD,2026-09-07T08:51:00.000Z,2026-09-07T08:53:00.000Z,60,SELL,0.40086206896551724,WIN,0.000027042075266992047,-0.000192957924733008,0.00022000000000000003,LONDON,TREND_DOWN,1,CLOSED_1M_SOURCE;CAUSAL_ENTRY;HORIZON_EMBARGO;EXPANDING_CAUSAL_CALIBRATION;STRATEGY_BASELINE
mh-60-EURUSD-1788771180000,420,ADAPTIVE,mh-v5,BASELINE,EUR/USD,2026-09-07T08:53:00.000Z,2026-09-07T08:55:00.000Z,60,SELL,0.405982905982906,WIN,0.00011628469775412615,-0.00010371530224587388,0.00022000000000000003,LONDON,TREND_DOWN,1,CLOSED_1M_SOURCE;CAUSAL_ENTRY;HORIZON_EMBARGO;EXPANDING_CAUSAL_CALIBRATION;STRATEGY_BASELINE
mh-60-USDJPY-1788771300000,421,ADAPTIVE,mh-v5,BASELINE,USD/JPY,2026-09-07T08:55:00.000Z,2026-09-07T08:57:00.000Z,60,BUY,0.4085106382978723,LOSS,-0.00006469020158750742,-0.00028469020158750747,0.00022000000000000003,LONDON,TREND_UP,1,CLOSED_1M_SOURCE;CAUSAL_ENTRY;HORIZON_EMBARGO;EXPANDING_CAUSAL_CALIBRATION;STRATEGY_BASELINE
mh-60-GBPUSD-1788771420000,422,ADAPTIVE,mh-v5,BASELINE,GBP/USD,2026-09-07T08:57:00.000Z,2026-09-07T08:59:00.000Z,60,SELL,0.4067796610169492,LOSS,-0.00004051303951809211,-0.0002605130395180921,0.00022000000000000003,LONDON,TREND_DOWN,1,CLOSED_1M_SOURCE;CAUSAL_ENTRY;HORIZON_EMBARGO;EXPANDING_CAUSAL_CALIBRATION;STRATEGY_BASELINE
mh-60-USDCAD-1788771420000,423,ADAPTIVE,mh-v5,BASELINE,USD/CAD,2026-09-07T08:57:00.000Z,2026-09-07T08:59:00.000Z,60,BUY,0.4067796610169492,WIN,0.00005785602971058017,-0.00016214397028941986,0.00022000000000000003,LONDON,TREND_UP,1,CLOSED_1M_SOURCE;CAUSAL_ENTRY;HORIZON_EMBARGO;EXPANDING_CAUSAL_CALIBRATION;STRATEGY_BASELINE
mh-60-USDCHF-1788771420000,424,ADAPTIVE,mh-v5,BASELINE,USD/CHF,2026-09-07T08:57:00.000Z,2026-09-07T08:59:00.000Z,60,BUY,0.4067796610169492,WIN,0.000012297360485708922,-0.00020770263951429112,0.00022000000000000003,LONDON,TREND_UP,1,CLOSED_1M_SOURCE;CAUSAL_ENTRY;HORIZON_EMBARGO;EXPANDING_CAUSAL_CALIBRATION;STRATEGY_BASELINE
mh-60-EURUSD-1788771480000,425,ADAPTIVE,mh-v5,BASELINE,EUR/USD,2026-09-07T08:58:00.000Z,2026-09-07T09:00:00.000Z,60,SELL,0.4067796610169492,DRAW,0,-0.00022000000000000003,0.00022000000000000003,LONDON,TREND_DOWN,1,CLOSED_1M_SOURCE;CAUSAL_ENTRY;HORIZON_EMBARGO;EXPANDING_CAUSAL_CALIBRATION;STRATEGY_BASELINE
mh-60-USDJPY-1788771720000,426,ADAPTIVE,mh-v5,BASELINE,USD/JPY,2026-09-07T09:02:00.000Z,2026-09-07T09:04:00.000Z,60,SELL,0.3333333333333333,WIN,0.00042109845608106204,0.000201098456081062,0.00022000000000000003,LONDON,RANGE,1,CLOSED_1M_SOURCE;CAUSAL_ENTRY;HORIZON_EMBARGO;EXPANDING_CAUSAL_CALIBRATION;STRATEGY_BASELINE
mh-60-USDCAD-1788771780000,427,ADAPTIVE,mh-v5,BASELINE,USD/CAD,2026-09-07T09:03:00.000Z,2026-09-07T09:05:00.000Z,60,SELL,0.4358974358974359,LOSS,-0.00007234787479626829,-0.00029234787479626834,0.00022000000000000003,LONDON,RANGE,1,CLOSED_1M_SOURCE;CAUSAL_ENTRY;HORIZON_EMBARGO;EXPANDING_CAUSAL_CALIBRATION;STRATEGY_BASELINE
mh-60-EURUSD-1788771840000,428,ADAPTIVE,mh-v5,BASELINE,EUR/USD,2026-09-07T09:04:00.000Z,2026-09-07T09:06:00.000Z,60,SELL,0.4083333333333333,LOSS,-0.00011627117719542847,-0.0003362711771954285,0.00022000000000000003,LONDON,TREND_DOWN,1,CLOSED_1M_SOURCE;CAUSAL_ENTRY;HORIZON_EMBARGO;EXPANDING_CAUSAL_CALIBRATION;STRATEGY_BASELINE
mh-60-USDCHF-1788771840000,429,ADAPTIVE,mh-v5,BASELINE,USD/CHF,2026-09-07T09:04:00.000Z,2026-09-07T09:06:00.000Z,60,SELL,0.4358974358974359,WIN,0.00002475239319176585,-0.00019524760680823418,0.00022000000000000003,LONDON,RANGE,1,CLOSED_1M_SOURCE;CAUSAL_ENTRY;HORIZON_EMBARGO;EXPANDING_CAUSAL_CALIBRATION;STRATEGY_BASELINE
mh-60-GBPUSD-1788772020000,430,ADAPTIVE,mh-v5,BASELINE,GBP/USD,2026-09-07T09:07:00.000Z,2026-09-07T09:09:00.000Z,60,SELL,0.4375,LOSS,-0.000013563978512191859,-0.0002335639785121919,0.00022000000000000003,LONDON,RANGE,1,CLOSED_1M_SOURCE;CAUSAL_ENTRY;HORIZON_EMBARGO;EXPANDING_CAUSAL_CALIBRATION;STRATEGY_BASELINE
mh-60-USDJPY-1788772140000,431,ADAPTIVE,mh-v5,BASELINE,USD/JPY,2026-09-07T09:09:00.000Z,2026-09-07T09:11:00.000Z,60,SELL,0.4066390041493776,LOSS,-0.0004533800679773646,-0.0006733800679773646,0.00022000000000000003,LONDON,RANGE,1,CLOSED_1M_SOURCE;CAUSAL_ENTRY;HORIZON_EMBARGO;EXPANDING_CAUSAL_CALIBRATION;STRATEGY_BASELINE
mh-60-EURUSD-1788772200000,432,ADAPTIVE,mh-v5,BASELINE,EUR/USD,2026-09-07T09:10:00.000Z,2026-09-07T09:12:00.000Z,60,BUY,0.34210526315789475,LOSS,-0.00011627117719542847,-0.0003362711771954285,0.00022000000000000003,LONDON,RANGE,1,CLOSED_1M_SOURCE;CAUSAL_ENTRY;HORIZON_EMBARGO;EXPANDING_CAUSAL_CALIBRATION;STRATEGY_BASELINE
mh-60-USDCHF-1788772260000,433,ADAPTIVE,mh-v5,BASELINE,USD/CHF,2026-09-07T09:11:00.000Z,2026-09-07T09:13:00.000Z,60,SELL,0.43209876543209874,DRAW,0,-0.00022000000000000003,0.00022000000000000003,LONDON,RANGE,1,CLOSED_1M_SOURCE;CAUSAL_ENTRY;HORIZON_EMBARGO;EXPANDING_CAUSAL_CALIBRATION;STRATEGY_BASELINE
mh-60-USDCAD-1788772380000,434,ADAPTIVE,mh-v5,BASELINE,USD/CAD,2026-09-07T09:13:00.000Z,2026-09-07T09:15:00.000Z,60,BUY,0.33766233766233766,LOSS,-0.0000650997543799201,-0.0002850997543799201,0.00022000000000000003,LONDON,RANGE,1,CLOSED_1M_SOURCE;CAUSAL_ENTRY;HORIZON_EMBARGO;EXPANDING_CAUSAL_CALIBRATION;STRATEGY_BASELINE
mh-60-GBPUSD-1788772440000,435,ADAPTIVE,mh-v5,BASELINE,GBP/USD,2026-09-07T09:14:00.000Z,2026-09-07T09:16:00.000Z,60,BUY,0.4268292682926829,WIN,0.00002703658587277622,-0.00019296341412722382,0.00022000000000000003,LONDON,RANGE,1,CLOSED_1M_SOURCE;CAUSAL_ENTRY;HORIZON_EMBARGO;EXPANDING_CAUSAL_CALIBRATION;STRATEGY_BASELINE
mh-60-USDJPY-1788772500000,436,ADAPTIVE,mh-v5,BASELINE,USD/JPY,2026-09-07T09:15:00.000Z,2026-09-07T09:17:00.000Z,60,SELL,0.4268292682926829,LOSS,-0.00017488979719601264,-0.0003948897971960127,0.00022000000000000003,LONDON,RANGE,1,CLOSED_1M_SOURCE;CAUSAL_ENTRY;HORIZON_EMBARGO;EXPANDING_CAUSAL_CALIBRATION;STRATEGY_BASELINE
mh-60-USDCHF-1788772680000,437,ADAPTIVE,mh-v5,BASELINE,USD/CHF,2026-09-07T09:18:00.000Z,2026-09-07T09:20:00.000Z,60,SELL,0.4049586776859504,LOSS,-0.0001359706533198384,-0.00035597065331983844,0.00022000000000000003,LONDON,RANGE,1,CLOSED_1M_SOURCE;CAUSAL_ENTRY;HORIZON_EMBARGO;EXPANDING_CAUSAL_CALIBRATION;STRATEGY_BASELINE
mh-60-EURUSD-1788772800000,438,ADAPTIVE,mh-v5,BASELINE,EUR/USD,2026-09-07T09:20:00.000Z,2026-09-07T09:22:00.000Z,60,SELL,0.42857142857142855,LOSS,-0.00011628469775412615,-0.0003362846977541262,0.00022000000000000003,LONDON,RANGE,1,CLOSED_1M_SOURCE;CAUSAL_ENTRY;HORIZON_EMBARGO;EXPANDING_CAUSAL_CALIBRATION;STRATEGY_BASELINE
mh-60-GBPUSD-1788772800000,439,ADAPTIVE,mh-v5,BASELINE,GBP/USD,2026-09-07T09:20:00.000Z,2026-09-07T09:22:00.000Z,60,BUY,0.40329218106995884,DRAW,0,-0.00022000000000000003,0.00022000000000000003,LONDON,RANGE,1,CLOSED_1M_SOURCE;CAUSAL_ENTRY;HORIZON_EMBARGO;EXPANDING_CAUSAL_CALIBRATION;STRATEGY_BASELINE
mh-60-USDCAD-1788772860000,440,ADAPTIVE,mh-v5,BASELINE,USD/CAD,2026-09-07T09:21:00.000Z,2026-09-07T09:23:00.000Z,60,BUY,0.3333333333333333,LOSS,-0.00021691659780972863,-0.00043691659780972867,0.00022000000000000003,LONDON,RANGE,1,CLOSED_1M_SOURCE;CAUSAL_ENTRY;HORIZON_EMBARGO;EXPANDING_CAUSAL_CALIBRATION;STRATEGY_BASELINE
mh-60-GBPUSD-1788773160000,441,ADAPTIVE,mh-v5,BASELINE,GBP/USD,2026-09-07T09:26:00.000Z,2026-09-07T09:28:00.000Z,60,BUY,0.4016393442622951,WIN,0.00006771164489724076,-0.00015228835510275928,0.00022000000000000003,LONDON,RANGE,1,CLOSED_1M_SOURCE;CAUSAL_ENTRY;HORIZON_EMBARGO;EXPANDING_CAUSAL_CALIBRATION;STRATEGY_BASELINE
mh-60-USDCHF-1788773160000,442,ADAPTIVE,mh-v5,BASELINE,USD/CHF,2026-09-07T09:26:00.000Z,2026-09-07T09:28:00.000Z,60,SELL,0.3291139240506329,WIN,0.00013592555022404876,-0.00008407444977595127,0.00022000000000000003,LONDON,RANGE,1,CLOSED_1M_SOURCE;CAUSAL_ENTRY;HORIZON_EMBARGO;EXPANDING_CAUSAL_CALIBRATION;STRATEGY_BASELINE
mh-60-USDJPY-1788773220000,443,ADAPTIVE,mh-v5,BASELINE,USD/JPY,2026-09-07T09:27:00.000Z,2026-09-07T09:29:00.000Z,60,SELL,0.4016393442622951,WIN,0.000051834695989013416,-0.00016816530401098662,0.00022000000000000003,LONDON,TREND_DOWN,1,CLOSED_1M_SOURCE;CAUSAL_ENTRY;HORIZON_EMBARGO;EXPANDING_CAUSAL_CALIBRATION;STRATEGY_BASELINE
mh-60-USDCAD-1788773400000,444,ADAPTIVE,mh-v5,BASELINE,USD/CAD,2026-09-07T09:30:00.000Z,2026-09-07T09:32:00.000Z,60,BUY,0.4,LOSS,-0.00010846927775843495,-0.000328469277758435,0.00022000000000000003,LONDON,RANGE,1,CLOSED_1M_SOURCE;CAUSAL_ENTRY;HORIZON_EMBARGO;EXPANDING_CAUSAL_CALIBRATION;STRATEGY_BASELINE
mh-60-EURUSD-1788773460000,445,ADAPTIVE,mh-v5,BASELINE,EUR/USD,2026-09-07T09:31:00.000Z,2026-09-07T09:33:00.000Z,60,BUY,0.4065040650406504,DRAW,0,-0.00022000000000000003,0.00022000000000000003,LONDON,RANGE,1,CLOSED_1M_SOURCE;CAUSAL_ENTRY;HORIZON_EMBARGO;EXPANDING_CAUSAL_CALIBRATION;STRATEGY_BASELINE
mh-60-GBPUSD-1788773520000,446,ADAPTIVE,mh-v5,BASELINE,GBP/USD,2026-09-07T09:32:00.000Z,2026-09-07T09:34:00.000Z,60,BUY,0.4065040650406504,WIN,0.00010836505131142399,-0.00011163494868857604,0.00022000000000000003,LONDON,TREND_UP,1,CLOSED_1M_SOURCE;CAUSAL_ENTRY;HORIZON_EMBARGO;EXPANDING_CAUSAL_CALIBRATION;STRATEGY_BASELINE
mh-60-USDCHF-1788773580000,447,ADAPTIVE,mh-v5,BASELINE,USD/CHF,2026-09-07T09:33:00.000Z,2026-09-07T09:35:00.000Z,60,SELL,0.4048582995951417,WIN,0.000024690015018899284,-0.00019530998498110076,0.00022000000000000003,LONDON,TREND_DOWN,1,CLOSED_1M_SOURCE;CAUSAL_ENTRY;HORIZON_EMBARGO;EXPANDING_CAUSAL_CALIBRATION;STRATEGY_BASELINE
mh-60-USDJPY-1788773640000,448,ADAPTIVE,mh-v5,BASELINE,USD/JPY,2026-09-07T09:34:00.000Z,2026-09-07T09:36:00.000Z,60,SELL,0.40725806451612906,LOSS,-0.000045295328508820426,-0.00026529532850882043,0.00022000000000000003,LONDON,TREND_DOWN,1,CLOSED_1M_SOURCE;CAUSAL_ENTRY;HORIZON_EMBARGO;EXPANDING_CAUSAL_CALIBRATION;STRATEGY_BASELINE
mh-60-USDCAD-1788773760000,449,ADAPTIVE,mh-v5,BASELINE,USD/CAD,2026-09-07T09:36:00.000Z,2026-09-07T09:38:00.000Z,60,SELL,0.408,WIN,0.00007237614685784437,-0.00014762385314215566,0.00022000000000000003,LONDON,RANGE,1,CLOSED_1M_SOURCE;CAUSAL_ENTRY;HORIZON_EMBARGO;EXPANDING_CAUSAL_CALIBRATION;STRATEGY_BASELINE
mh-60-EURUSD-1788773820000,450,ADAPTIVE,mh-v5,BASELINE,EUR/USD,2026-09-07T09:37:00.000Z,2026-09-07T09:39:00.000Z,60,BUY,0.4235294117647059,DRAW,0,-0.00022000000000000003,0.00022000000000000003,LONDON,RANGE,1,CLOSED_1M_SOURCE;CAUSAL_ENTRY;HORIZON_EMBARGO;EXPANDING_CAUSAL_CALIBRATION;STRATEGY_BASELINE
mh-60-GBPUSD-1788773940000,451,ADAPTIVE,mh-v5,BASELINE,GBP/USD,2026-09-07T09:39:00.000Z,2026-09-07T09:41:00.000Z,60,BUY,0.4103585657370518,LOSS,-0.00005413631365330154,-0.0002741363136533016,0.00022000000000000003,LONDON,RANGE,1,CLOSED_1M_SOURCE;CAUSAL_ENTRY;HORIZON_EMBARGO;EXPANDING_CAUSAL_CALIBRATION;STRATEGY_BASELINE
mh-60-USDCHF-1788773940000,452,ADAPTIVE,mh-v5,BASELINE,USD/CHF,2026-09-07T09:39:00.000Z,2026-09-07T09:41:00.000Z,60,SELL,0.4103585657370518,WIN,0.000024690015018899284,-0.00019530998498110076,0.00022000000000000003,LONDON,TREND_DOWN,1,CLOSED_1M_SOURCE;CAUSAL_ENTRY;HORIZON_EMBARGO;EXPANDING_CAUSAL_CALIBRATION;STRATEGY_BASELINE
mh-60-USDCAD-1788774120000,453,ADAPTIVE,mh-v5,BASELINE,USD/CAD,2026-09-07T09:42:00.000Z,2026-09-07T09:44:00.000Z,60,BUY,0.41106719367588934,WIN,0.00007959186190027251,-0.00014040813809972752,0.00022000000000000003,LONDON,RANGE,1,CLOSED_1M_SOURCE;CAUSAL_ENTRY;HORIZON_EMBARGO;EXPANDING_CAUSAL_CALIBRATION;STRATEGY_BASELINE
mh-60-USDJPY-1788774120000,454,ADAPTIVE,mh-v5,BASELINE,USD/JPY,2026-09-07T09:42:00.000Z,2026-09-07T09:44:00.000Z,60,BUY,0.3375,DRAW,0,-0.00022000000000000003,0.00022000000000000003,LONDON,RANGE,1,CLOSED_1M_SOURCE;CAUSAL_ENTRY;HORIZON_EMBARGO;EXPANDING_CAUSAL_CALIBRATION;STRATEGY_BASELINE
mh-60-EURUSD-1788774180000,455,ADAPTIVE,mh-v5,BASELINE,EUR/USD,2026-09-07T09:43:00.000Z,2026-09-07T09:45:00.000Z,60,SELL,0.41106719367588934,LOSS,-0.00011628469775412615,-0.0003362846977541262,0.00022000000000000003,LONDON,RANGE,1,CLOSED_1M_SOURCE;CAUSAL_ENTRY;HORIZON_EMBARGO;EXPANDING_CAUSAL_CALIBRATION;STRATEGY_BASELINE
mh-60-USDCHF-1788774300000,456,ADAPTIVE,mh-v5,BASELINE,USD/CHF,2026-09-07T09:45:00.000Z,2026-09-07T09:47:00.000Z,60,SELL,0.3333333333333333,LOSS,-0.00003706179128994854,-0.00025706179128994855,0.00022000000000000003,LONDON,RANGE,1,CLOSED_1M_SOURCE;CAUSAL_ENTRY;HORIZON_EMBARGO;EXPANDING_CAUSAL_CALIBRATION;STRATEGY_BASELINE
mh-60-GBPUSD-1788774360000,457,ADAPTIVE,mh-v5,BASELINE,GBP/USD,2026-09-07T09:46:00.000Z,2026-09-07T09:48:00.000Z,60,SELL,0.4186046511627907,WIN,0.00004059396454922912,-0.0001794060354507709,0.00022000000000000003,LONDON,RANGE,1,CLOSED_1M_SOURCE;CAUSAL_ENTRY;HORIZON_EMBARGO;EXPANDING_CAUSAL_CALIBRATION;STRATEGY_BASELINE
mh-60-USDJPY-1788774540000,458,ADAPTIVE,mh-v5,BASELINE,USD/JPY,2026-09-07T09:49:00.000Z,2026-09-07T09:51:00.000Z,60,BUY,0.4117647058823529,WIN,0.00007765940482069274,-0.00014234059517930728,0.00022000000000000003,LONDON,TREND_UP,1,CLOSED_1M_SOURCE;CAUSAL_ENTRY;HORIZON_EMBARGO;EXPANDING_CAUSAL_CALIBRATION;STRATEGY_BASELINE
mh-60-EURUSD-1788774600000,459,ADAPTIVE,mh-v5,BASELINE,EUR/USD,2026-09-07T09:50:00.000Z,2026-09-07T09:52:00.000Z,60,SELL,0.42528735632183906,WIN,0.0001162982214576577,-0.00010370177854234233,0.00022000000000000003,LONDON,RANGE,1,CLOSED_1M_SOURCE;CAUSAL_ENTRY;HORIZON_EMBARGO;EXPANDING_CAUSAL_CALIBRATION;STRATEGY_BASELINE
mh-60-USDCAD-1788774600000,460,ADAPTIVE,mh-v5,BASELINE,USD/CAD,2026-09-07T09:50:00.000Z,2026-09-07T09:52:00.000Z,60,SELL,0.4117647058823529,LOSS,-0.0002676554512076788,-0.00048765545120767884,0.00022000000000000003,LONDON,RANGE,1,CLOSED_1M_SOURCE;CAUSAL_ENTRY;HORIZON_EMBARGO;EXPANDING_CAUSAL_CALIBRATION;STRATEGY_BASELINE
mh-60-USDCHF-1788774720000,461,ADAPTIVE,mh-v5,BASELINE,USD/CHF,2026-09-07T09:52:00.000Z,2026-09-07T09:54:00.000Z,60,BUY,0.4318181818181818,LOSS,-0.00008657040332524655,-0.0003065704033252466,0.00022000000000000003,LONDON,RANGE,1,CLOSED_1M_SOURCE;CAUSAL_ENTRY;HORIZON_EMBARGO;EXPANDING_CAUSAL_CALIBRATION;STRATEGY_BASELINE
mh-60-GBPUSD-1788774840000,462,ADAPTIVE,mh-v5,BASELINE,GBP/USD,2026-09-07T09:54:00.000Z,2026-09-07T09:56:00.000Z,60,SELL,0.41245136186770426,LOSS,-0.000027124652927736403,-0.00024712465292773644,0.00022000000000000003,LONDON,TREND_DOWN,1,CLOSED_1M_SOURCE;CAUSAL_ENTRY;HORIZON_EMBARGO;EXPANDING_CAUSAL_CALIBRATION;STRATEGY_BASELINE
mh-60-USDJPY-1788774900000,463,ADAPTIVE,mh-v5,BASELINE,USD/JPY,2026-09-07T09:55:00.000Z,2026-09-07T09:57:00.000Z,60,BUY,0.41245136186770426,WIN,0.00016826824327954016,-0.00005173175672045988,0.00022000000000000003,LONDON,TREND_UP,1,CLOSED_1M_SOURCE;CAUSAL_ENTRY;HORIZON_EMBARGO;EXPANDING_CAUSAL_CALIBRATION;STRATEGY_BASELINE
mh-60-EURUSD-1788774960000,464,ADAPTIVE,mh-v5,BASELINE,EUR/USD,2026-09-07T09:56:00.000Z,2026-09-07T09:58:00.000Z,60,SELL,0.4108527131782946,DRAW,0,-0.00022000000000000003,0.00022000000000000003,LONDON,TREND_DOWN,1,CLOSED_1M_SOURCE;CAUSAL_ENTRY;HORIZON_EMBARGO;EXPANDING_CAUSAL_CALIBRATION;STRATEGY_BASELINE
mh-60-USDCAD-1788774960000,465,ADAPTIVE,mh-v5,BASELINE,USD/CAD,2026-09-07T09:56:00.000Z,2026-09-07T09:58:00.000Z,60,BUY,0.32926829268292684,LOSS,-0.00006510163486157194,-0.00028510163486157196,0.00022000000000000003,LONDON,RANGE,1,CLOSED_1M_SOURCE;CAUSAL_ENTRY;HORIZON_EMBARGO;EXPANDING_CAUSAL_CALIBRATION;STRATEGY_BASELINE
mh-60-USDCHF-1788775140000,466,ADAPTIVE,mh-v5,BASELINE,USD/CHF,2026-09-07T09:59:00.000Z,2026-09-07T10:01:00.000Z,60,BUY,0.42696629213483145,LOSS,-0.000049439670229294704,-0.00026943967022929476,0.00022000000000000003,LONDON,RANGE,1,CLOSED_1M_SOURCE;CAUSAL_ENTRY;HORIZON_EMBARGO;EXPANDING_CAUSAL_CALIBRATION;STRATEGY_BASELINE
mh-60-GBPUSD-1788775200000,467,ADAPTIVE,mh-v5,BASELINE,GBP/USD,2026-09-07T10:00:00.000Z,2026-09-07T10:02:00.000Z,60,SELL,0.4115384615384615,WIN,0.000013474076669081433,-0.0002065259233309186,0.00022000000000000003,LONDON,RANGE,1,CLOSED_1M_SOURCE;CAUSAL_ENTRY;HORIZON_EMBARGO;EXPANDING_CAUSAL_CALIBRATION;STRATEGY_BASELINE
mh-60-EURUSD-1788775320000,468,ADAPTIVE,mh-v5,BASELINE,EUR/USD,2026-09-07T10:02:00.000Z,2026-09-07T10:04:00.000Z,60,SELL,0.3253012048192771,DRAW,0,-0.00022000000000000003,0.00022000000000000003,LONDON,RANGE,1,CLOSED_1M_SOURCE;CAUSAL_ENTRY;HORIZON_EMBARGO;EXPANDING_CAUSAL_CALIBRATION;STRATEGY_BASELINE
mh-60-USDJPY-1788775320000,469,ADAPTIVE,mh-v5,BASELINE,USD/JPY,2026-09-07T10:02:00.000Z,2026-09-07T10:04:00.000Z,60,BUY,0.41379310344827586,LOSS,-0.000045322254559996445,-0.0002653222545599965,0.00022000000000000003,LONDON,TREND_UP,1,CLOSED_1M_SOURCE;CAUSAL_ENTRY;HORIZON_EMBARGO;EXPANDING_CAUSAL_CALIBRATION;STRATEGY_BASELINE
mh-60-USDCAD-1788775500000,470,ADAPTIVE,mh-v5,BASELINE,USD/CAD,2026-09-07T10:05:00.000Z,2026-09-07T10:07:00.000Z,60,SELL,0.4222222222222222,DRAW,0,-0.00022000000000000003,0.00022000000000000003,LONDON,RANGE,1,CLOSED_1M_SOURCE;CAUSAL_ENTRY;HORIZON_EMBARGO;EXPANDING_CAUSAL_CALIBRATION;STRATEGY_BASELINE
mh-60-USDCHF-1788775560000,471,ADAPTIVE,mh-v5,BASELINE,USD/CHF,2026-09-07T10:06:00.000Z,2026-09-07T10:08:00.000Z,60,SELL,0.4122137404580153,LOSS,-0.00014840920293278398,-0.000368409202932784,0.00022000000000000003,LONDON,RANGE,1,CLOSED_1M_SOURCE;CAUSAL_ENTRY;HORIZON_EMBARGO;EXPANDING_CAUSAL_CALIBRATION;STRATEGY_BASELINE
mh-60-GBPUSD-1788775620000,472,ADAPTIVE,mh-v5,BASELINE,GBP/USD,2026-09-07T10:07:00.000Z,2026-09-07T10:09:00.000Z,60,SELL,0.4122137404580153,WIN,0.000013475170808799127,-0.00020652482919120092,0.00022000000000000003,LONDON,RANGE,1,CLOSED_1M_SOURCE;CAUSAL_ENTRY;HORIZON_EMBARGO;EXPANDING_CAUSAL_CALIBRATION;STRATEGY_BASELINE
mh-60-EURUSD-1788775740000,473,ADAPTIVE,mh-v5,BASELINE,EUR/USD,2026-09-07T10:09:00.000Z,2026-09-07T10:11:00.000Z,60,BUY,0.32142857142857145,DRAW,0,-0.00022000000000000003,0.00022000000000000003,LONDON,RANGE,1,CLOSED_1M_SOURCE;CAUSAL_ENTRY;HORIZON_EMBARGO;EXPANDING_CAUSAL_CALIBRATION;STRATEGY_BASELINE
mh-60-USDJPY-1788775740000,474,ADAPTIVE,mh-v5,BASELINE,USD/JPY,2026-09-07T10:09:00.000Z,2026-09-07T10:11:00.000Z,60,BUY,0.4128787878787879,WIN,0.00003880583102539027,-0.00018119416897460978,0.00022000000000000003,LONDON,TREND_UP,1,CLOSED_1M_SOURCE;CAUSAL_ENTRY;HORIZON_EMBARGO;EXPANDING_CAUSAL_CALIBRATION;STRATEGY_BASELINE
mh-60-USDCAD-1788775920000,475,ADAPTIVE,mh-v5,BASELINE,USD/CAD,2026-09-07T10:12:00.000Z,2026-09-07T10:14:00.000Z,60,SELL,0.41509433962264153,WIN,0.000014404548732227201,-0.00020559545126777284,0.00022000000000000003,LONDON,RANGE,1,CLOSED_1M_SOURCE;CAUSAL_ENTRY;HORIZON_EMBARGO;EXPANDING_CAUSAL_CALIBRATION;STRATEGY_BASELINE
mh-60-GBPUSD-1788775980000,476,ADAPTIVE,mh-v5,BASELINE,GBP/USD,2026-09-07T10:13:00.000Z,2026-09-07T10:15:00.000Z,60,BUY,0.3176470588235294,LOSS,-0.00008111195775203097,-0.000301111957752031,0.00022000000000000003,LONDON,RANGE,1,CLOSED_1M_SOURCE;CAUSAL_ENTRY;HORIZON_EMBARGO;EXPANDING_CAUSAL_CALIBRATION;STRATEGY_BASELINE
mh-60-USDCHF-1788775980000,477,ADAPTIVE,mh-v5,BASELINE,USD/CHF,2026-09-07T10:13:00.000Z,2026-09-07T10:15:00.000Z,60,SELL,0.41509433962264153,LOSS,-0.00017308638594889288,-0.0003930863859488929,0.00022000000000000003,LONDON,RANGE,1,CLOSED_1M_SOURCE;CAUSAL_ENTRY;HORIZON_EMBARGO;EXPANDING_CAUSAL_CALIBRATION;STRATEGY_BASELINE
mh-60-USDJPY-1788776100000,478,ADAPTIVE,mh-v5,BASELINE,USD/JPY,2026-09-07T10:15:00.000Z,2026-09-07T10:17:00.000Z,60,BUY,0.4157303370786517,LOSS,-0.0001810848174640369,-0.0004010848174640369,0.00022000000000000003,LONDON,TREND_UP,1,CLOSED_1M_SOURCE;CAUSAL_ENTRY;HORIZON_EMBARGO;EXPANDING_CAUSAL_CALIBRATION;STRATEGY_BASELINE
mh-60-EURUSD-1788776160000,479,ADAPTIVE,mh-v5,BASELINE,EUR/USD,2026-09-07T10:16:00.000Z,2026-09-07T10:18:00.000Z,60,BUY,0.4157303370786517,WIN,0.00011616864529313974,-0.0001038313547068603,0.00022000000000000003,LONDON,RANGE,1,CLOSED_1M_SOURCE;CAUSAL_ENTRY;HORIZON_EMBARGO;EXPANDING_CAUSAL_CALIBRATION;STRATEGY_BASELINE
mh-60-USDCAD-1788776280000,480,ADAPTIVE,mh-v5,BASELINE,USD/CAD,2026-09-07T10:18:00.000Z,2026-09-07T10:20:00.000Z,60,SELL,0.4163568773234201,DRAW,0,-0.00022000000000000003,0.00022000000000000003,LONDON,RANGE,1,CLOSED_1M_SOURCE;CAUSAL_ENTRY;HORIZON_EMBARGO;EXPANDING_CAUSAL_CALIBRATION;STRATEGY_BASELINE
mh-60-GBPUSD-1788776340000,481,ADAPTIVE,mh-v5,BASELINE,GBP/USD,2026-09-07T10:19:00.000Z,2026-09-07T10:21:00.000Z,60,BUY,0.4163568773234201,WIN,0.0000677134812786313,-0.00015228651872136874,0.00022000000000000003,LONDON,RANGE,1,CLOSED_1M_SOURCE;CAUSAL_ENTRY;HORIZON_EMBARGO;EXPANDING_CAUSAL_CALIBRATION;STRATEGY_BASELINE
mh-60-USDCHF-1788776400000,482,ADAPTIVE,mh-v5,BASELINE,USD/CHF,2026-09-07T10:20:00.000Z,2026-09-07T10:22:00.000Z,60,SELL,0.4148148148148148,LOSS,-0.00019782715905974313,-0.0004178271590597432,0.00022000000000000003,LONDON,TREND_DOWN,1,CLOSED_1M_SOURCE;CAUSAL_ENTRY;HORIZON_EMBARGO;EXPANDING_CAUSAL_CALIBRATION;STRATEGY_BASELINE
mh-60-USDJPY-1788776460000,483,ADAPTIVE,mh-v5,BASELINE,USD/JPY,2026-09-07T10:21:00.000Z,2026-09-07T10:23:00.000Z,60,BUY,0.4175824175824176,WIN,0.00020698548880704006,-0.000013014511192959973,0.00022000000000000003,LONDON,RANGE,1,CLOSED_1M_SOURCE;CAUSAL_ENTRY;HORIZON_EMBARGO;EXPANDING_CAUSAL_CALIBRATION;STRATEGY_BASELINE
mh-60-EURUSD-1788776520000,484,ADAPTIVE,mh-v5,BASELINE,EUR/USD,2026-09-07T10:22:00.000Z,2026-09-07T10:24:00.000Z,60,BUY,0.313953488372093,WIN,0.00011616864529313974,-0.0001038313547068603,0.00022000000000000003,LONDON,RANGE,1,CLOSED_1M_SOURCE;CAUSAL_ENTRY;HORIZON_EMBARGO;EXPANDING_CAUSAL_CALIBRATION;STRATEGY_BASELINE
mh-60-USDCAD-1788776640000,485,ADAPTIVE,mh-v5,BASELINE,USD/CAD,2026-09-07T10:24:00.000Z,2026-09-07T10:26:00.000Z,60,SELL,0.41544117647058826,LOSS,-0.00027490992753488174,-0.0004949099275348818,0.00022000000000000003,LONDON,RANGE,1,CLOSED_1M_SOURCE;CAUSAL_ENTRY;HORIZON_EMBARGO;EXPANDING_CAUSAL_CALIBRATION;STRATEGY_BASELINE
mh-60-GBPUSD-1788776700000,486,ADAPTIVE,mh-v5,BASELINE,GBP/USD,2026-09-07T10:25:00.000Z,2026-09-07T10:27:00.000Z,60,BUY,0.3902439024390244,LOSS,-0.000013472253102250439,-0.00023347225310225048,0.00022000000000000003,LONDON,RANGE,1,CLOSED_1M_SOURCE;CAUSAL_ENTRY;HORIZON_EMBARGO;EXPANDING_CAUSAL_CALIBRATION;STRATEGY_BASELINE
mh-60-USDCHF-1788776820000,487,ADAPTIVE,mh-v5,BASELINE,USD/CHF,2026-09-07T10:27:00.000Z,2026-09-07T10:29:00.000Z,60,SELL,0.38095238095238093,DRAW,0,-0.00022000000000000003,0.00022000000000000003,LONDON,RANGE,1,CLOSED_1M_SOURCE;CAUSAL_ENTRY;HORIZON_EMBARGO;EXPANDING_CAUSAL_CALIBRATION;STRATEGY_BASELINE
mh-60-USDJPY-1788776820000,488,ADAPTIVE,mh-v5,BASELINE,USD/JPY,2026-09-07T10:27:00.000Z,2026-09-07T10:29:00.000Z,60,BUY,0.4139194139194139,WIN,0.0001615960241458792,-0.00005840397585412085,0.00022000000000000003,LONDON,TREND_UP,1,CLOSED_1M_SOURCE;CAUSAL_ENTRY;HORIZON_EMBARGO;EXPANDING_CAUSAL_CALIBRATION;STRATEGY_BASELINE
mh-60-EURUSD-1788776880000,489,ADAPTIVE,mh-v5,BASELINE,EUR/USD,2026-09-07T10:28:00.000Z,2026-09-07T10:30:00.000Z,60,SELL,0.3218390804597701,DRAW,0,-0.00022000000000000003,0.00022000000000000003,LONDON,RANGE,1,CLOSED_1M_SOURCE;CAUSAL_ENTRY;HORIZON_EMBARGO;EXPANDING_CAUSAL_CALIBRATION;STRATEGY_BASELINE
mh-60-USDCAD-1788777000000,490,ADAPTIVE,mh-v5,BASELINE,USD/CAD,2026-09-07T10:30:00.000Z,2026-09-07T10:32:00.000Z,60,SELL,0.37209302325581395,WIN,0.000007246031137403469,-0.00021275396886259656,0.00022000000000000003,LONDON,RANGE,1,CLOSED_1M_SOURCE;CAUSAL_ENTRY;HORIZON_EMBARGO;EXPANDING_CAUSAL_CALIBRATION;STRATEGY_BASELINE
mh-60-GBPUSD-1788777120000,491,ADAPTIVE,mh-v5,BASELINE,GBP/USD,2026-09-07T10:32:00.000Z,2026-09-07T10:34:00.000Z,60,BUY,0.3181818181818182,LOSS,-0.0000541575710567146,-0.00027415757105671464,0.00022000000000000003,LONDON,RANGE,1,CLOSED_1M_SOURCE;CAUSAL_ENTRY;HORIZON_EMBARGO;EXPANDING_CAUSAL_CALIBRATION;STRATEGY_BASELINE
mh-60-EURUSD-1788777180000,492,ADAPTIVE,mh-v5,BASELINE,EUR/USD,2026-09-07T10:33:00.000Z,2026-09-07T10:35:00.000Z,60,BUY,0.42391304347826086,LOSS,-0.00011615515170652217,-0.0003361551517065222,0.00022000000000000003,LONDON,RANGE,1,CLOSED_1M_SOURCE;CAUSAL_ENTRY;HORIZON_EMBARGO;EXPANDING_CAUSAL_CALIBRATION;STRATEGY_BASELINE
mh-60-USDJPY-1788777240000,493,ADAPTIVE,mh-v5,BASELINE,USD/JPY,2026-09-07T10:34:00.000Z,2026-09-07T10:36:00.000Z,60,BUY,0.41605839416058393,LOSS,-0.00007112389565601683,-0.00029112389565601687,0.00022000000000000003,LONDON,TREND_UP,1,CLOSED_1M_SOURCE;CAUSAL_ENTRY;HORIZON_EMBARGO;EXPANDING_CAUSAL_CALIBRATION;STRATEGY_BASELINE
mh-60-USDCHF-1788777360000,494,ADAPTIVE,mh-v5,BASELINE,USD/CHF,2026-09-07T10:36:00.000Z,2026-09-07T10:38:00.000Z,60,BUY,0.3146067415730337,DRAW,0,-0.00022000000000000003,0.00022000000000000003,LONDON,RANGE,1,CLOSED_1M_SOURCE;CAUSAL_ENTRY;HORIZON_EMBARGO;EXPANDING_CAUSAL_CALIBRATION;STRATEGY_BASELINE
mh-60-USDJPY-1788777600000,495,ADAPTIVE,mh-v5,BASELINE,USD/JPY,2026-09-07T10:40:00.000Z,2026-09-07T10:42:00.000Z,60,BUY,0.41454545454545455,LOSS,-0.00005818394687154779,-0.00027818394687154785,0.00022000000000000003,LONDON,TREND_UP,1,CLOSED_1M_SOURCE;CAUSAL_ENTRY;HORIZON_EMBARGO;EXPANDING_CAUSAL_CALIBRATION;STRATEGY_BASELINE
mh-60-EURUSD-1788777660000,496,ADAPTIVE,mh-v5,BASELINE,EUR/USD,2026-09-07T10:41:00.000Z,2026-09-07T10:43:00.000Z,60,BUY,0.3111111111111111,DRAW,0,-0.00022000000000000003,0.00022000000000000003,LONDON,RANGE,1,CLOSED_1M_SOURCE;CAUSAL_ENTRY;HORIZON_EMBARGO;EXPANDING_CAUSAL_CALIBRATION;STRATEGY_BASELINE
mh-60-USDCAD-1788777660000,497,ADAPTIVE,mh-v5,BASELINE,USD/CAD,2026-09-07T10:41:00.000Z,2026-09-07T10:43:00.000Z,60,SELL,0.3111111111111111,DRAW,0,-0.00022000000000000003,0.00022000000000000003,LONDON,RANGE,1,CLOSED_1M_SOURCE;CAUSAL_ENTRY;HORIZON_EMBARGO;EXPANDING_CAUSAL_CALIBRATION;STRATEGY_BASELINE
mh-60-GBPUSD-1788777720000,498,ADAPTIVE,mh-v5,BASELINE,GBP/USD,2026-09-07T10:42:00.000Z,2026-09-07T10:44:00.000Z,60,BUY,0.41304347826086957,WIN,0.000013560123164661543,-0.0002064398768353385,0.00022000000000000003,LONDON,RANGE,1,CLOSED_1M_SOURCE;CAUSAL_ENTRY;HORIZON_EMBARGO;EXPANDING_CAUSAL_CALIBRATION;STRATEGY_BASELINE
mh-60-USDCAD-1788778020000,499,ADAPTIVE,mh-v5,BASELINE,USD/CAD,2026-09-07T10:47:00.000Z,2026-09-07T10:49:00.000Z,60,SELL,0.30434782608695654,WIN,0.00002174218394370776,-0.00019825781605629228,0.00022000000000000003,LONDON,RANGE,1,CLOSED_1M_SOURCE;CAUSAL_ENTRY;HORIZON_EMBARGO;EXPANDING_CAUSAL_CALIBRATION;STRATEGY_BASELINE
mh-60-USDCHF-1788778020000,500,ADAPTIVE,mh-v5,BASELINE,USD/CHF,2026-09-07T10:47:00.000Z,2026-09-07T10:49:00.000Z,60,SELL,0.4151624548736462,LOSS,-0.0001112948253728911,-0.0003312948253728911,0.00022000000000000003,LONDON,RANGE,1,CLOSED_1M_SOURCE;CAUSAL_ENTRY;HORIZON_EMBARGO;EXPANDING_CAUSAL_CALIBRATION;STRATEGY_BASELINE
mh-60-USDJPY-1788778020000,501,ADAPTIVE,mh-v6,BASELINE,USD/JPY,2026-09-07T10:47:00.000Z,2026-09-07T10:49:00.000Z,60,SELL,0.4151624548736462,LOSS,-0.0001357546999391965,-0.00035575469993919656,0.00022000000000000003,LONDON,RANGE,1,CLOSED_1M_SOURCE;CAUSAL_ENTRY;HORIZON_EMBARGO;EXPANDING_CAUSAL_CALIBRATION;STRATEGY_BASELINE
mh-60-EURUSD-1788778080000,502,ADAPTIVE,mh-v6,BASELINE,EUR/USD,2026-09-07T10:48:00.000Z,2026-09-07T10:50:00.000Z,60,BUY,0.4151624548736462,LOSS,-0.00011634665357296985,-0.0003363466535729699,0.00022000000000000003,LONDON,RANGE,1,CLOSED_1M_SOURCE;CAUSAL_ENTRY;HORIZON_EMBARGO;EXPANDING_CAUSAL_CALIBRATION;STRATEGY_BASELINE
mh-60-GBPUSD-1788778080000,503,ADAPTIVE,mh-v6,BASELINE,GBP/USD,2026-09-07T10:48:00.000Z,2026-09-07T10:50:00.000Z,60,BUY,0.4151624548736462,LOSS,-0.0000812605796124337,-0.0003012605796124337,0.00022000000000000003,LONDON,RANGE,1,CLOSED_1M_SOURCE;CAUSAL_ENTRY;HORIZON_EMBARGO;EXPANDING_CAUSAL_CALIBRATION;STRATEGY_BASELINE
mh-60-USDCAD-1788778380000,504,ADAPTIVE,mh-v6,BASELINE,USD/CAD,2026-09-07T10:53:00.000Z,2026-09-07T10:55:00.000Z,60,SELL,0.41935483870967744,LOSS,-0.000007247919307878928,-0.00022724791930787895,0.00022000000000000003,LONDON,RANGE,1,CLOSED_1M_SOURCE;CAUSAL_ENTRY;HORIZON_EMBARGO;EXPANDING_CAUSAL_CALIBRATION;STRATEGY_BASELINE
mh-60-USDJPY-1788778380000,505,ADAPTIVE,mh-v6,BASELINE,USD/JPY,2026-09-07T10:53:00.000Z,2026-09-07T10:55:00.000Z,60,SELL,0.4092526690391459,LOSS,-0.0002198561915519765,-0.0004398561915519765,0.00022000000000000003,LONDON,TREND_DOWN,1,CLOSED_1M_SOURCE;CAUSAL_ENTRY;HORIZON_EMBARGO;EXPANDING_CAUSAL_CALIBRATION;STRATEGY_BASELINE
mh-60-EURUSD-1788778440000,506,ADAPTIVE,mh-v6,BASELINE,EUR/USD,2026-09-07T10:54:00.000Z,2026-09-07T10:56:00.000Z,60,BUY,0.4092526690391459,LOSS,-0.00011634665357296985,-0.0003363466535729699,0.00022000000000000003,LONDON,RANGE,1,CLOSED_1M_SOURCE;CAUSAL_ENTRY;HORIZON_EMBARGO;EXPANDING_CAUSAL_CALIBRATION;STRATEGY_BASELINE
mh-60-GBPUSD-1788778440000,507,ADAPTIVE,mh-v6,BASELINE,GBP/USD,2026-09-07T10:54:00.000Z,2026-09-07T10:56:00.000Z,60,BUY,0.4092526690391459,LOSS,-0.00012185015371696234,-0.0003418501537169624,0.00022000000000000003,LONDON,RANGE,1,CLOSED_1M_SOURCE;CAUSAL_ENTRY;HORIZON_EMBARGO;EXPANDING_CAUSAL_CALIBRATION;STRATEGY_BASELINE
mh-60-USDCHF-1788778560000,508,ADAPTIVE,mh-v6,BASELINE,USD/CHF,2026-09-07T10:56:00.000Z,2026-09-07T10:58:00.000Z,60,BUY,0.40492957746478875,LOSS,-0.00004944761633012319,-0.00026944761633012325,0.00022000000000000003,LONDON,RANGE,1,CLOSED_1M_SOURCE;CAUSAL_ENTRY;HORIZON_EMBARGO;EXPANDING_CAUSAL_CALIBRATION;STRATEGY_BASELINE
mh-60-GBPUSD-1788778800000,509,ADAPTIVE,mh-v6,BASELINE,GBP/USD,2026-09-07T11:00:00.000Z,2026-09-07T11:02:00.000Z,60,BUY,0.40350877192982454,LOSS,-0.00004067706355976077,-0.0002606770635597608,0.00022000000000000003,LONDON,RANGE,1,CLOSED_1M_SOURCE;CAUSAL_ENTRY;HORIZON_EMBARGO;EXPANDING_CAUSAL_CALIBRATION;STRATEGY_BASELINE
mh-60-USDJPY-1788778800000,510,ADAPTIVE,mh-v6,BASELINE,USD/JPY,2026-09-07T11:00:00.000Z,2026-09-07T11:02:00.000Z,60,SELL,0.4148936170212766,LOSS,-0.0002520940026580334,-0.00047209400265803346,0.00022000000000000003,LONDON,RANGE,1,CLOSED_1M_SOURCE;CAUSAL_ENTRY;HORIZON_EMBARGO;EXPANDING_CAUSAL_CALIBRATION;STRATEGY_BASELINE
mh-60-USDCAD-1788778920000,511,ADAPTIVE,mh-v6,BASELINE,USD/CAD,2026-09-07T11:02:00.000Z,2026-09-07T11:04:00.000Z,60,SELL,0.4105263157894737,LOSS,-0.00026054600953512124,-0.00048054600953512127,0.00022000000000000003,LONDON,RANGE,1,CLOSED_1M_SOURCE;CAUSAL_ENTRY;HORIZON_EMBARGO;EXPANDING_CAUSAL_CALIBRATION;STRATEGY_BASELINE
mh-60-USDCHF-1788778920000,512,ADAPTIVE,mh-v6,BASELINE,USD/CHF,2026-09-07T11:02:00.000Z,2026-09-07T11:04:00.000Z,60,BUY,0.4020979020979021,LOSS,-0.000024757899427812523,-0.00024475789942781257,0.00022000000000000003,LONDON,RANGE,1,CLOSED_1M_SOURCE;CAUSAL_ENTRY;HORIZON_EMBARGO;EXPANDING_CAUSAL_CALIBRATION;STRATEGY_BASELINE
mh-60-EURUSD-1788779160000,513,ADAPTIVE,mh-v6,BASELINE,EUR/USD,2026-09-07T11:06:00.000Z,2026-09-07T11:08:00.000Z,60,BUY,0.3118279569892473,DRAW,0,-0.00022000000000000003,0.00022000000000000003,LONDON,RANGE,1,CLOSED_1M_SOURCE;CAUSAL_ENTRY;HORIZON_EMBARGO;EXPANDING_CAUSAL_CALIBRATION;STRATEGY_BASELINE
mh-60-USDCHF-1788779280000,514,ADAPTIVE,mh-v6,BASELINE,USD/CHF,2026-09-07T11:08:00.000Z,2026-09-07T11:10:00.000Z,60,BUY,0.40625,WIN,0.000012379868300308192,-0.00020762013169969184,0.00022000000000000003,LONDON,RANGE,1,CLOSED_1M_SOURCE;CAUSAL_ENTRY;HORIZON_EMBARGO;EXPANDING_CAUSAL_CALIBRATION;STRATEGY_BASELINE
mh-60-USDJPY-1788779280000,515,ADAPTIVE,mh-v6,BASELINE,USD/JPY,2026-09-07T11:08:00.000Z,2026-09-07T11:10:00.000Z,60,SELL,0.30851063829787234,LOSS,-0.000206834310626273,-0.00042683431062627303,0.00022000000000000003,LONDON,RANGE,1,CLOSED_1M_SOURCE;CAUSAL_ENTRY;HORIZON_EMBARGO;EXPANDING_CAUSAL_CALIBRATION;STRATEGY_BASELINE
mh-60-GBPUSD-1788779340000,516,ADAPTIVE,mh-v6,BASELINE,GBP/USD,2026-09-07T11:09:00.000Z,2026-09-07T11:11:00.000Z,60,SELL,0.38636363636363635,WIN,0.0001083151421134292,-0.00011168485788657083,0.00022000000000000003,LONDON,RANGE,1,CLOSED_1M_SOURCE;CAUSAL_ENTRY;HORIZON_EMBARGO;EXPANDING_CAUSAL_CALIBRATION;STRATEGY_BASELINE
mh-60-USDCAD-1788779460000,517,ADAPTIVE,mh-v6,BASELINE,USD/CAD,2026-09-07T11:11:00.000Z,2026-09-07T11:13:00.000Z,60,BUY,0.41237113402061853,WIN,0.00010852579696151923,-0.0001114742030384808,0.00022000000000000003,LONDON,RANGE,1,CLOSED_1M_SOURCE;CAUSAL_ENTRY;HORIZON_EMBARGO;EXPANDING_CAUSAL_CALIBRATION;STRATEGY_BASELINE
mh-60-USDJPY-1788779640000,518,ADAPTIVE,mh-v6,BASELINE,USD/JPY,2026-09-07T11:14:00.000Z,2026-09-07T11:16:00.000Z,60,BUY,0.40069686411149824,WIN,0.000032348419301394464,-0.00018765158069860557,0.00022000000000000003,LONDON,RANGE,1,CLOSED_1M_SOURCE;CAUSAL_ENTRY;HORIZON_EMBARGO;EXPANDING_CAUSAL_CALIBRATION;STRATEGY_BASELINE
mh-60-EURUSD-1788779700000,519,ADAPTIVE,mh-v6,BASELINE,EUR/USD,2026-09-07T11:15:00.000Z,2026-09-07T11:17:00.000Z,60,SELL,0.41836734693877553,LOSS,-0.00011615515170652217,-0.0003361551517065222,0.00022000000000000003,LONDON,RANGE,1,CLOSED_1M_SOURCE;CAUSAL_ENTRY;HORIZON_EMBARGO;EXPANDING_CAUSAL_CALIBRATION;STRATEGY_BASELINE
mh-60-GBPUSD-1788779700000,520,ADAPTIVE,mh-v6,BASELINE,GBP/USD,2026-09-07T11:15:00.000Z,2026-09-07T11:17:00.000Z,60,SELL,0.41836734693877553,DRAW,0,-0.00022000000000000003,0.00022000000000000003,LONDON,RANGE,1,CLOSED_1M_SOURCE;CAUSAL_ENTRY;HORIZON_EMBARGO;EXPANDING_CAUSAL_CALIBRATION;STRATEGY_BASELINE
mh-60-USDCHF-1788779700000,521,ADAPTIVE,mh-v6,BASELINE,USD/CHF,2026-09-07T11:15:00.000Z,2026-09-07T11:17:00.000Z,60,BUY,0.40069686411149824,LOSS,-0.000024755451504070503,-0.00024475545150407055,0.00022000000000000003,LONDON,RANGE,1,CLOSED_1M_SOURCE;CAUSAL_ENTRY;HORIZON_EMBARGO;EXPANDING_CAUSAL_CALIBRATION;STRATEGY_BASELINE
mh-60-USDCAD-1788779820000,522,ADAPTIVE,mh-v6,BASELINE,USD/CAD,2026-09-07T11:17:00.000Z,2026-09-07T11:19:00.000Z,60,SELL,0.30526315789473685,LOSS,-0.00007238137929921885,-0.00029238137929921886,0.00022000000000000003,LONDON,RANGE,1,CLOSED_1M_SOURCE;CAUSAL_ENTRY;HORIZON_EMBARGO;EXPANDING_CAUSAL_CALIBRATION;STRATEGY_BASELINE
mh-60-USDJPY-1788780000000,523,ADAPTIVE,mh-v6,BASELINE,USD/JPY,2026-09-07T11:20:00.000Z,2026-09-07T11:22:00.000Z,60,BUY,0.41,LOSS,-0.0000904304915444532,-0.00031043049154445325,0.00022000000000000003,LONDON,RANGE,1,CLOSED_1M_SOURCE;CAUSAL_ENTRY;HORIZON_EMBARGO;EXPANDING_CAUSAL_CALIBRATION;STRATEGY_BASELINE
mh-60-GBPUSD-1788780060000,524,ADAPTIVE,mh-v6,BASELINE,GBP/USD,2026-09-07T11:21:00.000Z,2026-09-07T11:23:00.000Z,60,SELL,0.4,LOSS,-0.000013561224127672057,-0.0002335612241276721,0.00022000000000000003,LONDON,RANGE,1,CLOSED_1M_SOURCE;CAUSAL_ENTRY;HORIZON_EMBARGO;EXPANDING_CAUSAL_CALIBRATION;STRATEGY_BASELINE
mh-60-USDCHF-1788780060000,525,ADAPTIVE,mh-v6,BASELINE,USD/CHF,2026-09-07T11:21:00.000Z,2026-09-07T11:23:00.000Z,60,BUY,0.3020833333333333,LOSS,-0.000024680859904734828,-0.00024468085990473487,0.00022000000000000003,LONDON,RANGE,1,CLOSED_1M_SOURCE;CAUSAL_ENTRY;HORIZON_EMBARGO;EXPANDING_CAUSAL_CALIBRATION;STRATEGY_BASELINE
mh-60-EURUSD-1788780240000,526,ADAPTIVE,mh-v6,BASELINE,EUR/USD,2026-09-07T11:24:00.000Z,2026-09-07T11:26:00.000Z,60,SELL,0.29896907216494845,DRAW,0,-0.00022000000000000003,0.00022000000000000003,LONDON,RANGE,1,CLOSED_1M_SOURCE;CAUSAL_ENTRY;HORIZON_EMBARGO;EXPANDING_CAUSAL_CALIBRATION;STRATEGY_BASELINE
mh-60-USDCAD-1788780240000,527,ADAPTIVE,mh-v6,BASELINE,USD/CAD,2026-09-07T11:24:00.000Z,2026-09-07T11:26:00.000Z,60,BUY,0.29896907216494845,WIN,0.00003623304056461429,-0.00018376695943538574,0.00022000000000000003,LONDON,RANGE,1,CLOSED_1M_SOURCE;CAUSAL_ENTRY;HORIZON_EMBARGO;EXPANDING_CAUSAL_CALIBRATION;STRATEGY_BASELINE
mh-60-USDJPY-1788780360000,528,ADAPTIVE,mh-v6,BASELINE,USD/JPY,2026-09-07T11:26:00.000Z,2026-09-07T11:28:00.000Z,60,SELL,0.391304347826087,LOSS,-0.00010346980925552733,-0.00032346980925552734,0.00022000000000000003,LONDON,RANGE,1,CLOSED_1M_SOURCE;CAUSAL_ENTRY;HORIZON_EMBARGO;EXPANDING_CAUSAL_CALIBRATION;STRATEGY_BASELINE
mh-60-USDCHF-1788780420000,529,ADAPTIVE,mh-v6,BASELINE,USD/CHF,2026-09-07T11:27:00.000Z,2026-09-07T11:29:00.000Z,60,BUY,0.391304347826087,WIN,0.000012378490927855575,-0.00020762150907214445,0.00022000000000000003,LONDON,RANGE,1,CLOSED_1M_SOURCE;CAUSAL_ENTRY;HORIZON_EMBARGO;EXPANDING_CAUSAL_CALIBRATION;STRATEGY_BASELINE
mh-60-EURUSD-1788780540000,530,ADAPTIVE,mh-v6,BASELINE,EUR/USD,2026-09-07T11:29:00.000Z,2026-09-07T11:31:00.000Z,60,BUY,0.30303030303030304,DRAW,0,-0.00022000000000000003,0.00022000000000000003,LONDON,RANGE,1,CLOSED_1M_SOURCE;CAUSAL_ENTRY;HORIZON_EMBARGO;EXPANDING_CAUSAL_CALIBRATION;STRATEGY_BASELINE
mh-60-GBPUSD-1788780540000,531,ADAPTIVE,mh-v6,BASELINE,GBP/USD,2026-09-07T11:29:00.000Z,2026-09-07T11:31:00.000Z,60,SELL,0.4013840830449827,WIN,0.00004059891233664442,-0.00017940108766335562,0.00022000000000000003,LONDON,RANGE,1,CLOSED_1M_SOURCE;CAUSAL_ENTRY;HORIZON_EMBARGO;EXPANDING_CAUSAL_CALIBRATION;STRATEGY_BASELINE
mh-60-USDCAD-1788780600000,532,ADAPTIVE,mh-v6,BASELINE,USD/CAD,2026-09-07T11:30:00.000Z,2026-09-07T11:32:00.000Z,60,BUY,0.4013840830449827,WIN,0.00010851244787865927,-0.00011148755212134076,0.00022000000000000003,LONDON,RANGE,1,CLOSED_1M_SOURCE;CAUSAL_ENTRY;HORIZON_EMBARGO;EXPANDING_CAUSAL_CALIBRATION;STRATEGY_BASELINE
mh-60-USDJPY-1788780780000,533,ADAPTIVE,mh-v6,BASELINE,USD/JPY,2026-09-07T11:33:00.000Z,2026-09-07T11:35:00.000Z,60,SELL,0.4054982817869416,LOSS,-0.00016162633589642968,-0.00038162633589642974,0.00022000000000000003,LONDON,TREND_DOWN,1,CLOSED_1M_SOURCE;CAUSAL_ENTRY;HORIZON_EMBARGO;EXPANDING_CAUSAL_CALIBRATION;STRATEGY_BASELINE
mh-60-USDCHF-1788780900000,534,ADAPTIVE,mh-v6,BASELINE,USD/CHF,2026-09-07T11:35:00.000Z,2026-09-07T11:37:00.000Z,60,SELL,0.40594059405940597,DRAW,0,-0.00022000000000000003,0.00022000000000000003,LONDON,RANGE,1,CLOSED_1M_SOURCE;CAUSAL_ENTRY;HORIZON_EMBARGO;EXPANDING_CAUSAL_CALIBRATION;STRATEGY_BASELINE
mh-60-EURUSD-1788780960000,535,ADAPTIVE,mh-v6,BASELINE,EUR/USD,2026-09-07T11:36:00.000Z,2026-09-07T11:38:00.000Z,60,SELL,0.3,DRAW,0,-0.00022000000000000003,0.00022000000000000003,LONDON,RANGE,1,CLOSED_1M_SOURCE;CAUSAL_ENTRY;HORIZON_EMBARGO;EXPANDING_CAUSAL_CALIBRATION;STRATEGY_BASELINE
mh-60-GBPUSD-1788780960000,536,ADAPTIVE,mh-v6,BASELINE,GBP/USD,2026-09-07T11:36:00.000Z,2026-09-07T11:38:00.000Z,60,SELL,0.4041095890410959,LOSS,-0.000027038414629420473,-0.0002470384146294205,0.00022000000000000003,LONDON,RANGE,1,CLOSED_1M_SOURCE;CAUSAL_ENTRY;HORIZON_EMBARGO;EXPANDING_CAUSAL_CALIBRATION;STRATEGY_BASELINE
mh-60-USDCAD-1788781020000,537,ADAPTIVE,mh-v6,BASELINE,USD/CAD,2026-09-07T11:37:00.000Z,2026-09-07T11:39:00.000Z,60,BUY,0.4019607843137255,WIN,0.000050633758691409754,-0.00016936624130859027,0.00022000000000000003,LONDON,RANGE,1,CLOSED_1M_SOURCE;CAUSAL_ENTRY;HORIZON_EMBARGO;EXPANDING_CAUSAL_CALIBRATION;STRATEGY_BASELINE
mh-60-USDJPY-1788781200000,538,ADAPTIVE,mh-v6,BASELINE,USD/JPY,2026-09-07T11:40:00.000Z,2026-09-07T11:42:00.000Z,60,SELL,0.40273037542662116,WIN,0.00007113815523075599,-0.00014886184476924406,0.00022000000000000003,LONDON,RANGE,1,CLOSED_1M_SOURCE;CAUSAL_ENTRY;HORIZON_EMBARGO;EXPANDING_CAUSAL_CALIBRATION;STRATEGY_BASELINE
mh-60-EURUSD-1788781320000,539,ADAPTIVE,mh-v6,BASELINE,EUR/USD,2026-09-07T11:42:00.000Z,2026-09-07T11:44:00.000Z,60,BUY,0.4077669902912621,LOSS,-0.00011615515170652217,-0.0003361551517065222,0.00022000000000000003,LONDON,RANGE,1,CLOSED_1M_SOURCE;CAUSAL_ENTRY;HORIZON_EMBARGO;EXPANDING_CAUSAL_CALIBRATION;STRATEGY_BASELINE
mh-60-GBPUSD-1788781320000,540,ADAPTIVE,mh-v6,BASELINE,GBP/USD,2026-09-07T11:42:00.000Z,2026-09-07T11:44:00.000Z,60,BUY,0.40476190476190477,LOSS,-0.00008119013108419645,-0.00030119013108419646,0.00022000000000000003,LONDON,RANGE,1,CLOSED_1M_SOURCE;CAUSAL_ENTRY;HORIZON_EMBARGO;EXPANDING_CAUSAL_CALIBRATION;STRATEGY_BASELINE
mh-60-USDCAD-1788781320000,541,ADAPTIVE,mh-v6,BASELINE,USD/CAD,2026-09-07T11:42:00.000Z,2026-09-07T11:44:00.000Z,60,BUY,0.4077669902912621,WIN,0.000050720384729644826,-0.00016927961527035522,0.00022000000000000003,LONDON,RANGE,1,CLOSED_1M_SOURCE;CAUSAL_ENTRY;HORIZON_EMBARGO;EXPANDING_CAUSAL_CALIBRATION;STRATEGY_BASELINE
mh-60-USDCHF-1788781320000,542,ADAPTIVE,mh-v6,BASELINE,USD/CHF,2026-09-07T11:42:00.000Z,2026-09-07T11:44:00.000Z,60,SELL,0.297029702970297,LOSS,-0.00007419818253504464,-0.00029419818253504466,0.00022000000000000003,LONDON,RANGE,1,CLOSED_1M_SOURCE;CAUSAL_ENTRY;HORIZON_EMBARGO;EXPANDING_CAUSAL_CALIBRATION;STRATEGY_BASELINE
mh-60-EURUSD-1788781680000,543,ADAPTIVE,mh-v6,BASELINE,EUR/USD,2026-09-07T11:48:00.000Z,2026-09-07T11:50:00.000Z,60,BUY,0.4095238095238095,DRAW,0,-0.00022000000000000003,0.00022000000000000003,LONDON,RANGE,1,CLOSED_1M_SOURCE;CAUSAL_ENTRY;HORIZON_EMBARGO;EXPANDING_CAUSAL_CALIBRATION;STRATEGY_BASELINE
mh-60-USDJPY-1788781680000,544,ADAPTIVE,mh-v6,BASELINE,USD/JPY,2026-09-07T11:48:00.000Z,2026-09-07T11:50:00.000Z,60,SELL,0.3958333333333333,WIN,0.000045184331849518025,-0.000174815668150482,0.00022000000000000003,LONDON,RANGE,1,CLOSED_1M_SOURCE;CAUSAL_ENTRY;HORIZON_EMBARGO;EXPANDING_CAUSAL_CALIBRATION;STRATEGY_BASELINE
mh-60-GBPUSD-1788781740000,545,ADAPTIVE,mh-v6,BASELINE,GBP/USD,2026-09-07T11:49:00.000Z,2026-09-07T11:51:00.000Z,60,BUY,0.4095238095238095,LOSS,-0.00004059451503819847,-0.0002605945150381985,0.00022000000000000003,LONDON,RANGE,1,CLOSED_1M_SOURCE;CAUSAL_ENTRY;HORIZON_EMBARGO;EXPANDING_CAUSAL_CALIBRATION;STRATEGY_BASELINE
mh-60-USDCAD-1788781740000,546,ADAPTIVE,mh-v6,BASELINE,USD/CAD,2026-09-07T11:49:00.000Z,2026-09-07T11:51:00.000Z,60,SELL,0.4095238095238095,LOSS,-0.000014407051483900421,-0.00023440705148390046,0.00022000000000000003,LONDON,RANGE,1,CLOSED_1M_SOURCE;CAUSAL_ENTRY;HORIZON_EMBARGO;EXPANDING_CAUSAL_CALIBRATION;STRATEGY_BASELINE
mh-60-USDCHF-1788781740000,547,ADAPTIVE,mh-v6,BASELINE,USD/CHF,2026-09-07T11:49:00.000Z,2026-09-07T11:51:00.000Z,60,SELL,0.4033898305084746,WIN,0.00003714833188879883,-0.0001828516681112012,0.00022000000000000003,LONDON,RANGE,1,CLOSED_1M_SOURCE;CAUSAL_ENTRY;HORIZON_EMBARGO;EXPANDING_CAUSAL_CALIBRATION;STRATEGY_BASELINE
mh-60-EURUSD-1788782040000,548,ADAPTIVE,mh-v6,BASELINE,EUR/USD,2026-09-07T11:54:00.000Z,2026-09-07T11:56:00.000Z,60,SELL,0.29411764705882354,DRAW,0,-0.00022000000000000003,0.00022000000000000003,LONDON,RANGE,1,CLOSED_1M_SOURCE;CAUSAL_ENTRY;HORIZON_EMBARGO;EXPANDING_CAUSAL_CALIBRATION;STRATEGY_BASELINE
mh-60-USDJPY-1788782040000,549,ADAPTIVE,mh-v6,BASELINE,USD/JPY,2026-09-07T11:54:00.000Z,2026-09-07T11:56:00.000Z,60,BUY,0.40540540540540543,WIN,0.00006470980660349766,-0.00015529019339650236,0.00022000000000000003,LONDON,RANGE,1,CLOSED_1M_SOURCE;CAUSAL_ENTRY;HORIZON_EMBARGO;EXPANDING_CAUSAL_CALIBRATION;STRATEGY_BASELINE
mh-60-GBPUSD-1788782160000,550,ADAPTIVE,mh-v6,BASELINE,GBP/USD,2026-09-07T11:56:00.000Z,2026-09-07T11:58:00.000Z,60,SELL,0.39814814814814814,WIN,0.0000677354838630119,-0.00015226451613698812,0.00022000000000000003,LONDON,RANGE,1,CLOSED_1M_SOURCE;CAUSAL_ENTRY;HORIZON_EMBARGO;EXPANDING_CAUSAL_CALIBRATION;STRATEGY_BASELINE
mh-60-USDCHF-1788782160000,551,ADAPTIVE,mh-v6,BASELINE,USD/CHF,2026-09-07T11:56:00.000Z,2026-09-07T11:58:00.000Z,60,BUY,0.4074074074074074,LOSS,-0.00008656077325070255,-0.0003065607732507026,0.00022000000000000003,LONDON,RANGE,1,CLOSED_1M_SOURCE;CAUSAL_ENTRY;HORIZON_EMBARGO;EXPANDING_CAUSAL_CALIBRATION;STRATEGY_BASELINE
mh-60-USDCAD-1788782220000,552,ADAPTIVE,mh-v6,BASELINE,USD/CAD,2026-09-07T11:57:00.000Z,2026-09-07T11:59:00.000Z,60,BUY,0.39814814814814814,WIN,0.000014491013501484294,-0.00020550898649851574,0.00022000000000000003,LONDON,RANGE,1,CLOSED_1M_SOURCE;CAUSAL_ENTRY;HORIZON_EMBARGO;EXPANDING_CAUSAL_CALIBRATION;STRATEGY_BASELINE
mh-60-USDJPY-1788782400000,553,ADAPTIVE,mh-v6,BASELINE,USD/JPY,2026-09-07T12:00:00.000Z,2026-09-07T12:02:00.000Z,60,BUY,0.40604026845637586,LOSS,-0.000019331403677878453,-0.0002393314036778785,0.00022000000000000003,LONDON_NEW_YORK_OVERLAP,RANGE,1,CLOSED_1M_SOURCE;CAUSAL_ENTRY;HORIZON_EMBARGO;EXPANDING_CAUSAL_CALIBRATION;STRATEGY_BASELINE
mh-60-EURUSD-1788782520000,554,ADAPTIVE,mh-v6,BASELINE,EUR/USD,2026-09-07T12:02:00.000Z,2026-09-07T12:04:00.000Z,60,SELL,0.2912621359223301,DRAW,0,-0.00022000000000000003,0.00022000000000000003,LONDON_NEW_YORK_OVERLAP,RANGE,1,CLOSED_1M_SOURCE;CAUSAL_ENTRY;HORIZON_EMBARGO;EXPANDING_CAUSAL_CALIBRATION;STRATEGY_BASELINE
mh-60-GBPUSD-1788782580000,555,ADAPTIVE,mh-v6,BASELINE,GBP/USD,2026-09-07T12:03:00.000Z,2026-09-07T12:05:00.000Z,60,SELL,0.40468227424749165,DRAW,0,-0.00022000000000000003,0.00022000000000000003,LONDON_NEW_YORK_OVERLAP,TREND_DOWN,1,CLOSED_1M_SOURCE;CAUSAL_ENTRY;HORIZON_EMBARGO;EXPANDING_CAUSAL_CALIBRATION;STRATEGY_BASELINE
mh-60-USDCAD-1788782580000,556,ADAPTIVE,mh-v6,BASELINE,USD/CAD,2026-09-07T12:03:00.000Z,2026-09-07T12:05:00.000Z,60,SELL,0.4090909090909091,LOSS,-0.00031108273869412173,-0.0005310827386941217,0.00022000000000000003,LONDON_NEW_YORK_OVERLAP,RANGE,1,CLOSED_1M_SOURCE;CAUSAL_ENTRY;HORIZON_EMBARGO;EXPANDING_CAUSAL_CALIBRATION;STRATEGY_BASELINE
mh-60-USDCHF-1788782580000,557,ADAPTIVE,mh-v6,BASELINE,USD/CHF,2026-09-07T12:03:00.000Z,2026-09-07T12:05:00.000Z,60,BUY,0.40816326530612246,WIN,0.00018544715087750321,-0.00003455284912249682,0.00022000000000000003,LONDON_NEW_YORK_OVERLAP,RANGE,1,CLOSED_1M_SOURCE;CAUSAL_ENTRY;HORIZON_EMBARGO;EXPANDING_CAUSAL_CALIBRATION;STRATEGY_BASELINE
mh-60-USDJPY-1788782760000,558,ADAPTIVE,mh-v6,BASELINE,USD/JPY,2026-09-07T12:06:00.000Z,2026-09-07T12:08:00.000Z,60,BUY,0.4033333333333333,DRAW,0,-0.00022000000000000003,0.00022000000000000003,LONDON_NEW_YORK_OVERLAP,RANGE,1,CLOSED_1M_SOURCE;CAUSAL_ENTRY;HORIZON_EMBARGO;EXPANDING_CAUSAL_CALIBRATION;STRATEGY_BASELINE
mh-60-GBPUSD-1788782940000,559,ADAPTIVE,mh-v6,BASELINE,GBP/USD,2026-09-07T12:09:00.000Z,2026-09-07T12:11:00.000Z,60,SELL,0.4019933554817276,WIN,0.00009470796556541713,-0.0001252920344345829,0.00022000000000000003,LONDON_NEW_YORK_OVERLAP,RANGE,1,CLOSED_1M_SOURCE;CAUSAL_ENTRY;HORIZON_EMBARGO;EXPANDING_CAUSAL_CALIBRATION;STRATEGY_BASELINE
mh-60-USDCHF-1788782940000,560,ADAPTIVE,mh-v6,BASELINE,USD/CHF,2026-09-07T12:09:00.000Z,2026-09-07T12:11:00.000Z,60,BUY,0.4019933554817276,LOSS,-0.00009885001778490074,-0.0003188500177849008,0.00022000000000000003,LONDON_NEW_YORK_OVERLAP,TREND_UP,1,CLOSED_1M_SOURCE;CAUSAL_ENTRY;HORIZON_EMBARGO;EXPANDING_CAUSAL_CALIBRATION;STRATEGY_BASELINE
mh-60-EURUSD-1788783000000,561,ADAPTIVE,mh-v6,BASELINE,EUR/USD,2026-09-07T12:10:00.000Z,2026-09-07T12:12:00.000Z,60,SELL,0.4019933554817276,LOSS,-0.00011627117719542847,-0.0003362711771954285,0.00022000000000000003,LONDON_NEW_YORK_OVERLAP,RANGE,1,CLOSED_1M_SOURCE;CAUSAL_ENTRY;HORIZON_EMBARGO;EXPANDING_CAUSAL_CALIBRATION;STRATEGY_BASELINE
mh-60-USDCAD-1788783240000,562,ADAPTIVE,mh-v6,BASELINE,USD/CAD,2026-09-07T12:14:00.000Z,2026-09-07T12:16:00.000Z,60,SELL,0.28846153846153844,LOSS,-0.00020976709038986405,-0.00042976709038986406,0.00022000000000000003,LONDON_NEW_YORK_OVERLAP,RANGE,1,CLOSED_1M_SOURCE;CAUSAL_ENTRY;HORIZON_EMBARGO;EXPANDING_CAUSAL_CALIBRATION;STRATEGY_BASELINE
mh-60-USDJPY-1788783240000,563,ADAPTIVE,mh-v6,BASELINE,USD/JPY,2026-09-07T12:14:00.000Z,2026-09-07T12:16:00.000Z,60,BUY,0.40131578947368424,WIN,0.00014857910752956915,-0.00007142089247043088,0.00022000000000000003,LONDON_NEW_YORK_OVERLAP,TREND_UP,1,CLOSED_1M_SOURCE;CAUSAL_ENTRY;HORIZON_EMBARGO;EXPANDING_CAUSAL_CALIBRATION;STRATEGY_BASELINE
mh-60-GBPUSD-1788783300000,564,ADAPTIVE,mh-v6,BASELINE,GBP/USD,2026-09-07T12:15:00.000Z,2026-09-07T12:17:00.000Z,60,SELL,0.40131578947368424,WIN,0.0000948063311949924,-0.00012519366880500764,0.00022000000000000003,LONDON_NEW_YORK_OVERLAP,RANGE,1,CLOSED_1M_SOURCE;CAUSAL_ENTRY;HORIZON_EMBARGO;EXPANDING_CAUSAL_CALIBRATION;STRATEGY_BASELINE
mh-60-USDCHF-1788783300000,565,ADAPTIVE,mh-v6,BASELINE,USD/CHF,2026-09-07T12:15:00.000Z,2026-09-07T12:17:00.000Z,60,BUY,0.40131578947368424,WIN,0.0001606099910018639,-0.000059390008998136125,0.00022000000000000003,LONDON_NEW_YORK_OVERLAP,RANGE,1,CLOSED_1M_SOURCE;CAUSAL_ENTRY;HORIZON_EMBARGO;EXPANDING_CAUSAL_CALIBRATION;STRATEGY_BASELINE
mh-60-EURUSD-1788783360000,566,ADAPTIVE,mh-v6,BASELINE,EUR/USD,2026-09-07T12:16:00.000Z,2026-09-07T12:18:00.000Z,60,SELL,0.40327868852459015,LOSS,-0.00011628469775412615,-0.0003362846977541262,0.00022000000000000003,LONDON_NEW_YORK_OVERLAP,RANGE,1,CLOSED_1M_SOURCE;CAUSAL_ENTRY;HORIZON_EMBARGO;EXPANDING_CAUSAL_CALIBRATION;STRATEGY_BASELINE
mh-60-USDCAD-1788783660000,567,ADAPTIVE,mh-v6,BASELINE,USD/CAD,2026-09-07T12:21:00.000Z,2026-09-07T12:23:00.000Z,60,SELL,0.2857142857142857,WIN,0.000007160027653234512,-0.00021283997234676554,0.00022000000000000003,LONDON_NEW_YORK_OVERLAP,RANGE,1,CLOSED_1M_SOURCE;CAUSAL_ENTRY;HORIZON_EMBARGO;EXPANDING_CAUSAL_CALIBRATION;STRATEGY_BASELINE
mh-60-USDJPY-1788783660000,568,ADAPTIVE,mh-v6,BASELINE,USD/JPY,2026-09-07T12:21:00.000Z,2026-09-07T12:23:00.000Z,60,SELL,0.40584415584415584,WIN,0.00030412910557012457,0.00008412910557012454,0.00022000000000000003,LONDON_NEW_YORK_OVERLAP,RANGE,1,CLOSED_1M_SOURCE;CAUSAL_ENTRY;HORIZON_EMBARGO;EXPANDING_CAUSAL_CALIBRATION;STRATEGY_BASELINE
mh-60-EURUSD-1788783720000,569,ADAPTIVE,mh-v6,BASELINE,EUR/USD,2026-09-07T12:22:00.000Z,2026-09-07T12:24:00.000Z,60,BUY,0.40584415584415584,DRAW,0,-0.00022000000000000003,0.00022000000000000003,LONDON_NEW_YORK_OVERLAP,RANGE,1,CLOSED_1M_SOURCE;CAUSAL_ENTRY;HORIZON_EMBARGO;EXPANDING_CAUSAL_CALIBRATION;STRATEGY_BASELINE
mh-60-USDCHF-1788783720000,570,ADAPTIVE,mh-v6,BASELINE,USD/CHF,2026-09-07T12:22:00.000Z,2026-09-07T12:24:00.000Z,60,SELL,0.42,WIN,0.000037128130282609165,-0.00018287186971739086,0.00022000000000000003,LONDON_NEW_YORK_OVERLAP,RANGE,1,CLOSED_1M_SOURCE;CAUSAL_ENTRY;HORIZON_EMBARGO;EXPANDING_CAUSAL_CALIBRATION;STRATEGY_BASELINE
mh-60-GBPUSD-1788783780000,571,ADAPTIVE,mh-v6,BASELINE,GBP/USD,2026-09-07T12:23:00.000Z,2026-09-07T12:25:00.000Z,60,BUY,0.4077669902912621,LOSS,-0.000013563978512191859,-0.0002335639785121919,0.00022000000000000003,LONDON_NEW_YORK_OVERLAP,RANGE,1,CLOSED_1M_SOURCE;CAUSAL_ENTRY;HORIZON_EMBARGO;EXPANDING_CAUSAL_CALIBRATION;STRATEGY_BASELINE
mh-60-USDJPY-1788784020000,572,ADAPTIVE,mh-v6,BASELINE,USD/JPY,2026-09-07T12:27:00.000Z,2026-09-07T12:29:00.000Z,60,SELL,0.40514469453376206,WIN,0.00005825435014359697,-0.00016174564985640307,0.00022000000000000003,LONDON_NEW_YORK_OVERLAP,TREND_DOWN,1,CLOSED_1M_SOURCE;CAUSAL_ENTRY;HORIZON_EMBARGO;EXPANDING_CAUSAL_CALIBRATION;STRATEGY_BASELINE
mh-60-EURUSD-1788784080000,573,ADAPTIVE,mh-v6,BASELINE,EUR/USD,2026-09-07T12:28:00.000Z,2026-09-07T12:30:00.000Z,60,BUY,0.40540540540540543,WIN,0.00011634665357296985,-0.00010365334642703019,0.00022000000000000003,LONDON_NEW_YORK_OVERLAP,RANGE,1,CLOSED_1M_SOURCE;CAUSAL_ENTRY;HORIZON_EMBARGO;EXPANDING_CAUSAL_CALIBRATION;STRATEGY_BASELINE
mh-60-GBPUSD-1788784140000,574,ADAPTIVE,mh-v6,BASELINE,GBP/USD,2026-09-07T12:29:00.000Z,2026-09-07T12:31:00.000Z,60,BUY,0.40705128205128205,WIN,0.000013474806471394703,-0.00020652519352860532,0.00022000000000000003,LONDON_NEW_YORK_OVERLAP,RANGE,1,CLOSED_1M_SOURCE;CAUSAL_ENTRY;HORIZON_EMBARGO;EXPANDING_CAUSAL_CALIBRATION;STRATEGY_BASELINE
mh-60-USDCAD-1788784260000,575,ADAPTIVE,mh-v6,BASELINE,USD/CAD,2026-09-07T12:31:00.000Z,2026-09-07T12:33:00.000Z,60,SELL,0.4107142857142857,WIN,0.000028907066112272283,-0.00019109293388772775,0.00022000000000000003,LONDON_NEW_YORK_OVERLAP,RANGE,1,CLOSED_1M_SOURCE;CAUSAL_ENTRY;HORIZON_EMBARGO;EXPANDING_CAUSAL_CALIBRATION;STRATEGY_BASELINE
mh-60-USDCHF-1788784260000,576,ADAPTIVE,mh-v6,BASELINE,USD/CHF,2026-09-07T12:31:00.000Z,2026-09-07T12:33:00.000Z,60,SELL,0.40894568690095845,WIN,0.00007420552010958542,-0.0001457944798904146,0.00022000000000000003,LONDON_NEW_YORK_OVERLAP,TREND_DOWN,1,CLOSED_1M_SOURCE;CAUSAL_ENTRY;HORIZON_EMBARGO;EXPANDING_CAUSAL_CALIBRATION;STRATEGY_BASELINE
mh-60-USDJPY-1788784380000,577,ADAPTIVE,mh-v6,BASELINE,USD/JPY,2026-09-07T12:33:00.000Z,2026-09-07T12:35:00.000Z,60,SELL,0.410828025477707,WIN,0.000012944408213276417,-0.00020705559178672362,0.00022000000000000003,LONDON_NEW_YORK_OVERLAP,TREND_DOWN,1,CLOSED_1M_SOURCE;CAUSAL_ENTRY;HORIZON_EMBARGO;EXPANDING_CAUSAL_CALIBRATION;STRATEGY_BASELINE
mh-60-EURUSD-1788784440000,578,ADAPTIVE,mh-v6,BASELINE,EUR/USD,2026-09-07T12:34:00.000Z,2026-09-07T12:36:00.000Z,60,BUY,0.410828025477707,DRAW,0,-0.00022000000000000003,0.00022000000000000003,LONDON_NEW_YORK_OVERLAP,RANGE,1,CLOSED_1M_SOURCE;CAUSAL_ENTRY;HORIZON_EMBARGO;EXPANDING_CAUSAL_CALIBRATION;STRATEGY_BASELINE
mh-60-GBPUSD-1788784560000,579,ADAPTIVE,mh-v6,BASELINE,GBP/USD,2026-09-07T12:36:00.000Z,2026-09-07T12:38:00.000Z,60,BUY,0.41139240506329117,WIN,0.00006772448376593926,-0.00015227551623406076,0.00022000000000000003,LONDON_NEW_YORK_OVERLAP,TREND_UP,1,CLOSED_1M_SOURCE;CAUSAL_ENTRY;HORIZON_EMBARGO;EXPANDING_CAUSAL_CALIBRATION;STRATEGY_BASELINE
mh-60-USDCAD-1788784560000,580,ADAPTIVE,mh-v6,BASELINE,USD/CAD,2026-09-07T12:36:00.000Z,2026-09-07T12:38:00.000Z,60,SELL,0.41139240506329117,WIN,0.00007240705919635241,-0.00014759294080364763,0.00022000000000000003,LONDON_NEW_YORK_OVERLAP,TREND_DOWN,1,CLOSED_1M_SOURCE;CAUSAL_ENTRY;HORIZON_EMBARGO;EXPANDING_CAUSAL_CALIBRATION;STRATEGY_BASELINE
mh-60-USDCHF-1788784620000,581,ADAPTIVE,mh-v6,BASELINE,USD/CHF,2026-09-07T12:37:00.000Z,2026-09-07T12:39:00.000Z,60,SELL,0.41139240506329117,LOSS,-0.000012383083057465761,-0.00023238308305746579,0.00022000000000000003,LONDON_NEW_YORK_OVERLAP,TREND_DOWN,1,CLOSED_1M_SOURCE;CAUSAL_ENTRY;HORIZON_EMBARGO;EXPANDING_CAUSAL_CALIBRATION;STRATEGY_BASELINE
mh-60-USDJPY-1788784740000,582,ADAPTIVE,mh-v6,BASELINE,USD/JPY,2026-09-07T12:39:00.000Z,2026-09-07T12:41:00.000Z,60,SELL,0.41379310344827586,WIN,0.0001879443720250586,-0.00003205562797494143,0.00022000000000000003,LONDON_NEW_YORK_OVERLAP,TREND_DOWN,1,CLOSED_1M_SOURCE;CAUSAL_ENTRY;HORIZON_EMBARGO;EXPANDING_CAUSAL_CALIBRATION;STRATEGY_BASELINE
mh-60-EURUSD-1788784800000,583,ADAPTIVE,mh-v6,BASELINE,EUR/USD,2026-09-07T12:40:00.000Z,2026-09-07T12:42:00.000Z,60,BUY,0.41379310344827586,DRAW,0,-0.00022000000000000003,0.00022000000000000003,LONDON_NEW_YORK_OVERLAP,TREND_UP,1,CLOSED_1M_SOURCE;CAUSAL_ENTRY;HORIZON_EMBARGO;EXPANDING_CAUSAL_CALIBRATION;STRATEGY_BASELINE
mh-60-GBPUSD-1788784920000,584,ADAPTIVE,mh-v6,BASELINE,GBP/USD,2026-09-07T12:42:00.000Z,2026-09-07T12:44:00.000Z,60,BUY,0.4143302180685358,LOSS,-0.000054152439910823697,-0.00027415243991082375,0.00022000000000000003,LONDON_NEW_YORK_OVERLAP,RANGE,1,CLOSED_1M_SOURCE;CAUSAL_ENTRY;HORIZON_EMBARGO;EXPANDING_CAUSAL_CALIBRATION;STRATEGY_BASELINE
mh-60-USDCAD-1788784920000,585,ADAPTIVE,mh-v6,BASELINE,USD/CAD,2026-09-07T12:42:00.000Z,2026-09-07T12:44:00.000Z,60,SELL,0.415929203539823,WIN,0.00027510499221902604,0.00005510499221902601,0.00022000000000000003,LONDON_NEW_YORK_OVERLAP,RANGE,1,CLOSED_1M_SOURCE;CAUSAL_ENTRY;HORIZON_EMBARGO;EXPANDING_CAUSAL_CALIBRATION;STRATEGY_BASELINE
mh-60-USDCHF-1788785040000,586,ADAPTIVE,mh-v6,BASELINE,USD/CHF,2026-09-07T12:44:00.000Z,2026-09-07T12:46:00.000Z,60,SELL,0.41304347826086957,LOSS,-0.000012382317313833149,-0.0002323823173138332,0.00022000000000000003,LONDON_NEW_YORK_OVERLAP,TREND_DOWN,1,CLOSED_1M_SOURCE;CAUSAL_ENTRY;HORIZON_EMBARGO;EXPANDING_CAUSAL_CALIBRATION;STRATEGY_BASELINE
mh-60-USDJPY-1788785160000,587,ADAPTIVE,mh-v6,BASELINE,USD/JPY,2026-09-07T12:46:00.000Z,2026-09-07T12:48:00.000Z,60,SELL,0.4117647058823529,LOSS,-0.0004081015824042491,-0.0006281015824042491,0.00022000000000000003,LONDON_NEW_YORK_OVERLAP,TREND_DOWN,1,CLOSED_1M_SOURCE;CAUSAL_ENTRY;HORIZON_EMBARGO;EXPANDING_CAUSAL_CALIBRATION;STRATEGY_BASELINE
mh-60-EURUSD-1788785220000,588,ADAPTIVE,mh-v6,BASELINE,EUR/USD,2026-09-07T12:47:00.000Z,2026-09-07T12:49:00.000Z,60,BUY,0.29245283018867924,LOSS,-0.00011633311860392057,-0.0003363331186039206,0.00022000000000000003,LONDON_NEW_YORK_OVERLAP,RANGE,1,CLOSED_1M_SOURCE;CAUSAL_ENTRY;HORIZON_EMBARGO;EXPANDING_CAUSAL_CALIBRATION;STRATEGY_BASELINE
mh-60-USDCAD-1788785220000,589,ADAPTIVE,mh-v6,BASELINE,USD/CAD,2026-09-07T12:47:00.000Z,2026-09-07T12:49:00.000Z,60,SELL,0.4117647058823529,WIN,0.0000289139722153126,-0.00019108602778468743,0.00022000000000000003,LONDON_NEW_YORK_OVERLAP,RANGE,1,CLOSED_1M_SOURCE;CAUSAL_ENTRY;HORIZON_EMBARGO;EXPANDING_CAUSAL_CALIBRATION;STRATEGY_BASELINE
mh-60-GBPUSD-1788785280000,590,ADAPTIVE,mh-v6,BASELINE,GBP/USD,2026-09-07T12:48:00.000Z,2026-09-07T12:50:00.000Z,60,BUY,0.42105263157894735,WIN,0.00004059616301974867,-0.00017940383698025137,0.00022000000000000003,LONDON_NEW_YORK_OVERLAP,RANGE,1,CLOSED_1M_SOURCE;CAUSAL_ENTRY;HORIZON_EMBARGO;EXPANDING_CAUSAL_CALIBRATION;STRATEGY_BASELINE
mh-60-USDCHF-1788785400000,591,ADAPTIVE,mh-v6,BASELINE,USD/CHF,2026-09-07T12:50:00.000Z,2026-09-07T12:52:00.000Z,60,SELL,0.4123076923076923,LOSS,-0.0002472197541184011,-0.00046721975411840113,0.00022000000000000003,LONDON_NEW_YORK_OVERLAP,RANGE,1,CLOSED_1M_SOURCE;CAUSAL_ENTRY;HORIZON_EMBARGO;EXPANDING_CAUSAL_CALIBRATION;STRATEGY_BASELINE
mh-60-USDCAD-1788785580000,592,ADAPTIVE,mh-v6,BASELINE,USD/CAD,2026-09-07T12:53:00.000Z,2026-09-07T12:55:00.000Z,60,SELL,0.4110429447852761,LOSS,-0.0004271438387241579,-0.0006471438387241579,0.00022000000000000003,LONDON_NEW_YORK_OVERLAP,RANGE,1,CLOSED_1M_SOURCE;CAUSAL_ENTRY;HORIZON_EMBARGO;EXPANDING_CAUSAL_CALIBRATION;STRATEGY_BASELINE
mh-60-GBPUSD-1788785640000,593,ADAPTIVE,mh-v6,BASELINE,GBP/USD,2026-09-07T12:54:00.000Z,2026-09-07T12:56:00.000Z,60,SELL,0.4110429447852761,LOSS,-0.00008120222268626289,-0.0003012022226862629,0.00022000000000000003,LONDON_NEW_YORK_OVERLAP,RANGE,1,CLOSED_1M_SOURCE;CAUSAL_ENTRY;HORIZON_EMBARGO;EXPANDING_CAUSAL_CALIBRATION;STRATEGY_BASELINE
mh-60-USDJPY-1788785640000,594,ADAPTIVE,mh-v6,BASELINE,USD/JPY,2026-09-07T12:54:00.000Z,2026-09-07T12:56:00.000Z,60,BUY,0.4260869565217391,LOSS,-0.00005187241125791388,-0.00027187241125791394,0.00022000000000000003,LONDON_NEW_YORK_OVERLAP,RANGE,1,CLOSED_1M_SOURCE;CAUSAL_ENTRY;HORIZON_EMBARGO;EXPANDING_CAUSAL_CALIBRATION;STRATEGY_BASELINE
mh-60-EURUSD-1788785700000,595,ADAPTIVE,mh-v6,BASELINE,EUR/USD,2026-09-07T12:55:00.000Z,2026-09-07T12:57:00.000Z,60,SELL,0.40978593272171254,DRAW,0,-0.00022000000000000003,0.00022000000000000003,LONDON_NEW_YORK_OVERLAP,RANGE,1,CLOSED_1M_SOURCE;CAUSAL_ENTRY;HORIZON_EMBARGO;EXPANDING_CAUSAL_CALIBRATION;STRATEGY_BASELINE
mh-60-USDCHF-1788785880000,596,ADAPTIVE,mh-v6,BASELINE,USD/CHF,2026-09-07T12:58:00.000Z,2026-09-07T13:00:00.000Z,60,BUY,0.4072948328267477,WIN,0.00009895669579834881,-0.00012104330420165123,0.00022000000000000003,LONDON_NEW_YORK_OVERLAP,RANGE,1,CLOSED_1M_SOURCE;CAUSAL_ENTRY;HORIZON_EMBARGO;EXPANDING_CAUSAL_CALIBRATION;STRATEGY_BASELINE
mh-60-EURUSD-1788786060000,597,ADAPTIVE,mh-v6,BASELINE,EUR/USD,2026-09-07T13:01:00.000Z,2026-09-07T13:03:00.000Z,60,SELL,0.2897196261682243,DRAW,0,-0.00022000000000000003,0.00022000000000000003,LONDON_NEW_YORK_OVERLAP,RANGE,1,CLOSED_1M_SOURCE;CAUSAL_ENTRY;HORIZON_EMBARGO;EXPANDING_CAUSAL_CALIBRATION;STRATEGY_BASELINE
mh-60-USDJPY-1788786060000,598,ADAPTIVE,mh-v6,BASELINE,USD/JPY,2026-09-07T13:01:00.000Z,2026-09-07T13:03:00.000Z,60,BUY,0.4090909090909091,WIN,0.00015538541856514952,-0.00006461458143485052,0.00022000000000000003,LONDON_NEW_YORK_OVERLAP,TREND_UP,1,CLOSED_1M_SOURCE;CAUSAL_ENTRY;HORIZON_EMBARGO;EXPANDING_CAUSAL_CALIBRATION;STRATEGY_BASELINE
mh-60-GBPUSD-1788786120000,599,ADAPTIVE,mh-v6,BASELINE,GBP/USD,2026-09-07T13:02:00.000Z,2026-09-07T13:04:00.000Z,60,BUY,0.43137254901960786,WIN,0.00012186665551316736,-0.00009813334448683267,0.00022000000000000003,LONDON_NEW_YORK_OVERLAP,RANGE,1,CLOSED_1M_SOURCE;CAUSAL_ENTRY;HORIZON_EMBARGO;EXPANDING_CAUSAL_CALIBRATION;STRATEGY_BASELINE
mh-60-USDCAD-1788786240000,600,ADAPTIVE,mh-v6,BASELINE,USD/CAD,2026-09-07T13:04:00.000Z,2026-09-07T13:06:00.000Z,60,BUY,0.4423076923076923,LOSS,-0.00020264061083543857,-0.0004226406108354386,0.00022000000000000003,LONDON_NEW_YORK_OVERLAP,RANGE,1,CLOSED_1M_SOURCE;CAUSAL_ENTRY;HORIZON_EMBARGO;EXPANDING_CAUSAL_CALIBRATION;STRATEGY_BASELINE
mh-60-USDCHF-1788786240000,601,ADAPTIVE,mh-v7,BASELINE,USD/CHF,2026-09-07T13:04:00.000Z,2026-09-07T13:06:00.000Z,60,BUY,0.4108761329305136,WIN,0.000012375890262981039,-0.000207624109737019,0.00022000000000000003,LONDON_NEW_YORK_OVERLAP,TREND_UP,1,CLOSED_1M_SOURCE;CAUSAL_ENTRY;HORIZON_EMBARGO;EXPANDING_CAUSAL_CALIBRATION;STRATEGY_BASELINE
mh-60-EURUSD-1788786420000,602,ADAPTIVE,mh-v7,BASELINE,EUR/USD,2026-09-07T13:07:00.000Z,2026-09-07T13:09:00.000Z,60,SELL,0.4126506024096386,DRAW,0,-0.00022000000000000003,0.00022000000000000003,LONDON_NEW_YORK_OVERLAP,RANGE,1,CLOSED_1M_SOURCE;CAUSAL_ENTRY;HORIZON_EMBARGO;EXPANDING_CAUSAL_CALIBRATION;STRATEGY_BASELINE
mh-60-USDJPY-1788786420000,603,ADAPTIVE,mh-v7,BASELINE,USD/JPY,2026-09-07T13:07:00.000Z,2026-09-07T13:09:00.000Z,60,BUY,0.4126506024096386,LOSS,-0.00015534921773323665,-0.0003753492177332367,0.00022000000000000003,LONDON_NEW_YORK_OVERLAP,TREND_UP,1,CLOSED_1M_SOURCE;CAUSAL_ENTRY;HORIZON_EMBARGO;EXPANDING_CAUSAL_CALIBRATION;STRATEGY_BASELINE
mh-60-GBPUSD-1788786480000,604,ADAPTIVE,mh-v7,BASELINE,GBP/USD,2026-09-07T13:08:00.000Z,2026-09-07T13:10:00.000Z,60,SELL,0.4224137931034483,LOSS,-0.00006771531179687026,-0.0002877153117968703,0.00022000000000000003,LONDON_NEW_YORK_OVERLAP,RANGE,1,CLOSED_1M_SOURCE;CAUSAL_ENTRY;HORIZON_EMBARGO;EXPANDING_CAUSAL_CALIBRATION;STRATEGY_BASELINE
mh-60-USDCAD-1788786540000,605,ADAPTIVE,mh-v7,BASELINE,USD/CAD,2026-09-07T13:09:00.000Z,2026-09-07T13:11:00.000Z,60,SELL,0.28703703703703703,LOSS,-0.0002606214457966076,-0.0004806214457966076,0.00022000000000000003,LONDON_NEW_YORK_OVERLAP,RANGE,1,CLOSED_1M_SOURCE;CAUSAL_ENTRY;HORIZON_EMBARGO;EXPANDING_CAUSAL_CALIBRATION;STRATEGY_BASELINE
mh-60-USDCHF-1788786600000,606,ADAPTIVE,mh-v7,BASELINE,USD/CHF,2026-09-07T13:10:00.000Z,2026-09-07T13:12:00.000Z,60,BUY,0.4188034188034188,WIN,0.00008649352097957818,-0.00013350647902042186,0.00022000000000000003,LONDON_NEW_YORK_OVERLAP,RANGE,1,CLOSED_1M_SOURCE;CAUSAL_ENTRY;HORIZON_EMBARGO;EXPANDING_CAUSAL_CALIBRATION;STRATEGY_BASELINE
mh-60-USDJPY-1788786840000,607,ADAPTIVE,mh-v7,BASELINE,USD/JPY,2026-09-07T13:14:00.000Z,2026-09-07T13:16:00.000Z,60,SELL,0.4101796407185629,LOSS,-0.00025258544325187747,-0.0004725854432518775,0.00022000000000000003,LONDON_NEW_YORK_OVERLAP,RANGE,1,CLOSED_1M_SOURCE;CAUSAL_ENTRY;HORIZON_EMBARGO;EXPANDING_CAUSAL_CALIBRATION;STRATEGY_BASELINE
mh-60-EURUSD-1788786900000,608,ADAPTIVE,mh-v7,BASELINE,EUR/USD,2026-09-07T13:15:00.000Z,2026-09-07T13:17:00.000Z,60,BUY,0.423728813559322,DRAW,0,-0.00022000000000000003,0.00022000000000000003,LONDON_NEW_YORK_OVERLAP,RANGE,1,CLOSED_1M_SOURCE;CAUSAL_ENTRY;HORIZON_EMBARGO;EXPANDING_CAUSAL_CALIBRATION;STRATEGY_BASELINE
mh-60-USDCAD-1788786900000,609,ADAPTIVE,mh-v7,BASELINE,USD/CAD,2026-09-07T13:15:00.000Z,2026-09-07T13:17:00.000Z,60,BUY,0.423728813559322,WIN,0.0001447858166502481,-0.00007521418334975193,0.00022000000000000003,LONDON_NEW_YORK_OVERLAP,RANGE,1,CLOSED_1M_SOURCE;CAUSAL_ENTRY;HORIZON_EMBARGO;EXPANDING_CAUSAL_CALIBRATION;STRATEGY_BASELINE
mh-60-GBPUSD-1788786960000,610,ADAPTIVE,mh-v7,BASELINE,GBP/USD,2026-09-07T13:16:00.000Z,2026-09-07T13:18:00.000Z,60,BUY,0.4339622641509434,LOSS,-0.00008127598542069084,-0.0003012759854206909,0.00022000000000000003,LONDON_NEW_YORK_OVERLAP,RANGE,1,CLOSED_1M_SOURCE;CAUSAL_ENTRY;HORIZON_EMBARGO;EXPANDING_CAUSAL_CALIBRATION;STRATEGY_BASELINE
mh-60-USDCHF-1788787140000,611,ADAPTIVE,mh-v7,BASELINE,USD/CHF,2026-09-07T13:19:00.000Z,2026-09-07T13:21:00.000Z,60,BUY,0.408955223880597,LOSS,-0.00012360393116483815,-0.0003436039311648382,0.00022000000000000003,LONDON_NEW_YORK_OVERLAP,RANGE,1,CLOSED_1M_SOURCE;CAUSAL_ENTRY;HORIZON_EMBARGO;EXPANDING_CAUSAL_CALIBRATION;STRATEGY_BASELINE
mh-60-USDCAD-1788787200000,612,ADAPTIVE,mh-v7,BASELINE,USD/CAD,2026-09-07T13:20:00.000Z,2026-09-07T13:22:00.000Z,60,BUY,0.408955223880597,WIN,0.00006514451685504361,-0.0001548554831449564,0.00022000000000000003,LONDON_NEW_YORK_OVERLAP,RANGE,1,CLOSED_1M_SOURCE;CAUSAL_ENTRY;HORIZON_EMBARGO;EXPANDING_CAUSAL_CALIBRATION;STRATEGY_BASELINE
mh-60-USDJPY-1788787320000,613,ADAPTIVE,mh-v7,BASELINE,USD/JPY,2026-09-07T13:22:00.000Z,2026-09-07T13:24:00.000Z,60,SELL,0.4094955489614243,WIN,0.00002589585832316608,-0.00019410414167683396,0.00022000000000000003,LONDON_NEW_YORK_OVERLAP,RANGE,1,CLOSED_1M_SOURCE;CAUSAL_ENTRY;HORIZON_EMBARGO;EXPANDING_CAUSAL_CALIBRATION;STRATEGY_BASELINE
mh-60-EURUSD-1788787500000,614,ADAPTIVE,mh-v7,BASELINE,EUR/USD,2026-09-07T13:25:00.000Z,2026-09-07T13:27:00.000Z,60,BUY,0.28440366972477066,DRAW,0,-0.00022000000000000003,0.00022000000000000003,LONDON_NEW_YORK_OVERLAP,RANGE,1,CLOSED_1M_SOURCE;CAUSAL_ENTRY;HORIZON_EMBARGO;EXPANDING_CAUSAL_CALIBRATION;STRATEGY_BASELINE
mh-60-GBPUSD-1788787500000,615,ADAPTIVE,mh-v7,BASELINE,GBP/USD,2026-09-07T13:25:00.000Z,2026-09-07T13:27:00.000Z,60,BUY,0.42592592592592593,WIN,0.000027032924340744464,-0.00019296707565925558,0.00022000000000000003,LONDON_NEW_YORK_OVERLAP,RANGE,1,CLOSED_1M_SOURCE;CAUSAL_ENTRY;HORIZON_EMBARGO;EXPANDING_CAUSAL_CALIBRATION;STRATEGY_BASELINE
mh-60-USDCAD-1788787560000,616,ADAPTIVE,mh-v7,BASELINE,USD/CAD,2026-09-07T13:26:00.000Z,2026-09-07T13:28:00.000Z,60,BUY,0.425,WIN,0.00006513980122956336,-0.00015486019877043668,0.00022000000000000003,LONDON_NEW_YORK_OVERLAP,RANGE,1,CLOSED_1M_SOURCE;CAUSAL_ENTRY;HORIZON_EMBARGO;EXPANDING_CAUSAL_CALIBRATION;STRATEGY_BASELINE
mh-60-USDCHF-1788787620000,617,ADAPTIVE,mh-v7,BASELINE,USD/CHF,2026-09-07T13:27:00.000Z,2026-09-07T13:29:00.000Z,60,BUY,0.43636363636363634,WIN,0.00012352874102041075,-0.00009647125897958928,0.00022000000000000003,LONDON_NEW_YORK_OVERLAP,RANGE,1,CLOSED_1M_SOURCE;CAUSAL_ENTRY;HORIZON_EMBARGO;EXPANDING_CAUSAL_CALIBRATION;STRATEGY_BASELINE
mh-60-USDJPY-1788787740000,618,ADAPTIVE,mh-v7,BASELINE,USD/JPY,2026-09-07T13:29:00.000Z,2026-09-07T13:31:00.000Z,60,BUY,0.4297520661157025,WIN,0.00009058504305604892,-0.00012941495694395111,0.00022000000000000003,LONDON_NEW_YORK_OVERLAP,RANGE,1,CLOSED_1M_SOURCE;CAUSAL_ENTRY;HORIZON_EMBARGO;EXPANDING_CAUSAL_CALIBRATION;STRATEGY_BASELINE
mh-60-GBPUSD-1788787920000,619,ADAPTIVE,mh-v7,BASELINE,GBP/USD,2026-09-07T13:32:00.000Z,2026-09-07T13:34:00.000Z,60,BUY,0.44642857142857145,LOSS,-0.00006771256307548524,-0.0002877125630754853,0.00022000000000000003,LONDON_NEW_YORK_OVERLAP,RANGE,1,CLOSED_1M_SOURCE;CAUSAL_ENTRY;HORIZON_EMBARGO;EXPANDING_CAUSAL_CALIBRATION;STRATEGY_BASELINE
mh-60-USDCAD-1788787980000,620,ADAPTIVE,mh-v7,BASELINE,USD/CAD,2026-09-07T13:33:00.000Z,2026-09-07T13:35:00.000Z,60,BUY,0.2818181818181818,LOSS,-0.00002165496565185976,-0.0002416549656518598,0.00022000000000000003,LONDON_NEW_YORK_OVERLAP,RANGE,1,CLOSED_1M_SOURCE;CAUSAL_ENTRY;HORIZON_EMBARGO;EXPANDING_CAUSAL_CALIBRATION;STRATEGY_BASELINE
mh-60-EURUSD-1788788040000,621,ADAPTIVE,mh-v7,BASELINE,EUR/USD,2026-09-07T13:34:00.000Z,2026-09-07T13:36:00.000Z,60,BUY,0.2818181818181818,DRAW,0,-0.00022000000000000003,0.00022000000000000003,LONDON_NEW_YORK_OVERLAP,RANGE,1,CLOSED_1M_SOURCE;CAUSAL_ENTRY;HORIZON_EMBARGO;EXPANDING_CAUSAL_CALIBRATION;STRATEGY_BASELINE
mh-60-USDCHF-1788788100000,622,ADAPTIVE,mh-v7,BASELINE,USD/CHF,2026-09-07T13:35:00.000Z,2026-09-07T13:37:00.000Z,60,BUY,0.41124260355029585,LOSS,-0.00009883902444557162,-0.00031883902444557167,0.00022000000000000003,LONDON_NEW_YORK_OVERLAP,TREND_UP,1,CLOSED_1M_SOURCE;CAUSAL_ENTRY;HORIZON_EMBARGO;EXPANDING_CAUSAL_CALIBRATION;STRATEGY_BASELINE
mh-60-USDJPY-1788788100000,623,ADAPTIVE,mh-v7,BASELINE,USD/JPY,2026-09-07T13:35:00.000Z,2026-09-07T13:37:00.000Z,60,BUY,0.27927927927927926,LOSS,-0.00007764281932338136,-0.00029764281932338136,0.00022000000000000003,LONDON_NEW_YORK_OVERLAP,RANGE,1,CLOSED_1M_SOURCE;CAUSAL_ENTRY;HORIZON_EMBARGO;EXPANDING_CAUSAL_CALIBRATION;STRATEGY_BASELINE
mh-60-GBPUSD-1788788340000,624,ADAPTIVE,mh-v7,BASELINE,GBP/USD,2026-09-07T13:39:00.000Z,2026-09-07T13:41:00.000Z,60,SELL,0.2743362831858407,LOSS,-0.00008127598542069084,-0.0003012759854206909,0.00022000000000000003,LONDON_NEW_YORK_OVERLAP,RANGE,1,CLOSED_1M_SOURCE;CAUSAL_ENTRY;HORIZON_EMBARGO;EXPANDING_CAUSAL_CALIBRATION;STRATEGY_BASELINE
mh-60-USDCAD-1788788460000,625,ADAPTIVE,mh-v7,BASELINE,USD/CAD,2026-09-07T13:41:00.000Z,2026-09-07T13:43:00.000Z,60,BUY,0.43859649122807015,WIN,0.00006514451685504361,-0.0001548554831449564,0.00022000000000000003,LONDON_NEW_YORK_OVERLAP,RANGE,1,CLOSED_1M_SOURCE;CAUSAL_ENTRY;HORIZON_EMBARGO;EXPANDING_CAUSAL_CALIBRATION;STRATEGY_BASELINE
mh-60-USDCHF-1788788460000,626,ADAPTIVE,mh-v7,BASELINE,USD/CHF,2026-09-07T13:41:00.000Z,2026-09-07T13:43:00.000Z,60,BUY,0.41002949852507375,WIN,0.00007409060957496662,-0.0001459093904250334,0.00022000000000000003,LONDON_NEW_YORK_OVERLAP,RANGE,1,CLOSED_1M_SOURCE;CAUSAL_ENTRY;HORIZON_EMBARGO;EXPANDING_CAUSAL_CALIBRATION;STRATEGY_BASELINE
mh-60-USDJPY-1788788580000,627,ADAPTIVE,mh-v7,BASELINE,USD/JPY,2026-09-07T13:43:00.000Z,2026-09-07T13:45:00.000Z,60,SELL,0.4344262295081967,LOSS,-0.00017488412938382393,-0.00039488412938382394,0.00022000000000000003,LONDON_NEW_YORK_OVERLAP,RANGE,1,CLOSED_1M_SOURCE;CAUSAL_ENTRY;HORIZON_EMBARGO;EXPANDING_CAUSAL_CALIBRATION;STRATEGY_BASELINE
mh-60-EURUSD-1788788640000,628,ADAPTIVE,mh-v7,BASELINE,EUR/USD,2026-09-07T13:44:00.000Z,2026-09-07T13:46:00.000Z,60,BUY,0.4344262295081967,WIN,0.00011634665357296985,-0.00010365334642703019,0.00022000000000000003,LONDON_NEW_YORK_OVERLAP,RANGE,1,CLOSED_1M_SOURCE;CAUSAL_ENTRY;HORIZON_EMBARGO;EXPANDING_CAUSAL_CALIBRATION;STRATEGY_BASELINE
mh-60-USDCHF-1788788820000,629,ADAPTIVE,mh-v7,BASELINE,USD/CHF,2026-09-07T13:47:00.000Z,2026-09-07T13:49:00.000Z,60,SELL,0.4117647058823529,LOSS,-0.00017296139071565648,-0.0003929613907156565,0.00022000000000000003,LONDON_NEW_YORK_OVERLAP,RANGE,1,CLOSED_1M_SOURCE;CAUSAL_ENTRY;HORIZON_EMBARGO;EXPANDING_CAUSAL_CALIBRATION;STRATEGY_BASELINE
mh-60-USDCAD-1788788880000,630,ADAPTIVE,mh-v7,BASELINE,USD/CAD,2026-09-07T13:48:00.000Z,2026-09-07T13:50:00.000Z,60,SELL,0.4117647058823529,WIN,0.00007965697273815623,-0.0001403430272618438,0.00022000000000000003,LONDON_NEW_YORK_OVERLAP,RANGE,1,CLOSED_1M_SOURCE;CAUSAL_ENTRY;HORIZON_EMBARGO;EXPANDING_CAUSAL_CALIBRATION;STRATEGY_BASELINE
mh-60-EURUSD-1788789000000,631,ADAPTIVE,mh-v7,BASELINE,EUR/USD,2026-09-07T13:50:00.000Z,2026-09-07T13:52:00.000Z,60,BUY,0.43548387096774194,WIN,0.00011623062246418144,-0.0001037693775358186,0.00022000000000000003,LONDON_NEW_YORK_OVERLAP,RANGE,1,CLOSED_1M_SOURCE;CAUSAL_ENTRY;HORIZON_EMBARGO;EXPANDING_CAUSAL_CALIBRATION;STRATEGY_BASELINE
mh-60-USDJPY-1788789000000,632,ADAPTIVE,mh-v7,BASELINE,USD/JPY,2026-09-07T13:50:00.000Z,2026-09-07T13:52:00.000Z,60,BUY,0.41228070175438597,LOSS,-0.0001294649227580275,-0.0003494649227580275,0.00022000000000000003,LONDON_NEW_YORK_OVERLAP,RANGE,1,CLOSED_1M_SOURCE;CAUSAL_ENTRY;HORIZON_EMBARGO;EXPANDING_CAUSAL_CALIBRATION;STRATEGY_BASELINE
mh-60-GBPUSD-1788789060000,633,ADAPTIVE,mh-v7,BASELINE,GBP/USD,2026-09-07T13:51:00.000Z,2026-09-07T13:53:00.000Z,60,BUY,0.43548387096774194,WIN,0.000013559021186586922,-0.00020644097881341312,0.00022000000000000003,LONDON_NEW_YORK_OVERLAP,RANGE,1,CLOSED_1M_SOURCE;CAUSAL_ENTRY;HORIZON_EMBARGO;EXPANDING_CAUSAL_CALIBRATION;STRATEGY_BASELINE
mh-60-USDCAD-1788789180000,634,ADAPTIVE,mh-v7,BASELINE,USD/CAD,2026-09-07T13:53:00.000Z,2026-09-07T13:55:00.000Z,60,SELL,0.4444444444444444,WIN,0.00006516338618644963,-0.0001548366138135504,0.00022000000000000003,LONDON_NEW_YORK_OVERLAP,RANGE,1,CLOSED_1M_SOURCE;CAUSAL_ENTRY;HORIZON_EMBARGO;EXPANDING_CAUSAL_CALIBRATION;STRATEGY_BASELINE
mh-60-USDCHF-1788789240000,635,ADAPTIVE,mh-v7,BASELINE,USD/CHF,2026-09-07T13:54:00.000Z,2026-09-07T13:56:00.000Z,60,SELL,0.4110787172011662,WIN,0.00014840553943202975,-0.00007159446056797028,0.00022000000000000003,LONDON_NEW_YORK_OVERLAP,RANGE,1,CLOSED_1M_SOURCE;CAUSAL_ENTRY;HORIZON_EMBARGO;EXPANDING_CAUSAL_CALIBRATION;STRATEGY_BASELINE
mh-60-EURUSD-1788789300000,636,ADAPTIVE,mh-v7,BASELINE,EUR/USD,2026-09-07T13:55:00.000Z,2026-09-07T13:57:00.000Z,60,BUY,0.4110787172011662,DRAW,0,-0.00022000000000000003,0.00022000000000000003,LONDON_NEW_YORK_OVERLAP,RANGE,1,CLOSED_1M_SOURCE;CAUSAL_ENTRY;HORIZON_EMBARGO;EXPANDING_CAUSAL_CALIBRATION;STRATEGY_BASELINE
mh-60-GBPUSD-1788789420000,637,ADAPTIVE,mh-v7,BASELINE,GBP/USD,2026-09-07T13:57:00.000Z,2026-09-07T13:59:00.000Z,60,BUY,0.4482758620689655,LOSS,-0.00004059066907686605,-0.00026059066907686607,0.00022000000000000003,LONDON_NEW_YORK_OVERLAP,RANGE,1,CLOSED_1M_SOURCE;CAUSAL_ENTRY;HORIZON_EMBARGO;EXPANDING_CAUSAL_CALIBRATION;STRATEGY_BASELINE
mh-60-USDJPY-1788789480000,638,ADAPTIVE,mh-v7,BASELINE,USD/JPY,2026-09-07T13:58:00.000Z,2026-09-07T14:00:00.000Z,60,BUY,0.4115942028985507,LOSS,-0.0004141152184035765,-0.0006341152184035765,0.00022000000000000003,LONDON_NEW_YORK_OVERLAP,RANGE,1,CLOSED_1M_SOURCE;CAUSAL_ENTRY;HORIZON_EMBARGO;EXPANDING_CAUSAL_CALIBRATION;STRATEGY_BASELINE
mh-60-USDCAD-1788789540000,639,ADAPTIVE,mh-v7,BASELINE,USD/CAD,2026-09-07T13:59:00.000Z,2026-09-07T14:01:00.000Z,60,SELL,0.4115942028985507,WIN,0.000014502662274431806,-0.00020549733772556823,0.00022000000000000003,LONDON_NEW_YORK_OVERLAP,TREND_DOWN,1,CLOSED_1M_SOURCE;CAUSAL_ENTRY;HORIZON_EMBARGO;EXPANDING_CAUSAL_CALIBRATION;STRATEGY_BASELINE
mh-60-USDCHF-1788789600000,640,ADAPTIVE,mh-v7,BASELINE,USD/CHF,2026-09-07T14:00:00.000Z,2026-09-07T14:02:00.000Z,60,SELL,0.41040462427745666,LOSS,-0.0000865800355427625,-0.0003065800355427625,0.00022000000000000003,LONDON_NEW_YORK_OVERLAP,TREND_DOWN,1,CLOSED_1M_SOURCE;CAUSAL_ENTRY;HORIZON_EMBARGO;EXPANDING_CAUSAL_CALIBRATION;STRATEGY_BASELINE
mh-60-EURUSD-1788789660000,641,ADAPTIVE,mh-v7,BASELINE,EUR/USD,2026-09-07T14:01:00.000Z,2026-09-07T14:03:00.000Z,60,BUY,0.44881889763779526,DRAW,0,-0.00022000000000000003,0.00022000000000000003,LONDON_NEW_YORK_OVERLAP,RANGE,1,CLOSED_1M_SOURCE;CAUSAL_ENTRY;HORIZON_EMBARGO;EXPANDING_CAUSAL_CALIBRATION;STRATEGY_BASELINE
mh-60-USDCAD-1788789840000,642,ADAPTIVE,mh-v7,BASELINE,USD/CAD,2026-09-07T14:04:00.000Z,2026-09-07T14:06:00.000Z,60,SELL,0.4109195402298851,LOSS,-0.0000072523810473526086,-0.00022725238104735263,0.00022000000000000003,LONDON_NEW_YORK_OVERLAP,TREND_DOWN,1,CLOSED_1M_SOURCE;CAUSAL_ENTRY;HORIZON_EMBARGO;EXPANDING_CAUSAL_CALIBRATION;STRATEGY_BASELINE
mh-60-USDJPY-1788789900000,643,ADAPTIVE,mh-v7,BASELINE,USD/JPY,2026-09-07T14:05:00.000Z,2026-09-07T14:07:00.000Z,60,BUY,0.4109195402298851,LOSS,-0.00012286533810912712,-0.00034286533810912715,0.00022000000000000003,LONDON_NEW_YORK_OVERLAP,TREND_UP,1,CLOSED_1M_SOURCE;CAUSAL_ENTRY;HORIZON_EMBARGO;EXPANDING_CAUSAL_CALIBRATION;STRATEGY_BASELINE
mh-60-GBPUSD-1788790020000,644,ADAPTIVE,mh-v7,BASELINE,GBP/USD,2026-09-07T14:07:00.000Z,2026-09-07T14:09:00.000Z,60,SELL,0.4085714285714286,LOSS,-0.00002703402412456433,-0.00024703402412456436,0.00022000000000000003,LONDON_NEW_YORK_OVERLAP,RANGE,1,CLOSED_1M_SOURCE;CAUSAL_ENTRY;HORIZON_EMBARGO;EXPANDING_CAUSAL_CALIBRATION;STRATEGY_BASELINE
mh-60-USDCHF-1788790080000,645,ADAPTIVE,mh-v7,BASELINE,USD/CHF,2026-09-07T14:08:00.000Z,2026-09-07T14:10:00.000Z,60,SELL,0.4085714285714286,LOSS,-0.00006182641721217979,-0.00028182641721217984,0.00022000000000000003,LONDON_NEW_YORK_OVERLAP,TREND_DOWN,1,CLOSED_1M_SOURCE;CAUSAL_ENTRY;HORIZON_EMBARGO;EXPANDING_CAUSAL_CALIBRATION;STRATEGY_BASELINE
mh-60-EURUSD-1788790200000,646,ADAPTIVE,mh-v7,BASELINE,EUR/USD,2026-09-07T14:10:00.000Z,2026-09-07T14:12:00.000Z,60,BUY,0.40625,DRAW,0,-0.00022000000000000003,0.00022000000000000003,LONDON_NEW_YORK_OVERLAP,RANGE,1,CLOSED_1M_SOURCE;CAUSAL_ENTRY;HORIZON_EMBARGO;EXPANDING_CAUSAL_CALIBRATION;STRATEGY_BASELINE
mh-60-USDCAD-1788790200000,647,ADAPTIVE,mh-v7,BASELINE,USD/CAD,2026-09-07T14:10:00.000Z,2026-09-07T14:12:00.000Z,60,SELL,0.40625,LOSS,-0.00003626610722454532,-0.0002562661072245453,0.00022000000000000003,LONDON_NEW_YORK_OVERLAP,RANGE,1,CLOSED_1M_SOURCE;CAUSAL_ENTRY;HORIZON_EMBARGO;EXPANDING_CAUSAL_CALIBRATION;STRATEGY_BASELINE
mh-60-USDJPY-1788790260000,648,ADAPTIVE,mh-v7,BASELINE,USD/JPY,2026-09-07T14:11:00.000Z,2026-09-07T14:13:00.000Z,60,BUY,0.4406779661016949,LOSS,-0.00014235824026655148,-0.0003623582402665515,0.00022000000000000003,LONDON_NEW_YORK_OVERLAP,RANGE,1,CLOSED_1M_SOURCE;CAUSAL_ENTRY;HORIZON_EMBARGO;EXPANDING_CAUSAL_CALIBRATION;STRATEGY_BASELINE
mh-60-USDCHF-1788790440000,649,ADAPTIVE,mh-v7,BASELINE,USD/CHF,2026-09-07T14:14:00.000Z,2026-09-07T14:16:00.000Z,60,SELL,0.403954802259887,LOSS,-0.000024690320730951416,-0.00024469032073095144,0.00022000000000000003,LONDON_NEW_YORK_OVERLAP,RANGE,1,CLOSED_1M_SOURCE;CAUSAL_ENTRY;HORIZON_EMBARGO;EXPANDING_CAUSAL_CALIBRATION;STRATEGY_BASELINE
mh-60-GBPUSD-1788790500000,650,ADAPTIVE,mh-v7,BASELINE,GBP/USD,2026-09-07T14:15:00.000Z,2026-09-07T14:17:00.000Z,60,BUY,0.403954802259887,WIN,0.00006770247640515874,-0.00015229752359484128,0.00022000000000000003,LONDON_NEW_YORK_OVERLAP,RANGE,1,CLOSED_1M_SOURCE;CAUSAL_ENTRY;HORIZON_EMBARGO;EXPANDING_CAUSAL_CALIBRATION;STRATEGY_BASELINE
mh-60-EURUSD-1788790560000,651,ADAPTIVE,mh-v7,BASELINE,EUR/USD,2026-09-07T14:16:00.000Z,2026-09-07T14:18:00.000Z,60,BUY,0.4028169014084507,DRAW,0,-0.00022000000000000003,0.00022000000000000003,LONDON_NEW_YORK_OVERLAP,RANGE,1,CLOSED_1M_SOURCE;CAUSAL_ENTRY;HORIZON_EMBARGO;EXPANDING_CAUSAL_CALIBRATION;STRATEGY_BASELINE
mh-60-USDCAD-1788790620000,652,ADAPTIVE,mh-v7,BASELINE,USD/CAD,2026-09-07T14:17:00.000Z,2026-09-07T14:19:00.000Z,60,SELL,0.43333333333333335,LOSS,-0.00007243904867066575,-0.0002924390486706658,0.00022000000000000003,LONDON_NEW_YORK_OVERLAP,RANGE,1,CLOSED_1M_SOURCE;CAUSAL_ENTRY;HORIZON_EMBARGO;EXPANDING_CAUSAL_CALIBRATION;STRATEGY_BASELINE
mh-60-USDJPY-1788790680000,653,ADAPTIVE,mh-v7,BASELINE,USD/JPY,2026-09-07T14:18:00.000Z,2026-09-07T14:20:00.000Z,60,SELL,0.40336134453781514,WIN,0.00011011894229668574,-0.0001098810577033143,0.00022000000000000003,LONDON_NEW_YORK_OVERLAP,TREND_DOWN,1,CLOSED_1M_SOURCE;CAUSAL_ENTRY;HORIZON_EMBARGO;EXPANDING_CAUSAL_CALIBRATION;STRATEGY_BASELINE
mh-60-USDCHF-1788790800000,654,ADAPTIVE,mh-v7,BASELINE,USD/CHF,2026-09-07T14:20:00.000Z,2026-09-07T14:22:00.000Z,60,SELL,0.4453125,LOSS,-0.0001978666073975729,-0.0004178666073975729,0.00022000000000000003,LONDON_NEW_YORK_OVERLAP,RANGE,1,CLOSED_1M_SOURCE;CAUSAL_ENTRY;HORIZON_EMBARGO;EXPANDING_CAUSAL_CALIBRATION;STRATEGY_BASELINE
mh-60-GBPUSD-1788790860000,655,ADAPTIVE,mh-v7,BASELINE,GBP/USD,2026-09-07T14:21:00.000Z,2026-09-07T14:23:00.000Z,60,BUY,0.2719298245614035,DRAW,0,-0.00022000000000000003,0.00022000000000000003,LONDON_NEW_YORK_OVERLAP,RANGE,1,CLOSED_1M_SOURCE;CAUSAL_ENTRY;HORIZON_EMBARGO;EXPANDING_CAUSAL_CALIBRATION;STRATEGY_BASELINE
mh-60-EURUSD-1788790920000,656,ADAPTIVE,mh-v7,BASELINE,EUR/USD,2026-09-07T14:22:00.000Z,2026-09-07T14:24:00.000Z,60,SELL,0.2719298245614035,LOSS,-0.00011639499296609483,-0.0003363949929660949,0.00022000000000000003,LONDON_NEW_YORK_OVERLAP,RANGE,1,CLOSED_1M_SOURCE;CAUSAL_ENTRY;HORIZON_EMBARGO;EXPANDING_CAUSAL_CALIBRATION;STRATEGY_BASELINE
mh-60-USDJPY-1788791040000,657,ADAPTIVE,mh-v7,BASELINE,USD/JPY,2026-09-07T14:24:00.000Z,2026-09-07T14:26:00.000Z,60,SELL,0.40502793296089384,WIN,0.00007768858087574008,-0.00014231141912425996,0.00022000000000000003,LONDON_NEW_YORK_OVERLAP,TREND_DOWN,1,CLOSED_1M_SOURCE;CAUSAL_ENTRY;HORIZON_EMBARGO;EXPANDING_CAUSAL_CALIBRATION;STRATEGY_BASELINE
mh-60-USDCHF-1788791220000,658,ADAPTIVE,mh-v7,BASELINE,USD/CHF,2026-09-07T14:27:00.000Z,2026-09-07T14:29:00.000Z,60,SELL,0.4262295081967213,WIN,0.00007421102697744014,-0.0001457889730225599,0.00022000000000000003,LONDON_NEW_YORK_OVERLAP,RANGE,1,CLOSED_1M_SOURCE;CAUSAL_ENTRY;HORIZON_EMBARGO;EXPANDING_CAUSAL_CALIBRATION;STRATEGY_BASELINE
mh-60-GBPUSD-1788791280000,659,ADAPTIVE,mh-v7,BASELINE,GBP/USD,2026-09-07T14:28:00.000Z,2026-09-07T14:30:00.000Z,60,BUY,0.40668523676880225,LOSS,-0.00008125618004749657,-0.0003012561800474966,0.00022000000000000003,LONDON_NEW_YORK_OVERLAP,RANGE,1,CLOSED_1M_SOURCE;CAUSAL_ENTRY;HORIZON_EMBARGO;EXPANDING_CAUSAL_CALIBRATION;STRATEGY_BASELINE
mh-60-USDCAD-1788791280000,660,ADAPTIVE,mh-v7,BASELINE,USD/CAD,2026-09-07T14:28:00.000Z,2026-09-07T14:30:00.000Z,60,BUY,0.40668523676880225,WIN,0.00007243380163498371,-0.00014756619836501632,0.00022000000000000003,LONDON_NEW_YORK_OVERLAP,TREND_UP,1,CLOSED_1M_SOURCE;CAUSAL_ENTRY;HORIZON_EMBARGO;EXPANDING_CAUSAL_CALIBRATION;STRATEGY_BASELINE
mh-60-EURUSD-1788791400000,661,ADAPTIVE,mh-v7,BASELINE,EUR/USD,2026-09-07T14:30:00.000Z,2026-09-07T14:32:00.000Z,60,SELL,0.4418604651162791,DRAW,0,-0.00022000000000000003,0.00022000000000000003,LONDON_NEW_YORK_OVERLAP,RANGE,1,CLOSED_1M_SOURCE;CAUSAL_ENTRY;HORIZON_EMBARGO;EXPANDING_CAUSAL_CALIBRATION;STRATEGY_BASELINE
mh-60-USDJPY-1788791460000,662,ADAPTIVE,mh-v7,BASELINE,USD/JPY,2026-09-07T14:31:00.000Z,2026-09-07T14:33:00.000Z,60,SELL,0.407202216066482,WIN,0.00007768355160500543,-0.0001423164483949946,0.00022000000000000003,LONDON_NEW_YORK_OVERLAP,TREND_DOWN,1,CLOSED_1M_SOURCE;CAUSAL_ENTRY;HORIZON_EMBARGO;EXPANDING_CAUSAL_CALIBRATION;STRATEGY_BASELINE
mh-60-GBPUSD-1788791640000,663,ADAPTIVE,mh-v7,BASELINE,GBP/USD,2026-09-07T14:34:00.000Z,2026-09-07T14:36:00.000Z,60,SELL,0.4088397790055249,LOSS,-0.00004058956832245691,-0.00026058956832245695,0.00022000000000000003,LONDON_NEW_YORK_OVERLAP,RANGE,1,CLOSED_1M_SOURCE;CAUSAL_ENTRY;HORIZON_EMBARGO;EXPANDING_CAUSAL_CALIBRATION;STRATEGY_BASELINE
mh-60-USDCAD-1788791640000,664,ADAPTIVE,mh-v7,BASELINE,USD/CAD,2026-09-07T14:34:00.000Z,2026-09-07T14:36:00.000Z,60,BUY,0.4088397790055249,LOSS,-0.00028967226035079863,-0.0005096722603507987,0.00022000000000000003,LONDON_NEW_YORK_OVERLAP,RANGE,1,CLOSED_1M_SOURCE;CAUSAL_ENTRY;HORIZON_EMBARGO;EXPANDING_CAUSAL_CALIBRATION;STRATEGY_BASELINE
mh-60-USDCHF-1788791640000,665,ADAPTIVE,mh-v7,BASELINE,USD/CHF,2026-09-07T14:34:00.000Z,2026-09-07T14:36:00.000Z,60,BUY,0.4088397790055249,LOSS,-0.00004943233847375629,-0.0002694323384737563,0.00022000000000000003,LONDON_NEW_YORK_OVERLAP,TREND_UP,1,CLOSED_1M_SOURCE;CAUSAL_ENTRY;HORIZON_EMBARGO;EXPANDING_CAUSAL_CALIBRATION;STRATEGY_BASELINE
mh-60-EURUSD-1788791760000,666,ADAPTIVE,mh-v7,BASELINE,EUR/USD,2026-09-07T14:36:00.000Z,2026-09-07T14:38:00.000Z,60,SELL,0.4054794520547945,DRAW,0,-0.00022000000000000003,0.00022000000000000003,LONDON_NEW_YORK_OVERLAP,RANGE,1,CLOSED_1M_SOURCE;CAUSAL_ENTRY;HORIZON_EMBARGO;EXPANDING_CAUSAL_CALIBRATION;STRATEGY_BASELINE
mh-60-USDJPY-1788791820000,667,ADAPTIVE,mh-v7,BASELINE,USD/JPY,2026-09-07T14:37:00.000Z,2026-09-07T14:39:00.000Z,60,SELL,0.4054794520547945,LOSS,-0.00015552033416010568,-0.0003755203341601057,0.00022000000000000003,LONDON_NEW_YORK_OVERLAP,TREND_DOWN,1,CLOSED_1M_SOURCE;CAUSAL_ENTRY;HORIZON_EMBARGO;EXPANDING_CAUSAL_CALIBRATION;STRATEGY_BASELINE
mh-60-USDCAD-1788791940000,668,ADAPTIVE,mh-v7,BASELINE,USD/CAD,2026-09-07T14:39:00.000Z,2026-09-07T14:41:00.000Z,60,SELL,0.2672413793103448,WIN,0.00005793690731234573,-0.00016206309268765431,0.00022000000000000003,LONDON_NEW_YORK_OVERLAP,RANGE,1,CLOSED_1M_SOURCE;CAUSAL_ENTRY;HORIZON_EMBARGO;EXPANDING_CAUSAL_CALIBRATION;STRATEGY_BASELINE
mh-60-EURUSD-1788792060000,669,ADAPTIVE,mh-v7,BASELINE,EUR/USD,2026-09-07T14:41:00.000Z,2026-09-07T14:43:00.000Z,60,SELL,0.27350427350427353,DRAW,0,-0.00022000000000000003,0.00022000000000000003,LONDON_NEW_YORK_OVERLAP,RANGE,1,CLOSED_1M_SOURCE;CAUSAL_ENTRY;HORIZON_EMBARGO;EXPANDING_CAUSAL_CALIBRATION;STRATEGY_BASELINE
mh-60-USDCHF-1788792060000,670,ADAPTIVE,mh-v7,BASELINE,USD/CHF,2026-09-07T14:41:00.000Z,2026-09-07T14:43:00.000Z,60,BUY,0.27350427350427353,LOSS,-0.00013593731764506169,-0.0003559373176450617,0.00022000000000000003,LONDON_NEW_YORK_OVERLAP,RANGE,1,CLOSED_1M_SOURCE;CAUSAL_ENTRY;HORIZON_EMBARGO;EXPANDING_CAUSAL_CALIBRATION;STRATEGY_BASELINE
mh-60-GBPUSD-1788792120000,671,ADAPTIVE,mh-v7,BASELINE,GBP/USD,2026-09-07T14:42:00.000Z,2026-09-07T14:44:00.000Z,60,SELL,0.4032697547683924,LOSS,-0.00005414510730283675,-0.0002741451073028368,0.00022000000000000003,LONDON_NEW_YORK_OVERLAP,RANGE,1,CLOSED_1M_SOURCE;CAUSAL_ENTRY;HORIZON_EMBARGO;EXPANDING_CAUSAL_CALIBRATION;STRATEGY_BASELINE
mh-60-USDJPY-1788792180000,672,ADAPTIVE,mh-v7,BASELINE,USD/JPY,2026-09-07T14:43:00.000Z,2026-09-07T14:45:00.000Z,60,SELL,0.43548387096774194,LOSS,-0.0001878822751999943,-0.00040788227519999434,0.00022000000000000003,LONDON_NEW_YORK_OVERLAP,RANGE,1,CLOSED_1M_SOURCE;CAUSAL_ENTRY;HORIZON_EMBARGO;EXPANDING_CAUSAL_CALIBRATION;STRATEGY_BASELINE
mh-60-EURUSD-1788792480000,673,ADAPTIVE,mh-v7,BASELINE,EUR/USD,2026-09-07T14:48:00.000Z,2026-09-07T14:50:00.000Z,60,SELL,0.40217391304347827,DRAW,0,-0.00022000000000000003,0.00022000000000000003,LONDON_NEW_YORK_OVERLAP,RANGE,1,CLOSED_1M_SOURCE;CAUSAL_ENTRY;HORIZON_EMBARGO;EXPANDING_CAUSAL_CALIBRATION;STRATEGY_BASELINE
mh-60-GBPUSD-1788792480000,674,ADAPTIVE,mh-v7,BASELINE,GBP/USD,2026-09-07T14:48:00.000Z,2026-09-07T14:50:00.000Z,60,SELL,0.42857142857142855,WIN,0.000013558287031929854,-0.00020644171296807019,0.00022000000000000003,LONDON_NEW_YORK_OVERLAP,RANGE,1,CLOSED_1M_SOURCE;CAUSAL_ENTRY;HORIZON_EMBARGO;EXPANDING_CAUSAL_CALIBRATION;STRATEGY_BASELINE
mh-60-USDCAD-1788792480000,675,ADAPTIVE,mh-v7,BASELINE,USD/CAD,2026-09-07T14:48:00.000Z,2026-09-07T14:50:00.000Z,60,BUY,0.42857142857142855,LOSS,-0.000224535526121441,-0.00044453552612144104,0.00022000000000000003,LONDON_NEW_YORK_OVERLAP,RANGE,1,CLOSED_1M_SOURCE;CAUSAL_ENTRY;HORIZON_EMBARGO;EXPANDING_CAUSAL_CALIBRATION;STRATEGY_BASELINE
mh-60-USDCHF-1788792480000,676,ADAPTIVE,mh-v7,BASELINE,USD/CHF,2026-09-07T14:48:00.000Z,2026-09-07T14:50:00.000Z,60,BUY,0.40217391304347827,LOSS,-0.000037058126961437664,-0.0002570581269614377,0.00022000000000000003,LONDON_NEW_YORK_OVERLAP,RANGE,1,CLOSED_1M_SOURCE;CAUSAL_ENTRY;HORIZON_EMBARGO;EXPANDING_CAUSAL_CALIBRATION;STRATEGY_BASELINE
mh-60-USDJPY-1788792540000,677,ADAPTIVE,mh-v7,BASELINE,USD/JPY,2026-09-07T14:49:00.000Z,2026-09-07T14:51:00.000Z,60,BUY,0.40217391304347827,LOSS,-0.00017477175194503968,-0.0003947717519450397,0.00022000000000000003,LONDON_NEW_YORK_OVERLAP,RANGE,1,CLOSED_1M_SOURCE;CAUSAL_ENTRY;HORIZON_EMBARGO;EXPANDING_CAUSAL_CALIBRATION;STRATEGY_BASELINE
mh-60-EURUSD-1788792840000,678,ADAPTIVE,mh-v7,BASELINE,EUR/USD,2026-09-07T14:54:00.000Z,2026-09-07T14:56:00.000Z,60,SELL,0.39892183288409705,LOSS,-0.00011621711447662484,-0.0003362171144766249,0.00022000000000000003,LONDON_NEW_YORK_OVERLAP,RANGE,1,CLOSED_1M_SOURCE;CAUSAL_ENTRY;HORIZON_EMBARGO;EXPANDING_CAUSAL_CALIBRATION;STRATEGY_BASELINE
mh-60-USDCHF-1788792840000,679,ADAPTIVE,mh-v7,BASELINE,USD/CHF,2026-09-07T14:54:00.000Z,2026-09-07T14:56:00.000Z,60,BUY,0.43846153846153846,LOSS,-0.00009886101356996328,-0.00031886101356996333,0.00022000000000000003,LONDON_NEW_YORK_OVERLAP,RANGE,1,CLOSED_1M_SOURCE;CAUSAL_ENTRY;HORIZON_EMBARGO;EXPANDING_CAUSAL_CALIBRATION;STRATEGY_BASELINE
mh-60-GBPUSD-1788792900000,680,ADAPTIVE,mh-v7,BASELINE,GBP/USD,2026-09-07T14:55:00.000Z,2026-09-07T14:57:00.000Z,60,BUY,0.39892183288409705,LOSS,-0.00006769514578268486,-0.0002876951457826849,0.00022000000000000003,LONDON_NEW_YORK_OVERLAP,RANGE,1,CLOSED_1M_SOURCE;CAUSAL_ENTRY;HORIZON_EMBARGO;EXPANDING_CAUSAL_CALIBRATION;STRATEGY_BASELINE
mh-60-USDJPY-1788792960000,681,ADAPTIVE,mh-v7,BASELINE,USD/JPY,2026-09-07T14:56:00.000Z,2026-09-07T14:58:00.000Z,60,SELL,0.3978494623655914,WIN,0.00011659631330171092,-0.00010340368669828912,0.00022000000000000003,LONDON_NEW_YORK_OVERLAP,RANGE,1,CLOSED_1M_SOURCE;CAUSAL_ENTRY;HORIZON_EMBARGO;EXPANDING_CAUSAL_CALIBRATION;STRATEGY_BASELINE
mh-60-USDCAD-1788793020000,682,ADAPTIVE,mh-v7,BASELINE,USD/CAD,2026-09-07T14:57:00.000Z,2026-09-07T14:59:00.000Z,60,SELL,0.4351145038167939,LOSS,-0.00005068069701758344,-0.0002706806970175835,0.00022000000000000003,LONDON_NEW_YORK_OVERLAP,RANGE,1,CLOSED_1M_SOURCE;CAUSAL_ENTRY;HORIZON_EMBARGO;EXPANDING_CAUSAL_CALIBRATION;STRATEGY_BASELINE
mh-60-EURUSD-1788793200000,683,ADAPTIVE,mh-v7,BASELINE,EUR/USD,2026-09-07T15:00:00.000Z,2026-09-07T15:02:00.000Z,60,BUY,0.3983957219251337,DRAW,0,-0.00022000000000000003,0.00022000000000000003,NEW_YORK_OR_ROLLOVER,RANGE,1,CLOSED_1M_SOURCE;CAUSAL_ENTRY;HORIZON_EMBARGO;EXPANDING_CAUSAL_CALIBRATION;STRATEGY_BASELINE
mh-60-GBPUSD-1788793260000,684,ADAPTIVE,mh-v7,BASELINE,GBP/USD,2026-09-07T15:01:00.000Z,2026-09-07T15:03:00.000Z,60,BUY,0.3983957219251337,LOSS,-0.00005421185641461791,-0.00027421185641461794,0.00022000000000000003,NEW_YORK_OR_ROLLOVER,RANGE,1,CLOSED_1M_SOURCE;CAUSAL_ENTRY;HORIZON_EMBARGO;EXPANDING_CAUSAL_CALIBRATION;STRATEGY_BASELINE
mh-60-USDCHF-1788793260000,685,ADAPTIVE,mh-v7,BASELINE,USD/CHF,2026-09-07T15:01:00.000Z,2026-09-07T15:03:00.000Z,60,SELL,0.4318181818181818,LOSS,-0.0000494408942214647,-0.00026944089422146475,0.00022000000000000003,NEW_YORK_OR_ROLLOVER,RANGE,1,CLOSED_1M_SOURCE;CAUSAL_ENTRY;HORIZON_EMBARGO;EXPANDING_CAUSAL_CALIBRATION;STRATEGY_BASELINE
mh-60-USDCAD-1788793320000,686,ADAPTIVE,mh-v7,BASELINE,USD/CAD,2026-09-07T15:02:00.000Z,2026-09-07T15:04:00.000Z,60,BUY,0.2689075630252101,WIN,0.000050762258329995944,-0.0001692377416700041,0.00022000000000000003,NEW_YORK_OR_ROLLOVER,RANGE,1,CLOSED_1M_SOURCE;CAUSAL_ENTRY;HORIZON_EMBARGO;EXPANDING_CAUSAL_CALIBRATION;STRATEGY_BASELINE
mh-60-USDJPY-1788793380000,687,ADAPTIVE,mh-v7,BASELINE,USD/JPY,2026-09-07T15:03:00.000Z,2026-09-07T15:05:00.000Z,60,BUY,0.4307692307692308,WIN,0.000038857882781291024,-0.00018114211721870902,0.00022000000000000003,NEW_YORK_OR_ROLLOVER,RANGE,1,CLOSED_1M_SOURCE;CAUSAL_ENTRY;HORIZON_EMBARGO;EXPANDING_CAUSAL_CALIBRATION;STRATEGY_BASELINE
mh-60-EURUSD-1788793560000,688,ADAPTIVE,mh-v7,BASELINE,EUR/USD,2026-09-07T15:06:00.000Z,2026-09-07T15:08:00.000Z,60,SELL,0.42857142857142855,WIN,0.00011623062246418144,-0.0001037693775358186,0.00022000000000000003,NEW_YORK_OR_ROLLOVER,RANGE,1,CLOSED_1M_SOURCE;CAUSAL_ENTRY;HORIZON_EMBARGO;EXPANDING_CAUSAL_CALIBRATION;STRATEGY_BASELINE
mh-60-USDCHF-1788793740000,689,ADAPTIVE,mh-v7,BASELINE,USD/CHF,2026-09-07T15:09:00.000Z,2026-09-07T15:11:00.000Z,60,BUY,0.4393939393939394,WIN,0.00013601267997734204,-0.000083987320022658,0.00022000000000000003,NEW_YORK_OR_ROLLOVER,RANGE,1,CLOSED_1M_SOURCE;CAUSAL_ENTRY;HORIZON_EMBARGO;EXPANDING_CAUSAL_CALIBRATION;STRATEGY_BASELINE
mh-60-USDCAD-1788793800000,690,ADAPTIVE,mh-v7,BASELINE,USD/CAD,2026-09-07T15:10:00.000Z,2026-09-07T15:12:00.000Z,60,SELL,0.3962765957446808,LOSS,-0.0001158603894394032,-0.00033586038943940325,0.00022000000000000003,NEW_YORK_OR_ROLLOVER,RANGE,1,CLOSED_1M_SOURCE;CAUSAL_ENTRY;HORIZON_EMBARGO;EXPANDING_CAUSAL_CALIBRATION;STRATEGY_BASELINE
mh-60-GBPUSD-1788793860000,691,ADAPTIVE,mh-v7,BASELINE,GBP/USD,2026-09-07T15:11:00.000Z,2026-09-07T15:13:00.000Z,60,BUY,0.3962765957446808,WIN,0.000013554432532680045,-0.00020644556746732,0.00022000000000000003,NEW_YORK_OR_ROLLOVER,RANGE,1,CLOSED_1M_SOURCE;CAUSAL_ENTRY;HORIZON_EMBARGO;EXPANDING_CAUSAL_CALIBRATION;STRATEGY_BASELINE
mh-60-USDJPY-1788793860000,692,ADAPTIVE,mh-v7,BASELINE,USD/JPY,2026-09-07T15:11:00.000Z,2026-09-07T15:13:00.000Z,60,SELL,0.3962765957446808,WIN,0.00012965119970379004,-0.00009034880029621,0.00022000000000000003,NEW_YORK_OR_ROLLOVER,RANGE,1,CLOSED_1M_SOURCE;CAUSAL_ENTRY;HORIZON_EMBARGO;EXPANDING_CAUSAL_CALIBRATION;STRATEGY_BASELINE
mh-60-EURUSD-1788793920000,693,ADAPTIVE,mh-v7,BASELINE,EUR/USD,2026-09-07T15:12:00.000Z,2026-09-07T15:14:00.000Z,60,BUY,0.275,DRAW,0,-0.00022000000000000003,0.00022000000000000003,NEW_YORK_OR_ROLLOVER,RANGE,1,CLOSED_1M_SOURCE;CAUSAL_ENTRY;HORIZON_EMBARGO;EXPANDING_CAUSAL_CALIBRATION;STRATEGY_BASELINE
mh-60-USDCAD-1788794220000,694,ADAPTIVE,mh-v7,BASELINE,USD/CAD,2026-09-07T15:17:00.000Z,2026-09-07T15:19:00.000Z,60,BUY,0.39841688654353563,DRAW,0,-0.00022000000000000003,0.00022000000000000003,NEW_YORK_OR_ROLLOVER,RANGE,1,CLOSED_1M_SOURCE;CAUSAL_ENTRY;HORIZON_EMBARGO;EXPANDING_CAUSAL_CALIBRATION;STRATEGY_BASELINE
mh-60-USDCHF-1788794220000,695,ADAPTIVE,mh-v7,BASELINE,USD/CHF,2026-09-07T15:17:00.000Z,2026-09-07T15:19:00.000Z,60,BUY,0.2727272727272727,DRAW,0,-0.00022000000000000003,0.00022000000000000003,NEW_YORK_OR_ROLLOVER,RANGE,1,CLOSED_1M_SOURCE;CAUSAL_ENTRY;HORIZON_EMBARGO;EXPANDING_CAUSAL_CALIBRATION;STRATEGY_BASELINE
mh-60-USDJPY-1788794220000,696,ADAPTIVE,mh-v7,BASELINE,USD/JPY,2026-09-07T15:17:00.000Z,2026-09-07T15:19:00.000Z,60,BUY,0.39841688654353563,LOSS,-0.00008421313989878214,-0.0003042131398987822,0.00022000000000000003,NEW_YORK_OR_ROLLOVER,RANGE,1,CLOSED_1M_SOURCE;CAUSAL_ENTRY;HORIZON_EMBARGO;EXPANDING_CAUSAL_CALIBRATION;STRATEGY_BASELINE
mh-60-EURUSD-1788794340000,697,ADAPTIVE,mh-v7,BASELINE,EUR/USD,2026-09-07T15:19:00.000Z,2026-09-07T15:21:00.000Z,60,SELL,0.3963254593175853,LOSS,-0.00011621711447662484,-0.0003362171144766249,0.00022000000000000003,NEW_YORK_OR_ROLLOVER,RANGE,1,CLOSED_1M_SOURCE;CAUSAL_ENTRY;HORIZON_EMBARGO;EXPANDING_CAUSAL_CALIBRATION;STRATEGY_BASELINE
mh-60-GBPUSD-1788794340000,698,ADAPTIVE,mh-v7,BASELINE,GBP/USD,2026-09-07T15:19:00.000Z,2026-09-07T15:21:00.000Z,60,SELL,0.3963254593175853,WIN,0.000013556085044891768,-0.00020644391495510826,0.00022000000000000003,NEW_YORK_OR_ROLLOVER,RANGE,1,CLOSED_1M_SOURCE;CAUSAL_ENTRY;HORIZON_EMBARGO;EXPANDING_CAUSAL_CALIBRATION;STRATEGY_BASELINE
mh-60-EURUSD-1788794700000,699,ADAPTIVE,mh-v7,BASELINE,EUR/USD,2026-09-07T15:25:00.000Z,2026-09-07T15:27:00.000Z,60,SELL,0.27049180327868855,DRAW,0,-0.00022000000000000003,0.00022000000000000003,NEW_YORK_OR_ROLLOVER,RANGE,1,CLOSED_1M_SOURCE;CAUSAL_ENTRY;HORIZON_EMBARGO;EXPANDING_CAUSAL_CALIBRATION;STRATEGY_BASELINE
mh-60-GBPUSD-1788794700000,700,ADAPTIVE,mh-v7,BASELINE,GBP/USD,2026-09-07T15:25:00.000Z,2026-09-07T15:27:00.000Z,60,SELL,0.44776119402985076,WIN,0.00004075462782882669,-0.00017924537217117335,0.00022000000000000003,NEW_YORK_OR_ROLLOVER,RANGE,1,CLOSED_1M_SOURCE;CAUSAL_ENTRY;HORIZON_EMBARGO;EXPANDING_CAUSAL_CALIBRATION;STRATEGY_BASELINE
mh-60-USDJPY-1788794700000,701,ADAPTIVE,mh-v8,BASELINE,USD/JPY,2026-09-07T15:25:00.000Z,2026-09-07T15:27:00.000Z,60,SELL,0.3968668407310705,LOSS,-0.00016205825653199088,-0.0003820582565319909,0.00022000000000000003,NEW_YORK_OR_ROLLOVER,RANGE,1,CLOSED_1M_SOURCE;CAUSAL_ENTRY;HORIZON_EMBARGO;EXPANDING_CAUSAL_CALIBRATION;STRATEGY_BASELINE
mh-60-USDCAD-1788794760000,702,ADAPTIVE,mh-v8,BASELINE,USD/CAD,2026-09-07T15:26:00.000Z,2026-09-07T15:28:00.000Z,60,SELL,0.27049180327868855,WIN,0.000058014430226208795,-0.00016198556977379123,0.00022000000000000003,NEW_YORK_OR_ROLLOVER,RANGE,1,CLOSED_1M_SOURCE;CAUSAL_ENTRY;HORIZON_EMBARGO;EXPANDING_CAUSAL_CALIBRATION;STRATEGY_BASELINE
mh-60-USDCHF-1788794820000,703,ADAPTIVE,mh-v8,BASELINE,USD/CHF,2026-09-07T15:27:00.000Z,2026-09-07T15:29:00.000Z,60,SELL,0.3958333333333333,LOSS,-0.00006182641721217979,-0.00028182641721217984,0.00022000000000000003,NEW_YORK_OR_ROLLOVER,RANGE,1,CLOSED_1M_SOURCE;CAUSAL_ENTRY;HORIZON_EMBARGO;EXPANDING_CAUSAL_CALIBRATION;STRATEGY_BASELINE
mh-60-USDJPY-1788795060000,704,ADAPTIVE,mh-v8,BASELINE,USD/JPY,2026-09-07T15:31:00.000Z,2026-09-07T15:33:00.000Z,60,SELL,0.43283582089552236,LOSS,-0.00011026708170602856,-0.0003302670817060286,0.00022000000000000003,NEW_YORK_OR_ROLLOVER,RANGE,1,CLOSED_1M_SOURCE;CAUSAL_ENTRY;HORIZON_EMBARGO;EXPANDING_CAUSAL_CALIBRATION;STRATEGY_BASELINE
mh-60-EURUSD-1788795120000,705,ADAPTIVE,mh-v8,BASELINE,EUR/USD,2026-09-07T15:32:00.000Z,2026-09-07T15:34:00.000Z,60,BUY,0.3948051948051948,LOSS,-0.00011630607002916567,-0.0003363060700291657,0.00022000000000000003,NEW_YORK_OR_ROLLOVER,RANGE,1,CLOSED_1M_SOURCE;CAUSAL_ENTRY;HORIZON_EMBARGO;EXPANDING_CAUSAL_CALIBRATION;STRATEGY_BASELINE
mh-60-GBPUSD-1788795120000,706,ADAPTIVE,mh-v8,BASELINE,GBP/USD,2026-09-07T15:32:00.000Z,2026-09-07T15:34:00.000Z,60,SELL,0.43283582089552236,WIN,0.00005413777668035076,-0.00016586222331964928,0.00022000000000000003,NEW_YORK_OR_ROLLOVER,RANGE,1,CLOSED_1M_SOURCE;CAUSAL_ENTRY;HORIZON_EMBARGO;EXPANDING_CAUSAL_CALIBRATION;STRATEGY_BASELINE
mh-60-USDCAD-1788795120000,707,ADAPTIVE,mh-v8,BASELINE,USD/CAD,2026-09-07T15:32:00.000Z,2026-09-07T15:34:00.000Z,60,BUY,0.27419354838709675,LOSS,-0.00017377171110491874,-0.00039377171110491877,0.00022000000000000003,NEW_YORK_OR_ROLLOVER,RANGE,1,CLOSED_1M_SOURCE;CAUSAL_ENTRY;HORIZON_EMBARGO;EXPANDING_CAUSAL_CALIBRATION;STRATEGY_BASELINE
mh-60-USDCHF-1788795240000,708,ADAPTIVE,mh-v8,BASELINE,USD/CHF,2026-09-07T15:34:00.000Z,2026-09-07T15:36:00.000Z,60,BUY,0.272,LOSS,-0.0000864945915462367,-0.00030649459154623673,0.00022000000000000003,NEW_YORK_OR_ROLLOVER,RANGE,1,CLOSED_1M_SOURCE;CAUSAL_ENTRY;HORIZON_EMBARGO;EXPANDING_CAUSAL_CALIBRATION;STRATEGY_BASELINE
mh-60-EURUSD-1788795480000,709,ADAPTIVE,mh-v8,BASELINE,EUR/USD,2026-09-07T15:38:00.000Z,2026-09-07T15:40:00.000Z,60,BUY,0.2698412698412698,WIN,0.00011631959870455836,-0.00010368040129544167,0.00022000000000000003,NEW_YORK_OR_ROLLOVER,RANGE,1,CLOSED_1M_SOURCE;CAUSAL_ENTRY;HORIZON_EMBARGO;EXPANDING_CAUSAL_CALIBRATION;STRATEGY_BASELINE
mh-60-GBPUSD-1788795480000,710,ADAPTIVE,mh-v8,BASELINE,GBP/USD,2026-09-07T15:38:00.000Z,2026-09-07T15:40:00.000Z,60,BUY,0.2698412698412698,WIN,0.000013555901279941156,-0.0002064440987200589,0.00022000000000000003,NEW_YORK_OR_ROLLOVER,RANGE,1,CLOSED_1M_SOURCE;CAUSAL_ENTRY;HORIZON_EMBARGO;EXPANDING_CAUSAL_CALIBRATION;STRATEGY_BASELINE
mh-60-USDCAD-1788795480000,711,ADAPTIVE,mh-v8,BASELINE,USD/CAD,2026-09-07T15:38:00.000Z,2026-09-07T15:40:00.000Z,60,BUY,0.4338235294117647,WIN,0.000007250490551790815,-0.0002127495094482092,0.00022000000000000003,NEW_YORK_OR_ROLLOVER,RANGE,1,CLOSED_1M_SOURCE;CAUSAL_ENTRY;HORIZON_EMBARGO;EXPANDING_CAUSAL_CALIBRATION;STRATEGY_BASELINE
mh-60-USDCHF-1788795600000,712,ADAPTIVE,mh-v8,BASELINE,USD/CHF,2026-09-07T15:40:00.000Z,2026-09-07T15:42:00.000Z,60,BUY,0.45588235294117646,WIN,0.00007419359592119417,-0.00014580640407880585,0.00022000000000000003,NEW_YORK_OR_ROLLOVER,RANGE,1,CLOSED_1M_SOURCE;CAUSAL_ENTRY;HORIZON_EMBARGO;EXPANDING_CAUSAL_CALIBRATION;STRATEGY_BASELINE
mh-60-USDJPY-1788795600000,713,ADAPTIVE,mh-v8,BASELINE,USD/JPY,2026-09-07T15:40:00.000Z,2026-09-07T15:42:00.000Z,60,SELL,0.28125,LOSS,-0.00006477363493520016,-0.0002847736349352002,0.00022000000000000003,NEW_YORK_OR_ROLLOVER,RANGE,1,CLOSED_1M_SOURCE;CAUSAL_ENTRY;HORIZON_EMBARGO;EXPANDING_CAUSAL_CALIBRATION;STRATEGY_BASELINE
mh-60-EURUSD-1788795900000,714,ADAPTIVE,mh-v8,BASELINE,EUR/USD,2026-09-07T15:45:00.000Z,2026-09-07T15:47:00.000Z,60,SELL,0.27906976744186046,DRAW,0,-0.00022000000000000003,0.00022000000000000003,NEW_YORK_OR_ROLLOVER,RANGE,1,CLOSED_1M_SOURCE;CAUSAL_ENTRY;HORIZON_EMBARGO;EXPANDING_CAUSAL_CALIBRATION;STRATEGY_BASELINE
mh-60-GBPUSD-1788795900000,715,ADAPTIVE,mh-v8,BASELINE,GBP/USD,2026-09-07T15:45:00.000Z,2026-09-07T15:47:00.000Z,60,SELL,0.39378238341968913,DRAW,0,-0.00022000000000000003,0.00022000000000000003,NEW_YORK_OR_ROLLOVER,RANGE,1,CLOSED_1M_SOURCE;CAUSAL_ENTRY;HORIZON_EMBARGO;EXPANDING_CAUSAL_CALIBRATION;STRATEGY_BASELINE
mh-60-USDCHF-1788795960000,716,ADAPTIVE,mh-v8,BASELINE,USD/CHF,2026-09-07T15:46:00.000Z,2026-09-07T15:48:00.000Z,60,BUY,0.463768115942029,DRAW,0,-0.00022000000000000003,0.00022000000000000003,NEW_YORK_OR_ROLLOVER,RANGE,1,CLOSED_1M_SOURCE;CAUSAL_ENTRY;HORIZON_EMBARGO;EXPANDING_CAUSAL_CALIBRATION;STRATEGY_BASELINE
mh-60-USDCAD-1788796020000,717,ADAPTIVE,mh-v8,BASELINE,USD/CAD,2026-09-07T15:47:00.000Z,2026-09-07T15:49:00.000Z,60,BUY,0.27692307692307694,LOSS,-0.000036164829453051404,-0.00025616482945305146,0.00022000000000000003,NEW_YORK_OR_ROLLOVER,RANGE,1,CLOSED_1M_SOURCE;CAUSAL_ENTRY;HORIZON_EMBARGO;EXPANDING_CAUSAL_CALIBRATION;STRATEGY_BASELINE
mh-60-USDJPY-1788796020000,718,ADAPTIVE,mh-v8,BASELINE,USD/JPY,2026-09-07T15:47:00.000Z,2026-09-07T15:49:00.000Z,60,BUY,0.39276485788113696,LOSS,-0.00011012180519492202,-0.0003301218051949221,0.00022000000000000003,NEW_YORK_OR_ROLLOVER,TREND_UP,1,CLOSED_1M_SOURCE;CAUSAL_ENTRY;HORIZON_EMBARGO;EXPANDING_CAUSAL_CALIBRATION;STRATEGY_BASELINE
mh-60-GBPUSD-1788796260000,719,ADAPTIVE,mh-v8,BASELINE,GBP/USD,2026-09-07T15:51:00.000Z,2026-09-07T15:53:00.000Z,60,SELL,0.3917525773195876,WIN,0.000013469151681135001,-0.00020653084831886504,0.00022000000000000003,NEW_YORK_OR_ROLLOVER,RANGE,1,CLOSED_1M_SOURCE;CAUSAL_ENTRY;HORIZON_EMBARGO;EXPANDING_CAUSAL_CALIBRATION;STRATEGY_BASELINE
mh-60-EURUSD-1788796320000,720,ADAPTIVE,mh-v8,BASELINE,EUR/USD,2026-09-07T15:52:00.000Z,2026-09-07T15:54:00.000Z,60,SELL,0.2748091603053435,DRAW,0,-0.00022000000000000003,0.00022000000000000003,NEW_YORK_OR_ROLLOVER,RANGE,1,CLOSED_1M_SOURCE;CAUSAL_ENTRY;HORIZON_EMBARGO;EXPANDING_CAUSAL_CALIBRATION;STRATEGY_BASELINE
mh-60-USDCAD-1788796380000,721,ADAPTIVE,mh-v8,BASELINE,USD/CAD,2026-09-07T15:53:00.000Z,2026-09-07T15:55:00.000Z,60,BUY,0.45714285714285713,WIN,0.00019551704028117163,-0.000024482959718828402,0.00022000000000000003,NEW_YORK_OR_ROLLOVER,RANGE,1,CLOSED_1M_SOURCE;CAUSAL_ENTRY;HORIZON_EMBARGO;EXPANDING_CAUSAL_CALIBRATION;STRATEGY_BASELINE
mh-60-USDCHF-1788796380000,722,ADAPTIVE,mh-v8,BASELINE,USD/CHF,2026-09-07T15:53:00.000Z,2026-09-07T15:55:00.000Z,60,BUY,0.39331619537275064,WIN,0.0000865586370675908,-0.00013344136293240924,0.00022000000000000003,NEW_YORK_OR_ROLLOVER,RANGE,1,CLOSED_1M_SOURCE;CAUSAL_ENTRY;HORIZON_EMBARGO;EXPANDING_CAUSAL_CALIBRATION;STRATEGY_BASELINE
mh-60-USDJPY-1788796380000,723,ADAPTIVE,mh-v8,BASELINE,USD/JPY,2026-09-07T15:53:00.000Z,2026-09-07T15:55:00.000Z,60,BUY,0.39331619537275064,WIN,0.00008419950776888698,-0.00013580049223111307,0.00022000000000000003,NEW_YORK_OR_ROLLOVER,RANGE,1,CLOSED_1M_SOURCE;CAUSAL_ENTRY;HORIZON_EMBARGO;EXPANDING_CAUSAL_CALIBRATION;STRATEGY_BASELINE
mh-60-GBPUSD-1788796620000,724,ADAPTIVE,mh-v8,BASELINE,GBP/USD,2026-09-07T15:57:00.000Z,2026-09-07T15:59:00.000Z,60,SELL,0.39641943734015345,LOSS,-0.00002711620641454992,-0.00024711620641455,0.00022000000000000003,NEW_YORK_OR_ROLLOVER,RANGE,1,CLOSED_1M_SOURCE;CAUSAL_ENTRY;HORIZON_EMBARGO;EXPANDING_CAUSAL_CALIBRATION;STRATEGY_BASELINE
mh-60-EURUSD-1788796740000,725,ADAPTIVE,mh-v8,BASELINE,EUR/USD,2026-09-07T15:59:00.000Z,2026-09-07T16:01:00.000Z,60,SELL,0.39540816326530615,DRAW,0,-0.00022000000000000003,0.00022000000000000003,NEW_YORK_OR_ROLLOVER,RANGE,1,CLOSED_1M_SOURCE;CAUSAL_ENTRY;HORIZON_EMBARGO;EXPANDING_CAUSAL_CALIBRATION;STRATEGY_BASELINE
mh-60-USDJPY-1788796740000,726,ADAPTIVE,mh-v8,BASELINE,USD/JPY,2026-09-07T15:59:00.000Z,2026-09-07T16:01:00.000Z,60,BUY,0.43795620437956206,LOSS,-0.000025993181682061285,-0.00024599318168206134,0.00022000000000000003,NEW_YORK_OR_ROLLOVER,RANGE,1,CLOSED_1M_SOURCE;CAUSAL_ENTRY;HORIZON_EMBARGO;EXPANDING_CAUSAL_CALIBRATION;STRATEGY_BASELINE
mh-60-USDCHF-1788796800000,727,ADAPTIVE,mh-v8,BASELINE,USD/CHF,2026-09-07T16:00:00.000Z,2026-09-07T16:02:00.000Z,60,BUY,0.2727272727272727,WIN,0.00012353484688198269,-0.00009646515311801735,0.00022000000000000003,NEW_YORK_OR_ROLLOVER,RANGE,1,CLOSED_1M_SOURCE;CAUSAL_ENTRY;HORIZON_EMBARGO;EXPANDING_CAUSAL_CALIBRATION;STRATEGY_BASELINE
mh-60-GBPUSD-1788796980000,728,ADAPTIVE,mh-v8,BASELINE,GBP/USD,2026-09-07T16:03:00.000Z,2026-09-07T16:05:00.000Z,60,SELL,0.3944020356234097,LOSS,-0.000013559205036135282,-0.0002335592050361353,0.00022000000000000003,NEW_YORK_OR_ROLLOVER,RANGE,1,CLOSED_1M_SOURCE;CAUSAL_ENTRY;HORIZON_EMBARGO;EXPANDING_CAUSAL_CALIBRATION;STRATEGY_BASELINE
mh-60-USDCAD-1788796980000,729,ADAPTIVE,mh-v8,BASELINE,USD/CAD,2026-09-07T16:03:00.000Z,2026-09-07T16:05:00.000Z,60,SELL,0.4647887323943662,LOSS,-0.00007242330984366579,-0.0002924233098436658,0.00022000000000000003,NEW_YORK_OR_ROLLOVER,RANGE,1,CLOSED_1M_SOURCE;CAUSAL_ENTRY;HORIZON_EMBARGO;EXPANDING_CAUSAL_CALIBRATION;STRATEGY_BASELINE
mh-60-EURUSD-1788797100000,730,ADAPTIVE,mh-v8,BASELINE,EUR/USD,2026-09-07T16:05:00.000Z,2026-09-07T16:07:00.000Z,60,SELL,0.43478260869565216,DRAW,0,-0.00022000000000000003,0.00022000000000000003,NEW_YORK_OR_ROLLOVER,RANGE,1,CLOSED_1M_SOURCE;CAUSAL_ENTRY;HORIZON_EMBARGO;EXPANDING_CAUSAL_CALIBRATION;STRATEGY_BASELINE
mh-60-USDJPY-1788797100000,731,ADAPTIVE,mh-v8,BASELINE,USD/JPY,2026-09-07T16:05:00.000Z,2026-09-07T16:07:00.000Z,60,BUY,0.3934010152284264,LOSS,-0.00014893324954067384,-0.0003689332495406739,0.00022000000000000003,NEW_YORK_OR_ROLLOVER,TREND_UP,1,CLOSED_1M_SOURCE;CAUSAL_ENTRY;HORIZON_EMBARGO;EXPANDING_CAUSAL_CALIBRATION;STRATEGY_BASELINE
mh-60-USDCHF-1788797160000,732,ADAPTIVE,mh-v8,BASELINE,USD/CHF,2026-09-07T16:06:00.000Z,2026-09-07T16:08:00.000Z,60,BUY,0.43478260869565216,WIN,0.000024676283984399285,-0.00019532371601560075,0.00022000000000000003,NEW_YORK_OR_ROLLOVER,RANGE,1,CLOSED_1M_SOURCE;CAUSAL_ENTRY;HORIZON_EMBARGO;EXPANDING_CAUSAL_CALIBRATION;STRATEGY_BASELINE
mh-60-USDCAD-1788797340000,733,ADAPTIVE,mh-v8,BASELINE,USD/CAD,2026-09-07T16:09:00.000Z,2026-09-07T16:11:00.000Z,60,BUY,0.4357142857142857,LOSS,-0.000014500561810457287,-0.00023450056181045732,0.00022000000000000003,NEW_YORK_OR_ROLLOVER,RANGE,1,CLOSED_1M_SOURCE;CAUSAL_ENTRY;HORIZON_EMBARGO;EXPANDING_CAUSAL_CALIBRATION;STRATEGY_BASELINE
mh-60-GBPUSD-1788797460000,734,ADAPTIVE,mh-v8,BASELINE,GBP/USD,2026-09-07T16:11:00.000Z,2026-09-07T16:13:00.000Z,60,SELL,0.4583333333333333,DRAW,0,-0.00022000000000000003,0.00022000000000000003,NEW_YORK_OR_ROLLOVER,RANGE,1,CLOSED_1M_SOURCE;CAUSAL_ENTRY;HORIZON_EMBARGO;EXPANDING_CAUSAL_CALIBRATION;STRATEGY_BASELINE
mh-60-EURUSD-1788797580000,735,ADAPTIVE,mh-v8,BASELINE,EUR/USD,2026-09-07T16:13:00.000Z,2026-09-07T16:15:00.000Z,60,SELL,0.4326241134751773,DRAW,0,-0.00022000000000000003,0.00022000000000000003,NEW_YORK_OR_ROLLOVER,RANGE,1,CLOSED_1M_SOURCE;CAUSAL_ENTRY;HORIZON_EMBARGO;EXPANDING_CAUSAL_CALIBRATION;STRATEGY_BASELINE
mh-60-USDCHF-1788797580000,736,ADAPTIVE,mh-v8,BASELINE,USD/CHF,2026-09-07T16:13:00.000Z,2026-09-07T16:15:00.000Z,60,SELL,0.3924050632911392,LOSS,-0.00007418075751150152,-0.00029418075751150156,0.00022000000000000003,NEW_YORK_OR_ROLLOVER,RANGE,1,CLOSED_1M_SOURCE;CAUSAL_ENTRY;HORIZON_EMBARGO;EXPANDING_CAUSAL_CALIBRATION;STRATEGY_BASELINE
mh-60-USDJPY-1788797640000,737,ADAPTIVE,mh-v8,BASELINE,USD/JPY,2026-09-07T16:14:00.000Z,2026-09-07T16:16:00.000Z,60,SELL,0.4520547945205479,WIN,0.00000642429545987133,-0.0002135757045401287,0.00022000000000000003,NEW_YORK_OR_ROLLOVER,RANGE,1,CLOSED_1M_SOURCE;CAUSAL_ENTRY;HORIZON_EMBARGO;EXPANDING_CAUSAL_CALIBRATION;STRATEGY_BASELINE
mh-60-USDCAD-1788797940000,738,ADAPTIVE,mh-v8,BASELINE,USD/CAD,2026-09-07T16:19:00.000Z,2026-09-07T16:21:00.000Z,60,BUY,0.2781954887218045,WIN,0.000014498461954827626,-0.0002055015380451724,0.00022000000000000003,NEW_YORK_OR_ROLLOVER,RANGE,1,CLOSED_1M_SOURCE;CAUSAL_ENTRY;HORIZON_EMBARGO;EXPANDING_CAUSAL_CALIBRATION;STRATEGY_BASELINE
mh-60-USDCHF-1788797940000,739,ADAPTIVE,mh-v8,BASELINE,USD/CHF,2026-09-07T16:19:00.000Z,2026-09-07T16:21:00.000Z,60,BUY,0.39141414141414144,LOSS,-0.00006179891105751932,-0.00028179891105751934,0.00022000000000000003,NEW_YORK_OR_ROLLOVER,RANGE,1,CLOSED_1M_SOURCE;CAUSAL_ENTRY;HORIZON_EMBARGO;EXPANDING_CAUSAL_CALIBRATION;STRATEGY_BASELINE
mh-60-GBPUSD-1788798000000,740,ADAPTIVE,mh-v8,BASELINE,GBP/USD,2026-09-07T16:20:00.000Z,2026-09-07T16:22:00.000Z,60,BUY,0.4594594594594595,LOSS,-0.000013468970265531506,-0.00023346897026553154,0.00022000000000000003,NEW_YORK_OR_ROLLOVER,RANGE,1,CLOSED_1M_SOURCE;CAUSAL_ENTRY;HORIZON_EMBARGO;EXPANDING_CAUSAL_CALIBRATION;STRATEGY_BASELINE
mh-60-USDJPY-1788798060000,741,ADAPTIVE,mh-v8,BASELINE,USD/JPY,2026-09-07T16:21:00.000Z,2026-09-07T16:23:00.000Z,60,SELL,0.4295774647887324,WIN,0.000012947678333019031,-0.000207052321666981,0.00022000000000000003,NEW_YORK_OR_ROLLOVER,RANGE,1,CLOSED_1M_SOURCE;CAUSAL_ENTRY;HORIZON_EMBARGO;EXPANDING_CAUSAL_CALIBRATION;STRATEGY_BASELINE
mh-60-USDCAD-1788798300000,742,ADAPTIVE,mh-v8,BASELINE,USD/CAD,2026-09-07T16:25:00.000Z,2026-09-07T16:27:00.000Z,60,BUY,0.43356643356643354,LOSS,-0.000014498567058289072,-0.0002344985670582891,0.00022000000000000003,NEW_YORK_OR_ROLLOVER,RANGE,1,CLOSED_1M_SOURCE;CAUSAL_ENTRY;HORIZON_EMBARGO;EXPANDING_CAUSAL_CALIBRATION;STRATEGY_BASELINE
mh-60-GBPUSD-1788798360000,743,ADAPTIVE,mh-v8,BASELINE,GBP/USD,2026-09-07T16:26:00.000Z,2026-09-07T16:28:00.000Z,60,SELL,0.2835820895522388,LOSS,-0.00021660687313588046,-0.0004366068731358805,0.00022000000000000003,NEW_YORK_OR_ROLLOVER,RANGE,1,CLOSED_1M_SOURCE;CAUSAL_ENTRY;HORIZON_EMBARGO;EXPANDING_CAUSAL_CALIBRATION;STRATEGY_BASELINE
mh-60-USDCHF-1788798360000,744,ADAPTIVE,mh-v8,BASELINE,USD/CHF,2026-09-07T16:26:00.000Z,2026-09-07T16:28:00.000Z,60,BUY,0.43356643356643354,LOSS,-0.000037122622577758086,-0.0002571226225777581,0.00022000000000000003,NEW_YORK_OR_ROLLOVER,RANGE,1,CLOSED_1M_SOURCE;CAUSAL_ENTRY;HORIZON_EMBARGO;EXPANDING_CAUSAL_CALIBRATION;STRATEGY_BASELINE
mh-60-EURUSD-1788798600000,745,ADAPTIVE,mh-v8,BASELINE,EUR/USD,2026-09-07T16:30:00.000Z,2026-09-07T16:32:00.000Z,60,BUY,0.3904282115869018,LOSS,-0.00011621711447662484,-0.0003362171144766249,0.00022000000000000003,NEW_YORK_OR_ROLLOVER,RANGE,1,CLOSED_1M_SOURCE;CAUSAL_ENTRY;HORIZON_EMBARGO;EXPANDING_CAUSAL_CALIBRATION;STRATEGY_BASELINE
mh-60-USDJPY-1788798600000,746,ADAPTIVE,mh-v8,BASELINE,USD/JPY,2026-09-07T16:30:00.000Z,2026-09-07T16:32:00.000Z,60,SELL,0.3904282115869018,WIN,0.000006524525592847064,-0.00021347547440715296,0.00022000000000000003,NEW_YORK_OR_ROLLOVER,RANGE,1,CLOSED_1M_SOURCE;CAUSAL_ENTRY;HORIZON_EMBARGO;EXPANDING_CAUSAL_CALIBRATION;STRATEGY_BASELINE
mh-60-USDCAD-1788798660000,747,ADAPTIVE,mh-v8,BASELINE,USD/CAD,2026-09-07T16:31:00.000Z,2026-09-07T16:33:00.000Z,60,BUY,0.4533333333333333,LOSS,-0.000014413518672195588,-0.00023441351867219563,0.00022000000000000003,NEW_YORK_OR_ROLLOVER,RANGE,1,CLOSED_1M_SOURCE;CAUSAL_ENTRY;HORIZON_EMBARGO;EXPANDING_CAUSAL_CALIBRATION;STRATEGY_BASELINE
mh-60-GBPUSD-1788798720000,748,ADAPTIVE,mh-v8,BASELINE,GBP/USD,2026-09-07T16:32:00.000Z,2026-09-07T16:34:00.000Z,60,BUY,0.39097744360902253,DRAW,0,-0.00022000000000000003,0.00022000000000000003,NEW_YORK_OR_ROLLOVER,RANGE,1,CLOSED_1M_SOURCE;CAUSAL_ENTRY;HORIZON_EMBARGO;EXPANDING_CAUSAL_CALIBRATION;STRATEGY_BASELINE
mh-60-USDCHF-1788798840000,749,ADAPTIVE,mh-v8,BASELINE,USD/CHF,2026-09-07T16:34:00.000Z,2026-09-07T16:36:00.000Z,60,SELL,0.42758620689655175,LOSS,-0.000012375583945243345,-0.0002323755839452434,0.00022000000000000003,NEW_YORK_OR_ROLLOVER,RANGE,1,CLOSED_1M_SOURCE;CAUSAL_ENTRY;HORIZON_EMBARGO;EXPANDING_CAUSAL_CALIBRATION;STRATEGY_BASELINE
mh-60-USDJPY-1788798960000,750,ADAPTIVE,mh-v8,BASELINE,USD/JPY,2026-09-07T16:36:00.000Z,2026-09-07T16:38:00.000Z,60,SELL,0.39,WIN,0.0000065260900721063734,-0.00021347390992789366,0.00022000000000000003,NEW_YORK_OR_ROLLOVER,TREND_DOWN,1,CLOSED_1M_SOURCE;CAUSAL_ENTRY;HORIZON_EMBARGO;EXPANDING_CAUSAL_CALIBRATION;STRATEGY_BASELINE
mh-60-EURUSD-1788799140000,751,ADAPTIVE,mh-v8,BASELINE,EUR/USD,2026-09-07T16:39:00.000Z,2026-09-07T16:41:00.000Z,60,BUY,0.3915211970074813,DRAW,0,-0.00022000000000000003,0.00022000000000000003,NEW_YORK_OR_ROLLOVER,RANGE,1,CLOSED_1M_SOURCE;CAUSAL_ENTRY;HORIZON_EMBARGO;EXPANDING_CAUSAL_CALIBRATION;STRATEGY_BASELINE
mh-60-GBPUSD-1788799140000,752,ADAPTIVE,mh-v8,BASELINE,GBP/USD,2026-09-07T16:39:00.000Z,2026-09-07T16:41:00.000Z,60,BUY,0.3915211970074813,WIN,0.00005412457893937827,-0.00016587542106062176,0.00022000000000000003,NEW_YORK_OR_ROLLOVER,RANGE,1,CLOSED_1M_SOURCE;CAUSAL_ENTRY;HORIZON_EMBARGO;EXPANDING_CAUSAL_CALIBRATION;STRATEGY_BASELINE
mh-60-USDCAD-1788799140000,753,ADAPTIVE,mh-v8,BASELINE,USD/CAD,2026-09-07T16:39:00.000Z,2026-09-07T16:41:00.000Z,60,SELL,0.2814814814814815,DRAW,0,-0.00022000000000000003,0.00022000000000000003,NEW_YORK_OR_ROLLOVER,RANGE,1,CLOSED_1M_SOURCE;CAUSAL_ENTRY;HORIZON_EMBARGO;EXPANDING_CAUSAL_CALIBRATION;STRATEGY_BASELINE
mh-60-USDCHF-1788799200000,754,ADAPTIVE,mh-v8,BASELINE,USD/CHF,2026-09-07T16:40:00.000Z,2026-09-07T16:42:00.000Z,60,SELL,0.3915211970074813,LOSS,-0.000024680859904734828,-0.00024468085990473487,0.00022000000000000003,NEW_YORK_OR_ROLLOVER,RANGE,1,CLOSED_1M_SOURCE;CAUSAL_ENTRY;HORIZON_EMBARGO;EXPANDING_CAUSAL_CALIBRATION;STRATEGY_BASELINE
mh-60-USDJPY-1788799320000,755,ADAPTIVE,mh-v8,BASELINE,USD/JPY,2026-09-07T16:42:00.000Z,2026-09-07T16:44:00.000Z,60,SELL,0.3910891089108911,WIN,0.00007131291930958016,-0.0001486870806904199,0.00022000000000000003,NEW_YORK_OR_ROLLOVER,TREND_DOWN,1,CLOSED_1M_SOURCE;CAUSAL_ENTRY;HORIZON_EMBARGO;EXPANDING_CAUSAL_CALIBRATION;STRATEGY_BASELINE
mh-60-USDCAD-1788799440000,756,ADAPTIVE,mh-v8,BASELINE,USD/CAD,2026-09-07T16:44:00.000Z,2026-09-07T16:46:00.000Z,60,SELL,0.4246575342465753,LOSS,-0.0001810085673072632,-0.00040100856730726324,0.00022000000000000003,NEW_YORK_OR_ROLLOVER,RANGE,1,CLOSED_1M_SOURCE;CAUSAL_ENTRY;HORIZON_EMBARGO;EXPANDING_CAUSAL_CALIBRATION;STRATEGY_BASELINE
mh-60-EURUSD-1788799500000,757,ADAPTIVE,mh-v8,BASELINE,EUR/USD,2026-09-07T16:45:00.000Z,2026-09-07T16:47:00.000Z,60,BUY,0.3925925925925926,LOSS,-0.00011630607002916567,-0.0003363060700291657,0.00022000000000000003,NEW_YORK_OR_ROLLOVER,RANGE,1,CLOSED_1M_SOURCE;CAUSAL_ENTRY;HORIZON_EMBARGO;EXPANDING_CAUSAL_CALIBRATION;STRATEGY_BASELINE
mh-60-GBPUSD-1788799500000,758,ADAPTIVE,mh-v8,BASELINE,GBP/USD,2026-09-07T16:45:00.000Z,2026-09-07T16:47:00.000Z,60,BUY,0.3925925925925926,LOSS,-0.000013551127524205481,-0.00023355112752420552,0.00022000000000000003,NEW_YORK_OR_ROLLOVER,TREND_UP,1,CLOSED_1M_SOURCE;CAUSAL_ENTRY;HORIZON_EMBARGO;EXPANDING_CAUSAL_CALIBRATION;STRATEGY_BASELINE
mh-60-USDCHF-1788799560000,759,ADAPTIVE,mh-v8,BASELINE,USD/CHF,2026-09-07T16:46:00.000Z,2026-09-07T16:48:00.000Z,60,SELL,0.3925925925925926,DRAW,0,-0.00022000000000000003,0.00022000000000000003,NEW_YORK_OR_ROLLOVER,RANGE,1,CLOSED_1M_SOURCE;CAUSAL_ENTRY;HORIZON_EMBARGO;EXPANDING_CAUSAL_CALIBRATION;STRATEGY_BASELINE
mh-60-GBPUSD-1788799860000,760,ADAPTIVE,mh-v8,BASELINE,GBP/USD,2026-09-07T16:51:00.000Z,2026-09-07T16:53:00.000Z,60,BUY,0.3897058823529412,LOSS,-0.00004056319309936495,-0.000260563193099365,0.00022000000000000003,NEW_YORK_OR_ROLLOVER,RANGE,1,CLOSED_1M_SOURCE;CAUSAL_ENTRY;HORIZON_EMBARGO;EXPANDING_CAUSAL_CALIBRATION;STRATEGY_BASELINE
mh-60-USDCAD-1788799860000,761,ADAPTIVE,mh-v8,BASELINE,USD/CAD,2026-09-07T16:51:00.000Z,2026-09-07T16:53:00.000Z,60,SELL,0.4217687074829932,DRAW,0,-0.00022000000000000003,0.00022000000000000003,NEW_YORK_OR_ROLLOVER,RANGE,1,CLOSED_1M_SOURCE;CAUSAL_ENTRY;HORIZON_EMBARGO;EXPANDING_CAUSAL_CALIBRATION;STRATEGY_BASELINE
mh-60-USDJPY-1788799860000,762,ADAPTIVE,mh-v8,BASELINE,USD/JPY,2026-09-07T16:51:00.000Z,2026-09-07T16:53:00.000Z,60,SELL,0.3897058823529412,WIN,0.000019481031260528534,-0.00020051896873947151,0.00022000000000000003,NEW_YORK_OR_ROLLOVER,RANGE,1,CLOSED_1M_SOURCE;CAUSAL_ENTRY;HORIZON_EMBARGO;EXPANDING_CAUSAL_CALIBRATION;STRATEGY_BASELINE
mh-60-EURUSD-1788799920000,763,ADAPTIVE,mh-v8,BASELINE,EUR/USD,2026-09-07T16:52:00.000Z,2026-09-07T16:54:00.000Z,60,BUY,0.3897058823529412,LOSS,-0.00011630607002916567,-0.0003363060700291657,0.00022000000000000003,NEW_YORK_OR_ROLLOVER,RANGE,1,CLOSED_1M_SOURCE;CAUSAL_ENTRY;HORIZON_EMBARGO;EXPANDING_CAUSAL_CALIBRATION;STRATEGY_BASELINE
mh-60-USDCHF-1788799920000,764,ADAPTIVE,mh-v8,BASELINE,USD/CHF,2026-09-07T16:52:00.000Z,2026-09-07T16:54:00.000Z,60,SELL,0.3897058823529412,LOSS,-0.00013592387791339387,-0.0003559238779133939,0.00022000000000000003,NEW_YORK_OR_ROLLOVER,RANGE,1,CLOSED_1M_SOURCE;CAUSAL_ENTRY;HORIZON_EMBARGO;EXPANDING_CAUSAL_CALIBRATION;STRATEGY_BASELINE
mh-60-GBPUSD-1788800280000,765,ADAPTIVE,mh-v8,BASELINE,GBP/USD,2026-09-07T16:58:00.000Z,2026-09-07T17:00:00.000Z,60,BUY,0.3883495145631068,WIN,0.000013551311159751127,-0.00020644868884024892,0.00022000000000000003,NEW_YORK_OR_ROLLOVER,RANGE,1,CLOSED_1M_SOURCE;CAUSAL_ENTRY;HORIZON_EMBARGO;EXPANDING_CAUSAL_CALIBRATION;STRATEGY_BASELINE
mh-60-USDCAD-1788800280000,766,ADAPTIVE,mh-v8,BASELINE,USD/CAD,2026-09-07T16:58:00.000Z,2026-09-07T17:00:00.000Z,60,BUY,0.27941176470588236,WIN,0.000021753520185712908,-0.00019824647981428714,0.00022000000000000003,NEW_YORK_OR_ROLLOVER,RANGE,1,CLOSED_1M_SOURCE;CAUSAL_ENTRY;HORIZON_EMBARGO;EXPANDING_CAUSAL_CALIBRATION;STRATEGY_BASELINE
mh-60-USDJPY-1788800400000,767,ADAPTIVE,mh-v8,BASELINE,USD/JPY,2026-09-07T17:00:00.000Z,2026-09-07T17:02:00.000Z,60,SELL,0.4189189189189189,LOSS,-0.00003243689170320679,-0.0002524368917032068,0.00022000000000000003,NEW_YORK_OR_ROLLOVER,RANGE,1,CLOSED_1M_SOURCE;CAUSAL_ENTRY;HORIZON_EMBARGO;EXPANDING_CAUSAL_CALIBRATION;STRATEGY_BASELINE
mh-60-USDCHF-1788800460000,768,ADAPTIVE,mh-v8,BASELINE,USD/CHF,2026-09-07T17:01:00.000Z,2026-09-07T17:03:00.000Z,60,SELL,0.4473684210526316,LOSS,-0.00018540360235442686,-0.0004054036023544269,0.00022000000000000003,NEW_YORK_OR_ROLLOVER,RANGE,1,CLOSED_1M_SOURCE;CAUSAL_ENTRY;HORIZON_EMBARGO;EXPANDING_CAUSAL_CALIBRATION;STRATEGY_BASELINE
mh-60-EURUSD-1788800580000,769,ADAPTIVE,mh-v8,BASELINE,EUR/USD,2026-09-07T17:03:00.000Z,2026-09-07T17:05:00.000Z,60,SELL,0.3898305084745763,DRAW,0,-0.00022000000000000003,0.00022000000000000003,NEW_YORK_OR_ROLLOVER,RANGE,1,CLOSED_1M_SOURCE;CAUSAL_ENTRY;HORIZON_EMBARGO;EXPANDING_CAUSAL_CALIBRATION;STRATEGY_BASELINE
mh-60-GBPUSD-1788800640000,770,ADAPTIVE,mh-v8,BASELINE,GBP/USD,2026-09-07T17:04:00.000Z,2026-09-07T17:06:00.000Z,60,SELL,0.3898305084745763,WIN,0.00004057528180237338,-0.00017942471819762666,0.00022000000000000003,NEW_YORK_OR_ROLLOVER,RANGE,1,CLOSED_1M_SOURCE;CAUSAL_ENTRY;HORIZON_EMBARGO;EXPANDING_CAUSAL_CALIBRATION;STRATEGY_BASELINE
mh-60-USDCAD-1788800640000,771,ADAPTIVE,mh-v8,BASELINE,USD/CAD,2026-09-07T17:04:00.000Z,2026-09-07T17:06:00.000Z,60,BUY,0.2846715328467153,LOSS,-0.00020275625944135084,-0.0004227562594413509,0.00022000000000000003,NEW_YORK_OR_ROLLOVER,RANGE,1,CLOSED_1M_SOURCE;CAUSAL_ENTRY;HORIZON_EMBARGO;EXPANDING_CAUSAL_CALIBRATION;STRATEGY_BASELINE
mh-60-USDJPY-1788800760000,772,ADAPTIVE,mh-v8,BASELINE,USD/JPY,2026-09-07T17:06:00.000Z,2026-09-07T17:08:00.000Z,60,SELL,0.2826086956521739,WIN,0.000006526639914694838,-0.0002134733600853052,0.00022000000000000003,NEW_YORK_OR_ROLLOVER,RANGE,1,CLOSED_1M_SOURCE;CAUSAL_ENTRY;HORIZON_EMBARGO;EXPANDING_CAUSAL_CALIBRATION;STRATEGY_BASELINE
mh-60-USDCHF-1788800820000,773,ADAPTIVE,mh-v8,BASELINE,USD/CHF,2026-09-07T17:07:00.000Z,2026-09-07T17:09:00.000Z,60,BUY,0.2826086956521739,WIN,0.00006173059134591621,-0.00015826940865408382,0.00022000000000000003,NEW_YORK_OR_ROLLOVER,RANGE,1,CLOSED_1M_SOURCE;CAUSAL_ENTRY;HORIZON_EMBARGO;EXPANDING_CAUSAL_CALIBRATION;STRATEGY_BASELINE
mh-60-EURUSD-1788800940000,774,ADAPTIVE,mh-v8,BASELINE,EUR/USD,2026-09-07T17:09:00.000Z,2026-09-07T17:11:00.000Z,60,SELL,0.39036144578313253,WIN,0.00011634665357296985,-0.00010365334642703019,0.00022000000000000003,NEW_YORK_OR_ROLLOVER,RANGE,1,CLOSED_1M_SOURCE;CAUSAL_ENTRY;HORIZON_EMBARGO;EXPANDING_CAUSAL_CALIBRATION;STRATEGY_BASELINE
mh-60-GBPUSD-1788801060000,775,ADAPTIVE,mh-v8,BASELINE,GBP/USD,2026-09-07T17:11:00.000Z,2026-09-07T17:13:00.000Z,60,SELL,0.3918269230769231,DRAW,0,-0.00022000000000000003,0.00022000000000000003,NEW_YORK_OR_ROLLOVER,RANGE,1,CLOSED_1M_SOURCE;CAUSAL_ENTRY;HORIZON_EMBARGO;EXPANDING_CAUSAL_CALIBRATION;STRATEGY_BASELINE
mh-60-USDCAD-1788801120000,776,ADAPTIVE,mh-v8,BASELINE,USD/CAD,2026-09-07T17:12:00.000Z,2026-09-07T17:14:00.000Z,60,BUY,0.44155844155844154,DRAW,0,-0.00022000000000000003,0.00022000000000000003,NEW_YORK_OR_ROLLOVER,RANGE,1,CLOSED_1M_SOURCE;CAUSAL_ENTRY;HORIZON_EMBARGO;EXPANDING_CAUSAL_CALIBRATION;STRATEGY_BASELINE
mh-60-USDJPY-1788801120000,777,ADAPTIVE,mh-v8,BASELINE,USD/JPY,2026-09-07T17:12:00.000Z,2026-09-07T17:14:00.000Z,60,BUY,0.4161073825503356,LOSS,-0.00009719729666928694,-0.000317197296669287,0.00022000000000000003,NEW_YORK_OR_ROLLOVER,RANGE,1,CLOSED_1M_SOURCE;CAUSAL_ENTRY;HORIZON_EMBARGO;EXPANDING_CAUSAL_CALIBRATION;STRATEGY_BASELINE
mh-60-USDCHF-1788801180000,778,ADAPTIVE,mh-v8,BASELINE,USD/CHF,2026-09-07T17:13:00.000Z,2026-09-07T17:15:00.000Z,60,BUY,0.29285714285714287,LOSS,-0.000024750250817273907,-0.0002447502508172739,0.00022000000000000003,NEW_YORK_OR_ROLLOVER,RANGE,1,CLOSED_1M_SOURCE;CAUSAL_ENTRY;HORIZON_EMBARGO;EXPANDING_CAUSAL_CALIBRATION;STRATEGY_BASELINE
mh-60-EURUSD-1788801240000,779,ADAPTIVE,mh-v8,BASELINE,EUR/USD,2026-09-07T17:14:00.000Z,2026-09-07T17:16:00.000Z,60,SELL,0.41333333333333333,DRAW,0,-0.00022000000000000003,0.00022000000000000003,NEW_YORK_OR_ROLLOVER,RANGE,1,CLOSED_1M_SOURCE;CAUSAL_ENTRY;HORIZON_EMBARGO;EXPANDING_CAUSAL_CALIBRATION;STRATEGY_BASELINE
mh-60-GBPUSD-1788801420000,780,ADAPTIVE,mh-v8,BASELINE,GBP/USD,2026-09-07T17:17:00.000Z,2026-09-07T17:19:00.000Z,60,SELL,0.4105960264900662,WIN,0.000054130448042559385,-0.00016586955195744066,0.00022000000000000003,NEW_YORK_OR_ROLLOVER,RANGE,1,CLOSED_1M_SOURCE;CAUSAL_ENTRY;HORIZON_EMBARGO;EXPANDING_CAUSAL_CALIBRATION;STRATEGY_BASELINE
mh-60-USDCAD-1788801420000,781,ADAPTIVE,mh-v8,BASELINE,USD/CAD,2026-09-07T17:17:00.000Z,2026-09-07T17:19:00.000Z,60,BUY,0.2907801418439716,WIN,0.000014500666944365947,-0.0002054993330556341,0.00022000000000000003,NEW_YORK_OR_ROLLOVER,RANGE,1,CLOSED_1M_SOURCE;CAUSAL_ENTRY;HORIZON_EMBARGO;EXPANDING_CAUSAL_CALIBRATION;STRATEGY_BASELINE
mh-60-USDJPY-1788801540000,782,ADAPTIVE,mh-v8,BASELINE,USD/JPY,2026-09-07T17:19:00.000Z,2026-09-07T17:21:00.000Z,60,BUY,0.3908872901678657,LOSS,-0.00005181017739745416,-0.0002718101773974542,0.00022000000000000003,NEW_YORK_OR_ROLLOVER,RANGE,1,CLOSED_1M_SOURCE;CAUSAL_ENTRY;HORIZON_EMBARGO;EXPANDING_CAUSAL_CALIBRATION;STRATEGY_BASELINE
mh-60-USDCHF-1788801600000,783,ADAPTIVE,mh-v8,BASELINE,USD/CHF,2026-09-07T17:20:00.000Z,2026-09-07T17:22:00.000Z,60,BUY,0.3908872901678657,WIN,0.00003712446012085338,-0.00018287553987914666,0.00022000000000000003,NEW_YORK_OR_ROLLOVER,RANGE,1,CLOSED_1M_SOURCE;CAUSAL_ENTRY;HORIZON_EMBARGO;EXPANDING_CAUSAL_CALIBRATION;STRATEGY_BASELINE
mh-60-EURUSD-1788801780000,784,ADAPTIVE,mh-v8,BASELINE,EUR/USD,2026-09-07T17:23:00.000Z,2026-09-07T17:25:00.000Z,60,SELL,0.4144736842105263,DRAW,0,-0.00022000000000000003,0.00022000000000000003,NEW_YORK_OR_ROLLOVER,RANGE,1,CLOSED_1M_SOURCE;CAUSAL_ENTRY;HORIZON_EMBARGO;EXPANDING_CAUSAL_CALIBRATION;STRATEGY_BASELINE
mh-60-GBPUSD-1788801780000,785,ADAPTIVE,mh-v8,BASELINE,GBP/USD,2026-09-07T17:23:00.000Z,2026-09-07T17:25:00.000Z,60,SELL,0.3914081145584726,WIN,0.000013467693380232594,-0.00020653230661976744,0.00022000000000000003,NEW_YORK_OR_ROLLOVER,RANGE,1,CLOSED_1M_SOURCE;CAUSAL_ENTRY;HORIZON_EMBARGO;EXPANDING_CAUSAL_CALIBRATION;STRATEGY_BASELINE
mh-60-USDCAD-1788801900000,786,ADAPTIVE,mh-v8,BASELINE,USD/CAD,2026-09-07T17:25:00.000Z,2026-09-07T17:27:00.000Z,60,SELL,0.4358974358974359,LOSS,-0.00020990378172906687,-0.00042990378172906693,0.00022000000000000003,NEW_YORK_OR_ROLLOVER,RANGE,1,CLOSED_1M_SOURCE;CAUSAL_ENTRY;HORIZON_EMBARGO;EXPANDING_CAUSAL_CALIBRATION;STRATEGY_BASELINE
mh-60-USDJPY-1788802020000,787,ADAPTIVE,mh-v8,BASELINE,USD/JPY,2026-09-07T17:27:00.000Z,2026-09-07T17:29:00.000Z,60,BUY,0.29577464788732394,LOSS,-0.000006427209919498701,-0.00022642720991949874,0.00022000000000000003,NEW_YORK_OR_ROLLOVER,RANGE,1,CLOSED_1M_SOURCE;CAUSAL_ENTRY;HORIZON_EMBARGO;EXPANDING_CAUSAL_CALIBRATION;STRATEGY_BASELINE
mh-60-EURUSD-1788802140000,788,ADAPTIVE,mh-v8,BASELINE,EUR/USD,2026-09-07T17:29:00.000Z,2026-09-07T17:31:00.000Z,60,SELL,0.4117647058823529,DRAW,0,-0.00022000000000000003,0.00022000000000000003,NEW_YORK_OR_ROLLOVER,RANGE,1,CLOSED_1M_SOURCE;CAUSAL_ENTRY;HORIZON_EMBARGO;EXPANDING_CAUSAL_CALIBRATION;STRATEGY_BASELINE
mh-60-GBPUSD-1788802140000,789,ADAPTIVE,mh-v8,BASELINE,GBP/USD,2026-09-07T17:29:00.000Z,2026-09-07T17:31:00.000Z,60,SELL,0.2937062937062937,DRAW,0,-0.00022000000000000003,0.00022000000000000003,NEW_YORK_OR_ROLLOVER,RANGE,1,CLOSED_1M_SOURCE;CAUSAL_ENTRY;HORIZON_EMBARGO;EXPANDING_CAUSAL_CALIBRATION;STRATEGY_BASELINE
mh-60-USDCHF-1788802140000,790,ADAPTIVE,mh-v8,BASELINE,USD/CHF,2026-09-07T17:29:00.000Z,2026-09-07T17:31:00.000Z,60,BUY,0.4117647058823529,LOSS,-0.000012299792339733521,-0.00023229979233973356,0.00022000000000000003,NEW_YORK_OR_ROLLOVER,RANGE,1,CLOSED_1M_SOURCE;CAUSAL_ENTRY;HORIZON_EMBARGO;EXPANDING_CAUSAL_CALIBRATION;STRATEGY_BASELINE
mh-60-USDCAD-1788802320000,791,ADAPTIVE,mh-v8,BASELINE,USD/CAD,2026-09-07T17:32:00.000Z,2026-09-07T17:34:00.000Z,60,BUY,0.43037974683544306,LOSS,-0.000014499406689456627,-0.00023449940668945665,0.00022000000000000003,NEW_YORK_OR_ROLLOVER,RANGE,1,CLOSED_1M_SOURCE;CAUSAL_ENTRY;HORIZON_EMBARGO;EXPANDING_CAUSAL_CALIBRATION;STRATEGY_BASELINE
mh-60-USDJPY-1788802440000,792,ADAPTIVE,mh-v8,BASELINE,USD/JPY,2026-09-07T17:34:00.000Z,2026-09-07T17:36:00.000Z,60,BUY,0.39285714285714285,LOSS,-0.000045379519599948395,-0.0002653795195999484,0.00022000000000000003,NEW_YORK_OR_ROLLOVER,RANGE,1,CLOSED_1M_SOURCE;CAUSAL_ENTRY;HORIZON_EMBARGO;EXPANDING_CAUSAL_CALIBRATION;STRATEGY_BASELINE
mh-60-USDCHF-1788802560000,793,ADAPTIVE,mh-v8,BASELINE,USD/CHF,2026-09-07T17:36:00.000Z,2026-09-07T17:38:00.000Z,60,BUY,0.3919239904988123,WIN,0.000012299943626485918,-0.00020770005637351413,0.00022000000000000003,NEW_YORK_OR_ROLLOVER,RANGE,1,CLOSED_1M_SOURCE;CAUSAL_ENTRY;HORIZON_EMBARGO;EXPANDING_CAUSAL_CALIBRATION;STRATEGY_BASELINE
mh-60-GBPUSD-1788802620000,794,ADAPTIVE,mh-v8,BASELINE,GBP/USD,2026-09-07T17:37:00.000Z,2026-09-07T17:39:00.000Z,60,SELL,0.4064516129032258,WIN,0.000013554982529916023,-0.000206445017470084,0.00022000000000000003,NEW_YORK_OR_ROLLOVER,RANGE,1,CLOSED_1M_SOURCE;CAUSAL_ENTRY;HORIZON_EMBARGO;EXPANDING_CAUSAL_CALIBRATION;STRATEGY_BASELINE
mh-60-EURUSD-1788802860000,795,ADAPTIVE,mh-v8,BASELINE,EUR/USD,2026-09-07T17:41:00.000Z,2026-09-07T17:43:00.000Z,60,SELL,0.3933649289099526,DRAW,0,-0.00022000000000000003,0.00022000000000000003,NEW_YORK_OR_ROLLOVER,RANGE,1,CLOSED_1M_SOURCE;CAUSAL_ENTRY;HORIZON_EMBARGO;EXPANDING_CAUSAL_CALIBRATION;STRATEGY_BASELINE
mh-60-USDJPY-1788802860000,796,ADAPTIVE,mh-v8,BASELINE,USD/JPY,2026-09-07T17:41:00.000Z,2026-09-07T17:43:00.000Z,60,BUY,0.3933649289099526,LOSS,-0.000013049473023724041,-0.00023304947302372407,0.00022000000000000003,NEW_YORK_OR_ROLLOVER,RANGE,1,CLOSED_1M_SOURCE;CAUSAL_ENTRY;HORIZON_EMBARGO;EXPANDING_CAUSAL_CALIBRATION;STRATEGY_BASELINE
mh-60-USDCAD-1788802920000,797,ADAPTIVE,mh-v8,BASELINE,USD/CAD,2026-09-07T17:42:00.000Z,2026-09-07T17:44:00.000Z,60,BUY,0.425,WIN,0.000007249493743686899,-0.00021275050625631312,0.00022000000000000003,NEW_YORK_OR_ROLLOVER,RANGE,1,CLOSED_1M_SOURCE;CAUSAL_ENTRY;HORIZON_EMBARGO;EXPANDING_CAUSAL_CALIBRATION;STRATEGY_BASELINE
mh-60-USDCHF-1788802920000,798,ADAPTIVE,mh-v8,BASELINE,USD/CHF,2026-09-07T17:42:00.000Z,2026-09-07T17:44:00.000Z,60,BUY,0.3933649289099526,LOSS,-0.000012372984501584884,-0.00023237298450158491,0.00022000000000000003,NEW_YORK_OR_ROLLOVER,RANGE,1,CLOSED_1M_SOURCE;CAUSAL_ENTRY;HORIZON_EMBARGO;EXPANDING_CAUSAL_CALIBRATION;STRATEGY_BASELINE
mh-60-EURUSD-1788803220000,799,ADAPTIVE,mh-v8,BASELINE,EUR/USD,2026-09-07T17:47:00.000Z,2026-09-07T17:49:00.000Z,60,BUY,0.41025641025641024,LOSS,-0.00011634665357296985,-0.0003363466535729699,0.00022000000000000003,NEW_YORK_OR_ROLLOVER,RANGE,1,CLOSED_1M_SOURCE;CAUSAL_ENTRY;HORIZON_EMBARGO;EXPANDING_CAUSAL_CALIBRATION;STRATEGY_BASELINE
mh-60-USDJPY-1788803220000,800,ADAPTIVE,mh-v8,BASELINE,USD/JPY,2026-09-07T17:47:00.000Z,2026-09-07T17:49:00.000Z,60,BUY,0.3905882352941176,WIN,0.000097173996317669,-0.00012282600368233103,0.00022000000000000003,NEW_YORK_OR_ROLLOVER,RANGE,1,CLOSED_1M_SOURCE;CAUSAL_ENTRY;HORIZON_EMBARGO;EXPANDING_CAUSAL_CALIBRATION;STRATEGY_BASELINE
mh-60-GBPUSD-1788803280000,801,LOCKED_HOLDOUT,mh-v8,BASELINE,GBP/USD,2026-09-07T17:48:00.000Z,2026-09-07T17:50:00.000Z,60,SELL,0.3905882352941176,DRAW,0,-0.00022000000000000003,0.00022000000000000003,NEW_YORK_OR_ROLLOVER,RANGE,1,CLOSED_1M_SOURCE;CAUSAL_ENTRY;HORIZON_EMBARGO;CALIBRATION_FROZEN;STRATEGY_BASELINE
mh-60-USDCHF-1788803280000,802,LOCKED_HOLDOUT,mh-v8,BASELINE,USD/CHF,2026-09-07T17:48:00.000Z,2026-09-07T17:50:00.000Z,60,BUY,0.3905882352941176,LOSS,-0.000012298424586539116,-0.00023229842458653916,0.00022000000000000003,NEW_YORK_OR_ROLLOVER,RANGE,1,CLOSED_1M_SOURCE;CAUSAL_ENTRY;HORIZON_EMBARGO;CALIBRATION_FROZEN;STRATEGY_BASELINE
mh-60-USDCAD-1788803400000,803,LOCKED_HOLDOUT,mh-v8,BASELINE,USD/CAD,2026-09-07T17:50:00.000Z,2026-09-07T17:52:00.000Z,60,SELL,0.3905882352941176,WIN,0.00015926222486479542,-0.00006073777513520461,0.00022000000000000003,NEW_YORK_OR_ROLLOVER,RANGE,1,CLOSED_1M_SOURCE;CAUSAL_ENTRY;HORIZON_EMBARGO;CALIBRATION_FROZEN;STRATEGY_BASELINE
mh-60-EURUSD-1788803580000,804,LOCKED_HOLDOUT,mh-v8,BASELINE,EUR/USD,2026-09-07T17:53:00.000Z,2026-09-07T17:55:00.000Z,60,SELL,0.41025641025641024,DRAW,0,-0.00022000000000000003,0.00022000000000000003,NEW_YORK_OR_ROLLOVER,RANGE,1,CLOSED_1M_SOURCE;CAUSAL_ENTRY;HORIZON_EMBARGO;CALIBRATION_FROZEN;STRATEGY_BASELINE
mh-60-USDJPY-1788803580000,805,LOCKED_HOLDOUT,mh-v8,BASELINE,USD/JPY,2026-09-07T17:53:00.000Z,2026-09-07T17:55:00.000Z,60,BUY,0.3905882352941176,LOSS,-0.00003241987373842954,-0.00025241987373842957,0.00022000000000000003,NEW_YORK_OR_ROLLOVER,RANGE,1,CLOSED_1M_SOURCE;CAUSAL_ENTRY;HORIZON_EMBARGO;CALIBRATION_FROZEN;STRATEGY_BASELINE
mh-60-GBPUSD-1788803640000,806,LOCKED_HOLDOUT,mh-v8,BASELINE,GBP/USD,2026-09-07T17:54:00.000Z,2026-09-07T17:56:00.000Z,60,SELL,0.41025641025641024,WIN,0.000013556268814824713,-0.00020644373118517532,0.00022000000000000003,NEW_YORK_OR_ROLLOVER,RANGE,1,CLOSED_1M_SOURCE;CAUSAL_ENTRY;HORIZON_EMBARGO;CALIBRATION_FROZEN;STRATEGY_BASELINE
mh-60-USDCHF-1788803700000,807,LOCKED_HOLDOUT,mh-v8,BASELINE,USD/CHF,2026-09-07T17:55:00.000Z,2026-09-07T17:57:00.000Z,60,BUY,0.41025641025641024,LOSS,-0.00002474474616014564,-0.0002447447461601457,0.00022000000000000003,NEW_YORK_OR_ROLLOVER,RANGE,1,CLOSED_1M_SOURCE;CAUSAL_ENTRY;HORIZON_EMBARGO;CALIBRATION_FROZEN;STRATEGY_BASELINE
mh-60-USDCAD-1788803820000,808,LOCKED_HOLDOUT,mh-v8,BASELINE,USD/CAD,2026-09-07T17:57:00.000Z,2026-09-07T17:59:00.000Z,60,BUY,0.43209876543209874,LOSS,-0.000007249703344728313,-0.00022724970334472836,0.00022000000000000003,NEW_YORK_OR_ROLLOVER,RANGE,1,CLOSED_1M_SOURCE;CAUSAL_ENTRY;HORIZON_EMBARGO;CALIBRATION_FROZEN;STRATEGY_BASELINE
mh-60-EURUSD-1788803940000,809,LOCKED_HOLDOUT,mh-v8,BASELINE,EUR/USD,2026-09-07T17:59:00.000Z,2026-09-07T18:01:00.000Z,60,BUY,0.41025641025641024,DRAW,0,-0.00022000000000000003,0.00022000000000000003,NEW_YORK_OR_ROLLOVER,RANGE,1,CLOSED_1M_SOURCE;CAUSAL_ENTRY;HORIZON_EMBARGO;CALIBRATION_FROZEN;STRATEGY_BASELINE
mh-60-USDJPY-1788804000000,810,LOCKED_HOLDOUT,mh-v8,BASELINE,USD/JPY,2026-09-07T18:00:00.000Z,2026-09-07T18:02:00.000Z,60,SELL,0.3905882352941176,LOSS,-0.000019376743103634235,-0.00023937674310363426,0.00022000000000000003,NEW_YORK_OR_ROLLOVER,RANGE,1,CLOSED_1M_SOURCE;CAUSAL_ENTRY;HORIZON_EMBARGO;CALIBRATION_FROZEN;STRATEGY_BASELINE
mh-60-GBPUSD-1788804060000,811,LOCKED_HOLDOUT,mh-v8,BASELINE,GBP/USD,2026-09-07T18:01:00.000Z,2026-09-07T18:03:00.000Z,60,BUY,0.3905882352941176,LOSS,-0.000013555166269958002,-0.00023355516626995804,0.00022000000000000003,NEW_YORK_OR_ROLLOVER,RANGE,1,CLOSED_1M_SOURCE;CAUSAL_ENTRY;HORIZON_EMBARGO;CALIBRATION_FROZEN;STRATEGY_BASELINE
mh-60-USDCHF-1788804180000,812,LOCKED_HOLDOUT,mh-v8,BASELINE,USD/CHF,2026-09-07T18:03:00.000Z,2026-09-07T18:05:00.000Z,60,BUY,0.43209876543209874,LOSS,-0.000012373137594224573,-0.0002323731375942246,0.00022000000000000003,NEW_YORK_OR_ROLLOVER,RANGE,1,CLOSED_1M_SOURCE;CAUSAL_ENTRY;HORIZON_EMBARGO;CALIBRATION_FROZEN;STRATEGY_BASELINE
mh-60-EURUSD-1788804240000,813,LOCKED_HOLDOUT,mh-v8,BASELINE,EUR/USD,2026-09-07T18:04:00.000Z,2026-09-07T18:06:00.000Z,60,BUY,0.41025641025641024,DRAW,0,-0.00022000000000000003,0.00022000000000000003,NEW_YORK_OR_ROLLOVER,RANGE,1,CLOSED_1M_SOURCE;CAUSAL_ENTRY;HORIZON_EMBARGO;CALIBRATION_FROZEN;STRATEGY_BASELINE
mh-60-USDCAD-1788804240000,814,LOCKED_HOLDOUT,mh-v8,BASELINE,USD/CAD,2026-09-07T18:04:00.000Z,2026-09-07T18:06:00.000Z,60,BUY,0.43209876543209874,LOSS,-0.00002899671370578001,-0.00024899671370578005,0.00022000000000000003,NEW_YORK_OR_ROLLOVER,RANGE,1,CLOSED_1M_SOURCE;CAUSAL_ENTRY;HORIZON_EMBARGO;CALIBRATION_FROZEN;STRATEGY_BASELINE
mh-60-USDJPY-1788804420000,815,LOCKED_HOLDOUT,mh-v8,BASELINE,USD/JPY,2026-09-07T18:07:00.000Z,2026-09-07T18:09:00.000Z,60,SELL,0.43209876543209874,WIN,0.000038852093638488687,-0.00018114790636151133,0.00022000000000000003,NEW_YORK_OR_ROLLOVER,RANGE,1,CLOSED_1M_SOURCE;CAUSAL_ENTRY;HORIZON_EMBARGO;CALIBRATION_FROZEN;STRATEGY_BASELINE
mh-60-GBPUSD-1788804480000,816,LOCKED_HOLDOUT,mh-v8,BASELINE,GBP/USD,2026-09-07T18:08:00.000Z,2026-09-07T18:10:00.000Z,60,SELL,0.3905882352941176,LOSS,-0.000013556451396380515,-0.00023355645139638056,0.00022000000000000003,NEW_YORK_OR_ROLLOVER,RANGE,1,CLOSED_1M_SOURCE;CAUSAL_ENTRY;HORIZON_EMBARGO;CALIBRATION_FROZEN;STRATEGY_BASELINE
mh-60-EURUSD-1788804660000,817,LOCKED_HOLDOUT,mh-v8,BASELINE,EUR/USD,2026-09-07T18:11:00.000Z,2026-09-07T18:13:00.000Z,60,SELL,0.41025641025641024,DRAW,0,-0.00022000000000000003,0.00022000000000000003,NEW_YORK_OR_ROLLOVER,RANGE,1,CLOSED_1M_SOURCE;CAUSAL_ENTRY;HORIZON_EMBARGO;CALIBRATION_FROZEN;STRATEGY_BASELINE
mh-60-USDCAD-1788804660000,818,LOCKED_HOLDOUT,mh-v8,BASELINE,USD/CAD,2026-09-07T18:11:00.000Z,2026-09-07T18:13:00.000Z,60,BUY,0.43209876543209874,LOSS,-0.000007249388634891791,-0.00022724938863489182,0.00022000000000000003,NEW_YORK_OR_ROLLOVER,RANGE,1,CLOSED_1M_SOURCE;CAUSAL_ENTRY;HORIZON_EMBARGO;CALIBRATION_FROZEN;STRATEGY_BASELINE
mh-60-USDCHF-1788804780000,819,LOCKED_HOLDOUT,mh-v8,BASELINE,USD/CHF,2026-09-07T18:13:00.000Z,2026-09-07T18:15:00.000Z,60,BUY,0.2916666666666667,WIN,0.00003711803771663972,-0.0001828819622833603,0.00022000000000000003,NEW_YORK_OR_ROLLOVER,RANGE,1,CLOSED_1M_SOURCE;CAUSAL_ENTRY;HORIZON_EMBARGO;CALIBRATION_FROZEN;STRATEGY_BASELINE
mh-60-USDJPY-1788804780000,820,LOCKED_HOLDOUT,mh-v8,BASELINE,USD/JPY,2026-09-07T18:13:00.000Z,2026-09-07T18:15:00.000Z,60,SELL,0.2916666666666667,LOSS,-0.00001295002703194574,-0.00023295002703194577,0.00022000000000000003,NEW_YORK_OR_ROLLOVER,RANGE,1,CLOSED_1M_SOURCE;CAUSAL_ENTRY;HORIZON_EMBARGO;CALIBRATION_FROZEN;STRATEGY_BASELINE
mh-60-GBPUSD-1788805080000,821,LOCKED_HOLDOUT,mh-v8,BASELINE,GBP/USD,2026-09-07T18:18:00.000Z,2026-09-07T18:20:00.000Z,60,SELL,0.3905882352941176,LOSS,-0.000027024143563518005,-0.00024702414356351805,0.00022000000000000003,NEW_YORK_OR_ROLLOVER,RANGE,1,CLOSED_1M_SOURCE;CAUSAL_ENTRY;HORIZON_EMBARGO;CALIBRATION_FROZEN;STRATEGY_BASELINE
mh-60-EURUSD-1788805200000,822,LOCKED_HOLDOUT,mh-v8,BASELINE,EUR/USD,2026-09-07T18:20:00.000Z,2026-09-07T18:22:00.000Z,60,SELL,0.3905882352941176,DRAW,0,-0.00022000000000000003,0.00022000000000000003,NEW_YORK_OR_ROLLOVER,RANGE,1,CLOSED_1M_SOURCE;CAUSAL_ENTRY;HORIZON_EMBARGO;CALIBRATION_FROZEN;STRATEGY_BASELINE
mh-60-USDCHF-1788805200000,823,LOCKED_HOLDOUT,mh-v8,BASELINE,USD/CHF,2026-09-07T18:20:00.000Z,2026-09-07T18:22:00.000Z,60,BUY,0.3905882352941176,WIN,0.00002466957679304191,-0.00019533042320695813,0.00022000000000000003,NEW_YORK_OR_ROLLOVER,RANGE,1,CLOSED_1M_SOURCE;CAUSAL_ENTRY;HORIZON_EMBARGO;CALIBRATION_FROZEN;STRATEGY_BASELINE
mh-60-USDCAD-1788805380000,824,LOCKED_HOLDOUT,mh-v8,BASELINE,USD/CAD,2026-09-07T18:23:00.000Z,2026-09-07T18:25:00.000Z,60,BUY,0.43209876543209874,LOSS,-0.0003619516182706687,-0.0005819516182706688,0.00022000000000000003,NEW_YORK_OR_ROLLOVER,RANGE,1,CLOSED_1M_SOURCE;CAUSAL_ENTRY;HORIZON_EMBARGO;CALIBRATION_FROZEN;STRATEGY_BASELINE
mh-60-GBPUSD-1788805440000,825,LOCKED_HOLDOUT,mh-v8,BASELINE,GBP/USD,2026-09-07T18:24:00.000Z,2026-09-07T18:26:00.000Z,60,SELL,0.3905882352941176,WIN,0.00006769881089547655,-0.00015230118910452347,0.00022000000000000003,NEW_YORK_OR_ROLLOVER,RANGE,1,CLOSED_1M_SOURCE;CAUSAL_ENTRY;HORIZON_EMBARGO;CALIBRATION_FROZEN;STRATEGY_BASELINE
mh-60-USDJPY-1788805440000,826,LOCKED_HOLDOUT,mh-v8,BASELINE,USD/JPY,2026-09-07T18:24:00.000Z,2026-09-07T18:26:00.000Z,60,SELL,0.2916666666666667,WIN,0.0000324272263342296,-0.00018757277366577044,0.00022000000000000003,NEW_YORK_OR_ROLLOVER,RANGE,1,CLOSED_1M_SOURCE;CAUSAL_ENTRY;HORIZON_EMBARGO;CALIBRATION_FROZEN;STRATEGY_BASELINE
mh-60-EURUSD-1788805560000,827,LOCKED_HOLDOUT,mh-v8,BASELINE,EUR/USD,2026-09-07T18:26:00.000Z,2026-09-07T18:28:00.000Z,60,SELL,0.3905882352941176,DRAW,0,-0.00022000000000000003,0.00022000000000000003,NEW_YORK_OR_ROLLOVER,RANGE,1,CLOSED_1M_SOURCE;CAUSAL_ENTRY;HORIZON_EMBARGO;CALIBRATION_FROZEN;STRATEGY_BASELINE
mh-60-USDCHF-1788805560000,828,LOCKED_HOLDOUT,mh-v8,BASELINE,USD/CHF,2026-09-07T18:26:00.000Z,2026-09-07T18:28:00.000Z,60,BUY,0.3905882352941176,LOSS,-0.00002474077229940664,-0.0002447407722994067,0.00022000000000000003,NEW_YORK_OR_ROLLOVER,RANGE,1,CLOSED_1M_SOURCE;CAUSAL_ENTRY;HORIZON_EMBARGO;CALIBRATION_FROZEN;STRATEGY_BASELINE
mh-60-GBPUSD-1788805800000,829,LOCKED_HOLDOUT,mh-v8,BASELINE,GBP/USD,2026-09-07T18:30:00.000Z,2026-09-07T18:32:00.000Z,60,SELL,0.41025641025641024,DRAW,0,-0.00022000000000000003,0.00022000000000000003,NEW_YORK_OR_ROLLOVER,RANGE,1,CLOSED_1M_SOURCE;CAUSAL_ENTRY;HORIZON_EMBARGO;CALIBRATION_FROZEN;STRATEGY_BASELINE
mh-60-USDCAD-1788805860000,830,LOCKED_HOLDOUT,mh-v8,BASELINE,USD/CAD,2026-09-07T18:31:00.000Z,2026-09-07T18:33:00.000Z,60,SELL,0.2916666666666667,LOSS,-0.00014472886596087538,-0.0003647288659608754,0.00022000000000000003,NEW_YORK_OR_ROLLOVER,RANGE,1,CLOSED_1M_SOURCE;CAUSAL_ENTRY;HORIZON_EMBARGO;CALIBRATION_FROZEN;STRATEGY_BASELINE
mh-60-EURUSD-1788805920000,831,LOCKED_HOLDOUT,mh-v8,BASELINE,EUR/USD,2026-09-07T18:32:00.000Z,2026-09-07T18:34:00.000Z,60,SELL,0.3905882352941176,DRAW,0,-0.00022000000000000003,0.00022000000000000003,NEW_YORK_OR_ROLLOVER,RANGE,1,CLOSED_1M_SOURCE;CAUSAL_ENTRY;HORIZON_EMBARGO;CALIBRATION_FROZEN;STRATEGY_BASELINE
mh-60-USDCHF-1788805920000,832,LOCKED_HOLDOUT,mh-v8,BASELINE,USD/CHF,2026-09-07T18:32:00.000Z,2026-09-07T18:34:00.000Z,60,BUY,0.3905882352941176,LOSS,-0.0000246677493476853,-0.0002446677493476853,0.00022000000000000003,NEW_YORK_OR_ROLLOVER,RANGE,1,CLOSED_1M_SOURCE;CAUSAL_ENTRY;HORIZON_EMBARGO;CALIBRATION_FROZEN;STRATEGY_BASELINE
mh-60-USDJPY-1788806040000,833,LOCKED_HOLDOUT,mh-v8,BASELINE,USD/JPY,2026-09-07T18:34:00.000Z,2026-09-07T18:36:00.000Z,60,SELL,0.3905882352941176,LOSS,-0.000012951033329335978,-0.00023295103332933602,0.00022000000000000003,NEW_YORK_OR_ROLLOVER,RANGE,1,CLOSED_1M_SOURCE;CAUSAL_ENTRY;HORIZON_EMBARGO;CALIBRATION_FROZEN;STRATEGY_BASELINE
mh-60-USDCAD-1788806160000,834,LOCKED_HOLDOUT,mh-v8,BASELINE,USD/CAD,2026-09-07T18:36:00.000Z,2026-09-07T18:38:00.000Z,60,BUY,0.2916666666666667,WIN,0.0000072484440438240925,-0.00021275155595617594,0.00022000000000000003,NEW_YORK_OR_ROLLOVER,RANGE,1,CLOSED_1M_SOURCE;CAUSAL_ENTRY;HORIZON_EMBARGO;CALIBRATION_FROZEN;STRATEGY_BASELINE
mh-60-EURUSD-1788806280000,835,LOCKED_HOLDOUT,mh-v8,BASELINE,EUR/USD,2026-09-07T18:38:00.000Z,2026-09-07T18:40:00.000Z,60,BUY,0.41025641025641024,DRAW,0,-0.00022000000000000003,0.00022000000000000003,NEW_YORK_OR_ROLLOVER,RANGE,1,CLOSED_1M_SOURCE;CAUSAL_ENTRY;HORIZON_EMBARGO;CALIBRATION_FROZEN;STRATEGY_BASELINE
mh-60-USDCHF-1788806400000,836,LOCKED_HOLDOUT,mh-v8,BASELINE,USD/CHF,2026-09-07T18:40:00.000Z,2026-09-07T18:42:00.000Z,60,SELL,0.2916666666666667,DRAW,0,-0.00022000000000000003,0.00022000000000000003,NEW_YORK_OR_ROLLOVER,RANGE,1,CLOSED_1M_SOURCE;CAUSAL_ENTRY;HORIZON_EMBARGO;CALIBRATION_FROZEN;STRATEGY_BASELINE
mh-60-GBPUSD-1788806460000,837,LOCKED_HOLDOUT,mh-v8,BASELINE,GBP/USD,2026-09-07T18:41:00.000Z,2026-09-07T18:43:00.000Z,60,BUY,0.41025641025641024,DRAW,0,-0.00022000000000000003,0.00022000000000000003,NEW_YORK_OR_ROLLOVER,RANGE,1,CLOSED_1M_SOURCE;CAUSAL_ENTRY;HORIZON_EMBARGO;CALIBRATION_FROZEN;STRATEGY_BASELINE
mh-60-USDCAD-1788806640000,838,LOCKED_HOLDOUT,mh-v8,BASELINE,USD/CAD,2026-09-07T18:44:00.000Z,2026-09-07T18:46:00.000Z,60,SELL,0.43209876543209874,LOSS,-0.00036189920977573124,-0.0005818992097757313,0.00022000000000000003,NEW_YORK_OR_ROLLOVER,RANGE,1,CLOSED_1M_SOURCE;CAUSAL_ENTRY;HORIZON_EMBARGO;CALIBRATION_FROZEN;STRATEGY_BASELINE
mh-60-USDJPY-1788806640000,839,LOCKED_HOLDOUT,mh-v8,BASELINE,USD/JPY,2026-09-07T18:44:00.000Z,2026-09-07T18:46:00.000Z,60,SELL,0.41025641025641024,LOSS,-0.000038852093638488687,-0.00025885209363848874,0.00022000000000000003,NEW_YORK_OR_ROLLOVER,RANGE,1,CLOSED_1M_SOURCE;CAUSAL_ENTRY;HORIZON_EMBARGO;CALIBRATION_FROZEN;STRATEGY_BASELINE
mh-60-USDCHF-1788806880000,840,LOCKED_HOLDOUT,mh-v8,BASELINE,USD/CHF,2026-09-07T18:48:00.000Z,2026-09-07T18:50:00.000Z,60,BUY,0.3905882352941176,LOSS,-0.0000246665305957755,-0.00024466653059577553,0.00022000000000000003,NEW_YORK_OR_ROLLOVER,RANGE,1,CLOSED_1M_SOURCE;CAUSAL_ENTRY;HORIZON_EMBARGO;CALIBRATION_FROZEN;STRATEGY_BASELINE
mh-60-USDCAD-1788807060000,841,LOCKED_HOLDOUT,mh-v8,BASELINE,USD/CAD,2026-09-07T18:51:00.000Z,2026-09-07T18:53:00.000Z,60,BUY,0.2916666666666667,WIN,0.000014496888087648185,-0.00020550311191235184,0.00022000000000000003,NEW_YORK_OR_ROLLOVER,RANGE,1,CLOSED_1M_SOURCE;CAUSAL_ENTRY;HORIZON_EMBARGO;CALIBRATION_FROZEN;STRATEGY_BASELINE
mh-60-GBPUSD-1788807120000,842,LOCKED_HOLDOUT,mh-v8,BASELINE,GBP/USD,2026-09-07T18:52:00.000Z,2026-09-07T18:54:00.000Z,60,BUY,0.41025641025641024,LOSS,-0.000013556818961095186,-0.00023355681896109523,0.00022000000000000003,NEW_YORK_OR_ROLLOVER,RANGE,1,CLOSED_1M_SOURCE;CAUSAL_ENTRY;HORIZON_EMBARGO;CALIBRATION_FROZEN;STRATEGY_BASELINE
mh-60-USDJPY-1788807120000,843,LOCKED_HOLDOUT,mh-v8,BASELINE,USD/JPY,2026-09-07T18:52:00.000Z,2026-09-07T18:54:00.000Z,60,SELL,0.43209876543209874,LOSS,-0.000006524779084326344,-0.00022652477908432638,0.00022000000000000003,NEW_YORK_OR_ROLLOVER,RANGE,1,CLOSED_1M_SOURCE;CAUSAL_ENTRY;HORIZON_EMBARGO;CALIBRATION_FROZEN;STRATEGY_BASELINE
mh-60-EURUSD-1788807240000,844,LOCKED_HOLDOUT,mh-v8,BASELINE,EUR/USD,2026-09-07T18:54:00.000Z,2026-09-07T18:56:00.000Z,60,SELL,0.3905882352941176,DRAW,0,-0.00022000000000000003,0.00022000000000000003,NEW_YORK_OR_ROLLOVER,RANGE,1,CLOSED_1M_SOURCE;CAUSAL_ENTRY;HORIZON_EMBARGO;CALIBRATION_FROZEN;STRATEGY_BASELINE
mh-60-USDCHF-1788807300000,845,LOCKED_HOLDOUT,mh-v8,BASELINE,USD/CHF,2026-09-07T18:55:00.000Z,2026-09-07T18:57:00.000Z,60,BUY,0.3905882352941176,WIN,0.00006177677364136013,-0.0001582232263586399,0.00022000000000000003,NEW_YORK_OR_ROLLOVER,RANGE,1,CLOSED_1M_SOURCE;CAUSAL_ENTRY;HORIZON_EMBARGO;CALIBRATION_FROZEN;STRATEGY_BASELINE
mh-60-EURUSD-1788807540000,846,LOCKED_HOLDOUT,mh-v8,BASELINE,EUR/USD,2026-09-07T18:59:00.000Z,2026-09-07T19:01:00.000Z,60,SELL,0.3905882352941176,DRAW,0,-0.00022000000000000003,0.00022000000000000003,NEW_YORK_OR_ROLLOVER,RANGE,1,CLOSED_1M_SOURCE;CAUSAL_ENTRY;HORIZON_EMBARGO;CALIBRATION_FROZEN;STRATEGY_BASELINE
mh-60-GBPUSD-1788807600000,847,LOCKED_HOLDOUT,mh-v8,BASELINE,GBP/USD,2026-09-07T19:00:00.000Z,2026-09-07T19:02:00.000Z,60,BUY,0.41025641025641024,DRAW,0,-0.00022000000000000003,0.00022000000000000003,NEW_YORK_OR_ROLLOVER,RANGE,1,CLOSED_1M_SOURCE;CAUSAL_ENTRY;HORIZON_EMBARGO;CALIBRATION_FROZEN;STRATEGY_BASELINE
mh-60-USDJPY-1788807600000,848,LOCKED_HOLDOUT,mh-v8,BASELINE,USD/JPY,2026-09-07T19:00:00.000Z,2026-09-07T19:02:00.000Z,60,BUY,0.2916666666666667,LOSS,-0.00003885058421195297,-0.000258850584211953,0.00022000000000000003,NEW_YORK_OR_ROLLOVER,RANGE,1,CLOSED_1M_SOURCE;CAUSAL_ENTRY;HORIZON_EMBARGO;CALIBRATION_FROZEN;STRATEGY_BASELINE
mh-60-USDCAD-1788807660000,849,LOCKED_HOLDOUT,mh-v8,BASELINE,USD/CAD,2026-09-07T19:01:00.000Z,2026-09-07T19:03:00.000Z,60,BUY,0.43209876543209874,LOSS,-0.00012304295053198818,-0.0003430429505319882,0.00022000000000000003,NEW_YORK_OR_ROLLOVER,RANGE,1,CLOSED_1M_SOURCE;CAUSAL_ENTRY;HORIZON_EMBARGO;CALIBRATION_FROZEN;STRATEGY_BASELINE
mh-60-USDCHF-1788807660000,850,LOCKED_HOLDOUT,mh-v8,BASELINE,USD/CHF,2026-09-07T19:01:00.000Z,2026-09-07T19:03:00.000Z,60,BUY,0.3905882352941176,DRAW,0,-0.00022000000000000003,0.00022000000000000003,NEW_YORK_OR_ROLLOVER,RANGE,1,CLOSED_1M_SOURCE;CAUSAL_ENTRY;HORIZON_EMBARGO;CALIBRATION_FROZEN;STRATEGY_BASELINE
mh-60-EURUSD-1788807900000,851,LOCKED_HOLDOUT,mh-v8,BASELINE,EUR/USD,2026-09-07T19:05:00.000Z,2026-09-07T19:07:00.000Z,60,SELL,0.3905882352941176,DRAW,0,-0.00022000000000000003,0.00022000000000000003,NEW_YORK_OR_ROLLOVER,RANGE,1,CLOSED_1M_SOURCE;CAUSAL_ENTRY;HORIZON_EMBARGO;CALIBRATION_FROZEN;STRATEGY_BASELINE
mh-60-GBPUSD-1788808020000,852,LOCKED_HOLDOUT,mh-v8,BASELINE,GBP/USD,2026-09-07T19:07:00.000Z,2026-09-07T19:09:00.000Z,60,SELL,0.2916666666666667,WIN,0.000040584072591436534,-0.0001794159274085635,0.00022000000000000003,NEW_YORK_OR_ROLLOVER,RANGE,1,CLOSED_1M_SOURCE;CAUSAL_ENTRY;HORIZON_EMBARGO;CALIBRATION_FROZEN;STRATEGY_BASELINE
mh-60-USDJPY-1788808020000,853,LOCKED_HOLDOUT,mh-v8,BASELINE,USD/JPY,2026-09-07T19:07:00.000Z,2026-09-07T19:09:00.000Z,60,SELL,0.43209876543209874,LOSS,-0.00003232563999577295,-0.000252325639995773,0.00022000000000000003,NEW_YORK_OR_ROLLOVER,RANGE,1,CLOSED_1M_SOURCE;CAUSAL_ENTRY;HORIZON_EMBARGO;CALIBRATION_FROZEN;STRATEGY_BASELINE
mh-60-USDCAD-1788808080000,854,LOCKED_HOLDOUT,mh-v8,BASELINE,USD/CAD,2026-09-07T19:08:00.000Z,2026-09-07T19:10:00.000Z,60,BUY,0.2916666666666667,WIN,0.000021743915521781923,-0.0001982560844782181,0.00022000000000000003,NEW_YORK_OR_ROLLOVER,RANGE,1,CLOSED_1M_SOURCE;CAUSAL_ENTRY;HORIZON_EMBARGO;CALIBRATION_FROZEN;STRATEGY_BASELINE
mh-60-USDCHF-1788808080000,855,LOCKED_HOLDOUT,mh-v8,BASELINE,USD/CHF,2026-09-07T19:08:00.000Z,2026-09-07T19:10:00.000Z,60,SELL,0.41025641025641024,LOSS,-0.000049405470326824184,-0.0002694054703268242,0.00022000000000000003,NEW_YORK_OR_ROLLOVER,RANGE,1,CLOSED_1M_SOURCE;CAUSAL_ENTRY;HORIZON_EMBARGO;CALIBRATION_FROZEN;STRATEGY_BASELINE
mh-60-USDCAD-1788808380000,856,LOCKED_HOLDOUT,mh-v8,BASELINE,USD/CAD,2026-09-07T19:13:00.000Z,2026-09-07T19:15:00.000Z,60,BUY,0.43209876543209874,LOSS,-0.0002823216677479506,-0.0005023216677479507,0.00022000000000000003,NEW_YORK_OR_ROLLOVER,RANGE,1,CLOSED_1M_SOURCE;CAUSAL_ENTRY;HORIZON_EMBARGO;CALIBRATION_FROZEN;STRATEGY_BASELINE
mh-60-USDCHF-1788808440000,857,LOCKED_HOLDOUT,mh-v8,BASELINE,USD/CHF,2026-09-07T19:14:00.000Z,2026-09-07T19:16:00.000Z,60,BUY,0.41025641025641024,LOSS,-0.00007414044025285498,-0.00029414044025285503,0.00022000000000000003,NEW_YORK_OR_ROLLOVER,RANGE,1,CLOSED_1M_SOURCE;CAUSAL_ENTRY;HORIZON_EMBARGO;CALIBRATION_FROZEN;STRATEGY_BASELINE
mh-60-GBPUSD-1788808560000,858,LOCKED_HOLDOUT,mh-v8,BASELINE,GBP/USD,2026-09-07T19:16:00.000Z,2026-09-07T19:18:00.000Z,60,SELL,0.2916666666666667,WIN,0.00002711510591354049,-0.00019288489408645954,0.00022000000000000003,NEW_YORK_OR_ROLLOVER,RANGE,1,CLOSED_1M_SOURCE;CAUSAL_ENTRY;HORIZON_EMBARGO;CALIBRATION_FROZEN;STRATEGY_BASELINE
mh-60-USDJPY-1788808620000,859,LOCKED_HOLDOUT,mh-v8,BASELINE,USD/JPY,2026-09-07T19:17:00.000Z,2026-09-07T19:19:00.000Z,60,BUY,0.3905882352941176,DRAW,0,-0.00022000000000000003,0.00022000000000000003,NEW_YORK_OR_ROLLOVER,RANGE,1,CLOSED_1M_SOURCE;CAUSAL_ENTRY;HORIZON_EMBARGO;CALIBRATION_FROZEN;STRATEGY_BASELINE
mh-60-USDCAD-1788808860000,860,LOCKED_HOLDOUT,mh-v8,BASELINE,USD/CAD,2026-09-07T19:21:00.000Z,2026-09-07T19:23:00.000Z,60,SELL,0.43209876543209874,LOSS,-0.00015201942535621895,-0.000372019425356219,0.00022000000000000003,NEW_YORK_OR_ROLLOVER,RANGE,1,CLOSED_1M_SOURCE;CAUSAL_ENTRY;HORIZON_EMBARGO;CALIBRATION_FROZEN;STRATEGY_BASELINE
mh-60-USDCHF-1788808920000,861,LOCKED_HOLDOUT,mh-v8,BASELINE,USD/CHF,2026-09-07T19:22:00.000Z,2026-09-07T19:24:00.000Z,60,SELL,0.41025641025641024,LOSS,-0.000037034323749935116,-0.0002570343237499351,0.00022000000000000003,NEW_YORK_OR_ROLLOVER,RANGE,1,CLOSED_1M_SOURCE;CAUSAL_ENTRY;HORIZON_EMBARGO;CALIBRATION_FROZEN;STRATEGY_BASELINE
mh-60-GBPUSD-1788808980000,862,LOCKED_HOLDOUT,mh-v8,BASELINE,GBP/USD,2026-09-07T19:23:00.000Z,2026-09-07T19:25:00.000Z,60,SELL,0.3905882352941176,LOSS,-0.00004058462281214989,-0.00026058462281214995,0.00022000000000000003,NEW_YORK_OR_ROLLOVER,RANGE,1,CLOSED_1M_SOURCE;CAUSAL_ENTRY;HORIZON_EMBARGO;CALIBRATION_FROZEN;STRATEGY_BASELINE
mh-60-USDJPY-1788809040000,863,LOCKED_HOLDOUT,mh-v8,BASELINE,USD/JPY,2026-09-07T19:24:00.000Z,2026-09-07T19:26:00.000Z,60,SELL,0.3905882352941176,WIN,0.00005190703479728968,-0.00016809296520271035,0.00022000000000000003,NEW_YORK_OR_ROLLOVER,RANGE,1,CLOSED_1M_SOURCE;CAUSAL_ENTRY;HORIZON_EMBARGO;CALIBRATION_FROZEN;STRATEGY_BASELINE
mh-60-USDCAD-1788809340000,864,LOCKED_HOLDOUT,mh-v8,BASELINE,USD/CAD,2026-09-07T19:29:00.000Z,2026-09-07T19:31:00.000Z,60,SELL,0.41025641025641024,LOSS,-0.000311195327393963,-0.000531195327393963,0.00022000000000000003,NEW_YORK_OR_ROLLOVER,RANGE,1,CLOSED_1M_SOURCE;CAUSAL_ENTRY;HORIZON_EMBARGO;CALIBRATION_FROZEN;STRATEGY_BASELINE
mh-60-USDCHF-1788809340000,865,LOCKED_HOLDOUT,mh-v8,BASELINE,USD/CHF,2026-09-07T19:29:00.000Z,2026-09-07T19:31:00.000Z,60,BUY,0.43209876543209874,WIN,0.00006177295750734704,-0.000158227042492653,0.00022000000000000003,NEW_YORK_OR_ROLLOVER,RANGE,1,CLOSED_1M_SOURCE;CAUSAL_ENTRY;HORIZON_EMBARGO;CALIBRATION_FROZEN;STRATEGY_BASELINE
mh-60-GBPUSD-1788809400000,866,LOCKED_HOLDOUT,mh-v8,BASELINE,GBP/USD,2026-09-07T19:30:00.000Z,2026-09-07T19:32:00.000Z,60,SELL,0.3905882352941176,WIN,0.00004058846762774758,-0.00017941153237225246,0.00022000000000000003,NEW_YORK_OR_ROLLOVER,RANGE,1,CLOSED_1M_SOURCE;CAUSAL_ENTRY;HORIZON_EMBARGO;CALIBRATION_FROZEN;STRATEGY_BASELINE
mh-60-USDJPY-1788809400000,867,LOCKED_HOLDOUT,mh-v8,BASELINE,USD/JPY,2026-09-07T19:30:00.000Z,2026-09-07T19:32:00.000Z,60,BUY,0.3905882352941176,LOSS,-0.000025899549683936525,-0.00024589954968393655,0.00022000000000000003,NEW_YORK_OR_ROLLOVER,RANGE,1,CLOSED_1M_SOURCE;CAUSAL_ENTRY;HORIZON_EMBARGO;CALIBRATION_FROZEN;STRATEGY_BASELINE
mh-60-EURUSD-1788809700000,868,LOCKED_HOLDOUT,mh-v8,BASELINE,EUR/USD,2026-09-07T19:35:00.000Z,2026-09-07T19:37:00.000Z,60,SELL,0.3905882352941176,DRAW,0,-0.00022000000000000003,0.00022000000000000003,NEW_YORK_OR_ROLLOVER,RANGE,1,CLOSED_1M_SOURCE;CAUSAL_ENTRY;HORIZON_EMBARGO;CALIBRATION_FROZEN;STRATEGY_BASELINE
mh-60-GBPUSD-1788809760000,869,LOCKED_HOLDOUT,mh-v8,BASELINE,GBP/USD,2026-09-07T19:36:00.000Z,2026-09-07T19:38:00.000Z,60,SELL,0.3905882352941176,LOSS,-0.000013558837342024138,-0.00023355883734202417,0.00022000000000000003,NEW_YORK_OR_ROLLOVER,RANGE,1,CLOSED_1M_SOURCE;CAUSAL_ENTRY;HORIZON_EMBARGO;CALIBRATION_FROZEN;STRATEGY_BASELINE
mh-60-USDCHF-1788809760000,870,LOCKED_HOLDOUT,mh-v8,BASELINE,USD/CHF,2026-09-07T19:36:00.000Z,2026-09-07T19:38:00.000Z,60,BUY,0.43209876543209874,LOSS,-0.000049402418480303564,-0.0002694024184803036,0.00022000000000000003,NEW_YORK_OR_ROLLOVER,RANGE,1,CLOSED_1M_SOURCE;CAUSAL_ENTRY;HORIZON_EMBARGO;CALIBRATION_FROZEN;STRATEGY_BASELINE
mh-60-USDJPY-1788809760000,871,LOCKED_HOLDOUT,mh-v8,BASELINE,USD/JPY,2026-09-07T19:36:00.000Z,2026-09-07T19:38:00.000Z,60,BUY,0.2916666666666667,LOSS,-0.000025897872825826625,-0.00024589787282582666,0.00022000000000000003,NEW_YORK_OR_ROLLOVER,RANGE,1,CLOSED_1M_SOURCE;CAUSAL_ENTRY;HORIZON_EMBARGO;CALIBRATION_FROZEN;STRATEGY_BASELINE
mh-60-USDCAD-1788809880000,872,LOCKED_HOLDOUT,mh-v8,BASELINE,USD/CAD,2026-09-07T19:38:00.000Z,2026-09-07T19:40:00.000Z,60,BUY,0.2916666666666667,LOSS,-0.00002898894830856389,-0.0002489889483085639,0.00022000000000000003,NEW_YORK_OR_ROLLOVER,RANGE,1,CLOSED_1M_SOURCE;CAUSAL_ENTRY;HORIZON_EMBARGO;CALIBRATION_FROZEN;STRATEGY_BASELINE
mh-60-EURUSD-1788810060000,873,LOCKED_HOLDOUT,mh-v8,BASELINE,EUR/USD,2026-09-07T19:41:00.000Z,2026-09-07T19:43:00.000Z,60,SELL,0.3905882352941176,DRAW,0,-0.00022000000000000003,0.00022000000000000003,NEW_YORK_OR_ROLLOVER,RANGE,1,CLOSED_1M_SOURCE;CAUSAL_ENTRY;HORIZON_EMBARGO;CALIBRATION_FROZEN;STRATEGY_BASELINE
mh-60-USDCHF-1788810120000,874,LOCKED_HOLDOUT,mh-v8,BASELINE,USD/CHF,2026-09-07T19:42:00.000Z,2026-09-07T19:44:00.000Z,60,BUY,0.3905882352941176,LOSS,-0.000024663483334921122,-0.00024466348333492113,0.00022000000000000003,NEW_YORK_OR_ROLLOVER,RANGE,1,CLOSED_1M_SOURCE;CAUSAL_ENTRY;HORIZON_EMBARGO;CALIBRATION_FROZEN;STRATEGY_BASELINE
mh-60-GBPUSD-1788810180000,875,LOCKED_HOLDOUT,mh-v8,BASELINE,GBP/USD,2026-09-07T19:43:00.000Z,2026-09-07T19:45:00.000Z,60,SELL,0.2916666666666667,DRAW,0,-0.00022000000000000003,0.00022000000000000003,NEW_YORK_OR_ROLLOVER,RANGE,1,CLOSED_1M_SOURCE;CAUSAL_ENTRY;HORIZON_EMBARGO;CALIBRATION_FROZEN;STRATEGY_BASELINE
mh-60-USDJPY-1788810240000,876,LOCKED_HOLDOUT,mh-v8,BASELINE,USD/JPY,2026-09-07T19:44:00.000Z,2026-09-07T19:46:00.000Z,60,BUY,0.2916666666666667,DRAW,0,-0.00022000000000000003,0.00022000000000000003,NEW_YORK_OR_ROLLOVER,RANGE,1,CLOSED_1M_SOURCE;CAUSAL_ENTRY;HORIZON_EMBARGO;CALIBRATION_FROZEN;STRATEGY_BASELINE
mh-60-EURUSD-1788810420000,877,LOCKED_HOLDOUT,mh-v8,BASELINE,EUR/USD,2026-09-07T19:47:00.000Z,2026-09-07T19:49:00.000Z,60,SELL,0.3905882352941176,DRAW,0,-0.00022000000000000003,0.00022000000000000003,NEW_YORK_OR_ROLLOVER,RANGE,1,CLOSED_1M_SOURCE;CAUSAL_ENTRY;HORIZON_EMBARGO;CALIBRATION_FROZEN;STRATEGY_BASELINE
mh-60-USDCAD-1788810480000,878,LOCKED_HOLDOUT,mh-v8,BASELINE,USD/CAD,2026-09-07T19:48:00.000Z,2026-09-07T19:50:00.000Z,60,SELL,0.3905882352941176,LOSS,-0.0002895464749701049,-0.000509546474970105,0.00022000000000000003,NEW_YORK_OR_ROLLOVER,RANGE,1,CLOSED_1M_SOURCE;CAUSAL_ENTRY;HORIZON_EMBARGO;CALIBRATION_FROZEN;STRATEGY_BASELINE
mh-60-USDCHF-1788810480000,879,LOCKED_HOLDOUT,mh-v8,BASELINE,USD/CHF,2026-09-07T19:48:00.000Z,2026-09-07T19:50:00.000Z,60,BUY,0.2916666666666667,WIN,0.000037032949533071935,-0.0001829670504669281,0.00022000000000000003,NEW_YORK_OR_ROLLOVER,RANGE,1,CLOSED_1M_SOURCE;CAUSAL_ENTRY;HORIZON_EMBARGO;CALIBRATION_FROZEN;STRATEGY_BASELINE
mh-60-USDJPY-1788810600000,880,LOCKED_HOLDOUT,mh-v8,BASELINE,USD/JPY,2026-09-07T19:50:00.000Z,2026-09-07T19:52:00.000Z,60,BUY,0.3905882352941176,LOSS,-0.00011011253125085562,-0.00033011253125085567,0.00022000000000000003,NEW_YORK_OR_ROLLOVER,RANGE,1,CLOSED_1M_SOURCE;CAUSAL_ENTRY;HORIZON_EMBARGO;CALIBRATION_FROZEN;STRATEGY_BASELINE
mh-60-GBPUSD-1788810720000,881,LOCKED_HOLDOUT,mh-v8,BASELINE,GBP/USD,2026-09-07T19:52:00.000Z,2026-09-07T19:54:00.000Z,60,BUY,0.41025641025641024,DRAW,0,-0.00022000000000000003,0.00022000000000000003,NEW_YORK_OR_ROLLOVER,RANGE,1,CLOSED_1M_SOURCE;CAUSAL_ENTRY;HORIZON_EMBARGO;CALIBRATION_FROZEN;STRATEGY_BASELINE
mh-60-USDCAD-1788810840000,882,LOCKED_HOLDOUT,mh-v8,BASELINE,USD/CAD,2026-09-07T19:54:00.000Z,2026-09-07T19:56:00.000Z,60,SELL,0.2916666666666667,LOSS,-0.000014495943681187949,-0.00023449594368118797,0.00022000000000000003,NEW_YORK_OR_ROLLOVER,RANGE,1,CLOSED_1M_SOURCE;CAUSAL_ENTRY;HORIZON_EMBARGO;CALIBRATION_FROZEN;STRATEGY_BASELINE
mh-60-USDCHF-1788811020000,883,LOCKED_HOLDOUT,mh-v8,BASELINE,USD/CHF,2026-09-07T19:57:00.000Z,2026-09-07T19:59:00.000Z,60,BUY,0.2916666666666667,WIN,0.00003703386566631545,-0.0001829661343336846,0.00022000000000000003,NEW_YORK_OR_ROLLOVER,RANGE,1,CLOSED_1M_SOURCE;CAUSAL_ENTRY;HORIZON_EMBARGO;CALIBRATION_FROZEN;STRATEGY_BASELINE
mh-60-GBPUSD-1788811080000,884,LOCKED_HOLDOUT,mh-v8,BASELINE,GBP/USD,2026-09-07T19:58:00.000Z,2026-09-07T20:00:00.000Z,60,BUY,0.3905882352941176,LOSS,-0.000027027436281278313,-0.00024702743628127833,0.00022000000000000003,NEW_YORK_OR_ROLLOVER,RANGE,1,CLOSED_1M_SOURCE;CAUSAL_ENTRY;HORIZON_EMBARGO;CALIBRATION_FROZEN;STRATEGY_BASELINE
mh-60-USDJPY-1788811140000,885,LOCKED_HOLDOUT,mh-v8,BASELINE,USD/JPY,2026-09-07T19:59:00.000Z,2026-09-07T20:01:00.000Z,60,SELL,0.41025641025641024,LOSS,-0.000019474593267682536,-0.00023947459326768258,0.00022000000000000003,NEW_YORK_OR_ROLLOVER,RANGE,1,CLOSED_1M_SOURCE;CAUSAL_ENTRY;HORIZON_EMBARGO;CALIBRATION_FROZEN;STRATEGY_BASELINE
mh-60-USDCAD-1788811440000,886,LOCKED_HOLDOUT,mh-v8,BASELINE,USD/CAD,2026-09-07T20:04:00.000Z,2026-09-07T20:06:00.000Z,60,SELL,0.2916666666666667,LOSS,-0.0000072484440438240925,-0.00022724844404382413,0.00022000000000000003,NEW_YORK_OR_ROLLOVER,RANGE,1,CLOSED_1M_SOURCE;CAUSAL_ENTRY;HORIZON_EMBARGO;CALIBRATION_FROZEN;STRATEGY_BASELINE
mh-60-GBPUSD-1788811500000,887,LOCKED_HOLDOUT,mh-v8,BASELINE,GBP/USD,2026-09-07T20:05:00.000Z,2026-09-07T20:07:00.000Z,60,BUY,0.3905882352941176,DRAW,0,-0.00022000000000000003,0.00022000000000000003,NEW_YORK_OR_ROLLOVER,RANGE,1,CLOSED_1M_SOURCE;CAUSAL_ENTRY;HORIZON_EMBARGO;CALIBRATION_FROZEN;STRATEGY_BASELINE
mh-60-USDCHF-1788811500000,888,LOCKED_HOLDOUT,mh-v8,BASELINE,USD/CHF,2026-09-07T20:05:00.000Z,2026-09-07T20:07:00.000Z,60,SELL,0.41025641025641024,WIN,0.00003703386566631545,-0.0001829661343336846,0.00022000000000000003,NEW_YORK_OR_ROLLOVER,RANGE,1,CLOSED_1M_SOURCE;CAUSAL_ENTRY;HORIZON_EMBARGO;CALIBRATION_FROZEN;STRATEGY_BASELINE
mh-60-USDJPY-1788811620000,889,LOCKED_HOLDOUT,mh-v8,BASELINE,USD/JPY,2026-09-07T20:07:00.000Z,2026-09-07T20:09:00.000Z,60,BUY,0.3905882352941176,WIN,0.000019473836702686016,-0.000200526163297314,0.00022000000000000003,NEW_YORK_OR_ROLLOVER,RANGE,1,CLOSED_1M_SOURCE;CAUSAL_ENTRY;HORIZON_EMBARGO;CALIBRATION_FROZEN;STRATEGY_BASELINE
mh-60-USDCAD-1788811740000,890,LOCKED_HOLDOUT,mh-v8,BASELINE,USD/CAD,2026-09-07T20:09:00.000Z,2026-09-07T20:11:00.000Z,60,SELL,0.41025641025641024,WIN,0.00018107522260039729,-0.00003892477739960275,0.00022000000000000003,NEW_YORK_OR_ROLLOVER,RANGE,1,CLOSED_1M_SOURCE;CAUSAL_ENTRY;HORIZON_EMBARGO;CALIBRATION_FROZEN;STRATEGY_BASELINE
mh-60-GBPUSD-1788811920000,891,LOCKED_HOLDOUT,mh-v8,BASELINE,GBP/USD,2026-09-07T20:12:00.000Z,2026-09-07T20:14:00.000Z,60,SELL,0.2916666666666667,DRAW,0,-0.00022000000000000003,0.00022000000000000003,NEW_YORK_OR_ROLLOVER,RANGE,1,CLOSED_1M_SOURCE;CAUSAL_ENTRY;HORIZON_EMBARGO;CALIBRATION_FROZEN;STRATEGY_BASELINE
mh-60-USDCHF-1788811980000,892,LOCKED_HOLDOUT,mh-v8,BASELINE,USD/CHF,2026-09-07T20:13:00.000Z,2026-09-07T20:15:00.000Z,60,SELL,0.2916666666666667,LOSS,-0.000012369010886275706,-0.00023236901088627575,0.00022000000000000003,NEW_YORK_OR_ROLLOVER,RANGE,1,CLOSED_1M_SOURCE;CAUSAL_ENTRY;HORIZON_EMBARGO;CALIBRATION_FROZEN;STRATEGY_BASELINE
mh-60-USDJPY-1788811980000,893,LOCKED_HOLDOUT,mh-v8,BASELINE,USD/JPY,2026-09-07T20:13:00.000Z,2026-09-07T20:15:00.000Z,60,BUY,0.41025641025641024,DRAW,0,-0.00022000000000000003,0.00022000000000000003,NEW_YORK_OR_ROLLOVER,RANGE,1,CLOSED_1M_SOURCE;CAUSAL_ENTRY;HORIZON_EMBARGO;CALIBRATION_FROZEN;STRATEGY_BASELINE
mh-60-USDCAD-1788812100000,894,LOCKED_HOLDOUT,mh-v8,BASELINE,USD/CAD,2026-09-07T20:15:00.000Z,2026-09-07T20:17:00.000Z,60,SELL,0.43209876543209874,DRAW,0,-0.00022000000000000003,0.00022000000000000003,NEW_YORK_OR_ROLLOVER,RANGE,1,CLOSED_1M_SOURCE;CAUSAL_ENTRY;HORIZON_EMBARGO;CALIBRATION_FROZEN;STRATEGY_BASELINE
mh-60-GBPUSD-1788812340000,895,LOCKED_HOLDOUT,mh-v8,BASELINE,GBP/USD,2026-09-07T20:19:00.000Z,2026-09-07T20:21:00.000Z,60,BUY,0.3905882352941176,WIN,0.000013469151681135001,-0.00020653084831886504,0.00022000000000000003,NEW_YORK_OR_ROLLOVER,RANGE,1,CLOSED_1M_SOURCE;CAUSAL_ENTRY;HORIZON_EMBARGO;CALIBRATION_FROZEN;STRATEGY_BASELINE
mh-60-USDCHF-1788812340000,896,LOCKED_HOLDOUT,mh-v8,BASELINE,USD/CHF,2026-09-07T20:19:00.000Z,2026-09-07T20:21:00.000Z,60,SELL,0.3905882352941176,DRAW,0,-0.00022000000000000003,0.00022000000000000003,NEW_YORK_OR_ROLLOVER,RANGE,1,CLOSED_1M_SOURCE;CAUSAL_ENTRY;HORIZON_EMBARGO;CALIBRATION_FROZEN;STRATEGY_BASELINE
mh-60-USDJPY-1788812340000,897,LOCKED_HOLDOUT,mh-v8,BASELINE,USD/JPY,2026-09-07T20:19:00.000Z,2026-09-07T20:21:00.000Z,60,BUY,0.3905882352941176,LOSS,-0.00003242113312255643,-0.00025242113312255645,0.00022000000000000003,NEW_YORK_OR_ROLLOVER,RANGE,1,CLOSED_1M_SOURCE;CAUSAL_ENTRY;HORIZON_EMBARGO;CALIBRATION_FROZEN;STRATEGY_BASELINE
mh-60-USDCAD-1788812460000,898,LOCKED_HOLDOUT,mh-v8,BASELINE,USD/CAD,2026-09-07T20:21:00.000Z,2026-09-07T20:23:00.000Z,60,SELL,0.3905882352941176,LOSS,-0.00026788797346113935,-0.0004878879734611394,0.00022000000000000003,NEW_YORK_OR_ROLLOVER,TREND_DOWN,1,CLOSED_1M_SOURCE;CAUSAL_ENTRY;HORIZON_EMBARGO;CALIBRATION_FROZEN;STRATEGY_BASELINE
mh-60-EURUSD-1788812520000,899,LOCKED_HOLDOUT,mh-v8,BASELINE,EUR/USD,2026-09-07T20:22:00.000Z,2026-09-07T20:24:00.000Z,60,BUY,0.3905882352941176,DRAW,0,-0.00022000000000000003,0.00022000000000000003,NEW_YORK_OR_ROLLOVER,RANGE,1,CLOSED_1M_SOURCE;CAUSAL_ENTRY;HORIZON_EMBARGO;CALIBRATION_FROZEN;STRATEGY_BASELINE
mh-60-GBPUSD-1788812700000,900,LOCKED_HOLDOUT,mh-v8,BASELINE,GBP/USD,2026-09-07T20:25:00.000Z,2026-09-07T20:27:00.000Z,60,BUY,0.2916666666666667,WIN,0.00002702670343941652,-0.00019297329656058353,0.00022000000000000003,NEW_YORK_OR_ROLLOVER,RANGE,1,CLOSED_1M_SOURCE;CAUSAL_ENTRY;HORIZON_EMBARGO;CALIBRATION_FROZEN;STRATEGY_BASELINE
mh-60-USDCHF-1788812820000,901,LOCKED_HOLDOUT,mh-v8,BASELINE,USD/CHF,2026-09-07T20:27:00.000Z,2026-09-07T20:29:00.000Z,60,BUY,0.3905882352941176,LOSS,-0.00003703203617153828,-0.00025703203617153834,0.00022000000000000003,NEW_YORK_OR_ROLLOVER,RANGE,1,CLOSED_1M_SOURCE;CAUSAL_ENTRY;HORIZON_EMBARGO;CALIBRATION_FROZEN;STRATEGY_BASELINE
mh-60-EURUSD-1788812880000,902,LOCKED_HOLDOUT,mh-v8,BASELINE,EUR/USD,2026-09-07T20:28:00.000Z,2026-09-07T20:30:00.000Z,60,SELL,0.41025641025641024,DRAW,0,-0.00022000000000000003,0.00022000000000000003,NEW_YORK_OR_ROLLOVER,RANGE,1,CLOSED_1M_SOURCE;CAUSAL_ENTRY;HORIZON_EMBARGO;CALIBRATION_FROZEN;STRATEGY_BASELINE
mh-60-USDCAD-1788812940000,903,LOCKED_HOLDOUT,mh-v8,BASELINE,USD/CAD,2026-09-07T20:29:00.000Z,2026-09-07T20:31:00.000Z,60,BUY,0.43209876543209874,DRAW,0,-0.00022000000000000003,0.00022000000000000003,NEW_YORK_OR_ROLLOVER,RANGE,1,CLOSED_1M_SOURCE;CAUSAL_ENTRY;HORIZON_EMBARGO;CALIBRATION_FROZEN;STRATEGY_BASELINE
mh-60-USDJPY-1788812940000,904,LOCKED_HOLDOUT,mh-v8,BASELINE,USD/JPY,2026-09-07T20:29:00.000Z,2026-09-07T20:31:00.000Z,60,SELL,0.3905882352941176,LOSS,-0.0000452744944158656,-0.00026527449441586564,0.00022000000000000003,NEW_YORK_OR_ROLLOVER,RANGE,1,CLOSED_1M_SOURCE;CAUSAL_ENTRY;HORIZON_EMBARGO;CALIBRATION_FROZEN;STRATEGY_BASELINE
mh-60-GBPUSD-1788813060000,905,LOCKED_HOLDOUT,mh-v8,BASELINE,GBP/USD,2026-09-07T20:31:00.000Z,2026-09-07T20:33:00.000Z,60,BUY,0.2916666666666667,LOSS,-0.000013557369152020014,-0.00023355736915202006,0.00022000000000000003,NEW_YORK_OR_ROLLOVER,RANGE,1,CLOSED_1M_SOURCE;CAUSAL_ENTRY;HORIZON_EMBARGO;CALIBRATION_FROZEN;STRATEGY_BASELINE
mh-60-USDCHF-1788813240000,906,LOCKED_HOLDOUT,mh-v8,BASELINE,USD/CHF,2026-09-07T20:34:00.000Z,2026-09-07T20:36:00.000Z,60,SELL,0.3905882352941176,WIN,0.00001229660078511219,-0.00020770339921488785,0.00022000000000000003,NEW_YORK_OR_ROLLOVER,RANGE,1,CLOSED_1M_SOURCE;CAUSAL_ENTRY;HORIZON_EMBARGO;CALIBRATION_FROZEN;STRATEGY_BASELINE
mh-60-USDJPY-1788813300000,907,LOCKED_HOLDOUT,mh-v8,BASELINE,USD/JPY,2026-09-07T20:35:00.000Z,2026-09-07T20:37:00.000Z,60,SELL,0.3905882352941176,LOSS,-0.000058331728386908224,-0.00027833172838690823,0.00022000000000000003,NEW_YORK_OR_ROLLOVER,RANGE,1,CLOSED_1M_SOURCE;CAUSAL_ENTRY;HORIZON_EMBARGO;CALIBRATION_FROZEN;STRATEGY_BASELINE
mh-60-GBPUSD-1788813420000,908,LOCKED_HOLDOUT,mh-v8,BASELINE,GBP/USD,2026-09-07T20:37:00.000Z,2026-09-07T20:39:00.000Z,60,SELL,0.43209876543209874,LOSS,-0.000013557369152020014,-0.00023355736915202006,0.00022000000000000003,NEW_YORK_OR_ROLLOVER,RANGE,1,CLOSED_1M_SOURCE;CAUSAL_ENTRY;HORIZON_EMBARGO;CALIBRATION_FROZEN;STRATEGY_BASELINE
mh-60-EURUSD-1788813600000,909,LOCKED_HOLDOUT,mh-v8,BASELINE,EUR/USD,2026-09-07T20:40:00.000Z,2026-09-07T20:42:00.000Z,60,SELL,0.41025641025641024,LOSS,-0.00011627117719542847,-0.0003362711771954285,0.00022000000000000003,NEW_YORK_OR_ROLLOVER,RANGE,1,CLOSED_1M_SOURCE;CAUSAL_ENTRY;HORIZON_EMBARGO;CALIBRATION_FROZEN;STRATEGY_BASELINE
mh-60-USDCAD-1788813660000,910,LOCKED_HOLDOUT,mh-v8,BASELINE,USD/CAD,2026-09-07T20:41:00.000Z,2026-09-07T20:43:00.000Z,60,BUY,0.2916666666666667,DRAW,0,-0.00022000000000000003,0.00022000000000000003,NEW_YORK_OR_ROLLOVER,RANGE,1,CLOSED_1M_SOURCE;CAUSAL_ENTRY;HORIZON_EMBARGO;CALIBRATION_FROZEN;STRATEGY_BASELINE
mh-60-USDCHF-1788813660000,911,LOCKED_HOLDOUT,mh-v8,BASELINE,USD/CHF,2026-09-07T20:41:00.000Z,2026-09-07T20:43:00.000Z,60,BUY,0.41025641025641024,LOSS,-0.000024665006871229153,-0.0002446650068712292,0.00022000000000000003,NEW_YORK_OR_ROLLOVER,RANGE,1,CLOSED_1M_SOURCE;CAUSAL_ENTRY;HORIZON_EMBARGO;CALIBRATION_FROZEN;STRATEGY_BASELINE
mh-60-USDJPY-1788813780000,912,LOCKED_HOLDOUT,mh-v8,BASELINE,USD/JPY,2026-09-07T20:43:00.000Z,2026-09-07T20:45:00.000Z,60,BUY,0.41025641025641024,DRAW,0,-0.00022000000000000003,0.00022000000000000003,NEW_YORK_OR_ROLLOVER,RANGE,1,CLOSED_1M_SOURCE;CAUSAL_ENTRY;HORIZON_EMBARGO;CALIBRATION_FROZEN;STRATEGY_BASELINE
mh-60-GBPUSD-1788813840000,913,LOCKED_HOLDOUT,mh-v8,BASELINE,GBP/USD,2026-09-07T20:44:00.000Z,2026-09-07T20:46:00.000Z,60,BUY,0.2916666666666667,DRAW,0,-0.00022000000000000003,0.00022000000000000003,NEW_YORK_OR_ROLLOVER,RANGE,1,CLOSED_1M_SOURCE;CAUSAL_ENTRY;HORIZON_EMBARGO;CALIBRATION_FROZEN;STRATEGY_BASELINE
mh-60-EURUSD-1788814080000,914,LOCKED_HOLDOUT,mh-v8,BASELINE,EUR/USD,2026-09-07T20:48:00.000Z,2026-09-07T20:50:00.000Z,60,SELL,0.2916666666666667,DRAW,0,-0.00022000000000000003,0.00022000000000000003,NEW_YORK_OR_ROLLOVER,RANGE,1,CLOSED_1M_SOURCE;CAUSAL_ENTRY;HORIZON_EMBARGO;CALIBRATION_FROZEN;STRATEGY_BASELINE
mh-60-USDJPY-1788814140000,915,LOCKED_HOLDOUT,mh-v8,BASELINE,USD/JPY,2026-09-07T20:49:00.000Z,2026-09-07T20:51:00.000Z,60,BUY,0.2916666666666667,LOSS,-0.0000906413811809119,-0.00031064138118091193,0.00022000000000000003,NEW_YORK_OR_ROLLOVER,RANGE,1,CLOSED_1M_SOURCE;CAUSAL_ENTRY;HORIZON_EMBARGO;CALIBRATION_FROZEN;STRATEGY_BASELINE
mh-60-USDCHF-1788814200000,916,LOCKED_HOLDOUT,mh-v8,BASELINE,USD/CHF,2026-09-07T20:50:00.000Z,2026-09-07T20:52:00.000Z,60,SELL,0.2916666666666667,WIN,0.00004940669262616525,-0.0001705933073738348,0.00022000000000000003,NEW_YORK_OR_ROLLOVER,RANGE,1,CLOSED_1M_SOURCE;CAUSAL_ENTRY;HORIZON_EMBARGO;CALIBRATION_FROZEN;STRATEGY_BASELINE
mh-60-USDCAD-1788814380000,917,LOCKED_HOLDOUT,mh-v8,BASELINE,USD/CAD,2026-09-07T20:53:00.000Z,2026-09-07T20:55:00.000Z,60,BUY,0.41025641025641024,LOSS,-0.00023887942077954088,-0.0004588794207795409,0.00022000000000000003,NEW_YORK_OR_ROLLOVER,RANGE,1,CLOSED_1M_SOURCE;CAUSAL_ENTRY;HORIZON_EMBARGO;CALIBRATION_FROZEN;STRATEGY_BASELINE
mh-60-GBPUSD-1788814560000,918,LOCKED_HOLDOUT,mh-v8,BASELINE,GBP/USD,2026-09-07T20:56:00.000Z,2026-09-07T20:58:00.000Z,60,SELL,0.2916666666666667,LOSS,-0.00001355718535225353,-0.00023355718535225358,0.00022000000000000003,NEW_YORK_OR_ROLLOVER,RANGE,1,CLOSED_1M_SOURCE;CAUSAL_ENTRY;HORIZON_EMBARGO;CALIBRATION_FROZEN;STRATEGY_BASELINE
mh-60-USDJPY-1788814620000,919,LOCKED_HOLDOUT,mh-v8,BASELINE,USD/JPY,2026-09-07T20:57:00.000Z,2026-09-07T20:59:00.000Z,60,BUY,0.41025641025641024,LOSS,-0.00020729391875561173,-0.00042729391875561177,0.00022000000000000003,NEW_YORK_OR_ROLLOVER,RANGE,1,CLOSED_1M_SOURCE;CAUSAL_ENTRY;HORIZON_EMBARGO;CALIBRATION_FROZEN;STRATEGY_BASELINE
mh-60-EURUSD-1788814680000,920,LOCKED_HOLDOUT,mh-v8,BASELINE,EUR/USD,2026-09-07T20:58:00.000Z,2026-09-07T21:00:00.000Z,60,BUY,0.2916666666666667,DRAW,0,-0.00022000000000000003,0.00022000000000000003,NEW_YORK_OR_ROLLOVER,RANGE,1,CLOSED_1M_SOURCE;CAUSAL_ENTRY;HORIZON_EMBARGO;CALIBRATION_FROZEN;STRATEGY_BASELINE
mh-60-USDCHF-1788814800000,921,LOCKED_HOLDOUT,mh-v8,BASELINE,USD/CHF,2026-09-07T21:00:00.000Z,2026-09-07T21:02:00.000Z,60,SELL,0.3905882352941176,LOSS,-0.0007046422387743189,-0.0009246422387743189,0.00022000000000000003,NEW_YORK_OR_ROLLOVER,TREND_DOWN,1,CLOSED_1M_SOURCE;CAUSAL_ENTRY;HORIZON_EMBARGO;CALIBRATION_FROZEN;STRATEGY_BASELINE
mh-60-USDCAD-1788814920000,922,LOCKED_HOLDOUT,mh-v8,BASELINE,USD/CAD,2026-09-07T21:02:00.000Z,2026-09-07T21:04:00.000Z,60,SELL,0.41025641025641024,DRAW,0,-0.00022000000000000003,0.00022000000000000003,NEW_YORK_OR_ROLLOVER,RANGE,1,CLOSED_1M_SOURCE;CAUSAL_ENTRY;HORIZON_EMBARGO;CALIBRATION_FROZEN;STRATEGY_BASELINE
mh-60-GBPUSD-1788815040000,923,LOCKED_HOLDOUT,mh-v8,BASELINE,GBP/USD,2026-09-07T21:04:00.000Z,2026-09-07T21:06:00.000Z,60,BUY,0.2916666666666667,LOSS,-0.000108271159573556,-0.000328271159573556,0.00022000000000000003,NEW_YORK_OR_ROLLOVER,RANGE,1,CLOSED_1M_SOURCE;CAUSAL_ENTRY;HORIZON_EMBARGO;CALIBRATION_FROZEN;STRATEGY_BASELINE
mh-60-EURUSD-1788815160000,924,LOCKED_HOLDOUT,mh-v8,BASELINE,EUR/USD,2026-09-07T21:06:00.000Z,2026-09-07T21:08:00.000Z,60,BUY,0.41025641025641024,DRAW,0,-0.00022000000000000003,0.00022000000000000003,NEW_YORK_OR_ROLLOVER,RANGE,1,CLOSED_1M_SOURCE;CAUSAL_ENTRY;HORIZON_EMBARGO;CALIBRATION_FROZEN;STRATEGY_BASELINE
mh-60-USDCAD-1788815280000,925,LOCKED_HOLDOUT,mh-v8,BASELINE,USD/CAD,2026-09-07T21:08:00.000Z,2026-09-07T21:10:00.000Z,60,BUY,0.43209876543209874,WIN,0.0001448256546823006,-0.00007517434531769944,0.00022000000000000003,NEW_YORK_OR_ROLLOVER,RANGE,1,CLOSED_1M_SOURCE;CAUSAL_ENTRY;HORIZON_EMBARGO;CALIBRATION_FROZEN;STRATEGY_BASELINE
mh-60-USDCHF-1788815280000,926,LOCKED_HOLDOUT,mh-v8,BASELINE,USD/CHF,2026-09-07T21:08:00.000Z,2026-09-07T21:10:00.000Z,60,SELL,0.2916666666666667,LOSS,-0.00009886223709330289,-0.00031886223709330294,0.00022000000000000003,NEW_YORK_OR_ROLLOVER,RANGE,1,CLOSED_1M_SOURCE;CAUSAL_ENTRY;HORIZON_EMBARGO;CALIBRATION_FROZEN;STRATEGY_BASELINE
mh-60-EURUSD-1788815520000,927,LOCKED_HOLDOUT,mh-v8,BASELINE,EUR/USD,2026-09-07T21:12:00.000Z,2026-09-07T21:14:00.000Z,60,SELL,0.43209876543209874,WIN,0.0001162982214576577,-0.00010370177854234233,0.00022000000000000003,NEW_YORK_OR_ROLLOVER,RANGE,1,CLOSED_1M_SOURCE;CAUSAL_ENTRY;HORIZON_EMBARGO;CALIBRATION_FROZEN;STRATEGY_BASELINE
mh-60-GBPUSD-1788815580000,928,LOCKED_HOLDOUT,mh-v8,BASELINE,GBP/USD,2026-09-07T21:13:00.000Z,2026-09-07T21:15:00.000Z,60,BUY,0.3905882352941176,LOSS,-0.00020305244060320042,-0.00042305244060320045,0.00022000000000000003,NEW_YORK_OR_ROLLOVER,RANGE,1,CLOSED_1M_SOURCE;CAUSAL_ENTRY;HORIZON_EMBARGO;CALIBRATION_FROZEN;STRATEGY_BASELINE
mh-60-USDCHF-1788815640000,929,LOCKED_HOLDOUT,mh-v8,BASELINE,USD/CHF,2026-09-07T21:14:00.000Z,2026-09-07T21:16:00.000Z,60,SELL,0.2916666666666667,WIN,0.0005317683686571566,0.0003117683686571566,0.00022000000000000003,NEW_YORK_OR_ROLLOVER,RANGE,1,CLOSED_1M_SOURCE;CAUSAL_ENTRY;HORIZON_EMBARGO;CALIBRATION_FROZEN;STRATEGY_BASELINE
mh-60-EURUSD-1788815940000,930,LOCKED_HOLDOUT,mh-v8,BASELINE,EUR/USD,2026-09-07T21:19:00.000Z,2026-09-07T21:21:00.000Z,60,BUY,0.43209876543209874,LOSS,-0.00011627117719542847,-0.0003362711771954285,0.00022000000000000003,NEW_YORK_OR_ROLLOVER,RANGE,1,CLOSED_1M_SOURCE;CAUSAL_ENTRY;HORIZON_EMBARGO;CALIBRATION_FROZEN;STRATEGY_BASELINE
mh-60-USDCAD-1788816120000,931,LOCKED_HOLDOUT,mh-v8,BASELINE,USD/CAD,2026-09-07T21:22:00.000Z,2026-09-07T21:24:00.000Z,60,BUY,0.41025641025641024,LOSS,-0.00007240234162462398,-0.000292402341624624,0.00022000000000000003,NEW_YORK_OR_ROLLOVER,RANGE,1,CLOSED_1M_SOURCE;CAUSAL_ENTRY;HORIZON_EMBARGO;CALIBRATION_FROZEN;STRATEGY_BASELINE
mh-60-GBPUSD-1788816240000,932,LOCKED_HOLDOUT,mh-v8,BASELINE,GBP/USD,2026-09-07T21:24:00.000Z,2026-09-07T21:26:00.000Z,60,SELL,0.43209876543209874,WIN,0.000054142175768920134,-0.0001658578242310799,0.00022000000000000003,NEW_YORK_OR_ROLLOVER,RANGE,1,CLOSED_1M_SOURCE;CAUSAL_ENTRY;HORIZON_EMBARGO;CALIBRATION_FROZEN;STRATEGY_BASELINE
mh-60-EURUSD-1788816300000,933,LOCKED_HOLDOUT,mh-v8,BASELINE,EUR/USD,2026-09-07T21:25:00.000Z,2026-09-07T21:27:00.000Z,60,BUY,0.41025641025641024,DRAW,0,-0.00022000000000000003,0.00022000000000000003,NEW_YORK_OR_ROLLOVER,RANGE,1,CLOSED_1M_SOURCE;CAUSAL_ENTRY;HORIZON_EMBARGO;CALIBRATION_FROZEN;STRATEGY_BASELINE
mh-60-USDCHF-1788816360000,934,LOCKED_HOLDOUT,mh-v8,BASELINE,USD/CHF,2026-09-07T21:26:00.000Z,2026-09-07T21:28:00.000Z,60,BUY,0.43209876543209874,DRAW,0,-0.00022000000000000003,0.00022000000000000003,NEW_YORK_OR_ROLLOVER,RANGE,1,CLOSED_1M_SOURCE;CAUSAL_ENTRY;HORIZON_EMBARGO;CALIBRATION_FROZEN;STRATEGY_BASELINE
mh-60-USDJPY-1788816480000,935,LOCKED_HOLDOUT,mh-v8,BASELINE,USD/JPY,2026-09-07T21:28:00.000Z,2026-09-07T21:30:00.000Z,60,SELL,0.41025641025641024,LOSS,-0.00006486747752332015,-0.0002848674775233202,0.00022000000000000003,NEW_YORK_OR_ROLLOVER,RANGE,1,CLOSED_1M_SOURCE;CAUSAL_ENTRY;HORIZON_EMBARGO;CALIBRATION_FROZEN;STRATEGY_BASELINE
mh-60-EURUSD-1788816660000,936,LOCKED_HOLDOUT,mh-v8,BASELINE,EUR/USD,2026-09-07T21:31:00.000Z,2026-09-07T21:33:00.000Z,60,SELL,0.3905882352941176,LOSS,-0.00034867049510492666,-0.0005686704951049267,0.00022000000000000003,NEW_YORK_OR_ROLLOVER,RANGE,1,CLOSED_1M_SOURCE;CAUSAL_ENTRY;HORIZON_EMBARGO;CALIBRATION_FROZEN;STRATEGY_BASELINE
mh-60-GBPUSD-1788816780000,937,LOCKED_HOLDOUT,mh-v8,BASELINE,GBP/USD,2026-09-07T21:33:00.000Z,2026-09-07T21:35:00.000Z,60,SELL,0.2916666666666667,LOSS,-0.00009479814332951148,-0.0003147981433295115,0.00022000000000000003,NEW_YORK_OR_ROLLOVER,RANGE,1,CLOSED_1M_SOURCE;CAUSAL_ENTRY;HORIZON_EMBARGO;CALIBRATION_FROZEN;STRATEGY_BASELINE
mh-60-USDCAD-1788816840000,938,LOCKED_HOLDOUT,mh-v8,BASELINE,USD/CAD,2026-09-07T21:34:00.000Z,2026-09-07T21:36:00.000Z,60,BUY,0.43209876543209874,LOSS,-0.000021747219980379175,-0.0002417472199803792,0.00022000000000000003,NEW_YORK_OR_ROLLOVER,RANGE,1,CLOSED_1M_SOURCE;CAUSAL_ENTRY;HORIZON_EMBARGO;CALIBRATION_FROZEN;STRATEGY_BASELINE
mh-60-USDJPY-1788816960000,939,LOCKED_HOLDOUT,mh-v8,BASELINE,USD/JPY,2026-09-07T21:36:00.000Z,2026-09-07T21:38:00.000Z,60,SELL,0.43209876543209874,WIN,0.000013052011077597766,-0.00020694798892240227,0.00022000000000000003,NEW_YORK_OR_ROLLOVER,RANGE,1,CLOSED_1M_SOURCE;CAUSAL_ENTRY;HORIZON_EMBARGO;CALIBRATION_FROZEN;STRATEGY_BASELINE
mh-60-EURUSD-1788817200000,940,LOCKED_HOLDOUT,mh-v8,BASELINE,EUR/USD,2026-09-07T21:40:00.000Z,2026-09-07T21:42:00.000Z,60,BUY,0.3905882352941176,LOSS,-0.0002324882910162957,-0.0004524882910162957,0.00022000000000000003,NEW_YORK_OR_ROLLOVER,RANGE,1,CLOSED_1M_SOURCE;CAUSAL_ENTRY;HORIZON_EMBARGO;CALIBRATION_FROZEN;STRATEGY_BASELINE
mh-60-USDCAD-1788817200000,941,LOCKED_HOLDOUT,mh-v8,BASELINE,USD/CAD,2026-09-07T21:40:00.000Z,2026-09-07T21:42:00.000Z,60,BUY,0.3905882352941176,LOSS,-0.00023890172502747932,-0.00045890172502747935,0.00022000000000000003,NEW_YORK_OR_ROLLOVER,RANGE,1,CLOSED_1M_SOURCE;CAUSAL_ENTRY;HORIZON_EMBARGO;CALIBRATION_FROZEN;STRATEGY_BASELINE
mh-60-USDCHF-1788817200000,942,LOCKED_HOLDOUT,mh-v8,BASELINE,USD/CHF,2026-09-07T21:40:00.000Z,2026-09-07T21:42:00.000Z,60,BUY,0.3905882352941176,WIN,0.00028424211239189514,0.0000642421123918951,0.00022000000000000003,NEW_YORK_OR_ROLLOVER,RANGE,1,CLOSED_1M_SOURCE;CAUSAL_ENTRY;HORIZON_EMBARGO;CALIBRATION_FROZEN;STRATEGY_BASELINE
mh-60-GBPUSD-1788817320000,943,LOCKED_HOLDOUT,mh-v8,BASELINE,GBP/USD,2026-09-07T21:42:00.000Z,2026-09-07T21:44:00.000Z,60,BUY,0.43209876543209874,LOSS,-0.00010836358226587283,-0.00032836358226587286,0.00022000000000000003,NEW_YORK_OR_ROLLOVER,RANGE,1,CLOSED_1M_SOURCE;CAUSAL_ENTRY;HORIZON_EMBARGO;CALIBRATION_FROZEN;STRATEGY_BASELINE
mh-60-USDJPY-1788817380000,944,LOCKED_HOLDOUT,mh-v8,BASELINE,USD/JPY,2026-09-07T21:43:00.000Z,2026-09-07T21:45:00.000Z,60,BUY,0.3905882352941176,WIN,0.00005832832599483903,-0.00016167167400516101,0.00022000000000000003,NEW_YORK_OR_ROLLOVER,RANGE,1,CLOSED_1M_SOURCE;CAUSAL_ENTRY;HORIZON_EMBARGO;CALIBRATION_FROZEN;STRATEGY_BASELINE
mh-60-EURUSD-1788817620000,945,LOCKED_HOLDOUT,mh-v8,BASELINE,EUR/USD,2026-09-07T21:47:00.000Z,2026-09-07T21:49:00.000Z,60,SELL,0.43209876543209874,LOSS,-0.00011615515170652217,-0.0003361551517065222,0.00022000000000000003,NEW_YORK_OR_ROLLOVER,RANGE,1,CLOSED_1M_SOURCE;CAUSAL_ENTRY;HORIZON_EMBARGO;CALIBRATION_FROZEN;STRATEGY_BASELINE
mh-60-USDCHF-1788817620000,946,LOCKED_HOLDOUT,mh-v8,BASELINE,USD/CHF,2026-09-07T21:47:00.000Z,2026-09-07T21:49:00.000Z,60,BUY,0.41025641025641024,DRAW,0,-0.00022000000000000003,0.00022000000000000003,NEW_YORK_OR_ROLLOVER,RANGE,1,CLOSED_1M_SOURCE;CAUSAL_ENTRY;HORIZON_EMBARGO;CALIBRATION_FROZEN;STRATEGY_BASELINE
mh-60-GBPUSD-1788817740000,947,LOCKED_HOLDOUT,mh-v8,BASELINE,GBP/USD,2026-09-07T21:49:00.000Z,2026-09-07T21:51:00.000Z,60,BUY,0.43209876543209874,LOSS,-0.000013556085044891768,-0.0002335560850448918,0.00022000000000000003,NEW_YORK_OR_ROLLOVER,RANGE,1,CLOSED_1M_SOURCE;CAUSAL_ENTRY;HORIZON_EMBARGO;CALIBRATION_FROZEN;STRATEGY_BASELINE
mh-60-USDCAD-1788817740000,948,LOCKED_HOLDOUT,mh-v8,BASELINE,USD/CAD,2026-09-07T21:49:00.000Z,2026-09-07T21:51:00.000Z,60,BUY,0.41025641025641024,DRAW,0,-0.00022000000000000003,0.00022000000000000003,NEW_YORK_OR_ROLLOVER,RANGE,1,CLOSED_1M_SOURCE;CAUSAL_ENTRY;HORIZON_EMBARGO;CALIBRATION_FROZEN;STRATEGY_BASELINE
mh-60-USDJPY-1788817740000,949,LOCKED_HOLDOUT,mh-v8,BASELINE,USD/JPY,2026-09-07T21:49:00.000Z,2026-09-07T21:51:00.000Z,60,BUY,0.3905882352941176,WIN,0.000006524441100064265,-0.00021347555889993577,0.00022000000000000003,NEW_YORK_OR_ROLLOVER,RANGE,1,CLOSED_1M_SOURCE;CAUSAL_ENTRY;HORIZON_EMBARGO;CALIBRATION_FROZEN;STRATEGY_BASELINE
mh-60-EURUSD-1788818040000,950,LOCKED_HOLDOUT,mh-v8,BASELINE,EUR/USD,2026-09-07T21:54:00.000Z,2026-09-07T21:56:00.000Z,60,SELL,0.41025641025641024,LOSS,-0.00023241282340572442,-0.0004524128234057245,0.00022000000000000003,NEW_YORK_OR_ROLLOVER,RANGE,1,CLOSED_1M_SOURCE;CAUSAL_ENTRY;HORIZON_EMBARGO;CALIBRATION_FROZEN;STRATEGY_BASELINE
mh-60-USDCAD-1788818100000,951,LOCKED_HOLDOUT,mh-v8,BASELINE,USD/CAD,2026-09-07T21:55:00.000Z,2026-09-07T21:57:00.000Z,60,SELL,0.2916666666666667,WIN,0.0000724128273411503,-0.00014758717265884975,0.00022000000000000003,NEW_YORK_OR_ROLLOVER,RANGE,1,CLOSED_1M_SOURCE;CAUSAL_ENTRY;HORIZON_EMBARGO;CALIBRATION_FROZEN;STRATEGY_BASELINE
mh-60-USDJPY-1788818100000,952,LOCKED_HOLDOUT,mh-v8,BASELINE,USD/JPY,2026-09-07T21:55:00.000Z,2026-09-07T21:57:00.000Z,60,BUY,0.2916666666666667,WIN,0.00003242659479035119,-0.00018757340520964884,0.00022000000000000003,NEW_YORK_OR_ROLLOVER,RANGE,1,CLOSED_1M_SOURCE;CAUSAL_ENTRY;HORIZON_EMBARGO;CALIBRATION_FROZEN;STRATEGY_BASELINE
mh-60-GBPUSD-1788818160000,953,LOCKED_HOLDOUT,mh-v8,BASELINE,GBP/USD,2026-09-07T21:56:00.000Z,2026-09-07T21:58:00.000Z,60,BUY,0.2916666666666667,WIN,0.00006768872832156248,-0.00015231127167843756,0.00022000000000000003,NEW_YORK_OR_ROLLOVER,RANGE,1,CLOSED_1M_SOURCE;CAUSAL_ENTRY;HORIZON_EMBARGO;CALIBRATION_FROZEN;STRATEGY_BASELINE
mh-60-USDCHF-1788818400000,954,LOCKED_HOLDOUT,mh-v8,BASELINE,USD/CHF,2026-09-07T22:00:00.000Z,2026-09-07T22:02:00.000Z,60,BUY,0.2916666666666667,WIN,0.000024745664647931057,-0.000195254335352069,0.00022000000000000003,NEW_YORK_OR_ROLLOVER,RANGE,1,CLOSED_1M_SOURCE;CAUSAL_ENTRY;HORIZON_EMBARGO;CALIBRATION_FROZEN;STRATEGY_BASELINE
mh-60-EURUSD-1788818460000,955,LOCKED_HOLDOUT,mh-v8,BASELINE,EUR/USD,2026-09-07T22:01:00.000Z,2026-09-07T22:03:00.000Z,60,BUY,0.2916666666666667,DRAW,0,-0.00022000000000000003,0.00022000000000000003,NEW_YORK_OR_ROLLOVER,RANGE,1,CLOSED_1M_SOURCE;CAUSAL_ENTRY;HORIZON_EMBARGO;CALIBRATION_FROZEN;STRATEGY_BASELINE
mh-60-USDCAD-1788818520000,956,LOCKED_HOLDOUT,mh-v8,BASELINE,USD/CAD,2026-09-07T22:02:00.000Z,2026-09-07T22:04:00.000Z,60,SELL,0.2916666666666667,LOSS,-0.00013748047397536917,-0.00035748047397536923,0.00022000000000000003,NEW_YORK_OR_ROLLOVER,RANGE,1,CLOSED_1M_SOURCE;CAUSAL_ENTRY;HORIZON_EMBARGO;CALIBRATION_FROZEN;STRATEGY_BASELINE
mh-60-USDJPY-1788818520000,957,LOCKED_HOLDOUT,mh-v8,BASELINE,USD/JPY,2026-09-07T22:02:00.000Z,2026-09-07T22:04:00.000Z,60,SELL,0.41025641025641024,WIN,0.00001947749686679251,-0.00020052250313320753,0.00022000000000000003,NEW_YORK_OR_ROLLOVER,RANGE,1,CLOSED_1M_SOURCE;CAUSAL_ENTRY;HORIZON_EMBARGO;CALIBRATION_FROZEN;STRATEGY_BASELINE
mh-60-GBPUSD-1788818760000,958,LOCKED_HOLDOUT,mh-v8,BASELINE,GBP/USD,2026-09-07T22:06:00.000Z,2026-09-07T22:08:00.000Z,60,SELL,0.2916666666666667,WIN,0.000013468422491209214,-0.00020653157750879082,0.00022000000000000003,NEW_YORK_OR_ROLLOVER,RANGE,1,CLOSED_1M_SOURCE;CAUSAL_ENTRY;HORIZON_EMBARGO;CALIBRATION_FROZEN;STRATEGY_BASELINE
mh-60-USDCHF-1788818820000,959,LOCKED_HOLDOUT,mh-v8,BASELINE,USD/CHF,2026-09-07T22:07:00.000Z,2026-09-07T22:09:00.000Z,60,BUY,0.43209876543209874,DRAW,0,-0.00022000000000000003,0.00022000000000000003,NEW_YORK_OR_ROLLOVER,RANGE,1,CLOSED_1M_SOURCE;CAUSAL_ENTRY;HORIZON_EMBARGO;CALIBRATION_FROZEN;STRATEGY_BASELINE
mh-60-USDJPY-1788818880000,960,LOCKED_HOLDOUT,mh-v8,BASELINE,USD/JPY,2026-09-07T22:08:00.000Z,2026-09-07T22:10:00.000Z,60,SELL,0.2916666666666667,WIN,0.000012952712119941719,-0.0002070472878800583,0.00022000000000000003,NEW_YORK_OR_ROLLOVER,RANGE,1,CLOSED_1M_SOURCE;CAUSAL_ENTRY;HORIZON_EMBARGO;CALIBRATION_FROZEN;STRATEGY_BASELINE
mh-60-EURUSD-1788818940000,961,LOCKED_HOLDOUT,mh-v8,BASELINE,EUR/USD,2026-09-07T22:09:00.000Z,2026-09-07T22:11:00.000Z,60,BUY,0.2916666666666667,DRAW,0,-0.00022000000000000003,0.00022000000000000003,NEW_YORK_OR_ROLLOVER,RANGE,1,CLOSED_1M_SOURCE;CAUSAL_ENTRY;HORIZON_EMBARGO;CALIBRATION_FROZEN;STRATEGY_BASELINE
mh-60-USDCAD-1788819000000,962,LOCKED_HOLDOUT,mh-v8,BASELINE,USD/CAD,2026-09-07T22:10:00.000Z,2026-09-07T22:12:00.000Z,60,SELL,0.2916666666666667,LOSS,-0.00000724933608163719,-0.00022724933608163722,0.00022000000000000003,NEW_YORK_OR_ROLLOVER,RANGE,1,CLOSED_1M_SOURCE;CAUSAL_ENTRY;HORIZON_EMBARGO;CALIBRATION_FROZEN;STRATEGY_BASELINE
mh-60-USDCHF-1788819180000,963,LOCKED_HOLDOUT,mh-v8,BASELINE,USD/CHF,2026-09-07T22:13:00.000Z,2026-09-07T22:15:00.000Z,60,BUY,0.3905882352941176,DRAW,0,-0.00022000000000000003,0.00022000000000000003,NEW_YORK_OR_ROLLOVER,RANGE,1,CLOSED_1M_SOURCE;CAUSAL_ENTRY;HORIZON_EMBARGO;CALIBRATION_FROZEN;STRATEGY_BASELINE
mh-60-EURUSD-1788819420000,964,LOCKED_HOLDOUT,mh-v8,BASELINE,EUR/USD,2026-09-07T22:17:00.000Z,2026-09-07T22:19:00.000Z,60,BUY,0.2916666666666667,WIN,0.00011636019169188232,-0.00010363980830811772,0.00022000000000000003,NEW_YORK_OR_ROLLOVER,RANGE,1,CLOSED_1M_SOURCE;CAUSAL_ENTRY;HORIZON_EMBARGO;CALIBRATION_FROZEN;STRATEGY_BASELINE
mh-60-GBPUSD-1788819420000,965,LOCKED_HOLDOUT,mh-v8,BASELINE,GBP/USD,2026-09-07T22:17:00.000Z,2026-09-07T22:19:00.000Z,60,SELL,0.2916666666666667,LOSS,-0.000054130448042559385,-0.0002741304480425594,0.00022000000000000003,NEW_YORK_OR_ROLLOVER,RANGE,1,CLOSED_1M_SOURCE;CAUSAL_ENTRY;HORIZON_EMBARGO;CALIBRATION_FROZEN;STRATEGY_BASELINE
mh-60-USDJPY-1788819540000,966,LOCKED_HOLDOUT,mh-v8,BASELINE,USD/JPY,2026-09-07T22:19:00.000Z,2026-09-07T22:21:00.000Z,60,SELL,0.3905882352941176,LOSS,-0.00005835025243407089,-0.00027835025243407095,0.00022000000000000003,NEW_YORK_OR_ROLLOVER,RANGE,1,CLOSED_1M_SOURCE;CAUSAL_ENTRY;HORIZON_EMBARGO;CALIBRATION_FROZEN;STRATEGY_BASELINE
mh-60-USDCAD-1788819600000,967,LOCKED_HOLDOUT,mh-v8,BASELINE,USD/CAD,2026-09-07T22:20:00.000Z,2026-09-07T22:22:00.000Z,60,BUY,0.41025641025641024,DRAW,0,-0.00022000000000000003,0.00022000000000000003,NEW_YORK_OR_ROLLOVER,RANGE,1,CLOSED_1M_SOURCE;CAUSAL_ENTRY;HORIZON_EMBARGO;CALIBRATION_FROZEN;STRATEGY_BASELINE
mh-60-USDCHF-1788819600000,968,LOCKED_HOLDOUT,mh-v8,BASELINE,USD/CHF,2026-09-07T22:20:00.000Z,2026-09-07T22:22:00.000Z,60,SELL,0.3905882352941176,LOSS,-0.0000617943275606089,-0.00028179432756060893,0.00022000000000000003,NEW_YORK_OR_ROLLOVER,RANGE,1,CLOSED_1M_SOURCE;CAUSAL_ENTRY;HORIZON_EMBARGO;CALIBRATION_FROZEN;STRATEGY_BASELINE
mh-60-GBPUSD-1788819780000,969,LOCKED_HOLDOUT,mh-v8,BASELINE,GBP/USD,2026-09-07T22:23:00.000Z,2026-09-07T22:25:00.000Z,60,SELL,0.3905882352941176,LOSS,-0.00009488487770941216,-0.0003148848777094122,0.00022000000000000003,NEW_YORK_OR_ROLLOVER,RANGE,1,CLOSED_1M_SOURCE;CAUSAL_ENTRY;HORIZON_EMBARGO;CALIBRATION_FROZEN;STRATEGY_BASELINE
mh-60-EURUSD-1788819900000,970,LOCKED_HOLDOUT,mh-v8,BASELINE,EUR/USD,2026-09-07T22:25:00.000Z,2026-09-07T22:27:00.000Z,60,SELL,0.2916666666666667,LOSS,-0.00011634665357296985,-0.0003363466535729699,0.00022000000000000003,NEW_YORK_OR_ROLLOVER,RANGE,1,CLOSED_1M_SOURCE;CAUSAL_ENTRY;HORIZON_EMBARGO;CALIBRATION_FROZEN;STRATEGY_BASELINE
mh-60-USDJPY-1788819960000,971,LOCKED_HOLDOUT,mh-v8,BASELINE,USD/JPY,2026-09-07T22:26:00.000Z,2026-09-07T22:28:00.000Z,60,SELL,0.3905882352941176,LOSS,-0.00007778683971368505,-0.00029778683971368506,0.00022000000000000003,NEW_YORK_OR_ROLLOVER,TREND_DOWN,1,CLOSED_1M_SOURCE;CAUSAL_ENTRY;HORIZON_EMBARGO;CALIBRATION_FROZEN;STRATEGY_BASELINE
mh-60-USDCHF-1788820020000,972,LOCKED_HOLDOUT,mh-v8,BASELINE,USD/CHF,2026-09-07T22:27:00.000Z,2026-09-07T22:29:00.000Z,60,SELL,0.3905882352941176,WIN,0.00009892979034545429,-0.00012107020965454575,0.00022000000000000003,NEW_YORK_OR_ROLLOVER,RANGE,1,CLOSED_1M_SOURCE;CAUSAL_ENTRY;HORIZON_EMBARGO;CALIBRATION_FROZEN;STRATEGY_BASELINE
mh-60-USDCAD-1788820140000,973,LOCKED_HOLDOUT,mh-v8,BASELINE,USD/CAD,2026-09-07T22:29:00.000Z,2026-09-07T22:31:00.000Z,60,SELL,0.2916666666666667,WIN,0.00027523117951409784,0.0000552311795140978,0.00022000000000000003,NEW_YORK_OR_ROLLOVER,RANGE,1,CLOSED_1M_SOURCE;CAUSAL_ENTRY;HORIZON_EMBARGO;CALIBRATION_FROZEN;STRATEGY_BASELINE
mh-60-GBPUSD-1788820200000,974,LOCKED_HOLDOUT,mh-v8,BASELINE,GBP/USD,2026-09-07T22:30:00.000Z,2026-09-07T22:32:00.000Z,60,BUY,0.41025641025641024,DRAW,0,-0.00022000000000000003,0.00022000000000000003,NEW_YORK_OR_ROLLOVER,RANGE,1,CLOSED_1M_SOURCE;CAUSAL_ENTRY;HORIZON_EMBARGO;CALIBRATION_FROZEN;STRATEGY_BASELINE
mh-60-EURUSD-1788820260000,975,LOCKED_HOLDOUT,mh-v8,BASELINE,EUR/USD,2026-09-07T22:31:00.000Z,2026-09-07T22:33:00.000Z,60,BUY,0.3905882352941176,DRAW,0,-0.00022000000000000003,0.00022000000000000003,NEW_YORK_OR_ROLLOVER,RANGE,1,CLOSED_1M_SOURCE;CAUSAL_ENTRY;HORIZON_EMBARGO;CALIBRATION_FROZEN;STRATEGY_BASELINE
mh-60-USDJPY-1788820320000,976,LOCKED_HOLDOUT,mh-v8,BASELINE,USD/JPY,2026-09-07T22:32:00.000Z,2026-09-07T22:34:00.000Z,60,SELL,0.3905882352941176,WIN,0.00005838128102185845,-0.0001616187189781416,0.00022000000000000003,NEW_YORK_OR_ROLLOVER,TREND_DOWN,1,CLOSED_1M_SOURCE;CAUSAL_ENTRY;HORIZON_EMBARGO;CALIBRATION_FROZEN;STRATEGY_BASELINE
mh-60-USDCHF-1788820440000,977,LOCKED_HOLDOUT,mh-v8,BASELINE,USD/CHF,2026-09-07T22:34:00.000Z,2026-09-07T22:36:00.000Z,60,SELL,0.2916666666666667,WIN,0.000024749333812016877,-0.00019525066618798314,0.00022000000000000003,NEW_YORK_OR_ROLLOVER,RANGE,1,CLOSED_1M_SOURCE;CAUSAL_ENTRY;HORIZON_EMBARGO;CALIBRATION_FROZEN;STRATEGY_BASELINE
mh-60-USDCAD-1788820500000,978,LOCKED_HOLDOUT,mh-v8,BASELINE,USD/CAD,2026-09-07T22:35:00.000Z,2026-09-07T22:37:00.000Z,60,BUY,0.2916666666666667,DRAW,0,-0.00022000000000000003,0.00022000000000000003,NEW_YORK_OR_ROLLOVER,RANGE,1,CLOSED_1M_SOURCE;CAUSAL_ENTRY;HORIZON_EMBARGO;CALIBRATION_FROZEN;STRATEGY_BASELINE
mh-60-EURUSD-1788820620000,979,LOCKED_HOLDOUT,mh-v8,BASELINE,EUR/USD,2026-09-07T22:37:00.000Z,2026-09-07T22:39:00.000Z,60,BUY,0.2916666666666667,LOSS,-0.00011634665357296985,-0.0003363466535729699,0.00022000000000000003,NEW_YORK_OR_ROLLOVER,RANGE,1,CLOSED_1M_SOURCE;CAUSAL_ENTRY;HORIZON_EMBARGO;CALIBRATION_FROZEN;STRATEGY_BASELINE
mh-60-GBPUSD-1788820620000,980,LOCKED_HOLDOUT,mh-v8,BASELINE,GBP/USD,2026-09-07T22:37:00.000Z,2026-09-07T22:39:00.000Z,60,SELL,0.43209876543209874,WIN,0.00005413704753972207,-0.00016586295246027796,0.00022000000000000003,NEW_YORK_OR_ROLLOVER,RANGE,1,CLOSED_1M_SOURCE;CAUSAL_ENTRY;HORIZON_EMBARGO;CALIBRATION_FROZEN;STRATEGY_BASELINE
mh-60-USDJPY-1788820740000,981,LOCKED_HOLDOUT,mh-v8,BASELINE,USD/JPY,2026-09-07T22:39:00.000Z,2026-09-07T22:41:00.000Z,60,SELL,0.2916666666666667,LOSS,-0.00003245140377550317,-0.0002524514037755032,0.00022000000000000003,NEW_YORK_OR_ROLLOVER,RANGE,1,CLOSED_1M_SOURCE;CAUSAL_ENTRY;HORIZON_EMBARGO;CALIBRATION_FROZEN;STRATEGY_BASELINE
mh-60-USDCHF-1788820860000,982,LOCKED_HOLDOUT,mh-v8,BASELINE,USD/CHF,2026-09-07T22:41:00.000Z,2026-09-07T22:43:00.000Z,60,BUY,0.41025641025641024,LOSS,-0.00003712078795059223,-0.00025712078795059226,0.00022000000000000003,NEW_YORK_OR_ROLLOVER,RANGE,1,CLOSED_1M_SOURCE;CAUSAL_ENTRY;HORIZON_EMBARGO;CALIBRATION_FROZEN;STRATEGY_BASELINE
mh-60-USDCAD-1788820920000,983,LOCKED_HOLDOUT,mh-v8,BASELINE,USD/CAD,2026-09-07T22:42:00.000Z,2026-09-07T22:44:00.000Z,60,SELL,0.2916666666666667,LOSS,-0.0000434134877507075,-0.00026341348775070755,0.00022000000000000003,NEW_YORK_OR_ROLLOVER,RANGE,1,CLOSED_1M_SOURCE;CAUSAL_ENTRY;HORIZON_EMBARGO;CALIBRATION_FROZEN;STRATEGY_BASELINE
mh-60-EURUSD-1788820980000,984,LOCKED_HOLDOUT,mh-v8,BASELINE,EUR/USD,2026-09-07T22:43:00.000Z,2026-09-07T22:45:00.000Z,60,BUY,0.3905882352941176,LOSS,-0.00011634665357296985,-0.0003363466535729699,0.00022000000000000003,NEW_YORK_OR_ROLLOVER,RANGE,1,CLOSED_1M_SOURCE;CAUSAL_ENTRY;HORIZON_EMBARGO;CALIBRATION_FROZEN;STRATEGY_BASELINE
mh-60-GBPUSD-1788821040000,985,LOCKED_HOLDOUT,mh-v8,BASELINE,GBP/USD,2026-09-07T22:44:00.000Z,2026-09-07T22:46:00.000Z,60,SELL,0.3905882352941176,LOSS,-0.000027024509910072642,-0.0002470245099100727,0.00022000000000000003,NEW_YORK_OR_ROLLOVER,RANGE,1,CLOSED_1M_SOURCE;CAUSAL_ENTRY;HORIZON_EMBARGO;CALIBRATION_FROZEN;STRATEGY_BASELINE
mh-60-USDJPY-1788821220000,986,LOCKED_HOLDOUT,mh-v8,BASELINE,USD/JPY,2026-09-07T22:47:00.000Z,2026-09-07T22:49:00.000Z,60,BUY,0.3905882352941176,LOSS,-0.000097238255488323,-0.00031723825548832306,0.00022000000000000003,NEW_YORK_OR_ROLLOVER,TREND_UP,1,CLOSED_1M_SOURCE;CAUSAL_ENTRY;HORIZON_EMBARGO;CALIBRATION_FROZEN;STRATEGY_BASELINE
mh-60-USDCHF-1788821280000,987,LOCKED_HOLDOUT,mh-v8,BASELINE,USD/CHF,2026-09-07T22:48:00.000Z,2026-09-07T22:50:00.000Z,60,BUY,0.3905882352941176,LOSS,-0.00004941951222278581,-0.00026941951222278585,0.00022000000000000003,NEW_YORK_OR_ROLLOVER,RANGE,1,CLOSED_1M_SOURCE;CAUSAL_ENTRY;HORIZON_EMBARGO;CALIBRATION_FROZEN;STRATEGY_BASELINE
mh-60-GBPUSD-1788821400000,988,LOCKED_HOLDOUT,mh-v8,BASELINE,GBP/USD,2026-09-07T22:50:00.000Z,2026-09-07T22:52:00.000Z,60,SELL,0.41025641025641024,LOSS,-0.00004057858192027884,-0.00026057858192027886,0.00022000000000000003,NEW_YORK_OR_ROLLOVER,RANGE,1,CLOSED_1M_SOURCE;CAUSAL_ENTRY;HORIZON_EMBARGO;CALIBRATION_FROZEN;STRATEGY_BASELINE
mh-60-EURUSD-1788821460000,989,LOCKED_HOLDOUT,mh-v8,BASELINE,EUR/USD,2026-09-07T22:51:00.000Z,2026-09-07T22:53:00.000Z,60,BUY,0.2916666666666667,DRAW,0,-0.00022000000000000003,0.00022000000000000003,NEW_YORK_OR_ROLLOVER,RANGE,1,CLOSED_1M_SOURCE;CAUSAL_ENTRY;HORIZON_EMBARGO;CALIBRATION_FROZEN;STRATEGY_BASELINE
mh-60-USDCAD-1788821460000,990,LOCKED_HOLDOUT,mh-v8,BASELINE,USD/CAD,2026-09-07T22:51:00.000Z,2026-09-07T22:53:00.000Z,60,SELL,0.41025641025641024,LOSS,-0.00007242330984366579,-0.0002924233098436658,0.00022000000000000003,NEW_YORK_OR_ROLLOVER,RANGE,1,CLOSED_1M_SOURCE;CAUSAL_ENTRY;HORIZON_EMBARGO;CALIBRATION_FROZEN;STRATEGY_BASELINE
mh-60-USDJPY-1788821580000,991,LOCKED_HOLDOUT,mh-v8,BASELINE,USD/JPY,2026-09-07T22:53:00.000Z,2026-09-07T22:55:00.000Z,60,SELL,0.3905882352941176,WIN,0.00010372991185629923,-0.0001162700881437008,0.00022000000000000003,NEW_YORK_OR_ROLLOVER,RANGE,1,CLOSED_1M_SOURCE;CAUSAL_ENTRY;HORIZON_EMBARGO;CALIBRATION_FROZEN;STRATEGY_BASELINE
mh-60-USDCHF-1788821640000,992,LOCKED_HOLDOUT,mh-v8,BASELINE,USD/CHF,2026-09-07T22:54:00.000Z,2026-09-07T22:56:00.000Z,60,SELL,0.41025641025641024,LOSS,-0.00002474872129765206,-0.00024474872129765207,0.00022000000000000003,NEW_YORK_OR_ROLLOVER,RANGE,1,CLOSED_1M_SOURCE;CAUSAL_ENTRY;HORIZON_EMBARGO;CALIBRATION_FROZEN;STRATEGY_BASELINE
mh-60-USDCAD-1788821760000,993,LOCKED_HOLDOUT,mh-v8,BASELINE,USD/CAD,2026-09-07T22:56:00.000Z,2026-09-07T22:58:00.000Z,60,SELL,0.41025641025641024,DRAW,0,-0.00022000000000000003,0.00022000000000000003,NEW_YORK_OR_ROLLOVER,RANGE,1,CLOSED_1M_SOURCE;CAUSAL_ENTRY;HORIZON_EMBARGO;CALIBRATION_FROZEN;STRATEGY_BASELINE
mh-60-GBPUSD-1788821820000,994,LOCKED_HOLDOUT,mh-v8,BASELINE,GBP/USD,2026-09-07T22:57:00.000Z,2026-09-07T22:59:00.000Z,60,SELL,0.2916666666666667,LOSS,-0.000027110700029962606,-0.00024711070002996264,0.00022000000000000003,NEW_YORK_OR_ROLLOVER,RANGE,1,CLOSED_1M_SOURCE;CAUSAL_ENTRY;HORIZON_EMBARGO;CALIBRATION_FROZEN;STRATEGY_BASELINE
mh-60-EURUSD-1788823260000,995,LOCKED_HOLDOUT,mh-v8,BASELINE,EUR/USD,2026-09-07T23:21:00.000Z,2026-09-07T23:23:00.000Z,60,BUY,0.3905882352941176,DRAW,0,-0.00022000000000000003,0.00022000000000000003,ASIA,RANGE,1,CLOSED_1M_SOURCE;CAUSAL_ENTRY;HORIZON_EMBARGO;CALIBRATION_FROZEN;STRATEGY_BASELINE
mh-60-USDCHF-1788823320000,996,LOCKED_HOLDOUT,mh-v8,BASELINE,USD/CHF,2026-09-07T23:22:00.000Z,2026-09-07T23:24:00.000Z,60,SELL,0.2916666666666667,LOSS,-0.000049441506240277024,-0.00026944150624027706,0.00022000000000000003,ASIA,RANGE,1,CLOSED_1M_SOURCE;CAUSAL_ENTRY;HORIZON_EMBARGO;CALIBRATION_FROZEN;STRATEGY_BASELINE
mh-60-USDCAD-1788823440000,997,LOCKED_HOLDOUT,mh-v8,BASELINE,USD/CAD,2026-09-07T23:24:00.000Z,2026-09-07T23:26:00.000Z,60,SELL,0.41025641025641024,LOSS,-0.00025344761265470145,-0.0004734476126547015,0.00022000000000000003,ASIA,RANGE,1,CLOSED_1M_SOURCE;CAUSAL_ENTRY;HORIZON_EMBARGO;CALIBRATION_FROZEN;STRATEGY_BASELINE
mh-60-GBPUSD-1788823500000,998,LOCKED_HOLDOUT,mh-v8,BASELINE,GBP/USD,2026-09-07T23:25:00.000Z,2026-09-07T23:27:00.000Z,60,BUY,0.2916666666666667,WIN,0.00002710482615510121,-0.00019289517384489882,0.00022000000000000003,ASIA,RANGE,1,CLOSED_1M_SOURCE;CAUSAL_ENTRY;HORIZON_EMBARGO;CALIBRATION_FROZEN;STRATEGY_BASELINE
mh-60-USDJPY-1788823500000,999,LOCKED_HOLDOUT,mh-v8,BASELINE,USD/JPY,2026-09-07T23:25:00.000Z,2026-09-07T23:27:00.000Z,60,BUY,0.41025641025641024,LOSS,-0.00044798371170058757,-0.0006679837117005876,0.00022000000000000003,ASIA,RANGE,1,CLOSED_1M_SOURCE;CAUSAL_ENTRY;HORIZON_EMBARGO;CALIBRATION_FROZEN;STRATEGY_BASELINE
mh-60-EURUSD-1788823740000,1000,LOCKED_HOLDOUT,mh-v8,BASELINE,EUR/USD,2026-09-07T23:29:00.000Z,2026-09-07T23:31:00.000Z,60,SELL,0.43209876543209874,LOSS,-0.00011621711447662484,-0.0003362171144766249,0.00022000000000000003,ASIA,RANGE,1,CLOSED_1M_SOURCE;CAUSAL_ENTRY;HORIZON_EMBARGO;CALIBRATION_FROZEN;STRATEGY_BASELINE
